image_idx,patient_id,fold,true_label,true_class,pred_ViT-B16,prob_ViT-B16_c0,prob_ViT-B16_c1,prob_ViT-B16_c2
0,"[[49]
 [48]
 [48]
 [51]
 [54]
 [48]]",2,0,meningioma,0,0.5852081576983134,0.340183029572169,0.07460879534482956
1,"[[49]
 [48]
 [49]
 [48]
 [49]
 [54]]",1,0,meningioma,0,0.7311637997627258,0.266820361216863,0.0020158295519649982
2,"[[49]
 [48]
 [55]
 [52]
 [57]
 [52]]",1,0,meningioma,0,0.7739173769950867,0.0318704079836607,0.1942121833562851
3,"[[49]
 [49]
 [50]
 [54]
 [52]
 [57]]",0,2,pituitary,2,0.0011462589803462226,0.002972199426343044,0.9958815177281698
4,"[[49]
 [49]
 [50]
 [54]
 [52]
 [57]]",0,2,pituitary,2,0.004749219088504712,0.01112979898850123,0.9841210047403971
5,"[[49]
 [49]
 [50]
 [54]
 [52]
 [57]]",0,2,pituitary,2,0.0043307815212756395,0.01970313924054305,0.9759660561879476
6,"[[49]
 [49]
 [50]
 [55]
 [52]
 [54]]",2,2,pituitary,2,0.05436713372667631,0.03520170350869497,0.9104311466217041
7,"[[49]
 [49]
 [50]
 [55]
 [52]
 [54]]",2,2,pituitary,2,0.0063694642546276254,0.009970174636691809,0.9836603403091431
8,"[[49]
 [49]
 [50]
 [55]
 [52]
 [54]]",2,2,pituitary,2,0.006534274434670806,0.0010716408917990823,0.9923940896987915
9,"[[49]
 [49]
 [50]
 [56]
 [52]
 [55]]",4,2,pituitary,2,0.04155321543415388,0.014534569655855497,0.9439122080802917
10,"[[49]
 [49]
 [50]
 [56]
 [52]
 [55]]",4,2,pituitary,2,0.023584685598810513,0.005682941060513258,0.9707323511441549
11,"[[49]
 [49]
 [50]
 [56]
 [52]
 [55]]",4,2,pituitary,2,0.04648991674184799,0.00884551585962375,0.9446645975112915
12,"[[49]
 [49]
 [50]
 [56]
 [52]
 [55]]",4,2,pituitary,2,0.03305275241533915,0.002877268474549055,0.9640699625015259
13,"[[49]
 [48]
 [55]
 [52]
 [57]
 [52]]",1,0,meningioma,0,0.6210668683052063,0.00537198968231678,0.37356115380922955
14,"[[49]
 [49]
 [51]
 [50]
 [55]
 [52]]",4,2,pituitary,2,0.005749548474947612,0.0010167608076396089,0.9932337204615275
15,"[[49]
 [49]
 [51]
 [50]
 [55]
 [52]]",4,2,pituitary,2,0.002966770436614752,0.00010676959451908867,0.9969264467557272
16,"[[49]
 [49]
 [51]
 [50]
 [55]
 [52]]",4,2,pituitary,2,0.0032947437527279058,0.00046359901898540556,0.9962417085965475
17,"[[49]
 [49]
 [51]
 [55]
 [52]
 [49]]",3,2,pituitary,2,0.0014689081775334973,7.804444370170434e-05,0.9984530210494995
18,"[[49]
 [49]
 [51]
 [55]
 [52]
 [49]]",3,2,pituitary,2,0.0016536999610252678,0.0007605596135059992,0.9975857734680176
19,"[[49]
 [49]
 [52]
 [48]
 [52]
 [48]]",1,2,pituitary,2,0.013968968763947487,0.025752903893589973,0.9602780938148499
20,"[[49]
 [49]
 [52]
 [48]
 [52]
 [48]]",1,2,pituitary,2,0.07675983756780624,0.12239041924476624,0.8008496960004171
21,"[[49]
 [49]
 [52]
 [48]
 [52]
 [48]]",1,2,pituitary,2,0.02343629455814759,0.019945707793037098,0.9566180109977722
22,"[[49]
 [49]
 [52]
 [51]
 [54]
 [49]]",1,2,pituitary,2,0.02942204661667347,0.013748390910526117,0.956829567750295
23,"[[49]
 [49]
 [52]
 [51]
 [54]
 [49]]",1,2,pituitary,2,0.07444415738185246,0.11594035476446152,0.8096154729525248
24,"[[49]
 [48]
 [55]
 [52]
 [57]
 [52]]",1,0,meningioma,0,0.5788193742434183,0.06964839001496632,0.3515322705109914
25,"[[49]
 [49]
 [52]
 [51]
 [54]
 [49]]",1,2,pituitary,2,0.02336934705575307,0.026839206616083782,0.9497914711634318
26,"[[49]
 [49]
 [52]
 [48]
 [57]
 [52]]",1,2,pituitary,1,0.013604388572275639,0.9224492311477661,0.0639463799695174
27,"[[49]
 [49]
 [52]
 [48]
 [57]
 [52]]",1,2,pituitary,2,0.031364831452568374,0.0023727830654631057,0.9662624001502991
28,"[[49]
 [49]
 [52]
 [48]
 [57]
 [52]]",1,2,pituitary,2,0.010492960922420025,0.002756043764141699,0.9867510000864664
29,"[[49]
 [49]
 [52]
 [48]
 [57]
 [52]]",1,2,pituitary,2,0.029989999408523243,0.12226768334706624,0.8477423191070557
30,"[[49]
 [48]
 [49]
 [48]
 [49]
 [55]]",2,2,pituitary,2,0.002832455560564995,0.00036201552332689363,0.9968055486679077
31,"[[49]
 [48]
 [49]
 [48]
 [49]
 [55]]",2,2,pituitary,2,0.0015292206856732566,0.00013448673416860402,0.9983362952868143
32,"[[49]
 [48]
 [49]
 [48]
 [49]
 [55]]",2,2,pituitary,2,0.003531267944102486,0.002369485058200856,0.9940992395083109
33,"[[49]
 [48]
 [49]
 [48]
 [49]
 [55]]",2,2,pituitary,2,0.006645008145521085,0.0024799954844638705,0.9908749659856161
34,"[[49]
 [48]
 [49]
 [48]
 [49]
 [55]]",2,2,pituitary,2,0.00827655072013537,0.0006936403224244714,0.9910298387209574
35,"[[49]
 [48]
 [55]
 [52]
 [57]
 [52]]",1,0,meningioma,0,0.47891664505004883,0.21671867867310843,0.3043647011121114
36,"[[49]
 [48]
 [49]
 [48]
 [50]
 [57]]",2,2,pituitary,2,0.05814273407061895,0.002409879428644975,0.9394474029541016
37,"[[49]
 [48]
 [49]
 [48]
 [50]
 [57]]",2,2,pituitary,2,0.3998931547005971,0.0014887993456795812,0.5986180702845255
38,"[[49]
 [48]
 [49]
 [48]
 [50]
 [57]]",2,2,pituitary,0,0.6422423322995504,0.000318873964715749,0.3574387828509013
39,"[[49]
 [48]
 [49]
 [48]
 [50]
 [57]]",2,2,pituitary,0,0.7485236922899882,0.0031786870677024126,0.24829761187235513
40,"[[49]
 [48]
 [53]
 [57]
 [51]
 [54]]",1,2,pituitary,2,0.0007657237583771348,0.0012358792979891102,0.9979983369509379
41,"[[49]
 [48]
 [54]
 [48]
 [54]
 [50]]",2,2,pituitary,2,0.25811128815015155,0.017242605487505596,0.7246460914611816
42,"[[49]
 [48]
 [54]
 [48]
 [54]
 [50]]",2,2,pituitary,2,0.011931632334987322,0.0024836400213340917,0.9855847160021464
43,"[[49]
 [48]
 [54]
 [48]
 [54]
 [50]]",2,2,pituitary,2,0.10802300274372101,0.017349067764977615,0.8746278882026672
44,"[[49]
 [48]
 [54]
 [48]
 [54]
 [50]]",2,2,pituitary,2,0.011885680879155794,0.0015585464425384998,0.986555814743042
45,"[[49]
 [48]
 [54]
 [48]
 [54]
 [50]]",2,2,pituitary,2,0.053269702941179276,0.003415728531156977,0.9433145721753439
46,"[[49]
 [48]
 [56]
 [53]
 [49]
 [52]]",2,0,meningioma,1,0.039074148361881576,0.9607183734575907,0.0002074841468129307
47,"[[49]
 [48]
 [54]
 [48]
 [54]
 [50]]",2,2,pituitary,2,0.09758289406696956,0.008536637605478367,0.8938804467519125
48,"[[49]
 [48]
 [54]
 [48]
 [54]
 [50]]",2,2,pituitary,2,0.02759655813376109,0.0076412490258614225,0.9647622307141622
49,"[[49]
 [48]
 [55]
 [52]
 [57]
 [53]]",3,2,pituitary,2,0.00041036087592753273,9.655434647963072e-05,0.9994930823644003
50,"[[49]
 [48]
 [55]
 [52]
 [57]
 [53]]",3,2,pituitary,2,5.651968907235035e-05,7.80278011613215e-05,0.9998654325803121
51,"[[49]
 [48]
 [55]
 [52]
 [57]
 [53]]",3,2,pituitary,2,0.001487881236243993,0.0004077894942990194,0.9981042941411337
52,"[[49]
 [48]
 [55]
 [52]
 [57]
 [53]]",3,2,pituitary,2,0.0016933358662451308,0.0009734705284548303,0.9973332484563192
53,"[[49]
 [48]
 [55]
 [52]
 [57]
 [53]]",3,2,pituitary,2,0.00478783855214715,0.001062852543933938,0.9941493074099222
54,"[[49]
 [48]
 [55]
 [52]
 [50]
 [57]]",3,2,pituitary,2,0.180976336201032,0.02806217037141323,0.790961484114329
55,"[[49]
 [48]
 [55]
 [52]
 [50]
 [57]]",3,2,pituitary,2,0.19446135063966116,0.006467531279971202,0.7990711331367493
56,"[[49]
 [48]
 [55]
 [52]
 [50]
 [57]]",3,2,pituitary,2,0.10981741547584534,0.008417750243097544,0.881764809290568
57,"[[49]
 [48]
 [56]
 [53]
 [49]
 [52]]",2,0,meningioma,1,0.4984714984893799,0.5013574858506521,0.00017099225078709424
58,"[[49]
 [48]
 [55]
 [52]
 [50]
 [57]]",3,2,pituitary,0,0.5887565712134043,0.016783682629466057,0.3944597641626994
59,"[[49]
 [48]
 [55]
 [52]
 [50]
 [57]]",3,2,pituitary,2,0.05152388041218122,0.0015986519089589517,0.9468774596850077
60,"[[49]
 [48]
 [55]
 [52]
 [50]
 [57]]",3,2,pituitary,2,0.032718706876039505,0.002000012124578158,0.9652812679608663
61,"[[49]
 [48]
 [55]
 [52]
 [50]
 [57]]",3,2,pituitary,2,0.046364190677801766,0.012154845520853996,0.9414809544881185
62,"[[49]
 [48]
 [55]
 [53]
 [48]
 [53]]",2,2,pituitary,2,0.01099067647010088,0.005750199469427268,0.9832591017087301
63,"[[49]
 [48]
 [55]
 [53]
 [48]
 [53]]",2,2,pituitary,2,0.008435774439324936,0.007308462945123513,0.9842557509740194
64,"[[49]
 [48]
 [55]
 [53]
 [48]
 [53]]",2,2,pituitary,2,0.16351071993509927,0.024342793971300125,0.8121464649836222
65,"[[49]
 [48]
 [55]
 [53]
 [48]
 [53]]",2,2,pituitary,2,0.053139831870794296,0.06433223684628804,0.8825279275576273
66,"[[49]
 [48]
 [55]
 [53]
 [48]
 [53]]",2,2,pituitary,1,0.19892253975073496,0.6787986159324646,0.12227882941563924
67,"[[49]
 [48]
 [55]
 [55]
 [52]
 [51]]",2,2,pituitary,2,0.0026235415134578943,0.002883235070233544,0.9944931864738464
68,"[[49]
 [48]
 [56]
 [53]
 [49]
 [52]]",2,0,meningioma,1,0.3296152800321579,0.6703104575475057,7.426515488380876e-05
69,"[[49]
 [48]
 [55]
 [55]
 [52]
 [51]]",2,2,pituitary,2,0.004808685276657343,0.002100439586987098,0.9930909077326456
70,"[[49]
 [48]
 [55]
 [55]
 [52]
 [51]]",2,2,pituitary,2,0.004474677223091324,0.0007271726499311626,0.9947981635729471
71,"[[49]
 [48]
 [55]
 [55]
 [52]
 [51]]",2,2,pituitary,2,0.19248651961485544,0.02408417873084545,0.7834293047587076
72,"[[49]
 [48]
 [55]
 [55]
 [52]
 [51]]",2,2,pituitary,2,0.011219761334359646,0.00515700550749898,0.9836232463518778
73,"[[49]
 [48]
 [55]
 [55]
 [52]
 [51]]",2,2,pituitary,2,0.04252542182803154,0.008862505046029886,0.9486120144526163
74,"[[49]
 [48]
 [56]
 [56]
 [53]
 [56]]",2,2,pituitary,2,0.04239436611533165,0.138475202023983,0.8191304206848145
75,"[[49]
 [48]
 [56]
 [56]
 [53]
 [56]]",2,2,pituitary,2,0.04782135412096977,0.05328617493311564,0.8988924821217855
76,"[[49]
 [48]
 [56]
 [56]
 [53]
 [56]]",2,2,pituitary,2,0.10168234507242839,0.052829151352246605,0.8454885085423788
77,"[[49]
 [48]
 [56]
 [56]
 [53]
 [56]]",2,2,pituitary,2,0.1197141706943512,0.18146473169326782,0.6988210678100586
78,"[[49]
 [48]
 [56]
 [56]
 [53]
 [56]]",2,2,pituitary,2,0.11564775307973225,0.1393996775150299,0.7449525594711304
79,"[[49]
 [48]
 [56]
 [53]
 [49]
 [52]]",2,0,meningioma,0,0.7132160862286886,0.2866511245568593,0.00013277869826803604
80,"[[49]
 [48]
 [56]
 [57]
 [51]
 [49]]",4,2,pituitary,2,0.003347627663364013,0.001206968891589592,0.9954454104105631
81,"[[49]
 [48]
 [56]
 [57]
 [51]
 [49]]",4,2,pituitary,2,0.0034530352956304946,0.0010762248227062325,0.9954707423845927
82,"[[49]
 [48]
 [56]
 [57]
 [51]
 [49]]",4,2,pituitary,2,0.0070405889612933,0.00217326272589465,0.9907861153284708
83,"[[49]
 [48]
 [56]
 [57]
 [51]
 [49]]",4,2,pituitary,2,0.008488150779157877,0.0029028799229611955,0.9886089762051901
84,"[[49]
 [48]
 [56]
 [57]
 [51]
 [49]]",4,2,pituitary,2,0.003967006613189976,0.0011406068224459887,0.9948923389116923
85,"[[49]
 [48]
 [56]
 [57]
 [51]
 [49]]",4,2,pituitary,2,0.0027708982039863863,0.00031498227811728913,0.9969141483306885
86,"[[49]
 [48]
 [56]
 [57]
 [51]
 [49]]",4,2,pituitary,2,0.0032458504817138114,0.0006816269597038627,0.996072510878245
87,"[[49]
 [48]
 [57]
 [52]
 [55]
 [49]]",0,2,pituitary,2,0.03486248788734277,0.01221350689108173,0.9529239932696024
88,"[[49]
 [48]
 [57]
 [52]
 [55]
 [49]]",0,2,pituitary,2,0.004788361489772797,0.0027561163684974113,0.99245552221934
89,"[[49]
 [48]
 [57]
 [52]
 [55]
 [49]]",0,2,pituitary,2,0.01050361804664135,0.00656725528339545,0.9829290906588236
90,"[[49]
 [48]
 [56]
 [53]
 [49]
 [52]]",2,0,meningioma,0,0.9448796113332113,0.05500870198011398,0.00011168070583759497
91,"[[49]
 [48]
 [57]
 [52]
 [55]
 [49]]",0,2,pituitary,2,0.0022911549312993884,0.0012422370491549373,0.9964666366577148
92,"[[49]
 [48]
 [57]
 [52]
 [55]
 [49]]",0,2,pituitary,2,0.0018510158406570554,0.001113897228303055,0.9970351060231527
93,"[[49]
 [48]
 [57]
 [52]
 [55]
 [49]]",0,2,pituitary,2,0.0011733804713003337,0.0020172048825770617,0.9968094229698181
94,"[[49]
 [48]
 [57]
 [55]
 [54]
 [57]]",3,2,pituitary,2,0.0025231773033738136,0.0007030784036032856,0.9967737197875977
95,"[[49]
 [48]
 [57]
 [55]
 [54]
 [57]]",3,2,pituitary,2,0.008865433434645334,0.001682866442327698,0.9894517064094543
96,"[[49]
 [48]
 [57]
 [55]
 [54]
 [57]]",3,2,pituitary,2,0.017181290313601494,0.009740202066799005,0.9730785687764486
97,"[[49]
 [48]
 [57]
 [55]
 [54]
 [57]]",3,2,pituitary,2,0.011568616610020399,0.0013753449505505462,0.9870559374491373
98,"[[49]
 [48]
 [57]
 [55]
 [54]
 [57]]",3,2,pituitary,2,0.02402656525373459,0.003470988478511572,0.9725024302800497
99,"[[49]
 [48]
 [57]
 [56]
 [57]
 [56]]",1,2,pituitary,2,0.011438034940510988,0.0010045850843501587,0.9875572721163431
100,"[[49]
 [48]
 [57]
 [56]
 [57]
 [56]]",1,2,pituitary,2,0.004954470166315635,0.000895077808915327,0.9941504796346029
101,"[[49]
 [48]
 [56]
 [53]
 [49]
 [52]]",2,0,meningioma,0,0.8839025497436523,0.11597764740387599,0.00011973289413920914
102,"[[49]
 [48]
 [57]
 [56]
 [57]
 [56]]",1,2,pituitary,2,0.05406501516699791,0.005621963335822026,0.9403129816055298
103,"[[49]
 [48]
 [57]
 [56]
 [57]
 [56]]",1,2,pituitary,2,0.06687106688817342,0.008534839532027641,0.9245940645535787
104,"[[49]
 [48]
 [57]
 [56]
 [57]
 [56]]",1,2,pituitary,2,0.19531320532162985,0.029602083067099254,0.7750847736994425
105,"[[49]
 [48]
 [57]
 [56]
 [57]
 [56]]",1,2,pituitary,2,0.13946503152449927,0.009484142685929934,0.8510508338610331
106,"[[49]
 [49]
 [48]
 [53]
 [49]
 [56]]",4,2,pituitary,2,0.0363171324133873,0.013223907599846521,0.9504589438438416
107,"[[49]
 [49]
 [48]
 [53]
 [49]
 [56]]",4,2,pituitary,2,0.015162246612211069,0.0029801666581382356,0.9818575978279114
108,"[[49]
 [49]
 [48]
 [53]
 [49]
 [56]]",4,2,pituitary,2,0.019166247298320133,0.001982679512972633,0.9788511196772257
109,"[[49]
 [49]
 [48]
 [53]
 [49]
 [56]]",4,2,pituitary,2,0.01232257237037023,0.0009946929252085586,0.9866827130317688
110,"[[49]
 [49]
 [48]
 [53]
 [49]
 [56]]",4,2,pituitary,2,0.018268900612990063,0.0026290458627045155,0.9791020353635153
111,"[[49]
 [49]
 [48]
 [53]
 [49]
 [56]]",4,2,pituitary,2,0.00990716383482019,0.0008620458247605711,0.9892308115959167
112,"[[49]
 [48]
 [49]
 [48]
 [49]
 [54]]",1,0,meningioma,0,0.8807271321614584,0.0965435653924942,0.022729269539316494
113,"[[49]
 [48]
 [56]
 [53]
 [49]
 [52]]",2,0,meningioma,0,0.6621200442314148,0.33707762757937115,0.0008023147432443997
114,"[[49]
 [49]
 [48]
 [53]
 [51]
 [55]]",0,2,pituitary,2,0.0006311438628472388,0.0014261158260827262,0.9979427655537924
115,"[[49]
 [49]
 [48]
 [53]
 [51]
 [55]]",0,2,pituitary,2,0.0014248454244807363,0.001373281159127752,0.9972018599510193
116,"[[49]
 [49]
 [48]
 [53]
 [51]
 [55]]",0,2,pituitary,2,0.0023679897421970963,0.0013956857728771865,0.9962363044420878
117,"[[49]
 [49]
 [48]
 [53]
 [51]
 [55]]",0,2,pituitary,2,0.01875694841146469,0.005351651615152757,0.9758914113044739
118,"[[49]
 [49]
 [48]
 [53]
 [51]
 [55]]",0,2,pituitary,2,0.01467721009006103,0.020831243755916756,0.9644915461540222
119,"[[49]
 [49]
 [48]
 [53]
 [51]
 [55]]",0,2,pituitary,2,0.0563053327302138,0.06767759968837102,0.8760170737902323
120,"[[49]
 [49]
 [48]
 [53]
 [51]
 [55]]",0,2,pituitary,2,0.33157630761464435,0.1546662151813507,0.5137574772040049
121,"[[49]
 [49]
 [48]
 [57]
 [57]
 [51]]",1,2,pituitary,2,0.0022814432935168347,0.0013710995359967153,0.9963474671045939
122,"[[49]
 [49]
 [48]
 [57]
 [57]
 [51]]",1,2,pituitary,2,0.003189204648757974,0.001020352200915416,0.995790441830953
123,"[[49]
 [49]
 [48]
 [57]
 [57]
 [51]]",1,2,pituitary,2,0.005599029206981261,0.0015306754891450207,0.9928703308105469
124,"[[49]
 [48]
 [56]
 [53]
 [53]
 [48]]",0,0,meningioma,0,0.7711827953656515,0.047711062555511795,0.18110614021619162
125,"[[49]
 [49]
 [48]
 [57]
 [57]
 [51]]",1,2,pituitary,2,0.005594182759523392,0.002941237840180596,0.9914645552635193
126,"[[49]
 [49]
 [48]
 [57]
 [57]
 [51]]",1,2,pituitary,2,0.0043152321595698595,0.004818612399200599,0.9908661444981893
127,"[[49]
 [49]
 [49]
 [48]
 [55]
 [53]]",0,2,pituitary,2,0.0006566355004906654,0.0009771101564789812,0.9983662565549215
128,"[[49]
 [49]
 [49]
 [48]
 [55]
 [53]]",0,2,pituitary,2,0.0018896570739646752,0.0036060361502071223,0.9945042928059896
129,"[[49]
 [49]
 [49]
 [48]
 [55]
 [53]]",0,2,pituitary,2,0.01486770777652661,0.037525326013565063,0.9476069410641988
130,"[[49]
 [49]
 [49]
 [48]
 [55]
 [53]]",0,2,pituitary,2,0.0036978990149994693,0.009424313281973204,0.9868777592976888
131,"[[49]
 [49]
 [49]
 [48]
 [55]
 [53]]",0,2,pituitary,2,0.010414166375994682,0.03255257879694303,0.9570332964261373
132,"[[49]
 [49]
 [49]
 [48]
 [55]
 [53]]",0,2,pituitary,2,0.0043811573802183075,0.010144372470676899,0.9854744672775269
133,"[[49]
 [49]
 [49]
 [49]
 [50]
 [53]]",3,2,pituitary,2,0.006606079638004303,0.002819837536662817,0.9905741214752197
134,"[[49]
 [49]
 [49]
 [49]
 [50]
 [53]]",3,2,pituitary,2,0.0020023574276516833,0.0004839877365157008,0.9975136518478394
135,"[[49]
 [48]
 [56]
 [53]
 [53]
 [48]]",0,0,meningioma,2,0.057468572010596596,0.0012181030178908259,0.9413133462270101
136,"[[49]
 [49]
 [49]
 [49]
 [50]
 [53]]",3,2,pituitary,2,0.0017359496171896656,0.00047260439411426586,0.9977914690971375
137,"[[49]
 [49]
 [49]
 [49]
 [50]
 [53]]",3,2,pituitary,2,0.0009882104156228404,7.144379196688533e-05,0.9989403486251831
138,"[[49]
 [49]
 [49]
 [49]
 [50]
 [53]]",3,2,pituitary,2,0.003219573525711894,0.00011550908432885383,0.9966649214426676
139,"[[49]
 [49]
 [49]
 [49]
 [50]
 [53]]",3,2,pituitary,2,0.022459929808974266,0.009894547673563162,0.9676454861958822
140,"[[49]
 [49]
 [49]
 [55]
 [56]
 [53]]",0,2,pituitary,2,0.022203015784422558,0.10177165518204372,0.8760253190994263
141,"[[49]
 [49]
 [49]
 [55]
 [56]
 [53]]",0,2,pituitary,2,0.008464259405930838,0.010536359157413244,0.9809993704160055
142,"[[49]
 [49]
 [49]
 [55]
 [56]
 [53]]",0,2,pituitary,2,0.0047190189361572266,0.005502510893469055,0.9897784988085429
143,"[[49]
 [49]
 [49]
 [55]
 [56]
 [53]]",0,2,pituitary,2,0.005251939253260692,0.03829601282874743,0.9564520319302877
144,"[[49]
 [49]
 [49]
 [55]
 [56]
 [53]]",0,2,pituitary,2,0.0024426454911008477,0.007394947266827027,0.9901623924573263
145,"[[49]
 [49]
 [50]
 [48]
 [55]
 [52]]",2,2,pituitary,0,0.7054311037063599,0.26541171967983246,0.029157138740022976
146,"[[49]
 [48]
 [56]
 [53]
 [57]
 [48]]",1,0,meningioma,0,0.9709818760553995,0.020454963358740013,0.00856314607275029
147,"[[49]
 [49]
 [50]
 [48]
 [55]
 [52]]",2,2,pituitary,0,0.6590484778086344,0.1486049766341845,0.19234655300776163
148,"[[49]
 [49]
 [50]
 [48]
 [55]
 [52]]",2,2,pituitary,0,0.549096554517746,0.1179790770014127,0.33292434612909955
149,"[[49]
 [49]
 [50]
 [48]
 [55]
 [52]]",2,2,pituitary,0,0.5134922464688619,0.22087252140045166,0.2656352072954178
150,"[[49]
 [49]
 [50]
 [48]
 [55]
 [52]]",2,2,pituitary,2,0.16426768402258554,0.393592635790507,0.4421396851539612
151,"[[49]
 [49]
 [50]
 [54]
 [52]
 [57]]",0,2,pituitary,2,0.0009097669390030205,0.0010568189512317379,0.9980334440867106
152,"[[49]
 [49]
 [50]
 [54]
 [52]
 [57]]",0,2,pituitary,2,0.019082033385833103,0.03140918227533499,0.949508786201477
153,"[[49]
 [49]
 [50]
 [54]
 [52]
 [57]]",0,2,pituitary,2,0.001070295615742604,0.00805655416722099,0.990873118241628
154,"[[49]
 [49]
 [50]
 [54]
 [52]
 [57]]",0,2,pituitary,2,0.008722390048205853,0.03873791545629501,0.9525397022565206
155,"[[49]
 [49]
 [50]
 [54]
 [52]
 [57]]",0,2,pituitary,2,0.0013719879207201302,0.01189289086808761,0.9867351055145264
156,"[[49]
 [49]
 [50]
 [54]
 [52]
 [57]]",0,2,pituitary,2,0.007401004899293184,0.028357320775588352,0.964241623878479
157,"[[49]
 [48]
 [56]
 [53]
 [57]
 [48]]",1,0,meningioma,0,0.9734034339586893,0.025841108833750088,0.0007554737288349619
158,"[[49]
 [49]
 [50]
 [55]
 [52]
 [54]]",2,2,pituitary,2,0.00837007878969113,0.003510011127218604,0.9881199598312378
159,"[[49]
 [49]
 [50]
 [55]
 [52]
 [54]]",2,2,pituitary,2,0.00990846628944079,0.002152333230090638,0.9879391590754191
160,"[[49]
 [49]
 [50]
 [55]
 [52]
 [54]]",2,2,pituitary,2,0.010856196749955416,0.0014575889023641746,0.9876862366994222
161,"[[49]
 [49]
 [50]
 [55]
 [52]
 [54]]",2,2,pituitary,2,0.021431497608621914,0.0038923912215977907,0.9746760924657186
162,"[[49]
 [49]
 [50]
 [56]
 [52]
 [55]]",4,2,pituitary,2,0.004756091861054301,0.0009127383236773312,0.9943311810493469
163,"[[49]
 [49]
 [50]
 [56]
 [52]
 [55]]",4,2,pituitary,2,0.005480374054362376,0.0006757777494688829,0.9938438137372335
164,"[[49]
 [49]
 [50]
 [56]
 [52]
 [55]]",4,2,pituitary,2,0.0027671261535336575,0.0005391294544097036,0.996693750222524
165,"[[49]
 [49]
 [50]
 [56]
 [52]
 [55]]",4,2,pituitary,2,0.002603529797246059,0.0005563613667618483,0.9968401193618774
166,"[[49]
 [49]
 [51]
 [50]
 [55]
 [52]]",4,2,pituitary,2,0.0017118787315363686,0.003300984545300404,0.9949871102968851
167,"[[49]
 [49]
 [51]
 [50]
 [55]
 [52]]",4,2,pituitary,2,0.002127623224320511,0.009623519455393156,0.988248864809672
168,"[[49]
 [48]
 [56]
 [57]
 [52]
 [53]]",3,0,meningioma,0,0.9502177437146505,0.040698517113924026,0.009083748950312534
169,"[[49]
 [49]
 [51]
 [50]
 [55]
 [52]]",4,2,pituitary,2,0.0025653340465699634,0.0038609361896912255,0.9935737450917562
170,"[[49]
 [49]
 [51]
 [55]
 [52]
 [49]]",3,2,pituitary,2,0.002004646540929874,0.0007194962139086177,0.9972758889198303
171,"[[49]
 [49]
 [51]
 [55]
 [52]
 [49]]",3,2,pituitary,2,0.005795196785281102,0.0008062881922038893,0.9933985074361166
172,"[[49]
 [49]
 [51]
 [55]
 [52]
 [49]]",3,2,pituitary,2,0.003128363207603494,0.0025404898915439844,0.9943311214447021
173,"[[49]
 [49]
 [52]
 [48]
 [52]
 [48]]",1,2,pituitary,2,0.036879684776067734,0.002156702568754554,0.9609635869661967
174,"[[49]
 [49]
 [52]
 [48]
 [52]
 [48]]",1,2,pituitary,2,0.04933007930715879,0.01210936407248179,0.9385605454444885
175,"[[49]
 [49]
 [52]
 [48]
 [52]
 [48]]",1,2,pituitary,2,0.29786552488803864,0.043483362843592964,0.6586510936419169
176,"[[49]
 [49]
 [52]
 [51]
 [54]
 [49]]",1,2,pituitary,2,0.009555527785172066,0.0064779422245919704,0.9839665095011393
177,"[[49]
 [49]
 [52]
 [51]
 [54]
 [49]]",1,2,pituitary,2,0.053359080106019974,0.008896009375651678,0.9377448956171671
178,"[[49]
 [49]
 [52]
 [51]
 [54]
 [49]]",1,2,pituitary,2,0.07507739712794621,0.011650354291001955,0.9132722218831381
179,"[[49]
 [48]
 [56]
 [57]
 [52]
 [53]]",3,0,meningioma,0,0.9687726696332296,0.030811253935098648,0.0004161068839797129
180,"[[49]
 [49]
 [52]
 [51]
 [54]
 [49]]",1,2,pituitary,2,0.12886310368776321,0.04278181865811348,0.828355073928833
181,"[[49]
 [49]
 [52]
 [48]
 [57]
 [52]]",1,2,pituitary,2,0.03772495500743389,0.006440688235064347,0.9558343092600504
182,"[[49]
 [49]
 [52]
 [48]
 [57]
 [52]]",1,2,pituitary,2,0.026153105000654858,0.003467279253527522,0.9703795909881592
183,"[[49]
 [49]
 [52]
 [48]
 [57]
 [52]]",1,2,pituitary,2,0.009575752851863703,0.0020516932321091494,0.9883725245793661
184,"[[49]
 [49]
 [52]
 [48]
 [57]
 [52]]",1,2,pituitary,2,0.00789542713512977,0.0019142148084938526,0.9901903669039408
185,"[[49]
 [49]
 [52]
 [48]
 [57]
 [52]]",1,2,pituitary,2,0.01036424251894156,0.004691252795358499,0.9849445422490438
186,"[[49]
 [48]
 [53]
 [57]
 [51]
 [54]]",1,2,pituitary,2,0.001479705252374212,0.00384085012289385,0.9946794311205546
187,"[[49]
 [48]
 [53]
 [57]
 [51]
 [54]]",1,2,pituitary,2,0.0014444796446089943,0.002741202168787519,0.9958143432935079
188,"[[49]
 [48]
 [53]
 [57]
 [51]
 [54]]",1,2,pituitary,2,0.0008852638420648873,0.0007932062726467848,0.9983215729395548
189,"[[49]
 [48]
 [54]
 [48]
 [54]
 [50]]",2,2,pituitary,2,0.0074644130654633045,0.0031152523200338087,0.9894203941027323
190,"[[49]
 [48]
 [56]
 [57]
 [52]
 [53]]",3,0,meningioma,0,0.9374210635821024,0.06240636979540189,0.0001725404338988786
191,"[[49]
 [48]
 [54]
 [48]
 [54]
 [50]]",2,2,pituitary,2,0.004281970827529828,0.00288807173880438,0.992829958597819
192,"[[49]
 [48]
 [54]
 [48]
 [54]
 [50]]",2,2,pituitary,2,0.008030394868304333,0.002038206517075499,0.9899313847223917
193,"[[49]
 [48]
 [54]
 [48]
 [54]
 [50]]",2,2,pituitary,2,0.09691070516904195,0.03621347683171431,0.8668758273124695
194,"[[49]
 [48]
 [54]
 [48]
 [54]
 [50]]",2,2,pituitary,2,0.007407438941299915,0.0009568350506015122,0.9916357398033142
195,"[[49]
 [48]
 [54]
 [48]
 [54]
 [50]]",2,2,pituitary,2,0.003676086198538542,0.0007014969984690348,0.9956224163373312
196,"[[49]
 [48]
 [54]
 [48]
 [54]
 [50]]",2,2,pituitary,2,0.011958590708673,0.008756978126863638,0.9792844653129578
197,"[[49]
 [48]
 [55]
 [52]
 [57]
 [53]]",3,2,pituitary,2,0.015407857485115528,0.12203466892242432,0.8625574509302775
198,"[[49]
 [48]
 [55]
 [52]
 [57]
 [53]]",3,2,pituitary,2,0.008223118881384531,0.005053301652272542,0.9867236018180847
199,"[[49]
 [48]
 [55]
 [52]
 [57]
 [53]]",3,2,pituitary,2,0.007286293742557366,0.06549298763275146,0.9272206823031107
200,"[[49]
 [48]
 [55]
 [52]
 [57]
 [53]]",3,2,pituitary,2,0.000875966982372726,0.017418505313495796,0.9817055463790894
201,"[[49]
 [48]
 [56]
 [57]
 [52]
 [53]]",3,0,meningioma,0,0.9927869041760763,0.007052206667140126,0.00016088869718563123
202,"[[49]
 [48]
 [55]
 [52]
 [57]
 [53]]",3,2,pituitary,2,0.0016337150009348989,0.0017120556052153308,0.996654232343038
203,"[[49]
 [48]
 [55]
 [52]
 [57]
 [53]]",3,2,pituitary,2,0.002340256158883373,0.00863216444849968,0.9890275597572327
204,"[[49]
 [48]
 [55]
 [52]
 [50]
 [57]]",3,2,pituitary,2,0.019141526892781258,0.0019591139474262795,0.9788993994394938
205,"[[49]
 [48]
 [55]
 [52]
 [50]
 [57]]",3,2,pituitary,2,0.0751990204056104,0.005584126648803552,0.9192168513933817
206,"[[49]
 [48]
 [55]
 [52]
 [50]
 [57]]",3,2,pituitary,2,0.021698396652936935,0.0031736865639686584,0.9751278956731161
207,"[[49]
 [48]
 [55]
 [52]
 [50]
 [57]]",3,2,pituitary,2,0.07890494167804718,0.006224444679295023,0.9148705999056498
208,"[[49]
 [48]
 [55]
 [52]
 [50]
 [57]]",3,2,pituitary,2,0.2015498528877894,0.007225219315538804,0.7912249565124512
209,"[[49]
 [48]
 [55]
 [52]
 [50]
 [57]]",3,2,pituitary,2,0.3300119638442993,0.0058302686860164,0.6641577482223511
210,"[[49]
 [48]
 [55]
 [52]
 [50]
 [57]]",3,2,pituitary,2,0.08079451570908229,0.005103858343015115,0.9141016403834025
211,"[[49]
 [48]
 [55]
 [53]
 [48]
 [53]]",2,2,pituitary,2,0.007524917678286632,0.007082055322825909,0.9853930473327637
212,"[[49]
 [48]
 [57]
 [52]
 [49]
 [49]]",2,0,meningioma,0,0.794064482053121,0.1361893117427826,0.06974618881940842
213,"[[49]
 [48]
 [55]
 [53]
 [48]
 [53]]",2,2,pituitary,2,0.003279678290709853,0.000801749217013518,0.9959185520807902
214,"[[49]
 [48]
 [55]
 [53]
 [48]
 [53]]",2,2,pituitary,2,0.008387345199783644,0.02818590837220351,0.9634266893068949
215,"[[49]
 [48]
 [55]
 [53]
 [48]
 [53]]",2,2,pituitary,2,0.004499836281562845,0.0020390800200402737,0.993461032708486
216,"[[49]
 [48]
 [55]
 [53]
 [48]
 [53]]",2,2,pituitary,2,0.007624053085843722,0.001679819329486539,0.99069611231486
217,"[[49]
 [48]
 [55]
 [55]
 [52]
 [51]]",2,2,pituitary,2,0.0016305948180767398,0.0007261606806423515,0.9976432919502258
218,"[[49]
 [48]
 [55]
 [55]
 [52]
 [51]]",2,2,pituitary,2,0.001960988350523015,0.002488854768065115,0.9955501755078634
219,"[[49]
 [48]
 [55]
 [55]
 [52]
 [51]]",2,2,pituitary,2,0.0025315740689014397,0.0005194014229346067,0.9969490170478821
220,"[[49]
 [48]
 [55]
 [55]
 [52]
 [51]]",2,2,pituitary,2,0.019075814945002396,0.007284143473953009,0.9736400246620178
221,"[[49]
 [48]
 [56]
 [56]
 [53]
 [56]]",2,2,pituitary,2,0.013713345552484194,0.003033071057870984,0.9832536180814108
222,"[[49]
 [48]
 [56]
 [56]
 [53]
 [56]]",2,2,pituitary,2,0.006254126162578662,0.0012276876368559897,0.9925181865692139
223,"[[49]
 [48]
 [49]
 [48]
 [49]
 [54]]",1,0,meningioma,0,0.9795272946357727,0.018469315643111866,0.002003336907364428
224,"[[49]
 [48]
 [57]
 [57]
 [54]
 [56]]",2,0,meningioma,0,0.5888678530852,0.3882604589064916,0.022871685524781544
225,"[[49]
 [48]
 [56]
 [56]
 [53]
 [56]]",2,2,pituitary,2,0.0010768241481855512,0.0013415976621521015,0.9975816011428833
226,"[[49]
 [48]
 [56]
 [56]
 [53]
 [56]]",2,2,pituitary,2,0.004219253547489643,0.0023936031696697078,0.9933871626853943
227,"[[49]
 [48]
 [56]
 [56]
 [53]
 [56]]",2,2,pituitary,2,0.01851631235331297,0.011959808257718882,0.9695238868395487
228,"[[49]
 [48]
 [56]
 [57]
 [51]
 [49]]",4,2,pituitary,2,0.0007965911160378406,0.0010660617263056338,0.9981374144554138
229,"[[49]
 [48]
 [56]
 [57]
 [51]
 [49]]",4,2,pituitary,2,0.0005890382550812016,0.0006136450780710826,0.9987973173459371
230,"[[49]
 [48]
 [56]
 [57]
 [51]
 [49]]",4,2,pituitary,2,0.0006784529250580817,0.0008537156390957534,0.9984678427378336
231,"[[49]
 [48]
 [56]
 [57]
 [51]
 [49]]",4,2,pituitary,2,0.0008509367859611908,0.00048158315864081186,0.9986674785614014
232,"[[49]
 [48]
 [56]
 [57]
 [51]
 [49]]",4,2,pituitary,2,0.0011426023944901924,0.0011836136885297794,0.9976738095283508
233,"[[49]
 [48]
 [57]
 [52]
 [55]
 [49]]",0,2,pituitary,2,0.016213933005928993,0.009039103984832764,0.9747469623883566
234,"[[49]
 [48]
 [57]
 [52]
 [55]
 [49]]",0,2,pituitary,2,0.002111232296253244,0.0019143028960873683,0.9959744413693746
235,"[[49]
 [48]
 [57]
 [57]
 [54]
 [56]]",2,0,meningioma,0,0.8315961360931396,0.16801941643158594,0.00038444554957095534
236,"[[49]
 [48]
 [57]
 [52]
 [55]
 [49]]",0,2,pituitary,2,0.01734294028331836,0.0029084728254626193,0.9797486265500387
237,"[[49]
 [48]
 [57]
 [52]
 [55]
 [49]]",0,2,pituitary,2,0.0052608223631978035,0.003284000869219502,0.9914551973342896
238,"[[49]
 [48]
 [57]
 [52]
 [55]
 [49]]",0,2,pituitary,2,0.0026348786583791175,0.0032312843638161817,0.9941338300704956
239,"[[49]
 [48]
 [57]
 [52]
 [55]
 [49]]",0,2,pituitary,2,0.03435071185231209,0.0027078690084939203,0.9629414081573486
240,"[[49]
 [48]
 [57]
 [55]
 [54]
 [57]]",3,2,pituitary,2,0.004065884122004111,0.002195369879094263,0.9937387307484945
241,"[[49]
 [48]
 [57]
 [55]
 [54]
 [57]]",3,2,pituitary,2,0.004075665803005298,0.0014358781045302749,0.9944884379704794
242,"[[49]
 [48]
 [57]
 [55]
 [54]
 [57]]",3,2,pituitary,2,0.0015994821248265605,0.0009611589775886387,0.9974393248558044
243,"[[49]
 [48]
 [57]
 [55]
 [54]
 [57]]",3,2,pituitary,2,0.010096652122835318,0.004122391731167833,0.9857809742291769
244,"[[49]
 [48]
 [57]
 [55]
 [54]
 [57]]",3,2,pituitary,2,0.025876276195049286,0.015319861471652985,0.9588038722674052
245,"[[49]
 [48]
 [57]
 [56]
 [57]
 [56]]",1,2,pituitary,2,0.03237196306387583,0.007774688148250182,0.9598533709843954
246,"[[49]
 [48]
 [57]
 [57]
 [54]
 [56]]",2,0,meningioma,0,0.9801456530888876,0.01798590800414483,0.0018684279251222808
247,"[[49]
 [48]
 [57]
 [56]
 [57]
 [56]]",1,2,pituitary,2,0.2397125909725825,0.11442616333564122,0.6458612084388733
248,"[[49]
 [48]
 [57]
 [56]
 [57]
 [56]]",1,2,pituitary,2,0.06864571571350098,0.2361588031053543,0.695195476214091
249,"[[49]
 [49]
 [48]
 [53]
 [49]
 [56]]",4,2,pituitary,2,0.04462710271279017,0.006006065135200818,0.9493667880694071
250,"[[49]
 [49]
 [48]
 [53]
 [49]
 [56]]",4,2,pituitary,2,0.05730716263254484,0.024072948843240738,0.9186198512713114
251,"[[49]
 [49]
 [48]
 [53]
 [49]
 [56]]",4,2,pituitary,2,0.09322252124547958,0.05644906436403593,0.8503283858299255
252,"[[49]
 [49]
 [48]
 [53]
 [49]
 [56]]",4,2,pituitary,2,0.019526036456227303,0.005897817201912403,0.9745760957400004
253,"[[49]
 [49]
 [48]
 [53]
 [51]
 [55]]",0,2,pituitary,2,0.01132521079853177,0.002010882288838426,0.9866639375686646
254,"[[49]
 [49]
 [48]
 [53]
 [51]
 [55]]",0,2,pituitary,2,0.0417207566400369,0.010754276067018509,0.9475249449412028
255,"[[49]
 [49]
 [48]
 [53]
 [51]
 [55]]",0,2,pituitary,2,0.0469714750846227,0.013642089441418648,0.9393864472707113
256,"[[49]
 [49]
 [48]
 [53]
 [51]
 [55]]",0,2,pituitary,2,0.014257877754668394,0.005279314238578081,0.9804628292719523
257,"[[49]
 [48]
 [57]
 [57]
 [54]
 [56]]",2,0,meningioma,0,0.9596503178278605,0.005524327202389638,0.034825307627518974
258,"[[49]
 [49]
 [48]
 [57]
 [57]
 [51]]",1,2,pituitary,2,0.01567826761553685,0.0015572791065399845,0.9827645023663839
259,"[[49]
 [49]
 [48]
 [57]
 [57]
 [51]]",1,2,pituitary,2,0.006132323605318864,0.002404982107691467,0.9914626677831014
260,"[[49]
 [49]
 [48]
 [57]
 [57]
 [51]]",1,2,pituitary,2,0.0014492604338253539,0.00036110594131362933,0.9981896877288818
261,"[[49]
 [49]
 [49]
 [48]
 [55]
 [53]]",0,2,pituitary,2,0.012988790248831114,0.016364337876439095,0.970646858215332
262,"[[49]
 [49]
 [49]
 [48]
 [55]
 [53]]",0,2,pituitary,2,0.014364310540258884,0.0047182864509522915,0.9809174140294393
263,"[[49]
 [49]
 [49]
 [48]
 [55]
 [53]]",0,2,pituitary,2,0.006613067351281643,0.0038845518914361796,0.9895023703575134
264,"[[49]
 [49]
 [49]
 [48]
 [55]
 [53]]",0,2,pituitary,2,0.005765637227644523,0.006232250016182661,0.9880021015803019
265,"[[49]
 [49]
 [49]
 [48]
 [55]
 [53]]",0,2,pituitary,2,0.004099835176020861,0.010019867525746426,0.9858803550402323
266,"[[49]
 [49]
 [49]
 [49]
 [50]
 [53]]",3,2,pituitary,2,0.04418811698754629,0.010442707998057207,0.9453691442807516
267,"[[49]
 [49]
 [49]
 [49]
 [50]
 [53]]",3,2,pituitary,2,0.030076585710048676,0.011756783972183863,0.9581665794054667
268,"[[49]
 [49]
 [48]
 [49]
 [49]
 [54]]",2,0,meningioma,0,0.7432032227516174,0.003754329945271214,0.2530424545208613
269,"[[49]
 [49]
 [49]
 [49]
 [50]
 [53]]",3,2,pituitary,2,0.01076060455913345,0.005795189489920934,0.9834442138671875
270,"[[49]
 [49]
 [49]
 [49]
 [50]
 [53]]",3,2,pituitary,2,0.012157173827290535,0.0011289255344308913,0.9867139061292013
271,"[[49]
 [49]
 [49]
 [55]
 [56]
 [53]]",0,2,pituitary,2,0.0057022216108938055,0.0700863500436147,0.9242114027341207
272,"[[49]
 [49]
 [49]
 [55]
 [56]
 [53]]",0,2,pituitary,2,0.010000631678849459,0.03920924415191015,0.9507901271184286
273,"[[49]
 [49]
 [49]
 [55]
 [56]
 [53]]",0,2,pituitary,2,0.020374210240940254,0.31539227565129596,0.6642335255940756
274,"[[49]
 [49]
 [49]
 [55]
 [56]
 [53]]",0,2,pituitary,2,0.012053510484596094,0.06234170372287432,0.925604780515035
275,"[[49]
 [49]
 [50]
 [48]
 [55]
 [52]]",2,2,pituitary,2,0.2943303734064102,0.0779191181063652,0.6277505358060201
276,"[[49]
 [49]
 [50]
 [48]
 [55]
 [52]]",2,2,pituitary,2,0.2486619750658671,0.008449000927309195,0.7428890268007914
277,"[[49]
 [49]
 [50]
 [48]
 [55]
 [52]]",2,2,pituitary,0,0.7294696370760599,0.1344233031074206,0.1361070399483045
278,"[[49]
 [49]
 [50]
 [48]
 [55]
 [52]]",2,2,pituitary,2,0.16472797592480978,0.027120867123206455,0.8081511656443278
279,"[[49]
 [49]
 [49]
 [48]
 [55]
 [55]]",3,0,meningioma,2,0.4859670400619507,0.01426312948266665,0.49976982673009235
280,"[[49]
 [49]
 [50]
 [48]
 [55]
 [52]]",2,2,pituitary,2,0.40116721391677856,0.1223904291788737,0.4764423072338104
281,"[[49]
 [49]
 [50]
 [54]
 [52]
 [57]]",0,2,pituitary,2,0.20251508057117462,0.3117366135120392,0.4857483009497325
282,"[[49]
 [49]
 [50]
 [54]
 [52]
 [57]]",0,2,pituitary,2,0.06245620052019755,0.10065583388010661,0.8368879755338033
283,"[[49]
 [49]
 [50]
 [54]
 [52]
 [57]]",0,2,pituitary,2,0.02874319317440192,0.1144564151763916,0.856800397237142
284,"[[49]
 [49]
 [50]
 [54]
 [52]
 [57]]",0,2,pituitary,2,0.054836985965569816,0.2297988881667455,0.7153641184171041
285,"[[49]
 [49]
 [50]
 [54]
 [52]
 [57]]",0,2,pituitary,2,0.03298549229900042,0.07994161794583003,0.8870728810628256
286,"[[49]
 [49]
 [50]
 [55]
 [52]
 [54]]",2,2,pituitary,2,0.009072579753895601,0.006030166832109292,0.984897255897522
287,"[[49]
 [49]
 [50]
 [55]
 [52]
 [54]]",2,2,pituitary,2,0.009178076249857744,0.0028112188447266817,0.9880106647809347
288,"[[49]
 [49]
 [50]
 [55]
 [52]
 [54]]",2,2,pituitary,2,0.008046373259276152,0.0026886058428014317,0.9892650643984476
289,"[[49]
 [49]
 [50]
 [55]
 [52]
 [54]]",2,2,pituitary,2,0.004605571584155162,0.002276188461109996,0.9931182662645975
290,"[[49]
 [49]
 [49]
 [48]
 [55]
 [55]]",3,0,meningioma,0,0.8742734591166178,0.10412690540154775,0.021599632998307545
291,"[[49]
 [49]
 [50]
 [55]
 [52]
 [54]]",2,2,pituitary,2,0.01089903898537159,0.04908901577194532,0.940011998017629
292,"[[49]
 [49]
 [50]
 [56]
 [52]
 [55]]",4,2,pituitary,2,0.008915725629776716,0.005866436442981164,0.985217829545339
293,"[[49]
 [49]
 [50]
 [56]
 [52]
 [55]]",4,2,pituitary,2,0.006084274345388015,0.0018198581334824364,0.9920958677927653
294,"[[49]
 [49]
 [50]
 [56]
 [52]
 [55]]",4,2,pituitary,2,0.004959617042914033,0.0012159494605536263,0.9938244223594666
295,"[[49]
 [49]
 [50]
 [56]
 [52]
 [55]]",4,2,pituitary,2,0.006061564510067304,0.0019533055601641536,0.9919851024945577
296,"[[49]
 [49]
 [50]
 [56]
 [52]
 [55]]",4,2,pituitary,2,0.00550621934235096,0.002598987969880303,0.9918947815895081
297,"[[49]
 [49]
 [51]
 [50]
 [55]
 [52]]",4,2,pituitary,2,0.04089950149257978,0.17331570386886597,0.7857848008473715
298,"[[49]
 [49]
 [51]
 [50]
 [55]
 [52]]",4,2,pituitary,1,0.09804769108692805,0.5069504578908285,0.3950018286705017
299,"[[49]
 [49]
 [51]
 [50]
 [55]
 [52]]",4,2,pituitary,2,0.06702589243650436,0.08422043050328891,0.8487536112467448
300,"[[49]
 [49]
 [51]
 [50]
 [55]
 [52]]",4,2,pituitary,2,0.16490550339221954,0.19967773060003915,0.6354167660077413
301,"[[49]
 [49]
 [49]
 [48]
 [55]
 [55]]",3,0,meningioma,0,0.9169269402821859,0.024722547580798466,0.05835052952170372
302,"[[49]
 [49]
 [51]
 [55]
 [52]
 [49]]",3,2,pituitary,2,0.0018806093915676076,0.003121604056408008,0.9949978192647299
303,"[[49]
 [49]
 [51]
 [55]
 [52]
 [49]]",3,2,pituitary,2,0.001401093943665425,0.004989179549738765,0.9936097661654154
304,"[[49]
 [49]
 [51]
 [55]
 [52]
 [49]]",3,2,pituitary,2,0.00536133178199331,0.014571967845161756,0.980066736539205
305,"[[49]
 [49]
 [52]
 [48]
 [52]
 [48]]",1,2,pituitary,2,0.01199695747345686,0.30885276198387146,0.6791502436002096
306,"[[49]
 [49]
 [52]
 [48]
 [52]
 [48]]",1,2,pituitary,2,0.018910472591718037,0.10589217642943065,0.8751973311106364
307,"[[49]
 [49]
 [52]
 [48]
 [52]
 [48]]",1,2,pituitary,2,0.010603587608784437,0.05079703405499458,0.9385993679364523
308,"[[49]
 [49]
 [52]
 [51]
 [54]
 [49]]",1,2,pituitary,2,0.01890884805470705,0.009595025175561508,0.9714961051940918
309,"[[49]
 [49]
 [52]
 [51]
 [54]
 [49]]",1,2,pituitary,2,0.08296769112348557,0.13815146187941232,0.7788808345794678
310,"[[49]
 [49]
 [52]
 [51]
 [54]
 [49]]",1,2,pituitary,2,0.008902684474984804,0.0038398034715404115,0.9872574806213379
311,"[[49]
 [49]
 [52]
 [48]
 [57]
 [52]]",1,2,pituitary,2,0.0011956462015708287,0.00017941175125694522,0.9986249208450317
312,"[[49]
 [49]
 [49]
 [51]
 [54]
 [54]]",0,0,meningioma,0,0.6129728555679321,0.33191295464833576,0.055114198476076126
313,"[[49]
 [49]
 [52]
 [48]
 [57]
 [52]]",1,2,pituitary,2,0.00200028030667454,0.002002478421976169,0.9959971904754639
314,"[[49]
 [49]
 [52]
 [48]
 [57]
 [52]]",1,2,pituitary,2,0.0019944733552013836,0.0009682587115094066,0.9970372517903646
315,"[[49]
 [49]
 [52]
 [48]
 [57]
 [52]]",1,2,pituitary,2,0.011370695816973845,0.010168923065066338,0.978460411230723
316,"[[49]
 [48]
 [49]
 [48]
 [50]
 [57]]",2,2,pituitary,0,0.917781929175059,0.00949034591515859,0.07272770255804062
317,"[[49]
 [48]
 [49]
 [48]
 [50]
 [57]]",2,2,pituitary,0,0.515251080195109,0.0036513217103978,0.48109758893648785
318,"[[49]
 [48]
 [49]
 [49]
 [52]
 [53]]",3,2,pituitary,2,0.0849565714597702,0.00022095866734161973,0.9148224592208862
319,"[[49]
 [48]
 [49]
 [49]
 [52]
 [53]]",3,2,pituitary,2,0.08872828632593155,0.0009503321489319205,0.9103213548660278
320,"[[49]
 [48]
 [49]
 [49]
 [52]
 [53]]",3,2,pituitary,2,0.16036500533421835,0.00011906079453183338,0.8395159641901652
321,"[[49]
 [48]
 [49]
 [49]
 [52]
 [53]]",3,2,pituitary,2,0.2333793838818868,0.005371676913152139,0.7612489461898804
322,"[[49]
 [48]
 [49]
 [51]
 [48]
 [53]]",1,2,pituitary,2,0.005418297136202455,0.0004675577608092378,0.9941141605377197
323,"[[49]
 [49]
 [49]
 [51]
 [54]
 [54]]",0,0,meningioma,2,0.2553603748480479,0.10074373086293538,0.6438958644866943
324,"[[49]
 [48]
 [49]
 [51]
 [48]
 [53]]",1,2,pituitary,2,0.05956635003288587,0.0015815223838823538,0.9388521114985148
325,"[[49]
 [48]
 [49]
 [51]
 [48]
 [53]]",1,2,pituitary,2,0.020458774641156197,0.0010337539133615792,0.9785074392954508
326,"[[49]
 [48]
 [49]
 [51]
 [48]
 [53]]",1,2,pituitary,2,0.18809528152147928,0.05700175339976946,0.7549029986063639
327,"[[49]
 [48]
 [49]
 [55]
 [50]
 [52]]",0,2,pituitary,2,0.0036138697372128568,0.003909470823903878,0.9924766421318054
328,"[[49]
 [48]
 [49]
 [55]
 [50]
 [52]]",0,2,pituitary,2,0.005827834053585927,0.018286666211982567,0.9758854508399963
329,"[[49]
 [48]
 [50]
 [54]
 [52]
 [56]]",0,2,pituitary,1,0.06985933085282643,0.7457773685455322,0.18436333040396372
330,"[[49]
 [48]
 [50]
 [54]
 [52]
 [56]]",0,2,pituitary,2,0.10263087724645932,0.22296102344989777,0.6744080781936646
331,"[[49]
 [48]
 [50]
 [54]
 [52]
 [56]]",0,2,pituitary,2,0.055479805916547775,0.2335884322722753,0.7109317779541016
332,"[[49]
 [48]
 [50]
 [54]
 [52]
 [56]]",0,2,pituitary,2,0.02465562118838231,0.4471917450428009,0.5281526247660319
333,"[[49]
 [48]
 [50]
 [54]
 [52]
 [56]]",0,2,pituitary,2,0.03379796879986922,0.2509392996629079,0.715262750784556
334,"[[49]
 [48]
 [49]
 [48]
 [49]
 [54]]",1,0,meningioma,0,0.9816997448603312,0.01784869593878587,0.00045156448807877797
335,"[[49]
 [49]
 [49]
 [51]
 [54]
 [54]]",0,0,meningioma,0,0.4472140073776245,0.32576286792755127,0.22702314456303915
336,"[[49]
 [48]
 [50]
 [54]
 [52]
 [56]]",0,2,pituitary,1,0.00697418845569094,0.6580515106519064,0.3349742790063222
337,"[[49]
 [48]
 [51]
 [48]
 [52]
 [54]]",0,2,pituitary,2,0.0038367671271165213,0.0004204575937668172,0.9957427382469177
338,"[[49]
 [48]
 [51]
 [48]
 [52]
 [54]]",0,2,pituitary,2,0.00042219748138450086,0.00015062163705200268,0.9994271596272787
339,"[[49]
 [48]
 [51]
 [48]
 [52]
 [54]]",0,2,pituitary,2,0.0013600006932392716,0.00010274662660473648,0.9985371828079224
340,"[[49]
 [48]
 [51]
 [50]
 [53]
 [55]]",1,2,pituitary,2,0.00494372146204114,0.0018886617617681623,0.9931676387786865
341,"[[49]
 [48]
 [51]
 [50]
 [53]
 [55]]",1,2,pituitary,2,0.025353888670603435,0.04248807765543461,0.9321580529212952
342,"[[49]
 [48]
 [51]
 [50]
 [53]
 [55]]",1,2,pituitary,2,0.06013606861233711,0.09223611156145732,0.847627858320872
343,"[[49]
 [48]
 [51]
 [50]
 [53]
 [55]]",1,2,pituitary,2,0.014646460302174091,0.01949496412028869,0.9658585588137308
344,"[[49]
 [48]
 [51]
 [50]
 [53]
 [55]]",1,2,pituitary,2,0.06657033413648605,0.008791122895975908,0.9246385097503662
345,"[[49]
 [48]
 [51]
 [50]
 [53]
 [55]]",1,2,pituitary,2,0.0735563946266969,0.0036554382337878146,0.9227882027626038
346,"[[49]
 [49]
 [49]
 [51]
 [54]
 [54]]",0,0,meningioma,0,0.6760054230690002,0.2933669189612071,0.030627675354480743
347,"[[49]
 [48]
 [51]
 [52]
 [55]
 [56]]",2,2,pituitary,2,0.3784501254558563,0.014082482395072779,0.6074673533439636
348,"[[49]
 [48]
 [51]
 [52]
 [55]
 [56]]",2,2,pituitary,2,0.2122578819592794,0.0015315312193706632,0.7862105766932169
349,"[[49]
 [48]
 [51]
 [52]
 [55]
 [56]]",2,2,pituitary,2,0.37892942627271015,0.0028550787828862667,0.6182154615720113
350,"[[49]
 [48]
 [51]
 [52]
 [55]
 [56]]",2,2,pituitary,2,0.40808260440826416,0.004427713962892692,0.5874896844228109
351,"[[49]
 [48]
 [51]
 [52]
 [55]
 [56]]",2,2,pituitary,0,0.5989379286766052,0.0962532212336858,0.3048088451226552
352,"[[49]
 [48]
 [51]
 [52]
 [55]
 [56]]",2,2,pituitary,2,0.34306053320566815,0.003785493473211924,0.6531539559364319
353,"[[49]
 [48]
 [51]
 [52]
 [55]
 [56]]",2,2,pituitary,2,0.3187774022420247,0.2239976773659388,0.45722489555676776
354,"[[49]
 [48]
 [51]
 [53]
 [56]
 [50]]",4,2,pituitary,2,0.2510203371445338,0.019620925808946293,0.7293587327003479
355,"[[49]
 [48]
 [51]
 [53]
 [56]
 [50]]",4,2,pituitary,2,0.016869032755494118,0.0002949829213321209,0.9828359683354696
356,"[[49]
 [48]
 [51]
 [53]
 [56]
 [50]]",4,2,pituitary,0,0.5751571754614512,0.09520223736763,0.32964057723681134
357,"[[49]
 [49]
 [49]
 [53]
 [51]
 [50]]",4,0,meningioma,0,0.8429191708564758,0.14488150676091513,0.012199295063813528
358,"[[49]
 [48]
 [51]
 [53]
 [56]
 [50]]",4,2,pituitary,2,0.16591974596182504,0.12209228426218033,0.7119879523913065
359,"[[49]
 [48]
 [51]
 [53]
 [56]
 [50]]",4,2,pituitary,2,0.018338252790272236,0.0017389022589971621,0.979922870794932
360,"[[49]
 [48]
 [51]
 [53]
 [56]
 [50]]",4,2,pituitary,2,0.04856998473405838,0.03309478362401327,0.9183352192242941
361,"[[49]
 [48]
 [51]
 [54]
 [55]
 [48]]",1,2,pituitary,2,0.021019676079352696,0.009709436912089586,0.9692709048589071
362,"[[49]
 [48]
 [51]
 [54]
 [55]
 [48]]",1,2,pituitary,2,0.049232225865125656,0.006365002598613501,0.9444027543067932
363,"[[49]
 [48]
 [51]
 [54]
 [55]
 [48]]",1,2,pituitary,2,0.012738687917590141,0.02677486774822076,0.9604863921801249
364,"[[49]
 [48]
 [51]
 [54]
 [55]
 [49]]",0,2,pituitary,2,0.35168654719988507,0.2609625558058421,0.3873509069283803
365,"[[49]
 [48]
 [51]
 [54]
 [55]
 [49]]",0,2,pituitary,0,0.7831649581591288,0.05109400426348051,0.16574102143446603
366,"[[49]
 [48]
 [51]
 [54]
 [55]
 [49]]",0,2,pituitary,0,0.6368198990821838,0.34943456451098126,0.013745559689899286
367,"[[49]
 [48]
 [51]
 [54]
 [55]
 [49]]",0,2,pituitary,0,0.6377667188644409,0.3013511101404826,0.060882179687420525
368,"[[49]
 [49]
 [49]
 [53]
 [51]
 [50]]",4,0,meningioma,0,0.9299273292223612,0.06983871261278789,0.00023393065688045075
369,"[[49]
 [48]
 [51]
 [55]
 [51]
 [49]]",1,2,pituitary,2,0.028382701178391773,0.05207051336765289,0.9195468227068583
370,"[[49]
 [48]
 [51]
 [55]
 [51]
 [49]]",1,2,pituitary,2,0.0033899537908534207,0.002101985892901818,0.9945080478986105
371,"[[49]
 [48]
 [51]
 [55]
 [51]
 [49]]",1,2,pituitary,2,0.010783915407955647,0.0005223350308369845,0.9886937340100607
372,"[[49]
 [48]
 [51]
 [55]
 [51]
 [49]]",1,2,pituitary,2,0.009663910294572512,0.0023150386987254024,0.9880210359891256
373,"[[49]
 [48]
 [51]
 [55]
 [51]
 [49]]",1,2,pituitary,2,0.03169660394390424,0.008445979406436285,0.9598574241002401
374,"[[49]
 [48]
 [51]
 [55]
 [51]
 [49]]",1,2,pituitary,2,0.00705239890764157,0.0004902742609071235,0.992457369963328
375,"[[49]
 [48]
 [51]
 [55]
 [51]
 [49]]",1,2,pituitary,2,0.008885200135409832,0.005207445006817579,0.9859073559443156
376,"[[49]
 [48]
 [51]
 [55]
 [51]
 [49]]",1,2,pituitary,2,0.0038355940487235785,0.020594264691074688,0.9755701224009196
377,"[[49]
 [48]
 [51]
 [55]
 [51]
 [49]]",1,2,pituitary,2,0.001549752118686835,0.023441536352038383,0.9750086863835653
378,"[[49]
 [48]
 [51]
 [55]
 [51]
 [49]]",1,2,pituitary,2,0.0016793063841760159,0.05470430850982666,0.9436163902282715
379,"[[49]
 [49]
 [49]
 [53]
 [51]
 [50]]",4,0,meningioma,0,0.7607912023862203,0.23892572025458017,0.0002830562395198892
380,"[[49]
 [48]
 [51]
 [56]
 [51]
 [55]]",0,2,pituitary,2,0.020268370707829792,0.0012099949720626075,0.9785216649373373
381,"[[49]
 [48]
 [51]
 [56]
 [51]
 [55]]",0,2,pituitary,2,0.0022335076549400887,0.00045619891413177055,0.9973102807998657
382,"[[49]
 [48]
 [51]
 [56]
 [51]
 [55]]",0,2,pituitary,2,0.00621755172808965,0.0018351701631521185,0.9919473131497701
383,"[[49]
 [48]
 [51]
 [56]
 [51]
 [55]]",0,2,pituitary,2,0.0032752071662495532,0.0015576724351073306,0.9951671163241068
384,"[[49]
 [48]
 [51]
 [56]
 [51]
 [55]]",0,2,pituitary,2,0.006204515850792329,0.0010154927343440552,0.9927800496419271
385,"[[49]
 [48]
 [51]
 [56]
 [51]
 [55]]",0,2,pituitary,2,0.09139033903678258,0.014495178746680418,0.8941144943237305
386,"[[49]
 [48]
 [51]
 [56]
 [51]
 [55]]",0,2,pituitary,2,0.016700800508260727,0.005847762028376262,0.9774514436721802
387,"[[49]
 [48]
 [51]
 [56]
 [51]
 [55]]",0,2,pituitary,2,0.009205165784806013,0.004127435851842165,0.9866673946380615
388,"[[49]
 [48]
 [52]
 [48]
 [49]
 [57]]",1,2,pituitary,2,0.03566234807173411,0.06717325498660405,0.8971643646558126
389,"[[49]
 [48]
 [52]
 [48]
 [49]
 [57]]",1,2,pituitary,2,0.012007001011321941,0.0015107255894690752,0.986482302347819
390,"[[49]
 [49]
 [50]
 [48]
 [48]
 [50]]",3,0,meningioma,0,0.9641034007072449,0.01988650920490424,0.016010040417313576
391,"[[49]
 [48]
 [52]
 [48]
 [49]
 [57]]",1,2,pituitary,2,0.004772239209463199,0.0023103029816411436,0.9929174582163492
392,"[[49]
 [48]
 [52]
 [48]
 [49]
 [57]]",1,2,pituitary,2,0.015540224500000477,0.0065500322574128704,0.977909783522288
393,"[[49]
 [48]
 [52]
 [53]
 [53]
 [56]]",0,2,pituitary,2,0.33182353774706524,0.30091209212938946,0.36726432542006177
394,"[[49]
 [48]
 [52]
 [53]
 [53]
 [56]]",0,2,pituitary,2,0.29148657123247784,0.14192206164201102,0.5665913919607798
395,"[[49]
 [48]
 [52]
 [53]
 [53]
 [56]]",0,2,pituitary,2,0.03527637136479219,0.00664684238533179,0.9580767750740051
396,"[[49]
 [48]
 [52]
 [53]
 [53]
 [56]]",0,2,pituitary,2,0.06876587371031444,0.06736413824061553,0.8638699650764465
397,"[[49]
 [48]
 [52]
 [53]
 [53]
 [56]]",0,2,pituitary,2,0.05460561066865921,0.0015435215124549966,0.9438508749008179
398,"[[49]
 [48]
 [52]
 [53]
 [53]
 [56]]",0,2,pituitary,2,0.26086817185084027,0.054174575954675674,0.684957226117452
399,"[[49]
 [48]
 [52]
 [53]
 [53]
 [56]]",0,2,pituitary,0,0.6880740324656168,0.09449827795227368,0.2174277106920878
400,"[[49]
 [48]
 [52]
 [53]
 [53]
 [56]]",0,2,pituitary,2,0.10629078497489293,0.03719253093004227,0.8565166791280111
401,"[[49]
 [49]
 [50]
 [48]
 [48]
 [50]]",3,0,meningioma,0,0.9730908075968424,0.02218568231910467,0.004723549742872517
402,"[[49]
 [48]
 [52]
 [54]
 [56]
 [52]]",3,2,pituitary,2,0.0001922507411412274,7.405359914021876e-05,0.9997337261835734
403,"[[49]
 [48]
 [52]
 [54]
 [56]
 [52]]",3,2,pituitary,2,0.00024664126491794985,8.899303793441504e-05,0.9996643662452698
404,"[[49]
 [48]
 [52]
 [54]
 [56]
 [52]]",3,2,pituitary,2,0.0009319645081025859,5.967228571535088e-05,0.9990083376566569
405,"[[49]
 [48]
 [52]
 [54]
 [56]
 [52]]",3,2,pituitary,2,0.0005379259819164872,3.797234846084999e-05,0.9994241197903951
406,"[[49]
 [48]
 [52]
 [54]
 [56]
 [52]]",3,2,pituitary,2,0.0004168710535547386,9.901360802662869e-05,0.9994840820630392
407,"[[49]
 [48]
 [52]
 [54]
 [56]
 [52]]",3,2,pituitary,2,0.0012458581089352567,0.00012171847629360855,0.9986323912938436
408,"[[49]
 [48]
 [52]
 [54]
 [56]
 [52]]",3,2,pituitary,2,0.0012008019257336855,0.0004642831239228447,0.9983349045117696
409,"[[49]
 [48]
 [52]
 [54]
 [56]
 [52]]",3,2,pituitary,2,0.0019176428128654759,0.0013899696059525013,0.9966923793156942
410,"[[49]
 [48]
 [52]
 [54]
 [56]
 [52]]",3,2,pituitary,2,0.011952149371306101,0.0005223596332749972,0.9875255425771078
411,"[[49]
 [48]
 [52]
 [57]
 [49]
 [50]]",2,2,pituitary,2,0.0030977128772065043,0.00058471251395531,0.9963175455729166
412,"[[49]
 [49]
 [50]
 [48]
 [48]
 [50]]",3,0,meningioma,0,0.7984077334403992,0.10239621500174205,0.09919607639312744
413,"[[49]
 [48]
 [52]
 [57]
 [49]
 [50]]",2,2,pituitary,2,0.006621112814173102,0.0008276561760188391,0.9925512472788492
414,"[[49]
 [48]
 [52]
 [57]
 [49]
 [50]]",2,2,pituitary,2,0.009844140149652958,0.0027423465702061853,0.9874135653177897
415,"[[49]
 [48]
 [52]
 [57]
 [49]
 [50]]",2,2,pituitary,2,0.03347889147698879,0.005596025536457698,0.9609250823656718
416,"[[49]
 [48]
 [52]
 [57]
 [49]
 [50]]",2,2,pituitary,2,0.026737982407212257,0.0026950703468173742,0.9705669482549032
417,"[[49]
 [48]
 [53]
 [49]
 [56]
 [55]]",0,2,pituitary,2,0.004425682903577884,0.0026671383141850433,0.9929071664810181
418,"[[49]
 [48]
 [53]
 [49]
 [56]
 [55]]",0,2,pituitary,2,0.007691183903565009,0.0009252772724721581,0.9913835922876993
419,"[[49]
 [48]
 [53]
 [49]
 [56]
 [55]]",0,2,pituitary,2,0.004886558124174674,0.008656231376032034,0.9864572087923685
420,"[[49]
 [48]
 [53]
 [49]
 [56]
 [55]]",0,2,pituitary,2,0.0038770210618774095,0.002210930921137333,0.9939120213190714
421,"[[49]
 [48]
 [53]
 [52]
 [55]
 [53]]",3,2,pituitary,2,0.024830365863939125,0.0022092495346441865,0.972960372765859
422,"[[49]
 [48]
 [53]
 [52]
 [55]
 [53]]",3,2,pituitary,2,0.07339340634644032,0.006208066673328479,0.9203985532124838
423,"[[49]
 [49]
 [50]
 [48]
 [48]
 [50]]",3,0,meningioma,0,0.5152521133422852,0.4796627362569173,0.005085170269012451
424,"[[49]
 [48]
 [53]
 [53]
 [51]
 [56]]",2,2,pituitary,1,0.22726760804653168,0.6972914139429728,0.07544098049402237
425,"[[49]
 [48]
 [53]
 [53]
 [51]
 [56]]",2,2,pituitary,0,0.747225840886434,0.04834527646501859,0.20442888140678406
426,"[[49]
 [48]
 [53]
 [53]
 [51]
 [56]]",2,2,pituitary,0,0.8632320761680603,0.00373707494388024,0.13303087651729584
427,"[[49]
 [48]
 [53]
 [54]
 [51]
 [56]]",3,2,pituitary,2,0.0008143880210506419,3.5871582440449856e-05,0.9991498192151388
428,"[[49]
 [48]
 [53]
 [54]
 [51]
 [56]]",3,2,pituitary,2,0.010579619401444992,0.0015337130753323436,0.9878866076469421
429,"[[49]
 [48]
 [53]
 [54]
 [51]
 [56]]",3,2,pituitary,2,0.005771604677041371,0.0013414977390008669,0.9928869406382242
430,"[[57]
 [55]
 [52]
 [49]
 [54]]",2,2,pituitary,2,0.3157685697078705,0.01787346260001262,0.66635795434316
431,"[[57]
 [55]
 [52]
 [49]
 [54]]",2,2,pituitary,0,0.4957149525483449,0.00990963556493322,0.4943753778934479
432,"[[57]
 [55]
 [52]
 [49]
 [54]]",2,2,pituitary,2,0.030404723559816677,0.001352201875609656,0.9682430823644003
433,"[[57]
 [55]
 [52]
 [49]
 [54]]",2,2,pituitary,2,0.3167516489823659,0.001781098583402733,0.6814672350883484
434,"[[49]
 [49]
 [50]
 [48]
 [54]
 [50]]",4,0,meningioma,0,0.8295634190241495,0.16164143880208334,0.008795159558455149
435,"[[57]
 [55]
 [52]
 [49]
 [54]]",2,2,pituitary,2,0.04246402780214945,0.005169783253222704,0.9523662130037943
436,"[[57]
 [55]
 [52]
 [49]
 [54]]",2,2,pituitary,0,0.6462912956873575,0.01653598838796218,0.3371727367242177
437,"[[57]
 [55]
 [52]
 [49]
 [54]]",2,2,pituitary,2,0.33606404066085815,0.02039918831239144,0.6435367663701376
438,"[[57]
 [55]
 [52]
 [49]
 [54]]",2,2,pituitary,2,0.17887415488560995,0.01720456810047229,0.8039213021596273
439,"[[57]
 [55]
 [52]
 [49]
 [54]]",2,2,pituitary,2,0.14391259849071503,0.22710861762364706,0.6289788087209066
440,"[[57]
 [55]
 [52]
 [54]
 [49]]",0,2,pituitary,2,0.33101121584574383,0.226238747437795,0.44275006651878357
441,"[[57]
 [55]
 [52]
 [54]
 [49]]",0,2,pituitary,2,0.2383441428343455,0.10871747136116028,0.6529383659362793
442,"[[57]
 [55]
 [52]
 [54]
 [49]]",0,2,pituitary,2,0.03667054201165835,0.007230064055571954,0.9560993711153666
443,"[[57]
 [55]
 [52]
 [54]
 [49]]",0,2,pituitary,2,0.03680238810678323,0.0026089432649314404,0.9605886737505595
444,"[[57]
 [55]
 [52]
 [54]
 [49]]",0,2,pituitary,2,0.01932211561749379,0.004376562739101549,0.9763013323148092
445,"[[49]
 [48]
 [49]
 [48]
 [49]
 [54]]",1,0,meningioma,0,0.9987489978472391,0.0010491963669968147,0.00020182900577007482
446,"[[49]
 [49]
 [50]
 [48]
 [54]
 [50]]",4,0,meningioma,0,0.9779073397318522,0.021455953518549602,0.0006366938954064002
447,"[[57]
 [55]
 [52]
 [54]
 [49]]",0,2,pituitary,2,0.03843269497156143,0.02647451062997182,0.9350928068161011
448,"[[57]
 [55]
 [52]
 [54]
 [49]]",0,2,pituitary,2,0.04868573943773905,0.013647004961967468,0.9376672903696696
449,"[[57]
 [55]
 [52]
 [54]
 [49]]",0,2,pituitary,2,0.04250415166219076,0.00517007273932298,0.9523257811864217
450,"[[57]
 [55]
 [52]
 [54]
 [49]]",0,2,pituitary,2,0.014551070053130388,0.0014822286514875789,0.9839667280515035
451,"[[57]
 [55]
 [52]
 [56]
 [49]]",0,2,pituitary,0,0.46289506554603577,0.4163561463356018,0.12074879308541615
452,"[[57]
 [55]
 [52]
 [56]
 [49]]",0,2,pituitary,0,0.47963104645411175,0.18550790597995123,0.33486103018124896
453,"[[57]
 [55]
 [52]
 [56]
 [49]]",0,2,pituitary,2,0.08957020193338394,0.016337449351946514,0.8940923611323038
454,"[[57]
 [55]
 [52]
 [56]
 [49]]",0,2,pituitary,2,0.07531647756695747,0.0049544337671250105,0.9197290937105814
455,"[[57]
 [55]
 [53]
 [57]
 [57]]",2,2,pituitary,2,0.018686947723229725,0.0024605545525749526,0.9788524905840555
456,"[[57]
 [55]
 [53]
 [57]
 [57]]",2,2,pituitary,2,0.08120015760262807,0.0004933108672654877,0.9183065891265869
457,"[[49]
 [49]
 [50]
 [48]
 [54]
 [50]]",4,0,meningioma,0,0.91752690076828,0.08168158556024234,0.0007915254682302475
458,"[[57]
 [55]
 [56]
 [57]
 [48]]",4,2,pituitary,2,0.008823496289551258,0.0016229083994403481,0.9895536104838053
459,"[[57]
 [55]
 [56]
 [57]
 [48]]",4,2,pituitary,2,0.006597777052472035,0.0018155838285262387,0.9915866057078043
460,"[[57]
 [55]
 [56]
 [57]
 [48]]",4,2,pituitary,2,0.010932977621754011,0.01842561736702919,0.9706413745880127
461,"[[57]
 [55]
 [56]
 [57]
 [48]]",4,2,pituitary,2,0.014092791204651197,0.005632450881724556,0.9802747766176859
462,"[[57]
 [56]
 [52]
 [55]
 [50]]",1,2,pituitary,2,0.010816926447053751,9.296133066527545e-05,0.989090104897817
463,"[[57]
 [56]
 [52]
 [55]
 [50]]",1,2,pituitary,2,0.005414598776648442,9.765723370946944e-05,0.9944876631100973
464,"[[57]
 [56]
 [52]
 [55]
 [50]]",1,2,pituitary,2,0.014165805031855902,0.008680615418901047,0.9771535793940226
465,"[[57]
 [56]
 [52]
 [55]
 [50]]",1,2,pituitary,2,0.02639035942653815,0.001602777202303211,0.9720068573951721
466,"[[57]
 [56]
 [52]
 [55]
 [50]]",1,2,pituitary,2,0.04490284621715546,0.0019240624193723004,0.9531730810801188
467,"[[57]
 [56]
 [52]
 [55]
 [50]]",1,2,pituitary,2,0.07176045328378677,0.006451822506884734,0.9217877785364786
468,"[[49]
 [49]
 [50]
 [50]
 [53]
 [50]]",4,0,meningioma,0,0.9788306951522827,0.018867190306385357,0.0023020985536277294
469,"[[57]
 [56]
 [52]
 [55]
 [50]]",1,2,pituitary,2,0.017318401485681534,0.004020457932104667,0.9786611398061117
470,"[[57]
 [56]
 [54]
 [53]
 [50]]",3,2,pituitary,2,0.004866532050073147,0.0014128202262024085,0.9937206506729126
471,"[[57]
 [56]
 [54]
 [53]
 [50]]",3,2,pituitary,2,0.0153334882731239,0.001765458572966357,0.9829010566075643
472,"[[57]
 [56]
 [54]
 [53]
 [50]]",3,2,pituitary,2,0.05078935747345289,0.014073872317870459,0.9351367751757304
473,"[[57]
 [56]
 [56]
 [55]
 [49]]",2,2,pituitary,2,0.029198381428917248,0.002022936513336996,0.9687787095705668
474,"[[57]
 [56]
 [56]
 [55]
 [49]]",2,2,pituitary,2,0.08357101678848267,0.007174529445668061,0.9092544118563334
475,"[[57]
 [56]
 [56]
 [55]
 [49]]",2,2,pituitary,2,0.08525873472293218,0.03414678884049257,0.8805944720904032
476,"[[57]
 [56]
 [56]
 [55]
 [49]]",2,2,pituitary,2,0.052617265532414116,0.08203856398661931,0.8653441468874613
477,"[[57]
 [56]
 [56]
 [55]
 [49]]",2,2,pituitary,2,0.301988552014033,0.22510628402233124,0.47290517886479694
478,"[[57]
 [56]
 [56]
 [55]
 [49]]",2,2,pituitary,2,0.016784573905169964,0.030260277291138966,0.9529551267623901
479,"[[49]
 [49]
 [50]
 [50]
 [53]
 [50]]",4,0,meningioma,0,0.9212882916132609,0.07845670233170192,0.0002549825294408947
480,"[[57]
 [56]
 [56]
 [55]
 [52]]",3,2,pituitary,2,0.019643849693238735,0.0012916851361903052,0.9790644844373068
481,"[[57]
 [56]
 [56]
 [55]
 [52]]",3,2,pituitary,2,0.008222007813553015,0.0026707241389279566,0.9891072511672974
482,"[[57]
 [56]
 [56]
 [55]
 [52]]",3,2,pituitary,2,0.023639640770852566,0.005556014754498999,0.9708043535550436
483,"[[57]
 [56]
 [56]
 [55]
 [52]]",3,2,pituitary,2,0.0985696017742157,0.00822113019724687,0.8932092984517416
484,"[[57]
 [56]
 [56]
 [55]
 [52]]",3,2,pituitary,2,0.1527941127618154,0.11499629418055217,0.7322096029917399
485,"[[57]
 [56]
 [57]
 [57]
 [50]]",2,2,pituitary,2,0.4976699650287628,0.004062137799337506,0.49826790889104206
486,"[[57]
 [56]
 [57]
 [57]
 [50]]",2,2,pituitary,2,0.05079455176989237,0.019386923561493557,0.9298185110092163
487,"[[57]
 [56]
 [57]
 [57]
 [50]]",2,2,pituitary,2,0.1551900009314219,0.02095716694990794,0.8238528172175089
488,"[[57]
 [56]
 [57]
 [57]
 [50]]",2,2,pituitary,2,0.05151305223504702,0.003398118967500826,0.9450888236363729
489,"[[57]
 [56]
 [57]
 [57]
 [50]]",2,2,pituitary,2,0.1041518102089564,0.24633408089478812,0.6495140790939331
490,"[[49]
 [49]
 [50]
 [53]
 [53]
 [50]]",4,0,meningioma,1,0.3039851486682892,0.6809322237968445,0.015082598974307379
491,"[[57]
 [56]
 [57]
 [57]
 [50]]",2,2,pituitary,1,0.022854290902614594,0.9754870533943176,0.0016586582642048597
492,"[[57]
 [56]
 [57]
 [57]
 [50]]",2,2,pituitary,1,0.09599524488051732,0.6827865242958069,0.22121824324131012
493,"[[57]
 [56]
 [57]
 [57]
 [53]]",1,2,pituitary,2,0.023518929878870647,0.0001512439024130193,0.9763298233350118
494,"[[57]
 [56]
 [57]
 [57]
 [53]]",1,2,pituitary,2,0.11262502024571101,6.642572770942934e-05,0.8873085975646973
495,"[[57]
 [56]
 [57]
 [57]
 [53]]",1,2,pituitary,2,0.06961854795614879,0.0006845958026436468,0.9296968380610148
496,"[[57]
 [56]
 [57]
 [57]
 [53]]",1,2,pituitary,2,0.4393334984779358,0.0005264013113143543,0.5601401031017303
497,"[[57]
 [56]
 [57]
 [57]
 [53]]",1,2,pituitary,2,0.03268457824985186,0.014509227437277636,0.9528062343597412
498,"[[57]
 [57]
 [50]
 [50]
 [51]]",0,2,pituitary,1,0.45290830731391907,0.5303167005379995,0.016774979730447132
499,"[[57]
 [57]
 [50]
 [50]
 [51]]",0,2,pituitary,1,0.3812742630640666,0.42906270424524945,0.18966305255889893
500,"[[57]
 [57]
 [50]
 [50]
 [51]]",0,2,pituitary,2,0.20980573445558548,0.07675765703121822,0.7134366035461426
501,"[[49]
 [49]
 [50]
 [53]
 [53]
 [50]]",4,0,meningioma,0,0.9892691771189371,0.010261104131738344,0.0004697466890017192
502,"[[57]
 [57]
 [50]
 [50]
 [51]]",0,2,pituitary,2,0.039764296263456345,0.004122306709177792,0.9561133980751038
503,"[[57]
 [57]
 [50]
 [50]
 [51]]",0,2,pituitary,2,0.022189510365327198,0.052669825653235115,0.9251405994097391
504,"[[57]
 [57]
 [50]
 [50]
 [51]]",0,2,pituitary,2,0.052327909817298256,0.04040828036765257,0.9072638352711996
505,"[[57]
 [57]
 [50]
 [50]
 [51]]",0,2,pituitary,2,0.11387478063503902,0.013412616370866695,0.8727126320203146
506,"[[57]
 [57]
 [50]
 [50]
 [51]]",0,2,pituitary,2,0.02641789677242438,0.014169955936570963,0.959412157535553
507,"[[57]
 [57]
 [50]
 [50]
 [51]]",0,2,pituitary,2,0.031322432681918144,0.004873192015414436,0.9638044039408366
508,"[[49]
 [48]
 [49]
 [48]
 [49]
 [55]]",2,2,pituitary,2,0.010101334191858768,0.022464909901221592,0.9674337307612101
509,"[[49]
 [48]
 [49]
 [48]
 [49]
 [55]]",2,2,pituitary,2,0.004380026677002509,0.007159409578889608,0.9884605606396993
510,"[[49]
 [48]
 [49]
 [48]
 [49]
 [55]]",2,2,pituitary,2,0.008567901949087778,0.009223248188694319,0.9822088877360026
511,"[[49]
 [48]
 [49]
 [48]
 [49]
 [55]]",2,2,pituitary,2,0.0023265299387276173,0.0024412484684338174,0.9952322642008463
512,"[[49]
 [49]
 [50]
 [53]
 [53]
 [50]]",4,0,meningioma,0,0.9372870524724325,0.058667611330747604,0.004045337826634447
513,"[[49]
 [48]
 [49]
 [48]
 [49]
 [55]]",2,2,pituitary,2,0.0028307847678661346,0.0014096510130912066,0.9957595864931742
514,"[[49]
 [48]
 [49]
 [48]
 [49]
 [55]]",2,2,pituitary,2,0.21418988207976022,0.11813809971014659,0.6676720380783081
515,"[[49]
 [48]
 [49]
 [48]
 [50]
 [57]]",2,2,pituitary,2,0.0009308775091388574,0.0016226784015695255,0.9974464178085327
516,"[[49]
 [48]
 [49]
 [48]
 [50]
 [57]]",2,2,pituitary,2,0.0011998564004898071,0.001878606582370897,0.9969215591748556
517,"[[49]
 [48]
 [49]
 [48]
 [50]
 [57]]",2,2,pituitary,2,0.000873508300477018,0.0011872499793147047,0.9979392091433207
518,"[[49]
 [48]
 [49]
 [48]
 [50]
 [57]]",2,2,pituitary,2,0.001767391668787847,0.000641342873374621,0.9975913365681967
519,"[[49]
 [48]
 [49]
 [48]
 [50]
 [57]]",2,2,pituitary,2,0.0009086335388322672,0.0005955647308534632,0.9984958171844482
520,"[[49]
 [48]
 [49]
 [48]
 [50]
 [57]]",2,2,pituitary,2,0.0017070634251770873,0.001212042096691827,0.9970809022585551
521,"[[49]
 [48]
 [49]
 [49]
 [52]
 [53]]",3,2,pituitary,2,0.007845455780625343,0.002615790426110228,0.9895387689272562
522,"[[49]
 [48]
 [49]
 [49]
 [52]
 [53]]",3,2,pituitary,2,0.01830549320826928,0.005975653727849324,0.9757188359896342
523,"[[49]
 [49]
 [50]
 [53]
 [53]
 [50]]",4,0,meningioma,0,0.8311663071314493,0.16288516422112784,0.005948500397304694
524,"[[49]
 [48]
 [49]
 [49]
 [52]
 [53]]",3,2,pituitary,2,0.031028229743242264,0.005256657799084981,0.9637150764465332
525,"[[49]
 [48]
 [49]
 [49]
 [52]
 [53]]",3,2,pituitary,2,0.002167379017919302,0.0015345865782971184,0.9962979753812155
526,"[[49]
 [48]
 [49]
 [51]
 [48]
 [53]]",1,2,pituitary,2,0.019727383740246296,0.014452758245170116,0.965819795926412
527,"[[49]
 [48]
 [49]
 [51]
 [48]
 [53]]",1,2,pituitary,2,0.004082272527739406,0.007847906555980444,0.9880698919296265
528,"[[49]
 [48]
 [49]
 [51]
 [48]
 [53]]",1,2,pituitary,2,0.005171378453572591,0.012971896367768446,0.9818567236264547
529,"[[49]
 [48]
 [49]
 [51]
 [48]
 [53]]",1,2,pituitary,2,0.006733310408890247,0.009915732778608799,0.983350932598114
530,"[[49]
 [48]
 [49]
 [51]
 [48]
 [53]]",1,2,pituitary,2,0.003080235173304876,0.007154194948573907,0.9897656043370565
531,"[[49]
 [48]
 [49]
 [51]
 [48]
 [53]]",1,2,pituitary,2,0.009185072965919971,0.012492634356021881,0.9783222675323486
532,"[[49]
 [48]
 [49]
 [51]
 [48]
 [53]]",1,2,pituitary,2,0.0004959211898191521,0.005999171640723944,0.9935049017270406
533,"[[49]
 [48]
 [49]
 [51]
 [48]
 [53]]",1,2,pituitary,2,0.0013808419074242313,0.016356717484692734,0.982262392838796
534,"[[49]
 [49]
 [50]
 [53]
 [53]
 [50]]",4,0,meningioma,0,0.9547961552937826,0.04477485145131747,0.0004290093493182212
535,"[[49]
 [48]
 [49]
 [55]
 [50]
 [52]]",0,2,pituitary,2,0.0016564672890429695,0.002106247120536864,0.9962372382481893
536,"[[49]
 [48]
 [49]
 [55]
 [50]
 [52]]",0,2,pituitary,2,0.0009979548243184884,0.0018741110106930137,0.9971279899279276
537,"[[49]
 [48]
 [49]
 [55]
 [50]
 [52]]",0,2,pituitary,2,0.0005375672384010007,0.003103463832909862,0.9963589310646057
538,"[[49]
 [48]
 [50]
 [54]
 [52]
 [56]]",0,2,pituitary,2,0.0039053792910029492,0.07816773404677708,0.9179268678029379
539,"[[49]
 [48]
 [50]
 [54]
 [52]
 [56]]",0,2,pituitary,2,0.0028398490200440087,0.059200228502353035,0.9379599094390869
540,"[[49]
 [48]
 [50]
 [54]
 [52]
 [56]]",0,2,pituitary,2,0.009122260380536318,0.10744484513998032,0.8834328651428223
541,"[[49]
 [48]
 [50]
 [54]
 [52]
 [56]]",0,2,pituitary,2,0.004279353112603228,0.03947035223245621,0.9562502900759379
542,"[[49]
 [48]
 [50]
 [54]
 [54]
 [57]]",1,2,pituitary,2,0.0012508699825654428,0.0005449291105226924,0.998204231262207
543,"[[49]
 [48]
 [50]
 [54]
 [54]
 [57]]",1,2,pituitary,2,0.0009245839416204641,0.00013954452151665464,0.998935878276825
544,"[[49]
 [48]
 [51]
 [48]
 [52]
 [54]]",0,2,pituitary,2,0.0018092539394274354,0.0028759007497380176,0.9953147768974304
545,"[[49]
 [49]
 [50]
 [53]
 [53]
 [50]]",4,0,meningioma,0,0.909550408522288,0.0896102065841357,0.0008393874353108307
546,"[[49]
 [48]
 [51]
 [48]
 [52]
 [54]]",0,2,pituitary,2,0.004781586273262898,0.0035097470972687006,0.9917086760203043
547,"[[49]
 [48]
 [51]
 [48]
 [52]
 [54]]",0,2,pituitary,2,0.0037096711651732526,0.004075444070622325,0.9922148982683817
548,"[[49]
 [48]
 [51]
 [48]
 [52]
 [54]]",0,2,pituitary,2,0.003195024561136961,0.005412868534525235,0.9913920362790426
549,"[[49]
 [48]
 [51]
 [50]
 [53]
 [55]]",1,2,pituitary,2,0.0008367185946553946,0.0005538791204647472,0.9986094435056051
550,"[[49]
 [48]
 [51]
 [50]
 [53]
 [55]]",1,2,pituitary,2,0.0024259663186967373,0.0003969795167601357,0.9971770445505778
551,"[[49]
 [48]
 [51]
 [50]
 [53]
 [55]]",1,2,pituitary,2,0.014397776375214258,0.0008187195441375176,0.9847834308942159
552,"[[49]
 [48]
 [51]
 [50]
 [53]
 [55]]",1,2,pituitary,2,0.011171935747067133,0.0007867519355689486,0.988041361172994
553,"[[49]
 [48]
 [51]
 [50]
 [53]
 [55]]",1,2,pituitary,2,0.003630195433894793,0.0007002926819647352,0.9956695636113485
554,"[[49]
 [48]
 [51]
 [52]
 [55]
 [56]]",2,2,pituitary,2,0.18789640069007874,0.0780015339454015,0.7341020901997884
555,"[[49]
 [48]
 [51]
 [52]
 [55]
 [56]]",2,2,pituitary,2,0.13208147386709848,0.058286638309558235,0.809631884098053
556,"[[49]
 [48]
 [49]
 [48]
 [49]
 [54]]",1,0,meningioma,0,0.9905258615811666,0.009458379509548346,1.574608237812451e-05
557,"[[49]
 [49]
 [50]
 [53]
 [53]
 [50]]",4,0,meningioma,0,0.8718412717183431,0.12703670064608255,0.0011220530917247136
558,"[[49]
 [48]
 [51]
 [52]
 [55]
 [56]]",2,2,pituitary,2,0.016096203898390133,0.0026769417648514113,0.9812268217404684
559,"[[49]
 [48]
 [51]
 [52]
 [55]
 [56]]",2,2,pituitary,2,0.005355782651652892,0.001603054425989588,0.9930410981178284
560,"[[49]
 [48]
 [51]
 [52]
 [55]
 [56]]",2,2,pituitary,2,0.003433807520195842,0.0007754181084843973,0.9957907199859619
561,"[[49]
 [48]
 [51]
 [52]
 [55]
 [56]]",2,2,pituitary,2,0.014031137339770794,0.0008180094882845879,0.9851508339246114
562,"[[49]
 [48]
 [51]
 [52]
 [55]
 [56]]",2,2,pituitary,2,0.05543972427646319,0.0072284153041740256,0.9373318950335184
563,"[[49]
 [48]
 [51]
 [52]
 [55]
 [56]]",2,2,pituitary,0,0.6963601509730021,0.12195343772570293,0.18168644110361734
564,"[[49]
 [48]
 [51]
 [53]
 [56]
 [50]]",4,2,pituitary,2,0.04596886411309242,0.010408855819453796,0.9436222513516744
565,"[[49]
 [48]
 [51]
 [53]
 [56]
 [50]]",4,2,pituitary,2,0.028517371664444607,0.00964306527748704,0.9618395566940308
566,"[[49]
 [48]
 [51]
 [53]
 [56]
 [50]]",4,2,pituitary,2,0.08017013221979141,0.005676878150552511,0.914152999718984
567,"[[49]
 [48]
 [51]
 [53]
 [56]
 [50]]",4,2,pituitary,2,0.022398363798856735,0.0007862849161028862,0.9768153627713522
568,"[[49]
 [49]
 [50]
 [54]
 [52]
 [56]]",0,0,meningioma,0,0.6374621490637461,0.2728179196516673,0.08971993376811345
569,"[[49]
 [48]
 [51]
 [53]
 [56]
 [50]]",4,2,pituitary,2,0.04962979008754095,0.0011210606317035854,0.9492491483688354
570,"[[49]
 [48]
 [51]
 [54]
 [55]
 [48]]",1,2,pituitary,2,0.006254090306659539,0.00121456099441275,0.9925313393274943
571,"[[49]
 [48]
 [51]
 [54]
 [55]
 [48]]",1,2,pituitary,2,0.02166939837237199,0.001955348299816251,0.9763752818107605
572,"[[49]
 [48]
 [51]
 [54]
 [55]
 [48]]",1,2,pituitary,2,0.11813459545373917,0.007714356450984876,0.8741509914398193
573,"[[49]
 [48]
 [51]
 [54]
 [55]
 [48]]",1,2,pituitary,2,0.007652104366570711,0.001512796579239269,0.9908350904782613
574,"[[49]
 [48]
 [51]
 [54]
 [55]
 [49]]",0,2,pituitary,2,0.0079725063405931,0.003994231888403495,0.9880332549413046
575,"[[49]
 [48]
 [51]
 [54]
 [55]
 [49]]",0,2,pituitary,2,0.019038759482403595,0.006372587677712242,0.9745886921882629
576,"[[49]
 [48]
 [51]
 [54]
 [55]
 [49]]",0,2,pituitary,2,0.015198205908139547,0.003153877604442338,0.9816479484240214
577,"[[49]
 [48]
 [51]
 [54]
 [55]
 [49]]",0,2,pituitary,2,0.029702637965480488,0.012988529788951078,0.957308848698934
578,"[[49]
 [48]
 [51]
 [54]
 [55]
 [49]]",0,2,pituitary,2,0.027390485008557636,0.013719406599799791,0.9588901201883951
579,"[[49]
 [49]
 [50]
 [54]
 [52]
 [56]]",0,0,meningioma,2,0.3006241023540497,0.0821370283762614,0.6172388394673666
580,"[[49]
 [48]
 [51]
 [54]
 [55]
 [49]]",0,2,pituitary,2,0.02808876521885395,0.016631138200561207,0.955280085404714
581,"[[49]
 [48]
 [51]
 [55]
 [51]
 [49]]",1,2,pituitary,2,0.004857533456136783,0.0012186686120306451,0.9939238031705221
582,"[[49]
 [48]
 [51]
 [55]
 [51]
 [49]]",1,2,pituitary,2,0.011556087682644526,0.0020367398780460158,0.9864071408907572
583,"[[49]
 [48]
 [51]
 [55]
 [51]
 [49]]",1,2,pituitary,2,0.019011479802429676,0.001184875494800508,0.9798036615053812
584,"[[49]
 [48]
 [51]
 [55]
 [51]
 [49]]",1,2,pituitary,2,0.0756634126106898,0.002407907430703441,0.9219287037849426
585,"[[49]
 [48]
 [51]
 [55]
 [51]
 [49]]",1,2,pituitary,2,0.041531771421432495,0.005872571840882301,0.9525956908861796
586,"[[49]
 [48]
 [51]
 [55]
 [51]
 [49]]",1,2,pituitary,2,0.06459212303161621,0.017879159500201542,0.9175286690394083
587,"[[49]
 [48]
 [51]
 [55]
 [51]
 [49]]",1,2,pituitary,2,0.11943758775790532,0.005941053852438927,0.8746213515599569
588,"[[49]
 [48]
 [51]
 [56]
 [51]
 [55]]",0,2,pituitary,2,0.06510551273822784,0.013648318747679392,0.9212461511294047
589,"[[49]
 [48]
 [51]
 [56]
 [51]
 [55]]",0,2,pituitary,2,0.01563579806437095,0.00256088733052214,0.9818033377329508
590,"[[49]
 [49]
 [50]
 [54]
 [52]
 [56]]",0,0,meningioma,2,0.24327482283115387,0.33146666487058,0.42525853713353473
591,"[[49]
 [48]
 [51]
 [56]
 [51]
 [55]]",0,2,pituitary,2,0.04245403657356898,0.013647230652471384,0.9438986976941427
592,"[[49]
 [48]
 [51]
 [56]
 [51]
 [55]]",0,2,pituitary,2,0.014041460740069548,0.009534632476667563,0.9764239192008972
593,"[[49]
 [48]
 [51]
 [56]
 [51]
 [55]]",0,2,pituitary,2,0.017601836783190567,0.012258653528988361,0.9701394836107889
594,"[[49]
 [48]
 [52]
 [48]
 [49]
 [57]]",1,2,pituitary,2,0.000603209404895703,0.00015066260918198773,0.9992461403210958
595,"[[49]
 [48]
 [52]
 [48]
 [49]
 [57]]",1,2,pituitary,2,0.0007025753244912872,8.807837245209764e-05,0.9992093443870544
596,"[[49]
 [48]
 [52]
 [48]
 [49]
 [57]]",1,2,pituitary,2,0.0010164318761477868,3.584622209018562e-05,0.9989476799964905
597,"[[49]
 [48]
 [52]
 [48]
 [49]
 [57]]",1,2,pituitary,2,0.00044777695438824594,1.4769284765255483e-05,0.999537467956543
598,"[[49]
 [48]
 [52]
 [48]
 [49]
 [57]]",1,2,pituitary,2,0.0004632823111023754,6.154312965615343e-05,0.9994751413663229
599,"[[49]
 [48]
 [52]
 [53]
 [53]
 [56]]",0,2,pituitary,2,0.2863028248151143,0.033344212298591934,0.6803529858589172
600,"[[49]
 [48]
 [52]
 [53]
 [53]
 [56]]",0,2,pituitary,2,0.0649033710360527,0.043541643768548965,0.8915549516677856
601,"[[49]
 [49]
 [51]
 [52]
 [51]
 [53]]",1,0,meningioma,0,0.7976255814234415,0.20216562847296396,0.0002087285053373004
602,"[[49]
 [48]
 [52]
 [53]
 [53]
 [56]]",0,2,pituitary,2,0.12981517861286798,0.024892746470868587,0.8452921112378439
603,"[[49]
 [48]
 [52]
 [53]
 [53]
 [56]]",0,2,pituitary,2,0.08189103255669276,0.017528774216771126,0.9005801876386007
604,"[[49]
 [48]
 [52]
 [53]
 [53]
 [56]]",0,2,pituitary,2,0.024530645459890366,0.005557650467380881,0.9699117342631022
605,"[[49]
 [48]
 [52]
 [53]
 [53]
 [56]]",0,2,pituitary,2,0.03535539470613003,0.01969985229273637,0.9449447393417358
606,"[[49]
 [48]
 [52]
 [53]
 [53]
 [56]]",0,2,pituitary,2,0.05448392778635025,0.0866478035847346,0.8588682810465494
607,"[[49]
 [48]
 [52]
 [54]
 [56]
 [52]]",3,2,pituitary,2,0.014032968319952488,0.002521330490708351,0.9834456841150919
608,"[[49]
 [48]
 [52]
 [54]
 [56]
 [52]]",3,2,pituitary,2,0.0013458367126683395,0.00042139981815125793,0.9982327620188395
609,"[[49]
 [48]
 [52]
 [54]
 [56]
 [52]]",3,2,pituitary,2,0.005964961523811023,0.00025867257500067353,0.9937763810157776
610,"[[49]
 [48]
 [52]
 [54]
 [56]
 [52]]",3,2,pituitary,2,0.0034229728238036237,9.842631455588464e-05,0.9964786171913147
611,"[[49]
 [48]
 [52]
 [54]
 [56]
 [52]]",3,2,pituitary,2,0.0016045514882231753,0.0002774042756451915,0.998118003209432
612,"[[49]
 [49]
 [51]
 [52]
 [51]
 [53]]",1,0,meningioma,0,0.9529269933700562,0.046935694913069405,0.00013727745681535453
613,"[[49]
 [48]
 [52]
 [54]
 [56]
 [52]]",3,2,pituitary,2,0.012537486851215363,0.009616457546750704,0.9778460462888082
614,"[[49]
 [48]
 [52]
 [54]
 [56]
 [52]]",3,2,pituitary,2,0.007426448632031679,0.00323128211311996,0.9893422722816467
615,"[[49]
 [48]
 [52]
 [57]
 [49]
 [50]]",2,2,pituitary,2,0.006611875258386135,0.00699083615715305,0.9863973061243693
616,"[[49]
 [48]
 [52]
 [57]
 [49]
 [50]]",2,2,pituitary,2,0.0011827586373935144,0.0002241468852541099,0.9985930720965067
617,"[[49]
 [48]
 [52]
 [57]
 [49]
 [50]]",2,2,pituitary,2,0.02087414264678955,0.0013041277416050434,0.9778217474619547
618,"[[49]
 [48]
 [52]
 [57]
 [49]
 [50]]",2,2,pituitary,2,0.0012444570699396233,0.0003994146342544506,0.9983561436335245
619,"[[49]
 [48]
 [52]
 [57]
 [49]
 [50]]",2,2,pituitary,2,0.002094051451422274,0.0017016726778820157,0.9962042371431986
620,"[[49]
 [48]
 [53]
 [49]
 [56]
 [55]]",0,2,pituitary,2,0.00453121440174679,0.024268099727729957,0.9712006449699402
621,"[[49]
 [48]
 [53]
 [49]
 [56]
 [55]]",0,2,pituitary,2,0.00251624647838374,0.00903558482726415,0.9884481628735861
622,"[[49]
 [48]
 [53]
 [49]
 [56]
 [55]]",0,2,pituitary,2,0.0017252645532911022,0.008833127251515785,0.9894416332244873
623,"[[49]
 [49]
 [51]
 [52]
 [51]
 [53]]",1,0,meningioma,0,0.9351965586344401,0.05418458208441734,0.01061883196234703
624,"[[49]
 [48]
 [53]
 [49]
 [56]
 [55]]",0,2,pituitary,2,0.001875956659205258,0.0014108494700243075,0.9967132409413656
625,"[[49]
 [48]
 [53]
 [49]
 [56]
 [55]]",0,2,pituitary,2,0.002020136065160235,0.0026954437295595803,0.9952844182650248
626,"[[49]
 [48]
 [53]
 [49]
 [56]
 [55]]",0,2,pituitary,2,0.0028224069780359664,0.007762744867553313,0.9894148707389832
627,"[[49]
 [48]
 [53]
 [52]
 [55]
 [53]]",3,2,pituitary,2,0.013866128399968147,0.0006592538945066432,0.9854746063550314
628,"[[49]
 [48]
 [53]
 [52]
 [55]
 [53]]",3,2,pituitary,2,0.2939465641975403,0.020986626545588177,0.685066799322764
629,"[[49]
 [48]
 [53]
 [52]
 [55]
 [53]]",3,2,pituitary,2,0.03153416266043981,0.0015000540297478437,0.9669657945632935
630,"[[49]
 [48]
 [53]
 [53]
 [51]
 [56]]",2,2,pituitary,1,0.44447805484135944,0.45675355195999146,0.09876841430862744
631,"[[49]
 [48]
 [53]
 [53]
 [51]
 [56]]",2,2,pituitary,0,0.6063638925552368,0.2780840992927551,0.11555203795433044
632,"[[49]
 [48]
 [53]
 [54]
 [51]
 [56]]",3,2,pituitary,2,0.0020438216937084994,0.0019022033472235005,0.9960540135701498
633,"[[49]
 [48]
 [53]
 [54]
 [51]
 [56]]",3,2,pituitary,2,0.0010874226960974436,0.0010249490345207353,0.9978876908620199
634,"[[49]
 [49]
 [51]
 [52]
 [51]
 [53]]",1,0,meningioma,0,0.973050038019816,0.026917182219525177,3.283580069061524e-05
635,"[[49]
 [48]
 [53]
 [54]
 [51]
 [56]]",3,2,pituitary,2,0.00214614428114146,0.005538809113204479,0.9923150142033895
636,"[[49]
 [48]
 [53]
 [54]
 [51]
 [56]]",3,2,pituitary,2,0.001631599967367947,0.0031896318153788648,0.995178759098053
637,"[[49]
 [48]
 [53]
 [54]
 [51]
 [56]]",3,2,pituitary,2,0.004725680220872164,0.023403236642479897,0.9718710978825887
638,"[[57]
 [55]
 [52]
 [49]
 [54]]",2,2,pituitary,1,0.09215514486034711,0.6705852945645651,0.23725956678390503
639,"[[57]
 [55]
 [52]
 [49]
 [54]]",2,2,pituitary,2,0.023630591730276745,0.015343221214910349,0.9610261718432108
640,"[[57]
 [55]
 [52]
 [49]
 [54]]",2,2,pituitary,2,0.015120351376632849,0.010715279883394638,0.9741643667221069
641,"[[57]
 [55]
 [52]
 [49]
 [54]]",2,2,pituitary,2,0.0012673142288501065,0.002285821712575853,0.9964468876520792
642,"[[57]
 [55]
 [52]
 [49]
 [54]]",2,2,pituitary,2,0.0005475046151938537,0.0010018814452147733,0.9984505772590637
643,"[[57]
 [55]
 [52]
 [49]
 [54]]",2,2,pituitary,2,0.008239220827817917,0.0014246655046008527,0.9903361201286316
644,"[[57]
 [55]
 [52]
 [49]
 [54]]",2,2,pituitary,2,0.07577026138703029,0.018116711949308712,0.9061130086580912
645,"[[49]
 [49]
 [51]
 [52]
 [51]
 [53]]",1,0,meningioma,0,0.9635859330495199,0.03631041385233402,0.00010361394864351799
646,"[[57]
 [55]
 [52]
 [49]
 [54]]",2,2,pituitary,2,0.054011634240547814,0.01802683559556802,0.9279614686965942
647,"[[57]
 [55]
 [52]
 [54]
 [49]]",0,2,pituitary,2,0.16177896410226822,0.18384305387735367,0.6543779770533243
648,"[[57]
 [55]
 [52]
 [54]
 [49]]",0,2,pituitary,2,0.025877035533388455,0.011213605136921009,0.9629093805948893
649,"[[57]
 [55]
 [52]
 [54]
 [49]]",0,2,pituitary,2,0.047471617658933006,0.019216048220793407,0.9333123366038004
650,"[[57]
 [55]
 [52]
 [54]
 [49]]",0,2,pituitary,2,0.0274153674642245,0.01277913028995196,0.9598055481910706
651,"[[57]
 [55]
 [52]
 [54]
 [49]]",0,2,pituitary,2,0.00590308103710413,0.0069708035637935,0.987126092116038
652,"[[57]
 [55]
 [52]
 [54]
 [49]]",0,2,pituitary,2,0.008105555238823095,0.025595337773362797,0.9662991166114807
653,"[[57]
 [55]
 [52]
 [54]
 [49]]",0,2,pituitary,2,0.002538081219730278,0.003257178779070576,0.9942046999931335
654,"[[57]
 [55]
 [52]
 [54]
 [49]]",0,2,pituitary,2,0.01315990649163723,0.011351451588173708,0.9754886825879415
655,"[[57]
 [55]
 [52]
 [56]
 [49]]",0,2,pituitary,2,0.015884216253956158,0.019317092063526314,0.9647986888885498
656,"[[49]
 [49]
 [51]
 [52]
 [51]
 [53]]",1,0,meningioma,0,0.9062991340955099,0.09356653193632762,0.0001343609425627316
657,"[[57]
 [55]
 [52]
 [56]
 [49]]",0,2,pituitary,2,0.01978892181068659,0.0467192567884922,0.9334918061892191
658,"[[57]
 [55]
 [52]
 [56]
 [49]]",0,2,pituitary,2,0.0012501377301911514,0.004829583456739783,0.9939203262329102
659,"[[57]
 [55]
 [52]
 [56]
 [49]]",0,2,pituitary,2,0.007943463666985432,0.058946333825588226,0.933110237121582
660,"[[57]
 [55]
 [52]
 [56]
 [49]]",0,2,pituitary,2,0.011913000916441282,0.018201724315683048,0.969885249932607
661,"[[57]
 [55]
 [53]
 [57]
 [57]]",2,2,pituitary,2,0.001693450806972881,0.00027577189515189576,0.9980308016141256
662,"[[57]
 [55]
 [53]
 [57]
 [57]]",2,2,pituitary,2,0.005712202284485102,0.0003535397214970241,0.9939342935880026
663,"[[57]
 [55]
 [56]
 [57]
 [48]]",4,2,pituitary,2,0.010131005197763443,0.0020199917101611695,0.9878489971160889
664,"[[57]
 [55]
 [56]
 [57]
 [48]]",4,2,pituitary,2,0.009451338400443396,0.0012747567767898242,0.9892739454905192
665,"[[57]
 [55]
 [56]
 [57]
 [48]]",4,2,pituitary,2,0.007649880523482959,0.0006426768959499896,0.991707444190979
666,"[[57]
 [55]
 [56]
 [57]
 [48]]",4,2,pituitary,2,0.002215386601164937,0.00022373297542799264,0.9975608785947164
667,"[[49]
 [48]
 [49]
 [49]
 [50]
 [55]]",1,0,meningioma,2,0.29284533361593884,0.042735046396652855,0.6644196112950643
668,"[[49]
 [49]
 [51]
 [53]
 [53]
 [52]]",0,0,meningioma,0,0.862906833489736,0.12503685305515924,0.012056319663921991
669,"[[57]
 [56]
 [52]
 [55]
 [50]]",1,2,pituitary,2,0.016469753657778103,0.0012836452418317397,0.9822466174761454
670,"[[57]
 [56]
 [52]
 [55]
 [50]]",1,2,pituitary,2,0.004082332753265898,0.00018044715883055082,0.9957371751467387
671,"[[57]
 [56]
 [52]
 [55]
 [50]]",1,2,pituitary,2,0.006905892553428809,0.0004950127525565525,0.9925991495450338
672,"[[57]
 [56]
 [52]
 [55]
 [50]]",1,2,pituitary,2,0.014449154026806355,0.0003282664013871302,0.9852225383122762
673,"[[57]
 [56]
 [52]
 [55]
 [50]]",1,2,pituitary,2,0.008526903266708056,0.003693662816658616,0.987779418627421
674,"[[57]
 [56]
 [54]
 [53]
 [50]]",3,2,pituitary,2,0.002065206994302571,0.0009380717528983951,0.9969967802365621
675,"[[57]
 [56]
 [54]
 [53]
 [50]]",3,2,pituitary,2,0.005654961336404085,0.00204263289924711,0.9923023581504822
676,"[[57]
 [56]
 [54]
 [53]
 [50]]",3,2,pituitary,2,0.014777092263102531,0.0033101149989912906,0.9819127917289734
677,"[[57]
 [56]
 [54]
 [53]
 [50]]",3,2,pituitary,2,0.07081768289208412,0.0042196415985624,0.9249626994132996
678,"[[57]
 [56]
 [56]
 [55]
 [49]]",2,2,pituitary,2,0.03149041347205639,0.014939683799942335,0.9535699089368185
679,"[[49]
 [49]
 [51]
 [53]
 [53]
 [52]]",0,0,meningioma,0,0.7290721933046976,0.25623808801174164,0.014689672427872816
680,"[[57]
 [56]
 [56]
 [55]
 [49]]",2,2,pituitary,2,0.05755870292584101,0.0286052655428648,0.9138360222180685
681,"[[57]
 [56]
 [56]
 [55]
 [49]]",2,2,pituitary,2,0.007966209979106983,0.004149567103013396,0.9878842035929362
682,"[[57]
 [56]
 [56]
 [55]
 [49]]",2,2,pituitary,2,0.00495319285740455,0.0031397494797905288,0.9919070601463318
683,"[[57]
 [56]
 [56]
 [55]
 [49]]",2,2,pituitary,2,0.006263583588103454,0.0010274907108396292,0.9927089214324951
684,"[[57]
 [56]
 [56]
 [55]
 [49]]",2,2,pituitary,2,0.005844503951569398,0.0008454072133948406,0.9933101336161295
685,"[[57]
 [56]
 [56]
 [55]
 [49]]",2,2,pituitary,2,0.018848156246046226,0.013728662393987179,0.9674231807390848
686,"[[57]
 [56]
 [56]
 [55]
 [52]]",3,2,pituitary,0,0.5004714727401733,0.010692257434129715,0.48883624871571857
687,"[[57]
 [56]
 [56]
 [55]
 [52]]",3,2,pituitary,2,0.03842288131515185,0.005674860595415036,0.9559021989504496
688,"[[57]
 [56]
 [56]
 [55]
 [52]]",3,2,pituitary,2,0.06751409297188123,0.006057572861512502,0.9264283180236816
689,"[[57]
 [56]
 [56]
 [55]
 [52]]",3,2,pituitary,2,0.20750223100185394,0.008989081718027592,0.7835086782773336
690,"[[49]
 [49]
 [51]
 [53]
 [53]
 [52]]",0,0,meningioma,0,0.671346108118693,0.30557433764139813,0.02307959304501613
691,"[[57]
 [56]
 [56]
 [55]
 [52]]",3,2,pituitary,2,0.24521439770857492,0.022294006620844204,0.7324915726979574
692,"[[57]
 [56]
 [57]
 [57]
 [50]]",2,2,pituitary,2,0.03727200565238794,0.03098643074433009,0.9317415356636047
693,"[[57]
 [56]
 [57]
 [57]
 [50]]",2,2,pituitary,2,0.016417193226516247,0.02795601946612199,0.9556267857551575
694,"[[57]
 [56]
 [57]
 [57]
 [50]]",2,2,pituitary,2,0.00782121391966939,0.016949507718284924,0.975229283173879
695,"[[57]
 [56]
 [57]
 [57]
 [50]]",2,2,pituitary,2,0.045795840521653496,0.013310538915296396,0.9408936103185018
696,"[[57]
 [56]
 [57]
 [57]
 [50]]",2,2,pituitary,2,0.134508083264033,0.015253332753976187,0.8502386212348938
697,"[[57]
 [56]
 [57]
 [57]
 [50]]",2,2,pituitary,2,0.41451624035835266,0.020339325691262882,0.5651444395383199
698,"[[57]
 [56]
 [57]
 [57]
 [50]]",2,2,pituitary,2,0.19514352083206177,0.018900855754812557,0.7859556277592977
699,"[[57]
 [56]
 [57]
 [57]
 [53]]",1,2,pituitary,2,0.011860505056877932,0.003970341291278601,0.9841691454251608
700,"[[57]
 [56]
 [57]
 [57]
 [53]]",1,2,pituitary,2,0.01943099405616522,0.0002918437288220351,0.9802771409352621
701,"[[49]
 [49]
 [51]
 [56]
 [48]
 [53]]",3,0,meningioma,0,0.5078681111335754,0.38831307490666706,0.10381878664096196
702,"[[57]
 [56]
 [57]
 [57]
 [53]]",1,2,pituitary,2,0.05559486150741577,0.0012522007455118,0.9431529641151428
703,"[[57]
 [56]
 [57]
 [57]
 [53]]",1,2,pituitary,0,0.5555448631445566,0.023686350012818973,0.42076878746350604
704,"[[57]
 [56]
 [57]
 [57]
 [53]]",1,2,pituitary,2,0.005544514084855716,0.00043358491772475344,0.9940219124158224
705,"[[57]
 [56]
 [57]
 [57]
 [53]]",1,2,pituitary,2,0.1467269038160642,0.012520284702380499,0.8407528400421143
706,"[[57]
 [57]
 [50]
 [50]
 [51]]",0,2,pituitary,2,0.004763376122961442,0.003754423310359319,0.9914821783701578
707,"[[57]
 [57]
 [50]
 [50]
 [51]]",0,2,pituitary,2,0.0006450287085802605,0.0008320847991853952,0.9985229174296061
708,"[[57]
 [57]
 [50]
 [50]
 [51]]",0,2,pituitary,2,0.007762619915107886,0.006460895140965779,0.9857764840126038
709,"[[57]
 [57]
 [50]
 [50]
 [51]]",0,2,pituitary,2,0.003520301776006818,0.0031629356866081557,0.9933167695999146
710,"[[57]
 [57]
 [50]
 [50]
 [51]]",0,2,pituitary,2,0.0095369853079319,0.0039469706825912,0.9865160385767618
711,"[[57]
 [57]
 [50]
 [50]
 [51]]",0,2,pituitary,2,0.019720233355959255,0.00554294022731483,0.9747368295987447
712,"[[49]
 [49]
 [52]
 [48]
 [49]
 [56]]",0,0,meningioma,0,0.6506840984026591,0.06582428763310115,0.2834916164477666
713,"[[49]
 [48]
 [49]
 [48]
 [49]
 [55]]",2,2,pituitary,2,0.0012720331045178075,0.001293110428377986,0.9974348346392313
714,"[[49]
 [48]
 [49]
 [48]
 [49]
 [55]]",2,2,pituitary,2,0.0006329548292948554,0.0004044921273210396,0.9989625215530396
715,"[[49]
 [48]
 [49]
 [48]
 [49]
 [55]]",2,2,pituitary,2,0.001824929107291003,0.007995550210277239,0.9901795387268066
716,"[[49]
 [48]
 [49]
 [48]
 [49]
 [55]]",2,2,pituitary,2,0.0012610356983107824,0.0022594625673567257,0.9964795112609863
717,"[[49]
 [48]
 [49]
 [48]
 [50]
 [57]]",2,2,pituitary,2,0.0025374741526320577,0.0009384437774618467,0.9965240557988485
718,"[[49]
 [48]
 [49]
 [48]
 [50]
 [57]]",2,2,pituitary,2,0.0006705370760755613,0.0003901241725543514,0.9989393353462219
719,"[[49]
 [48]
 [49]
 [48]
 [50]
 [57]]",2,2,pituitary,2,0.0007875828790323188,0.0005074253470714515,0.9987050294876099
720,"[[49]
 [48]
 [49]
 [48]
 [50]
 [57]]",2,2,pituitary,2,0.0017913175009501476,0.0012120020304185648,0.9969966808954874
721,"[[49]
 [48]
 [49]
 [48]
 [50]
 [57]]",2,2,pituitary,2,0.001174078497570008,0.0013104183793378372,0.9975155194600424
722,"[[49]
 [48]
 [49]
 [48]
 [50]
 [57]]",2,2,pituitary,2,0.0017655979609116912,0.0023716418460632363,0.9958627621332804
723,"[[49]
 [49]
 [52]
 [48]
 [49]
 [56]]",0,0,meningioma,2,0.12468904256820679,0.28062252700328827,0.5946884552637736
724,"[[49]
 [48]
 [49]
 [48]
 [50]
 [57]]",2,2,pituitary,2,0.0010148925163472693,0.0010153499606531113,0.9979698061943054
725,"[[49]
 [48]
 [49]
 [49]
 [52]
 [53]]",3,2,pituitary,2,0.09476196020841599,0.010284777885923782,0.89495321114858
726,"[[49]
 [48]
 [49]
 [49]
 [52]
 [53]]",3,2,pituitary,2,0.10946421821912129,0.005407675635069609,0.8851281603177389
727,"[[49]
 [48]
 [49]
 [49]
 [52]
 [53]]",3,2,pituitary,2,0.09327312807242076,0.02336045665045579,0.8833663860956827
728,"[[49]
 [48]
 [49]
 [49]
 [52]
 [53]]",3,2,pituitary,2,0.08540556579828262,0.0052338573926438885,0.9093605478604635
729,"[[49]
 [48]
 [49]
 [51]
 [48]
 [53]]",1,2,pituitary,2,0.02877233425776164,0.010962209819505611,0.9602654377619425
730,"[[49]
 [48]
 [49]
 [51]
 [48]
 [53]]",1,2,pituitary,2,0.01193568700303634,0.0029807626269757748,0.9850835800170898
731,"[[49]
 [48]
 [49]
 [51]
 [48]
 [53]]",1,2,pituitary,2,0.01664280580977599,0.009785750259955725,0.9735714197158813
732,"[[49]
 [48]
 [49]
 [51]
 [48]
 [53]]",1,2,pituitary,2,0.04041267062226931,0.003398109615469972,0.9561892151832581
733,"[[49]
 [48]
 [49]
 [55]
 [50]
 [52]]",0,2,pituitary,2,0.07057690247893333,0.05482997869451841,0.8745931188265482
734,"[[49]
 [49]
 [52]
 [48]
 [49]
 [56]]",0,0,meningioma,2,0.05905387053887049,0.015903544922669727,0.9250425497690836
735,"[[49]
 [48]
 [49]
 [55]
 [50]
 [52]]",0,2,pituitary,2,0.004685396406178673,0.0065714178296426935,0.9887432058652242
736,"[[49]
 [48]
 [49]
 [55]
 [50]
 [52]]",0,2,pituitary,2,0.0037953706923872232,0.0065089026466012,0.9896957079569498
737,"[[49]
 [48]
 [49]
 [55]
 [50]
 [52]]",0,2,pituitary,2,0.003764774805555741,0.0034470651298761368,0.9927881956100464
738,"[[49]
 [48]
 [49]
 [55]
 [50]
 [52]]",0,2,pituitary,2,0.014461200373868147,0.01862377269814412,0.9669150511423746
739,"[[49]
 [48]
 [49]
 [55]
 [50]
 [52]]",0,2,pituitary,2,0.03847358624140421,0.10723745077848434,0.8542889555295309
740,"[[49]
 [48]
 [50]
 [54]
 [52]
 [56]]",0,2,pituitary,2,0.007995166815817356,0.10547842582066853,0.8865263859430949
741,"[[49]
 [48]
 [50]
 [54]
 [52]
 [56]]",0,2,pituitary,1,0.03044627420604229,0.5221632917722067,0.44739044706026715
742,"[[49]
 [48]
 [50]
 [54]
 [52]
 [56]]",0,2,pituitary,2,0.006311472039669752,0.16566232840220133,0.8280261953671774
743,"[[49]
 [48]
 [50]
 [54]
 [52]
 [56]]",0,2,pituitary,2,0.017364288369814556,0.12272897611061732,0.8599067330360413
744,"[[49]
 [48]
 [50]
 [54]
 [52]
 [56]]",0,2,pituitary,1,0.18311408658822378,0.43309929966926575,0.3837865889072418
745,"[[49]
 [49]
 [52]
 [48]
 [49]
 [56]]",0,0,meningioma,2,0.25871695081392926,0.0712810568511486,0.6700019637743632
746,"[[49]
 [48]
 [50]
 [54]
 [52]
 [56]]",0,2,pituitary,2,0.07028889531890552,0.24111951887607574,0.6885915795962015
747,"[[49]
 [48]
 [50]
 [54]
 [52]
 [56]]",0,2,pituitary,1,0.021174423396587372,0.7314675052960714,0.24735810359319052
748,"[[49]
 [48]
 [50]
 [54]
 [54]
 [57]]",1,2,pituitary,2,0.0037759712043528757,0.0001649011367893157,0.9960591395696005
749,"[[49]
 [48]
 [51]
 [48]
 [52]
 [54]]",0,2,pituitary,2,0.00773365314429005,0.004516625388835867,0.9877497553825378
750,"[[49]
 [48]
 [51]
 [48]
 [52]
 [54]]",0,2,pituitary,2,0.005564598521838586,0.005790604744106531,0.9886448383331299
751,"[[49]
 [48]
 [51]
 [48]
 [52]
 [54]]",0,2,pituitary,2,0.007056087721139193,0.004754674465705951,0.9881892601648966
752,"[[49]
 [48]
 [51]
 [48]
 [52]
 [54]]",0,2,pituitary,2,0.004037878631303708,0.004330469062551856,0.9916316668192545
753,"[[49]
 [48]
 [51]
 [50]
 [53]
 [55]]",1,2,pituitary,2,0.18173705538113913,0.35738010207811993,0.46088287234306335
754,"[[49]
 [48]
 [51]
 [50]
 [53]
 [55]]",1,2,pituitary,2,0.08477022002140681,0.13647791743278503,0.7787518501281738
755,"[[49]
 [48]
 [51]
 [50]
 [53]
 [55]]",1,2,pituitary,2,0.3013956348101298,0.14965039988358816,0.5489539702733358
756,"[[49]
 [49]
 [52]
 [48]
 [49]
 [56]]",0,0,meningioma,0,0.7879121700922648,0.03289647027850151,0.1791913335522016
757,"[[49]
 [48]
 [51]
 [50]
 [53]
 [55]]",1,2,pituitary,2,0.11368272453546524,0.06550532082716624,0.8208120067914327
758,"[[49]
 [48]
 [51]
 [50]
 [53]
 [55]]",1,2,pituitary,2,0.031171865140398342,0.010693288873881102,0.9581348299980164
759,"[[49]
 [48]
 [51]
 [50]
 [53]
 [55]]",1,2,pituitary,2,0.06104078392187754,0.03128510154783726,0.9076741139094034
760,"[[49]
 [48]
 [51]
 [50]
 [53]
 [55]]",1,2,pituitary,2,0.14542044699192047,0.11435448378324509,0.74022509654363
761,"[[49]
 [48]
 [51]
 [52]
 [55]
 [56]]",2,2,pituitary,2,0.10304449498653412,0.012432449186841646,0.8845230539639791
762,"[[49]
 [48]
 [51]
 [52]
 [55]
 [56]]",2,2,pituitary,2,0.00934089549506704,0.007830983183036247,0.9828281402587891
763,"[[49]
 [48]
 [51]
 [52]
 [55]
 [56]]",2,2,pituitary,2,0.009979669315119585,0.0173844862729311,0.9726358652114868
764,"[[49]
 [48]
 [51]
 [52]
 [55]
 [56]]",2,2,pituitary,2,0.030986467997233074,0.053639430552721024,0.9153740803400675
765,"[[49]
 [48]
 [51]
 [52]
 [55]
 [56]]",2,2,pituitary,2,0.058432336896657944,0.002880252276857694,0.9386874437332153
766,"[[49]
 [48]
 [51]
 [52]
 [55]
 [56]]",2,2,pituitary,2,0.03516508638858795,0.017951872510214646,0.9468830426534017
767,"[[49]
 [49]
 [52]
 [51]
 [53]
 [57]]",3,0,meningioma,1,0.14893577744563422,0.8504675030708313,0.0005967769344958166
768,"[[49]
 [48]
 [51]
 [52]
 [55]
 [56]]",2,2,pituitary,2,0.061667351673046746,0.007309031672775745,0.9310235579808553
769,"[[49]
 [48]
 [51]
 [52]
 [55]
 [56]]",2,2,pituitary,2,0.09542875488599141,0.00934488590185841,0.8952263196309408
770,"[[49]
 [48]
 [51]
 [53]
 [56]
 [50]]",4,2,pituitary,2,0.011082817489902178,0.0009080092810715238,0.9880091746648153
771,"[[49]
 [48]
 [51]
 [53]
 [56]
 [50]]",4,2,pituitary,2,0.016884241874019306,0.003579657912875215,0.9795360962549845
772,"[[49]
 [48]
 [51]
 [53]
 [56]
 [50]]",4,2,pituitary,2,0.005007705185562372,0.00260103113638858,0.9923912088076273
773,"[[49]
 [48]
 [51]
 [53]
 [56]
 [50]]",4,2,pituitary,2,0.02097395434975624,0.007495210350801547,0.9715308745702108
774,"[[49]
 [48]
 [51]
 [53]
 [56]
 [50]]",4,2,pituitary,2,0.01146876843025287,0.0015485018181304138,0.9869827429453532
775,"[[49]
 [48]
 [51]
 [53]
 [56]
 [50]]",4,2,pituitary,2,0.009092745992044607,0.00043840155315895873,0.9904688596725464
776,"[[49]
 [48]
 [51]
 [53]
 [56]
 [50]]",4,2,pituitary,2,0.05920490870873133,0.0025941407463202872,0.9382009506225586
777,"[[49]
 [48]
 [51]
 [53]
 [56]
 [50]]",4,2,pituitary,0,0.814432700475057,0.0283509095509847,0.15721638749043146
778,"[[49]
 [48]
 [49]
 [49]
 [50]
 [55]]",1,0,meningioma,2,0.4423062602678935,0.05204197267691294,0.5056517918904623
779,"[[49]
 [49]
 [52]
 [51]
 [53]
 [57]]",3,0,meningioma,1,0.09771626939376195,0.9016127387682596,0.0006709799345117062
780,"[[49]
 [48]
 [51]
 [54]
 [55]
 [48]]",1,2,pituitary,2,0.008995670825242996,0.006930277372399966,0.984074056148529
781,"[[49]
 [48]
 [51]
 [54]
 [55]
 [48]]",1,2,pituitary,2,0.021542519330978394,0.008340999794503054,0.9701164563496908
782,"[[49]
 [48]
 [51]
 [54]
 [55]
 [48]]",1,2,pituitary,2,0.017306371591985226,0.0060370985108117265,0.9766565362612406
783,"[[49]
 [48]
 [51]
 [54]
 [55]
 [48]]",1,2,pituitary,2,0.0033226964684824147,0.0016302916531761487,0.9950469930966696
784,"[[49]
 [48]
 [51]
 [54]
 [55]
 [49]]",0,2,pituitary,2,0.008470498956739902,0.007983775343745947,0.983545700709025
785,"[[49]
 [48]
 [51]
 [54]
 [55]
 [49]]",0,2,pituitary,2,0.022393687317768734,0.005256200830141704,0.9723501205444336
786,"[[49]
 [48]
 [51]
 [54]
 [55]
 [49]]",0,2,pituitary,2,0.015889191068708897,0.00603454140946269,0.9780762791633606
787,"[[49]
 [48]
 [51]
 [54]
 [55]
 [49]]",0,2,pituitary,2,0.03398157594104608,0.01734987273812294,0.9486685395240784
788,"[[49]
 [48]
 [51]
 [54]
 [55]
 [49]]",0,2,pituitary,2,0.03159765526652336,0.020879387234648068,0.9475229978561401
789,"[[49]
 [48]
 [51]
 [55]
 [51]
 [49]]",1,2,pituitary,2,0.024772558361291885,0.004507576581090689,0.9707198540369669
790,"[[49]
 [49]
 [52]
 [51]
 [53]
 [57]]",3,0,meningioma,0,0.8218328158060709,0.17753159006436667,0.0006355894729495049
791,"[[49]
 [48]
 [51]
 [55]
 [51]
 [49]]",1,2,pituitary,2,0.0018455208046361804,0.002526550010467569,0.9956279198328654
792,"[[49]
 [48]
 [51]
 [55]
 [51]
 [49]]",1,2,pituitary,2,0.006308518660565217,0.015904792894919712,0.9777866999308268
793,"[[49]
 [48]
 [51]
 [55]
 [51]
 [49]]",1,2,pituitary,2,0.015230836036304632,0.01814705195526282,0.9666220943133036
794,"[[49]
 [48]
 [51]
 [55]
 [51]
 [49]]",1,2,pituitary,2,0.00794137998794516,0.004458343687777718,0.9876003265380859
795,"[[49]
 [48]
 [51]
 [56]
 [51]
 [55]]",0,2,pituitary,2,0.02550644427537918,0.013899292796850204,0.9605942368507385
796,"[[49]
 [48]
 [51]
 [56]
 [51]
 [55]]",0,2,pituitary,2,0.10390048970778783,0.023765156666437786,0.8723344008127848
797,"[[49]
 [48]
 [51]
 [56]
 [51]
 [55]]",0,2,pituitary,2,0.03135239519178867,0.006656900669137637,0.9619906544685364
798,"[[49]
 [48]
 [51]
 [56]
 [51]
 [55]]",0,2,pituitary,2,0.03298955721159776,0.006829961979140838,0.9601805011431376
799,"[[49]
 [48]
 [51]
 [56]
 [51]
 [55]]",0,2,pituitary,2,0.1295541599392891,0.01589040334026019,0.8545554478963217
800,"[[49]
 [48]
 [51]
 [56]
 [51]
 [55]]",0,2,pituitary,2,0.12361069520314534,0.011882029784222444,0.864507257938385
801,"[[49]
 [49]
 [52]
 [51]
 [53]
 [57]]",3,0,meningioma,0,0.9625686605771383,0.036058065171043076,0.0013732699250491958
802,"[[49]
 [48]
 [51]
 [56]
 [51]
 [55]]",0,2,pituitary,2,0.029008745526274044,0.007953380855421225,0.9630378286043803
803,"[[49]
 [48]
 [52]
 [48]
 [49]
 [57]]",1,2,pituitary,2,0.005048078329612811,0.003034123258354763,0.9919177492459615
804,"[[49]
 [48]
 [52]
 [48]
 [49]
 [57]]",1,2,pituitary,2,0.004810377179334561,0.001060402059617142,0.9941292802492777
805,"[[49]
 [48]
 [52]
 [48]
 [49]
 [57]]",1,2,pituitary,2,0.06285128990809123,0.006273913662880659,0.9308748245239258
806,"[[49]
 [48]
 [52]
 [48]
 [49]
 [57]]",1,2,pituitary,2,0.019088913065691788,0.006019459726909797,0.9748915831247965
807,"[[49]
 [48]
 [52]
 [53]
 [53]
 [56]]",0,2,pituitary,2,0.017653260690470535,0.04746460169553757,0.9348821441332499
808,"[[49]
 [48]
 [52]
 [53]
 [53]
 [56]]",0,2,pituitary,2,0.013611224790414175,0.01310896392290791,0.9732797940572103
809,"[[49]
 [48]
 [52]
 [53]
 [53]
 [56]]",0,2,pituitary,2,0.038765753308931984,0.0589791281769673,0.9022551576296488
810,"[[49]
 [48]
 [52]
 [53]
 [53]
 [56]]",0,2,pituitary,2,0.05964465687672297,0.11549114808440208,0.8248641689618429
811,"[[49]
 [48]
 [52]
 [53]
 [53]
 [56]]",0,2,pituitary,2,0.04860802118976911,0.052736047034462295,0.8986559311548868
812,"[[49]
 [49]
 [52]
 [51]
 [53]
 [57]]",3,0,meningioma,0,0.6589078307151794,0.3405460814634959,0.0005460771014137814
813,"[[49]
 [48]
 [52]
 [53]
 [53]
 [56]]",0,2,pituitary,2,0.042668648064136505,0.026704760268330574,0.9306265711784363
814,"[[49]
 [48]
 [52]
 [53]
 [53]
 [56]]",0,2,pituitary,2,0.016791257075965405,0.005270596050346891,0.977938195069631
815,"[[49]
 [48]
 [52]
 [53]
 [53]
 [56]]",0,2,pituitary,2,0.032822275534272194,0.2907257676124573,0.6764519214630127
816,"[[49]
 [48]
 [52]
 [53]
 [53]
 [56]]",0,2,pituitary,2,0.037809294338027634,0.17651071151097616,0.7856799960136414
817,"[[49]
 [48]
 [52]
 [54]
 [56]
 [52]]",3,2,pituitary,2,0.0008301748506103953,0.0013594997387068968,0.9978103439013163
818,"[[49]
 [48]
 [52]
 [54]
 [56]
 [52]]",3,2,pituitary,2,0.00038295060706635314,0.0012527028447948396,0.9983643293380737
819,"[[49]
 [48]
 [52]
 [54]
 [56]
 [52]]",3,2,pituitary,2,0.0003244020772399381,0.0003395949800809224,0.9993359645207723
820,"[[49]
 [48]
 [52]
 [54]
 [56]
 [52]]",3,2,pituitary,2,0.0019939353223890066,0.0005983505204009513,0.9974077542622884
821,"[[49]
 [48]
 [52]
 [54]
 [56]
 [52]]",3,2,pituitary,2,0.0008932538718606035,0.001569517112026612,0.9975371956825256
822,"[[49]
 [48]
 [52]
 [54]
 [56]
 [52]]",3,2,pituitary,2,0.0008241861263134828,0.0010825800127349794,0.9980932275454203
823,"[[49]
 [49]
 [52]
 [51]
 [53]
 [57]]",3,0,meningioma,1,0.15244358777999878,0.847201387087504,0.0003550620749592781
824,"[[49]
 [48]
 [52]
 [54]
 [56]
 [52]]",3,2,pituitary,2,0.0019294902061422665,0.033800639833013214,0.9642698566118876
825,"[[49]
 [48]
 [52]
 [57]
 [49]
 [50]]",2,2,pituitary,2,0.005641795229166746,0.003127594400818149,0.9912305871645609
826,"[[49]
 [48]
 [52]
 [57]
 [49]
 [50]]",2,2,pituitary,2,0.004115763197963436,0.002138183180553218,0.9937460422515869
827,"[[49]
 [48]
 [52]
 [57]
 [49]
 [50]]",2,2,pituitary,2,0.002962868893519044,0.005550978860507409,0.9914862116177877
828,"[[49]
 [48]
 [52]
 [57]
 [49]
 [50]]",2,2,pituitary,2,0.09704651186863582,0.26881978909174603,0.6341336766878763
829,"[[49]
 [48]
 [52]
 [57]
 [49]
 [50]]",2,2,pituitary,2,0.013721620353559652,0.0017398413425932329,0.9845384955406189
830,"[[49]
 [48]
 [52]
 [57]
 [49]
 [50]]",2,2,pituitary,2,0.010637433889011541,0.003093973034992814,0.9862686196962992
831,"[[49]
 [48]
 [52]
 [57]
 [49]
 [50]]",2,2,pituitary,2,0.0040077026933431625,0.016497377306222916,0.9794949094454447
832,"[[49]
 [48]
 [53]
 [49]
 [56]
 [55]]",0,2,pituitary,2,0.04202181473374367,0.016407165365914505,0.941571036974589
833,"[[49]
 [48]
 [53]
 [49]
 [56]
 [55]]",0,2,pituitary,2,0.05738000820080439,0.0247083796809117,0.9179115891456604
834,"[[57]
 [55]
 [54]
 [48]
 [55]]",2,0,meningioma,0,0.6855695048967997,0.31369327505429584,0.0007372141699306667
835,"[[49]
 [48]
 [53]
 [49]
 [56]
 [55]]",0,2,pituitary,2,0.1153252770503362,0.010290441568940878,0.8743842641512553
836,"[[49]
 [48]
 [53]
 [49]
 [56]
 [55]]",0,2,pituitary,2,0.030679168179631233,0.04320091133316358,0.9261199037233988
837,"[[49]
 [48]
 [53]
 [49]
 [56]
 [55]]",0,2,pituitary,2,0.025948579733570416,0.010432303262253603,0.9636190931002299
838,"[[49]
 [48]
 [53]
 [49]
 [56]
 [55]]",0,2,pituitary,2,0.05327862873673439,0.0413420262436072,0.9053793350855509
839,"[[49]
 [48]
 [53]
 [52]
 [55]
 [53]]",3,2,pituitary,0,0.49293968081474304,0.027286237105727196,0.47977407773335773
840,"[[49]
 [48]
 [53]
 [52]
 [55]
 [53]]",3,2,pituitary,0,0.6330739259719849,0.10939307262500127,0.2575330138206482
841,"[[49]
 [48]
 [53]
 [52]
 [55]
 [53]]",3,2,pituitary,2,0.14330847064654031,0.011036676044265429,0.8456548055013021
842,"[[49]
 [48]
 [53]
 [52]
 [55]
 [53]]",3,2,pituitary,2,0.33044469356536865,0.025559494892756145,0.6439958214759827
843,"[[49]
 [48]
 [53]
 [52]
 [55]
 [53]]",3,2,pituitary,2,0.2119546780983607,0.009190211072564125,0.7788550853729248
844,"[[49]
 [48]
 [53]
 [53]
 [51]
 [56]]",2,2,pituitary,0,0.8890636563301086,0.0915032501022021,0.019433137960731983
845,"[[57]
 [55]
 [54]
 [48]
 [55]]",2,0,meningioma,0,0.9576997955640157,0.041170390943686165,0.0011298060805226366
846,"[[49]
 [48]
 [53]
 [53]
 [51]
 [56]]",2,2,pituitary,0,0.891792913277944,0.06585379193226497,0.04235325877865156
847,"[[49]
 [48]
 [53]
 [54]
 [51]
 [56]]",3,2,pituitary,2,0.0015172676842970152,0.08944028119246165,0.909042477607727
848,"[[49]
 [48]
 [53]
 [54]
 [51]
 [56]]",3,2,pituitary,2,0.00430085191813608,0.03586266748607159,0.959836483001709
849,"[[49]
 [48]
 [53]
 [54]
 [51]
 [56]]",3,2,pituitary,2,0.0024922514567151666,0.006348978417615096,0.9911587635676066
850,"[[49]
 [48]
 [53]
 [54]
 [51]
 [56]]",3,2,pituitary,2,0.0008329567693484327,0.0025708655205865702,0.9965961774190267
851,"[[49]
 [48]
 [53]
 [54]
 [51]
 [56]]",3,2,pituitary,2,0.003534209681674838,0.009153778431937099,0.9873119592666626
852,"[[57]
 [55]
 [52]
 [49]
 [54]]",2,2,pituitary,2,0.005508076399564743,0.0015546813762436311,0.9929372668266296
853,"[[57]
 [55]
 [52]
 [49]
 [54]]",2,2,pituitary,2,0.004569450626149774,0.009223496386160454,0.9862070679664612
854,"[[57]
 [55]
 [52]
 [49]
 [54]]",2,2,pituitary,2,0.015343189860383669,0.013840822502970695,0.9708159764607748
855,"[[57]
 [55]
 [52]
 [49]
 [54]]",2,2,pituitary,2,0.43677876393000287,0.10272563248872757,0.46049559116363525
856,"[[57]
 [55]
 [54]
 [48]
 [55]]",2,0,meningioma,0,0.6634717384974161,0.3361864785353343,0.00034176687283130985
857,"[[57]
 [55]
 [52]
 [49]
 [54]]",2,2,pituitary,2,0.26224743326505023,0.032265339667598404,0.7054872115453085
858,"[[57]
 [55]
 [52]
 [49]
 [54]]",2,2,pituitary,0,0.520811547835668,0.10834551602602005,0.37084290385246277
859,"[[57]
 [55]
 [52]
 [49]
 [54]]",2,2,pituitary,2,0.24477305511633554,0.035392407327890396,0.719834546248118
860,"[[57]
 [55]
 [52]
 [54]
 [49]]",0,2,pituitary,2,0.07413501540819804,0.052184817691644035,0.8736801942189535
861,"[[57]
 [55]
 [52]
 [54]
 [49]]",0,2,pituitary,2,0.06136133645971616,0.013552363961935043,0.925086259841919
862,"[[57]
 [55]
 [52]
 [54]
 [49]]",0,2,pituitary,2,0.04901093120376269,0.025333488980929058,0.9256556232770284
863,"[[57]
 [55]
 [52]
 [54]
 [49]]",0,2,pituitary,2,0.02582181120912234,0.013370903519292673,0.9608072638511658
864,"[[57]
 [55]
 [52]
 [54]
 [49]]",0,2,pituitary,2,0.021346609418590862,0.015911899817486603,0.962741494178772
865,"[[57]
 [55]
 [52]
 [54]
 [49]]",0,2,pituitary,2,0.010793141244600216,0.004270595187942187,0.98493625720342
866,"[[57]
 [55]
 [52]
 [54]
 [49]]",0,2,pituitary,2,0.0128197663774093,0.004766918408373992,0.9824132919311523
867,"[[57]
 [55]
 [54]
 [48]
 [55]]",2,0,meningioma,0,0.9576313098271688,0.04225725308060646,0.00011146982190742467
868,"[[57]
 [55]
 [52]
 [54]
 [49]]",0,2,pituitary,2,0.0732378972073396,0.030120995516578358,0.8966410954793295
869,"[[57]
 [55]
 [52]
 [56]
 [49]]",0,2,pituitary,2,0.023654016045232613,0.006131238459299008,0.9702147841453552
870,"[[57]
 [55]
 [52]
 [56]
 [49]]",0,2,pituitary,2,0.010179014566044012,0.007403594286491473,0.9824173450469971
871,"[[57]
 [55]
 [52]
 [56]
 [49]]",0,2,pituitary,2,0.025888861467440922,0.02613532915711403,0.9479758143424988
872,"[[57]
 [55]
 [52]
 [56]
 [49]]",0,2,pituitary,2,0.017841297822693985,0.01520182533810536,0.966956893603007
873,"[[57]
 [55]
 [52]
 [56]
 [49]]",0,2,pituitary,2,0.011065649179120859,0.006946730737884839,0.9819875756899515
874,"[[57]
 [55]
 [53]
 [57]
 [57]]",2,2,pituitary,2,0.00870409281924367,0.00046743454489236075,0.9908284942309061
875,"[[57]
 [55]
 [53]
 [57]
 [57]]",2,2,pituitary,2,0.11378798882166545,0.0017162373987957835,0.8844957947731018
876,"[[57]
 [55]
 [53]
 [57]
 [57]]",2,2,pituitary,2,0.012469370849430561,0.0011274255812168121,0.986403226852417
877,"[[57]
 [55]
 [56]
 [57]
 [48]]",4,2,pituitary,2,0.032635498171051346,0.009825701204439005,0.9575388232866923
878,"[[57]
 [55]
 [54]
 [48]
 [55]]",2,0,meningioma,0,0.6577303608258566,0.3417115310827891,0.000558119616471231
879,"[[57]
 [55]
 [56]
 [57]
 [48]]",4,2,pituitary,2,0.037696568916241326,0.008568604166309038,0.953734834988912
880,"[[57]
 [55]
 [56]
 [57]
 [48]]",4,2,pituitary,2,0.051361999164024986,0.007759689508626859,0.9408783316612244
881,"[[57]
 [55]
 [56]
 [57]
 [48]]",4,2,pituitary,2,0.02835633729894956,0.0035097935081770024,0.9681338469187418
882,"[[57]
 [55]
 [56]
 [57]
 [48]]",4,2,pituitary,2,0.008794255709896484,0.0016922079569970567,0.9895135164260864
883,"[[57]
 [55]
 [56]
 [57]
 [48]]",4,2,pituitary,2,0.003648260530705253,0.0004202354660568138,0.9959315061569214
884,"[[57]
 [56]
 [52]
 [55]
 [50]]",1,2,pituitary,2,0.0056638369957606,0.002155948973571261,0.9921802083651224
885,"[[57]
 [56]
 [52]
 [55]
 [50]]",1,2,pituitary,2,0.012146389111876488,0.009659437152246634,0.9781942168871561
886,"[[57]
 [56]
 [52]
 [55]
 [50]]",1,2,pituitary,2,0.03962018837531408,0.10013635704914729,0.8602434595425924
887,"[[57]
 [56]
 [52]
 [55]
 [50]]",1,2,pituitary,2,0.007752451269576947,0.007200400655468305,0.9850471218427023
888,"[[57]
 [56]
 [52]
 [55]
 [50]]",1,2,pituitary,2,0.007106535912801822,0.006310571450740099,0.9865829149881998
889,"[[49]
 [48]
 [49]
 [49]
 [50]
 [55]]",1,0,meningioma,0,0.7039485971132914,0.08903562029202779,0.20701577762762705
890,"[[57]
 [55]
 [55]
 [51]
 [55]]",1,0,meningioma,0,0.9975686470667521,0.0022086268290877342,0.00022271634710098928
891,"[[57]
 [56]
 [52]
 [55]
 [50]]",1,2,pituitary,2,0.008182591137786707,0.0037107604245344796,0.9881066481272379
892,"[[57]
 [56]
 [54]
 [53]
 [50]]",3,2,pituitary,2,0.009168925850341717,0.0029384275743116937,0.9878926078478495
893,"[[57]
 [56]
 [54]
 [53]
 [50]]",3,2,pituitary,2,0.0017909463883067172,0.0053192431417604285,0.9928898413976034
894,"[[57]
 [56]
 [54]
 [53]
 [50]]",3,2,pituitary,2,0.005683084639410178,0.005322922642032306,0.9889939824740092
895,"[[57]
 [56]
 [54]
 [53]
 [50]]",3,2,pituitary,2,0.005777890173097451,0.012307165811459223,0.9819149573644003
896,"[[57]
 [56]
 [54]
 [53]
 [50]]",3,2,pituitary,2,0.02267668955028057,0.12747849275668463,0.8498448332150778
897,"[[57]
 [56]
 [56]
 [55]
 [49]]",2,2,pituitary,2,0.05286285405357679,0.03501966595649719,0.9121174812316895
898,"[[57]
 [56]
 [56]
 [55]
 [49]]",2,2,pituitary,2,0.07656123985846837,0.08108832190434138,0.842350443204244
899,"[[57]
 [56]
 [56]
 [55]
 [49]]",2,2,pituitary,2,0.20704884827136993,0.07351821164290111,0.7194329301516215
900,"[[57]
 [56]
 [56]
 [55]
 [49]]",2,2,pituitary,2,0.0820380946000417,0.05402993162473043,0.863931934038798
901,"[[57]
 [55]
 [55]
 [51]
 [55]]",1,0,meningioma,0,0.9865297476450602,0.012849776695171991,0.0006204914728490015
902,"[[57]
 [56]
 [56]
 [55]
 [49]]",2,2,pituitary,1,0.20889138678709665,0.4455009698867798,0.3456076184908549
903,"[[57]
 [56]
 [56]
 [55]
 [49]]",2,2,pituitary,2,0.08700673530499141,0.11129187047481537,0.8017013867696127
904,"[[57]
 [56]
 [56]
 [55]
 [49]]",2,2,pituitary,2,0.0314040199543039,0.002881646156311035,0.9657143354415894
905,"[[57]
 [56]
 [56]
 [55]
 [52]]",3,2,pituitary,2,0.12085237105687459,0.012294810265302658,0.8668527801831564
906,"[[57]
 [56]
 [56]
 [55]
 [52]]",3,2,pituitary,2,0.213155597448349,0.058768692115942635,0.7280757228533427
907,"[[57]
 [56]
 [56]
 [55]
 [52]]",3,2,pituitary,2,0.12513979027668634,0.006700566581760843,0.8681596914927164
908,"[[57]
 [56]
 [56]
 [55]
 [52]]",3,2,pituitary,2,0.08206274857123692,0.14998027185599008,0.7679569919904073
909,"[[57]
 [56]
 [56]
 [55]
 [52]]",3,2,pituitary,2,0.1518212854862213,0.013297625506917635,0.834881067276001
910,"[[57]
 [56]
 [56]
 [55]
 [52]]",3,2,pituitary,2,0.1831938773393631,0.06597018986940384,0.7508359352747599
911,"[[57]
 [56]
 [57]
 [57]
 [50]]",2,2,pituitary,0,0.8281693259874979,0.055133073280255,0.116697592039903
912,"[[57]
 [55]
 [55]
 [51]
 [55]]",1,0,meningioma,0,0.9950713316599528,0.00473247825478514,0.00019621648243628442
913,"[[57]
 [56]
 [57]
 [57]
 [50]]",2,2,pituitary,0,0.5025516450405121,0.00719654265170296,0.4902517894903819
914,"[[57]
 [56]
 [57]
 [57]
 [50]]",2,2,pituitary,0,0.6925440828005472,0.0228604922691981,0.28459543983141583
915,"[[57]
 [56]
 [57]
 [57]
 [50]]",2,2,pituitary,2,0.1846828212340673,0.07233310242493947,0.7429840564727783
916,"[[57]
 [56]
 [57]
 [57]
 [50]]",2,2,pituitary,2,0.04498938595255216,0.0319915059953928,0.9230191111564636
917,"[[57]
 [56]
 [57]
 [57]
 [50]]",2,2,pituitary,2,0.05121510848402977,0.012672315662105879,0.9361125628153483
918,"[[57]
 [56]
 [57]
 [57]
 [50]]",2,2,pituitary,2,0.029887027417620022,0.015159079494575659,0.9549539089202881
919,"[[57]
 [56]
 [57]
 [57]
 [50]]",2,2,pituitary,2,0.31592350204785663,0.05957974990208944,0.6244967381159464
920,"[[57]
 [56]
 [57]
 [57]
 [50]]",2,2,pituitary,2,0.02976137523849805,0.014645469064513842,0.9555931687355042
921,"[[57]
 [56]
 [57]
 [57]
 [50]]",2,2,pituitary,2,0.048097038020690284,0.0036060490335027375,0.9482969045639038
922,"[[57]
 [56]
 [57]
 [57]
 [50]]",2,2,pituitary,2,0.13560251394907633,0.018008881869415443,0.8463886181513468
923,"[[57]
 [55]
 [55]
 [51]
 [55]]",1,0,meningioma,0,0.9563099145889282,0.04354443649450938,0.0001456018968989762
924,"[[57]
 [56]
 [57]
 [57]
 [53]]",1,2,pituitary,2,0.008196534278492132,0.011095386308928331,0.980708102385203
925,"[[57]
 [56]
 [57]
 [57]
 [53]]",1,2,pituitary,2,0.0032042745345582566,0.0015337085351347923,0.9952619870503744
926,"[[57]
 [56]
 [57]
 [57]
 [53]]",1,2,pituitary,2,0.016015642943481605,0.006134457886219025,0.9778499603271484
927,"[[57]
 [56]
 [57]
 [57]
 [53]]",1,2,pituitary,2,0.0037170553114265203,0.0012422796183576186,0.9950406352678934
928,"[[57]
 [56]
 [57]
 [57]
 [53]]",1,2,pituitary,2,0.021402827153603237,0.0013413189638716478,0.9772559007008871
929,"[[57]
 [57]
 [50]
 [50]
 [51]]",0,2,pituitary,2,0.015298374928534031,0.001826934943286081,0.9828746914863586
930,"[[57]
 [57]
 [50]
 [50]
 [51]]",0,2,pituitary,2,0.01717883472641309,0.002446295111440122,0.9803749124209086
931,"[[57]
 [57]
 [50]
 [50]
 [51]]",0,2,pituitary,2,0.007638498364637296,0.009565263365705809,0.9827962517738342
932,"[[57]
 [57]
 [50]
 [50]
 [51]]",0,2,pituitary,2,0.013895081356167793,0.010423931448409954,0.9756810069084167
933,"[[57]
 [57]
 [50]
 [50]
 [51]]",0,2,pituitary,2,0.05187935009598732,0.014537460170686245,0.9335832198460897
934,"[[57]
 [55]
 [56]
 [55]
 [53]]",3,0,meningioma,0,0.9019171992937723,0.07135533044735591,0.026727495715022087
935,"[[57]
 [57]
 [50]
 [50]
 [51]]",0,2,pituitary,2,0.03568563237786293,0.003505022885898749,0.9608093500137329
936,"[[77]
 [82]
 [48]
 [52]
 [56]
 [50]
 [57]
 [52]]",0,1,glioma,1,0.007583607919514179,0.9127105275789896,0.07970584432284038
937,"[[77]
 [82]
 [48]
 [52]
 [56]
 [50]
 [57]
 [52]]",0,1,glioma,1,0.007003426862259706,0.9728006919225057,0.020195897668600082
938,"[[77]
 [82]
 [48]
 [52]
 [56]
 [50]
 [57]
 [52]]",0,1,glioma,1,0.0032767875818535686,0.9961185455322266,0.0006046509952284396
939,"[[77]
 [82]
 [48]
 [52]
 [56]
 [50]
 [57]
 [52]]",0,1,glioma,1,0.0010751975642051548,0.9982949097951254,0.0006299165931219856
940,"[[77]
 [82]
 [48]
 [52]
 [56]
 [50]
 [57]
 [52]]",0,1,glioma,1,0.00042082103027496487,0.9995356599489847,4.352853041685497e-05
941,"[[77]
 [82]
 [48]
 [52]
 [56]
 [50]
 [57]
 [52]]",0,1,glioma,1,0.00044597431163613993,0.999528169631958,2.586690698080929e-05
942,"[[77]
 [82]
 [48]
 [52]
 [56]
 [50]
 [57]
 [52]]",0,1,glioma,1,0.0004454828498031323,0.9994925459225973,6.194165628888489e-05
943,"[[77]
 [82]
 [48]
 [52]
 [56]
 [50]
 [57]
 [52]]",0,1,glioma,1,0.0007211659443176662,0.9991338849067688,0.00014497600447308892
944,"[[77]
 [82]
 [48]
 [52]
 [56]
 [50]
 [57]
 [55]]",4,1,glioma,1,0.000805118625673155,0.996215283870697,0.002979628935766717
945,"[[57]
 [55]
 [56]
 [55]
 [53]]",3,0,meningioma,0,0.7590680917104086,0.03958985457817713,0.20134210089842478
946,"[[77]
 [82]
 [48]
 [52]
 [56]
 [50]
 [57]
 [55]]",4,1,glioma,1,0.002418176969513297,0.9971630573272705,0.0004187976786245902
947,"[[77]
 [82]
 [48]
 [52]
 [56]
 [50]
 [57]
 [55]]",4,1,glioma,1,0.0070709398326774435,0.9870587388674418,0.005870328129579623
948,"[[77]
 [82]
 [48]
 [52]
 [56]
 [50]
 [57]
 [55]]",4,1,glioma,1,0.002646661247126758,0.9966416160265604,0.000711726121759663
949,"[[77]
 [82]
 [48]
 [52]
 [56]
 [50]
 [57]
 [52]
 [66]]",4,1,glioma,1,0.0009348619690475365,0.9978916247685751,0.0011735252919606864
950,"[[77]
 [82]
 [48]
 [52]
 [56]
 [54]
 [50]
 [49]
 [66]]",0,1,glioma,1,0.020863685756921768,0.9716399709383646,0.007496317538122336
951,"[[77]
 [82]
 [48]
 [52]
 [56]
 [54]
 [50]
 [49]
 [66]]",0,1,glioma,1,0.055870432406663895,0.8656614025433859,0.07846815014878909
952,"[[77]
 [82]
 [48]
 [52]
 [56]
 [54]
 [50]
 [49]
 [66]]",0,1,glioma,1,0.08299081772565842,0.7601850231488546,0.15682412683963776
953,"[[77]
 [82]
 [48]
 [52]
 [56]
 [54]
 [50]
 [49]
 [66]]",0,1,glioma,1,0.02655789628624916,0.5035325090090433,0.4699095884958903
954,"[[77]
 [82]
 [48]
 [52]
 [56]
 [54]
 [50]
 [49]
 [66]]",0,1,glioma,1,0.03632129107912382,0.8416199485460917,0.12205873802304268
955,"[[77]
 [82]
 [48]
 [52]
 [56]
 [54]
 [50]
 [49]
 [66]]",0,1,glioma,1,0.17023115853468576,0.7871810595194498,0.042587785671154656
956,"[[57]
 [55]
 [56]
 [55]
 [53]]",3,0,meningioma,0,0.6535063982009888,0.22557314733664194,0.12092049171527226
957,"[[77]
 [82]
 [48]
 [52]
 [56]
 [54]
 [50]
 [49]
 [66]]",0,1,glioma,1,0.037546794240673385,0.9600830674171448,0.002370170201174915
958,"[[77]
 [82]
 [48]
 [52]
 [56]
 [54]
 [50]
 [49]
 [66]]",0,1,glioma,1,0.29390514890352887,0.7047223051389059,0.0013725429113643866
959,"[[77]
 [82]
 [48]
 [52]
 [56]
 [57]
 [52]
 [52]]",4,1,glioma,1,0.0694982757170995,0.9217479825019836,0.008753753267228603
960,"[[77]
 [82]
 [48]
 [52]
 [56]
 [57]
 [52]
 [52]]",4,1,glioma,1,0.11765911430120468,0.8794907927513123,0.002850073932980498
961,"[[77]
 [82]
 [48]
 [52]
 [56]
 [57]
 [52]
 [52]]",4,1,glioma,1,0.3285590509573619,0.6611841917037964,0.010256778448820114
962,"[[77]
 [82]
 [48]
 [52]
 [56]
 [57]
 [52]
 [52]]",4,1,glioma,1,0.3479124406973521,0.6443915963172913,0.0076959591048459215
963,"[[77]
 [82]
 [48]
 [52]
 [56]
 [57]
 [52]
 [52]]",4,1,glioma,0,0.8414983550707499,0.1560123935341835,0.002489257177027563
964,"[[77]
 [82]
 [48]
 [52]
 [56]
 [57]
 [52]
 [52]]",4,1,glioma,0,0.827858547369639,0.15444084505240122,0.01770063489675522
965,"[[77]
 [82]
 [48]
 [52]
 [56]
 [57]
 [52]
 [52]]",4,1,glioma,0,0.4657136897246043,0.2021076331535975,0.33217862248420715
966,"[[77]
 [82]
 [48]
 [52]
 [56]
 [57]
 [52]
 [52]]",4,1,glioma,0,0.847592830657959,0.13572721431652704,0.016680004075169563
967,"[[57]
 [55]
 [57]
 [52]
 [51]]",1,0,meningioma,0,0.9905692934989929,0.0016061454080045223,0.007824554573744535
968,"[[77]
 [82]
 [48]
 [52]
 [56]
 [57]
 [57]
 [52]]",1,1,glioma,1,0.010843889166911444,0.9886034528414408,0.0005526677899373075
969,"[[77]
 [82]
 [48]
 [52]
 [56]
 [57]
 [57]
 [52]]",1,1,glioma,1,0.07118705411752065,0.9283609390258789,0.00045201518999723095
970,"[[77]
 [82]
 [48]
 [52]
 [56]
 [57]
 [57]
 [52]]",1,1,glioma,1,0.2273710866769155,0.7724303205808004,0.00019861843611579388
971,"[[77]
 [82]
 [48]
 [52]
 [56]
 [57]
 [57]
 [52]]",1,1,glioma,1,0.059948901335398354,0.9398366212844849,0.00021446562459459528
972,"[[77]
 [82]
 [48]
 [52]
 [56]
 [57]
 [57]
 [52]]",1,1,glioma,1,0.22215823829174042,0.7775690952936808,0.00027267222564357024
973,"[[77]
 [82]
 [48]
 [52]
 [56]
 [57]
 [57]
 [52]]",1,1,glioma,1,0.18944750726222992,0.8092262347539266,0.0013262721865127485
974,"[[77]
 [82]
 [48]
 [52]
 [56]
 [57]
 [57]
 [52]]",1,1,glioma,1,0.2344730794429779,0.7652735908826193,0.00025336027950591716
975,"[[77]
 [82]
 [48]
 [52]
 [56]
 [57]
 [57]
 [52]]",1,1,glioma,1,0.4718898634115855,0.5278393427530924,0.0002707788662519306
976,"[[77]
 [82]
 [48]
 [52]
 [56]
 [57]
 [57]
 [52]]",1,1,glioma,0,0.6527223984400431,0.3464652548233668,0.0008123731143617382
977,"[[77]
 [82]
 [48]
 [52]
 [57]
 [49]
 [48]
 [52]]",3,1,glioma,1,0.0013491404145800818,0.9981568455696106,0.000494035892188549
978,"[[57]
 [55]
 [57]
 [52]
 [51]]",1,0,meningioma,0,0.9219366510709127,0.014846859189371267,0.06321649998426437
979,"[[77]
 [82]
 [48]
 [52]
 [57]
 [49]
 [48]
 [52]]",3,1,glioma,1,0.0012777593995754917,0.9953696529070536,0.003352596346909801
980,"[[77]
 [82]
 [48]
 [52]
 [57]
 [49]
 [52]
 [50]]",2,1,glioma,0,0.6161741614341736,0.36847148338953656,0.015354350209236145
981,"[[77]
 [82]
 [48]
 [52]
 [57]
 [49]
 [52]
 [50]]",2,1,glioma,1,0.06886431574821472,0.9194937348365784,0.011641957176228365
982,"[[77]
 [82]
 [48]
 [52]
 [57]
 [49]
 [52]
 [50]]",2,1,glioma,0,0.6790819962819418,0.289046049118042,0.03187193721532822
983,"[[77]
 [82]
 [48]
 [52]
 [57]
 [49]
 [52]
 [50]]",2,1,glioma,1,0.33321849008401233,0.6563581824302673,0.010423328882704178
984,"[[77]
 [82]
 [48]
 [52]
 [56]
 [57]
 [57]
 [52]
 [66]]",3,1,glioma,1,0.00012624014379980508,0.9998108943303426,6.286150589100241e-05
985,"[[77]
 [82]
 [48]
 [52]
 [56]
 [57]
 [57]
 [52]
 [66]]",3,1,glioma,1,0.00018213811078264067,0.9997523029645284,6.554985763311076e-05
986,"[[77]
 [82]
 [48]
 [52]
 [56]
 [57]
 [57]
 [52]
 [66]]",3,1,glioma,1,0.00022646449118231735,0.999684194723765,8.931328072018611e-05
987,"[[77]
 [82]
 [48]
 [52]
 [56]
 [57]
 [57]
 [52]
 [66]]",3,1,glioma,1,0.0011882548957752685,0.9981107115745544,0.0007010395056568086
988,"[[77]
 [82]
 [48]
 [52]
 [56]
 [57]
 [57]
 [52]
 [66]]",3,1,glioma,1,0.002825377780633668,0.9967416127522787,0.0004330201433428253
989,"[[57]
 [55]
 [57]
 [52]
 [51]]",1,0,meningioma,0,0.8158837159474691,0.1690421849489212,0.015074117730061213
990,"[[77]
 [82]
 [48]
 [52]
 [56]
 [57]
 [57]
 [52]
 [66]]",3,1,glioma,1,0.0029304780376454196,0.9970484574635824,2.1061951429146575e-05
991,"[[77]
 [82]
 [48]
 [52]
 [56]
 [57]
 [57]
 [52]
 [66]]",3,1,glioma,1,0.025830710617204506,0.9739679296811422,0.00020139504340477288
992,"[[77]
 [82]
 [48]
 [52]
 [56]
 [57]
 [57]
 [52]
 [66]]",3,1,glioma,1,0.09869547560811043,0.9006547927856445,0.000649705461304014
993,"[[77]
 [82]
 [48]
 [52]
 [56]
 [57]
 [52]
 [52]
 [66]]",1,1,glioma,1,0.0011863942878941696,0.9983317057291666,0.00048192959123601514
994,"[[77]
 [82]
 [48]
 [52]
 [56]
 [57]
 [52]
 [52]
 [66]]",1,1,glioma,1,0.0038004552479833364,0.995648185412089,0.0005513922757624338
995,"[[77]
 [82]
 [48]
 [52]
 [56]
 [57]
 [52]
 [52]
 [66]]",1,1,glioma,1,0.0013285610281551878,0.9986561338106791,1.5295553869994667e-05
996,"[[77]
 [82]
 [48]
 [52]
 [56]
 [57]
 [52]
 [52]
 [66]]",1,1,glioma,1,0.0006636721664108336,0.9992907047271729,4.564873112637239e-05
997,"[[77]
 [82]
 [48]
 [52]
 [56]
 [57]
 [52]
 [52]
 [66]]",1,1,glioma,1,0.0015050680764640372,0.9982080260912577,0.00028692536579910666
998,"[[77]
 [82]
 [48]
 [52]
 [56]
 [57]
 [52]
 [52]
 [66]]",1,1,glioma,1,0.00059185740731967,0.9982878168423971,0.0011203118871587019
999,"[[77]
 [82]
 [48]
 [52]
 [57]
 [51]
 [53]
 [56]]",2,1,glioma,1,0.01451785738269488,0.7799303730328878,0.2055517633756002
1000,"[[49]
 [48]
 [49]
 [49]
 [50]
 [55]]",1,0,meningioma,2,0.13569863885641098,0.1447539652387301,0.7195474108060201
1001,"[[57]
 [55]
 [57]
 [52]
 [51]]",1,0,meningioma,0,0.9213365316390991,0.068278173605601,0.010385301584998766
1002,"[[77]
 [82]
 [48]
 [52]
 [57]
 [51]
 [53]
 [56]]",2,1,glioma,1,0.08149083331227303,0.7513282497723898,0.1671809529264768
1003,"[[77]
 [82]
 [48]
 [52]
 [57]
 [51]
 [53]
 [56]]",2,1,glioma,1,0.0054251256709297495,0.985913872718811,0.008661031567802032
1004,"[[77]
 [82]
 [48]
 [52]
 [57]
 [51]
 [53]
 [56]]",2,1,glioma,1,0.0008562679286114872,0.9980083306630453,0.001135390775743872
1005,"[[77]
 [82]
 [48]
 [52]
 [57]
 [51]
 [53]
 [56]]",2,1,glioma,1,0.0027986904606223106,0.9967197179794312,0.00048159037639076513
1006,"[[77]
 [82]
 [48]
 [52]
 [57]
 [51]
 [53]
 [56]]",2,1,glioma,1,0.0002001087947670991,0.9997398455937704,6.00360569175488e-05
1007,"[[77]
 [82]
 [48]
 [52]
 [57]
 [51]
 [53]
 [56]]",2,1,glioma,1,0.0025953541044145823,0.9966086943944296,0.0007959427991105864
1008,"[[77]
 [82]
 [48]
 [52]
 [57]
 [51]
 [53]
 [56]]",2,1,glioma,1,0.00027433027571532875,0.9997207919756571,4.881005073305762e-06
1009,"[[77]
 [82]
 [48]
 [52]
 [57]
 [51]
 [53]
 [56]]",2,1,glioma,1,0.0014496144528190296,0.9982923070589701,0.00025808801971531164
1010,"[[77]
 [82]
 [48]
 [52]
 [57]
 [51]
 [53]
 [56]]",2,1,glioma,1,0.0013276661241737504,0.9986281593640646,4.417565833136905e-05
1011,"[[77]
 [82]
 [48]
 [52]
 [57]
 [49]
 [48]
 [52]
 [66]]",4,1,glioma,1,0.004263233005379637,0.8954423864682516,0.1002943863471349
1012,"[[57]
 [55]
 [57]
 [52]
 [51]]",1,0,meningioma,1,0.3301516870657603,0.6044664978981018,0.06538181379437447
1013,"[[77]
 [82]
 [48]
 [52]
 [57]
 [49]
 [48]
 [52]
 [66]]",4,1,glioma,1,0.0006142669978241125,0.9960906902949015,0.003295010421425104
1014,"[[77]
 [82]
 [48]
 [52]
 [57]
 [49]
 [48]
 [52]
 [66]]",4,1,glioma,1,0.00044566923558401567,0.9987470110257467,0.0008073192827093104
1015,"[[77]
 [82]
 [48]
 [52]
 [57]
 [49]
 [48]
 [52]
 [66]]",4,1,glioma,1,0.0009620090325673422,0.9971383015314738,0.0018997257575392723
1016,"[[77]
 [82]
 [48]
 [52]
 [57]
 [49]
 [48]
 [52]
 [66]]",4,1,glioma,1,0.0020369539658228555,0.9855388005574545,0.01242424842591087
1017,"[[77]
 [82]
 [48]
 [52]
 [57]
 [52]
 [53]
 [51]]",1,1,glioma,1,4.2895180134413145e-05,0.9998793403307596,7.778612537852798e-05
1018,"[[77]
 [82]
 [48]
 [52]
 [57]
 [52]
 [53]
 [51]]",1,1,glioma,1,5.947101878215714e-05,0.9999176661173502,2.285720862952682e-05
1019,"[[77]
 [82]
 [48]
 [52]
 [57]
 [52]
 [53]
 [51]]",1,1,glioma,1,0.00015710034009922916,0.999816099802653,2.681519496642674e-05
1020,"[[77]
 [82]
 [48]
 [52]
 [57]
 [52]
 [53]
 [51]]",1,1,glioma,1,1.2550543488032417e-05,0.9999870856602987,3.6317372102227335e-07
1021,"[[77]
 [82]
 [48]
 [52]
 [57]
 [52]
 [53]
 [51]]",1,1,glioma,1,0.0005339209844047824,0.9993913173675537,7.475400828601171e-05
1022,"[[77]
 [82]
 [48]
 [52]
 [57]
 [52]
 [53]
 [51]]",1,1,glioma,1,0.0018284471395115058,0.9981637597084045,7.800026044909222e-06
1023,"[[57]
 [56]
 [50]
 [52]
 [49]]",1,0,meningioma,0,0.7511480649312338,0.22781525055567423,0.021036656573414803
1024,"[[77]
 [82]
 [48]
 [52]
 [57]
 [52]
 [53]
 [51]]",1,1,glioma,1,0.001082176420216759,0.9988125960032145,0.00010523726571894561
1025,"[[77]
 [82]
 [48]
 [50]
 [52]
 [55]
 [56]
 [48]
 [71]]",4,1,glioma,1,0.20699060459931692,0.7335126399993896,0.05949676285187403
1026,"[[77]
 [82]
 [48]
 [50]
 [52]
 [55]
 [56]
 [48]
 [71]]",4,1,glioma,1,0.01371185885121425,0.9520145257314047,0.03427362069487572
1027,"[[77]
 [82]
 [48]
 [50]
 [52]
 [55]
 [56]
 [48]
 [71]]",4,1,glioma,1,8.145096095783326e-05,0.999834418296814,8.413094231703629e-05
1028,"[[77]
 [82]
 [48]
 [50]
 [52]
 [55]
 [56]
 [48]
 [71]]",4,1,glioma,1,0.00015077434363774955,0.9998386899630228,1.0536688326586349e-05
1029,"[[77]
 [82]
 [48]
 [50]
 [52]
 [55]
 [56]
 [48]
 [71]]",4,1,glioma,1,0.003105331755553683,0.9821151693662008,0.014779489021748304
1030,"[[77]
 [82]
 [48]
 [50]
 [52]
 [55]
 [56]
 [48]
 [71]]",4,1,glioma,1,0.001635934051591903,0.9918638865152994,0.006500170100480318
1031,"[[77]
 [82]
 [48]
 [50]
 [52]
 [55]
 [56]
 [48]
 [71]]",4,1,glioma,1,0.006803041168799003,0.9687676827112833,0.024429282794396084
1032,"[[77]
 [82]
 [48]
 [50]
 [52]
 [55]
 [56]
 [48]
 [71]]",4,1,glioma,1,0.0023878875266139707,0.9972273111343384,0.0003847904542150597
1033,"[[77]
 [82]
 [48]
 [50]
 [52]
 [55]
 [56]
 [48]
 [71]]",4,1,glioma,1,0.0013830799725838006,0.9668599565823873,0.031756977861126266
1034,"[[57]
 [56]
 [50]
 [52]
 [49]]",1,0,meningioma,0,0.7674321929613749,0.17396760980288187,0.058600250631570816
1035,"[[77]
 [82]
 [48]
 [50]
 [52]
 [55]
 [56]
 [48]
 [71]]",4,1,glioma,1,0.0009135140765768787,0.9600745439529419,0.039011927942434944
1036,"[[77]
 [82]
 [48]
 [50]
 [52]
 [55]
 [56]
 [48]
 [71]]",4,1,glioma,1,0.0016593007215609152,0.9948255817095438,0.003515127735833327
1037,"[[77]
 [82]
 [48]
 [50]
 [52]
 [55]
 [56]
 [48]
 [71]]",4,1,glioma,1,0.0055952672846615314,0.9761395653088888,0.01826515297094981
1038,"[[77]
 [82]
 [48]
 [50]
 [52]
 [55]
 [56]
 [48]
 [71]]",4,1,glioma,1,0.002480564716582497,0.9940247933069865,0.0034946403466165066
1039,"[[77]
 [82]
 [48]
 [50]
 [52]
 [55]
 [56]
 [48]
 [71]]",4,1,glioma,1,0.00012281189750259122,0.9997462630271912,0.00013092572044115514
1040,"[[77]
 [82]
 [48]
 [50]
 [52]
 [55]
 [56]
 [48]
 [71]]",4,1,glioma,1,0.0006648110478029897,0.9989619453748068,0.00037322647888989496
1041,"[[77]
 [82]
 [48]
 [50]
 [52]
 [55]
 [56]
 [48]
 [71]]",4,1,glioma,1,0.0013246507151052356,0.9948911666870117,0.0037841806188225746
1042,"[[77]
 [82]
 [48]
 [52]
 [57]
 [52]
 [53]
 [51]
 [66]]",2,1,glioma,1,0.00031684562175845105,0.9995296200116476,0.00015352432577249905
1043,"[[77]
 [82]
 [48]
 [52]
 [57]
 [52]
 [53]
 [51]
 [66]]",2,1,glioma,1,0.0011823602447596688,0.9981996019681295,0.0006179832271300256
1044,"[[77]
 [82]
 [48]
 [52]
 [57]
 [52]
 [53]
 [51]
 [66]]",2,1,glioma,1,0.00023713273791751513,0.9995177189509074,0.0002451387602680673
1045,"[[57]
 [56]
 [50]
 [52]
 [49]]",1,0,meningioma,0,0.9398664236068726,0.059255306919415794,0.00087827438255772
1046,"[[77]
 [82]
 [48]
 [52]
 [57]
 [52]
 [53]
 [51]
 [66]]",2,1,glioma,1,0.0027598190742234388,0.9908115863800049,0.00642858996676902
1047,"[[77]
 [82]
 [48]
 [52]
 [57]
 [52]
 [53]
 [51]
 [66]]",2,1,glioma,1,0.0069079565194745856,0.9667597015698751,0.02633231816192468
1048,"[[77]
 [82]
 [48]
 [52]
 [57]
 [52]
 [53]
 [51]
 [66]]",2,1,glioma,1,0.00033265145126885426,0.9990175167719523,0.0006498283958838632
1049,"[[77]
 [82]
 [48]
 [52]
 [57]
 [52]
 [53]
 [51]
 [66]]",2,1,glioma,1,0.015235554737349352,0.9813355207443237,0.0034289435716345906
1050,"[[77]
 [82]
 [48]
 [52]
 [57]
 [52]
 [53]
 [51]
 [66]]",2,1,glioma,1,0.0020994414032126465,0.9975304206212362,0.00037012380683639395
1051,"[[77]
 [82]
 [48]
 [52]
 [56]
 [50]
 [57]
 [52]
 [66]]",4,1,glioma,1,0.0020819493802264333,0.9877539674441019,0.010164093070973953
1052,"[[77]
 [82]
 [48]
 [52]
 [56]
 [50]
 [57]
 [52]
 [66]]",4,1,glioma,1,7.279560183330129e-05,0.9998991092046102,2.8091085065777104e-05
1053,"[[77]
 [82]
 [48]
 [52]
 [56]
 [50]
 [57]
 [52]
 [66]]",4,1,glioma,1,3.298450913765313e-05,0.9999577204386393,9.295980210784668e-06
1054,"[[77]
 [82]
 [48]
 [52]
 [56]
 [54]
 [50]
 [49]
 [66]]",0,1,glioma,1,0.05956748376290003,0.9304948250452677,0.00993767830853661
1055,"[[77]
 [82]
 [48]
 [52]
 [56]
 [54]
 [50]
 [49]
 [66]]",0,1,glioma,0,0.5735854903856913,0.4193468590577443,0.007067626885448893
1056,"[[57]
 [56]
 [50]
 [52]
 [49]]",1,0,meningioma,0,0.885392963886261,0.07354274392127991,0.0410643070936203
1057,"[[77]
 [82]
 [48]
 [53]
 [48]
 [49]
 [51]
 [53]
 [66]]",3,1,glioma,1,0.001326632433726142,0.9967607259750366,0.0019126686577995617
1058,"[[77]
 [82]
 [48]
 [53]
 [48]
 [49]
 [51]
 [53]
 [66]]",3,1,glioma,1,0.0020774616471802196,0.9943820436795553,0.003540474222972989
1059,"[[77]
 [82]
 [48]
 [53]
 [48]
 [49]
 [51]
 [53]
 [66]]",3,1,glioma,1,0.0010612624076505501,0.9985465606053671,0.0003921748527015249
1060,"[[77]
 [82]
 [48]
 [53]
 [48]
 [49]
 [51]
 [53]
 [66]]",3,1,glioma,1,0.001002242798373724,0.9988766511281332,0.00012112799231545068
1061,"[[77]
 [82]
 [48]
 [53]
 [48]
 [49]
 [51]
 [53]
 [66]]",3,1,glioma,1,0.0050468553478519125,0.9948639472325643,8.916813385440037e-05
1062,"[[77]
 [82]
 [48]
 [53]
 [48]
 [49]
 [51]
 [53]
 [66]]",3,1,glioma,1,0.0025471363915130496,0.9971806009610494,0.0002722500697321569
1063,"[[77]
 [82]
 [48]
 [53]
 [48]
 [49]
 [51]
 [53]
 [66]]",3,1,glioma,1,0.00015139420308211507,0.9993979732195536,0.0004506043333094567
1064,"[[77]
 [82]
 [48]
 [53]
 [48]
 [49]
 [51]
 [53]
 [66]]",3,1,glioma,1,0.00032305401206637424,0.9993993043899536,0.00027763638354372233
1065,"[[77]
 [82]
 [48]
 [53]
 [48]
 [49]
 [51]
 [53]
 [66]]",3,1,glioma,1,0.00015919093857519329,0.9997567733128866,8.408802750636823e-05
1066,"[[77]
 [82]
 [48]
 [53]
 [48]
 [49]
 [51]
 [53]
 [66]]",3,1,glioma,1,1.904250681642831e-05,0.9999712308247884,9.725251781370995e-06
1067,"[[57]
 [56]
 [50]
 [52]
 [49]]",1,0,meningioma,0,0.7946978410085043,0.20155982176462808,0.0037423456087708473
1068,"[[77]
 [82]
 [48]
 [53]
 [48]
 [49]
 [51]
 [53]
 [66]]",3,1,glioma,1,1.1678166629280895e-05,0.9999828338623047,5.505756083342324e-06
1069,"[[77]
 [82]
 [48]
 [53]
 [48]
 [49]
 [51]
 [53]
 [66]]",3,1,glioma,1,1.4117440665965356e-05,0.9999850988388062,7.521505409613383e-07
1070,"[[77]
 [82]
 [48]
 [53]
 [48]
 [49]
 [51]
 [53]
 [66]]",3,1,glioma,1,0.00020189755377941765,0.9997813502947489,1.672566319636341e-05
1071,"[[77]
 [82]
 [48]
 [53]
 [48]
 [49]
 [51]
 [53]
 [66]]",3,1,glioma,1,0.0006476671066290388,0.9991455078125,0.00020681878474230567
1072,"[[77]
 [82]
 [48]
 [53]
 [48]
 [54]
 [56]
 [55]]",3,1,glioma,1,0.08370136097073555,0.9059346318244934,0.010364023658136526
1073,"[[77]
 [82]
 [48]
 [53]
 [48]
 [54]
 [56]
 [55]]",3,1,glioma,1,0.4201319416364034,0.5522761841615041,0.02759185495475928
1074,"[[77]
 [82]
 [48]
 [53]
 [48]
 [54]
 [56]
 [55]]",3,1,glioma,1,0.03312488769491514,0.9645961324373881,0.002278987434692681
1075,"[[77]
 [82]
 [48]
 [53]
 [48]
 [54]
 [56]
 [55]]",3,1,glioma,1,0.048131698121627174,0.9511256217956543,0.0007426899780208865
1076,"[[77]
 [82]
 [48]
 [53]
 [48]
 [54]
 [56]
 [55]]",3,1,glioma,1,0.06150651350617409,0.935845951239268,0.002647525786111752
1077,"[[77]
 [82]
 [48]
 [53]
 [48]
 [54]
 [56]
 [55]]",3,1,glioma,1,0.035611785327394806,0.9520682692527771,0.012319920196508368
1078,"[[57]
 [56]
 [50]
 [52]
 [49]]",1,0,meningioma,0,0.9483002026875814,0.05149252153933048,0.00020726087677758187
1079,"[[77]
 [82]
 [48]
 [53]
 [48]
 [54]
 [56]
 [55]]",3,1,glioma,1,0.04788267550369104,0.9519305427869161,0.00018678448880867413
1080,"[[77]
 [82]
 [48]
 [53]
 [48]
 [54]
 [56]
 [55]]",3,1,glioma,1,0.1367228478193283,0.8623752593994141,0.0009018845545748869
1081,"[[77]
 [82]
 [48]
 [53]
 [48]
 [54]
 [56]
 [55]]",3,1,glioma,0,0.7114694515864054,0.2526942640542984,0.03583629926045736
1082,"[[77]
 [82]
 [48]
 [53]
 [48]
 [54]
 [56]
 [55]]",3,1,glioma,0,0.49651796619097394,0.49595698714256287,0.007525047132124503
1083,"[[77]
 [82]
 [48]
 [53]
 [48]
 [55]
 [57]
 [49]
 [66]]",4,1,glioma,1,0.31943366924921673,0.6621135274569193,0.018452807950476807
1084,"[[77]
 [82]
 [48]
 [53]
 [48]
 [55]
 [57]
 [49]
 [66]]",4,1,glioma,1,0.04920487478375435,0.9493393301963806,0.0014557812634545069
1085,"[[77]
 [82]
 [48]
 [53]
 [48]
 [55]
 [57]
 [49]
 [66]]",4,1,glioma,1,0.07031020770470302,0.92064235607783,0.009047416426862279
1086,"[[77]
 [82]
 [48]
 [53]
 [48]
 [55]
 [57]
 [49]
 [66]]",4,1,glioma,1,0.008078385454912981,0.9898088574409485,0.0021127763126666346
1087,"[[77]
 [82]
 [48]
 [53]
 [48]
 [55]
 [57]
 [49]
 [66]]",4,1,glioma,1,0.09662870814402898,0.8671952684720358,0.03617601158718268
1088,"[[77]
 [82]
 [48]
 [53]
 [48]
 [55]
 [57]
 [49]
 [66]]",4,1,glioma,1,0.008067917078733444,0.986126720905304,0.0058053527027368546
1089,"[[57]
 [57]
 [48]
 [49]
 [55]]",0,0,meningioma,0,0.9293606479962667,0.042262082609037556,0.028377279018362362
1090,"[[77]
 [82]
 [48]
 [53]
 [48]
 [55]
 [57]
 [49]
 [66]]",4,1,glioma,1,0.006851644876102607,0.990936795870463,0.0022115996883561215
1091,"[[77]
 [82]
 [48]
 [53]
 [48]
 [55]
 [57]
 [49]
 [66]]",4,1,glioma,1,0.020090863729516666,0.9586363832155863,0.02127272728830576
1092,"[[77]
 [82]
 [48]
 [53]
 [48]
 [55]
 [57]
 [49]
 [66]]",4,1,glioma,1,0.016285488692422707,0.9801205396652222,0.0035939655111481747
1093,"[[77]
 [82]
 [48]
 [53]
 [48]
 [55]
 [57]
 [49]
 [66]]",4,1,glioma,1,0.10941128681103389,0.8839422663052877,0.006646443468828996
1094,"[[77]
 [82]
 [48]
 [52]
 [57]
 [48]
 [49]
 [57]
 [67]]",4,1,glioma,1,0.019512186758220196,0.971306562423706,0.009181242901831865
1095,"[[77]
 [82]
 [48]
 [52]
 [57]
 [48]
 [49]
 [57]
 [67]]",4,1,glioma,1,0.048759106546640396,0.9156374931335449,0.035603427638610206
1096,"[[77]
 [82]
 [48]
 [52]
 [57]
 [48]
 [49]
 [57]
 [67]]",4,1,glioma,1,0.007440485370655854,0.9921135703722636,0.0004459173990956818
1097,"[[77]
 [82]
 [48]
 [50]
 [54]
 [49]
 [55]
 [53]
 [67]]",4,1,glioma,1,0.004471848097940286,0.9886683622996012,0.006859820801764727
1098,"[[77]
 [82]
 [48]
 [50]
 [54]
 [49]
 [55]
 [53]
 [67]]",4,1,glioma,1,0.00045848872590189177,0.9986256162325541,0.000915857128954182
1099,"[[77]
 [82]
 [48]
 [50]
 [54]
 [49]
 [55]
 [53]
 [67]]",4,1,glioma,1,0.0043747699819505215,0.9824755191802979,0.013149691124757132
1100,"[[57]
 [57]
 [48]
 [49]
 [55]]",0,0,meningioma,2,0.24251767496267954,0.0003536072169178321,0.7571286956469218
1101,"[[77]
 [82]
 [48]
 [50]
 [54]
 [49]
 [55]
 [53]
 [67]]",4,1,glioma,1,0.0002897780092704731,0.9994672338167826,0.00024299536259301627
1102,"[[77]
 [82]
 [48]
 [50]
 [54]
 [49]
 [55]
 [53]
 [67]]",4,1,glioma,1,5.925864631232495e-05,0.9999052683512369,3.54387957486324e-05
1103,"[[77]
 [82]
 [48]
 [50]
 [54]
 [49]
 [55]
 [53]
 [67]]",4,1,glioma,1,0.0004889614453228811,0.9992424647013346,0.0002685851844338079
1104,"[[77]
 [82]
 [48]
 [50]
 [54]
 [49]
 [55]
 [53]
 [67]]",4,1,glioma,1,0.000251725204482985,0.9997212688128153,2.7002476902756218e-05
1105,"[[77]
 [82]
 [48]
 [50]
 [54]
 [49]
 [55]
 [53]
 [67]]",4,1,glioma,1,0.003149822742367784,0.9915095567703247,0.005340626463294029
1106,"[[77]
 [82]
 [48]
 [50]
 [54]
 [49]
 [55]
 [53]
 [67]]",4,1,glioma,1,0.0003932479933913176,0.9994644721349081,0.00014226790760100508
1107,"[[77]
 [82]
 [48]
 [50]
 [54]
 [49]
 [55]
 [53]
 [67]]",4,1,glioma,1,0.0005878538067918271,0.9993189970652262,9.314857258383806e-05
1108,"[[77]
 [82]
 [48]
 [50]
 [54]
 [49]
 [55]
 [53]
 [67]]",4,1,glioma,1,0.0006559159761915604,0.9988869627316793,0.00045709055848419666
1109,"[[77]
 [82]
 [48]
 [53]
 [49]
 [52]
 [54]
 [49]]",2,1,glioma,1,0.00014297330199042335,0.9998441735903422,1.2831186571323391e-05
1110,"[[77]
 [82]
 [48]
 [53]
 [49]
 [52]
 [54]
 [49]]",2,1,glioma,1,0.0010390771203674376,0.9988629817962646,9.79163790664946e-05
1111,"[[49]
 [48]
 [48]
 [51]
 [54]
 [48]]",2,0,meningioma,0,0.7893477479616801,0.16581332683563232,0.0448388916750749
1112,"[[49]
 [48]
 [49]
 [55]
 [57]
 [55]]",3,0,meningioma,0,0.705488940080007,0.15052308638890585,0.14398798843224844
1113,"[[57]
 [57]
 [48]
 [56]
 [57]]",0,0,meningioma,1,0.32691551248232525,0.6334812839825948,0.03960321160654227
1114,"[[77]
 [82]
 [48]
 [53]
 [49]
 [52]
 [54]
 [49]]",2,1,glioma,1,0.0007036041157941023,0.9992614984512329,3.489461869321531e-05
1115,"[[77]
 [82]
 [48]
 [53]
 [49]
 [52]
 [54]
 [49]]",2,1,glioma,1,0.005172215246905883,0.9933722019195557,0.0014556018092359106
1116,"[[77]
 [82]
 [48]
 [53]
 [49]
 [52]
 [54]
 [49]]",2,1,glioma,1,0.004407012990365426,0.995107372601827,0.00048564334186570096
1117,"[[77]
 [82]
 [48]
 [53]
 [49]
 [52]
 [54]
 [49]]",2,1,glioma,1,0.0021556890181576214,0.9976341724395752,0.00021011627541156486
1118,"[[77]
 [82]
 [48]
 [53]
 [49]
 [52]
 [54]
 [49]]",2,1,glioma,1,0.0047932814341038465,0.9951392412185669,6.746965664206073e-05
1119,"[[77]
 [82]
 [48]
 [53]
 [49]
 [53]
 [56]
 [54]]",1,1,glioma,1,0.0005307524794867883,0.9987162152926127,0.0007530243310611695
1120,"[[77]
 [82]
 [48]
 [53]
 [49]
 [53]
 [56]
 [54]]",1,1,glioma,1,0.000269340249360539,0.9995092153549194,0.00022140528987317035
1121,"[[77]
 [82]
 [48]
 [53]
 [49]
 [53]
 [56]
 [54]]",1,1,glioma,1,0.0016838687006384134,0.9977568785349528,0.0005592417049532136
1122,"[[77]
 [82]
 [48]
 [53]
 [49]
 [53]
 [56]
 [54]]",1,1,glioma,1,0.0012627253114866714,0.9982026418050131,0.0005346438265405595
1123,"[[77]
 [82]
 [48]
 [53]
 [49]
 [53]
 [56]
 [54]]",1,1,glioma,1,0.000703989586327225,0.9991210500399271,0.00017495346643651524
1124,"[[57]
 [57]
 [48]
 [56]
 [57]]",0,0,meningioma,0,0.8382686376571655,0.15295482675234476,0.00877651230742534
1125,"[[77]
 [82]
 [48]
 [53]
 [49]
 [53]
 [56]
 [54]]",1,1,glioma,1,0.0012045383336953819,0.9980404178301493,0.0007550282559047142
1126,"[[77]
 [82]
 [48]
 [53]
 [49]
 [53]
 [56]
 [54]]",1,1,glioma,1,0.0021554453996941447,0.9971824288368225,0.0006621452242446443
1127,"[[77]
 [82]
 [48]
 [53]
 [49]
 [52]
 [54]
 [49]
 [66]]",1,1,glioma,1,0.044116820519169174,0.9525829752286276,0.0033001784856120744
1128,"[[77]
 [82]
 [48]
 [53]
 [49]
 [52]
 [54]
 [49]
 [66]]",1,1,glioma,1,0.008795810863375664,0.9910003741582235,0.00020380668865982443
1129,"[[77]
 [82]
 [48]
 [53]
 [49]
 [52]
 [54]
 [49]
 [66]]",1,1,glioma,0,0.6994370818138123,0.30029671390851337,0.0002662174035018931
1130,"[[77]
 [82]
 [48]
 [53]
 [49]
 [52]
 [54]
 [49]
 [66]]",1,1,glioma,1,0.12374828507502873,0.8753390312194824,0.0009126845397986472
1131,"[[77]
 [82]
 [48]
 [53]
 [49]
 [52]
 [54]
 [49]
 [66]]",1,1,glioma,1,0.06802830224235852,0.9312496185302734,0.0007220628516127666
1132,"[[77]
 [82]
 [48]
 [53]
 [49]
 [54]
 [52]
 [52]]",1,1,glioma,1,0.23357945680618286,0.763283928235372,0.003136621710533897
1133,"[[77]
 [82]
 [48]
 [53]
 [49]
 [54]
 [52]
 [52]]",1,1,glioma,1,0.013739388125638166,0.9733110070228577,0.01294958513850967
1134,"[[77]
 [82]
 [48]
 [53]
 [49]
 [54]
 [52]
 [52]]",1,1,glioma,1,0.3801932583252589,0.61941530307134,0.0003914183034794405
1135,"[[57]
 [57]
 [48]
 [56]
 [57]]",0,0,meningioma,0,0.809408962726593,0.18807547787825266,0.002515593272012969
1136,"[[77]
 [82]
 [48]
 [53]
 [49]
 [54]
 [52]
 [52]]",1,1,glioma,0,0.5342872540156046,0.46537209550539654,0.00034062648289060843
1137,"[[77]
 [82]
 [48]
 [53]
 [49]
 [54]
 [52]
 [52]]",1,1,glioma,1,0.45325590173403424,0.5465760628382365,0.00016800135927041993
1138,"[[77]
 [82]
 [48]
 [53]
 [49]
 [54]
 [52]
 [52]]",1,1,glioma,0,0.9119007190068563,0.08801288530230522,8.635891814871381e-05
1139,"[[77]
 [82]
 [48]
 [53]
 [49]
 [54]
 [52]
 [52]]",1,1,glioma,1,0.2510305841763814,0.7457488973935446,0.0032205459817002216
1140,"[[77]
 [82]
 [48]
 [53]
 [49]
 [54]
 [52]
 [52]]",1,1,glioma,1,0.4467141628265381,0.5051314532756805,0.048154376447200775
1141,"[[77]
 [82]
 [48]
 [53]
 [49]
 [54]
 [52]
 [52]]",1,1,glioma,1,0.2921406626701355,0.5419800182183584,0.16587930421034494
1142,"[[77]
 [82]
 [48]
 [53]
 [49]
 [54]
 [52]
 [52]]",1,1,glioma,1,0.3810044626394908,0.5332021613915762,0.08579339211185773
1143,"[[77]
 [82]
 [48]
 [53]
 [49]
 [54]
 [52]
 [52]]",1,1,glioma,1,0.046900915602842964,0.9040376742680868,0.04906138156851133
1144,"[[77]
 [82]
 [48]
 [53]
 [49]
 [54]
 [52]
 [52]]",1,1,glioma,1,0.08641090492407481,0.8062415520350138,0.10734754304091136
1145,"[[77]
 [82]
 [48]
 [53]
 [49]
 [54]
 [52]
 [52]]",1,1,glioma,1,0.005737559714665015,0.9741725524266561,0.020089923093716305
1146,"[[57]
 [57]
 [50]
 [56]
 [56]]",1,0,meningioma,1,0.35014837980270386,0.6488157709439596,0.0010358338283064465
1147,"[[77]
 [82]
 [48]
 [53]
 [49]
 [54]
 [52]
 [52]]",1,1,glioma,1,0.0041431746212765574,0.995487113793691,0.0003697540669236332
1148,"[[77]
 [82]
 [48]
 [53]
 [49]
 [54]
 [52]
 [52]]",1,1,glioma,1,0.06324714173873265,0.93653404712677,0.00021886213896020004
1149,"[[77]
 [82]
 [48]
 [53]
 [49]
 [54]
 [53]
 [49]]",2,1,glioma,1,0.0018423324218019843,0.9981386860211691,1.8984922765715357e-05
1150,"[[77]
 [82]
 [48]
 [53]
 [49]
 [54]
 [53]
 [49]]",2,1,glioma,1,0.048932451754808426,0.9508292078971863,0.00023834738143098852
1151,"[[77]
 [82]
 [48]
 [53]
 [49]
 [54]
 [53]
 [49]]",2,1,glioma,1,0.32551971077919006,0.6735788583755493,0.0009014423897800347
1152,"[[77]
 [82]
 [48]
 [53]
 [49]
 [54]
 [53]
 [49]]",2,1,glioma,1,0.287793109814326,0.7103542486826578,0.0018526337031895916
1153,"[[77]
 [82]
 [48]
 [53]
 [49]
 [54]
 [53]
 [49]]",2,1,glioma,1,0.3918142815430959,0.5995026628176371,0.008683041979869207
1154,"[[77]
 [82]
 [48]
 [53]
 [49]
 [54]
 [53]
 [49]]",2,1,glioma,0,0.6966044306755066,0.3018795500199,0.0015160226030275226
1155,"[[77]
 [82]
 [48]
 [53]
 [49]
 [55]
 [57]
 [54]]",4,1,glioma,1,0.002097133935118715,0.9972353180249532,0.0006675316447702547
1156,"[[77]
 [82]
 [48]
 [53]
 [49]
 [55]
 [57]
 [54]]",4,1,glioma,1,0.0006524411340554556,0.9990120132764181,0.0003355394971246521
1157,"[[57]
 [57]
 [51]
 [48]
 [56]]",3,0,meningioma,0,0.9856774806976318,0.012926848915716013,0.001395690138451755
1158,"[[77]
 [82]
 [48]
 [53]
 [49]
 [55]
 [57]
 [54]]",4,1,glioma,1,0.0008218123790963242,0.9991498589515686,2.835235439609581e-05
1159,"[[77]
 [82]
 [48]
 [53]
 [49]
 [55]
 [57]
 [54]]",4,1,glioma,1,0.0005475532864996543,0.9994456569353739,6.810818983164306e-06
1160,"[[77]
 [82]
 [48]
 [53]
 [49]
 [55]
 [57]
 [54]]",4,1,glioma,1,0.011479189619421959,0.9884572426478068,6.361433891773534e-05
1161,"[[77]
 [82]
 [48]
 [53]
 [49]
 [55]
 [57]
 [54]]",4,1,glioma,1,0.108107494811217,0.8916383981704712,0.0002540728261616702
1162,"[[77]
 [82]
 [48]
 [53]
 [49]
 [55]
 [57]
 [54]]",4,1,glioma,1,0.264853835105896,0.7342799305915833,0.0008662262504609922
1163,"[[77]
 [82]
 [48]
 [53]
 [49]
 [54]
 [53]
 [49]
 [66]]",0,1,glioma,1,0.005049131655444701,0.9945896863937378,0.0003611831586264695
1164,"[[77]
 [82]
 [48]
 [53]
 [49]
 [54]
 [53]
 [49]
 [66]]",0,1,glioma,1,0.014183678043385347,0.9826890826225281,0.003127243098181983
1165,"[[77]
 [82]
 [48]
 [53]
 [49]
 [54]
 [53]
 [49]
 [66]]",0,1,glioma,1,0.16316555440425873,0.8348431388537089,0.0019912886200472713
1166,"[[77]
 [82]
 [48]
 [53]
 [49]
 [54]
 [53]
 [49]
 [66]]",0,1,glioma,1,0.08118394886453946,0.9070402979850769,0.011775770535071691
1167,"[[77]
 [82]
 [48]
 [53]
 [49]
 [54]
 [53]
 [49]
 [66]]",0,1,glioma,1,0.07537334288160007,0.9196665287017822,0.004960130512093504
1168,"[[57]
 [57]
 [51]
 [48]
 [56]]",3,0,meningioma,0,0.8944506645202637,0.10270515084266663,0.0028441924757013717
1169,"[[77]
 [82]
 [48]
 [53]
 [49]
 [54]
 [53]
 [49]
 [66]]",0,1,glioma,1,0.34023385246594745,0.6586069464683533,0.0011592254741117358
1170,"[[77]
 [82]
 [48]
 [53]
 [49]
 [54]
 [52]
 [52]
 [66]]",2,1,glioma,1,0.0010829069651663303,0.9978974858919779,0.0010195740615017712
1171,"[[77]
 [82]
 [48]
 [53]
 [49]
 [54]
 [52]
 [52]
 [66]]",2,1,glioma,1,0.00011742345668608323,0.9998413523038229,4.125908405209581e-05
1172,"[[77]
 [82]
 [48]
 [53]
 [49]
 [54]
 [52]
 [52]
 [66]]",2,1,glioma,1,0.0007330494894025227,0.9957421024640402,0.0035248421287784972
1173,"[[77]
 [82]
 [48]
 [53]
 [49]
 [54]
 [52]
 [52]
 [66]]",2,1,glioma,1,0.0002608443222319086,0.9991894165674845,0.0005497114858978117
1174,"[[77]
 [82]
 [48]
 [53]
 [49]
 [54]
 [52]
 [52]
 [66]]",2,1,glioma,1,0.0008155102453505,0.9970520734786987,0.0021324645301016667
1175,"[[77]
 [82]
 [48]
 [53]
 [49]
 [54]
 [52]
 [52]
 [66]]",2,1,glioma,1,0.0022931665492554507,0.996243417263031,0.0014634493078726034
1176,"[[77]
 [82]
 [48]
 [53]
 [49]
 [54]
 [52]
 [52]
 [66]]",2,1,glioma,1,0.004092408732200663,0.9955931504567465,0.00031445579224964604
1177,"[[77]
 [82]
 [48]
 [53]
 [49]
 [55]
 [57]
 [54]
 [66]]",4,1,glioma,1,0.015079770237207413,0.9104569355646769,0.07446328053871791
1178,"[[77]
 [82]
 [48]
 [53]
 [49]
 [55]
 [57]
 [54]
 [66]]",4,1,glioma,1,0.0005837386124767363,0.9992068608601888,0.00020940722606610507
1179,"[[57]
 [57]
 [51]
 [48]
 [56]]",3,0,meningioma,0,0.8236294190088908,0.15866864720980325,0.01770194371541341
1180,"[[77]
 [82]
 [48]
 [53]
 [49]
 [55]
 [57]
 [54]
 [66]]",4,1,glioma,1,0.0003333131462568417,0.9996347427368164,3.196085496407856e-05
1181,"[[77]
 [82]
 [48]
 [53]
 [50]
 [53]
 [53]
 [48]]",0,1,glioma,1,0.002585347043350339,0.9968731999397278,0.0005414560437202454
1182,"[[77]
 [82]
 [48]
 [53]
 [50]
 [53]
 [53]
 [48]]",0,1,glioma,1,0.001566484085439394,0.9982480605443319,0.00018544859873751798
1183,"[[77]
 [82]
 [48]
 [53]
 [50]
 [53]
 [53]
 [48]]",0,1,glioma,1,0.00801575556397438,0.9916155338287354,0.0003687340843801697
1184,"[[77]
 [82]
 [48]
 [53]
 [50]
 [53]
 [53]
 [48]]",0,1,glioma,1,0.000686830171616748,0.9988916714986166,0.0004215051206604888
1185,"[[77]
 [82]
 [48]
 [53]
 [49]
 [54]
 [52]
 [52]
 [67]]",2,1,glioma,1,0.014969761172930399,0.9684469302495321,0.016583324410021305
1186,"[[77]
 [82]
 [48]
 [53]
 [49]
 [54]
 [52]
 [52]
 [67]]",2,1,glioma,1,0.003550395214309295,0.9832439025243124,0.01320570862541596
1187,"[[77]
 [82]
 [48]
 [53]
 [49]
 [54]
 [52]
 [52]
 [67]]",2,1,glioma,1,0.003296517301350832,0.996695081392924,8.398524945126459e-06
1188,"[[77]
 [82]
 [48]
 [53]
 [49]
 [54]
 [52]
 [52]
 [67]]",2,1,glioma,1,0.0025500988510126867,0.9931907852490743,0.004259121681873997
1189,"[[77]
 [82]
 [48]
 [53]
 [49]
 [54]
 [52]
 [52]
 [67]]",2,1,glioma,1,0.0027347462407002845,0.9971794684727987,8.577627765286404e-05
1190,"[[57]
 [57]
 [51]
 [48]
 [56]]",3,0,meningioma,0,0.5335336923599243,0.4117051561673482,0.05476114774743716
1191,"[[77]
 [82]
 [48]
 [53]
 [49]
 [54]
 [52]
 [52]
 [67]]",2,1,glioma,1,0.002182422399831315,0.997786263624827,3.1319123687959895e-05
1192,"[[77]
 [82]
 [48]
 [53]
 [49]
 [54]
 [52]
 [52]
 [67]]",2,1,glioma,1,0.0013870848148750763,0.9985709389050802,4.1974342214719705e-05
1193,"[[77]
 [82]
 [48]
 [53]
 [49]
 [54]
 [52]
 [52]
 [67]]",2,1,glioma,1,0.00017828860776110864,0.9998047749201456,1.695990946852059e-05
1194,"[[77]
 [82]
 [48]
 [53]
 [49]
 [54]
 [52]
 [52]
 [67]]",2,1,glioma,1,5.918529253297796e-05,0.9999280770619711,1.2756830983562395e-05
1195,"[[77]
 [82]
 [48]
 [53]
 [49]
 [54]
 [52]
 [52]
 [67]]",2,1,glioma,1,3.832968771651698e-05,0.9999577204386393,3.974913056481455e-06
1196,"[[77]
 [82]
 [48]
 [53]
 [49]
 [54]
 [52]
 [52]
 [67]]",2,1,glioma,1,0.0010673794313333929,0.9986449480056763,0.0002876565413316712
1197,"[[77]
 [82]
 [48]
 [53]
 [49]
 [54]
 [52]
 [52]
 [67]]",2,1,glioma,1,0.0008633129570322732,0.998986542224884,0.00015011449189235768
1198,"[[77]
 [82]
 [48]
 [52]
 [57]
 [57]
 [52]
 [50]
 [66]]",3,1,glioma,1,0.0013735516598292936,0.9959745605786642,0.0026519303986181817
1199,"[[77]
 [82]
 [48]
 [52]
 [57]
 [57]
 [52]
 [50]
 [66]]",3,1,glioma,1,0.00035384281363803893,0.9992021719614664,0.00044398083991836756
1200,"[[77]
 [82]
 [48]
 [52]
 [57]
 [57]
 [52]
 [50]
 [66]]",3,1,glioma,1,0.003130714603078862,0.990451435248057,0.006417867417136828
1201,"[[57]
 [57]
 [51]
 [48]
 [56]]",3,0,meningioma,0,0.7055836915969849,0.2881714602311452,0.006244816662122806
1202,"[[77]
 [82]
 [48]
 [53]
 [50]
 [53]
 [56]
 [53]
 [66]]",1,1,glioma,1,0.0030540380782137313,0.9946577151616415,0.0022882567330573997
1203,"[[77]
 [82]
 [48]
 [53]
 [50]
 [53]
 [56]
 [53]
 [66]]",1,1,glioma,1,0.012119746766984463,0.979722281297048,0.008157964485387007
1204,"[[77]
 [82]
 [48]
 [53]
 [50]
 [53]
 [56]
 [53]
 [66]]",1,1,glioma,1,0.015261469719310602,0.9839030504226685,0.0008354453214754661
1205,"[[77]
 [82]
 [48]
 [52]
 [55]
 [57]
 [53]
 [51]
 [67]]",2,1,glioma,1,0.003167914847532908,0.9621271888415018,0.03470495156943798
1206,"[[77]
 [82]
 [48]
 [52]
 [55]
 [57]
 [53]
 [51]
 [67]]",2,1,glioma,1,0.0008553569399130841,0.995926022529602,0.0032186327346911034
1207,"[[77]
 [82]
 [48]
 [52]
 [55]
 [57]
 [53]
 [51]
 [67]]",2,1,glioma,1,7.387608153900753e-05,0.999746044476827,0.00018005032810227325
1208,"[[77]
 [82]
 [48]
 [52]
 [55]
 [57]
 [53]
 [51]
 [67]]",2,1,glioma,1,2.19992228570239e-05,0.9999199310938517,5.805454384244513e-05
1209,"[[77]
 [82]
 [48]
 [53]
 [51]
 [49]
 [49]
 [48]
 [66]]",3,1,glioma,1,0.0009157364693237469,0.9959834019343058,0.0031008458075424037
1210,"[[77]
 [82]
 [48]
 [53]
 [51]
 [49]
 [49]
 [48]
 [66]]",3,1,glioma,1,0.0007256317233744388,0.9944547017415365,0.0048196805485834675
1211,"[[77]
 [82]
 [48]
 [53]
 [51]
 [49]
 [49]
 [48]
 [66]]",3,1,glioma,1,0.00012391644243810637,0.9998445908228556,3.1540791193644203e-05
1212,"[[49]
 [48]
 [48]
 [56]
 [50]
 [48]]",3,1,glioma,0,0.7497650186220804,0.1515741546948751,0.0986608515183131
1213,"[[77]
 [82]
 [48]
 [53]
 [51]
 [49]
 [49]
 [48]
 [66]]",3,1,glioma,1,0.0008829238552910587,0.9989161690076193,0.00020091541712948432
1214,"[[77]
 [82]
 [48]
 [53]
 [51]
 [49]
 [49]
 [48]
 [66]]",3,1,glioma,1,0.0013681913648421566,0.9967484275499979,0.0018833939684554935
1215,"[[77]
 [82]
 [48]
 [53]
 [51]
 [49]
 [49]
 [48]
 [66]]",3,1,glioma,1,0.0002036434889305383,0.9996363917986552,0.00016000277294854945
1216,"[[77]
 [82]
 [48]
 [51]
 [52]
 [54]
 [57]
 [52]]",2,1,glioma,1,0.00380593577089409,0.9922316869099935,0.00396233459468931
1217,"[[77]
 [82]
 [48]
 [51]
 [52]
 [54]
 [57]
 [52]]",2,1,glioma,1,7.538153264855889e-06,0.9999846617380778,7.78058051764674e-06
1218,"[[77]
 [82]
 [48]
 [51]
 [52]
 [54]
 [57]
 [52]]",2,1,glioma,1,0.0002781223544540505,0.9993844032287598,0.0003374881101384138
1219,"[[77]
 [82]
 [48]
 [51]
 [52]
 [54]
 [57]
 [52]]",2,1,glioma,1,0.0009466048116640499,0.9987705945968628,0.00028281645791139454
1220,"[[77]
 [82]
 [48]
 [53]
 [52]
 [54]
 [56]
 [51]]",3,1,glioma,1,0.0007192354435877254,0.967429518699646,0.03185124881565571
1221,"[[77]
 [82]
 [48]
 [53]
 [52]
 [54]
 [56]
 [51]]",3,1,glioma,1,0.0005219608331875255,0.9963693221410116,0.0031087066357334456
1222,"[[77]
 [82]
 [48]
 [53]
 [52]
 [54]
 [56]
 [51]]",3,1,glioma,1,0.0005389468569774181,0.9981534481048584,0.0013076317457792659
1223,"[[49]
 [48]
 [49]
 [55]
 [57]
 [55]]",3,0,meningioma,0,0.7851388454437256,0.2048587699731191,0.010002335533499718
1224,"[[49]
 [48]
 [48]
 [56]
 [50]
 [48]]",3,1,glioma,0,0.9714302817980448,0.00543927230561773,0.023130465298891068
1225,"[[77]
 [82]
 [48]
 [53]
 [52]
 [56]
 [55]
 [53]]",0,1,glioma,1,0.0006288081543364873,0.9949234326680502,0.004447760991752148
1226,"[[77]
 [82]
 [48]
 [53]
 [52]
 [56]
 [55]
 [53]]",0,1,glioma,1,0.0006411961027576277,0.9989991188049316,0.00035967198103511083
1227,"[[77]
 [82]
 [48]
 [53]
 [52]
 [56]
 [55]
 [53]]",0,1,glioma,1,0.0029660704312846065,0.992430587609609,0.004603351466357708
1228,"[[77]
 [82]
 [48]
 [53]
 [52]
 [56]
 [55]
 [53]]",0,1,glioma,1,0.008660851667324701,0.9831094940503439,0.008229651643584171
1229,"[[77]
 [82]
 [48]
 [53]
 [48]
 [54]
 [56]
 [55]
 [67]]",1,1,glioma,1,0.06598873560627301,0.9074017405509949,0.02660951887567838
1230,"[[77]
 [82]
 [48]
 [53]
 [48]
 [54]
 [56]
 [55]
 [67]]",1,1,glioma,1,0.01130844901005427,0.956356147925059,0.032335384438435234
1231,"[[77]
 [82]
 [48]
 [53]
 [48]
 [54]
 [56]
 [55]
 [67]]",1,1,glioma,1,0.002662002652262648,0.9776807626088461,0.019657245216270287
1232,"[[77]
 [82]
 [48]
 [53]
 [48]
 [54]
 [56]
 [55]
 [67]]",1,1,glioma,1,0.00011243170350401972,0.9996679623921713,0.00021963351658390215
1233,"[[77]
 [82]
 [48]
 [53]
 [48]
 [54]
 [56]
 [55]
 [67]]",1,1,glioma,1,0.00029034830125359196,0.999486525853475,0.00022312422515824437
1234,"[[77]
 [82]
 [48]
 [53]
 [54]
 [49]
 [52]
 [52]]",1,1,glioma,1,0.00798397914816936,0.9920010765393575,1.4948948773962911e-05
1235,"[[49]
 [48]
 [48]
 [51]
 [54]
 [48]]",2,0,meningioma,1,0.027098507930835087,0.9728186726570129,8.281536308156016e-05
1236,"[[77]
 [82]
 [48]
 [53]
 [54]
 [49]
 [52]
 [52]]",1,1,glioma,1,0.0032154332535962262,0.9967562357584635,2.833012695191428e-05
1237,"[[77]
 [82]
 [48]
 [53]
 [54]
 [49]
 [52]
 [52]]",1,1,glioma,1,0.02429935398201148,0.9748584628105164,0.0008422233125505348
1238,"[[77]
 [82]
 [48]
 [51]
 [52]
 [57]
 [57]
 [55]]",0,1,glioma,1,0.020690218235055607,0.9771860440572103,0.0021237178007140756
1239,"[[77]
 [82]
 [48]
 [51]
 [52]
 [57]
 [57]
 [55]]",0,1,glioma,1,0.021982367460926373,0.9778465827306112,0.00017100867504874864
1240,"[[77]
 [82]
 [48]
 [51]
 [52]
 [57]
 [57]
 [55]]",0,1,glioma,1,0.004561819368973374,0.9954070448875427,3.112147593734941e-05
1241,"[[77]
 [82]
 [48]
 [51]
 [52]
 [57]
 [57]
 [55]]",0,1,glioma,1,0.0037399036809802055,0.996214747428894,4.533947018596033e-05
1242,"[[77]
 [82]
 [48]
 [51]
 [52]
 [57]
 [57]
 [55]]",0,1,glioma,1,0.002855770212287704,0.9971056381861368,3.8586422306252643e-05
1243,"[[77]
 [82]
 [48]
 [51]
 [52]
 [57]
 [57]
 [55]]",0,1,glioma,1,0.00027691200860620785,0.9996772607167562,4.5825965571566485e-05
1244,"[[77]
 [82]
 [48]
 [51]
 [52]
 [57]
 [57]
 [55]]",0,1,glioma,1,0.0009207879775203764,0.9990646640459696,1.4550028633190474e-05
1245,"[[77]
 [82]
 [48]
 [50]
 [57]
 [50]
 [48]
 [57]
 [69]]",4,1,glioma,1,0.005512218844766418,0.9919071197509766,0.0025806388972947993
1246,"[[49]
 [48]
 [48]
 [51]
 [54]
 [48]]",2,0,meningioma,1,0.061907061686118446,0.9370911717414856,0.0010017758468165994
1247,"[[77]
 [82]
 [48]
 [50]
 [57]
 [50]
 [48]
 [57]
 [69]]",4,1,glioma,1,0.0003304950854120155,0.9996181726455688,5.135667015565559e-05
1248,"[[77]
 [82]
 [48]
 [50]
 [57]
 [50]
 [48]
 [57]
 [69]]",4,1,glioma,1,0.0005902629830719283,0.9993937015533447,1.6030199428011354e-05
1249,"[[77]
 [82]
 [48]
 [50]
 [57]
 [50]
 [48]
 [57]
 [69]]",4,1,glioma,1,0.0001504113339857819,0.999840259552002,9.368083965455298e-06
1250,"[[77]
 [82]
 [48]
 [50]
 [57]
 [50]
 [48]
 [57]
 [69]]",4,1,glioma,1,0.001095704249261568,0.9988572597503662,4.7031716652175724e-05
1251,"[[77]
 [82]
 [48]
 [50]
 [57]
 [50]
 [48]
 [57]
 [69]]",4,1,glioma,1,0.0022315005771815777,0.9977476994196574,2.083213439618703e-05
1252,"[[77]
 [82]
 [48]
 [50]
 [57]
 [50]
 [48]
 [57]
 [69]]",4,1,glioma,1,0.0015397266251966357,0.9982096155484518,0.0002506425856457402
1253,"[[77]
 [82]
 [48]
 [50]
 [57]
 [50]
 [48]
 [57]
 [69]]",4,1,glioma,1,0.00026819091484261054,0.999718427658081,1.333828186034225e-05
1254,"[[77]
 [82]
 [48]
 [50]
 [57]
 [50]
 [48]
 [57]
 [69]]",4,1,glioma,1,0.005030822629729907,0.9949172735214233,5.1890257357930146e-05
1255,"[[77]
 [82]
 [48]
 [53]
 [51]
 [49]
 [49]
 [48]
 [69]]",3,1,glioma,1,0.0026908613120516143,0.9586075743039449,0.038701613123218216
1256,"[[77]
 [82]
 [48]
 [53]
 [51]
 [49]
 [49]
 [48]
 [69]]",3,1,glioma,1,0.0019512864528223872,0.9817973375320435,0.016251373415191967
1257,"[[49]
 [48]
 [48]
 [51]
 [54]
 [48]]",2,0,meningioma,1,0.22008909285068512,0.7765973806381226,0.0033135295379906893
1258,"[[77]
 [82]
 [48]
 [53]
 [51]
 [49]
 [49]
 [48]
 [69]]",3,1,glioma,1,0.0012915976209721218,0.9958315491676331,0.0028768807339171567
1259,"[[77]
 [82]
 [48]
 [53]
 [51]
 [49]
 [49]
 [48]
 [69]]",3,1,glioma,1,0.00023122283892007545,0.9996515909830729,0.00011720625722470383
1260,"[[77]
 [82]
 [48]
 [53]
 [51]
 [49]
 [49]
 [48]
 [69]]",3,1,glioma,1,0.00035244697937741876,0.9993688265482584,0.00027874650550074875
1261,"[[77]
 [82]
 [48]
 [53]
 [51]
 [49]
 [49]
 [48]
 [69]]",3,1,glioma,1,0.00011312652835234378,0.9997957746187845,9.106349292172429e-05
1262,"[[77]
 [82]
 [48]
 [52]
 [57]
 [48]
 [49]
 [57]
 [71]]",0,1,glioma,1,0.0018727662197003763,0.9977196653683981,0.0004075789620401338
1263,"[[77]
 [82]
 [48]
 [52]
 [57]
 [48]
 [49]
 [57]
 [71]]",0,1,glioma,1,0.004184900472561519,0.992731511592865,0.00308359165986379
1264,"[[77]
 [82]
 [48]
 [52]
 [57]
 [48]
 [49]
 [57]
 [71]]",0,1,glioma,1,0.0003359649320676302,0.9991046786308289,0.0005593104773045828
1265,"[[77]
 [82]
 [48]
 [52]
 [57]
 [48]
 [49]
 [57]
 [71]]",0,1,glioma,1,0.001139051077188924,0.9904962182044983,0.00836469124381741
1266,"[[77]
 [82]
 [48]
 [52]
 [57]
 [48]
 [49]
 [57]
 [71]]",0,1,glioma,1,0.0008645166041484723,0.9982785979906718,0.0008568956206242243
1267,"[[77]
 [82]
 [48]
 [52]
 [57]
 [48]
 [49]
 [57]
 [71]]",0,1,glioma,1,0.010718328412622213,0.987604558467865,0.0016771210357546806
1268,"[[49]
 [48]
 [48]
 [51]
 [54]
 [48]]",2,0,meningioma,0,0.6809971729914347,0.31795338292916614,0.0010494143546869357
1269,"[[77]
 [82]
 [48]
 [52]
 [57]
 [48]
 [49]
 [57]
 [71]]",0,1,glioma,1,0.004123096043864886,0.9956459601720175,0.0002309492871669742
1270,"[[77]
 [82]
 [48]
 [51]
 [49]
 [52]
 [48]
 [57]
 [66]]",3,1,glioma,1,0.0028777652575323978,0.9970205823580424,0.00010166746748533721
1271,"[[77]
 [82]
 [48]
 [51]
 [49]
 [52]
 [48]
 [57]
 [66]]",3,1,glioma,1,0.0010771624123056729,0.9987887144088745,0.00013414427909689644
1272,"[[77]
 [82]
 [48]
 [51]
 [49]
 [52]
 [48]
 [57]
 [66]]",3,1,glioma,1,0.1567444478472074,0.8429269393285116,0.0003286084053494657
1273,"[[77]
 [82]
 [48]
 [50]
 [52]
 [55]
 [56]
 [48]
 [68]]",4,1,glioma,1,0.0006670293708642324,0.9975304206212362,0.0018025287427008152
1274,"[[77]
 [82]
 [48]
 [50]
 [52]
 [55]
 [56]
 [48]
 [68]]",4,1,glioma,1,0.0016732080451523264,0.9944104353586832,0.003916352676848571
1275,"[[77]
 [82]
 [48]
 [51]
 [56]
 [52]
 [54]
 [57]]",4,1,glioma,1,0.12747889260450998,0.8689161936442057,0.0036049028858542442
1276,"[[77]
 [82]
 [48]
 [51]
 [56]
 [52]
 [54]
 [57]]",4,1,glioma,1,0.035212832813461624,0.9562166531880697,0.008570529830952486
1277,"[[77]
 [82]
 [48]
 [51]
 [56]
 [52]
 [54]
 [57]]",4,1,glioma,1,0.006085715567072232,0.9667107065518697,0.027203569188714027
1278,"[[77]
 [82]
 [48]
 [51]
 [56]
 [52]
 [54]
 [57]]",4,1,glioma,1,0.005932193404684464,0.9865898489952087,0.007477992524703343
1279,"[[49]
 [48]
 [48]
 [51]
 [54]
 [48]]",2,0,meningioma,1,0.49055471022923786,0.5023231705029806,0.0071221150768299895
1280,"[[77]
 [82]
 [48]
 [51]
 [56]
 [52]
 [54]
 [57]]",4,1,glioma,1,0.0010097347549162805,0.9987731575965881,0.00021709760767407715
1281,"[[77]
 [82]
 [48]
 [51]
 [56]
 [52]
 [54]
 [57]]",4,1,glioma,1,0.0013737127107257645,0.996681272983551,0.0019450354933117826
1282,"[[77]
 [82]
 [48]
 [51]
 [56]
 [52]
 [54]
 [57]]",4,1,glioma,1,0.001046662568114698,0.9982242981592814,0.0007290507298118124
1283,"[[77]
 [82]
 [48]
 [51]
 [50]
 [51]
 [50]
 [50]
 [67]]",0,1,glioma,1,0.00648832965331773,0.9925345579783121,0.0009770989515042554
1284,"[[77]
 [82]
 [48]
 [51]
 [50]
 [51]
 [50]
 [50]
 [67]]",0,1,glioma,1,0.007249076850712299,0.9924366672833761,0.0003142874678208803
1285,"[[77]
 [82]
 [48]
 [51]
 [50]
 [51]
 [50]
 [50]
 [67]]",0,1,glioma,1,0.005733950917298595,0.9941299557685852,0.00013611167863321802
1286,"[[77]
 [82]
 [48]
 [51]
 [50]
 [51]
 [50]
 [50]
 [67]]",0,1,glioma,1,0.022344512554506462,0.9775036970774332,0.0001518072652591703
1287,"[[77]
 [82]
 [48]
 [51]
 [50]
 [51]
 [50]
 [50]
 [67]]",0,1,glioma,1,0.06499384716153145,0.9347032308578491,0.00030290907792126137
1288,"[[77]
 [82]
 [48]
 [51]
 [50]
 [51]
 [50]
 [50]
 [67]]",0,1,glioma,1,0.0010686102517259617,0.9988911747932434,4.020932252994195e-05
1289,"[[77]
 [82]
 [48]
 [51]
 [50]
 [51]
 [50]
 [50]
 [67]]",0,1,glioma,1,0.001237510625893871,0.9985316395759583,0.0002308547894548004
1290,"[[49]
 [48]
 [48]
 [51]
 [54]
 [48]]",2,0,meningioma,1,0.336297740538915,0.6367971698443095,0.026905079061786335
1291,"[[77]
 [82]
 [48]
 [51]
 [50]
 [51]
 [50]
 [50]
 [67]]",0,1,glioma,1,0.0008975263238729289,0.9989876548449198,0.0001148175021323065
1292,"[[77]
 [82]
 [48]
 [51]
 [50]
 [51]
 [50]
 [50]
 [67]]",0,1,glioma,1,0.0024005818413570523,0.9975072344144186,9.219752973876894e-05
1293,"[[77]
 [82]
 [48]
 [51]
 [50]
 [51]
 [50]
 [50]
 [67]]",0,1,glioma,1,0.004580602670709292,0.9951704144477844,0.00024896784937785316
1294,"[[77]
 [82]
 [48]
 [51]
 [50]
 [51]
 [50]
 [50]
 [67]]",0,1,glioma,1,0.0007231614241997401,0.9992568492889404,1.9959937162639108e-05
1295,"[[77]
 [82]
 [48]
 [51]
 [50]
 [51]
 [50]
 [50]
 [67]]",0,1,glioma,1,0.0021244161180220544,0.9975974361101786,0.00027817299754436436
1296,"[[77]
 [82]
 [48]
 [51]
 [50]
 [51]
 [50]
 [50]
 [67]]",0,1,glioma,1,0.015185774924854437,0.9806968172391256,0.004117417770127456
1297,"[[77]
 [82]
 [48]
 [51]
 [55]
 [52]
 [53]
 [56]
 [66]]",3,1,glioma,0,0.6967852314313253,0.2746629019578298,0.028551872198780377
1298,"[[77]
 [82]
 [48]
 [51]
 [55]
 [52]
 [53]
 [56]
 [66]]",3,1,glioma,0,0.5531259477138519,0.2602130224307378,0.18666105469067892
1299,"[[77]
 [82]
 [48]
 [51]
 [55]
 [52]
 [53]
 [56]
 [66]]",3,1,glioma,0,0.6433236201604208,0.2784970949093501,0.07817928989728291
1300,"[[77]
 [82]
 [48]
 [51]
 [55]
 [52]
 [53]
 [56]
 [66]]",3,1,glioma,0,0.6314361691474915,0.2928723742564519,0.07569145907958348
1301,"[[49]
 [48]
 [48]
 [51]
 [54]
 [48]]",2,0,meningioma,1,0.06618873899181683,0.8629963596661886,0.07081491748491923
1302,"[[77]
 [82]
 [48]
 [51]
 [55]
 [52]
 [53]
 [56]
 [66]]",3,1,glioma,0,0.6348254084587097,0.3517003059387207,0.01347427194317182
1303,"[[77]
 [82]
 [48]
 [51]
 [55]
 [52]
 [53]
 [56]
 [66]]",3,1,glioma,0,0.5175615747769674,0.4792055586973826,0.003232829854823649
1304,"[[77]
 [82]
 [48]
 [51]
 [55]
 [52]
 [53]
 [56]
 [66]]",3,1,glioma,0,0.8986616929372152,0.09851825733979543,0.002820036180006961
1305,"[[77]
 [82]
 [48]
 [51]
 [55]
 [52]
 [53]
 [56]
 [66]]",3,1,glioma,0,0.6731573343276978,0.31312193473180133,0.01372075080871582
1306,"[[77]
 [82]
 [48]
 [51]
 [57]
 [52]
 [55]
 [51]]",2,1,glioma,1,0.00907996715977788,0.9503694772720337,0.040550575902064644
1307,"[[77]
 [82]
 [48]
 [51]
 [57]
 [52]
 [55]
 [51]]",2,1,glioma,1,0.0010472664531941216,0.9982991417249044,0.0006535998545587063
1308,"[[77]
 [82]
 [48]
 [51]
 [57]
 [52]
 [55]
 [51]]",2,1,glioma,1,7.285271082461502e-05,0.9998662273089091,6.091738699372703e-05
1309,"[[77]
 [82]
 [48]
 [51]
 [57]
 [52]
 [55]
 [51]]",2,1,glioma,1,4.336964411777444e-05,0.99994428952535,1.2363581997002862e-05
1310,"[[77]
 [82]
 [48]
 [51]
 [57]
 [52]
 [55]
 [51]]",2,1,glioma,1,2.7417410819907673e-05,0.9999607801437378,1.1776471031528976e-05
1311,"[[77]
 [82]
 [48]
 [51]
 [57]
 [52]
 [55]
 [51]
 [66]]",0,1,glioma,1,0.05158295854926109,0.7226841052373251,0.2257329523563385
1312,"[[49]
 [48]
 [48]
 [53]
 [55]
 [50]]",4,0,meningioma,0,0.5442882974942526,0.028237876792748768,0.42747382322947186
1313,"[[77]
 [82]
 [48]
 [51]
 [57]
 [52]
 [55]
 [51]
 [66]]",0,1,glioma,1,0.0013757891332109768,0.9565840164820353,0.04204020525018374
1314,"[[77]
 [82]
 [48]
 [51]
 [57]
 [52]
 [55]
 [51]
 [66]]",0,1,glioma,1,0.003334614719885091,0.9666139682133993,0.03005138908823331
1315,"[[77]
 [82]
 [48]
 [51]
 [57]
 [52]
 [55]
 [51]
 [66]]",0,1,glioma,1,0.001456399525826176,0.9956105748812357,0.0029330288525670767
1316,"[[77]
 [82]
 [48]
 [51]
 [57]
 [52]
 [55]
 [51]
 [66]]",0,1,glioma,1,0.0015300993885224063,0.9980987707773844,0.0003711542037005226
1317,"[[77]
 [82]
 [48]
 [51]
 [57]
 [52]
 [55]
 [51]
 [66]]",0,1,glioma,1,0.002164247251736621,0.9975444475809733,0.0002913240556760381
1318,"[[77]
 [82]
 [48]
 [51]
 [57]
 [52]
 [55]
 [51]
 [66]]",0,1,glioma,1,0.00027646958430220064,0.9996506174405416,7.29115927242674e-05
1319,"[[77]
 [82]
 [48]
 [51]
 [55]
 [52]
 [53]
 [56]
 [67]]",2,1,glioma,1,0.029601706191897392,0.9667458335558573,0.0036524624253312745
1320,"[[77]
 [82]
 [48]
 [51]
 [55]
 [52]
 [53]
 [56]
 [67]]",2,1,glioma,1,0.014476474684973558,0.9839590787887573,0.001564421613390247
1321,"[[77]
 [82]
 [48]
 [51]
 [55]
 [52]
 [53]
 [56]
 [67]]",2,1,glioma,1,0.011308433177570501,0.9875176350275675,0.0011739472392946482
1322,"[[77]
 [82]
 [48]
 [51]
 [55]
 [52]
 [53]
 [56]
 [67]]",2,1,glioma,1,0.0017949152970686555,0.9978264967600504,0.0003786248271353543
1323,"[[49]
 [48]
 [48]
 [53]
 [55]
 [50]]",4,0,meningioma,0,0.7304831544558207,0.03686444150904814,0.23265238602956137
1324,"[[77]
 [82]
 [48]
 [51]
 [55]
 [52]
 [53]
 [56]
 [67]]",2,1,glioma,1,0.004289492033421993,0.9953042268753052,0.00040628566542485106
1325,"[[77]
 [82]
 [48]
 [51]
 [55]
 [52]
 [53]
 [56]
 [67]]",2,1,glioma,1,0.0011043998723228772,0.9987896680831909,0.00010595068912759113
1326,"[[77]
 [82]
 [48]
 [51]
 [55]
 [52]
 [53]
 [56]
 [67]]",2,1,glioma,1,0.003931286899993817,0.9960079789161682,6.0726728406734765e-05
1327,"[[77]
 [82]
 [48]
 [51]
 [55]
 [52]
 [53]
 [56]
 [67]]",2,1,glioma,1,0.0011910110285195212,0.9988052248954773,3.7818657195506e-06
1328,"[[77]
 [82]
 [48]
 [51]
 [55]
 [52]
 [53]
 [56]
 [67]]",2,1,glioma,1,0.026222269982099533,0.973550538221995,0.00022721068914203593
1329,"[[77]
 [82]
 [48]
 [51]
 [55]
 [52]
 [53]
 [56]
 [67]]",2,1,glioma,1,0.002678567466015617,0.997274120648702,4.7319130620356496e-05
1330,"[[77]
 [82]
 [48]
 [52]
 [48]
 [50]
 [52]
 [48]]",3,1,glioma,1,0.014924607239663601,0.9800302982330322,0.005045082575331132
1331,"[[77]
 [82]
 [48]
 [52]
 [48]
 [50]
 [52]
 [48]]",3,1,glioma,1,0.0038948641158640385,0.9954367081324259,0.0006684385201272865
1332,"[[77]
 [82]
 [48]
 [52]
 [48]
 [50]
 [52]
 [48]]",3,1,glioma,1,0.0014158001480003197,0.9981467922528585,0.00043739805308481056
1333,"[[77]
 [82]
 [48]
 [52]
 [48]
 [50]
 [52]
 [48]]",3,1,glioma,1,7.879352900393617e-05,0.9998998244603475,2.1355721401050687e-05
1334,"[[49]
 [48]
 [49]
 [55]
 [57]
 [55]]",3,0,meningioma,0,0.5721412102381388,0.41736142834027606,0.010497326341768106
1335,"[[49]
 [48]
 [48]
 [53]
 [55]
 [50]]",4,0,meningioma,2,0.41364909211794537,0.033115217462182045,0.5532356798648834
1336,"[[77]
 [82]
 [48]
 [52]
 [48]
 [50]
 [52]
 [48]]",3,1,glioma,1,0.0065880087204277515,0.9873138666152954,0.006098100294669469
1337,"[[77]
 [82]
 [48]
 [52]
 [48]
 [50]
 [52]
 [48]]",3,1,glioma,1,0.0010298396033855777,0.9984241525332133,0.0005460394798622777
1338,"[[77]
 [82]
 [48]
 [52]
 [48]
 [50]
 [52]
 [48]]",3,1,glioma,1,6.5922209614655e-05,0.9999024073282877,3.1703239073976874e-05
1339,"[[77]
 [82]
 [48]
 [52]
 [48]
 [50]
 [52]
 [48]]",3,1,glioma,1,0.00027270963376698393,0.9996896386146545,3.764929533645045e-05
1340,"[[77]
 [82]
 [48]
 [52]
 [48]
 [50]
 [52]
 [48]]",3,1,glioma,1,0.002628077461849898,0.9973647991816202,7.141459301844104e-06
1341,"[[77]
 [82]
 [48]
 [52]
 [48]
 [50]
 [52]
 [48]]",3,1,glioma,1,0.0013448803607995312,0.9986055095990499,4.963940834083284e-05
1342,"[[77]
 [82]
 [48]
 [52]
 [48]
 [50]
 [52]
 [48]
 [66]]",3,1,glioma,1,0.010955388036866983,0.9581034580866495,0.030941177159547806
1343,"[[77]
 [82]
 [48]
 [52]
 [48]
 [50]
 [52]
 [48]
 [66]]",3,1,glioma,1,0.0008847642263087133,0.9979599714279175,0.001155266654677689
1344,"[[77]
 [82]
 [48]
 [52]
 [48]
 [50]
 [52]
 [48]
 [66]]",3,1,glioma,1,0.0003373854075713704,0.999569813410441,9.281505602605951e-05
1345,"[[77]
 [82]
 [48]
 [52]
 [48]
 [50]
 [52]
 [48]
 [66]]",3,1,glioma,1,0.000305942715688919,0.9992717504501343,0.0004223111124398808
1346,"[[49]
 [48]
 [49]
 [48]
 [49]
 [54]]",1,0,meningioma,0,0.8162825107574463,0.1800425723195076,0.003674881843229135
1347,"[[77]
 [82]
 [48]
 [52]
 [48]
 [50]
 [52]
 [48]
 [66]]",3,1,glioma,1,0.0001065188165133198,0.9998706380526224,2.2834485813897725e-05
1348,"[[77]
 [82]
 [48]
 [52]
 [48]
 [50]
 [52]
 [48]
 [66]]",3,1,glioma,1,0.00010839936536892007,0.9998451272646586,4.64691602246603e-05
1349,"[[77]
 [82]
 [48]
 [52]
 [48]
 [50]
 [52]
 [48]
 [66]]",3,1,glioma,1,2.3915536075946875e-05,0.9999707539876302,5.326052587406593e-06
1350,"[[77]
 [82]
 [48]
 [52]
 [48]
 [50]
 [52]
 [48]
 [66]]",3,1,glioma,1,0.0006895210438718399,0.9992781281471252,3.23384362369931e-05
1351,"[[77]
 [82]
 [48]
 [52]
 [48]
 [50]
 [52]
 [48]
 [66]]",3,1,glioma,1,0.0006303486200825622,0.9993205269177755,4.913769710886603e-05
1352,"[[77]
 [82]
 [48]
 [52]
 [48]
 [50]
 [52]
 [48]
 [66]]",3,1,glioma,1,0.0006455014809034765,0.9993165930112203,3.786366626930734e-05
1353,"[[77]
 [82]
 [48]
 [50]
 [57]
 [50]
 [48]
 [57]
 [71]]",1,1,glioma,1,0.00018533468149447194,0.9997769792874655,3.769405824035251e-05
1354,"[[77]
 [82]
 [48]
 [50]
 [57]
 [50]
 [48]
 [57]
 [71]]",1,1,glioma,1,0.0004911683014749239,0.9994958440462748,1.300335134146735e-05
1355,"[[77]
 [82]
 [48]
 [50]
 [57]
 [50]
 [48]
 [57]
 [71]]",1,1,glioma,1,4.456648942626392e-05,0.99995489915212,5.14004241836119e-07
1356,"[[77]
 [82]
 [48]
 [50]
 [57]
 [50]
 [48]
 [57]
 [71]]",1,1,glioma,1,0.0003168429684592411,0.9996828436851501,3.5101125206438155e-07
1357,"[[49]
 [48]
 [49]
 [48]
 [49]
 [54]]",1,0,meningioma,0,0.9751923481623331,0.016010646397868793,0.00879699643701315
1358,"[[77]
 [82]
 [48]
 [50]
 [57]
 [50]
 [48]
 [57]
 [71]]",1,1,glioma,1,7.849122872964169e-05,0.9999208450317383,6.699891817637157e-07
1359,"[[77]
 [82]
 [48]
 [50]
 [57]
 [50]
 [48]
 [57]
 [71]]",1,1,glioma,1,0.00023837600504824272,0.9997607668240865,8.597194873042705e-07
1360,"[[77]
 [82]
 [48]
 [50]
 [57]
 [50]
 [48]
 [57]
 [71]]",1,1,glioma,1,0.001568523623670141,0.9984244505564371,7.024818084270616e-06
1361,"[[77]
 [82]
 [48]
 [50]
 [57]
 [50]
 [48]
 [57]
 [71]]",1,1,glioma,1,0.0042176921851933,0.9957484801610311,3.380216670241983e-05
1362,"[[77]
 [82]
 [48]
 [51]
 [54]
 [52]
 [57]
 [54]
 [66]]",4,1,glioma,1,0.0005059776109798501,0.9994274576505026,6.659429345745593e-05
1363,"[[77]
 [82]
 [48]
 [51]
 [54]
 [52]
 [57]
 [54]
 [66]]",4,1,glioma,1,0.001038966855655114,0.9989435076713562,1.755706186183185e-05
1364,"[[77]
 [82]
 [48]
 [51]
 [54]
 [52]
 [57]
 [54]
 [66]]",4,1,glioma,1,0.002329101669602096,0.99746702114741,0.000203867515665479
1365,"[[77]
 [82]
 [48]
 [51]
 [54]
 [52]
 [57]
 [54]
 [66]]",4,1,glioma,1,0.0015088874885501962,0.9984818895657858,9.22140270631644e-06
1366,"[[77]
 [82]
 [48]
 [51]
 [54]
 [52]
 [57]
 [54]
 [66]]",4,1,glioma,1,0.009138219058513641,0.9908004999160767,6.12999089450265e-05
1367,"[[77]
 [82]
 [48]
 [51]
 [54]
 [52]
 [57]
 [54]
 [66]]",4,1,glioma,1,0.019245490431785583,0.9805859923362732,0.00016853708560423306
1368,"[[49]
 [48]
 [49]
 [48]
 [49]
 [54]]",1,0,meningioma,0,0.5270455876986185,0.4726567169030507,0.00029769765872818726
1369,"[[77]
 [82]
 [48]
 [51]
 [51]
 [52]
 [50]
 [48]]",0,1,glioma,1,0.000979620769309501,0.998594065507253,0.0004263233665066461
1370,"[[77]
 [82]
 [48]
 [51]
 [51]
 [52]
 [50]
 [48]]",0,1,glioma,1,0.0022451841117193303,0.9970001975695292,0.0007545859552919865
1371,"[[77]
 [82]
 [48]
 [51]
 [51]
 [52]
 [50]
 [48]]",0,1,glioma,1,0.0019017051284511883,0.9973907272020975,0.0007075383909977973
1372,"[[77]
 [82]
 [48]
 [51]
 [51]
 [52]
 [50]
 [48]]",0,1,glioma,1,0.0004173343574317793,0.9995627601941427,1.9907971212281456e-05
1373,"[[77]
 [82]
 [48]
 [51]
 [51]
 [52]
 [50]
 [48]]",0,1,glioma,1,0.000299714981035019,0.9995736877123514,0.00012664596579270437
1374,"[[77]
 [82]
 [48]
 [51]
 [51]
 [52]
 [50]
 [48]]",0,1,glioma,1,0.0017011087232579787,0.9978853662808737,0.0004135558265261352
1375,"[[77]
 [82]
 [48]
 [51]
 [51]
 [52]
 [50]
 [48]]",0,1,glioma,1,0.0018399342661723495,0.9980310002962748,0.0001290412777355717
1376,"[[77]
 [82]
 [48]
 [50]
 [52]
 [55]
 [56]
 [48]
 [66]]",0,1,glioma,1,0.002207785379141569,0.9937246640523275,0.004067562830944856
1377,"[[77]
 [82]
 [48]
 [50]
 [52]
 [55]
 [56]
 [48]
 [66]]",0,1,glioma,1,0.0013546170472788315,0.9926812847455343,0.005964078940451145
1378,"[[77]
 [82]
 [48]
 [50]
 [52]
 [55]
 [56]
 [48]
 [66]]",0,1,glioma,1,0.0010746543994173408,0.9906271894772848,0.00829816097393632
1379,"[[49]
 [48]
 [49]
 [48]
 [49]
 [54]]",1,0,meningioma,0,0.9279964168866476,0.07133937999606133,0.0006642185908276588
1380,"[[77]
 [82]
 [48]
 [50]
 [52]
 [55]
 [56]
 [48]
 [66]]",0,1,glioma,1,0.0037676828214898705,0.9619171023368835,0.03431518500049909
1381,"[[77]
 [82]
 [48]
 [51]
 [51]
 [51]
 [56]
 [57]
 [66]]",3,1,glioma,1,0.0006482528794246415,0.9992206692695618,0.00013110419846877144
1382,"[[77]
 [82]
 [48]
 [52]
 [56]
 [57]
 [57]
 [52]]",1,1,glioma,1,0.00681212234000365,0.9931173721949259,7.050113345030695e-05
1383,"[[77]
 [82]
 [48]
 [52]
 [56]
 [57]
 [57]
 [52]]",1,1,glioma,1,0.29146507382392883,0.7079928517341614,0.0005420982391418269
1384,"[[77]
 [82]
 [48]
 [52]
 [57]
 [49]
 [48]
 [52]]",3,1,glioma,1,0.0006506854891388988,0.9993225733439127,2.6730585129068157e-05
1385,"[[77]
 [82]
 [48]
 [52]
 [57]
 [49]
 [48]
 [52]]",3,1,glioma,1,0.002628199950171014,0.9972754915555319,9.633451312159498e-05
1386,"[[77]
 [82]
 [48]
 [52]
 [57]
 [49]
 [48]
 [52]]",3,1,glioma,1,0.006327672395855188,0.9921073317527771,0.0015649905738731225
1387,"[[77]
 [82]
 [48]
 [52]
 [57]
 [49]
 [52]
 [50]]",2,1,glioma,1,0.0915811484058698,0.8937241236368815,0.014694719885786375
1388,"[[77]
 [82]
 [48]
 [52]
 [57]
 [49]
 [52]
 [50]]",2,1,glioma,1,0.15265929202238718,0.8466788331667582,0.0006618865396982679
1389,"[[77]
 [82]
 [48]
 [52]
 [57]
 [49]
 [52]
 [50]]",2,1,glioma,1,0.18107413748900095,0.8177924354871114,0.001133428964142998
1390,"[[49]
 [48]
 [49]
 [48]
 [49]
 [54]]",1,0,meningioma,0,0.9110182126363119,0.08880378057559331,0.0001780093734851107
1391,"[[77]
 [82]
 [48]
 [52]
 [56]
 [57]
 [57]
 [52]
 [66]]",3,1,glioma,1,0.000736734849245598,0.9989726940790812,0.0002905544339834402
1392,"[[77]
 [82]
 [48]
 [52]
 [56]
 [57]
 [57]
 [52]
 [66]]",3,1,glioma,1,0.00022436950530391186,0.99970676501592,6.88556914004342e-05
1393,"[[77]
 [82]
 [48]
 [52]
 [56]
 [57]
 [57]
 [52]
 [66]]",3,1,glioma,1,0.00028075067287621397,0.9996296366055807,8.958528390697514e-05
1394,"[[77]
 [82]
 [48]
 [52]
 [56]
 [57]
 [57]
 [52]
 [66]]",3,1,glioma,1,0.0012509803054854274,0.9972337086995443,0.0015153006728117664
1395,"[[77]
 [82]
 [48]
 [52]
 [56]
 [57]
 [52]
 [52]
 [66]]",1,1,glioma,1,0.01503316592425108,0.9836764136950175,0.001290425503005584
1396,"[[77]
 [82]
 [48]
 [52]
 [56]
 [57]
 [52]
 [52]
 [66]]",1,1,glioma,1,0.0001782082642118136,0.9991578459739685,0.0006639756029471755
1397,"[[77]
 [82]
 [48]
 [52]
 [56]
 [57]
 [52]
 [52]
 [66]]",1,1,glioma,1,0.0001573851186549291,0.9996431867281595,0.00019944531474417695
1398,"[[77]
 [82]
 [48]
 [52]
 [56]
 [57]
 [52]
 [52]
 [66]]",1,1,glioma,1,0.0001893087537609972,0.9996967514355978,0.00011391199222998694
1399,"[[77]
 [82]
 [48]
 [52]
 [56]
 [57]
 [52]
 [52]
 [66]]",1,1,glioma,1,0.00032500822756749886,0.9995771050453186,9.787240560399368e-05
1400,"[[77]
 [82]
 [48]
 [52]
 [56]
 [57]
 [52]
 [52]
 [66]]",1,1,glioma,1,0.00027349040707728517,0.999693771203359,3.2746809665695764e-05
1401,"[[49]
 [48]
 [49]
 [48]
 [49]
 [54]]",1,0,meningioma,1,0.4838584363460541,0.5154000322024027,0.0007415447810975214
1402,"[[77]
 [82]
 [48]
 [52]
 [56]
 [57]
 [52]
 [52]
 [66]]",1,1,glioma,1,0.00038177863461896777,0.9991994301478068,0.000418781137947614
1403,"[[77]
 [82]
 [48]
 [52]
 [57]
 [51]
 [53]
 [56]]",2,1,glioma,1,0.005817849499483903,0.9941779573758444,4.1781700019782875e-06
1404,"[[77]
 [82]
 [48]
 [52]
 [57]
 [51]
 [53]
 [56]]",2,1,glioma,1,0.02369753737002611,0.9755911628405253,0.0007112712094870707
1405,"[[77]
 [82]
 [48]
 [52]
 [57]
 [51]
 [53]
 [56]]",2,1,glioma,1,0.014321524805078903,0.9856500625610352,2.8436845847560715e-05
1406,"[[77]
 [82]
 [48]
 [52]
 [57]
 [51]
 [53]
 [56]]",2,1,glioma,1,0.01432849932461977,0.985581656297048,8.981830493818659e-05
1407,"[[77]
 [82]
 [48]
 [52]
 [57]
 [51]
 [53]
 [56]]",2,1,glioma,1,0.022444781536857288,0.9580056071281433,0.01954963120321433
1408,"[[77]
 [82]
 [48]
 [52]
 [57]
 [51]
 [53]
 [56]]",2,1,glioma,1,0.020510174334049225,0.9783427317937216,0.0011470964333663385
1409,"[[77]
 [82]
 [48]
 [52]
 [57]
 [51]
 [53]
 [56]]",2,1,glioma,1,0.0015982250721814732,0.9983921448389689,9.628653970139567e-06
1410,"[[77]
 [82]
 [48]
 [52]
 [57]
 [51]
 [53]
 [56]]",2,1,glioma,1,0.0006336403506187102,0.9993362824122111,3.0069509496873554e-05
1411,"[[77]
 [82]
 [48]
 [52]
 [57]
 [51]
 [53]
 [56]]",2,1,glioma,1,0.004561162631337841,0.9953609506289164,7.788344131161769e-05
1412,"[[49]
 [48]
 [49]
 [49]
 [50]
 [55]]",1,0,meningioma,0,0.7203287680943807,0.26640617847442627,0.013265044117967287
1413,"[[77]
 [82]
 [48]
 [52]
 [57]
 [52]
 [53]
 [51]]",1,1,glioma,1,0.001707214629277587,0.9978396892547607,0.0004531005203413467
1414,"[[77]
 [82]
 [48]
 [52]
 [57]
 [52]
 [53]
 [51]]",1,1,glioma,1,0.0016755946368599932,0.99776558081309,0.0005588228329240034
1415,"[[77]
 [82]
 [48]
 [52]
 [57]
 [52]
 [53]
 [51]]",1,1,glioma,1,0.0037834609393030405,0.9959854682286581,0.00023106366764598837
1416,"[[77]
 [82]
 [48]
 [52]
 [57]
 [52]
 [53]
 [51]]",1,1,glioma,1,0.00014533089900699755,0.9998482267061869,6.409426532627549e-06
1417,"[[77]
 [82]
 [48]
 [52]
 [57]
 [52]
 [53]
 [51]]",1,1,glioma,1,0.006196429952979088,0.9937066237131754,9.695191086696771e-05
1418,"[[77]
 [82]
 [48]
 [52]
 [57]
 [52]
 [53]
 [51]]",1,1,glioma,1,0.008552093990147114,0.9912975430488586,0.00015034103125799447
1419,"[[77]
 [82]
 [48]
 [52]
 [57]
 [52]
 [53]
 [51]]",1,1,glioma,1,0.19121037423610687,0.7906527717908224,0.018136842797199886
1420,"[[77]
 [82]
 [48]
 [52]
 [57]
 [52]
 [53]
 [51]]",1,1,glioma,1,0.04502635449171066,0.9493201573689779,0.005653505912050605
1421,"[[77]
 [82]
 [48]
 [52]
 [57]
 [52]
 [53]
 [51]]",1,1,glioma,1,0.00039836924406699836,0.9995663166046143,3.5296032365295105e-05
1422,"[[77]
 [82]
 [48]
 [50]
 [52]
 [55]
 [56]
 [48]
 [71]]",4,1,glioma,1,0.000502914267902573,0.9992258548736572,0.0002712626107192288
1423,"[[49]
 [48]
 [49]
 [49]
 [50]
 [55]]",1,0,meningioma,0,0.8754933476448059,0.09349854538838069,0.031008055433630943
1424,"[[77]
 [82]
 [48]
 [50]
 [52]
 [55]
 [56]
 [48]
 [71]]",4,1,glioma,1,0.0007313690439332277,0.9990874727567037,0.00018115568673238158
1425,"[[77]
 [82]
 [48]
 [50]
 [52]
 [55]
 [56]
 [48]
 [71]]",4,1,glioma,1,0.0002552276710048318,0.9997179706891378,2.684512340541308e-05
1426,"[[77]
 [82]
 [48]
 [50]
 [52]
 [55]
 [56]
 [48]
 [71]]",4,1,glioma,1,0.00031816554837860167,0.9996156692504883,6.615652455366217e-05
1427,"[[77]
 [82]
 [48]
 [50]
 [52]
 [55]
 [56]
 [48]
 [71]]",4,1,glioma,1,0.0007065510532508293,0.9991987347602844,9.468770440435037e-05
1428,"[[77]
 [82]
 [48]
 [50]
 [52]
 [55]
 [56]
 [48]
 [71]]",4,1,glioma,1,0.001186657735767464,0.9987633228302002,5.0024786711825676e-05
1429,"[[77]
 [82]
 [48]
 [50]
 [52]
 [55]
 [56]
 [48]
 [71]]",4,1,glioma,1,0.007666845495502154,0.9919857978820801,0.00034736092008339864
1430,"[[77]
 [82]
 [48]
 [52]
 [57]
 [52]
 [53]
 [51]
 [66]]",2,1,glioma,1,0.012983667974670729,0.9869735439618429,4.279960982482104e-05
1431,"[[77]
 [82]
 [48]
 [52]
 [57]
 [52]
 [53]
 [51]
 [66]]",2,1,glioma,1,0.050007534523804985,0.9490730961163839,0.0009193593868985772
1432,"[[77]
 [82]
 [48]
 [52]
 [57]
 [52]
 [53]
 [51]
 [66]]",2,1,glioma,1,0.012375444484253725,0.9781609574953715,0.009463619285573563
1433,"[[77]
 [82]
 [48]
 [52]
 [57]
 [52]
 [53]
 [51]
 [66]]",2,1,glioma,1,0.003039078631748756,0.9920069376627604,0.004954015215237935
1434,"[[49]
 [48]
 [49]
 [49]
 [50]
 [55]]",1,0,meningioma,2,0.37872519095738727,0.03037933073937893,0.5908954739570618
1435,"[[77]
 [82]
 [48]
 [52]
 [57]
 [52]
 [53]
 [51]
 [66]]",2,1,glioma,1,0.005595396272838116,0.9936257799466451,0.0007788186388400694
1436,"[[77]
 [82]
 [48]
 [52]
 [57]
 [52]
 [53]
 [51]
 [66]]",2,1,glioma,1,0.002723233813109497,0.9971577127774557,0.00011904237665779267
1437,"[[77]
 [82]
 [48]
 [52]
 [57]
 [52]
 [53]
 [51]
 [66]]",2,1,glioma,1,0.01638913620263338,0.9835296471913656,8.120204680987324e-05
1438,"[[77]
 [82]
 [48]
 [52]
 [57]
 [52]
 [53]
 [51]
 [66]]",2,1,glioma,1,0.006569021847099066,0.9930823842684428,0.0003485788474790752
1439,"[[77]
 [82]
 [48]
 [52]
 [57]
 [52]
 [53]
 [51]
 [66]]",2,1,glioma,1,0.0018240249870965879,0.9976774056752523,0.0004986009541122863
1440,"[[77]
 [82]
 [48]
 [52]
 [57]
 [52]
 [53]
 [51]
 [66]]",2,1,glioma,1,0.021795295489331085,0.9774029652277628,0.0008017914951778948
1441,"[[77]
 [82]
 [48]
 [52]
 [57]
 [52]
 [53]
 [51]
 [66]]",2,1,glioma,1,0.011344204346338907,0.9858901103337606,0.002765674221639832
1442,"[[77]
 [82]
 [48]
 [52]
 [57]
 [52]
 [53]
 [51]
 [66]]",2,1,glioma,1,0.0013760669389739633,0.9985896944999695,3.422481555996152e-05
1443,"[[77]
 [82]
 [48]
 [52]
 [57]
 [52]
 [53]
 [51]
 [66]]",2,1,glioma,1,0.0031721307896077633,0.9955758055051168,0.0012520607560873032
1444,"[[77]
 [82]
 [48]
 [52]
 [57]
 [52]
 [53]
 [51]
 [66]]",2,1,glioma,1,0.002017989056184888,0.9962083299954733,0.0017737164938201506
1445,"[[49]
 [48]
 [49]
 [55]
 [57]
 [55]]",3,0,meningioma,0,0.6805896162986755,0.30721912781397503,0.012191271719833216
1446,"[[49]
 [48]
 [49]
 [49]
 [50]
 [55]]",1,0,meningioma,2,0.4146305322647095,0.03287311022480329,0.5524963736534119
1447,"[[77]
 [82]
 [48]
 [53]
 [48]
 [49]
 [51]
 [53]
 [66]]",3,1,glioma,1,0.09673473984003067,0.8990351557731628,0.004230108965809147
1448,"[[77]
 [82]
 [48]
 [53]
 [48]
 [49]
 [51]
 [53]
 [66]]",3,1,glioma,1,0.005785059882327914,0.9939454793930054,0.0002694579695040981
1449,"[[77]
 [82]
 [48]
 [53]
 [48]
 [49]
 [51]
 [53]
 [66]]",3,1,glioma,1,0.0005262270569801331,0.9993842641512553,8.950182806681066e-05
1450,"[[77]
 [82]
 [48]
 [53]
 [48]
 [49]
 [51]
 [53]
 [66]]",3,1,glioma,1,0.09207422658801079,0.8889185388882955,0.019007235144575436
1451,"[[77]
 [82]
 [48]
 [53]
 [48]
 [49]
 [51]
 [53]
 [66]]",3,1,glioma,1,0.023895150050520897,0.9758804043134054,0.00022440337731192508
1452,"[[77]
 [82]
 [48]
 [53]
 [48]
 [49]
 [51]
 [53]
 [66]]",3,1,glioma,1,0.000610437118060266,0.9992860953013102,0.00010345355743387093
1453,"[[77]
 [82]
 [48]
 [53]
 [48]
 [49]
 [51]
 [53]
 [66]]",3,1,glioma,1,0.0067326264300694065,0.9926191767056783,0.0006482056148039798
1454,"[[77]
 [82]
 [48]
 [53]
 [48]
 [49]
 [51]
 [53]
 [66]]",3,1,glioma,1,0.00924461412553986,0.9889747699101766,0.001780643865155677
1455,"[[77]
 [82]
 [48]
 [53]
 [48]
 [49]
 [51]
 [53]
 [66]]",3,1,glioma,1,0.00722318949798743,0.9879446824391683,0.004832099657505751
1456,"[[77]
 [82]
 [48]
 [53]
 [48]
 [49]
 [51]
 [53]
 [66]]",3,1,glioma,1,0.003653558165145417,0.9954608877499899,0.0008855678315740079
1457,"[[49]
 [48]
 [49]
 [55]
 [57]
 [55]]",3,0,meningioma,1,0.4704599281152089,0.5228143731753031,0.006725718732923269
1458,"[[77]
 [82]
 [48]
 [53]
 [48]
 [49]
 [51]
 [53]
 [66]]",3,1,glioma,1,0.0005827521672472358,0.9993958075841268,2.145563181935965e-05
1459,"[[77]
 [82]
 [48]
 [53]
 [48]
 [54]
 [56]
 [55]]",3,1,glioma,1,0.10233137508233388,0.8916362722714742,0.006032375851646066
1460,"[[77]
 [82]
 [48]
 [53]
 [48]
 [54]
 [56]
 [55]]",3,1,glioma,1,0.026643312225739162,0.9725403388341268,0.000816338035898904
1461,"[[77]
 [82]
 [48]
 [53]
 [48]
 [54]
 [56]
 [55]]",3,1,glioma,1,0.009572752440969149,0.9888610243797302,0.0015662374595801036
1462,"[[77]
 [82]
 [48]
 [53]
 [48]
 [54]
 [56]
 [55]]",3,1,glioma,1,0.00809064181521535,0.9907679557800293,0.0011413751441674929
1463,"[[77]
 [82]
 [48]
 [53]
 [48]
 [54]
 [56]
 [55]]",3,1,glioma,1,0.15328929821650186,0.8437304695447286,0.0029802387580275536
1464,"[[77]
 [82]
 [48]
 [53]
 [48]
 [54]
 [56]
 [55]]",3,1,glioma,1,0.015214816046257814,0.9846751093864441,0.00011009309673681855
1465,"[[77]
 [82]
 [48]
 [53]
 [48]
 [55]
 [57]
 [49]
 [66]]",4,1,glioma,1,0.17060877879460654,0.8276558319727579,0.0017354294929342966
1466,"[[77]
 [82]
 [48]
 [53]
 [48]
 [55]
 [57]
 [49]
 [66]]",4,1,glioma,1,0.06206053743759791,0.9373897314071655,0.0005497246165759861
1467,"[[77]
 [82]
 [48]
 [53]
 [48]
 [55]
 [57]
 [49]
 [66]]",4,1,glioma,1,0.33344659209251404,0.6649190584818522,0.0016343365811432402
1468,"[[49]
 [48]
 [49]
 [55]
 [57]
 [55]]",3,0,meningioma,0,0.8668504556020101,0.1303256998459498,0.002823866903781891
1469,"[[77]
 [82]
 [48]
 [53]
 [48]
 [55]
 [57]
 [49]
 [66]]",4,1,glioma,0,0.640127420425415,0.3589288393656413,0.0009437152378571531
1470,"[[77]
 [82]
 [48]
 [52]
 [57]
 [48]
 [49]
 [57]
 [67]]",4,1,glioma,1,0.0025453759202112756,0.9962337613105774,0.0012208620707194011
1471,"[[77]
 [82]
 [48]
 [52]
 [57]
 [48]
 [49]
 [57]
 [67]]",4,1,glioma,1,0.0024825384995589652,0.9954721132914225,0.0020453514686475196
1472,"[[77]
 [82]
 [48]
 [52]
 [57]
 [48]
 [49]
 [57]
 [67]]",4,1,glioma,1,0.006694390904158354,0.6428531209627787,0.3504525125026703
1473,"[[77]
 [82]
 [48]
 [52]
 [57]
 [48]
 [49]
 [57]
 [67]]",4,1,glioma,1,0.0025105091044679284,0.9923122723897299,0.005177218311776717
1474,"[[77]
 [82]
 [48]
 [52]
 [57]
 [48]
 [49]
 [57]
 [67]]",4,1,glioma,1,0.0013533131374667089,0.9975456794102987,0.0011010247011048098
1475,"[[77]
 [82]
 [48]
 [50]
 [54]
 [49]
 [55]
 [53]
 [67]]",4,1,glioma,1,0.03250486652056376,0.9666828314463297,0.0008122976481293639
1476,"[[77]
 [82]
 [48]
 [50]
 [54]
 [49]
 [55]
 [53]
 [67]]",4,1,glioma,1,0.018110858276486397,0.9814184109369913,0.0004707222688011825
1477,"[[77]
 [82]
 [48]
 [50]
 [54]
 [49]
 [55]
 [53]
 [67]]",4,1,glioma,1,0.07947298015157382,0.9183316429456075,0.002195387457807859
1478,"[[77]
 [82]
 [48]
 [50]
 [54]
 [49]
 [55]
 [53]
 [67]]",4,1,glioma,1,0.011344670007626215,0.9882004459698995,0.0004548517851314197
1479,"[[49]
 [48]
 [49]
 [55]
 [57]
 [55]]",3,0,meningioma,0,0.8101462125778198,0.18057922025521597,0.009274565459539494
1480,"[[77]
 [82]
 [48]
 [50]
 [54]
 [49]
 [55]
 [53]
 [67]]",4,1,glioma,1,0.005819793324917555,0.9936317006746928,0.0005484724533744156
1481,"[[77]
 [82]
 [48]
 [50]
 [54]
 [49]
 [55]
 [53]
 [67]]",4,1,glioma,1,0.014112493333717188,0.9854078491528829,0.00047961694266026217
1482,"[[77]
 [82]
 [48]
 [50]
 [54]
 [49]
 [55]
 [53]
 [67]]",4,1,glioma,1,0.0023766508093103766,0.9974241455396017,0.00019920819613616914
1483,"[[77]
 [82]
 [48]
 [53]
 [49]
 [52]
 [54]
 [49]]",2,1,glioma,1,0.001351540976126368,0.9986126820246378,3.581311830203049e-05
1484,"[[77]
 [82]
 [48]
 [53]
 [49]
 [52]
 [54]
 [49]]",2,1,glioma,1,0.02246118305871884,0.9772746761639913,0.00026413079467602074
1485,"[[77]
 [82]
 [48]
 [53]
 [49]
 [52]
 [54]
 [49]]",2,1,glioma,1,0.0005473182682180777,0.9994276563326517,2.502435199858155e-05
1486,"[[77]
 [82]
 [48]
 [53]
 [49]
 [52]
 [54]
 [49]]",2,1,glioma,1,0.009747946945329508,0.9893792470296224,0.0008727942282954851
1487,"[[77]
 [82]
 [48]
 [53]
 [49]
 [52]
 [54]
 [49]]",2,1,glioma,1,0.0026221301329011717,0.996873140335083,0.0005047209754896661
1488,"[[77]
 [82]
 [48]
 [53]
 [49]
 [52]
 [54]
 [49]]",2,1,glioma,1,0.00990200430775682,0.9898216923077902,0.00027624640400366235
1489,"[[77]
 [82]
 [48]
 [53]
 [49]
 [52]
 [54]
 [49]]",2,1,glioma,1,0.021582402288913727,0.9774500131607056,0.0009676010619538525
1490,"[[49]
 [48]
 [49]
 [55]
 [57]
 [55]]",3,0,meningioma,0,0.939064641793569,0.057623485724131264,0.0033118832701196275
1491,"[[77]
 [82]
 [48]
 [53]
 [49]
 [52]
 [54]
 [49]]",2,1,glioma,1,0.004376180237159133,0.9950498342514038,0.000573964964132756
1492,"[[77]
 [82]
 [48]
 [53]
 [49]
 [52]
 [54]
 [49]]",2,1,glioma,1,0.0013018861645832658,0.998661200205485,3.6925205980272345e-05
1493,"[[77]
 [82]
 [48]
 [53]
 [49]
 [53]
 [56]
 [54]]",1,1,glioma,1,0.001710648900674035,0.9982465902964274,4.276368720942022e-05
1494,"[[77]
 [82]
 [48]
 [53]
 [49]
 [53]
 [56]
 [54]]",1,1,glioma,1,0.02605263019601504,0.9732993245124817,0.0006480627149964372
1495,"[[77]
 [82]
 [48]
 [51]
 [51]
 [51]
 [56]
 [57]
 [66]]",3,1,glioma,1,0.00568856718018651,0.9939015905062357,0.0004098214558325708
1496,"[[77]
 [82]
 [48]
 [51]
 [51]
 [51]
 [56]
 [57]
 [66]]",3,1,glioma,1,0.000651390563386182,0.9992669423421224,8.162094430493501e-05
1497,"[[77]
 [82]
 [48]
 [51]
 [51]
 [51]
 [56]
 [57]
 [66]]",3,1,glioma,1,0.0027986748221640787,0.9971045056978861,9.680215468203339e-05
1498,"[[77]
 [82]
 [48]
 [51]
 [51]
 [51]
 [56]
 [57]
 [66]]",3,1,glioma,1,0.005851337453350425,0.9937537709871928,0.00039489917010844994
1499,"[[77]
 [82]
 [48]
 [51]
 [51]
 [51]
 [56]
 [57]
 [66]]",3,1,glioma,1,0.01640830934047699,0.9834239482879639,0.00016775427745111907
1500,"[[77]
 [82]
 [48]
 [50]
 [52]
 [55]
 [56]
 [48]
 [69]]",1,1,glioma,1,0.0011761857895180583,0.9979060292243958,0.0009177997320269545
1501,"[[49]
 [48]
 [49]
 [55]
 [57]
 [55]]",3,0,meningioma,0,0.9389102061589559,0.059897193064292274,0.0011925669969059527
1502,"[[77]
 [82]
 [48]
 [50]
 [54]
 [49]
 [55]
 [53]
 [69]]",4,1,glioma,1,0.009155796996007362,0.9713066816329956,0.019537533943851788
1503,"[[77]
 [82]
 [48]
 [50]
 [54]
 [49]
 [55]
 [53]
 [69]]",4,1,glioma,1,0.0021604400826618075,0.9950288136800131,0.00281075780124714
1504,"[[77]
 [82]
 [48]
 [50]
 [54]
 [49]
 [55]
 [53]
 [69]]",4,1,glioma,1,0.00256191772253563,0.9882086118062338,0.009229441483815512
1505,"[[77]
 [82]
 [48]
 [50]
 [54]
 [49]
 [55]
 [53]
 [69]]",4,1,glioma,1,0.0011662711622193456,0.9985805551211039,0.00025314659675738466
1506,"[[77]
 [82]
 [48]
 [50]
 [54]
 [49]
 [55]
 [53]
 [69]]",4,1,glioma,1,0.00024322154058609158,0.9996294975280762,0.00012727761107574528
1507,"[[77]
 [82]
 [48]
 [50]
 [54]
 [49]
 [55]
 [53]
 [69]]",4,1,glioma,1,4.645117890807645e-05,0.9999369382858276,1.6628456251055468e-05
1508,"[[77]
 [82]
 [48]
 [50]
 [54]
 [49]
 [55]
 [53]
 [69]]",4,1,glioma,1,6.984148846337727e-05,0.9999220768610636,8.070665444392944e-06
1509,"[[77]
 [82]
 [48]
 [50]
 [54]
 [49]
 [55]
 [53]
 [69]]",4,1,glioma,1,0.00011857974459417164,0.9998285969098409,5.2787038536431886e-05
1510,"[[77]
 [82]
 [48]
 [50]
 [54]
 [49]
 [55]
 [53]
 [69]]",4,1,glioma,1,0.00010560556499209876,0.9998598694801331,3.4510251377165936e-05
1511,"[[77]
 [82]
 [48]
 [50]
 [54]
 [49]
 [55]
 [53]
 [69]]",4,1,glioma,1,0.0005028249676494548,0.9994106888771057,8.649327355669811e-05
1512,"[[49]
 [48]
 [50]
 [52]
 [50]
 [48]]",0,0,meningioma,0,0.680221696694692,0.10571661094824474,0.21406168739000955
1513,"[[77]
 [82]
 [48]
 [50]
 [54]
 [49]
 [55]
 [53]
 [69]]",4,1,glioma,1,0.0018226604831094544,0.997214118639628,0.0009632319561205804
1514,"[[77]
 [82]
 [48]
 [50]
 [54]
 [49]
 [55]
 [53]
 [69]]",4,1,glioma,1,0.0021259258307206133,0.9957824150721232,0.0020916540330896773
1515,"[[77]
 [82]
 [48]
 [52]
 [48]
 [50]
 [52]
 [48]
 [67]]",4,1,glioma,1,0.0036934387559692063,0.9906076590220133,0.005698929696033399
1516,"[[77]
 [82]
 [48]
 [52]
 [48]
 [50]
 [52]
 [48]
 [67]]",4,1,glioma,1,0.007566329247007768,0.9614180525143942,0.031015615289409954
1517,"[[77]
 [82]
 [48]
 [52]
 [48]
 [50]
 [52]
 [48]
 [67]]",4,1,glioma,1,0.010223824996501207,0.9893678426742554,0.0004083221235002081
1518,"[[77]
 [82]
 [48]
 [52]
 [48]
 [50]
 [52]
 [48]
 [67]]",4,1,glioma,1,0.0012214951760446031,0.9982624848683676,0.0005160248062262932
1519,"[[77]
 [82]
 [48]
 [52]
 [48]
 [50]
 [52]
 [48]
 [67]]",4,1,glioma,1,0.0005167095126428952,0.9979748328526815,0.0015084453043527901
1520,"[[77]
 [82]
 [48]
 [52]
 [48]
 [50]
 [52]
 [48]
 [67]]",4,1,glioma,1,6.164600199554116e-05,0.9994768500328064,0.000461545341143695
1521,"[[77]
 [82]
 [48]
 [52]
 [48]
 [50]
 [52]
 [48]
 [67]]",4,1,glioma,1,6.556943602239092e-05,0.999908963839213,2.546718042140128e-05
1522,"[[77]
 [82]
 [48]
 [52]
 [48]
 [50]
 [52]
 [48]
 [67]]",4,1,glioma,1,9.079370768934798e-05,0.9998327096303304,7.648115933989175e-05
1523,"[[49]
 [48]
 [50]
 [52]
 [50]
 [48]]",0,0,meningioma,0,0.9245856801668803,0.07129582266012828,0.004118501480358343
1524,"[[77]
 [82]
 [48]
 [52]
 [48]
 [50]
 [52]
 [48]
 [67]]",4,1,glioma,1,0.0014086876763030887,0.9977095723152161,0.0008817240983868638
1525,"[[77]
 [82]
 [48]
 [52]
 [48]
 [50]
 [52]
 [48]
 [67]]",4,1,glioma,1,0.011747042803714672,0.9805670777956644,0.0076858677590886755
1526,"[[77]
 [82]
 [48]
 [52]
 [48]
 [50]
 [52]
 [48]
 [67]]",4,1,glioma,1,0.001215837779454887,0.9986501137415568,0.0001340356126699286
1527,"[[77]
 [82]
 [48]
 [52]
 [48]
 [50]
 [52]
 [48]
 [68]]",4,1,glioma,1,0.011111150806148848,0.9318090875943502,0.05707978084683418
1528,"[[77]
 [82]
 [48]
 [52]
 [48]
 [50]
 [52]
 [48]
 [68]]",4,1,glioma,1,0.007286035766204198,0.9917959173520406,0.0009180159152795871
1529,"[[77]
 [82]
 [48]
 [52]
 [48]
 [50]
 [52]
 [48]
 [68]]",4,1,glioma,1,0.00010733756547172864,0.9996418754259745,0.00025078753727333
1530,"[[77]
 [82]
 [48]
 [52]
 [48]
 [50]
 [52]
 [48]
 [68]]",4,1,glioma,1,0.0006604372659542909,0.9988295634587606,0.0005099737706283728
1531,"[[77]
 [82]
 [48]
 [52]
 [48]
 [50]
 [52]
 [48]
 [68]]",4,1,glioma,1,0.00020249313092790544,0.9997484087944031,4.908936534775421e-05
1532,"[[77]
 [82]
 [48]
 [52]
 [48]
 [50]
 [52]
 [48]
 [68]]",4,1,glioma,1,0.00015675082977395505,0.9997979402542114,4.530291577490667e-05
1533,"[[77]
 [82]
 [48]
 [52]
 [48]
 [50]
 [52]
 [48]
 [68]]",4,1,glioma,1,7.66199494440419e-05,0.9998661875724792,5.7156255934387445e-05
1534,"[[49]
 [48]
 [50]
 [52]
 [50]
 [48]]",0,0,meningioma,0,0.9076194564501444,0.03925262515743574,0.0531278724471728
1535,"[[77]
 [82]
 [48]
 [52]
 [48]
 [50]
 [52]
 [48]
 [68]]",4,1,glioma,1,0.00027523832007621724,0.9996824661890665,4.229273872624617e-05
1536,"[[77]
 [82]
 [48]
 [52]
 [48]
 [50]
 [52]
 [48]
 [68]]",4,1,glioma,1,0.0007522707261765996,0.9988608956336975,0.0003868514225662996
1537,"[[77]
 [82]
 [48]
 [52]
 [48]
 [50]
 [52]
 [48]
 [68]]",4,1,glioma,1,0.005904184576744835,0.9918971061706543,0.002198706400425484
1538,"[[77]
 [82]
 [48]
 [52]
 [48]
 [50]
 [52]
 [48]
 [68]]",4,1,glioma,1,0.00044492885353975,0.9989036917686462,0.0006513946088186154
1539,"[[77]
 [82]
 [48]
 [49]
 [55]
 [50]
 [54]
 [48]
 [70]]",1,1,glioma,1,0.019649057028194267,0.9795053998629252,0.0008455431282830735
1540,"[[77]
 [82]
 [48]
 [49]
 [55]
 [50]
 [54]
 [48]
 [70]]",1,1,glioma,1,0.00048218802354919416,0.9970337549845377,0.0024840766175960502
1541,"[[77]
 [82]
 [48]
 [49]
 [55]
 [50]
 [54]
 [48]
 [70]]",1,1,glioma,1,3.116971432367185e-05,0.9999541441599528,1.4678169767042467e-05
1542,"[[77]
 [82]
 [48]
 [49]
 [55]
 [50]
 [54]
 [48]
 [70]]",1,1,glioma,1,3.097787399989708e-05,0.999955972035726,1.304616550138841e-05
1543,"[[77]
 [82]
 [48]
 [49]
 [55]
 [50]
 [54]
 [48]
 [70]]",1,1,glioma,1,0.0001910731225507334,0.9997920791308085,1.6867605457567453e-05
1544,"[[77]
 [82]
 [48]
 [49]
 [55]
 [50]
 [54]
 [48]
 [70]]",1,1,glioma,1,4.350693598098587e-05,0.9999533096949259,3.1725364048422002e-06
1545,"[[49]
 [48]
 [50]
 [52]
 [52]
 [54]]",4,0,meningioma,0,0.9927761753400167,0.006873088112721841,0.0003507443761918694
1546,"[[77]
 [82]
 [48]
 [49]
 [55]
 [50]
 [54]
 [48]
 [70]]",1,1,glioma,1,0.00016199168749153614,0.9998028675715128,3.516533464183643e-05
1547,"[[77]
 [82]
 [48]
 [49]
 [55]
 [50]
 [54]
 [48]
 [70]]",1,1,glioma,1,0.001289034359312306,0.9983163873354594,0.0003945739978613953
1548,"[[77]
 [82]
 [48]
 [49]
 [55]
 [50]
 [54]
 [48]
 [70]]",1,1,glioma,1,0.0004429291293490678,0.9994842807451884,7.28021247293024e-05
1549,"[[77]
 [82]
 [48]
 [49]
 [55]
 [50]
 [54]
 [48]
 [70]]",1,1,glioma,1,0.002561728935688734,0.9974120060602824,2.6275019687697448e-05
1550,"[[77]
 [82]
 [48]
 [50]
 [57]
 [50]
 [48]
 [57]
 [73]]",4,1,glioma,1,0.00018604595485764244,0.9997868140538534,2.7100517703123234e-05
1551,"[[77]
 [82]
 [48]
 [50]
 [57]
 [50]
 [48]
 [57]
 [73]]",4,1,glioma,1,4.0225818035348006e-05,0.9999535878499349,6.195476998982485e-06
1552,"[[77]
 [82]
 [48]
 [50]
 [57]
 [50]
 [48]
 [57]
 [73]]",4,1,glioma,1,0.00041926352908679593,0.9993364810943604,0.00024425998465934146
1553,"[[77]
 [82]
 [48]
 [50]
 [57]
 [50]
 [48]
 [57]
 [73]]",4,1,glioma,1,0.0005536083481274545,0.9994004567464193,4.5930252478380375e-05
1554,"[[77]
 [82]
 [48]
 [50]
 [57]
 [50]
 [48]
 [57]
 [73]]",4,1,glioma,1,0.00012412737366200113,0.9998741944630941,1.6652893274719343e-06
1555,"[[77]
 [82]
 [48]
 [50]
 [57]
 [50]
 [48]
 [57]
 [73]]",4,1,glioma,1,0.0001566631860138538,0.9998350938161215,8.282847905623688e-06
1556,"[[49]
 [48]
 [50]
 [52]
 [50]
 [48]]",0,0,meningioma,0,0.8472666343053182,0.14356892555952072,0.009164459770545363
1557,"[[49]
 [48]
 [50]
 [54]
 [55]
 [53]]",2,0,meningioma,0,0.6228161156177521,0.3745826482772827,0.002601216003919641
1558,"[[77]
 [82]
 [48]
 [50]
 [57]
 [50]
 [48]
 [57]
 [73]]",4,1,glioma,1,0.0022102411603555083,0.9977782169977824,1.150481451380377e-05
1559,"[[77]
 [82]
 [48]
 [50]
 [57]
 [50]
 [48]
 [57]
 [73]]",4,1,glioma,1,0.025077898055315018,0.9737046162287394,0.0012175019558829565
1560,"[[77]
 [82]
 [48]
 [50]
 [57]
 [50]
 [48]
 [57]
 [73]]",4,1,glioma,1,0.03766608921190103,0.9621320168177286,0.00020189699716866016
1561,"[[77]
 [82]
 [48]
 [52]
 [56]
 [50]
 [57]
 [52]]",0,1,glioma,1,0.00965753678853313,0.9734722177187601,0.016870247200131416
1562,"[[77]
 [82]
 [48]
 [52]
 [56]
 [50]
 [57]
 [52]]",0,1,glioma,1,0.013890381902456284,0.8058583736419678,0.18025123327970505
1563,"[[77]
 [82]
 [48]
 [52]
 [56]
 [50]
 [57]
 [52]]",0,1,glioma,1,0.004846385757749279,0.9828118880589803,0.012341764445106188
1564,"[[77]
 [82]
 [48]
 [52]
 [56]
 [50]
 [57]
 [52]]",0,1,glioma,1,0.006058061417813103,0.9920923908551534,0.0018495286155181627
1565,"[[77]
 [82]
 [48]
 [52]
 [56]
 [50]
 [57]
 [52]]",0,1,glioma,1,0.03206767141819,0.9667122960090637,0.001219992176629603
1566,"[[77]
 [82]
 [48]
 [52]
 [56]
 [50]
 [57]
 [52]]",0,1,glioma,1,0.022793532038728397,0.9735216498374939,0.0036848518842210374
1567,"[[77]
 [82]
 [48]
 [52]
 [56]
 [50]
 [57]
 [52]]",0,1,glioma,1,0.011807731663187345,0.978681763013204,0.009510514481614033
1568,"[[49]
 [48]
 [50]
 [54]
 [55]
 [53]]",2,0,meningioma,1,0.3607338567574819,0.6380738417307535,0.0011923079146072268
1569,"[[77]
 [82]
 [48]
 [52]
 [56]
 [50]
 [57]
 [55]]",4,1,glioma,1,0.004708192854498823,0.9944517413775126,0.0008400594815611839
1570,"[[77]
 [82]
 [48]
 [52]
 [56]
 [50]
 [57]
 [55]]",4,1,glioma,1,0.04074846456448237,0.9590339263280233,0.00021759254741482437
1571,"[[77]
 [82]
 [48]
 [52]
 [56]
 [50]
 [57]
 [55]]",4,1,glioma,1,0.0036189996171742678,0.996130645275116,0.0002503463571580748
1572,"[[77]
 [82]
 [48]
 [52]
 [56]
 [50]
 [57]
 [55]]",4,1,glioma,1,0.027696365490555763,0.9284310340881348,0.043872617185115814
1573,"[[77]
 [82]
 [48]
 [52]
 [56]
 [50]
 [57]
 [55]]",4,1,glioma,1,0.018028836386899155,0.9805528124173483,0.001418323644126455
1574,"[[77]
 [82]
 [48]
 [52]
 [56]
 [50]
 [57]
 [52]
 [66]]",4,1,glioma,1,0.0014581745490431786,0.9969459772109985,0.001595870009623468
1575,"[[77]
 [82]
 [48]
 [52]
 [56]
 [50]
 [57]
 [52]
 [66]]",4,1,glioma,1,0.01647294374803702,0.5939957499504089,0.3895313044389089
1576,"[[77]
 [82]
 [48]
 [52]
 [56]
 [50]
 [57]
 [52]
 [66]]",4,1,glioma,1,0.003468031296506524,0.9955664475758871,0.0009655271229955057
1577,"[[77]
 [82]
 [48]
 [52]
 [56]
 [50]
 [57]
 [52]
 [66]]",4,1,glioma,1,0.017867491270105045,0.9704383412996928,0.011694180313497782
1578,"[[77]
 [82]
 [48]
 [52]
 [56]
 [50]
 [57]
 [52]
 [66]]",4,1,glioma,1,0.0010890625223206978,0.992580235004425,0.006330676842480898
1579,"[[49]
 [48]
 [50]
 [55]
 [49]
 [52]]",4,0,meningioma,0,0.7294153173764547,0.04089118540287018,0.22969349722067514
1580,"[[77]
 [82]
 [48]
 [52]
 [56]
 [54]
 [50]
 [49]
 [66]]",0,1,glioma,1,0.0044557499544074135,0.9952066739400228,0.0003375478117959574
1581,"[[77]
 [82]
 [48]
 [52]
 [56]
 [54]
 [50]
 [49]
 [66]]",0,1,glioma,1,0.026144266749421757,0.9706498583157858,0.003205854445695877
1582,"[[77]
 [82]
 [48]
 [52]
 [56]
 [54]
 [50]
 [49]
 [66]]",0,1,glioma,1,0.020174064363042515,0.9757982492446899,0.004027683598299821
1583,"[[77]
 [82]
 [48]
 [52]
 [56]
 [54]
 [50]
 [49]
 [66]]",0,1,glioma,1,0.02474979404360056,0.9165199995040894,0.05873018503189087
1584,"[[77]
 [82]
 [48]
 [52]
 [56]
 [54]
 [50]
 [49]
 [66]]",0,1,glioma,1,0.027697506360709667,0.9175775249799093,0.05472495531042417
1585,"[[77]
 [82]
 [48]
 [52]
 [56]
 [54]
 [50]
 [49]
 [66]]",0,1,glioma,1,0.010519617858032385,0.9827514886856079,0.00672884836482505
1586,"[[77]
 [82]
 [48]
 [52]
 [56]
 [57]
 [52]
 [52]]",4,1,glioma,1,0.0018602213240228593,0.9977239966392517,0.00041581355132317793
1587,"[[77]
 [82]
 [48]
 [52]
 [56]
 [57]
 [52]
 [52]]",4,1,glioma,1,0.015291130480666956,0.982206384340922,0.002502473750306914
1588,"[[77]
 [82]
 [48]
 [52]
 [56]
 [57]
 [52]
 [52]]",4,1,glioma,1,0.0003396234193739171,0.9995301167170206,0.0001302289019804448
1589,"[[77]
 [82]
 [48]
 [52]
 [56]
 [57]
 [52]
 [52]]",4,1,glioma,1,0.005418887051443259,0.9944995443026224,8.156421942355034e-05
1590,"[[49]
 [48]
 [50]
 [55]
 [49]
 [52]]",4,0,meningioma,0,0.9524958928426107,0.04516358176867167,0.0023405556955064335
1591,"[[77]
 [82]
 [48]
 [52]
 [56]
 [57]
 [52]
 [52]]",4,1,glioma,1,0.003481703888004025,0.996389905611674,0.00012841342928974578
1592,"[[77]
 [82]
 [48]
 [52]
 [56]
 [57]
 [52]
 [52]]",4,1,glioma,1,0.004534904612228274,0.9953564604123434,0.00010865235284048443
1593,"[[77]
 [82]
 [48]
 [52]
 [56]
 [57]
 [52]
 [52]]",4,1,glioma,1,0.005753307448079188,0.9941760897636414,7.059126558791225e-05
1594,"[[77]
 [82]
 [48]
 [52]
 [56]
 [57]
 [52]
 [52]]",4,1,glioma,1,0.005787315623213847,0.9941264390945435,8.623688821292792e-05
1595,"[[77]
 [82]
 [48]
 [52]
 [56]
 [57]
 [52]
 [52]]",4,1,glioma,1,0.006531383842229843,0.9930784106254578,0.00039024952760276693
1596,"[[77]
 [82]
 [48]
 [52]
 [56]
 [57]
 [57]
 [52]]",1,1,glioma,1,0.013468887656927109,0.9864968856175741,3.421983880495342e-05
1597,"[[77]
 [82]
 [48]
 [52]
 [56]
 [57]
 [57]
 [52]]",1,1,glioma,1,0.07505959024031957,0.9246346155802408,0.0003058116223352651
1598,"[[77]
 [82]
 [48]
 [52]
 [56]
 [57]
 [57]
 [52]]",1,1,glioma,1,0.19974862535794577,0.7999155521392822,0.0003358105313964188
1599,"[[77]
 [82]
 [48]
 [52]
 [56]
 [57]
 [57]
 [52]]",1,1,glioma,1,0.03543964338799318,0.964400033156077,0.0001603024938958697
1600,"[[77]
 [82]
 [48]
 [52]
 [56]
 [57]
 [57]
 [52]]",1,1,glioma,1,0.05908347417910894,0.9406867822011312,0.00022971432675452283
1601,"[[49]
 [48]
 [50]
 [55]
 [49]
 [52]]",4,0,meningioma,0,0.9752030571301779,0.020502726857860882,0.004294170920426647
1602,"[[77]
 [82]
 [48]
 [52]
 [56]
 [57]
 [57]
 [52]]",1,1,glioma,1,0.039067299415667854,0.9605893492698669,0.00034334077887857956
1603,"[[77]
 [82]
 [48]
 [52]
 [56]
 [57]
 [57]
 [52]]",1,1,glioma,1,0.03989735245704651,0.9596255421638489,0.0004770963181120654
1604,"[[77]
 [82]
 [48]
 [51]
 [55]
 [52]
 [53]
 [56]
 [67]]",2,1,glioma,1,0.0684609202047189,0.9277612169583639,0.003777876806755861
1605,"[[77]
 [82]
 [48]
 [52]
 [48]
 [50]
 [52]
 [48]]",3,1,glioma,1,0.0013084383099339902,0.9985242883364359,0.000167242280440405
1606,"[[77]
 [82]
 [48]
 [52]
 [48]
 [50]
 [52]
 [48]]",3,1,glioma,1,0.0015163909217032294,0.9984690546989441,1.4541601103701396e-05
1607,"[[77]
 [82]
 [48]
 [52]
 [48]
 [50]
 [52]
 [48]]",3,1,glioma,1,0.007247642303506534,0.9927231272061666,2.9272626610084746e-05
1608,"[[77]
 [82]
 [48]
 [52]
 [48]
 [50]
 [52]
 [48]]",3,1,glioma,1,0.010990725519756476,0.9887742002805074,0.00023505364758117744
1609,"[[77]
 [82]
 [48]
 [52]
 [48]
 [50]
 [52]
 [48]]",3,1,glioma,1,0.0035851666859040656,0.9963114062945048,0.00010345712265310188
1610,"[[77]
 [82]
 [48]
 [52]
 [48]
 [50]
 [52]
 [48]]",3,1,glioma,1,0.019608939066529274,0.980259358882904,0.00013173434732986303
1611,"[[77]
 [82]
 [48]
 [52]
 [48]
 [50]
 [52]
 [48]]",3,1,glioma,1,0.00041313714852246147,0.9995802044868469,6.620932140322111e-06
1612,"[[49]
 [48]
 [50]
 [55]
 [49]
 [52]]",4,0,meningioma,0,0.8136279384295145,0.15156014263629913,0.03481192079683145
1613,"[[77]
 [82]
 [48]
 [52]
 [48]
 [50]
 [52]
 [48]]",3,1,glioma,1,0.0012299514492042363,0.998760441939036,9.579612499995468e-06
1614,"[[77]
 [82]
 [48]
 [52]
 [48]
 [50]
 [52]
 [48]]",3,1,glioma,1,0.015834057703614235,0.9839712381362915,0.00019473953822550052
1615,"[[77]
 [82]
 [48]
 [52]
 [48]
 [50]
 [52]
 [48]]",3,1,glioma,1,0.0012142164632678032,0.9986852407455444,0.00010052381912828423
1616,"[[77]
 [82]
 [48]
 [52]
 [48]
 [50]
 [52]
 [48]
 [66]]",3,1,glioma,1,0.016658743532995384,0.9823422431945801,0.000998999981675297
1617,"[[77]
 [82]
 [48]
 [52]
 [48]
 [50]
 [52]
 [48]
 [66]]",3,1,glioma,1,0.009598903047541777,0.9897366364796957,0.000664474384393543
1618,"[[77]
 [82]
 [48]
 [52]
 [48]
 [50]
 [52]
 [48]
 [66]]",3,1,glioma,1,0.015563317885001501,0.9835912585258484,0.0008453842116675029
1619,"[[77]
 [82]
 [48]
 [52]
 [48]
 [50]
 [52]
 [48]
 [66]]",3,1,glioma,1,0.0018277282166915636,0.9954126079877218,0.002759627803849677
1620,"[[77]
 [82]
 [48]
 [52]
 [48]
 [50]
 [52]
 [48]
 [66]]",3,1,glioma,1,0.013811768032610416,0.9837979674339294,0.002390255065013965
1621,"[[77]
 [82]
 [48]
 [52]
 [48]
 [50]
 [52]
 [48]
 [66]]",3,1,glioma,1,0.02332339684168498,0.9752634763717651,0.001413121373237421
1622,"[[77]
 [82]
 [48]
 [52]
 [48]
 [50]
 [52]
 [48]
 [66]]",3,1,glioma,1,0.008752847400804361,0.9908964435259501,0.0003506962481575708
1623,"[[49]
 [48]
 [50]
 [57]
 [50]
 [57]]",0,0,meningioma,2,0.05376724898815155,0.03744115370015303,0.9087916413942972
1624,"[[77]
 [82]
 [48]
 [52]
 [48]
 [50]
 [52]
 [48]
 [66]]",3,1,glioma,1,0.004369420309861501,0.9954308271408081,0.0001997389190364629
1625,"[[77]
 [82]
 [48]
 [52]
 [48]
 [50]
 [52]
 [48]
 [66]]",3,1,glioma,1,0.005413476998607318,0.9941447774569193,0.0004417438030941412
1626,"[[77]
 [82]
 [48]
 [52]
 [48]
 [50]
 [52]
 [48]
 [66]]",3,1,glioma,1,0.0012670172339615722,0.9983215928077698,0.00041140679968521
1627,"[[77]
 [82]
 [48]
 [50]
 [57]
 [50]
 [48]
 [57]
 [71]]",1,1,glioma,1,0.16239179174105325,0.8366798758506775,0.0009283062633282194
1628,"[[77]
 [82]
 [48]
 [50]
 [57]
 [50]
 [48]
 [57]
 [71]]",1,1,glioma,1,0.028292634213964146,0.970806876818339,0.0009004829335026443
1629,"[[77]
 [82]
 [48]
 [50]
 [57]
 [50]
 [48]
 [57]
 [71]]",1,1,glioma,1,0.05058591067790985,0.9493183294932047,9.579358447808772e-05
1630,"[[77]
 [82]
 [48]
 [50]
 [57]
 [50]
 [48]
 [57]
 [71]]",1,1,glioma,1,0.00019312300961852694,0.9998041987419128,2.6511198901365183e-06
1631,"[[77]
 [82]
 [48]
 [50]
 [57]
 [50]
 [48]
 [57]
 [71]]",1,1,glioma,1,0.011877406078080336,0.9880552689234415,6.737300282111391e-05
1632,"[[77]
 [82]
 [48]
 [50]
 [57]
 [50]
 [48]
 [57]
 [71]]",1,1,glioma,1,0.0945613645017147,0.9053268233935038,0.00011180501072279488
1633,"[[77]
 [82]
 [48]
 [50]
 [57]
 [50]
 [48]
 [57]
 [71]]",1,1,glioma,0,0.5741687615712484,0.4253823757171631,0.00044883852630543214
1634,"[[49]
 [48]
 [50]
 [57]
 [50]
 [57]]",0,0,meningioma,2,0.034229631225268044,0.009381786454468966,0.956388513247172
1635,"[[77]
 [82]
 [48]
 [51]
 [54]
 [52]
 [57]
 [54]
 [66]]",4,1,glioma,1,0.002190728089772165,0.9973477522532145,0.00046150488196872175
1636,"[[77]
 [82]
 [48]
 [51]
 [54]
 [52]
 [57]
 [54]
 [66]]",4,1,glioma,1,0.0005727189030343046,0.9993958870569865,3.1406761991092935e-05
1637,"[[77]
 [82]
 [48]
 [51]
 [54]
 [52]
 [57]
 [54]
 [66]]",4,1,glioma,1,0.0006544594361912459,0.9992513855298361,9.414688247488812e-05
1638,"[[77]
 [82]
 [48]
 [51]
 [54]
 [52]
 [57]
 [54]
 [66]]",4,1,glioma,1,0.00694080659498771,0.9929021795590719,0.0001570237715592763
1639,"[[77]
 [82]
 [48]
 [51]
 [54]
 [52]
 [57]
 [54]
 [66]]",4,1,glioma,1,0.003435385529883206,0.9964650869369507,9.956447077759852e-05
1640,"[[77]
 [82]
 [48]
 [51]
 [54]
 [52]
 [57]
 [54]
 [66]]",4,1,glioma,1,0.006348522379994392,0.9935987194379171,5.276330375636462e-05
1641,"[[77]
 [82]
 [48]
 [51]
 [51]
 [52]
 [50]
 [48]]",0,1,glioma,1,0.18797256549199423,0.8086015184720358,0.0034259308207159242
1642,"[[77]
 [82]
 [48]
 [51]
 [51]
 [52]
 [50]
 [48]]",0,1,glioma,1,0.09123196452856064,0.9055727124214172,0.0031953155218313136
1643,"[[77]
 [82]
 [48]
 [51]
 [51]
 [52]
 [50]
 [48]]",0,1,glioma,1,0.016722844292720158,0.9742416342099508,0.009035481916119656
1644,"[[77]
 [82]
 [48]
 [51]
 [51]
 [52]
 [50]
 [48]]",0,1,glioma,1,0.18553179999192557,0.8128704031308492,0.0015978231094777584
1645,"[[49]
 [48]
 [50]
 [57]
 [50]
 [57]]",0,0,meningioma,2,0.09929287681976955,0.09725443770488103,0.803452730178833
1646,"[[77]
 [82]
 [48]
 [51]
 [51]
 [52]
 [50]
 [48]]",0,1,glioma,1,0.07521712283293407,0.9236548542976379,0.0011280109950651724
1647,"[[77]
 [82]
 [48]
 [51]
 [51]
 [52]
 [50]
 [48]]",0,1,glioma,1,0.17928033570448557,0.8068006237347921,0.013919048632184664
1648,"[[77]
 [82]
 [48]
 [51]
 [51]
 [52]
 [50]
 [48]]",0,1,glioma,1,0.37618643045425415,0.6192426383495331,0.0045709110951672
1649,"[[77]
 [82]
 [48]
 [51]
 [51]
 [52]
 [50]
 [48]]",0,1,glioma,1,0.0028299513893822827,0.9962000648180643,0.0009699707637385776
1650,"[[77]
 [82]
 [48]
 [51]
 [51]
 [52]
 [50]
 [48]]",0,1,glioma,1,0.01834051248927911,0.9774128595987955,0.004246600399104257
1651,"[[77]
 [82]
 [48]
 [51]
 [51]
 [52]
 [50]
 [48]]",0,1,glioma,1,0.01180914044380188,0.9847856561342875,0.003405264268318812
1652,"[[77]
 [82]
 [48]
 [51]
 [51]
 [52]
 [50]
 [48]]",0,1,glioma,1,0.016196930470565956,0.9807654817899069,0.003037596121430397
1653,"[[77]
 [82]
 [48]
 [51]
 [51]
 [51]
 [56]
 [57]
 [66]]",3,1,glioma,1,0.0004968608263880014,0.9994803468386332,2.2786242576936882e-05
1654,"[[77]
 [82]
 [48]
 [51]
 [51]
 [51]
 [56]
 [57]
 [66]]",3,1,glioma,1,0.0030999107596774897,0.9965016643206278,0.00039843099754458916
1655,"[[77]
 [82]
 [48]
 [51]
 [51]
 [51]
 [56]
 [57]
 [66]]",3,1,glioma,1,0.01975710627933343,0.9780212044715881,0.002221676482198139
1656,"[[49]
 [48]
 [50]
 [57]
 [50]
 [57]]",0,0,meningioma,0,0.6249548196792603,0.03631392804284891,0.33873122930526733
1657,"[[77]
 [82]
 [48]
 [51]
 [51]
 [51]
 [56]
 [57]
 [66]]",3,1,glioma,1,0.02083024817208449,0.9726564486821493,0.006513300817459822
1658,"[[77]
 [82]
 [48]
 [51]
 [51]
 [51]
 [56]
 [57]
 [66]]",3,1,glioma,1,0.011212876377006372,0.9794522722562155,0.009334856954713663
1659,"[[77]
 [82]
 [48]
 [51]
 [51]
 [51]
 [56]
 [57]
 [66]]",3,1,glioma,1,0.0040814490445579095,0.9950542648633321,0.000864267194022735
1660,"[[77]
 [82]
 [48]
 [51]
 [51]
 [51]
 [56]
 [57]
 [66]]",3,1,glioma,1,0.0012500757875386626,0.99789826075236,0.0008516856275188426
1661,"[[77]
 [82]
 [48]
 [51]
 [51]
 [51]
 [56]
 [57]
 [66]]",3,1,glioma,1,0.0013871346600353718,0.9979226390520731,0.0006902051779131094
1662,"[[77]
 [82]
 [48]
 [51]
 [51]
 [51]
 [56]
 [57]
 [66]]",3,1,glioma,1,0.0029498207926129303,0.9943141539891561,0.0027360837751378617
1663,"[[77]
 [82]
 [48]
 [50]
 [52]
 [55]
 [56]
 [48]
 [69]]",1,1,glioma,1,0.0022052566443259516,0.9969556331634521,0.0008390801570688685
1664,"[[77]
 [82]
 [48]
 [50]
 [52]
 [55]
 [56]
 [48]
 [69]]",1,1,glioma,1,7.393743483892952e-05,0.9999179045359293,8.182379284941513e-06
1665,"[[77]
 [82]
 [48]
 [50]
 [52]
 [55]
 [56]
 [48]
 [69]]",1,1,glioma,1,0.00017871448411218202,0.9998176693916321,3.6019467870573862e-06
1666,"[[77]
 [82]
 [48]
 [50]
 [54]
 [49]
 [55]
 [53]
 [69]]",4,1,glioma,1,0.02865610147515933,0.9711169600486755,0.0002269590404466726
1667,"[[49]
 [48]
 [50]
 [52]
 [50]
 [48]]",0,0,meningioma,0,0.6199107269446055,0.15073969215154648,0.22934951384862265
1668,"[[49]
 [48]
 [50]
 [57]
 [50]
 [57]]",0,0,meningioma,0,0.5442788600921631,0.11972785244385402,0.33599328994750977
1669,"[[77]
 [82]
 [48]
 [50]
 [54]
 [49]
 [55]
 [53]
 [69]]",4,1,glioma,1,0.02523956634104252,0.9744435946146647,0.00031682288196558755
1670,"[[77]
 [82]
 [48]
 [50]
 [54]
 [49]
 [55]
 [53]
 [69]]",4,1,glioma,1,0.04688383204241594,0.9525978565216064,0.0005182994063943624
1671,"[[77]
 [82]
 [48]
 [50]
 [54]
 [49]
 [55]
 [53]
 [69]]",4,1,glioma,1,0.0068870641601582365,0.9928598006566366,0.00025314475351478904
1672,"[[77]
 [82]
 [48]
 [50]
 [54]
 [49]
 [55]
 [53]
 [69]]",4,1,glioma,1,0.011475523312886557,0.9883171121279398,0.0002073646270825217
1673,"[[77]
 [82]
 [48]
 [50]
 [54]
 [49]
 [55]
 [53]
 [69]]",4,1,glioma,1,0.006250399009635051,0.9934551318486532,0.0002944881465130796
1674,"[[77]
 [82]
 [48]
 [50]
 [54]
 [49]
 [55]
 [53]
 [69]]",4,1,glioma,1,0.0015003830970575411,0.998441755771637,5.782418702438008e-05
1675,"[[77]
 [82]
 [48]
 [50]
 [54]
 [49]
 [55]
 [53]
 [69]]",4,1,glioma,1,0.004141723814730843,0.9958159128824869,4.2351951075640194e-05
1676,"[[77]
 [82]
 [48]
 [50]
 [54]
 [49]
 [55]
 [53]
 [69]]",4,1,glioma,1,0.001773200851554672,0.9981474081675211,7.936036490718834e-05
1677,"[[77]
 [82]
 [48]
 [50]
 [54]
 [49]
 [55]
 [53]
 [69]]",4,1,glioma,1,0.00038373638623549294,0.9995109637578329,0.00010527075331386489
1678,"[[77]
 [82]
 [48]
 [52]
 [48]
 [50]
 [52]
 [48]
 [67]]",4,1,glioma,1,0.029826400180657704,0.8172418077786764,0.15293180445830026
1679,"[[49]
 [48]
 [50]
 [57]
 [50]
 [57]]",0,0,meningioma,0,0.6305362085501353,0.24234426021575928,0.1271195262670517
1680,"[[77]
 [82]
 [48]
 [52]
 [48]
 [50]
 [52]
 [48]
 [67]]",4,1,glioma,1,0.047373424594601,0.9471532503763834,0.005473341404770811
1681,"[[77]
 [82]
 [48]
 [52]
 [48]
 [50]
 [52]
 [48]
 [67]]",4,1,glioma,1,0.1327597846587499,0.8493425250053406,0.01789770678927501
1682,"[[77]
 [82]
 [48]
 [52]
 [48]
 [50]
 [52]
 [48]
 [67]]",4,1,glioma,1,0.08725442240635554,0.7264720400174459,0.18627353509267172
1683,"[[77]
 [82]
 [48]
 [52]
 [48]
 [50]
 [52]
 [48]
 [67]]",4,1,glioma,1,0.07515455471972625,0.919466237227122,0.0053792129425952835
1684,"[[77]
 [82]
 [48]
 [52]
 [48]
 [50]
 [52]
 [48]
 [67]]",4,1,glioma,1,0.09945375472307205,0.9002938667933146,0.00025236321380361915
1685,"[[77]
 [82]
 [48]
 [52]
 [48]
 [50]
 [52]
 [48]
 [67]]",4,1,glioma,1,0.07923797766367595,0.9206633766492208,9.863843539884935e-05
1686,"[[77]
 [82]
 [48]
 [52]
 [48]
 [50]
 [52]
 [48]
 [67]]",4,1,glioma,1,0.02076006184021632,0.967535654703776,0.011704308446496725
1687,"[[77]
 [82]
 [48]
 [52]
 [48]
 [50]
 [52]
 [48]
 [67]]",4,1,glioma,1,0.02370353229343891,0.9751168290774027,0.001179615540119509
1688,"[[77]
 [82]
 [48]
 [52]
 [48]
 [50]
 [52]
 [48]
 [67]]",4,1,glioma,1,0.023922768111030262,0.9684968789418539,0.007580367072174947
1689,"[[77]
 [82]
 [48]
 [52]
 [48]
 [50]
 [52]
 [48]
 [67]]",4,1,glioma,1,0.00546067642668883,0.9918398261070251,0.0026995037527134023
1690,"[[49]
 [48]
 [50]
 [57]
 [51]
 [53]]",0,0,meningioma,1,0.4066525300343831,0.5925227801005045,0.000824681599624455
1691,"[[77]
 [82]
 [48]
 [52]
 [48]
 [50]
 [52]
 [48]
 [67]]",4,1,glioma,1,0.003227200669546922,0.9963727394739786,0.00040005040743077797
1692,"[[77]
 [82]
 [48]
 [52]
 [48]
 [50]
 [52]
 [48]
 [67]]",4,1,glioma,1,0.05704996859033903,0.9421515266100565,0.0007985110666292409
1693,"[[77]
 [82]
 [48]
 [52]
 [48]
 [50]
 [52]
 [48]
 [67]]",4,1,glioma,1,0.022341689405341942,0.9772984584172567,0.00035982418921776116
1694,"[[77]
 [82]
 [48]
 [52]
 [48]
 [50]
 [52]
 [48]
 [67]]",4,1,glioma,1,0.016091293344895046,0.9832022388776144,0.0007064807189938923
1695,"[[77]
 [82]
 [48]
 [49]
 [55]
 [50]
 [54]
 [48]
 [70]]",1,1,glioma,0,0.724010169506073,0.2759413520495097,4.850110114299847e-05
1696,"[[77]
 [82]
 [48]
 [49]
 [55]
 [50]
 [54]
 [48]
 [70]]",1,1,glioma,0,0.6478382150332133,0.3518037994702657,0.0003580005335000654
1697,"[[77]
 [82]
 [48]
 [49]
 [55]
 [50]
 [54]
 [48]
 [70]]",1,1,glioma,0,0.5362755954265594,0.463601032892863,0.00012334618077147752
1698,"[[77]
 [82]
 [48]
 [49]
 [55]
 [50]
 [54]
 [48]
 [70]]",1,1,glioma,1,0.36804715792338055,0.6317175030708313,0.00023532767954748124
1699,"[[77]
 [82]
 [48]
 [49]
 [55]
 [50]
 [54]
 [48]
 [70]]",1,1,glioma,1,0.030369070048133533,0.9693406621615092,0.00029025277763139457
1700,"[[77]
 [82]
 [48]
 [49]
 [55]
 [50]
 [54]
 [48]
 [70]]",1,1,glioma,1,0.2504580815633138,0.7158829768498739,0.03365892171859741
1701,"[[49]
 [48]
 [50]
 [57]
 [56]
 [53]]",3,0,meningioma,0,0.9282281994819641,0.07097463433941205,0.0007971496670506895
1702,"[[77]
 [82]
 [48]
 [50]
 [57]
 [50]
 [48]
 [57]
 [73]]",4,1,glioma,1,0.006200859788805246,0.9772906303405762,0.01650849978129069
1703,"[[77]
 [82]
 [48]
 [50]
 [57]
 [50]
 [48]
 [57]
 [73]]",4,1,glioma,1,0.002132503044170638,0.9947230617205302,0.003144404230018457
1704,"[[77]
 [82]
 [48]
 [50]
 [57]
 [50]
 [48]
 [57]
 [73]]",4,1,glioma,1,0.0029238217199842134,0.9961406588554382,0.0009354995951677362
1705,"[[77]
 [82]
 [48]
 [50]
 [57]
 [50]
 [48]
 [57]
 [73]]",4,1,glioma,1,0.0061928875123461085,0.9928693771362305,0.0009377005432421962
1706,"[[77]
 [82]
 [48]
 [50]
 [57]
 [50]
 [48]
 [57]
 [73]]",4,1,glioma,1,0.005151192735259731,0.9942919214566549,0.0005568586881660546
1707,"[[77]
 [82]
 [48]
 [50]
 [57]
 [50]
 [48]
 [57]
 [73]]",4,1,glioma,1,0.0018498384937023122,0.9970690011978149,0.001081161938297252
1708,"[[77]
 [82]
 [48]
 [50]
 [57]
 [50]
 [48]
 [57]
 [73]]",4,1,glioma,1,0.002809078355009357,0.9969969193140665,0.00019398984780612713
1709,"[[77]
 [82]
 [48]
 [50]
 [57]
 [50]
 [48]
 [57]
 [73]]",4,1,glioma,1,0.015333506589134535,0.9839495023091634,0.000717019778676331
1710,"[[77]
 [82]
 [48]
 [50]
 [57]
 [50]
 [48]
 [57]
 [73]]",4,1,glioma,1,0.046149759242932,0.9530954758326212,0.0007547596857572595
1711,"[[77]
 [82]
 [48]
 [50]
 [57]
 [50]
 [48]
 [57]
 [73]]",4,1,glioma,1,0.006100393366068602,0.9932092030843099,0.0006904350205635031
1712,"[[49]
 [48]
 [51]
 [54]
 [55]
 [51]]",0,0,meningioma,2,0.006382752520342668,0.008407923392951488,0.9852092862129211
1713,"[[77]
 [82]
 [48]
 [52]
 [56]
 [50]
 [57]
 [52]]",0,1,glioma,1,0.13125077386697134,0.868529200553894,0.00022003879227365056
1714,"[[77]
 [82]
 [48]
 [52]
 [56]
 [50]
 [57]
 [52]]",0,1,glioma,1,0.026771736641724903,0.9730784296989441,0.0001497695193393156
1715,"[[77]
 [82]
 [48]
 [52]
 [56]
 [50]
 [57]
 [52]]",0,1,glioma,1,0.03031151493390401,0.9685966769854227,0.0010918382516441245
1716,"[[77]
 [82]
 [48]
 [52]
 [56]
 [50]
 [57]
 [52]]",0,1,glioma,1,0.11560411006212234,0.8748097618420919,0.009586101397871971
1717,"[[77]
 [82]
 [48]
 [52]
 [56]
 [50]
 [57]
 [52]]",0,1,glioma,1,0.0395078199605147,0.9602100650469462,0.00028213847933026653
1718,"[[77]
 [82]
 [48]
 [52]
 [56]
 [50]
 [57]
 [52]]",0,1,glioma,1,0.019570767569045227,0.9801627596219381,0.0002664710458096427
1719,"[[77]
 [82]
 [48]
 [53]
 [49]
 [53]
 [56]
 [54]]",1,1,glioma,1,0.05500340213378271,0.9441405137379965,0.0008561114082112908
1720,"[[77]
 [82]
 [48]
 [53]
 [49]
 [53]
 [56]
 [54]]",1,1,glioma,1,0.0464827207227548,0.9522097508112589,0.0013074933279616137
1721,"[[77]
 [82]
 [48]
 [53]
 [49]
 [53]
 [56]
 [54]]",1,1,glioma,1,0.2353186955054601,0.7622955838839213,0.002385728294029832
1722,"[[77]
 [82]
 [48]
 [53]
 [49]
 [53]
 [56]
 [54]]",1,1,glioma,1,0.03985359085102876,0.9576254288355509,0.0025209986294309297
1723,"[[49]
 [48]
 [51]
 [54]
 [55]
 [51]]",0,0,meningioma,2,0.005376970240225394,0.0065117756215234595,0.9881112575531006
1724,"[[77]
 [82]
 [48]
 [53]
 [49]
 [52]
 [54]
 [49]
 [66]]",1,1,glioma,1,0.033425568913420044,0.965175191561381,0.0013992188420767586
1725,"[[77]
 [82]
 [48]
 [53]
 [49]
 [52]
 [54]
 [49]
 [66]]",1,1,glioma,1,0.1397923876841863,0.7870823542277018,0.07312525808811188
1726,"[[77]
 [82]
 [48]
 [53]
 [49]
 [52]
 [54]
 [49]
 [66]]",1,1,glioma,1,0.3486539423465729,0.4537007212638855,0.19764534135659537
1727,"[[77]
 [82]
 [48]
 [53]
 [49]
 [52]
 [54]
 [49]
 [66]]",1,1,glioma,1,0.2480150212844213,0.6811207135518392,0.07086425771315892
1728,"[[77]
 [82]
 [48]
 [53]
 [49]
 [54]
 [52]
 [52]]",1,1,glioma,1,0.06529404098788898,0.9299022754033407,0.004803702933713794
1729,"[[77]
 [82]
 [48]
 [53]
 [49]
 [54]
 [52]
 [52]]",1,1,glioma,1,0.006779547315090895,0.9928518732388815,0.0003685946479284515
1730,"[[77]
 [82]
 [48]
 [53]
 [49]
 [54]
 [52]
 [52]]",1,1,glioma,1,0.009699775837361813,0.9902908007303873,9.385759085489553e-06
1731,"[[77]
 [82]
 [48]
 [53]
 [49]
 [54]
 [52]
 [52]]",1,1,glioma,1,0.020918925603230793,0.9788906772931417,0.00019039742376965782
1732,"[[77]
 [82]
 [48]
 [53]
 [49]
 [54]
 [52]
 [52]]",1,1,glioma,1,0.015115869231522083,0.9847716689109802,0.00011244647369797652
1733,"[[77]
 [82]
 [48]
 [53]
 [49]
 [54]
 [52]
 [52]]",1,1,glioma,1,0.001245717149383078,0.9986353119214376,0.00011899582871895593
1734,"[[49]
 [48]
 [51]
 [54]
 [55]
 [51]]",0,0,meningioma,2,0.006924942601472139,0.0032991995103657246,0.989775816599528
1735,"[[77]
 [82]
 [48]
 [53]
 [49]
 [54]
 [52]
 [52]]",1,1,glioma,1,0.0007922509006069353,0.9991806546847025,2.7095398763776757e-05
1736,"[[77]
 [82]
 [48]
 [53]
 [49]
 [54]
 [52]
 [52]]",1,1,glioma,1,0.002736245902876059,0.9972192843755087,4.449331815218708e-05
1737,"[[77]
 [82]
 [48]
 [53]
 [49]
 [54]
 [52]
 [52]]",1,1,glioma,1,0.004407011127720277,0.995498518149058,9.44486637308728e-05
1738,"[[77]
 [82]
 [48]
 [53]
 [49]
 [54]
 [52]
 [52]]",1,1,glioma,1,0.006580492171148459,0.9933414657910665,7.803772435484764e-05
1739,"[[77]
 [82]
 [48]
 [53]
 [49]
 [54]
 [52]
 [52]]",1,1,glioma,1,0.013152579466501871,0.9864809910456339,0.00036639995717753965
1740,"[[77]
 [82]
 [48]
 [53]
 [49]
 [54]
 [52]
 [52]]",1,1,glioma,1,0.012400506064295769,0.9875682791074117,3.122904915168571e-05
1741,"[[77]
 [82]
 [48]
 [53]
 [49]
 [54]
 [53]
 [49]]",2,1,glioma,1,0.0038707247003912926,0.9961073398590088,2.194181312612879e-05
1742,"[[77]
 [82]
 [48]
 [53]
 [49]
 [54]
 [53]
 [49]]",2,1,glioma,1,0.008753834137072166,0.9911643067995707,8.187267303583212e-05
1743,"[[77]
 [82]
 [48]
 [53]
 [49]
 [54]
 [53]
 [49]]",2,1,glioma,1,0.0024426564729462066,0.997504711151123,5.262862396193668e-05
1744,"[[77]
 [82]
 [48]
 [53]
 [49]
 [54]
 [53]
 [49]]",2,1,glioma,1,0.015083524088064829,0.9847263693809509,0.0001901010109577328
1745,"[[49]
 [48]
 [51]
 [54]
 [55]
 [51]]",0,0,meningioma,2,0.04034663115938505,0.022287458181381226,0.9373658895492554
1746,"[[77]
 [82]
 [48]
 [53]
 [49]
 [54]
 [53]
 [49]]",2,1,glioma,1,0.02970578335225582,0.9698518514633179,0.0004423569965486725
1747,"[[77]
 [82]
 [48]
 [53]
 [49]
 [54]
 [53]
 [49]]",2,1,glioma,1,0.029098324477672577,0.9698354403177897,0.001066246962485214
1748,"[[77]
 [82]
 [48]
 [53]
 [49]
 [54]
 [53]
 [49]]",2,1,glioma,1,0.07215910404920578,0.9229358434677124,0.004905064047003786
1749,"[[77]
 [82]
 [48]
 [53]
 [49]
 [55]
 [57]
 [54]]",4,1,glioma,1,0.0009893302340060472,0.9988677302996317,0.00014294827027091136
1750,"[[77]
 [82]
 [48]
 [53]
 [49]
 [55]
 [57]
 [54]]",4,1,glioma,1,0.009276728456219038,0.9890158375104269,0.0017074354691430926
1751,"[[77]
 [82]
 [48]
 [53]
 [49]
 [55]
 [57]
 [54]]",4,1,glioma,1,0.0003250426622495676,0.9994579156239828,0.00021708579151891172
1752,"[[77]
 [82]
 [48]
 [53]
 [49]
 [55]
 [57]
 [54]]",4,1,glioma,1,0.03661042203505834,0.8927998542785645,0.07058971996108691
1753,"[[77]
 [82]
 [48]
 [53]
 [49]
 [55]
 [57]
 [54]]",4,1,glioma,1,0.0018771180572609107,0.9974053899447123,0.0007175228286844989
1754,"[[77]
 [82]
 [48]
 [53]
 [49]
 [55]
 [57]
 [54]]",4,1,glioma,1,0.0051376129655788345,0.9930894573529562,0.0017729434184730053
1755,"[[77]
 [82]
 [48]
 [53]
 [49]
 [54]
 [53]
 [49]
 [66]]",0,1,glioma,1,0.28699002663294476,0.7092536091804504,0.0037563746639837823
1756,"[[49]
 [48]
 [51]
 [54]
 [55]
 [51]]",0,0,meningioma,2,0.0022862466673056283,0.0016979466502865155,0.9960158069928488
1757,"[[77]
 [82]
 [48]
 [53]
 [49]
 [54]
 [53]
 [49]
 [66]]",0,1,glioma,1,0.13412954409917197,0.8654775420824686,0.0003929039230570197
1758,"[[77]
 [82]
 [48]
 [53]
 [49]
 [54]
 [53]
 [49]
 [66]]",0,1,glioma,1,0.0864477629462878,0.9071077903111776,0.006444450778265794
1759,"[[77]
 [82]
 [48]
 [53]
 [49]
 [54]
 [53]
 [49]
 [66]]",0,1,glioma,0,0.7275057633717855,0.2688554873069127,0.0036387757087747255
1760,"[[77]
 [82]
 [48]
 [53]
 [49]
 [54]
 [53]
 [49]
 [66]]",0,1,glioma,1,0.20336408913135529,0.7736574212710062,0.022978500463068485
1761,"[[77]
 [82]
 [48]
 [53]
 [49]
 [54]
 [53]
 [49]
 [66]]",0,1,glioma,0,0.5495647589365641,0.4125452935695648,0.03788998226324717
1762,"[[77]
 [82]
 [48]
 [53]
 [49]
 [54]
 [53]
 [49]
 [66]]",0,1,glioma,0,0.5258479118347168,0.44018418590227765,0.03396791343887647
1763,"[[77]
 [82]
 [48]
 [53]
 [49]
 [55]
 [57]
 [54]
 [66]]",4,1,glioma,1,0.0014504359181349475,0.9982927838961283,0.00025677656230982393
1764,"[[77]
 [82]
 [48]
 [53]
 [49]
 [55]
 [57]
 [54]
 [66]]",4,1,glioma,1,0.004423243071263035,0.9936416149139404,0.0019351427520935733
1765,"[[77]
 [82]
 [48]
 [53]
 [49]
 [55]
 [57]
 [54]
 [66]]",4,1,glioma,1,0.0010233191618074973,0.9851991931597391,0.013777512436111769
1766,"[[77]
 [82]
 [48]
 [53]
 [50]
 [53]
 [53]
 [48]]",0,1,glioma,1,0.0024823809508234262,0.9966988563537598,0.0008187475226198634
1767,"[[49]
 [48]
 [51]
 [54]
 [55]
 [51]]",0,0,meningioma,2,0.007695417075107495,0.0024752970008800426,0.9898293217023214
1768,"[[77]
 [82]
 [48]
 [53]
 [50]
 [53]
 [53]
 [48]]",0,1,glioma,1,0.0008246859846015772,0.9987831910451254,0.00039214658439353417
1769,"[[77]
 [82]
 [48]
 [53]
 [50]
 [53]
 [53]
 [48]]",0,1,glioma,1,0.00036861749928599846,0.9995458523432413,8.553867731582916e-05
1770,"[[77]
 [82]
 [48]
 [53]
 [50]
 [53]
 [53]
 [48]]",0,1,glioma,1,0.0013499553897418082,0.9982883532842001,0.0003616860000571857
1771,"[[77]
 [82]
 [48]
 [53]
 [50]
 [53]
 [53]
 [48]]",0,1,glioma,1,0.0001564243878722967,0.9998050332069397,3.854304911025489e-05
1772,"[[77]
 [82]
 [48]
 [53]
 [50]
 [53]
 [53]
 [48]]",0,1,glioma,1,0.004623602842912078,0.9952553311983744,0.00012106281368081302
1773,"[[77]
 [82]
 [48]
 [53]
 [49]
 [54]
 [52]
 [52]
 [67]]",2,1,glioma,1,0.0019527106002594035,0.9979722698529562,7.502881150382261e-05
1774,"[[77]
 [82]
 [48]
 [53]
 [49]
 [54]
 [52]
 [52]
 [67]]",2,1,glioma,1,0.0028317185739676156,0.9971230824788412,4.5222618306676544e-05
1775,"[[77]
 [82]
 [48]
 [53]
 [49]
 [54]
 [52]
 [52]
 [67]]",2,1,glioma,1,0.009481899129847685,0.989820679028829,0.0006974327455585202
1776,"[[77]
 [82]
 [48]
 [53]
 [49]
 [54]
 [52]
 [52]
 [67]]",2,1,glioma,1,0.0037275669164955616,0.9961877266565958,8.47338669700548e-05
1777,"[[77]
 [82]
 [48]
 [53]
 [49]
 [54]
 [52]
 [52]
 [67]]",2,1,glioma,1,0.0009323830987947682,0.9989849130312601,8.270015435603757e-05
1778,"[[49]
 [48]
 [50]
 [52]
 [52]
 [54]]",4,0,meningioma,0,0.5388237635294596,0.4328976670900981,0.028278571863969166
1779,"[[49]
 [48]
 [51]
 [54]
 [55]
 [51]]",0,0,meningioma,2,0.017480650606254738,0.015098239605625471,0.9674210945765177
1780,"[[77]
 [82]
 [48]
 [53]
 [49]
 [54]
 [52]
 [52]
 [67]]",2,1,glioma,1,0.002953910268843174,0.9970391392707825,6.961984581721481e-06
1781,"[[77]
 [82]
 [48]
 [53]
 [49]
 [54]
 [52]
 [52]
 [67]]",2,1,glioma,1,0.003853189448515574,0.9961193203926086,2.748813070259833e-05
1782,"[[77]
 [82]
 [48]
 [53]
 [49]
 [54]
 [52]
 [52]
 [67]]",2,1,glioma,1,0.0025076067928845682,0.9974581996599833,3.416273890858671e-05
1783,"[[77]
 [82]
 [48]
 [53]
 [49]
 [54]
 [52]
 [52]
 [67]]",2,1,glioma,1,0.0012431947980076075,0.9986663659413656,9.04416980726334e-05
1784,"[[77]
 [82]
 [48]
 [53]
 [49]
 [54]
 [52]
 [52]
 [67]]",2,1,glioma,1,0.03759740727643172,0.9611987670262655,0.0012038022784205775
1785,"[[77]
 [82]
 [48]
 [53]
 [49]
 [54]
 [52]
 [52]
 [67]]",2,1,glioma,1,0.0040633713360875845,0.995734175046285,0.00020245619331641743
1786,"[[77]
 [82]
 [48]
 [53]
 [49]
 [54]
 [52]
 [52]
 [67]]",2,1,glioma,1,0.005402909436573585,0.9944762587547302,0.0001208279039322709
1787,"[[77]
 [82]
 [48]
 [53]
 [49]
 [54]
 [52]
 [52]
 [67]]",2,1,glioma,1,0.0013813875848427415,0.9985417723655701,7.68271978207243e-05
1788,"[[77]
 [82]
 [48]
 [52]
 [57]
 [57]
 [52]
 [50]
 [66]]",3,1,glioma,1,0.0007946937112137675,0.9986040393511454,0.0006012294325046241
1789,"[[77]
 [82]
 [48]
 [52]
 [57]
 [57]
 [52]
 [50]
 [66]]",3,1,glioma,1,0.0001924478419823572,0.9996537566184998,0.00015378096577478573
1790,"[[49]
 [48]
 [51]
 [57]
 [50]
 [53]]",1,0,meningioma,0,0.8574914137522379,0.039723110695679985,0.10278547803560893
1791,"[[77]
 [82]
 [48]
 [52]
 [57]
 [57]
 [52]
 [50]
 [66]]",3,1,glioma,1,0.020511953470607597,0.8987810214360555,0.0807070421675841
1792,"[[77]
 [82]
 [48]
 [52]
 [57]
 [57]
 [52]
 [50]
 [66]]",3,1,glioma,1,0.0001836797612971471,0.9983955423037211,0.0014207916392479092
1793,"[[77]
 [82]
 [48]
 [52]
 [55]
 [57]
 [53]
 [51]
 [67]]",2,1,glioma,1,0.0026115054109444222,0.9971775412559509,0.0002109560155076906
1794,"[[77]
 [82]
 [48]
 [52]
 [55]
 [57]
 [53]
 [51]
 [67]]",2,1,glioma,1,0.001666077917131285,0.9979152878125509,0.000418646134979402
1795,"[[77]
 [82]
 [48]
 [52]
 [55]
 [57]
 [53]
 [51]
 [67]]",2,1,glioma,1,0.0006761555947984258,0.999173899491628,0.0001499302403923745
1796,"[[77]
 [82]
 [48]
 [52]
 [55]
 [57]
 [53]
 [51]
 [67]]",2,1,glioma,1,0.005892575718462467,0.9917110204696655,0.0023963924419755736
1797,"[[77]
 [82]
 [48]
 [52]
 [55]
 [57]
 [53]
 [51]
 [67]]",2,1,glioma,1,0.006288862011084954,0.9932851990063986,0.0004259644871732841
1798,"[[77]
 [82]
 [48]
 [53]
 [51]
 [49]
 [49]
 [48]
 [66]]",3,1,glioma,1,0.014142421850313744,0.9782516558965048,0.007605873824407657
1799,"[[77]
 [82]
 [48]
 [53]
 [51]
 [49]
 [49]
 [48]
 [66]]",3,1,glioma,1,0.0036388582084327936,0.9859568277994791,0.010404295132805904
1800,"[[77]
 [82]
 [48]
 [53]
 [51]
 [49]
 [49]
 [48]
 [66]]",3,1,glioma,1,0.00033485854995281744,0.9995907346407572,7.444178481819108e-05
1801,"[[49]
 [48]
 [51]
 [57]
 [50]
 [53]]",1,0,meningioma,0,0.6832107901573181,0.23817419509092966,0.07861505076289177
1802,"[[77]
 [82]
 [48]
 [53]
 [51]
 [49]
 [49]
 [48]
 [66]]",3,1,glioma,1,0.0014096938151245315,0.9982221921284994,0.00036809906305279583
1803,"[[77]
 [82]
 [48]
 [53]
 [51]
 [49]
 [49]
 [48]
 [66]]",3,1,glioma,1,0.002527655567973852,0.9972776969273885,0.00019463936041574925
1804,"[[77]
 [82]
 [48]
 [53]
 [51]
 [49]
 [49]
 [48]
 [66]]",3,1,glioma,1,0.0009734968092137327,0.9989053805669149,0.00012114837287905782
1805,"[[77]
 [82]
 [48]
 [53]
 [51]
 [49]
 [49]
 [48]
 [66]]",3,1,glioma,1,0.005700615079452594,0.9922241767247518,0.002075206837616861
1806,"[[77]
 [82]
 [48]
 [51]
 [52]
 [54]
 [57]
 [52]]",2,1,glioma,1,0.0033845948055386543,0.9959043463071188,0.0007110869822402796
1807,"[[77]
 [82]
 [48]
 [51]
 [52]
 [54]
 [57]
 [52]]",2,1,glioma,1,0.003112232079729438,0.9960891008377075,0.0007986564111585418
1808,"[[77]
 [82]
 [48]
 [51]
 [52]
 [54]
 [57]
 [52]]",2,1,glioma,1,0.0034258872425804534,0.9964325229326884,0.00014157309730459625
1809,"[[77]
 [82]
 [48]
 [51]
 [52]
 [54]
 [57]
 [52]]",2,1,glioma,1,0.010913161560893059,0.9850452740987142,0.00404153640071551
1810,"[[77]
 [82]
 [48]
 [51]
 [52]
 [54]
 [57]
 [52]]",2,1,glioma,1,0.008381254350145658,0.991435706615448,0.00018304519956776252
1811,"[[77]
 [82]
 [48]
 [51]
 [52]
 [54]
 [57]
 [52]]",2,1,glioma,1,0.0017576991813257337,0.998204251130422,3.803718512547979e-05
1812,"[[49]
 [48]
 [51]
 [57]
 [50]
 [53]]",1,0,meningioma,0,0.5091655850410461,0.1701145221789678,0.3207198580106099
1813,"[[77]
 [82]
 [48]
 [51]
 [52]
 [54]
 [57]
 [52]]",2,1,glioma,1,0.01010902194927136,0.9892194469769796,0.0006715629133395851
1814,"[[77]
 [82]
 [48]
 [53]
 [52]
 [54]
 [56]
 [51]]",3,1,glioma,1,0.0003323493777619054,0.9989557266235352,0.0007118901218442867
1815,"[[77]
 [82]
 [48]
 [53]
 [52]
 [54]
 [56]
 [51]]",3,1,glioma,1,0.00011788373861539488,0.9990860819816589,0.0007960099804525574
1816,"[[77]
 [82]
 [48]
 [53]
 [52]
 [54]
 [56]
 [51]]",3,1,glioma,1,0.005257630643124382,0.981538732846578,0.013203634414821863
1817,"[[77]
 [82]
 [48]
 [53]
 [48]
 [54]
 [56]
 [55]
 [67]]",1,1,glioma,1,0.035835385943452515,0.9640409747759501,0.00012361902190605178
1818,"[[77]
 [82]
 [48]
 [53]
 [48]
 [54]
 [56]
 [55]
 [67]]",1,1,glioma,1,0.0026155268230165043,0.9971814155578613,0.000203019231169795
1819,"[[77]
 [82]
 [48]
 [53]
 [48]
 [54]
 [56]
 [55]
 [67]]",1,1,glioma,1,0.0020413833747928343,0.9966102639834086,0.0013483356063564618
1820,"[[77]
 [82]
 [48]
 [53]
 [48]
 [54]
 [56]
 [55]
 [67]]",1,1,glioma,1,8.063950614693265e-05,0.9998719890912374,4.7364265507591576e-05
1821,"[[77]
 [82]
 [48]
 [53]
 [48]
 [54]
 [56]
 [55]
 [67]]",1,1,glioma,1,0.029524783914287884,0.9636303782463074,0.00684486934915185
1822,"[[77]
 [82]
 [48]
 [53]
 [48]
 [54]
 [56]
 [55]
 [67]]",1,1,glioma,1,0.0064013901477058726,0.9765986601511637,0.016999953736861546
1823,"[[49]
 [48]
 [51]
 [57]
 [50]
 [53]]",1,0,meningioma,1,0.13571806997060776,0.8302767872810364,0.034005165100097656
1824,"[[77]
 [82]
 [48]
 [53]
 [48]
 [54]
 [56]
 [55]
 [67]]",1,1,glioma,1,0.15686645607153574,0.8328257203102112,0.010307837277650833
1825,"[[77]
 [82]
 [48]
 [52]
 [57]
 [50]
 [52]
 [50]
 [67]]",0,1,glioma,1,0.0006666267387724171,0.9993029236793518,3.04036948364228e-05
1826,"[[77]
 [82]
 [48]
 [52]
 [57]
 [50]
 [52]
 [50]
 [67]]",0,1,glioma,1,0.00016112482990138233,0.9998049934705099,3.391091665131777e-05
1827,"[[77]
 [82]
 [48]
 [52]
 [57]
 [50]
 [52]
 [50]
 [67]]",0,1,glioma,1,0.0006698709718572596,0.9992737770080566,5.635119320383334e-05
1828,"[[77]
 [82]
 [48]
 [52]
 [57]
 [50]
 [52]
 [50]
 [67]]",0,1,glioma,1,0.0017940111768742402,0.9981369177500407,6.904994552314747e-05
1829,"[[77]
 [82]
 [48]
 [52]
 [57]
 [50]
 [52]
 [50]
 [67]]",0,1,glioma,1,0.0004909377166768536,0.9993908206621805,0.0001182084694543543
1830,"[[77]
 [82]
 [48]
 [53]
 [51]
 [50]
 [52]
 [49]
 [67]]",0,1,glioma,1,0.04521587863564491,0.9540435671806335,0.0007405458018183708
1831,"[[77]
 [82]
 [48]
 [53]
 [51]
 [50]
 [52]
 [49]
 [67]]",0,1,glioma,1,0.07691836108764012,0.9216100176175436,0.0014715887761364381
1832,"[[77]
 [82]
 [48]
 [53]
 [51]
 [50]
 [52]
 [49]
 [67]]",0,1,glioma,1,0.038839973509311676,0.947585920492808,0.01357408861319224
1833,"[[77]
 [82]
 [48]
 [53]
 [51]
 [50]
 [52]
 [49]
 [67]]",0,1,glioma,1,0.040511371567845345,0.9538616935412089,0.005626953750227888
1834,"[[49]
 [48]
 [51]
 [57]
 [50]
 [53]]",1,0,meningioma,1,0.15315549820661545,0.8445247213045756,0.0023197646563251815
1835,"[[77]
 [82]
 [48]
 [51]
 [52]
 [57]
 [57]
 [55]]",0,1,glioma,1,0.02050515916198492,0.9593246976534525,0.020170153429110844
1836,"[[77]
 [82]
 [48]
 [51]
 [52]
 [57]
 [57]
 [55]]",0,1,glioma,1,0.0020246049389243126,0.9921305378278097,0.005844834881524245
1837,"[[77]
 [82]
 [48]
 [51]
 [52]
 [57]
 [57]
 [55]]",0,1,glioma,1,0.0026341976675515375,0.996958593527476,0.0004072133985270436
1838,"[[77]
 [82]
 [48]
 [51]
 [52]
 [57]
 [57]
 [55]]",0,1,glioma,1,0.00265588805389901,0.9956049919128418,0.0017391397850587964
1839,"[[77]
 [82]
 [48]
 [51]
 [52]
 [57]
 [57]
 [55]]",0,1,glioma,1,0.010134198081990084,0.9893661141395569,0.0004996784264221787
1840,"[[77]
 [82]
 [48]
 [51]
 [52]
 [57]
 [57]
 [55]]",0,1,glioma,1,0.003824677512360116,0.9961172540982565,5.807339524229368e-05
1841,"[[77]
 [82]
 [48]
 [51]
 [52]
 [57]
 [57]
 [55]]",0,1,glioma,1,0.0024540853143359223,0.9973786870638529,0.00016723808221286163
1842,"[[77]
 [82]
 [48]
 [50]
 [57]
 [50]
 [48]
 [57]
 [69]]",4,1,glioma,1,0.0010786214261315763,0.9984635512034098,0.00045782064747375745
1843,"[[77]
 [82]
 [48]
 [50]
 [57]
 [50]
 [48]
 [57]
 [69]]",4,1,glioma,1,0.007356159544239442,0.9899196823438009,0.0027241501957178116
1844,"[[77]
 [82]
 [48]
 [50]
 [57]
 [50]
 [48]
 [57]
 [69]]",4,1,glioma,1,0.003857007948681712,0.996068517367045,7.446459130733274e-05
1845,"[[49]
 [48]
 [51]
 [57]
 [50]
 [53]]",1,0,meningioma,1,0.06531307970484097,0.924256960550944,0.010429958968112866
1846,"[[77]
 [82]
 [48]
 [50]
 [57]
 [50]
 [48]
 [57]
 [69]]",4,1,glioma,1,0.0021711404357726374,0.997747004032135,8.179711100334923e-05
1847,"[[77]
 [82]
 [48]
 [50]
 [57]
 [50]
 [48]
 [57]
 [69]]",4,1,glioma,1,0.012747502885758877,0.9866599440574646,0.0005925435107201338
1848,"[[77]
 [82]
 [48]
 [50]
 [57]
 [50]
 [48]
 [57]
 [69]]",4,1,glioma,1,0.10471564779678981,0.8937528332074484,0.0015315280761569738
1849,"[[77]
 [82]
 [48]
 [50]
 [57]
 [50]
 [48]
 [57]
 [69]]",4,1,glioma,1,0.13448998580376306,0.865042487780253,0.0004675246988578389
1850,"[[77]
 [82]
 [48]
 [53]
 [51]
 [49]
 [49]
 [48]
 [69]]",3,1,glioma,1,0.004919185147931178,0.8803479075431824,0.11473291367292404
1851,"[[77]
 [82]
 [48]
 [53]
 [51]
 [49]
 [49]
 [48]
 [69]]",3,1,glioma,1,0.0037131311061481633,0.9889329870541891,0.007353850019474824
1852,"[[77]
 [82]
 [48]
 [53]
 [51]
 [49]
 [49]
 [48]
 [69]]",3,1,glioma,1,0.016764347131053608,0.9828576246897379,0.0003780539846047759
1853,"[[77]
 [82]
 [48]
 [53]
 [51]
 [49]
 [49]
 [48]
 [69]]",3,1,glioma,1,0.007274948991835117,0.9864013195037842,0.006323753700902064
1854,"[[77]
 [82]
 [48]
 [53]
 [51]
 [49]
 [49]
 [48]
 [69]]",3,1,glioma,1,0.06886559103926022,0.9171453317006429,0.013989109235505262
1855,"[[77]
 [82]
 [48]
 [53]
 [51]
 [49]
 [49]
 [48]
 [69]]",3,1,glioma,1,0.0010847663894916575,0.9983263810475668,0.0005888411348375181
1856,"[[49]
 [48]
 [51]
 [57]
 [50]
 [53]]",1,0,meningioma,1,0.4811558822790782,0.5145099957784017,0.004334101181787749
1857,"[[77]
 [82]
 [48]
 [53]
 [51]
 [49]
 [49]
 [48]
 [69]]",3,1,glioma,1,0.023008762237926323,0.976026733716329,0.0009645042785753807
1858,"[[77]
 [82]
 [48]
 [53]
 [51]
 [49]
 [49]
 [48]
 [69]]",3,1,glioma,1,0.0009092199616134167,0.9990444580713908,4.63365540781524e-05
1859,"[[77]
 [82]
 [48]
 [53]
 [51]
 [49]
 [49]
 [48]
 [69]]",3,1,glioma,1,0.05398532251516978,0.9450501998265585,0.0009645042688741038
1860,"[[77]
 [82]
 [48]
 [53]
 [51]
 [49]
 [49]
 [48]
 [69]]",3,1,glioma,1,0.07382020602623622,0.92378830909729,0.0023914616322144866
1861,"[[77]
 [82]
 [48]
 [53]
 [51]
 [49]
 [49]
 [48]
 [69]]",3,1,glioma,1,0.05635195349653562,0.9434839487075806,0.00016410762085191286
1862,"[[77]
 [82]
 [48]
 [52]
 [57]
 [48]
 [49]
 [57]
 [71]]",0,1,glioma,1,0.005090368213132024,0.989151656627655,0.005757945512110989
1863,"[[77]
 [82]
 [48]
 [52]
 [57]
 [48]
 [49]
 [57]
 [71]]",0,1,glioma,1,0.031109658380349476,0.950931708017985,0.01795862739284833
1864,"[[77]
 [82]
 [48]
 [52]
 [57]
 [48]
 [49]
 [57]
 [71]]",0,1,glioma,1,0.004741375877832373,0.9931958119074503,0.0020628145042185984
1865,"[[77]
 [82]
 [48]
 [51]
 [49]
 [52]
 [48]
 [57]
 [66]]",3,1,glioma,1,0.0020774249375487366,0.9970088601112366,0.0009137207525782287
1866,"[[77]
 [82]
 [48]
 [51]
 [49]
 [52]
 [48]
 [57]
 [66]]",3,1,glioma,1,0.015071270366509756,0.9765965938568115,0.008332119245703021
1867,"[[49]
 [48]
 [51]
 [57]
 [50]
 [53]]",1,0,meningioma,1,0.03149433682362238,0.9672384858131409,0.0012671743946460385
1868,"[[77]
 [82]
 [48]
 [50]
 [52]
 [55]
 [56]
 [48]
 [68]]",4,1,glioma,1,0.0015796173635559778,0.998216470082601,0.00020391792349983007
1869,"[[77]
 [82]
 [48]
 [50]
 [52]
 [55]
 [56]
 [48]
 [68]]",4,1,glioma,1,0.037383140375216804,0.882886012395223,0.0797308807571729
1870,"[[77]
 [82]
 [48]
 [51]
 [56]
 [52]
 [54]
 [57]]",4,1,glioma,1,0.0022001982433721423,0.9966743588447571,0.0011254072305746377
1871,"[[77]
 [82]
 [48]
 [51]
 [56]
 [52]
 [54]
 [57]]",4,1,glioma,1,0.030894352744023006,0.9547873536745707,0.014318301963309446
1872,"[[77]
 [82]
 [48]
 [51]
 [56]
 [52]
 [54]
 [57]]",4,1,glioma,1,0.009673861786723137,0.9899950424830118,0.00033108057687059045
1873,"[[77]
 [82]
 [48]
 [51]
 [56]
 [52]
 [54]
 [57]]",4,1,glioma,1,0.04629673436284065,0.9526491363843282,0.0010541305528022349
1874,"[[77]
 [82]
 [48]
 [51]
 [56]
 [52]
 [54]
 [57]]",4,1,glioma,1,0.005635228008031845,0.9941278497378031,0.0002368952652129034
1875,"[[77]
 [82]
 [48]
 [51]
 [56]
 [52]
 [54]
 [57]]",4,1,glioma,1,0.04386400183041891,0.9545251925786337,0.001610841815515111
1876,"[[77]
 [82]
 [48]
 [51]
 [50]
 [51]
 [50]
 [50]
 [67]]",0,1,glioma,1,0.0068055853092422085,0.9921285510063171,0.0010658920315715175
1877,"[[77]
 [82]
 [48]
 [51]
 [50]
 [51]
 [50]
 [50]
 [67]]",0,1,glioma,1,0.012477268775304159,0.9873529076576233,0.00016980456712190062
1878,"[[49]
 [48]
 [52]
 [49]
 [54]
 [55]]",4,0,meningioma,0,0.645588199297587,0.33154310782750446,0.02286868852873643
1879,"[[77]
 [82]
 [48]
 [51]
 [50]
 [51]
 [50]
 [50]
 [67]]",0,1,glioma,1,0.04760630428791046,0.9509357213973999,0.0014579555330177147
1880,"[[77]
 [82]
 [48]
 [51]
 [50]
 [51]
 [50]
 [50]
 [67]]",0,1,glioma,1,0.04320445532600085,0.9563672145207723,0.0004283341792567323
1881,"[[77]
 [82]
 [48]
 [51]
 [50]
 [51]
 [50]
 [50]
 [67]]",0,1,glioma,1,0.02809945245583852,0.9712750713030497,0.0006254582743470868
1882,"[[77]
 [82]
 [48]
 [51]
 [50]
 [51]
 [50]
 [50]
 [67]]",0,1,glioma,1,0.11669410268465678,0.8831291000048319,0.00017680177794924626
1883,"[[77]
 [82]
 [48]
 [51]
 [50]
 [51]
 [50]
 [50]
 [67]]",0,1,glioma,1,0.008453376435985168,0.9911050399144491,0.0004415817529661581
1884,"[[77]
 [82]
 [48]
 [51]
 [50]
 [51]
 [50]
 [50]
 [67]]",0,1,glioma,1,0.006170349040379127,0.99358598391215,0.00024367996957153082
1885,"[[77]
 [82]
 [48]
 [51]
 [50]
 [51]
 [50]
 [50]
 [67]]",0,1,glioma,1,0.02111978301157554,0.9768540461858114,0.00202618083373333
1886,"[[77]
 [82]
 [48]
 [51]
 [50]
 [51]
 [50]
 [50]
 [67]]",0,1,glioma,1,0.039573452124993004,0.9600460330645243,0.00038051710968526703
1887,"[[77]
 [82]
 [48]
 [51]
 [50]
 [51]
 [50]
 [50]
 [67]]",0,1,glioma,1,0.05531825249393781,0.9421196182568868,0.0025621508442175886
1888,"[[77]
 [82]
 [48]
 [51]
 [50]
 [51]
 [50]
 [50]
 [67]]",0,1,glioma,1,0.11547275632619858,0.8841641346613566,0.00036312295075428364
1889,"[[49]
 [48]
 [50]
 [54]
 [55]
 [53]]",2,0,meningioma,0,0.9079944888750712,0.08042570451895396,0.01157986062268416
1890,"[[49]
 [48]
 [52]
 [49]
 [54]
 [55]]",4,0,meningioma,0,0.7274778683980306,0.19006156424681345,0.08246058225631714
1891,"[[77]
 [82]
 [48]
 [51]
 [50]
 [51]
 [50]
 [50]
 [67]]",0,1,glioma,1,0.09811420490344365,0.8986282149950663,0.0032575675480378172
1892,"[[77]
 [82]
 [48]
 [51]
 [50]
 [51]
 [50]
 [50]
 [67]]",0,1,glioma,1,0.06477576121687889,0.9347953001658121,0.00042894135306899744
1893,"[[77]
 [82]
 [48]
 [51]
 [55]
 [52]
 [53]
 [56]
 [66]]",3,1,glioma,0,0.9778246084849039,0.021310749153296154,0.0008646640732573966
1894,"[[77]
 [82]
 [48]
 [51]
 [55]
 [52]
 [53]
 [56]
 [66]]",3,1,glioma,0,0.6552968819936117,0.3439369648694992,0.0007661759542922179
1895,"[[77]
 [82]
 [48]
 [51]
 [55]
 [52]
 [53]
 [56]
 [66]]",3,1,glioma,0,0.8755873640378317,0.11638507495323817,0.008027536328881979
1896,"[[77]
 [82]
 [48]
 [51]
 [55]
 [52]
 [53]
 [56]
 [66]]",3,1,glioma,0,0.7402258912722269,0.2572208990653356,0.0025532238263015947
1897,"[[77]
 [82]
 [48]
 [51]
 [55]
 [52]
 [53]
 [56]
 [66]]",3,1,glioma,0,0.7692697445551554,0.230596661567688,0.0001336118245186905
1898,"[[77]
 [82]
 [48]
 [51]
 [55]
 [52]
 [53]
 [56]
 [66]]",3,1,glioma,0,0.957984983921051,0.04159474621216456,0.00042026864442353445
1899,"[[77]
 [82]
 [48]
 [51]
 [55]
 [52]
 [53]
 [56]
 [66]]",3,1,glioma,0,0.9017788370450338,0.09773282706737518,0.0004883483925368637
1900,"[[77]
 [82]
 [48]
 [51]
 [55]
 [52]
 [53]
 [56]
 [66]]",3,1,glioma,0,0.9070020119349161,0.09250876183311145,0.000489209463315395
1901,"[[49]
 [48]
 [52]
 [49]
 [54]
 [55]]",4,0,meningioma,1,0.41958696643511456,0.573710024356842,0.006703058568139871
1902,"[[77]
 [82]
 [48]
 [51]
 [57]
 [52]
 [55]
 [51]]",2,1,glioma,1,0.004268326874201496,0.9902734359105428,0.005458228290081024
1903,"[[77]
 [82]
 [48]
 [51]
 [57]
 [52]
 [55]
 [51]]",2,1,glioma,1,0.03175429627299309,0.9039140542348226,0.06433168550332387
1904,"[[77]
 [82]
 [48]
 [51]
 [57]
 [52]
 [55]
 [51]]",2,1,glioma,1,0.0003038811094787282,0.9995850721995035,0.00011104521642361458
1905,"[[77]
 [82]
 [48]
 [51]
 [57]
 [52]
 [55]
 [51]]",2,1,glioma,1,0.026030216366052628,0.9732454419136047,0.0007243431367290517
1906,"[[77]
 [82]
 [48]
 [51]
 [57]
 [52]
 [55]
 [51]
 [66]]",0,1,glioma,1,0.08028975129127502,0.9144241412480673,0.005286083013440172
1907,"[[77]
 [82]
 [48]
 [51]
 [57]
 [52]
 [55]
 [51]
 [66]]",0,1,glioma,1,0.009546064461270968,0.9883000651995341,0.0021538458531722426
1908,"[[77]
 [82]
 [48]
 [51]
 [57]
 [52]
 [55]
 [51]
 [66]]",0,1,glioma,1,0.003377250318105022,0.9957446654637655,0.0008780904463492334
1909,"[[77]
 [82]
 [48]
 [51]
 [57]
 [52]
 [55]
 [51]
 [66]]",0,1,glioma,1,0.025350371996561687,0.9730003873507181,0.0016492467451219757
1910,"[[77]
 [82]
 [48]
 [51]
 [57]
 [52]
 [55]
 [51]
 [66]]",0,1,glioma,1,0.004887036203096311,0.9938545227050781,0.0012584738821412127
1911,"[[77]
 [82]
 [48]
 [51]
 [57]
 [52]
 [55]
 [51]
 [66]]",0,1,glioma,1,0.0015540655391911666,0.9983924031257629,5.3518549369376465e-05
1912,"[[49]
 [48]
 [52]
 [49]
 [54]
 [55]]",4,0,meningioma,0,0.5566686590512594,0.4061180253823598,0.03721332922577858
1913,"[[77]
 [82]
 [48]
 [51]
 [57]
 [52]
 [55]
 [51]
 [66]]",0,1,glioma,1,0.011624663757781187,0.9875085353851318,0.0008667925139889121
1914,"[[77]
 [82]
 [48]
 [51]
 [57]
 [52]
 [55]
 [51]
 [66]]",0,1,glioma,1,0.0069104689949502545,0.9929961164792379,9.34001691348385e-05
1915,"[[77]
 [82]
 [48]
 [51]
 [57]
 [52]
 [55]
 [51]
 [66]]",0,1,glioma,1,0.012147543951869011,0.9874067306518555,0.0004457441148891424
1916,"[[77]
 [82]
 [48]
 [51]
 [55]
 [52]
 [53]
 [56]
 [67]]",2,1,glioma,1,0.010430875234305859,0.9891330202420553,0.00043606125594427186
1917,"[[77]
 [82]
 [48]
 [51]
 [55]
 [52]
 [53]
 [56]
 [67]]",2,1,glioma,1,0.006783499848097563,0.9929322401682535,0.00028427407475343597
1918,"[[77]
 [82]
 [48]
 [51]
 [55]
 [52]
 [53]
 [56]
 [67]]",2,1,glioma,1,0.010391572179893652,0.9893843332926432,0.00022407873378445706
1919,"[[77]
 [82]
 [48]
 [51]
 [55]
 [52]
 [53]
 [56]
 [67]]",2,1,glioma,1,0.002616921362156669,0.9973116715749105,7.14185868370502e-05
1920,"[[77]
 [82]
 [48]
 [51]
 [55]
 [52]
 [53]
 [56]
 [67]]",2,1,glioma,1,0.0040338443747411174,0.9955867727597555,0.00037936493269323063
1921,"[[77]
 [82]
 [48]
 [51]
 [55]
 [52]
 [53]
 [56]
 [67]]",2,1,glioma,1,0.00169020708805571,0.9981668988863627,0.000142867756949272
1922,"[[77]
 [82]
 [48]
 [51]
 [55]
 [52]
 [53]
 [56]
 [67]]",2,1,glioma,1,0.029263779520988464,0.9695446292559305,0.001191615980739395
1923,"[[49]
 [48]
 [52]
 [49]
 [54]
 [55]]",4,0,meningioma,0,0.8959690729777018,0.09045555194218953,0.013575350244839987
1924,"[[77]
 [82]
 [48]
 [51]
 [55]
 [52]
 [53]
 [56]
 [67]]",2,1,glioma,1,0.01649634074419737,0.9799829920132955,0.0035206179212157926
1925,"[[77]
 [82]
 [48]
 [50]
 [57]
 [50]
 [48]
 [57]
 [69]]",4,1,glioma,1,0.03158728592097759,0.9683173298835754,9.537512232782319e-05
1926,"[[77]
 [82]
 [48]
 [50]
 [57]
 [50]
 [48]
 [57]
 [69]]",4,1,glioma,1,0.010041514877229929,0.9898067911465963,0.00015170153346844018
1927,"[[77]
 [82]
 [48]
 [50]
 [57]
 [50]
 [48]
 [57]
 [69]]",4,1,glioma,1,0.013074214880665144,0.9866397380828857,0.00028606579386784386
1928,"[[77]
 [82]
 [48]
 [50]
 [57]
 [50]
 [48]
 [57]
 [69]]",4,1,glioma,1,0.4714162548383077,0.5053455233573914,0.023238216216365497
1929,"[[77]
 [82]
 [48]
 [50]
 [57]
 [50]
 [48]
 [57]
 [69]]",4,1,glioma,1,0.029256219665209453,0.9703963398933411,0.0003474469801100592
1930,"[[77]
 [82]
 [48]
 [50]
 [57]
 [50]
 [48]
 [57]
 [69]]",4,1,glioma,1,0.009794386724630991,0.9898191690444946,0.0003864325990434736
1931,"[[77]
 [82]
 [48]
 [50]
 [57]
 [50]
 [48]
 [57]
 [69]]",4,1,glioma,1,0.014774620532989502,0.9850888053576151,0.00013658922398462892
1932,"[[77]
 [82]
 [48]
 [53]
 [51]
 [49]
 [49]
 [48]
 [69]]",3,1,glioma,1,0.37684624393781024,0.6185151735941569,0.004638592169309656
1933,"[[77]
 [82]
 [48]
 [53]
 [51]
 [49]
 [49]
 [48]
 [69]]",3,1,glioma,1,0.023866975059111912,0.9743526975313822,0.0017802838701754808
1934,"[[49]
 [48]
 [52]
 [49]
 [54]
 [55]]",4,0,meningioma,1,0.23408831655979156,0.7607866923014323,0.0051249916820476455
1935,"[[77]
 [82]
 [48]
 [53]
 [51]
 [49]
 [49]
 [48]
 [69]]",3,1,glioma,1,0.012199429795145988,0.9876819054285685,0.00011865958610239129
1936,"[[77]
 [82]
 [48]
 [53]
 [51]
 [49]
 [49]
 [48]
 [69]]",3,1,glioma,1,0.03192941223581632,0.9677592317263285,0.00031135653019494686
1937,"[[77]
 [82]
 [48]
 [53]
 [51]
 [49]
 [49]
 [48]
 [69]]",3,1,glioma,1,0.02848849135140578,0.9713699618975321,0.00014155694952933118
1938,"[[77]
 [82]
 [48]
 [52]
 [57]
 [48]
 [49]
 [57]
 [71]]",0,1,glioma,1,0.016967376694083214,0.9556157191594442,0.027416952575246494
1939,"[[77]
 [82]
 [48]
 [52]
 [57]
 [48]
 [49]
 [57]
 [71]]",0,1,glioma,1,0.003992066912663479,0.9936061104138693,0.0024018119632576904
1940,"[[77]
 [82]
 [48]
 [52]
 [57]
 [48]
 [49]
 [57]
 [71]]",0,1,glioma,1,0.012308753406008085,0.9511212905248007,0.03656991322835287
1941,"[[77]
 [82]
 [48]
 [52]
 [57]
 [48]
 [49]
 [57]
 [71]]",0,1,glioma,1,0.161721204717954,0.7335464358329773,0.10473233709732692
1942,"[[77]
 [82]
 [48]
 [52]
 [57]
 [48]
 [49]
 [57]
 [71]]",0,1,glioma,1,0.023138890974223614,0.943718433380127,0.03314266726374626
1943,"[[77]
 [82]
 [48]
 [51]
 [49]
 [52]
 [48]
 [57]
 [66]]",3,1,glioma,1,0.0011786315881181508,0.9987766345342001,4.4743486493340846e-05
1944,"[[77]
 [82]
 [48]
 [51]
 [49]
 [52]
 [48]
 [57]
 [66]]",3,1,glioma,1,0.0024660357739776373,0.9966897368431091,0.0008442130201729015
1945,"[[49]
 [48]
 [52]
 [50]
 [56]
 [49]]",3,0,meningioma,0,0.9173076351483663,0.08075600365797679,0.001936306633676092
1946,"[[77]
 [82]
 [48]
 [50]
 [52]
 [55]
 [56]
 [48]
 [68]]",4,1,glioma,1,0.01648582114527623,0.9827202558517456,0.000793920053790013
1947,"[[77]
 [82]
 [48]
 [50]
 [52]
 [55]
 [56]
 [48]
 [68]]",4,1,glioma,1,0.0031192545235777893,0.9961584011713663,0.0007223509213266274
1948,"[[77]
 [82]
 [48]
 [50]
 [52]
 [55]
 [56]
 [48]
 [68]]",4,1,glioma,1,0.0033131128487487635,0.9965577324231466,0.0001291740457721365
1949,"[[77]
 [82]
 [48]
 [51]
 [56]
 [52]
 [54]
 [57]]",4,1,glioma,1,0.07223167022069295,0.907350480556488,0.02041787716249625
1950,"[[77]
 [82]
 [48]
 [51]
 [56]
 [52]
 [54]
 [57]]",4,1,glioma,1,0.031870526572068535,0.9495697617530823,0.01855972098807494
1951,"[[77]
 [82]
 [48]
 [51]
 [56]
 [52]
 [54]
 [57]]",4,1,glioma,1,0.13960196574529013,0.8458620309829712,0.014536034936706224
1952,"[[77]
 [82]
 [48]
 [51]
 [56]
 [52]
 [54]
 [57]]",4,1,glioma,1,0.024628532429536183,0.9742778142293295,0.0010936338221654296
1953,"[[77]
 [82]
 [48]
 [51]
 [56]
 [52]
 [54]
 [57]]",4,1,glioma,1,0.0060757738538086414,0.9935216108957926,0.0004026334985004117
1954,"[[77]
 [82]
 [48]
 [51]
 [50]
 [51]
 [50]
 [50]
 [67]]",0,1,glioma,1,0.06466034054756165,0.9343816637992859,0.0009579820713649193
1955,"[[77]
 [82]
 [48]
 [51]
 [50]
 [51]
 [50]
 [50]
 [67]]",0,1,glioma,1,0.057812754064798355,0.9409109950065613,0.001276220000969867
1956,"[[49]
 [48]
 [52]
 [50]
 [56]
 [49]]",3,0,meningioma,0,0.8916102051734924,0.10643176734447479,0.0019580044706041613
1957,"[[77]
 [82]
 [48]
 [51]
 [50]
 [51]
 [50]
 [50]
 [67]]",0,1,glioma,1,0.01207430986687541,0.9830659031867981,0.00485976606917878
1958,"[[77]
 [82]
 [48]
 [51]
 [50]
 [51]
 [50]
 [50]
 [67]]",0,1,glioma,1,0.36514349778493244,0.6035396456718445,0.031316851576169334
1959,"[[77]
 [82]
 [48]
 [51]
 [50]
 [51]
 [50]
 [50]
 [67]]",0,1,glioma,1,0.1396316463748614,0.8484424551328024,0.011925924569368362
1960,"[[77]
 [82]
 [48]
 [51]
 [50]
 [51]
 [50]
 [50]
 [67]]",0,1,glioma,1,0.08185311158498128,0.9161634643872579,0.0019833952731763325
1961,"[[77]
 [82]
 [48]
 [51]
 [50]
 [51]
 [50]
 [50]
 [67]]",0,1,glioma,1,0.13839058329661688,0.8433873057365417,0.01822209016730388
1962,"[[77]
 [82]
 [48]
 [51]
 [50]
 [51]
 [50]
 [50]
 [67]]",0,1,glioma,1,0.027246098034083843,0.9579296509424845,0.014824263751506805
1963,"[[77]
 [82]
 [48]
 [51]
 [50]
 [51]
 [50]
 [50]
 [67]]",0,1,glioma,1,0.1352058599392573,0.8438088297843933,0.020985295064747334
1964,"[[77]
 [82]
 [48]
 [51]
 [50]
 [51]
 [50]
 [50]
 [67]]",0,1,glioma,1,0.03038063769539197,0.9258795380592346,0.043739836663007736
1965,"[[77]
 [82]
 [48]
 [51]
 [50]
 [51]
 [50]
 [50]
 [67]]",0,1,glioma,1,0.005571935170640548,0.9921195308367411,0.0023085075663402677
1966,"[[77]
 [82]
 [48]
 [51]
 [55]
 [52]
 [53]
 [56]
 [66]]",3,1,glioma,1,0.08775029455622037,0.9120791951815287,0.0001705022235303962
1967,"[[49]
 [48]
 [52]
 [50]
 [56]
 [49]]",3,0,meningioma,0,0.932282825311025,0.06668603420257568,0.0010311186003188293
1968,"[[77]
 [82]
 [48]
 [51]
 [55]
 [52]
 [53]
 [56]
 [66]]",3,1,glioma,1,0.24404260516166687,0.754067619641622,0.0018897625074411433
1969,"[[77]
 [82]
 [48]
 [51]
 [55]
 [52]
 [53]
 [56]
 [66]]",3,1,glioma,1,0.15206103275219598,0.8467612663904825,0.0011776914082777996
1970,"[[77]
 [82]
 [48]
 [51]
 [55]
 [52]
 [53]
 [56]
 [66]]",3,1,glioma,1,0.4054906666278839,0.5884278615315756,0.006081453058868647
1971,"[[77]
 [82]
 [48]
 [51]
 [55]
 [52]
 [53]
 [56]
 [66]]",3,1,glioma,0,0.7285877664883932,0.2696300844351451,0.0017821595538407564
1972,"[[77]
 [82]
 [48]
 [51]
 [57]
 [52]
 [55]
 [51]]",2,1,glioma,1,0.0039563972192506,0.9954856634140015,0.0005579359810023258
1973,"[[77]
 [82]
 [48]
 [51]
 [57]
 [52]
 [55]
 [51]]",2,1,glioma,1,0.0186323585609595,0.9590916434923807,0.02227594703435898
1974,"[[77]
 [82]
 [48]
 [51]
 [57]
 [52]
 [55]
 [51]]",2,1,glioma,1,0.014464301678041616,0.943908711274465,0.041626978665590286
1975,"[[77]
 [82]
 [48]
 [51]
 [57]
 [52]
 [55]
 [51]]",2,1,glioma,1,0.04137016460299492,0.7372338175773621,0.22139604886372885
1976,"[[77]
 [82]
 [48]
 [51]
 [57]
 [52]
 [55]
 [51]]",2,1,glioma,1,0.016889786968628567,0.9249357581138611,0.05817445802191893
1977,"[[77]
 [82]
 [48]
 [51]
 [57]
 [52]
 [55]
 [51]]",2,1,glioma,1,0.033720737944046654,0.8950425783793131,0.07123669733603795
1978,"[[49]
 [48]
 [52]
 [50]
 [56]
 [49]]",3,0,meningioma,0,0.9258010784784952,0.07381810868779819,0.000380822631996125
1979,"[[77]
 [82]
 [48]
 [51]
 [57]
 [52]
 [55]
 [51]
 [66]]",0,1,glioma,1,0.011709310735265413,0.9881466229756674,0.00014406966511160135
1980,"[[77]
 [82]
 [48]
 [51]
 [57]
 [52]
 [55]
 [51]
 [66]]",0,1,glioma,1,0.02354873778919379,0.9759912093480428,0.0004600508788522954
1981,"[[77]
 [82]
 [48]
 [51]
 [57]
 [52]
 [55]
 [51]
 [66]]",0,1,glioma,1,0.020054432873924572,0.9778334498405457,0.002112126676365733
1982,"[[77]
 [82]
 [48]
 [51]
 [57]
 [52]
 [55]
 [51]
 [66]]",0,1,glioma,1,0.062298803279797234,0.9291653633117676,0.008535829993585745
1983,"[[77]
 [82]
 [48]
 [51]
 [57]
 [52]
 [55]
 [51]
 [66]]",0,1,glioma,1,0.030026974777380627,0.9208711187044779,0.049101935078700386
1984,"[[77]
 [82]
 [48]
 [51]
 [57]
 [52]
 [55]
 [51]
 [66]]",0,1,glioma,1,0.046576118717590966,0.9070221980412801,0.046401681999365486
1985,"[[77]
 [82]
 [48]
 [51]
 [57]
 [52]
 [55]
 [51]
 [66]]",0,1,glioma,1,0.07105740656455357,0.9021021525065104,0.02684041919807593
1986,"[[77]
 [82]
 [48]
 [52]
 [48]
 [50]
 [52]
 [48]]",3,1,glioma,1,0.1657946358124415,0.8186977108319601,0.015507647767663002
1987,"[[77]
 [82]
 [48]
 [52]
 [48]
 [50]
 [52]
 [48]]",3,1,glioma,1,0.06623222927252452,0.8491790890693665,0.08458870152632396
1988,"[[77]
 [82]
 [48]
 [52]
 [48]
 [50]
 [52]
 [48]]",3,1,glioma,1,0.17105761170387268,0.8206935326258341,0.008248873520642519
1989,"[[49]
 [48]
 [52]
 [50]
 [56]
 [49]]",3,0,meningioma,0,0.958939790725708,0.03565577665964762,0.005404417480652531
1990,"[[77]
 [82]
 [48]
 [52]
 [48]
 [50]
 [52]
 [48]]",3,1,glioma,1,0.02931096777319908,0.9687602718671163,0.0019287678490703304
1991,"[[77]
 [82]
 [48]
 [52]
 [48]
 [50]
 [52]
 [48]]",3,1,glioma,1,0.2963062922159831,0.700709601243337,0.0029841211702053747
1992,"[[77]
 [82]
 [48]
 [52]
 [48]
 [50]
 [52]
 [48]]",3,1,glioma,1,0.1981980154911677,0.7825250426928202,0.01927692846705516
1993,"[[77]
 [82]
 [48]
 [52]
 [48]
 [50]
 [52]
 [48]]",3,1,glioma,1,0.20851839582125345,0.7854126294453939,0.006068950208524863
1994,"[[77]
 [82]
 [48]
 [52]
 [48]
 [50]
 [52]
 [48]]",3,1,glioma,1,0.2981939713160197,0.6038526693979899,0.09795338536302249
1995,"[[77]
 [82]
 [48]
 [52]
 [48]
 [50]
 [52]
 [48]
 [66]]",3,1,glioma,1,0.006430961114043991,0.9659681717554728,0.027600867052872975
1996,"[[77]
 [82]
 [48]
 [52]
 [48]
 [50]
 [52]
 [48]
 [66]]",3,1,glioma,1,0.004906006157398224,0.9944801926612854,0.0006137685753249874
1997,"[[77]
 [82]
 [48]
 [52]
 [48]
 [50]
 [52]
 [48]
 [66]]",3,1,glioma,1,0.009092039739092192,0.9891475836435953,0.0017603770053635042
1998,"[[77]
 [82]
 [48]
 [52]
 [48]
 [50]
 [52]
 [48]
 [66]]",3,1,glioma,1,0.07835178077220917,0.9184540311495463,0.0031942035614823303
1999,"[[77]
 [82]
 [48]
 [52]
 [48]
 [50]
 [52]
 [48]
 [66]]",3,1,glioma,1,0.016850072269638378,0.9820569157600403,0.001093028753530234
2000,"[[49]
 [48]
 [50]
 [55]
 [49]
 [52]]",4,0,meningioma,2,0.28504185378551483,0.3230678290128708,0.3918903172016144
2001,"[[49]
 [48]
 [52]
 [50]
 [56]
 [49]]",3,0,meningioma,0,0.9458475907643636,0.051492925733327866,0.0026595028272519508
2002,"[[77]
 [82]
 [48]
 [50]
 [57]
 [50]
 [48]
 [57]
 [71]]",1,1,glioma,1,0.073874997595946,0.9244774381319681,0.0016475957818329334
2003,"[[77]
 [82]
 [48]
 [50]
 [57]
 [50]
 [48]
 [57]
 [71]]",1,1,glioma,1,0.16249639789263406,0.8373726010322571,0.00013101287671209624
2004,"[[77]
 [82]
 [48]
 [50]
 [57]
 [50]
 [48]
 [57]
 [71]]",1,1,glioma,1,0.07468381772438686,0.9248867233594259,0.0004294301033951342
2005,"[[77]
 [82]
 [48]
 [50]
 [57]
 [50]
 [48]
 [57]
 [71]]",1,1,glioma,1,0.004505011020228267,0.9953872958819071,0.00010768650099635124
2006,"[[77]
 [82]
 [48]
 [50]
 [57]
 [50]
 [48]
 [57]
 [71]]",1,1,glioma,1,0.0029734772785256305,0.9965621034304301,0.0004643890618657072
2007,"[[77]
 [82]
 [48]
 [51]
 [54]
 [52]
 [57]
 [54]
 [66]]",4,1,glioma,1,0.003459133052577575,0.9957241813341776,0.0008166856520498792
2008,"[[77]
 [82]
 [48]
 [51]
 [54]
 [52]
 [57]
 [54]
 [66]]",4,1,glioma,1,0.011724906973540783,0.9878949522972107,0.00038015445655522245
2009,"[[77]
 [82]
 [48]
 [51]
 [54]
 [52]
 [57]
 [54]
 [66]]",4,1,glioma,1,0.011183359349767366,0.9886899789174398,0.00012668819060005868
2010,"[[77]
 [82]
 [48]
 [51]
 [54]
 [52]
 [57]
 [54]
 [66]]",4,1,glioma,1,0.013498135221501192,0.9860931436220804,0.0004087386963268121
2011,"[[77]
 [82]
 [48]
 [51]
 [51]
 [52]
 [50]
 [48]]",0,1,glioma,1,0.026568114757537842,0.9450170199076334,0.02841484732925892
2012,"[[49]
 [48]
 [53]
 [51]
 [55]
 [52]]",3,0,meningioma,0,0.8890153765678406,0.09660579512516658,0.014378791054089865
2013,"[[77]
 [82]
 [48]
 [51]
 [51]
 [52]
 [50]
 [48]]",0,1,glioma,1,0.003961834978933136,0.9960118532180786,2.6285187232133467e-05
2014,"[[77]
 [82]
 [48]
 [51]
 [51]
 [52]
 [50]
 [48]]",0,1,glioma,1,0.005260654492303729,0.994496206442515,0.00024312399909831583
2015,"[[77]
 [82]
 [48]
 [51]
 [51]
 [52]
 [50]
 [48]]",0,1,glioma,1,0.01522103495274981,0.912212093671163,0.07256688922643661
2016,"[[77]
 [82]
 [48]
 [51]
 [51]
 [52]
 [50]
 [48]]",0,1,glioma,1,0.023970715701580048,0.8816691239674886,0.0943601628144582
2017,"[[77]
 [82]
 [48]
 [51]
 [51]
 [52]
 [50]
 [48]]",0,1,glioma,1,0.031708771362900734,0.7493303020795187,0.2189609408378601
2018,"[[77]
 [82]
 [48]
 [51]
 [51]
 [52]
 [50]
 [48]]",0,1,glioma,1,0.015133212630947432,0.9595161477724711,0.025350647357602913
2019,"[[77]
 [82]
 [48]
 [51]
 [51]
 [52]
 [50]
 [48]]",0,1,glioma,1,0.007308276137337089,0.987326959768931,0.0053647976989547414
2020,"[[77]
 [82]
 [48]
 [50]
 [52]
 [55]
 [56]
 [48]
 [66]]",0,1,glioma,1,0.059985791643460594,0.9095894495646158,0.030424756929278374
2021,"[[77]
 [82]
 [48]
 [50]
 [52]
 [55]
 [56]
 [48]
 [66]]",0,1,glioma,1,0.007479619390020768,0.9896564284960429,0.0028639206817994514
2022,"[[77]
 [82]
 [48]
 [50]
 [52]
 [55]
 [56]
 [48]
 [66]]",0,1,glioma,1,0.02093667568018039,0.9786489009857178,0.00041440929150364053
2023,"[[49]
 [48]
 [53]
 [51]
 [55]
 [52]]",3,0,meningioma,0,0.957763135433197,0.0319693082322677,0.010267517684648434
2024,"[[77]
 [82]
 [48]
 [50]
 [52]
 [55]
 [56]
 [48]
 [66]]",0,1,glioma,1,0.17658167580763498,0.8227278590202332,0.0006904783464657763
2025,"[[77]
 [82]
 [48]
 [51]
 [51]
 [51]
 [56]
 [57]
 [66]]",3,1,glioma,1,0.150164062778155,0.8494841257731119,0.00035181385950030136
2026,"[[77]
 [82]
 [48]
 [52]
 [56]
 [50]
 [57]
 [52]]",0,1,glioma,1,0.014820363372564316,0.9849879940350851,0.00019162383735723174
2027,"[[77]
 [82]
 [48]
 [52]
 [56]
 [50]
 [57]
 [55]]",4,1,glioma,1,0.20996692776679993,0.7899063229560852,0.00012680165915905187
2028,"[[77]
 [82]
 [48]
 [52]
 [56]
 [50]
 [57]
 [55]]",4,1,glioma,1,0.005811612276981275,0.9941652218500773,2.3174617732972063e-05
2029,"[[77]
 [82]
 [48]
 [52]
 [56]
 [50]
 [57]
 [55]]",4,1,glioma,1,0.025972886011004448,0.9739763538042704,5.07523194149447e-05
2030,"[[77]
 [82]
 [48]
 [52]
 [56]
 [50]
 [57]
 [55]]",4,1,glioma,1,0.06745910147825877,0.9319714109102885,0.0005694779780848572
2031,"[[77]
 [82]
 [48]
 [52]
 [56]
 [50]
 [57]
 [55]]",4,1,glioma,1,0.04766293615102768,0.9463527202606201,0.005984335982551177
2032,"[[77]
 [82]
 [48]
 [52]
 [56]
 [50]
 [57]
 [55]]",4,1,glioma,1,0.021053229769070942,0.9728474219640096,0.0060993546309570474
2033,"[[77]
 [82]
 [48]
 [52]
 [56]
 [50]
 [57]
 [55]]",4,1,glioma,1,0.025262396782636642,0.9714047312736511,0.0033328369415054717
2034,"[[49]
 [48]
 [53]
 [53]
 [53]
 [53]]",2,0,meningioma,1,0.45664305488268536,0.5414541860421499,0.0019027380039915442
2035,"[[77]
 [82]
 [48]
 [52]
 [56]
 [50]
 [57]
 [55]]",4,1,glioma,1,0.32437822222709656,0.6560247341791788,0.019597057874004047
2036,"[[77]
 [82]
 [48]
 [52]
 [56]
 [50]
 [57]
 [52]
 [66]]",4,1,glioma,1,0.25034449994564056,0.7493027647336324,0.00035272746269280714
2037,"[[77]
 [82]
 [48]
 [52]
 [56]
 [50]
 [57]
 [52]
 [66]]",4,1,glioma,1,0.011250317717591921,0.9886271556218466,0.00012254860970036438
2038,"[[77]
 [82]
 [48]
 [52]
 [56]
 [50]
 [57]
 [52]
 [66]]",4,1,glioma,1,0.028577685356140137,0.969372570514679,0.002049708738923073
2039,"[[77]
 [82]
 [48]
 [52]
 [56]
 [50]
 [57]
 [52]
 [66]]",4,1,glioma,1,0.007269619032740593,0.9750081698099772,0.01772220091273387
2040,"[[77]
 [82]
 [48]
 [52]
 [56]
 [50]
 [57]
 [52]
 [66]]",4,1,glioma,1,0.06050961340467135,0.863169272740682,0.07632109522819519
2041,"[[77]
 [82]
 [48]
 [52]
 [56]
 [50]
 [57]
 [52]
 [66]]",4,1,glioma,1,0.0056167044676840305,0.9573762615521749,0.03700705741842588
2042,"[[77]
 [82]
 [48]
 [52]
 [56]
 [54]
 [50]
 [49]
 [66]]",0,1,glioma,1,0.046879990647236504,0.9375342130661011,0.015585831366479397
2043,"[[77]
 [82]
 [48]
 [52]
 [56]
 [54]
 [50]
 [49]
 [66]]",0,1,glioma,1,0.01941974616299073,0.9784584045410156,0.0021218759356997907
2044,"[[77]
 [82]
 [48]
 [52]
 [56]
 [54]
 [50]
 [49]
 [66]]",0,1,glioma,1,0.004356562237565716,0.9948645234107971,0.0007789234562854593
2045,"[[49]
 [48]
 [53]
 [53]
 [53]
 [53]]",2,0,meningioma,0,0.539898693561554,0.45509647329648334,0.005004831434537967
2046,"[[77]
 [82]
 [48]
 [52]
 [56]
 [57]
 [52]
 [52]]",4,1,glioma,1,0.17327305177847543,0.8259764512379965,0.0007505009901554635
2047,"[[77]
 [82]
 [48]
 [52]
 [56]
 [57]
 [52]
 [52]]",4,1,glioma,1,0.030967386439442635,0.9654824336369833,0.0035501589688162007
2048,"[[77]
 [82]
 [48]
 [52]
 [56]
 [57]
 [52]
 [52]]",4,1,glioma,1,0.020260347053408623,0.9771458506584167,0.002593787619844079
2049,"[[77]
 [82]
 [48]
 [52]
 [56]
 [57]
 [52]
 [52]]",4,1,glioma,1,0.007949572522193193,0.9918846487998962,0.00016578161254680404
2050,"[[77]
 [82]
 [48]
 [52]
 [56]
 [57]
 [52]
 [52]]",4,1,glioma,1,0.014783814239005247,0.9849031368891398,0.0003130244876956567
2051,"[[77]
 [82]
 [48]
 [52]
 [56]
 [57]
 [52]
 [52]]",4,1,glioma,1,0.022180413206418354,0.976435124874115,0.0013844169055422146
2052,"[[77]
 [82]
 [48]
 [52]
 [56]
 [57]
 [57]
 [52]]",1,1,glioma,1,0.38900651534398395,0.6035730838775635,0.007420379668474197
2053,"[[77]
 [82]
 [48]
 [52]
 [56]
 [57]
 [57]
 [52]]",1,1,glioma,1,0.18265492717425028,0.8146883447964987,0.0026567443273961544
2054,"[[77]
 [82]
 [48]
 [52]
 [56]
 [57]
 [57]
 [52]]",1,1,glioma,1,0.08540473878383636,0.9142212073008219,0.0003740841008645172
2055,"[[77]
 [82]
 [48]
 [52]
 [56]
 [57]
 [57]
 [52]]",1,1,glioma,1,0.046741291880607605,0.9518681367238363,0.0013905542436987162
2056,"[[49]
 [48]
 [53]
 [53]
 [53]
 [53]]",2,0,meningioma,1,0.4386845330397288,0.5608619054158529,0.00045358247492307174
2057,"[[77]
 [82]
 [48]
 [52]
 [56]
 [57]
 [57]
 [52]]",1,1,glioma,1,0.05919069920976957,0.9403299689292908,0.00047934446289824945
2058,"[[77]
 [82]
 [48]
 [52]
 [56]
 [57]
 [57]
 [52]]",1,1,glioma,1,0.2741797864437103,0.7251574198404948,0.0006628062304419776
2059,"[[77]
 [82]
 [48]
 [52]
 [56]
 [57]
 [57]
 [52]]",1,1,glioma,1,0.12190452963113785,0.877966046333313,0.00012944038341326328
2060,"[[77]
 [82]
 [48]
 [52]
 [56]
 [57]
 [57]
 [52]]",1,1,glioma,1,0.38709784547487897,0.6128116051355997,9.056543179516059e-05
2061,"[[77]
 [82]
 [48]
 [52]
 [57]
 [49]
 [48]
 [52]]",3,1,glioma,1,0.18638640642166138,0.5966161886850992,0.21699738005797067
2062,"[[77]
 [82]
 [48]
 [52]
 [57]
 [49]
 [48]
 [52]]",3,1,glioma,1,0.04294705515106519,0.9146321614583334,0.04242077780266603
2063,"[[77]
 [82]
 [48]
 [52]
 [57]
 [49]
 [48]
 [52]]",3,1,glioma,1,0.1369949703415235,0.7900043924649557,0.07300062477588654
2064,"[[77]
 [82]
 [48]
 [52]
 [57]
 [49]
 [48]
 [52]]",3,1,glioma,1,0.009356741948674122,0.9881428678830465,0.002500385472861429
2065,"[[77]
 [82]
 [48]
 [52]
 [57]
 [49]
 [52]
 [50]]",2,1,glioma,0,0.7072262366612753,0.0723738248149554,0.22039993107318878
2066,"[[77]
 [82]
 [48]
 [52]
 [57]
 [49]
 [52]
 [50]]",2,1,glioma,0,0.7026131947835287,0.284234623114268,0.01315218365440766
2067,"[[49]
 [48]
 [53]
 [57]
 [51]
 [55]]",2,0,meningioma,0,0.4545797308286031,0.37145458658536273,0.17396569748719534
2068,"[[77]
 [82]
 [48]
 [52]
 [57]
 [49]
 [52]
 [50]]",2,1,glioma,1,0.4033839205900828,0.5931656161944071,0.0034504732272277274
2069,"[[77]
 [82]
 [48]
 [52]
 [56]
 [57]
 [57]
 [52]
 [66]]",3,1,glioma,1,0.0008366298279725015,0.9984474976857504,0.0007158324200039109
2070,"[[77]
 [82]
 [48]
 [52]
 [56]
 [57]
 [57]
 [52]
 [66]]",3,1,glioma,1,0.0015267300186678767,0.998163123925527,0.0003101770077288772
2071,"[[77]
 [82]
 [48]
 [52]
 [56]
 [57]
 [57]
 [52]
 [66]]",3,1,glioma,1,0.0037756889748076596,0.9960654576619467,0.0001588615583993184
2072,"[[77]
 [82]
 [48]
 [52]
 [56]
 [57]
 [57]
 [52]
 [66]]",3,1,glioma,1,0.0015009058406576514,0.9983833034833273,0.00011577240851086874
2073,"[[77]
 [82]
 [48]
 [52]
 [56]
 [57]
 [57]
 [52]
 [66]]",3,1,glioma,1,0.00416472655100127,0.9958008925120035,3.438538578848238e-05
2074,"[[77]
 [82]
 [48]
 [52]
 [57]
 [51]
 [53]
 [56]]",2,1,glioma,1,0.012208560481667519,0.9877118468284607,7.961491064634174e-05
2075,"[[77]
 [82]
 [48]
 [52]
 [57]
 [51]
 [53]
 [56]]",2,1,glioma,1,0.11833374450604121,0.8781346281369528,0.003531630771855513
2076,"[[77]
 [82]
 [48]
 [52]
 [57]
 [51]
 [53]
 [56]]",2,1,glioma,1,0.04619801168640455,0.950224757194519,0.0035772155970335007
2077,"[[77]
 [82]
 [48]
 [52]
 [57]
 [51]
 [53]
 [56]]",2,1,glioma,1,0.05017594123880068,0.937288502852122,0.012535550010701021
2078,"[[49]
 [48]
 [53]
 [57]
 [51]
 [55]]",2,0,meningioma,0,0.5325239598751068,0.1663554310798645,0.301120604077975
2079,"[[77]
 [82]
 [48]
 [52]
 [57]
 [51]
 [53]
 [56]]",2,1,glioma,1,0.18578611811002096,0.7887848814328512,0.025429032122095425
2080,"[[77]
 [82]
 [48]
 [52]
 [57]
 [51]
 [53]
 [56]]",2,1,glioma,1,0.0834208329518636,0.8102492491404215,0.10632991294066112
2081,"[[77]
 [82]
 [48]
 [52]
 [57]
 [51]
 [53]
 [56]]",2,1,glioma,1,0.021103713661432266,0.8956654270490011,0.0832308903336525
2082,"[[77]
 [82]
 [48]
 [52]
 [57]
 [49]
 [48]
 [52]
 [66]]",4,1,glioma,1,0.014446359127759933,0.9757510224978129,0.009802605180690685
2083,"[[77]
 [82]
 [48]
 [52]
 [57]
 [49]
 [48]
 [52]
 [66]]",4,1,glioma,1,0.07833729808529218,0.8686306873957316,0.053032023211320244
2084,"[[77]
 [82]
 [48]
 [52]
 [57]
 [49]
 [48]
 [52]
 [66]]",4,1,glioma,1,0.030789076661070187,0.9622340798377991,0.006976820528507233
2085,"[[77]
 [82]
 [48]
 [52]
 [57]
 [52]
 [53]
 [51]]",1,1,glioma,1,0.005781373319526513,0.9150699575742086,0.07914866010348003
2086,"[[77]
 [82]
 [48]
 [52]
 [57]
 [52]
 [53]
 [51]]",1,1,glioma,1,0.00052628931007348,0.997536838054657,0.0019368643406778574
2087,"[[77]
 [82]
 [48]
 [52]
 [57]
 [52]
 [53]
 [51]]",1,1,glioma,1,0.0014720905843811731,0.9973304271697998,0.001197494954491655
2088,"[[77]
 [82]
 [48]
 [52]
 [57]
 [52]
 [53]
 [51]]",1,1,glioma,1,0.0011735736237217982,0.9953699707984924,0.0034564364856729903
2089,"[[49]
 [48]
 [53]
 [57]
 [51]
 [55]]",2,0,meningioma,0,0.8167562286059061,0.15795773764451346,0.025286064483225346
2090,"[[77]
 [82]
 [48]
 [52]
 [57]
 [52]
 [53]
 [51]]",1,1,glioma,1,0.0019656989024952054,0.996864120165507,0.0011701581728023787
2091,"[[77]
 [82]
 [48]
 [52]
 [57]
 [52]
 [53]
 [51]]",1,1,glioma,1,0.0013943275359148781,0.996747891108195,0.0018577459268271923
2092,"[[77]
 [82]
 [48]
 [52]
 [57]
 [52]
 [53]
 [51]]",1,1,glioma,1,0.01111148918668429,0.9832963148752848,0.0055921964813023806
2093,"[[77]
 [82]
 [48]
 [52]
 [57]
 [52]
 [53]
 [51]]",1,1,glioma,1,0.09685143331686656,0.8893170356750488,0.013831541563073793
2094,"[[77]
 [82]
 [48]
 [52]
 [57]
 [52]
 [53]
 [51]]",1,1,glioma,1,0.025076002503434818,0.9745341738065084,0.00038981227165398497
2095,"[[77]
 [82]
 [48]
 [50]
 [52]
 [55]
 [56]
 [48]
 [71]]",4,1,glioma,1,0.036714074512322746,0.9275370438893636,0.03574885303775469
2096,"[[77]
 [82]
 [48]
 [50]
 [52]
 [55]
 [56]
 [48]
 [71]]",4,1,glioma,1,0.02709096297621727,0.9630338946978251,0.00987511221319437
2097,"[[77]
 [82]
 [48]
 [50]
 [52]
 [55]
 [56]
 [48]
 [71]]",4,1,glioma,1,0.003659656116118034,0.9945938587188721,0.0017464661893124382
2098,"[[77]
 [82]
 [48]
 [50]
 [52]
 [55]
 [56]
 [48]
 [71]]",4,1,glioma,1,0.021686241030693054,0.9781273802121481,0.00018639185873325914
2099,"[[77]
 [82]
 [48]
 [50]
 [52]
 [55]
 [56]
 [48]
 [71]]",4,1,glioma,1,0.020822004415094852,0.9791103800137838,6.761689534566055e-05
2100,"[[49]
 [48]
 [53]
 [57]
 [51]
 [55]]",2,0,meningioma,0,0.6138915419578552,0.36228617032368976,0.02382231627901395
2101,"[[77]
 [82]
 [48]
 [50]
 [52]
 [55]
 [56]
 [48]
 [71]]",4,1,glioma,0,0.578938364982605,0.4208513895670573,0.0002102200742228888
2102,"[[77]
 [82]
 [48]
 [53]
 [48]
 [49]
 [51]
 [53]
 [66]]",3,1,glioma,1,0.006664429015169541,0.9921424786249796,0.0011930900315443675
2103,"[[77]
 [82]
 [48]
 [53]
 [48]
 [49]
 [51]
 [53]
 [66]]",3,1,glioma,1,0.007923161455740532,0.9912756681442261,0.0008011450214932362
2104,"[[77]
 [82]
 [48]
 [53]
 [48]
 [49]
 [51]
 [53]
 [66]]",3,1,glioma,1,0.017632901668548584,0.9821066459019979,0.00026048712849539396
2105,"[[77]
 [82]
 [48]
 [53]
 [48]
 [49]
 [51]
 [53]
 [66]]",3,1,glioma,1,0.0002393653485341929,0.9997577865918478,2.850027404595797e-06
2106,"[[77]
 [82]
 [48]
 [53]
 [48]
 [49]
 [51]
 [53]
 [66]]",3,1,glioma,1,0.0028621587747087083,0.9971172412236532,2.0616810009717785e-05
2107,"[[77]
 [82]
 [48]
 [53]
 [48]
 [49]
 [51]
 [53]
 [66]]",3,1,glioma,1,0.003661906191458305,0.9959990382194519,0.00033905510402595
2108,"[[77]
 [82]
 [48]
 [53]
 [48]
 [49]
 [51]
 [53]
 [66]]",3,1,glioma,1,0.004674462058270971,0.9839763045310974,0.011349232867360115
2109,"[[77]
 [82]
 [48]
 [53]
 [48]
 [49]
 [51]
 [53]
 [66]]",3,1,glioma,1,0.10351808369159698,0.8505092660586039,0.045972676326831184
2110,"[[77]
 [82]
 [48]
 [53]
 [48]
 [49]
 [51]
 [53]
 [66]]",3,1,glioma,1,0.018220392055809498,0.9808182517687479,0.0009613545747318616
2111,"[[49]
 [48]
 [50]
 [55]
 [49]
 [52]]",4,0,meningioma,0,0.839714527130127,0.020187579716245335,0.1400979459285736
2112,"[[49]
 [48]
 [54]
 [50]
 [56]
 [52]]",2,0,meningioma,1,0.12387238939603169,0.8755635817845663,0.000564021795677642
2113,"[[77]
 [82]
 [48]
 [53]
 [48]
 [54]
 [56]
 [55]]",3,1,glioma,1,0.1229863961537679,0.8764948646227518,0.0005187084558807934
2114,"[[77]
 [82]
 [48]
 [53]
 [48]
 [54]
 [56]
 [55]]",3,1,glioma,1,0.0009772266106059153,0.9989731113115946,4.9662138432419546e-05
2115,"[[77]
 [82]
 [48]
 [53]
 [48]
 [54]
 [56]
 [55]]",3,1,glioma,1,0.0005952288144423316,0.9993857741355896,1.897199096371575e-05
2116,"[[77]
 [82]
 [48]
 [53]
 [48]
 [54]
 [56]
 [55]]",3,1,glioma,1,0.003657574454943339,0.9962039391199747,0.00013850345567334443
2117,"[[77]
 [82]
 [48]
 [53]
 [48]
 [54]
 [56]
 [55]]",3,1,glioma,1,0.0017964548896998167,0.9981765945752462,2.6945517978068285e-05
2118,"[[77]
 [82]
 [48]
 [53]
 [48]
 [54]
 [56]
 [55]]",3,1,glioma,1,0.011170552422602972,0.9886752963066101,0.0001541261469052794
2119,"[[77]
 [82]
 [48]
 [53]
 [48]
 [55]
 [57]
 [49]
 [66]]",4,1,glioma,0,0.6928837498029073,0.3067248562971751,0.00039140981243690476
2120,"[[77]
 [82]
 [48]
 [53]
 [48]
 [55]
 [57]
 [49]
 [66]]",4,1,glioma,1,0.14483019709587097,0.8549437125523885,0.00022608648093106845
2121,"[[77]
 [82]
 [48]
 [53]
 [48]
 [55]
 [57]
 [49]
 [66]]",4,1,glioma,1,0.4285733600457509,0.5701682368914286,0.0012584000263207902
2122,"[[77]
 [82]
 [48]
 [53]
 [48]
 [55]
 [57]
 [49]
 [66]]",4,1,glioma,0,0.5762854615847269,0.42125509182612103,0.0024594445324813328
2123,"[[49]
 [48]
 [54]
 [50]
 [56]
 [52]]",2,0,meningioma,0,0.7946150302886963,0.20101357499758402,0.004371417919173837
2124,"[[77]
 [82]
 [48]
 [53]
 [48]
 [55]
 [57]
 [49]
 [66]]",4,1,glioma,0,0.6035542885462443,0.39580999811490375,0.0006356852633568147
2125,"[[77]
 [82]
 [48]
 [53]
 [48]
 [55]
 [57]
 [49]
 [66]]",4,1,glioma,0,0.8114484349886576,0.18545255561669668,0.003099059220403433
2126,"[[77]
 [82]
 [48]
 [53]
 [48]
 [55]
 [57]
 [49]
 [66]]",4,1,glioma,0,0.5753823022047678,0.42276449004809064,0.0018531802343204618
2127,"[[77]
 [82]
 [48]
 [53]
 [48]
 [55]
 [57]
 [49]
 [66]]",4,1,glioma,0,0.7440094749132792,0.25002404550711316,0.0059663996410866576
2128,"[[77]
 [82]
 [48]
 [52]
 [57]
 [48]
 [49]
 [57]
 [67]]",4,1,glioma,1,0.013029659477372965,0.9853482246398926,0.0016221527087812622
2129,"[[77]
 [82]
 [48]
 [52]
 [57]
 [48]
 [49]
 [57]
 [67]]",4,1,glioma,1,0.0013801769431059558,0.9979400634765625,0.0006797486469925692
2130,"[[77]
 [82]
 [48]
 [52]
 [57]
 [48]
 [49]
 [57]
 [67]]",4,1,glioma,1,0.009859969063351551,0.9852823813756307,0.004857640014961362
2131,"[[77]
 [82]
 [48]
 [52]
 [57]
 [48]
 [49]
 [57]
 [67]]",4,1,glioma,1,0.02926472822825114,0.9492141604423523,0.02152109829088052
2132,"[[77]
 [82]
 [48]
 [53]
 [49]
 [52]
 [54]
 [49]]",2,1,glioma,1,0.033780871580044426,0.9661347270011902,8.440138966155548e-05
2133,"[[77]
 [82]
 [48]
 [53]
 [49]
 [52]
 [54]
 [49]]",2,1,glioma,1,0.010105662047863007,0.9897210796674093,0.00017326670058537275
2134,"[[49]
 [48]
 [54]
 [50]
 [56]
 [52]]",2,0,meningioma,1,0.4032758871714274,0.5825170079867045,0.01420709335555633
2135,"[[77]
 [82]
 [48]
 [53]
 [49]
 [52]
 [54]
 [49]]",2,1,glioma,1,0.02089706001182397,0.9790819883346558,2.0949447692449514e-05
2136,"[[77]
 [82]
 [48]
 [53]
 [49]
 [52]
 [54]
 [49]]",2,1,glioma,1,0.00450069682362179,0.9954866170883179,1.2696094321048198e-05
2137,"[[77]
 [82]
 [48]
 [53]
 [49]
 [52]
 [54]
 [49]]",2,1,glioma,1,0.017665844100217026,0.9821372826894125,0.0001968888488287727
2138,"[[77]
 [82]
 [48]
 [53]
 [49]
 [52]
 [54]
 [49]]",2,1,glioma,1,0.08874997248252232,0.9100605448087057,0.0011894590376565854
2139,"[[77]
 [82]
 [48]
 [53]
 [49]
 [52]
 [54]
 [49]]",2,1,glioma,1,0.0674213245511055,0.9247340559959412,0.007844590271512667
2140,"[[77]
 [82]
 [48]
 [53]
 [49]
 [53]
 [56]
 [54]]",1,1,glioma,1,0.010525033188362917,0.9894660711288452,8.914932247231869e-06
2141,"[[77]
 [82]
 [48]
 [53]
 [49]
 [53]
 [56]
 [54]]",1,1,glioma,1,0.02158801443874836,0.9784024953842163,9.43594007670375e-06
2142,"[[77]
 [82]
 [48]
 [53]
 [49]
 [53]
 [56]
 [54]]",1,1,glioma,1,0.027749756971995037,0.9720778862635294,0.0001723658157667766
2143,"[[77]
 [82]
 [48]
 [53]
 [49]
 [53]
 [56]
 [54]]",1,1,glioma,1,0.023253121102849644,0.9761098027229309,0.0006370610790327191
2144,"[[77]
 [82]
 [48]
 [53]
 [49]
 [53]
 [56]
 [54]]",1,1,glioma,1,0.013499142757306496,0.9864141146341959,8.675116502369444e-05
2145,"[[49]
 [48]
 [54]
 [50]
 [56]
 [52]]",2,0,meningioma,1,0.30552329619725543,0.38232797384262085,0.3121487597624461
2146,"[[77]
 [82]
 [48]
 [53]
 [49]
 [53]
 [56]
 [54]]",1,1,glioma,1,0.009463534535219273,0.9887725313504537,0.001763916729638974
2147,"[[77]
 [82]
 [48]
 [53]
 [49]
 [53]
 [56]
 [54]]",1,1,glioma,1,0.015824354253709316,0.9817607204119364,0.002414980592827002
2148,"[[77]
 [82]
 [48]
 [53]
 [49]
 [53]
 [56]
 [54]]",1,1,glioma,1,0.000264542642980814,0.9997217059135437,1.376461295876652e-05
2149,"[[77]
 [82]
 [48]
 [53]
 [49]
 [53]
 [56]
 [54]]",1,1,glioma,1,0.0025627833868687353,0.994729737440745,0.002707511419430375
2150,"[[77]
 [82]
 [48]
 [53]
 [49]
 [54]
 [52]
 [52]]",1,1,glioma,1,0.025524138162533443,0.9743299881617228,0.00014582613948732615
2151,"[[77]
 [82]
 [48]
 [53]
 [49]
 [54]
 [52]
 [52]]",1,1,glioma,1,0.1526551047960917,0.8472175002098083,0.00012739557860186324
2152,"[[77]
 [82]
 [48]
 [53]
 [49]
 [54]
 [52]
 [52]]",1,1,glioma,1,0.1755882849295934,0.818914790948232,0.005496926295260589
2153,"[[77]
 [82]
 [48]
 [53]
 [49]
 [54]
 [52]
 [52]]",1,1,glioma,1,0.026903243735432625,0.9730637073516846,3.306315526666973e-05
2154,"[[77]
 [82]
 [48]
 [53]
 [49]
 [54]
 [52]
 [52]]",1,1,glioma,1,0.2391899824142456,0.7607016563415527,0.00010836056026164442
2155,"[[77]
 [82]
 [48]
 [53]
 [49]
 [54]
 [52]
 [52]]",1,1,glioma,1,0.004606173296148579,0.9953805804252625,1.3256555727518085e-05
2156,"[[49]
 [48]
 [54]
 [52]
 [52]
 [50]]",2,0,meningioma,0,0.9138162533442179,0.08606058110793431,0.00012318205942089358
2157,"[[77]
 [82]
 [48]
 [53]
 [49]
 [54]
 [52]
 [52]]",1,1,glioma,1,0.03049200028181076,0.969358483950297,0.00014952596878477684
2158,"[[77]
 [82]
 [48]
 [53]
 [49]
 [54]
 [52]
 [52]]",1,1,glioma,1,0.05322090660532316,0.9459393819173177,0.0008397059282287955
2159,"[[77]
 [82]
 [48]
 [53]
 [49]
 [54]
 [52]
 [52]]",1,1,glioma,1,0.005183883709833026,0.9948043823242188,1.1761841506086057e-05
2160,"[[77]
 [82]
 [48]
 [53]
 [49]
 [54]
 [52]
 [52]]",1,1,glioma,1,0.07514618088801701,0.9246086478233337,0.0002451925053416441
2161,"[[77]
 [82]
 [48]
 [53]
 [49]
 [54]
 [53]
 [49]]",2,1,glioma,1,0.09072595834732056,0.909246563911438,2.7475153425863635e-05
2162,"[[77]
 [82]
 [48]
 [53]
 [49]
 [54]
 [53]
 [49]]",2,1,glioma,1,0.033928445229927696,0.9659611185391744,0.00011046518920920789
2163,"[[77]
 [82]
 [48]
 [53]
 [49]
 [54]
 [53]
 [49]]",2,1,glioma,1,0.016706152508656185,0.9832321008046468,6.176255919854157e-05
2164,"[[77]
 [82]
 [48]
 [53]
 [49]
 [54]
 [53]
 [49]]",2,1,glioma,1,0.16886312266190848,0.8308361172676086,0.00030072007211856544
2165,"[[77]
 [82]
 [48]
 [53]
 [49]
 [55]
 [57]
 [54]]",4,1,glioma,1,0.20454357067743936,0.7347229917844137,0.060733443746964134
2166,"[[77]
 [82]
 [48]
 [53]
 [49]
 [55]
 [57]
 [54]]",4,1,glioma,1,0.028168392057220142,0.9605831503868103,0.011248440326501926
2167,"[[49]
 [48]
 [54]
 [52]
 [52]
 [50]]",2,0,meningioma,0,0.5972370306650797,0.4021151065826416,0.0006478532062222561
2168,"[[77]
 [82]
 [48]
 [53]
 [49]
 [55]
 [57]
 [54]]",4,1,glioma,1,0.01300370537986358,0.982530951499939,0.00446536826590697
2169,"[[77]
 [82]
 [48]
 [53]
 [49]
 [55]
 [57]
 [54]]",4,1,glioma,1,0.0056062609267731505,0.9936599135398865,0.0007338554326755305
2170,"[[77]
 [82]
 [48]
 [53]
 [49]
 [55]
 [57]
 [54]]",4,1,glioma,1,0.2194158434867859,0.7314305305480957,0.04915359243750572
2171,"[[77]
 [82]
 [48]
 [53]
 [49]
 [55]
 [57]
 [54]]",4,1,glioma,1,0.09865392247835796,0.8801628947257996,0.021183229361971218
2172,"[[77]
 [82]
 [48]
 [53]
 [49]
 [55]
 [57]
 [54]]",4,1,glioma,1,0.08944222827752431,0.8699674208958944,0.04059033778806528
2173,"[[77]
 [82]
 [48]
 [53]
 [49]
 [54]
 [53]
 [49]
 [66]]",0,1,glioma,1,0.3225966989994049,0.6574681202570597,0.019935186331470806
2174,"[[77]
 [82]
 [48]
 [53]
 [49]
 [54]
 [53]
 [49]
 [66]]",0,1,glioma,1,0.3873704473177592,0.5800928473472595,0.03253670843938986
2175,"[[77]
 [82]
 [48]
 [53]
 [49]
 [54]
 [53]
 [49]
 [66]]",0,1,glioma,1,0.3920794626077016,0.6045907338460287,0.0033297912450507283
2176,"[[77]
 [82]
 [48]
 [53]
 [49]
 [54]
 [53]
 [49]
 [66]]",0,1,glioma,1,0.04904349520802498,0.9506211082140604,0.00033539846481289715
2177,"[[77]
 [82]
 [48]
 [53]
 [49]
 [54]
 [53]
 [49]
 [66]]",0,1,glioma,1,0.0442089152832826,0.9555331269900004,0.0002579510910436511
2178,"[[49]
 [48]
 [54]
 [52]
 [52]
 [50]]",2,0,meningioma,0,0.9705563386281332,0.02874676262338956,0.0006968512607272714
2179,"[[77]
 [82]
 [48]
 [53]
 [49]
 [54]
 [53]
 [49]
 [66]]",0,1,glioma,1,0.21159103512763977,0.7813073595364889,0.007101616666962703
2180,"[[77]
 [82]
 [48]
 [53]
 [49]
 [54]
 [52]
 [52]
 [66]]",2,1,glioma,1,0.01369047537446022,0.5473854343096415,0.4389240543047587
2181,"[[77]
 [82]
 [48]
 [53]
 [49]
 [54]
 [52]
 [52]
 [66]]",2,1,glioma,2,0.006479510882248481,0.2799498538176219,0.7135706345240275
2182,"[[77]
 [82]
 [48]
 [53]
 [49]
 [54]
 [52]
 [52]
 [66]]",2,1,glioma,2,0.00925209823374947,0.06805293882886569,0.9226949612299601
2183,"[[77]
 [82]
 [48]
 [53]
 [49]
 [54]
 [52]
 [52]
 [66]]",2,1,glioma,1,0.0007444278065425655,0.9699462652206421,0.029309296359618504
2184,"[[77]
 [82]
 [48]
 [53]
 [49]
 [54]
 [52]
 [52]
 [66]]",2,1,glioma,1,0.008600224119921526,0.7342293659845988,0.2571704139312108
2185,"[[77]
 [82]
 [48]
 [53]
 [49]
 [54]
 [52]
 [52]
 [66]]",2,1,glioma,1,0.0008055209376228353,0.9785221815109253,0.020672298967838287
2186,"[[77]
 [82]
 [48]
 [53]
 [49]
 [54]
 [52]
 [52]
 [66]]",2,1,glioma,1,0.032893714805444084,0.8873980641365051,0.07970824092626572
2187,"[[77]
 [82]
 [48]
 [53]
 [49]
 [54]
 [52]
 [52]
 [66]]",2,1,glioma,1,0.043009777863820396,0.8820081551869711,0.07498204708099365
2188,"[[77]
 [82]
 [48]
 [53]
 [49]
 [54]
 [52]
 [52]
 [66]]",2,1,glioma,1,0.05358070135116577,0.7086765964825948,0.2377427170674006
2189,"[[49]
 [48]
 [54]
 [53]
 [51]
 [52]]",3,0,meningioma,0,0.9552428722381592,0.04466701547304789,9.009772353844407e-05
2190,"[[77]
 [82]
 [48]
 [53]
 [49]
 [55]
 [57]
 [54]
 [66]]",4,1,glioma,1,0.04640828942259153,0.5328554709752401,0.42073626319567364
2191,"[[77]
 [82]
 [48]
 [53]
 [49]
 [55]
 [57]
 [54]
 [66]]",4,1,glioma,1,0.009097434269885222,0.978718896706899,0.012183635495603085
2192,"[[77]
 [82]
 [48]
 [53]
 [49]
 [55]
 [57]
 [54]
 [66]]",4,1,glioma,1,0.00938775467996796,0.9568153818448385,0.033796810855468117
2193,"[[77]
 [82]
 [48]
 [53]
 [49]
 [55]
 [57]
 [54]
 [66]]",4,1,glioma,1,0.006647053795556228,0.9852196375528971,0.008133347301433483
2194,"[[77]
 [82]
 [48]
 [53]
 [49]
 [55]
 [57]
 [54]
 [66]]",4,1,glioma,1,0.03694378770887852,0.8178951342900594,0.14516107738018036
2195,"[[77]
 [82]
 [48]
 [53]
 [50]
 [53]
 [53]
 [48]]",0,1,glioma,1,0.0024673325436500213,0.9973937273025513,0.0001389511665668882
2196,"[[77]
 [82]
 [48]
 [53]
 [50]
 [53]
 [53]
 [48]]",0,1,glioma,1,0.00799332062403361,0.9919598698616028,4.681523751060013e-05
2197,"[[77]
 [82]
 [48]
 [53]
 [50]
 [53]
 [53]
 [48]]",0,1,glioma,1,0.0010039245632166665,0.9989854494730631,1.0611942229843407e-05
2198,"[[77]
 [82]
 [48]
 [53]
 [50]
 [53]
 [53]
 [48]]",0,1,glioma,1,0.014460317169626554,0.9849980076154073,0.0005416624820403134
2199,"[[77]
 [82]
 [48]
 [53]
 [50]
 [53]
 [53]
 [48]]",0,1,glioma,1,0.009339569912602505,0.9878761967023214,0.0027841959963552654
2200,"[[49]
 [48]
 [54]
 [53]
 [51]
 [52]]",3,0,meningioma,0,0.8697503209114075,0.1299033984541893,0.0003462393554703643
2201,"[[77]
 [82]
 [48]
 [53]
 [50]
 [53]
 [53]
 [48]]",0,1,glioma,1,0.048028307035565376,0.9488289952278137,0.0031426656059920788
2202,"[[77]
 [82]
 [48]
 [53]
 [50]
 [53]
 [53]
 [48]]",0,1,glioma,1,0.07512449473142624,0.9232216080029806,0.001653908829515179
2203,"[[77]
 [82]
 [48]
 [53]
 [50]
 [53]
 [53]
 [48]]",0,1,glioma,1,0.02330501688023408,0.9703340729077657,0.006360921698311965
2204,"[[77]
 [82]
 [48]
 [53]
 [49]
 [54]
 [52]
 [52]
 [67]]",2,1,glioma,1,0.02032327527801196,0.9795714020729065,0.00010528957742887239
2205,"[[77]
 [82]
 [48]
 [53]
 [49]
 [54]
 [52]
 [52]
 [67]]",2,1,glioma,1,0.0032052209911247096,0.9966216286023458,0.0001731814700178802
2206,"[[77]
 [82]
 [48]
 [53]
 [49]
 [54]
 [52]
 [52]
 [67]]",2,1,glioma,1,0.10995259881019592,0.8245438933372498,0.06550348674257596
2207,"[[77]
 [82]
 [48]
 [53]
 [49]
 [54]
 [52]
 [52]
 [67]]",2,1,glioma,1,0.013059659861028194,0.979393204053243,0.007547144622852405
2208,"[[77]
 [82]
 [48]
 [53]
 [49]
 [54]
 [52]
 [52]
 [67]]",2,1,glioma,1,0.05963048338890076,0.8587889273961385,0.081580584247907
2209,"[[77]
 [82]
 [48]
 [53]
 [49]
 [54]
 [52]
 [52]
 [67]]",2,1,glioma,1,0.009313687837372223,0.988724927107493,0.0019614011980593204
2210,"[[77]
 [82]
 [48]
 [53]
 [49]
 [54]
 [52]
 [52]
 [67]]",2,1,glioma,1,0.0007040718725572029,0.9992949366569519,9.897952774432877e-07
2211,"[[49]
 [48]
 [54]
 [54]
 [54]
 [53]]",1,0,meningioma,0,0.5203114449977875,0.4794664680957794,0.00022205411854277676
2212,"[[77]
 [82]
 [48]
 [53]
 [49]
 [54]
 [52]
 [52]
 [67]]",2,1,glioma,1,0.004543179568524162,0.9954470793406168,9.738539877920024e-06
2213,"[[77]
 [82]
 [48]
 [53]
 [49]
 [54]
 [52]
 [52]
 [67]]",2,1,glioma,1,0.00567165498311321,0.99420166015625,0.00012670070039651668
2214,"[[77]
 [82]
 [48]
 [53]
 [49]
 [54]
 [52]
 [52]
 [67]]",2,1,glioma,1,0.019030726825197537,0.9797585606575012,0.0012107031070627272
2215,"[[77]
 [82]
 [48]
 [52]
 [57]
 [57]
 [52]
 [50]
 [66]]",3,1,glioma,1,0.025453439603249233,0.8705022136370341,0.10404436041911443
2216,"[[77]
 [82]
 [48]
 [52]
 [57]
 [57]
 [52]
 [50]
 [66]]",3,1,glioma,1,0.014638342273732027,0.5418110092480978,0.4435506761074066
2217,"[[77]
 [82]
 [48]
 [52]
 [57]
 [57]
 [52]
 [50]
 [66]]",3,1,glioma,1,0.0009844707480321329,0.9709424376487732,0.028073082988460858
2218,"[[77]
 [82]
 [48]
 [53]
 [50]
 [53]
 [56]
 [53]
 [66]]",1,1,glioma,1,0.012383970431983471,0.9864190816879272,0.0011969583574682474
2219,"[[77]
 [82]
 [48]
 [53]
 [50]
 [53]
 [56]
 [53]
 [66]]",1,1,glioma,1,0.15511975437402725,0.7446481784184774,0.10023206224044164
2220,"[[77]
 [82]
 [48]
 [53]
 [50]
 [53]
 [56]
 [53]
 [66]]",1,1,glioma,1,0.008706541421512762,0.9880711237589518,0.003222345064083735
2221,"[[77]
 [82]
 [48]
 [53]
 [51]
 [49]
 [49]
 [48]
 [66]]",3,1,glioma,1,0.011857103556394577,0.9818071126937866,0.006335781188681722
2222,"[[49]
 [48]
 [48]
 [51]
 [54]
 [48]]",2,0,meningioma,1,0.4369255503018697,0.5608714123566946,0.002203015067304174
2223,"[[49]
 [48]
 [50]
 [55]
 [49]
 [52]]",4,0,meningioma,0,0.9058785239855448,0.004707530839368701,0.08941397070884705
2224,"[[49]
 [48]
 [54]
 [54]
 [54]
 [53]]",1,0,meningioma,1,0.45524391531944275,0.5422259569168091,0.00253015651833266
2225,"[[77]
 [82]
 [48]
 [53]
 [51]
 [49]
 [49]
 [48]
 [66]]",3,1,glioma,1,0.020620690969129402,0.9771003127098083,0.002278998746381452
2226,"[[77]
 [82]
 [48]
 [53]
 [51]
 [49]
 [49]
 [48]
 [66]]",3,1,glioma,1,0.013342407221595446,0.9863098462422689,0.00034777220571413636
2227,"[[77]
 [82]
 [48]
 [53]
 [51]
 [49]
 [49]
 [48]
 [66]]",3,1,glioma,1,0.004305473606412609,0.9955232342084249,0.00017129747599634962
2228,"[[77]
 [82]
 [48]
 [53]
 [51]
 [49]
 [49]
 [48]
 [66]]",3,1,glioma,1,0.012563147271672884,0.986663023630778,0.000773858696144695
2229,"[[77]
 [82]
 [48]
 [53]
 [51]
 [49]
 [49]
 [48]
 [66]]",3,1,glioma,1,0.09957236548264821,0.9002308050791422,0.00019683486122327545
2230,"[[77]
 [82]
 [48]
 [51]
 [52]
 [54]
 [57]
 [52]]",2,1,glioma,1,0.010391115210950375,0.6024929682413737,0.3871158957481384
2231,"[[77]
 [82]
 [48]
 [51]
 [52]
 [54]
 [57]
 [52]]",2,1,glioma,1,0.0034742740293343863,0.6227549910545349,0.37377074360847473
2232,"[[77]
 [82]
 [48]
 [51]
 [52]
 [54]
 [57]
 [52]]",2,1,glioma,1,0.0026995783361295858,0.9922287464141846,0.005071692479153474
2233,"[[77]
 [82]
 [48]
 [51]
 [52]
 [54]
 [57]
 [52]]",2,1,glioma,1,0.007985627744346857,0.9850372473398844,0.0069771163786451025
2234,"[[77]
 [82]
 [48]
 [53]
 [52]
 [56]
 [55]
 [53]]",0,1,glioma,1,0.04651270185907682,0.8201724688212076,0.13331485042969385
2235,"[[49]
 [48]
 [54]
 [54]
 [54]
 [53]]",1,0,meningioma,1,0.21044911444187164,0.7696292797724406,0.01992160299172004
2236,"[[77]
 [82]
 [48]
 [53]
 [52]
 [56]
 [55]
 [53]]",0,1,glioma,1,0.08761029193798701,0.8446078499158224,0.06778184076150258
2237,"[[77]
 [82]
 [48]
 [53]
 [52]
 [56]
 [55]
 [53]]",0,1,glioma,1,0.04022987435261408,0.942537268002828,0.01723284088075161
2238,"[[77]
 [82]
 [48]
 [53]
 [52]
 [56]
 [55]
 [53]]",0,1,glioma,1,0.1643114760518074,0.7403448025385538,0.09534368912378947
2239,"[[77]
 [82]
 [48]
 [53]
 [52]
 [56]
 [55]
 [53]]",0,1,glioma,1,0.09944188594818115,0.695666233698527,0.2048918753862381
2240,"[[77]
 [82]
 [48]
 [53]
 [48]
 [54]
 [56]
 [55]
 [67]]",1,1,glioma,1,0.0028034222001830735,0.9971920450528463,4.540123427432263e-06
2241,"[[77]
 [82]
 [48]
 [53]
 [48]
 [54]
 [56]
 [55]
 [67]]",1,1,glioma,1,0.260907307267189,0.7390511433283488,4.152314492481916e-05
2242,"[[77]
 [82]
 [48]
 [53]
 [48]
 [54]
 [56]
 [55]
 [67]]",1,1,glioma,1,0.035228692616025604,0.9631966948509216,0.0015745903365314007
2243,"[[77]
 [82]
 [48]
 [53]
 [48]
 [54]
 [56]
 [55]
 [67]]",1,1,glioma,1,0.1702020764350891,0.8285889625549316,0.0012089762603864074
2244,"[[77]
 [82]
 [48]
 [53]
 [48]
 [54]
 [56]
 [55]
 [67]]",1,1,glioma,1,0.3646201491355896,0.6299453973770142,0.005434458299229543
2245,"[[77]
 [82]
 [48]
 [53]
 [48]
 [54]
 [56]
 [55]
 [67]]",1,1,glioma,1,0.0024156838189810514,0.9975043932596842,7.989714625485551e-05
2246,"[[49]
 [48]
 [54]
 [54]
 [54]
 [53]]",1,0,meningioma,0,0.9000190496444702,0.0995621457695961,0.0004188049739847581
2247,"[[77]
 [82]
 [48]
 [53]
 [54]
 [49]
 [52]
 [52]]",1,1,glioma,1,0.03904777144392332,0.9183558622996012,0.04259638488292694
2248,"[[77]
 [82]
 [48]
 [53]
 [54]
 [49]
 [52]
 [52]]",1,1,glioma,1,0.015132796640197435,0.9091264406840006,0.07574072852730751
2249,"[[77]
 [82]
 [48]
 [51]
 [52]
 [57]
 [57]
 [55]]",0,1,glioma,1,0.0842998002966245,0.915477474530538,0.00022272450830011317
2250,"[[77]
 [82]
 [48]
 [51]
 [52]
 [57]
 [57]
 [55]]",0,1,glioma,1,0.04058798278371493,0.95905868212382,0.0003533297131070867
2251,"[[77]
 [82]
 [48]
 [51]
 [52]
 [57]
 [57]
 [55]]",0,1,glioma,1,0.26069215933481854,0.7196109493573507,0.019696893791357677
2252,"[[77]
 [82]
 [48]
 [51]
 [52]
 [57]
 [57]
 [55]]",0,1,glioma,1,0.039593769858280815,0.9522150754928589,0.008191145801295837
2253,"[[77]
 [82]
 [48]
 [51]
 [52]
 [57]
 [57]
 [55]]",0,1,glioma,1,0.01747205574065447,0.9822942018508911,0.00023375123661632338
2254,"[[77]
 [82]
 [48]
 [51]
 [52]
 [57]
 [57]
 [55]]",0,1,glioma,1,0.011798583591977755,0.9880204200744629,0.00018095151608576998
2255,"[[77]
 [82]
 [48]
 [51]
 [52]
 [57]
 [57]
 [55]]",0,1,glioma,1,0.05660267795125643,0.911255399386088,0.03214188168446223
2256,"[[77]
 [82]
 [48]
 [50]
 [57]
 [50]
 [48]
 [57]
 [69]]",4,1,glioma,1,0.11731050908565521,0.8825584451357523,0.00013104792985056216
2257,"[[49]
 [48]
 [54]
 [54]
 [54]
 [53]]",1,0,meningioma,0,0.696446418762207,0.25639380514621735,0.04715976305305958
2258,"[[53]
 [51]
 [54]
 [54]
 [57]]",2,0,meningioma,0,0.99248073498408,0.0037566060976435742,0.0037626320651421943
2259,"[[77]
 [82]
 [48]
 [51]
 [51]
 [51]
 [56]
 [57]
 [66]]",3,1,glioma,1,0.07822176565726598,0.9167265097300211,0.00505170466688772
2260,"[[77]
 [82]
 [48]
 [51]
 [51]
 [51]
 [56]
 [57]
 [66]]",3,1,glioma,1,0.007434338641663392,0.9923057556152344,0.000259954045759514
2261,"[[77]
 [82]
 [48]
 [51]
 [51]
 [51]
 [56]
 [57]
 [66]]",3,1,glioma,1,0.017238973329464596,0.9789419571558634,0.003819046619658669
2262,"[[77]
 [82]
 [48]
 [51]
 [51]
 [51]
 [56]
 [57]
 [66]]",3,1,glioma,1,0.05028107389807701,0.9442940950393677,0.005424802269165714
2263,"[[77]
 [82]
 [48]
 [51]
 [51]
 [51]
 [56]
 [57]
 [66]]",3,1,glioma,1,0.010694578910867373,0.9775094191233317,0.011795999637494484
2264,"[[77]
 [82]
 [48]
 [51]
 [51]
 [51]
 [56]
 [57]
 [66]]",3,1,glioma,1,0.019994322831432026,0.5670946637789408,0.41291095813115436
2265,"[[77]
 [82]
 [48]
 [51]
 [51]
 [51]
 [56]
 [57]
 [66]]",3,1,glioma,1,0.009509211871773005,0.9725382328033447,0.017952564793328445
2266,"[[77]
 [82]
 [48]
 [51]
 [51]
 [51]
 [56]
 [57]
 [66]]",3,1,glioma,1,0.02131168668468793,0.9638471802075704,0.014841108893354734
2267,"[[77]
 [82]
 [48]
 [50]
 [52]
 [55]
 [56]
 [48]
 [69]]",1,1,glioma,1,0.011896202340722084,0.986520787080129,0.0015829981615146
2268,"[[49]
 [48]
 [54]
 [55]
 [50]
 [48]]",4,0,meningioma,1,0.3607772688070933,0.457054336865743,0.18216839929421744
2269,"[[77]
 [82]
 [48]
 [50]
 [52]
 [55]
 [56]
 [48]
 [69]]",1,1,glioma,1,0.001121792282598714,0.9988585114479065,1.9686098615541898e-05
2270,"[[77]
 [82]
 [48]
 [50]
 [52]
 [55]
 [56]
 [48]
 [69]]",1,1,glioma,1,0.0016859968891367316,0.99824591477712,6.809350937449683e-05
2271,"[[77]
 [82]
 [48]
 [52]
 [48]
 [50]
 [52]
 [48]
 [67]]",4,1,glioma,1,0.11236222833395004,0.8865828116734823,0.001054946119741847
2272,"[[77]
 [82]
 [48]
 [52]
 [48]
 [50]
 [52]
 [48]
 [67]]",4,1,glioma,1,0.09824062635501225,0.9011194705963135,0.0006398585392162204
2273,"[[77]
 [82]
 [48]
 [52]
 [48]
 [50]
 [52]
 [48]
 [67]]",4,1,glioma,1,0.02381731942296028,0.976114014784495,6.865740457821327e-05
2274,"[[77]
 [82]
 [48]
 [52]
 [48]
 [50]
 [52]
 [48]
 [67]]",4,1,glioma,1,0.10746062298615773,0.8916923602422079,0.0008469917132363965
2275,"[[77]
 [82]
 [48]
 [52]
 [48]
 [50]
 [52]
 [48]
 [67]]",4,1,glioma,1,0.05734930063287417,0.9421712358792623,0.0004794977721758187
2276,"[[77]
 [82]
 [48]
 [52]
 [48]
 [50]
 [52]
 [48]
 [68]]",4,1,glioma,1,0.007668196844557921,0.8431235750516256,0.14920820792516074
2277,"[[77]
 [82]
 [48]
 [52]
 [48]
 [50]
 [52]
 [48]
 [68]]",4,1,glioma,1,0.009283733709404865,0.9001104434331259,0.09060576806465785
2278,"[[77]
 [82]
 [48]
 [49]
 [55]
 [50]
 [54]
 [48]
 [70]]",1,1,glioma,1,0.09976233045260112,0.8996312419573466,0.0006064676369229952
2279,"[[49]
 [48]
 [54]
 [55]
 [50]
 [48]]",4,0,meningioma,1,0.41393715143203735,0.5751784145832062,0.0108844805508852
2280,"[[77]
 [82]
 [48]
 [49]
 [55]
 [50]
 [54]
 [48]
 [70]]",1,1,glioma,1,0.10301587233940761,0.8969531456629435,3.1019372878896924e-05
2281,"[[77]
 [82]
 [48]
 [49]
 [55]
 [50]
 [54]
 [48]
 [70]]",1,1,glioma,1,0.06878997758030891,0.9279178380966187,0.003292186496158441
2282,"[[77]
 [82]
 [48]
 [49]
 [55]
 [50]
 [54]
 [48]
 [70]]",1,1,glioma,1,0.011557093821465969,0.988394538561503,4.834782400090868e-05
2283,"[[77]
 [82]
 [48]
 [49]
 [55]
 [50]
 [54]
 [48]
 [70]]",1,1,glioma,1,0.00222231758137544,0.9977453351020813,3.2333992445880234e-05
2284,"[[77]
 [82]
 [48]
 [49]
 [55]
 [50]
 [54]
 [48]
 [70]]",1,1,glioma,1,0.019076560003062088,0.9803915222485861,0.0005319250049069524
2285,"[[77]
 [82]
 [48]
 [49]
 [55]
 [50]
 [54]
 [48]
 [70]]",1,1,glioma,1,0.02353888905296723,0.9657953182856241,0.010665800422430038
2286,"[[77]
 [82]
 [48]
 [50]
 [57]
 [50]
 [48]
 [57]
 [73]]",4,1,glioma,1,0.026298633466164272,0.9735379815101624,0.0001634125995527332
2287,"[[77]
 [82]
 [48]
 [50]
 [57]
 [50]
 [48]
 [57]
 [73]]",4,1,glioma,1,0.022625669836997986,0.9771469434102377,0.00022741283949775
2288,"[[77]
 [82]
 [48]
 [50]
 [57]
 [50]
 [48]
 [57]
 [73]]",4,1,glioma,1,0.018287255118290584,0.9807103872299194,0.0010023748715563368
2289,"[[77]
 [82]
 [48]
 [50]
 [57]
 [50]
 [48]
 [57]
 [73]]",4,1,glioma,1,0.24202710390090942,0.7493359247843424,0.008636954395721355
2290,"[[49]
 [48]
 [54]
 [55]
 [50]
 [48]]",4,0,meningioma,1,0.4187762836615245,0.5667174458503723,0.014506262727081776
2291,"[[77]
 [82]
 [48]
 [50]
 [57]
 [50]
 [48]
 [57]
 [73]]",4,1,glioma,1,0.07863531758387883,0.9161919951438904,0.005172687194620569
2292,"[[77]
 [82]
 [48]
 [50]
 [57]
 [50]
 [48]
 [57]
 [73]]",4,1,glioma,1,0.006490945195158322,0.9934403300285339,6.872193625895306e-05
2293,"[[77]
 [82]
 [48]
 [50]
 [57]
 [50]
 [48]
 [57]
 [73]]",4,1,glioma,1,0.05781122917930285,0.9393547375996908,0.0028340195616086326
2294,"[[57]
 [53]
 [57]
 [54]
 [57]]",2,0,meningioma,1,0.1798137972752253,0.8194449742635092,0.0007412307119617859
2295,"[[56]
 [56]
 [53]
 [49]
 [48]]",1,0,meningioma,0,0.7092576622962952,0.12691200027863184,0.1638303572932879
2296,"[[49]
 [48]
 [54]
 [55]
 [50]
 [48]]",4,0,meningioma,0,0.7862500548362732,0.18651231129964194,0.02723760778705279
2297,"[[49]
 [48]
 [54]
 [55]
 [50]
 [48]]",4,0,meningioma,0,0.9282070795694987,0.07094672818978627,0.0008461444910305241
2298,"[[49]
 [48]
 [54]
 [55]
 [50]
 [48]]",4,0,meningioma,0,0.8140715559323629,0.18486316750446954,0.0010652629425749183
2299,"[[49]
 [48]
 [50]
 [55]
 [49]
 [52]]",4,0,meningioma,0,0.9659590721130371,0.00580588278050224,0.02823503439625104
2300,"[[49]
 [48]
 [54]
 [55]
 [50]
 [48]]",4,0,meningioma,1,0.04665761689345042,0.9512630303700765,0.0020793533961599073
2301,"[[49]
 [48]
 [54]
 [57]
 [49]
 [52]]",3,0,meningioma,0,0.8339030742645264,0.1649672339359919,0.0011296972904043894
2302,"[[49]
 [48]
 [54]
 [57]
 [49]
 [52]]",3,0,meningioma,0,0.9864458044370016,0.013184344706435999,0.0003698770597111434
2303,"[[49]
 [48]
 [54]
 [57]
 [49]
 [52]]",3,0,meningioma,0,0.9207380016644796,0.07888885711630185,0.0003731638183429216
2304,"[[49]
 [48]
 [54]
 [57]
 [49]
 [52]]",3,0,meningioma,0,0.9924729069073995,0.007191404855499665,0.0003357272653374821
2305,"[[49]
 [48]
 [55]
 [49]
 [57]
 [48]]",2,0,meningioma,0,0.7201279799143473,0.2664849211772283,0.013387078419327736
2306,"[[49]
 [48]
 [55]
 [50]
 [52]
 [56]]",4,0,meningioma,2,0.21466617782910666,0.1004654789964358,0.6848683555920919
2307,"[[49]
 [48]
 [55]
 [50]
 [52]
 [56]]",4,0,meningioma,0,0.8310432434082031,0.1628937025864919,0.0060630614558855695
2308,"[[49]
 [48]
 [55]
 [50]
 [52]
 [56]]",4,0,meningioma,0,0.7265956799189249,0.2649400780598323,0.008464236743748188
2309,"[[49]
 [48]
 [55]
 [50]
 [52]
 [56]]",4,0,meningioma,0,0.6139156222343445,0.3283826808134715,0.057701706886291504
2310,"[[49]
 [48]
 [50]
 [57]
 [50]
 [57]]",0,0,meningioma,0,0.6807202895482382,0.27772549788157147,0.041554185251394905
2311,"[[49]
 [48]
 [55]
 [52]
 [57]
 [52]]",1,0,meningioma,0,0.8053686618804932,0.19430608550707498,0.00032524840692834306
2312,"[[49]
 [48]
 [55]
 [52]
 [57]
 [52]]",1,0,meningioma,0,0.5833409825960795,0.4138772785663605,0.0027817375181863704
2313,"[[49]
 [48]
 [55]
 [52]
 [57]
 [52]]",1,0,meningioma,0,0.8258261879285177,0.1548790360490481,0.019294794648885727
2314,"[[49]
 [48]
 [55]
 [52]
 [57]
 [52]]",1,0,meningioma,0,0.9327979882558187,0.03162849942843119,0.03557350983222326
2315,"[[49]
 [48]
 [55]
 [52]
 [57]
 [52]]",1,0,meningioma,0,0.7293287316958109,0.18712457021077475,0.08354671423633893
2316,"[[49]
 [48]
 [55]
 [52]
 [57]
 [52]]",1,0,meningioma,0,0.8057891726493835,0.14697266618410745,0.04723817358414332
2317,"[[49]
 [48]
 [56]
 [53]
 [49]
 [52]]",2,0,meningioma,1,0.103558249771595,0.8960019946098328,0.0004397341205428044
2318,"[[49]
 [48]
 [56]
 [53]
 [49]
 [52]]",2,0,meningioma,0,0.7733742992083231,0.22635039190451303,0.0002753072913037613
2319,"[[49]
 [48]
 [56]
 [53]
 [49]
 [52]]",2,0,meningioma,1,0.44838571548461914,0.5494800607363383,0.002134209033101797
2320,"[[49]
 [48]
 [56]
 [53]
 [49]
 [52]]",2,0,meningioma,0,0.9240214427312216,0.07593726366758347,4.127767048582124e-05
2321,"[[49]
 [48]
 [50]
 [57]
 [50]
 [57]]",0,0,meningioma,1,0.42390599846839905,0.5341298381487528,0.041964174558719
2322,"[[49]
 [48]
 [56]
 [53]
 [49]
 [52]]",2,0,meningioma,0,0.9154204924901327,0.083539134512345,0.001040375151205808
2323,"[[49]
 [48]
 [56]
 [53]
 [49]
 [52]]",2,0,meningioma,0,0.9305131634076437,0.06914190699656804,0.00034493562998250127
2324,"[[49]
 [48]
 [56]
 [53]
 [53]
 [48]]",0,0,meningioma,0,0.8053334752718607,0.15209422260522842,0.04257232882082462
2325,"[[49]
 [48]
 [56]
 [53]
 [53]
 [48]]",0,0,meningioma,0,0.8842618465423584,0.1122506136695544,0.0034875122364610434
2326,"[[49]
 [48]
 [56]
 [53]
 [57]
 [48]]",1,0,meningioma,0,0.7587251861890157,0.23923867444197336,0.002036173827946186
2327,"[[49]
 [48]
 [56]
 [53]
 [57]
 [48]]",1,0,meningioma,0,0.8279529412587484,0.07887973884741466,0.09316731989383698
2328,"[[49]
 [48]
 [56]
 [57]
 [52]
 [53]]",3,0,meningioma,0,0.8287065823872884,0.14615375796953836,0.025139633876581986
2329,"[[49]
 [48]
 [56]
 [57]
 [52]
 [53]]",3,0,meningioma,0,0.9245797793070475,0.0651091846326987,0.010311060895522436
2330,"[[49]
 [48]
 [56]
 [57]
 [52]
 [53]]",3,0,meningioma,1,0.48075027267138165,0.5180052916208903,0.0012444379196191828
2331,"[[49]
 [48]
 [56]
 [57]
 [52]
 [53]]",3,0,meningioma,0,0.6171699166297913,0.38116761048634845,0.001662438812976082
2332,"[[49]
 [48]
 [50]
 [57]
 [51]
 [53]]",0,0,meningioma,1,0.4601474205652873,0.4746538996696472,0.06519866486390431
2333,"[[49]
 [48]
 [57]
 [52]
 [49]
 [49]]",2,0,meningioma,0,0.9783645669619242,0.02119564451277256,0.00043974901200272143
2334,"[[49]
 [48]
 [57]
 [57]
 [54]
 [56]]",2,0,meningioma,0,0.8081725239753723,0.1916111707687378,0.00021628584120965874
2335,"[[49]
 [48]
 [57]
 [57]
 [54]
 [56]]",2,0,meningioma,0,0.8289161523183187,0.17065255840619406,0.0004313415944731484
2336,"[[49]
 [48]
 [57]
 [57]
 [54]
 [56]]",2,0,meningioma,0,0.7724189758300781,0.226753239830335,0.0008278111539160212
2337,"[[49]
 [48]
 [57]
 [57]
 [54]
 [56]]",2,0,meningioma,0,0.8693536122639974,0.12837564200162888,0.0022707596654072404
2338,"[[49]
 [49]
 [48]
 [49]
 [49]
 [54]]",2,0,meningioma,2,0.48648297786712646,0.0249309695015351,0.48858607808748883
2339,"[[49]
 [49]
 [48]
 [49]
 [49]
 [54]]",2,0,meningioma,2,0.12952481458584467,0.01461531842748324,0.8558598359425863
2340,"[[49]
 [49]
 [48]
 [49]
 [49]
 [54]]",2,0,meningioma,2,0.1624104380607605,0.03407687693834305,0.8035126725832621
2341,"[[49]
 [49]
 [48]
 [49]
 [49]
 [54]]",2,0,meningioma,2,0.34619608521461487,0.15357357263565063,0.5002303620179495
2342,"[[49]
 [49]
 [49]
 [48]
 [55]
 [55]]",3,0,meningioma,0,0.9082551002502441,0.08671360835433006,0.0050312839448452
2343,"[[49]
 [48]
 [50]
 [57]
 [56]
 [53]]",3,0,meningioma,0,0.9022193948427836,0.07447297498583794,0.023307622720797855
2344,"[[49]
 [49]
 [49]
 [48]
 [55]
 [55]]",3,0,meningioma,1,0.2519114911556244,0.74577663342158,0.0023118775182714066
2345,"[[49]
 [49]
 [49]
 [48]
 [55]
 [55]]",3,0,meningioma,0,0.9332894484202067,0.065679336587588,0.0010312731610611081
2346,"[[49]
 [49]
 [49]
 [48]
 [55]
 [55]]",3,0,meningioma,0,0.8514145811398824,0.14471409221490225,0.00387130545762678
2347,"[[49]
 [49]
 [49]
 [51]
 [54]
 [54]]",0,0,meningioma,0,0.8603764971097311,0.1325179065267245,0.007105569588020444
2348,"[[49]
 [49]
 [49]
 [51]
 [54]
 [54]]",0,0,meningioma,0,0.8802568912506104,0.11589031169811885,0.0038527920842170715
2349,"[[49]
 [49]
 [49]
 [51]
 [54]
 [54]]",0,0,meningioma,2,0.36987823247909546,0.0808105506002903,0.5493112405141195
2350,"[[49]
 [49]
 [49]
 [51]
 [54]
 [54]]",0,0,meningioma,0,0.46571386853853863,0.32181793451309204,0.21246821184953055
2351,"[[49]
 [49]
 [49]
 [53]
 [51]
 [50]]",4,0,meningioma,1,0.3026219606399536,0.6957320769627889,0.001645949591572086
2352,"[[49]
 [49]
 [49]
 [53]
 [51]
 [50]]",4,0,meningioma,0,0.6949726740519205,0.29291094839572906,0.012116383761167526
2353,"[[49]
 [49]
 [49]
 [53]
 [51]
 [50]]",4,0,meningioma,1,0.1379357228676478,0.8448288838068644,0.01723537438859542
2354,"[[49]
 [48]
 [51]
 [54]
 [55]
 [51]]",0,0,meningioma,2,0.0009825463445546727,0.001114321571852391,0.9979031085968018
2355,"[[49]
 [49]
 [49]
 [53]
 [51]
 [50]]",4,0,meningioma,1,0.4728665351867676,0.5231337944666544,0.003999674770360191
2356,"[[49]
 [49]
 [49]
 [53]
 [51]
 [50]]",4,0,meningioma,0,0.8462675412495931,0.04376433044672012,0.10996812582015991
2357,"[[49]
 [49]
 [50]
 [48]
 [48]
 [50]]",3,0,meningioma,1,0.26466653247674304,0.7265461881955465,0.00878726706529657
2358,"[[49]
 [49]
 [50]
 [48]
 [48]
 [50]]",3,0,meningioma,1,0.32694141070048016,0.6449037790298462,0.028154806544383366
2359,"[[49]
 [49]
 [50]
 [48]
 [48]
 [50]]",3,0,meningioma,0,0.621139774719874,0.3626394073168437,0.016220839383701485
2360,"[[49]
 [49]
 [50]
 [48]
 [48]
 [50]]",3,0,meningioma,1,0.17085835337638855,0.8060506184895834,0.023090995537738006
2361,"[[49]
 [49]
 [50]
 [48]
 [54]
 [50]]",4,0,meningioma,0,0.9068590998649597,0.09270477791627248,0.0004361688916105777
2362,"[[49]
 [49]
 [50]
 [48]
 [54]
 [50]]",4,0,meningioma,0,0.9035216768582662,0.09634124487638474,0.00013704898689563075
2363,"[[49]
 [49]
 [50]
 [48]
 [54]
 [50]]",4,0,meningioma,0,0.790675163269043,0.20891834298769632,0.0004065240112443765
2364,"[[49]
 [49]
 [50]
 [48]
 [54]
 [50]]",4,0,meningioma,0,0.7327673037846884,0.2633206943670909,0.00391204422339797
2365,"[[49]
 [48]
 [51]
 [54]
 [55]
 [51]]",0,0,meningioma,2,0.0029982142926504216,0.012536253469685713,0.9844655593236288
2366,"[[49]
 [49]
 [50]
 [50]
 [53]
 [50]]",4,0,meningioma,0,0.8116467992464701,0.02245740344127019,0.16589579482873282
2367,"[[49]
 [49]
 [50]
 [50]
 [53]
 [50]]",4,0,meningioma,0,0.8662268122037252,0.0803088794151942,0.053464317694306374
2368,"[[49]
 [49]
 [50]
 [53]
 [53]
 [50]]",4,0,meningioma,0,0.7002179423967997,0.28097959359486896,0.018802455936868984
2369,"[[49]
 [49]
 [50]
 [53]
 [53]
 [50]]",4,0,meningioma,0,0.5655132730801901,0.4325084984302521,0.001978249327900509
2370,"[[49]
 [49]
 [50]
 [53]
 [53]
 [50]]",4,0,meningioma,0,0.7104026873906454,0.2714254359404246,0.01817185307542483
2371,"[[49]
 [49]
 [50]
 [53]
 [53]
 [50]]",4,0,meningioma,0,0.4624834855397542,0.41487176219622296,0.12264474978049596
2372,"[[49]
 [49]
 [50]
 [53]
 [53]
 [50]]",4,0,meningioma,1,0.39654837052027386,0.5678796172142029,0.03557203461726507
2373,"[[49]
 [49]
 [50]
 [53]
 [53]
 [50]]",4,0,meningioma,0,0.6004397869110107,0.36014748613039654,0.03941273440917333
2374,"[[49]
 [49]
 [50]
 [53]
 [53]
 [50]]",4,0,meningioma,0,0.7576714754104614,0.21066306034723917,0.031665446857611336
2375,"[[49]
 [49]
 [50]
 [54]
 [52]
 [56]]",0,0,meningioma,0,0.9098219474156698,0.08699754998087883,0.003180501516908407
2376,"[[49]
 [48]
 [51]
 [54]
 [55]
 [51]]",0,0,meningioma,2,0.004437869725128015,0.009870254434645176,0.9856918454170227
2377,"[[49]
 [49]
 [50]
 [54]
 [52]
 [56]]",0,0,meningioma,0,0.9781497518221537,0.021134561859071255,0.0007156616969344517
2378,"[[49]
 [49]
 [50]
 [54]
 [52]
 [56]]",0,0,meningioma,0,0.7867847681045532,0.07182338088750839,0.14139184604088464
2379,"[[49]
 [49]
 [51]
 [52]
 [51]
 [53]]",1,0,meningioma,0,0.5136732459068298,0.48544735709826153,0.0008794165138776103
2380,"[[49]
 [49]
 [51]
 [52]
 [51]
 [53]]",1,0,meningioma,0,0.9601525465647379,0.038253478705883026,0.0015939767084394891
2381,"[[49]
 [49]
 [51]
 [52]
 [51]
 [53]]",1,0,meningioma,0,0.8770371278127035,0.12210420270760854,0.0008586745437545081
2382,"[[49]
 [49]
 [51]
 [52]
 [51]
 [53]]",1,0,meningioma,0,0.6359846393267313,0.3631049692630768,0.0009104096097871661
2383,"[[49]
 [49]
 [51]
 [52]
 [51]
 [53]]",1,0,meningioma,0,0.8647343913714091,0.13267679512500763,0.0025888034530604878
2384,"[[49]
 [49]
 [51]
 [52]
 [51]
 [53]]",1,0,meningioma,0,0.8681012193361918,0.11000772068897884,0.02189106245835622
2385,"[[49]
 [49]
 [51]
 [52]
 [51]
 [53]]",1,0,meningioma,0,0.8365557789802551,0.1621807093421618,0.0012635054299607873
2386,"[[49]
 [49]
 [51]
 [52]
 [51]
 [53]]",1,0,meningioma,0,0.9893589814503988,0.010509274434298277,0.000131781312423603
2387,"[[49]
 [48]
 [51]
 [54]
 [55]
 [51]]",0,0,meningioma,2,0.0031590734918912253,0.004472832738732298,0.9923681219418844
2388,"[[49]
 [49]
 [51]
 [53]
 [53]
 [52]]",0,0,meningioma,0,0.6487505634625753,0.32420364022254944,0.027045782034595806
2389,"[[49]
 [49]
 [51]
 [53]
 [53]
 [52]]",0,0,meningioma,0,0.8950059413909912,0.09196432928244273,0.013029708216587702
2390,"[[49]
 [49]
 [51]
 [53]
 [53]
 [52]]",0,0,meningioma,0,0.9282459815343221,0.06831178689996402,0.0034421967963377633
2391,"[[49]
 [49]
 [51]
 [56]
 [48]
 [53]]",3,0,meningioma,0,0.8670188387235006,0.1304540534814199,0.002527078613638878
2392,"[[49]
 [49]
 [51]
 [56]
 [48]
 [53]]",3,0,meningioma,0,0.7507672707239786,0.23427647352218628,0.01495620763550202
2393,"[[49]
 [49]
 [52]
 [48]
 [49]
 [56]]",0,0,meningioma,2,0.054223561038573585,0.09492070227861404,0.8508557081222534
2394,"[[49]
 [49]
 [52]
 [48]
 [49]
 [56]]",0,0,meningioma,0,0.6553329030672709,0.06355086093147595,0.2811162124077479
2395,"[[49]
 [49]
 [52]
 [48]
 [49]
 [56]]",0,0,meningioma,2,0.16961483160654703,0.0040699910605326295,0.82631516456604
2396,"[[49]
 [49]
 [52]
 [48]
 [49]
 [56]]",0,0,meningioma,0,0.6595412492752075,0.30502713720003766,0.035431631530324616
2397,"[[49]
 [49]
 [52]
 [51]
 [53]
 [57]]",3,0,meningioma,1,0.02458729346593221,0.9754018386205038,1.0890478506553336e-05
2398,"[[49]
 [48]
 [48]
 [51]
 [54]
 [48]]",2,0,meningioma,1,0.30202632149060565,0.6914377808570862,0.006535879336297512
2399,"[[49]
 [48]
 [51]
 [54]
 [55]
 [51]]",0,0,meningioma,2,0.00618155983587106,0.005152751536418994,0.9886656999588013
2400,"[[49]
 [49]
 [52]
 [51]
 [53]
 [57]]",3,0,meningioma,1,0.488619198401769,0.4991125464439392,0.012268292407194773
2401,"[[49]
 [49]
 [52]
 [51]
 [53]
 [57]]",3,0,meningioma,0,0.9344843427340189,0.05172776368757089,0.01378788116077582
2402,"[[49]
 [49]
 [52]
 [51]
 [53]
 [57]]",3,0,meningioma,0,0.8852539459864298,0.11102546254793803,0.003720605901132027
2403,"[[49]
 [49]
 [52]
 [51]
 [53]
 [57]]",3,0,meningioma,1,0.16766012708346048,0.8301806847254435,0.0021591477561742067
2404,"[[49]
 [49]
 [52]
 [51]
 [53]
 [57]]",3,0,meningioma,0,0.758004367351532,0.23830712338288626,0.003688494209200144
2405,"[[57]
 [55]
 [54]
 [48]
 [55]]",2,0,meningioma,0,0.9959947864214579,0.003641568978006641,0.00036363601005480933
2406,"[[57]
 [55]
 [54]
 [48]
 [55]]",2,0,meningioma,0,0.9779511292775472,0.021460811297098797,0.000588021862010161
2407,"[[57]
 [55]
 [54]
 [48]
 [55]]",2,0,meningioma,0,0.9554800987243652,0.04450709745287895,1.284098925680155e-05
2408,"[[57]
 [55]
 [55]
 [51]
 [55]]",1,0,meningioma,0,0.9163820544878641,0.0822755644718806,0.001342366177899142
2409,"[[57]
 [55]
 [55]
 [51]
 [55]]",1,0,meningioma,0,0.996028204758962,0.0037868484699477753,0.00018493988318368793
2410,"[[49]
 [48]
 [51]
 [54]
 [55]
 [51]]",0,0,meningioma,2,0.01345527172088623,0.034029013166824974,0.9525157809257507
2411,"[[57]
 [55]
 [55]
 [51]
 [55]]",1,0,meningioma,0,0.9978964527448019,0.0015911514055915177,0.0005123779216470817
2412,"[[57]
 [55]
 [55]
 [51]
 [55]]",1,0,meningioma,0,0.9741063912709554,0.022030227196713287,0.003863374935463071
2413,"[[57]
 [55]
 [55]
 [51]
 [55]]",1,0,meningioma,0,0.9852246840794882,0.014634553032616774,0.00014078873937251046
2414,"[[57]
 [55]
 [55]
 [51]
 [55]]",1,0,meningioma,0,0.9932036598523458,0.006669130641967058,0.000127253760486686
2415,"[[57]
 [55]
 [56]
 [55]
 [53]]",3,0,meningioma,0,0.9253732363382975,0.0027745239979897938,0.07185222581028938
2416,"[[57]
 [55]
 [56]
 [55]
 [53]]",3,0,meningioma,0,0.7489932974179586,0.0024429922147343555,0.24856374661127725
2417,"[[57]
 [55]
 [56]
 [55]
 [53]]",3,0,meningioma,0,0.9639479716618856,0.0071701618532339735,0.028881870210170746
2418,"[[57]
 [55]
 [56]
 [55]
 [53]]",3,0,meningioma,0,0.9550982515017191,0.03563962131738663,0.009262146893888712
2419,"[[57]
 [55]
 [57]
 [52]
 [51]]",1,0,meningioma,0,0.9552910725275675,0.04106817518671354,0.003640748249987761
2420,"[[57]
 [55]
 [57]
 [52]
 [51]]",1,0,meningioma,0,0.9748943448066711,0.024045737460255623,0.0010598943141909938
2421,"[[49]
 [48]
 [51]
 [57]
 [50]
 [53]]",1,0,meningioma,1,0.36510547002156574,0.5986407796541849,0.03625373293956121
2422,"[[57]
 [55]
 [57]
 [52]
 [51]]",1,0,meningioma,0,0.9986651341120402,0.0012422921912123759,9.258016507374123e-05
2423,"[[57]
 [55]
 [57]
 [52]
 [51]]",1,0,meningioma,0,0.9044690728187561,0.09545353055000305,7.740927200453977e-05
2424,"[[57]
 [55]
 [57]
 [52]
 [51]]",1,0,meningioma,0,0.5554855465888977,0.4444851179917653,2.9330588707428735e-05
2425,"[[57]
 [56]
 [50]
 [52]
 [49]]",1,0,meningioma,2,0.3858849108219147,0.020518141177793343,0.5935969551404318
2426,"[[57]
 [56]
 [50]
 [52]
 [49]]",1,0,meningioma,0,0.9610401391983032,0.01466111404200395,0.024298707644144695
2427,"[[57]
 [56]
 [50]
 [52]
 [49]]",1,0,meningioma,0,0.8144207795461019,0.14038695891698202,0.04519224539399147
2428,"[[57]
 [56]
 [50]
 [52]
 [49]]",1,0,meningioma,0,0.9475036859512329,0.050557070722182594,0.001939274564695855
2429,"[[57]
 [56]
 [50]
 [52]
 [49]]",1,0,meningioma,0,0.9934017260869344,0.004667759329701464,0.0019305028254166245
2430,"[[57]
 [56]
 [50]
 [52]
 [49]]",1,0,meningioma,0,0.9479087789853414,0.05074526245395342,0.0013459176601221163
2431,"[[57]
 [56]
 [50]
 [52]
 [49]]",1,0,meningioma,0,0.8613267938296,0.13774321724971136,0.000930000290585061
2432,"[[49]
 [48]
 [51]
 [57]
 [50]
 [53]]",1,0,meningioma,2,0.026347325493892033,0.00517894762257735,0.9684737126032511
2433,"[[57]
 [57]
 [48]
 [49]
 [55]]",0,0,meningioma,0,0.749494751294454,0.18828905622164407,0.06221617013216019
2434,"[[57]
 [57]
 [48]
 [49]
 [55]]",0,0,meningioma,0,0.9119092226028442,0.05524626622597376,0.03284445218741894
2435,"[[57]
 [57]
 [48]
 [56]
 [57]]",0,0,meningioma,0,0.6250544786453247,0.2984303782383601,0.07651514932513237
2436,"[[57]
 [57]
 [48]
 [56]
 [57]]",0,0,meningioma,0,0.5704152385393778,0.38210295637448627,0.04748181253671646
2437,"[[57]
 [57]
 [48]
 [56]
 [57]]",0,0,meningioma,1,0.49139978488286334,0.5052807033061981,0.0033195484429597855
2438,"[[57]
 [57]
 [48]
 [56]
 [57]]",0,0,meningioma,0,0.7106956839561462,0.2757031222184499,0.013601210589210192
2439,"[[57]
 [57]
 [48]
 [56]
 [57]]",0,0,meningioma,0,0.8111383517583212,0.1581768070658048,0.03068482254942258
2440,"[[57]
 [57]
 [50]
 [56]
 [56]]",1,0,meningioma,0,0.9792677362759908,0.018166897197564442,0.002565328652660052
2441,"[[57]
 [57]
 [51]
 [48]
 [56]]",3,0,meningioma,1,0.07851931949456532,0.921311616897583,0.00016907818644540384
2442,"[[57]
 [57]
 [51]
 [48]
 [56]]",3,0,meningioma,0,0.8359406789143881,0.16257918874422708,0.0014801477470124762
2443,"[[49]
 [48]
 [51]
 [57]
 [50]
 [53]]",1,0,meningioma,2,0.22327221433321634,0.025368771826227505,0.7513590057690939
2444,"[[57]
 [57]
 [51]
 [48]
 [56]]",3,0,meningioma,0,0.5445001423358917,0.4548356533050537,0.0006642456282861531
2445,"[[57]
 [57]
 [51]
 [48]
 [56]]",3,0,meningioma,1,0.427254060904185,0.570005198319753,0.0027407776409139237
2446,"[[49]
 [48]
 [48]
 [51]
 [54]
 [48]]",2,0,meningioma,1,0.2516280561685562,0.7481053471565247,0.00026658216180900734
2447,"[[49]
 [48]
 [48]
 [51]
 [54]
 [48]]",2,0,meningioma,0,0.5238925913969675,0.4682651956876119,0.007842183268318573
2448,"[[49]
 [48]
 [48]
 [51]
 [54]
 [48]]",2,0,meningioma,1,0.1100247452656428,0.8896897236506144,0.00028550688390775275
2449,"[[49]
 [48]
 [48]
 [51]
 [54]
 [48]]",2,0,meningioma,1,0.3010115325450897,0.6985131104787191,0.00047538574047697085
2450,"[[49]
 [48]
 [48]
 [51]
 [54]
 [48]]",2,0,meningioma,1,0.13188848147789636,0.8674264748891195,0.0006850658101029694
2451,"[[49]
 [48]
 [48]
 [51]
 [54]
 [48]]",2,0,meningioma,1,0.04534156868855158,0.9541625579198202,0.0004958369148274263
2452,"[[49]
 [48]
 [48]
 [53]
 [55]
 [50]]",4,0,meningioma,0,0.5155190328756968,0.014258896311124166,0.4702220559120178
2453,"[[49]
 [48]
 [48]
 [53]
 [55]
 [50]]",4,0,meningioma,2,0.41271619002024335,0.10663432627916336,0.48064948121706647
2454,"[[49]
 [48]
 [52]
 [49]
 [54]
 [55]]",4,0,meningioma,1,0.4898622731367747,0.5088396668434143,0.0012980414321646094
2455,"[[49]
 [48]
 [48]
 [54]
 [51]
 [57]]",0,0,meningioma,0,0.7458675901095072,0.248931422829628,0.005200990320493777
2456,"[[49]
 [48]
 [48]
 [54]
 [51]
 [57]]",0,0,meningioma,0,0.9524224201838175,0.027438278310000896,0.020139307714998722
2457,"[[49]
 [48]
 [48]
 [57]
 [50]
 [48]]",2,0,meningioma,0,0.9042617281277975,0.09276907766858737,0.002969177051757773
2458,"[[49]
 [48]
 [48]
 [57]
 [50]
 [48]]",2,0,meningioma,0,0.9615148107210795,0.031091226264834404,0.007393972637752692
2459,"[[49]
 [48]
 [48]
 [57]
 [50]
 [48]]",2,0,meningioma,0,0.9289111495018005,0.06380776688456535,0.007281075231730938
2460,"[[49]
 [48]
 [49]
 [48]
 [49]
 [54]]",1,0,meningioma,0,0.9609590172767639,0.03619877497355143,0.002842187648639083
2461,"[[49]
 [48]
 [49]
 [48]
 [49]
 [54]]",1,0,meningioma,0,0.9804728229840597,0.018873085267841816,0.0006540825803919385
2462,"[[49]
 [48]
 [49]
 [48]
 [49]
 [54]]",1,0,meningioma,0,0.9876734415690104,0.012224564794450998,0.0001020174750010483
2463,"[[49]
 [48]
 [49]
 [48]
 [49]
 [54]]",1,0,meningioma,0,0.8663713137308756,0.13312684247891107,0.0005018283748844018
2464,"[[49]
 [48]
 [49]
 [48]
 [56]
 [50]]",1,0,meningioma,0,0.6700407862663269,0.32742910583813983,0.0025301118148490787
2465,"[[49]
 [48]
 [52]
 [49]
 [54]
 [55]]",4,0,meningioma,0,0.6125120719273885,0.37787720561027527,0.009610717495282492
2466,"[[49]
 [48]
 [49]
 [48]
 [56]
 [50]]",1,0,meningioma,0,0.6301951805750529,0.33195724586645764,0.03784758225083351
2467,"[[49]
 [48]
 [49]
 [49]
 [50]
 [55]]",1,0,meningioma,0,0.6082870562871298,0.04652573044101397,0.3451872070630391
2468,"[[49]
 [48]
 [49]
 [49]
 [50]
 [55]]",1,0,meningioma,0,0.63249405225118,0.1068592295050621,0.2606467107931773
2469,"[[49]
 [48]
 [49]
 [49]
 [50]
 [55]]",1,0,meningioma,0,0.8955900271733602,0.046141836792230606,0.05826812982559204
2470,"[[49]
 [48]
 [49]
 [49]
 [50]
 [55]]",1,0,meningioma,0,0.6297603050867716,0.08898220956325531,0.28125747044881183
2471,"[[49]
 [48]
 [49]
 [55]
 [57]
 [55]]",3,0,meningioma,0,0.8642123341560364,0.1301706706484159,0.005617006138587992
2472,"[[49]
 [48]
 [49]
 [55]
 [57]
 [55]]",3,0,meningioma,0,0.9823988874753317,0.004738506007318695,0.012862593866884708
2473,"[[49]
 [48]
 [49]
 [55]
 [57]
 [55]]",3,0,meningioma,0,0.9697027603785197,0.010520404980828365,0.01977683324366808
2474,"[[49]
 [48]
 [49]
 [55]
 [57]
 [55]]",3,0,meningioma,0,0.9702489574750265,0.02365056114892165,0.00610048611027499
2475,"[[49]
 [48]
 [49]
 [55]
 [57]
 [55]]",3,0,meningioma,0,0.9222386082013448,0.07597880313793819,0.0017826071319480736
2476,"[[49]
 [48]
 [52]
 [49]
 [54]
 [55]]",4,0,meningioma,0,0.5795742869377136,0.2272880127032598,0.19313772519429526
2477,"[[49]
 [48]
 [49]
 [55]
 [57]
 [55]]",3,0,meningioma,0,0.9739431341489156,0.022356638374427956,0.0037002304258445897
2478,"[[49]
 [48]
 [49]
 [56]
 [48]
 [49]]",3,0,meningioma,0,0.6912511984507242,0.018527874102195103,0.2902208964029948
2479,"[[49]
 [48]
 [49]
 [56]
 [48]
 [49]]",3,0,meningioma,0,0.8630477984746298,0.03162420603136221,0.10532796382904053
2480,"[[49]
 [48]
 [49]
 [56]
 [48]
 [49]]",3,0,meningioma,0,0.7764002680778503,0.014865193826456865,0.20873450736204782
2481,"[[49]
 [48]
 [50]
 [52]
 [50]
 [48]]",0,0,meningioma,0,0.7452161113421122,0.23672165473302206,0.018062215919295948
2482,"[[49]
 [48]
 [50]
 [52]
 [50]
 [48]]",0,0,meningioma,0,0.861918310324351,0.03413309156894684,0.1039486030737559
2483,"[[49]
 [48]
 [50]
 [52]
 [52]
 [54]]",4,0,meningioma,0,0.8447296818097433,0.15156510472297668,0.0037052001959333816
2484,"[[49]
 [48]
 [50]
 [52]
 [52]
 [54]]",4,0,meningioma,0,0.7745184501012167,0.21820240716139475,0.007279181232055028
2485,"[[49]
 [48]
 [50]
 [54]
 [55]
 [53]]",2,0,meningioma,0,0.6952271262804667,0.2971591353416443,0.007613754055152337
2486,"[[49]
 [48]
 [50]
 [54]
 [55]
 [53]]",2,0,meningioma,1,0.07468850413958232,0.9250469207763672,0.00026454785256646574
2487,"[[49]
 [48]
 [52]
 [49]
 [54]
 [55]]",4,0,meningioma,0,0.8824606140454611,0.11629209667444229,0.0012472601568636794
2488,"[[49]
 [48]
 [50]
 [55]
 [49]
 [52]]",4,0,meningioma,1,0.20272203783194223,0.7941629489262899,0.0031150066448996463
2489,"[[49]
 [48]
 [50]
 [55]
 [49]
 [52]]",4,0,meningioma,0,0.6258699695269266,0.3567444980144501,0.017385525318483513
2490,"[[49]
 [48]
 [50]
 [55]
 [49]
 [52]]",4,0,meningioma,0,0.9417144656181335,0.026977765063444775,0.03130775007108847
2491,"[[49]
 [48]
 [50]
 [55]
 [49]
 [52]]",4,0,meningioma,0,0.9131319125493368,0.03750171636541685,0.04936640461285909
2492,"[[49]
 [48]
 [50]
 [55]
 [49]
 [52]]",4,0,meningioma,0,0.5058025817076365,0.17515998085339865,0.31903746724128723
2493,"[[49]
 [48]
 [50]
 [56]
 [49]
 [56]]",0,0,meningioma,0,0.5342832108338674,0.4622954825560252,0.00342131732031703
2494,"[[49]
 [48]
 [50]
 [56]
 [49]
 [56]]",0,0,meningioma,0,0.6654084920883179,0.2893356035153071,0.045255921160181366
2495,"[[49]
 [48]
 [50]
 [56]
 [49]
 [56]]",0,0,meningioma,0,0.6931151350339254,0.1910878320535024,0.11579705774784088
2496,"[[49]
 [48]
 [50]
 [56]
 [49]
 [56]]",0,0,meningioma,0,0.5463660756746928,0.28504618008931476,0.16858775913715363
2497,"[[49]
 [48]
 [50]
 [57]
 [51]
 [53]]",0,0,meningioma,2,0.3669415811697642,0.06756056100130081,0.5654978553454081
2498,"[[49]
 [48]
 [52]
 [50]
 [56]
 [49]]",3,0,meningioma,0,0.943487266699473,0.038413889706134796,0.018098874328037102
2499,"[[49]
 [48]
 [50]
 [57]
 [54]
 [48]]",1,0,meningioma,1,0.1543963501850764,0.8362706700960795,0.009332967611650625
2500,"[[49]
 [48]
 [50]
 [57]
 [54]
 [48]]",1,0,meningioma,1,0.22205345332622528,0.7735042969385783,0.0044422758898387356
2501,"[[49]
 [48]
 [50]
 [57]
 [54]
 [48]]",1,0,meningioma,1,0.46486276388168335,0.5341214736302694,0.0010157822204443316
2502,"[[49]
 [48]
 [50]
 [57]
 [54]
 [48]]",1,0,meningioma,1,0.35409149527549744,0.3894299964110057,0.2564784934123357
2503,"[[49]
 [48]
 [50]
 [57]
 [54]
 [48]]",1,0,meningioma,1,0.08031770338614781,0.8909615079561869,0.028720782759288948
2504,"[[49]
 [48]
 [50]
 [57]
 [56]
 [53]]",3,0,meningioma,1,0.3131328374147415,0.6670865813891093,0.019780569709837437
2505,"[[49]
 [48]
 [51]
 [54]
 [55]
 [51]]",0,0,meningioma,2,0.09229947874943416,0.02220596931874752,0.8854945699373881
2506,"[[49]
 [48]
 [51]
 [54]
 [55]
 [51]]",0,0,meningioma,2,0.09396327783664067,0.19746019939581552,0.7085765401522318
2507,"[[49]
 [48]
 [51]
 [54]
 [55]
 [51]]",0,0,meningioma,1,0.16679899394512177,0.5897602041562399,0.24344084163506827
2508,"[[49]
 [48]
 [51]
 [54]
 [55]
 [51]]",0,0,meningioma,2,0.02327812711397807,0.04375943789879481,0.9329624573389689
2509,"[[49]
 [48]
 [48]
 [51]
 [54]
 [48]]",2,0,meningioma,1,0.030788919577995937,0.9686880509058634,0.0005230573879089206
2510,"[[49]
 [48]
 [52]
 [50]
 [56]
 [49]]",3,0,meningioma,0,0.9549597303072611,0.024904174730181694,0.020136065160234768
2511,"[[49]
 [48]
 [51]
 [54]
 [55]
 [51]]",0,0,meningioma,2,0.01321015895033876,0.03332748698691527,0.9534623622894287
2512,"[[49]
 [48]
 [51]
 [57]
 [50]
 [53]]",1,0,meningioma,0,0.4766654670238495,0.05629419535398483,0.4670403798421224
2513,"[[49]
 [48]
 [51]
 [57]
 [50]
 [53]]",1,0,meningioma,1,0.3143736819426219,0.37833596269289654,0.3072903553644816
2514,"[[49]
 [48]
 [51]
 [57]
 [50]
 [53]]",1,0,meningioma,1,0.12297281126181285,0.8530908028284708,0.023936351761221886
2515,"[[49]
 [48]
 [51]
 [57]
 [50]
 [53]]",1,0,meningioma,0,0.6347365379333496,0.10535138348738353,0.25991207361221313
2516,"[[49]
 [48]
 [52]
 [49]
 [54]
 [55]]",4,0,meningioma,0,0.852704922358195,0.14673437426487604,0.0005607171527420481
2517,"[[49]
 [48]
 [52]
 [49]
 [54]
 [55]]",4,0,meningioma,0,0.8678291440010071,0.13157827655474344,0.0005925559962633997
2518,"[[49]
 [48]
 [52]
 [49]
 [54]
 [55]]",4,0,meningioma,0,0.6599899927775065,0.333304762840271,0.006705234292894602
2519,"[[49]
 [48]
 [52]
 [49]
 [54]
 [55]]",4,0,meningioma,0,0.6535469889640808,0.3445496956507365,0.0019033094480012853
2520,"[[49]
 [48]
 [52]
 [49]
 [54]
 [55]]",4,0,meningioma,0,0.9364893833796183,0.056211505085229874,0.007299136370420456
2521,"[[49]
 [48]
 [52]
 [50]
 [56]
 [49]]",3,0,meningioma,0,0.9828348954518636,0.014555218629539013,0.0026099077270676694
2522,"[[49]
 [48]
 [52]
 [50]
 [56]
 [49]]",3,0,meningioma,0,0.5218324363231659,0.477266659339269,0.0009008897274422149
2523,"[[49]
 [48]
 [52]
 [50]
 [56]
 [49]]",3,0,meningioma,0,0.8651657700538635,0.13395628333091736,0.0008779339356503139
2524,"[[49]
 [48]
 [52]
 [50]
 [56]
 [49]]",3,0,meningioma,0,0.8695564071337382,0.1300968478123347,0.00034677817408616346
2525,"[[49]
 [48]
 [52]
 [50]
 [56]
 [49]]",3,0,meningioma,0,0.901513954003652,0.09714142481486003,0.0013446235874046881
2526,"[[49]
 [48]
 [52]
 [54]
 [57]
 [53]]",4,0,meningioma,0,0.8546229402224222,0.14106387396653494,0.004313141340389848
2527,"[[49]
 [48]
 [52]
 [54]
 [57]
 [53]]",4,0,meningioma,0,0.7339289387067159,0.24065512418746948,0.025415977463126183
2528,"[[49]
 [48]
 [52]
 [54]
 [57]
 [53]]",4,0,meningioma,1,0.3190170427163442,0.5486444135506948,0.13233854373296103
2529,"[[49]
 [48]
 [53]
 [51]
 [55]
 [52]]",3,0,meningioma,0,0.8638825416564941,0.12968442092339197,0.006433040990183751
2530,"[[49]
 [48]
 [53]
 [53]
 [53]
 [53]]",2,0,meningioma,0,0.9014872113863627,0.09677878270546596,0.0017340087797492743
2531,"[[49]
 [48]
 [53]
 [53]
 [53]
 [53]]",2,0,meningioma,0,0.721520205338796,0.2779008199771245,0.0005789665398575986
2532,"[[49]
 [48]
 [52]
 [50]
 [56]
 [49]]",3,0,meningioma,0,0.8272317051887512,0.1723183790842692,0.00044994091634483385
2533,"[[49]
 [48]
 [53]
 [57]
 [51]
 [55]]",2,0,meningioma,0,0.5360840658346812,0.38120800256729126,0.08270793780684471
2534,"[[49]
 [48]
 [53]
 [57]
 [51]
 [55]]",2,0,meningioma,0,0.8999027609825134,0.02892130861679713,0.07117590804894765
2535,"[[49]
 [48]
 [53]
 [57]
 [51]
 [55]]",2,0,meningioma,0,0.6401158571243286,0.26752695937951404,0.09235715121030807
2536,"[[49]
 [48]
 [54]
 [50]
 [56]
 [52]]",2,0,meningioma,0,0.6785172621409098,0.038906353215376534,0.28257639209429425
2537,"[[49]
 [48]
 [54]
 [50]
 [56]
 [52]]",2,0,meningioma,0,0.8989720940589905,0.07066581770777702,0.030362109343210857
2538,"[[49]
 [48]
 [54]
 [50]
 [56]
 [52]]",2,0,meningioma,0,0.9594783385594686,0.031034805501500767,0.009486889000982046
2539,"[[49]
 [48]
 [54]
 [50]
 [56]
 [52]]",2,0,meningioma,0,0.9204099376996359,0.07168488452831905,0.007905178082485994
2540,"[[49]
 [48]
 [54]
 [52]
 [52]
 [50]]",2,0,meningioma,0,0.822931965192159,0.175673579176267,0.001394475131140401
2541,"[[49]
 [48]
 [54]
 [52]
 [52]
 [50]]",2,0,meningioma,0,0.8429233630498251,0.15506038814783096,0.0020162193880726895
2542,"[[49]
 [48]
 [54]
 [52]
 [52]
 [50]]",2,0,meningioma,0,0.9542105396588644,0.04213287184635798,0.003656619150812427
2543,"[[49]
 [48]
 [52]
 [50]
 [56]
 [49]]",3,0,meningioma,0,0.6157741546630859,0.3832706809043884,0.0009551317392227551
2544,"[[49]
 [48]
 [54]
 [53]
 [51]
 [52]]",3,0,meningioma,0,0.9428500731786092,0.022607538228233654,0.03454238114257654
2545,"[[49]
 [48]
 [54]
 [53]
 [51]
 [52]]",3,0,meningioma,0,0.887074331442515,0.1002934177716573,0.012632221138725678
2546,"[[49]
 [48]
 [54]
 [53]
 [57]
 [50]]",3,0,meningioma,0,0.9296703338623047,0.06762769321600597,0.002701936677719156
2547,"[[49]
 [48]
 [54]
 [54]
 [54]
 [53]]",1,0,meningioma,1,0.11758984873692195,0.8793334166208903,0.003076742907675604
2548,"[[49]
 [48]
 [54]
 [54]
 [54]
 [53]]",1,0,meningioma,0,0.6788666645685831,0.3154350171486537,0.005698341837463279
2549,"[[49]
 [48]
 [54]
 [54]
 [54]
 [53]]",1,0,meningioma,0,0.870873769124349,0.1286228895187378,0.0005032941699028015
2550,"[[49]
 [48]
 [54]
 [54]
 [54]
 [53]]",1,0,meningioma,0,0.5130345424016317,0.47583306829134625,0.01113238325342536
2551,"[[49]
 [48]
 [54]
 [54]
 [54]
 [53]]",1,0,meningioma,0,0.7481800516446432,0.2511940499146779,0.0006258998376627763
2552,"[[49]
 [48]
 [54]
 [54]
 [54]
 [53]]",1,0,meningioma,0,0.7678169012069702,0.2276085615158081,0.0045745183403293295
2553,"[[49]
 [48]
 [54]
 [54]
 [54]
 [53]]",1,0,meningioma,0,0.6470537980397543,0.31214388211568195,0.04080230494340261
2554,"[[49]
 [48]
 [52]
 [50]
 [56]
 [49]]",3,0,meningioma,0,0.8711738387743632,0.12565207233031592,0.003174075623974204
2555,"[[49]
 [48]
 [54]
 [55]
 [50]
 [48]]",4,0,meningioma,1,0.07769793023665746,0.922291894753774,1.0179349525666717e-05
2556,"[[49]
 [48]
 [54]
 [55]
 [50]
 [48]]",4,0,meningioma,1,0.16985533138116202,0.8300543030103048,9.035517966064314e-05
2557,"[[49]
 [48]
 [54]
 [55]
 [50]
 [48]]",4,0,meningioma,0,0.6985235611597697,0.300151194135348,0.0013252252247184515
2558,"[[49]
 [48]
 [54]
 [57]
 [49]
 [52]]",3,0,meningioma,0,0.9564669132232666,0.016945344395935535,0.02658778491119544
2559,"[[49]
 [48]
 [54]
 [57]
 [49]
 [52]]",3,0,meningioma,0,0.9884024063746134,0.007683528121560812,0.003914077882654965
2560,"[[49]
 [48]
 [54]
 [57]
 [49]
 [52]]",3,0,meningioma,0,0.9920068780581156,0.00686183269135654,0.0011312522110529244
2561,"[[49]
 [48]
 [54]
 [57]
 [49]
 [52]]",3,0,meningioma,0,0.9897215962409973,0.008947021793574095,0.0013313825863103073
2562,"[[49]
 [48]
 [54]
 [57]
 [49]
 [52]]",3,0,meningioma,0,0.9900165994962057,0.008565804455429316,0.0014176262193359435
2563,"[[49]
 [48]
 [54]
 [57]
 [49]
 [52]]",3,0,meningioma,0,0.9956929087638855,0.0037642954848706722,0.0005427655851235613
2564,"[[49]
 [48]
 [54]
 [57]
 [49]
 [52]]",3,0,meningioma,0,0.9460119803746542,0.04657170673211416,0.00741630420088768
2565,"[[49]
 [48]
 [52]
 [50]
 [56]
 [49]]",3,0,meningioma,1,0.4819861352443695,0.5085904002189636,0.009423489527155956
2566,"[[49]
 [48]
 [55]
 [49]
 [57]
 [48]]",2,0,meningioma,0,0.8109006683031718,0.18289866546789804,0.006200655984381835
2567,"[[49]
 [48]
 [55]
 [50]
 [52]
 [56]]",4,0,meningioma,0,0.9068137208620707,0.02481922134757042,0.06836702798803647
2568,"[[49]
 [48]
 [55]
 [50]
 [52]
 [56]]",4,0,meningioma,0,0.7859434882799784,0.028255862494309742,0.1858006219069163
2569,"[[49]
 [48]
 [55]
 [50]
 [52]
 [56]]",4,0,meningioma,0,0.6870189110438029,0.02660876326262951,0.2863722989956538
2570,"[[49]
 [48]
 [55]
 [50]
 [52]
 [56]]",4,0,meningioma,1,0.47528912623723346,0.5030925671259562,0.021618269383907318
2571,"[[49]
 [48]
 [55]
 [50]
 [52]
 [56]]",4,0,meningioma,0,0.7940902908643087,0.1852301061153412,0.020679584393898647
2572,"[[49]
 [48]
 [55]
 [52]
 [57]
 [52]]",1,0,meningioma,0,0.8735974828402201,0.12313662717739741,0.0032658736842374005
2573,"[[49]
 [48]
 [55]
 [52]
 [57]
 [52]]",1,0,meningioma,0,0.9111778736114502,0.07975777983665466,0.009064346241454283
2574,"[[49]
 [48]
 [55]
 [52]
 [57]
 [52]]",1,0,meningioma,0,0.85279780626297,0.14476638535658518,0.002435822389088571
2575,"[[49]
 [48]
 [55]
 [52]
 [57]
 [52]]",1,0,meningioma,0,0.6639970541000366,0.11216198652982712,0.22384094695250192
2576,"[[49]
 [48]
 [53]
 [51]
 [55]
 [52]]",3,0,meningioma,0,0.7624887029329935,0.1656517187754313,0.07185960188508034
2577,"[[49]
 [48]
 [55]
 [57]
 [52]
 [54]]",0,0,meningioma,0,0.8983532190322876,0.10142825295527776,0.0002185209644570326
2578,"[[49]
 [48]
 [55]
 [57]
 [52]
 [54]]",0,0,meningioma,0,0.9195084373156229,0.07930097232262294,0.0011905514790366094
2579,"[[49]
 [48]
 [55]
 [57]
 [52]
 [54]]",0,0,meningioma,0,0.8940156300862631,0.0936789611975352,0.012305431223164002
2580,"[[49]
 [48]
 [55]
 [57]
 [52]
 [54]]",0,0,meningioma,1,0.13853553185860315,0.8543271422386169,0.007137312864263852
2581,"[[49]
 [48]
 [56]
 [53]
 [49]
 [52]]",2,0,meningioma,0,0.6713681618372599,0.3286006251970927,3.1204321203404106e-05
2582,"[[49]
 [48]
 [56]
 [53]
 [49]
 [52]]",2,0,meningioma,1,0.49271227916081745,0.5071774125099182,0.00011034076063272853
2583,"[[49]
 [48]
 [56]
 [53]
 [49]
 [52]]",2,0,meningioma,1,0.12907418111960092,0.8700195550918579,0.0009062529231111208
2584,"[[49]
 [48]
 [56]
 [53]
 [49]
 [52]]",2,0,meningioma,1,0.46603455146153766,0.5338878730932871,7.756776964621774e-05
2585,"[[49]
 [48]
 [56]
 [53]
 [49]
 [52]]",2,0,meningioma,0,0.6311889489491781,0.3683948914210002,0.00041615511387741816
2586,"[[49]
 [48]
 [56]
 [53]
 [53]
 [48]]",0,0,meningioma,0,0.9662348031997681,0.025153244535128277,0.008611937053501606
2587,"[[49]
 [48]
 [53]
 [51]
 [55]
 [52]]",3,0,meningioma,0,0.9258881012598673,0.04293761340280374,0.03117431265612443
2588,"[[49]
 [48]
 [56]
 [53]
 [53]
 [48]]",0,0,meningioma,0,0.9181692004203796,0.04893233751257261,0.032898458341757454
2589,"[[49]
 [48]
 [56]
 [53]
 [57]
 [48]]",1,0,meningioma,0,0.7373577555020651,0.03739552882810434,0.2252467026313146
2590,"[[49]
 [48]
 [56]
 [53]
 [57]
 [48]]",1,0,meningioma,0,0.9210420648256937,0.0779323863486449,0.0010255672386847436
2591,"[[49]
 [48]
 [56]
 [57]
 [52]
 [53]]",3,0,meningioma,1,0.2883290946483612,0.7104371984799703,0.0012337301353303094
2592,"[[49]
 [48]
 [56]
 [57]
 [52]
 [53]]",3,0,meningioma,1,0.10830219338337581,0.8905308842658997,0.001166908487599964
2593,"[[49]
 [48]
 [56]
 [57]
 [52]
 [53]]",3,0,meningioma,0,0.9258380929629008,0.07084161539872487,0.0033202895040934286
2594,"[[49]
 [48]
 [56]
 [57]
 [52]
 [53]]",3,0,meningioma,0,0.7930716077486674,0.1658980349699656,0.04103036659459273
2595,"[[49]
 [48]
 [57]
 [51]
 [53]
 [48]]",0,0,meningioma,0,0.8651270071665446,0.12777678916851679,0.007096187211573124
2596,"[[49]
 [48]
 [57]
 [51]
 [53]
 [48]]",0,0,meningioma,0,0.8257590333620707,0.12839154402414957,0.045849413300553955
2597,"[[49]
 [48]
 [57]
 [52]
 [49]
 [49]]",2,0,meningioma,1,0.48874710003534955,0.5080107748508453,0.0032421246093387404
2598,"[[49]
 [48]
 [53]
 [53]
 [53]
 [53]]",2,0,meningioma,0,0.5753088792165121,0.3934256235758464,0.03126550962527593
2599,"[[49]
 [48]
 [57]
 [57]
 [54]
 [56]]",2,0,meningioma,0,0.6275260845820109,0.371796449025472,0.0006774428378169736
2600,"[[49]
 [48]
 [57]
 [57]
 [54]
 [56]]",2,0,meningioma,0,0.8194924592971802,0.1798203637202581,0.0006871478205236295
2601,"[[49]
 [48]
 [57]
 [57]
 [54]
 [56]]",2,0,meningioma,0,0.7534267902374268,0.24550986786683401,0.0010633404987553756
2602,"[[49]
 [48]
 [57]
 [57]
 [54]
 [56]]",2,0,meningioma,0,0.6652429302533468,0.2766885459423065,0.058068507661422096
2603,"[[49]
 [49]
 [48]
 [56]
 [48]
 [56]]",3,0,meningioma,0,0.9145383834838867,0.08484599242607753,0.000615608992423707
2604,"[[49]
 [49]
 [48]
 [56]
 [48]
 [56]]",3,0,meningioma,0,0.5922434131304423,0.4076996048291524,5.7006087445188314e-05
2605,"[[49]
 [49]
 [49]
 [48]
 [55]
 [55]]",3,0,meningioma,0,0.890390415986379,0.10717248047391574,0.0024371236407508454
2606,"[[49]
 [49]
 [49]
 [48]
 [55]
 [55]]",3,0,meningioma,0,0.8844540119171143,0.11412112166484197,0.00142490790070345
2607,"[[49]
 [49]
 [49]
 [48]
 [55]
 [55]]",3,0,meningioma,0,0.9987468123435974,0.0012077948388954003,4.5456280228487835e-05
2608,"[[49]
 [49]
 [49]
 [51]
 [54]
 [54]]",0,0,meningioma,0,0.5496491293112437,0.4500490128993988,0.00030185906871338375
2609,"[[53]
 [56]
 [51]
 [57]
 [50]]",4,2,pituitary,2,0.003239188731337587,0.0006969400371114413,0.9960638682047526
2610,"[[49]
 [49]
 [49]
 [51]
 [54]
 [54]]",0,0,meningioma,0,0.7547179857889811,0.24344539642333984,0.0018366575823165476
2611,"[[49]
 [49]
 [49]
 [51]
 [54]
 [54]]",0,0,meningioma,0,0.8561925490697225,0.1350486824909846,0.008758813297996918
2612,"[[49]
 [49]
 [49]
 [51]
 [54]
 [54]]",0,0,meningioma,0,0.6712961991628011,0.3276009758313497,0.001102864519149686
2613,"[[49]
 [49]
 [49]
 [53]
 [51]
 [50]]",4,0,meningioma,0,0.7124788562456766,0.28728442390759784,0.00023673279550469792
2614,"[[49]
 [49]
 [49]
 [53]
 [51]
 [50]]",4,0,meningioma,1,0.40807528297106427,0.5882618427276611,0.0036628928501158953
2615,"[[49]
 [49]
 [49]
 [53]
 [51]
 [50]]",4,0,meningioma,1,0.1593418816725413,0.8359423279762268,0.0047157946197936935
2616,"[[49]
 [49]
 [49]
 [54]
 [57]
 [54]]",1,0,meningioma,0,0.8925966024398804,0.041035824765761696,0.06636754795908928
2617,"[[49]
 [49]
 [49]
 [55]
 [49]
 [48]]",1,0,meningioma,0,0.7743300000826517,0.20501260459423065,0.020657401842375595
2618,"[[49]
 [49]
 [49]
 [55]
 [49]
 [48]]",1,0,meningioma,0,0.7855497002601624,0.21424626807371774,0.00020404122187756002
2619,"[[49]
 [49]
 [50]
 [48]
 [48]
 [50]]",3,0,meningioma,1,0.3824315071105957,0.5885753631591797,0.02899311917523543
2620,"[[49]
 [48]
 [48]
 [53]
 [55]
 [50]]",4,0,meningioma,2,0.12880382935206094,0.03902724136908849,0.8321689367294312
2621,"[[49]
 [48]
 [53]
 [57]
 [51]
 [55]]",2,0,meningioma,0,0.962054709593455,0.03414159702757994,0.003803699044510722
2622,"[[49]
 [49]
 [50]
 [48]
 [48]
 [50]]",3,0,meningioma,0,0.9071589708328247,0.08892252420385678,0.0039185146645953255
2623,"[[49]
 [49]
 [50]
 [48]
 [48]
 [50]]",3,0,meningioma,1,0.04625784605741501,0.9177836775779724,0.03595850430428982
2624,"[[49]
 [49]
 [50]
 [48]
 [48]
 [50]]",3,0,meningioma,1,0.1619745840628942,0.7656890352567037,0.07233638564745586
2625,"[[49]
 [49]
 [50]
 [48]
 [54]
 [50]]",4,0,meningioma,0,0.9464000662167867,0.053008828312158585,0.0005911280362245938
2626,"[[49]
 [49]
 [50]
 [48]
 [54]
 [50]]",4,0,meningioma,0,0.8596580028533936,0.14003516981999078,0.0003068211590289138
2627,"[[49]
 [49]
 [50]
 [48]
 [54]
 [50]]",4,0,meningioma,1,0.45790990193684894,0.4737068514029185,0.06838326404492061
2628,"[[49]
 [49]
 [50]
 [50]
 [53]
 [50]]",4,0,meningioma,0,0.8984461625417074,0.054771085580190025,0.046782758086919785
2629,"[[49]
 [49]
 [50]
 [50]
 [53]
 [50]]",4,0,meningioma,0,0.5996725161870321,0.22153507669766745,0.17879238228003183
2630,"[[49]
 [49]
 [50]
 [53]
 [53]
 [50]]",4,0,meningioma,0,0.757863442103068,0.1881108582019806,0.05402568851908048
2631,"[[49]
 [49]
 [50]
 [53]
 [53]
 [50]]",4,0,meningioma,0,0.6559539437294006,0.10847862561543782,0.23556743562221527
2632,"[[49]
 [48]
 [53]
 [57]
 [51]
 [55]]",2,0,meningioma,0,0.9906206727027893,0.007626066294809182,0.0017532282896960776
2633,"[[49]
 [49]
 [50]
 [53]
 [53]
 [50]]",4,0,meningioma,1,0.4870673318703969,0.49603280425071716,0.016899844631552696
2634,"[[49]
 [49]
 [50]
 [53]
 [53]
 [50]]",4,0,meningioma,1,0.4697239100933075,0.5249707102775574,0.005305376369506121
2635,"[[49]
 [49]
 [50]
 [53]
 [53]
 [50]]",4,0,meningioma,1,0.2915139893690745,0.7076911528905233,0.0007948598746831218
2636,"[[49]
 [49]
 [50]
 [53]
 [53]
 [50]]",4,0,meningioma,0,0.6304545402526855,0.3607819179693858,0.00876354860762755
2637,"[[49]
 [49]
 [50]
 [53]
 [53]
 [50]]",4,0,meningioma,1,0.42732782165209454,0.5720096031824747,0.0006625975365750492
2638,"[[49]
 [49]
 [50]
 [54]
 [52]
 [56]]",0,0,meningioma,0,0.5287599960962931,0.4638450841108958,0.007394910945246617
2639,"[[49]
 [49]
 [50]
 [54]
 [52]
 [56]]",0,0,meningioma,0,0.7394989728927612,0.06949906672040622,0.19100201626618704
2640,"[[49]
 [49]
 [50]
 [54]
 [52]
 [56]]",0,0,meningioma,1,0.29511650403340656,0.6756462653477987,0.029237253591418266
2641,"[[49]
 [49]
 [50]
 [54]
 [52]
 [56]]",0,0,meningioma,1,0.19982017079989114,0.7952502965927124,0.004929559770971537
2642,"[[49]
 [49]
 [50]
 [54]
 [53]
 [48]]",0,0,meningioma,0,0.6639448801676432,0.33290157715479535,0.003153508179821074
2643,"[[49]
 [48]
 [54]
 [50]
 [56]
 [52]]",2,0,meningioma,0,0.5961715479691824,0.33316732943058014,0.07066111142436664
2644,"[[49]
 [49]
 [50]
 [54]
 [53]
 [48]]",0,0,meningioma,0,0.7759559353192648,0.22258484860261282,0.0014592091223069776
2645,"[[49]
 [49]
 [51]
 [48]
 [57]
 [56]]",2,0,meningioma,0,0.8667440811793009,0.1324892664949099,0.0007665833691135049
2646,"[[49]
 [49]
 [51]
 [48]
 [57]
 [56]]",2,0,meningioma,1,0.09652627880374591,0.903147300084432,0.00032643488763521117
2647,"[[49]
 [49]
 [51]
 [48]
 [57]
 [56]]",2,0,meningioma,1,0.40813658634821576,0.5912221670150757,0.0006412654765881598
2648,"[[49]
 [49]
 [51]
 [48]
 [57]
 [56]]",2,0,meningioma,0,0.6845593651135763,0.314839040239652,0.0006015982459454486
2649,"[[49]
 [49]
 [51]
 [52]
 [51]
 [53]]",1,0,meningioma,1,0.18444901208082834,0.8152839541435242,0.0002670438213196273
2650,"[[49]
 [49]
 [51]
 [52]
 [51]
 [53]]",1,0,meningioma,1,0.19172929724057516,0.8046494126319885,0.003621274217342337
2651,"[[49]
 [49]
 [51]
 [52]
 [51]
 [53]]",1,0,meningioma,1,0.1371978372335434,0.862449069817861,0.00035309230831141275
2652,"[[49]
 [49]
 [51]
 [52]
 [51]
 [53]]",1,0,meningioma,1,0.16543535391489664,0.6378664573033651,0.19669820368289948
2653,"[[49]
 [49]
 [51]
 [52]
 [51]
 [53]]",1,0,meningioma,1,0.33583978811899823,0.6087637344996134,0.05539648110667864
2654,"[[49]
 [48]
 [54]
 [50]
 [56]
 [52]]",2,0,meningioma,0,0.5838439067204794,0.4110773702462514,0.005078689039995273
2655,"[[49]
 [49]
 [51]
 [52]
 [51]
 [53]]",1,0,meningioma,1,0.2997138798236847,0.6596091588338217,0.04067698121070862
2656,"[[49]
 [49]
 [51]
 [53]
 [53]
 [52]]",0,0,meningioma,0,0.9565679430961609,0.04204112539688746,0.0013908980375466247
2657,"[[49]
 [49]
 [51]
 [53]
 [53]
 [52]]",0,0,meningioma,0,0.9004878997802734,0.07106336454550426,0.028448739399512608
2658,"[[49]
 [49]
 [51]
 [53]
 [53]
 [52]]",0,0,meningioma,0,0.8667612274487814,0.10095873226722081,0.03228003345429897
2659,"[[49]
 [49]
 [51]
 [53]
 [53]
 [52]]",0,0,meningioma,0,0.8985962470372518,0.03231780230998993,0.0690859742462635
2660,"[[49]
 [49]
 [51]
 [54]
 [49]
 [52]]",1,0,meningioma,1,0.3943149348100026,0.6009264687697092,0.004758597196390231
2661,"[[49]
 [49]
 [51]
 [54]
 [49]
 [52]]",1,0,meningioma,0,0.8204999963442484,0.17321456968784332,0.0062854113057255745
2662,"[[49]
 [49]
 [51]
 [54]
 [49]
 [52]]",1,0,meningioma,0,0.5632972121238708,0.4365204672018687,0.00018233006267109886
2663,"[[49]
 [49]
 [51]
 [54]
 [49]
 [52]]",1,0,meningioma,1,0.37279319763183594,0.6268914143244425,0.0003153739817207679
2664,"[[49]
 [49]
 [51]
 [56]
 [48]
 [53]]",3,0,meningioma,0,0.7148428161938986,0.28333572049935657,0.0018215028879543145
2665,"[[49]
 [48]
 [54]
 [50]
 [56]
 [52]]",2,0,meningioma,0,0.5962077776590983,0.10165736079216003,0.30213486154874164
2666,"[[49]
 [49]
 [51]
 [57]
 [55]
 [49]]",4,0,meningioma,0,0.7781048615773519,0.19138827423254648,0.030506835008660953
2667,"[[49]
 [49]
 [51]
 [57]
 [55]
 [49]]",4,0,meningioma,2,0.4336405297120412,0.030484238018592198,0.5358751912911733
2668,"[[49]
 [49]
 [52]
 [48]
 [49]
 [56]]",0,0,meningioma,0,0.5937838554382324,0.27078941464424133,0.13542668521404266
2669,"[[49]
 [49]
 [52]
 [48]
 [49]
 [56]]",0,0,meningioma,0,0.6398202776908875,0.34892157713572186,0.01125815991933147
2670,"[[49]
 [49]
 [52]
 [48]
 [49]
 [56]]",0,0,meningioma,0,0.7142959833145142,0.09262740860382716,0.19307664533456168
2671,"[[49]
 [49]
 [52]
 [48]
 [49]
 [56]]",0,0,meningioma,2,0.4793303708235423,0.02733320991198222,0.49333643913269043
2672,"[[49]
 [49]
 [52]
 [48]
 [49]
 [56]]",0,0,meningioma,0,0.5467224518458048,0.11737335970004399,0.33590416113535565
2673,"[[49]
 [49]
 [52]
 [48]
 [49]
 [56]]",0,0,meningioma,2,0.11732851217190425,0.02039909114440282,0.8622724016507467
2674,"[[49]
 [49]
 [52]
 [51]
 [53]
 [57]]",3,0,meningioma,0,0.8629578153292338,0.13695975144704184,8.239233132674902e-05
2675,"[[49]
 [49]
 [52]
 [51]
 [53]
 [57]]",3,0,meningioma,0,0.9935045043627421,0.0062805055640637875,0.00021495062295192233
2676,"[[49]
 [48]
 [54]
 [50]
 [56]
 [52]]",2,0,meningioma,0,0.8339953422546387,0.15304681907097498,0.012957831223805746
2677,"[[49]
 [49]
 [52]
 [51]
 [53]
 [57]]",3,0,meningioma,0,0.8980273405710856,0.10174422959486644,0.00022844441991765052
2678,"[[49]
 [49]
 [52]
 [51]
 [53]
 [57]]",3,0,meningioma,0,0.9076633254686991,0.0922009473045667,0.00013572663616893502
2679,"[[49]
 [49]
 [52]
 [51]
 [53]
 [57]]",3,0,meningioma,0,0.8922013441721598,0.10721494009097417,0.0005837298182692999
2680,"[[49]
 [49]
 [52]
 [51]
 [53]
 [57]]",3,0,meningioma,1,0.17262376844882965,0.8261593381563822,0.001216917725590368
2681,"[[49]
 [49]
 [52]
 [51]
 [53]
 [57]]",3,0,meningioma,1,0.153031458457311,0.8445257941881815,0.0024427506141364574
2682,"[[49]
 [49]
 [52]
 [52]
 [49]
 [55]]",3,0,meningioma,0,0.6320072611172994,0.3662502666314443,0.0017424758601312835
2683,"[[49]
 [49]
 [52]
 [52]
 [49]
 [55]]",3,0,meningioma,1,0.32078803579012555,0.6715566118558248,0.00765535809720556
2684,"[[49]
 [49]
 [52]
 [52]
 [49]
 [55]]",3,0,meningioma,1,0.4735345443089803,0.5174204707145691,0.009044961538165808
2685,"[[49]
 [49]
 [52]
 [52]
 [49]
 [55]]",3,0,meningioma,0,0.6157247622807821,0.13997869938611984,0.24429655075073242
2686,"[[57]
 [55]
 [51]
 [55]
 [52]]",3,0,meningioma,2,0.09532013659675916,0.23423774043718973,0.6704421639442444
2687,"[[49]
 [48]
 [54]
 [50]
 [56]
 [52]]",2,0,meningioma,0,0.7629734873771667,0.2220496435960134,0.014976917145152887
2688,"[[57]
 [55]
 [51]
 [55]
 [52]]",3,0,meningioma,0,0.8137372930844625,0.1836858664949735,0.0025768016542618475
2689,"[[57]
 [55]
 [51]
 [55]
 [52]]",3,0,meningioma,0,0.9551235437393188,0.044748372087876,0.00012804769842963046
2690,"[[57]
 [55]
 [51]
 [55]
 [52]]",3,0,meningioma,0,0.7907101114590963,0.2089763581752777,0.0003135237275273539
2691,"[[57]
 [55]
 [51]
 [55]
 [52]]",3,0,meningioma,0,0.8226491808891296,0.17573599517345428,0.0016148365684784949
2692,"[[57]
 [55]
 [54]
 [48]
 [55]]",2,0,meningioma,0,0.629978080590566,0.36931973695755005,0.0007021468093929192
2693,"[[57]
 [55]
 [54]
 [48]
 [55]]",2,0,meningioma,0,0.7148094375928243,0.28496694068113965,0.00022362817738515636
2694,"[[57]
 [55]
 [54]
 [48]
 [55]]",2,0,meningioma,0,0.9171402851740519,0.05775360390543938,0.025106133582691353
2695,"[[57]
 [55]
 [54]
 [48]
 [55]]",2,0,meningioma,0,0.7478410204251608,0.23993058502674103,0.0122283852348725
2696,"[[57]
 [55]
 [55]
 [51]
 [55]]",1,0,meningioma,0,0.714751402537028,0.2790784388780594,0.006170176435261965
2697,"[[57]
 [55]
 [55]
 [51]
 [55]]",1,0,meningioma,1,0.44619808594385785,0.550819973150889,0.0029819541377946734
2698,"[[49]
 [48]
 [54]
 [52]
 [52]
 [50]]",2,0,meningioma,0,0.6849145293235779,0.31429435809453327,0.0007911024537558357
2699,"[[57]
 [55]
 [55]
 [51]
 [55]]",1,0,meningioma,0,0.822964628537496,0.17564562211434046,0.0013897481452052791
2700,"[[57]
 [55]
 [55]
 [51]
 [55]]",1,0,meningioma,1,0.418520987033844,0.5528976023197174,0.02858143299818039
2701,"[[57]
 [55]
 [55]
 [51]
 [55]]",1,0,meningioma,1,0.38017908732096356,0.5233910282452902,0.09642994155486424
2702,"[[57]
 [55]
 [55]
 [57]
 [51]]",3,0,meningioma,0,0.961005171140035,0.027034347256024677,0.011960465150574843
2703,"[[57]
 [55]
 [56]
 [55]
 [53]]",3,0,meningioma,0,0.6897160808245341,0.3071873386700948,0.003096566613142689
2704,"[[57]
 [55]
 [57]
 [52]
 [51]]",1,0,meningioma,0,0.7540871103604635,0.23999959230422974,0.005913302069529891
2705,"[[57]
 [55]
 [57]
 [52]
 [51]]",1,0,meningioma,0,0.6457546353340149,0.34860506653785706,0.005640252027660608
2706,"[[57]
 [55]
 [57]
 [52]
 [51]]",1,0,meningioma,0,0.9917549093564352,0.008168742836763462,7.633064403004634e-05
2707,"[[57]
 [55]
 [57]
 [52]
 [51]]",1,0,meningioma,0,0.8193370302518209,0.16703051825364432,0.013632478192448616
2708,"[[57]
 [55]
 [57]
 [52]
 [51]]",1,0,meningioma,1,0.3035152057806651,0.5969319740931193,0.09955285241206487
2709,"[[49]
 [48]
 [54]
 [52]
 [52]
 [50]]",2,0,meningioma,0,0.872087319691976,0.12768666446208954,0.00022599945562736443
2710,"[[57]
 [56]
 [50]
 [52]
 [49]]",1,0,meningioma,0,0.751008669535319,0.24725693464279175,0.0017343806102871895
2711,"[[57]
 [56]
 [50]
 [52]
 [49]]",1,0,meningioma,0,0.9534352620442709,0.045054092382391296,0.001510619845551749
2712,"[[57]
 [56]
 [50]
 [52]
 [49]]",1,0,meningioma,0,0.5529555479685465,0.44426290194193524,0.0027815597907950482
2713,"[[57]
 [56]
 [50]
 [52]
 [49]]",1,0,meningioma,1,0.26027487715085346,0.7236822644869486,0.016042865502337616
2714,"[[57]
 [56]
 [50]
 [52]
 [49]]",1,0,meningioma,1,0.15390174090862274,0.7972311774889628,0.048867045591274895
2715,"[[57]
 [56]
 [50]
 [52]
 [49]]",1,0,meningioma,2,0.021873837957779568,0.3198400636514028,0.6582860747973124
2716,"[[57]
 [57]
 [48]
 [49]
 [55]]",0,0,meningioma,0,0.8081918954849243,0.04392057781418165,0.14788755277792612
2717,"[[57]
 [57]
 [48]
 [49]
 [55]]",0,0,meningioma,0,0.9528661171595255,0.026297229652603466,0.020836676781376202
2718,"[[57]
 [57]
 [48]
 [56]
 [57]]",0,0,meningioma,0,0.642030676205953,0.03083803815146287,0.3271313011646271
2719,"[[57]
 [57]
 [48]
 [56]
 [57]]",0,0,meningioma,0,0.5846435527006785,0.07975352555513382,0.3356029192606608
2720,"[[49]
 [48]
 [54]
 [52]
 [52]
 [50]]",2,0,meningioma,0,0.8026535709698995,0.19683505346377692,0.0005113900212260584
2721,"[[57]
 [57]
 [48]
 [56]
 [57]]",0,0,meningioma,0,0.6096677184104919,0.13566057880719504,0.2546717127164205
2722,"[[57]
 [57]
 [48]
 [56]
 [57]]",0,0,meningioma,0,0.8861140410105387,0.1116948202252388,0.0021911122215290866
2723,"[[57]
 [57]
 [48]
 [56]
 [57]]",0,0,meningioma,0,0.986764391263326,0.012553021622200808,0.0006826094904681668
2724,"[[57]
 [57]
 [49]
 [54]
 [50]]",0,0,meningioma,0,0.8577807148297628,0.14166431625684103,0.0005549335037358105
2725,"[[57]
 [57]
 [49]
 [54]
 [50]]",0,0,meningioma,0,0.7123635609944662,0.22579618295033774,0.06184024860461553
2726,"[[57]
 [57]
 [49]
 [54]
 [50]]",0,0,meningioma,2,0.28842049837112427,0.29676658908526105,0.41481293241182965
2727,"[[57]
 [57]
 [50]
 [56]
 [56]]",1,0,meningioma,2,0.3203534384568532,0.1957940012216568,0.4838525354862213
2728,"[[57]
 [57]
 [51]
 [48]
 [56]]",3,0,meningioma,0,0.8712069988250732,0.03190974394480387,0.09688327585657437
2729,"[[57]
 [57]
 [51]
 [48]
 [56]]",3,0,meningioma,0,0.8693854411443075,0.12968253095944723,0.0009320188061489413
2730,"[[57]
 [57]
 [51]
 [48]
 [56]]",3,0,meningioma,0,0.8983584046363831,0.09989505509535472,0.0017465258715674281
2731,"[[49]
 [48]
 [48]
 [53]
 [55]
 [50]]",4,0,meningioma,2,0.2782715857028961,0.00310754698390762,0.7186208566029867
2732,"[[49]
 [48]
 [54]
 [52]
 [52]
 [50]]",2,0,meningioma,0,0.7939465045928955,0.20329983035723367,0.002753664351378878
2733,"[[57]
 [57]
 [51]
 [48]
 [56]]",3,0,meningioma,0,0.8415089646975199,0.15517068902651468,0.003320339834317565
2734,"[[57]
 [57]
 [51]
 [48]
 [56]]",3,0,meningioma,0,0.8920447826385498,0.10741165528694789,0.0005435179773485288
2735,"[[57]
 [57]
 [51]
 [48]
 [56]]",3,0,meningioma,0,0.9588318665822347,0.03949199306468169,0.0016761138880004485
2736,"[[57]
 [57]
 [56]
 [49]
 [53]]",2,0,meningioma,0,0.6240350604057312,0.37479942043622333,0.0011655186341765027
2737,"[[57]
 [57]
 [56]
 [49]
 [53]]",2,0,meningioma,0,0.595766524473826,0.4028805196285248,0.0013529462351774175
2738,"[[57]
 [57]
 [56]
 [49]
 [53]]",2,0,meningioma,1,0.2600303639968236,0.7398222287495931,0.00014739337348146364
2739,"[[57]
 [57]
 [56]
 [49]
 [53]]",2,0,meningioma,0,0.9100564320882162,0.08943108220895131,0.0005125031360269835
2740,"[[57]
 [57]
 [56]
 [49]
 [53]]",2,0,meningioma,0,0.6607446670532227,0.33890698353449505,0.00034838270706435043
2741,"[[57]
 [57]
 [56]
 [49]
 [53]]",2,0,meningioma,0,0.7786266406377157,0.22117874523003897,0.00019456235168036073
2742,"[[49]
 [48]
 [53]
 [57]
 [51]
 [54]]",1,2,pituitary,2,0.00014770877533010207,4.642868210188074e-06,0.9998476306597391
2743,"[[49]
 [48]
 [54]
 [53]
 [51]
 [52]]",3,0,meningioma,1,0.4960584839185079,0.49923879901568097,0.004702716832980514
2744,"[[49]
 [48]
 [53]
 [57]
 [51]
 [54]]",1,2,pituitary,2,0.0003050079176318832,2.4317846130846497e-06,0.9996925393740336
2745,"[[49]
 [48]
 [53]
 [57]
 [51]
 [54]]",1,2,pituitary,2,0.00029169783131995547,2.1348121663322672e-05,0.9996869166692098
2746,"[[49]
 [48]
 [54]
 [48]
 [54]
 [50]]",2,2,pituitary,2,0.009535469270000855,0.000526099126242722,0.9899384578069051
2747,"[[49]
 [48]
 [54]
 [48]
 [54]
 [50]]",2,2,pituitary,2,0.10039949168761571,0.013776881620287895,0.8858236273129781
2748,"[[49]
 [48]
 [54]
 [48]
 [54]
 [50]]",2,2,pituitary,2,0.07026984170079231,0.04084276594221592,0.8888873855272929
2749,"[[49]
 [48]
 [48]
 [56]
 [50]
 [48]]",3,1,glioma,0,0.9252357681592306,0.05854853428900242,0.016215693205595016
2750,"[[49]
 [48]
 [48]
 [56]
 [50]
 [48]]",3,1,glioma,0,0.9702271819114685,0.008279146626591682,0.021493690088391304
2751,"[[49]
 [48]
 [48]
 [56]
 [50]
 [48]]",3,1,glioma,0,0.9634498159090678,0.02561601313451926,0.010934192687273026
2752,"[[49]
 [48]
 [49]
 [48]
 [50]
 [48]]",4,1,glioma,1,0.3778092364470164,0.5914207498232523,0.030770032356182735
2753,"[[49]
 [48]
 [49]
 [48]
 [50]
 [48]]",4,1,glioma,1,0.34517712394396466,0.6477869947751363,0.007035860481361548
2754,"[[49]
 [48]
 [54]
 [53]
 [51]
 [52]]",3,0,meningioma,0,0.6308006246884664,0.3309154212474823,0.038283937921126686
2755,"[[49]
 [48]
 [49]
 [48]
 [50]
 [48]]",4,1,glioma,1,0.09274722884098689,0.893783966700236,0.013468783038357893
2756,"[[49]
 [48]
 [49]
 [48]
 [50]
 [48]]",4,1,glioma,1,0.33186404903729755,0.6477428277333578,0.02039313254257043
2757,"[[49]
 [48]
 [50]
 [48]
 [55]
 [53]]",1,1,glioma,0,0.5431493322054545,0.07442919164896011,0.38242149353027344
2758,"[[49]
 [48]
 [50]
 [48]
 [55]
 [53]]",1,1,glioma,1,0.034617786606152855,0.94545845190684,0.019923777009050053
2759,"[[49]
 [48]
 [50]
 [48]
 [55]
 [53]]",1,1,glioma,1,0.2419465184211731,0.7201488216718038,0.03790465493996938
2760,"[[49]
 [48]
 [51]
 [49]
 [52]
 [56]]",2,1,glioma,1,0.10432613144318263,0.8852210839589437,0.01045278940970699
2761,"[[49]
 [48]
 [51]
 [49]
 [52]
 [56]]",2,1,glioma,1,0.1525106430053711,0.8464634418487549,0.0010259193950332701
2762,"[[49]
 [48]
 [51]
 [49]
 [52]
 [56]]",2,1,glioma,1,0.01675061012307803,0.9829884171485901,0.00026092558982782066
2763,"[[49]
 [48]
 [51]
 [49]
 [52]
 [56]]",2,1,glioma,1,0.037965370963017143,0.9615011413892111,0.000533499454225724
2764,"[[49]
 [48]
 [54]
 [52]
 [57]
 [52]]",3,1,glioma,2,0.11959656203786533,0.08287559449672699,0.797527809937795
2765,"[[49]
 [48]
 [54]
 [54]
 [54]
 [53]]",1,0,meningioma,0,0.742067833741506,0.24955013891061148,0.008382009031871954
2766,"[[49]
 [48]
 [54]
 [52]
 [57]
 [52]]",3,1,glioma,1,0.16347632308801016,0.5403294563293457,0.29619424045085907
2767,"[[49]
 [48]
 [54]
 [52]
 [57]
 [52]]",3,1,glioma,1,0.03941898110012213,0.8067194223403931,0.15386158227920532
2768,"[[49]
 [48]
 [54]
 [52]
 [57]
 [52]]",3,1,glioma,0,0.5887323419253031,0.13715223968029022,0.2741154034932454
2769,"[[49]
 [48]
 [54]
 [52]
 [57]
 [52]]",3,1,glioma,1,0.22223768134911856,0.5617238283157349,0.21603848040103912
2770,"[[49]
 [48]
 [54]
 [52]
 [57]
 [52]]",3,1,glioma,0,0.95506751537323,0.030251494298378628,0.014680995916326841
2771,"[[49]
 [48]
 [55]
 [55]
 [52]
 [55]]",3,1,glioma,1,0.42022942503293353,0.5456501642862955,0.034120442966620125
2772,"[[49]
 [48]
 [55]
 [55]
 [52]
 [55]]",3,1,glioma,1,0.2855449467897415,0.676670491695404,0.0377845453719298
2773,"[[49]
 [48]
 [55]
 [55]
 [52]
 [55]]",3,1,glioma,1,0.24925735592842102,0.6701974074045817,0.08054525405168533
2774,"[[49]
 [48]
 [55]
 [55]
 [52]
 [55]]",3,1,glioma,0,0.5797033607959747,0.4109645187854767,0.009332142304629087
2775,"[[49]
 [48]
 [55]
 [55]
 [52]
 [55]]",3,1,glioma,1,0.271933580438296,0.7278417348861694,0.00022470175584506555
2776,"[[49]
 [48]
 [54]
 [54]
 [54]
 [53]]",1,0,meningioma,0,0.9606825113296509,0.03785253626604875,0.0014649233780801296
2777,"[[49]
 [49]
 [50]
 [49]
 [48]
 [53]]",1,1,glioma,1,0.025867529834310215,0.802856981754303,0.17127550144990286
2778,"[[49]
 [49]
 [50]
 [49]
 [48]
 [53]]",1,1,glioma,2,0.11722112198670705,0.35209039847056073,0.5306884745756785
2779,"[[49]
 [49]
 [50]
 [49]
 [48]
 [53]]",1,1,glioma,1,0.04649940008918444,0.9484923879305521,0.005008211359381676
2780,"[[49]
 [49]
 [50]
 [49]
 [48]
 [53]]",1,1,glioma,1,0.022705248557031155,0.9761803944905599,0.001114332932047546
2781,"[[49]
 [49]
 [50]
 [49]
 [48]
 [53]]",1,1,glioma,0,0.6825523177782694,0.3169712424278259,0.00047642079880461097
2782,"[[49]
 [49]
 [50]
 [49]
 [48]
 [53]]",1,1,glioma,1,0.24668377141157785,0.7531326214472452,0.00018363009682313228
2783,"[[49]
 [49]
 [50]
 [49]
 [48]
 [53]]",1,1,glioma,0,0.5348333716392517,0.46481120586395264,0.00035544151614885777
2784,"[[49]
 [48]
 [48]
 [56]
 [50]
 [48]]",3,1,glioma,0,0.5547302265961965,0.4435911377271016,0.001678626169450581
2785,"[[49]
 [48]
 [48]
 [56]
 [50]
 [48]]",3,1,glioma,0,0.5978711545467377,0.32962845762570697,0.07250035429994266
2786,"[[49]
 [48]
 [48]
 [56]
 [50]
 [48]]",3,1,glioma,0,0.666196366151174,0.3128256599108378,0.020977954069773357
2787,"[[49]
 [48]
 [54]
 [54]
 [54]
 [53]]",1,0,meningioma,0,0.9730037848154703,0.02660477968553702,0.0003914308229771753
2788,"[[49]
 [48]
 [48]
 [56]
 [50]
 [48]]",3,1,glioma,0,0.9672548770904541,0.01787213732798894,0.01487295034651955
2789,"[[49]
 [48]
 [48]
 [56]
 [50]
 [48]]",3,1,glioma,0,0.9100830753644308,0.025988288844625156,0.06392863144477208
2790,"[[49]
 [48]
 [48]
 [56]
 [50]
 [48]]",3,1,glioma,0,0.8980837861696879,0.021238513911763828,0.08067767570416133
2791,"[[49]
 [48]
 [49]
 [48]
 [50]
 [48]]",4,1,glioma,0,0.7164682348569235,0.28320856889088947,0.0003232319577364251
2792,"[[49]
 [48]
 [49]
 [48]
 [50]
 [48]]",4,1,glioma,1,0.2712909479935964,0.7269924283027649,0.0017166401958093047
2793,"[[49]
 [48]
 [49]
 [48]
 [50]
 [48]]",4,1,glioma,1,0.07360849529504776,0.9262675046920776,0.00012398450053296983
2794,"[[49]
 [48]
 [49]
 [48]
 [50]
 [48]]",4,1,glioma,1,0.17409778634707132,0.8256643215815226,0.00023789021361153573
2795,"[[49]
 [48]
 [49]
 [48]
 [50]
 [48]]",4,1,glioma,1,0.1560697704553604,0.8310048977533976,0.012925382082660994
2796,"[[49]
 [48]
 [49]
 [48]
 [50]
 [48]]",4,1,glioma,1,0.439052015542984,0.546000341574351,0.014947614632546902
2797,"[[49]
 [48]
 [49]
 [48]
 [50]
 [48]]",4,1,glioma,0,0.6696144541104635,0.32716400424639386,0.0032215710574140153
2798,"[[49]
 [48]
 [54]
 [54]
 [54]
 [53]]",1,0,meningioma,0,0.8757034540176392,0.12397351364294688,0.00032299365557264537
2799,"[[49]
 [48]
 [49]
 [48]
 [50]
 [48]]",4,1,glioma,0,0.7339756488800049,0.26421209176381427,0.0018122841914494832
2800,"[[49]
 [48]
 [50]
 [48]
 [55]
 [53]]",1,1,glioma,1,0.024095742031931877,0.9757634401321411,0.00014084513046933958
2801,"[[49]
 [48]
 [50]
 [48]
 [55]
 [53]]",1,1,glioma,0,0.6662277380625407,0.3329271773497264,0.0008450929114284614
2802,"[[49]
 [48]
 [50]
 [48]
 [55]
 [53]]",1,1,glioma,0,0.9258857568105062,0.07076248029867808,0.003351812483742833
2803,"[[49]
 [48]
 [51]
 [49]
 [52]
 [56]]",2,1,glioma,0,0.6568912466367086,0.33252018690109253,0.010588573602338633
2804,"[[49]
 [48]
 [51]
 [49]
 [52]
 [56]]",2,1,glioma,1,0.38050784667332965,0.5770865877469381,0.04240557178854942
2805,"[[49]
 [48]
 [51]
 [49]
 [52]
 [56]]",2,1,glioma,0,0.6351797978083292,0.3635285993417104,0.0012916044797748327
2806,"[[49]
 [48]
 [51]
 [49]
 [52]
 [56]]",2,1,glioma,1,0.21515840788682303,0.7845576206843058,0.0002839338364234815
2807,"[[49]
 [48]
 [54]
 [52]
 [57]
 [52]]",3,1,glioma,0,0.9302493532498678,0.04605038712422053,0.0237002478291591
2808,"[[49]
 [48]
 [54]
 [52]
 [57]
 [52]]",3,1,glioma,0,0.8910218278566996,0.05633538092176119,0.052642817298571266
2809,"[[49]
 [48]
 [54]
 [54]
 [54]
 [53]]",1,0,meningioma,0,0.5381672779719034,0.439897616704305,0.021935096010565758
2810,"[[49]
 [48]
 [54]
 [52]
 [57]
 [52]]",3,1,glioma,1,0.2221551388502121,0.7758666674296061,0.001978183281607926
2811,"[[49]
 [48]
 [54]
 [52]
 [57]
 [52]]",3,1,glioma,0,0.6583559711774191,0.34127580126126605,0.00036821361087883514
2812,"[[49]
 [48]
 [54]
 [52]
 [57]
 [52]]",3,1,glioma,0,0.9669276674588522,0.0330110602080822,6.124295638680148e-05
2813,"[[49]
 [48]
 [55]
 [55]
 [52]
 [55]]",3,1,glioma,0,0.5515342752138773,0.430962731440862,0.017502977202335995
2814,"[[49]
 [48]
 [55]
 [55]
 [52]
 [55]]",3,1,glioma,0,0.8276994029680887,0.16450654963652292,0.007794029234598081
2815,"[[49]
 [48]
 [55]
 [55]
 [52]
 [55]]",3,1,glioma,1,0.23515012860298157,0.7574081818262736,0.007441689570744832
2816,"[[49]
 [48]
 [55]
 [55]
 [52]
 [55]]",3,1,glioma,0,0.8220105369885763,0.05913685510555903,0.11885261783997218
2817,"[[49]
 [48]
 [55]
 [55]
 [52]
 [55]]",3,1,glioma,1,0.19164270162582397,0.7952359120051066,0.013121380470693111
2818,"[[49]
 [48]
 [55]
 [55]
 [52]
 [55]]",3,1,glioma,1,0.4128991663455963,0.5360720157623291,0.051028795540332794
2819,"[[49]
 [49]
 [50]
 [48]
 [50]
 [55]]",2,1,glioma,0,0.6596688628196716,0.3402542620897293,7.68949600266448e-05
2820,"[[49]
 [48]
 [54]
 [54]
 [54]
 [53]]",1,0,meningioma,0,0.7129498322804769,0.2866504391034444,0.00039975418864438933
2821,"[[49]
 [49]
 [50]
 [48]
 [50]
 [55]]",2,1,glioma,1,0.4278991421063741,0.5685997307300568,0.003501130578418573
2822,"[[49]
 [49]
 [50]
 [49]
 [48]
 [53]]",1,1,glioma,0,0.5261822839577993,0.44951707124710083,0.02430065597097079
2823,"[[49]
 [49]
 [50]
 [49]
 [48]
 [53]]",1,1,glioma,1,0.10770219067732494,0.8918164173762003,0.00048140778865975636
2824,"[[49]
 [49]
 [50]
 [49]
 [48]
 [53]]",1,1,glioma,1,0.15203257401784262,0.8476589719454447,0.0003084700389687593
2825,"[[49]
 [49]
 [50]
 [49]
 [48]
 [53]]",1,1,glioma,1,0.16646679739157358,0.8327810366948446,0.0007521576286914448
2826,"[[49]
 [49]
 [50]
 [49]
 [48]
 [53]]",1,1,glioma,0,0.6796275973320007,0.3077540496985118,0.012618348933756351
2827,"[[49]
 [49]
 [50]
 [49]
 [48]
 [53]]",1,1,glioma,0,0.4970715443293254,0.3735770682493846,0.12935138493776321
2828,"[[49]
 [49]
 [50]
 [49]
 [48]
 [53]]",1,1,glioma,0,0.5484182238578796,0.4478677809238434,0.0037139804723362126
2829,"[[49]
 [49]
 [50]
 [49]
 [48]
 [53]]",1,1,glioma,0,0.5733396609624227,0.40615172187487286,0.02050860971212387
2830,"[[49]
 [49]
 [50]
 [49]
 [48]
 [53]]",1,1,glioma,0,0.5273118118445078,0.46632908781369525,0.006359103601425886
2831,"[[49]
 [48]
 [54]
 [54]
 [54]
 [53]]",1,0,meningioma,0,0.8174114028612772,0.18175885329643884,0.0008297434736353656
2832,"[[49]
 [49]
 [50]
 [49]
 [48]
 [53]]",1,1,glioma,1,0.050299168874820076,0.9487786293029785,0.0009221824390503267
2833,"[[49]
 [49]
 [50]
 [49]
 [48]
 [53]]",1,1,glioma,1,0.11541527758042018,0.8836657404899597,0.0009189702104777098
2834,"[[56]
 [56]
 [54]
 [55]
 [48]]",0,1,glioma,0,0.5908457239468893,0.40647510687510174,0.0026791663452362022
2835,"[[56]
 [56]
 [54]
 [55]
 [48]]",0,1,glioma,0,0.8010780413945516,0.19462465743223825,0.004297321507086356
2836,"[[56]
 [56]
 [54]
 [55]
 [48]]",0,1,glioma,0,0.7277803222338358,0.23658407727877298,0.035635613525907196
2837,"[[56]
 [56]
 [54]
 [55]
 [48]]",0,1,glioma,1,0.24243968228499094,0.7542200883229574,0.0033402208161229887
2838,"[[56]
 [56]
 [54]
 [55]
 [48]]",0,1,glioma,1,0.38629541794459027,0.611704687277476,0.0019998991629108787
2839,"[[56]
 [56]
 [54]
 [55]
 [48]]",0,1,glioma,0,0.7396530310312907,0.23558265467484793,0.024764342854420345
2840,"[[56]
 [56]
 [54]
 [55]
 [48]]",0,1,glioma,0,0.726412812868754,0.2585735122362773,0.015013656268517176
2841,"[[57]
 [48]
 [50]
 [56]
 [52]]",4,1,glioma,1,0.011600660470624765,0.9876747330029806,0.000724604333906124
2842,"[[49]
 [48]
 [48]
 [53]
 [55]
 [50]]",4,0,meningioma,2,0.11223756521940231,0.010309139887491861,0.8774533073107401
2843,"[[49]
 [48]
 [54]
 [55]
 [50]
 [48]]",4,0,meningioma,0,0.6706346273422241,0.324668824672699,0.004696565680205822
2844,"[[57]
 [48]
 [50]
 [56]
 [52]]",4,1,glioma,1,0.011204973018417755,0.987484872341156,0.0013101653894409537
2845,"[[57]
 [48]
 [50]
 [56]
 [52]]",4,1,glioma,1,0.2414374202489853,0.7553877830505371,0.0031748421412582197
2846,"[[57]
 [48]
 [50]
 [56]
 [52]]",4,1,glioma,1,0.29749871293703717,0.697647213935852,0.00485406272734205
2847,"[[57]
 [48]
 [50]
 [56]
 [52]]",4,1,glioma,1,0.14367427428563437,0.8554315567016602,0.000894181284820661
2848,"[[57]
 [48]
 [50]
 [56]
 [52]]",4,1,glioma,1,0.31905542810757953,0.6783145864804586,0.002629992629711827
2849,"[[57]
 [48]
 [50]
 [56]
 [52]]",4,1,glioma,1,0.3042985697587331,0.6830222407976786,0.012679222039878368
2850,"[[57]
 [48]
 [50]
 [56]
 [52]]",4,1,glioma,1,0.2894892990589142,0.6896665891011556,0.020844076449672382
2851,"[[57]
 [50]
 [56]
 [57]
 [55]]",4,1,glioma,0,0.5512083172798157,0.4385303159554799,0.010261392376075188
2852,"[[57]
 [50]
 [56]
 [57]
 [55]]",4,1,glioma,1,0.3150343894958496,0.673754076162974,0.011211511058111986
2853,"[[57]
 [51]
 [56]
 [50]
 [53]]",1,1,glioma,1,0.033134189123908676,0.9574119647343954,0.009453860111534595
2854,"[[49]
 [48]
 [54]
 [55]
 [50]
 [48]]",4,0,meningioma,0,0.9446489214897156,0.05373681833346685,0.0016142577320958178
2855,"[[57]
 [51]
 [56]
 [50]
 [53]]",1,1,glioma,1,0.016620852053165436,0.98238072792689,0.0009984580877547462
2856,"[[57]
 [51]
 [56]
 [50]
 [53]]",1,1,glioma,1,0.23234082758426666,0.7651012341181437,0.002557933951417605
2857,"[[57]
 [55]
 [54]
 [48]
 [57]]",2,1,glioma,1,0.01608197328945001,0.9839147726694742,3.2243087465152107e-06
2858,"[[57]
 [55]
 [54]
 [48]
 [57]]",2,1,glioma,1,0.016920793801546097,0.9830604592959086,1.877545522196063e-05
2859,"[[57]
 [55]
 [54]
 [48]
 [57]]",2,1,glioma,1,0.05817445491751035,0.9417332212130228,9.233051484140257e-05
2860,"[[57]
 [55]
 [54]
 [48]
 [57]]",2,1,glioma,0,0.6019871036211649,0.39787845810254413,0.00013446667192814252
2861,"[[57]
 [55]
 [54]
 [48]
 [57]]",2,1,glioma,1,0.3049348145723343,0.6948099732398987,0.00025519255238274735
2862,"[[57]
 [55]
 [54]
 [48]
 [57]]",2,1,glioma,0,0.6328291893005371,0.3645850121974945,0.0025857838336378336
2863,"[[49]
 [48]
 [48]
 [52]
 [49]
 [54]]",1,1,glioma,1,0.09781911969184875,0.9019134044647217,0.0002674653466480474
2864,"[[49]
 [48]
 [48]
 [52]
 [49]
 [54]]",1,1,glioma,1,0.11137024313211441,0.8878603180249532,0.0007694373101306459
2865,"[[49]
 [48]
 [54]
 [55]
 [50]
 [48]]",4,0,meningioma,0,0.9888411561648051,0.010614990877608458,0.0005438387791703766
2866,"[[49]
 [48]
 [48]
 [52]
 [49]
 [54]]",1,1,glioma,1,0.29073747992515564,0.7085144917170206,0.0007480261944389591
2867,"[[49]
 [48]
 [48]
 [52]
 [49]
 [54]]",1,1,glioma,1,0.36374818285306293,0.6351906855901083,0.001061151900406306
2868,"[[49]
 [48]
 [48]
 [56]
 [50]
 [48]]",3,1,glioma,0,0.8093275825182596,0.18879128992557526,0.001881099500072499
2869,"[[49]
 [48]
 [48]
 [56]
 [50]
 [48]]",3,1,glioma,1,0.11329597731431325,0.8864686886469523,0.00023533528292318806
2870,"[[49]
 [48]
 [48]
 [56]
 [50]
 [48]]",3,1,glioma,0,0.8336601456006368,0.16546484331289926,0.0008750148602606108
2871,"[[49]
 [48]
 [48]
 [56]
 [50]
 [48]]",3,1,glioma,0,0.6504570444424947,0.3407299915949504,0.008812945724154512
2872,"[[49]
 [48]
 [48]
 [56]
 [50]
 [48]]",3,1,glioma,0,0.801510731379191,0.06580274427930514,0.13268653055032095
2873,"[[49]
 [48]
 [48]
 [56]
 [50]
 [48]]",3,1,glioma,0,0.8282284537951151,0.030579247201482456,0.1411923443277677
2874,"[[49]
 [48]
 [49]
 [48]
 [50]
 [48]]",4,1,glioma,0,0.9389737645785013,0.06066686287522316,0.0003594270068181989
2875,"[[49]
 [48]
 [49]
 [48]
 [50]
 [48]]",4,1,glioma,1,0.07754821081956227,0.9224067727724711,4.501372526040844e-05
2876,"[[49]
 [48]
 [54]
 [55]
 [50]
 [48]]",4,0,meningioma,0,0.8770105640093485,0.06217314302921295,0.060816261917352676
2877,"[[49]
 [48]
 [49]
 [48]
 [50]
 [48]]",4,1,glioma,0,0.6408537228902181,0.35677377382914227,0.0023725017672404647
2878,"[[49]
 [48]
 [49]
 [48]
 [50]
 [48]]",4,1,glioma,0,0.9348580241203308,0.06290729343891144,0.002234676076720158
2879,"[[49]
 [48]
 [49]
 [48]
 [50]
 [48]]",4,1,glioma,0,0.7593735853830973,0.24032749235630035,0.0002989271888509393
2880,"[[49]
 [48]
 [49]
 [48]
 [50]
 [48]]",4,1,glioma,1,0.4561724364757538,0.5428079863389333,0.0010195874880688887
2881,"[[49]
 [48]
 [49]
 [51]
 [56]
 [52]]",4,1,glioma,1,0.4169713358084361,0.46067272623380023,0.12235590070486069
2882,"[[49]
 [48]
 [49]
 [51]
 [56]
 [52]]",4,1,glioma,0,0.527337908744812,0.46767937143643695,0.004982707401116689
2883,"[[49]
 [48]
 [49]
 [51]
 [56]
 [52]]",4,1,glioma,0,0.6586226224899292,0.3277030785878499,0.013674290229876837
2884,"[[49]
 [48]
 [50]
 [48]
 [55]
 [53]]",1,1,glioma,0,0.7652731935183207,0.23327313363552094,0.0014536733118196328
2885,"[[49]
 [48]
 [50]
 [48]
 [55]
 [53]]",1,1,glioma,0,0.5149886012077332,0.48447945713996887,0.0005319578922353685
2886,"[[49]
 [48]
 [50]
 [48]
 [55]
 [53]]",1,1,glioma,0,0.7853409250577291,0.21347210307916006,0.0011869786540046334
2887,"[[49]
 [48]
 [54]
 [55]
 [50]
 [48]]",4,0,meningioma,0,0.9249001145362854,0.04926480477054914,0.025835043129821617
2888,"[[49]
 [48]
 [51]
 [49]
 [52]
 [56]]",2,1,glioma,0,0.5353829761346182,0.46412623922030133,0.0004908170473451415
2889,"[[49]
 [48]
 [51]
 [49]
 [52]
 [56]]",2,1,glioma,1,0.0855277677377065,0.9143724838892618,9.973023164396484e-05
2890,"[[49]
 [48]
 [51]
 [49]
 [52]
 [56]]",2,1,glioma,0,0.5891316930452982,0.4105786184469859,0.00028970340887705487
2891,"[[49]
 [48]
 [51]
 [49]
 [52]
 [56]]",2,1,glioma,1,0.34059128165245056,0.6319726705551147,0.027436028545101483
2892,"[[49]
 [48]
 [53]
 [54]
 [53]
 [51]]",2,1,glioma,0,0.9281377792358398,0.04011909477412701,0.031743121022979416
2893,"[[49]
 [48]
 [53]
 [54]
 [53]
 [51]]",2,1,glioma,0,0.934880256652832,0.013593945341805616,0.05152577410141627
2894,"[[49]
 [48]
 [54]
 [52]
 [57]
 [52]]",3,1,glioma,0,0.6334697008132935,0.3543640474478404,0.012166261052091917
2895,"[[49]
 [48]
 [54]
 [52]
 [57]
 [52]]",3,1,glioma,1,0.35304967562357586,0.6295486489931742,0.01740167010575533
2896,"[[49]
 [48]
 [54]
 [52]
 [57]
 [52]]",3,1,glioma,1,0.1606545646985372,0.8360893328984579,0.003256068448536098
2897,"[[49]
 [48]
 [54]
 [52]
 [57]
 [52]]",3,1,glioma,1,0.3437025249004364,0.6003312269846598,0.05596623569726944
2898,"[[49]
 [48]
 [54]
 [55]
 [50]
 [48]]",4,0,meningioma,0,0.9313246806462606,0.05266022433837255,0.016015067386130493
2899,"[[49]
 [48]
 [54]
 [52]
 [57]
 [52]]",3,1,glioma,0,0.6035832365353903,0.39457325140635174,0.0018434941885061562
2900,"[[49]
 [48]
 [54]
 [52]
 [57]
 [52]]",3,1,glioma,0,0.9320879975954691,0.06226384763916334,0.005648154687757294
2901,"[[49]
 [48]
 [54]
 [52]
 [57]
 [52]]",3,1,glioma,0,0.7810165683428446,0.20565507809321085,0.013328313206632933
2902,"[[49]
 [48]
 [55]
 [55]
 [52]
 [55]]",3,1,glioma,1,0.2704726606607437,0.7273760636647543,0.00215127602374802
2903,"[[49]
 [48]
 [55]
 [55]
 [52]
 [55]]",3,1,glioma,1,0.1803782731294632,0.7952686349550883,0.024353102780878544
2904,"[[49]
 [48]
 [55]
 [55]
 [52]
 [55]]",3,1,glioma,0,0.5476674834887186,0.3830346663792928,0.06929782281319301
2905,"[[49]
 [48]
 [55]
 [55]
 [52]
 [55]]",3,1,glioma,0,0.6805058519045512,0.2926267981529236,0.026867331316073734
2906,"[[49]
 [48]
 [56]
 [52]
 [55]
 [57]]",3,1,glioma,1,0.22126797338326773,0.7515354951222738,0.027196523422996204
2907,"[[49]
 [48]
 [56]
 [52]
 [55]
 [57]]",3,1,glioma,2,0.16689911236365637,0.0697846698264281,0.7633162140846252
2908,"[[49]
 [49]
 [50]
 [49]
 [48]
 [53]]",1,1,glioma,1,0.1796425978342692,0.8199440638224283,0.00041335746936965734
2909,"[[49]
 [48]
 [54]
 [55]
 [50]
 [48]]",4,0,meningioma,0,0.9922251105308533,0.006931808621933063,0.0008430997453009089
2910,"[[49]
 [49]
 [50]
 [49]
 [48]
 [53]]",1,1,glioma,1,0.17446736494700113,0.8251217802365621,0.0004108554470197608
2911,"[[49]
 [49]
 [50]
 [49]
 [48]
 [53]]",1,1,glioma,0,0.7210960984230042,0.2717410822709401,0.007162810613711675
2912,"[[49]
 [49]
 [50]
 [49]
 [48]
 [53]]",1,1,glioma,0,0.8475269277890524,0.14835194249947867,0.004121134174056351
2913,"[[49]
 [49]
 [50]
 [49]
 [48]
 [53]]",1,1,glioma,1,0.012563513902326425,0.987273116906484,0.0001633689486576865
2914,"[[49]
 [49]
 [50]
 [49]
 [48]
 [53]]",1,1,glioma,1,0.01916701750208934,0.980803906917572,2.9104400406746816e-05
2915,"[[56]
 [56]
 [54]
 [55]
 [48]]",0,1,glioma,0,0.6133384704589844,0.3849218785762787,0.00173963342482845
2916,"[[56]
 [56]
 [54]
 [55]
 [48]]",0,1,glioma,0,0.7220270037651062,0.2767239560683568,0.001249016708849619
2917,"[[56]
 [56]
 [54]
 [55]
 [48]]",0,1,glioma,0,0.8461113770802816,0.15303775916496912,0.0008508458195137791
2918,"[[56]
 [56]
 [54]
 [55]
 [48]]",0,1,glioma,0,0.5925817092259725,0.39746050039927167,0.009957815830906233
2919,"[[56]
 [56]
 [54]
 [55]
 [48]]",0,1,glioma,0,0.5108222961425781,0.487389196952184,0.0017885316628962755
2920,"[[49]
 [48]
 [54]
 [57]
 [49]
 [52]]",3,0,meningioma,0,0.67508331934611,0.031144175057609875,0.29377249379952747
2921,"[[57]
 [48]
 [50]
 [56]
 [52]]",4,1,glioma,0,0.6010099848111471,0.34624576568603516,0.05274426192045212
2922,"[[57]
 [48]
 [50]
 [56]
 [52]]",4,1,glioma,0,0.7097032268842062,0.07921595126390457,0.2110807845989863
2923,"[[57]
 [48]
 [50]
 [56]
 [52]]",4,1,glioma,1,0.033548216025034584,0.9630838831265768,0.003367888042703271
2924,"[[57]
 [48]
 [50]
 [56]
 [52]]",4,1,glioma,2,0.08681324621041615,0.0910918116569519,0.8220949172973633
2925,"[[57]
 [48]
 [50]
 [56]
 [52]]",4,1,glioma,2,0.026861475159724552,0.016785476667185623,0.9563530484835306
2926,"[[57]
 [48]
 [50]
 [56]
 [52]]",4,1,glioma,0,0.40720779697100323,0.23421632250150046,0.35857587059338886
2927,"[[57]
 [48]
 [50]
 [56]
 [52]]",4,1,glioma,1,0.020984742790460587,0.970487137635549,0.008528108863780895
2928,"[[57]
 [48]
 [50]
 [56]
 [52]]",4,1,glioma,1,0.36815179387728375,0.6280795534451803,0.003768671303987503
2929,"[[57]
 [48]
 [50]
 [56]
 [52]]",4,1,glioma,1,0.1068477804462115,0.8123311996459961,0.08082099755605061
2930,"[[57]
 [48]
 [50]
 [56]
 [52]]",4,1,glioma,0,0.4856906831264496,0.4362500508626302,0.07805926104386647
2931,"[[49]
 [48]
 [54]
 [57]
 [49]
 [52]]",3,0,meningioma,1,0.27068479359149933,0.7053725322087606,0.023942680408557255
2932,"[[57]
 [48]
 [50]
 [56]
 [52]]",4,1,glioma,1,0.4093518058458964,0.5037508805592855,0.08689734463890393
2933,"[[57]
 [50]
 [56]
 [57]
 [55]]",4,1,glioma,1,0.41130707661310834,0.530514637629191,0.05817831183473269
2934,"[[57]
 [50]
 [56]
 [57]
 [55]]",4,1,glioma,0,0.5082472860813141,0.4849698543548584,0.006782834573338429
2935,"[[57]
 [51]
 [51]
 [50]
 [57]]",4,1,glioma,0,0.5784154335657755,0.36296893159548443,0.05861561248699824
2936,"[[57]
 [51]
 [51]
 [50]
 [57]]",4,1,glioma,0,0.8875007629394531,0.1091883232196172,0.0033109324673811593
2937,"[[57]
 [51]
 [51]
 [50]
 [57]]",4,1,glioma,0,0.8983606894810995,0.1003456860780716,0.0012936028845918675
2938,"[[57]
 [51]
 [51]
 [50]
 [57]]",4,1,glioma,0,0.9643569389979044,0.016935923447211582,0.01870710092286269
2939,"[[57]
 [51]
 [51]
 [50]
 [57]]",4,1,glioma,0,0.9579562544822693,0.034752994775772095,0.007290796687205632
2940,"[[57]
 [51]
 [56]
 [50]
 [53]]",1,1,glioma,0,0.7998800873756409,0.18371641635894775,0.01640347857028246
2941,"[[57]
 [51]
 [56]
 [50]
 [53]]",1,1,glioma,0,0.9209701816240946,0.06307080760598183,0.015959003940224648
2942,"[[49]
 [48]
 [54]
 [57]
 [49]
 [52]]",3,0,meningioma,0,0.9207611282666525,0.037425089006622635,0.04181375292440256
2943,"[[57]
 [51]
 [56]
 [50]
 [53]]",1,1,glioma,1,0.08501293137669563,0.914319634437561,0.0006674546311842278
2944,"[[57]
 [51]
 [56]
 [50]
 [53]]",1,1,glioma,1,0.2440139204263687,0.7513166268666586,0.004669438969964783
2945,"[[57]
 [52]
 [55]
 [51]
 [49]]",4,1,glioma,0,0.47273877263069153,0.16411709785461426,0.3631441096464793
2946,"[[57]
 [52]
 [55]
 [51]
 [49]]",4,1,glioma,0,0.7805746793746948,0.2034396082162857,0.015985692851245403
2947,"[[57]
 [52]
 [55]
 [51]
 [49]]",4,1,glioma,0,0.9794357220331827,0.016280657301346462,0.004283674371739228
2948,"[[57]
 [53]
 [49]
 [52]
 [50]]",4,1,glioma,2,0.149702787399292,0.19541504979133606,0.6548821528752645
2949,"[[57]
 [53]
 [49]
 [52]
 [50]]",4,1,glioma,0,0.5011643767356873,0.05739316095908483,0.44144246975580853
2950,"[[57]
 [53]
 [49]
 [52]
 [50]]",4,1,glioma,2,0.12595207492510477,0.1183475951353709,0.7557003299395243
2951,"[[57]
 [53]
 [49]
 [52]
 [50]]",4,1,glioma,0,0.5143782595793406,0.38434778650601703,0.10127397378285725
2952,"[[57]
 [53]
 [49]
 [52]
 [50]]",4,1,glioma,0,0.8130134145418803,0.17747404177983603,0.00951259753977259
2953,"[[49]
 [48]
 [49]
 [48]
 [49]
 [54]]",1,0,meningioma,1,0.30228758851687115,0.6920809547106425,0.005631474467615287
2954,"[[49]
 [48]
 [54]
 [57]
 [49]
 [52]]",3,0,meningioma,0,0.9529846906661987,0.011522066779434681,0.03549320871631304
2955,"[[57]
 [53]
 [49]
 [52]
 [50]]",4,1,glioma,1,0.33390719691912335,0.6521390477816263,0.013953767872105042
2956,"[[57]
 [53]
 [49]
 [52]
 [50]]",4,1,glioma,0,0.5051115155220032,0.48819485306739807,0.006693646777421236
2957,"[[57]
 [53]
 [49]
 [52]
 [50]]",4,1,glioma,1,0.46471333503723145,0.529788076877594,0.005498603840048115
2958,"[[57]
 [53]
 [49]
 [52]
 [50]]",4,1,glioma,0,0.682761530081431,0.3035816450913747,0.013656838797032833
2959,"[[57]
 [54]
 [53]
 [56]
 [55]]",4,1,glioma,0,0.9708848794301351,0.02593257836997509,0.003182542665551106
2960,"[[57]
 [54]
 [53]
 [56]
 [55]]",4,1,glioma,0,0.8150328596433004,0.1843766470750173,0.0005904987095467126
2961,"[[57]
 [54]
 [53]
 [56]
 [55]]",4,1,glioma,1,0.24549603958924612,0.7539210120836893,0.0005829551761659483
2962,"[[57]
 [54]
 [53]
 [56]
 [55]]",4,1,glioma,0,0.582003672917684,0.40515198310216266,0.01284432535370191
2963,"[[57]
 [55]
 [54]
 [48]
 [57]]",2,1,glioma,1,0.033071846390763916,0.9668819109598795,4.6252628332392e-05
2964,"[[57]
 [55]
 [54]
 [48]
 [57]]",2,1,glioma,1,0.018938850611448288,0.9809354146321615,0.00012569213868118823
2965,"[[49]
 [48]
 [55]
 [49]
 [57]
 [48]]",2,0,meningioma,0,0.8220787048339844,0.1775717337926229,0.00034960223517070216
2966,"[[57]
 [55]
 [54]
 [48]
 [57]]",2,1,glioma,1,0.03806433950861295,0.9618433515230814,9.229850305321936e-05
2967,"[[57]
 [55]
 [54]
 [48]
 [57]]",2,1,glioma,0,0.6026561657587687,0.39210561911265057,0.005238243533919255
2968,"[[57]
 [56]
 [56]
 [56]
 [57]]",4,1,glioma,0,0.5526173710823059,0.4446600675582886,0.002722520769263307
2969,"[[57]
 [56]
 [56]
 [56]
 [57]]",4,1,glioma,0,0.5171860754489899,0.3863175908724467,0.09649631629387538
2970,"[[57]
 [56]
 [56]
 [56]
 [57]]",4,1,glioma,1,0.3424217204252879,0.6407026648521423,0.0168756019944946
2971,"[[57]
 [56]
 [56]
 [56]
 [57]]",4,1,glioma,0,0.5150805711746216,0.47050100564956665,0.014418424417575201
2972,"[[57]
 [56]
 [56]
 [56]
 [57]]",4,1,glioma,1,0.3609962860743205,0.6310457189877828,0.007958008597294489
2973,"[[57]
 [56]
 [56]
 [56]
 [57]]",4,1,glioma,0,0.5976688861846924,0.38743723432223004,0.0148938891167442
2974,"[[49]
 [48]
 [53]
 [57]
 [51]
 [54]]",1,2,pituitary,2,0.0009001212699028353,0.0014095874115203817,0.9976902802785238
2975,"[[49]
 [48]
 [53]
 [57]
 [51]
 [54]]",1,2,pituitary,2,0.0007141151581890881,0.0017033415691306193,0.9975825349489847
2976,"[[49]
 [48]
 [55]
 [49]
 [57]
 [48]]",2,0,meningioma,0,0.5996536215146383,0.3984553317228953,0.001891053281724453
2977,"[[49]
 [48]
 [53]
 [57]
 [51]
 [54]]",1,2,pituitary,2,0.00027854099850325537,0.00018938901484943926,0.9995320638020834
2978,"[[49]
 [48]
 [53]
 [57]
 [51]
 [54]]",1,2,pituitary,2,0.00020021037441135073,9.757958954044928e-05,0.9997022350629171
2979,"[[49]
 [48]
 [54]
 [48]
 [54]
 [50]]",2,2,pituitary,2,0.28526827196280163,0.10628476366400719,0.6084470152854919
2980,"[[49]
 [48]
 [54]
 [48]
 [54]
 [50]]",2,2,pituitary,0,0.4991694589455922,0.10230399171511333,0.39852654933929443
2981,"[[49]
 [48]
 [54]
 [48]
 [54]
 [50]]",2,2,pituitary,2,0.03303025787075361,0.00821378113081058,0.9587559302647909
2982,"[[49]
 [48]
 [54]
 [48]
 [54]
 [50]]",2,2,pituitary,2,0.06525721525152524,0.000956338287020723,0.933786412080129
2983,"[[49]
 [48]
 [55]
 [52]
 [57]
 [53]]",3,2,pituitary,2,0.0012610651707897584,0.0025179386138916016,0.9962210059165955
2984,"[[49]
 [48]
 [55]
 [52]
 [57]
 [53]]",3,2,pituitary,2,0.0017911344766616821,0.0001489965434302576,0.9980598290761312
2985,"[[49]
 [48]
 [55]
 [52]
 [57]
 [53]]",3,2,pituitary,2,0.0030175180484851203,0.005627097096294165,0.9913553992907206
2986,"[[49]
 [48]
 [55]
 [52]
 [57]
 [53]]",3,2,pituitary,2,0.011710785639782747,0.003237422904931009,0.9850518306096395
2987,"[[49]
 [48]
 [55]
 [50]
 [52]
 [56]]",4,0,meningioma,2,0.08133712907632192,0.2821459074815114,0.6365170379479727
2988,"[[49]
 [48]
 [55]
 [52]
 [57]
 [53]]",3,2,pituitary,2,0.015517681216200193,0.018042986281216145,0.9664393663406372
2989,"[[49]
 [48]
 [55]
 [52]
 [57]
 [53]]",3,2,pituitary,2,0.0468594158689181,0.007225588740160068,0.9459149638811747
2990,"[[49]
 [48]
 [55]
 [52]
 [57]
 [53]]",3,2,pituitary,2,0.024844900394479435,0.0002970910184861471,0.9748579661051432
2991,"[[49]
 [48]
 [55]
 [52]
 [50]
 [57]]",3,2,pituitary,2,0.026020677760243416,0.004000790029143293,0.9699785709381104
2992,"[[49]
 [48]
 [55]
 [52]
 [50]
 [57]]",3,2,pituitary,2,0.12438831975062688,0.00036190359969623387,0.8752497434616089
2993,"[[49]
 [48]
 [55]
 [52]
 [50]
 [57]]",3,2,pituitary,2,0.14581282436847687,0.018875095682839554,0.8353120883305868
2994,"[[49]
 [48]
 [55]
 [52]
 [50]
 [57]]",3,2,pituitary,2,0.13586519161860147,0.018053811664382618,0.846081018447876
2995,"[[49]
 [48]
 [55]
 [52]
 [50]
 [57]]",3,2,pituitary,2,0.01900606540342172,0.002193294931203127,0.978800634543101
2996,"[[49]
 [48]
 [55]
 [52]
 [50]
 [57]]",3,2,pituitary,2,0.037609146907925606,0.0006507104359722385,0.9617401361465454
2997,"[[49]
 [48]
 [55]
 [53]
 [48]
 [53]]",2,2,pituitary,2,0.0015102861604342859,0.03527510414520899,0.9632146159807841
2998,"[[49]
 [48]
 [55]
 [50]
 [52]
 [56]]",4,0,meningioma,2,0.20569191873073578,0.12734105437994003,0.6669670343399048
2999,"[[49]
 [48]
 [55]
 [53]
 [48]
 [53]]",2,2,pituitary,2,0.01602936691294114,0.02418454208721717,0.9597861369450887
3000,"[[49]
 [48]
 [55]
 [53]
 [48]
 [53]]",2,2,pituitary,2,0.02615673653781414,0.013988749434550604,0.9598545829455057
3001,"[[49]
 [48]
 [55]
 [53]
 [48]
 [53]]",2,2,pituitary,2,0.006922092909614245,0.002966484675804774,0.9901114106178284
3002,"[[49]
 [48]
 [55]
 [53]
 [48]
 [53]]",2,2,pituitary,2,0.011378435418009758,0.00836357536415259,0.980258027712504
3003,"[[49]
 [48]
 [55]
 [53]
 [48]
 [53]]",2,2,pituitary,2,0.0108761057878534,0.004489447145412366,0.9846344788869222
3004,"[[49]
 [48]
 [55]
 [53]
 [48]
 [53]]",2,2,pituitary,2,0.002101516234688461,0.006077337544411421,0.9918211499849955
3005,"[[49]
 [48]
 [55]
 [55]
 [52]
 [51]]",2,2,pituitary,2,0.00839055779700478,0.0012157812404135864,0.9903936386108398
3006,"[[49]
 [48]
 [55]
 [55]
 [52]
 [51]]",2,2,pituitary,2,0.011375017929822206,0.0004142387382065256,0.9882107178370158
3007,"[[49]
 [48]
 [55]
 [55]
 [52]
 [51]]",2,2,pituitary,2,0.007536729021618764,0.0003182481644519915,0.992145041624705
3008,"[[49]
 [48]
 [55]
 [55]
 [52]
 [51]]",2,2,pituitary,2,0.016777582777043182,0.001194471454558273,0.9820279280344645
3009,"[[49]
 [48]
 [55]
 [50]
 [52]
 [56]]",4,0,meningioma,0,0.7061626315116882,0.0077406177297234535,0.2860967814922333
3010,"[[49]
 [48]
 [56]
 [56]
 [53]
 [56]]",2,2,pituitary,2,0.06416200598080952,0.008359951588014761,0.9274780551592509
3011,"[[49]
 [48]
 [56]
 [56]
 [53]
 [56]]",2,2,pituitary,2,0.020088034371534984,0.013625923544168472,0.9662860234578451
3012,"[[49]
 [48]
 [56]
 [56]
 [53]
 [56]]",2,2,pituitary,2,0.1710444837808609,0.040077827870845795,0.7888776659965515
3013,"[[49]
 [48]
 [56]
 [56]
 [53]
 [56]]",2,2,pituitary,2,0.09876270219683647,0.08457902570565541,0.8166582584381104
3014,"[[49]
 [48]
 [56]
 [56]
 [53]
 [56]]",2,2,pituitary,2,0.09461227307717006,0.10777341077725093,0.7976142962773641
3015,"[[49]
 [48]
 [56]
 [57]
 [51]
 [49]]",4,2,pituitary,2,0.00043946667089282226,0.0001118326205566215,0.9994486967722574
3016,"[[49]
 [48]
 [56]
 [57]
 [51]
 [49]]",4,2,pituitary,2,0.0005816177872475237,0.00013162689962579557,0.9992867310841879
3017,"[[49]
 [48]
 [56]
 [57]
 [51]
 [49]]",4,2,pituitary,2,0.0010648909956216812,0.000805243015444527,0.9981298844019572
3018,"[[49]
 [48]
 [57]
 [52]
 [55]
 [49]]",0,2,pituitary,2,0.11222364753484726,0.0027315061694631972,0.8850448528925577
3019,"[[49]
 [48]
 [57]
 [52]
 [55]
 [49]]",0,2,pituitary,2,0.013933674121896425,0.0019512737247472007,0.9841150840123495
3020,"[[49]
 [48]
 [55]
 [50]
 [52]
 [56]]",4,0,meningioma,0,0.7999515136082967,0.007076342745373647,0.1929721732934316
3021,"[[49]
 [48]
 [57]
 [52]
 [55]
 [49]]",0,2,pituitary,2,0.013609915971755981,0.007162050809711218,0.9792279998461405
3022,"[[49]
 [48]
 [57]
 [52]
 [55]
 [49]]",0,2,pituitary,2,0.11831340690453847,0.19149001687765121,0.6901965538660685
3023,"[[49]
 [48]
 [57]
 [55]
 [54]
 [57]]",3,2,pituitary,2,0.0026539940542231,0.00010003336259008695,0.9972459077835083
3024,"[[49]
 [48]
 [57]
 [55]
 [54]
 [57]]",3,2,pituitary,2,0.006425361304233472,0.0004544479112761716,0.9931202332178751
3025,"[[49]
 [48]
 [57]
 [55]
 [54]
 [57]]",3,2,pituitary,2,0.004647797206416726,0.0012934540476029117,0.9940586884816488
3026,"[[49]
 [48]
 [57]
 [55]
 [54]
 [57]]",3,2,pituitary,2,0.008152143408854803,0.0010485362533169489,0.990799347559611
3027,"[[49]
 [48]
 [57]
 [56]
 [57]
 [56]]",1,2,pituitary,2,0.011948153066138426,0.00022817670833319426,0.9878236651420593
3028,"[[49]
 [48]
 [57]
 [56]
 [57]
 [56]]",1,2,pituitary,2,0.005291884609808524,5.482764148230975e-05,0.994653324286143
3029,"[[49]
 [48]
 [57]
 [56]
 [57]
 [56]]",1,2,pituitary,2,0.003370982361957431,3.454841862549074e-05,0.9965944886207581
3030,"[[49]
 [48]
 [57]
 [56]
 [57]
 [56]]",1,2,pituitary,2,0.013624336260060469,8.650130378858496e-05,0.9862891038258871
3031,"[[49]
 [48]
 [55]
 [50]
 [52]
 [56]]",4,0,meningioma,0,0.6651890476544698,0.046393574525912605,0.28841733932495117
3032,"[[49]
 [48]
 [57]
 [56]
 [57]
 [56]]",1,2,pituitary,2,0.01041871247192224,0.0010807262345527608,0.9885005752245585
3033,"[[49]
 [48]
 [57]
 [56]
 [57]
 [56]]",1,2,pituitary,2,0.06896346807479858,0.005241612127671639,0.9257949392000834
3034,"[[49]
 [49]
 [48]
 [53]
 [49]
 [56]]",4,2,pituitary,0,0.9056651592254639,0.04509321476022402,0.04924166947603226
3035,"[[49]
 [49]
 [48]
 [53]
 [49]
 [56]]",4,2,pituitary,0,0.712939977645874,0.16050440073013306,0.12655563155810037
3036,"[[49]
 [49]
 [48]
 [53]
 [51]
 [55]]",0,2,pituitary,2,0.0327047606309255,0.016056464053690434,0.9512388110160828
3037,"[[49]
 [49]
 [48]
 [53]
 [51]
 [55]]",0,2,pituitary,2,0.09957641363143921,0.007851758583759269,0.8925718267758688
3038,"[[49]
 [49]
 [48]
 [57]
 [57]
 [51]]",1,2,pituitary,2,0.02921279768149058,0.000685358711052686,0.9701018730799357
3039,"[[49]
 [49]
 [48]
 [57]
 [57]
 [51]]",1,2,pituitary,2,0.007108782883733511,0.0025347793707624078,0.990356425444285
3040,"[[49]
 [49]
 [48]
 [57]
 [57]
 [51]]",1,2,pituitary,2,0.03903583250939846,0.019403792296846707,0.9415603876113892
3041,"[[49]
 [49]
 [48]
 [57]
 [57]
 [51]]",1,2,pituitary,2,0.003422651362294952,0.002251024047533671,0.9943262736002604
3042,"[[49]
 [48]
 [55]
 [50]
 [52]
 [56]]",4,0,meningioma,0,0.5620318949222565,0.059818980594476066,0.3781491319338481
3043,"[[49]
 [49]
 [49]
 [48]
 [55]
 [53]]",0,2,pituitary,2,0.06501993040243785,0.05926694720983505,0.8757131298383077
3044,"[[49]
 [49]
 [49]
 [48]
 [55]
 [53]]",0,2,pituitary,2,0.015297419546792904,0.05436834692955017,0.9303342501322428
3045,"[[49]
 [49]
 [49]
 [48]
 [55]
 [53]]",0,2,pituitary,2,0.05666509394844373,0.06038888295491537,0.8829459945360819
3046,"[[49]
 [49]
 [49]
 [48]
 [55]
 [53]]",0,2,pituitary,2,0.005181928786138694,0.01054962258785963,0.9842684268951416
3047,"[[49]
 [49]
 [49]
 [48]
 [55]
 [53]]",0,2,pituitary,2,0.015036843717098236,0.013035996351391077,0.9719271659851074
3048,"[[49]
 [49]
 [49]
 [48]
 [55]
 [53]]",0,2,pituitary,2,0.0015245463194636006,0.005264672450721264,0.9932108124097189
3049,"[[49]
 [49]
 [49]
 [49]
 [50]
 [53]]",3,2,pituitary,2,0.009985622639457384,0.002101352554745972,0.9879130125045776
3050,"[[49]
 [49]
 [49]
 [49]
 [50]
 [53]]",3,2,pituitary,2,0.01257432127992312,0.005367927486076951,0.982057789961497
3051,"[[49]
 [49]
 [49]
 [49]
 [50]
 [53]]",3,2,pituitary,2,0.0004823027508488546,0.001873055783410867,0.9976446231206259
3052,"[[49]
 [49]
 [49]
 [49]
 [50]
 [53]]",3,2,pituitary,2,0.002115519678530594,0.0015196090680547059,0.9963649113972982
3053,"[[49]
 [48]
 [55]
 [52]
 [57]
 [52]]",1,0,meningioma,1,0.36063627401987713,0.5893050034840902,0.05005874981482824
3054,"[[49]
 [49]
 [49]
 [55]
 [56]
 [53]]",0,2,pituitary,2,0.0031354398233816028,0.030816548814376194,0.9660480419794718
3055,"[[49]
 [49]
 [49]
 [55]
 [56]
 [53]]",0,2,pituitary,2,0.00300217493592451,0.02362809826930364,0.9733696778615316
3056,"[[49]
 [49]
 [49]
 [55]
 [56]
 [53]]",0,2,pituitary,2,0.0035438917887707553,0.021471307923396427,0.9749848246574402
3057,"[[49]
 [49]
 [49]
 [55]
 [56]
 [53]]",0,2,pituitary,2,0.0035051042990138135,0.006478181341663003,0.9900166988372803
3058,"[[49]
 [49]
 [50]
 [48]
 [55]
 [52]]",2,2,pituitary,1,0.42801107962926227,0.53800102074941,0.03398792880276839
3059,"[[49]
 [49]
 [50]
 [48]
 [55]
 [52]]",2,2,pituitary,0,0.895239512125651,0.041682728876670204,0.06307774037122726
3060,"[[49]
 [49]
 [50]
 [48]
 [55]
 [52]]",2,2,pituitary,0,0.5865755279858907,0.015374883078038692,0.3980495532353719
3061,"[[49]
 [49]
 [50]
 [48]
 [55]
 [52]]",2,2,pituitary,0,0.38958512743314105,0.26595693826675415,0.3444579442342122
3062,"[[49]
 [49]
 [50]
 [54]
 [52]
 [57]]",0,2,pituitary,2,0.04151803875962893,0.0104143675416708,0.9480675856272379
3063,"[[49]
 [49]
 [50]
 [54]
 [52]
 [57]]",0,2,pituitary,2,0.0012213541194796562,0.0018575455760583282,0.9969210624694824
