image_idx,patient_id,fold,true_label,true_class,pred_MobileNetV2,prob_MobileNetV2_c0,prob_MobileNetV2_c1,prob_MobileNetV2_c2,pred_EfficientNetB7,prob_EfficientNetB7_c0,prob_EfficientNetB7_c1,prob_EfficientNetB7_c2
0,"[[49]
 [48]
 [48]
 [51]
 [54]
 [48]]",2,0,meningioma,2,0.4189528574546178,0.051163713137308754,0.529883454243342,1,0.18342333411177,0.5841559767723083,0.23242068042357764
1,"[[49]
 [48]
 [49]
 [48]
 [49]
 [54]]",1,0,meningioma,0,0.7752906282742819,0.2243198628226916,0.00038948706787778065,0,0.7783592144648234,0.05257537394451598,0.16906539723277092
2,"[[49]
 [48]
 [55]
 [52]
 [57]
 [52]]",1,0,meningioma,2,0.41496671239535016,0.0056373307791848975,0.5793959498405457,2,0.3203714241584142,0.007686947433588405,0.6719416181246439
3,"[[49]
 [49]
 [50]
 [54]
 [52]
 [57]]",0,2,pituitary,2,0.027648793223003548,0.003566520356495554,0.9687846700350443,2,0.09395775943994522,0.011808875327308973,0.8942333658536276
4,"[[49]
 [49]
 [50]
 [54]
 [52]
 [57]]",0,2,pituitary,2,0.012219227539996306,0.011724124507357677,0.9760566155115763,2,0.0049916955176740885,0.0011355968017596751,0.9938727219899496
5,"[[49]
 [49]
 [50]
 [54]
 [52]
 [57]]",0,2,pituitary,2,0.00919856084510684,0.11786174153288205,0.8729397058486938,2,0.020675410827000935,0.029526187106966972,0.9497983853022257
6,"[[49]
 [49]
 [50]
 [55]
 [52]
 [54]]",2,2,pituitary,2,0.022649553293983143,0.0007325912301894277,0.9766178329785665,2,0.028145439301927883,0.003767379831212262,0.9680871764818827
7,"[[49]
 [49]
 [50]
 [55]
 [52]
 [54]]",2,2,pituitary,2,0.008248848685373863,0.009805925190448761,0.981945256392161,2,0.058746471690634884,0.015770720938841503,0.9254828095436096
8,"[[49]
 [49]
 [50]
 [55]
 [52]
 [54]]",2,2,pituitary,2,0.03524782260258993,0.12666936963796616,0.8380827903747559,2,0.014464934899782142,0.0002049779771671941,0.9853301048278809
9,"[[49]
 [49]
 [50]
 [56]
 [52]
 [55]]",4,2,pituitary,2,0.007983609413107237,0.0007090547102658699,0.9913072983423868,2,0.11427194066345692,0.008973107556812465,0.8767549395561218
10,"[[49]
 [49]
 [50]
 [56]
 [52]
 [55]]",4,2,pituitary,2,0.011683542902270952,0.0002492987526541886,0.9880671302477518,2,0.01869598077610135,0.0010750136862043291,0.9802289605140686
11,"[[49]
 [49]
 [50]
 [56]
 [52]
 [55]]",4,2,pituitary,2,0.007202293646211426,2.4136942253486875e-05,0.9927735924720764,2,0.030394925735890865,0.0005641660354740452,0.9690409302711487
12,"[[49]
 [49]
 [50]
 [56]
 [52]
 [55]]",4,2,pituitary,2,0.04297248460352421,0.0002091883531344744,0.9568183223406473,2,0.24989656110604605,0.0015299406538057763,0.7485734721024832
13,"[[49]
 [48]
 [55]
 [52]
 [57]
 [52]]",1,0,meningioma,0,0.6897023320198059,0.006855630471060674,0.30344202493627864,2,0.4117775062719981,0.002597433398477733,0.5856250325838724
14,"[[49]
 [49]
 [51]
 [50]
 [55]
 [52]]",4,2,pituitary,2,0.0007387775694951415,6.365969928386524e-05,0.999197522799174,2,0.12288386560976505,0.08829848445020616,0.7888176341851553
15,"[[49]
 [49]
 [51]
 [50]
 [55]
 [52]]",4,2,pituitary,2,0.000690984355363374,3.324667174335142e-05,0.9992757638295492,2,0.024161862830320995,0.03372466408958038,0.94211345911026
16,"[[49]
 [49]
 [51]
 [50]
 [55]
 [52]]",4,2,pituitary,2,0.0014519260439556092,0.00014566851283840757,0.9984024167060852,2,0.03336110028127829,0.22574494034051895,0.740893950064977
17,"[[49]
 [49]
 [51]
 [55]
 [52]
 [49]]",3,2,pituitary,2,0.0005823356198864834,1.2633367313386046e-07,0.9994175434112549,2,0.01326907022545735,0.0001762554686592921,0.9865546623865763
18,"[[49]
 [49]
 [51]
 [55]
 [52]
 [49]]",3,2,pituitary,2,0.0015165392542257905,1.089966915894062e-05,0.9984725713729858,2,0.002922062180005014,9.337966762738385e-05,0.9969845612843832
19,"[[49]
 [49]
 [52]
 [48]
 [52]
 [48]]",1,2,pituitary,2,0.01823386534427603,0.01581635815091431,0.9659497936566671,2,0.07887224821994702,0.0064301337115466595,0.9146976073582967
20,"[[49]
 [49]
 [52]
 [48]
 [52]
 [48]]",1,2,pituitary,2,0.03208318787316481,0.0006443264877210216,0.9672724405924479,2,0.018776116892695427,0.05763781536370516,0.923586110273997
21,"[[49]
 [49]
 [52]
 [48]
 [52]
 [48]]",1,2,pituitary,2,0.036068463077147804,0.001728453843194681,0.9622030854225159,2,0.03520868966976801,0.012931804521940649,0.9518594940503439
22,"[[49]
 [49]
 [52]
 [51]
 [54]
 [49]]",1,2,pituitary,2,0.022760849446058273,0.00023801515029238848,0.9770011305809021,2,0.03516220177213351,0.0004228154809122013,0.9644149939219157
23,"[[49]
 [49]
 [52]
 [51]
 [54]
 [49]]",1,2,pituitary,2,0.31262776255607605,0.0011150442296639085,0.6862571636835734,2,0.013558684382587671,0.0005052313287781848,0.9859360853830973
24,"[[49]
 [48]
 [55]
 [52]
 [57]
 [52]]",1,0,meningioma,0,0.5720914701620737,0.37011125683784485,0.057797293489178024,0,0.7347670992215475,0.049817836532990135,0.21541504422202706
25,"[[49]
 [49]
 [52]
 [51]
 [54]
 [49]]",1,2,pituitary,2,0.039086647952596344,0.0009650419015088119,0.9599483013153076,2,0.011494313677151998,0.0014217131514063415,0.9870839715003967
26,"[[49]
 [49]
 [52]
 [48]
 [57]
 [52]]",1,2,pituitary,2,0.036936647879580654,0.004661117835591237,0.9584022363026937,2,0.07477552443742752,0.038188414027293525,0.8870360453923544
27,"[[49]
 [49]
 [52]
 [48]
 [57]
 [52]]",1,2,pituitary,2,0.03734256482372681,0.0031001737321882197,0.9595572551091512,2,0.0698075108230114,0.0038400269501532116,0.9263524810473124
28,"[[49]
 [49]
 [52]
 [48]
 [57]
 [52]]",1,2,pituitary,2,0.1482550005118052,0.0014699887833558023,0.8502750198046366,2,0.1628624051809311,0.1127442754805088,0.7243933280309042
29,"[[49]
 [49]
 [52]
 [48]
 [57]
 [52]]",1,2,pituitary,2,0.12421485843757789,0.0026288696099072695,0.8731563091278076,2,0.07343489987154801,0.009468596971904239,0.9170965353647867
30,"[[49]
 [48]
 [49]
 [48]
 [49]
 [55]]",2,2,pituitary,2,9.637821616100457e-05,9.304923942465848e-08,0.9999034802118937,2,0.0024542646715417504,0.0001386513886245666,0.9974070986111959
31,"[[49]
 [48]
 [49]
 [48]
 [49]
 [55]]",2,2,pituitary,2,4.576864557748195e-05,2.361509068293799e-07,0.9999539852142334,2,0.018346936752398808,0.00026416245964355767,0.9813889066378275
32,"[[49]
 [48]
 [49]
 [48]
 [49]
 [55]]",2,2,pituitary,2,1.2596172079308113e-05,1.8504364796001482e-07,0.9999872446060181,2,0.0007482034173638871,3.255187675677007e-05,0.9992192586263021
33,"[[49]
 [48]
 [49]
 [48]
 [49]
 [55]]",2,2,pituitary,2,5.3719149339788906e-05,3.1170488909992855e-06,0.9999431371688843,2,0.0016594270806914817,0.00015768519369885325,0.9981828729311625
34,"[[49]
 [48]
 [49]
 [48]
 [49]
 [55]]",2,2,pituitary,2,0.0003280519983187939,1.7868132999865338e-05,0.9996540745099386,2,0.003557695774361491,7.17169956866807e-05,0.9963706135749817
35,"[[49]
 [48]
 [55]
 [52]
 [57]
 [52]]",1,0,meningioma,1,0.12161596491932869,0.7236932516098022,0.15469079837203026,0,0.658252477645874,0.3328959196805954,0.008851640042848885
36,"[[49]
 [48]
 [49]
 [48]
 [50]
 [57]]",2,2,pituitary,2,0.021633023396134377,8.351155399092629e-05,0.97828342517217,2,0.16550429537892342,0.01827546612670024,0.816220243771871
37,"[[49]
 [48]
 [49]
 [48]
 [50]
 [57]]",2,2,pituitary,2,0.0166554373378555,0.00010764422525729363,0.9832369089126587,2,0.07617308634022872,0.01020232712229093,0.9136246045430502
38,"[[49]
 [48]
 [49]
 [48]
 [50]
 [57]]",2,2,pituitary,2,0.029747638230522472,0.00111057197257954,0.9691418011983236,2,0.21653423582514128,0.007674323550115029,0.7757914662361145
39,"[[49]
 [48]
 [49]
 [48]
 [50]
 [57]]",2,2,pituitary,2,0.011888138484209776,0.0003544504215824418,0.9877574245134989,2,0.08774565160274506,0.002284758142195642,0.9099695682525635
40,"[[49]
 [48]
 [53]
 [57]
 [51]
 [54]]",1,2,pituitary,2,0.016412594976524513,0.0002553421873017214,0.9833320577939352,2,0.0005169536646765968,0.00014175650115551738,0.9993412892023722
41,"[[49]
 [48]
 [54]
 [48]
 [54]
 [50]]",2,2,pituitary,2,0.12323540200789769,0.0481011172135671,0.8286635080973307,2,0.37155383825302124,0.043902842327952385,0.5845433076222738
42,"[[49]
 [48]
 [54]
 [48]
 [54]
 [50]]",2,2,pituitary,0,0.3830430805683136,0.28345490495363873,0.33350203434626263,2,0.17682194213072458,0.0005383380824544778,0.8226397037506104
43,"[[49]
 [48]
 [54]
 [48]
 [54]
 [50]]",2,2,pituitary,2,0.19134942690531412,0.17455898225307465,0.6340915958086649,0,0.6169801553090414,0.0029467986314557493,0.38007309039433795
44,"[[49]
 [48]
 [54]
 [48]
 [54]
 [50]]",2,2,pituitary,2,0.08656986181934674,0.20072776079177856,0.7127023736635844,2,0.07607595001657803,0.0024666813939499357,0.9214573502540588
45,"[[49]
 [48]
 [54]
 [48]
 [54]
 [50]]",2,2,pituitary,2,0.047832311441500984,0.01223308282593886,0.9399345914522806,2,0.014865199103951454,0.006541911163367331,0.9785928924878439
46,"[[49]
 [48]
 [56]
 [53]
 [49]
 [52]]",2,0,meningioma,1,0.09251013398170471,0.9073413411776224,0.00014852945362993827,1,0.07479034426311652,0.92327747742335,0.001932193690057223
47,"[[49]
 [48]
 [54]
 [48]
 [54]
 [50]]",2,2,pituitary,2,0.023577456983427208,0.11817328383525212,0.8582492470741272,2,0.20228312412897745,0.16708004474639893,0.6306368509928385
48,"[[49]
 [48]
 [54]
 [48]
 [54]
 [50]]",2,2,pituitary,2,0.027563587451974552,0.006635027704760432,0.9658013780911764,2,0.23867415636777878,0.001198368612676859,0.7601274847984314
49,"[[49]
 [48]
 [55]
 [52]
 [57]
 [53]]",3,2,pituitary,2,0.0009536392002094848,7.813175565640762e-06,0.9990385174751282,2,0.001430703106355698,0.00024961253196427907,0.998319665590922
50,"[[49]
 [48]
 [55]
 [52]
 [57]
 [53]]",3,2,pituitary,2,0.00014122282330693756,8.255916882878486e-06,0.9998505314191183,2,0.0050784174527507275,0.012720333528704941,0.9822012583414713
51,"[[49]
 [48]
 [55]
 [52]
 [57]
 [53]]",3,2,pituitary,2,0.000599182517665516,7.590616666182844e-06,0.9993932247161865,2,0.0010163550711392115,1.0055930933579779e-05,0.9989736278851827
52,"[[49]
 [48]
 [55]
 [52]
 [57]
 [53]]",3,2,pituitary,2,0.0003118538090044846,5.944265134042818e-06,0.9996822079022726,2,0.00016543590269672373,2.7260242105124157e-06,0.9998318354288737
53,"[[49]
 [48]
 [55]
 [52]
 [57]
 [53]]",3,2,pituitary,2,0.0003683671144851057,6.995224695420059e-06,0.9996246298154196,2,6.166425600895309e-05,1.8806497886695677e-05,0.9999194939931234
54,"[[49]
 [48]
 [55]
 [52]
 [50]
 [57]]",3,2,pituitary,2,0.005169986958208028,0.0009183175152429612,0.9939116835594177,2,0.24598591526349387,0.04995156327883402,0.7040625015894572
55,"[[49]
 [48]
 [55]
 [52]
 [50]
 [57]]",3,2,pituitary,2,0.007591453676771683,0.002945220190061567,0.9894633293151855,2,0.021826426110540826,0.000131023526895054,0.9780425826708475
56,"[[49]
 [48]
 [55]
 [52]
 [50]
 [57]]",3,2,pituitary,2,0.0070430440828204155,6.426526574424922e-05,0.9928926825523376,2,0.01100328293008109,0.00016733508361236696,0.9888293941815695
57,"[[49]
 [48]
 [56]
 [53]
 [49]
 [52]]",2,0,meningioma,1,0.19747519493103027,0.8023938337961832,0.0001310163497691974,1,0.2038158799211184,0.7958678007125854,0.00031626854130687815
58,"[[49]
 [48]
 [55]
 [52]
 [50]
 [57]]",3,2,pituitary,2,0.021531547768972814,0.0014930226607248187,0.9769754211107889,2,0.03611220776413878,0.000339980106218718,0.9635478258132935
59,"[[49]
 [48]
 [55]
 [52]
 [50]
 [57]]",3,2,pituitary,2,0.032338818379988275,0.0006707579268550035,0.9669904311498007,2,0.006216716719791293,0.00020253059725898007,0.9935807387034098
60,"[[49]
 [48]
 [55]
 [52]
 [50]
 [57]]",3,2,pituitary,2,0.006789518908287088,2.6186424240866774e-05,0.9931842883427938,2,0.005178563985585545,0.00047637570241931826,0.9943450689315796
61,"[[49]
 [48]
 [55]
 [52]
 [50]
 [57]]",3,2,pituitary,2,0.013254016948242983,0.0001379663676743803,0.9866079886754354,2,0.007784567152460416,0.0003509573240686829,0.9918644229571024
62,"[[49]
 [48]
 [55]
 [53]
 [48]
 [53]]",2,2,pituitary,2,0.0010932802882355948,1.3728794025761696e-05,0.9988929629325867,2,0.0002401934179943055,0.0001353411942091043,0.9996244311332703
63,"[[49]
 [48]
 [55]
 [53]
 [48]
 [53]]",2,2,pituitary,2,0.00713256901750962,0.002618655019129316,0.9902487993240356,2,0.0008882779341850741,4.0044942276532915e-05,0.9990716576576233
64,"[[49]
 [48]
 [55]
 [53]
 [48]
 [53]]",2,2,pituitary,2,0.014834730885922909,0.001054667974434172,0.9841106136639913,2,0.028407686312372487,4.0964628472769014e-05,0.9715513785680135
65,"[[49]
 [48]
 [55]
 [53]
 [48]
 [53]]",2,2,pituitary,2,0.012186477892100811,0.0009294831349203984,0.9868840376536051,2,0.0008331876354835307,2.384190338489134e-05,0.9991429845492045
66,"[[49]
 [48]
 [55]
 [53]
 [48]
 [53]]",2,2,pituitary,2,0.1859645297129949,0.18249705930550894,0.6315384010473887,2,0.0027688678819686174,0.00287384861924996,0.9943573077519735
67,"[[49]
 [48]
 [55]
 [55]
 [52]
 [51]]",2,2,pituitary,2,0.025723982602357864,0.0006986289178409303,0.9735773801803589,2,0.0034280001321652285,0.00021655998837862475,0.9963554342587789
68,"[[49]
 [48]
 [56]
 [53]
 [49]
 [52]]",2,0,meningioma,0,0.5959505637486776,0.4039176007111867,0.000131848826034305,1,0.19228253265221915,0.7976811329523722,0.010036364973833164
69,"[[49]
 [48]
 [55]
 [55]
 [52]
 [51]]",2,2,pituitary,2,0.015522546755770842,0.00017017507949882807,0.9843072493871053,2,0.0017429960256170791,3.7604867429763544e-05,0.9982194105784098
70,"[[49]
 [48]
 [55]
 [55]
 [52]
 [51]]",2,2,pituitary,2,0.026262224341432255,9.558922465657815e-05,0.9736421704292297,2,0.0012817909282603068,5.721120383365511e-07,0.9987176458040873
71,"[[49]
 [48]
 [55]
 [55]
 [52]
 [51]]",2,2,pituitary,2,0.061613800625006356,0.0012506320102450748,0.9371355970700582,2,0.003086068910003329,6.465586375270505e-05,0.9968492786089579
72,"[[49]
 [48]
 [55]
 [55]
 [52]
 [51]]",2,2,pituitary,2,0.006064355450992783,2.8084848963771947e-05,0.9939075708389282,2,0.00013687321416000486,2.761818157874056e-07,0.9998628298441569
73,"[[49]
 [48]
 [55]
 [55]
 [52]
 [51]]",2,2,pituitary,2,0.024735987186431885,0.0011294288366722565,0.9741345842679342,2,0.0027419334922645553,0.00010132615443581017,0.9971567193667094
74,"[[49]
 [48]
 [56]
 [56]
 [53]
 [56]]",2,2,pituitary,2,0.014213900392254194,0.0052483313872168464,0.9805377721786499,2,0.01431178154113392,0.4357944627602895,0.5498937567075094
75,"[[49]
 [48]
 [56]
 [56]
 [53]
 [56]]",2,2,pituitary,2,0.006882001180201769,0.000815167702967301,0.9923028151194254,1,0.027501323570807774,0.7392267187436422,0.2332719365755717
76,"[[49]
 [48]
 [56]
 [56]
 [53]
 [56]]",2,2,pituitary,2,0.00871000555343926,0.003994947279958676,0.9872950514157613,2,0.009531099814921618,0.05061531470467647,0.9398535887400309
77,"[[49]
 [48]
 [56]
 [56]
 [53]
 [56]]",2,2,pituitary,2,0.02281800688554843,0.004913001786917448,0.9722689787546793,2,2.497874659942075e-05,0.0005456076323753223,0.99942946434021
78,"[[49]
 [48]
 [56]
 [56]
 [53]
 [56]]",2,2,pituitary,2,0.15736850599447885,0.011217629226545492,0.8314138849576315,2,0.0061990990458677215,0.017164822512616713,0.9766360719998678
79,"[[49]
 [48]
 [56]
 [53]
 [49]
 [52]]",2,0,meningioma,0,0.5433559119701385,0.45663386583328247,1.0257739707716004e-05,1,0.31024568279584247,0.6897374391555786,1.6890664862027432e-05
80,"[[49]
 [48]
 [56]
 [57]
 [51]
 [49]]",4,2,pituitary,2,7.628733006489104e-06,1.8304195209539742e-07,0.9999922116597494,2,0.0006231128766861124,0.0002443614340942683,0.999132494131724
81,"[[49]
 [48]
 [56]
 [57]
 [51]
 [49]]",4,2,pituitary,2,6.710196854934718e-05,3.630449895079361e-06,0.9999292294184366,2,0.00010446152085326806,0.00021595768381151478,0.9996795852979025
82,"[[49]
 [48]
 [56]
 [57]
 [51]
 [49]]",4,2,pituitary,2,8.805842905227715e-06,4.808917930532175e-07,0.999990701675415,2,0.009495206412490612,0.09990450895080964,0.890600303808848
83,"[[49]
 [48]
 [56]
 [57]
 [51]
 [49]]",4,2,pituitary,2,1.6691239200857428e-05,1.5091799904591122e-05,0.9999682108561198,2,9.884369338427253e-05,0.004169576748002631,0.9957315524419149
84,"[[49]
 [48]
 [56]
 [57]
 [51]
 [49]]",4,2,pituitary,2,6.889877473289137e-06,5.759781738963928e-07,0.9999925295511881,2,2.744306299954739e-05,3.1142240591937785e-05,0.9999413887659708
85,"[[49]
 [48]
 [56]
 [57]
 [51]
 [49]]",4,2,pituitary,2,4.048607176324973e-05,8.138945919444751e-07,0.9999587138493856,2,1.841951547021381e-05,4.168616195935708e-06,0.9999774297078451
86,"[[49]
 [48]
 [56]
 [57]
 [51]
 [49]]",4,2,pituitary,2,2.7511005024886497e-05,2.79824294920535e-07,0.9999721844991049,2,1.3377726418184466e-05,3.284836363566986e-05,0.9999537865320841
87,"[[49]
 [48]
 [57]
 [52]
 [55]
 [49]]",0,2,pituitary,2,0.06504574907012284,0.021743704564869404,0.9132105112075806,2,0.008961958927102387,0.0103630560139815,0.9806749820709229
88,"[[49]
 [48]
 [57]
 [52]
 [55]
 [49]]",0,2,pituitary,2,0.015721335366833955,0.005058760289102793,0.979219913482666,2,0.004331906636555989,0.0008377203484997153,0.9948303898175558
89,"[[49]
 [48]
 [57]
 [52]
 [55]
 [49]]",0,2,pituitary,2,0.011517765912382552,0.005269620839195947,0.9832126299540201,2,0.004830106083924572,0.00047534303545641404,0.9946945707003275
90,"[[49]
 [48]
 [56]
 [53]
 [49]
 [52]]",2,0,meningioma,0,0.9578011830647787,0.04216148083408674,3.733871259707181e-05,0,0.9352531433105469,0.058693318317333855,0.006053572054952383
91,"[[49]
 [48]
 [57]
 [52]
 [55]
 [49]]",0,2,pituitary,2,0.020160052944750834,0.005679498135577887,0.9741604328155518,2,0.004973971284925938,0.00040291148858765763,0.994623084863027
92,"[[49]
 [48]
 [57]
 [52]
 [55]
 [49]]",0,2,pituitary,2,0.009656248323153704,0.0020639972596351677,0.9882797797520956,2,0.0007930795933740834,0.0001039542682216658,0.9991029898325602
93,"[[49]
 [48]
 [57]
 [52]
 [55]
 [49]]",0,2,pituitary,2,0.017495321944200743,0.008614006985832626,0.9738906621932983,2,0.03072904298702876,0.048379567762215935,0.9208913842837015
94,"[[49]
 [48]
 [57]
 [55]
 [54]
 [57]]",3,2,pituitary,2,0.001220641070782828,1.3051024344197989e-05,0.9987662633260092,2,0.0010991113813361153,0.0001261778691817502,0.9987747271855673
95,"[[49]
 [48]
 [57]
 [55]
 [54]
 [57]]",3,2,pituitary,2,0.0009086826078904172,4.7472338716640174e-05,0.999043862024943,2,0.00010808724255184643,0.00014539461335516535,0.9997465411822001
96,"[[49]
 [48]
 [57]
 [55]
 [54]
 [57]]",3,2,pituitary,2,0.0011114907489779096,1.324025123376297e-05,0.9988752603530884,2,0.0007569065661906885,0.003952767234295607,0.9952903191248575
97,"[[49]
 [48]
 [57]
 [55]
 [54]
 [57]]",3,2,pituitary,2,0.009039531539504727,7.40544835882891e-05,0.990886410077413,2,0.0034957469906657934,0.0005154282359095911,0.9959888060887655
98,"[[49]
 [48]
 [57]
 [55]
 [54]
 [57]]",3,2,pituitary,2,0.0024621781582633653,0.00014658559256493694,0.9973912437756857,2,0.0029672779298077026,0.0002331621223371864,0.9967995683352152
99,"[[49]
 [48]
 [57]
 [56]
 [57]
 [56]]",1,2,pituitary,2,0.1229149488111337,0.013177765416912735,0.8639072775840759,2,0.004089968279004097,0.00024991764015188284,0.9956601063410441
100,"[[49]
 [48]
 [57]
 [56]
 [57]
 [56]]",1,2,pituitary,2,0.04394336572537819,0.002067668829113245,0.9539889693260193,2,0.00950278559078773,8.888506124549167e-05,0.9904083609580994
101,"[[49]
 [48]
 [56]
 [53]
 [49]
 [52]]",2,0,meningioma,0,0.9697009523709615,0.030231220026810963,6.781533132501257e-05,0,0.9988328218460083,0.0011516091981320642,1.5545517574840535e-05
102,"[[49]
 [48]
 [57]
 [56]
 [57]
 [56]]",1,2,pituitary,2,0.17085604990522066,0.002697701973374933,0.8264462351799011,2,0.005018884665332735,2.1092501356179127e-05,0.9949600299199423
103,"[[49]
 [48]
 [57]
 [56]
 [57]
 [56]]",1,2,pituitary,2,0.2679487814505895,0.008778863896926245,0.7232723633448283,2,0.0029661191607980677,0.0005031127172211806,0.9965307712554932
104,"[[49]
 [48]
 [57]
 [56]
 [57]
 [56]]",1,2,pituitary,2,0.04894748361160358,0.0021016382573482892,0.9489508668581644,2,0.017646476917434484,0.0001936980455260103,0.9821598132451376
105,"[[49]
 [48]
 [57]
 [56]
 [57]
 [56]]",1,2,pituitary,2,0.20257684340079626,0.04835495896016558,0.7490682005882263,2,0.05745256024723252,0.00043330134940333664,0.9421141147613525
106,"[[49]
 [49]
 [48]
 [53]
 [49]
 [56]]",4,2,pituitary,2,0.010765726134801904,0.0006354321412800346,0.9885988235473633,2,8.08142643412187e-05,2.9906392266335996e-07,0.9999189178148905
107,"[[49]
 [49]
 [48]
 [53]
 [49]
 [56]]",4,2,pituitary,2,0.0124356085434556,0.00042502422487207997,0.9871393442153931,2,0.003649405263179991,6.61371285180697e-05,0.9962844649950663
108,"[[49]
 [49]
 [48]
 [53]
 [49]
 [56]]",4,2,pituitary,2,0.012581616795311371,0.0006109467691809792,0.9868074655532837,2,0.0004317816613668886,4.1335215901957173e-07,0.9995678265889486
109,"[[49]
 [49]
 [48]
 [53]
 [49]
 [56]]",4,2,pituitary,2,0.004015506478026509,6.604023379708224e-06,0.9959779183069865,2,0.002365380603199204,4.6017942167964065e-06,0.9976300199826559
110,"[[49]
 [49]
 [48]
 [53]
 [49]
 [56]]",4,2,pituitary,2,0.0057045612096165614,3.492198345611541e-05,0.9942605495452881,2,0.012946155989387384,3.987483372232721e-06,0.9870498180389404
111,"[[49]
 [49]
 [48]
 [53]
 [49]
 [56]]",4,2,pituitary,2,0.019380207483967144,0.00022419455945055233,0.9803956349690756,2,0.003161635259554411,4.981776631514852e-06,0.9968333641688029
112,"[[49]
 [48]
 [49]
 [48]
 [49]
 [54]]",1,0,meningioma,0,0.9590115547180176,0.040970121199886,1.8316356545255985e-05,0,0.8773458202679952,0.0046976284914611215,0.11795657438536485
113,"[[49]
 [48]
 [56]
 [53]
 [49]
 [52]]",2,0,meningioma,0,0.9854836861292521,0.014495696251591047,2.0584624053299194e-05,0,0.9926863114039103,0.007284357619937509,2.9363050543906866e-05
114,"[[49]
 [49]
 [48]
 [53]
 [51]
 [55]]",0,2,pituitary,2,0.0012818417035305174,7.72957149213956e-05,0.9986408750216166,2,8.215680403130439e-05,3.2571826219888558e-06,0.9999145666758219
115,"[[49]
 [49]
 [48]
 [53]
 [51]
 [55]]",0,2,pituitary,2,0.012236559676239267,0.0009816842333142024,0.9867817560831705,2,0.008607804154356321,0.00032803331851027906,0.9910641312599182
116,"[[49]
 [49]
 [48]
 [53]
 [51]
 [55]]",0,2,pituitary,2,0.001166186724731233,0.00017681878489383962,0.9986569682757059,2,0.00027551076588376117,0.00016527730864860737,0.9995591839154562
117,"[[49]
 [49]
 [48]
 [53]
 [51]
 [55]]",0,2,pituitary,2,0.003254865706063962,0.00010254355220240541,0.9966426094373068,2,0.002280461291472117,0.0018435217789374292,0.9958759943644205
118,"[[49]
 [49]
 [48]
 [53]
 [51]
 [55]]",0,2,pituitary,2,0.0020674796445139996,0.00010109439426742028,0.997831404209137,2,0.012545164364079634,0.0011861086823046207,0.9862687190373739
119,"[[49]
 [49]
 [48]
 [53]
 [51]
 [55]]",0,2,pituitary,2,0.07760355000694592,0.0077983483400506275,0.9145981073379517,2,0.02950737439095974,0.0038208713134129844,0.9666717449824015
120,"[[49]
 [49]
 [48]
 [53]
 [51]
 [55]]",0,2,pituitary,2,0.21244687555978695,0.011999044955397645,0.7755540609359741,2,0.028437592710057896,0.0036475705758978925,0.967914859453837
121,"[[49]
 [49]
 [48]
 [57]
 [57]
 [51]]",1,2,pituitary,2,0.00013804414265905507,9.35602611680982e-08,0.9998618761698405,2,2.2580811976998422e-05,2.8700219331767585e-05,0.9999487002690634
122,"[[49]
 [49]
 [48]
 [57]
 [57]
 [51]]",1,2,pituitary,2,5.040304555829304e-05,1.3238158628562738e-07,0.9999494552612305,2,1.132330332135704e-05,1.418554696404802e-05,0.9999744892120361
123,"[[49]
 [49]
 [48]
 [57]
 [57]
 [51]]",1,2,pituitary,2,0.00017647184722591192,6.324667841302775e-07,0.9998228748639425,2,7.805963650753256e-05,8.749838586178764e-05,0.9998344580332438
124,"[[49]
 [48]
 [56]
 [53]
 [53]
 [48]]",0,0,meningioma,2,0.03931381367146969,0.011679313611239195,0.9490068356196085,0,0.4968441228071849,0.11491404970486958,0.38824183742205304
125,"[[49]
 [49]
 [48]
 [57]
 [57]
 [51]]",1,2,pituitary,2,2.4989944373980204e-05,3.032201985793866e-08,0.9999749660491943,2,1.6400428203648214e-06,0.0001543195101779323,0.9998440345128378
126,"[[49]
 [49]
 [48]
 [57]
 [57]
 [51]]",1,2,pituitary,2,7.619355195250439e-05,2.800575411280685e-06,0.9999209841092428,2,0.0005163632328428017,0.0019794067581339427,0.9975042343139648
127,"[[49]
 [49]
 [49]
 [48]
 [55]
 [53]]",0,2,pituitary,2,0.09284109451497595,0.09135848345855872,0.8158004283905029,2,0.00028106420116576675,0.00025943508808268234,0.9994594852129618
128,"[[49]
 [49]
 [49]
 [48]
 [55]
 [53]]",0,2,pituitary,2,0.0026369241192393624,0.0005753339889148871,0.9967877467473348,2,0.0003281756556437661,0.00013218421008787118,0.9995396733283997
129,"[[49]
 [49]
 [49]
 [48]
 [55]
 [53]]",0,2,pituitary,2,0.010991181596182287,0.0010604509831561397,0.9879483977953593,2,0.001663753956866761,0.0002890802764644225,0.9980471730232239
130,"[[49]
 [49]
 [49]
 [48]
 [55]
 [53]]",0,2,pituitary,2,0.028595421463251114,0.007247346298148234,0.964157223701477,2,0.0009952593342556308,0.00144804820107917,0.9975566864013672
131,"[[49]
 [49]
 [49]
 [48]
 [55]
 [53]]",0,2,pituitary,2,0.05409571256799003,0.009340364718809724,0.9365639090538025,2,0.007357701659202576,0.0015911668500242133,0.9910510977109274
132,"[[49]
 [49]
 [49]
 [48]
 [55]
 [53]]",0,2,pituitary,2,0.08669460751116276,0.12567969411611557,0.7876256903012594,2,0.0006804016302339733,0.00040510844458670664,0.9989144802093506
133,"[[49]
 [49]
 [49]
 [49]
 [50]
 [53]]",3,2,pituitary,2,0.019471439300104976,0.00010512804177172559,0.9804234306017557,2,0.0011026901362735468,0.0020707194635178894,0.9968265692392985
134,"[[49]
 [49]
 [49]
 [49]
 [50]
 [53]]",3,2,pituitary,2,0.002836133949131181,0.0003586974956609386,0.9968051513036092,2,0.000570923337363638,0.00013069797883720943,0.9992983937263489
135,"[[49]
 [48]
 [56]
 [53]
 [53]
 [48]]",0,0,meningioma,2,0.18946564197540283,0.005446061724796891,0.8050882816314697,2,0.04298054799437523,0.00108605797868222,0.9559334516525269
136,"[[49]
 [49]
 [49]
 [49]
 [50]
 [53]]",3,2,pituitary,2,0.0003339602076266601,1.3110011784315627e-06,0.9996647437413534,2,0.00013710634084418416,9.235997019156154e-05,0.9997705419858297
137,"[[49]
 [49]
 [49]
 [49]
 [50]
 [53]]",3,2,pituitary,2,0.003011207933013793,3.6114160745152425e-05,0.9969526926676432,2,4.929156602884177e-05,3.997529468809565e-05,0.9999107321103414
138,"[[49]
 [49]
 [49]
 [49]
 [50]
 [53]]",3,2,pituitary,2,0.0017200221433692302,1.8187060428923967e-05,0.9982618093490601,2,0.0002928366654183871,0.0001299214612420959,0.9995772838592529
139,"[[49]
 [49]
 [49]
 [49]
 [50]
 [53]]",3,2,pituitary,2,0.0003722757107122258,2.9004295753291367e-06,0.9996248284975687,2,0.001176297262039346,0.00037227885422908,0.9984514514605204
140,"[[49]
 [49]
 [49]
 [55]
 [56]
 [53]]",0,2,pituitary,2,0.01564320324299236,0.01108635519631207,0.9732704361279806,2,0.0025001314158240953,0.027387627710898716,0.9701122442881266
141,"[[49]
 [49]
 [49]
 [55]
 [56]
 [53]]",0,2,pituitary,2,0.08329892127464215,0.00870439278272291,0.9079967141151428,2,0.007897247443906963,0.002456049682223238,0.9896466930707296
142,"[[49]
 [49]
 [49]
 [55]
 [56]
 [53]]",0,2,pituitary,2,0.012158485614539435,0.001643364317715168,0.9861981670061747,2,0.006884368136525154,0.0018316921972048779,0.9912839333216349
143,"[[49]
 [49]
 [49]
 [55]
 [56]
 [53]]",0,2,pituitary,2,0.03641031985171139,0.01547515958858033,0.9481144944826762,2,0.014821397295842568,0.0003146677408949472,0.9848639170328776
144,"[[49]
 [49]
 [49]
 [55]
 [56]
 [53]]",0,2,pituitary,2,0.03916814876720309,0.0055049800624450045,0.9553268750508627,2,0.015528604388237,0.0016905455850064754,0.9827808539072672
145,"[[49]
 [49]
 [50]
 [48]
 [55]
 [52]]",2,2,pituitary,2,0.1359936147928238,0.0007610967295477167,0.8632453083992004,2,0.4542081157366435,0.0703122615814209,0.4754796326160431
146,"[[49]
 [48]
 [56]
 [53]
 [57]
 [48]]",1,0,meningioma,0,0.982686440149943,0.017298498190939426,1.5083763457823807e-05,0,0.99927685658137,0.0005202779699781482,0.0002028594507616314
147,"[[49]
 [49]
 [50]
 [48]
 [55]
 [52]]",2,2,pituitary,0,0.4845794240633647,0.07554987942179044,0.4398707101742427,2,0.2599065626660983,0.005834146635606885,0.734259307384491
148,"[[49]
 [49]
 [50]
 [48]
 [55]
 [52]]",2,2,pituitary,2,0.10012700036168098,0.0057949946106721955,0.894077996412913,2,0.006072943642114599,0.00019243971231238297,0.993734618028005
149,"[[49]
 [49]
 [50]
 [48]
 [55]
 [52]]",2,2,pituitary,0,0.5953899125258127,0.05648235728343328,0.34812772770722705,2,0.01764313317835331,0.006176523941879471,0.9761803150177002
150,"[[49]
 [49]
 [50]
 [48]
 [55]
 [52]]",2,2,pituitary,1,0.3008825182914734,0.6850322087605795,0.014085294678807259,1,0.056284032141168915,0.7312083741029104,0.21250761051972708
151,"[[49]
 [49]
 [50]
 [54]
 [52]
 [57]]",0,2,pituitary,2,0.0040050508541753516,0.0007135706861542227,0.9952814181645712,2,0.017708698908487957,0.022170516351858776,0.9601207574208578
152,"[[49]
 [49]
 [50]
 [54]
 [52]
 [57]]",0,2,pituitary,2,0.0025442731372701624,0.0004728805215563625,0.9969828327496847,2,0.011345552513375878,0.02427678058544795,0.9643776416778564
153,"[[49]
 [49]
 [50]
 [54]
 [52]
 [57]]",0,2,pituitary,2,0.0040773627018400775,0.0006125944394928714,0.9953100482622782,2,0.00024814484398424,0.0023275997567300997,0.9974242448806763
154,"[[49]
 [49]
 [50]
 [54]
 [52]
 [57]]",0,2,pituitary,2,0.0038995410529120513,0.005105663469294086,0.9909948110580444,2,0.00013599002462190887,0.0004150823369855061,0.9994489351908366
155,"[[49]
 [49]
 [50]
 [54]
 [52]
 [57]]",0,2,pituitary,2,0.0009052550655421024,0.0006554168309473122,0.9984393119812012,2,0.00016777790491081154,0.0013983070966787636,0.9984339078267416
156,"[[49]
 [49]
 [50]
 [54]
 [52]
 [57]]",0,2,pituitary,2,0.06304135359823704,0.029622427963962156,0.9073362151781718,2,0.006594495770211021,0.05558902335663637,0.9378164609273275
157,"[[49]
 [48]
 [56]
 [53]
 [57]
 [48]]",1,0,meningioma,0,0.9947231610616049,0.0052708652801811695,5.9617982515192125e-06,0,0.999284585316976,0.0006990751432264611,1.6344428023747543e-05
158,"[[49]
 [49]
 [50]
 [55]
 [52]
 [54]]",2,2,pituitary,2,0.0005457058626537522,3.276666385924424e-06,0.9994510014851888,2,0.002062994899461046,0.00012859865940602808,0.9978084166844686
159,"[[49]
 [49]
 [50]
 [55]
 [52]
 [54]]",2,2,pituitary,2,0.00018217979716913155,3.8538690129522974e-06,0.999813993771871,2,1.6032023116470857e-05,2.9716806579926924e-06,0.9999810059865316
160,"[[49]
 [49]
 [50]
 [55]
 [52]
 [54]]",2,2,pituitary,2,0.00032774958526715636,6.530706713192558e-07,0.9996715982755026,2,3.193288936624109e-05,1.2965267994028788e-06,0.9999667803446451
161,"[[49]
 [49]
 [50]
 [55]
 [52]
 [54]]",2,2,pituitary,2,0.00010691862977788939,1.4173066726167842e-06,0.9998916586240133,2,3.8103741151947665e-06,1.0917724964087938e-06,0.9999950726826986
162,"[[49]
 [49]
 [50]
 [56]
 [52]
 [55]]",4,2,pituitary,2,0.00023044735765627897,9.49174933850827e-06,0.9997600317001343,2,0.0004723476037421885,4.261961767800433e-06,0.999523401260376
163,"[[49]
 [49]
 [50]
 [56]
 [52]
 [55]]",4,2,pituitary,2,0.001655942479070897,3.745130445054201e-05,0.9983066121737162,2,0.0015939759856943663,1.110530244356293e-06,0.998404880364736
164,"[[49]
 [49]
 [50]
 [56]
 [52]
 [55]]",4,2,pituitary,2,0.0035240357974544168,0.00030226062305397744,0.9961736599604288,2,0.00032865285417453077,4.557011379802134e-06,0.9996667702992758
165,"[[49]
 [49]
 [50]
 [56]
 [52]
 [55]]",4,2,pituitary,2,0.000622727896067469,2.817685071458224e-05,0.9993491172790527,2,0.00016186682447975423,5.989983037579805e-06,0.9998321533203125
166,"[[49]
 [49]
 [51]
 [50]
 [55]
 [52]]",4,2,pituitary,2,0.0002470936839623998,1.0109556958089646e-05,0.9997427860895792,2,0.002325289615934404,0.00016374462696452005,0.9975109299023946
167,"[[49]
 [49]
 [51]
 [50]
 [55]
 [52]]",4,2,pituitary,2,7.386738631491123e-05,1.298053780611023e-06,0.9999248186747233,2,0.0009238826629977362,0.001928183560570081,0.9971479574839274
168,"[[49]
 [48]
 [56]
 [57]
 [52]
 [53]]",3,0,meningioma,0,0.8480648994445801,0.15184351056814194,9.159811088466085e-05,0,0.9975350697835287,0.0022956940811127424,0.00016923747443797765
169,"[[49]
 [49]
 [51]
 [50]
 [55]
 [52]]",4,2,pituitary,2,0.00013773360478808172,1.0725939972644483e-05,0.9998515446980795,2,0.11226645112037659,0.003991159067178766,0.8837423721949259
170,"[[49]
 [49]
 [51]
 [55]
 [52]
 [49]]",3,2,pituitary,2,0.0035302358094971473,0.00013489963885149336,0.9963348110516866,2,0.0031605769205877246,0.00039892054034377605,0.9964404702186584
171,"[[49]
 [49]
 [51]
 [55]
 [52]
 [49]]",3,2,pituitary,2,0.010282245658648511,0.001220663946393567,0.9884970585505167,2,0.0021949866107509783,0.0010039729531854391,0.9968010385831197
172,"[[49]
 [49]
 [51]
 [55]
 [52]
 [49]]",3,2,pituitary,2,0.010187667406474551,0.0009930115144622202,0.9888193011283875,2,0.00493119633756578,0.008900153605888287,0.9861686627070109
173,"[[49]
 [49]
 [52]
 [48]
 [52]
 [48]]",1,2,pituitary,2,0.01828285097144544,0.0008835212180808109,0.9808336098988851,2,8.632941050260949e-05,4.292750175712475e-05,0.9998707175254822
174,"[[49]
 [49]
 [52]
 [48]
 [52]
 [48]]",1,2,pituitary,2,0.13460138936837515,0.0344406437749664,0.8309579888979594,2,0.0009626712223204473,0.0012932925601489842,0.997744063536326
175,"[[49]
 [49]
 [52]
 [48]
 [52]
 [48]]",1,2,pituitary,2,0.2653340796629588,0.04312626412138343,0.6915396650632223,2,0.0884032944838206,0.0285568255931139,0.8830398718516032
176,"[[49]
 [49]
 [52]
 [51]
 [54]
 [49]]",1,2,pituitary,2,0.00957755915199717,0.00022277374227996916,0.9901996453603109,2,0.011948842089623213,0.00016642614112546047,0.9878847599029541
177,"[[49]
 [49]
 [52]
 [51]
 [54]
 [49]]",1,2,pituitary,2,0.03568780065203706,0.003698368585901335,0.9606138666470846,2,0.003341600066050887,0.00012281273787569566,0.9965355594952902
178,"[[49]
 [49]
 [52]
 [51]
 [54]
 [49]]",1,2,pituitary,2,0.03570929355919361,0.001429961201210972,0.9628607233365377,2,0.009884037543088198,0.0024486838907857114,0.9876672625541687
179,"[[49]
 [48]
 [56]
 [57]
 [52]
 [53]]",3,0,meningioma,0,0.7875674962997437,0.21239819626013437,3.429912351293751e-05,0,0.9299345016479492,0.0696356709425648,0.0004298453532101121
180,"[[49]
 [49]
 [52]
 [51]
 [54]
 [49]]",1,2,pituitary,2,0.02102819054077069,0.003247719932308731,0.9757241010665894,2,0.002037663284378747,3.373814471766915e-05,0.9979286193847656
181,"[[49]
 [49]
 [52]
 [48]
 [57]
 [52]]",1,2,pituitary,2,0.04896946189304193,0.07197231364746888,0.8790582219759623,0,0.6107241113980612,0.0010658607570803724,0.3882100184758504
182,"[[49]
 [49]
 [52]
 [48]
 [57]
 [52]]",1,2,pituitary,2,0.069451117888093,0.009564314192781845,0.9209845463434855,0,0.9253656069437662,0.00018559162936071516,0.07444877301653226
183,"[[49]
 [49]
 [52]
 [48]
 [57]
 [52]]",1,2,pituitary,2,0.2194904461503029,0.025744996266439557,0.7547645767529806,2,0.0003083568105163674,1.3128254524967058e-06,0.9996903340021769
184,"[[49]
 [49]
 [52]
 [48]
 [57]
 [52]]",1,2,pituitary,2,0.10384408508737882,0.02288985749085744,0.8732660611470541,2,0.00153510559660693,3.8975871272365716e-05,0.9984259208043417
185,"[[49]
 [49]
 [52]
 [48]
 [57]
 [52]]",1,2,pituitary,2,0.03696519664178292,0.007255759439431131,0.9557790557543436,2,0.001038864681807657,5.235077651377651e-06,0.9989558855692545
186,"[[49]
 [48]
 [53]
 [57]
 [51]
 [54]]",1,2,pituitary,2,0.0009228012640960515,1.0692988780647283e-05,0.9990665515263876,2,0.0005057196127988087,7.230112472219237e-05,0.9994219740231832
187,"[[49]
 [48]
 [53]
 [57]
 [51]
 [54]]",1,2,pituitary,2,0.00012817895033852741,4.7591117654140663e-07,0.9998713533083597,2,0.00011575836470001377,1.7438319522019203e-05,0.999866803487142
188,"[[49]
 [48]
 [53]
 [57]
 [51]
 [54]]",1,2,pituitary,2,0.000503923132782802,1.7012319707040053e-06,0.9994944135348002,2,0.00018212357099400833,1.9352856914641354e-05,0.9997985164324442
189,"[[49]
 [48]
 [54]
 [48]
 [54]
 [50]]",2,2,pituitary,2,0.002854170665765802,7.102386674281054e-05,0.9970747828483582,2,0.0017804916569730267,7.053203444229439e-05,0.9981489777565002
190,"[[49]
 [48]
 [56]
 [57]
 [52]
 [53]]",3,0,meningioma,0,0.9190189639727274,0.08086947351694107,0.00011152571126634332,0,0.907078226407369,0.09280120022594929,0.00012053804039169336
191,"[[49]
 [48]
 [54]
 [48]
 [54]
 [50]]",2,2,pituitary,2,0.08485385030508041,0.0013950333135047306,0.9137511253356934,2,0.004222350117440025,0.00016054666836377388,0.9956170916557312
192,"[[49]
 [48]
 [54]
 [48]
 [54]
 [50]]",2,2,pituitary,2,0.0013189985960101087,0.0005911182961426675,0.9980898300806681,2,0.018161534952620666,2.0276696128955034e-05,0.9818182190259298
193,"[[49]
 [48]
 [54]
 [48]
 [54]
 [50]]",2,2,pituitary,2,0.0011098480317741632,0.00038006750401109457,0.9985101024309794,2,0.00340429344214499,1.7174840953278665e-05,0.9965785543123881
194,"[[49]
 [48]
 [54]
 [48]
 [54]
 [50]]",2,2,pituitary,2,0.0018068061132604878,4.267201499411991e-05,0.9981505672136942,2,0.0010164830988893907,4.8697916478583165e-06,0.9989786545435587
195,"[[49]
 [48]
 [54]
 [48]
 [54]
 [50]]",2,2,pituitary,2,0.0035955105364943543,6.220556891397185e-05,0.9963423013687134,2,0.000860343260380129,3.402368747629225e-05,0.9991056521733602
196,"[[49]
 [48]
 [54]
 [48]
 [54]
 [50]]",2,2,pituitary,2,0.20314729710419974,0.001609454503826176,0.7952432632446289,2,0.0019793312919015684,0.00019828353530707923,0.9978223840395609
197,"[[49]
 [48]
 [55]
 [52]
 [57]
 [53]]",3,2,pituitary,2,0.0005783934696713308,0.00018951745581337795,0.9992320934931437,2,0.0003486756528824723,0.004555688782905539,0.9950956702232361
198,"[[49]
 [48]
 [55]
 [52]
 [57]
 [53]]",3,2,pituitary,2,0.0005656975423941427,1.8443940353070804e-05,0.9994158744812012,2,0.0016956686061651756,0.0013652564860725154,0.9969390630722046
199,"[[49]
 [48]
 [55]
 [52]
 [57]
 [53]]",3,2,pituitary,2,0.0028434704969792315,0.004073935716102521,0.9930825630823771,2,0.003024344186997041,0.0234913881868124,0.9734842975934347
200,"[[49]
 [48]
 [55]
 [52]
 [57]
 [53]]",3,2,pituitary,2,0.005061712455547725,0.0022319415972257652,0.9927063584327698,2,0.0006283010601085456,0.008934346871683374,0.99043736855189
201,"[[49]
 [48]
 [56]
 [57]
 [52]
 [53]]",3,0,meningioma,0,0.8705809712409973,0.12920153389374414,0.00021746023298874206,0,0.9938879211743673,0.006020912240880231,9.111065204100062e-05
202,"[[49]
 [48]
 [55]
 [52]
 [57]
 [53]]",3,2,pituitary,2,0.0024796646709243455,0.00017150427326365994,0.9973488450050354,2,0.00021430203635948905,0.002377284651932617,0.997408390045166
203,"[[49]
 [48]
 [55]
 [52]
 [57]
 [53]]",3,2,pituitary,2,0.015535904249797264,0.0640614094833533,0.9204027056694031,2,0.0006272106062776098,0.014971252530813217,0.98440154393514
204,"[[49]
 [48]
 [55]
 [52]
 [50]
 [57]]",3,2,pituitary,2,0.2513360530138016,0.25121406217416126,0.4974498649438222,0,0.771471381187439,0.13413721323013306,0.09439148319264253
205,"[[49]
 [48]
 [55]
 [52]
 [50]
 [57]]",3,2,pituitary,2,0.06537019337217014,0.002111409201461356,0.9325184027353922,2,0.09180969124039014,0.01680946008612712,0.8913808465003967
206,"[[49]
 [48]
 [55]
 [52]
 [50]
 [57]]",3,2,pituitary,2,0.0037444366607815027,0.0004125606377177367,0.9958430131276449,2,0.057726471374432244,0.0006420946532064894,0.9416313966115316
207,"[[49]
 [48]
 [55]
 [52]
 [50]
 [57]]",3,2,pituitary,2,0.021487206414652366,0.00656565783234934,0.9719471534093221,2,0.006699058537681897,0.0003544823848642409,0.9929464062054952
208,"[[49]
 [48]
 [55]
 [52]
 [50]
 [57]]",3,2,pituitary,2,0.0017457068333897041,0.0007456939589853088,0.9975086251894633,2,0.1216497706870238,0.001630188780836761,0.8767200112342834
209,"[[49]
 [48]
 [55]
 [52]
 [50]
 [57]]",3,2,pituitary,2,0.006762471292555953,0.00015204086594167165,0.9930854837099711,2,0.1804943506916364,0.0007545156743920719,0.8187511563301086
210,"[[49]
 [48]
 [55]
 [52]
 [50]
 [57]]",3,2,pituitary,2,0.08371045968184869,0.016138288502891857,0.900151272614797,2,0.2097393497824669,0.08995572353402774,0.7003049453099569
211,"[[49]
 [48]
 [55]
 [53]
 [48]
 [53]]",2,2,pituitary,2,0.004528986755758524,0.0005374596803449094,0.994933545589447,2,0.0004967442073393613,0.0011818617495009676,0.9983214139938354
212,"[[49]
 [48]
 [57]
 [52]
 [49]
 [49]]",2,0,meningioma,0,0.9744629462560018,0.025004213365415733,0.000532838773021164,0,0.7471527655919393,0.24972443282604218,0.003122800301449994
213,"[[49]
 [48]
 [55]
 [53]
 [48]
 [53]]",2,2,pituitary,2,0.00031402345242289204,4.949458570990828e-05,0.9996364514032999,2,1.2250258957161956e-05,0.0011419347477688764,0.9988458156585693
214,"[[49]
 [48]
 [55]
 [53]
 [48]
 [53]]",2,2,pituitary,2,0.002198152282896141,0.0007548581731195251,0.9970470070838928,2,0.0026815452923377356,0.0036384413057627776,0.9936800201733907
215,"[[49]
 [48]
 [55]
 [53]
 [48]
 [53]]",2,2,pituitary,2,0.00041564924564833444,8.377592894248664e-05,0.999500552813212,2,0.002399818583702048,0.005927612034914394,0.9916725953420004
216,"[[49]
 [48]
 [55]
 [53]
 [48]
 [53]]",2,2,pituitary,2,0.0008325712697114795,2.6510897593349608e-05,0.9991409182548523,2,0.015014255729814371,0.0007236909441417083,0.9842620293299357
217,"[[49]
 [48]
 [55]
 [55]
 [52]
 [51]]",2,2,pituitary,2,0.0003746327032179882,1.0701299591649635e-05,0.9996146758397421,2,0.00019549266774750626,0.0004583349946187809,0.9993461569150289
218,"[[49]
 [48]
 [55]
 [55]
 [52]
 [51]]",2,2,pituitary,2,0.00034737837753103423,3.212704359611962e-05,0.9996204972267151,2,0.00030684538069181144,0.0005550521382247098,0.999138077100118
219,"[[49]
 [48]
 [55]
 [55]
 [52]
 [51]]",2,2,pituitary,2,6.880999959927674e-05,5.180739890420227e-06,0.999925971031189,2,0.0004523108412589257,4.936238269692694e-06,0.999542772769928
220,"[[49]
 [48]
 [55]
 [55]
 [52]
 [51]]",2,2,pituitary,2,0.00033153403395166,5.604354131113117e-05,0.9996124704678854,2,6.895488422742346e-05,6.881732247165928e-06,0.9999241630236307
221,"[[49]
 [48]
 [56]
 [56]
 [53]
 [56]]",2,2,pituitary,2,0.0007696125248912722,3.9928493758149365e-05,0.9991904695828756,2,0.018452867167070508,0.0001434647854997214,0.9814036885897318
222,"[[49]
 [48]
 [56]
 [56]
 [53]
 [56]]",2,2,pituitary,2,0.00019208224936543653,2.977447403888315e-06,0.9998049338658651,2,0.03360513566682736,0.001265532395336777,0.9651293357213339
223,"[[49]
 [48]
 [49]
 [48]
 [49]
 [54]]",1,0,meningioma,0,0.982324481010437,0.017671028152108192,4.542917722005768e-06,0,0.993366003036499,0.001876053730181108,0.0047579325425128145
224,"[[49]
 [48]
 [57]
 [57]
 [54]
 [56]]",2,0,meningioma,0,0.8613300124804179,0.13809252033631006,0.0005775067935852954,1,0.4699412981669108,0.49657243490219116,0.03348626530108353
225,"[[49]
 [48]
 [56]
 [56]
 [53]
 [56]]",2,2,pituitary,2,0.0056691470090299845,0.0004805040856202443,0.9938503503799438,2,0.0014517286520761747,0.002142449918513497,0.9964058796564738
226,"[[49]
 [48]
 [56]
 [56]
 [53]
 [56]]",2,2,pituitary,2,0.0008453328046016395,1.5200848035116602e-05,0.9991394281387329,2,0.015836399553033214,0.003205775428796187,0.980957825978597
227,"[[49]
 [48]
 [56]
 [56]
 [53]
 [56]]",2,2,pituitary,2,0.00922989146783948,0.0013903705791259806,0.9893797238667806,2,0.05700948974117637,0.0021480151432721564,0.9408425092697144
228,"[[49]
 [48]
 [56]
 [57]
 [51]
 [49]]",4,2,pituitary,2,4.680611558190624e-06,3.387324329998572e-08,0.9999952713648478,2,0.0015980969122513973,0.000311045228348424,0.9980908433596293
229,"[[49]
 [48]
 [56]
 [57]
 [51]
 [49]]",4,2,pituitary,2,0.00013314839452505112,2.1383888526571582e-07,0.9998666246732076,2,0.00025894691361827427,5.125205518652365e-06,0.999735951423645
230,"[[49]
 [48]
 [56]
 [57]
 [51]
 [49]]",4,2,pituitary,2,0.00038964029469449696,1.3726114433953995e-07,0.9996102253595988,2,0.000377305012383052,0.0003566845601502185,0.9992659687995911
231,"[[49]
 [48]
 [56]
 [57]
 [51]
 [49]]",4,2,pituitary,2,9.46253909811882e-05,4.187350553565746e-08,0.9999053279558817,2,0.00024630635198263917,3.9262707029289835e-05,0.9997144341468811
232,"[[49]
 [48]
 [56]
 [57]
 [51]
 [49]]",4,2,pituitary,2,1.040595657286758e-05,2.881311472630969e-08,0.9999895493189493,2,0.0016584786547658343,0.0005273592105368152,0.9978141983350118
233,"[[49]
 [48]
 [57]
 [52]
 [55]
 [49]]",0,2,pituitary,2,0.0018078403760834287,0.0001893103411324167,0.998002807299296,2,0.0031966401535707214,0.003285433049313724,0.9935179352760315
234,"[[49]
 [48]
 [57]
 [52]
 [55]
 [49]]",0,2,pituitary,2,0.00331397521464775,0.00011924317611070971,0.9965667724609375,2,0.004432533130360146,0.001039121159313557,0.9945283532142639
235,"[[49]
 [48]
 [57]
 [57]
 [54]
 [56]]",2,0,meningioma,0,0.5513000885645548,0.4481008052825928,0.0005990866338834167,0,0.8833056688308716,0.1165310616294543,0.00016327022118881965
236,"[[49]
 [48]
 [57]
 [52]
 [55]
 [49]]",0,2,pituitary,2,0.003504056599922478,0.001120626664487645,0.9953753352165222,2,0.0009252279996871948,0.0002758323438077544,0.9987989266713461
237,"[[49]
 [48]
 [57]
 [52]
 [55]
 [49]]",0,2,pituitary,2,0.009200072478658209,0.0004363824870476189,0.9903635581334432,2,0.0006892198192266127,0.0001270380525966175,0.9991837541262308
238,"[[49]
 [48]
 [57]
 [52]
 [55]
 [49]]",0,2,pituitary,2,0.0006839871833411356,8.136257747537456e-05,0.9992346366246542,2,0.0026743311124543348,0.0021728427382186055,0.9951528310775757
239,"[[49]
 [48]
 [57]
 [52]
 [55]
 [49]]",0,2,pituitary,2,0.003076755936490372,4.286792409402551e-05,0.9968803723653158,2,0.00597818420889477,0.003913981840014458,0.9901078343391418
240,"[[49]
 [48]
 [57]
 [55]
 [54]
 [57]]",3,2,pituitary,2,0.0009507212416792754,0.00021327333395978107,0.9988360007603964,2,0.00753121729940176,0.01684371366476019,0.9756250977516174
241,"[[49]
 [48]
 [57]
 [55]
 [54]
 [57]]",3,2,pituitary,2,0.0015067002629317965,0.0003246873410110614,0.9981686472892761,2,0.0003647738309761432,0.0017745660152286291,0.9978606899579366
242,"[[49]
 [48]
 [57]
 [55]
 [54]
 [57]]",3,2,pituitary,2,0.00035581458784387604,4.7633482684735405e-05,0.9995965361595154,2,0.00026067190932129353,0.0011098022320463012,0.9986295700073242
243,"[[49]
 [48]
 [57]
 [55]
 [54]
 [57]]",3,2,pituitary,2,0.002531705831643194,0.0001133618596895758,0.9973549644152323,2,0.0007882368712065121,0.002011858237286409,0.9971998532613119
244,"[[49]
 [48]
 [57]
 [55]
 [54]
 [57]]",3,2,pituitary,2,0.0012709937254840042,8.786626792319414e-05,0.9986411531766256,2,0.0016046301849807303,0.0023868623732899628,0.9960085352261862
245,"[[49]
 [48]
 [57]
 [56]
 [57]
 [56]]",1,2,pituitary,2,0.005114906874950975,0.0005044762995870163,0.9943805734316508,2,0.003026321646757424,0.010006166839351257,0.9869675238927206
246,"[[49]
 [48]
 [57]
 [57]
 [54]
 [56]]",2,0,meningioma,1,0.47633957862854004,0.52228711048762,0.0013733217492699623,0,0.9277358849843343,0.06860101999094088,0.0036630802399789295
247,"[[49]
 [48]
 [57]
 [56]
 [57]
 [56]]",1,2,pituitary,2,0.03929635447760423,0.08745309089620908,0.8732505639394125,2,0.006363512948155403,0.0009700196193686376,0.9926664630572001
248,"[[49]
 [48]
 [57]
 [56]
 [57]
 [56]]",1,2,pituitary,2,0.011015761410817504,0.1106104664504528,0.8783737619717916,2,0.0022571386847024164,0.017763178795576096,0.979979674021403
249,"[[49]
 [49]
 [48]
 [53]
 [49]
 [56]]",4,2,pituitary,2,0.036779227976997696,0.0006383461004588753,0.9625824491182963,2,0.0023537789044591286,4.7832574333976176e-05,0.9975983500480652
250,"[[49]
 [49]
 [48]
 [53]
 [49]
 [56]]",4,2,pituitary,2,0.015047226411600908,0.0026524973024303713,0.982300321261088,2,0.001980498680495657,0.0002730812508768092,0.9977464477221171
251,"[[49]
 [49]
 [48]
 [53]
 [49]
 [56]]",4,2,pituitary,2,0.0035886241045470038,0.000279164620830367,0.9961321949958801,2,0.0008820597116330949,0.0004357859082422995,0.9986821214358012
252,"[[49]
 [49]
 [48]
 [53]
 [49]
 [56]]",4,2,pituitary,2,0.006367722370972236,0.0003019756404682994,0.9933303594589233,2,0.00014661169673975868,3.006949441441975e-06,0.9998503923416138
253,"[[49]
 [49]
 [48]
 [53]
 [51]
 [55]]",0,2,pituitary,2,0.09992414837082227,0.013329402000332871,0.8867464264233907,2,0.04903101238111655,0.00830395492569854,0.9426650404930115
254,"[[49]
 [49]
 [48]
 [53]
 [51]
 [55]]",0,2,pituitary,2,0.1860676979025205,0.14934643047551313,0.6645858585834503,2,0.055413479606310524,0.014206209840873877,0.9303803245226542
255,"[[49]
 [49]
 [48]
 [53]
 [51]
 [55]]",0,2,pituitary,2,0.07475464853147666,0.02843000638919572,0.8968153595924377,2,0.02696094025547306,0.013360696068654457,0.9596783717473348
256,"[[49]
 [49]
 [48]
 [53]
 [51]
 [55]]",0,2,pituitary,2,0.06892636542518933,0.01779231654169659,0.9132813215255737,2,0.00659951528844734,0.03942549306278428,0.9539750218391418
257,"[[49]
 [48]
 [57]
 [57]
 [54]
 [56]]",2,0,meningioma,0,0.9323991735776266,0.04850288728872935,0.01909794472157955,0,0.9669390519460043,0.007356783025898039,0.02570420332873861
258,"[[49]
 [49]
 [48]
 [57]
 [57]
 [51]]",1,2,pituitary,2,0.000572557427706973,2.3653265543543966e-05,0.9994037548700968,2,0.00044720327787217684,0.0009959988068051946,0.9985567529996237
259,"[[49]
 [49]
 [48]
 [57]
 [57]
 [51]]",1,2,pituitary,2,0.007846327808996042,0.0019730359684520713,0.9901806116104126,2,0.0005674193829084592,0.0024971142993308604,0.996935506661733
260,"[[49]
 [49]
 [48]
 [57]
 [57]
 [51]]",1,2,pituitary,2,0.0013705308228963986,8.131493268592749e-05,0.9985481301943461,2,0.0012301217914985803,0.0045853212019816665,0.9941845734914144
261,"[[49]
 [49]
 [49]
 [48]
 [55]
 [53]]",0,2,pituitary,2,0.004675437036591272,0.0003348865332858016,0.9949896931648254,2,0.01527700542161862,0.08239662647247314,0.9023263653119405
262,"[[49]
 [49]
 [49]
 [48]
 [55]
 [53]]",0,2,pituitary,2,0.0016262022060497354,0.00023084235241791853,0.9981429576873779,2,0.005387721331013988,0.017829831611985963,0.9767824610074362
263,"[[49]
 [49]
 [49]
 [48]
 [55]
 [53]]",0,2,pituitary,2,0.0029262961664547524,0.0004588572580056886,0.9966148336728414,2,0.009613116349404057,0.00998193072155118,0.9804049332936605
264,"[[49]
 [49]
 [49]
 [48]
 [55]
 [53]]",0,2,pituitary,2,0.0024710045642374703,0.0008616132981842384,0.9966673652331034,2,0.021005045156925917,0.06337942431370418,0.9156155188878378
265,"[[49]
 [49]
 [49]
 [48]
 [55]
 [53]]",0,2,pituitary,2,0.03073194855824113,0.012303150569399198,0.956964910030365,2,0.026343526008228462,0.07593263126909733,0.8977238337198893
266,"[[49]
 [49]
 [49]
 [49]
 [50]
 [53]]",3,2,pituitary,2,0.06077700244107594,0.0026271968284466616,0.9365957776705424,2,0.0415359710653623,0.022986493383844692,0.9354775150616964
267,"[[49]
 [49]
 [49]
 [49]
 [50]
 [53]]",3,2,pituitary,2,0.006203258380992338,0.00042204773490084335,0.9933746854464213,2,0.0034582736746718488,0.0068666393247743445,0.9896751046180725
268,"[[49]
 [49]
 [48]
 [49]
 [49]
 [54]]",2,0,meningioma,2,0.013657519593834877,5.482889415967899e-05,0.9862876733144125,2,0.10339117608964443,0.00040204524096528377,0.896206776301066
269,"[[49]
 [49]
 [49]
 [49]
 [50]
 [53]]",3,2,pituitary,2,0.02704821922816336,0.0037228565197438,0.9692289034525553,2,0.0341748750458161,0.011011722808082899,0.9548134009043375
270,"[[49]
 [49]
 [49]
 [49]
 [50]
 [53]]",3,2,pituitary,2,0.027122093209375937,0.0016296909949839271,0.9712482293446859,2,0.04340554463366667,0.08373278565704823,0.8728616635004679
271,"[[49]
 [49]
 [49]
 [55]
 [56]
 [53]]",0,2,pituitary,2,0.001834567675056557,0.0020018518262077123,0.9961635867754618,2,0.01675954453336696,0.05623042583465576,0.9270100394884745
272,"[[49]
 [49]
 [49]
 [55]
 [56]
 [53]]",0,2,pituitary,2,0.10619255900382996,0.07547918831308682,0.8183282812436422,2,0.09126581065356731,0.07545882711807887,0.8332753777503967
273,"[[49]
 [49]
 [49]
 [55]
 [56]
 [53]]",0,2,pituitary,2,0.004826554815129687,0.022266133688390255,0.9729073246320089,2,0.04791467015941938,0.03045892094572385,0.9216264088948568
274,"[[49]
 [49]
 [49]
 [55]
 [56]
 [53]]",0,2,pituitary,2,0.002389907060811917,0.0006675199838355184,0.9969426194826762,2,0.006099513343845804,0.01044133398681879,0.9834591348965963
275,"[[49]
 [49]
 [50]
 [48]
 [55]
 [52]]",2,2,pituitary,0,0.5565872887770335,0.18040054539839426,0.26301216582457226,0,0.9253369172414144,0.0026329527997101345,0.07203013480951388
276,"[[49]
 [49]
 [50]
 [48]
 [55]
 [52]]",2,2,pituitary,2,0.13163692752520242,0.0067246131754169864,0.8616384863853455,0,0.6378266910711924,0.018255640752613544,0.34391768276691437
277,"[[49]
 [49]
 [50]
 [48]
 [55]
 [52]]",2,2,pituitary,2,0.03632353680829207,0.007515025790780783,0.9561614592870077,2,0.24021567155917486,0.010958849219605327,0.7488254507382711
278,"[[49]
 [49]
 [50]
 [48]
 [55]
 [52]]",2,2,pituitary,2,0.3520536671082179,0.005810298025608063,0.6421360572179159,2,0.34758488337198895,0.010620476057132086,0.6417946517467499
279,"[[49]
 [49]
 [49]
 [48]
 [55]
 [55]]",3,0,meningioma,0,0.7392710248629252,0.15222707639137903,0.10850189005335172,0,0.53152863184611,0.019122410876055557,0.44934900601704914
280,"[[49]
 [49]
 [50]
 [48]
 [55]
 [52]]",2,2,pituitary,0,0.6425715088844299,0.04678108170628548,0.31064743796984357,2,0.06151334856015941,0.001286993792746216,0.9371996720631918
281,"[[49]
 [49]
 [50]
 [54]
 [52]
 [57]]",0,2,pituitary,2,0.008312773269911608,0.0016584532519724842,0.9900287588437399,2,0.0050851091897736,0.03221729273597399,0.9626976251602173
282,"[[49]
 [49]
 [50]
 [54]
 [52]
 [57]]",0,2,pituitary,2,0.022988925222307444,0.004894210433121771,0.9721168677012125,2,0.020069048429528873,0.09431396797299385,0.8856169978777567
283,"[[49]
 [49]
 [50]
 [54]
 [52]
 [57]]",0,2,pituitary,2,0.006812642406051357,0.013775502952436606,0.9794118603070577,2,0.009175856054450074,0.08239006499449412,0.9084340532620748
284,"[[49]
 [49]
 [50]
 [54]
 [52]
 [57]]",0,2,pituitary,2,0.029556182290737826,0.005437075432079534,0.9650067289670309,2,0.005306740912298362,0.08121289623280366,0.9134803811709086
285,"[[49]
 [49]
 [50]
 [54]
 [52]
 [57]]",0,2,pituitary,2,0.003932753049108821,0.00041041664614264545,0.9956568082173666,2,0.006627814029343426,0.030950173114736874,0.9624220132827759
286,"[[49]
 [49]
 [50]
 [55]
 [52]
 [54]]",2,2,pituitary,2,0.0033747775790592036,0.00028741783171426505,0.9963378310203552,2,0.0030442516629894576,0.004606457621169587,0.9923492868741354
287,"[[49]
 [49]
 [50]
 [55]
 [52]
 [54]]",2,2,pituitary,2,0.0001532311871415004,3.2206562915841155e-06,0.9998435378074646,2,0.002867075032554567,0.00019228790339790672,0.9969406525293986
288,"[[49]
 [49]
 [50]
 [55]
 [52]
 [54]]",2,2,pituitary,2,0.00064927232839788,9.718820365378633e-05,0.9992535511652628,2,0.0013467914347226422,0.013524800830055028,0.9851284027099609
289,"[[49]
 [49]
 [50]
 [55]
 [52]
 [54]]",2,2,pituitary,2,0.0013851119438186288,4.9940691193720944e-05,0.9985649585723877,2,9.795945152291097e-05,0.0003624753056404491,0.9995395541191101
290,"[[49]
 [49]
 [49]
 [48]
 [55]
 [55]]",3,0,meningioma,0,0.7379359006881714,0.2586892346541087,0.0033748364221537486,1,0.39136087397734326,0.6053044497966766,0.0033346723842745027
291,"[[49]
 [49]
 [50]
 [55]
 [52]
 [54]]",2,2,pituitary,2,0.0075724089207748575,0.0025801441903846958,0.9898474216461182,2,0.0009398482895145813,0.01343872679475074,0.9856214125951132
292,"[[49]
 [49]
 [50]
 [56]
 [52]
 [55]]",4,2,pituitary,2,0.0028159121284261346,0.0015902426578880597,0.9955938657124838,2,0.00012977124788449146,0.00017049121379386634,0.9996997117996216
293,"[[49]
 [49]
 [50]
 [56]
 [52]
 [55]]",4,2,pituitary,2,0.0006490871116208533,0.00023935569333843887,0.999111533164978,2,0.00031280132164586877,0.0005305021622916684,0.9991566936175028
294,"[[49]
 [49]
 [50]
 [56]
 [52]
 [55]]",4,2,pituitary,2,0.0019351722245725493,0.0017226414056494832,0.9963422218958536,2,0.00010419174183577222,3.890218401162807e-05,0.9998568693796793
295,"[[49]
 [49]
 [50]
 [56]
 [52]
 [55]]",4,2,pituitary,2,0.0015523602536025767,0.00019088068681109385,0.998256782690684,2,0.00034698774591864395,0.00024753027052308124,0.9994055032730103
296,"[[49]
 [49]
 [50]
 [56]
 [52]
 [55]]",4,2,pituitary,2,0.0020299483367125504,5.887543102289783e-05,0.9979111552238464,2,0.0006166366850569224,0.0006920129623419294,0.9986913601557413
297,"[[49]
 [49]
 [51]
 [50]
 [55]
 [52]]",4,2,pituitary,2,0.005968611221760511,0.028560444091757137,0.9654709696769714,2,0.0009052936802618206,0.027382947814961273,0.9717117547988892
298,"[[49]
 [49]
 [51]
 [50]
 [55]
 [52]]",4,2,pituitary,1,0.0014145395252853632,0.9472905993461609,0.05129495821893215,2,0.0028934430059355996,0.05859013662363092,0.9385164578755697
299,"[[49]
 [49]
 [51]
 [50]
 [55]
 [52]]",4,2,pituitary,2,0.02933277872701486,0.4585077365239461,0.5121595114469528,2,0.05173881786564986,0.04590647372727593,0.9023547172546387
300,"[[49]
 [49]
 [51]
 [50]
 [55]
 [52]]",4,2,pituitary,2,0.06740439559022586,0.08013363213588794,0.8524619738260905,2,0.025899263098835945,0.04278613293233017,0.9313145875930786
301,"[[49]
 [49]
 [49]
 [48]
 [55]
 [55]]",3,0,meningioma,0,0.8727819919586182,0.1268671378493309,0.00035086208489095344,1,0.3046960085630417,0.6935785015424093,0.001725440864296009
302,"[[49]
 [49]
 [51]
 [55]
 [52]
 [49]]",3,2,pituitary,2,0.004103910218570188,0.00031883956491659166,0.9955772161483765,2,0.00048549338074129383,0.002191318853874691,0.9973231752713522
303,"[[49]
 [49]
 [51]
 [55]
 [52]
 [49]]",3,2,pituitary,2,0.0006181101728088834,0.00020956531299513395,0.999172310034434,2,0.00017991384599251128,0.0006193609891245918,0.999200721581777
304,"[[49]
 [49]
 [51]
 [55]
 [52]
 [49]]",3,2,pituitary,2,0.004140281130579145,0.00015507286737677836,0.9957046310106913,2,0.00012621103633136954,0.0005451899390512457,0.999328633149465
305,"[[49]
 [49]
 [52]
 [48]
 [52]
 [48]]",1,2,pituitary,2,0.0248712245374918,0.044474403063456215,0.9306543668111166,2,0.0019973867504935092,0.16249297310908636,0.8355096578598022
306,"[[49]
 [49]
 [52]
 [48]
 [52]
 [48]]",1,2,pituitary,2,0.007982826714093486,0.03149838326498866,0.9605187972386678,2,0.0012251654173572508,0.013718182570300996,0.9850566585858663
307,"[[49]
 [49]
 [52]
 [48]
 [52]
 [48]]",1,2,pituitary,2,0.074423939610521,0.04486196581274271,0.8807140986124674,2,5.562809398422056e-05,0.0024302592501044273,0.9975141088167826
308,"[[49]
 [49]
 [52]
 [51]
 [54]
 [49]]",1,2,pituitary,2,0.002652697255446886,2.6714112967359444e-05,0.9973205924034119,2,0.047478619342048965,0.00027582164026777417,0.9522456129391988
309,"[[49]
 [49]
 [52]
 [51]
 [54]
 [49]]",1,2,pituitary,2,0.01948093723816176,0.002287580573465675,0.9782314499219259,2,0.022689800709486008,0.0017236430576303974,0.9755865534146627
310,"[[49]
 [49]
 [52]
 [51]
 [54]
 [49]]",1,2,pituitary,2,0.005559398210607469,0.0008890675283813229,0.9935515324274699,2,0.006571334321051836,0.0003680327590700472,0.9930606484413147
311,"[[49]
 [49]
 [52]
 [48]
 [57]
 [52]]",1,2,pituitary,2,0.0008634008214964221,0.011093928051802019,0.9880426526069641,2,0.003880221047438681,0.0016509995621163398,0.9944687684377035
312,"[[49]
 [49]
 [49]
 [51]
 [54]
 [54]]",0,0,meningioma,0,0.6944779356320699,0.291078840692838,0.014443206756065289,0,0.611242949962616,0.2978310286998749,0.09092600891987483
313,"[[49]
 [49]
 [52]
 [48]
 [57]
 [52]]",1,2,pituitary,2,0.018641156687711675,0.008999480516649783,0.9723593592643738,2,0.0006963470999229079,8.902901542266288e-05,0.9992146293322245
314,"[[49]
 [49]
 [52]
 [48]
 [57]
 [52]]",1,2,pituitary,2,0.01802089740522206,0.0004524364242873465,0.9815266728401184,2,0.0060986709625770645,0.0015560893528648496,0.9923451940218607
315,"[[49]
 [49]
 [52]
 [48]
 [57]
 [52]]",1,2,pituitary,2,0.028960755405326683,0.005748828562597434,0.9652904073397318,2,0.013616311829537153,0.009660551402096948,0.9767231543858846
316,"[[49]
 [48]
 [49]
 [48]
 [50]
 [57]]",2,2,pituitary,2,0.002387735682229201,0.008774681172023216,0.9888375997543335,2,0.1270170168330272,0.000956384630020087,0.8720265626907349
317,"[[49]
 [48]
 [49]
 [48]
 [50]
 [57]]",2,2,pituitary,2,0.0016945935785770416,0.0005660002934746444,0.9977394541104635,2,0.010431560105644166,4.676507887779735e-05,0.9895216623942057
318,"[[49]
 [48]
 [49]
 [49]
 [52]
 [53]]",3,2,pituitary,2,0.06400820861260097,9.398404593715289e-05,0.9358977675437927,2,0.007380224221075575,4.2700672909271965e-05,0.992577075958252
319,"[[49]
 [48]
 [49]
 [49]
 [52]
 [53]]",3,2,pituitary,2,0.02476527603964011,0.0001676683928053535,0.9750670591990153,2,0.0012241139387091,5.376504484585117e-06,0.998770515124003
320,"[[49]
 [48]
 [49]
 [49]
 [52]
 [53]]",3,2,pituitary,2,0.028549583318332832,1.4202739755238744e-05,0.9714362025260925,2,0.038262708112597466,2.8421589533422775e-05,0.9617088437080383
321,"[[49]
 [48]
 [49]
 [49]
 [52]
 [53]]",3,2,pituitary,2,0.06654459175964196,0.00016211114124568363,0.9332932631174723,2,0.09352010488510132,0.003979518672470779,0.9025004108746847
322,"[[49]
 [48]
 [49]
 [51]
 [48]
 [53]]",1,2,pituitary,2,0.05108067734787861,0.000946886613140426,0.9479724168777466,2,0.0078095724650969105,0.018910434407492478,0.9732800126075745
323,"[[49]
 [49]
 [49]
 [51]
 [54]
 [54]]",0,0,meningioma,0,0.4627922674020131,0.18732057760159174,0.3498871723810832,0,0.8331066767374674,0.02058522527416547,0.14630810916423798
324,"[[49]
 [48]
 [49]
 [51]
 [48]
 [53]]",1,2,pituitary,2,0.022919608900944393,0.003913074700297632,0.9731673002243042,2,0.0629139927526315,0.0216378226565818,0.9154481689135233
325,"[[49]
 [48]
 [49]
 [51]
 [48]
 [53]]",1,2,pituitary,2,0.0018020405356461804,8.889479219457523e-05,0.9981090625127157,2,0.004459939353788893,3.0294602595404285e-05,0.9955097834269205
326,"[[49]
 [48]
 [49]
 [51]
 [48]
 [53]]",1,2,pituitary,2,0.005983555146182577,0.000517066254663708,0.9934993783632914,2,0.024811119462052982,0.0030852376172939935,0.9721036752065023
327,"[[49]
 [48]
 [49]
 [55]
 [50]
 [52]]",0,2,pituitary,2,0.013582520419731736,0.02383411070331931,0.962583323319753,2,0.06561990827322006,0.02457524153093497,0.9098048210144043
328,"[[49]
 [48]
 [49]
 [55]
 [50]
 [52]]",0,2,pituitary,2,0.01150403703407695,0.024860297950605553,0.9636356830596924,2,0.006059574816996853,0.015630944011112053,0.9783094724019369
329,"[[49]
 [48]
 [50]
 [54]
 [52]
 [56]]",0,2,pituitary,1,0.24873373905817667,0.4703637957572937,0.2809024676680565,2,0.009382665622979403,0.22695585588614145,0.7636614839235941
330,"[[49]
 [48]
 [50]
 [54]
 [52]
 [56]]",0,2,pituitary,2,0.2393545756737391,0.20259576042493185,0.5580496241648992,2,0.003266581567004323,0.04513217260440191,0.9516012668609619
331,"[[49]
 [48]
 [50]
 [54]
 [52]
 [56]]",0,2,pituitary,2,0.16848226636648178,0.06188041095932325,0.7696373065312704,2,0.0704210630307595,0.0982075184583664,0.8313714067141215
332,"[[49]
 [48]
 [50]
 [54]
 [52]
 [56]]",0,2,pituitary,0,0.44477614760398865,0.11853345111012459,0.43669043978055316,1,0.08683223774035771,0.638741135597229,0.2744266390800476
333,"[[49]
 [48]
 [50]
 [54]
 [52]
 [56]]",0,2,pituitary,2,0.1255293389161428,0.0028701534029096365,0.8716004888216654,1,0.19157914320627847,0.4205938975016276,0.38782697916030884
334,"[[49]
 [48]
 [49]
 [48]
 [49]
 [54]]",1,0,meningioma,0,0.9947012066841125,0.005298189042756955,5.902173662401348e-07,0,0.9303278923034668,0.06521849023799102,0.004453622968867421
335,"[[49]
 [49]
 [49]
 [51]
 [54]
 [54]]",0,0,meningioma,0,0.393177608648936,0.3503352999687195,0.25648709138234455,0,0.45683567722638446,0.42998361090819043,0.11318070814013481
336,"[[49]
 [48]
 [50]
 [54]
 [52]
 [56]]",0,2,pituitary,2,0.09091416498025258,0.06564233389993508,0.84344349304835,1,0.02638280081252257,0.9447616537412008,0.02885553613305092
337,"[[49]
 [48]
 [51]
 [48]
 [52]
 [54]]",0,2,pituitary,2,0.000386692576284986,7.808726043852706e-06,0.9996054967244467,2,0.0008183528358737627,0.0005114313389640301,0.998670220375061
338,"[[49]
 [48]
 [51]
 [48]
 [52]
 [54]]",0,2,pituitary,2,0.00041763662738958374,4.350808724969587e-05,0.9995388189951578,2,0.012242658995091915,0.0005714445821164796,0.9871858755747477
339,"[[49]
 [48]
 [51]
 [48]
 [52]
 [54]]",0,2,pituitary,2,0.0005273303346863637,2.6489426697177503e-05,0.9994462132453918,2,0.0007336407240169743,1.7116163689934183e-05,0.9992492397626241
340,"[[49]
 [48]
 [51]
 [50]
 [53]
 [55]]",1,2,pituitary,2,0.009371449705213308,3.2316289662048803e-06,0.9906253417332967,2,0.055733258525530495,0.0002948011824628338,0.9439719120661417
341,"[[49]
 [48]
 [51]
 [50]
 [53]
 [55]]",1,2,pituitary,2,0.013080188073217869,9.437729962276838e-05,0.986825426419576,2,0.02511639924099048,0.006621951547761758,0.9682616591453552
342,"[[49]
 [48]
 [51]
 [50]
 [53]
 [55]]",1,2,pituitary,2,0.009932538649688164,0.00046342819526519935,0.9896040360132853,2,0.016424681215236586,0.015342800800378123,0.9682325522104899
343,"[[49]
 [48]
 [51]
 [50]
 [53]
 [55]]",1,2,pituitary,2,0.0044824811629951,0.00011143827471945163,0.9954060316085815,2,0.002967666524151961,0.0007681442390700491,0.9962641795476278
344,"[[49]
 [48]
 [51]
 [50]
 [53]
 [55]]",1,2,pituitary,2,0.02821098268032074,0.00012770790954164113,0.9716612895329794,2,0.04456486242512862,0.0004467991583017768,0.9549883008003235
345,"[[49]
 [48]
 [51]
 [50]
 [53]
 [55]]",1,2,pituitary,2,0.03774713724851608,0.0002480335109188066,0.9620048403739929,2,0.026432775271435578,0.008009945207353061,0.9655572374661764
346,"[[49]
 [49]
 [49]
 [51]
 [54]
 [54]]",0,0,meningioma,0,0.7040397723515829,0.1995516618092855,0.09640857328971227,0,0.6197093228499094,0.026177633553743362,0.35411307215690613
347,"[[49]
 [48]
 [51]
 [52]
 [55]
 [56]]",2,2,pituitary,0,0.734416663646698,0.01907843817025423,0.24650490780671439,2,0.40253787239392597,0.013135449184725681,0.5843266944090525
348,"[[49]
 [48]
 [51]
 [52]
 [55]
 [56]]",2,2,pituitary,2,0.05774058525760969,0.0002895584099557406,0.9419698516527811,2,0.10787207260727882,0.00025213338327982154,0.8918758034706116
349,"[[49]
 [48]
 [51]
 [52]
 [55]
 [56]]",2,2,pituitary,2,0.022528409337004025,0.00011230992337611194,0.9773592551549276,2,0.3893953164418538,0.00710417446680367,0.603500485420227
350,"[[49]
 [48]
 [51]
 [52]
 [55]
 [56]]",2,2,pituitary,2,0.23745005826155344,0.006013620411977172,0.7565363049507141,2,0.04438592245181402,0.00024919167238598067,0.9553648829460144
351,"[[49]
 [48]
 [51]
 [52]
 [55]
 [56]]",2,2,pituitary,2,0.13668793439865112,0.020740705231825512,0.8425713578859965,2,0.02202934119850397,0.0007935971564923724,0.9771770238876343
352,"[[49]
 [48]
 [51]
 [52]
 [55]
 [56]]",2,2,pituitary,2,0.4349152594804764,0.06292981530229251,0.5021549165248871,2,0.07558942462007205,0.001195898240742584,0.9232146739959717
353,"[[49]
 [48]
 [51]
 [52]
 [55]
 [56]]",2,2,pituitary,1,0.046793049822251,0.8710220257441202,0.08218494802713394,2,0.010066978633403778,0.03583585781355699,0.9540971716245016
354,"[[49]
 [48]
 [51]
 [53]
 [56]
 [50]]",4,2,pituitary,2,0.02913821426530679,4.7785646529519e-05,0.9708139896392822,2,0.17850205798943838,0.004247281389931838,0.817250669002533
355,"[[49]
 [48]
 [51]
 [53]
 [56]
 [50]]",4,2,pituitary,2,0.007214375771582127,8.42524253433415e-05,0.9927013913790385,2,0.07895900557438533,0.004293374697833012,0.9167476097742716
356,"[[49]
 [48]
 [51]
 [53]
 [56]
 [50]]",4,2,pituitary,2,0.07483747104803722,0.0025323009273658195,0.9226302107175192,2,0.05700560317685207,0.008603212006467706,0.934391180674235
357,"[[49]
 [49]
 [49]
 [53]
 [51]
 [50]]",4,0,meningioma,0,0.9737033049265543,0.0262299928193291,6.670199096940148e-05,0,0.9946754376093546,0.005038024935250481,0.00028654241032199934
358,"[[49]
 [48]
 [51]
 [53]
 [56]
 [50]]",4,2,pituitary,2,0.10235107690095901,0.0011505655323465664,0.8964983224868774,2,0.021893706483145554,0.00045797161146765575,0.9776483376820883
359,"[[49]
 [48]
 [51]
 [53]
 [56]
 [50]]",4,2,pituitary,2,0.06814832612872124,0.002056588535197079,0.9297950863838196,2,0.01376154215540737,0.00018277102329496606,0.9860557119051615
360,"[[49]
 [48]
 [51]
 [53]
 [56]
 [50]]",4,2,pituitary,2,0.013010972024252018,0.01819448118718962,0.9687945246696472,2,0.03976334988450011,0.010170134560515484,0.9500665068626404
361,"[[49]
 [48]
 [51]
 [54]
 [55]
 [48]]",1,2,pituitary,2,0.006375883550693591,0.0015677677365601994,0.9920563300450643,2,0.004501970950514078,0.00048666932101089816,0.9950113693873087
362,"[[49]
 [48]
 [51]
 [54]
 [55]
 [48]]",1,2,pituitary,2,0.0033982848981395364,0.0011922999701710069,0.9954094092051188,2,0.12194505333900452,0.015353170844415823,0.8627017935117086
363,"[[49]
 [48]
 [51]
 [54]
 [55]
 [48]]",1,2,pituitary,2,0.003594602302958568,0.011855880341803035,0.9845495025316874,2,0.021002678976704676,0.043749685709675155,0.9352476398150126
364,"[[49]
 [48]
 [51]
 [54]
 [55]
 [49]]",0,2,pituitary,2,0.042292799800634384,0.4596660335858663,0.49804118772347766,2,0.24399085342884064,0.27822357416152954,0.47778557737668353
365,"[[49]
 [48]
 [51]
 [54]
 [55]
 [49]]",0,2,pituitary,2,0.046731214970350266,0.023414000247915585,0.9298547705014547,2,0.22630033393700918,0.05366898514330387,0.7200306455294291
366,"[[49]
 [48]
 [51]
 [54]
 [55]
 [49]]",0,2,pituitary,2,0.0881821575264136,0.01767829991877079,0.8941395481427511,2,0.021893175318837166,0.007821153849363327,0.9702856739362081
367,"[[49]
 [48]
 [51]
 [54]
 [55]
 [49]]",0,2,pituitary,2,0.08786061281959216,0.014532316165665785,0.8976071079572042,2,0.010119306078801552,0.002821466672079017,0.9870592355728149
368,"[[49]
 [49]
 [49]
 [53]
 [51]
 [50]]",4,0,meningioma,0,0.9382611910502116,0.061508658031622566,0.0002301337372045964,0,0.9999864101409912,1.1994872639734902e-05,1.5909236772415625e-06
369,"[[49]
 [48]
 [51]
 [55]
 [51]
 [49]]",1,2,pituitary,2,0.042026909068226814,0.0017672363295181033,0.9562058448791504,2,0.024589500700434048,0.025354317699869473,0.9500561753908793
370,"[[49]
 [48]
 [51]
 [55]
 [51]
 [49]]",1,2,pituitary,2,0.010401547032718858,4.860413552402557e-05,0.9895498355229696,2,0.07011316592494647,0.0909419705470403,0.8389448523521423
371,"[[49]
 [48]
 [51]
 [55]
 [51]
 [49]]",1,2,pituitary,2,0.001250092968499909,7.014817375268952e-06,0.998742918173472,2,0.015753074393918116,0.0009375431885321935,0.9833093682924906
372,"[[49]
 [48]
 [51]
 [55]
 [51]
 [49]]",1,2,pituitary,2,0.0029417473124340177,9.43059561298772e-05,0.9969639579455057,2,0.0014802304018909733,1.0353323893023496e-06,0.9985187451044718
373,"[[49]
 [48]
 [51]
 [55]
 [51]
 [49]]",1,2,pituitary,2,0.002650258655194193,0.00011553883753852763,0.9972341656684875,2,0.0006526824242124954,0.002254017318288485,0.9970933397610983
374,"[[49]
 [48]
 [51]
 [55]
 [51]
 [49]]",1,2,pituitary,2,0.003966996950718264,0.0008815397304715589,0.995151420434316,2,0.002429152994106213,0.0004264700522374672,0.997144361337026
375,"[[49]
 [48]
 [51]
 [55]
 [51]
 [49]]",1,2,pituitary,2,0.0030011613853275776,0.0002760812597747038,0.9967227975527445,2,0.00026502031202350434,0.01783974759746343,0.9818952480951945
376,"[[49]
 [48]
 [51]
 [55]
 [51]
 [49]]",1,2,pituitary,2,0.003103337367065251,0.003308421859401278,0.9935881892840067,2,0.0008804706691686685,0.17483395027617613,0.824285606543223
377,"[[49]
 [48]
 [51]
 [55]
 [51]
 [49]]",1,2,pituitary,2,0.0012651455860274534,0.00042994752099427086,0.9983048637708029,2,0.0012007798553289224,0.31626880044738453,0.682530423005422
378,"[[49]
 [48]
 [51]
 [55]
 [51]
 [49]]",1,2,pituitary,2,0.0004879254411207512,0.000515221584161433,0.9989968339602152,2,0.00029019126183508587,0.0025124744861386716,0.9971973299980164
379,"[[49]
 [49]
 [49]
 [53]
 [51]
 [50]]",4,0,meningioma,0,0.8945540984471639,0.10541666547457378,2.9259230965787236e-05,0,0.9895477493604025,0.010451999046684554,2.3697427635009186e-07
380,"[[49]
 [48]
 [51]
 [56]
 [51]
 [55]]",0,2,pituitary,2,0.0011556700483197346,5.532967899550083e-06,0.9988388021787008,2,0.018894671462476254,1.3989516901347088e-05,0.9810913403828939
381,"[[49]
 [48]
 [51]
 [56]
 [51]
 [55]]",0,2,pituitary,2,0.0015043890646969278,1.4737858843242671e-05,0.9984808762868246,2,0.0007909328560344875,2.0025808529074613e-05,0.999189039071401
382,"[[49]
 [48]
 [51]
 [56]
 [51]
 [55]]",0,2,pituitary,2,0.001027995798115929,1.2654056718020001e-05,0.9989593625068665,2,0.007894278465149304,0.00014670041673525702,0.9919590353965759
383,"[[49]
 [48]
 [51]
 [56]
 [51]
 [55]]",0,2,pituitary,2,0.001202146503298233,9.081344311804666e-05,0.9987070560455322,2,0.0035988240657995143,0.00010781423710189604,0.9962933858235677
384,"[[49]
 [48]
 [51]
 [56]
 [51]
 [55]]",0,2,pituitary,2,0.023955024235571425,0.0005358288629698412,0.9755091468493143,2,0.011496055871248245,0.0006880156385401884,0.9878159165382385
385,"[[49]
 [48]
 [51]
 [56]
 [51]
 [55]]",0,2,pituitary,2,0.08433728075275819,0.0035301527532283217,0.9121326009432474,2,0.05562610396494468,0.0011465161999997993,0.9432273705800375
386,"[[49]
 [48]
 [51]
 [56]
 [51]
 [55]]",0,2,pituitary,2,0.10808603962262471,0.00896183967900773,0.8829521139462789,2,0.06553477793931961,0.005961423817401131,0.9285037914911906
387,"[[49]
 [48]
 [51]
 [56]
 [51]
 [55]]",0,2,pituitary,2,0.05691611828903357,0.002851995717113217,0.9402318994204203,2,0.1790956680973371,0.012684593598047892,0.8082197507222494
388,"[[49]
 [48]
 [52]
 [48]
 [49]
 [57]]",1,2,pituitary,2,0.011598854946593443,0.0019934952676218622,0.9864076773325602,2,0.019109710740546387,0.005720655977105101,0.9751696586608887
389,"[[49]
 [48]
 [52]
 [48]
 [49]
 [57]]",1,2,pituitary,2,0.005142360149572293,0.00012987755144422408,0.9947277704874674,2,0.0001053241564174338,0.00015058094747170495,0.9997440775235494
390,"[[49]
 [49]
 [50]
 [48]
 [48]
 [50]]",3,0,meningioma,0,0.5062708258628845,0.4931902488072713,0.0005389331345213577,0,0.976138969262441,0.023510033652807277,0.0003510363324797557
391,"[[49]
 [48]
 [52]
 [48]
 [49]
 [57]]",1,2,pituitary,2,0.0011652334651444107,3.899626138566722e-05,0.9987957874933878,2,0.00012925409585780775,3.0289682783291028e-05,0.9998404383659363
392,"[[49]
 [48]
 [52]
 [48]
 [49]
 [57]]",1,2,pituitary,2,0.005871036206372082,6.982823409392343e-05,0.9940591057141622,2,0.012856079420695702,0.00041993308695964515,0.9867239991823832
393,"[[49]
 [48]
 [52]
 [53]
 [53]
 [56]]",0,2,pituitary,1,0.08353677267829578,0.6200844744841257,0.2963787391781807,2,0.2716040511926015,0.042514670019348465,0.6858812769254049
394,"[[49]
 [48]
 [52]
 [53]
 [53]
 [56]]",0,2,pituitary,1,0.21031161646048227,0.4165969789028168,0.3730914418896039,0,0.6127677957216898,0.06915031683941682,0.3180818905433019
395,"[[49]
 [48]
 [52]
 [53]
 [53]
 [56]]",0,2,pituitary,2,0.08205751453836758,0.0775259758035342,0.8404164910316467,2,0.02749853270749251,0.006623287529995044,0.9658781687418619
396,"[[49]
 [48]
 [52]
 [53]
 [53]
 [56]]",0,2,pituitary,2,0.21238364279270172,0.15831319242715836,0.6293031473954519,2,0.05226533114910126,0.04651438693205515,0.9012202819188436
397,"[[49]
 [48]
 [52]
 [53]
 [53]
 [56]]",0,2,pituitary,2,0.1009405826528867,0.03138893423601985,0.86767049630483,2,0.1107288549343745,0.0037821161095052958,0.885489026705424
398,"[[49]
 [48]
 [52]
 [53]
 [53]
 [56]]",0,2,pituitary,2,0.08805923784772555,0.01226782527131339,0.8996729850769043,2,0.09970414141813914,0.0021391521828869977,0.8981567025184631
399,"[[49]
 [48]
 [52]
 [53]
 [53]
 [56]]",0,2,pituitary,2,0.1257518952091535,0.02597465521345536,0.8482734560966492,2,0.0777816412349542,0.003212029153170685,0.9190063079198202
400,"[[49]
 [48]
 [52]
 [53]
 [53]
 [56]]",0,2,pituitary,2,0.10429544312258561,0.002847891921798388,0.8928566972414652,2,0.3110467592875163,0.005203282072519262,0.6837499539057413
401,"[[49]
 [49]
 [50]
 [48]
 [48]
 [50]]",3,0,meningioma,0,0.6404406229654948,0.3572341005007426,0.0023252702861403427,1,0.3998888432979584,0.591992715994517,0.008118406093368927
402,"[[49]
 [48]
 [52]
 [54]
 [56]
 [52]]",3,2,pituitary,2,0.0005611751116134656,1.2751600139970787e-06,0.9994374910990397,2,5.4673855023186967e-05,0.00036972658441906486,0.9995755950609843
403,"[[49]
 [48]
 [52]
 [54]
 [56]
 [52]]",3,2,pituitary,2,0.0007213513913484348,9.224728543699712e-06,0.999269425868988,2,7.615838694619015e-05,0.0014178304312129815,0.9985060095787048
404,"[[49]
 [48]
 [52]
 [54]
 [56]
 [52]]",3,2,pituitary,2,0.000433199332140551,1.0176133066012543e-06,0.9995657602945963,2,2.7778375359351532e-05,0.0005234450048495395,0.9994487762451172
405,"[[49]
 [48]
 [52]
 [54]
 [56]
 [52]]",3,2,pituitary,2,0.0008248147601079836,1.7501376544659664e-06,0.9991734425226847,2,0.00169028482438686,0.007282404267850022,0.991027315457662
406,"[[49]
 [48]
 [52]
 [54]
 [56]
 [52]]",3,2,pituitary,2,3.6807159868127805e-05,4.5095456544889484e-07,0.9999627669652303,2,0.0008361715590581298,0.0017266442688802879,0.9974372188250223
407,"[[49]
 [48]
 [52]
 [54]
 [56]
 [52]]",3,2,pituitary,2,0.00020298195461994814,2.6961967703205875e-05,0.9997701048851013,2,0.028942069349189598,0.005461059277877212,0.9655968546867371
408,"[[49]
 [48]
 [52]
 [54]
 [56]
 [52]]",3,2,pituitary,2,0.0005785948330109628,5.772810788092405e-05,0.9993637005488077,2,0.0005314993516852459,6.507155558210798e-05,0.9994034369786581
409,"[[49]
 [48]
 [52]
 [54]
 [56]
 [52]]",3,2,pituitary,2,0.003199476942730447,0.0005114608050007519,0.9962890942891439,2,0.00010561171567739318,3.7317457364830865e-05,0.9998570680618286
410,"[[49]
 [48]
 [52]
 [54]
 [56]
 [52]]",3,2,pituitary,2,0.003910275874659419,3.6158669217911665e-05,0.9960535764694214,2,0.0012308420846238732,0.00027848985337186605,0.9984906911849976
411,"[[49]
 [48]
 [52]
 [57]
 [49]
 [50]]",2,2,pituitary,2,0.0001282067023566924,6.574255687989231e-07,0.9998711148897806,2,0.006316465636094411,0.001105883876637866,0.9925776521364847
412,"[[49]
 [49]
 [50]
 [48]
 [48]
 [50]]",3,0,meningioma,0,0.9523037870724996,0.046834494918584824,0.0008616849214983328,1,0.43774012724558514,0.560757984717687,0.001501896350722139
413,"[[49]
 [48]
 [52]
 [57]
 [49]
 [50]]",2,2,pituitary,2,5.830124185498183e-05,2.3025095667132214e-06,0.9999394019444784,2,0.0014802646668006976,0.0008257567581798261,0.9976939558982849
414,"[[49]
 [48]
 [52]
 [57]
 [49]
 [50]]",2,2,pituitary,2,0.0009122520180729529,4.178942102347113e-05,0.9990459481875101,2,0.00041724392940523103,0.0005223011175985448,0.9990604917208353
415,"[[49]
 [48]
 [52]
 [57]
 [49]
 [50]]",2,2,pituitary,2,0.0016721583864030738,0.003630638044948379,0.9946972131729126,2,0.0009857079130597413,0.00021813630761850314,0.9987961451212565
416,"[[49]
 [48]
 [52]
 [57]
 [49]
 [50]]",2,2,pituitary,2,0.001063233920528243,0.0019134775696632762,0.9970232645670573,2,0.0023892573857059083,0.00014056778430434255,0.9974701801935831
417,"[[49]
 [48]
 [53]
 [49]
 [56]
 [55]]",0,2,pituitary,2,0.007853767446552714,0.00197488190800262,0.9901713331540426,2,0.01994588350256284,0.001224930116829152,0.9788291851679484
418,"[[49]
 [48]
 [53]
 [49]
 [56]
 [55]]",0,2,pituitary,2,0.012392407283186913,0.0027856070082634687,0.9848219950993856,2,0.00798347646680971,0.0001113585130951833,0.991905152797699
419,"[[49]
 [48]
 [53]
 [49]
 [56]
 [55]]",0,2,pituitary,2,0.010868124663829803,0.002119253040291369,0.9870126446088155,2,0.0017132339805054169,0.00014681101917328002,0.9981399377187093
420,"[[49]
 [48]
 [53]
 [49]
 [56]
 [55]]",0,2,pituitary,2,0.04095713825275501,0.02448459411971271,0.9345583120981852,2,0.005044742487370968,0.0018463130885114272,0.9931089480717977
421,"[[49]
 [48]
 [53]
 [52]
 [55]
 [53]]",3,2,pituitary,2,0.004448532500343087,5.782182779512368e-05,0.9954936106999716,2,0.3977416306734085,0.017967279913136736,0.5842910706996918
422,"[[49]
 [48]
 [53]
 [52]
 [55]
 [53]]",3,2,pituitary,2,0.0043672043102560565,0.00023310046647869362,0.9953996737798055,2,0.25537139425675076,0.011315284529700875,0.7333133320013682
423,"[[49]
 [49]
 [50]
 [48]
 [48]
 [50]]",3,0,meningioma,1,0.4724217504262924,0.524559905131658,0.0030183134440449066,1,0.3347983757654826,0.6603824496269226,0.004819182523836692
424,"[[49]
 [48]
 [53]
 [53]
 [51]
 [56]]",2,2,pituitary,2,0.38069841265678406,0.019359232236941654,0.5999423464139303,0,0.5236616681019465,0.41995639602343243,0.05638194037601352
425,"[[49]
 [48]
 [53]
 [53]
 [51]
 [56]]",2,2,pituitary,0,0.8772823810577393,0.015917936029533546,0.10679964969555537,0,0.9881633718808492,0.009379208243141571,0.0024574385897722095
426,"[[49]
 [48]
 [53]
 [53]
 [51]
 [56]]",2,2,pituitary,0,0.5863991777102152,0.048109523952007294,0.36549130578835803,0,0.7506783207257589,0.018843940148750942,0.2304776981472969
427,"[[49]
 [48]
 [53]
 [54]
 [51]
 [56]]",3,2,pituitary,2,0.0002741812274583329,3.4939288497589277e-07,0.9997254610061646,2,0.00185829548475643,0.1326453983783722,0.8654963175455729
428,"[[49]
 [48]
 [53]
 [54]
 [51]
 [56]]",3,2,pituitary,2,0.000862335785882351,2.0645956828602152e-06,0.9991355737050375,2,0.013799869610617558,0.008494695221694807,0.9777054587999979
429,"[[49]
 [48]
 [53]
 [54]
 [51]
 [56]]",3,2,pituitary,2,0.00014712385537526038,5.425511256466434e-07,0.9998523592948914,2,0.0055676791816949844,0.002860645152395591,0.9915716648101807
430,"[[57]
 [55]
 [52]
 [49]
 [54]]",2,2,pituitary,2,0.0015633026875245075,6.679899949328198e-06,0.9984300335248312,2,0.002656404899122814,0.003956826364931961,0.9933867851893107
431,"[[57]
 [55]
 [52]
 [49]
 [54]]",2,2,pituitary,2,0.009983649787803492,0.0015468770094836752,0.9884694814682007,2,0.055802526573340096,0.016887765222539503,0.9273096720377604
432,"[[57]
 [55]
 [52]
 [49]
 [54]]",2,2,pituitary,2,0.04280675885577997,0.0003225547237282929,0.9568706949551901,2,0.01030261442065239,0.00021282742090988904,0.9894845485687256
433,"[[57]
 [55]
 [52]
 [49]
 [54]]",2,2,pituitary,2,0.005766559392213821,0.00033859484634983045,0.9938948154449463,2,0.005921827085937063,0.0003811591911168459,0.9936970074971517
434,"[[49]
 [49]
 [50]
 [48]
 [54]
 [50]]",4,0,meningioma,1,0.3701649606227875,0.6295265754063925,0.0003084568791867544,0,0.9682448506355286,0.031754335233320795,8.189063602041339e-07
435,"[[57]
 [55]
 [52]
 [49]
 [54]]",2,2,pituitary,2,0.0017307755770161748,0.0006401836338530605,0.9976290265719095,2,0.02281900371114413,0.00026243139776246,0.9769185781478882
436,"[[57]
 [55]
 [52]
 [49]
 [54]]",2,2,pituitary,2,0.01051300298422575,0.0032477377293010554,0.9862392743428549,2,0.046135432397325836,0.0013364638240697484,0.9525280992190043
437,"[[57]
 [55]
 [52]
 [49]
 [54]]",2,2,pituitary,2,0.006475455593317747,0.025511361037691433,0.9680131872495016,2,0.04450632445514202,0.0022944269003346562,0.9531992673873901
438,"[[57]
 [55]
 [52]
 [49]
 [54]]",2,2,pituitary,2,0.0021057079235712686,0.002277291767920057,0.9956170121828715,2,0.012708807364106178,0.0023003810783848166,0.9849908351898193
439,"[[57]
 [55]
 [52]
 [49]
 [54]]",2,2,pituitary,2,0.0032412672492985926,0.004076832750191291,0.9926818609237671,2,0.016619735397398472,0.039948237438996635,0.943432072798411
440,"[[57]
 [55]
 [52]
 [54]
 [49]]",0,2,pituitary,2,0.19874741385380426,0.004855986238302042,0.7963965932528178,1,0.3236100325981776,0.5112119416395823,0.1651780679821968
441,"[[57]
 [55]
 [52]
 [54]
 [49]]",0,2,pituitary,2,0.024958696371565264,0.00020256604693713598,0.9748387336730957,2,0.02604821075995763,0.04083617217838764,0.9331156015396118
442,"[[57]
 [55]
 [52]
 [54]
 [49]]",0,2,pituitary,2,0.019621000314752262,0.0003017555015200439,0.9800772468249003,2,0.03230925711492697,0.0032046382936338582,0.9644861022631327
443,"[[57]
 [55]
 [52]
 [54]
 [49]]",0,2,pituitary,2,0.022823901070902746,0.009101674697982768,0.9680744409561157,2,0.06719589233398438,0.006208835014452537,0.9265953302383423
444,"[[57]
 [55]
 [52]
 [54]
 [49]]",0,2,pituitary,2,0.060139848540226616,0.14421241730451584,0.7956477403640747,2,0.010191358781109253,0.008022159648438295,0.9817865093549093
445,"[[49]
 [48]
 [49]
 [48]
 [49]
 [54]]",1,0,meningioma,0,0.9976843396822611,0.002311635452012221,4.060281257286154e-06,0,0.9963948527971903,0.003551175369163199,5.3960264153829485e-05
446,"[[49]
 [49]
 [50]
 [48]
 [54]
 [50]]",4,0,meningioma,0,0.9668624401092529,0.033128113796313606,9.434482156696808e-06,0,0.9963783025741577,0.0032364141661673784,0.00038527516881003976
447,"[[57]
 [55]
 [52]
 [54]
 [49]]",0,2,pituitary,2,0.023997960301736992,0.05279358755797148,0.9232084353764852,2,0.0048058491277818876,0.001486676240650316,0.9937074581782023
448,"[[57]
 [55]
 [52]
 [54]
 [49]]",0,2,pituitary,2,0.004751596522207062,0.001613417543315639,0.9936349789301554,2,0.0022196507973906896,0.001087568331665049,0.9966927965482076
449,"[[57]
 [55]
 [52]
 [54]
 [49]]",0,2,pituitary,2,0.010956791617597142,0.007163323966475825,0.9818799495697021,2,0.002463821661270534,0.001160268671810627,0.9963759183883667
450,"[[57]
 [55]
 [52]
 [54]
 [49]]",0,2,pituitary,2,0.0027611149804821857,0.0051391652862851816,0.9920997222264608,2,0.0007358992976757387,0.00029166944174600456,0.9989724357922872
451,"[[57]
 [55]
 [52]
 [56]
 [49]]",0,2,pituitary,2,0.12803837284445763,0.01034768515576919,0.861613949139913,0,0.7782981594403585,0.14463712523380914,0.07706471532583237
452,"[[57]
 [55]
 [52]
 [56]
 [49]]",0,2,pituitary,2,0.05808480021854242,0.005132982332725078,0.9367822209993998,2,0.45010820031166077,0.06373184795180957,0.48615995049476624
453,"[[57]
 [55]
 [52]
 [56]
 [49]]",0,2,pituitary,2,0.0096926623955369,0.0009866690379567444,0.9893206755320231,2,0.374407817920049,0.08993480913341045,0.5356573363145193
454,"[[57]
 [55]
 [52]
 [56]
 [49]]",0,2,pituitary,2,0.011153693000475565,0.0002779984327692849,0.9885682861010233,2,0.09065667043129604,0.0016687516666327913,0.9076745708783468
455,"[[57]
 [55]
 [53]
 [57]
 [57]]",2,2,pituitary,2,0.4124569495519002,0.0053412169218063354,0.5822018384933472,2,0.287825586895148,0.0005430610520609965,0.7116313477357229
456,"[[57]
 [55]
 [53]
 [57]
 [57]]",2,2,pituitary,2,0.3089872747659683,0.001667434078020354,0.6893453001976013,2,0.35336647431055707,0.004386691376566887,0.6422468523184458
457,"[[49]
 [49]
 [50]
 [48]
 [54]
 [50]]",4,0,meningioma,0,0.999585489432017,0.00041243738814955577,2.061563501835432e-06,0,0.9976032574971517,0.0023936185898492113,3.138594588373659e-06
458,"[[57]
 [55]
 [56]
 [57]
 [48]]",4,2,pituitary,2,0.002791616522396604,0.0018446020937214296,0.9953637719154358,2,0.0036101256749437502,0.00012114710837825744,0.9962687889734904
459,"[[57]
 [55]
 [56]
 [57]
 [48]]",4,2,pituitary,2,0.016853056227167446,0.06987688628335793,0.9132700363794962,2,0.04189851631720861,0.0011552525829756632,0.9569462140401205
460,"[[57]
 [55]
 [56]
 [57]
 [48]]",4,2,pituitary,2,0.01109441687973837,0.006092567617694537,0.9828130404154459,2,0.0022527677501784638,0.0011575446599939216,0.9965896805127462
461,"[[57]
 [55]
 [56]
 [57]
 [48]]",4,2,pituitary,2,0.0032828676824768386,0.0105360623759528,0.9861810604731241,2,0.0013472334491477038,0.0007953016417256246,0.9978574713071188
462,"[[57]
 [56]
 [52]
 [55]
 [50]]",1,2,pituitary,2,0.0011005209914098184,3.798005335416595e-07,0.9988991419474283,2,0.007014793499062459,9.293590238712568e-05,0.9928922454516093
463,"[[57]
 [56]
 [52]
 [55]
 [50]]",1,2,pituitary,2,0.0013911698091154296,1.2791718082401834e-05,0.9985960324605306,2,0.017511455963055294,7.35164118547497e-05,0.9824150005976359
464,"[[57]
 [56]
 [52]
 [55]
 [50]]",1,2,pituitary,2,0.0014322491382093479,0.0003327785610357144,0.9982349673906962,2,0.17702767252922058,0.00031170852404708665,0.8226606051127116
465,"[[57]
 [56]
 [52]
 [55]
 [50]]",1,2,pituitary,2,0.0035421807939807573,0.00021395101051287688,0.9962438742319742,2,0.26484647393226624,2.5817636090626667e-05,0.7351277073224386
466,"[[57]
 [56]
 [52]
 [55]
 [50]]",1,2,pituitary,2,0.008066828828305006,0.0062149133591447026,0.985718309879303,2,0.016320228421439726,0.00011155166551664782,0.9835682511329651
467,"[[57]
 [56]
 [52]
 [55]
 [50]]",1,2,pituitary,2,0.04535001888871193,0.008659374162865182,0.9459905823071798,2,0.3191327154636383,0.0026260169688612223,0.6782412827014923
468,"[[49]
 [49]
 [50]
 [50]
 [53]
 [50]]",4,0,meningioma,0,0.9984166820844015,0.0015811541719206919,2.13208196934526e-06,0,0.9997426867485046,0.0002569562493590638,3.110243381361973e-07
469,"[[57]
 [56]
 [52]
 [55]
 [50]]",1,2,pituitary,2,0.005906884791329503,0.0031255258654709905,0.9909675717353821,2,0.06790480017662048,0.049423452777167164,0.8826717734336853
470,"[[57]
 [56]
 [54]
 [53]
 [50]]",3,2,pituitary,2,0.0008485775142617058,6.005155942974868e-07,0.999150812625885,2,0.08696313699086507,0.023182962865879137,0.8898538947105408
471,"[[57]
 [56]
 [54]
 [53]
 [50]]",3,2,pituitary,2,0.0014763443420330684,2.1866996227267363e-06,0.9985214670499166,2,0.006431401513206462,0.0009067575204729413,0.9926618337631226
472,"[[57]
 [56]
 [54]
 [53]
 [50]]",3,2,pituitary,2,0.0034195435631166524,8.663969028077645e-05,0.9964938362439474,2,0.00196842053749909,0.00018993291935961074,0.9978416562080383
473,"[[57]
 [56]
 [56]
 [55]
 [49]]",2,2,pituitary,2,0.007596160207564632,0.0003383251338770303,0.9920655091603597,2,0.06135603009412686,0.004111343063414097,0.9345326026280721
474,"[[57]
 [56]
 [56]
 [55]
 [49]]",2,2,pituitary,2,0.007503229038168986,0.0005468449671752751,0.9919499158859253,2,0.005121338239405304,0.0006809527064130331,0.994197686513265
475,"[[57]
 [56]
 [56]
 [55]
 [49]]",2,2,pituitary,2,0.004715618910267949,7.072765523237952e-05,0.9952136675516764,2,0.005653818739422907,0.00021696203718117127,0.9941292206446329
476,"[[57]
 [56]
 [56]
 [55]
 [49]]",2,2,pituitary,2,0.012618995582063993,0.00018869826453737915,0.9871923128763834,2,0.026962824476261932,0.00020284956068887064,0.9728343486785889
477,"[[57]
 [56]
 [56]
 [55]
 [49]]",2,2,pituitary,2,0.002872902899980545,0.002183114178478718,0.9949439764022827,2,0.010612205097762248,0.0004007992392871529,0.9889869888623556
478,"[[57]
 [56]
 [56]
 [55]
 [49]]",2,2,pituitary,2,0.0033921333961188793,0.017876535654067993,0.9787313342094421,2,0.0005716695789791023,9.79068342227644e-05,0.9993304014205933
479,"[[49]
 [49]
 [50]
 [50]
 [53]
 [50]]",4,0,meningioma,0,0.7532205581665039,0.24669852356115976,8.094771328615025e-05,0,0.7417114774386088,0.2582833270231883,5.1620725021924345e-06
480,"[[57]
 [56]
 [56]
 [55]
 [52]]",3,2,pituitary,2,0.02596451621502638,5.285466810770837e-05,0.9739826520284017,2,0.0029236245318315923,0.0014561125693338302,0.9956202705701193
481,"[[57]
 [56]
 [56]
 [55]
 [52]]",3,2,pituitary,2,0.009286996151786298,3.2307876063934295e-05,0.9906807343165079,2,0.07457136533533533,0.04370818644141158,0.8817204038302103
482,"[[57]
 [56]
 [56]
 [55]
 [52]]",3,2,pituitary,2,0.027310143224895,9.88266885807813e-05,0.9725910226504008,2,0.14465734890351692,0.011376586897919575,0.8439660469690958
483,"[[57]
 [56]
 [56]
 [55]
 [52]]",3,2,pituitary,2,0.03266283601988107,0.001494379632883162,0.9658427635828654,2,0.020292667128766578,0.0029736943251919,0.97673366467158
484,"[[57]
 [56]
 [56]
 [55]
 [52]]",3,2,pituitary,2,0.02062627215248843,0.06150638870894909,0.9178673426310221,2,0.02785952340733881,0.38571450610955554,0.5864259401957194
485,"[[57]
 [56]
 [57]
 [57]
 [50]]",2,2,pituitary,0,0.6271873911221822,0.06917580465475719,0.3036368290583293,2,0.10067526747783025,0.0008840573136694729,0.8984407186508179
486,"[[57]
 [56]
 [57]
 [57]
 [50]]",2,2,pituitary,1,0.2627964566151301,0.5022085607051849,0.23499499261379242,2,0.135161512841781,0.011950575358544787,0.8528879284858704
487,"[[57]
 [56]
 [57]
 [57]
 [50]]",2,2,pituitary,1,0.1517862876256307,0.46368303894996643,0.3845306734244029,2,0.34243376056353253,0.010295395428935686,0.6472708284854889
488,"[[57]
 [56]
 [57]
 [57]
 [50]]",2,2,pituitary,2,0.01487459180255731,0.0002466527366777882,0.9848787188529968,2,0.15388102581103644,7.567913659537832e-05,0.8460433085759481
489,"[[57]
 [56]
 [57]
 [57]
 [50]]",2,2,pituitary,2,0.03531550864378611,0.39330150187015533,0.571382979551951,2,0.0956170658270518,0.32804282009601593,0.576340119043986
490,"[[49]
 [49]
 [50]
 [53]
 [53]
 [50]]",4,0,meningioma,0,0.8049351175626119,0.1527655820051829,0.04229927187164625,0,0.8870786627133688,0.1113144929210345,0.0016067994826395686
491,"[[57]
 [56]
 [57]
 [57]
 [50]]",2,2,pituitary,1,0.04429334277908007,0.8564556241035461,0.09925102442502975,2,0.011375811339045564,0.12643858790397644,0.8621856371561686
492,"[[57]
 [56]
 [57]
 [57]
 [50]]",2,2,pituitary,2,0.23010356227556863,0.22008704642454782,0.5498093962669373,1,0.009576282153526941,0.5224488278230032,0.467974916100502
493,"[[57]
 [56]
 [57]
 [57]
 [53]]",1,2,pituitary,2,0.006661964114755392,9.437497813754211e-06,0.9933286110560099,2,0.014662265622367462,1.3924036816585309e-05,0.9853238066037496
494,"[[57]
 [56]
 [57]
 [57]
 [53]]",1,2,pituitary,2,0.029027226070563,1.2311552760972214e-05,0.9709604581197103,2,0.004667764529585838,5.865231912594027e-06,0.9953263401985168
495,"[[57]
 [56]
 [57]
 [57]
 [53]]",1,2,pituitary,2,0.008297396513322989,4.331983054347195e-06,0.9916982650756836,2,0.0071259418812890845,0.0002310458574659909,0.9926429986953735
496,"[[57]
 [56]
 [57]
 [57]
 [53]]",1,2,pituitary,2,0.05261220379422108,6.147203847225076e-05,0.9473263223965963,2,0.26114197820425034,0.0007982765516013993,0.7380597591400146
497,"[[57]
 [56]
 [57]
 [57]
 [53]]",1,2,pituitary,2,0.008857590767244497,7.500671366263607e-05,0.9910673896471659,2,0.07368816497425239,0.02527948691082808,0.9010323087374369
498,"[[57]
 [57]
 [50]
 [50]
 [51]]",0,2,pituitary,2,0.28256820638974506,0.036987632513046265,0.6804441710313162,0,0.7673595348993937,0.1580608660976092,0.07457957044243813
499,"[[57]
 [57]
 [50]
 [50]
 [51]]",0,2,pituitary,2,0.030103303336848814,0.004983755953920384,0.9649129311243693,0,0.847630242506663,0.09494543199737866,0.057424365232388176
500,"[[57]
 [57]
 [50]
 [50]
 [51]]",0,2,pituitary,2,0.011844849679619074,0.0009533898361648122,0.9872017900149027,2,0.1910328765710195,0.012398851724962393,0.7965682546297709
501,"[[49]
 [49]
 [50]
 [53]
 [53]
 [50]]",4,0,meningioma,0,0.7958758473396301,0.20225296169519424,0.0018711915084471304,0,0.9889963865280151,0.010861565358936787,0.0001420150080472619
502,"[[57]
 [57]
 [50]
 [50]
 [51]]",0,2,pituitary,2,0.01063654338940978,0.001585775443042318,0.9877776702245077,0,0.5567299922307333,0.11753205334146817,0.32573796312014264
503,"[[57]
 [57]
 [50]
 [50]
 [51]]",0,2,pituitary,2,0.041340927282969155,0.004065305887100597,0.9545937577883402,0,0.5825397173563639,0.1987779587507248,0.21868231892585754
504,"[[57]
 [57]
 [50]
 [50]
 [51]]",0,2,pituitary,2,0.08336606870094936,0.059317477668325104,0.8573164145151774,0,0.7709625164667765,0.04035408546527227,0.188683420419693
505,"[[57]
 [57]
 [50]
 [50]
 [51]]",0,2,pituitary,2,0.008533068311711153,0.00206765088175113,0.9893993139266968,2,0.0017165802807236712,0.0003717303043231368,0.9979116916656494
506,"[[57]
 [57]
 [50]
 [50]
 [51]]",0,2,pituitary,2,0.002074513778400918,0.0005350761178609295,0.9973904093106588,2,0.0008616810858560106,0.00010733004000940127,0.9990309675534567
507,"[[57]
 [57]
 [50]
 [50]
 [51]]",0,2,pituitary,2,0.0007337226173452412,0.00010854002963848568,0.9991577863693237,2,0.005858565176216264,0.0022491833369713277,0.9918922384579977
508,"[[49]
 [48]
 [49]
 [48]
 [49]
 [55]]",2,2,pituitary,2,0.0391552901516358,0.005227798634829621,0.9556169112523397,2,0.02412233284364144,0.0004220128297068489,0.975455661614736
509,"[[49]
 [48]
 [49]
 [48]
 [49]
 [55]]",2,2,pituitary,2,0.040410932153463364,0.0019071711770569284,0.9576819141705831,2,0.0017052726858916383,0.0002009972279968982,0.9980937043825785
510,"[[49]
 [48]
 [49]
 [48]
 [49]
 [55]]",2,2,pituitary,2,0.09196531027555466,0.0040296440323193865,0.9040050705273946,2,0.00024712965144620586,9.04357011677348e-06,0.9997438391049703
511,"[[49]
 [48]
 [49]
 [48]
 [49]
 [55]]",2,2,pituitary,2,0.015884910710155964,0.002461085581065466,0.9816540082295736,2,0.0009138717626531919,1.2693177495748387e-06,0.9990848700205485
512,"[[49]
 [49]
 [50]
 [53]
 [53]
 [50]]",4,0,meningioma,0,0.8705694476763407,0.12768411884705225,0.0017464201664552093,0,0.9835004409154257,0.01575299973289172,0.0007465377493645065
513,"[[49]
 [48]
 [49]
 [48]
 [49]
 [55]]",2,2,pituitary,2,0.010173999393979708,0.0002899774384180394,0.9895360469818115,2,0.0004426447782558777,3.0668767720953838e-06,0.9995542565981547
514,"[[49]
 [48]
 [49]
 [48]
 [49]
 [55]]",2,2,pituitary,2,0.019784290343523026,0.0020396762993186712,0.9781760374704996,2,0.0008677717366178209,1.3975416569185957e-06,0.9991308450698853
515,"[[49]
 [48]
 [49]
 [48]
 [50]
 [57]]",2,2,pituitary,2,6.14551390754059e-05,1.914888395996665e-08,0.9999385277430216,2,5.673911213458875e-06,1.7479163034295198e-05,0.9999768336613973
516,"[[49]
 [48]
 [49]
 [48]
 [50]
 [57]]",2,2,pituitary,2,0.00013714987411124943,1.6443153949552425e-08,0.9998628497123718,2,0.0003451914866066848,1.5033933323138626e-05,0.9996397892634074
517,"[[49]
 [48]
 [49]
 [48]
 [50]
 [57]]",2,2,pituitary,2,3.754062830315282e-05,2.192267523071223e-08,0.9999624490737915,2,2.5737143914739136e-05,2.150452534503226e-05,0.9999527533849081
518,"[[49]
 [48]
 [49]
 [48]
 [50]
 [57]]",2,2,pituitary,2,3.655635979763853e-05,3.579685229719113e-08,0.9999634424845377,2,1.2430184900343496e-05,2.820717903280941e-05,0.999959389368693
519,"[[49]
 [48]
 [49]
 [48]
 [50]
 [57]]",2,2,pituitary,2,0.00020192215500477081,2.38479396822792e-07,0.9997978409131368,2,1.2448327955401814e-05,4.70569463383678e-05,0.9999404748280843
520,"[[49]
 [48]
 [49]
 [48]
 [50]
 [57]]",2,2,pituitary,2,0.005924514378421009,9.359301278285178e-06,0.994066079457601,2,8.957714271673467e-05,0.00011768271785210042,0.9997927745183309
521,"[[49]
 [48]
 [49]
 [49]
 [52]
 [53]]",3,2,pituitary,2,0.015629240466902655,0.0013315907878374371,0.9830391804377238,2,0.0018338368439193193,0.000209692815891079,0.9979564944903055
522,"[[49]
 [48]
 [49]
 [49]
 [52]
 [53]]",3,2,pituitary,2,0.018313335565229256,0.0003638902738506052,0.9813228050867716,2,0.0018237266303913202,8.828814579449802e-05,0.998088002204895
523,"[[49]
 [49]
 [50]
 [53]
 [53]
 [50]]",4,0,meningioma,0,0.9968638022740682,0.0026062013736615577,0.0005300147943974783,0,0.6681356976429621,0.010047283411646882,0.3218170578281085
524,"[[49]
 [48]
 [49]
 [49]
 [52]
 [53]]",3,2,pituitary,2,0.007070022247110804,0.0004550869525701273,0.9924748539924622,2,0.0069639289868064225,0.00918758885624508,0.983848492304484
525,"[[49]
 [48]
 [49]
 [49]
 [52]
 [53]]",3,2,pituitary,2,0.0016250005228357622,2.3583983031964333e-05,0.9983514149983724,2,0.0018900055438280106,0.0005326775329497954,0.9975772897402445
526,"[[49]
 [48]
 [49]
 [51]
 [48]
 [53]]",1,2,pituitary,2,0.006125960343827804,6.776026475563413e-05,0.9938062826792399,2,8.70755150875387e-05,0.0001285903726966353,0.9997843305269877
527,"[[49]
 [48]
 [49]
 [51]
 [48]
 [53]]",1,2,pituitary,2,0.0042233192749942345,0.03442257627223929,0.9613540768623352,2,1.2229149888298707e-05,0.00042943745696296293,0.9995583693186442
528,"[[49]
 [48]
 [49]
 [51]
 [48]
 [53]]",1,2,pituitary,2,0.0024414738096917668,7.44632373728867e-05,0.9974840680758158,2,0.0005381372369204959,0.00073140593788897,0.9987304210662842
529,"[[49]
 [48]
 [49]
 [51]
 [48]
 [53]]",1,2,pituitary,2,0.0043498304051657515,0.0046443003811873496,0.9910058776537577,2,7.781692935774724e-05,3.395397622322586e-05,0.9998882214228312
530,"[[49]
 [48]
 [49]
 [51]
 [48]
 [53]]",1,2,pituitary,2,0.007286173330309491,0.009372292319312692,0.9833415548006693,2,0.0010507879584717255,0.005245115064705412,0.99370410044988
531,"[[49]
 [48]
 [49]
 [51]
 [48]
 [53]]",1,2,pituitary,1,0.009352324064821005,0.6013310452302297,0.3893166333436966,2,0.003914492515226205,0.0036474670438716808,0.9924380381902059
532,"[[49]
 [48]
 [49]
 [51]
 [48]
 [53]]",1,2,pituitary,2,0.002333216107217595,0.011514690821059048,0.9861520727475485,2,9.794172365218401e-05,1.2770554652282348e-05,0.9998892943064371
533,"[[49]
 [48]
 [49]
 [51]
 [48]
 [53]]",1,2,pituitary,2,0.002145040857916077,0.020534584919611614,0.977320392926534,2,0.00046995239487538737,0.002187030545125405,0.9973430434862772
534,"[[49]
 [49]
 [50]
 [53]
 [53]
 [50]]",4,0,meningioma,0,0.9814629356066386,0.018297227409978706,0.00023983682816227278,0,0.9678820768992106,0.02314245483527581,0.008975443740685781
535,"[[49]
 [48]
 [49]
 [55]
 [50]
 [52]]",0,2,pituitary,2,0.01594468834809959,0.0012237324456994731,0.982831617196401,2,0.0028137615881860256,0.004489257155607144,0.9926969607671102
536,"[[49]
 [48]
 [49]
 [55]
 [50]
 [52]]",0,2,pituitary,2,0.008180012189162275,0.00238233203223596,0.9894375999768575,2,0.000720706176556026,0.0006509747666617235,0.9986283381779989
537,"[[49]
 [48]
 [49]
 [55]
 [50]
 [52]]",0,2,pituitary,2,0.0007278545975471692,0.0004001864993673128,0.9988719622294108,2,6.989878117262076e-05,3.3142954938133094e-05,0.9998969237009684
538,"[[49]
 [48]
 [50]
 [54]
 [52]
 [56]]",0,2,pituitary,2,0.0026099484239239246,0.004410485348974665,0.9929795662562052,2,0.00024941515584941953,0.042873600187400975,0.9568769931793213
539,"[[49]
 [48]
 [50]
 [54]
 [52]
 [56]]",0,2,pituitary,2,0.0034251864223430553,0.0033538219868205488,0.9932210048039755,2,0.016240037512034178,0.1997399628162384,0.7840200265248617
540,"[[49]
 [48]
 [50]
 [54]
 [52]
 [56]]",0,2,pituitary,2,0.002396376143830518,0.0019903075299225748,0.9956133166948954,2,0.006338601854319374,0.02608470090975364,0.9675767024358114
541,"[[49]
 [48]
 [50]
 [54]
 [52]
 [56]]",0,2,pituitary,2,0.01152888514722387,0.0021499049422952035,0.986321210861206,2,0.0002006944220435495,0.005344991184150179,0.9944543043772379
542,"[[49]
 [48]
 [50]
 [54]
 [54]
 [57]]",1,2,pituitary,2,0.03785326642294725,0.000258764225388101,0.9618879357973734,2,0.00666165049187839,0.0002522688567599592,0.9930860797564188
543,"[[49]
 [48]
 [50]
 [54]
 [54]
 [57]]",1,2,pituitary,2,0.013381118963782987,0.0007497555513206559,0.9858691096305847,2,0.003165855499294897,0.00041659963608253747,0.9964175224304199
544,"[[49]
 [48]
 [51]
 [48]
 [52]
 [54]]",0,2,pituitary,2,0.00823963453876786,0.0027004650328308344,0.9890599052111307,2,0.0035428713696698346,0.0041952442843467,0.9922619064648946
545,"[[49]
 [49]
 [50]
 [53]
 [53]
 [50]]",4,0,meningioma,0,0.9918615619341532,0.00813210386938105,6.292619673331501e-06,0,0.7445995509624481,0.25290457159280777,0.0024959033083481095
546,"[[49]
 [48]
 [51]
 [48]
 [52]
 [54]]",0,2,pituitary,2,0.00781994053007414,0.009703788130233685,0.9824762543042501,2,0.001362479291856289,9.200044587487355e-05,0.9985455274581909
547,"[[49]
 [48]
 [51]
 [48]
 [52]
 [54]]",0,2,pituitary,2,0.037086418247781694,0.05919871044655641,0.9037149349848429,2,0.08162153636415799,0.04621264711022377,0.8721657991409302
548,"[[49]
 [48]
 [51]
 [48]
 [52]
 [54]]",0,2,pituitary,2,0.009856480736440668,0.0016442490086774342,0.9884992440541586,2,0.0030378090256514647,0.0002542719739722088,0.9967079361279806
549,"[[49]
 [48]
 [51]
 [50]
 [53]
 [55]]",1,2,pituitary,2,0.0024794763109336295,1.0436330474779728e-05,0.9975100954373678,2,1.9854905417560076e-06,1.806670722241203e-05,0.9999799331029257
550,"[[49]
 [48]
 [51]
 [50]
 [53]
 [55]]",1,2,pituitary,2,0.0014979690216326464,2.498907605286149e-06,0.9984995722770691,2,5.600932790154426e-07,6.857116063111827e-07,0.9999987681706747
551,"[[49]
 [48]
 [51]
 [50]
 [53]
 [55]]",1,2,pituitary,2,0.0010049652531354998,1.4594421979078713e-06,0.9989935557047526,2,0.00022512440288361782,2.8873048023569936e-06,0.9997719923655192
552,"[[49]
 [48]
 [51]
 [50]
 [53]
 [55]]",1,2,pituitary,2,0.0010997669693703453,9.86837989103151e-07,0.9988992611567179,2,7.413671482936479e-06,7.289177782846915e-07,0.9999918540318807
553,"[[49]
 [48]
 [51]
 [50]
 [53]
 [55]]",1,2,pituitary,2,0.001985273091122508,1.6762242656416976e-05,0.9979979594548544,2,5.0301183364354074e-05,4.12474100860057e-06,0.9999455610911051
554,"[[49]
 [48]
 [51]
 [52]
 [55]
 [56]]",2,2,pituitary,2,0.3121647834777832,0.299528772632281,0.3883064438899358,2,0.23572715620199838,0.2669940988222758,0.49727876981099445
555,"[[49]
 [48]
 [51]
 [52]
 [55]
 [56]]",2,2,pituitary,2,0.044798157488306366,0.006602095828081171,0.9485997358957926,2,0.39345792432626087,0.013837696518748999,0.5927043855190277
556,"[[49]
 [48]
 [49]
 [48]
 [49]
 [54]]",1,0,meningioma,0,0.8811438679695129,0.118852733168751,3.389583409803739e-06,0,0.9847459594408671,0.015247971847808609,6.072120363853628e-06
557,"[[49]
 [49]
 [50]
 [53]
 [53]
 [50]]",4,0,meningioma,0,0.8019019365310669,0.19808866828680038,9.419842854185845e-06,1,0.48789122700691223,0.5120916465918223,1.7122767834128656e-05
558,"[[49]
 [48]
 [51]
 [52]
 [55]
 [56]]",2,2,pituitary,2,0.033096001793940864,0.0027036122822513184,0.9642003774642944,2,0.08366450605293115,0.00010276122581368934,0.916232705116272
559,"[[49]
 [48]
 [51]
 [52]
 [55]
 [56]]",2,2,pituitary,2,0.0163262072019279,0.00043382542207837105,0.983239988485972,2,0.05451348160083095,7.894310753423876e-05,0.9454075694084167
560,"[[49]
 [48]
 [51]
 [52]
 [55]
 [56]]",2,2,pituitary,2,0.003778951164955894,8.315933215878128e-05,0.9961379170417786,2,0.06984061437348525,3.8754379905488655e-05,0.9301206469535828
561,"[[49]
 [48]
 [51]
 [52]
 [55]
 [56]]",2,2,pituitary,2,0.0023671298986300826,8.37600036902586e-05,0.9975490967432658,2,0.013224089634604752,2.0579241966819e-05,0.9867553313573202
562,"[[49]
 [48]
 [51]
 [52]
 [55]
 [56]]",2,2,pituitary,2,0.0014848592109046876,3.746691466706883e-05,0.9984776775042216,2,0.0036858371070896587,1.613454988576753e-06,0.9963124990463257
563,"[[49]
 [48]
 [51]
 [52]
 [55]
 [56]]",2,2,pituitary,2,0.000680239211457471,5.0877601703784116e-05,0.9992688894271851,2,0.08953308686614037,0.0031162597976314523,0.9073506395022074
564,"[[49]
 [48]
 [51]
 [53]
 [56]
 [50]]",4,2,pituitary,2,0.006283968066175778,6.359414358788247e-05,0.9936524629592896,2,0.06232716282829642,3.118383748793955e-05,0.9376416405042013
565,"[[49]
 [48]
 [51]
 [53]
 [56]
 [50]]",4,2,pituitary,2,0.005164444951030116,1.1448201386580573e-05,0.9948241313298544,2,0.12938030809164047,3.591713736265471e-05,0.8705837726593018
566,"[[49]
 [48]
 [51]
 [53]
 [56]
 [50]]",4,2,pituitary,2,0.009335711249150336,5.831194044958465e-06,0.9906584421793619,2,0.04903337794045607,1.7608610050956486e-05,0.9509490331013998
567,"[[49]
 [48]
 [51]
 [53]
 [56]
 [50]]",4,2,pituitary,2,0.0031012676287597665,1.930975897105706e-06,0.9968967835108439,2,0.005889393680263311,7.11724029921849e-05,0.9940394957860311
568,"[[49]
 [49]
 [50]
 [54]
 [52]
 [56]]",0,0,meningioma,1,0.2311540494362513,0.7652316888173422,0.0036142408304537335,1,0.15515649815400442,0.8212540944417318,0.023589397159715492
569,"[[49]
 [48]
 [51]
 [53]
 [56]
 [50]]",4,2,pituitary,2,0.03207994299009442,0.00012103568709183794,0.9677990277608236,2,0.008255629645039638,3.0197187517918187e-06,0.9917413592338562
570,"[[49]
 [48]
 [51]
 [54]
 [55]
 [48]]",1,2,pituitary,2,0.02475043075780074,0.0003519248590843442,0.9748976230621338,2,0.0003028622886631638,2.396833811720474e-05,0.9996731479962667
571,"[[49]
 [48]
 [51]
 [54]
 [55]
 [48]]",1,2,pituitary,2,0.07541248699029286,0.0003222882169211516,0.924265185991923,2,0.0005129726390199115,1.0551958609994472e-05,0.9994764924049377
572,"[[49]
 [48]
 [51]
 [54]
 [55]
 [48]]",1,2,pituitary,2,0.13393806417783102,0.004612028210734327,0.8614498972892761,2,0.02809075452387333,0.001784901231682549,0.970124344031016
573,"[[49]
 [48]
 [51]
 [54]
 [55]
 [48]]",1,2,pituitary,2,0.046144308832784496,0.0007154639230672425,0.9531402190526327,2,0.010062525048851967,0.0002720964663846341,0.9896653691927592
574,"[[49]
 [48]
 [51]
 [54]
 [55]
 [49]]",0,2,pituitary,2,0.009930699307005852,0.002717916223142917,0.9873513976732889,2,0.0011581141928521295,0.00039010748150758445,0.9984517892201742
575,"[[49]
 [48]
 [51]
 [54]
 [55]
 [49]]",0,2,pituitary,2,0.0033128927170764655,0.0007066131656756625,0.995980461438497,2,0.004139242072900136,0.0008570317295379937,0.9950037002563477
576,"[[49]
 [48]
 [51]
 [54]
 [55]
 [49]]",0,2,pituitary,2,0.0024194966075204625,0.0003372199050014994,0.9972432653109232,2,0.003919028754656513,0.0004932979718432762,0.9955876668294271
577,"[[49]
 [48]
 [51]
 [54]
 [55]
 [49]]",0,2,pituitary,2,0.008361801570572425,0.0009366871575669696,0.9907014966011047,2,0.00037502544970872503,7.75866331726623e-05,0.9995473821957906
578,"[[49]
 [48]
 [51]
 [54]
 [55]
 [49]]",0,2,pituitary,2,0.006257088714240429,0.0006395160186608942,0.9931033849716187,2,0.0018582797492854297,0.00035653793020173907,0.9977851907412211
579,"[[49]
 [49]
 [50]
 [54]
 [52]
 [56]]",0,0,meningioma,0,0.6086970070997874,0.2950060119231542,0.09629697601000468,1,0.297849362095197,0.5487948656082153,0.15335576981306076
580,"[[49]
 [48]
 [51]
 [54]
 [55]
 [49]]",0,2,pituitary,2,0.016596182821861778,0.0008956286959194889,0.9825082222620646,2,0.0005776853358838707,0.00020939911337336525,0.9992129604021708
581,"[[49]
 [48]
 [51]
 [55]
 [51]
 [49]]",1,2,pituitary,2,0.007883873011451215,0.00032937467464459286,0.9917867581049601,2,0.0003091219671963093,0.0003604444063967094,0.9993304212888082
582,"[[49]
 [48]
 [51]
 [55]
 [51]
 [49]]",1,2,pituitary,2,0.018433543853461742,0.0003711687731993152,0.9811952710151672,2,0.00022977714009660607,3.336678133791793e-06,0.9997669061024984
583,"[[49]
 [48]
 [51]
 [55]
 [51]
 [49]]",1,2,pituitary,2,0.12652422860264778,0.0005447830117191188,0.8729309837023417,2,0.003664716515534868,0.000749908989140143,0.9955853621164957
584,"[[49]
 [48]
 [51]
 [55]
 [51]
 [49]]",1,2,pituitary,2,0.09360889593760173,0.008499295373136798,0.8978918194770813,2,0.0002729426244817053,0.0004084995938076948,0.9993185599644979
585,"[[49]
 [48]
 [51]
 [55]
 [51]
 [49]]",1,2,pituitary,2,0.007526368756468098,0.004349912574980408,0.9881237149238586,2,1.6032693110901164e-05,9.845121470182978e-05,0.9998854994773865
586,"[[49]
 [48]
 [51]
 [55]
 [51]
 [49]]",1,2,pituitary,2,0.18556776642799377,0.08449453767389059,0.7299376924832662,2,0.003984276864988108,0.0016428666616169114,0.9943728645642599
587,"[[49]
 [48]
 [51]
 [55]
 [51]
 [49]]",1,2,pituitary,2,0.1977419058481852,0.009496243127311269,0.7927618424097697,2,0.19138424331322312,0.005968183899919192,0.8026475509007772
588,"[[49]
 [48]
 [51]
 [56]
 [51]
 [55]]",0,2,pituitary,2,0.2263987196298937,0.007585321747077008,0.7660159468650818,2,0.005943063142088552,0.00013950719585409388,0.9939174254735311
589,"[[49]
 [48]
 [51]
 [56]
 [51]
 [55]]",0,2,pituitary,2,0.03458309080451727,0.001292741750755037,0.9641241629918417,2,0.005468456074595451,8.500839976477437e-05,0.9944464961687723
590,"[[49]
 [49]
 [50]
 [54]
 [52]
 [56]]",0,0,meningioma,0,0.47099773089090985,0.44855502247810364,0.0804472379386425,0,0.7322672804196676,0.10563433667023976,0.162098358074824
591,"[[49]
 [48]
 [51]
 [56]
 [51]
 [55]]",0,2,pituitary,2,0.09287233231589198,0.0014637413890644286,0.9056639273961385,2,0.32785184184710187,0.003139449244675537,0.669008711973826
592,"[[49]
 [48]
 [51]
 [56]
 [51]
 [55]]",0,2,pituitary,2,0.05562198942061514,0.0034911060065496713,0.940886914730072,2,0.05423951459427675,0.0010104853330024828,0.9447500109672546
593,"[[49]
 [48]
 [51]
 [56]
 [51]
 [55]]",0,2,pituitary,2,0.15484597037235895,0.0020837294093022742,0.8430703083674113,2,0.022198096228142578,0.0006703433828079142,0.9771315455436707
594,"[[49]
 [48]
 [52]
 [48]
 [49]
 [57]]",1,2,pituitary,2,0.004329807590693235,1.7827103723296506e-05,0.9956523974736532,2,0.017663888943692047,0.001282035664189607,0.9810540676116943
595,"[[49]
 [48]
 [52]
 [48]
 [49]
 [57]]",1,2,pituitary,2,0.0028915462122919657,5.495331303488153e-06,0.9971029758453369,2,0.008729284512810409,3.912065858457936e-05,0.9912316203117371
596,"[[49]
 [48]
 [52]
 [48]
 [49]
 [57]]",1,2,pituitary,2,0.0021258253837004304,1.6362973790743733e-06,0.997872511545817,2,0.007947145961225033,2.6199270905635785e-05,0.9920266469319662
597,"[[49]
 [48]
 [52]
 [48]
 [49]
 [57]]",1,2,pituitary,2,0.04018163122236729,0.002334978499372179,0.9574834108352661,2,0.0042888821723560495,4.382888103767376e-05,0.9956673185030619
598,"[[49]
 [48]
 [52]
 [48]
 [49]
 [57]]",1,2,pituitary,2,0.009034825023263693,0.0012878122021599363,0.989677349726359,2,0.0004845757163517798,0.00021050674452756843,0.9993048707644144
599,"[[49]
 [48]
 [52]
 [53]
 [53]
 [56]]",0,2,pituitary,2,0.028174803592264652,0.004325558198615909,0.9674996534983317,2,0.03583176123599211,0.0012365774988817673,0.9629316528638204
600,"[[49]
 [48]
 [52]
 [53]
 [53]
 [56]]",0,2,pituitary,2,0.04395018704235554,0.02563403019060691,0.9304157694180807,2,0.07698197414477666,0.0005400855637465914,0.9224779407183329
601,"[[49]
 [49]
 [51]
 [52]
 [51]
 [53]]",1,0,meningioma,0,0.7053167025248209,0.29448259870211285,0.00020067555548545593,0,0.9966831207275391,0.003272363891786275,4.4501069415521975e-05
602,"[[49]
 [48]
 [52]
 [53]
 [53]
 [56]]",0,2,pituitary,2,0.05229447913977007,0.005916994433694829,0.9417885740598043,2,0.43124673267205554,0.0036582518368959427,0.5650949974854788
603,"[[49]
 [48]
 [52]
 [53]
 [53]
 [56]]",0,2,pituitary,2,0.07850113619739811,0.007874747544216612,0.913624127705892,2,0.17542394498984018,0.006682810373604298,0.8178932666778564
604,"[[49]
 [48]
 [52]
 [53]
 [53]
 [56]]",0,2,pituitary,2,0.03819545296331247,0.005552975616107385,0.9562515815099081,2,0.0097837308421731,0.0004030182365871345,0.9898132681846619
605,"[[49]
 [48]
 [52]
 [53]
 [53]
 [56]]",0,2,pituitary,2,0.023603317288992304,0.008485697937430814,0.9679109652837118,2,0.3333854327599208,0.030261854485919077,0.6363527476787567
606,"[[49]
 [48]
 [52]
 [53]
 [53]
 [56]]",0,2,pituitary,2,0.05952616408467293,0.11728960399826367,0.8231842319170634,2,0.0018517972202971578,0.0035915927728638053,0.9945566058158875
607,"[[49]
 [48]
 [52]
 [54]
 [56]
 [52]]",3,2,pituitary,2,0.0010688788867507053,2.2356948318721e-05,0.9989087581634521,2,0.035854143711427845,0.034156987365956105,0.9299888610839844
608,"[[49]
 [48]
 [52]
 [54]
 [56]
 [52]]",3,2,pituitary,2,0.0002523912833491219,1.7699610903587626e-06,0.9997458259264628,2,0.0011650329834083095,0.0001643615504084058,0.9986706376075745
609,"[[49]
 [48]
 [52]
 [54]
 [56]
 [52]]",3,2,pituitary,2,0.00031743681824991654,2.753344971897128e-06,0.9996798038482666,2,0.001200270329718478,5.831517970970405e-05,0.9987413883209229
610,"[[49]
 [48]
 [52]
 [54]
 [56]
 [52]]",3,2,pituitary,2,0.0005058949718659278,4.8240290313472656e-06,0.9994892875353495,2,0.00212010401689137,9.764953589789609e-05,0.9977822303771973
611,"[[49]
 [48]
 [52]
 [54]
 [56]
 [52]]",3,2,pituitary,2,0.0007191838364330275,7.505615305566001e-06,0.9992733200391134,2,0.0005546690129752582,0.0003301970767400538,0.9991151094436646
612,"[[49]
 [49]
 [51]
 [52]
 [51]
 [53]]",1,0,meningioma,0,0.9529473384221395,0.04692014493048191,0.00013250348850609348,0,0.9857305486996969,0.01249921954392145,0.001770179175461332
613,"[[49]
 [48]
 [52]
 [54]
 [56]
 [52]]",3,2,pituitary,2,0.004014883656054735,0.00014152050524292767,0.9958435893058777,2,0.004307893531707426,0.003664978896267712,0.9920271436373392
614,"[[49]
 [48]
 [52]
 [54]
 [56]
 [52]]",3,2,pituitary,2,0.0006976474433031399,5.6917661540959825e-06,0.9992966850598654,2,0.0004177212928577016,0.0002935626043836237,0.9992886980374655
615,"[[49]
 [48]
 [52]
 [57]
 [49]
 [50]]",2,2,pituitary,2,0.01431902963668108,0.005672604854529102,0.9800083438555399,2,0.0026888058443243303,0.018413225809733074,0.9788980086644491
616,"[[49]
 [48]
 [52]
 [57]
 [49]
 [50]]",2,2,pituitary,2,0.00510705557341377,0.0006926047547797983,0.9942003488540649,2,0.015612890866274634,0.0022122306399978697,0.9821748534838358
617,"[[49]
 [48]
 [52]
 [57]
 [49]
 [50]]",2,2,pituitary,2,0.015362021513283253,0.003748850547708571,0.9808891415596008,2,0.07754841198523839,0.00017106858043310544,0.922280490398407
618,"[[49]
 [48]
 [52]
 [57]
 [49]
 [50]]",2,2,pituitary,2,0.008546933997422457,0.0009953716847424705,0.9904577136039734,2,0.035331794526427984,0.0011331952700857073,0.9635350108146667
619,"[[49]
 [48]
 [52]
 [57]
 [49]
 [50]]",2,2,pituitary,2,0.0090457897943755,0.0021056012677339218,0.9888486464818319,2,0.000419906335688817,0.00013368483632802963,0.9994464119275411
620,"[[49]
 [48]
 [53]
 [49]
 [56]
 [55]]",0,2,pituitary,2,0.0069002795886869235,0.0025694303136939802,0.9905302921930949,2,0.00010470731467648875,0.0004421202866069507,0.9994531671206156
621,"[[49]
 [48]
 [53]
 [49]
 [56]
 [55]]",0,2,pituitary,2,0.015426479008359214,0.004383745642068486,0.9801898002624512,2,0.00018867734737189798,0.00020625287591731953,0.9996050596237183
622,"[[49]
 [48]
 [53]
 [49]
 [56]
 [55]]",0,2,pituitary,2,0.005612691165879369,0.00046568733523599803,0.9939216375350952,2,5.01932633293715e-05,1.3255282889682954e-05,0.9999365409215292
623,"[[49]
 [49]
 [51]
 [52]
 [51]
 [53]]",1,0,meningioma,0,0.8314698735872904,0.16844411939382553,8.601875257833551e-05,0,0.9966274499893188,0.0033146919158753008,5.783501531671694e-05
624,"[[49]
 [48]
 [53]
 [49]
 [56]
 [55]]",0,2,pituitary,2,0.02424048085231334,0.0031142983449778208,0.9726451834042867,2,0.00017659189810122675,4.4525756493385416e-05,0.9997788866360983
625,"[[49]
 [48]
 [53]
 [49]
 [56]
 [55]]",0,2,pituitary,2,0.002007064661787202,0.0003437413737022628,0.9976492126782736,2,3.09261240545311e-05,4.201801289127616e-06,0.9999648729960123
626,"[[49]
 [48]
 [53]
 [49]
 [56]
 [55]]",0,2,pituitary,2,0.0022133889433462173,0.0006422379180245722,0.9971443812052408,2,0.0013631028705276549,0.00011777014879044145,0.9985191226005554
627,"[[49]
 [48]
 [53]
 [52]
 [55]
 [53]]",3,2,pituitary,2,0.0005551950001366398,1.7347702581105295e-05,0.9994274377822876,2,0.0019286980144291495,0.0011792850855272263,0.996891995271047
628,"[[49]
 [48]
 [53]
 [52]
 [55]
 [53]]",3,2,pituitary,2,0.005099943751702085,0.0012652882239005219,0.9936347802480062,2,0.05575770294914643,0.005562771538582941,0.9386794964472452
629,"[[49]
 [48]
 [53]
 [52]
 [55]
 [53]]",3,2,pituitary,2,0.00379616096324753,0.00013337994247801058,0.9960704843203226,2,0.24945524831612906,0.20382102330525717,0.5467237234115601
630,"[[49]
 [48]
 [53]
 [53]
 [51]
 [56]]",2,2,pituitary,0,0.7757474581400553,0.21005675196647644,0.014195765058199564,0,0.7392594416936239,0.20105907320976257,0.05968149254719416
631,"[[49]
 [48]
 [53]
 [53]
 [51]
 [56]]",2,2,pituitary,0,0.7098215818405151,0.05172918116052946,0.23844925065835318,2,0.4874884982903798,0.024117412976920605,0.4883941113948822
632,"[[49]
 [48]
 [53]
 [54]
 [51]
 [56]]",3,2,pituitary,2,0.000711522867277381,1.8635997398301168e-05,0.9992698431015015,2,0.024141406873241067,0.11737574978421132,0.858482837677002
633,"[[49]
 [48]
 [53]
 [54]
 [51]
 [56]]",3,2,pituitary,2,0.0008064738503890112,2.780485381966476e-05,0.9991656939188639,2,0.01731759631851067,0.03341184572006265,0.9492705464363098
634,"[[49]
 [49]
 [51]
 [52]
 [51]
 [53]]",1,0,meningioma,0,0.9034818609555563,0.09641680493950844,0.00010136031445047895,0,0.9220141768455505,0.0655810475970308,0.012404811568558216
635,"[[49]
 [48]
 [53]
 [54]
 [51]
 [56]]",3,2,pituitary,2,9.61261148546555e-05,8.058013537537434e-07,0.9999030629793803,2,0.027399808789292972,0.14643627777695656,0.8261638879776001
636,"[[49]
 [48]
 [53]
 [54]
 [51]
 [56]]",3,2,pituitary,2,0.0011906634996800374,2.3854849501958597e-05,0.9987854560216268,2,0.09347448249657948,0.23327459394931793,0.6732509136199951
637,"[[49]
 [48]
 [53]
 [54]
 [51]
 [56]]",3,2,pituitary,2,0.005672016219856839,5.403112445871253e-05,0.9942739605903625,2,0.0625797036724786,0.06905314512550831,0.8683671156565348
638,"[[57]
 [55]
 [52]
 [49]
 [54]]",2,2,pituitary,2,0.05607251077890396,0.005684620506751041,0.9382428725560507,2,0.04687534893552462,0.016466610366478562,0.9366580446561178
639,"[[57]
 [55]
 [52]
 [49]
 [54]]",2,2,pituitary,2,0.05325340355436007,0.0023823839728720486,0.9443642099698385,2,0.0017208065304051463,0.0021183660525518158,0.9961608250935873
640,"[[57]
 [55]
 [52]
 [49]
 [54]]",2,2,pituitary,2,0.057653105507294335,0.002381722481610874,0.9399651885032654,2,0.00010272202659204292,0.0003034889659829787,0.9995937744776408
641,"[[57]
 [55]
 [52]
 [49]
 [54]]",2,2,pituitary,2,0.04410481701294581,0.0023432500893250108,0.9535519679387411,2,0.0020101724076084793,0.0005588522399193607,0.9974309802055359
642,"[[57]
 [55]
 [52]
 [49]
 [54]]",2,2,pituitary,2,0.002001795917749405,1.0310514085176692e-05,0.9979879061381022,2,0.002320319899202635,0.0009177992809175824,0.9967618783315023
643,"[[57]
 [55]
 [52]
 [49]
 [54]]",2,2,pituitary,2,0.012524620319406191,0.0004464254161575809,0.9870289365450541,2,0.00040854335262944613,8.616788704784994e-07,0.9995905955632528
644,"[[57]
 [55]
 [52]
 [49]
 [54]]",2,2,pituitary,2,0.025686703622341156,0.0011268524879900117,0.9731864730517069,2,0.0017434336865941684,9.0897750245252e-05,0.9981656869252523
645,"[[49]
 [49]
 [51]
 [52]
 [51]
 [53]]",1,0,meningioma,0,0.9785875280698141,0.021396165403227013,1.6309790983844625e-05,0,0.9835278987884521,0.016056110286929954,0.0004159336361529616
646,"[[57]
 [55]
 [52]
 [49]
 [54]]",2,2,pituitary,2,0.012519979228576025,0.00019345459804753773,0.9872866074244181,2,0.003865316122149428,0.0009981739373567204,0.995136539141337
647,"[[57]
 [55]
 [52]
 [54]
 [49]]",0,2,pituitary,2,0.21601362650593123,0.028258427356680233,0.7557279467582703,0,0.5296473304430643,0.00664879847317934,0.46370386083920795
648,"[[57]
 [55]
 [52]
 [54]
 [49]]",0,2,pituitary,2,0.22284156394501528,0.016921138235678274,0.760237326224645,2,0.33529136578241986,0.05005765582124392,0.6146509846051534
649,"[[57]
 [55]
 [52]
 [54]
 [49]]",0,2,pituitary,2,0.033068855797561504,0.004125319576511781,0.9628058473269144,2,0.013834909380724033,0.0002656552896951325,0.9858994086583456
650,"[[57]
 [55]
 [52]
 [54]
 [49]]",0,2,pituitary,2,0.02697699375373001,0.003795418500279387,0.9692276318868002,2,0.00784324889536947,8.275850359495962e-05,0.9920740127563477
651,"[[57]
 [55]
 [52]
 [54]
 [49]]",0,2,pituitary,2,0.01740171261675035,0.0090515367143477,0.9735467433929443,2,0.004500742147987087,8.051705056762633e-05,0.9954187671343485
652,"[[57]
 [55]
 [52]
 [54]
 [49]]",0,2,pituitary,2,0.002357152998835469,0.0014259518017449107,0.996216873327891,2,0.004757526097819209,0.00173327379161492,0.9935092131296793
653,"[[57]
 [55]
 [52]
 [54]
 [49]]",0,2,pituitary,2,0.0005503342254087329,0.00036341309411606443,0.9990862607955933,2,0.010878508367265264,0.0012394115134763222,0.9878820776939392
654,"[[57]
 [55]
 [52]
 [54]
 [49]]",0,2,pituitary,2,0.005700951325707138,0.0008390208701409089,0.9934600392977396,2,0.012245152766505877,0.0006978417707917591,0.9870569705963135
655,"[[57]
 [55]
 [52]
 [56]
 [49]]",0,2,pituitary,2,0.045733672411491476,0.014842678637554249,0.939423680305481,2,0.07875724757711093,0.01598498970270157,0.9052577614784241
656,"[[49]
 [49]
 [51]
 [52]
 [51]
 [53]]",1,0,meningioma,0,0.805044929186503,0.19494113326072693,1.3926015905478076e-05,0,0.8885930975278219,0.11079456781347592,0.0006123663964293277
657,"[[57]
 [55]
 [52]
 [56]
 [49]]",0,2,pituitary,2,0.03388466620041678,0.0023655048377501466,0.9637498259544373,2,0.008057647850364447,0.0028071221507464847,0.9891352454821268
658,"[[57]
 [55]
 [52]
 [56]
 [49]]",0,2,pituitary,2,0.019059440528508276,0.0037771086693586162,0.9771634340286255,2,0.0037094439224650464,0.0012812738811286788,0.9950093030929565
659,"[[57]
 [55]
 [52]
 [56]
 [49]]",0,2,pituitary,2,0.0037767268174017468,0.005759251856943592,0.9904639919598898,2,0.0028181270075341067,0.007307014738519986,0.9898748795191447
660,"[[57]
 [55]
 [52]
 [56]
 [49]]",0,2,pituitary,2,0.006600881921864736,0.001114472567375439,0.9922846953074137,2,0.0023067652558286986,0.0007924848468974233,0.9969007770220438
661,"[[57]
 [55]
 [53]
 [57]
 [57]]",2,2,pituitary,2,0.0001061990660673473,3.286616134801079e-08,0.9998937447865804,2,9.324703205493279e-05,4.091331504696427e-06,0.9999026457468668
662,"[[57]
 [55]
 [53]
 [57]
 [57]]",2,2,pituitary,2,0.001852429782350858,5.264680415469532e-06,0.9981422821680704,2,0.00015687461321552595,8.602008582177708e-06,0.9998345176378886
663,"[[57]
 [55]
 [56]
 [57]
 [48]]",4,2,pituitary,2,0.001981143568021556,0.00027216268972551916,0.9977466861406962,2,0.0017014628192555392,0.00027095743871541345,0.9980276028315226
664,"[[57]
 [55]
 [56]
 [57]
 [48]]",4,2,pituitary,2,0.0011126131430501118,1.89440386672383e-05,0.9988684058189392,2,0.04151047999039292,7.687194602112868e-05,0.9584126671155294
665,"[[57]
 [55]
 [56]
 [57]
 [48]]",4,2,pituitary,2,0.0007825666301262876,4.24644000910727e-05,0.999174972375234,2,0.009229608636815101,5.108387289472678e-06,0.9907652934392294
666,"[[57]
 [55]
 [56]
 [57]
 [48]]",4,2,pituitary,2,0.0001389294799688893,0.00022432944448761796,0.999636689821879,2,0.00017759489325423297,5.007592438488473e-07,0.9998219211896261
667,"[[49]
 [48]
 [49]
 [49]
 [50]
 [55]]",1,0,meningioma,0,0.4937671919663747,0.2883857836325963,0.21784703185160956,2,0.4179186671972275,0.02115601673722267,0.560925304889679
668,"[[49]
 [49]
 [51]
 [53]
 [53]
 [52]]",0,0,meningioma,0,0.7640807827313741,0.23479812343915304,0.001121038047131151,0,0.9817506472269694,0.01576112024486065,0.0024882405414246023
669,"[[57]
 [56]
 [52]
 [55]
 [50]]",1,2,pituitary,2,0.05209627250830332,0.001983663513480375,0.9459200501441956,2,0.1643397274116675,0.006617029042293628,0.8290432691574097
670,"[[57]
 [56]
 [52]
 [55]
 [50]]",1,2,pituitary,2,0.0906087327748537,0.0005055102762222911,0.9088857372601827,2,0.3269360462824504,9.164970936126338e-05,0.6729723215103149
671,"[[57]
 [56]
 [52]
 [55]
 [50]]",1,2,pituitary,2,0.01986892893910408,0.0003078882206561199,0.9798232118288676,2,0.044003225242098175,9.375218769491767e-05,0.9559030334154764
672,"[[57]
 [56]
 [52]
 [55]
 [50]]",1,2,pituitary,2,0.026681834210952122,0.00012906957454106305,0.9731890757878622,2,0.003719470618913571,1.7918525505441114e-05,0.9962626298268636
673,"[[57]
 [56]
 [52]
 [55]
 [50]]",1,2,pituitary,2,0.015011819234738747,0.0008378503310571735,0.9841503500938416,2,0.0004955914337188005,0.0006207222710751618,0.9988836844762167
674,"[[57]
 [56]
 [54]
 [53]
 [50]]",3,2,pituitary,2,0.009328034718540342,0.0003950501207630926,0.9902768929799398,2,0.17243346758186817,0.03460008876087765,0.7929664750893911
675,"[[57]
 [56]
 [54]
 [53]
 [50]]",3,2,pituitary,2,0.01124833405871565,0.00020822797493262138,0.9885434508323669,2,0.022253294630597036,0.004003218316938728,0.9737434983253479
676,"[[57]
 [56]
 [54]
 [53]
 [50]]",3,2,pituitary,2,0.2759047398964564,0.003308556978784812,0.7207867006460825,2,0.007625787208477656,0.03253667149692774,0.9598375757535299
677,"[[57]
 [56]
 [54]
 [53]
 [50]]",3,2,pituitary,2,0.2888767843445142,0.002540393397794105,0.7085827787717184,2,0.04164884860316912,0.03219720395281911,0.9261539379755656
678,"[[57]
 [56]
 [56]
 [55]
 [49]]",2,2,pituitary,2,0.005169996332066755,0.004209466433773438,0.9906205534934998,2,0.039897543688615165,0.03949685922513405,0.9206055998802185
679,"[[49]
 [49]
 [51]
 [53]
 [53]
 [52]]",0,0,meningioma,0,0.922226091225942,0.07159829698503017,0.0061756635550409555,0,0.9773238698641459,0.0008649766095913947,0.02181116895129283
680,"[[57]
 [56]
 [56]
 [55]
 [49]]",2,2,pituitary,2,0.004072312576075395,0.0042151046606401605,0.9917125900586446,2,0.0779460147023201,0.008649860974401236,0.913404107093811
681,"[[57]
 [56]
 [56]
 [55]
 [49]]",2,2,pituitary,2,0.010836024768650532,0.010622347976701954,0.9785415927569071,2,0.10659761975208919,0.0005116500639511893,0.8928907116254171
682,"[[57]
 [56]
 [56]
 [55]
 [49]]",2,2,pituitary,2,0.00019745335642558834,0.00018880548183612214,0.9996137022972107,2,0.12123046070337296,0.00048615778602349263,0.8782833814620972
683,"[[57]
 [56]
 [56]
 [55]
 [49]]",2,2,pituitary,2,0.00036667911626864225,1.8441107916563244e-05,0.9996148745218912,2,0.011732119445999464,0.0003369234036654234,0.987930953502655
684,"[[57]
 [56]
 [56]
 [55]
 [49]]",2,2,pituitary,2,8.403948595514521e-05,3.556407864380162e-05,0.9998804132143656,2,0.0014976704163321604,0.00025226928604145843,0.9982500672340393
685,"[[57]
 [56]
 [56]
 [55]
 [49]]",2,2,pituitary,2,0.00010591595976923902,4.051024128178445e-05,0.9998535911242167,2,0.005326523639572163,0.0012736292167877157,0.9933998386065165
686,"[[57]
 [56]
 [56]
 [55]
 [52]]",3,2,pituitary,2,0.31910445789496106,0.3004511147737503,0.38044444968303043,0,0.7519331177075704,0.061894157280524574,0.18617274115482965
687,"[[57]
 [56]
 [56]
 [55]
 [52]]",3,2,pituitary,2,0.06442064419388771,0.0008623196141949544,0.9347169995307922,2,0.1444795491794745,0.007053567009279504,0.8484668930371603
688,"[[57]
 [56]
 [56]
 [55]
 [52]]",3,2,pituitary,2,0.07686110585927963,0.0019054634612984955,0.9212334156036377,0,0.553260068098704,0.00132630706987887,0.44541363914807636
689,"[[57]
 [56]
 [56]
 [55]
 [52]]",3,2,pituitary,2,0.07025705153743426,0.007093723397701979,0.9226492643356323,0,0.7483477195103964,0.002629935392178595,0.24902228514353433
690,"[[49]
 [49]
 [51]
 [53]
 [53]
 [52]]",0,0,meningioma,0,0.8605785171190897,0.1349722295999527,0.004449235120167335,0,0.9135365883509318,0.01518943284948667,0.07127394775549571
691,"[[57]
 [56]
 [56]
 [55]
 [52]]",3,2,pituitary,2,0.023021597725649674,0.0011495902993677494,0.9758288264274597,0,0.6950386961301168,0.00020405663356844647,0.3047572076320648
692,"[[57]
 [56]
 [57]
 [57]
 [50]]",2,2,pituitary,0,0.5081414381663004,0.07907538364330928,0.41278321544329327,2,0.02490109857171774,0.286467045545578,0.6886318624019623
693,"[[57]
 [56]
 [57]
 [57]
 [50]]",2,2,pituitary,2,0.25897903740406036,0.029272036006053288,0.7117489178975424,2,0.01564954873174429,0.0030087360355537385,0.9813416798909506
694,"[[57]
 [56]
 [57]
 [57]
 [50]]",2,2,pituitary,2,0.01917499490082264,0.003310362750198692,0.9775146643320719,2,0.00420726176040868,0.001008293804867814,0.994784414768219
695,"[[57]
 [56]
 [57]
 [57]
 [50]]",2,2,pituitary,2,0.014968178855876127,0.000494388232861335,0.9845374226570129,2,0.04472155682742596,0.01735494239255786,0.9379235506057739
696,"[[57]
 [56]
 [57]
 [57]
 [50]]",2,2,pituitary,2,0.01726285709689061,0.0001456332865927834,0.982591470082601,2,0.015428936419387659,0.05719059876476725,0.9273804624875387
697,"[[57]
 [56]
 [57]
 [57]
 [50]]",2,2,pituitary,2,0.005110495141707361,0.00010817740379328218,0.9947813153266907,2,0.029257004149258137,0.00016072923729855879,0.9705822865168253
698,"[[57]
 [56]
 [57]
 [57]
 [50]]",2,2,pituitary,2,0.001155311125330627,0.00010578891669865698,0.9987389047940572,2,0.03772030662124356,0.003508443885948509,0.9587712486584982
699,"[[57]
 [56]
 [57]
 [57]
 [53]]",1,2,pituitary,2,0.062263043597340584,0.007168688112869859,0.9305682380994161,2,0.0009278942161472514,0.0006182290289871162,0.9984538753827413
700,"[[57]
 [56]
 [57]
 [57]
 [53]]",1,2,pituitary,2,0.0086674844690909,0.000324125963137097,0.9910084009170532,2,0.11149193719029427,0.0012004692398477346,0.887307604153951
701,"[[49]
 [49]
 [51]
 [56]
 [48]
 [53]]",3,0,meningioma,0,0.8800312876701355,0.11445752484723926,0.005511197421583347,1,0.41744516293207806,0.5697626024484634,0.0127922382671386
702,"[[57]
 [56]
 [57]
 [57]
 [53]]",1,2,pituitary,2,0.05104086517045895,0.0010928164992947131,0.9478663404782613,2,0.4386405150095622,0.0005413290055003017,0.5608181456724802
703,"[[57]
 [56]
 [57]
 [57]
 [53]]",1,2,pituitary,2,0.15287360548973083,0.0013147266969705622,0.845811665058136,0,0.6804405649503072,0.0017037872567016166,0.31785567104816437
704,"[[57]
 [56]
 [57]
 [57]
 [53]]",1,2,pituitary,2,0.00855611947675546,8.086890132593301e-05,0.991363008817037,2,0.011890877969563007,6.16422312305076e-05,0.988047460714976
705,"[[57]
 [56]
 [57]
 [57]
 [53]]",1,2,pituitary,2,0.017927953818192083,0.0004107176961648899,0.981661319732666,2,0.006345288983235757,6.952172285915974e-05,0.9935851891835531
706,"[[57]
 [57]
 [50]
 [50]
 [51]]",0,2,pituitary,2,0.05470276530832052,0.004260944435372949,0.9410362839698792,2,0.10146271685759227,0.0026242424501106143,0.8959130247433981
707,"[[57]
 [57]
 [50]
 [50]
 [51]]",0,2,pituitary,2,0.0405886797234416,0.0019701250130310655,0.9574412107467651,2,0.25237394124269485,0.0023101764963939786,0.7453158895174662
708,"[[57]
 [57]
 [50]
 [50]
 [51]]",0,2,pituitary,2,0.009574508352670819,0.00047896834439598024,0.9899465640385946,2,0.10114716862638791,0.001273134257644415,0.8975797295570374
709,"[[57]
 [57]
 [50]
 [50]
 [51]]",0,2,pituitary,2,0.023788450363402564,0.0017364219578060631,0.974475105603536,2,0.03298569408555826,0.000640084472252056,0.9663741787274679
710,"[[57]
 [57]
 [50]
 [50]
 [51]]",0,2,pituitary,2,0.03217189332159857,0.004762089054565877,0.963066021601359,2,0.0007602476398460567,5.127109458650617e-05,0.999188502629598
711,"[[57]
 [57]
 [50]
 [50]
 [51]]",0,2,pituitary,2,0.0076310199704797315,0.0023324685268259295,0.9900365273157755,2,0.005753798643127084,0.00011283655476290733,0.9941333731015524
712,"[[49]
 [49]
 [52]
 [48]
 [49]
 [56]]",0,0,meningioma,0,0.3661976257960002,0.2766391957799594,0.3571631908416748,2,0.11014686276515324,0.10824206719795863,0.7816110849380493
713,"[[49]
 [48]
 [49]
 [48]
 [49]
 [55]]",2,2,pituitary,2,0.0005786385445389897,1.0681968346896534e-08,0.9994213779767355,2,9.898532766783319e-06,5.041265183081123e-07,0.9999895890553793
714,"[[49]
 [48]
 [49]
 [48]
 [49]
 [55]]",2,2,pituitary,2,7.46686879817086e-05,1.0259327350622035e-08,0.9999252955118815,2,0.00020970813784515485,1.794604990360919e-05,0.9997723499933878
715,"[[49]
 [48]
 [49]
 [48]
 [49]
 [55]]",2,2,pituitary,2,0.00022943833998094002,1.8902653209806886e-05,0.9997516870498657,2,6.30674658168573e-05,0.00013818360154497591,0.9997987548510233
716,"[[49]
 [48]
 [49]
 [48]
 [49]
 [55]]",2,2,pituitary,2,0.00015954330350117138,2.4714397189503265e-06,0.9998379747072855,2,0.00017328476193749034,2.4065764440213872e-05,0.9998026291529337
717,"[[49]
 [48]
 [49]
 [48]
 [50]
 [57]]",2,2,pituitary,2,8.332688836768891e-05,2.9242139684508097e-06,0.999913732210795,2,3.156138730749566e-05,3.09230460212954e-05,0.9999374945958456
718,"[[49]
 [48]
 [49]
 [48]
 [50]
 [57]]",2,2,pituitary,2,3.54906075396381e-05,5.587529282517305e-06,0.9999589125315348,2,8.161651673314433e-06,1.4155887887075854e-05,0.9999776681264242
719,"[[49]
 [48]
 [49]
 [48]
 [50]
 [57]]",2,2,pituitary,2,8.590968354837969e-05,4.240284700548121e-06,0.9999098380406698,2,0.00012570301381250223,6.34048372679293e-06,0.9998679359753927
720,"[[49]
 [48]
 [49]
 [48]
 [50]
 [57]]",2,2,pituitary,2,0.00011348491413324761,1.356297161692055e-05,0.9998729427655538,2,0.0011675727631275852,7.157107999470706e-05,0.9987608790397644
721,"[[49]
 [48]
 [49]
 [48]
 [50]
 [57]]",2,2,pituitary,2,0.001388444642846783,0.0015945869187513988,0.9970169464747111,2,0.0001274045292423883,0.00016481984494021162,0.9997077385584513
722,"[[49]
 [48]
 [49]
 [48]
 [50]
 [57]]",2,2,pituitary,2,0.0023798392697547874,0.007108668331056833,0.9905114769935608,2,0.0005753325046195338,0.00018715437484691697,0.9992374976476034
723,"[[49]
 [49]
 [52]
 [48]
 [49]
 [56]]",0,0,meningioma,2,0.24737134079138437,0.021658403798937798,0.7309702634811401,2,0.12949852645397186,0.005220257056256135,0.8652812242507935
724,"[[49]
 [48]
 [49]
 [48]
 [50]
 [57]]",2,2,pituitary,2,0.001943265728186816,6.062654483685037e-05,0.9979960918426514,2,0.0006245597420881192,0.00046187070741628605,0.998913566271464
725,"[[49]
 [48]
 [49]
 [49]
 [52]
 [53]]",3,2,pituitary,2,0.013183888591205081,0.0010984268737956882,0.9857176343599955,2,0.0017388236980574827,0.0025824017357081175,0.9956787625948588
726,"[[49]
 [48]
 [49]
 [49]
 [52]
 [53]]",3,2,pituitary,2,0.07612149479488532,0.02605926152318716,0.8978192607561747,2,0.0023968251577268043,0.0031535033291826644,0.9944496949513754
727,"[[49]
 [48]
 [49]
 [49]
 [52]
 [53]]",3,2,pituitary,2,0.023154496409309406,0.028585786387945216,0.9482597311337789,2,0.009458614590888223,0.07236123457551003,0.9181801478068033
728,"[[49]
 [48]
 [49]
 [49]
 [52]
 [53]]",3,2,pituitary,2,0.026623414208491642,0.004667951570202907,0.9687086542447408,2,0.0012282910368715723,0.0002072920324280858,0.9985643625259399
729,"[[49]
 [48]
 [49]
 [51]
 [48]
 [53]]",1,2,pituitary,2,0.003309237576710681,0.0007067205054530253,0.9959840575853983,2,0.07828594495852788,0.004060772868494193,0.9176532427469889
730,"[[49]
 [48]
 [49]
 [51]
 [48]
 [53]]",1,2,pituitary,2,0.016120478278025985,0.003857822099234909,0.9800216754277548,2,0.0004957829660270363,0.00032140317792557954,0.9991828004519144
731,"[[49]
 [48]
 [49]
 [51]
 [48]
 [53]]",1,2,pituitary,2,0.012214234011480585,0.0068371381542723,0.9809486667315165,2,0.001166933555699264,0.00060486688016681,0.9982282320658366
732,"[[49]
 [48]
 [49]
 [51]
 [48]
 [53]]",1,2,pituitary,2,0.03624083645020922,0.00850812301117306,0.9552510579427084,2,0.0005723178231467804,0.005260287473599116,0.9941673874855042
733,"[[49]
 [48]
 [49]
 [55]
 [50]
 [52]]",0,2,pituitary,2,0.0019787322962656617,0.00014587712697296715,0.9978753725687662,2,0.003608745949653288,0.0007028181814045334,0.9956884384155273
734,"[[49]
 [49]
 [52]
 [48]
 [49]
 [56]]",0,0,meningioma,2,0.1657256136337916,0.0492366331939896,0.7850377559661865,2,0.25370751818021137,0.003952517407014966,0.7423399885495504
735,"[[49]
 [48]
 [49]
 [55]
 [50]
 [52]]",0,2,pituitary,2,0.002404998459193545,0.00029217632739649463,0.9973028500874838,2,0.00039215508149936795,0.0002575405572618668,0.9993502696355184
736,"[[49]
 [48]
 [49]
 [55]
 [50]
 [52]]",0,2,pituitary,2,0.010920039125873396,0.002067951107164845,0.9870120485623678,2,0.002204443405692776,0.0014592071529477835,0.9963363409042358
737,"[[49]
 [48]
 [49]
 [55]
 [50]
 [52]]",0,2,pituitary,2,0.007222800767825295,0.001973615823468814,0.99080357948939,2,0.0024384508142247796,0.0026386304137607417,0.994922916094462
738,"[[49]
 [48]
 [49]
 [55]
 [50]
 [52]]",0,2,pituitary,2,0.006961826041030387,0.0002241594993392937,0.9928140242894491,2,0.0032574397434170046,0.0006931169288388143,0.9960494438807169
739,"[[49]
 [48]
 [49]
 [55]
 [50]
 [52]]",0,2,pituitary,2,0.008707854198291898,0.0028645266817572215,0.9884275992711385,2,0.00013871667033527046,0.00024080905131995678,0.9996204773585001
740,"[[49]
 [48]
 [50]
 [54]
 [52]
 [56]]",0,2,pituitary,2,0.10087981633841991,0.017291865583198767,0.8818283081054688,1,0.010644131650527319,0.7004785537719727,0.28887732575337094
741,"[[49]
 [48]
 [50]
 [54]
 [52]
 [56]]",0,2,pituitary,2,0.023041794813858967,0.008530775511947771,0.9684273997942606,2,0.00709753002350529,0.17692004640897116,0.815982441107432
742,"[[49]
 [48]
 [50]
 [54]
 [52]
 [56]]",0,2,pituitary,2,0.02973909645030896,0.007235127113138636,0.9630257884661356,2,0.005693133144328992,0.22285959497094154,0.7714472810427347
743,"[[49]
 [48]
 [50]
 [54]
 [52]
 [56]]",0,2,pituitary,2,0.03787011901537577,0.005225893304062386,0.9569039543469747,2,0.012174737174063921,0.01843492655704419,0.969390332698822
744,"[[49]
 [48]
 [50]
 [54]
 [52]
 [56]]",0,2,pituitary,2,0.16596225835382938,0.01671473045522968,0.8173230687777201,2,0.326256384452184,0.2715942511955897,0.40214932958285016
745,"[[49]
 [49]
 [52]
 [48]
 [49]
 [56]]",0,0,meningioma,0,0.4952855010827382,0.27043015758196515,0.23428436120351157,2,0.3082081228494644,0.0006175184777627388,0.6911743680636088
746,"[[49]
 [48]
 [50]
 [54]
 [52]
 [56]]",0,2,pituitary,2,0.04015030929197868,0.01815851203476389,0.9416911800702413,1,0.4434734880924225,0.46382609009742737,0.09270045657952626
747,"[[49]
 [48]
 [50]
 [54]
 [52]
 [56]]",0,2,pituitary,2,0.06884914450347424,0.03508761618286371,0.8960632483164469,1,0.37046538790067035,0.5593528151512146,0.0701817808051904
748,"[[49]
 [48]
 [50]
 [54]
 [54]
 [57]]",1,2,pituitary,2,0.004742312089850505,2.230405728672243e-05,0.9952353636423746,2,0.02114071836695075,0.000429681567766238,0.9784295956293741
749,"[[49]
 [48]
 [51]
 [48]
 [52]
 [54]]",0,2,pituitary,2,0.0005395802933586916,3.399432504617531e-05,0.9994264046351115,2,0.000522590164716045,0.0007569131169778606,0.9987204869588217
750,"[[49]
 [48]
 [51]
 [48]
 [52]
 [54]]",0,2,pituitary,2,0.006583589332876727,0.0026898812308597067,0.9907265702883402,2,0.0010464660202463467,0.001879243024935325,0.9970742662747701
751,"[[49]
 [48]
 [51]
 [48]
 [52]
 [54]]",0,2,pituitary,2,0.02140764465245108,0.16836656971524158,0.8102257748444875,2,0.0022658578236587346,0.007656519417650998,0.9900775949160258
752,"[[49]
 [48]
 [51]
 [48]
 [52]
 [54]]",0,2,pituitary,2,0.00304289689908425,0.002255074078372369,0.9947020212809244,2,2.7144645628141006e-05,0.00028523644626451034,0.9996876319249471
753,"[[49]
 [48]
 [51]
 [50]
 [53]
 [55]]",1,2,pituitary,2,0.0018620294285938144,2.573616545002248e-05,0.9981122811635336,2,0.0006506386732022899,0.0006295654602581635,0.9987197915712992
754,"[[49]
 [48]
 [51]
 [50]
 [53]
 [55]]",1,2,pituitary,2,0.003368317265994847,0.0010168852750211954,0.9956148266792297,2,0.0005437256089256456,0.0003969156071737719,0.9990593592325846
755,"[[49]
 [48]
 [51]
 [50]
 [53]
 [55]]",1,2,pituitary,2,0.036303190204004444,0.003297238862918069,0.9603995482126871,2,0.01464390498585999,0.00041092196746224846,0.9849451979001363
756,"[[49]
 [49]
 [52]
 [48]
 [49]
 [56]]",0,0,meningioma,0,0.47038333614667255,0.272613063454628,0.2570035954316457,0,0.9203974405924479,0.0418847743421793,0.03771774346629778
757,"[[49]
 [48]
 [51]
 [50]
 [53]
 [55]]",1,2,pituitary,2,0.03042514156550169,0.0028341710179423294,0.9667406876881918,2,0.0028866990663421652,8.141100261127576e-05,0.9970318675041199
758,"[[49]
 [48]
 [51]
 [50]
 [53]
 [55]]",1,2,pituitary,2,0.0018348933760231982,0.003969201585277915,0.9941958785057068,2,0.003882290805146719,0.0077067099045962095,0.9884109894434611
759,"[[49]
 [48]
 [51]
 [50]
 [53]
 [55]]",1,2,pituitary,2,0.006042705810007949,0.0002489229276155432,0.993708332379659,2,0.0009350700905391326,0.0036718509800266474,0.9953931172688802
760,"[[49]
 [48]
 [51]
 [50]
 [53]
 [55]]",1,2,pituitary,2,0.07567917990187804,0.008188705774955451,0.9161321123441061,2,0.015101488369206587,0.005692977846289675,0.9792055288950602
761,"[[49]
 [48]
 [51]
 [52]
 [55]
 [56]]",2,2,pituitary,2,0.11488813782731692,0.0001446462417031095,0.8849672277768453,2,0.012449700850993395,0.0518564498052001,0.9356938600540161
762,"[[49]
 [48]
 [51]
 [52]
 [55]
 [56]]",2,2,pituitary,2,0.014809965621680021,0.00033105569309554994,0.9848589897155762,2,0.0077837523228178425,0.007434276175141956,0.9847819805145264
763,"[[49]
 [48]
 [51]
 [52]
 [55]
 [56]]",2,2,pituitary,2,0.003551666896479825,0.0005092881959474956,0.9959389964739481,2,0.01841112443556388,0.11514276235053937,0.8664460976918539
764,"[[49]
 [48]
 [51]
 [52]
 [55]
 [56]]",2,2,pituitary,2,0.01084134727716446,0.46455539266268414,0.5246032774448395,2,0.0074239006110777455,0.34852566570043564,0.6440504292647043
765,"[[49]
 [48]
 [51]
 [52]
 [55]
 [56]]",2,2,pituitary,2,0.03151633016144236,0.0017381779713711392,0.9667454957962036,2,0.03502294234931469,0.0016803036026734237,0.9632967114448547
766,"[[49]
 [48]
 [51]
 [52]
 [55]
 [56]]",2,2,pituitary,2,0.0214951701151828,0.00043630165843448293,0.9780685305595398,2,0.0053156602662056684,0.00042840234042766195,0.9942559599876404
767,"[[49]
 [49]
 [52]
 [51]
 [53]
 [57]]",3,0,meningioma,1,0.00830664582705746,0.991671065489451,2.230048430599633e-05,1,0.06986489271124204,0.9301226337750753,1.2494007326798359e-05
768,"[[49]
 [48]
 [51]
 [52]
 [55]
 [56]]",2,2,pituitary,2,0.069391085455815,0.0007076712451331938,0.9299012819925944,2,0.03582671098411083,0.0018469817005097866,0.9623263279596964
769,"[[49]
 [48]
 [51]
 [52]
 [55]
 [56]]",2,2,pituitary,2,0.041052208902935185,0.0019160409040826683,0.9570317268371582,2,0.0019681165576912463,0.000716313001854966,0.9973156054814657
770,"[[49]
 [48]
 [51]
 [53]
 [56]
 [50]]",4,2,pituitary,2,0.0017284737744679053,3.063215808651876e-05,0.9982408682505289,2,0.0019674523209687322,0.00025246298173442483,0.9977800448735555
771,"[[49]
 [48]
 [51]
 [53]
 [56]
 [50]]",4,2,pituitary,2,0.0025427460592860975,5.032940195330108e-05,0.9974069396654764,2,0.006271866460641225,0.0011416224297136068,0.9925864934921265
772,"[[49]
 [48]
 [51]
 [53]
 [56]
 [50]]",4,2,pituitary,2,0.004861607914790511,0.0012659804973130424,0.9938724239667257,2,0.015238590732527276,0.0023986483817376816,0.9823627273241679
773,"[[49]
 [48]
 [51]
 [53]
 [56]
 [50]]",4,2,pituitary,2,0.006453718912477295,0.0042244788104047375,0.9893218278884888,2,0.0027404529973864555,0.0014957444897542398,0.9957638382911682
774,"[[49]
 [48]
 [51]
 [53]
 [56]
 [50]]",4,2,pituitary,2,0.015093202392260233,0.000716936211877813,0.9841898481051127,2,0.0009854121090029366,0.00019240906840423122,0.9988221923510233
775,"[[49]
 [48]
 [51]
 [53]
 [56]
 [50]]",4,2,pituitary,2,0.0017774408430947612,2.2456946984069266e-05,0.9982000788052877,2,0.0001842674331176871,0.00014218411342881154,0.9996735453605652
776,"[[49]
 [48]
 [51]
 [53]
 [56]
 [50]]",4,2,pituitary,2,0.0020427813190811626,0.00017730408338441825,0.9977798859278361,2,0.0025001181832825146,0.0005529884559412798,0.9969468911488851
777,"[[49]
 [48]
 [51]
 [53]
 [56]
 [50]]",4,2,pituitary,2,0.00899719058846434,0.0016971403965726495,0.9893056551615397,2,0.014832174017404517,0.00133306236724214,0.9838347832361857
778,"[[49]
 [48]
 [49]
 [49]
 [50]
 [55]]",1,0,meningioma,1,0.15983919302622476,0.7074167927106222,0.13274402481814226,2,0.3481009552876155,0.24541306992371878,0.40648596982161206
779,"[[49]
 [49]
 [52]
 [51]
 [53]
 [57]]",3,0,meningioma,1,0.011124587326776236,0.9888709187507629,4.469983093372913e-06,1,0.13080423325300217,0.8691535790761312,4.215599869894504e-05
780,"[[49]
 [48]
 [51]
 [54]
 [55]
 [48]]",1,2,pituitary,2,0.03025041225676735,0.0044354324927553535,0.9653141895929972,2,0.0008277299154239396,0.00023041837509178245,0.9989418188730875
781,"[[49]
 [48]
 [51]
 [54]
 [55]
 [48]]",1,2,pituitary,2,0.0027573411255919686,0.00011450732199591585,0.9971281687418619,2,0.00013173199598289406,0.0003978511570797612,0.9994704325993856
782,"[[49]
 [48]
 [51]
 [54]
 [55]
 [48]]",1,2,pituitary,2,0.002031862580527862,3.062402053425709e-05,0.9979374806086222,2,0.0009596108053907907,0.0002798876582043401,0.9987605015436808
783,"[[49]
 [48]
 [51]
 [54]
 [55]
 [48]]",1,2,pituitary,2,0.0006463508567928026,1.8855622329283506e-05,0.9993347922960917,2,0.0030140109496035925,0.0013382010620262008,0.9956477681795756
784,"[[49]
 [48]
 [51]
 [54]
 [55]
 [49]]",0,2,pituitary,2,0.0046965973839784665,0.0002152793955853364,0.9950881203015646,2,0.052980369267364345,0.020722752281775076,0.9262968897819519
785,"[[49]
 [48]
 [51]
 [54]
 [55]
 [49]]",0,2,pituitary,2,0.0009761191565000141,0.0002136614129994996,0.9988102515538534,2,0.007041595255335172,0.0008965718928569307,0.9920618335405985
786,"[[49]
 [48]
 [51]
 [54]
 [55]
 [49]]",0,2,pituitary,2,0.002042477344123957,0.0046061580554426955,0.9933513800303141,2,0.005495986823613445,0.002793481961513559,0.9917105038960775
787,"[[49]
 [48]
 [51]
 [54]
 [55]
 [49]]",0,2,pituitary,2,0.002227617815757791,0.0007095421363677209,0.9970628420511881,2,0.011957790392140547,0.012154244740183154,0.9758879343668619
788,"[[49]
 [48]
 [51]
 [54]
 [55]
 [49]]",0,2,pituitary,2,0.0016668606355475883,0.00016360161801761328,0.9981695612271627,2,0.17029193167885145,0.10025492931405704,0.7294531067212423
789,"[[49]
 [48]
 [51]
 [55]
 [51]
 [49]]",1,2,pituitary,2,0.001027946835771824,6.0853367055339426e-05,0.9989112416903178,2,0.08470402657985687,0.24239149192969003,0.6729044914245605
790,"[[49]
 [49]
 [52]
 [51]
 [53]
 [57]]",3,0,meningioma,1,0.12959310164054236,0.8703944683074951,1.240607204148573e-05,1,0.14616930453727642,0.8538282116254171,2.507114389279271e-06
791,"[[49]
 [48]
 [51]
 [55]
 [51]
 [49]]",1,2,pituitary,2,0.00026170944632516086,0.00011535488495913644,0.9996229211489359,2,0.0007583251887505563,0.008510791386167208,0.990730881690979
792,"[[49]
 [48]
 [51]
 [55]
 [51]
 [49]]",1,2,pituitary,2,0.0011695351228505995,2.2874374432528082e-05,0.9988075892130533,2,0.0014019760783412494,0.002084903671250989,0.9965130885442098
793,"[[49]
 [48]
 [51]
 [55]
 [51]
 [49]]",1,2,pituitary,2,0.00017890750132210087,4.436535391505458e-06,0.9998166561126709,2,0.051835525392865144,0.012460461157994965,0.9357040127118429
794,"[[49]
 [48]
 [51]
 [55]
 [51]
 [49]]",1,2,pituitary,2,0.031292994817097984,0.002917949081165716,0.9657890796661377,2,0.016027800971642137,0.0286553871507446,0.9553168416023254
795,"[[49]
 [48]
 [51]
 [56]
 [51]
 [55]]",0,2,pituitary,2,0.0178833338432014,0.0006069405935704708,0.9815096855163574,2,0.0014932374857986967,0.0016217746500236292,0.9968850016593933
796,"[[49]
 [48]
 [51]
 [56]
 [51]
 [55]]",0,2,pituitary,2,0.261295810341835,0.0024289629654958844,0.7362752159436544,2,0.0011680923441114526,0.0002144622509755815,0.9986174503962199
797,"[[49]
 [48]
 [51]
 [56]
 [51]
 [55]]",0,2,pituitary,2,0.22613046939174333,0.003741986428697904,0.770127554734548,2,0.019525239476934075,0.0034448020063185445,0.9770299792289734
798,"[[49]
 [48]
 [51]
 [56]
 [51]
 [55]]",0,2,pituitary,2,0.024153154343366623,0.0003760308100027032,0.9754708011945089,2,0.15251083175341287,0.012740864030395945,0.8347482879956564
799,"[[49]
 [48]
 [51]
 [56]
 [51]
 [55]]",0,2,pituitary,2,0.031684614873180784,0.00046933774622933316,0.9678460160891215,2,0.12192440653840701,0.007686293839166562,0.8703892827033997
800,"[[49]
 [48]
 [51]
 [56]
 [51]
 [55]]",0,2,pituitary,2,0.04373384748275081,0.0013623762351926416,0.9549038211504618,2,0.0030058479169383645,0.0013657847399978589,0.9956283768018087
801,"[[49]
 [49]
 [52]
 [51]
 [53]
 [57]]",3,0,meningioma,1,0.13515020720660686,0.8648393750190735,1.0416603469047084e-05,0,0.5978842377662659,0.401997917642196,0.00011784333401010372
802,"[[49]
 [48]
 [51]
 [56]
 [51]
 [55]]",0,2,pituitary,2,0.017288229855087895,0.0001870718551799655,0.9825246930122375,2,0.0015634545028054465,0.0004766633501276374,0.9979598919550577
803,"[[49]
 [48]
 [52]
 [48]
 [49]
 [57]]",1,2,pituitary,2,0.005753534448255475,0.00035992145906978595,0.9938865303993225,2,0.019133300908530753,0.0022854550188640133,0.9785812298456827
804,"[[49]
 [48]
 [52]
 [48]
 [49]
 [57]]",1,2,pituitary,2,0.007207449215153853,0.00042378630799551803,0.9923687179883321,2,0.04366901547958454,0.0005040260566602228,0.955826977888743
805,"[[49]
 [48]
 [52]
 [48]
 [49]
 [57]]",1,2,pituitary,2,0.00659272486033539,0.0005658812006004155,0.992841382821401,2,0.0005500112407996008,0.00015690758421745463,0.9992930690447489
806,"[[49]
 [48]
 [52]
 [48]
 [49]
 [57]]",1,2,pituitary,2,0.0015266046102624387,0.00021121519966982305,0.9982621868451437,2,0.010278426304770013,0.0029807021104109785,0.9867408871650696
807,"[[49]
 [48]
 [52]
 [53]
 [53]
 [56]]",0,2,pituitary,2,0.06726402944574754,0.06882297589133184,0.8639130393664042,2,0.0038177159537250796,0.012703937167922655,0.983478327592214
808,"[[49]
 [48]
 [52]
 [53]
 [53]
 [56]]",0,2,pituitary,2,0.15575057392319044,0.3217232823371887,0.5225261698166529,2,0.21471096451083818,0.037198400124907494,0.748090664545695
809,"[[49]
 [48]
 [52]
 [53]
 [53]
 [56]]",0,2,pituitary,2,0.1480387051900228,0.10356045762697856,0.7484008272488912,2,0.08877272966007392,0.05406165526558956,0.8571655750274658
810,"[[49]
 [48]
 [52]
 [53]
 [53]
 [56]]",0,2,pituitary,2,0.098598662763834,0.08737028948962688,0.8140310843785604,2,0.17016342033942541,0.12730112175146738,0.7025354504585266
811,"[[49]
 [48]
 [52]
 [53]
 [53]
 [56]]",0,2,pituitary,2,0.029593986459076405,0.12377659479777019,0.8466293811798096,2,0.02149103706081708,0.03481422985593478,0.9436947504679362
812,"[[49]
 [49]
 [52]
 [51]
 [53]
 [57]]",3,0,meningioma,0,0.7234782775243124,0.27644231418768567,7.940652117592133e-05,0,0.8573179642359415,0.14187007707854113,0.0008119499737707278
813,"[[49]
 [48]
 [52]
 [53]
 [53]
 [56]]",0,2,pituitary,2,0.04137896172081431,0.11388889886438847,0.8447321256001791,2,0.00698391084248821,0.006410800386220217,0.9866053064664205
814,"[[49]
 [48]
 [52]
 [53]
 [53]
 [56]]",0,2,pituitary,2,0.0339930122718215,0.018431055592373013,0.9475759069124857,2,0.048148439886669316,0.00708780395022283,0.9447637796401978
815,"[[49]
 [48]
 [52]
 [53]
 [53]
 [56]]",0,2,pituitary,2,0.024477010127156973,0.013170223993559679,0.9623527725537618,2,0.06562335168321927,0.3902469178040822,0.5441297094027201
816,"[[49]
 [48]
 [52]
 [53]
 [53]
 [56]]",0,2,pituitary,1,0.11145628864566486,0.6731974482536316,0.21534629662831625,1,0.13699930161237717,0.663118451833725,0.1998822738726934
817,"[[49]
 [48]
 [52]
 [54]
 [56]
 [52]]",3,2,pituitary,2,7.242044866965595e-05,5.670980907683069e-06,0.9999218980471293,2,9.808536257575422e-05,0.0005739420691194633,0.9993279774983724
818,"[[49]
 [48]
 [52]
 [54]
 [56]
 [52]]",3,2,pituitary,2,0.0005093361531483728,5.5904405058981865e-05,0.99943474928538,2,0.0002899513074225979,0.0003644720418378711,0.999345600605011
819,"[[49]
 [48]
 [52]
 [54]
 [56]
 [52]]",3,2,pituitary,2,0.000892861892983395,0.0003835341534189259,0.9987236062685648,2,0.00015129906129610995,0.0006824570591561496,0.9991662502288818
820,"[[49]
 [48]
 [52]
 [54]
 [56]
 [52]]",3,2,pituitary,2,0.00012384306759827268,9.423093154955117e-06,0.9998667438824972,2,0.0009066437730022395,0.00016844557770430887,0.9989249110221863
821,"[[49]
 [48]
 [52]
 [54]
 [56]
 [52]]",3,2,pituitary,2,0.00013503404812809094,1.2559229266647284e-05,0.9998523990313212,2,0.00013948201452270345,0.0002495732381551837,0.9996109207471212
822,"[[49]
 [48]
 [52]
 [54]
 [56]
 [52]]",3,2,pituitary,2,0.00018823950698276803,1.3961319503152936e-05,0.9997977813084921,2,0.0003960692580828133,0.0020525925792753696,0.9975513021151224
823,"[[49]
 [49]
 [52]
 [51]
 [53]
 [57]]",3,0,meningioma,0,0.9215165177981058,0.0783342036108176,0.00014924467645490344,0,0.5936618794997534,0.40619653339187306,0.0001416105224052444
824,"[[49]
 [48]
 [52]
 [54]
 [56]
 [52]]",3,2,pituitary,2,0.0002862181502223393,4.3389452892247014e-05,0.999670406182607,2,7.877227869812486e-05,0.001601715824411561,0.9983195066452026
825,"[[49]
 [48]
 [52]
 [57]
 [49]
 [50]]",2,2,pituitary,2,0.0005413065858495733,0.00015218153566820547,0.9993065396944681,2,0.0009902232753423352,0.0020347958197817206,0.9969750046730042
826,"[[49]
 [48]
 [52]
 [57]
 [49]
 [50]]",2,2,pituitary,2,0.00020063718936095634,1.587821361681563e-05,0.9997834960619608,2,0.0004624898526041458,0.0003291092786336473,0.999208410580953
827,"[[49]
 [48]
 [52]
 [57]
 [49]
 [50]]",2,2,pituitary,2,0.004878351387257378,0.027692534650365513,0.9674291213353475,2,0.024415323821206886,0.00900812509159247,0.9665765563646952
828,"[[49]
 [48]
 [52]
 [57]
 [49]
 [50]]",2,2,pituitary,2,0.0016914515290409327,0.0001151018053254423,0.9981934825579325,2,0.010627223178744316,0.0033497949286053577,0.986022969086965
829,"[[49]
 [48]
 [52]
 [57]
 [49]
 [50]]",2,2,pituitary,2,0.00048594090427892905,5.1319560346504055e-05,0.9994627237319946,2,0.038676987712581955,0.003054262158305695,0.9582687218983968
830,"[[49]
 [48]
 [52]
 [57]
 [49]
 [50]]",2,2,pituitary,2,0.0013014428162326415,0.00019348334171809256,0.9985050757726034,2,0.007753354497253895,0.0028508161388648054,0.9893958369890848
831,"[[49]
 [48]
 [52]
 [57]
 [49]
 [50]]",2,2,pituitary,2,0.015396364964544773,0.005316294031217694,0.9792873660723368,2,0.0019316183364329238,0.00974873457259188,0.9883196751276652
832,"[[49]
 [48]
 [53]
 [49]
 [56]
 [55]]",0,2,pituitary,2,0.0375783370497326,0.04063786752521992,0.9217837850252787,2,0.012337412607545653,0.01479924221833547,0.9728633364041647
833,"[[49]
 [48]
 [53]
 [49]
 [56]
 [55]]",0,2,pituitary,2,0.03709855877483884,0.07356871540347736,0.8893327315648397,2,0.003454641749461492,0.0014022339795095224,0.9951431552569071
834,"[[57]
 [55]
 [54]
 [48]
 [55]]",2,0,meningioma,0,0.8704937895139059,0.1294693723320961,3.685950559884077e-05,0,0.9848713477452596,0.015121548591802517,7.120222164758161e-06
835,"[[49]
 [48]
 [53]
 [49]
 [56]
 [55]]",0,2,pituitary,2,0.014557280577719212,0.010002382565289736,0.9754403432210287,2,0.08256959915161133,0.016161879058927298,0.9012685418128967
836,"[[49]
 [48]
 [53]
 [49]
 [56]
 [55]]",0,2,pituitary,2,0.006334024229242156,0.005494924650217096,0.9881710608800253,2,0.00947262921060125,0.018034843107064564,0.9724925557772318
837,"[[49]
 [48]
 [53]
 [49]
 [56]
 [55]]",0,2,pituitary,2,0.050302580619851746,0.07585174466172855,0.8738456765810648,2,0.03531676158308983,0.022343034545580547,0.9423401951789856
838,"[[49]
 [48]
 [53]
 [49]
 [56]
 [55]]",0,2,pituitary,2,0.007737375951061646,0.008284098352305591,0.9839784900347391,2,0.007765608529249827,0.0013033750680430483,0.9909310340881348
839,"[[49]
 [48]
 [53]
 [52]
 [55]
 [53]]",3,2,pituitary,2,0.0014354945384790578,0.00016861535914358683,0.9983959197998047,2,0.01639646902428164,0.004822595811371381,0.9787809054056803
840,"[[49]
 [48]
 [53]
 [52]
 [55]
 [53]]",3,2,pituitary,2,0.04886964429169893,0.24080718805392584,0.7103231648604075,2,0.012528786164087554,0.0001488122858669764,0.9873223702112833
841,"[[49]
 [48]
 [53]
 [52]
 [55]
 [53]]",3,2,pituitary,2,0.004734153995135178,0.0018144485463077824,0.9934514363606771,2,0.06677159170309703,0.003933721765254934,0.9292946656545004
842,"[[49]
 [48]
 [53]
 [52]
 [55]
 [53]]",3,2,pituitary,2,0.019498184012869995,0.008753930839399496,0.971747875213623,2,0.022319010614107054,0.0001429184897763965,0.9775380889574686
843,"[[49]
 [48]
 [53]
 [52]
 [55]
 [53]]",3,2,pituitary,2,0.00036253865315908723,3.639103789273198e-06,0.9996338287989298,2,0.009384144243085757,0.0011019926557006936,0.9895138541857401
844,"[[49]
 [48]
 [53]
 [53]
 [51]
 [56]]",2,2,pituitary,0,0.8069608012835184,0.08754226689537366,0.10549695044755936,0,0.9186738133430481,0.0677143931388855,0.013611767751475176
845,"[[57]
 [55]
 [54]
 [48]
 [55]]",2,0,meningioma,0,0.7357294162114462,0.26422326763470966,4.729390154049421e-05,0,0.9992306431134542,0.000557191296441791,0.00021218987725054225
846,"[[49]
 [48]
 [53]
 [53]
 [51]
 [56]]",2,2,pituitary,0,0.7078875303268433,0.022599587216973305,0.2695128719011943,0,0.9250801801681519,0.033646626553187765,0.04127319840093454
847,"[[49]
 [48]
 [53]
 [54]
 [51]
 [56]]",3,2,pituitary,2,0.0005086598227232267,5.177191746952303e-05,0.9994395772616068,2,0.0068086292982722325,0.14837278922398886,0.8448185920715332
848,"[[49]
 [48]
 [53]
 [54]
 [51]
 [56]]",3,2,pituitary,2,0.000960685444927852,0.0002290958328975042,0.9988101919492086,2,0.0002607334475518049,0.01006410208841165,0.9896751642227173
849,"[[49]
 [48]
 [53]
 [54]
 [51]
 [56]]",3,2,pituitary,2,0.0007499120941550549,8.918753247636839e-05,0.999160885810852,2,0.002435691305436194,0.0012834421261989821,0.99628084897995
850,"[[49]
 [48]
 [53]
 [54]
 [51]
 [56]]",3,2,pituitary,2,0.0002405049620695839,0.00019692801504334057,0.9995625813802084,2,0.0017205720505444333,0.1265533814827601,0.8717260162035624
851,"[[49]
 [48]
 [53]
 [54]
 [51]
 [56]]",3,2,pituitary,2,0.003818720108635413,0.001290396952147906,0.9948908686637878,2,0.00017319626507135885,0.0016689784824848175,0.9981578389803568
852,"[[57]
 [55]
 [52]
 [49]
 [54]]",2,2,pituitary,2,0.04307742789387703,0.0019166382456508775,0.955005963643392,2,0.028087108085552853,0.003057126964752873,0.9688557982444763
853,"[[57]
 [55]
 [52]
 [49]
 [54]]",2,2,pituitary,2,0.003629992871234814,0.0023896993564752242,0.9939803083737692,2,0.0020137337463287017,0.012449386025158068,0.9855368733406067
854,"[[57]
 [55]
 [52]
 [49]
 [54]]",2,2,pituitary,2,0.004533408209681511,0.00010322938760509714,0.9953633944193522,2,0.009946213414271673,0.001752677276575317,0.9883011182149252
855,"[[57]
 [55]
 [52]
 [49]
 [54]]",2,2,pituitary,2,0.006503092745939891,3.805543504616556e-05,0.9934588472048441,2,0.29605937997500104,0.025653508802254994,0.6782871087392172
856,"[[57]
 [55]
 [54]
 [48]
 [55]]",2,0,meningioma,0,0.9570738077163696,0.04291397395233313,1.2163890308632594e-05,0,0.999883751074473,9.094344810970749e-05,2.5305948535484884e-05
857,"[[57]
 [55]
 [52]
 [49]
 [54]]",2,2,pituitary,2,0.1657008354862531,0.00024723977549001575,0.8340519467989603,2,0.01694542666276296,0.001598967161650459,0.9814556042353312
858,"[[57]
 [55]
 [52]
 [49]
 [54]]",2,2,pituitary,2,0.00817104933472971,0.00028244504816636135,0.9915464520454407,2,0.009624810190871358,0.0009300017166727533,0.9894452095031738
859,"[[57]
 [55]
 [52]
 [49]
 [54]]",2,2,pituitary,2,0.02586220670491457,0.0004503069940255955,0.9736875096956888,2,0.1223174383242925,0.0068104508488128586,0.8708721399307251
860,"[[57]
 [55]
 [52]
 [54]
 [49]]",0,2,pituitary,2,0.17352505711217722,0.016217671024302643,0.8102572758992513,2,0.10194981781144936,0.0014068568125367165,0.896643320719401
861,"[[57]
 [55]
 [52]
 [54]
 [49]]",0,2,pituitary,2,0.023015201091766357,0.0014741799289671083,0.9755106369654337,2,0.003796745052871605,0.00029920249653514475,0.9959040284156799
862,"[[57]
 [55]
 [52]
 [54]
 [49]]",0,2,pituitary,2,0.0038987707424287996,0.0018994293447273474,0.9942017793655396,2,0.008037137798964977,0.001694143012476464,0.9902687470118204
863,"[[57]
 [55]
 [52]
 [54]
 [49]]",0,2,pituitary,2,0.0024340663221664727,0.0026097623243307075,0.9949561556180319,2,0.01768733561038971,0.00883796950802207,0.9734747211138407
864,"[[57]
 [55]
 [52]
 [54]
 [49]]",0,2,pituitary,2,0.017396447403977316,0.0014438816482045997,0.9811596870422363,2,0.006872137077152729,0.002423877827823162,0.9907039602597555
865,"[[57]
 [55]
 [52]
 [54]
 [49]]",0,2,pituitary,2,0.029640026700993378,0.0008693904189082483,0.9694906075795492,2,0.2646547754605611,0.033803624411424,0.7015416026115417
866,"[[57]
 [55]
 [52]
 [54]
 [49]]",0,2,pituitary,2,0.0016293358591307576,0.00014258900531179583,0.9982280731201172,2,0.005788994021713734,0.002194918478683879,0.9920160969098409
867,"[[57]
 [55]
 [54]
 [48]
 [55]]",2,0,meningioma,0,0.9902982314427694,0.00969924017166098,2.5284450657636626e-06,0,0.9957451025644938,0.004095093347132206,0.00015981128672137856
868,"[[57]
 [55]
 [52]
 [54]
 [49]]",0,2,pituitary,2,0.012458775658160448,0.0030297505436465144,0.9845115145047506,2,0.03794719651341438,0.0065506308649977045,0.9555021325747172
869,"[[57]
 [55]
 [52]
 [56]
 [49]]",0,2,pituitary,2,0.019515899941325188,0.00042014716503520805,0.9800639549891154,2,0.0009505633497610688,0.0005663440194136152,0.9984831213951111
870,"[[57]
 [55]
 [52]
 [56]
 [49]]",0,2,pituitary,2,0.0638777023802201,0.001268384725941966,0.9348539312680563,2,0.018911820215483505,0.00851846362153689,0.972569743792216
871,"[[57]
 [55]
 [52]
 [56]
 [49]]",0,2,pituitary,2,0.02146856936936577,0.0030868889298290014,0.9754445354143778,2,0.006120351220791538,0.004993377098192771,0.9888862768809
872,"[[57]
 [55]
 [52]
 [56]
 [49]]",0,2,pituitary,2,0.03781764844704109,0.007126102379212777,0.9550562699635824,2,0.010581256821751595,0.011847809267540773,0.9775709311167399
873,"[[57]
 [55]
 [52]
 [56]
 [49]]",0,2,pituitary,2,0.05423740095769366,0.21252945934732756,0.7332331637541453,2,0.0003602946768902863,0.0011611769247489672,0.9984784921010336
874,"[[57]
 [55]
 [53]
 [57]
 [57]]",2,2,pituitary,2,0.04056177971263727,0.0015760579456885655,0.957862118879954,2,0.0013929345247258122,4.1865487598139834e-06,0.9986029068628947
875,"[[57]
 [55]
 [53]
 [57]
 [57]]",2,2,pituitary,2,0.01820439922933777,0.0009338679568221172,0.980861763159434,2,0.0006610700766032096,6.6433704356920016e-06,0.9993322889010111
876,"[[57]
 [55]
 [53]
 [57]
 [57]]",2,2,pituitary,2,0.009907398993770281,1.4779832213207555e-05,0.99007781346639,2,0.0006562527002339872,6.337996182992356e-06,0.9993374347686768
877,"[[57]
 [55]
 [56]
 [57]
 [48]]",4,2,pituitary,2,0.004850378880898158,5.4962951859730914e-05,0.9950946569442749,2,0.001339694766405349,0.00016780286265808778,0.9984925389289856
878,"[[57]
 [55]
 [54]
 [48]
 [55]]",2,0,meningioma,0,0.8358610073725382,0.1641267960270246,1.2205760564635662e-05,0,0.9785834550857544,0.021329961833544075,8.656562446655396e-05
879,"[[57]
 [55]
 [56]
 [57]
 [48]]",4,2,pituitary,2,0.001282250678438383,1.182041554178189e-05,0.9987059235572815,2,0.0013992820749990642,0.00018486293023064113,0.9984158476193746
880,"[[57]
 [55]
 [56]
 [57]
 [48]]",4,2,pituitary,2,0.003865567637452235,4.8151531397403836e-05,0.9960862795511881,2,5.127494569023838e-05,2.7449442616974313e-05,0.9999212821324667
881,"[[57]
 [55]
 [56]
 [57]
 [48]]",4,2,pituitary,2,0.007061241543851793,0.0005197710306674708,0.9924189845720927,2,0.004067682971556981,0.00017120354641519953,0.9957610964775085
882,"[[57]
 [55]
 [56]
 [57]
 [48]]",4,2,pituitary,2,0.0021058265507842102,0.0021239465956265726,0.9957702358563741,2,0.00019990550936199725,1.9482106684639195e-05,0.9997805953025818
883,"[[57]
 [55]
 [56]
 [57]
 [48]]",4,2,pituitary,2,0.0012926582712680101,1.9611168227129383e-05,0.998687744140625,2,0.0003059939602583957,0.00012356770457699895,0.9995704491933187
884,"[[57]
 [56]
 [52]
 [55]
 [50]]",1,2,pituitary,2,0.000882829698336233,1.4150113808379198e-05,0.9991030097007751,2,0.0007985394501398938,0.0004042601970771405,0.9987972180048624
885,"[[57]
 [56]
 [52]
 [55]
 [50]]",1,2,pituitary,2,0.08796589076519012,0.004688719646461929,0.9073454141616821,2,0.0034632470536356172,7.529944121150341e-05,0.9964614311854044
886,"[[57]
 [56]
 [52]
 [55]
 [50]]",1,2,pituitary,2,0.08072960268085201,0.09200086273873846,0.8272695144017538,2,0.002871909198195984,0.0005207727396433862,0.9966073234875997
887,"[[57]
 [56]
 [52]
 [55]
 [50]]",1,2,pituitary,2,0.03651271271519363,0.00164731534459861,0.9618399739265442,2,0.0018528524281767507,0.0006215181153190011,0.9975256125132242
888,"[[57]
 [56]
 [52]
 [55]
 [50]]",1,2,pituitary,2,0.040923996518055596,0.0033015458369239545,0.9557744860649109,2,0.02812812849879265,0.0030937116243876517,0.968778153260549
889,"[[49]
 [48]
 [49]
 [49]
 [50]
 [55]]",1,0,meningioma,2,0.44978540142377216,0.016863765971114237,0.5333508352438608,0,0.7024368246396383,0.04187536441410581,0.25568779061237973
890,"[[57]
 [55]
 [55]
 [51]
 [55]]",1,0,meningioma,0,0.9149403969446818,0.08485315615932147,0.00020640505196449035,0,0.9994072715441386,0.0005254947570089522,6.722312419545536e-05
891,"[[57]
 [56]
 [52]
 [55]
 [50]]",1,2,pituitary,2,0.049524212876955666,0.005904114882772167,0.9445716341336569,2,0.06093881527582804,0.0003382287541171536,0.9387229482332865
892,"[[57]
 [56]
 [54]
 [53]
 [50]]",3,2,pituitary,2,0.008089406959091624,0.007968109333887696,0.98394246896108,2,0.008668881064901749,0.0035964372412612042,0.9877346754074097
893,"[[57]
 [56]
 [54]
 [53]
 [50]]",3,2,pituitary,2,0.0004292125959182158,0.0005439167865309477,0.9990268349647522,2,0.0017935221452110757,0.0018079125826867919,0.9963985681533813
894,"[[57]
 [56]
 [54]
 [53]
 [50]]",3,2,pituitary,2,0.01620550872758031,0.020305944606661797,0.9634885390599569,2,0.01463019180422028,0.018392350214223068,0.9669774770736694
895,"[[57]
 [56]
 [54]
 [53]
 [50]]",3,2,pituitary,2,0.0013323554576345487,0.00040007822220407735,0.9982675711313883,2,0.0023237483498329916,0.007343343614290158,0.9903329014778137
896,"[[57]
 [56]
 [54]
 [53]
 [50]]",3,2,pituitary,2,0.0023802099409901225,0.000527882541064173,0.9970919092496237,2,0.0024914601720714322,0.016622873954474926,0.9808856844902039
897,"[[57]
 [56]
 [56]
 [55]
 [49]]",2,2,pituitary,2,0.00721367650354902,0.0036156113104273877,0.9891707102457682,2,0.023128262255340815,0.043367927273114525,0.9335038264592489
898,"[[57]
 [56]
 [56]
 [55]
 [49]]",2,2,pituitary,2,0.014260362212856611,0.006555304474507769,0.9791843096415201,2,0.03264710896958908,0.007248732261359692,0.9601041475931803
899,"[[57]
 [56]
 [56]
 [55]
 [49]]",2,2,pituitary,2,0.033435662587483726,0.017132538991669815,0.9494318167368571,2,0.01194254339983066,0.0006180388057449212,0.9874394138654073
900,"[[57]
 [56]
 [56]
 [55]
 [49]]",2,2,pituitary,2,0.019625866475204628,0.048366645351052284,0.9320074915885925,2,0.02383841418971618,0.0018507714072863262,0.9743108153343201
901,"[[57]
 [55]
 [55]
 [51]
 [55]]",1,0,meningioma,0,0.82789146900177,0.17200468480587006,0.00010380536938707034,0,0.99334849913915,0.006629296714284767,2.222012729665342e-05
902,"[[57]
 [56]
 [56]
 [55]
 [49]]",2,2,pituitary,2,0.009542750815550486,0.37889611224333447,0.611561119556427,2,0.015109833019475142,0.02150312966356675,0.9633869926134745
903,"[[57]
 [56]
 [56]
 [55]
 [49]]",2,2,pituitary,2,0.0025211151223629713,0.01568275038152933,0.981796145439148,2,0.007176135356227557,0.06745096420248349,0.9253729184468588
904,"[[57]
 [56]
 [56]
 [55]
 [49]]",2,2,pituitary,2,0.0009016919842300316,0.0007421897122791657,0.9983561038970947,2,0.0006937641592230648,0.00045703006132195395,0.9988491932551066
905,"[[57]
 [56]
 [56]
 [55]
 [52]]",3,2,pituitary,2,0.005310141801601276,0.00019679676112597613,0.9944930871327718,2,0.12355011825760205,0.149618166188399,0.7268317143122355
906,"[[57]
 [56]
 [56]
 [55]
 [52]]",3,2,pituitary,2,0.12445167079567909,0.015009161860992512,0.860539178053538,2,0.016755610583156038,0.06382067501544952,0.9194237589836121
907,"[[57]
 [56]
 [56]
 [55]
 [52]]",3,2,pituitary,2,0.04130457496891419,0.010529733107735714,0.9481656750043234,2,0.015115870318065086,0.0017918099474627525,0.9830923279126486
908,"[[57]
 [56]
 [56]
 [55]
 [52]]",3,2,pituitary,2,0.059923235327005386,0.025535384193062782,0.9145414034525553,2,0.01987534761428833,0.02534235765536626,0.9547823071479797
909,"[[57]
 [56]
 [56]
 [55]
 [52]]",3,2,pituitary,2,0.0075805097197492914,0.0009931113114968564,0.991426408290863,2,0.020813693292438984,0.0052366615273058414,0.973949650923411
910,"[[57]
 [56]
 [56]
 [55]
 [52]]",3,2,pituitary,2,0.02412561404829224,0.00043840228136104997,0.9754359722137451,2,0.09268148057162762,0.06218934431672096,0.8451291918754578
911,"[[57]
 [56]
 [57]
 [57]
 [50]]",2,2,pituitary,2,0.19228362540404,0.008885921988015374,0.7988304495811462,0,0.9325941801071167,0.03743407347549995,0.02997169674684604
912,"[[57]
 [55]
 [55]
 [51]
 [55]]",1,0,meningioma,0,0.9979953368504842,0.0020010796918844185,3.5963709639948624e-06,0,0.9758870402971903,0.02402213984169066,9.086595855478663e-05
913,"[[57]
 [56]
 [57]
 [57]
 [50]]",2,2,pituitary,2,0.024987133530279,0.00014718175225425512,0.974865714708964,2,0.35129642486572266,0.0024557538563385606,0.6462478439013163
914,"[[57]
 [56]
 [57]
 [57]
 [50]]",2,2,pituitary,2,0.37272562086582184,0.0013139571334856253,0.6259604493776957,0,0.9961267511049906,0.0036125311356348297,0.00026072886248584837
915,"[[57]
 [56]
 [57]
 [57]
 [50]]",2,2,pituitary,2,0.015062447947760424,0.00033759160335951793,0.9845999677975973,2,0.07549683377146721,0.00741343223489821,0.9170897603034973
916,"[[57]
 [56]
 [57]
 [57]
 [50]]",2,2,pituitary,2,0.011554989653329054,5.96877874462128e-05,0.9883852998415629,2,0.12515658885240555,0.003537693740023921,0.8713057041168213
917,"[[57]
 [56]
 [57]
 [57]
 [50]]",2,2,pituitary,2,0.037936582850913204,0.0017017226879640173,0.9603616793950399,2,0.012039494700729847,0.0016709186287092355,0.9862896005312601
918,"[[57]
 [56]
 [57]
 [57]
 [50]]",2,2,pituitary,2,0.0011902763217221946,0.00010946279477745217,0.9987002412478129,2,0.012669063794116179,0.0010592760178648557,0.9862716794013977
919,"[[57]
 [56]
 [57]
 [57]
 [50]]",2,2,pituitary,2,0.04999948417147001,0.07446339602271716,0.875537097454071,2,0.011200050823390484,0.0025700623130736253,0.9862298369407654
920,"[[57]
 [56]
 [57]
 [57]
 [50]]",2,2,pituitary,0,0.8905697067578634,0.050334956496953964,0.059095374618967376,2,0.015045010795195898,0.004490748552295069,0.9804642200469971
921,"[[57]
 [56]
 [57]
 [57]
 [50]]",2,2,pituitary,2,0.22625594089428583,0.0014860546798445284,0.7722580234209696,2,0.05154701073964437,0.0026339018950238824,0.945819079875946
922,"[[57]
 [56]
 [57]
 [57]
 [50]]",2,2,pituitary,2,0.09358250473936398,0.0007346747103535259,0.9056828618049622,2,0.024272403679788113,9.520694341820975e-05,0.97563236951828
923,"[[57]
 [55]
 [55]
 [51]
 [55]]",1,0,meningioma,0,0.9977812965710958,0.0022151550510898232,3.5668128054074564e-06,0,0.9986841082572937,0.0013154237288593624,4.902659700434242e-07
924,"[[57]
 [56]
 [57]
 [57]
 [53]]",1,2,pituitary,2,0.00023109047591181783,5.321109180537557e-06,0.999763568242391,2,0.0004697697161949084,0.0004862019947419564,0.9990440209706625
925,"[[57]
 [56]
 [57]
 [57]
 [53]]",1,2,pituitary,2,0.00035669431963469833,1.508911514254881e-06,0.9996418158213297,2,0.0032241326407529414,0.00015590098716226444,0.9966199994087219
926,"[[57]
 [56]
 [57]
 [57]
 [53]]",1,2,pituitary,2,0.0007283028668704598,8.483493017289827e-05,0.9991868336995443,2,0.007467540369058649,0.0030262860818766057,0.989506185054779
927,"[[57]
 [56]
 [57]
 [57]
 [53]]",1,2,pituitary,2,0.015006485007082423,0.0029027875474033258,0.9820907513300577,2,0.0032229467760771513,0.000526459225511644,0.996250589688619
928,"[[57]
 [56]
 [57]
 [57]
 [53]]",1,2,pituitary,2,0.0019704036531038582,9.654430080748473e-05,0.997933049996694,2,0.007472113085289796,0.0002211587713342548,0.9923067092895508
929,"[[57]
 [57]
 [50]
 [50]
 [51]]",0,2,pituitary,2,0.0019066825625486672,0.00021072963863844052,0.9978825648625692,2,0.0046853600069880486,0.0006950358122897645,0.99461962779363
930,"[[57]
 [57]
 [50]
 [50]
 [51]]",0,2,pituitary,2,0.0011635534392553382,0.00033728549169609323,0.9984991749127706,2,0.0032411694216231504,0.000430516180737565,0.9963282942771912
931,"[[57]
 [57]
 [50]
 [50]
 [51]]",0,2,pituitary,2,0.005100279134542991,0.003005963711378475,0.9918937484423319,2,0.010780714297046265,0.0024352902546525,0.9867839813232422
932,"[[57]
 [57]
 [50]
 [50]
 [51]]",0,2,pituitary,2,0.0038091666841258607,0.0004188335296930745,0.9957720239957174,2,0.0017522674752399325,0.0005425003667672476,0.9977052211761475
933,"[[57]
 [57]
 [50]
 [50]
 [51]]",0,2,pituitary,2,0.005485960185372581,0.001122960161107282,0.9933910767237345,2,0.01846684856961171,0.0015937884939679254,0.979939341545105
934,"[[57]
 [55]
 [56]
 [55]
 [53]]",3,0,meningioma,1,0.3514165406425794,0.576340893904368,0.07224254123866558,0,0.5637672940889994,0.42739881078402203,0.008833890431560576
935,"[[57]
 [57]
 [50]
 [50]
 [51]]",0,2,pituitary,2,0.0061724680320670204,0.0008831818728746536,0.992944339911143,2,0.45797448853651684,0.012263488334914049,0.5297619998455048
936,"[[77]
 [82]
 [48]
 [52]
 [56]
 [50]
 [57]
 [52]]",0,1,glioma,1,0.041307197883725166,0.5463048020998637,0.41238801181316376,1,0.03751914699872335,0.8871855139732361,0.07529531295100848
937,"[[77]
 [82]
 [48]
 [52]
 [56]
 [50]
 [57]
 [52]]",0,1,glioma,1,0.0028090689544721195,0.9781494140625,0.01904148127262791,1,0.014330051994572083,0.9833231767018636,0.0023467744273754456
938,"[[77]
 [82]
 [48]
 [52]
 [56]
 [50]
 [57]
 [52]]",0,1,glioma,1,0.004903134327226629,0.9902294874191284,0.004867369668014969,1,0.000867424589159782,0.9843032956123352,0.014829298752980927
939,"[[77]
 [82]
 [48]
 [52]
 [56]
 [50]
 [57]
 [52]]",0,1,glioma,1,0.0025626819503183165,0.9929278691609701,0.004509455543787529,1,9.650465904087469e-05,0.9998605648676554,4.296466681807942e-05
940,"[[77]
 [82]
 [48]
 [52]
 [56]
 [50]
 [57]
 [52]]",0,1,glioma,1,0.008870041851575175,0.9877649545669556,0.003365021606441587,1,0.00015443636281512832,0.9998281200726827,1.743360773313422e-05
941,"[[77]
 [82]
 [48]
 [52]
 [56]
 [50]
 [57]
 [52]]",0,1,glioma,1,0.008866273836853603,0.9862824479738871,0.004851256128555785,1,0.0010442877440558125,0.9989492098490397,6.562678625717429e-06
942,"[[77]
 [82]
 [48]
 [52]
 [56]
 [50]
 [57]
 [52]]",0,1,glioma,1,0.002695707439367349,0.9960709611574808,0.0012332969927228987,1,0.00043036524584749714,0.9995652039845785,4.421228008292625e-06
943,"[[77]
 [82]
 [48]
 [52]
 [56]
 [50]
 [57]
 [52]]",0,1,glioma,1,0.0005046886714505187,0.9993379910786947,0.00015732765223219758,1,0.018589055941750605,0.9812977313995361,0.00011319271258495671
944,"[[77]
 [82]
 [48]
 [52]
 [56]
 [50]
 [57]
 [55]]",4,1,glioma,1,1.2094196222278697e-07,0.9999998013178507,4.036356582304279e-08,1,1.948107398082784e-08,0.9999991257985433,8.657901939083482e-07
945,"[[57]
 [55]
 [56]
 [55]
 [53]]",3,0,meningioma,2,0.30036018788814545,0.30197779337565106,0.39766202370325726,1,0.45070964097976685,0.49687525629997253,0.05241511746620139
946,"[[77]
 [82]
 [48]
 [52]
 [56]
 [50]
 [57]
 [55]]",4,1,glioma,1,1.8775827281084882e-06,0.9999980926513672,5.735552832675239e-08,1,1.0637043015293557e-06,0.9999988079071045,1.0836212342250444e-07
947,"[[77]
 [82]
 [48]
 [52]
 [56]
 [50]
 [57]
 [55]]",4,1,glioma,1,1.8976127194036962e-06,0.9999980529149374,3.9673974328025e-08,1,7.387563689083739e-06,0.9999905824661255,2.0664507284588276e-06
948,"[[77]
 [82]
 [48]
 [52]
 [56]
 [50]
 [57]
 [55]]",4,1,glioma,1,7.120833060980658e-07,0.9999992847442627,8.943461619429863e-10,1,7.288391028244708e-05,0.9999264280001322,6.746371923327388e-07
949,"[[77]
 [82]
 [48]
 [52]
 [56]
 [50]
 [57]
 [52]
 [66]]",4,1,glioma,1,2.429871652035824e-07,0.9999978939692179,1.877077750123135e-06,1,1.999562829260263e-09,0.9999998807907104,1.052768183740227e-07
950,"[[77]
 [82]
 [48]
 [52]
 [56]
 [54]
 [50]
 [49]
 [66]]",0,1,glioma,1,0.09378788123528163,0.844542940457662,0.06166920686761538,1,0.3366192579269409,0.4725629885991414,0.19081775347391763
951,"[[77]
 [82]
 [48]
 [52]
 [56]
 [54]
 [50]
 [49]
 [66]]",0,1,glioma,1,0.039967543755968414,0.6953112284342448,0.26472121973832446,1,0.4001128673553467,0.4629254142443339,0.13696170474092165
952,"[[77]
 [82]
 [48]
 [52]
 [56]
 [54]
 [50]
 [49]
 [66]]",0,1,glioma,1,0.1259953205784162,0.6947770317395529,0.17922762533028921,2,0.04912694295247396,0.4705832302570343,0.48028985659281415
953,"[[77]
 [82]
 [48]
 [52]
 [56]
 [54]
 [50]
 [49]
 [66]]",0,1,glioma,1,0.023559453897178173,0.9542622764905294,0.022178244932244223,1,0.0012400437456866105,0.9717219273249308,0.02703801387300094
954,"[[77]
 [82]
 [48]
 [52]
 [56]
 [54]
 [50]
 [49]
 [66]]",0,1,glioma,1,0.06525136530399323,0.772541324297587,0.16220731288194656,1,0.004592329069661598,0.9684324065844218,0.026975250182052452
955,"[[77]
 [82]
 [48]
 [52]
 [56]
 [54]
 [50]
 [49]
 [66]]",0,1,glioma,1,0.21774487694104513,0.6202722489833832,0.16198288897673288,1,0.09012118354439735,0.8473794460296631,0.062499387500186764
956,"[[57]
 [55]
 [56]
 [55]
 [53]]",3,0,meningioma,0,0.7570211291313171,0.13407007356484732,0.10890881220499675,0,0.7112415631612142,0.17405584951241812,0.1147025724252065
957,"[[77]
 [82]
 [48]
 [52]
 [56]
 [54]
 [50]
 [49]
 [66]]",0,1,glioma,1,0.10922496641675632,0.8523554603258768,0.038419540195415415,1,0.13941355546315512,0.8527846535046896,0.007801801334911336
958,"[[77]
 [82]
 [48]
 [52]
 [56]
 [54]
 [50]
 [49]
 [66]]",0,1,glioma,1,0.19500177105267844,0.771239697933197,0.033758558332920074,1,0.15022394309441248,0.8469237685203552,0.0028523001383291557
959,"[[77]
 [82]
 [48]
 [52]
 [56]
 [57]
 [52]
 [52]]",4,1,glioma,1,0.1549940158923467,0.8306314547856649,0.014374526062359413,1,0.031868946040049195,0.9673620661099752,0.000768948889647921
960,"[[77]
 [82]
 [48]
 [52]
 [56]
 [57]
 [52]
 [52]]",4,1,glioma,1,0.16791757941246033,0.8222854336102804,0.009796979992340008,1,0.04837332013994455,0.9514854947725931,0.00014116125021246262
961,"[[77]
 [82]
 [48]
 [52]
 [56]
 [57]
 [52]
 [52]]",4,1,glioma,1,0.35207233329614,0.6439144412676493,0.0040132578772803145,1,0.05507876258343458,0.9443387587865194,0.0005824576219310984
962,"[[77]
 [82]
 [48]
 [52]
 [56]
 [57]
 [52]
 [52]]",4,1,glioma,1,0.1436683734258016,0.8543105324109396,0.002021123693945507,1,0.05604515442003807,0.9437671303749084,0.00018771855805728896
963,"[[77]
 [82]
 [48]
 [52]
 [56]
 [57]
 [52]
 [52]]",4,1,glioma,1,0.24275096754233041,0.7562474807103475,0.0010015713050961494,1,0.1214964749912421,0.8730318546295166,0.0054716601346929865
964,"[[77]
 [82]
 [48]
 [52]
 [56]
 [57]
 [52]
 [52]]",4,1,glioma,1,0.2396253446737925,0.7554964621861776,0.004878230315322678,1,0.15491188317537308,0.8338389794031779,0.01124912880671521
965,"[[77]
 [82]
 [48]
 [52]
 [56]
 [57]
 [52]
 [52]]",4,1,glioma,0,0.6582147280375162,0.33875368038813275,0.003031600615940988,1,0.006161028829713662,0.9857621192932129,0.00807686165596048
966,"[[77]
 [82]
 [48]
 [52]
 [56]
 [57]
 [52]
 [52]]",4,1,glioma,0,0.9724653164545695,0.027343658730387688,0.00019100753221816072,1,0.3255247821410497,0.6732551256815592,0.0012200585479149595
967,"[[57]
 [55]
 [57]
 [52]
 [51]]",1,0,meningioma,0,0.9816110928853353,0.008616665533433357,0.009772270064180097,0,0.6460400621096293,0.01640576667462786,0.3375542014837265
968,"[[77]
 [82]
 [48]
 [52]
 [56]
 [57]
 [57]
 [52]]",1,1,glioma,1,0.004403525420154135,0.9952313899993896,0.000365108947638267,1,0.004417408878604571,0.9952179988225301,0.00036457621414835256
969,"[[77]
 [82]
 [48]
 [52]
 [56]
 [57]
 [57]
 [52]]",1,1,glioma,1,0.054597304513057075,0.9445204933484396,0.0008822547121477934,1,0.0019130258782145877,0.9975892901420593,0.0004976725795131642
970,"[[77]
 [82]
 [48]
 [52]
 [56]
 [57]
 [57]
 [52]]",1,1,glioma,1,0.20166115959485373,0.7981822490692139,0.00015656047132021436,1,0.005058705108240247,0.9947617650032043,0.0001795378220776911
971,"[[77]
 [82]
 [48]
 [52]
 [56]
 [57]
 [57]
 [52]]",1,1,glioma,1,0.17051086326440176,0.829443633556366,4.552385780698387e-05,1,0.016112715005874634,0.9832640687624613,0.0006231764103479994
972,"[[77]
 [82]
 [48]
 [52]
 [56]
 [57]
 [57]
 [52]]",1,1,glioma,1,0.0031983727434029183,0.9967980980873108,3.5199872456814774e-06,1,0.0011323828366585076,0.998833696047465,3.3920421013059844e-05
973,"[[77]
 [82]
 [48]
 [52]
 [56]
 [57]
 [57]
 [52]]",1,1,glioma,1,0.17612694824735323,0.8238090872764587,6.396454864443513e-05,1,0.0014698740293776307,0.9981348514556885,0.00039530940739496145
974,"[[77]
 [82]
 [48]
 [52]
 [56]
 [57]
 [57]
 [52]]",1,1,glioma,1,0.08621986458698909,0.9137562115987142,2.3940020582813304e-05,1,5.7386164068399616e-05,0.9999237060546875,1.8856989830358845e-05
975,"[[77]
 [82]
 [48]
 [52]
 [56]
 [57]
 [57]
 [52]]",1,1,glioma,1,0.09861667702595393,0.9013792276382446,4.036121216207296e-06,1,0.0005280782568206632,0.9994686841964722,3.2251168372946872e-06
976,"[[77]
 [82]
 [48]
 [52]
 [56]
 [57]
 [57]
 [52]]",1,1,glioma,1,0.36824140946070355,0.6317445635795593,1.4007692698214669e-05,1,0.008958864316809922,0.9908836285273234,0.00015749206928224643
977,"[[77]
 [82]
 [48]
 [52]
 [57]
 [49]
 [48]
 [52]]",3,1,glioma,1,0.00032751134880548705,0.9995059768358866,0.00016655134052238432,1,0.01901670582204436,0.9638208945592245,0.017162414034828544
978,"[[57]
 [55]
 [57]
 [52]
 [51]]",1,0,meningioma,0,0.6876627604166666,0.31089110175768536,0.001446134236175567,0,0.8218505581219991,0.17798707137505212,0.0001623944759406489
979,"[[77]
 [82]
 [48]
 [52]
 [57]
 [49]
 [48]
 [52]]",3,1,glioma,1,0.00012163362866601801,0.9998287757237753,4.959910266559101e-05,1,0.0002627372856522925,0.9997202157974243,1.704189328203635e-05
980,"[[77]
 [82]
 [48]
 [52]
 [57]
 [49]
 [52]
 [50]]",2,1,glioma,0,0.6345674196879069,0.3601437509059906,0.005288850438470642,1,0.05229973730941614,0.9463870922724406,0.0013131281011737883
981,"[[77]
 [82]
 [48]
 [52]
 [57]
 [49]
 [52]
 [50]]",2,1,glioma,0,0.8109505375226339,0.14642973244190216,0.042619760458668075,1,0.3177232891321182,0.678714911142985,0.003561777761206031
982,"[[77]
 [82]
 [48]
 [52]
 [57]
 [49]
 [52]
 [50]]",2,1,glioma,0,0.8583965301513672,0.12877042094866434,0.012833026703447104,0,0.4801206688086192,0.3451492637395859,0.17473007241884866
983,"[[77]
 [82]
 [48]
 [52]
 [57]
 [49]
 [52]
 [50]]",2,1,glioma,0,0.9340660770734152,0.06362981845935185,0.002304102915028731,0,0.6378266016642252,0.17032421131928763,0.19184916590650877
984,"[[77]
 [82]
 [48]
 [52]
 [56]
 [57]
 [57]
 [52]
 [66]]",3,1,glioma,1,5.919051830809674e-08,0.9999999602635702,3.3921044585150163e-09,1,5.252148340536185e-06,0.9999533494313558,4.141385716138757e-05
985,"[[77]
 [82]
 [48]
 [52]
 [56]
 [57]
 [57]
 [52]
 [66]]",3,1,glioma,1,1.35761955292609e-07,0.9999998807907104,7.10309059360495e-09,1,4.384189560369123e-05,0.9998615185419718,9.467466194716205e-05
986,"[[77]
 [82]
 [48]
 [52]
 [56]
 [57]
 [57]
 [52]
 [66]]",3,1,glioma,1,7.457053611843763e-07,0.999999205271403,2.2576518599654314e-08,1,0.00014858587439903204,0.9995059569676717,0.00034542701905593276
987,"[[77]
 [82]
 [48]
 [52]
 [56]
 [57]
 [57]
 [52]
 [66]]",3,1,glioma,1,1.1706424959815383e-06,0.9999988079071045,3.244172293997982e-08,1,2.231288704379608e-05,0.9998870094617208,9.072165570008413e-05
988,"[[77]
 [82]
 [48]
 [52]
 [56]
 [57]
 [57]
 [52]
 [66]]",3,1,glioma,1,9.28294343261841e-06,0.9999905029932658,2.3413744357445956e-07,1,3.7363284113763515e-06,0.9999873240788778,8.881099591443823e-06
989,"[[57]
 [55]
 [57]
 [52]
 [51]]",1,0,meningioma,0,0.8465149601300558,0.1387021765112877,0.01478287298232317,0,0.7153521776199341,0.22797813592478633,0.05666971548149983
990,"[[77]
 [82]
 [48]
 [52]
 [56]
 [57]
 [57]
 [52]
 [66]]",3,1,glioma,1,1.2943065620033925e-05,0.9999868869781494,1.4227572614720443e-07,1,2.0389694504972336e-06,0.9999947945276896,3.2125947847146583e-06
991,"[[77]
 [82]
 [48]
 [52]
 [56]
 [57]
 [57]
 [52]
 [66]]",3,1,glioma,1,8.167148585365898e-05,0.999918003877004,3.29234449564809e-07,1,1.0272580825816523e-07,0.9999999205271403,1.2794619448988631e-08
992,"[[77]
 [82]
 [48]
 [52]
 [56]
 [57]
 [57]
 [52]
 [66]]",3,1,glioma,1,0.0016033845413782426,0.9983945886294047,2.073564284281922e-06,1,0.00026965006444849376,0.9997300108273824,3.472133975150153e-07
993,"[[77]
 [82]
 [48]
 [52]
 [56]
 [57]
 [52]
 [52]
 [66]]",1,1,glioma,1,2.4851070368943812e-05,0.9999730587005615,2.1283009724963145e-06,1,1.8609013781774783e-07,0.9999712308247884,2.85797308266685e-05
994,"[[77]
 [82]
 [48]
 [52]
 [56]
 [57]
 [52]
 [52]
 [66]]",1,1,glioma,1,1.1632975504956752e-05,0.9999860525131226,2.3300141265281127e-06,1,1.8891951414357067e-07,0.9998502532641093,0.00014956428550287151
995,"[[77]
 [82]
 [48]
 [52]
 [56]
 [57]
 [52]
 [52]
 [66]]",1,1,glioma,1,5.379825415730011e-05,0.9999450445175171,1.1364344061348675e-06,1,0.00010393733767462739,0.9995776017506918,0.00031839740707558423
996,"[[77]
 [82]
 [48]
 [52]
 [56]
 [57]
 [52]
 [52]
 [66]]",1,1,glioma,1,1.677449298161567e-05,0.9999819993972778,1.2307786339723255e-06,1,0.0011372202061465941,0.998405396938324,0.00045737044153308187
997,"[[77]
 [82]
 [48]
 [52]
 [56]
 [57]
 [52]
 [52]
 [66]]",1,1,glioma,1,7.309477041417267e-06,0.999992569287618,1.427753151261868e-07,1,7.71550491360055e-05,0.9953773816426595,0.004545472759976595
998,"[[77]
 [82]
 [48]
 [52]
 [56]
 [57]
 [52]
 [52]
 [66]]",1,1,glioma,1,1.3735883612753241e-06,0.9999983708063761,2.745998865331482e-07,1,7.2407731890762146e-09,0.9999995231628418,4.882117659033014e-07
999,"[[77]
 [82]
 [48]
 [52]
 [57]
 [51]
 [53]
 [56]]",2,1,glioma,1,0.20018569131692251,0.6015692353248596,0.1982450634241104,1,0.02023474600476523,0.9675434629122416,0.01222180031860868
1000,"[[49]
 [48]
 [49]
 [49]
 [50]
 [55]]",1,0,meningioma,0,0.5406432449817657,0.018657697985569637,0.44069904088974,2,0.04728748338917891,0.05166244708622495,0.90105007092158
1001,"[[57]
 [55]
 [57]
 [52]
 [51]]",1,0,meningioma,0,0.7373397747675577,0.23646719257036844,0.026193044769267242,0,0.7391342918078104,0.25493274194498855,0.005932947892385225
1002,"[[77]
 [82]
 [48]
 [52]
 [57]
 [51]
 [53]
 [56]]",2,1,glioma,1,0.047584510718782745,0.949325680732727,0.00308977502087752,1,0.015721708070486784,0.914530078570048,0.06974821165204048
1003,"[[77]
 [82]
 [48]
 [52]
 [57]
 [51]
 [53]
 [56]]",2,1,glioma,1,0.023200337775051594,0.9600406289100647,0.016759030520915985,1,0.0009566454197435329,0.9977428515752157,0.0013004969029376905
1004,"[[77]
 [82]
 [48]
 [52]
 [57]
 [51]
 [53]
 [56]]",2,1,glioma,1,5.1870529205189086e-05,0.9999239047368368,2.425255456728337e-05,1,0.0007615512780224284,0.9989238977432251,0.00031454834000517923
1005,"[[77]
 [82]
 [48]
 [52]
 [57]
 [51]
 [53]
 [56]]",2,1,glioma,1,1.959159916016991e-05,0.9999713102976481,9.038001811253102e-06,1,3.1460760235783404e-05,0.9999134540557861,5.507480454980396e-05
1006,"[[77]
 [82]
 [48]
 [52]
 [57]
 [51]
 [53]
 [56]]",2,1,glioma,1,4.8077885139719e-06,0.9999886353810629,6.635123857752963e-06,1,5.428111956007342e-05,0.9998332262039185,0.00011245659576767746
1007,"[[77]
 [82]
 [48]
 [52]
 [57]
 [51]
 [53]
 [56]]",2,1,glioma,1,1.717984597841375e-05,0.9999788204828898,4.010253993177078e-06,1,0.0004006834872901284,0.9994355241457621,0.00016381547902710736
1008,"[[77]
 [82]
 [48]
 [52]
 [57]
 [51]
 [53]
 [56]]",2,1,glioma,1,4.808328450659853e-06,0.9999950329462687,1.62771901438911e-07,1,6.207747393697598e-05,0.9999338785807291,4.063150906101025e-06
1009,"[[77]
 [82]
 [48]
 [52]
 [57]
 [51]
 [53]
 [56]]",2,1,glioma,1,7.854359523662424e-06,0.9999920129776001,8.708443921534581e-08,1,9.450293475765648e-06,0.9999902645746866,2.8306966252481896e-07
1010,"[[77]
 [82]
 [48]
 [52]
 [57]
 [51]
 [53]
 [56]]",2,1,glioma,1,1.0653454864950618e-05,0.9999886751174927,6.53348493528938e-07,1,0.008216656133299693,0.991691788037618,9.151607324990134e-05
1011,"[[77]
 [82]
 [48]
 [52]
 [57]
 [49]
 [48]
 [52]
 [66]]",4,1,glioma,1,0.0002657346970712145,0.9987663825352987,0.0009678677500536045,1,5.201784161101841e-05,0.9996115962664286,0.0003363673434553978
1012,"[[57]
 [55]
 [57]
 [52]
 [51]]",1,0,meningioma,1,0.4862051109472911,0.5032271146774292,0.010567786016811928,0,0.7670813202857971,0.16050598801424107,0.07241270178928971
1013,"[[77]
 [82]
 [48]
 [52]
 [57]
 [49]
 [48]
 [52]
 [66]]",4,1,glioma,1,0.0005780898209195584,0.9980958501497904,0.0013260480773169547,1,6.47598758263257e-06,0.9997730453809103,0.000220456906996939
1014,"[[77]
 [82]
 [48]
 [52]
 [57]
 [49]
 [48]
 [52]
 [66]]",4,1,glioma,1,5.7063563872361556e-05,0.9996838768323263,0.00025904482026817277,1,2.742892415123303e-05,0.9997046589851379,0.000267910416975307
1015,"[[77]
 [82]
 [48]
 [52]
 [57]
 [49]
 [48]
 [52]
 [66]]",4,1,glioma,1,1.850480081581433e-05,0.9992266297340393,0.0007548925641458482,1,5.818101974123617e-06,0.9998514652252197,0.0001427263190028801
1016,"[[77]
 [82]
 [48]
 [52]
 [57]
 [49]
 [48]
 [52]
 [66]]",4,1,glioma,1,1.8895599964707799e-06,0.9998257557551066,0.00017233141746449596,1,7.843641860461048e-07,0.9956826567649841,0.004316546983318403
1017,"[[77]
 [82]
 [48]
 [52]
 [57]
 [52]
 [53]
 [51]]",1,1,glioma,1,1.991371518887212e-07,0.9999991655349731,6.642198440154345e-07,1,1.6898140291210506e-07,0.9999925295511881,7.328427787722802e-06
1018,"[[77]
 [82]
 [48]
 [52]
 [57]
 [52]
 [53]
 [51]]",1,1,glioma,1,8.301469610690523e-06,0.9999862909317017,5.4254856536317675e-06,1,2.686252994725293e-08,0.9999849001566569,1.5075828017222884e-05
1019,"[[77]
 [82]
 [48]
 [52]
 [57]
 [52]
 [53]
 [51]]",1,1,glioma,1,3.7968402466503903e-06,0.9999912977218628,4.879238038787055e-06,1,4.420409295176804e-07,0.9999994436899821,1.076958485839626e-07
1020,"[[77]
 [82]
 [48]
 [52]
 [57]
 [52]
 [53]
 [51]]",1,1,glioma,1,1.6445430273866652e-06,0.9999983708063761,2.5496129355910096e-08,1,9.520106450130092e-06,0.9999902248382568,2.41242123423524e-07
1021,"[[77]
 [82]
 [48]
 [52]
 [57]
 [52]
 [53]
 [51]]",1,1,glioma,1,7.426455989426964e-07,0.9999992450078329,2.31479071743923e-08,1,3.288313477393482e-05,0.9999670187632242,1.1672924535531075e-07
1022,"[[77]
 [82]
 [48]
 [52]
 [57]
 [52]
 [53]
 [51]]",1,1,glioma,1,4.271090707182641e-06,0.9999956687291464,6.288328687394558e-08,1,7.436006641607189e-05,0.999925414721171,2.205976860810329e-07
1023,"[[57]
 [56]
 [50]
 [52]
 [49]]",1,0,meningioma,0,0.8237552841504415,0.1751696119705836,0.0010750928243699793,0,0.9485615491867065,0.028250320504109066,0.023188132792711258
1024,"[[77]
 [82]
 [48]
 [52]
 [57]
 [52]
 [53]
 [51]]",1,1,glioma,1,1.2350979280502846e-05,0.9999875624974569,9.514494518173915e-08,1,3.7292023177815103e-07,0.9999994436899821,1.604184462628e-07
1025,"[[77]
 [82]
 [48]
 [50]
 [52]
 [55]
 [56]
 [48]
 [71]]",4,1,glioma,2,0.06984299048781395,0.37756097813447315,0.5525960425535837,1,0.17846751771867275,0.7968797187010447,0.024652703044315178
1026,"[[77]
 [82]
 [48]
 [50]
 [52]
 [55]
 [56]
 [48]
 [71]]",4,1,glioma,1,0.002263497095555067,0.9790870348612467,0.01864948581593732,1,0.0008034106237270559,0.9917713602383932,0.007425213504272203
1027,"[[77]
 [82]
 [48]
 [50]
 [52]
 [55]
 [56]
 [48]
 [71]]",4,1,glioma,1,9.129923010201917e-08,0.9999994436899821,4.2106316774000635e-07,1,6.588036710608591e-08,0.9999996026357015,3.3663175713627425e-07
1028,"[[77]
 [82]
 [48]
 [50]
 [52]
 [55]
 [56]
 [48]
 [71]]",4,1,glioma,1,6.755684160234902e-09,1.0,1.548611960888735e-09,1,9.40085204644466e-07,0.999998927116394,1.845164874225702e-07
1029,"[[77]
 [82]
 [48]
 [50]
 [52]
 [55]
 [56]
 [48]
 [71]]",4,1,glioma,1,1.1978890294509861e-07,0.9999996423721313,2.0479066857130115e-07,1,5.7800139026860835e-09,0.9999999602635702,4.7958955288566564e-08
1030,"[[77]
 [82]
 [48]
 [50]
 [52]
 [55]
 [56]
 [48]
 [71]]",4,1,glioma,1,5.966214189356833e-07,0.9999993244806925,1.476242304695082e-07,1,1.0741721421299293e-10,1.0,2.1366611489363288e-09
1031,"[[77]
 [82]
 [48]
 [50]
 [52]
 [55]
 [56]
 [48]
 [71]]",4,1,glioma,1,2.707802527387078e-07,0.9999995628992716,1.5286592406719515e-07,1,2.5751029000916723e-12,1.0,5.024046471092484e-11
1032,"[[77]
 [82]
 [48]
 [50]
 [52]
 [55]
 [56]
 [48]
 [71]]",4,1,glioma,1,1.029035577933731e-05,0.99998939037323,3.2087829637816867e-07,1,2.8324796105238157e-09,1.0,5.645098694051498e-10
1033,"[[77]
 [82]
 [48]
 [50]
 [52]
 [55]
 [56]
 [48]
 [71]]",4,1,glioma,1,1.3003838754836275e-05,0.9988306164741516,0.0011563805007123544,1,0.00010828025400163217,0.9998675187428793,2.4223791418383673e-05
1034,"[[57]
 [56]
 [50]
 [52]
 [49]]",1,0,meningioma,0,0.953903059164683,0.04559377549837033,0.0005031853094502973,0,0.6029838224252065,0.27854999403158825,0.1184661624332269
1035,"[[77]
 [82]
 [48]
 [50]
 [52]
 [55]
 [56]
 [48]
 [71]]",4,1,glioma,1,2.1015874551721936e-07,0.9999780257542928,2.1731988757286064e-05,1,3.869089307310484e-06,0.9981226325035095,0.0018734887902004023
1036,"[[77]
 [82]
 [48]
 [50]
 [52]
 [55]
 [56]
 [48]
 [71]]",4,1,glioma,1,1.1220425477631579e-07,0.9999953111012777,4.619333973702548e-06,1,1.8259143974574954e-08,0.9999994039535522,5.847236768848537e-07
1037,"[[77]
 [82]
 [48]
 [50]
 [52]
 [55]
 [56]
 [48]
 [71]]",4,1,glioma,1,5.721474731027835e-08,0.9999942382176717,5.709209517590352e-06,1,1.2086360867691326e-07,0.9999856948852539,1.4174156603985466e-05
1038,"[[77]
 [82]
 [48]
 [50]
 [52]
 [55]
 [56]
 [48]
 [71]]",4,1,glioma,1,8.086106717541952e-08,0.9999922116597494,7.710628627440505e-06,1,4.123377032409318e-08,0.9999833504358927,1.6602001172335196e-05
1039,"[[77]
 [82]
 [48]
 [50]
 [52]
 [55]
 [56]
 [48]
 [71]]",4,1,glioma,1,1.4425232090313025e-07,0.9999946753184,5.232456108691015e-06,1,0.00012145905649655712,0.9976153373718262,0.002263153864381214
1040,"[[77]
 [82]
 [48]
 [50]
 [52]
 [55]
 [56]
 [48]
 [71]]",4,1,glioma,1,2.3743892067310903e-06,0.9999645551045736,3.305392359228184e-05,1,0.0007350157454008391,0.9978661934534708,0.0013987769295151036
1041,"[[77]
 [82]
 [48]
 [50]
 [52]
 [55]
 [56]
 [48]
 [71]]",4,1,glioma,1,3.3385579456535197e-07,0.9999983708063761,1.3084567266711626e-06,1,6.528138860595334e-07,0.9999986886978149,6.608758032674208e-07
1042,"[[77]
 [82]
 [48]
 [52]
 [57]
 [52]
 [53]
 [51]
 [66]]",2,1,glioma,1,3.4245149294065413e-07,0.9999683300654093,3.1322895855131115e-05,1,1.617119688527661e-06,0.9999243418375651,7.404829617977764e-05
1043,"[[77]
 [82]
 [48]
 [52]
 [57]
 [52]
 [53]
 [51]
 [66]]",2,1,glioma,1,1.5475905830915812e-07,0.9999994039535522,4.242898559899307e-07,1,0.00011212332174181938,0.999704897403717,0.00018302022848123065
1044,"[[77]
 [82]
 [48]
 [52]
 [57]
 [52]
 [53]
 [51]
 [66]]",2,1,glioma,1,2.6925448004533337e-07,0.9999972979227701,2.505040573197448e-06,1,8.788508940445658e-06,0.9999855359395345,5.752979025904399e-06
1045,"[[57]
 [56]
 [50]
 [52]
 [49]]",1,0,meningioma,0,0.9717375834782919,0.02738266671076417,0.0008797608995034049,0,0.9964151779810587,0.0034139869967475533,0.0001708432037048624
1046,"[[77]
 [82]
 [48]
 [52]
 [57]
 [52]
 [53]
 [51]
 [66]]",2,1,glioma,1,1.1421355801862394e-07,0.9999996026357015,3.193959792942754e-07,1,3.231869883772257e-05,0.9999624490737915,5.209513043761642e-06
1047,"[[77]
 [82]
 [48]
 [52]
 [57]
 [52]
 [53]
 [51]
 [66]]",2,1,glioma,1,3.280444294280945e-06,0.9999962250391642,5.08691888020015e-07,1,1.4300434808471133e-05,0.9999760389328003,9.68512055502894e-06
1048,"[[77]
 [82]
 [48]
 [52]
 [57]
 [52]
 [53]
 [51]
 [66]]",2,1,glioma,1,2.8234005071681167e-06,0.9999955097834269,1.6698600120435003e-06,1,4.531349475200841e-06,0.9999863704045614,9.116139153775293e-06
1049,"[[77]
 [82]
 [48]
 [52]
 [57]
 [52]
 [53]
 [51]
 [66]]",2,1,glioma,1,1.366299092827224e-06,0.999998132387797,5.200242216100529e-07,1,7.691006130572386e-10,1.0,4.328915004236933e-09
1050,"[[77]
 [82]
 [48]
 [52]
 [57]
 [52]
 [53]
 [51]
 [66]]",2,1,glioma,1,9.132556291054547e-06,0.9999887943267822,2.0764013394606686e-06,1,7.228668865456404e-09,1.0,1.966681240084256e-08
1051,"[[77]
 [82]
 [48]
 [52]
 [56]
 [50]
 [57]
 [52]
 [66]]",4,1,glioma,1,1.3074522560903763e-06,0.9999756415685018,2.3039826070695806e-05,1,3.2974812880226523e-09,0.9999997218449911,2.908740910356755e-07
1052,"[[77]
 [82]
 [48]
 [52]
 [56]
 [50]
 [57]
 [52]
 [66]]",4,1,glioma,1,2.6930205952642914e-06,0.9999945163726807,2.8029155222005406e-06,1,3.2364132633115145e-07,0.9999943971633911,5.28652503817284e-06
1053,"[[77]
 [82]
 [48]
 [52]
 [56]
 [50]
 [57]
 [52]
 [66]]",4,1,glioma,1,1.0265222627481307e-07,0.9999997218449911,2.1570766269481587e-07,1,3.9466463478780395e-07,0.9999992450078329,3.7087862854908355e-07
1054,"[[77]
 [82]
 [48]
 [52]
 [56]
 [54]
 [50]
 [49]
 [66]]",0,1,glioma,1,0.29933569331963855,0.646334191163381,0.05433010744551817,0,0.4381411174933116,0.4078920433918635,0.1539668415983518
1055,"[[77]
 [82]
 [48]
 [52]
 [56]
 [54]
 [50]
 [49]
 [66]]",0,1,glioma,1,0.22391948600610098,0.46611925959587097,0.30996126184860867,1,0.422790785630544,0.5202527046203613,0.05695650726556778
1056,"[[57]
 [56]
 [50]
 [52]
 [49]]",1,0,meningioma,0,0.9928057392438253,0.00427097004527847,0.002923287800513208,0,0.982093075911204,0.015314071128765741,0.0025928541144821793
1057,"[[77]
 [82]
 [48]
 [53]
 [48]
 [49]
 [51]
 [53]
 [66]]",3,1,glioma,1,0.042477574781514704,0.8980777462323507,0.05944464161681632,1,0.007774354909391453,0.9917522867520651,0.0004733840335878388
1058,"[[77]
 [82]
 [48]
 [53]
 [48]
 [49]
 [51]
 [53]
 [66]]",3,1,glioma,1,0.00019690743770676514,0.9994301795959473,0.0003729148911588709,1,0.0002709783069955544,0.9997195402781168,9.451899776043623e-06
1059,"[[77]
 [82]
 [48]
 [53]
 [48]
 [49]
 [51]
 [53]
 [66]]",3,1,glioma,1,4.815167303491836e-07,0.9999995231628418,7.927909424402906e-09,1,4.350790209078914e-07,0.9999995628992716,2.740743218487829e-08
1060,"[[77]
 [82]
 [48]
 [53]
 [48]
 [49]
 [51]
 [53]
 [66]]",3,1,glioma,1,9.317472436679945e-05,0.999906321366628,5.451236060975232e-07,1,3.889842062193098e-07,0.9999996026357015,9.116327632600433e-09
1061,"[[77]
 [82]
 [48]
 [53]
 [48]
 [49]
 [51]
 [53]
 [66]]",3,1,glioma,1,0.0003487763910546467,0.9996411204338074,1.0131674206566762e-05,1,2.2950420201321247e-05,0.9999764362970988,6.385824013281175e-07
1062,"[[77]
 [82]
 [48]
 [53]
 [48]
 [49]
 [51]
 [53]
 [66]]",3,1,glioma,1,9.917429681927104e-05,0.9999006787935892,1.4757299322415893e-07,1,2.2982350352288943e-05,0.9999769528706869,4.3609704884299085e-08
1063,"[[77]
 [82]
 [48]
 [53]
 [48]
 [49]
 [51]
 [53]
 [66]]",3,1,glioma,1,1.9380719158042698e-05,0.9999141097068787,6.648435521583451e-05,1,1.2630706614539614e-05,0.999940554300944,4.6821560620931756e-05
1064,"[[77]
 [82]
 [48]
 [53]
 [48]
 [49]
 [51]
 [53]
 [66]]",3,1,glioma,1,1.7172855988903505e-06,0.9999905029932658,7.782511683984694e-06,1,2.492535450075254e-06,0.9999810457229614,1.643955790579336e-05
1065,"[[77]
 [82]
 [48]
 [53]
 [48]
 [49]
 [51]
 [53]
 [66]]",3,1,glioma,1,4.312601256254804e-06,0.999988317489624,7.4013839146402916e-06,1,1.2189226254640435e-06,0.9999899864196777,8.817897068524871e-06
1066,"[[77]
 [82]
 [48]
 [53]
 [48]
 [49]
 [51]
 [53]
 [66]]",3,1,glioma,1,3.999731549721164e-06,0.9999953508377075,6.577903712325547e-07,1,1.3389885777185622e-06,0.9999973773956299,1.2446080930317294e-06
1067,"[[57]
 [56]
 [50]
 [52]
 [49]]",1,0,meningioma,0,0.9991686542828878,0.0007075822456196571,0.0001237451178894844,0,0.9988548954327902,0.0009897542501372907,0.00015534550190447285
1068,"[[77]
 [82]
 [48]
 [53]
 [48]
 [49]
 [51]
 [53]
 [66]]",3,1,glioma,1,1.3880628476570234e-05,0.999984860420227,1.2238771864847564e-06,1,3.0863210378484496e-06,0.9999965031941732,4.1176062263540797e-07
1069,"[[77]
 [82]
 [48]
 [53]
 [48]
 [49]
 [51]
 [53]
 [66]]",3,1,glioma,1,7.086796983963676e-06,0.9999920129776001,8.930914047351283e-07,1,3.391523969753507e-05,0.9999659856160482,1.35519061842763e-07
1070,"[[77]
 [82]
 [48]
 [53]
 [48]
 [49]
 [51]
 [53]
 [66]]",3,1,glioma,1,1.2490426882396747e-05,0.9999869267145792,5.869304171522242e-07,1,0.007184610944629337,0.9927294850349426,8.590691322751809e-05
1071,"[[77]
 [82]
 [48]
 [53]
 [48]
 [49]
 [51]
 [53]
 [66]]",3,1,glioma,1,9.878307872027842e-06,0.9999900658925375,2.9159878141293578e-08,1,8.974130241767853e-05,0.9998948574066162,1.5384313883259892e-05
1072,"[[77]
 [82]
 [48]
 [53]
 [48]
 [54]
 [56]
 [55]]",3,1,glioma,1,0.0952207730539764,0.9031054178873698,0.0016738251542089226,1,0.11955540130535762,0.8802977403004965,0.0001468129485147074
1073,"[[77]
 [82]
 [48]
 [53]
 [48]
 [54]
 [56]
 [55]]",3,1,glioma,1,0.45641086623072624,0.5325395166873932,0.011049630023383846,1,0.14107354978720346,0.8116075793902079,0.04731886414811015
1074,"[[77]
 [82]
 [48]
 [53]
 [48]
 [54]
 [56]
 [55]]",3,1,glioma,1,0.30841782689094543,0.6859564483165741,0.005625715556864937,1,0.051564739706615605,0.9473329782485962,0.0011022699861011158
1075,"[[77]
 [82]
 [48]
 [53]
 [48]
 [54]
 [56]
 [55]]",3,1,glioma,1,0.3402630090713501,0.6549545129140218,0.004782462220949431,1,0.13434712837139764,0.8652707735697428,0.0003820712202771877
1076,"[[77]
 [82]
 [48]
 [53]
 [48]
 [54]
 [56]
 [55]]",3,1,glioma,1,0.09364792937412858,0.9055203795433044,0.0008316837380940948,1,0.05999619451661905,0.9395558834075928,0.00044791699474444613
1077,"[[77]
 [82]
 [48]
 [53]
 [48]
 [54]
 [56]
 [55]]",3,1,glioma,1,0.295965239405632,0.7039658526579539,6.889839573413307e-05,1,0.003310130021418445,0.9966627955436707,2.69977478334719e-05
1078,"[[57]
 [56]
 [50]
 [52]
 [49]]",1,0,meningioma,0,0.9985215067863464,0.0014748196917935275,3.6355215182008274e-06,0,0.995328962802887,0.0046666184268057504,4.46999267467163e-06
1079,"[[77]
 [82]
 [48]
 [53]
 [48]
 [54]
 [56]
 [55]]",3,1,glioma,1,0.18883929525812468,0.8110675017038981,9.319320972167588e-05,1,0.04657768830657005,0.9526467323303223,0.0007755516465598097
1080,"[[77]
 [82]
 [48]
 [53]
 [48]
 [54]
 [56]
 [55]]",3,1,glioma,0,0.5852108597755432,0.4145946701367696,0.0001944874112875065,1,0.01933238181906442,0.980631411075592,3.622767129248435e-05
1081,"[[77]
 [82]
 [48]
 [53]
 [48]
 [54]
 [56]
 [55]]",3,1,glioma,0,0.7745330135027567,0.22534112632274628,0.00012586519576037367,1,0.053831450059078634,0.9461225668589274,4.599186286213808e-05
1082,"[[77]
 [82]
 [48]
 [53]
 [48]
 [54]
 [56]
 [55]]",3,1,glioma,1,0.41648246844609577,0.5834694703420004,4.805478451430645e-05,1,0.25885845224062604,0.7406392494837443,0.0005022914386548413
1083,"[[77]
 [82]
 [48]
 [53]
 [48]
 [55]
 [57]
 [49]
 [66]]",4,1,glioma,1,0.09630671391884486,0.8939406474431356,0.009752666985150427,1,0.46636807918548584,0.5277633468310038,0.005868611546854178
1084,"[[77]
 [82]
 [48]
 [53]
 [48]
 [55]
 [57]
 [49]
 [66]]",4,1,glioma,1,0.043145839124917984,0.9527787367502848,0.004075503655864547,1,0.05318452386806408,0.946740965048472,7.452633750896591e-05
1085,"[[77]
 [82]
 [48]
 [53]
 [48]
 [55]
 [57]
 [49]
 [66]]",4,1,glioma,1,0.27340735991795856,0.6830335855484009,0.04355909892668327,1,0.14473500971992811,0.8512499531110128,0.0040150224037157995
1086,"[[77]
 [82]
 [48]
 [53]
 [48]
 [55]
 [57]
 [49]
 [66]]",4,1,glioma,1,0.00128114057588391,0.9983293215433756,0.00038954523067028884,1,0.12695599223176637,0.8013377885023752,0.07170621336748202
1087,"[[77]
 [82]
 [48]
 [53]
 [48]
 [55]
 [57]
 [49]
 [66]]",4,1,glioma,1,0.0013411153534737725,0.9978405634562174,0.0008182760454171026,1,0.06780040108909209,0.9301645755767822,0.0020350093982415274
1088,"[[77]
 [82]
 [48]
 [53]
 [48]
 [55]
 [57]
 [49]
 [66]]",4,1,glioma,1,0.01738042353341977,0.9788949092229208,0.003724618504444758,1,0.03263307921588421,0.9673345486323038,3.2383160335787885e-05
1089,"[[57]
 [57]
 [48]
 [49]
 [55]]",0,0,meningioma,2,0.17181921129425368,0.0088022315952306,0.8193786144256592,0,0.6046885550022125,0.26391956706841785,0.1313918928305308
1090,"[[77]
 [82]
 [48]
 [53]
 [48]
 [55]
 [57]
 [49]
 [66]]",4,1,glioma,1,0.000507432307737569,0.9984620610872904,0.0010304692744587858,1,6.726618221364333e-05,0.9999276002248129,5.1242388998673505e-06
1091,"[[77]
 [82]
 [48]
 [53]
 [48]
 [55]
 [57]
 [49]
 [66]]",4,1,glioma,1,0.0004279998829588294,0.9992354114850363,0.00033659964295414585,1,0.009928422320323685,0.9806226293245951,0.009448938149337968
1092,"[[77]
 [82]
 [48]
 [53]
 [48]
 [55]
 [57]
 [49]
 [66]]",4,1,glioma,1,0.12395905454953511,0.8753912846247355,0.0006496220788297554,1,0.009659546000572542,0.9901126424471537,0.00022780045886368802
1093,"[[77]
 [82]
 [48]
 [53]
 [48]
 [55]
 [57]
 [49]
 [66]]",4,1,glioma,1,0.03731381815547744,0.9621989329655966,0.0004872299808387955,1,0.010784635950888818,0.9892013669013977,1.4008083780936431e-05
1094,"[[77]
 [82]
 [48]
 [52]
 [57]
 [48]
 [49]
 [57]
 [67]]",4,1,glioma,1,0.0010297034944718082,0.9987945159276327,0.0001757397015656655,1,9.44216916802058e-05,0.9989976485570272,0.0009079481139148508
1095,"[[77]
 [82]
 [48]
 [52]
 [57]
 [48]
 [49]
 [57]
 [67]]",4,1,glioma,1,0.013311585721870264,0.9864037831624349,0.00028463952185120434,1,0.0004849387375240137,0.9993613958358765,0.00015369881490793583
1096,"[[77]
 [82]
 [48]
 [52]
 [57]
 [48]
 [49]
 [57]
 [67]]",4,1,glioma,1,0.07687830552458763,0.9227141737937927,0.0004074922762811184,1,0.0010803061535019272,0.99887482325236,4.487694635220881e-05
1097,"[[77]
 [82]
 [48]
 [50]
 [54]
 [49]
 [55]
 [53]
 [67]]",4,1,glioma,1,0.017080614653726418,0.8607969085375468,0.12212249434863527,1,0.01855310072035839,0.9550872643788656,0.02635963385303815
1098,"[[77]
 [82]
 [48]
 [50]
 [54]
 [49]
 [55]
 [53]
 [67]]",4,1,glioma,1,6.186998628739578e-05,0.9997422695159912,0.0001958594802999869,1,0.001504029026060986,0.998313844203949,0.00018213727677599914
1099,"[[77]
 [82]
 [48]
 [50]
 [54]
 [49]
 [55]
 [53]
 [67]]",4,1,glioma,1,6.153316955230063e-07,0.9999993642171224,3.5224047974698656e-08,1,7.786304788333828e-07,0.9999855756759644,1.3647599189425819e-05
1100,"[[57]
 [57]
 [48]
 [49]
 [55]]",0,0,meningioma,2,0.09995496521393459,0.004292427057710786,0.8957525889078776,0,0.8074501752853394,0.023405604374905426,0.16914420823256174
1101,"[[77]
 [82]
 [48]
 [50]
 [54]
 [49]
 [55]
 [53]
 [67]]",4,1,glioma,1,1.395381142780631e-06,0.9999896287918091,8.947564310801681e-06,1,4.735941373231375e-05,0.999870777130127,8.180694324740519e-05
1102,"[[77]
 [82]
 [48]
 [50]
 [54]
 [49]
 [55]
 [53]
 [67]]",4,1,glioma,1,4.3123241084686015e-06,0.9998546640078226,0.00014097191888140514,1,1.035570232943428e-05,0.9999071756998698,8.244531636592001e-05
1103,"[[77]
 [82]
 [48]
 [50]
 [54]
 [49]
 [55]
 [53]
 [67]]",4,1,glioma,1,4.52259011278026e-07,0.9999963045120239,3.2721741263230797e-06,1,3.0372471648831834e-08,0.9999976555506388,2.372422234960444e-06
1104,"[[77]
 [82]
 [48]
 [50]
 [54]
 [49]
 [55]
 [53]
 [67]]",4,1,glioma,1,0.00016589996327335635,0.9997770587603251,5.7027016130935713e-05,1,1.5373368474532374e-06,0.9999948740005493,3.5915238640882308e-06
1105,"[[77]
 [82]
 [48]
 [50]
 [54]
 [49]
 [55]
 [53]
 [67]]",4,1,glioma,1,1.3175252964477599e-05,0.9999842246373495,2.6039904620726397e-06,1,2.8062772950458264e-05,0.9999561707178751,1.5754412591680495e-05
1106,"[[77]
 [82]
 [48]
 [50]
 [54]
 [49]
 [55]
 [53]
 [67]]",4,1,glioma,1,8.515777456826376e-06,0.9999897082646688,1.709712023512111e-06,1,0.0001786876491678413,0.9998167753219604,4.485975788763123e-06
1107,"[[77]
 [82]
 [48]
 [50]
 [54]
 [49]
 [55]
 [53]
 [67]]",4,1,glioma,1,1.0817858016783552e-08,1.0,1.4358339632999004e-10,1,1.7637170709091285e-07,0.9999998013178507,4.099593612731193e-08
1108,"[[77]
 [82]
 [48]
 [50]
 [54]
 [49]
 [55]
 [53]
 [67]]",4,1,glioma,1,2.0531057150681892e-08,1.0,1.0876676041308524e-09,1,2.5359411729652948e-05,0.9997922579447428,0.00018241479665448423
1109,"[[77]
 [82]
 [48]
 [53]
 [49]
 [52]
 [54]
 [49]]",2,1,glioma,1,1.7016965709141612e-05,0.999982992808024,4.846400747382518e-08,1,2.30992300013592e-05,0.9999768336613973,2.8530058722905e-08
1110,"[[77]
 [82]
 [48]
 [53]
 [49]
 [52]
 [54]
 [49]]",2,1,glioma,1,1.0520248338252713e-05,0.9999894698460897,1.8207442146570923e-08,1,1.3913887200918869e-06,0.9999985694885254,3.154205918676212e-08
1111,"[[49]
 [48]
 [48]
 [51]
 [54]
 [48]]",2,0,meningioma,0,0.5236235658327738,0.3241279323895772,0.1522484595576922,2,0.45518823464711505,0.08199889337023099,0.462812880674998
1112,"[[49]
 [48]
 [49]
 [55]
 [57]
 [55]]",3,0,meningioma,0,0.6040530800819397,0.39017149806022644,0.0057754318113438785,0,0.624444435040156,0.3754033048947652,0.00015226744289975613
1113,"[[57]
 [57]
 [48]
 [56]
 [57]]",0,0,meningioma,0,0.7859365145365397,0.21245207637548447,0.0016114282965039213,0,0.972669800122579,0.021339894893268745,0.005990334864084919
1114,"[[77]
 [82]
 [48]
 [53]
 [49]
 [52]
 [54]
 [49]]",2,1,glioma,1,5.490725565474956e-06,0.9999945163726807,3.238355924158517e-08,1,6.386703777631435e-05,0.9999341567357382,1.9677621215426675e-06
1115,"[[77]
 [82]
 [48]
 [53]
 [49]
 [52]
 [54]
 [49]]",2,1,glioma,1,0.00014086819282965735,0.9998586376508077,4.641999685380445e-07,1,8.402853286071377e-06,0.9999874432881674,4.194000439383672e-06
1116,"[[77]
 [82]
 [48]
 [53]
 [49]
 [52]
 [54]
 [49]]",2,1,glioma,1,7.592449492221931e-06,0.9999923706054688,3.528221285501824e-08,1,1.7637351265401928e-06,0.9999963442484537,1.903550241877383e-06
1117,"[[77]
 [82]
 [48]
 [53]
 [49]
 [52]
 [54]
 [49]]",2,1,glioma,1,0.00017438076611142606,0.9998250007629395,6.336217239777397e-07,1,6.344351920206659e-08,0.9999998410542806,1.2398593825698376e-07
1118,"[[77]
 [82]
 [48]
 [53]
 [49]
 [52]
 [54]
 [49]]",2,1,glioma,1,7.209828982013278e-05,0.9999277194341024,1.7366992051866723e-07,1,2.127399123646086e-08,1.0,6.409531960738235e-09
1119,"[[77]
 [82]
 [48]
 [53]
 [49]
 [53]
 [56]
 [54]]",1,1,glioma,1,5.6071030966424e-07,0.9999986092249552,8.356132655447842e-07,1,2.5453333927505373e-06,0.9999901056289673,7.3317201997880055e-06
1120,"[[77]
 [82]
 [48]
 [53]
 [49]
 [53]
 [56]
 [54]]",1,1,glioma,1,1.7856777354552378e-06,0.9999969402949015,1.2590967379821905e-06,1,7.512134361092881e-07,0.9999947945276896,4.472251729836785e-06
1121,"[[77]
 [82]
 [48]
 [53]
 [49]
 [53]
 [56]
 [54]]",1,1,glioma,1,1.215109638093755e-06,0.9999987681706747,3.1917091247724017e-08,1,6.976204949687981e-07,0.999998927116394,3.9236099631425003e-07
1122,"[[77]
 [82]
 [48]
 [53]
 [49]
 [53]
 [56]
 [54]]",1,1,glioma,1,2.901286260718431e-06,0.999997059504191,5.302207093752879e-08,1,6.905494579675006e-07,0.9999992847442627,1.5091029274831032e-08
1123,"[[77]
 [82]
 [48]
 [53]
 [49]
 [53]
 [56]
 [54]]",1,1,glioma,1,2.675991750796432e-05,0.9999730984369913,1.475044841455405e-07,1,1.2886087647009012e-05,0.9999831120173136,4.001692834950295e-06
1124,"[[57]
 [57]
 [48]
 [56]
 [57]]",0,0,meningioma,0,0.8998944560686747,0.09945973878105481,0.0006457808873771379,0,0.9921843806902567,0.007443976666157444,0.00037166358864245314
1125,"[[77]
 [82]
 [48]
 [53]
 [49]
 [53]
 [56]
 [54]]",1,1,glioma,1,7.973786146919792e-07,0.9999991257985433,5.301785946376647e-08,1,4.124794368938941e-05,0.9999496936798096,9.079999762888017e-06
1126,"[[77]
 [82]
 [48]
 [53]
 [49]
 [53]
 [56]
 [54]]",1,1,glioma,1,4.302791571338578e-06,0.9999953905741373,3.489753031734229e-07,1,1.349912596053729e-07,0.9999998410542806,5.2313148284453596e-08
1127,"[[77]
 [82]
 [48]
 [53]
 [49]
 [52]
 [54]
 [49]
 [66]]",1,1,glioma,1,0.010100479082514843,0.9898459513982137,5.3523528246538867e-05,1,0.003454395899704347,0.6852022409439087,0.31134337931871414
1128,"[[77]
 [82]
 [48]
 [53]
 [49]
 [52]
 [54]
 [49]
 [66]]",1,1,glioma,1,0.0006631477638923874,0.9993350307146708,1.8167867305389034e-06,1,0.0014791769402412076,0.9799966613451639,0.018524157504240673
1129,"[[77]
 [82]
 [48]
 [53]
 [49]
 [52]
 [54]
 [49]
 [66]]",1,1,glioma,1,0.011350549136598906,0.9886342485745748,1.5226746730453064e-05,1,0.0003264241313445382,0.999488115310669,0.00018545642402993204
1130,"[[77]
 [82]
 [48]
 [53]
 [49]
 [52]
 [54]
 [49]
 [66]]",1,1,glioma,1,0.07101157928506534,0.928966204325358,2.2194506451948353e-05,1,0.0001859540178278015,0.9998136957486471,3.0536429177866847e-07
1131,"[[77]
 [82]
 [48]
 [53]
 [49]
 [52]
 [54]
 [49]
 [66]]",1,1,glioma,1,0.02812662348151207,0.9718721310297648,1.2857850227495267e-06,1,0.00011413594893383561,0.9998858173688253,4.3270980872497e-08
1132,"[[77]
 [82]
 [48]
 [53]
 [49]
 [54]
 [52]
 [52]]",1,1,glioma,1,0.013640987570397556,0.9862462083498637,0.00011276103759882972,1,0.19129681587219238,0.7910357713699341,0.01766743204401185
1133,"[[77]
 [82]
 [48]
 [53]
 [49]
 [54]
 [52]
 [52]]",1,1,glioma,1,0.033757608073453106,0.9656474391619364,0.0005949558568924355,1,0.21943658093611398,0.7742641965548197,0.006299209363836174
1134,"[[77]
 [82]
 [48]
 [53]
 [49]
 [54]
 [52]
 [52]]",1,1,glioma,1,0.08384575694799423,0.9151637554168701,0.0009904495818773285,0,0.5781243443489075,0.4182327687740326,0.003642865951405838
1135,"[[57]
 [57]
 [48]
 [56]
 [57]]",0,0,meningioma,0,0.5844499071439108,0.4141482462485631,0.0014018557655314605,0,0.9964070320129395,0.003569469593154887,2.3575074616625596e-05
1136,"[[77]
 [82]
 [48]
 [53]
 [49]
 [54]
 [52]
 [52]]",1,1,glioma,1,0.055321443205078445,0.9445773164431254,0.0001012585369911297,1,0.37549670537312824,0.6235774755477905,0.0009257874213896381
1137,"[[77]
 [82]
 [48]
 [53]
 [49]
 [54]
 [52]
 [52]]",1,1,glioma,1,0.10793006420135498,0.892067035039266,2.89399932521898e-06,1,0.08858633538087209,0.9108726580937704,0.0005410528125745865
1138,"[[77]
 [82]
 [48]
 [53]
 [49]
 [54]
 [52]
 [52]]",1,1,glioma,1,0.15516541649897894,0.8447645306587219,7.00306005872638e-05,1,0.0784986491004626,0.9177026152610779,0.0037987037018562355
1139,"[[77]
 [82]
 [48]
 [53]
 [49]
 [54]
 [52]
 [52]]",1,1,glioma,1,0.08330244508882363,0.9165101051330566,0.00018748428131705927,1,0.006431413348764181,0.9913320144017538,0.002236587693914771
1140,"[[77]
 [82]
 [48]
 [53]
 [49]
 [54]
 [52]
 [52]]",1,1,glioma,0,0.5295011699199677,0.4445103009541829,0.025988519346962374,0,0.7041042049725851,0.1831670900185903,0.1127287137011687
1141,"[[77]
 [82]
 [48]
 [53]
 [49]
 [54]
 [52]
 [52]]",1,1,glioma,1,0.3524913489818573,0.6361255645751953,0.011383062228560448,1,0.028159149611989658,0.9686382611592611,0.0032025986001826823
1142,"[[77]
 [82]
 [48]
 [53]
 [49]
 [54]
 [52]
 [52]]",1,1,glioma,0,0.9099292159080505,0.03856062889099121,0.05151016761859258,0,0.5212561587492625,0.46207132935523987,0.0166725234206145
1143,"[[77]
 [82]
 [48]
 [53]
 [49]
 [54]
 [52]
 [52]]",1,1,glioma,1,0.06092716256777445,0.9356456200281779,0.0034272000969698033,1,0.00885377979526917,0.9909606575965881,0.00018555257838670514
1144,"[[77]
 [82]
 [48]
 [53]
 [49]
 [54]
 [52]
 [52]]",1,1,glioma,1,0.0042343846677492065,0.9953904747962952,0.000375136451718087,1,0.1603937397400538,0.7808555960655212,0.05875068654616674
1145,"[[77]
 [82]
 [48]
 [53]
 [49]
 [54]
 [52]
 [52]]",1,1,glioma,1,0.06613106901446979,0.5539446969827017,0.3799242526292801,1,0.003184138642003139,0.9950923323631287,0.0017235165926952807
1146,"[[57]
 [57]
 [50]
 [56]
 [56]]",1,0,meningioma,0,0.7535512248675028,0.24591863403717676,0.0005301217073186611,0,0.5794335554043452,0.4204650769631068,0.00010136244721555461
1147,"[[77]
 [82]
 [48]
 [53]
 [49]
 [54]
 [52]
 [52]]",1,1,glioma,1,0.09094652657707532,0.9077005783716837,0.0013528790829392772,1,0.004078387515619397,0.9957393010457357,0.00018229960367458867
1148,"[[77]
 [82]
 [48]
 [53]
 [49]
 [54]
 [52]
 [52]]",1,1,glioma,1,0.05290976042548815,0.9466138482093811,0.00047636297676945105,1,0.11516126493612926,0.8840346336364746,0.0008041011048286842
1149,"[[77]
 [82]
 [48]
 [53]
 [49]
 [54]
 [53]
 [49]]",2,1,glioma,1,0.06311810264984767,0.936860978603363,2.0973169436426058e-05,1,0.006774563436920289,0.9931704600652059,5.4981903986117686e-05
1150,"[[77]
 [82]
 [48]
 [53]
 [49]
 [54]
 [53]
 [49]]",2,1,glioma,1,0.07988990222414334,0.920108954111735,1.1866744860829688e-06,1,0.055512633717929326,0.9444430073102316,4.429326380280448e-05
1151,"[[77]
 [82]
 [48]
 [53]
 [49]
 [54]
 [53]
 [49]]",2,1,glioma,1,0.013904346385970712,0.9860950509707133,5.417353487284041e-07,0,0.7500021457672119,0.2499293883641561,6.84376567126795e-05
1152,"[[77]
 [82]
 [48]
 [53]
 [49]
 [54]
 [53]
 [49]]",2,1,glioma,1,0.08465269580483437,0.915341297785441,6.058186954760458e-06,1,0.03206375093820194,0.9678140083948771,0.00012223297380842268
1153,"[[77]
 [82]
 [48]
 [53]
 [49]
 [54]
 [53]
 [49]]",2,1,glioma,1,0.1484216327468554,0.8515766064325968,1.788052259144024e-06,1,0.053105684307714306,0.9468423128128052,5.1961719388297446e-05
1154,"[[77]
 [82]
 [48]
 [53]
 [49]
 [54]
 [53]
 [49]]",2,1,glioma,1,0.4008046090602875,0.5991327166557312,6.266474762621026e-05,0,0.6871975560983022,0.3126867363850276,0.00011570740389288403
1155,"[[77]
 [82]
 [48]
 [53]
 [49]
 [55]
 [57]
 [54]]",4,1,glioma,1,4.594952566587077e-08,0.9999999602635702,8.103439993097558e-09,1,6.877833546544328e-05,0.9999221762021383,9.071365316989008e-06
1156,"[[77]
 [82]
 [48]
 [53]
 [49]
 [55]
 [57]
 [54]]",4,1,glioma,1,2.0239945304941406e-07,0.9999998013178507,2.860237735546889e-08,1,2.1659521335000895e-06,0.999990979830424,6.8847124718255754e-06
1157,"[[57]
 [57]
 [51]
 [48]
 [56]]",3,0,meningioma,0,0.6228066484133402,0.3768059015274048,0.0003874509828468338,0,0.9375849366188049,0.061511904932558537,0.0009031690812359253
1158,"[[77]
 [82]
 [48]
 [53]
 [49]
 [55]
 [57]
 [54]]",4,1,glioma,1,1.2875968119866836e-06,0.999998410542806,2.568573146769874e-07,1,1.6718504846728138e-08,0.9999999602635702,4.6397856963883065e-08
1159,"[[77]
 [82]
 [48]
 [53]
 [49]
 [55]
 [57]
 [54]]",4,1,glioma,1,2.0473151380429044e-05,0.9999777873357137,1.7326535726169823e-06,1,4.917360841479498e-07,0.999999205271403,3.1819957513334884e-07
1160,"[[77]
 [82]
 [48]
 [53]
 [49]
 [55]
 [57]
 [54]]",4,1,glioma,1,5.1113785957568325e-05,0.999948263168335,6.344648468825653e-07,1,0.005877061863429844,0.9941032528877258,1.969623675298256e-05
1161,"[[77]
 [82]
 [48]
 [53]
 [49]
 [55]
 [57]
 [54]]",4,1,glioma,1,9.275119312709042e-05,0.9999062418937683,9.837574369934525e-07,1,0.0006341100912929202,0.9993656277656555,2.730307648117029e-07
1162,"[[77]
 [82]
 [48]
 [53]
 [49]
 [55]
 [57]
 [54]]",4,1,glioma,1,0.004000060842372477,0.9959997534751892,2.2574388106969914e-07,1,0.0005469502793857828,0.9994520346323649,9.844313216452367e-07
1163,"[[77]
 [82]
 [48]
 [53]
 [49]
 [54]
 [53]
 [49]
 [66]]",0,1,glioma,1,0.03936973431458076,0.9591469764709473,0.0014833114206946145,1,0.008352546952664852,0.9910147786140442,0.0006326626365383466
1164,"[[77]
 [82]
 [48]
 [53]
 [49]
 [54]
 [53]
 [49]
 [66]]",0,1,glioma,1,0.06990159365038077,0.9269849260648092,0.0031134155966962376,1,0.02433369681239128,0.974033772945404,0.0016325586814976607
1165,"[[77]
 [82]
 [48]
 [53]
 [49]
 [54]
 [53]
 [49]
 [66]]",0,1,glioma,1,0.07395327960451444,0.9252284169197083,0.0008183397294487804,1,0.37914926807085675,0.6203697621822357,0.00048102820680166286
1166,"[[77]
 [82]
 [48]
 [53]
 [49]
 [54]
 [53]
 [49]
 [66]]",0,1,glioma,1,0.15601294736067453,0.8432970444361368,0.0006899815149760494,1,0.33251134554545086,0.6660121977329254,0.0014764465789388244
1167,"[[77]
 [82]
 [48]
 [53]
 [49]
 [54]
 [53]
 [49]
 [66]]",0,1,glioma,1,0.2086263820528984,0.7904393871625265,0.000934251913956056,1,0.003578800164783994,0.9933700760205587,0.0030511480290442705
1168,"[[57]
 [57]
 [51]
 [48]
 [56]]",3,0,meningioma,0,0.8414396444956461,0.15814399222532907,0.00041634760683943267,0,0.9798935055732727,0.004584686054537694,0.015521797506759564
1169,"[[77]
 [82]
 [48]
 [53]
 [49]
 [54]
 [53]
 [49]
 [66]]",0,1,glioma,1,0.22436065350969633,0.7744278311729431,0.0012115131539758295,1,0.2432247574130694,0.7530930638313293,0.0036821813167383275
1170,"[[77]
 [82]
 [48]
 [53]
 [49]
 [54]
 [52]
 [52]
 [66]]",2,1,glioma,1,3.6998178624495875e-07,0.9999992847442627,3.2656306695836673e-07,1,2.391789316602555e-07,0.9999997615814209,1.729626886159963e-08
1171,"[[77]
 [82]
 [48]
 [53]
 [49]
 [54]
 [52]
 [52]
 [66]]",2,1,glioma,1,1.1024265328766585e-06,0.9999986092249552,3.0293305049629754e-07,1,5.452151287480925e-07,0.9999994039535522,3.178615533746173e-08
1172,"[[77]
 [82]
 [48]
 [53]
 [49]
 [54]
 [52]
 [52]
 [66]]",2,1,glioma,1,8.818407604138656e-08,0.9999999205271403,7.721112180170131e-09,1,2.266972160214209e-05,0.999940554300944,3.680637197097288e-05
1173,"[[77]
 [82]
 [48]
 [53]
 [49]
 [54]
 [52]
 [52]
 [66]]",2,1,glioma,1,2.9848727578496437e-07,0.9999997218449911,1.399051659708069e-08,1,1.0812382167083948e-05,0.99965900182724,0.00033016356610460207
1174,"[[77]
 [82]
 [48]
 [53]
 [49]
 [54]
 [52]
 [52]
 [66]]",2,1,glioma,1,1.7950289787904694e-07,0.9999997218449911,1.0200391620251992e-07,1,1.658259925670554e-08,0.9999986489613851,1.3544210825481666e-06
1175,"[[77]
 [82]
 [48]
 [53]
 [49]
 [54]
 [52]
 [52]
 [66]]",2,1,glioma,1,1.3207536634733212e-06,0.9999978542327881,8.820072494586384e-07,1,9.59493100675483e-07,0.9999791383743286,1.993295518332161e-05
1176,"[[77]
 [82]
 [48]
 [53]
 [49]
 [54]
 [52]
 [52]
 [66]]",2,1,glioma,1,5.0866340378282375e-06,0.9999947547912598,1.261892920526956e-07,1,2.1965200029209578e-07,0.9999932845433553,6.5277601303629735e-06
1177,"[[77]
 [82]
 [48]
 [53]
 [49]
 [55]
 [57]
 [54]
 [66]]",4,1,glioma,1,0.0005254586576484144,0.9979835152626038,0.0014909798192093149,1,3.5460731245014664e-05,0.9997931520144144,0.0001713428622072873
1178,"[[77]
 [82]
 [48]
 [53]
 [49]
 [55]
 [57]
 [54]
 [66]]",4,1,glioma,1,9.04809750560768e-06,0.9999656279881796,2.5287186720864458e-05,1,0.005698425307249029,0.9933621883392334,0.0009393582392173508
1179,"[[57]
 [57]
 [51]
 [48]
 [56]]",3,0,meningioma,0,0.9480526844660441,0.0515885471055905,0.0003587427618943669,0,0.7293527523676554,0.25910655471185845,0.011540750429655114
1180,"[[77]
 [82]
 [48]
 [53]
 [49]
 [55]
 [57]
 [54]
 [66]]",4,1,glioma,1,1.339144427940179e-07,0.9999988873799642,9.976189687677106e-07,1,0.0032094955386128277,0.9966298540433248,0.00016068185262459642
1181,"[[77]
 [82]
 [48]
 [53]
 [50]
 [53]
 [53]
 [48]]",0,1,glioma,1,0.011436973310386142,0.9853609402974447,0.0032020862757538757,1,0.0005773587812048694,0.9993628859519958,5.974200469912224e-05
1182,"[[77]
 [82]
 [48]
 [53]
 [50]
 [53]
 [53]
 [48]]",0,1,glioma,1,0.00431650981772691,0.9946743051211039,0.0010091313257968675,1,0.028369219042360783,0.9661523302396139,0.005478464493838449
1183,"[[77]
 [82]
 [48]
 [53]
 [50]
 [53]
 [53]
 [48]]",0,1,glioma,1,0.0025133780824641385,0.9961900512377421,0.0012965702577882137,1,0.01418968259046475,0.9846362868944804,0.001174094383410799
1184,"[[77]
 [82]
 [48]
 [53]
 [50]
 [53]
 [53]
 [48]]",0,1,glioma,1,0.001337386762315873,0.9973897735277811,0.001272868765227031,1,0.00622156528212751,0.9926151434580485,0.0011632706349094708
1185,"[[77]
 [82]
 [48]
 [53]
 [49]
 [54]
 [52]
 [52]
 [67]]",2,1,glioma,1,0.08948380003372829,0.9081265727678934,0.0023896234730879464,1,0.2700480210284392,0.5856554309527079,0.14429648841420809
1186,"[[77]
 [82]
 [48]
 [53]
 [49]
 [54]
 [52]
 [52]
 [67]]",2,1,glioma,1,0.002397190391396483,0.9975112875302633,9.147390179956953e-05,1,0.008780161927764615,0.9681442181269327,0.023075594566762447
1187,"[[77]
 [82]
 [48]
 [53]
 [49]
 [54]
 [52]
 [52]
 [67]]",2,1,glioma,1,2.085686479820955e-06,0.9999978939692179,3.2307608958485425e-08,1,0.0002857144354493357,0.9997124870618185,1.8261334654804766e-06
1188,"[[77]
 [82]
 [48]
 [53]
 [49]
 [54]
 [52]
 [52]
 [67]]",2,1,glioma,1,1.7359193217695672e-06,0.9999982515970866,4.651952734135989e-08,1,0.00027155001225764863,0.9997002879778544,2.8189760087116156e-05
1189,"[[77]
 [82]
 [48]
 [53]
 [49]
 [54]
 [52]
 [52]
 [67]]",2,1,glioma,1,0.0008279562559134016,0.9991584420204163,1.3589064337793388e-05,1,0.0019099955291797717,0.9978230198224386,0.000266912369018731
1190,"[[57]
 [57]
 [51]
 [48]
 [56]]",3,0,meningioma,0,0.9474794268608093,0.05244687447945277,7.372358163889221e-05,0,0.9981569846471151,0.0018180808013615508,2.494210396738102e-05
1191,"[[77]
 [82]
 [48]
 [53]
 [49]
 [54]
 [52]
 [52]
 [67]]",2,1,glioma,1,3.137723615509458e-05,0.9999336004257202,3.496939507385832e-05,1,2.2956702878218493e-05,0.9999565283457438,2.050949850248192e-05
1192,"[[77]
 [82]
 [48]
 [53]
 [49]
 [54]
 [52]
 [52]
 [67]]",2,1,glioma,1,2.988241135426506e-06,0.9999563694000244,4.063860645449798e-05,1,0.00022519173580803908,0.9994152386983236,0.00035956492987073335
1193,"[[77]
 [82]
 [48]
 [53]
 [49]
 [54]
 [52]
 [52]
 [67]]",2,1,glioma,1,2.980393920400578e-06,0.9999926090240479,4.3520945022616315e-06,1,1.272445903547729e-05,0.9999872843424479,2.4919919905386223e-08
1194,"[[77]
 [82]
 [48]
 [53]
 [49]
 [54]
 [52]
 [52]
 [67]]",2,1,glioma,1,8.46801738892585e-06,0.9999900658925375,1.476436186938675e-06,1,0.0001265996615984477,0.9998580614725748,1.536881063657347e-05
1195,"[[77]
 [82]
 [48]
 [53]
 [49]
 [54]
 [52]
 [52]
 [67]]",2,1,glioma,1,2.1414758369549722e-06,0.9999977747599283,1.114729597517794e-07,1,0.0004400840249824493,0.9995595216751099,3.9138115089561626e-07
1196,"[[77]
 [82]
 [48]
 [53]
 [49]
 [54]
 [52]
 [52]
 [67]]",2,1,glioma,1,1.3776030300505226e-05,0.9999862114588419,2.2699973678541596e-08,1,0.00045948576128769975,0.9995400309562683,5.038550294026815e-07
1197,"[[77]
 [82]
 [48]
 [53]
 [49]
 [54]
 [52]
 [52]
 [67]]",2,1,glioma,1,7.43955736955589e-06,0.9999925295511881,4.0623766868937615e-08,1,0.0003441045446379576,0.9996466040611267,9.332286405575966e-06
1198,"[[77]
 [82]
 [48]
 [52]
 [57]
 [57]
 [52]
 [50]
 [66]]",3,1,glioma,1,0.0005107510006000145,0.9993799726168314,0.00010932389436746348,1,0.023178969820340473,0.9757245381673177,0.0010965108522213995
1199,"[[77]
 [82]
 [48]
 [52]
 [57]
 [57]
 [52]
 [50]
 [66]]",3,1,glioma,1,3.0365155379759774e-05,0.9999553759892782,1.4275025163046351e-05,1,0.0004966386119728364,0.9994771679242452,2.622352701564523e-05
1200,"[[77]
 [82]
 [48]
 [52]
 [57]
 [57]
 [52]
 [50]
 [66]]",3,1,glioma,1,9.353270137596459e-06,0.9999787410100301,1.19070244431659e-05,1,5.2088164331109965e-05,0.999945322672526,2.593870332153377e-06
1201,"[[57]
 [57]
 [51]
 [48]
 [56]]",3,0,meningioma,0,0.9360581437746683,0.06374018670370181,0.0002017022322817752,0,0.9981698393821716,0.0018293038780636077,8.466296606002288e-07
1202,"[[77]
 [82]
 [48]
 [53]
 [50]
 [53]
 [56]
 [53]
 [66]]",1,1,glioma,1,0.026809452722469967,0.9700468182563782,0.0031437596771866083,1,0.015568768450369438,0.9355877041816711,0.04884356399998069
1203,"[[77]
 [82]
 [48]
 [53]
 [50]
 [53]
 [56]
 [53]
 [66]]",1,1,glioma,1,0.00031480734469369054,0.9988391995429993,0.0008459985450220605,1,0.016664498990091186,0.871474544207255,0.11186093091964722
1204,"[[77]
 [82]
 [48]
 [53]
 [50]
 [53]
 [56]
 [53]
 [66]]",1,1,glioma,1,0.00010266048138873884,0.9997798800468445,0.00011745275575473595,1,0.10556442414720853,0.8018062512079874,0.09262934140861034
1205,"[[77]
 [82]
 [48]
 [52]
 [55]
 [57]
 [53]
 [51]
 [67]]",2,1,glioma,1,0.0003235243590703855,0.9974755247433981,0.002200946987917026,1,0.0060085808315003915,0.7458457152048746,0.24814570198456445
1206,"[[77]
 [82]
 [48]
 [52]
 [55]
 [57]
 [53]
 [51]
 [67]]",2,1,glioma,1,2.2101826099666746e-06,0.9999940792719523,3.66554510833339e-06,1,2.979877172037959e-05,0.9992471734682719,0.0007230608801667889
1207,"[[77]
 [82]
 [48]
 [52]
 [55]
 [57]
 [53]
 [51]
 [67]]",2,1,glioma,1,3.9456937675671116e-06,0.9999521573384603,4.3964575941875715e-05,1,1.3886049487155105e-05,0.9996370077133179,0.00034910664059376967
1208,"[[77]
 [82]
 [48]
 [52]
 [55]
 [57]
 [53]
 [51]
 [67]]",2,1,glioma,1,5.316389450153262e-07,0.9999980529149374,1.4183956563347995e-06,1,2.3321385616744314e-06,0.9999961853027344,1.537021830699814e-06
1209,"[[77]
 [82]
 [48]
 [53]
 [51]
 [49]
 [49]
 [48]
 [66]]",3,1,glioma,1,0.02683043151895011,0.8364827235539755,0.13668683171272278,1,0.10835116108258565,0.8116174737612406,0.08003136577705543
1210,"[[77]
 [82]
 [48]
 [53]
 [51]
 [49]
 [49]
 [48]
 [66]]",3,1,glioma,1,0.00037457649603330384,0.9995481570561727,7.725503942879186e-05,1,0.0014807151299767913,0.9983076651891073,0.00021163021422883807
1211,"[[77]
 [82]
 [48]
 [53]
 [51]
 [49]
 [49]
 [48]
 [66]]",3,1,glioma,1,0.0001753824610769191,0.9996660351753235,0.00015859469102845006,1,0.0004831853641557397,0.9994975924491882,1.929274587079514e-05
1212,"[[49]
 [48]
 [48]
 [56]
 [50]
 [48]]",3,1,glioma,0,0.7183016737302145,0.2694448282321294,0.012253490664685765,1,0.11004070689280827,0.8725986282030741,0.01736062834970653
1213,"[[77]
 [82]
 [48]
 [53]
 [51]
 [49]
 [49]
 [48]
 [66]]",3,1,glioma,1,1.312552912820462e-05,0.9999816020329794,5.2907757486878966e-06,1,0.004838381385828446,0.9951171278953552,4.447017636266537e-05
1214,"[[77]
 [82]
 [48]
 [53]
 [51]
 [49]
 [49]
 [48]
 [66]]",3,1,glioma,1,1.542358469498797e-06,0.9999980529149374,3.7853982246388124e-07,1,4.591252432854682e-08,0.9999999602635702,6.194948104845666e-09
1215,"[[77]
 [82]
 [48]
 [53]
 [51]
 [49]
 [49]
 [48]
 [66]]",3,1,glioma,1,1.356944354878865e-06,0.9999980926513672,5.705514072330368e-07,1,3.526523193003323e-08,0.9999998410542806,1.1191656756892598e-07
1216,"[[77]
 [82]
 [48]
 [51]
 [52]
 [54]
 [57]
 [52]]",2,1,glioma,1,8.06946289048464e-08,0.9999956289927164,4.282934343772619e-06,1,5.43269608973181e-06,0.9999275604883829,6.701177335344255e-05
1217,"[[77]
 [82]
 [48]
 [51]
 [52]
 [54]
 [57]
 [52]]",2,1,glioma,1,1.305533317008667e-07,0.9999989668528239,9.214952794896666e-07,1,7.935344671731551e-07,0.999998927116394,2.91586211176309e-07
1218,"[[77]
 [82]
 [48]
 [51]
 [52]
 [54]
 [57]
 [52]]",2,1,glioma,1,4.683295249681881e-06,0.9999952713648478,6.762542318720459e-08,1,8.279983992072934e-06,0.9999910593032837,6.581927228429171e-07
1219,"[[77]
 [82]
 [48]
 [51]
 [52]
 [54]
 [57]
 [52]]",2,1,glioma,1,1.184424126184543e-06,0.9999988079071045,1.7723088681827665e-08,1,8.060327890765015e-06,0.9999919335047404,3.733372381612791e-08
1220,"[[77]
 [82]
 [48]
 [53]
 [52]
 [54]
 [56]
 [51]]",3,1,glioma,1,0.00037141782036324383,0.9964459935824076,0.0031825923395748155,1,0.004252872458891943,0.9784765442212423,0.017270584513122838
1221,"[[77]
 [82]
 [48]
 [53]
 [52]
 [54]
 [56]
 [51]]",3,1,glioma,1,2.3285518728769633e-05,0.9999248385429382,5.186244559733192e-05,1,0.000618851287678505,0.9973983367284139,0.001982822073235487
1222,"[[77]
 [82]
 [48]
 [53]
 [52]
 [54]
 [56]
 [51]]",3,1,glioma,1,1.1257440084459123e-06,0.9999971787134806,1.7298564280824695e-06,1,0.00017484979828926347,0.9997537533442179,7.137725697248243e-05
1223,"[[49]
 [48]
 [49]
 [55]
 [57]
 [55]]",3,0,meningioma,0,0.9801508585611979,0.019031050615012646,0.0008181060748029267,0,0.968609094619751,0.03054732612023751,0.0008435765800337928
1224,"[[49]
 [48]
 [48]
 [56]
 [50]
 [48]]",3,1,glioma,0,0.5824050903320312,0.41368327538172406,0.003911669521282117,1,0.4015207191308339,0.5983836054801941,9.566582896998928e-05
1225,"[[77]
 [82]
 [48]
 [53]
 [52]
 [56]
 [55]
 [53]]",0,1,glioma,1,0.018182052299380302,0.9772501389185587,0.004567830086064835,1,0.08865261326233546,0.8433267672856649,0.06802065049608548
1226,"[[77]
 [82]
 [48]
 [53]
 [52]
 [56]
 [55]
 [53]]",0,1,glioma,1,0.003174548134362946,0.992559015750885,0.004266470864725609,1,0.026519199833273888,0.9619070887565613,0.011573700699955225
1227,"[[77]
 [82]
 [48]
 [53]
 [52]
 [56]
 [55]
 [53]]",0,1,glioma,1,0.0010299360365024768,0.9953376849492391,0.0036323671617234745,1,0.002726024812242637,0.9966896375020345,0.0005843527275525654
1228,"[[77]
 [82]
 [48]
 [53]
 [52]
 [56]
 [55]
 [53]]",0,1,glioma,1,0.0004991111103057241,0.9972529808680216,0.0022478790439587706,1,0.0024124280316755176,0.9724506537119547,0.025136911620696385
1229,"[[77]
 [82]
 [48]
 [53]
 [48]
 [54]
 [56]
 [55]
 [67]]",1,1,glioma,1,0.0443396745249629,0.9551928639411926,0.0004674707306548953,1,0.21810688450932503,0.7773603896299998,0.004532684083339215
1230,"[[77]
 [82]
 [48]
 [53]
 [48]
 [54]
 [56]
 [55]
 [67]]",1,1,glioma,1,0.0028263188044851026,0.9957420229911804,0.001431659252072374,1,7.139910252362824e-06,0.9999872048695883,5.690134704157875e-06
1231,"[[77]
 [82]
 [48]
 [53]
 [48]
 [54]
 [56]
 [55]
 [67]]",1,1,glioma,1,0.0014806950833493222,0.9964723189671835,0.002046979080963259,1,0.00026587384854792617,0.9986533721288046,0.0010807676201996703
1232,"[[77]
 [82]
 [48]
 [53]
 [48]
 [54]
 [56]
 [55]
 [67]]",1,1,glioma,1,0.0070971491901824875,0.9287455081939697,0.06415737078835566,1,4.103520745957212e-05,0.9994263847668966,0.0005325859868510937
1233,"[[77]
 [82]
 [48]
 [53]
 [48]
 [54]
 [56]
 [55]
 [67]]",1,1,glioma,1,0.00032480711767372367,0.9880620241165161,0.011613195568012694,1,0.003117528229874248,0.9945565064748129,0.002325974337206086
1234,"[[77]
 [82]
 [48]
 [53]
 [54]
 [49]
 [52]
 [52]]",1,1,glioma,1,0.00013637208030559123,0.9998451073964437,1.8531071996600684e-05,1,4.101180830199762e-06,0.9999531110127767,4.280862200782091e-05
1235,"[[49]
 [48]
 [48]
 [51]
 [54]
 [48]]",2,0,meningioma,1,0.18091962238152823,0.8170516689618429,0.002028729999437928,1,0.03324217038849989,0.9555732011795044,0.011184600240085274
1236,"[[77]
 [82]
 [48]
 [53]
 [54]
 [49]
 [52]
 [52]]",1,1,glioma,1,0.00015259196879924275,0.9998409549395243,6.468759731130073e-06,1,0.0005483143613673747,0.9877506295839945,0.011701070373722663
1237,"[[77]
 [82]
 [48]
 [53]
 [54]
 [49]
 [52]
 [52]]",1,1,glioma,1,0.00040667525900062174,0.999591588973999,1.6992594567000197e-06,1,2.4912304089260335e-05,0.9999240239461263,5.108585888062104e-05
1238,"[[77]
 [82]
 [48]
 [51]
 [52]
 [57]
 [57]
 [55]]",0,1,glioma,1,0.11362664649883907,0.8844704627990723,0.0019028955333245297,1,0.0011339205860470731,0.9984683195749918,0.00039779755995065597
1239,"[[77]
 [82]
 [48]
 [51]
 [52]
 [57]
 [57]
 [55]]",0,1,glioma,1,0.04826070492466291,0.9502541820208231,0.0014851587863328557,1,0.019496579033633072,0.9787355860074362,0.0017678233404391601
1240,"[[77]
 [82]
 [48]
 [51]
 [52]
 [57]
 [57]
 [55]]",0,1,glioma,1,0.0069052296069761114,0.992573082447052,0.0005216701125997739,1,0.025009097531437874,0.9749857981999716,5.081649912123491e-06
1241,"[[77]
 [82]
 [48]
 [51]
 [52]
 [57]
 [57]
 [55]]",0,1,glioma,1,0.0021797985828015953,0.9974067012468973,0.0004134951926365223,1,0.0010576093991403468,0.998935321966807,7.033373805143128e-06
1242,"[[77]
 [82]
 [48]
 [51]
 [52]
 [57]
 [57]
 [55]]",0,1,glioma,1,0.003599225126284485,0.9946466485659281,0.0017540718326927163,1,0.0006472454551840201,0.9992805520693461,7.219015401460638e-05
1243,"[[77]
 [82]
 [48]
 [51]
 [52]
 [57]
 [57]
 [55]]",0,1,glioma,1,0.0020451840149083487,0.9978223045667013,0.00013250239347447254,1,9.222689277521567e-05,0.9999016324679056,6.1011911848633344e-06
1244,"[[77]
 [82]
 [48]
 [51]
 [52]
 [57]
 [57]
 [55]]",0,1,glioma,1,0.004688912983207653,0.9950513044993082,0.0002597855545900529,1,0.00040836033682959777,0.9995898604393005,1.7660647699813126e-06
1245,"[[77]
 [82]
 [48]
 [50]
 [57]
 [50]
 [48]
 [57]
 [69]]",4,1,glioma,1,1.819402806783425e-06,0.999987006187439,1.1168376355878232e-05,1,4.541079391628955e-06,0.9999239047368368,7.15210862836102e-05
1246,"[[49]
 [48]
 [48]
 [51]
 [54]
 [48]]",2,0,meningioma,1,0.31445243457953137,0.6847686966260275,0.0007788555327958117,1,0.05204662556449572,0.9476635058720907,0.0002898432212532498
1247,"[[77]
 [82]
 [48]
 [50]
 [57]
 [50]
 [48]
 [57]
 [69]]",4,1,glioma,1,1.0109536863941078e-06,0.9999979337056478,1.017777426189544e-06,1,2.8587032356123623e-06,0.9999914566675822,5.6687980531933135e-06
1248,"[[77]
 [82]
 [48]
 [50]
 [57]
 [50]
 [48]
 [57]
 [69]]",4,1,glioma,1,1.1823794769346327e-05,0.999986489613851,1.7239306278800843e-06,1,1.5412565848767674e-06,0.9999978144963583,6.227982656999605e-07
1249,"[[77]
 [82]
 [48]
 [50]
 [57]
 [50]
 [48]
 [57]
 [69]]",4,1,glioma,1,2.0848648792555954e-07,0.9999996821085612,1.0666547941203437e-07,1,8.078286519719313e-07,0.999999205271403,9.576097248498172e-09
1250,"[[77]
 [82]
 [48]
 [50]
 [57]
 [50]
 [48]
 [57]
 [69]]",4,1,glioma,1,8.581810632494561e-10,1.0,3.551568275583783e-10,1,0.00018904193287501889,0.9998010993003845,9.835236520909044e-06
1251,"[[77]
 [82]
 [48]
 [50]
 [57]
 [50]
 [48]
 [57]
 [69]]",4,1,glioma,1,1.1306402332896444e-07,0.9999998807907104,2.067055297298263e-08,1,0.00019941535989194867,0.9993296066919962,0.0004709626470382015
1252,"[[77]
 [82]
 [48]
 [50]
 [57]
 [50]
 [48]
 [57]
 [69]]",4,1,glioma,1,6.911073787326434e-08,0.9999999205271403,2.6122722947737504e-08,1,7.563475792338181e-06,0.999815305074056,0.00017711363398120739
1253,"[[77]
 [82]
 [48]
 [50]
 [57]
 [50]
 [48]
 [57]
 [69]]",4,1,glioma,1,2.7598889100014884e-07,0.9999996423721313,7.747236452360085e-08,1,2.459401908054086e-07,0.9999977350234985,2.041499849762355e-06
1254,"[[77]
 [82]
 [48]
 [50]
 [57]
 [50]
 [48]
 [57]
 [69]]",4,1,glioma,1,3.183193378693735e-05,0.9999670584996542,1.1080990892272287e-06,1,2.111980549557302e-06,0.9999976555506388,2.0305651797040505e-07
1255,"[[77]
 [82]
 [48]
 [53]
 [51]
 [49]
 [49]
 [48]
 [69]]",3,1,glioma,1,0.004514590856407115,0.9854005773862203,0.010084854240024773,1,0.00922780530527234,0.9858659307161967,0.004906244731197755
1256,"[[77]
 [82]
 [48]
 [53]
 [51]
 [49]
 [49]
 [48]
 [69]]",3,1,glioma,1,0.054838128349122904,0.8412301540374756,0.10393170453608036,1,0.04047275396684805,0.8877842227617899,0.07174305741985638
1257,"[[49]
 [48]
 [48]
 [51]
 [54]
 [48]]",2,0,meningioma,0,0.8636197050412496,0.11663905282815297,0.019741218847533066,1,0.10706251859664917,0.852208137512207,0.04072938874984781
1258,"[[77]
 [82]
 [48]
 [53]
 [51]
 [49]
 [49]
 [48]
 [69]]",3,1,glioma,1,0.000551198412949816,0.999274492263794,0.00017425909596605985,1,0.0001493923348334647,0.9995099504788717,0.0003406304980065518
1259,"[[77]
 [82]
 [48]
 [53]
 [51]
 [49]
 [49]
 [48]
 [69]]",3,1,glioma,1,3.641187339227988e-05,0.9999470313390096,1.6523494804706235e-05,1,0.00012127776417969471,0.9998717705408732,6.9497712994840794e-06
1260,"[[77]
 [82]
 [48]
 [53]
 [51]
 [49]
 [49]
 [48]
 [69]]",3,1,glioma,1,8.805503400770761e-06,0.999976913134257,1.4280618924796448e-05,1,0.0006764790528753414,0.9984033107757568,0.0009202216606354341
1261,"[[77]
 [82]
 [48]
 [53]
 [51]
 [49]
 [49]
 [48]
 [69]]",3,1,glioma,1,9.88006209389399e-06,0.999984860420227,5.2442445687509815e-06,1,0.00023350532861362203,0.9995136260986328,0.00025285026761897217
1262,"[[77]
 [82]
 [48]
 [52]
 [57]
 [48]
 [49]
 [57]
 [71]]",0,1,glioma,1,0.0009895298608171288,0.9976568222045898,0.0013536476374914248,1,3.8641060503626555e-05,0.9999543825785319,6.975856043330471e-06
1263,"[[77]
 [82]
 [48]
 [52]
 [57]
 [48]
 [49]
 [57]
 [71]]",0,1,glioma,1,0.00043713717210872954,0.9993174076080322,0.00024547447537770495,1,0.0006169015153621634,0.9988866249720255,0.0004964796607964672
1264,"[[77]
 [82]
 [48]
 [52]
 [57]
 [48]
 [49]
 [57]
 [71]]",0,1,glioma,1,0.002473835280397907,0.9969863494237264,0.0005398041072718721,1,0.0008072405204681369,0.9968804915746053,0.0023123177719147256
1265,"[[77]
 [82]
 [48]
 [52]
 [57]
 [48]
 [49]
 [57]
 [71]]",0,1,glioma,1,0.001997398053693663,0.9977590839068095,0.00024354865217901533,1,0.0007025078011793084,0.998130738735199,0.0011666940384505626
1266,"[[77]
 [82]
 [48]
 [52]
 [57]
 [48]
 [49]
 [57]
 [71]]",0,1,glioma,1,0.007986509803837786,0.9915693004926046,0.0004442292047315277,1,0.00046148927200799034,0.9994315107663473,0.00010699610963153343
1267,"[[77]
 [82]
 [48]
 [52]
 [57]
 [48]
 [49]
 [57]
 [71]]",0,1,glioma,1,0.02346297159480552,0.9751122991243998,0.0014247175240598153,1,0.003360454681872701,0.9964773853619894,0.00016216440053540282
1268,"[[49]
 [48]
 [48]
 [51]
 [54]
 [48]]",2,0,meningioma,0,0.5728201071421305,0.31756814817587536,0.10961173723141353,1,0.08675751586755116,0.9068806767463684,0.006361800090720256
1269,"[[77]
 [82]
 [48]
 [52]
 [57]
 [48]
 [49]
 [57]
 [71]]",0,1,glioma,1,0.05918930284678936,0.9399815201759338,0.0008291884235707888,1,0.014390108175575733,0.9854746659596761,0.00013521366660521986
1270,"[[77]
 [82]
 [48]
 [51]
 [49]
 [52]
 [48]
 [57]
 [66]]",3,1,glioma,1,0.04733111484286686,0.952534000078837,0.00013489342514579525,1,1.836879433447791e-05,0.9999815225601196,1.04824346961833e-07
1271,"[[77]
 [82]
 [48]
 [51]
 [49]
 [52]
 [48]
 [57]
 [66]]",3,1,glioma,1,0.05331333951714138,0.9466673930486044,1.9290592439287952e-05,1,0.0004563806960504735,0.9995426734288534,9.297313733706384e-07
1272,"[[77]
 [82]
 [48]
 [51]
 [49]
 [52]
 [48]
 [57]
 [66]]",3,1,glioma,1,0.19957130153973898,0.8004067738850912,2.1924959008915817e-05,1,0.0075702787629173445,0.9924291372299194,5.527835800952138e-07
1273,"[[77]
 [82]
 [48]
 [50]
 [52]
 [55]
 [56]
 [48]
 [68]]",4,1,glioma,1,1.9895344867867001e-07,0.9999997218449911,3.4187758994145647e-08,1,1.9224621180165732e-07,0.9999991257985433,6.481817393932943e-07
1274,"[[77]
 [82]
 [48]
 [50]
 [52]
 [55]
 [56]
 [48]
 [68]]",4,1,glioma,1,3.7044792122742365e-07,0.9999996423721313,2.3306869027332294e-08,1,2.5994402574891495e-08,0.9999959866205851,3.973894228200455e-06
1275,"[[77]
 [82]
 [48]
 [51]
 [56]
 [52]
 [54]
 [57]]",4,1,glioma,1,0.0033120994727748134,0.9961640437444051,0.0005238611799237939,0,0.6053721457719803,0.3822735473513603,0.012354297718654076
1276,"[[77]
 [82]
 [48]
 [51]
 [56]
 [52]
 [54]
 [57]]",4,1,glioma,1,0.0030072504887357354,0.9949132998784384,0.0020794124187280736,1,0.09452176094055176,0.8760350545247396,0.029443205101415515
1277,"[[77]
 [82]
 [48]
 [51]
 [56]
 [52]
 [54]
 [57]]",4,1,glioma,1,0.029489091287056606,0.9562051693598429,0.014305718204316994,1,0.0027934912892912203,0.9967445135116577,0.000461952951203178
1278,"[[77]
 [82]
 [48]
 [51]
 [56]
 [52]
 [54]
 [57]]",4,1,glioma,1,0.01123331052561601,0.9861419399579366,0.002624768754079317,1,0.0020201232788773873,0.9971451560656229,0.0008347467810381204
1279,"[[49]
 [48]
 [48]
 [51]
 [54]
 [48]]",2,0,meningioma,0,0.7782119909922282,0.17344862471024194,0.0483393631875515,1,0.21751723686854044,0.7821170886357626,0.00036571117137403536
1280,"[[77]
 [82]
 [48]
 [51]
 [56]
 [52]
 [54]
 [57]]",4,1,glioma,1,6.259291694732383e-06,0.9999751249949137,1.862778056723376e-05,1,2.8730855857380297e-06,0.9999942779541016,2.8768294129122296e-06
1281,"[[77]
 [82]
 [48]
 [51]
 [56]
 [52]
 [54]
 [57]]",4,1,glioma,1,2.8974433007533662e-05,0.999960740407308,1.030751567062301e-05,1,3.6923422157997265e-05,0.9999104340871176,5.2669004314035796e-05
1282,"[[77]
 [82]
 [48]
 [51]
 [56]
 [52]
 [54]
 [57]]",4,1,glioma,1,3.497064365850141e-05,0.999940554300944,2.450655483698938e-05,1,0.0002173514585592784,0.9939525922139486,0.005830018315464258
1283,"[[77]
 [82]
 [48]
 [51]
 [50]
 [51]
 [50]
 [50]
 [67]]",0,1,glioma,1,0.02235023972267906,0.9752275745073954,0.002422179609614735,1,0.0010147645565060277,0.9984232783317566,0.0005619718843566565
1284,"[[77]
 [82]
 [48]
 [51]
 [50]
 [51]
 [50]
 [50]
 [67]]",0,1,glioma,1,0.02605600158373515,0.9670078953107198,0.006936172838322818,1,0.0038842041976749897,0.98146124680837,0.014654553805788359
1285,"[[77]
 [82]
 [48]
 [51]
 [50]
 [51]
 [50]
 [50]
 [67]]",0,1,glioma,1,0.00656366456920902,0.9928925037384033,0.0005438271315748958,1,0.00039304800156969577,0.9995962381362915,1.0703883428201758e-05
1286,"[[77]
 [82]
 [48]
 [51]
 [50]
 [51]
 [50]
 [50]
 [67]]",0,1,glioma,1,0.017368807612607878,0.9798227349917094,0.002808445909370979,1,0.0005822360496191928,0.9993480841318766,6.971028960833792e-05
1287,"[[77]
 [82]
 [48]
 [51]
 [50]
 [51]
 [50]
 [50]
 [67]]",0,1,glioma,1,0.021013453447570402,0.9784176747004191,0.0005688556157110725,1,0.0038975359251101813,0.9957956473032633,0.00030681354595193017
1288,"[[77]
 [82]
 [48]
 [51]
 [50]
 [51]
 [50]
 [50]
 [67]]",0,1,glioma,1,0.004272515225845079,0.9934322436650594,0.0022952384412443885,1,0.0010000552186587204,0.9928545355796814,0.006145422696135938
1289,"[[77]
 [82]
 [48]
 [51]
 [50]
 [51]
 [50]
 [50]
 [67]]",0,1,glioma,1,0.0028616473427973688,0.9960795044898987,0.0010588208921641733,1,0.00010923747261889123,0.9314739108085632,0.06841692204276721
1290,"[[49]
 [48]
 [48]
 [51]
 [54]
 [48]]",2,0,meningioma,2,0.28929582486550015,0.004162970387066404,0.7065412203470866,0,0.7302030920982361,0.25715820491313934,0.012638710594425598
1291,"[[77]
 [82]
 [48]
 [51]
 [50]
 [51]
 [50]
 [50]
 [67]]",0,1,glioma,1,0.0024541655632977686,0.9954472780227661,0.002098581404425204,1,0.0003478988728602417,0.9624693989753723,0.037182771135121584
1292,"[[77]
 [82]
 [48]
 [51]
 [50]
 [51]
 [50]
 [50]
 [67]]",0,1,glioma,1,0.009421112054648498,0.9809633493423462,0.00961552820323656,1,0.0013204300776124,0.9863369862238566,0.012342618584322432
1293,"[[77]
 [82]
 [48]
 [51]
 [50]
 [51]
 [50]
 [50]
 [67]]",0,1,glioma,1,0.029841667041182518,0.9564304351806641,0.013727864560981592,1,0.0018252485897392035,0.9895705183347067,0.00860423493819932
1294,"[[77]
 [82]
 [48]
 [51]
 [50]
 [51]
 [50]
 [50]
 [67]]",0,1,glioma,1,0.02000737562775612,0.9755235910415649,0.004468943458050489,1,0.006349343030403058,0.9929551283518473,0.0006955252538318746
1295,"[[77]
 [82]
 [48]
 [51]
 [50]
 [51]
 [50]
 [50]
 [67]]",0,1,glioma,1,0.008094637965162596,0.9912270506223043,0.0006783182761864737,1,0.0027584568597376347,0.9968314170837402,0.00041013844262730953
1296,"[[77]
 [82]
 [48]
 [51]
 [50]
 [51]
 [50]
 [50]
 [67]]",0,1,glioma,1,0.015126053554316362,0.98356560866038,0.0013083534480150167,1,0.007278628880158067,0.9924204548199972,0.0003008884644562689
1297,"[[77]
 [82]
 [48]
 [51]
 [55]
 [52]
 [53]
 [56]
 [66]]",3,1,glioma,1,0.0018537768573878566,0.997964878877004,0.00018132686444497873,1,0.08988683018833399,0.9081568717956543,0.001956285326741636
1298,"[[77]
 [82]
 [48]
 [51]
 [55]
 [52]
 [53]
 [56]
 [66]]",3,1,glioma,1,0.004435985717767228,0.9952589472134908,0.00030508713143717614,1,0.006939926786193003,0.9169906973838806,0.07606935252745946
1299,"[[77]
 [82]
 [48]
 [51]
 [55]
 [52]
 [53]
 [56]
 [66]]",3,1,glioma,1,0.4625997642676036,0.5330179035663605,0.004382342332974076,1,0.3475373437007268,0.6421401898066202,0.010322478832677007
1300,"[[77]
 [82]
 [48]
 [51]
 [55]
 [52]
 [53]
 [56]
 [66]]",3,1,glioma,0,0.5114138921101888,0.4624502162138621,0.02613590657711029,1,0.440594807267189,0.5460719565550486,0.013333187128106752
1301,"[[49]
 [48]
 [48]
 [51]
 [54]
 [48]]",2,0,meningioma,0,0.8976581891377767,0.030959586302439373,0.07138219848275185,0,0.4829367200533549,0.2116977870464325,0.30536550531784695
1302,"[[77]
 [82]
 [48]
 [51]
 [55]
 [52]
 [53]
 [56]
 [66]]",3,1,glioma,1,0.34306157131989795,0.6553225219249725,0.0016159330237618026,1,0.2486238976319631,0.750100572903951,0.0012755576753988862
1303,"[[77]
 [82]
 [48]
 [51]
 [55]
 [52]
 [53]
 [56]
 [66]]",3,1,glioma,0,0.6238483985265096,0.37580551703770954,0.0003460720642654754,0,0.732110857963562,0.2674805447459221,0.0004085546437030037
1304,"[[77]
 [82]
 [48]
 [51]
 [55]
 [52]
 [53]
 [56]
 [66]]",3,1,glioma,1,0.371905118227005,0.627799391746521,0.00029550376969685505,0,0.8286206126213074,0.17004593834280968,0.0013334225707997878
1305,"[[77]
 [82]
 [48]
 [51]
 [55]
 [52]
 [53]
 [56]
 [66]]",3,1,glioma,0,0.5848738352457682,0.41411466399828595,0.0010114719904474139,1,0.16916895657777786,0.8272416392962137,0.00358940742444247
1306,"[[77]
 [82]
 [48]
 [51]
 [57]
 [52]
 [55]
 [51]]",2,1,glioma,1,0.05437240625421206,0.7420386870702108,0.20358887314796448,1,0.001909167234164973,0.9898318847020467,0.008258939138613641
1307,"[[77]
 [82]
 [48]
 [51]
 [57]
 [52]
 [55]
 [51]]",2,1,glioma,1,0.0005530396495790532,0.9960808555285136,0.0033661283281010887,1,0.0021684046369045973,0.9976673324902853,0.00016427353693870828
1308,"[[77]
 [82]
 [48]
 [51]
 [57]
 [52]
 [55]
 [51]]",2,1,glioma,1,0.0001181138747294123,0.9998119870821635,6.982431098852733e-05,1,8.839228636740397e-05,0.9981590112050375,0.001752588665112853
1309,"[[77]
 [82]
 [48]
 [51]
 [57]
 [52]
 [55]
 [51]]",2,1,glioma,1,0.00011388469708132713,0.9998077750205994,7.827454085903203e-05,1,0.00028020514097685617,0.9993857741355896,0.0003340509138070047
1310,"[[77]
 [82]
 [48]
 [51]
 [57]
 [52]
 [55]
 [51]]",2,1,glioma,1,0.00014932669121966077,0.9998485644658407,2.109228527539623e-06,1,0.0004987697320757434,0.9993894894917806,0.00011167390281722571
1311,"[[77]
 [82]
 [48]
 [51]
 [57]
 [52]
 [55]
 [51]
 [66]]",0,1,glioma,1,0.1053571105003357,0.8396010796229044,0.05504180366794268,1,0.06332185367743175,0.6041229168574015,0.3325551897287369
1312,"[[49]
 [48]
 [48]
 [53]
 [55]
 [50]]",4,0,meningioma,0,0.8566200733184814,0.09618575870990753,0.04719420149922371,0,0.9216830531756083,0.056910689920186996,0.02140623703598976
1313,"[[77]
 [82]
 [48]
 [51]
 [57]
 [52]
 [55]
 [51]
 [66]]",0,1,glioma,1,0.035857059682408966,0.8941919406255087,0.06995102701087792,1,0.000373802778388684,0.9978808561960856,0.0017453869125650574
1314,"[[77]
 [82]
 [48]
 [51]
 [57]
 [52]
 [55]
 [51]
 [66]]",0,1,glioma,1,0.006501661458363135,0.9660061995188395,0.02749216432372729,1,0.001663236025099953,0.9073174794514974,0.09101927652955055
1315,"[[77]
 [82]
 [48]
 [51]
 [57]
 [52]
 [55]
 [51]
 [66]]",0,1,glioma,1,0.0022362194528492787,0.9891368349393209,0.008626887458376586,1,8.798852377367439e-05,0.9765121936798096,0.02339978702366352
1316,"[[77]
 [82]
 [48]
 [51]
 [57]
 [52]
 [55]
 [51]
 [66]]",0,1,glioma,1,0.0005934643716803597,0.9989708463350931,0.0004356711870059371,1,7.396707682498042e-06,0.9998928904533386,9.968842762949255e-05
1317,"[[77]
 [82]
 [48]
 [51]
 [57]
 [52]
 [55]
 [51]
 [66]]",0,1,glioma,1,0.0011013606369184952,0.9979937275250753,0.0009048804834795495,1,9.331733296373083e-05,0.9971756339073181,0.002731071086600423
1318,"[[77]
 [82]
 [48]
 [51]
 [57]
 [52]
 [55]
 [51]
 [66]]",0,1,glioma,1,0.000905465780912588,0.9989468256632487,0.0001476309147013429,1,0.00025659107147172716,0.9964679876963297,0.003275409787117193
1319,"[[77]
 [82]
 [48]
 [51]
 [55]
 [52]
 [53]
 [56]
 [67]]",2,1,glioma,1,0.007425131237444778,0.9891498883565267,0.0034249696764163673,1,0.011431038418474296,0.9648404518763224,0.02372852060943842
1320,"[[77]
 [82]
 [48]
 [51]
 [55]
 [52]
 [53]
 [56]
 [67]]",2,1,glioma,1,7.802103937137872e-05,0.9999186197916666,3.3481951504654717e-06,1,0.006344301509670913,0.9927510619163513,0.000904637493173747
1321,"[[77]
 [82]
 [48]
 [51]
 [55]
 [52]
 [53]
 [56]
 [67]]",2,1,glioma,1,0.0006754814918773869,0.9993034799893697,2.1018902771174908e-05,1,0.0036993801671390734,0.9962645371754965,3.6084545172343496e-05
1322,"[[77]
 [82]
 [48]
 [51]
 [55]
 [52]
 [53]
 [56]
 [67]]",2,1,glioma,1,2.0065519189908326e-05,0.9999642769495646,1.5659441070662677e-05,1,1.9616600586876607e-06,0.999992847442627,5.198464274750829e-06
1323,"[[49]
 [48]
 [48]
 [53]
 [55]
 [50]]",4,0,meningioma,0,0.8575876553853353,0.06473223244150479,0.07768008982141812,0,0.8966625332832336,0.0024423664435744286,0.10089511300126712
1324,"[[77]
 [82]
 [48]
 [51]
 [55]
 [52]
 [53]
 [56]
 [67]]",2,1,glioma,1,0.0006304912434037154,0.9988855719566345,0.00048391571908723563,1,0.0001432975404895842,0.9997855424880981,7.119310430425685e-05
1325,"[[77]
 [82]
 [48]
 [51]
 [55]
 [52]
 [53]
 [56]
 [67]]",2,1,glioma,1,8.317232148632078e-06,0.9999911387761434,5.353429273213806e-07,1,3.7785380015975534e-06,0.9999921321868896,4.069791771144082e-06
1326,"[[77]
 [82]
 [48]
 [51]
 [55]
 [52]
 [53]
 [56]
 [67]]",2,1,glioma,1,0.0020486910361796618,0.9979288578033447,2.2408801517788863e-05,1,0.011970529177536568,0.9875185290972391,0.0005109207995701581
1327,"[[77]
 [82]
 [48]
 [51]
 [55]
 [52]
 [53]
 [56]
 [67]]",2,1,glioma,1,5.8608655422176525e-06,0.9999938408533732,2.5223288169229363e-07,1,0.005741677712649107,0.9941610892613729,9.722469682553007e-05
1328,"[[77]
 [82]
 [48]
 [51]
 [55]
 [52]
 [53]
 [56]
 [67]]",2,1,glioma,1,0.06015882361680269,0.9385193387667338,0.0013218684277186792,1,0.07875839745004971,0.8786657651265463,0.04257590261598428
1329,"[[77]
 [82]
 [48]
 [51]
 [55]
 [52]
 [53]
 [56]
 [67]]",2,1,glioma,1,1.3331686735303569e-05,0.999986449877421,2.2839599071270791e-07,1,0.0003079336565861013,0.9982784191767374,0.0014136593381408602
1330,"[[77]
 [82]
 [48]
 [52]
 [48]
 [50]
 [52]
 [48]]",3,1,glioma,1,0.0028942594426458377,0.9953324596087137,0.0017732959534176491,1,0.07142968972524007,0.9257988929748535,0.002771459190019717
1331,"[[77]
 [82]
 [48]
 [52]
 [48]
 [50]
 [52]
 [48]]",3,1,glioma,1,0.0019255322452712182,0.9964936176935831,0.001580856691968317,1,0.18492800990740457,0.8126356800397238,0.0024363121677500508
1332,"[[77]
 [82]
 [48]
 [52]
 [48]
 [50]
 [52]
 [48]]",3,1,glioma,1,0.0002090763634328141,0.9993271430333456,0.00046376987434844824,1,0.0008914567121488896,0.9990779360135397,3.06269976135809e-05
1333,"[[77]
 [82]
 [48]
 [52]
 [48]
 [50]
 [52]
 [48]]",3,1,glioma,1,1.2194042987208794e-05,0.9999835093816122,4.336244328347523e-06,1,0.002973922176655227,0.9969183007876078,0.00010780537983616038
1334,"[[49]
 [48]
 [49]
 [55]
 [57]
 [55]]",3,0,meningioma,0,0.9096116423606873,0.08989527449011803,0.0004930829636577982,0,0.6808482011159261,0.31826617817083996,0.0008856164580114031
1335,"[[49]
 [48]
 [48]
 [53]
 [55]
 [50]]",4,0,meningioma,0,0.715616504351298,0.034253609677155815,0.2501299132903417,2,0.037999145376185574,0.00010634013051458169,0.9618945121765137
1336,"[[77]
 [82]
 [48]
 [52]
 [48]
 [50]
 [52]
 [48]]",3,1,glioma,1,0.004859245071808497,0.9945942163467407,0.0005464730541765069,1,0.0015289803510919835,0.9984599550565084,1.106838287038651e-05
1337,"[[77]
 [82]
 [48]
 [52]
 [48]
 [50]
 [52]
 [48]]",3,1,glioma,1,1.1556652487606142e-05,0.9999837080637614,4.725043759368219e-06,1,1.8678878821750306e-05,0.9999804099400839,9.347935190362477e-07
1338,"[[77]
 [82]
 [48]
 [52]
 [48]
 [50]
 [52]
 [48]]",3,1,glioma,1,0.0003489599753265793,0.9996001323064169,5.08657771642144e-05,1,2.310557664012928e-06,0.9999974568684896,2.1925321883979146e-07
1339,"[[77]
 [82]
 [48]
 [52]
 [48]
 [50]
 [52]
 [48]]",3,1,glioma,1,0.00015579184074946775,0.9998360474904379,8.159724726416092e-06,1,0.0002449557307500072,0.9997454682985941,9.581777907404406e-06
1340,"[[77]
 [82]
 [48]
 [52]
 [48]
 [50]
 [52]
 [48]]",3,1,glioma,1,7.337789324897888e-05,0.9998986124992371,2.79912550643265e-05,1,0.00031120995936362306,0.9996761083602905,1.2627355620982902e-05
1341,"[[77]
 [82]
 [48]
 [52]
 [48]
 [50]
 [52]
 [48]]",3,1,glioma,1,6.2855145491388e-05,0.9999194343884786,1.771885104062676e-05,1,0.0004843047469573018,0.9988028208414713,0.0007128506646646807
1342,"[[77]
 [82]
 [48]
 [52]
 [48]
 [50]
 [52]
 [48]
 [66]]",3,1,glioma,1,0.0022653428401753217,0.9961605469385783,0.0015741158213131712,1,0.07337291507671277,0.893305758635203,0.033321355159084
1343,"[[77]
 [82]
 [48]
 [52]
 [48]
 [50]
 [52]
 [48]
 [66]]",3,1,glioma,1,0.0008882779434600252,0.999026358127594,8.538212028745089e-05,1,0.02793913404457271,0.967404842376709,0.00465602792489032
1344,"[[77]
 [82]
 [48]
 [52]
 [48]
 [50]
 [52]
 [48]
 [66]]",3,1,glioma,1,5.4922751677584834e-05,0.999935249487559,9.80089694483747e-06,1,0.0005644312653506253,0.9994207819302877,1.4822764417961784e-05
1345,"[[77]
 [82]
 [48]
 [52]
 [48]
 [50]
 [52]
 [48]
 [66]]",3,1,glioma,1,1.0159773152107476e-05,0.9999874432881674,2.4252205688135575e-06,1,0.00019812638771554703,0.999788761138916,1.3081979583754825e-05
1346,"[[49]
 [48]
 [49]
 [48]
 [49]
 [54]]",1,0,meningioma,0,0.9046197930971781,0.09247881049911182,0.0029013631865382195,0,0.9701208670934042,0.02411913179093972,0.005759998399904968
1347,"[[77]
 [82]
 [48]
 [52]
 [48]
 [50]
 [52]
 [48]
 [66]]",3,1,glioma,1,6.839510954648187e-06,0.9999926090240479,5.450229610913052e-07,1,1.419913096375088e-05,0.9999616146087646,2.418777239654446e-05
1348,"[[77]
 [82]
 [48]
 [52]
 [48]
 [50]
 [52]
 [48]
 [66]]",3,1,glioma,1,5.612556907585997e-05,0.9999433755874634,4.6893991336877566e-07,1,5.212512329914413e-06,0.9999889930089315,5.761813175316395e-06
1349,"[[77]
 [82]
 [48]
 [52]
 [48]
 [50]
 [52]
 [48]
 [66]]",3,1,glioma,1,0.002524558626949632,0.9973916610081991,8.379256452902457e-05,1,3.420592873245217e-06,0.9999965826670328,8.822200155596724e-09
1350,"[[77]
 [82]
 [48]
 [52]
 [48]
 [50]
 [52]
 [48]
 [66]]",3,1,glioma,1,1.8419804109844524e-05,0.9999805291493734,1.0010412865394762e-06,1,4.500855090109705e-06,0.9999952713648478,2.689311737746891e-07
1351,"[[77]
 [82]
 [48]
 [52]
 [48]
 [50]
 [52]
 [48]
 [66]]",3,1,glioma,1,1.873632093755499e-05,0.9999788999557495,2.380680402230828e-06,1,3.642271644821449e-05,0.9999585946400961,4.958477854681102e-06
1352,"[[77]
 [82]
 [48]
 [52]
 [48]
 [50]
 [52]
 [48]
 [66]]",3,1,glioma,1,3.2460873336080894e-06,0.9999967018763224,4.172138390934477e-08,1,6.7707853457221745e-06,0.999992847442627,3.9686363810057895e-07
1353,"[[77]
 [82]
 [48]
 [50]
 [57]
 [50]
 [48]
 [57]
 [71]]",1,1,glioma,1,2.314439067655864e-05,0.9999750852584839,1.7289471188064454e-06,1,4.359806174155286e-06,0.9999901453653971,5.484005890584361e-06
1354,"[[77]
 [82]
 [48]
 [50]
 [57]
 [50]
 [48]
 [57]
 [71]]",1,1,glioma,1,1.5175521094571802e-06,0.9999982913335165,2.1033686733081444e-07,1,1.0651416884795613e-06,0.9999988079071045,1.078917441869424e-07
1355,"[[77]
 [82]
 [48]
 [50]
 [57]
 [50]
 [48]
 [57]
 [71]]",1,1,glioma,1,8.995314214980491e-07,0.9999990860621134,9.088302300545395e-09,1,7.170390610156119e-06,0.999992847442627,3.188062777890558e-08
1356,"[[77]
 [82]
 [48]
 [50]
 [57]
 [50]
 [48]
 [57]
 [71]]",1,1,glioma,1,8.77581068407333e-07,0.9999990860621134,4.710342581722612e-08,1,0.0004750475075828338,0.9994471669197083,7.779137117343755e-05
1357,"[[49]
 [48]
 [49]
 [48]
 [49]
 [54]]",1,0,meningioma,0,0.9463063478469849,0.05285431599865357,0.0008393675379920751,0,0.9864780108133951,0.003836951064537667,0.009685031972670307
1358,"[[77]
 [82]
 [48]
 [50]
 [57]
 [50]
 [48]
 [57]
 [71]]",1,1,glioma,1,3.043040353774747e-07,0.9999996423721313,3.588154301459312e-08,1,6.161996645914769e-05,0.9998521208763123,8.622768147385311e-05
1359,"[[77]
 [82]
 [48]
 [50]
 [57]
 [50]
 [48]
 [57]
 [71]]",1,1,glioma,1,3.4524562029976855e-06,0.9999964237213135,1.446828929256109e-07,1,3.0100226770524152e-06,0.9999961455663046,8.415564800949108e-07
1360,"[[77]
 [82]
 [48]
 [50]
 [57]
 [50]
 [48]
 [57]
 [71]]",1,1,glioma,1,1.1015390289988622e-05,0.999988873799642,1.2140039048110415e-07,1,1.5549164569250706e-06,0.9999421834945679,5.626376772838171e-05
1361,"[[77]
 [82]
 [48]
 [50]
 [57]
 [50]
 [48]
 [57]
 [71]]",1,1,glioma,1,9.765546686442879e-05,0.9999021490414938,1.9569049758416668e-07,1,3.673365879800864e-05,0.9999525944391886,1.0659590532924312e-05
1362,"[[77]
 [82]
 [48]
 [51]
 [54]
 [52]
 [57]
 [54]
 [66]]",4,1,glioma,1,1.3795554802224312e-06,0.9999986092249552,2.284312701957466e-09,1,2.357810031198652e-07,0.9999997615814209,5.014193387754828e-10
1363,"[[77]
 [82]
 [48]
 [51]
 [54]
 [52]
 [57]
 [54]
 [66]]",4,1,glioma,1,7.270026738600184e-05,0.999927282333374,5.46600098516592e-08,1,3.5807407520553153e-07,0.9999996423721313,1.0898047464458216e-08
1364,"[[77]
 [82]
 [48]
 [51]
 [54]
 [52]
 [57]
 [54]
 [66]]",4,1,glioma,1,3.674057613049323e-05,0.9999632835388184,8.303876549338915e-09,1,1.2159434208125486e-07,0.9999998807907104,2.6333135579500086e-09
1365,"[[77]
 [82]
 [48]
 [51]
 [54]
 [52]
 [57]
 [54]
 [66]]",4,1,glioma,1,7.3861762454422814e-06,0.9999926090240479,3.0932304125504593e-08,1,9.649093383560607e-07,0.9999990065892538,5.6423181090300055e-08
1366,"[[77]
 [82]
 [48]
 [51]
 [54]
 [52]
 [57]
 [54]
 [66]]",4,1,glioma,1,4.3056070353486575e-06,0.9999956687291464,2.215292408772977e-08,1,6.656560885831553e-08,0.9999999602635702,4.250058800262894e-09
1367,"[[77]
 [82]
 [48]
 [51]
 [54]
 [52]
 [57]
 [54]
 [66]]",4,1,glioma,1,4.3020316221979256e-06,0.9999957084655762,1.3444724740926025e-08,1,1.8350091594380538e-07,0.9999998410542806,7.0684714840544655e-09
1368,"[[49]
 [48]
 [49]
 [48]
 [49]
 [54]]",1,0,meningioma,0,0.940888524055481,0.05871623164663712,0.0003952985110421044,0,0.877241869767507,0.0937867412964503,0.028971382572005194
1369,"[[77]
 [82]
 [48]
 [51]
 [51]
 [52]
 [50]
 [48]]",0,1,glioma,1,0.0003223104787745494,0.9967334469159445,0.0029442941304296255,1,0.0018262283798928063,0.9971514940261841,0.0010222187799323972
1370,"[[77]
 [82]
 [48]
 [51]
 [51]
 [52]
 [50]
 [48]]",0,1,glioma,1,0.000513616066503649,0.9969292680422465,0.002557098817002649,1,0.00013539366712696696,0.9996719360351562,0.00019265119059734084
1371,"[[77]
 [82]
 [48]
 [51]
 [51]
 [52]
 [50]
 [48]]",0,1,glioma,1,0.0013653141359100118,0.9946863651275635,0.0039483362149136765,1,0.00045342837256612256,0.9994097352027893,0.00013687267983186757
1372,"[[77]
 [82]
 [48]
 [51]
 [51]
 [52]
 [50]
 [48]]",0,1,glioma,1,0.0008607761556049809,0.9987739721934,0.00036523273471781675,1,0.0010273508184279005,0.9989601572354635,1.2469353881291076e-05
1373,"[[77]
 [82]
 [48]
 [51]
 [51]
 [52]
 [50]
 [48]]",0,1,glioma,1,0.0013404546698438935,0.9978165229161581,0.0008430161639504755,1,0.0008870387876716753,0.9991044004758199,8.56586052577768e-06
1374,"[[77]
 [82]
 [48]
 [51]
 [51]
 [52]
 [50]
 [48]]",0,1,glioma,1,0.0034183593622098365,0.9946730136871338,0.001908623889903538,1,0.0037857183876136937,0.9868691364924113,0.009345087397377938
1375,"[[77]
 [82]
 [48]
 [51]
 [51]
 [52]
 [50]
 [48]]",0,1,glioma,1,0.0007367684665950947,0.9991027315457662,0.0001605310299055418,1,0.002574396086856723,0.997343381245931,8.22313956329405e-05
1376,"[[77]
 [82]
 [48]
 [50]
 [52]
 [55]
 [56]
 [48]
 [66]]",0,1,glioma,1,0.0005760888204046447,0.9993236660957336,0.00010026677424927281,1,0.0010333438015853365,0.9984694321950277,0.0004972559412029417
1377,"[[77]
 [82]
 [48]
 [50]
 [52]
 [55]
 [56]
 [48]
 [66]]",0,1,glioma,1,0.002167603403601485,0.9975809256235758,0.00025147934078025475,1,0.00048640773214477423,0.9990073839823405,0.0005061734846094623
1378,"[[77]
 [82]
 [48]
 [50]
 [52]
 [55]
 [56]
 [48]
 [66]]",0,1,glioma,1,0.0036606843738506236,0.9959856073061625,0.0003536862332111923,1,0.0012576655547794264,0.996742864449819,0.0019994388664296516
1379,"[[49]
 [48]
 [49]
 [48]
 [49]
 [54]]",1,0,meningioma,0,0.501025507847468,0.498954176902771,2.0307898732122947e-05,0,0.968414823214213,0.03156919808437427,1.596488834820775e-05
1380,"[[77]
 [82]
 [48]
 [50]
 [52]
 [55]
 [56]
 [48]
 [66]]",0,1,glioma,1,0.004782504838658497,0.9940646886825562,0.0011527993744190705,1,0.0006913779022094483,0.9961084922154745,0.003200136008672416
1381,"[[77]
 [82]
 [48]
 [51]
 [51]
 [51]
 [56]
 [57]
 [66]]",3,1,glioma,1,1.6859486951062372e-06,0.9999981721242269,1.7962716370497483e-07,1,0.00021339643001283548,0.9997864961624146,1.3130420587851668e-07
1382,"[[77]
 [82]
 [48]
 [52]
 [56]
 [57]
 [57]
 [52]]",1,1,glioma,1,0.021237224340438843,0.978738009929657,2.4717213667220978e-05,1,0.16134974267333746,0.8385326862335205,0.00011756589568297689
1383,"[[77]
 [82]
 [48]
 [52]
 [56]
 [57]
 [57]
 [52]]",1,1,glioma,1,0.1534269576271375,0.8436503807703654,0.002922676115607222,0,0.5062742580970129,0.4933876693248749,0.000338080254474941
1384,"[[77]
 [82]
 [48]
 [52]
 [57]
 [49]
 [48]
 [52]]",3,1,glioma,1,0.0007789191490227646,0.999169111251831,5.20468362322409e-05,1,0.0002574176898330431,0.9997423887252808,1.5276432036951762e-07
1385,"[[77]
 [82]
 [48]
 [52]
 [57]
 [49]
 [48]
 [52]]",3,1,glioma,1,0.0015119717686502554,0.998467226823171,2.0755094150004538e-05,1,0.0012075873813349365,0.9987685879071554,2.3840889307772766e-05
1386,"[[77]
 [82]
 [48]
 [52]
 [57]
 [49]
 [48]
 [52]]",3,1,glioma,1,0.0007849201673100955,0.9992009997367859,1.4075421091774842e-05,1,0.002438646309504596,0.9972134232521057,0.0003478806089939705
1387,"[[77]
 [82]
 [48]
 [52]
 [57]
 [49]
 [52]
 [50]]",2,1,glioma,0,0.6474026540915171,0.30703816811243695,0.04555917779604594,1,0.0630177790299058,0.9367816845575968,0.00020054501752989987
1388,"[[77]
 [82]
 [48]
 [52]
 [57]
 [49]
 [52]
 [50]]",2,1,glioma,0,0.7683718601862589,0.16034507503112158,0.07128306726614635,1,0.11855682730674744,0.8809393246968588,0.0005038045928813517
1389,"[[77]
 [82]
 [48]
 [52]
 [57]
 [49]
 [52]
 [50]]",2,1,glioma,0,0.5891571144262949,0.4064565102259318,0.004386379383504391,1,0.15886566042900085,0.781723141670227,0.05941119448592266
1390,"[[49]
 [48]
 [49]
 [48]
 [49]
 [54]]",1,0,meningioma,1,0.49282588561375934,0.5070396959781647,0.00013441473826484676,0,0.8747823039690653,0.12521080672740936,6.891483413558793e-06
1391,"[[77]
 [82]
 [48]
 [52]
 [56]
 [57]
 [57]
 [52]
 [66]]",3,1,glioma,1,0.00016212947806337752,0.9997848073641459,5.303429904301993e-05,1,5.319898231685253e-05,0.9999395608901978,7.264599541182785e-06
1392,"[[77]
 [82]
 [48]
 [52]
 [56]
 [57]
 [57]
 [52]
 [66]]",3,1,glioma,1,0.0002321984194587993,0.9993228514989217,0.0004449860569669302,1,1.5210998488631352e-05,0.9999081492424011,7.664207654064133e-05
1393,"[[77]
 [82]
 [48]
 [52]
 [56]
 [57]
 [57]
 [52]
 [66]]",3,1,glioma,1,3.516552759288971e-05,0.9995710452397665,0.0003937868684336839,1,1.359137280824522e-05,0.9999849796295166,1.4344485350648029e-06
1394,"[[77]
 [82]
 [48]
 [52]
 [56]
 [57]
 [57]
 [52]
 [66]]",3,1,glioma,1,3.217984094192513e-06,0.9999935229619344,3.272849914711292e-06,1,6.095425334725254e-05,0.9999369184176127,2.1350242178641565e-06
1395,"[[77]
 [82]
 [48]
 [52]
 [56]
 [57]
 [52]
 [52]
 [66]]",1,1,glioma,1,1.0624937161196613e-06,0.9999978939692179,9.887505096154807e-07,1,5.177686051317335e-07,0.9999988079071045,6.516562925569976e-07
1396,"[[77]
 [82]
 [48]
 [52]
 [56]
 [57]
 [52]
 [52]
 [66]]",1,1,glioma,1,8.657377710126942e-06,0.9999860922495524,5.189672151573177e-06,1,7.655231810677066e-07,0.9999654690424601,3.3740904006170545e-05
1397,"[[77]
 [82]
 [48]
 [52]
 [56]
 [57]
 [52]
 [52]
 [66]]",1,1,glioma,1,3.0154789717092473e-07,0.9999994436899821,2.325321878752599e-07,1,5.964038176644801e-08,0.9999969800313314,2.984825864027485e-06
1398,"[[77]
 [82]
 [48]
 [52]
 [56]
 [57]
 [52]
 [52]
 [66]]",1,1,glioma,1,1.6322839352748513e-06,0.9999781449635824,2.0207131759282977e-05,1,2.2873138579941146e-07,0.9999979337056478,1.8431763798195295e-06
1399,"[[77]
 [82]
 [48]
 [52]
 [56]
 [57]
 [52]
 [52]
 [66]]",1,1,glioma,1,4.7495153173334376e-07,0.9999993642171224,1.0786408921603652e-07,1,6.183319248171763e-08,0.999998410542806,1.5188825834104118e-06
1400,"[[77]
 [82]
 [48]
 [52]
 [56]
 [57]
 [52]
 [52]
 [66]]",1,1,glioma,1,6.321312506922065e-06,0.9999866485595703,7.049036488145551e-06,1,1.0190439197662233e-06,0.9999978542327881,1.0967752636463028e-06
1401,"[[49]
 [48]
 [49]
 [48]
 [49]
 [54]]",1,0,meningioma,0,0.8943806886672974,0.10520123690366745,0.0004180749595737628,0,0.8058552543322245,0.19414021571477255,4.5376528324444125e-06
1402,"[[77]
 [82]
 [48]
 [52]
 [56]
 [57]
 [52]
 [52]
 [66]]",1,1,glioma,1,3.0185475186073063e-07,0.9999996026357015,1.274609905029441e-07,1,4.0634566635944225e-06,0.9999794165293375,1.653963612942751e-05
1403,"[[77]
 [82]
 [48]
 [52]
 [57]
 [51]
 [53]
 [56]]",2,1,glioma,1,0.0003393847315843838,0.9996577103932699,2.9189519636929617e-06,1,0.005853699908281366,0.9941458503405253,4.552964452860427e-07
1404,"[[77]
 [82]
 [48]
 [52]
 [57]
 [51]
 [53]
 [56]]",2,1,glioma,1,0.0026966094446834177,0.9972030917803446,0.0001002441728511864,1,0.029133098510404427,0.9708595673243204,7.340620262160276e-06
1405,"[[77]
 [82]
 [48]
 [52]
 [57]
 [51]
 [53]
 [56]]",2,1,glioma,1,0.0006031874848607307,0.9993887543678284,8.03701789209299e-06,1,0.025436921355624992,0.9745627840360006,3.2213935933593046e-07
1406,"[[77]
 [82]
 [48]
 [52]
 [57]
 [51]
 [53]
 [56]]",2,1,glioma,1,0.0001583063343180887,0.999773383140564,6.834860808642891e-05,1,0.00012977032019989565,0.9998423258463541,2.7899644010176416e-05
1407,"[[77]
 [82]
 [48]
 [52]
 [57]
 [51]
 [53]
 [56]]",2,1,glioma,1,0.006094203990263243,0.9927253127098083,0.001180488761747256,1,0.003218561119865626,0.9967808326085409,5.850068968508518e-07
1408,"[[77]
 [82]
 [48]
 [52]
 [57]
 [51]
 [53]
 [56]]",2,1,glioma,1,0.0011999515215090166,0.9987682898839315,3.17219255521195e-05,1,0.15214642013112703,0.8476723233858744,0.00018125418379592398
1409,"[[77]
 [82]
 [48]
 [52]
 [57]
 [51]
 [53]
 [56]]",2,1,glioma,1,0.0005151465690384308,0.999413808186849,7.10473893074474e-05,1,0.0020446883087667325,0.997946043809255,9.299905665708744e-06
1410,"[[77]
 [82]
 [48]
 [52]
 [57]
 [51]
 [53]
 [56]]",2,1,glioma,1,0.036391814549764,0.957607368628184,0.006000854074954987,1,0.004897570198712249,0.9951020280520121,4.0546903790072975e-07
1411,"[[77]
 [82]
 [48]
 [52]
 [57]
 [51]
 [53]
 [56]]",2,1,glioma,1,0.01855604661007722,0.981401801109314,4.218252221714162e-05,1,0.00037815122535297024,0.9996217886606852,1.250930488083668e-07
1412,"[[49]
 [48]
 [49]
 [49]
 [50]
 [55]]",1,0,meningioma,0,0.6594198743502299,0.2739548583825429,0.06662526726722717,2,0.4444851875305176,0.021690158639103174,0.5338247319062551
1413,"[[77]
 [82]
 [48]
 [52]
 [57]
 [52]
 [53]
 [51]]",1,1,glioma,1,8.908816975387404e-06,0.9999903043111166,8.287397387600018e-07,1,4.420306974376824e-06,0.9999932845433553,2.3299324354297823e-06
1414,"[[77]
 [82]
 [48]
 [52]
 [57]
 [52]
 [53]
 [51]]",1,1,glioma,1,5.98328862603618e-06,0.9999940395355225,1.896602090193748e-08,1,2.680875235879417e-05,0.999972383181254,7.794332069395912e-07
1415,"[[77]
 [82]
 [48]
 [52]
 [57]
 [52]
 [53]
 [51]]",1,1,glioma,1,2.6770358090288937e-05,0.9999716679255167,1.597254292088716e-06,1,0.000162791990383937,0.9998356898625692,1.487175831371701e-06
1416,"[[77]
 [82]
 [48]
 [52]
 [57]
 [52]
 [53]
 [51]]",1,1,glioma,1,3.942653393096407e-06,0.9999957879384359,2.92921489138583e-07,1,5.039208708979004e-05,0.9999473492304484,2.2619849620042487e-06
1417,"[[77]
 [82]
 [48]
 [52]
 [57]
 [52]
 [53]
 [51]]",1,1,glioma,1,7.242259925988037e-05,0.9999070167541504,2.05551559702144e-05,1,4.32231076411919e-06,0.9999925295511881,3.141225228375788e-06
1418,"[[77]
 [82]
 [48]
 [52]
 [57]
 [52]
 [53]
 [51]]",1,1,glioma,1,5.471349931932916e-06,0.9999908606211344,3.6334117747098085e-06,1,2.2425574002227222e-05,0.9999744097391764,3.1393996889524565e-06
1419,"[[77]
 [82]
 [48]
 [52]
 [57]
 [52]
 [53]
 [51]]",1,1,glioma,1,0.0002715461972305396,0.9995903968811035,0.00013803401877036472,1,5.977089955920209e-08,0.9999999602635702,3.1434834005960753e-09
1420,"[[77]
 [82]
 [48]
 [52]
 [57]
 [52]
 [53]
 [51]]",1,1,glioma,1,2.6229443543949554e-05,0.9999703566233317,3.4138924860371844e-06,1,1.120681426334628e-06,0.9999984900156657,4.2245932321263377e-07
1421,"[[77]
 [82]
 [48]
 [52]
 [57]
 [52]
 [53]
 [51]]",1,1,glioma,1,8.331564515628997e-06,0.9999916156133016,2.5858356937173237e-08,1,3.373758498311415e-07,0.9999996423721313,1.1830092678126602e-08
1422,"[[77]
 [82]
 [48]
 [50]
 [52]
 [55]
 [56]
 [48]
 [71]]",4,1,glioma,1,0.0007418465781180809,0.998762826124827,0.0004953532916260883,1,6.357021296328942e-05,0.9999355475107828,8.422013308972964e-07
1423,"[[49]
 [48]
 [49]
 [49]
 [50]
 [55]]",1,0,meningioma,0,0.6749008099238077,0.11936380714178085,0.20573538293441138,0,0.9513385891914368,0.024591554577151935,0.024069849207686882
1424,"[[77]
 [82]
 [48]
 [50]
 [52]
 [55]
 [56]
 [48]
 [71]]",4,1,glioma,1,0.00041556030434245866,0.9991401433944702,0.0004443155921762809,1,0.00026544386885992327,0.9997338453928629,6.779370925376801e-07
1425,"[[77]
 [82]
 [48]
 [50]
 [52]
 [55]
 [56]
 [48]
 [71]]",4,1,glioma,1,0.001395969671042015,0.9962310592333475,0.002372939527655641,1,0.0008826128493334787,0.9991168975830078,5.456183735930153e-07
1426,"[[77]
 [82]
 [48]
 [50]
 [52]
 [55]
 [56]
 [48]
 [71]]",4,1,glioma,1,0.000960613057638208,0.9985532164573669,0.000486157873334984,1,9.774462038573498e-06,0.9999900658925375,1.8451411539407067e-07
1427,"[[77]
 [82]
 [48]
 [50]
 [52]
 [55]
 [56]
 [48]
 [71]]",4,1,glioma,1,5.837473509018309e-06,0.9999791781107584,1.4940456973514907e-05,1,0.0001536148999245294,0.9998417496681213,4.642659481154017e-06
1428,"[[77]
 [82]
 [48]
 [50]
 [52]
 [55]
 [56]
 [48]
 [71]]",4,1,glioma,1,1.1388763596187346e-05,0.9998967448870341,9.185923651481669e-05,1,2.5046975885937667e-07,0.9999997218449911,8.905363908679834e-10
1429,"[[77]
 [82]
 [48]
 [50]
 [52]
 [55]
 [56]
 [48]
 [71]]",4,1,glioma,1,2.1204126824159175e-05,0.9999278783798218,5.091442464314847e-05,1,1.228208880377224e-06,0.9999986092249552,1.697905283037926e-07
1430,"[[77]
 [82]
 [48]
 [52]
 [57]
 [52]
 [53]
 [51]
 [66]]",2,1,glioma,1,0.0005343493782371903,0.9994651079177856,5.610271642808584e-07,1,0.010660870000720024,0.9893391331036886,2.9714662582354854e-09
1431,"[[77]
 [82]
 [48]
 [52]
 [57]
 [52]
 [53]
 [51]
 [66]]",2,1,glioma,1,0.019250173432131607,0.9807339310646057,1.590296142239822e-05,1,0.015486855991184711,0.9845131436983744,2.202145132912392e-08
1432,"[[77]
 [82]
 [48]
 [52]
 [57]
 [52]
 [53]
 [51]
 [66]]",2,1,glioma,1,0.00047573224583175033,0.9994473656018575,7.692121774501477e-05,1,1.9165679001768392e-05,0.9985857605934143,0.0013950379216112196
1433,"[[77]
 [82]
 [48]
 [52]
 [57]
 [52]
 [53]
 [51]
 [66]]",2,1,glioma,1,4.772288112538566e-06,0.9999920129776001,3.2074659420307703e-06,1,3.662209170821976e-05,0.9993523955345154,0.0006110024563289093
1434,"[[49]
 [48]
 [49]
 [49]
 [50]
 [55]]",1,0,meningioma,0,0.573255697886149,0.19724958389997482,0.22949468592802683,0,0.5651844541231791,0.012466442460815111,0.4223491648832957
1435,"[[77]
 [82]
 [48]
 [52]
 [57]
 [52]
 [53]
 [51]
 [66]]",2,1,glioma,1,2.405948483404548e-05,0.9999083876609802,6.755302926346e-05,1,0.0002441335867236679,0.9997543891270956,1.4975486616701044e-06
1436,"[[77]
 [82]
 [48]
 [52]
 [57]
 [52]
 [53]
 [51]
 [66]]",2,1,glioma,1,0.0004267411059117876,0.9992116490999857,0.0003616340836742893,1,8.766025409083038e-05,0.9995973904927572,0.0003149562835460529
1437,"[[77]
 [82]
 [48]
 [52]
 [57]
 [52]
 [53]
 [51]
 [66]]",2,1,glioma,1,0.49030693372090656,0.5048317611217499,0.004861316876485944,1,0.005192584164130191,0.994806190331777,1.2530425692602876e-06
1438,"[[77]
 [82]
 [48]
 [52]
 [57]
 [52]
 [53]
 [51]
 [66]]",2,1,glioma,1,0.12127679586410522,0.8776886264483134,0.0010346253984607756,1,0.1794269879659017,0.8203509847323099,0.00022203139512081785
1439,"[[77]
 [82]
 [48]
 [52]
 [57]
 [52]
 [53]
 [51]
 [66]]",2,1,glioma,1,0.007414506593098243,0.9923604726791382,0.0002249959882950255,1,0.0052686768273512525,0.9945780436197916,0.00015331171440872518
1440,"[[77]
 [82]
 [48]
 [52]
 [57]
 [52]
 [53]
 [51]
 [66]]",2,1,glioma,1,0.0030422164127230644,0.9967835942904154,0.0001741479839741563,1,1.7256869114135043e-05,0.9999570449193319,2.569264916019165e-05
1441,"[[77]
 [82]
 [48]
 [52]
 [57]
 [52]
 [53]
 [51]
 [66]]",2,1,glioma,1,0.021034597729643185,0.9740875760714213,0.004877812267901997,1,0.000402465777976128,0.9992512464523315,0.000346280645923495
1442,"[[77]
 [82]
 [48]
 [52]
 [57]
 [52]
 [53]
 [51]
 [66]]",2,1,glioma,1,0.0006163662183098495,0.9948633313179016,0.004520241753198206,1,2.2381834545133945e-05,0.9947649439175924,0.005212703486904502
1443,"[[77]
 [82]
 [48]
 [52]
 [57]
 [52]
 [53]
 [51]
 [66]]",2,1,glioma,1,0.0037616537883877754,0.9950598279635111,0.0011784981955618907,1,0.000894198960547025,0.965143064657847,0.033962713554501534
1444,"[[77]
 [82]
 [48]
 [52]
 [57]
 [52]
 [53]
 [51]
 [66]]",2,1,glioma,1,3.7654459144202214e-05,0.9999549388885498,7.402801998068753e-06,1,7.333433387657351e-06,0.9999316533406576,6.104876410972793e-05
1445,"[[49]
 [48]
 [49]
 [55]
 [57]
 [55]]",3,0,meningioma,1,0.2065777232249578,0.7933192650477091,0.00010297925289629954,0,0.7430580457051595,0.24678644289573035,0.01015552356451129
1446,"[[49]
 [48]
 [49]
 [49]
 [50]
 [55]]",1,0,meningioma,2,0.368105873465538,0.04201389383524656,0.5898802181084951,2,0.47968749205271405,0.0007952586747705936,0.5195172851284345
1447,"[[77]
 [82]
 [48]
 [53]
 [48]
 [49]
 [51]
 [53]
 [66]]",3,1,glioma,1,0.0037061473509917655,0.9961782693862915,0.00011563445847665814,1,0.018508462545772392,0.9814845124880472,7.012696490467836e-06
1448,"[[77]
 [82]
 [48]
 [53]
 [48]
 [49]
 [51]
 [53]
 [66]]",3,1,glioma,1,0.00017970510071544746,0.9998193780581156,9.388085350665413e-07,1,0.0016806092174495764,0.9982002178827921,0.00011916076679578207
1449,"[[77]
 [82]
 [48]
 [53]
 [48]
 [49]
 [51]
 [53]
 [66]]",3,1,glioma,1,0.0001757584133533404,0.9998102784156799,1.4016668579586167e-05,1,0.00019448910553639584,0.9998050928115845,4.278405939620959e-07
1450,"[[77]
 [82]
 [48]
 [53]
 [48]
 [49]
 [51]
 [53]
 [66]]",3,1,glioma,1,0.00038562783300714426,0.999600350856781,1.4056152039051048e-05,1,0.03958497801795602,0.9601207971572876,0.00029419737014298636
1451,"[[77]
 [82]
 [48]
 [53]
 [48]
 [49]
 [51]
 [53]
 [66]]",3,1,glioma,1,0.0006992872031332809,0.9992470343907675,5.3708715768152615e-05,1,0.0016292199316012557,0.9983649253845215,5.856637296612159e-06
1452,"[[77]
 [82]
 [48]
 [53]
 [48]
 [49]
 [51]
 [53]
 [66]]",3,1,glioma,1,0.0028598921223116727,0.9966066479682922,0.0005334576124672216,1,0.001937689607681629,0.9974822203318278,0.0005800947352933387
1453,"[[77]
 [82]
 [48]
 [53]
 [48]
 [49]
 [51]
 [53]
 [66]]",3,1,glioma,1,0.012993257240547488,0.9407514532407125,0.04625529035304984,1,0.0008766959235799732,0.9991025924682617,2.0718501142861594e-05
1454,"[[77]
 [82]
 [48]
 [53]
 [48]
 [49]
 [51]
 [53]
 [66]]",3,1,glioma,1,0.000487119195440755,0.999300499757131,0.0002123208648754371,1,0.000913127526473545,0.9990217685699463,6.506468586546059e-05
1455,"[[77]
 [82]
 [48]
 [53]
 [48]
 [49]
 [51]
 [53]
 [66]]",3,1,glioma,1,0.0010115958847147037,0.9987895091374716,0.00019888330682723185,1,0.00038923743956805385,0.9995551109313965,5.564498254292024e-05
1456,"[[77]
 [82]
 [48]
 [53]
 [48]
 [49]
 [51]
 [53]
 [66]]",3,1,glioma,1,0.004895352645083524,0.9948907097180685,0.00021394421432319177,1,0.00044560614507342205,0.9994916717211405,6.270226488898818e-05
1457,"[[49]
 [48]
 [49]
 [55]
 [57]
 [55]]",3,0,meningioma,1,0.4375326931476593,0.5467599580685297,0.015707346455504496,1,0.2581653545300166,0.7385871609052023,0.00324751139851287
1458,"[[77]
 [82]
 [48]
 [53]
 [48]
 [49]
 [51]
 [53]
 [66]]",3,1,glioma,1,0.0003458850551586086,0.9996499220530192,4.211346892657453e-06,1,0.00038210695320609983,0.9996148149172465,3.023655561188813e-06
1459,"[[77]
 [82]
 [48]
 [53]
 [48]
 [54]
 [56]
 [55]]",3,1,glioma,1,0.00362215078674429,0.9963198701540629,5.798531662056424e-05,1,0.002908645236554245,0.994949460029602,0.002141921781003475
1460,"[[77]
 [82]
 [48]
 [53]
 [48]
 [54]
 [56]
 [55]]",3,1,glioma,1,0.0008639262250606331,0.9991181294123331,1.7957793356782048e-05,1,0.010924064243833223,0.9890750249226888,8.885366716467521e-07
1461,"[[77]
 [82]
 [48]
 [53]
 [48]
 [54]
 [56]
 [55]]",3,1,glioma,1,0.008481409302476095,0.9913573662439982,0.000161251696673285,1,0.0028280424109349647,0.997171938419342,3.5647689365185066e-08
1462,"[[77]
 [82]
 [48]
 [53]
 [48]
 [54]
 [56]
 [55]]",3,1,glioma,1,0.02813672545986871,0.9713055491447449,0.0005577099653540548,1,0.014420235102685789,0.9855797092119852,4.7943379932746666e-08
1463,"[[77]
 [82]
 [48]
 [53]
 [48]
 [54]
 [56]
 [55]]",3,1,glioma,1,0.041006767811874546,0.9585268100102743,0.0004663853156519811,1,0.32282135883967084,0.674850175778071,0.0023285074857994914
1464,"[[77]
 [82]
 [48]
 [53]
 [48]
 [54]
 [56]
 [55]]",3,1,glioma,1,0.0013621207771545112,0.998594323794047,4.355189394544823e-05,1,0.04899031793077787,0.9482343594233195,0.0027752814203267917
1465,"[[77]
 [82]
 [48]
 [53]
 [48]
 [55]
 [57]
 [49]
 [66]]",4,1,glioma,1,0.013646986490736404,0.9863136410713196,3.9413784179487266e-05,1,0.025414605624973774,0.974324365456899,0.0002610506586885701
1466,"[[77]
 [82]
 [48]
 [53]
 [48]
 [55]
 [57]
 [49]
 [66]]",4,1,glioma,1,0.0024272150088412068,0.9975352684656779,3.7551528445571115e-05,1,0.006983885774388909,0.9929731686909994,4.29093920502055e-05
1467,"[[77]
 [82]
 [48]
 [53]
 [48]
 [55]
 [57]
 [49]
 [66]]",4,1,glioma,1,0.010997006669640541,0.9889616171518961,4.1371723455085885e-05,1,0.0391329030195872,0.9607846736907959,8.241379327955656e-05
1468,"[[49]
 [48]
 [49]
 [55]
 [57]
 [55]]",3,0,meningioma,0,0.6898855368296305,0.2397689993182818,0.07034544895092647,0,0.9844535191853842,0.005699464896072944,0.00984702220497032
1469,"[[77]
 [82]
 [48]
 [53]
 [48]
 [55]
 [57]
 [49]
 [66]]",4,1,glioma,1,0.0016536192852072418,0.998341421286265,4.9267531494479044e-06,1,5.637842529419383e-06,0.9999916950861613,2.656514989022677e-06
1470,"[[77]
 [82]
 [48]
 [52]
 [57]
 [48]
 [49]
 [57]
 [67]]",4,1,glioma,1,1.3090453649056144e-05,0.9994447231292725,0.0005421712558018044,1,4.784680734578236e-07,0.9972706437110901,0.002728899611004939
1471,"[[77]
 [82]
 [48]
 [52]
 [57]
 [48]
 [49]
 [57]
 [67]]",4,1,glioma,1,0.0001450786464071522,0.9668527444203695,0.03300218229802946,1,0.00017880131053971127,0.9829265276590983,0.016894576294968527
1472,"[[77]
 [82]
 [48]
 [52]
 [57]
 [48]
 [49]
 [57]
 [67]]",4,1,glioma,1,0.0005508501684137931,0.6939986149470011,0.30545052886009216,1,1.0654885575907732e-05,0.9789931178092957,0.020996266199896734
1473,"[[77]
 [82]
 [48]
 [52]
 [57]
 [48]
 [49]
 [57]
 [67]]",4,1,glioma,1,0.00010581999958958477,0.9438356161117554,0.05605855335791906,1,1.6761554964735599e-06,0.9927101333936056,0.0072881744320814805
1474,"[[77]
 [82]
 [48]
 [52]
 [57]
 [48]
 [49]
 [57]
 [67]]",4,1,glioma,1,1.8201723529879626e-05,0.998984177907308,0.0009975922099935512,1,9.831755429938008e-06,0.9999677737553915,2.236883635002111e-05
1475,"[[77]
 [82]
 [48]
 [50]
 [54]
 [49]
 [55]
 [53]
 [67]]",4,1,glioma,1,0.01810927588182191,0.981294572353363,0.0005961483572415697,1,0.03578422963619232,0.9642149408658346,8.01329264573288e-07
1476,"[[77]
 [82]
 [48]
 [50]
 [54]
 [49]
 [55]
 [53]
 [67]]",4,1,glioma,1,0.004105796183769901,0.9943916201591492,0.0015025954295803483,1,0.00129035857510947,0.9987090428670248,5.687662831821427e-07
1477,"[[77]
 [82]
 [48]
 [50]
 [54]
 [49]
 [55]
 [53]
 [67]]",4,1,glioma,1,0.00019123521027116416,0.999635914961497,0.00017284891297701202,1,0.0029041283511711904,0.9969486792882284,0.00014720932445773846
1478,"[[77]
 [82]
 [48]
 [50]
 [54]
 [49]
 [55]
 [53]
 [67]]",4,1,glioma,1,0.00700992438942194,0.9887272914250692,0.004262786397400002,1,6.10608616019211e-05,0.9999368588129679,2.0578424854515256e-06
1479,"[[49]
 [48]
 [49]
 [55]
 [57]
 [55]]",3,0,meningioma,1,0.4478089213371277,0.5507147908210754,0.0014762942543408524,0,0.7580655614535013,0.2271736649175485,0.014760762453079224
1480,"[[77]
 [82]
 [48]
 [50]
 [54]
 [49]
 [55]
 [53]
 [67]]",4,1,glioma,1,0.006003886228427291,0.9925326903661092,0.0014633925845070432,1,0.0029280722277083746,0.9966603914896647,0.0004115399378861184
1481,"[[77]
 [82]
 [48]
 [50]
 [54]
 [49]
 [55]
 [53]
 [67]]",4,1,glioma,1,0.011324336907515923,0.987795889377594,0.000879746223896897,1,0.006580601058279474,0.9910228053728739,0.002396588461124338
1482,"[[77]
 [82]
 [48]
 [50]
 [54]
 [49]
 [55]
 [53]
 [67]]",4,1,glioma,1,0.007258427174141009,0.9902561704317728,0.0024853627352664867,1,0.0006444329846999608,0.9985644022623698,0.0007912085517697657
1483,"[[77]
 [82]
 [48]
 [53]
 [49]
 [52]
 [54]
 [49]]",2,1,glioma,1,0.001239278237335384,0.9987474679946899,1.3288883261945253e-05,1,2.3573876338408204e-06,0.9999976555506388,1.4898712541455694e-09
1484,"[[77]
 [82]
 [48]
 [53]
 [49]
 [52]
 [54]
 [49]]",2,1,glioma,1,0.011290365209182104,0.9886820713678995,2.7573397649878945e-05,1,7.298435654471784e-05,0.9999270041783651,2.3524504122462986e-08
1485,"[[77]
 [82]
 [48]
 [53]
 [49]
 [52]
 [54]
 [49]]",2,1,glioma,1,0.0012596295564435422,0.9987327257792155,7.620593957350745e-06,1,4.578911921271356e-05,0.9999540646870931,1.397346996630707e-07
1486,"[[77]
 [82]
 [48]
 [53]
 [49]
 [52]
 [54]
 [49]]",2,1,glioma,1,0.0007342249155044556,0.999261756738027,4.018020642130675e-06,1,0.0003559592005331069,0.9995306134223938,0.00011337187121777485
1487,"[[77]
 [82]
 [48]
 [53]
 [49]
 [52]
 [54]
 [49]]",2,1,glioma,1,0.08148577560981114,0.9130320350329081,0.0054821898229420185,1,0.001281003390128414,0.9984360535939535,0.0002829360164469108
1488,"[[77]
 [82]
 [48]
 [53]
 [49]
 [52]
 [54]
 [49]]",2,1,glioma,1,0.0030704261735081673,0.9963687856992086,0.0005607987404800951,1,0.0007674231868198452,0.9991979797681173,3.4627858743382e-05
1489,"[[77]
 [82]
 [48]
 [53]
 [49]
 [52]
 [54]
 [49]]",2,1,glioma,1,0.0004503777648399894,0.9994693398475647,8.032777016827215e-05,1,2.9102524573924407e-06,0.9999964634577433,6.145346536830706e-07
1490,"[[49]
 [48]
 [49]
 [55]
 [57]
 [55]]",3,0,meningioma,0,0.9946032563845316,0.004464198185208564,0.0009325690862169722,0,0.8561209837595621,0.14272373666365942,0.0011552681874794264
1491,"[[77]
 [82]
 [48]
 [53]
 [49]
 [52]
 [54]
 [49]]",2,1,glioma,1,0.00040646057459525764,0.9994807640711466,0.0001128045332734473,1,3.276076366394894e-05,0.9999664624532064,7.498084878913384e-07
1492,"[[77]
 [82]
 [48]
 [53]
 [49]
 [52]
 [54]
 [49]]",2,1,glioma,1,0.00030061425059102476,0.9996479550997416,5.1428494771244004e-05,1,4.458835888954127e-06,0.9999953508377075,1.778914272184314e-07
1493,"[[77]
 [82]
 [48]
 [53]
 [49]
 [53]
 [56]
 [54]]",1,1,glioma,1,0.0001385159048368223,0.9998559355735779,5.499128974406631e-06,1,0.0007582747008806715,0.9992344578107198,7.313665430904355e-06
1494,"[[77]
 [82]
 [48]
 [53]
 [49]
 [53]
 [56]
 [54]]",1,1,glioma,1,0.0007141966173852173,0.9992720484733582,1.3813293624783304e-05,1,1.643714706419293e-05,0.9999831914901733,4.0689909771203975e-07
1495,"[[77]
 [82]
 [48]
 [51]
 [51]
 [51]
 [56]
 [57]
 [66]]",3,1,glioma,1,1.0431057722628164e-05,0.9999891122182211,4.4183009502661114e-07,1,2.2729739979965302e-05,0.999977191289266,8.36750323289041e-08
1496,"[[77]
 [82]
 [48]
 [51]
 [51]
 [51]
 [56]
 [57]
 [66]]",3,1,glioma,1,9.820441276845587e-06,0.9999900658925375,1.0827223291026151e-07,1,0.0012474358979185733,0.9987046321233114,4.791832725459244e-05
1497,"[[77]
 [82]
 [48]
 [51]
 [51]
 [51]
 [56]
 [57]
 [66]]",3,1,glioma,1,2.9694763054056533e-05,0.9999697605768839,5.211157470402794e-07,1,1.834344590179171e-05,0.9999816417694092,6.53799319605784e-10
1498,"[[77]
 [82]
 [48]
 [51]
 [51]
 [51]
 [56]
 [57]
 [66]]",3,1,glioma,1,3.02309370051231e-05,0.9999694426854452,3.3389063145682535e-07,1,8.295562113384372e-06,0.9999917348225912,1.1120634078493005e-10
1499,"[[77]
 [82]
 [48]
 [51]
 [51]
 [51]
 [56]
 [57]
 [66]]",3,1,glioma,1,0.0007666355758525848,0.9992325703303019,7.554048136899453e-07,1,4.571041006780814e-06,0.9999954303105673,4.4434380784205696e-10
1500,"[[77]
 [82]
 [48]
 [50]
 [52]
 [55]
 [56]
 [48]
 [69]]",1,1,glioma,1,2.100550214360434e-06,0.9999978939692179,5.4213501909927686e-08,1,8.953483547754123e-06,0.9999750852584839,1.597218972474816e-05
1501,"[[49]
 [48]
 [49]
 [55]
 [57]
 [55]]",3,0,meningioma,0,0.9280856251716614,0.071721317867438,0.00019308159021610058,0,0.9702757795651754,0.02925946998099486,0.000464789603332368
1502,"[[77]
 [82]
 [48]
 [50]
 [54]
 [49]
 [55]
 [53]
 [69]]",4,1,glioma,1,0.00020506091338271895,0.9992444713910421,0.0005505060798896011,1,0.019515173509716988,0.9453357656796774,0.035149081920584045
1503,"[[77]
 [82]
 [48]
 [50]
 [54]
 [49]
 [55]
 [53]
 [69]]",4,1,glioma,1,4.1626028178143315e-05,0.9998509089152018,0.00010744174323917832,1,5.060517321453517e-05,0.9996580680211385,0.0002912835079769138
1504,"[[77]
 [82]
 [48]
 [50]
 [54]
 [49]
 [55]
 [53]
 [69]]",4,1,glioma,1,5.7946852649592984e-08,0.9999999602635702,2.4601312838730866e-08,1,1.8751131034925686e-07,0.9999987681706747,1.0677868308069567e-06
1505,"[[77]
 [82]
 [48]
 [50]
 [54]
 [49]
 [55]
 [53]
 [69]]",4,1,glioma,1,5.902583476805982e-07,0.9999992450078329,2.2468538792471313e-07,1,4.6893139140265677e-07,0.9999666611353556,3.2887608843642134e-05
1506,"[[77]
 [82]
 [48]
 [50]
 [54]
 [49]
 [55]
 [53]
 [69]]",4,1,glioma,1,3.6988709174086884e-06,0.9999783039093018,1.8010641118356336e-05,1,7.659297868182573e-05,0.9999194542566935,3.933369195389484e-06
1507,"[[77]
 [82]
 [48]
 [50]
 [54]
 [49]
 [55]
 [53]
 [69]]",4,1,glioma,1,6.336268446223888e-06,0.9999890327453613,4.638278748340478e-06,1,7.022979963503909e-07,0.9999958674112955,3.388409747155189e-06
1508,"[[77]
 [82]
 [48]
 [50]
 [54]
 [49]
 [55]
 [53]
 [69]]",4,1,glioma,1,4.293514393793885e-06,0.9999842246373495,1.1467635886219796e-05,1,2.780777440610412e-06,0.9999961455663046,1.0746396128524793e-06
1509,"[[77]
 [82]
 [48]
 [50]
 [54]
 [49]
 [55]
 [53]
 [69]]",4,1,glioma,1,1.255738141026086e-06,0.9999983310699463,4.219127139511632e-07,1,1.5030499677474532e-05,0.9998371799786886,0.00014775268330898447
1510,"[[77]
 [82]
 [48]
 [50]
 [54]
 [49]
 [55]
 [53]
 [69]]",4,1,glioma,1,9.919051080942154e-06,0.9999862511952718,3.878040824171573e-06,1,0.0002499841508930937,0.9997380971908569,1.1908088254131144e-05
1511,"[[77]
 [82]
 [48]
 [50]
 [54]
 [49]
 [55]
 [53]
 [69]]",4,1,glioma,1,4.851056090160455e-08,0.9999999205271403,4.2311773344276084e-08,1,3.100924557960146e-05,0.9999675353368124,1.420814366307847e-06
1512,"[[49]
 [48]
 [50]
 [52]
 [50]
 [48]]",0,0,meningioma,0,0.7794631520907084,0.03969136873881022,0.1808454766869545,0,0.972811241944631,0.007351967350890239,0.019836772854129475
1513,"[[77]
 [82]
 [48]
 [50]
 [54]
 [49]
 [55]
 [53]
 [69]]",4,1,glioma,1,3.16940514721864e-07,0.9999996423721313,4.553161403464401e-08,1,7.147295870405894e-05,0.9999281962712606,3.2460103227549553e-07
1514,"[[77]
 [82]
 [48]
 [50]
 [54]
 [49]
 [55]
 [53]
 [69]]",4,1,glioma,1,2.6707361181858386e-07,0.9999997615814209,1.7494974506130727e-08,1,3.6154227189832966e-07,0.9999974568684896,2.206378818906766e-06
1515,"[[77]
 [82]
 [48]
 [52]
 [48]
 [50]
 [52]
 [48]
 [67]]",4,1,glioma,1,0.012539131566882133,0.9195691347122192,0.067891717577974,1,8.617206731287297e-05,0.9998606642087301,5.320490223918265e-05
1516,"[[77]
 [82]
 [48]
 [52]
 [48]
 [50]
 [52]
 [48]
 [67]]",4,1,glioma,1,4.9945084962625215e-06,0.9999911785125732,3.860732704197289e-06,1,0.000323650471689992,0.9979971647262573,0.0016791795884879928
1517,"[[77]
 [82]
 [48]
 [52]
 [48]
 [50]
 [52]
 [48]
 [67]]",4,1,glioma,1,1.8401659569159772e-05,0.9999581575393677,2.3424708388120052e-05,1,0.007252751577955981,0.9922911127408346,0.0004561010525018598
1518,"[[77]
 [82]
 [48]
 [52]
 [48]
 [50]
 [52]
 [48]
 [67]]",4,1,glioma,1,0.00045124035871898133,0.9886283874511719,0.010920411441475153,1,3.2743567620248846e-06,0.9999784231185913,1.8306502473327175e-05
1519,"[[77]
 [82]
 [48]
 [52]
 [48]
 [50]
 [52]
 [48]
 [67]]",4,1,glioma,1,2.079946625599405e-06,0.9999878803888956,1.0117802503373241e-05,1,6.721970261006997e-06,0.9995870590209961,0.00040621986651482683
1520,"[[77]
 [82]
 [48]
 [52]
 [48]
 [50]
 [52]
 [48]
 [67]]",4,1,glioma,1,1.1104454481862074e-07,0.9999986886978149,1.2138873444200726e-06,1,2.979865176463055e-07,0.9999980529149374,1.6667669531974145e-06
1521,"[[77]
 [82]
 [48]
 [52]
 [48]
 [50]
 [52]
 [48]
 [67]]",4,1,glioma,1,8.15502983944801e-05,0.9998158613840739,0.000102652612743744,1,3.1433787294569506e-06,0.9999926884969076,4.124451758495222e-06
1522,"[[77]
 [82]
 [48]
 [52]
 [48]
 [50]
 [52]
 [48]
 [67]]",4,1,glioma,1,5.0686377411087356e-05,0.9999192953109741,2.9988586447871057e-05,1,1.0436990531085637e-07,0.9999993244806925,5.891896961429666e-07
1523,"[[49]
 [48]
 [50]
 [52]
 [50]
 [48]]",0,0,meningioma,0,0.8192307353019714,0.050953357170025505,0.12981592739621797,0,0.8886981209119161,0.020356277314325173,0.09094557290275891
1524,"[[77]
 [82]
 [48]
 [52]
 [48]
 [50]
 [52]
 [48]
 [67]]",4,1,glioma,1,0.00012433242955012247,0.9997924566268921,8.317931254471962e-05,1,9.051142105439188e-07,0.9999984502792358,6.203378575264651e-07
1525,"[[77]
 [82]
 [48]
 [52]
 [48]
 [50]
 [52]
 [48]
 [67]]",4,1,glioma,1,0.00040344053801770013,0.9995926221211752,3.9183699982459075e-06,1,2.485920058840444e-06,0.9999972581863403,2.4144192896831857e-07
1526,"[[77]
 [82]
 [48]
 [52]
 [48]
 [50]
 [52]
 [48]
 [67]]",4,1,glioma,1,1.2442530533007812e-05,0.9999870459238688,5.26954489525148e-07,1,7.886836889762587e-05,0.9998957514762878,2.5370021527730085e-05
1527,"[[77]
 [82]
 [48]
 [52]
 [48]
 [50]
 [52]
 [48]
 [68]]",4,1,glioma,1,0.006973442699139317,0.9362645745277405,0.05676198843866587,1,0.001325257132217909,0.9976515173912048,0.0010231977588167258
1528,"[[77]
 [82]
 [48]
 [52]
 [48]
 [50]
 [52]
 [48]
 [68]]",4,1,glioma,1,9.61784629301595e-06,0.9999733368555704,1.708956574475451e-05,1,1.4890043985360535e-05,0.9999812841415405,3.839754114665084e-06
1529,"[[77]
 [82]
 [48]
 [52]
 [48]
 [50]
 [52]
 [48]
 [68]]",4,1,glioma,1,3.2531078962468505e-06,0.999996026357015,7.018997057646933e-07,1,3.668122873050954e-10,1.0,2.0820046088279704e-09
1530,"[[77]
 [82]
 [48]
 [52]
 [48]
 [50]
 [52]
 [48]
 [68]]",4,1,glioma,1,7.101330766090541e-06,0.9999918142954508,1.0673577008901702e-06,1,0.00014470202495431295,0.9998261133829752,2.915665648591433e-05
1531,"[[77]
 [82]
 [48]
 [52]
 [48]
 [50]
 [52]
 [48]
 [68]]",4,1,glioma,1,9.675737923468357e-07,0.9999988873799642,1.3043900715103973e-07,1,2.148317039818437e-07,0.9999996026357015,2.088143228699361e-07
1532,"[[77]
 [82]
 [48]
 [52]
 [48]
 [50]
 [52]
 [48]
 [68]]",4,1,glioma,1,4.458048617076808e-06,0.9999922116597494,3.3085525690997506e-06,1,1.6072621796444272e-07,0.9999997218449911,1.0058953196316149e-07
1533,"[[77]
 [82]
 [48]
 [52]
 [48]
 [50]
 [52]
 [48]
 [68]]",4,1,glioma,1,3.8686088998929336e-07,0.9999994436899821,1.865207496602276e-07,1,2.507362211560486e-07,0.9999997218449911,4.991653845820565e-08
1534,"[[49]
 [48]
 [50]
 [52]
 [50]
 [48]]",0,0,meningioma,0,0.7421573797861735,0.04641717051466306,0.21142546832561493,0,0.9506064653396606,0.006649119934688012,0.0427444064989686
1535,"[[77]
 [82]
 [48]
 [52]
 [48]
 [50]
 [52]
 [48]
 [68]]",4,1,glioma,1,7.478893640685177e-07,0.9999990463256836,2.0673947768538406e-07,1,8.810083215848863e-06,0.9999881585439047,3.0134633561829105e-06
1536,"[[77]
 [82]
 [48]
 [52]
 [48]
 [50]
 [52]
 [48]
 [68]]",4,1,glioma,1,3.368599512517297e-06,0.999992847442627,3.7658034273135854e-06,1,1.7023414194961006e-07,0.9999990065892538,8.070884949991827e-07
1537,"[[77]
 [82]
 [48]
 [52]
 [48]
 [50]
 [52]
 [48]
 [68]]",4,1,glioma,1,1.234801554043467e-06,0.9999983310699463,4.3625795006126583e-07,1,7.106275911790879e-07,0.9999984900156657,7.97013932185564e-07
1538,"[[77]
 [82]
 [48]
 [52]
 [48]
 [50]
 [52]
 [48]
 [68]]",4,1,glioma,1,3.819751668743265e-06,0.9999936024347941,2.5864635328313548e-06,1,9.734694143547866e-08,0.999999483426412,4.514035524631292e-07
1539,"[[77]
 [82]
 [48]
 [49]
 [55]
 [50]
 [54]
 [48]
 [70]]",1,1,glioma,1,0.00806558116649588,0.98584512869517,0.006089258706197143,1,0.0018903944098080199,0.9965573151906332,0.0015522840452225257
1540,"[[77]
 [82]
 [48]
 [49]
 [55]
 [50]
 [54]
 [48]
 [70]]",1,1,glioma,1,3.7622021712498586e-05,0.9997853438059489,0.0001770399221641128,1,2.6743985415504192e-06,0.9999270439147949,7.02671168516152e-05
1541,"[[77]
 [82]
 [48]
 [49]
 [55]
 [50]
 [54]
 [48]
 [70]]",1,1,glioma,1,1.5457863355550217e-05,0.999980648358663,3.890856447696933e-06,1,0.00018853561489606818,0.9997301896413168,8.130570463530755e-05
1542,"[[77]
 [82]
 [48]
 [49]
 [55]
 [50]
 [54]
 [48]
 [70]]",1,1,glioma,1,6.397389048136877e-06,0.9999912977218628,2.3188948610197713e-06,1,5.558452118303858e-07,0.9999887943267822,1.0655550619631526e-05
1543,"[[77]
 [82]
 [48]
 [49]
 [55]
 [50]
 [54]
 [48]
 [70]]",1,1,glioma,1,0.0010631337887995567,0.9989282488822937,8.60970153363875e-06,1,4.559369351871586e-05,0.9998686710993449,8.571626698265315e-05
1544,"[[77]
 [82]
 [48]
 [49]
 [55]
 [50]
 [54]
 [48]
 [70]]",1,1,glioma,1,5.479194048045125e-05,0.9999425411224365,2.6477170062359314e-06,1,4.5899335220321115e-08,0.9999996423721313,2.7555098789979377e-07
1545,"[[49]
 [48]
 [50]
 [52]
 [52]
 [54]]",4,0,meningioma,0,0.9896003603935242,0.010367306570212046,3.2273324298633575e-05,0,0.9921532869338989,0.0065350682513477905,0.0013116770035897691
1546,"[[77]
 [82]
 [48]
 [49]
 [55]
 [50]
 [54]
 [48]
 [70]]",1,1,glioma,1,4.637441346252066e-05,0.999952475229899,1.138005292962892e-06,1,3.3007958879135063e-07,0.9999987681706747,8.817910821246056e-07
1547,"[[77]
 [82]
 [48]
 [49]
 [55]
 [50]
 [54]
 [48]
 [70]]",1,1,glioma,1,2.2954849100642605e-05,0.9999764760335287,5.27986249683939e-07,1,1.0538234474522883e-07,0.9999998807907104,1.3012934190056655e-08
1548,"[[77]
 [82]
 [48]
 [49]
 [55]
 [50]
 [54]
 [48]
 [70]]",1,1,glioma,1,7.108800408180589e-06,0.9999927679697672,1.1940862876258507e-07,1,6.875489030333526e-07,0.9999990860621134,2.618429231215913e-07
1549,"[[77]
 [82]
 [48]
 [49]
 [55]
 [50]
 [54]
 [48]
 [70]]",1,1,glioma,1,0.04947902262210846,0.9504717787106832,4.92495164508e-05,1,2.510019104325541e-05,0.9999708334604899,4.029862579339276e-06
1550,"[[77]
 [82]
 [48]
 [50]
 [57]
 [50]
 [48]
 [57]
 [73]]",4,1,glioma,1,1.8764031809818487e-08,0.9999999205271403,8.819900010337278e-08,1,1.27067967351883e-08,0.9999994039535522,6.168647720035855e-07
1551,"[[77]
 [82]
 [48]
 [50]
 [57]
 [50]
 [48]
 [57]
 [73]]",4,1,glioma,1,6.594511248181334e-08,0.9999999205271403,2.892007936831457e-08,1,4.33916932252032e-06,0.9999924500783285,3.2067656168995504e-06
1552,"[[77]
 [82]
 [48]
 [50]
 [57]
 [50]
 [48]
 [57]
 [73]]",4,1,glioma,1,6.713864877383457e-07,0.999999205271403,1.3380759019317642e-07,1,1.6524072577794868e-05,0.999981681505839,1.7791570409523654e-06
1553,"[[77]
 [82]
 [48]
 [50]
 [57]
 [50]
 [48]
 [57]
 [73]]",4,1,glioma,1,2.798532818815147e-07,0.9999996821085612,1.0503414908195434e-07,1,1.3618715361947883e-05,0.9999827941258749,3.626461534622649e-06
1554,"[[77]
 [82]
 [48]
 [50]
 [57]
 [50]
 [48]
 [57]
 [73]]",4,1,glioma,1,1.9104264955179437e-07,0.9999998013178507,2.6367322251511876e-08,1,0.00021286467191809302,0.9997820059458414,5.132485265827806e-06
1555,"[[77]
 [82]
 [48]
 [50]
 [57]
 [50]
 [48]
 [57]
 [73]]",4,1,glioma,1,5.6329502247839024e-08,0.9999998807907104,4.7966015159772724e-08,1,7.665811431560124e-07,0.999999205271403,4.7104975919864955e-08
1556,"[[49]
 [48]
 [50]
 [52]
 [50]
 [48]]",0,0,meningioma,0,0.5692077875137329,0.2803145448366801,0.15047768503427505,0,0.8416489164034525,0.11952381332715352,0.03882730255524317
1557,"[[49]
 [48]
 [50]
 [54]
 [55]
 [53]]",2,0,meningioma,1,0.06483296180764835,0.9351306160291036,3.647192716016434e-05,1,0.24951522052288055,0.735577384630839,0.014907383359968662
1558,"[[77]
 [82]
 [48]
 [50]
 [57]
 [50]
 [48]
 [57]
 [73]]",4,1,glioma,1,9.312042834608292e-07,0.9999989668528239,5.891547605330061e-08,1,4.749782291924021e-06,0.9999950329462687,2.1943472698164138e-07
1559,"[[77]
 [82]
 [48]
 [50]
 [57]
 [50]
 [48]
 [57]
 [73]]",4,1,glioma,1,4.029821184303728e-06,0.9999959866205851,3.395499222532313e-08,1,1.888466052453926e-05,0.9999808470408121,2.959135336766394e-07
1560,"[[77]
 [82]
 [48]
 [50]
 [57]
 [50]
 [48]
 [57]
 [73]]",4,1,glioma,1,4.653503045422743e-06,0.9999952713648478,4.816636149188961e-08,1,2.6434925122960823e-07,0.9999997615814209,4.381642502530407e-09
1561,"[[77]
 [82]
 [48]
 [52]
 [56]
 [50]
 [57]
 [52]]",0,1,glioma,1,0.03064510722955068,0.9124377568562826,0.056917110768457256,1,0.004207124041082959,0.994063119093577,0.0017297450582797562
1562,"[[77]
 [82]
 [48]
 [52]
 [56]
 [50]
 [57]
 [52]]",0,1,glioma,1,0.07804489384094875,0.6269224087397257,0.29503268500169116,1,0.04870079318061471,0.9498632152875265,0.0014360170086244277
1563,"[[77]
 [82]
 [48]
 [52]
 [56]
 [50]
 [57]
 [52]]",0,1,glioma,1,0.14045817901690802,0.7113768061002096,0.1481650322675705,1,0.03659527205551664,0.9630919496218363,0.0003127644098033973
1564,"[[77]
 [82]
 [48]
 [52]
 [56]
 [50]
 [57]
 [52]]",0,1,glioma,1,0.031965392331282295,0.9174896279970804,0.05054497222105662,1,0.018616457159320515,0.9803618788719177,0.0010216841862226527
1565,"[[77]
 [82]
 [48]
 [52]
 [56]
 [50]
 [57]
 [52]]",0,1,glioma,1,0.07173392176628113,0.6643877327442169,0.26387832686305046,1,0.010395825530091921,0.9893868565559387,0.00021735994838915454
1566,"[[77]
 [82]
 [48]
 [52]
 [56]
 [50]
 [57]
 [52]]",0,1,glioma,1,0.020926980922619503,0.9567365050315857,0.022336515481583774,1,0.04872402548789978,0.9490071535110474,0.002268871602912744
1567,"[[77]
 [82]
 [48]
 [52]
 [56]
 [50]
 [57]
 [52]]",0,1,glioma,1,0.02773752125600974,0.9471267263094584,0.025135743664577603,1,0.003188118222169578,0.9962998628616333,0.0005120053198576594
1568,"[[49]
 [48]
 [50]
 [54]
 [55]
 [53]]",2,0,meningioma,0,0.6765839656194051,0.3233843296766281,3.169720306080611e-05,1,0.05295550419638554,0.7284922103087107,0.2185522640744845
1569,"[[77]
 [82]
 [48]
 [52]
 [56]
 [50]
 [57]
 [55]]",4,1,glioma,1,6.983498224144569e-06,0.9985006054242452,0.0014924260237118385,1,2.0013857978303426e-07,0.9999802112579346,1.9608471423756175e-05
1570,"[[77]
 [82]
 [48]
 [52]
 [56]
 [50]
 [57]
 [55]]",4,1,glioma,1,1.3375837018732758e-05,0.9997931718826294,0.00019346175152653208,1,3.52628683704855e-06,0.9999715089797974,2.4936606223491253e-05
1571,"[[77]
 [82]
 [48]
 [52]
 [56]
 [50]
 [57]
 [55]]",4,1,glioma,1,5.102659239734445e-05,0.9997545282046,0.00019441034328337992,1,2.132642055130418e-05,0.9998188416163126,0.00015976496797520667
1572,"[[77]
 [82]
 [48]
 [52]
 [56]
 [50]
 [57]
 [55]]",4,1,glioma,1,0.00013103253392425054,0.9933882355690002,0.006480724162732561,1,7.754900167356027e-05,0.9738937616348267,0.026028744410723448
1573,"[[77]
 [82]
 [48]
 [52]
 [56]
 [50]
 [57]
 [55]]",4,1,glioma,1,1.682565592394288e-05,0.9998229543368021,0.00016017882444430143,1,8.304382686219469e-05,0.9869104822476705,0.013006422552280128
1574,"[[77]
 [82]
 [48]
 [52]
 [56]
 [50]
 [57]
 [52]
 [66]]",4,1,glioma,1,0.00030128763561757904,0.9650092323621114,0.034689524521430336,1,4.5667743127827025e-06,0.9999943971633911,1.0166095402534363e-06
1575,"[[77]
 [82]
 [48]
 [52]
 [56]
 [50]
 [57]
 [52]
 [66]]",4,1,glioma,1,0.0012778317322954535,0.9579572280248007,0.04076498281210661,1,3.61054835214721e-07,0.992091695467631,0.007907921099103987
1576,"[[77]
 [82]
 [48]
 [52]
 [56]
 [50]
 [57]
 [52]
 [66]]",4,1,glioma,1,0.00017500793910585344,0.9915423591931661,0.008282618907590708,1,1.7028075838254608e-07,0.9999959468841553,3.891997910917174e-06
1577,"[[77]
 [82]
 [48]
 [52]
 [56]
 [50]
 [57]
 [52]
 [66]]",4,1,glioma,1,0.00018244739476358518,0.9974301060040792,0.0023874704008145877,1,0.00013856177110938006,0.9998073776563009,5.4053825503312204e-05
1578,"[[77]
 [82]
 [48]
 [52]
 [56]
 [50]
 [57]
 [52]
 [66]]",4,1,glioma,1,2.0455586006088804e-05,0.999492347240448,0.00048717295248934533,1,5.2759597836404826e-09,0.9999999602635702,7.07608348212337e-08
1579,"[[49]
 [48]
 [50]
 [55]
 [49]
 [52]]",4,0,meningioma,2,0.18298488855361938,0.3127858539422353,0.5042292674382528,0,0.8154064019521078,0.1638418212532997,0.020751825844248135
1580,"[[77]
 [82]
 [48]
 [52]
 [56]
 [54]
 [50]
 [49]
 [66]]",0,1,glioma,1,0.0662929763396581,0.9091646472613016,0.024542415825029213,1,0.0040663501325373845,0.9951978723208109,0.0007357755336367214
1581,"[[77]
 [82]
 [48]
 [52]
 [56]
 [54]
 [50]
 [49]
 [66]]",0,1,glioma,1,0.05476126323143641,0.9006081223487854,0.044630580892165504,1,0.0007522795640397817,0.999172031879425,7.56627653875815e-05
1582,"[[77]
 [82]
 [48]
 [52]
 [56]
 [54]
 [50]
 [49]
 [66]]",0,1,glioma,1,0.025079146027565002,0.9621433218320211,0.012777537767154476,1,0.00036479972186498344,0.9970659216245016,0.002569245572279518
1583,"[[77]
 [82]
 [48]
 [52]
 [56]
 [54]
 [50]
 [49]
 [66]]",0,1,glioma,1,0.016280760678152244,0.9520503282546997,0.03166884509846568,1,0.0009152627753792331,0.9897613724072775,0.009323394314075509
1584,"[[77]
 [82]
 [48]
 [52]
 [56]
 [54]
 [50]
 [49]
 [66]]",0,1,glioma,1,0.024677277853091557,0.8727216720581055,0.10260102277000745,1,0.005023924944301446,0.9902279575665792,0.0047481181294036405
1585,"[[77]
 [82]
 [48]
 [52]
 [56]
 [54]
 [50]
 [49]
 [66]]",0,1,glioma,1,0.0020095454916978874,0.9928730726242065,0.005117428013666843,1,0.013475560660784444,0.9850303133328756,0.0014941487558341275
1586,"[[77]
 [82]
 [48]
 [52]
 [56]
 [57]
 [52]
 [52]]",4,1,glioma,1,0.007267447809378306,0.9794241984685262,0.013308339441816011,1,2.6261980868487928e-05,0.99997345606486,2.952302082803726e-07
1587,"[[77]
 [82]
 [48]
 [52]
 [56]
 [57]
 [52]
 [52]]",4,1,glioma,1,0.0006731305135569224,0.9982460935910543,0.00108082239360859,1,6.987704940305169e-06,0.9999929666519165,1.0877774651400311e-07
1588,"[[77]
 [82]
 [48]
 [52]
 [56]
 [57]
 [52]
 [52]]",4,1,glioma,1,2.658557029159662e-05,0.9999684492746989,4.946574942247632e-06,1,0.0003258522222798395,0.9996738036473592,3.659920026303591e-07
1589,"[[77]
 [82]
 [48]
 [52]
 [56]
 [57]
 [52]
 [52]]",4,1,glioma,1,0.0001759899362999325,0.9997479518254598,7.606870091573607e-05,1,0.00010395793409164374,0.999895970026652,7.622654507599691e-08
1590,"[[49]
 [48]
 [50]
 [55]
 [49]
 [52]]",4,0,meningioma,0,0.3574524720509847,0.3125893970330556,0.32995811601479846,0,0.9669225017229716,0.02787702561666568,0.005200443711752693
1591,"[[77]
 [82]
 [48]
 [52]
 [56]
 [57]
 [52]
 [52]]",4,1,glioma,1,0.004486415768042207,0.9882067441940308,0.007306829133691887,1,5.9104026680264115e-06,0.9999934832255045,5.953733648311754e-07
1592,"[[77]
 [82]
 [48]
 [52]
 [56]
 [57]
 [52]
 [52]]",4,1,glioma,1,0.00048513495494262315,0.9986415108044943,0.0008733842902681014,1,9.622696741947342e-06,0.9999903043111166,7.640864948162592e-08
1593,"[[77]
 [82]
 [48]
 [52]
 [56]
 [57]
 [52]
 [52]]",4,1,glioma,1,0.011856643677068254,0.9877707958221436,0.00037256793742320343,1,9.561393502129552e-05,0.9999016920725504,2.6447854869123453e-06
1594,"[[77]
 [82]
 [48]
 [52]
 [56]
 [57]
 [52]
 [52]]",4,1,glioma,1,2.5184923894509364e-05,0.9999715487162272,3.2578360181408548e-06,1,4.6642702235052034e-05,0.999926765759786,2.6590948702202393e-05
1595,"[[77]
 [82]
 [48]
 [52]
 [56]
 [57]
 [52]
 [52]]",4,1,glioma,1,6.77917993622638e-06,0.9999906619389852,2.570210294076484e-06,1,0.0003279232914792374,0.9992827773094177,0.00038925498180712265
1596,"[[77]
 [82]
 [48]
 [52]
 [56]
 [57]
 [57]
 [52]]",1,1,glioma,1,0.32563673953215283,0.6743169029553732,4.6377321761307634e-05,1,0.002037963034429898,0.9979617794354757,2.669890694454817e-07
1597,"[[77]
 [82]
 [48]
 [52]
 [56]
 [57]
 [57]
 [52]]",1,1,glioma,1,0.08300917968153954,0.9169871608416239,3.669134481280404e-06,1,0.029269429855048656,0.9707271655400594,3.462517715509724e-06
1598,"[[77]
 [82]
 [48]
 [52]
 [56]
 [57]
 [57]
 [52]]",1,1,glioma,1,0.1526798529860874,0.8473158280054728,4.340234700824415e-06,1,0.0037123607956649116,0.9962867299715678,9.240805161810547e-07
1599,"[[77]
 [82]
 [48]
 [52]
 [56]
 [57]
 [57]
 [52]]",1,1,glioma,1,0.03027537666882078,0.9697115421295166,1.3064591257716529e-05,1,0.012277529885371527,0.9875834186871847,0.00013904980520843915
1600,"[[77]
 [82]
 [48]
 [52]
 [56]
 [57]
 [57]
 [52]]",1,1,glioma,1,0.06235982539753119,0.9374815026919047,0.00015865322029640083,1,0.05564302050819,0.9443562825520834,6.799590958432115e-07
1601,"[[49]
 [48]
 [50]
 [55]
 [49]
 [52]]",4,0,meningioma,0,0.829562763373057,0.10714842627445857,0.06328878365457058,0,0.9336298902829488,0.0010553335329556528,0.06531478092074394
1602,"[[77]
 [82]
 [48]
 [52]
 [56]
 [57]
 [57]
 [52]]",1,1,glioma,1,0.004108061470712225,0.9958791931470236,1.2772488768556892e-05,1,0.17590094233552614,0.8240970571835836,2.0092021344453315e-06
1603,"[[77]
 [82]
 [48]
 [52]
 [56]
 [57]
 [57]
 [52]]",1,1,glioma,1,0.06911835943659146,0.930720309416453,0.00016132930856353292,1,0.06822615241010983,0.9317674040794373,6.459177387322749e-06
1604,"[[77]
 [82]
 [48]
 [51]
 [55]
 [52]
 [53]
 [56]
 [67]]",2,1,glioma,1,0.0021666231914423406,0.9978266557057699,6.669294710566949e-06,1,2.7014216205619352e-05,0.9998448888460795,0.0001280803019956996
1605,"[[77]
 [82]
 [48]
 [52]
 [48]
 [50]
 [52]
 [48]]",3,1,glioma,1,0.0025769304552341055,0.9973615407943726,6.153845098211264e-05,1,0.06616276642307639,0.9337478081385294,8.940325824369211e-05
1606,"[[77]
 [82]
 [48]
 [52]
 [48]
 [50]
 [52]
 [48]]",3,1,glioma,1,0.014095469765986005,0.9856417179107666,0.0002627421849107729,1,0.0011798939846130452,0.9987598657608032,6.022493962139682e-05
1607,"[[77]
 [82]
 [48]
 [52]
 [48]
 [50]
 [52]
 [48]]",3,1,glioma,1,0.005440461905285095,0.9943007628122965,0.0002588027672345561,1,0.09328834929813941,0.9055273135503134,0.0011843877631084372
1608,"[[77]
 [82]
 [48]
 [52]
 [48]
 [50]
 [52]
 [48]]",3,1,glioma,1,0.0061520887005220475,0.9933652480443319,0.0004826940727677235,1,0.007439143761682014,0.9912480115890503,0.0013127841035990666
1609,"[[77]
 [82]
 [48]
 [52]
 [48]
 [50]
 [52]
 [48]]",3,1,glioma,1,0.004718761946908974,0.9949059883753458,0.0003752786430292569,1,4.920306595816252e-05,0.9999409119288126,9.833541041596542e-06
1610,"[[77]
 [82]
 [48]
 [52]
 [48]
 [50]
 [52]
 [48]]",3,1,glioma,1,0.00044838913055400553,0.9994219144185384,0.0001297038676568718,1,5.501720875500382e-05,0.9999228119850159,2.223284870221202e-05
1611,"[[77]
 [82]
 [48]
 [52]
 [48]
 [50]
 [52]
 [48]]",3,1,glioma,1,0.002107653266136822,0.9974329272905985,0.000459416296709018,1,0.00032167317128066014,0.9993586738904318,0.0003197038637760367
1612,"[[49]
 [48]
 [50]
 [55]
 [49]
 [52]]",4,0,meningioma,0,0.5128488739331564,0.3527269661426544,0.1344242071111997,0,0.9164003133773804,0.08351099801560243,8.869018711266108e-05
1613,"[[77]
 [82]
 [48]
 [52]
 [48]
 [50]
 [52]
 [48]]",3,1,glioma,1,0.013842640246063334,0.9824137091636658,0.0037436606689880136,1,8.631304609707513e-05,0.9996139208475748,0.00029972501549006364
1614,"[[77]
 [82]
 [48]
 [52]
 [48]
 [50]
 [52]
 [48]]",3,1,glioma,1,0.002261578276829823,0.9936197201410929,0.004118705811076022,1,6.747313279061491e-05,0.9999230106671652,9.54921789938131e-06
1615,"[[77]
 [82]
 [48]
 [52]
 [48]
 [50]
 [52]
 [48]]",3,1,glioma,1,6.019899083146522e-06,0.9999926090240479,1.3657770672192981e-06,1,0.00020072557287420523,0.9997971455256144,2.1755736838713347e-06
1616,"[[77]
 [82]
 [48]
 [52]
 [48]
 [50]
 [52]
 [48]
 [66]]",3,1,glioma,1,0.024507436396864552,0.9717036883036295,0.0037888312460078546,1,0.015938694588840008,0.9824559291203817,0.0016053341969382018
1617,"[[77]
 [82]
 [48]
 [52]
 [48]
 [50]
 [52]
 [48]
 [66]]",3,1,glioma,1,0.001028836860617351,0.9986858566602071,0.0002852973211702192,1,0.0459332512691617,0.9538107713063558,0.00025591141456970945
1618,"[[77]
 [82]
 [48]
 [52]
 [48]
 [50]
 [52]
 [48]
 [66]]",3,1,glioma,1,0.0030800039166933857,0.9944367011388143,0.002483295225223022,1,0.0034377726769889705,0.9965542356173197,7.996599985441813e-06
1619,"[[77]
 [82]
 [48]
 [52]
 [48]
 [50]
 [52]
 [48]
 [66]]",3,1,glioma,1,0.005105036306000936,0.9914804100990295,0.003414594231192799,1,0.0019488811455327475,0.9979805747667948,7.04721869055902e-05
1620,"[[77]
 [82]
 [48]
 [52]
 [48]
 [50]
 [52]
 [48]
 [66]]",3,1,glioma,1,0.004800225768121891,0.9930638273557028,0.0021359386825376228,1,0.0001445111088026844,0.9995144804318746,0.0003409865056767103
1621,"[[77]
 [82]
 [48]
 [52]
 [48]
 [50]
 [52]
 [48]
 [66]]",3,1,glioma,1,0.020234055370868493,0.9495025674502054,0.030263437035803992,1,0.0002316472132607809,0.9995265404383341,0.00024188757277462022
1622,"[[77]
 [82]
 [48]
 [52]
 [48]
 [50]
 [52]
 [48]
 [66]]",3,1,glioma,1,0.007133453378476891,0.9925661683082581,0.00030038455090182953,1,2.4645388871776437e-05,0.999969998995463,5.3804317655670175e-06
1623,"[[49]
 [48]
 [50]
 [57]
 [50]
 [57]]",0,0,meningioma,2,0.10998115719606479,0.024906029769529898,0.865112841129303,2,0.006178855352724592,0.00036554007723073784,0.9934556285540262
1624,"[[77]
 [82]
 [48]
 [52]
 [48]
 [50]
 [52]
 [48]
 [66]]",3,1,glioma,1,0.0024952573388266805,0.996768593788147,0.0007361488154250159,1,0.003934495463909116,0.9941162665685018,0.0019491939965519123
1625,"[[77]
 [82]
 [48]
 [52]
 [48]
 [50]
 [52]
 [48]
 [66]]",3,1,glioma,1,0.00012067195214745159,0.9998197356859843,5.959969113433772e-05,1,2.572715949374545e-05,0.9999120632807413,6.219239039258657e-05
1626,"[[77]
 [82]
 [48]
 [52]
 [48]
 [50]
 [52]
 [48]
 [66]]",3,1,glioma,1,1.3069757370753887e-05,0.9999827941258749,4.148936331678972e-06,1,0.0006726270631342383,0.9993265469868978,8.622151439670785e-07
1627,"[[77]
 [82]
 [48]
 [50]
 [57]
 [50]
 [48]
 [57]
 [71]]",1,1,glioma,1,0.019933786243200302,0.9793758392333984,0.0006903903073786447,1,0.012642461903548488,0.9873496890068054,7.834408000858181e-06
1628,"[[77]
 [82]
 [48]
 [50]
 [57]
 [50]
 [48]
 [57]
 [71]]",1,1,glioma,1,0.0005625975657797729,0.9993969996770223,4.042369619128294e-05,1,0.0016319501301040873,0.9983412822087606,2.677477963667722e-05
1629,"[[77]
 [82]
 [48]
 [50]
 [57]
 [50]
 [48]
 [57]
 [71]]",1,1,glioma,1,0.004434518128012617,0.9954980214436849,6.746993191579047e-05,0,0.7712677121162415,0.09603467832008998,0.1326975872119268
1630,"[[77]
 [82]
 [48]
 [50]
 [57]
 [50]
 [48]
 [57]
 [71]]",1,1,glioma,1,1.2387124797896831e-05,0.9999854962031046,2.0922302847263077e-06,1,2.3046831211977667e-07,0.9999988476435343,9.461080500150487e-07
1631,"[[77]
 [82]
 [48]
 [50]
 [57]
 [50]
 [48]
 [57]
 [71]]",1,1,glioma,1,5.596062313391788e-06,0.9999941190083822,3.1029134017757087e-07,1,6.877564786382054e-07,0.9999989668528239,3.602707589293412e-07
1632,"[[77]
 [82]
 [48]
 [50]
 [57]
 [50]
 [48]
 [57]
 [71]]",1,1,glioma,1,0.0006352776448087146,0.9993628660837809,1.8870448818357015e-06,1,1.3590822965407293e-05,0.9999860127766927,3.7800817169012885e-07
1633,"[[77]
 [82]
 [48]
 [50]
 [57]
 [50]
 [48]
 [57]
 [71]]",1,1,glioma,1,0.04664681851863861,0.9532186587651571,0.00013450663285160166,1,0.02086578697587053,0.979094386100769,3.978887442220488e-05
1634,"[[49]
 [48]
 [50]
 [57]
 [50]
 [57]]",0,0,meningioma,2,0.11043892862896125,0.0064510634789864225,0.8831100066502889,2,0.12903884053230286,0.003049374713251988,0.8679117759068807
1635,"[[77]
 [82]
 [48]
 [51]
 [54]
 [52]
 [57]
 [54]
 [66]]",4,1,glioma,1,8.615363033944353e-06,0.9999732573827108,1.812607994603847e-05,1,7.028294423487106e-07,0.9999993244806925,7.438308383585686e-09
1636,"[[77]
 [82]
 [48]
 [51]
 [54]
 [52]
 [57]
 [54]
 [66]]",4,1,glioma,1,2.244800756064554e-05,0.9999543825785319,2.3164836269036943e-05,1,0.00011085760161222424,0.9998889565467834,1.856857103632592e-07
1637,"[[77]
 [82]
 [48]
 [51]
 [54]
 [52]
 [57]
 [54]
 [66]]",4,1,glioma,1,0.00033284348804348457,0.9996330142021179,3.4153458576232275e-05,1,0.004618616114991407,0.9953322807947794,4.9131257886377476e-05
1638,"[[77]
 [82]
 [48]
 [51]
 [54]
 [52]
 [57]
 [54]
 [66]]",4,1,glioma,1,0.0006103971439491337,0.9993850390116373,4.566198526845255e-06,1,2.2841428015674126e-06,0.9999976555506388,4.233134353233877e-08
1639,"[[77]
 [82]
 [48]
 [51]
 [54]
 [52]
 [57]
 [54]
 [66]]",4,1,glioma,1,0.0024317632002445557,0.9975667595863342,1.4554924708439405e-06,1,6.497182828487287e-06,0.9999934434890747,5.8815012161465376e-08
1640,"[[77]
 [82]
 [48]
 [51]
 [54]
 [52]
 [57]
 [54]
 [66]]",4,1,glioma,1,0.0051565525742868585,0.9948189655939738,2.4479471354273603e-05,1,6.340911568258889e-05,0.9999186197916666,1.795227399270516e-05
1641,"[[77]
 [82]
 [48]
 [51]
 [51]
 [52]
 [50]
 [48]]",0,1,glioma,1,0.2540981223185857,0.7345411976178488,0.01136065439398711,1,0.0774489597727855,0.9225091934204102,4.185182100021242e-05
1642,"[[77]
 [82]
 [48]
 [51]
 [51]
 [52]
 [50]
 [48]]",0,1,glioma,1,0.09308379640181859,0.9018237392107645,0.005092471624569346,1,0.01418735560340186,0.9857911070187887,2.1502038407561486e-05
1643,"[[77]
 [82]
 [48]
 [51]
 [51]
 [52]
 [50]
 [48]]",0,1,glioma,1,0.005061830549190442,0.9849534233411154,0.009984747661898533,1,0.00012398795661283657,0.9996974865595499,0.00017849996705384305
1644,"[[77]
 [82]
 [48]
 [51]
 [51]
 [52]
 [50]
 [48]]",0,1,glioma,1,0.04746864860256513,0.9441468318303426,0.008384466714536151,1,0.009748151137803992,0.9901302059491476,0.00012164583525494284
1645,"[[49]
 [48]
 [50]
 [57]
 [50]
 [57]]",0,0,meningioma,2,0.25154664119084674,0.14092455307642618,0.607528825600942,0,0.5921927690505981,0.012642713884512583,0.39516450464725494
1646,"[[77]
 [82]
 [48]
 [51]
 [51]
 [52]
 [50]
 [48]]",0,1,glioma,1,0.04403077935179075,0.9521013498306274,0.003867879141277323,1,0.0025333148854163787,0.9974318345387777,3.47922476369907e-05
1647,"[[77]
 [82]
 [48]
 [51]
 [51]
 [52]
 [50]
 [48]]",0,1,glioma,1,0.032983324180046715,0.9647901256879171,0.00222655104395623,1,0.0004212269122945145,0.9995647668838501,1.3973112496993659e-05
1648,"[[77]
 [82]
 [48]
 [51]
 [51]
 [52]
 [50]
 [48]]",0,1,glioma,1,0.0725319633881251,0.9068468809127808,0.02062113598609964,1,0.018936652224510908,0.9809720516204834,9.130435099298968e-05
1649,"[[77]
 [82]
 [48]
 [51]
 [51]
 [52]
 [50]
 [48]]",0,1,glioma,1,0.11963093777497609,0.8289766709009806,0.05139238076905409,1,0.017877135270585615,0.9819748401641846,0.00014797170933888992
1650,"[[77]
 [82]
 [48]
 [51]
 [51]
 [52]
 [50]
 [48]]",0,1,glioma,1,0.010018541477620602,0.9868429700533549,0.003138553351163864,1,0.0010602919865050353,0.9988468686739603,9.280720367617808e-05
1651,"[[77]
 [82]
 [48]
 [51]
 [51]
 [52]
 [50]
 [48]]",0,1,glioma,1,0.009124119610836109,0.9743512272834778,0.01652464681925873,1,0.012348491232842207,0.9875681598981222,8.336495648109121e-05
1652,"[[77]
 [82]
 [48]
 [51]
 [51]
 [52]
 [50]
 [48]]",0,1,glioma,1,0.0005936373539346581,0.9942562778790792,0.005150056560523808,1,0.00021731194525879496,0.9997101227442423,7.256709189581063e-05
1653,"[[77]
 [82]
 [48]
 [51]
 [51]
 [51]
 [56]
 [57]
 [66]]",3,1,glioma,1,0.00012939396016993973,0.9998704592386881,1.5374411152730208e-07,1,4.901096473138485e-05,0.9999448855717977,6.0613134564846405e-06
1654,"[[77]
 [82]
 [48]
 [51]
 [51]
 [51]
 [56]
 [57]
 [66]]",3,1,glioma,1,0.0001804953206251033,0.9998148083686829,4.749293778444352e-06,1,3.702964934859665e-05,0.9999627272288004,2.149758434969821e-07
1655,"[[77]
 [82]
 [48]
 [51]
 [51]
 [51]
 [56]
 [57]
 [66]]",3,1,glioma,1,0.00031665760031766393,0.9996737241744995,9.620192417088743e-06,1,0.023957521266614396,0.9760254422823588,1.704387780894952e-05
1656,"[[49]
 [48]
 [50]
 [57]
 [50]
 [57]]",0,0,meningioma,2,0.01885581959504634,0.004008732251046847,0.9771354595820109,2,0.024569700472056866,0.0002751257294827762,0.9751551548639933
1657,"[[77]
 [82]
 [48]
 [51]
 [51]
 [51]
 [56]
 [57]
 [66]]",3,1,glioma,1,0.0002054603685432236,0.9997938474019369,6.823542463921713e-07,1,0.014869017046294175,0.9851309855779012,3.971512000054226e-08
1658,"[[77]
 [82]
 [48]
 [51]
 [51]
 [51]
 [56]
 [57]
 [66]]",3,1,glioma,1,5.7925908847511476e-05,0.9999393026034037,2.789448580926603e-06,1,0.00134198393849753,0.9986558357874552,2.196894849741208e-06
1659,"[[77]
 [82]
 [48]
 [51]
 [51]
 [51]
 [56]
 [57]
 [66]]",3,1,glioma,1,6.994275625723152e-05,0.9999232888221741,6.744233115048755e-06,1,0.001134103978680893,0.9988657037417094,1.9763950032114508e-07
1660,"[[77]
 [82]
 [48]
 [51]
 [51]
 [51]
 [56]
 [57]
 [66]]",3,1,glioma,1,0.0006256760149874196,0.9977830847104391,0.0015912875193559255,1,0.0011752276441256981,0.998617152372996,0.0002076234704873059
1661,"[[77]
 [82]
 [48]
 [51]
 [51]
 [51]
 [56]
 [57]
 [66]]",3,1,glioma,1,0.0007213687622235435,0.9990242123603821,0.0002543959499992828,1,0.0008693176356852442,0.9984839757283529,0.0006467372877523303
1662,"[[77]
 [82]
 [48]
 [51]
 [51]
 [51]
 [56]
 [57]
 [66]]",3,1,glioma,1,8.61503181729765e-06,0.9999905427296957,8.337201157596988e-07,1,0.0010577483302161756,0.9966590404510498,0.002283165908011142
1663,"[[77]
 [82]
 [48]
 [50]
 [52]
 [55]
 [56]
 [48]
 [69]]",1,1,glioma,1,5.132247025585457e-06,0.9999617338180542,3.3108082789112814e-05,1,6.072376072552288e-05,0.9999272425969442,1.2003068963650776e-05
1664,"[[77]
 [82]
 [48]
 [50]
 [52]
 [55]
 [56]
 [48]
 [69]]",1,1,glioma,1,3.464338007574952e-06,0.9999948342641195,1.677197033700395e-06,1,3.1844766310203574e-06,0.9999960660934448,7.264930658908616e-07
1665,"[[77]
 [82]
 [48]
 [50]
 [52]
 [55]
 [56]
 [48]
 [69]]",1,1,glioma,1,5.922742391343642e-07,0.9999992847442627,1.638101008172299e-07,1,1.070913570849763e-06,0.9999977747599283,1.1376626282514717e-06
1666,"[[77]
 [82]
 [48]
 [50]
 [54]
 [49]
 [55]
 [53]
 [69]]",4,1,glioma,1,0.05124127476786574,0.94867076476415,8.79671870279708e-05,1,0.012290782547400644,0.9877069592475891,2.2105254795512508e-06
1667,"[[49]
 [48]
 [50]
 [52]
 [50]
 [48]]",0,0,meningioma,0,0.9244685967763265,0.01805794984102249,0.05747349280864,2,0.314754178126653,0.009186163622265061,0.6760596632957458
1668,"[[49]
 [48]
 [50]
 [57]
 [50]
 [57]]",0,0,meningioma,2,0.20130387569467226,0.03274555690586567,0.7659505804379781,2,0.32148055732250214,0.0033474541269242764,0.6751719812552134
1669,"[[77]
 [82]
 [48]
 [50]
 [54]
 [49]
 [55]
 [53]
 [69]]",4,1,glioma,1,0.005523473819872986,0.994401236375173,7.528162162392012e-05,1,0.0011665772499327431,0.9988333384195963,7.429848640957044e-08
1670,"[[77]
 [82]
 [48]
 [50]
 [54]
 [49]
 [55]
 [53]
 [69]]",4,1,glioma,1,0.0012748770241159946,0.9986654917399088,5.96195348710656e-05,1,0.0006046515153078266,0.9993952115376791,1.2510122632721407e-07
1671,"[[77]
 [82]
 [48]
 [50]
 [54]
 [49]
 [55]
 [53]
 [69]]",4,1,glioma,1,3.504788492136868e-05,0.9999598662058512,5.103331375266862e-06,1,1.4298962273192236e-05,0.9999856948852539,2.417489205347456e-09
1672,"[[77]
 [82]
 [48]
 [50]
 [54]
 [49]
 [55]
 [53]
 [69]]",4,1,glioma,1,0.0007352926768362522,0.9991469780604044,0.00011773743669133789,1,2.9705839101742033e-05,0.9999673763910929,2.903151590238906e-06
1673,"[[77]
 [82]
 [48]
 [50]
 [54]
 [49]
 [55]
 [53]
 [69]]",4,1,glioma,1,0.001966965054937949,0.9978935519854227,0.00013945214959676377,1,2.483305607370312e-05,0.9999750057856241,1.535449012379786e-07
1674,"[[77]
 [82]
 [48]
 [50]
 [54]
 [49]
 [55]
 [53]
 [69]]",4,1,glioma,1,0.007318901286150019,0.9924359718958536,0.0002451378774518768,1,0.004690784650544326,0.9952902992566427,1.8928824526180204e-05
1675,"[[77]
 [82]
 [48]
 [50]
 [54]
 [49]
 [55]
 [53]
 [69]]",4,1,glioma,1,0.010373674100264907,0.9882723093032837,0.0013540560757974163,1,0.00012378582808499536,0.999873161315918,3.0488844231513212e-06
1676,"[[77]
 [82]
 [48]
 [50]
 [54]
 [49]
 [55]
 [53]
 [69]]",4,1,glioma,1,0.005551254784222692,0.9915666182835897,0.0028821643888174244,1,7.978907039311404e-05,0.9999191761016846,1.044861666817572e-06
1677,"[[77]
 [82]
 [48]
 [50]
 [54]
 [49]
 [55]
 [53]
 [69]]",4,1,glioma,1,0.00012521984172053635,0.9998316764831543,4.309937215415024e-05,1,0.00022404810079024173,0.9997742374738058,1.745892177495989e-06
1678,"[[77]
 [82]
 [48]
 [52]
 [48]
 [50]
 [52]
 [48]
 [67]]",4,1,glioma,1,0.0012988073479694624,0.965019683043162,0.033681551460176706,1,0.0002623973923618905,0.9991695682207743,0.0005680091514174516
1679,"[[49]
 [48]
 [50]
 [57]
 [50]
 [57]]",0,0,meningioma,2,0.3227844809492429,0.07221149777372678,0.6050040423870087,2,0.007921393417442838,0.0010539059876464307,0.9910247127215067
1680,"[[77]
 [82]
 [48]
 [52]
 [48]
 [50]
 [52]
 [48]
 [67]]",4,1,glioma,1,0.0002737965963509244,0.9932406942049662,0.006485488770219187,1,0.042730687807003655,0.957206149895986,6.314470192592125e-05
1681,"[[77]
 [82]
 [48]
 [52]
 [48]
 [50]
 [52]
 [48]
 [67]]",4,1,glioma,1,0.0024532542253533998,0.993946393330892,0.003600373165681958,1,5.93405438849004e-05,0.9999302625656128,1.0382550120387654e-05
1682,"[[77]
 [82]
 [48]
 [52]
 [48]
 [50]
 [52]
 [48]
 [67]]",4,1,glioma,1,0.3413820763429006,0.6083980600039164,0.05021983633438746,1,0.0070169187771777315,0.9929492870966593,3.3746380571149835e-05
1683,"[[77]
 [82]
 [48]
 [52]
 [48]
 [50]
 [52]
 [48]
 [67]]",4,1,glioma,1,0.1547115670206646,0.8152374029159546,0.030050969294582803,1,0.0029149766390522323,0.9970491329828898,3.587452609584337e-05
1684,"[[77]
 [82]
 [48]
 [52]
 [48]
 [50]
 [52]
 [48]
 [67]]",4,1,glioma,1,0.169960285226504,0.8292638262112936,0.0007758582335857985,1,0.017070528740684193,0.9829051891962687,2.4269323906385882e-05
1685,"[[77]
 [82]
 [48]
 [52]
 [48]
 [50]
 [52]
 [48]
 [67]]",4,1,glioma,1,0.33826421697934467,0.6616126100222269,0.00012315946150920354,1,0.0037609126593451947,0.9962381521860758,9.265994395472413e-07
1686,"[[77]
 [82]
 [48]
 [52]
 [48]
 [50]
 [52]
 [48]
 [67]]",4,1,glioma,1,0.00018885399670883393,0.9989972909291586,0.0008138493770578256,1,2.6923802541508244e-06,0.9999939600626627,3.3567531166530293e-06
1687,"[[77]
 [82]
 [48]
 [52]
 [48]
 [50]
 [52]
 [48]
 [67]]",4,1,glioma,1,0.0005435111039939026,0.9916250507036845,0.00783144822344184,1,4.649177753890399e-05,0.9999487002690634,4.806933854221522e-06
1688,"[[77]
 [82]
 [48]
 [52]
 [48]
 [50]
 [52]
 [48]
 [67]]",4,1,glioma,1,0.0002459150758416702,0.994891881942749,0.004862217620636026,1,5.659189506938371e-06,0.9999869664510092,7.421384301172414e-06
1689,"[[77]
 [82]
 [48]
 [52]
 [48]
 [50]
 [52]
 [48]
 [67]]",4,1,glioma,1,0.00012836389699562764,0.997576097647349,0.0022954920035166046,1,0.0006056838237782358,0.9980805118878683,0.0013138065599681188
1690,"[[49]
 [48]
 [50]
 [57]
 [51]
 [53]]",0,0,meningioma,0,0.615332841873169,0.3739512066046397,0.010715914890170097,1,0.2755595122774442,0.7183784445126852,0.006062033372775962
1691,"[[77]
 [82]
 [48]
 [52]
 [48]
 [50]
 [52]
 [48]
 [67]]",4,1,glioma,1,0.003140120281993101,0.991283118724823,0.005576747644226998,1,0.0002348960385158231,0.9996711214383444,9.396234478723879e-05
1692,"[[77]
 [82]
 [48]
 [52]
 [48]
 [50]
 [52]
 [48]
 [67]]",4,1,glioma,1,0.00010284201562171802,0.9998759627342224,2.1265194391162368e-05,1,0.00029764931726579863,0.9996991952260336,3.17056478138511e-06
1693,"[[77]
 [82]
 [48]
 [52]
 [48]
 [50]
 [52]
 [48]
 [67]]",4,1,glioma,1,0.0009426591180575391,0.9973678390185038,0.0016895173757802695,1,3.370576294514649e-06,0.9999942382176717,2.3557915985369013e-06
1694,"[[77]
 [82]
 [48]
 [52]
 [48]
 [50]
 [52]
 [48]
 [67]]",4,1,glioma,1,3.699668013723567e-05,0.9999054670333862,5.7542300964996684e-05,1,3.0540814956718045e-05,0.9999674558639526,1.980510319003296e-06
1695,"[[77]
 [82]
 [48]
 [49]
 [55]
 [50]
 [54]
 [48]
 [70]]",1,1,glioma,1,0.15400596459706625,0.8459714452425638,2.2577485045379337e-05,1,0.3544612303376198,0.6455385883649191,1.931882951389241e-07
1696,"[[77]
 [82]
 [48]
 [49]
 [55]
 [50]
 [54]
 [48]
 [70]]",1,1,glioma,0,0.5199145476023356,0.48006271322568256,2.2747202692130486e-05,1,0.05031782295554876,0.9496773680051168,4.830152763683297e-06
1697,"[[77]
 [82]
 [48]
 [49]
 [55]
 [50]
 [54]
 [48]
 [70]]",1,1,glioma,1,0.00926135441598793,0.9907353719075521,3.3345967590155587e-06,1,0.013891865188876787,0.986098051071167,1.0093091399691426e-05
1698,"[[77]
 [82]
 [48]
 [49]
 [55]
 [50]
 [54]
 [48]
 [70]]",1,1,glioma,1,0.08327829837799072,0.9166481693585714,7.35357685546963e-05,1,0.0012923766726089525,0.9987057447433472,1.854917862901632e-06
1699,"[[77]
 [82]
 [48]
 [49]
 [55]
 [50]
 [54]
 [48]
 [70]]",1,1,glioma,1,0.005481912366424997,0.99451611439387,1.9731089165494118e-06,1,0.10219126815597217,0.8975582520167033,0.00025051500930809806
1700,"[[77]
 [82]
 [48]
 [49]
 [55]
 [50]
 [54]
 [48]
 [70]]",1,1,glioma,1,0.0175120464215676,0.9808948238690695,0.0015930926989919196,1,0.0011965742730050504,0.9987861514091492,1.7247187315660994e-05
1701,"[[49]
 [48]
 [50]
 [57]
 [56]
 [53]]",3,0,meningioma,0,0.9715911348660787,0.028360043516537797,4.8803987710825204e-05,0,0.9257874687512716,0.06778246536850929,0.006430031848140061
1702,"[[77]
 [82]
 [48]
 [50]
 [57]
 [50]
 [48]
 [57]
 [73]]",4,1,glioma,1,1.426199226746879e-05,0.9999160965283712,6.963587748032296e-05,1,4.694724410114759e-06,0.9999943971633911,9.108814632933596e-07
1703,"[[77]
 [82]
 [48]
 [50]
 [57]
 [50]
 [48]
 [57]
 [73]]",4,1,glioma,1,1.6965216976435233e-05,0.9999683698018392,1.46363911426306e-05,1,2.8459060104069067e-05,0.9999703168869019,1.2414403064061237e-06
1704,"[[77]
 [82]
 [48]
 [50]
 [57]
 [50]
 [48]
 [57]
 [73]]",4,1,glioma,1,0.0006081813771743327,0.9992555379867554,0.00013625237716041738,1,0.0002947553651514075,0.9996937910715739,1.1450483460369773e-05
1705,"[[77]
 [82]
 [48]
 [50]
 [57]
 [50]
 [48]
 [57]
 [73]]",4,1,glioma,1,0.0027115979561737427,0.9922749002774557,0.005013515522781138,1,1.8577175978862215e-05,0.9999813636144003,9.236361601476044e-08
1706,"[[77]
 [82]
 [48]
 [50]
 [57]
 [50]
 [48]
 [57]
 [73]]",4,1,glioma,1,0.0059362928829311086,0.9938556551933289,0.00020804061811456145,1,2.67422322413798e-05,0.9999732176462809,3.056306777105e-09
1707,"[[77]
 [82]
 [48]
 [50]
 [57]
 [50]
 [48]
 [57]
 [73]]",4,1,glioma,1,0.00012084244493356285,0.9995707869529724,0.0003083436513406923,1,0.00404553342377767,0.9949297706286112,0.0010247047224159662
1708,"[[77]
 [82]
 [48]
 [50]
 [57]
 [50]
 [48]
 [57]
 [73]]",4,1,glioma,1,5.534760134651151e-06,0.999978502591451,1.5947751071128852e-05,1,2.2622974911179483e-06,0.9999176859855652,8.005281480905069e-05
1709,"[[77]
 [82]
 [48]
 [50]
 [57]
 [50]
 [48]
 [57]
 [73]]",4,1,glioma,1,6.459638704351771e-05,0.9998905062675476,4.492455559557129e-05,1,7.195635568467418e-08,0.9999998013178507,1.233800097227844e-07
1710,"[[77]
 [82]
 [48]
 [50]
 [57]
 [50]
 [48]
 [57]
 [73]]",4,1,glioma,1,2.22546914301347e-05,0.9999744892120361,3.211865077901166e-06,1,6.4058810267271044e-09,1.0,8.849828346275262e-09
1711,"[[77]
 [82]
 [48]
 [50]
 [57]
 [50]
 [48]
 [57]
 [73]]",4,1,glioma,1,0.021879707152644794,0.978063960870107,5.636478636006359e-05,1,8.769818229363106e-05,0.999909500281016,2.8326968906829584e-06
1712,"[[49]
 [48]
 [51]
 [54]
 [55]
 [51]]",0,0,meningioma,2,0.006874792083787422,0.000636878214815321,0.9924883246421814,2,0.0135100941794614,0.01076521041492621,0.9757246772448221
1713,"[[77]
 [82]
 [48]
 [52]
 [56]
 [50]
 [57]
 [52]]",0,1,glioma,1,0.07739975675940514,0.9224743247032166,0.0001259070152930993,1,0.15880243728558222,0.8411587476730347,3.8776767723902594e-05
1714,"[[77]
 [82]
 [48]
 [52]
 [56]
 [50]
 [57]
 [52]]",0,1,glioma,1,0.2966986795266469,0.7021762132644653,0.0011250870787383367,1,0.020623141434043646,0.9793354074160258,4.152513520239154e-05
1715,"[[77]
 [82]
 [48]
 [52]
 [56]
 [50]
 [57]
 [52]]",0,1,glioma,0,0.5120238264401754,0.4787504772345225,0.009225701680406928,1,0.00605374644510448,0.9934130112330118,0.0005332840367676303
1716,"[[77]
 [82]
 [48]
 [52]
 [56]
 [50]
 [57]
 [52]]",0,1,glioma,1,0.08123212183515231,0.9029015700022379,0.015866284646714728,1,0.01731891402353843,0.9756682515144348,0.0070128029328770936
1717,"[[77]
 [82]
 [48]
 [52]
 [56]
 [50]
 [57]
 [52]]",0,1,glioma,1,0.14620619267225266,0.7851857940355936,0.06860805007939537,1,0.12462459628780682,0.8278323411941528,0.047543047151217856
1718,"[[77]
 [82]
 [48]
 [52]
 [56]
 [50]
 [57]
 [52]]",0,1,glioma,1,0.20012301206588745,0.7197794814904531,0.08009750520189603,1,0.09427117742598057,0.8703596989313761,0.03536913342153033
1719,"[[77]
 [82]
 [48]
 [53]
 [49]
 [53]
 [56]
 [54]]",1,1,glioma,1,0.018110253266058862,0.981871505578359,1.8251456794497283e-05,1,0.0001564543752768562,0.9998432993888855,2.4800480225017907e-07
1720,"[[77]
 [82]
 [48]
 [53]
 [49]
 [53]
 [56]
 [54]]",1,1,glioma,1,0.010035041952505708,0.9899398684501648,2.5120691172257164e-05,1,0.00039211598232213873,0.999606986840566,9.027110886942561e-07
1721,"[[77]
 [82]
 [48]
 [53]
 [49]
 [53]
 [56]
 [54]]",1,1,glioma,1,0.13529438897967339,0.8615314563115438,0.003174158657202497,1,0.011457614096192023,0.988540530204773,1.8376980127262261e-06
1722,"[[77]
 [82]
 [48]
 [53]
 [49]
 [53]
 [56]
 [54]]",1,1,glioma,1,0.2571682507793109,0.7420719464619955,0.0007598385855089873,1,0.010903009834388891,0.9890950918197632,1.8794486701760131e-06
1723,"[[49]
 [48]
 [51]
 [54]
 [55]
 [51]]",0,0,meningioma,2,0.011741273570805788,0.0008649473650924241,0.9873937964439392,2,0.041689169282714524,0.011998926599820455,0.9463119109471639
1724,"[[77]
 [82]
 [48]
 [53]
 [49]
 [52]
 [54]
 [49]
 [66]]",1,1,glioma,1,0.0006822033950205272,0.9993046919504801,1.3075920605842839e-05,1,0.31639978289604187,0.6288176874319712,0.05478254333138466
1725,"[[77]
 [82]
 [48]
 [53]
 [49]
 [52]
 [54]
 [49]
 [66]]",1,1,glioma,1,0.04783987874786059,0.9480610688527426,0.004099093959666789,1,0.05359267334764203,0.9454229672749838,0.0009843469597399235
1726,"[[77]
 [82]
 [48]
 [53]
 [49]
 [52]
 [54]
 [49]
 [66]]",1,1,glioma,1,0.07631625731786092,0.9210740526517233,0.0026097095493848124,1,0.38911178211371106,0.5889101326465607,0.02197808027267456
1727,"[[77]
 [82]
 [48]
 [53]
 [49]
 [52]
 [54]
 [49]
 [66]]",1,1,glioma,1,0.00405250097780178,0.9958761135737101,7.134511421706217e-05,1,0.00976994187415888,0.9771392941474915,0.013090791646391153
1728,"[[77]
 [82]
 [48]
 [53]
 [49]
 [54]
 [52]
 [52]]",1,1,glioma,1,0.0011798845953308046,0.9985442956288656,0.0002758038450944393,1,7.367814352103134e-06,0.9999920924504598,5.523935969105794e-07
1729,"[[77]
 [82]
 [48]
 [53]
 [49]
 [54]
 [52]
 [52]]",1,1,glioma,1,0.004138816303263108,0.9947073856989542,0.0011537839212299634,1,3.302997655888854e-05,0.9999580383300781,8.915062316816602e-06
1730,"[[77]
 [82]
 [48]
 [53]
 [49]
 [54]
 [52]
 [52]]",1,1,glioma,1,3.8116400295014806e-05,0.9999612172444662,7.058423771392578e-07,1,2.2773176060845537e-06,0.9999976952870687,1.4878988653206754e-08
1731,"[[77]
 [82]
 [48]
 [53]
 [49]
 [54]
 [52]
 [52]]",1,1,glioma,1,1.6440363121243234e-05,0.9999835093816122,6.748952848430652e-08,1,0.004159673330832447,0.9958279132843018,1.245076205957929e-05
1732,"[[77]
 [82]
 [48]
 [53]
 [49]
 [54]
 [52]
 [52]]",1,1,glioma,1,0.0002368253747893808,0.9997555812199911,7.546507826342956e-06,1,2.245588646143659e-06,0.9999975760777792,2.140345439309114e-07
1733,"[[77]
 [82]
 [48]
 [53]
 [49]
 [54]
 [52]
 [52]]",1,1,glioma,1,0.0003766483908596759,0.9995896617571512,3.372343538406616e-05,1,0.00045898799059311085,0.9995392163594564,1.8061391058310505e-06
1734,"[[49]
 [48]
 [51]
 [54]
 [55]
 [51]]",0,0,meningioma,2,0.017112933438814554,0.0032706613516590246,0.979616383711497,2,0.004045824791925649,8.848312821404154e-05,0.9958656628926595
1735,"[[77]
 [82]
 [48]
 [53]
 [49]
 [54]
 [52]
 [52]]",1,1,glioma,1,0.00043670236361019005,0.998757521311442,0.0008057645257698217,1,0.0001081192907198177,0.9998917778333029,8.197522523752572e-08
1736,"[[77]
 [82]
 [48]
 [53]
 [49]
 [54]
 [52]
 [52]]",1,1,glioma,1,0.0001535123495462661,0.9998405377070109,5.969542295739909e-06,1,0.0017232066117382299,0.9982767502466837,6.721063644984e-08
1737,"[[77]
 [82]
 [48]
 [53]
 [49]
 [54]
 [52]
 [52]]",1,1,glioma,1,0.0029810583606983223,0.9969727993011475,4.615932054245301e-05,1,9.73624549279369e-05,0.9999024271965027,1.636595535388826e-07
1738,"[[77]
 [82]
 [48]
 [53]
 [49]
 [54]
 [52]
 [52]]",1,1,glioma,1,4.101141954985602e-05,0.999957005182902,2.0422376773391684e-06,1,0.0002661433324343913,0.9997338453928629,1.7361657671706905e-08
1739,"[[77]
 [82]
 [48]
 [53]
 [49]
 [54]
 [52]
 [52]]",1,1,glioma,1,0.0001222325663547963,0.9998773535092672,3.683232184433412e-07,1,0.003982796265821283,0.9960049788157145,1.2243598045339846e-05
1740,"[[77]
 [82]
 [48]
 [53]
 [49]
 [54]
 [52]
 [52]]",1,1,glioma,1,0.003686816703217725,0.9962940812110901,1.9089203381857562e-05,1,0.0005301816351372205,0.9994693199793497,5.125540992005165e-07
1741,"[[77]
 [82]
 [48]
 [53]
 [49]
 [54]
 [53]
 [49]]",2,1,glioma,1,0.002198704498975227,0.9977971712748209,4.11251505738619e-06,1,6.952464900678024e-05,0.9999303023020426,2.2335271883851723e-07
1742,"[[77]
 [82]
 [48]
 [53]
 [49]
 [54]
 [53]
 [49]]",2,1,glioma,1,0.0028887837349126735,0.9970906376838684,2.0585866726226715e-05,1,0.00034347658220212907,0.9996532400449117,3.3029619051679524e-06
1743,"[[77]
 [82]
 [48]
 [53]
 [49]
 [54]
 [53]
 [49]]",2,1,glioma,1,0.02118680098404487,0.9787489175796509,6.434562722764288e-05,1,9.281213533540722e-05,0.9999068379402161,3.484126054331682e-07
1744,"[[77]
 [82]
 [48]
 [53]
 [49]
 [54]
 [53]
 [49]]",2,1,glioma,1,0.11315027872721355,0.8863998452822367,0.0004499048033418755,1,0.011592052954559525,0.9883915384610494,1.6396121319909678e-05
1745,"[[49]
 [48]
 [51]
 [54]
 [55]
 [51]]",0,0,meningioma,2,0.010809120217648646,0.0017409985011909157,0.9874498844146729,2,0.002481900194349388,1.357608440836581e-05,0.9975045323371887
1746,"[[77]
 [82]
 [48]
 [53]
 [49]
 [54]
 [53]
 [49]]",2,1,glioma,1,0.21967499951521555,0.7781899770100912,0.0021350040333345532,1,0.0008516441254566113,0.9991475145022074,8.817202304574797e-07
1747,"[[77]
 [82]
 [48]
 [53]
 [49]
 [54]
 [53]
 [49]]",2,1,glioma,1,0.0153934129824241,0.9831730127334595,0.0014335619828974207,1,0.0013207682253172,0.9986011187235514,7.811811550103205e-05
1748,"[[77]
 [82]
 [48]
 [53]
 [49]
 [54]
 [53]
 [49]]",2,1,glioma,1,0.10212277621030807,0.88737420241038,0.010503057623282075,1,5.481590536267807e-05,0.9999047915140787,4.035539980880761e-05
1749,"[[77]
 [82]
 [48]
 [53]
 [49]
 [55]
 [57]
 [54]]",4,1,glioma,1,0.0002444136213550034,0.9971965551376343,0.0025590372824808583,1,1.0970633487280187e-05,0.9999736944834391,1.53196553280092e-05
1750,"[[77]
 [82]
 [48]
 [53]
 [49]
 [55]
 [57]
 [54]]",4,1,glioma,1,0.00023334244906436652,0.988747258981069,0.011019459731566409,1,7.8657800865282e-05,0.993619700272878,0.006301699206233025
1751,"[[77]
 [82]
 [48]
 [53]
 [49]
 [55]
 [57]
 [54]]",4,1,glioma,1,8.605490317374157e-06,0.999642014503479,0.00034939385538261075,1,1.6257909578598628e-06,0.9999514023462931,4.698421253124252e-05
1752,"[[77]
 [82]
 [48]
 [53]
 [49]
 [55]
 [57]
 [54]]",4,1,glioma,2,0.010424239405741295,0.4905828932921092,0.4989929050207138,1,5.6201525391467534e-05,0.9999293883641561,1.4384866214337913e-05
1753,"[[77]
 [82]
 [48]
 [53]
 [49]
 [55]
 [57]
 [54]]",4,1,glioma,1,0.0009738432903153201,0.9836703538894653,0.015355801520248255,1,0.000779197747760918,0.9992126226425171,8.178855599301945e-06
1754,"[[77]
 [82]
 [48]
 [53]
 [49]
 [55]
 [57]
 [54]]",4,1,glioma,1,0.00014873432519380003,0.9996110796928406,0.0002401293950242689,1,0.001147453173568162,0.998784343401591,6.821742257064518e-05
1755,"[[77]
 [82]
 [48]
 [53]
 [49]
 [54]
 [53]
 [49]
 [66]]",0,1,glioma,1,0.12855964402357736,0.8697777191797892,0.0016626313008600846,1,0.06374297694613536,0.9362050493558248,5.195966029229263e-05
1756,"[[49]
 [48]
 [51]
 [54]
 [55]
 [51]]",0,0,meningioma,2,0.003788352730528762,0.00027981449602521025,0.9959318439165751,2,0.0011271864641457796,1.1562726892104061e-05,0.9988612532615662
1757,"[[77]
 [82]
 [48]
 [53]
 [49]
 [54]
 [53]
 [49]
 [66]]",0,1,glioma,1,0.1034533257285754,0.8950513005256653,0.0014953983578986179,1,0.0610607269530495,0.9388986825942993,4.056704786610984e-05
1758,"[[77]
 [82]
 [48]
 [53]
 [49]
 [54]
 [53]
 [49]
 [66]]",0,1,glioma,1,0.09026001145442326,0.904443105061849,0.005296914100957413,1,0.01171649806201458,0.9882268110911051,5.6669080701491716e-05
1759,"[[77]
 [82]
 [48]
 [53]
 [49]
 [54]
 [53]
 [49]
 [66]]",0,1,glioma,1,0.3017674038807551,0.6926048000653585,0.005627783403421442,1,0.0726973166068395,0.9271392822265625,0.00016337351310842982
1760,"[[77]
 [82]
 [48]
 [53]
 [49]
 [54]
 [53]
 [49]
 [66]]",0,1,glioma,1,0.04673796147108078,0.9512601693471273,0.002001912255461017,1,0.3085753420988719,0.6329636971155802,0.05846097692847252
1761,"[[77]
 [82]
 [48]
 [53]
 [49]
 [54]
 [53]
 [49]
 [66]]",0,1,glioma,1,0.18181594709555307,0.7945321997006735,0.02365185289333264,1,0.08988416194915771,0.90684441725413,0.0032714458648115396
1762,"[[77]
 [82]
 [48]
 [53]
 [49]
 [54]
 [53]
 [49]
 [66]]",0,1,glioma,1,0.13277470817168555,0.8080500960350037,0.05917523428797722,1,0.07837691903114319,0.918587346871694,0.003035713996117314
1763,"[[77]
 [82]
 [48]
 [53]
 [49]
 [55]
 [57]
 [54]
 [66]]",4,1,glioma,1,2.0006335034850053e-05,0.9999716679255167,8.330095776424665e-06,1,2.18520423800328e-05,0.9999780257542928,1.5544441926233313e-07
1764,"[[77]
 [82]
 [48]
 [53]
 [49]
 [55]
 [57]
 [54]
 [66]]",4,1,glioma,1,6.46412805357007e-07,0.9999961058298746,3.2540811692645852e-06,1,3.511737763043735e-05,0.9999619722366333,2.946337929188303e-06
1765,"[[77]
 [82]
 [48]
 [53]
 [49]
 [55]
 [57]
 [54]
 [66]]",4,1,glioma,1,4.901667599218248e-07,0.9999943574269613,5.1693117105363244e-06,1,1.3045480197130624e-05,0.9999274810155233,5.94766681084972e-05
1766,"[[77]
 [82]
 [48]
 [53]
 [50]
 [53]
 [53]
 [48]]",0,1,glioma,1,0.0016056575016894687,0.9962826371192932,0.0021117352589499205,1,0.0005070684613504758,0.9980663657188416,0.001426578382961452
1767,"[[49]
 [48]
 [51]
 [54]
 [55]
 [51]]",0,0,meningioma,2,0.004029862000606954,0.0001425192707150321,0.9958275755246481,2,0.0007358956888007621,3.885918924121749e-06,0.9992602268854777
1768,"[[77]
 [82]
 [48]
 [53]
 [50]
 [53]
 [53]
 [48]]",0,1,glioma,1,0.002126105061809843,0.9970623254776001,0.0008115551390801556,1,1.623699442158492e-05,0.9999601046244303,2.3652486409749447e-05
1769,"[[77]
 [82]
 [48]
 [53]
 [50]
 [53]
 [53]
 [48]]",0,1,glioma,1,0.0007376167432084912,0.9989433884620667,0.0003189877473535792,1,0.00018492219048008943,0.9996289610862732,0.000186081725890593
1770,"[[77]
 [82]
 [48]
 [53]
 [50]
 [53]
 [53]
 [48]]",0,1,glioma,1,0.0008047498934805238,0.9982644319534302,0.0009308007211075164,1,0.0001728788023077262,0.9993873238563538,0.0004397856197707976
1771,"[[77]
 [82]
 [48]
 [53]
 [50]
 [53]
 [53]
 [48]]",0,1,glioma,1,0.0006329251773422584,0.9988613128662109,0.0005057885816010336,1,7.823247203001908e-05,0.9998729427655538,4.876654929830693e-05
1772,"[[77]
 [82]
 [48]
 [53]
 [50]
 [53]
 [53]
 [48]]",0,1,glioma,1,0.003177110154259329,0.9943503737449646,0.0024724697577767074,1,0.0004753186512971297,0.999508817990621,1.5857282354166575e-05
1773,"[[77]
 [82]
 [48]
 [53]
 [49]
 [54]
 [52]
 [52]
 [67]]",2,1,glioma,1,0.00016418953964603133,0.9998352328936259,5.637532088561178e-07,1,0.004040681679422657,0.9946993390719095,0.001259952608961612
1774,"[[77]
 [82]
 [48]
 [53]
 [49]
 [54]
 [52]
 [52]
 [67]]",2,1,glioma,1,0.0051746523240581155,0.9948074618975321,1.787236844090027e-05,1,0.00010386265072763005,0.9998922546704611,3.854405501139506e-06
1775,"[[77]
 [82]
 [48]
 [53]
 [49]
 [54]
 [52]
 [52]
 [67]]",2,1,glioma,1,0.007335379719734192,0.9924946228663126,0.00016997115017147735,1,1.2644993603316834e-05,0.9999870856602987,2.636077075142869e-07
1776,"[[77]
 [82]
 [48]
 [53]
 [49]
 [54]
 [52]
 [52]
 [67]]",2,1,glioma,1,0.01207767908150951,0.9871906439463297,0.0007316995179280639,1,0.00019664565479615703,0.9979469577471415,0.0018563761210922773
1777,"[[77]
 [82]
 [48]
 [53]
 [49]
 [54]
 [52]
 [52]
 [67]]",2,1,glioma,1,0.001612810039659962,0.9977977275848389,0.0005894769298417183,1,0.00013126829617249314,0.9996784329414368,0.00019027320498328967
1778,"[[49]
 [48]
 [50]
 [52]
 [52]
 [54]]",4,0,meningioma,0,0.5120100180308024,0.2583777407805125,0.22961225112279257,1,0.0738391603032748,0.822704037030538,0.10345678093532722
1779,"[[49]
 [48]
 [51]
 [54]
 [55]
 [51]]",0,0,meningioma,2,0.009360407920515476,0.0034183100312172123,0.9872213006019592,2,0.003224927970829109,8.419547642309529e-05,0.9966908494631449
1780,"[[77]
 [82]
 [48]
 [53]
 [49]
 [54]
 [52]
 [52]
 [67]]",2,1,glioma,1,0.0016407119401264936,0.9983472029368082,1.2100809347733351e-05,1,0.00012006204148444037,0.9998268882433573,5.2953604002444386e-05
1781,"[[77]
 [82]
 [48]
 [53]
 [49]
 [54]
 [52]
 [52]
 [67]]",2,1,glioma,1,0.0018880595598602667,0.9981116056442261,2.8365178650346934e-07,1,0.0009248165442841128,0.9990549087524414,2.0324568443660002e-05
1782,"[[77]
 [82]
 [48]
 [53]
 [49]
 [54]
 [52]
 [52]
 [67]]",2,1,glioma,1,0.0009216090353826681,0.9989639123280843,0.0001144887743672977,1,0.001927691084953646,0.9979853630065918,8.691682827096277e-05
1783,"[[77]
 [82]
 [48]
 [53]
 [49]
 [54]
 [52]
 [52]
 [67]]",2,1,glioma,1,0.000509490967184926,0.9994791547457377,1.1329323569952976e-05,1,0.0005831230858651301,0.9993630250295004,5.3864871688347193e-05
1784,"[[77]
 [82]
 [48]
 [53]
 [49]
 [54]
 [52]
 [52]
 [67]]",2,1,glioma,1,0.000999312682931001,0.9988989035288492,0.00010183816630160436,1,0.0007990850960292543,0.9992001454035441,7.774266019093071e-07
1785,"[[77]
 [82]
 [48]
 [53]
 [49]
 [54]
 [52]
 [52]
 [67]]",2,1,glioma,1,2.7394247202513117e-05,0.9999305804570516,4.2042803822065857e-05,1,7.649164065999987e-05,0.9999234676361084,4.915237609518878e-08
1786,"[[77]
 [82]
 [48]
 [53]
 [49]
 [54]
 [52]
 [52]
 [67]]",2,1,glioma,1,0.0010574692472194631,0.9970281720161438,0.0019144003745168447,1,0.0005111069913255051,0.9994856913884481,3.2208297776984787e-06
1787,"[[77]
 [82]
 [48]
 [53]
 [49]
 [54]
 [52]
 [52]
 [67]]",2,1,glioma,1,0.0017045716134210427,0.984683096408844,0.013612361314396063,1,0.00032245471569088596,0.9996504187583923,2.7163865221761323e-05
1788,"[[77]
 [82]
 [48]
 [52]
 [57]
 [57]
 [52]
 [50]
 [66]]",3,1,glioma,1,1.6757727626754912e-06,0.9999754031499227,2.2955085087280242e-05,1,4.591185140512266e-06,0.9999087651570638,8.660152339719691e-05
1789,"[[77]
 [82]
 [48]
 [52]
 [57]
 [57]
 [52]
 [50]
 [66]]",3,1,glioma,1,1.094520129770136e-05,0.9998728036880493,0.00011629130964744643,1,0.00023828224372361242,0.999618927637736,0.00014276107807139246
1790,"[[49]
 [48]
 [51]
 [57]
 [50]
 [53]]",1,0,meningioma,0,0.9072700540224711,0.07263230284055074,0.020097659279902775,0,0.6351762016614279,0.04842826475699743,0.3163955435156822
1791,"[[77]
 [82]
 [48]
 [52]
 [57]
 [57]
 [52]
 [50]
 [66]]",3,1,glioma,1,5.4137028995815406e-05,0.9995018045107523,0.0004440546977093618,1,0.0017048179106495809,0.9977628588676453,0.0005323086027904841
1792,"[[77]
 [82]
 [48]
 [52]
 [57]
 [57]
 [52]
 [50]
 [66]]",3,1,glioma,1,1.4357072670881463e-06,0.9999969402949015,1.6539414888309494e-06,1,6.091797371932106e-06,0.9999905427296957,3.386420281377885e-06
1793,"[[77]
 [82]
 [48]
 [52]
 [55]
 [57]
 [53]
 [51]
 [67]]",2,1,glioma,1,0.003157297110495468,0.9933121204376221,0.0035306288627907634,1,0.00018551990069681779,0.9997625549634298,5.1892267341221064e-05
1794,"[[77]
 [82]
 [48]
 [52]
 [55]
 [57]
 [53]
 [51]
 [67]]",2,1,glioma,1,0.005868267423162858,0.9918411374092102,0.0022906084389736256,1,0.004704179281058411,0.9866800109545389,0.00861582683864981
1795,"[[77]
 [82]
 [48]
 [52]
 [55]
 [57]
 [53]
 [51]
 [67]]",2,1,glioma,1,0.058145557840665184,0.9395010272661845,0.002353391066814462,1,0.002994126252209147,0.9968240261077881,0.00018189447291661054
1796,"[[77]
 [82]
 [48]
 [52]
 [55]
 [57]
 [53]
 [51]
 [67]]",2,1,glioma,0,0.5424188574155172,0.4512517849604289,0.00632938106233875,1,0.00503085848564903,0.6872281779845556,0.3077409565448761
1797,"[[77]
 [82]
 [48]
 [52]
 [55]
 [57]
 [53]
 [51]
 [67]]",2,1,glioma,1,0.03413780375073353,0.9634668231010437,0.002395403105765581,1,0.009563245500127474,0.9865112900733948,0.003925465386904155
1798,"[[77]
 [82]
 [48]
 [53]
 [51]
 [49]
 [49]
 [48]
 [66]]",3,1,glioma,1,0.0004456273367547207,0.9992124636967977,0.00034192002340205363,1,0.00010107247548300317,0.9997807145118713,0.00011816413674144617
1799,"[[77]
 [82]
 [48]
 [53]
 [51]
 [49]
 [49]
 [48]
 [66]]",3,1,glioma,1,0.0008551735721387862,0.9989791711171468,0.00016565919228620865,1,0.0008709621675014508,0.9990273515383402,0.0001016945600440522
1800,"[[77]
 [82]
 [48]
 [53]
 [51]
 [49]
 [49]
 [48]
 [66]]",3,1,glioma,1,4.150378336949719e-05,0.9999550978342692,3.4175705773501854e-06,1,1.7998862725868148e-06,0.9999975760777792,6.427794680593143e-07
1801,"[[49]
 [48]
 [51]
 [57]
 [50]
 [53]]",1,0,meningioma,0,0.9166162014007568,0.07339214409391086,0.009991655281434456,0,0.9569581945737203,0.00854193652048707,0.034499855421017855
1802,"[[77]
 [82]
 [48]
 [53]
 [51]
 [49]
 [49]
 [48]
 [66]]",3,1,glioma,1,5.0037080560135415e-05,0.9999454021453857,4.5556290864112725e-06,1,0.0003348480401541565,0.9996602137883505,4.915564201013467e-06
1803,"[[77]
 [82]
 [48]
 [53]
 [51]
 [49]
 [49]
 [48]
 [66]]",3,1,glioma,1,0.0003245997498500704,0.9995935956637064,8.1769894147025e-05,1,0.0005304889117496714,0.9989933172861735,0.0004761449712683922
1804,"[[77]
 [82]
 [48]
 [53]
 [51]
 [49]
 [49]
 [48]
 [66]]",3,1,glioma,1,8.293873441219309e-05,0.9999070366223654,1.0012516708550004e-05,1,9.134640820226043e-05,0.9998665650685629,4.212052914454034e-05
1805,"[[77]
 [82]
 [48]
 [53]
 [51]
 [49]
 [49]
 [48]
 [66]]",3,1,glioma,1,0.0002601770418285317,0.999503493309021,0.00023629985927679323,1,2.14363716277699e-05,0.9999496936798096,2.890728425342104e-05
1806,"[[77]
 [82]
 [48]
 [51]
 [52]
 [54]
 [57]
 [52]]",2,1,glioma,1,0.00049290266179014,0.9984516104062399,0.0010554612114598665,1,0.0274232712884744,0.9684672951698303,0.004109478478009502
1807,"[[77]
 [82]
 [48]
 [51]
 [52]
 [54]
 [57]
 [52]]",2,1,glioma,1,0.0006272860531074306,0.9941803812980652,0.005192307095664243,1,0.002978519555957367,0.9970207810401917,7.091590958907545e-07
1808,"[[77]
 [82]
 [48]
 [51]
 [52]
 [54]
 [57]
 [52]]",2,1,glioma,1,0.0014969522405105333,0.9970339139302572,0.001469179425233354,1,4.124461687145716e-06,0.9999872446060181,8.609652354607533e-06
1809,"[[77]
 [82]
 [48]
 [51]
 [52]
 [54]
 [57]
 [52]]",2,1,glioma,1,0.0012146526714786887,0.9987703363100687,1.5012291593545038e-05,1,0.00019981479757310203,0.9997936685880026,6.514501061853177e-06
1810,"[[77]
 [82]
 [48]
 [51]
 [52]
 [54]
 [57]
 [52]]",2,1,glioma,1,0.0018341585528105497,0.9970870216687521,0.0010788286163005978,1,1.931965362208151e-06,0.9999950329462687,3.0052324859752844e-06
1811,"[[77]
 [82]
 [48]
 [51]
 [52]
 [54]
 [57]
 [52]]",2,1,glioma,1,3.187595636215216e-05,0.999966581662496,1.5966499139115815e-06,1,9.115521616346692e-06,0.999990701675415,1.267220923750756e-07
1812,"[[49]
 [48]
 [51]
 [57]
 [50]
 [53]]",1,0,meningioma,0,0.7472400665283203,0.23998585840066275,0.012774129320556918,0,0.9097503622372946,0.026009954667339723,0.06423966858225565
1813,"[[77]
 [82]
 [48]
 [51]
 [52]
 [54]
 [57]
 [52]]",2,1,glioma,1,3.2929187909758184e-05,0.9999646345774332,2.4109318511970437e-06,1,3.756588228043256e-06,0.999981164932251,1.5008732437612101e-05
1814,"[[77]
 [82]
 [48]
 [53]
 [52]
 [54]
 [56]
 [51]]",3,1,glioma,1,9.312756887397411e-06,0.9999875624974569,3.1697445015688164e-06,1,0.00046453123847337946,0.9992248217264811,0.00031064075968364097
1815,"[[77]
 [82]
 [48]
 [53]
 [52]
 [54]
 [56]
 [51]]",3,1,glioma,1,1.1098162248879736e-05,0.9999845425287882,4.401550519293289e-06,1,0.0017373406089973287,0.9968750675519308,0.0013875910129475717
1816,"[[77]
 [82]
 [48]
 [53]
 [52]
 [54]
 [56]
 [51]]",3,1,glioma,1,5.197166784872328e-05,0.9999118049939474,3.6228826265490475e-05,1,0.053864453764011465,0.9124504923820496,0.03368510057528814
1817,"[[77]
 [82]
 [48]
 [53]
 [48]
 [54]
 [56]
 [55]
 [67]]",1,1,glioma,1,0.0018452424944067995,0.997163732846578,0.0009910160103269543,1,5.360480777956885e-05,0.9991370836893717,0.0008093045301696596
1818,"[[77]
 [82]
 [48]
 [53]
 [48]
 [54]
 [56]
 [55]
 [67]]",1,1,glioma,1,8.859760661531861e-05,0.9998579621315002,5.338454260102784e-05,1,1.074513020227208e-06,0.9996490875879923,0.0003498213670051579
1819,"[[77]
 [82]
 [48]
 [53]
 [48]
 [54]
 [56]
 [55]
 [67]]",1,1,glioma,1,0.0003362135806431373,0.996730625629425,0.002933141814234356,1,0.0003596083952288609,0.9996121128400167,2.8288652629271382e-05
1820,"[[77]
 [82]
 [48]
 [53]
 [48]
 [54]
 [56]
 [55]
 [67]]",1,1,glioma,1,7.307716744738475e-05,0.9995163281758627,0.00041060442163143307,1,0.0003526696928020101,0.9996118346850077,3.549023661738223e-05
1821,"[[77]
 [82]
 [48]
 [53]
 [48]
 [54]
 [56]
 [55]
 [67]]",1,1,glioma,1,0.005587420193478465,0.9931458234786987,0.0012667443612978484,1,0.11628379051884015,0.8805164893468221,0.003199732663536755
1822,"[[77]
 [82]
 [48]
 [53]
 [48]
 [54]
 [56]
 [55]
 [67]]",1,1,glioma,1,0.0015734127179409068,0.9980799754460653,0.00034660229478807497,1,8.691354431296834e-05,0.9993633031845093,0.0005497937739467792
1823,"[[49]
 [48]
 [51]
 [57]
 [50]
 [53]]",1,0,meningioma,0,0.7654634912808737,0.23091695457696915,0.003619570673132936,0,0.9746241172154745,0.00796471598247687,0.017411149786009144
1824,"[[77]
 [82]
 [48]
 [53]
 [48]
 [54]
 [56]
 [55]
 [67]]",1,1,glioma,1,0.004998476943001151,0.9939993619918823,0.0010021796139578025,1,0.3718455334504445,0.622900644938151,0.005253825569525361
1825,"[[77]
 [82]
 [48]
 [52]
 [57]
 [50]
 [52]
 [50]
 [67]]",0,1,glioma,1,0.0021167089386532703,0.9959924618403116,0.0018907933554146439,1,0.0014130855658246826,0.9980575442314148,0.0005294094801987134
1826,"[[77]
 [82]
 [48]
 [52]
 [57]
 [50]
 [52]
 [50]
 [67]]",0,1,glioma,1,0.001667224239402761,0.9961499571800232,0.002182827825890854,1,0.0037332926876842976,0.9931614001592001,0.0031053776716968664
1827,"[[77]
 [82]
 [48]
 [52]
 [57]
 [50]
 [52]
 [50]
 [67]]",0,1,glioma,1,0.0005778004415333271,0.9989226261774699,0.0004996253483113833,1,0.013277002765486637,0.9657348195711771,0.020988183406492073
1828,"[[77]
 [82]
 [48]
 [52]
 [57]
 [50]
 [52]
 [50]
 [67]]",0,1,glioma,1,0.002574020608638724,0.9964688618977865,0.000957125099375844,1,0.012714014699061712,0.9654535055160522,0.02183247109254201
1829,"[[77]
 [82]
 [48]
 [52]
 [57]
 [50]
 [52]
 [50]
 [67]]",0,1,glioma,1,0.0015335022277819614,0.9974342783292135,0.0010321695202340682,1,0.0016271175506214302,0.9979334274927775,0.000439421710325405
1830,"[[77]
 [82]
 [48]
 [53]
 [51]
 [50]
 [52]
 [49]
 [67]]",0,1,glioma,1,0.01225951585608224,0.9870088497797648,0.0007316151119691009,1,0.006969225709326565,0.989099403222402,0.003931387240299955
1831,"[[77]
 [82]
 [48]
 [53]
 [51]
 [50]
 [52]
 [49]
 [67]]",0,1,glioma,1,0.009853556596984466,0.9896372755368551,0.0005091136836199439,1,0.0011198146603419445,0.9984273314476013,0.00045285033532612334
1832,"[[77]
 [82]
 [48]
 [53]
 [51]
 [50]
 [52]
 [49]
 [67]]",0,1,glioma,1,0.00684816805490603,0.9920139312744141,0.0011379280646603245,1,0.00023447710676312758,0.9943808118502299,0.0053847568536487716
1833,"[[77]
 [82]
 [48]
 [53]
 [51]
 [50]
 [52]
 [49]
 [67]]",0,1,glioma,1,0.012909221850956479,0.9830551743507385,0.004035634779332516,1,0.0004855625447817147,0.9385109146436056,0.06100353986645738
1834,"[[49]
 [48]
 [51]
 [57]
 [50]
 [53]]",1,0,meningioma,0,0.8855228622754415,0.09386225417256355,0.020614854525774717,0,0.9524989525477091,0.024457341991364956,0.02304368596135949
1835,"[[77]
 [82]
 [48]
 [51]
 [52]
 [57]
 [57]
 [55]]",0,1,glioma,1,0.006085134499395887,0.9756767948468527,0.01823805955549081,1,0.00015998049760431363,0.9998345573743185,5.4776318734184315e-06
1836,"[[77]
 [82]
 [48]
 [51]
 [52]
 [57]
 [57]
 [55]]",0,1,glioma,1,0.0031070320789391794,0.9943469762802124,0.0025459819783767066,1,0.0013448482107681532,0.9986019730567932,5.3146719437791035e-05
1837,"[[77]
 [82]
 [48]
 [51]
 [52]
 [57]
 [57]
 [55]]",0,1,glioma,1,0.004259119043126702,0.995016892751058,0.0007239898623083718,1,0.00043173203206000227,0.9995634357134501,4.852483016293263e-06
1838,"[[77]
 [82]
 [48]
 [51]
 [52]
 [57]
 [57]
 [55]]",0,1,glioma,1,0.003913730848580599,0.9954253832499186,0.0006608973368808316,1,0.00031032411303992075,0.9996865193049113,3.175524033357154e-06
1839,"[[77]
 [82]
 [48]
 [51]
 [52]
 [57]
 [57]
 [55]]",0,1,glioma,1,0.024513757477204006,0.9645506938298544,0.01093554108714064,1,0.005270121735520661,0.9947189490000407,1.0921765844310963e-05
1840,"[[77]
 [82]
 [48]
 [51]
 [52]
 [57]
 [57]
 [55]]",0,1,glioma,1,0.027468386416633923,0.9647347529729208,0.00779685121960938,1,0.0016646545457964141,0.9983339508374532,1.3729477075230534e-06
1841,"[[77]
 [82]
 [48]
 [51]
 [52]
 [57]
 [57]
 [55]]",0,1,glioma,1,0.008838993264362216,0.988417903582255,0.002743138960795477,1,0.0007539530488429591,0.9992430408795675,2.948485435657252e-06
1842,"[[77]
 [82]
 [48]
 [50]
 [57]
 [50]
 [48]
 [57]
 [69]]",4,1,glioma,1,0.00048166155465878546,0.9992266098658243,0.0002917148188619952,1,9.16630791228575e-05,0.9999082088470459,1.4056253168822272e-07
1843,"[[77]
 [82]
 [48]
 [50]
 [57]
 [50]
 [48]
 [57]
 [69]]",4,1,glioma,1,0.0001516124963624558,0.9994664589564005,0.00038189025326573756,1,0.002986558722720171,0.996769388516744,0.0002440621368198966
1844,"[[77]
 [82]
 [48]
 [50]
 [57]
 [50]
 [48]
 [57]
 [69]]",4,1,glioma,1,0.0019163274361441533,0.9973684748013815,0.0007152068743986698,1,0.0011443015100667253,0.998530368010203,0.00032531527798103826
1845,"[[49]
 [48]
 [51]
 [57]
 [50]
 [53]]",1,0,meningioma,0,0.5330450932184855,0.44857949018478394,0.01837536320090294,0,0.8152291377385458,0.15215502927700678,0.032615856577952705
1846,"[[77]
 [82]
 [48]
 [50]
 [57]
 [50]
 [48]
 [57]
 [69]]",4,1,glioma,1,1.973835802952332e-06,0.9999967416127523,1.3214001815716376e-06,1,4.925510244822041e-09,1.0,3.1960544394042437e-09
1847,"[[77]
 [82]
 [48]
 [50]
 [57]
 [50]
 [48]
 [57]
 [69]]",4,1,glioma,1,7.227033317273405e-06,0.9999922513961792,5.175575381599629e-07,1,2.957869735149109e-09,1.0,1.8871374006653938e-09
1848,"[[77]
 [82]
 [48]
 [50]
 [57]
 [50]
 [48]
 [57]
 [69]]",4,1,glioma,1,0.0014436402125284076,0.9985102216402689,4.613432717330094e-05,1,5.620981237797196e-06,0.9999939997990926,3.9627176516565665e-07
1849,"[[77]
 [82]
 [48]
 [50]
 [57]
 [50]
 [48]
 [57]
 [69]]",4,1,glioma,1,0.0025478798585633435,0.9974299073219299,2.221314070993685e-05,1,0.0010406791795200359,0.9989525675773621,6.769611450370879e-06
1850,"[[77]
 [82]
 [48]
 [53]
 [51]
 [49]
 [49]
 [48]
 [69]]",3,1,glioma,1,0.023429546660433214,0.960587720076243,0.015982714481651783,1,0.015182802143196264,0.9795698722203573,0.005247315120262404
1851,"[[77]
 [82]
 [48]
 [53]
 [51]
 [49]
 [49]
 [48]
 [69]]",3,1,glioma,1,0.01682726838043891,0.9800568421681722,0.003115935859265543,1,0.0023634933847157904,0.9964107871055603,0.0012257126994275798
1852,"[[77]
 [82]
 [48]
 [53]
 [51]
 [49]
 [49]
 [48]
 [69]]",3,1,glioma,1,0.001133575249544568,0.998786985874176,7.943981721799294e-05,1,0.00034221943837072405,0.9994396567344666,0.00021814349262664715
1853,"[[77]
 [82]
 [48]
 [53]
 [51]
 [49]
 [49]
 [48]
 [69]]",3,1,glioma,1,0.0284712758390621,0.9529073238372803,0.018621363017397623,1,0.007366282554964225,0.9819578131039938,0.010675919630254308
1854,"[[77]
 [82]
 [48]
 [53]
 [51]
 [49]
 [49]
 [48]
 [69]]",3,1,glioma,1,0.03773061508157601,0.9233502944310507,0.03891904178696374,1,0.014073777245357633,0.9856617252031962,0.0002644777547781511
1855,"[[77]
 [82]
 [48]
 [53]
 [51]
 [49]
 [49]
 [48]
 [69]]",3,1,glioma,1,0.1752294364074866,0.7623129586378733,0.0624576061964035,1,0.031397564026216664,0.954071581363678,0.014530869666486979
1856,"[[49]
 [48]
 [51]
 [57]
 [50]
 [53]]",1,0,meningioma,0,0.9264912605285645,0.02693943368891875,0.04656929522752762,0,0.866990307966868,0.09672725324829419,0.03628247953020036
1857,"[[77]
 [82]
 [48]
 [53]
 [51]
 [49]
 [49]
 [48]
 [69]]",3,1,glioma,1,0.09602897171862423,0.8647788365681967,0.039192167886843286,1,0.011646121429900328,0.9864639043807983,0.001890016991334657
1858,"[[77]
 [82]
 [48]
 [53]
 [51]
 [49]
 [49]
 [48]
 [69]]",3,1,glioma,1,0.05375238040384526,0.9046290318171183,0.04161860013846308,1,0.0006089951687802871,0.9992901086807251,0.00010091785649516775
1859,"[[77]
 [82]
 [48]
 [53]
 [51]
 [49]
 [49]
 [48]
 [69]]",3,1,glioma,1,0.005073463453300064,0.9933632612228394,0.0015633293372350938,1,0.0019385425281749729,0.9980300068855286,3.14640849362983e-05
1860,"[[77]
 [82]
 [48]
 [53]
 [51]
 [49]
 [49]
 [48]
 [69]]",3,1,glioma,1,0.0591260710110267,0.9346544146537781,0.006219523582937351,1,0.0002708720118486478,0.999543825785319,0.000185283547087541
1861,"[[77]
 [82]
 [48]
 [53]
 [51]
 [49]
 [49]
 [48]
 [69]]",3,1,glioma,1,0.0075702238221614,0.9920369585355123,0.0003928282669676264,1,0.0009303901063807037,0.998425821463267,0.0006437949432438472
1862,"[[77]
 [82]
 [48]
 [52]
 [57]
 [48]
 [49]
 [57]
 [71]]",0,1,glioma,1,0.0004174976772143661,0.9991050958633423,0.0004774283782656615,1,0.0009047675387895046,0.9980308214823405,0.0010644797730492428
1863,"[[77]
 [82]
 [48]
 [52]
 [57]
 [48]
 [49]
 [57]
 [71]]",0,1,glioma,1,0.0004730989106368118,0.9970012704531351,0.002525596549579253,1,0.0007749688908612976,0.998622715473175,0.000602258840444847
1864,"[[77]
 [82]
 [48]
 [52]
 [57]
 [48]
 [49]
 [57]
 [71]]",0,1,glioma,1,0.000832332366068537,0.996229370435079,0.002938283587961147,1,0.0039158892662574845,0.991314172744751,0.004769934806972742
1865,"[[77]
 [82]
 [48]
 [51]
 [49]
 [52]
 [48]
 [57]
 [66]]",3,1,glioma,1,0.00015612093846921007,0.9989927411079407,0.0008512165262194079,1,1.9430652384855307e-05,0.9999792178471884,1.357868375961857e-06
1866,"[[77]
 [82]
 [48]
 [51]
 [49]
 [52]
 [48]
 [57]
 [66]]",3,1,glioma,1,0.0005768055944770367,0.9976441661516825,0.0017790436637975897,1,1.553620235483777e-05,0.9999839464823405,5.509224714946489e-07
1867,"[[49]
 [48]
 [51]
 [57]
 [50]
 [53]]",1,0,meningioma,0,0.8102997144063314,0.1395765095949173,0.050123787174622216,1,0.39920586347579956,0.593817671140035,0.006976421223953366
1868,"[[77]
 [82]
 [48]
 [50]
 [52]
 [55]
 [56]
 [48]
 [68]]",4,1,glioma,1,1.1362407879763243e-06,0.999998410542806,4.3944189324444477e-07,1,5.58099331795144e-08,0.9999998807907104,4.815105825867194e-08
1869,"[[77]
 [82]
 [48]
 [50]
 [52]
 [55]
 [56]
 [48]
 [68]]",4,1,glioma,1,2.2579450842385995e-07,0.9999996026357015,1.912657812871051e-07,1,7.172512510589257e-07,0.9999980529149374,1.2678583575601958e-06
1870,"[[77]
 [82]
 [48]
 [51]
 [56]
 [52]
 [54]
 [57]]",4,1,glioma,1,0.02038886398077011,0.810640295346578,0.1689708506067594,1,0.00040544463020827,0.7048190236091614,0.29477553566296893
1871,"[[77]
 [82]
 [48]
 [51]
 [56]
 [52]
 [54]
 [57]]",4,1,glioma,1,0.04898331190148989,0.8965088327725729,0.05450780037790537,1,6.384888668738616e-05,0.9999041159947714,3.196979802548109e-05
1872,"[[77]
 [82]
 [48]
 [51]
 [56]
 [52]
 [54]
 [57]]",4,1,glioma,1,0.010507861152291298,0.8825286030769348,0.1069635534659028,1,1.4519244596537343e-05,0.9999818404515585,3.6709842940278272e-06
1873,"[[77]
 [82]
 [48]
 [51]
 [56]
 [52]
 [54]
 [57]]",4,1,glioma,1,0.020323423591131966,0.9246108730634054,0.0550656816146026,1,0.0005220206221565604,0.999193012714386,0.0002849445233247631
1874,"[[77]
 [82]
 [48]
 [51]
 [56]
 [52]
 [54]
 [57]]",4,1,glioma,1,0.00025263024266071926,0.9992598493893942,0.0004875038054403073,1,0.0005344029244345924,0.9984221657117208,0.0010434717017536361
1875,"[[77]
 [82]
 [48]
 [51]
 [56]
 [52]
 [54]
 [57]]",4,1,glioma,1,0.01589349777592967,0.9488755663235983,0.03523090935777873,1,0.0006252670142809317,0.9990648825963339,0.0003098064297167487
1876,"[[77]
 [82]
 [48]
 [51]
 [50]
 [51]
 [50]
 [50]
 [67]]",0,1,glioma,1,0.0030990359761441746,0.9921927650769552,0.0047081526621089624,1,0.0027322707852969566,0.9704304933547974,0.026837227089951437
1877,"[[77]
 [82]
 [48]
 [51]
 [50]
 [51]
 [50]
 [50]
 [67]]",0,1,glioma,1,0.024869452851514023,0.9747406244277954,0.0003899375357529304,1,0.009109941932062307,0.99080890417099,8.11955687822774e-05
1878,"[[49]
 [48]
 [52]
 [49]
 [54]
 [55]]",4,0,meningioma,0,0.6506572961807251,0.16222450882196426,0.18711817264556885,0,0.9082658886909485,0.06489329536755879,0.026840804610401392
1879,"[[77]
 [82]
 [48]
 [51]
 [50]
 [51]
 [50]
 [50]
 [67]]",0,1,glioma,1,0.013338322440783182,0.9864009420077006,0.0002607414758131199,1,0.0511756146637102,0.9485269586245219,0.00029738645389443263
1880,"[[77]
 [82]
 [48]
 [51]
 [50]
 [51]
 [50]
 [50]
 [67]]",0,1,glioma,1,0.05943928270911177,0.9400003353754679,0.0005604307816611254,1,0.3495786463220914,0.6474311252435049,0.0029902513100144765
1881,"[[77]
 [82]
 [48]
 [51]
 [50]
 [51]
 [50]
 [50]
 [67]]",0,1,glioma,1,0.12317733916764458,0.8765560984611511,0.0002665043246755279,1,0.2847280179460843,0.7033738295237223,0.011898122960701585
1882,"[[77]
 [82]
 [48]
 [51]
 [50]
 [51]
 [50]
 [50]
 [67]]",0,1,glioma,0,0.6382372627655665,0.3614659694333871,0.0002968114713439718,1,0.17516054958105087,0.8247721393903097,6.727743614950062e-05
1883,"[[77]
 [82]
 [48]
 [51]
 [50]
 [51]
 [50]
 [50]
 [67]]",0,1,glioma,1,0.0183477271348238,0.9558990399042765,0.025753198191523552,1,0.002723548716555039,0.9622040788332621,0.035072374468048416
1884,"[[77]
 [82]
 [48]
 [51]
 [50]
 [51]
 [50]
 [50]
 [67]]",0,1,glioma,1,0.03315058257430792,0.9416387875874838,0.025210666780670483,1,0.15552893777688345,0.7572173277537028,0.08725372826059659
1885,"[[77]
 [82]
 [48]
 [51]
 [50]
 [51]
 [50]
 [50]
 [67]]",0,1,glioma,1,0.010538144347568354,0.9846738775571188,0.004787959488263975,1,0.007814446464180946,0.9906863570213318,0.0014992477954365313
1886,"[[77]
 [82]
 [48]
 [51]
 [50]
 [51]
 [50]
 [50]
 [67]]",0,1,glioma,1,0.017218698902676504,0.9813674489657084,0.0014138803010913155,1,0.01211101422086358,0.9817648927370707,0.006124104994038741
1887,"[[77]
 [82]
 [48]
 [51]
 [50]
 [51]
 [50]
 [50]
 [67]]",0,1,glioma,1,0.004587023402564228,0.9946725169817606,0.0007404676295360938,1,0.00041916284438533086,0.9995113809903463,6.949961304295964e-05
1888,"[[77]
 [82]
 [48]
 [51]
 [50]
 [51]
 [50]
 [50]
 [67]]",0,1,glioma,1,0.03560594733183583,0.9601846734682719,0.004209353076779128,1,0.01147093732530872,0.980490247408549,0.00803884274015824
1889,"[[49]
 [48]
 [50]
 [54]
 [55]
 [53]]",2,0,meningioma,0,0.807829737663269,0.19205189744631448,0.00011835340167939042,0,0.9986653923988342,0.0008798452909104526,0.0004547840217128396
1890,"[[49]
 [48]
 [52]
 [49]
 [54]
 [55]]",4,0,meningioma,2,0.3908853381872177,0.14337937782208124,0.4657352864742279,0,0.6303069194157919,0.3694835553566615,0.00020951355448535955
1891,"[[77]
 [82]
 [48]
 [51]
 [50]
 [51]
 [50]
 [50]
 [67]]",0,1,glioma,1,0.018534903569767874,0.9724063277244568,0.009058797547671324,1,0.004262780227387945,0.9939180413881937,0.001819201570469886
1892,"[[77]
 [82]
 [48]
 [51]
 [50]
 [51]
 [50]
 [50]
 [67]]",0,1,glioma,1,0.010132254256556431,0.9882102608680725,0.001657512126257643,1,0.06964380542437236,0.9273784359296163,0.002977753058075905
1893,"[[77]
 [82]
 [48]
 [51]
 [55]
 [52]
 [53]
 [56]
 [66]]",3,1,glioma,0,0.9404996832211813,0.05920098846157392,0.00029937105664619895,0,0.5437713265419006,0.45539402465025586,0.0008346416495138934
1894,"[[77]
 [82]
 [48]
 [51]
 [55]
 [52]
 [53]
 [56]
 [66]]",3,1,glioma,1,0.1983110768099626,0.7913643717765808,0.010324539194698445,1,0.08586796000599861,0.9137616157531738,0.0003704203375794653
1895,"[[77]
 [82]
 [48]
 [51]
 [55]
 [52]
 [53]
 [56]
 [66]]",3,1,glioma,0,0.7755981683731079,0.22328991194566092,0.001111921765035125,1,0.17958858360846838,0.8176080187161764,0.0028034221613779664
1896,"[[77]
 [82]
 [48]
 [51]
 [55]
 [52]
 [53]
 [56]
 [66]]",3,1,glioma,1,0.4676843285560608,0.523887038230896,0.008428601586880783,1,0.2561579967538516,0.7423073649406433,0.0015346453292295337
1897,"[[77]
 [82]
 [48]
 [51]
 [55]
 [52]
 [53]
 [56]
 [66]]",3,1,glioma,0,0.841838002204895,0.15677026535073915,0.0013917710031516133,0,0.7479996085166931,0.25008926540613174,0.001911133430742969
1898,"[[77]
 [82]
 [48]
 [51]
 [55]
 [52]
 [53]
 [56]
 [66]]",3,1,glioma,0,0.6947474479675293,0.30309343338012695,0.002159122217562981,1,0.3454445501168569,0.6502089103062948,0.0043465339889129
1899,"[[77]
 [82]
 [48]
 [51]
 [55]
 [52]
 [53]
 [56]
 [66]]",3,1,glioma,1,0.47496140003204346,0.5246307452519735,0.0004078441053631347,1,0.0918172871073087,0.9081810712814331,1.6868550479406015e-06
1900,"[[77]
 [82]
 [48]
 [51]
 [55]
 [52]
 [53]
 [56]
 [66]]",3,1,glioma,1,0.3519842227300008,0.6477296153704325,0.0002861700001327942,1,0.22508559376001358,0.774869978427887,4.4415245914327293e-05
1901,"[[49]
 [48]
 [52]
 [49]
 [54]
 [55]]",4,0,meningioma,1,0.26569796601931256,0.7114837567011515,0.02281823754310608,0,0.6271413862705231,0.37240252395470935,0.0004561065094700704
1902,"[[77]
 [82]
 [48]
 [51]
 [57]
 [52]
 [55]
 [51]]",2,1,glioma,1,0.0007704537905131777,0.9990733663241068,0.00015619637997588143,1,1.4801767444320528e-06,0.9999967813491821,1.7564098584443855e-06
1903,"[[77]
 [82]
 [48]
 [51]
 [57]
 [52]
 [55]
 [51]]",2,1,glioma,1,0.0019965834120133272,0.9973097840944926,0.0006936063291504979,1,0.04968918487429619,0.9502296050389608,8.123093903122935e-05
1904,"[[77]
 [82]
 [48]
 [51]
 [57]
 [52]
 [55]
 [51]]",2,1,glioma,1,5.472739758261014e-05,0.9999429782231649,2.240565322608745e-06,1,7.15719863819686e-06,0.9999924898147583,3.793299375350519e-07
1905,"[[77]
 [82]
 [48]
 [51]
 [57]
 [52]
 [55]
 [51]]",2,1,glioma,1,0.0025632658895726004,0.9974358876546224,9.115406858957916e-07,1,0.0018375061335973442,0.998153289159139,9.221422980469166e-06
1906,"[[77]
 [82]
 [48]
 [51]
 [57]
 [52]
 [55]
 [51]
 [66]]",0,1,glioma,1,0.0060426058092465,0.9934104681015015,0.0005469278718616503,1,0.011582348418111602,0.9867669939994812,0.0016506401686153065
1907,"[[77]
 [82]
 [48]
 [51]
 [57]
 [52]
 [55]
 [51]
 [66]]",0,1,glioma,1,0.0013985084030233945,0.9983600576718649,0.00024144978366772799,1,0.002946200567142417,0.9968740741411845,0.00017977130846702494
1908,"[[77]
 [82]
 [48]
 [51]
 [57]
 [52]
 [55]
 [51]
 [66]]",0,1,glioma,1,0.0017995169037021697,0.9961849252382914,0.002015549010441949,1,0.0013167743357674528,0.9982564250628153,0.0004268110648505778
1909,"[[77]
 [82]
 [48]
 [51]
 [57]
 [52]
 [55]
 [51]
 [66]]",0,1,glioma,1,0.0013855609577149153,0.9979604283968607,0.0006539509680199748,1,0.006723250340049465,0.9921677907307943,0.0011089562540291809
1910,"[[77]
 [82]
 [48]
 [51]
 [57]
 [52]
 [55]
 [51]
 [66]]",0,1,glioma,1,0.01150286632279555,0.97142493724823,0.01707217291307946,1,0.0019035914059107502,0.9824422399202982,0.015654130295539897
1911,"[[77]
 [82]
 [48]
 [51]
 [57]
 [52]
 [55]
 [51]
 [66]]",0,1,glioma,1,0.0020298546102518835,0.9938060839970907,0.004164124315138906,1,1.8431729889319588e-05,0.9998052716255188,0.00017632561988042048
1912,"[[49]
 [48]
 [52]
 [49]
 [54]
 [55]]",4,0,meningioma,1,0.35012341539065045,0.49816982944806415,0.151706762611866,0,0.5615274906158447,0.4338010450204213,0.004671466575625042
1913,"[[77]
 [82]
 [48]
 [51]
 [57]
 [52]
 [55]
 [51]
 [66]]",0,1,glioma,1,0.003961272770538926,0.934654434521993,0.061384318551669516,1,0.0001679636431314672,0.9998037020365397,2.8355540659201022e-05
1914,"[[77]
 [82]
 [48]
 [51]
 [57]
 [52]
 [55]
 [51]
 [66]]",0,1,glioma,1,0.000746598835879316,0.9973409374554952,0.0019124585912019636,1,0.000929237634409219,0.9990684787432352,2.2523716628105226e-06
1915,"[[77]
 [82]
 [48]
 [51]
 [57]
 [52]
 [55]
 [51]
 [66]]",0,1,glioma,1,0.002776499604806304,0.9862023989359537,0.011021075459818045,1,8.780675898378831e-06,0.9999684890111288,2.2726000982705347e-05
1916,"[[77]
 [82]
 [48]
 [51]
 [55]
 [52]
 [53]
 [56]
 [67]]",2,1,glioma,1,0.004331054476400216,0.9956052303314209,6.376594562122288e-05,1,0.0015942847142772127,0.9966797431310018,0.0017259848924974601
1917,"[[77]
 [82]
 [48]
 [51]
 [55]
 [52]
 [53]
 [56]
 [67]]",2,1,glioma,1,0.0004724400059785694,0.9995238184928894,3.7810683200708204e-06,1,0.0016790509301548202,0.9982773065567017,4.363580622642379e-05
1918,"[[77]
 [82]
 [48]
 [51]
 [55]
 [52]
 [53]
 [56]
 [67]]",2,1,glioma,1,0.0011348658687590312,0.9988495906194051,1.5571483951741055e-05,1,0.009653544654914489,0.9870443542798361,0.003302125473661969
1919,"[[77]
 [82]
 [48]
 [51]
 [55]
 [52]
 [53]
 [56]
 [67]]",2,1,glioma,1,0.0014610673339727025,0.9968246022860209,0.0017143030030031998,1,0.006522741071724643,0.9884347716967264,0.005042492858289431
1920,"[[77]
 [82]
 [48]
 [51]
 [55]
 [52]
 [53]
 [56]
 [67]]",2,1,glioma,1,0.006434078793972731,0.9934007525444031,0.0001651696851088976,1,0.00010486177006896469,0.9997446139653524,0.00015053338817475984
1921,"[[77]
 [82]
 [48]
 [51]
 [55]
 [52]
 [53]
 [56]
 [67]]",2,1,glioma,1,0.0005862769030500203,0.9994086623191833,5.011974280932918e-06,1,7.959486174513586e-05,0.9997890790303549,0.00013128553594773015
1922,"[[77]
 [82]
 [48]
 [51]
 [55]
 [52]
 [53]
 [56]
 [67]]",2,1,glioma,1,0.0002575015144733091,0.9997119108835856,3.0605543543060776e-05,1,0.017827582933629554,0.9441739519437155,0.03799849282950163
1923,"[[49]
 [48]
 [52]
 [49]
 [54]
 [55]]",4,0,meningioma,0,0.7564466993014017,0.21021609008312225,0.033337198197841644,0,0.635334312915802,0.3632530023654302,0.0014127285006300856
1924,"[[77]
 [82]
 [48]
 [51]
 [55]
 [52]
 [53]
 [56]
 [67]]",2,1,glioma,1,0.011077535804361105,0.9888781110445658,4.435985889964892e-05,1,0.0006418040332694849,0.999349057674408,9.130117405220517e-06
1925,"[[77]
 [82]
 [48]
 [50]
 [57]
 [50]
 [48]
 [57]
 [69]]",4,1,glioma,1,0.00011388015142680767,0.9998851418495178,1.0009133527925467e-06,1,0.002507439193626245,0.9974921941757202,4.00004776857088e-07
1926,"[[77]
 [82]
 [48]
 [50]
 [57]
 [50]
 [48]
 [57]
 [69]]",4,1,glioma,1,3.492023976529405e-05,0.9999581178029379,6.9809569254175585e-06,1,0.0038745773696670462,0.9956290523211161,0.0004963822151088001
1927,"[[77]
 [82]
 [48]
 [50]
 [57]
 [50]
 [48]
 [57]
 [69]]",4,1,glioma,1,1.856105018305243e-05,0.9999657074610392,1.5764912670116853e-05,1,0.004508317753789015,0.9952644308408102,0.00022727047386676227
1928,"[[77]
 [82]
 [48]
 [50]
 [57]
 [50]
 [48]
 [57]
 [69]]",4,1,glioma,1,0.00016696960907817507,0.9991587003072103,0.0006743112365559986,1,0.005308582408664127,0.9946555693944296,3.585101471041222e-05
1929,"[[77]
 [82]
 [48]
 [50]
 [57]
 [50]
 [48]
 [57]
 [69]]",4,1,glioma,1,0.00029441457202968496,0.9996834993362427,2.2093434324688133e-05,1,0.00011254869021589305,0.99988720814387,2.2283421641233758e-07
1930,"[[77]
 [82]
 [48]
 [50]
 [57]
 [50]
 [48]
 [57]
 [69]]",4,1,glioma,1,9.587747778520376e-06,0.9999898274739584,6.12828757814062e-07,1,8.04866755004241e-05,0.9998406569163004,7.881414497508861e-05
1931,"[[77]
 [82]
 [48]
 [50]
 [57]
 [50]
 [48]
 [57]
 [69]]",4,1,glioma,1,0.0007778372770796219,0.9972913066546122,0.0019308163318783045,1,6.60296455195682e-05,0.99993367989858,2.6555247944111865e-07
1932,"[[77]
 [82]
 [48]
 [53]
 [51]
 [49]
 [49]
 [48]
 [69]]",3,1,glioma,1,0.0025355892272879523,0.997394859790802,6.957431856828104e-05,1,0.0026718987695251903,0.9973124861717224,1.556710359788364e-05
1933,"[[77]
 [82]
 [48]
 [53]
 [51]
 [49]
 [49]
 [48]
 [69]]",3,1,glioma,1,0.0509456186555326,0.9438530802726746,0.005201254350443681,1,0.04830780873696009,0.9516194661458334,7.276076333558497e-05
1934,"[[49]
 [48]
 [52]
 [49]
 [54]
 [55]]",4,0,meningioma,1,0.4169447422027588,0.5262105067571005,0.05684473800162474,0,0.8747995893160502,0.00276880688033998,0.12243159860372543
1935,"[[77]
 [82]
 [48]
 [53]
 [51]
 [49]
 [49]
 [48]
 [69]]",3,1,glioma,1,0.08790677568564813,0.9106075167655945,0.0014856921679893276,1,0.02287693539013465,0.9757001797358195,0.0014228695072233677
1936,"[[77]
 [82]
 [48]
 [53]
 [51]
 [49]
 [49]
 [48]
 [69]]",3,1,glioma,1,0.1709543839097023,0.8271007935206095,0.001944836046580652,1,0.2102637986342112,0.7891058127085367,0.0006303626190250119
1937,"[[77]
 [82]
 [48]
 [53]
 [51]
 [49]
 [49]
 [48]
 [69]]",3,1,glioma,1,0.011558822790296594,0.9884344935417175,6.694499848187522e-06,1,0.00025052363101470593,0.9997493823369344,6.003067228495713e-08
1938,"[[77]
 [82]
 [48]
 [52]
 [57]
 [48]
 [49]
 [57]
 [71]]",0,1,glioma,1,0.0033839712074647346,0.9929027954737345,0.003713239721643428,1,0.0003243561926259038,0.9994905789693197,0.00018511909001972526
1939,"[[77]
 [82]
 [48]
 [52]
 [57]
 [48]
 [49]
 [57]
 [71]]",0,1,glioma,1,0.0208997727992634,0.9712798396746317,0.00782037858152762,1,0.0008922867661264414,0.9978528420130411,0.0012548696249723434
1940,"[[77]
 [82]
 [48]
 [52]
 [57]
 [48]
 [49]
 [57]
 [71]]",0,1,glioma,1,0.00949138825914512,0.8863705595334371,0.10413804339865844,1,0.002365174392859141,0.8679748376210531,0.12966003082692623
1941,"[[77]
 [82]
 [48]
 [52]
 [57]
 [48]
 [49]
 [57]
 [71]]",0,1,glioma,1,0.01659071942170461,0.5729610522588094,0.41044824322064716,1,0.010696365071150163,0.9770813783009847,0.012222219879428545
1942,"[[77]
 [82]
 [48]
 [52]
 [57]
 [48]
 [49]
 [57]
 [71]]",0,1,glioma,1,0.022335188773771126,0.8364959955215454,0.14116880297660828,1,0.02591263021652897,0.849555253982544,0.12453214824199677
1943,"[[77]
 [82]
 [48]
 [51]
 [49]
 [52]
 [48]
 [57]
 [66]]",3,1,glioma,1,0.0009767181593360874,0.9989451766014099,7.80894703211743e-05,1,0.0003365062457305612,0.9996581474939982,5.3647526006746675e-06
1944,"[[77]
 [82]
 [48]
 [51]
 [49]
 [52]
 [48]
 [57]
 [66]]",3,1,glioma,1,0.0010458222842117948,0.9983921647071838,0.0005619947578452411,1,0.006220238031043361,0.9902616540590922,0.0035181325899126628
1945,"[[49]
 [48]
 [52]
 [50]
 [56]
 [49]]",3,0,meningioma,0,0.9295241038004557,0.06953697589536507,0.0009389180868311087,0,0.9969442486763,0.00296138560709854,9.436330340880279e-05
1946,"[[77]
 [82]
 [48]
 [50]
 [52]
 [55]
 [56]
 [48]
 [68]]",4,1,glioma,1,0.000656171430212756,0.9990293582280477,0.00031444742368573014,1,0.001328431855654344,0.9986558556556702,1.570799190631078e-05
1947,"[[77]
 [82]
 [48]
 [50]
 [52]
 [55]
 [56]
 [48]
 [68]]",4,1,glioma,1,0.0022981750080361962,0.9964989026387533,0.0012028627243125811,1,0.016673754279812176,0.983320971330007,5.266321257598368e-06
1948,"[[77]
 [82]
 [48]
 [50]
 [52]
 [55]
 [56]
 [48]
 [68]]",4,1,glioma,1,0.00027541952052464086,0.9995057582855225,0.00021884608698504357,1,1.538424582273971e-05,0.9999839862187704,6.121517680905223e-07
1949,"[[77]
 [82]
 [48]
 [51]
 [56]
 [52]
 [54]
 [57]]",4,1,glioma,2,0.26600941518942517,0.1481341707209746,0.5858564376831055,1,0.06915795430541039,0.8315178950627645,0.09932413324713707
1950,"[[77]
 [82]
 [48]
 [51]
 [56]
 [52]
 [54]
 [57]]",4,1,glioma,0,0.3538706600666046,0.32294127345085144,0.32318806151549023,1,0.03169476551314195,0.9630196491877238,0.005285597173497081
1951,"[[77]
 [82]
 [48]
 [51]
 [56]
 [52]
 [54]
 [57]]",4,1,glioma,1,0.028882065787911415,0.8065474232037863,0.16457050293684006,1,0.00300502137785467,0.9969467322031657,4.8286954703750475e-05
1952,"[[77]
 [82]
 [48]
 [51]
 [56]
 [52]
 [54]
 [57]]",4,1,glioma,1,0.03986768734951814,0.8560370604197184,0.10409523981312911,1,0.04243577209611734,0.9518617192904154,0.005702555800477664
1953,"[[77]
 [82]
 [48]
 [51]
 [56]
 [52]
 [54]
 [57]]",4,1,glioma,1,0.008447213059601685,0.990547756354014,0.0010050308507440302,1,0.023906776991983254,0.9760724703470866,2.0759907177610632e-05
1954,"[[77]
 [82]
 [48]
 [51]
 [50]
 [51]
 [50]
 [50]
 [67]]",0,1,glioma,1,0.05968553448716799,0.9389437635739645,0.0013707027634760986,1,0.009045160841196775,0.9905616641044617,0.000393102083762642
1955,"[[77]
 [82]
 [48]
 [51]
 [50]
 [51]
 [50]
 [50]
 [67]]",0,1,glioma,1,0.024398570880293846,0.97488005956014,0.000721351837758751,1,0.0007464706141036004,0.9992134968439738,3.997916155640269e-05
1956,"[[49]
 [48]
 [52]
 [50]
 [56]
 [49]]",3,0,meningioma,0,0.9500194787979126,0.04737267022331556,0.0026078456139657646,0,0.9985340634981791,0.0014398864780863125,2.6086151895772975e-05
1957,"[[77]
 [82]
 [48]
 [51]
 [50]
 [51]
 [50]
 [50]
 [67]]",0,1,glioma,1,0.013946798630058765,0.9827608068784078,0.003292386584992831,1,0.019575348123908043,0.9745434125264486,0.005881202290765941
1958,"[[77]
 [82]
 [48]
 [51]
 [50]
 [51]
 [50]
 [50]
 [67]]",0,1,glioma,1,0.07485682144761086,0.9112997849782308,0.013843361909190813,1,0.1608643258611361,0.6952646176020304,0.14387104908625284
1959,"[[77]
 [82]
 [48]
 [51]
 [50]
 [51]
 [50]
 [50]
 [67]]",0,1,glioma,1,0.13919234524170557,0.810862680276235,0.04994497758646806,1,0.45476462443669635,0.46942641337712604,0.07580894976854324
1960,"[[77]
 [82]
 [48]
 [51]
 [50]
 [51]
 [50]
 [50]
 [67]]",0,1,glioma,1,0.05323026701807976,0.9382642904917399,0.008505470119416714,1,0.36091409126917523,0.5645100275675455,0.07457586626211803
1961,"[[77]
 [82]
 [48]
 [51]
 [50]
 [51]
 [50]
 [50]
 [67]]",0,1,glioma,1,0.01556839964662989,0.9650847315788269,0.019346891436725855,1,0.008737406538178524,0.8803533514340719,0.11090925460060437
1962,"[[77]
 [82]
 [48]
 [51]
 [50]
 [51]
 [50]
 [50]
 [67]]",0,1,glioma,1,0.0052549746275569005,0.9852408568064371,0.009504184611917784,1,0.023873620356122654,0.7199315031369528,0.2561948709189892
1963,"[[77]
 [82]
 [48]
 [51]
 [50]
 [51]
 [50]
 [50]
 [67]]",0,1,glioma,1,0.023086061390737694,0.9246194760004679,0.052294482166568436,1,0.271079200009505,0.5327914506196976,0.19612933943669
1964,"[[77]
 [82]
 [48]
 [51]
 [50]
 [51]
 [50]
 [50]
 [67]]",0,1,glioma,1,0.006774413321788113,0.9861246943473816,0.007100876925202708,1,0.00037618046311157133,0.9955506722132365,0.004073156863645029
1965,"[[77]
 [82]
 [48]
 [51]
 [50]
 [51]
 [50]
 [50]
 [67]]",0,1,glioma,1,0.05537787452340126,0.9302171667416891,0.01440494266959528,1,0.004773230524733663,0.986619214216868,0.00860756216570735
1966,"[[77]
 [82]
 [48]
 [51]
 [55]
 [52]
 [53]
 [56]
 [66]]",3,1,glioma,1,0.4052714208761851,0.5945555567741394,0.00017306925495574887,1,0.001815902127418667,0.9981833696365356,7.642672367561923e-07
1967,"[[49]
 [48]
 [52]
 [50]
 [56]
 [49]]",3,0,meningioma,0,0.8808489640553793,0.10195066407322884,0.017200364537226658,0,0.9687851866086324,0.025783046148717403,0.005431756648855905
1968,"[[77]
 [82]
 [48]
 [51]
 [55]
 [52]
 [53]
 [56]
 [66]]",3,1,glioma,0,0.6169942021369934,0.3825933709740639,0.00041242070445453766,1,0.22530275583267212,0.774676779905955,2.04866197843027e-05
1969,"[[77]
 [82]
 [48]
 [51]
 [55]
 [52]
 [53]
 [56]
 [66]]",3,1,glioma,1,0.214051170895497,0.7849337458610535,0.0010150632389809289,1,0.27215084930260974,0.7278437813123068,5.355545605804461e-06
1970,"[[77]
 [82]
 [48]
 [51]
 [55]
 [52]
 [53]
 [56]
 [66]]",3,1,glioma,1,0.2810497817893823,0.7187709311644236,0.00017929297715942502,1,0.16276938219865164,0.8372215231259664,9.07654421666848e-06
1971,"[[77]
 [82]
 [48]
 [51]
 [55]
 [52]
 [53]
 [56]
 [66]]",3,1,glioma,0,0.6021369596322378,0.3971198896567027,0.0007431501747608612,1,0.2707611744602521,0.7290112773577372,0.00022756536365401794
1972,"[[77]
 [82]
 [48]
 [51]
 [57]
 [52]
 [55]
 [51]]",2,1,glioma,1,0.033473110447327294,0.9594400525093079,0.007086817951252063,1,0.07952087558805943,0.9175530473391215,0.002926089277025312
1973,"[[77]
 [82]
 [48]
 [51]
 [57]
 [52]
 [55]
 [51]]",2,1,glioma,1,0.005043218610808253,0.9389644662539164,0.05599229782819748,1,0.0003795892577424335,0.9989049832026163,0.0007154844449056933
1974,"[[77]
 [82]
 [48]
 [51]
 [57]
 [52]
 [55]
 [51]]",2,1,glioma,1,0.002874209312722087,0.84695037206014,0.15017543733119965,1,0.001991301658563316,0.997877856095632,0.00013078277333988808
1975,"[[77]
 [82]
 [48]
 [51]
 [57]
 [52]
 [55]
 [51]]",2,1,glioma,1,0.0012438245757948607,0.9810373385747274,0.017718808570255835,1,0.0006809552696722676,0.9940283894538879,0.005290644204554458
1976,"[[77]
 [82]
 [48]
 [51]
 [57]
 [52]
 [55]
 [51]]",2,1,glioma,1,0.0010979347571264952,0.9937149286270142,0.005187172403869529,1,0.00037497520437076065,0.9917190670967102,0.007905902030567328
1977,"[[77]
 [82]
 [48]
 [51]
 [57]
 [52]
 [55]
 [51]]",2,1,glioma,1,0.0026172817839930453,0.9329847693443298,0.06439795096715291,1,0.00013307536998278616,0.9795882105827332,0.020278716770311195
1978,"[[49]
 [48]
 [52]
 [50]
 [56]
 [49]]",3,0,meningioma,0,0.6248036324977875,0.3734559665123622,0.0017403666280036607,0,0.9738157192866007,0.026103155066569645,8.111019891051303e-05
1979,"[[77]
 [82]
 [48]
 [51]
 [57]
 [52]
 [55]
 [51]
 [66]]",0,1,glioma,1,0.012462705684204897,0.9767695466677347,0.01076775420612345,1,0.003863870670708517,0.9960872729619344,4.8869906701535605e-05
1980,"[[77]
 [82]
 [48]
 [51]
 [57]
 [52]
 [55]
 [51]
 [66]]",0,1,glioma,1,0.04144547445078691,0.9171955188115438,0.04135901744787892,1,0.000813635007943958,0.999167263507843,1.9129152406094363e-05
1981,"[[77]
 [82]
 [48]
 [51]
 [57]
 [52]
 [55]
 [51]
 [66]]",0,1,glioma,1,0.025211149360984564,0.8377535740534464,0.13703530778487524,1,0.002986118236246208,0.9958526690800985,0.001161214856741329
1982,"[[77]
 [82]
 [48]
 [51]
 [57]
 [52]
 [55]
 [51]
 [66]]",0,1,glioma,1,0.07335672775904338,0.6855791409810384,0.24106410642464957,1,0.005870558631916841,0.9854014118512472,0.00872803603609403
1983,"[[77]
 [82]
 [48]
 [51]
 [57]
 [52]
 [55]
 [51]
 [66]]",0,1,glioma,1,0.01620184490457177,0.9604559143384298,0.023342224148412544,1,0.013793237507343292,0.9629921515782675,0.0232146301617225
1984,"[[77]
 [82]
 [48]
 [51]
 [57]
 [52]
 [55]
 [51]
 [66]]",0,1,glioma,1,0.05392799091835817,0.6779055595397949,0.2681664191186428,1,0.01991976611316204,0.945703128973643,0.034377102429668106
1985,"[[77]
 [82]
 [48]
 [51]
 [57]
 [52]
 [55]
 [51]
 [66]]",0,1,glioma,1,0.05605428541700045,0.8300043940544128,0.11394135033090909,1,0.0021438685847291103,0.9945629239082336,0.0032931678967239955
1986,"[[77]
 [82]
 [48]
 [52]
 [48]
 [50]
 [52]
 [48]]",3,1,glioma,1,0.12919352079431215,0.7897045413653055,0.08110194901625316,1,0.011646341018301124,0.9611321489016215,0.02722149435430765
1987,"[[77]
 [82]
 [48]
 [52]
 [48]
 [50]
 [52]
 [48]]",3,1,glioma,1,0.0032434914346974133,0.9951482017834982,0.001608311673408025,1,0.00791402748048616,0.9913288354873657,0.0007571410193728904
1988,"[[77]
 [82]
 [48]
 [52]
 [48]
 [50]
 [52]
 [48]]",3,1,glioma,1,0.07757116512705882,0.6078342099984487,0.3145946264266968,1,0.009490001966090253,0.9902196923891703,0.0002903331120857426
1989,"[[49]
 [48]
 [52]
 [50]
 [56]
 [49]]",3,0,meningioma,0,0.9254117608070374,0.07200131565332413,0.002586925113973848,0,0.9464189807573954,0.05345839262008667,0.00012261056084147034
1990,"[[77]
 [82]
 [48]
 [52]
 [48]
 [50]
 [52]
 [48]]",3,1,glioma,1,0.007433984851256052,0.981691320737203,0.010874663609380756,1,0.006956507413027187,0.993013342221578,3.0156287967505097e-05
1991,"[[77]
 [82]
 [48]
 [52]
 [48]
 [50]
 [52]
 [48]]",3,1,glioma,1,0.2588191976149877,0.7275123000144958,0.013668510645705586,1,0.07726715008417766,0.9226502180099487,8.260192028804643e-05
1992,"[[77]
 [82]
 [48]
 [52]
 [48]
 [50]
 [52]
 [48]]",3,1,glioma,1,0.05673996297021707,0.9409172336260477,0.0023427863173613637,1,0.024015226401388645,0.9750838677088419,0.0009008918714243919
1993,"[[77]
 [82]
 [48]
 [52]
 [48]
 [50]
 [52]
 [48]]",3,1,glioma,1,0.012554388299273947,0.9827898740768433,0.004655746393837035,1,0.2960224747657776,0.7001869678497314,0.0037905187346041203
1994,"[[77]
 [82]
 [48]
 [52]
 [48]
 [50]
 [52]
 [48]]",3,1,glioma,1,0.015658030829702813,0.9194543560345968,0.06488760591795047,1,0.03516045305877924,0.944596509138743,0.020243065819765132
1995,"[[77]
 [82]
 [48]
 [52]
 [48]
 [50]
 [52]
 [48]
 [66]]",3,1,glioma,1,0.003176502680920142,0.9928409854571024,0.003982540446789547,1,0.00050812914726824,0.9992050925890604,0.000286716547634569
1996,"[[77]
 [82]
 [48]
 [52]
 [48]
 [50]
 [52]
 [48]
 [66]]",3,1,glioma,1,0.00025670643790220993,0.9988422393798828,0.0009010222206597973,1,0.016244832114656067,0.9834980765978495,0.0002570869916477629
1997,"[[77]
 [82]
 [48]
 [52]
 [48]
 [50]
 [52]
 [48]
 [66]]",3,1,glioma,1,0.01165380134868125,0.9024104277292887,0.08593576028943062,1,0.06951331766322255,0.930199940999349,0.00028670195024460554
1998,"[[77]
 [82]
 [48]
 [52]
 [48]
 [50]
 [52]
 [48]
 [66]]",3,1,glioma,1,0.03159977794469645,0.9666585326194763,0.001741692916160294,1,0.04529758542776108,0.9544641375541687,0.00023826091880133996
1999,"[[77]
 [82]
 [48]
 [52]
 [48]
 [50]
 [52]
 [48]
 [66]]",3,1,glioma,1,0.0070117254108481575,0.9884231289227804,0.004565159246946375,1,0.004397333211575945,0.9955228567123413,7.980740095566337e-05
2000,"[[49]
 [48]
 [50]
 [55]
 [49]
 [52]]",4,0,meningioma,0,0.48871177434921265,0.4165952155987422,0.09469301750262578,1,0.287454550464948,0.6343157887458801,0.07822965271770954
2001,"[[49]
 [48]
 [52]
 [50]
 [56]
 [49]]",3,0,meningioma,0,0.759670615196228,0.23427007098992667,0.0060592992619300885,0,0.9948112368583679,0.0051483655503640575,4.03336428765518e-05
2002,"[[77]
 [82]
 [48]
 [50]
 [57]
 [50]
 [48]
 [57]
 [71]]",1,1,glioma,1,1.826793292517929e-05,0.9999790986378988,2.6552255955418027e-06,1,0.016919941913026076,0.9830623467763265,1.7674100708002054e-05
2003,"[[77]
 [82]
 [48]
 [50]
 [57]
 [50]
 [48]
 [57]
 [71]]",1,1,glioma,1,0.0004439044860191643,0.9995372692743937,1.8826078606556013e-05,1,0.013219246175140142,0.9867765108744303,4.2560722116983625e-06
2004,"[[77]
 [82]
 [48]
 [50]
 [57]
 [50]
 [48]
 [57]
 [71]]",1,1,glioma,1,1.3513489515541247e-05,0.9999862114588419,2.6015562326620056e-07,1,2.0151137442544115e-05,0.9999798933664957,1.1030563975388217e-08
2005,"[[77]
 [82]
 [48]
 [50]
 [57]
 [50]
 [48]
 [57]
 [71]]",1,1,glioma,1,3.2746471537355624e-06,0.9999965031941732,2.098444168060117e-07,1,2.5472542121522204e-06,0.9999972581863403,1.6310256849283444e-07
2006,"[[77]
 [82]
 [48]
 [50]
 [57]
 [50]
 [48]
 [57]
 [71]]",1,1,glioma,1,4.942119706659772e-05,0.9999353488286337,1.5279686067515286e-05,1,1.5022510172120935e-06,0.9999963839848837,2.16902622662829e-06
2007,"[[77]
 [82]
 [48]
 [51]
 [54]
 [52]
 [57]
 [54]
 [66]]",4,1,glioma,1,0.00022902363950076202,0.9996759295463562,9.502690409135539e-05,1,1.9402576820463462e-05,0.9999804099400839,2.1251535997635074e-07
2008,"[[77]
 [82]
 [48]
 [51]
 [54]
 [52]
 [57]
 [54]
 [66]]",4,1,glioma,1,0.004324490553699434,0.9943610231081644,0.001314513977073754,1,0.00020029205150725224,0.9997922976811727,7.333008748370655e-06
2009,"[[77]
 [82]
 [48]
 [51]
 [54]
 [52]
 [57]
 [54]
 [66]]",4,1,glioma,1,4.486293255467899e-05,0.9999523560206095,2.7716896132308952e-06,1,0.0002331204150607391,0.9997662901878357,5.93991300738376e-07
2010,"[[77]
 [82]
 [48]
 [51]
 [54]
 [52]
 [57]
 [54]
 [66]]",4,1,glioma,1,0.00015657717449357733,0.9997745354970297,6.887838321745221e-05,1,0.00040724038368959253,0.9995923042297363,4.5736864192254717e-07
2011,"[[77]
 [82]
 [48]
 [51]
 [51]
 [52]
 [50]
 [48]]",0,1,glioma,1,0.02191417144301037,0.9725889563560486,0.005496894863123695,1,0.00567217543721199,0.9942176143328348,0.00011024834263177279
2012,"[[49]
 [48]
 [53]
 [51]
 [55]
 [52]]",3,0,meningioma,0,0.6991297602653503,0.29245571543773013,0.008414528116797252,0,0.9988576769828796,0.0008497347419809861,0.0002925577136920765
2013,"[[77]
 [82]
 [48]
 [51]
 [51]
 [52]
 [50]
 [48]]",0,1,glioma,1,0.017904834045718115,0.9807403286298116,0.0013547971672475494,1,0.0006417083592774967,0.9993541042009989,4.216622073727194e-06
2014,"[[77]
 [82]
 [48]
 [51]
 [51]
 [52]
 [50]
 [48]]",0,1,glioma,1,0.004330515250330791,0.9929044842720032,0.002764994055420781,1,0.0007518898055423051,0.9992428024609884,5.2745058383152355e-06
2015,"[[77]
 [82]
 [48]
 [51]
 [51]
 [52]
 [50]
 [48]]",0,1,glioma,1,0.007756544820343454,0.9867632389068604,0.005480239226017147,1,0.02092418447136879,0.9776707887649536,0.0014050362321237724
2016,"[[77]
 [82]
 [48]
 [51]
 [51]
 [52]
 [50]
 [48]]",0,1,glioma,1,0.04326906148344278,0.9378955165545145,0.018835443072021008,1,0.09806961690386136,0.8606412410736084,0.04128908676405748
2017,"[[77]
 [82]
 [48]
 [51]
 [51]
 [52]
 [50]
 [48]]",0,1,glioma,1,0.017370223999023438,0.8726110657056173,0.11001871712505817,1,0.12393305699030559,0.7802219192186991,0.09584504117568333
2018,"[[77]
 [82]
 [48]
 [51]
 [51]
 [52]
 [50]
 [48]]",0,1,glioma,1,0.006146219520208736,0.9862695932388306,0.007584199425764382,1,0.059411922469735146,0.9075883030891418,0.032999792912354074
2019,"[[77]
 [82]
 [48]
 [51]
 [51]
 [52]
 [50]
 [48]]",0,1,glioma,1,0.01727639193025728,0.9727416634559631,0.009981949988286942,1,0.12118211016058922,0.864233394463857,0.014584478689357638
2020,"[[77]
 [82]
 [48]
 [50]
 [52]
 [55]
 [56]
 [48]
 [66]]",0,1,glioma,1,0.0067316793332186835,0.983725349108378,0.0095429615660881,1,0.00010314038445358165,0.9989254673322042,0.0009714272528071888
2021,"[[77]
 [82]
 [48]
 [50]
 [52]
 [55]
 [56]
 [48]
 [66]]",0,1,glioma,1,0.038654313112298645,0.9408944249153137,0.02045125560835004,1,0.0038469236072463295,0.9954949021339417,0.0006581850902875885
2022,"[[77]
 [82]
 [48]
 [50]
 [52]
 [55]
 [56]
 [48]
 [66]]",0,1,glioma,1,0.009436074954768022,0.9895287752151489,0.001035165661354161,1,0.016848035311947267,0.98307204246521,7.988437452392343e-05
2023,"[[49]
 [48]
 [53]
 [51]
 [55]
 [52]]",3,0,meningioma,0,0.7014238238334656,0.2961428314447403,0.002433325751553639,0,0.7925174236297607,0.11558730496714513,0.09189525991678238
2024,"[[77]
 [82]
 [48]
 [50]
 [52]
 [55]
 [56]
 [48]
 [66]]",0,1,glioma,1,0.037222543420890965,0.9619562029838562,0.0008212688480853103,1,0.044533452639977135,0.9549449483553568,0.000521637654552857
2025,"[[77]
 [82]
 [48]
 [51]
 [51]
 [51]
 [56]
 [57]
 [66]]",3,1,glioma,1,0.0011896132103477914,0.9988098939259847,5.014200220356443e-07,1,0.22377065693338713,0.7744399706522623,0.0017893690383061767
2026,"[[77]
 [82]
 [48]
 [52]
 [56]
 [50]
 [57]
 [52]]",0,1,glioma,1,0.01508137242247661,0.9682491620381674,0.016669435465397935,1,0.007600531990950306,0.9905734062194824,0.0018260646999503176
2027,"[[77]
 [82]
 [48]
 [52]
 [56]
 [50]
 [57]
 [55]]",4,1,glioma,1,0.07465329766273499,0.9253115653991699,3.5152494698801697e-05,1,4.3146296926958407e-05,0.9999568462371826,2.2935414382511492e-08
2028,"[[77]
 [82]
 [48]
 [52]
 [56]
 [50]
 [57]
 [55]]",4,1,glioma,1,0.0008281050734998038,0.999164859453837,7.0139546058574824e-06,1,3.230588796062269e-05,0.9999633232752482,4.3225250578871055e-06
2029,"[[77]
 [82]
 [48]
 [52]
 [56]
 [50]
 [57]
 [55]]",4,1,glioma,1,0.000396373119050016,0.9996015429496765,2.0698421063040464e-06,1,0.0012031633571799223,0.998796800772349,8.022663511297878e-08
2030,"[[77]
 [82]
 [48]
 [52]
 [56]
 [50]
 [57]
 [55]]",4,1,glioma,1,0.004589512012898922,0.9952077666918436,0.00020269128193225092,1,0.0034697590745054185,0.9965262214342753,4.049688110778031e-06
2031,"[[77]
 [82]
 [48]
 [52]
 [56]
 [50]
 [57]
 [55]]",4,1,glioma,1,0.002322911905745665,0.9973748723665873,0.0003022158828874429,1,0.0013468233907284837,0.9986508289972941,2.3606828420952297e-06
2032,"[[77]
 [82]
 [48]
 [52]
 [56]
 [50]
 [57]
 [55]]",4,1,glioma,1,0.0010143679683096707,0.9986299077669779,0.00035578062185474363,1,0.007106131641194224,0.9928919275601705,1.9651551775486573e-06
2033,"[[77]
 [82]
 [48]
 [52]
 [56]
 [50]
 [57]
 [55]]",4,1,glioma,1,0.0002788950368994847,0.999554455280304,0.00016669698622232923,1,0.0052892547100782394,0.994709332784017,1.4496713471127502e-06
2034,"[[49]
 [48]
 [53]
 [53]
 [53]
 [53]]",2,0,meningioma,0,0.8451599876085917,0.154826653500398,1.3347337699087802e-05,0,0.7199641068776449,0.2779848823944728,0.002050994352127115
2035,"[[77]
 [82]
 [48]
 [52]
 [56]
 [50]
 [57]
 [55]]",4,1,glioma,1,1.1745481363808116e-05,0.9999852975209554,2.91831784693386e-06,1,0.0005532254566181413,0.9994448026021322,1.9391639689558815e-06
2036,"[[77]
 [82]
 [48]
 [52]
 [56]
 [50]
 [57]
 [52]
 [66]]",4,1,glioma,1,0.003824003467646738,0.996174156665802,1.8505514655468385e-06,1,0.10005150983730952,0.899897833665212,5.066382059718914e-05
2037,"[[77]
 [82]
 [48]
 [52]
 [56]
 [50]
 [57]
 [52]
 [66]]",4,1,glioma,1,7.1463838442772e-05,0.9999279578526815,5.347545197764703e-07,1,0.0013664767999822895,0.9985846281051636,4.888445619144477e-05
2038,"[[77]
 [82]
 [48]
 [52]
 [56]
 [50]
 [57]
 [52]
 [66]]",4,1,glioma,1,0.002109089788670341,0.9959790507952372,0.001911824142249922,1,0.004419850457149248,0.994665523370107,0.0009146302084748944
2039,"[[77]
 [82]
 [48]
 [52]
 [56]
 [50]
 [57]
 [52]
 [66]]",4,1,glioma,1,0.0002147546038031578,0.9983864227930704,0.001398854874423705,1,0.00010728494574626286,0.9993735551834106,0.0005191866900228584
2040,"[[77]
 [82]
 [48]
 [52]
 [56]
 [50]
 [57]
 [52]
 [66]]",4,1,glioma,1,2.1252692931739148e-05,0.9998965859413147,8.217632891197961e-05,1,0.00013855824605949843,0.9996559619903564,0.00020546790862378353
2041,"[[77]
 [82]
 [48]
 [52]
 [56]
 [50]
 [57]
 [52]
 [66]]",4,1,glioma,1,0.0013591064877497654,0.9563092390696207,0.042331659545501076,1,0.00011989454810645839,0.9993056058883667,0.0005744756108470028
2042,"[[77]
 [82]
 [48]
 [52]
 [56]
 [54]
 [50]
 [49]
 [66]]",0,1,glioma,1,0.12493818004926045,0.7839633822441101,0.09109846502542496,1,0.0007491598820100384,0.9987092216809591,0.0005416471782761315
2043,"[[77]
 [82]
 [48]
 [52]
 [56]
 [54]
 [50]
 [49]
 [66]]",0,1,glioma,1,0.07748175722857316,0.8749208251635233,0.047597378181914486,1,0.00012312977742112707,0.999838650226593,3.826505042070494e-05
2044,"[[77]
 [82]
 [48]
 [52]
 [56]
 [54]
 [50]
 [49]
 [66]]",0,1,glioma,1,0.020763780766477186,0.9737315575281779,0.005504642555024475,1,0.0003868869110495628,0.9994112650553385,0.00020179110166888373
2045,"[[49]
 [48]
 [53]
 [53]
 [53]
 [53]]",2,0,meningioma,0,0.819534699122111,0.15196791291236877,0.028497417146960895,0,0.8541016379992167,0.0492933684339126,0.09660500288009644
2046,"[[77]
 [82]
 [48]
 [52]
 [56]
 [57]
 [52]
 [52]]",4,1,glioma,1,0.0012571655873519678,0.9986888964970907,5.3867784724085745e-05,1,0.002943925947571794,0.997049351533254,6.677656680646275e-06
2047,"[[77]
 [82]
 [48]
 [52]
 [56]
 [57]
 [52]
 [52]]",4,1,glioma,1,0.0030629398922125497,0.9964577158292135,0.00047932565212249756,1,0.000240367177563409,0.999757985273997,1.659561310892362e-06
2048,"[[77]
 [82]
 [48]
 [52]
 [56]
 [57]
 [52]
 [52]]",4,1,glioma,1,5.926892481511459e-05,0.9999366998672485,4.03766187181039e-06,1,0.0003020350116761013,0.9996843735376993,1.3599724525192869e-05
2049,"[[77]
 [82]
 [48]
 [52]
 [56]
 [57]
 [52]
 [52]]",4,1,glioma,1,4.787788808850261e-05,0.9999436934789022,8.407055797003219e-06,1,3.440248901161643e-06,0.9999960660934448,4.758678654089484e-07
2050,"[[77]
 [82]
 [48]
 [52]
 [56]
 [57]
 [52]
 [52]]",4,1,glioma,1,0.00020767212239055274,0.9996922016143799,0.00010008964879186048,1,0.0003007856454739037,0.99969881772995,3.7607751520359517e-07
2051,"[[77]
 [82]
 [48]
 [52]
 [56]
 [57]
 [52]
 [52]]",4,1,glioma,1,8.836072568859284e-05,0.9977373282114664,0.002174328847710664,1,0.0019269736561303337,0.9979627331097921,0.00011028173169809936
2052,"[[77]
 [82]
 [48]
 [52]
 [56]
 [57]
 [57]
 [52]]",1,1,glioma,1,0.0933329996963342,0.8835717638333639,0.023095195492108662,1,0.16512247174978256,0.6577100157737732,0.1771675224105517
2053,"[[77]
 [82]
 [48]
 [52]
 [56]
 [57]
 [57]
 [52]]",1,1,glioma,1,0.24223498751719794,0.7177555958429972,0.0400094340244929,1,0.36136946082115173,0.6374997695287069,0.0011308159946565866
2054,"[[77]
 [82]
 [48]
 [52]
 [56]
 [57]
 [57]
 [52]]",1,1,glioma,1,0.4675821860631307,0.5152613818645477,0.017156431917101145,1,0.444102019071579,0.5264778633912405,0.02942009122731785
2055,"[[77]
 [82]
 [48]
 [52]
 [56]
 [57]
 [57]
 [52]]",1,1,glioma,0,0.799200177192688,0.1979343518614769,0.0028654824709519744,1,0.0032983970838055634,0.9966591000556946,4.256021674583129e-05
2056,"[[49]
 [48]
 [53]
 [53]
 [53]
 [53]]",2,0,meningioma,0,0.6293940643469492,0.37041861315568286,0.00018733637261902913,1,0.17624246825774512,0.8196322321891785,0.004125254713774969
2057,"[[77]
 [82]
 [48]
 [52]
 [56]
 [57]
 [57]
 [52]]",1,1,glioma,0,0.8685257236162821,0.13116474201281866,0.00030953418657494086,1,0.06989759641389053,0.9300966064135233,5.827672547790523e-06
2058,"[[77]
 [82]
 [48]
 [52]
 [56]
 [57]
 [57]
 [52]]",1,1,glioma,0,0.6882321238517761,0.3116923173268636,7.556289589653413e-05,1,0.14776819323499998,0.8522290388743082,2.786491990036666e-06
2059,"[[77]
 [82]
 [48]
 [52]
 [56]
 [57]
 [57]
 [52]]",1,1,glioma,1,0.1405559629201889,0.8593414425849915,0.00010260829731123522,1,0.2136129637559255,0.7863815029462179,5.506277105382651e-06
2060,"[[77]
 [82]
 [48]
 [52]
 [56]
 [57]
 [57]
 [52]]",1,1,glioma,1,0.18537911772727966,0.8145478566487631,7.304192392136126e-05,1,0.12920450729628405,0.8707914551099142,4.0905053306043255e-06
2061,"[[77]
 [82]
 [48]
 [52]
 [57]
 [49]
 [48]
 [52]]",3,1,glioma,1,0.001835150154230784,0.9956374168395996,0.002527432957018997,1,0.004733446396130603,0.9791082739830017,0.016158332737783592
2062,"[[77]
 [82]
 [48]
 [52]
 [57]
 [49]
 [48]
 [52]]",3,1,glioma,1,0.006047229802637351,0.990811308224996,0.003141434791662808,1,0.028384563435489934,0.9524315595626831,0.019183863264818985
2063,"[[77]
 [82]
 [48]
 [52]
 [57]
 [49]
 [48]
 [52]]",3,1,glioma,1,0.2155829177548488,0.7182676196098328,0.06614946698149045,1,0.0002083821447816566,0.9997624556223551,2.913743965867373e-05
2064,"[[77]
 [82]
 [48]
 [52]
 [57]
 [49]
 [48]
 [52]]",3,1,glioma,1,0.03707438235384567,0.9621493617693583,0.0007762362993541198,1,1.8771790678329126e-05,0.9999809265136719,2.987683911566859e-07
2065,"[[77]
 [82]
 [48]
 [52]
 [57]
 [49]
 [52]
 [50]]",2,1,glioma,0,0.9124484062194824,0.04439238334695498,0.0431592104335626,0,0.5940371056397756,0.11429459663728873,0.291668305794398
2066,"[[77]
 [82]
 [48]
 [52]
 [57]
 [49]
 [52]
 [50]]",2,1,glioma,0,0.6194165150324503,0.3775653839111328,0.003018130276662608,1,0.236238531768322,0.7612367669741312,0.0025246907219601176
2067,"[[49]
 [48]
 [53]
 [57]
 [51]
 [55]]",2,0,meningioma,2,0.10808488354086876,0.02828286464015643,0.8636322816212972,0,0.6196853915850321,0.36045531928539276,0.019859295338392258
2068,"[[77]
 [82]
 [48]
 [52]
 [57]
 [49]
 [52]
 [50]]",2,1,glioma,1,0.20468235264221826,0.7878808180491129,0.0074368854984641075,0,0.532780239979426,0.44920240839322406,0.018017385775844257
2069,"[[77]
 [82]
 [48]
 [52]
 [56]
 [57]
 [57]
 [52]
 [66]]",3,1,glioma,1,0.0004526999325686158,0.999336322148641,0.00021092592977349037,1,0.001506164220093827,0.9983076850573221,0.00018613299092370048
2070,"[[77]
 [82]
 [48]
 [52]
 [56]
 [57]
 [57]
 [52]
 [66]]",3,1,glioma,1,0.00019845944796041218,0.9997029900550842,9.853853716397983e-05,1,0.0002520906826551557,0.9993054866790771,0.0004424442595336586
2071,"[[77]
 [82]
 [48]
 [52]
 [56]
 [57]
 [57]
 [52]
 [66]]",3,1,glioma,1,0.0004184186963840375,0.9995035926500956,7.80135178419054e-05,1,4.00810192265529e-06,0.999995748202006,2.585529816911958e-07
2072,"[[77]
 [82]
 [48]
 [52]
 [56]
 [57]
 [57]
 [52]
 [66]]",3,1,glioma,1,5.699400828129697e-05,0.9999385873476664,4.476360719547767e-06,1,4.9790546427175286e-05,0.9999378124872843,1.2392055547631268e-05
2073,"[[77]
 [82]
 [48]
 [52]
 [56]
 [57]
 [57]
 [52]
 [66]]",3,1,glioma,1,0.004353427153546363,0.9950528343518575,0.0005937636766854363,1,0.0009331680181882499,0.9990652203559875,1.609043854008026e-06
2074,"[[77]
 [82]
 [48]
 [52]
 [57]
 [51]
 [53]
 [56]]",2,1,glioma,1,0.005627907637972385,0.9943715532620748,5.203809413008761e-07,1,0.0002801441199456652,0.9997198581695557,2.4340262546237074e-08
2075,"[[77]
 [82]
 [48]
 [52]
 [57]
 [51]
 [53]
 [56]]",2,1,glioma,1,0.0018190020540108283,0.9981806476910909,3.4123241713738633e-07,0,0.5645890235900879,0.43530510862668353,0.00010589527785972071
2076,"[[77]
 [82]
 [48]
 [52]
 [57]
 [51]
 [53]
 [56]]",2,1,glioma,1,0.0006138715204239512,0.9993800123532613,6.062112637058211e-06,1,0.09038803307339549,0.9036001165707906,0.0060118854356308775
2077,"[[77]
 [82]
 [48]
 [52]
 [57]
 [51]
 [53]
 [56]]",2,1,glioma,1,0.003694105582932631,0.9960652987162272,0.00024054396393088004,1,0.08841853806128104,0.8947400450706482,0.016841400569925707
2078,"[[49]
 [48]
 [53]
 [57]
 [51]
 [55]]",2,0,meningioma,2,0.2061301370461782,0.0012190378620289266,0.7926508188247681,0,0.9847344954808553,0.0006545066037991395,0.014611043967306614
2079,"[[77]
 [82]
 [48]
 [52]
 [57]
 [51]
 [53]
 [56]]",2,1,glioma,1,0.048140859231352806,0.9344398975372314,0.01741924478362004,1,0.1480749100446701,0.6519760191440582,0.19994906584421793
2080,"[[77]
 [82]
 [48]
 [52]
 [57]
 [51]
 [53]
 [56]]",2,1,glioma,1,0.04143074434250593,0.956035296122233,0.0025339519585637995,1,0.027432596466193598,0.9710984627405802,0.0014689455565530807
2081,"[[77]
 [82]
 [48]
 [52]
 [57]
 [51]
 [53]
 [56]]",2,1,glioma,1,0.026771718946595986,0.9588561654090881,0.01437213271856308,1,0.0034733195667892383,0.9960762659708658,0.0004503901606464448
2082,"[[77]
 [82]
 [48]
 [52]
 [57]
 [49]
 [48]
 [52]
 [66]]",4,1,glioma,1,0.001747489635211726,0.9954830606778463,0.002769416169030592,1,0.001759058623671687,0.9915000398953756,0.006740966734165947
2083,"[[77]
 [82]
 [48]
 [52]
 [57]
 [49]
 [48]
 [52]
 [66]]",4,1,glioma,1,0.0016207812004722655,0.9972977836926779,0.0010814376873895526,1,0.004874907060487506,0.9792692462603251,0.015855856055471424
2084,"[[77]
 [82]
 [48]
 [52]
 [57]
 [49]
 [48]
 [52]
 [66]]",4,1,glioma,1,4.387797162053175e-05,0.9995217720667521,0.0004343421326969595,1,5.40700654324174e-07,0.9999967813491821,2.638322387079247e-06
2085,"[[77]
 [82]
 [48]
 [52]
 [57]
 [52]
 [53]
 [51]]",1,1,glioma,1,0.0024821987511434904,0.9952829678853353,0.002234817909387251,1,0.015884726773947477,0.9073107441266378,0.07680453717087705
2086,"[[77]
 [82]
 [48]
 [52]
 [57]
 [52]
 [53]
 [51]]",1,1,glioma,1,2.4568286789872218e-05,0.9999524354934692,2.30018116174809e-05,1,0.0004861308433040297,0.9985259373982748,0.0009878823378433783
2087,"[[77]
 [82]
 [48]
 [52]
 [57]
 [52]
 [53]
 [51]]",1,1,glioma,1,0.00022971012367634103,0.9997546672821045,1.5563662903635606e-05,1,2.041479616628668e-05,0.9999777475992838,1.8114706921516326e-06
2088,"[[77]
 [82]
 [48]
 [52]
 [57]
 [52]
 [53]
 [51]]",1,1,glioma,1,0.022412364992002647,0.9771965742111206,0.00039103420567698777,1,0.00023034717090316312,0.9997675816218058,2.0763855344367124e-06
2089,"[[49]
 [48]
 [53]
 [57]
 [51]
 [55]]",2,0,meningioma,0,0.642631600300471,0.01351387519389391,0.3438545415798823,0,0.9978009064992269,2.9518800450508326e-05,0.0021695870867309472
2090,"[[77]
 [82]
 [48]
 [52]
 [57]
 [52]
 [53]
 [51]]",1,1,glioma,1,0.0051154616521671414,0.9940509796142578,0.0008335629633317391,1,0.00036410490201888024,0.9994080066680908,0.00022792727429532533
2091,"[[77]
 [82]
 [48]
 [52]
 [57]
 [52]
 [53]
 [51]]",1,1,glioma,1,0.004756692486504714,0.9930372834205627,0.0022059824356498816,1,0.00141004989988384,0.9984708627065023,0.0001190938419218431
2092,"[[77]
 [82]
 [48]
 [52]
 [57]
 [52]
 [53]
 [51]]",1,1,glioma,1,0.0024798005276049175,0.9972805976867676,0.00023959744430612773,1,0.0001490900264495091,0.9998480280240377,2.9131194298296728e-06
2093,"[[77]
 [82]
 [48]
 [52]
 [57]
 [52]
 [53]
 [51]]",1,1,glioma,1,0.001831341185607016,0.9981466134389242,2.207763373007765e-05,1,0.0002548375662930387,0.9996006886164347,0.0001444542429756742
2094,"[[77]
 [82]
 [48]
 [52]
 [57]
 [52]
 [53]
 [51]]",1,1,glioma,1,0.005174901336431503,0.9948232769966125,1.8596365881270078e-06,1,0.02558231178166655,0.9744117061297098,5.985901256148433e-06
2095,"[[77]
 [82]
 [48]
 [50]
 [52]
 [55]
 [56]
 [48]
 [71]]",4,1,glioma,1,1.032050522553618e-05,0.9997808138529459,0.00020884216307119155,2,0.03317782593270143,0.149736354748408,0.817085862159729
2096,"[[77]
 [82]
 [48]
 [50]
 [52]
 [55]
 [56]
 [48]
 [71]]",4,1,glioma,1,3.41349271669363e-05,0.9989513556162516,0.0010144787180858354,2,0.35437317689259845,0.22465474158525467,0.42097207903862
2097,"[[77]
 [82]
 [48]
 [50]
 [52]
 [55]
 [56]
 [48]
 [71]]",4,1,glioma,1,0.00046008179439619806,0.9994935194651285,4.6419843177621566e-05,1,0.006685096227253477,0.9929929176966349,0.0003219691382885988
2098,"[[77]
 [82]
 [48]
 [50]
 [52]
 [55]
 [56]
 [48]
 [71]]",4,1,glioma,1,0.0012640918624432136,0.9985129038492838,0.0002229668947014337,1,0.001812383144473036,0.9981619119644165,2.5680065642556354e-05
2099,"[[77]
 [82]
 [48]
 [50]
 [52]
 [55]
 [56]
 [48]
 [71]]",4,1,glioma,1,0.02271165233105421,0.9768943389256796,0.0003940256913968672,1,0.005980082166691621,0.9939787785212199,4.119456669589757e-05
2100,"[[49]
 [48]
 [53]
 [57]
 [51]
 [55]]",2,0,meningioma,0,0.758478045463562,0.03867381624877453,0.20284811655680338,0,0.9913585186004639,0.008498043442765871,0.00014341550922836177
2101,"[[77]
 [82]
 [48]
 [50]
 [52]
 [55]
 [56]
 [48]
 [71]]",4,1,glioma,1,0.025007298371444147,0.9749822417894999,1.0503287436828638e-05,1,0.019248881998161476,0.9807037711143494,4.732029204509066e-05
2102,"[[77]
 [82]
 [48]
 [53]
 [48]
 [49]
 [51]
 [53]
 [66]]",3,1,glioma,1,0.0024938941739189127,0.9974555174509684,5.0561998693391765e-05,1,0.0005883930813676367,0.9994114836057028,1.0559756186134805e-07
2103,"[[77]
 [82]
 [48]
 [53]
 [48]
 [49]
 [51]
 [53]
 [66]]",3,1,glioma,1,0.022531317061899852,0.9733323256174723,0.004136338199411209,1,7.119243321085378e-05,0.9999284942944845,3.2932076976521785e-07
2104,"[[77]
 [82]
 [48]
 [53]
 [48]
 [49]
 [51]
 [53]
 [66]]",3,1,glioma,1,0.008224250671143333,0.9916072885195414,0.00016847361924495394,1,0.000685138335635808,0.999313473701477,1.3847744201693029e-06
2105,"[[77]
 [82]
 [48]
 [53]
 [48]
 [49]
 [51]
 [53]
 [66]]",3,1,glioma,1,0.05498691601678729,0.9447649121284485,0.00024815239057633204,1,0.002863035323874404,0.997133215268453,3.7529871595628115e-06
2106,"[[77]
 [82]
 [48]
 [53]
 [48]
 [49]
 [51]
 [53]
 [66]]",3,1,glioma,1,0.0007615662578075444,0.999211589495341,2.684323876699553e-05,1,0.0033496029864181764,0.9966485699017843,1.7688102407949675e-06
2107,"[[77]
 [82]
 [48]
 [53]
 [48]
 [49]
 [51]
 [53]
 [66]]",3,1,glioma,1,0.0012576939808705372,0.9984106620152792,0.0003316192345875398,1,0.002427797153359279,0.9964519341786703,0.0011202715104445815
2108,"[[77]
 [82]
 [48]
 [53]
 [48]
 [49]
 [51]
 [53]
 [66]]",3,1,glioma,1,0.0025784968812937827,0.9958636164665222,0.0015579428435330556,1,0.004992160490170742,0.9904978473981222,0.004509962551916639
2109,"[[77]
 [82]
 [48]
 [53]
 [48]
 [49]
 [51]
 [53]
 [66]]",3,1,glioma,1,0.021036476537119597,0.9570638736089071,0.021899657576189686,1,0.13028774162133536,0.7487446864446005,0.12096756820877393
2110,"[[77]
 [82]
 [48]
 [53]
 [48]
 [49]
 [51]
 [53]
 [66]]",3,1,glioma,1,0.047488463732103504,0.9417630831400553,0.010748436228216937,1,0.03504383598919958,0.9571114778518677,0.007844698052698126
2111,"[[49]
 [48]
 [50]
 [55]
 [49]
 [52]]",4,0,meningioma,0,0.757869283358256,0.03977553608516852,0.20235519483685493,0,0.9123423099517822,0.003189380125453075,0.08446833615501721
2112,"[[49]
 [48]
 [54]
 [50]
 [56]
 [52]]",2,0,meningioma,0,0.9320359230041504,0.06387035797039668,0.004093709518201649,0,0.9302732149759928,0.06738705312212308,0.0023397105008674166
2113,"[[77]
 [82]
 [48]
 [53]
 [48]
 [54]
 [56]
 [55]]",3,1,glioma,0,0.5616593559583029,0.4382297496000926,0.00011090883691622366,1,0.014699965482577682,0.985284666220347,1.5349601549511743e-05
2114,"[[77]
 [82]
 [48]
 [53]
 [48]
 [54]
 [56]
 [55]]",3,1,glioma,1,0.00035045997189323924,0.9996438423792521,5.721056383597063e-06,1,0.000536544221783212,0.999463419119517,2.7859236251259745e-08
2115,"[[77]
 [82]
 [48]
 [53]
 [48]
 [54]
 [56]
 [55]]",3,1,glioma,1,0.011993220968482396,0.9866828322410583,0.0013239309385729332,1,0.024467434734106064,0.9755247831344604,7.756170504080728e-06
2116,"[[77]
 [82]
 [48]
 [53]
 [48]
 [54]
 [56]
 [55]]",3,1,glioma,1,0.004358089130770774,0.9956016937891642,4.0236416621208804e-05,1,0.0005355065647260441,0.9994643131891886,1.930941164000425e-07
2117,"[[77]
 [82]
 [48]
 [53]
 [48]
 [54]
 [56]
 [55]]",3,1,glioma,1,0.00019758868205836203,0.9998004833857218,1.8962070635851018e-06,1,0.00031518357900495175,0.9996841748555502,6.098057633667034e-07
2118,"[[77]
 [82]
 [48]
 [53]
 [48]
 [54]
 [56]
 [55]]",3,1,glioma,1,0.00023547682937892964,0.9997438192367554,2.0698392955154077e-05,1,0.0014760822377866134,0.9985030094782511,2.0931579129523925e-05
2119,"[[77]
 [82]
 [48]
 [53]
 [48]
 [55]
 [57]
 [49]
 [66]]",4,1,glioma,1,0.01849774830043316,0.9814910689989725,1.1207738414971876e-05,1,0.04207592333356539,0.9579215248425802,2.5228115703157528e-06
2120,"[[77]
 [82]
 [48]
 [53]
 [48]
 [55]
 [57]
 [49]
 [66]]",4,1,glioma,1,0.028473319485783577,0.9715195099512736,7.1987189661134226e-06,1,0.00987630741049846,0.9901190797487894,4.603238418591597e-06
2121,"[[77]
 [82]
 [48]
 [53]
 [48]
 [55]
 [57]
 [49]
 [66]]",4,1,glioma,1,0.012290734176834425,0.9876393675804138,6.991617556195706e-05,1,0.09577043230334918,0.9040702780087789,0.00015927976831638566
2122,"[[77]
 [82]
 [48]
 [53]
 [48]
 [55]
 [57]
 [49]
 [66]]",4,1,glioma,1,0.023568732663989067,0.9763807455698649,5.056440719878689e-05,0,0.6686457594235738,0.3308444395661354,0.0005097633472056865
2123,"[[49]
 [48]
 [54]
 [50]
 [56]
 [52]]",2,0,meningioma,1,0.09477416550119717,0.9050872524579366,0.00013855698246819279,0,0.537602444489797,0.46045979857444763,0.0019377932767383754
2124,"[[77]
 [82]
 [48]
 [53]
 [48]
 [55]
 [57]
 [49]
 [66]]",4,1,glioma,1,0.08697001325587432,0.9126075506210327,0.00042242996763282764,0,0.8412683407465616,0.15673672532041868,0.0019949424798445157
2125,"[[77]
 [82]
 [48]
 [53]
 [48]
 [55]
 [57]
 [49]
 [66]]",4,1,glioma,1,0.003060425321261088,0.9967830379803976,0.00015650291849548617,1,0.1762201339006424,0.8230574131011963,0.0007224514653595785
2126,"[[77]
 [82]
 [48]
 [53]
 [48]
 [55]
 [57]
 [49]
 [66]]",4,1,glioma,1,0.015412357480575642,0.9841596682866415,0.0004280093902101119,1,0.2043037215868632,0.792312224706014,0.0033840713925504438
2127,"[[77]
 [82]
 [48]
 [53]
 [48]
 [55]
 [57]
 [49]
 [66]]",4,1,glioma,1,0.10019902760783832,0.8820917208989462,0.0177092629019171,1,0.14497223993142447,0.8546041051546732,0.0004236589981398235
2128,"[[77]
 [82]
 [48]
 [52]
 [57]
 [48]
 [49]
 [57]
 [67]]",4,1,glioma,1,7.642315965010009e-05,0.9996777574221293,0.00024581874943881604,1,0.0036098384492409727,0.989028533299764,0.007361583722134431
2129,"[[77]
 [82]
 [48]
 [52]
 [57]
 [48]
 [49]
 [57]
 [67]]",4,1,glioma,1,0.002176653128117323,0.9918402036031088,0.0059831746233006316,1,0.0005275452052349768,0.999421497186025,5.098748473149802e-05
2130,"[[77]
 [82]
 [48]
 [52]
 [57]
 [48]
 [49]
 [57]
 [67]]",4,1,glioma,1,0.00035558493497471016,0.9988142649332682,0.0008301514996370921,1,0.00016353224926509333,0.9998172918955485,1.9173151031282032e-05
2131,"[[77]
 [82]
 [48]
 [52]
 [57]
 [48]
 [49]
 [57]
 [67]]",4,1,glioma,1,0.003016318272178372,0.8007518450419108,0.19623182713985443,1,0.00020686420915202083,0.9517626166343689,0.04803052296241125
2132,"[[77]
 [82]
 [48]
 [53]
 [49]
 [52]
 [54]
 [49]]",2,1,glioma,1,0.0016528996056877077,0.998266855875651,8.030592289287597e-05,1,0.02155165319951872,0.9784456292788187,2.7173465847833236e-06
2133,"[[77]
 [82]
 [48]
 [53]
 [49]
 [52]
 [54]
 [49]]",2,1,glioma,1,0.00013744187041690262,0.999856173992157,6.3840895260606585e-06,1,0.004359603646056105,0.9956400791803995,3.128885500321606e-07
2134,"[[49]
 [48]
 [54]
 [50]
 [56]
 [52]]",2,0,meningioma,1,0.09061950693527858,0.9080942869186401,0.0012861993551875155,1,0.2423286313811938,0.7566510041554769,0.0010203388907636206
2135,"[[77]
 [82]
 [48]
 [53]
 [49]
 [52]
 [54]
 [49]]",2,1,glioma,1,0.0005988072213464571,0.9993876020113627,1.36128348155277e-05,1,0.01040892171052595,0.9895843863487244,6.695767145477778e-06
2136,"[[77]
 [82]
 [48]
 [53]
 [49]
 [52]
 [54]
 [49]]",2,1,glioma,1,0.008518705610185862,0.991334080696106,0.00014721118592812368,1,0.11676170428593953,0.8832379579544067,3.4118513288679725e-07
2137,"[[77]
 [82]
 [48]
 [53]
 [49]
 [52]
 [54]
 [49]]",2,1,glioma,1,0.022940640648206074,0.9770538608233134,5.460402917378815e-06,1,0.013149334428211054,0.9868375658988953,1.3126598332746653e-05
2138,"[[77]
 [82]
 [48]
 [53]
 [49]
 [52]
 [54]
 [49]]",2,1,glioma,1,0.00031307535149001825,0.9996745586395264,1.2384429586139353e-05,1,0.017341389165570337,0.9826570550600687,1.5412504505244822e-06
2139,"[[77]
 [82]
 [48]
 [53]
 [49]
 [52]
 [54]
 [49]]",2,1,glioma,1,0.00037433479277145426,0.99961390097936,1.1774489545738712e-05,1,0.0001895263182329169,0.9998104572296143,6.584727548405074e-08
2140,"[[77]
 [82]
 [48]
 [53]
 [49]
 [53]
 [56]
 [54]]",1,1,glioma,1,0.0022651973025252423,0.9977347453435262,8.24543446853454e-08,1,0.020909320951129,0.9790905912717184,6.761645086431993e-08
2141,"[[77]
 [82]
 [48]
 [53]
 [49]
 [53]
 [56]
 [54]]",1,1,glioma,1,0.0016798927099443972,0.9983181158701578,2.0301277648589653e-06,1,0.011879645326795677,0.9881137808163961,6.554074805838657e-06
2142,"[[77]
 [82]
 [48]
 [53]
 [49]
 [53]
 [56]
 [54]]",1,1,glioma,1,0.030554549768567085,0.9694278240203857,1.7599668656960905e-05,1,0.022899774650189404,0.977097729841868,2.5392094613607696e-06
2143,"[[77]
 [82]
 [48]
 [53]
 [49]
 [53]
 [56]
 [54]]",1,1,glioma,1,0.05290874466300011,0.9451651771863302,0.0019260443126161892,1,0.03746385499835014,0.9625341693560282,2.0001546895779634e-06
2144,"[[77]
 [82]
 [48]
 [53]
 [49]
 [53]
 [56]
 [54]]",1,1,glioma,0,0.5335758626461029,0.43271446228027344,0.033709704487894974,1,0.15165029714504877,0.8482861717542013,6.351716046992806e-05
2145,"[[49]
 [48]
 [54]
 [50]
 [56]
 [52]]",2,0,meningioma,0,0.6692831118901571,0.15673777957757315,0.17397909859816232,0,0.5915412803490957,0.3812793791294098,0.02717936784029007
2146,"[[77]
 [82]
 [48]
 [53]
 [49]
 [53]
 [56]
 [54]]",1,1,glioma,1,0.025351057139535744,0.9728139837582906,0.001834977340574066,1,0.011388377208883563,0.9885959625244141,1.5617695350300664e-05
2147,"[[77]
 [82]
 [48]
 [53]
 [49]
 [53]
 [56]
 [54]]",1,1,glioma,1,0.010067584613958994,0.9898591836293539,7.321237171709072e-05,1,9.652351314078562e-05,0.9999019503593445,1.5213013062620462e-06
2148,"[[77]
 [82]
 [48]
 [53]
 [49]
 [53]
 [56]
 [54]]",1,1,glioma,1,0.00018394726763896566,0.9997976223627726,1.8441609540786885e-05,1,0.000281095831572505,0.999718189239502,6.970601429401313e-07
2149,"[[77]
 [82]
 [48]
 [53]
 [49]
 [53]
 [56]
 [54]]",1,1,glioma,1,8.995546060456643e-05,0.9997256994247437,0.00018439707976843542,1,2.1889394465309426e-05,0.9999777873357137,3.403765965378132e-07
2150,"[[77]
 [82]
 [48]
 [53]
 [49]
 [54]
 [52]
 [52]]",1,1,glioma,1,0.021266160300001502,0.978386640548706,0.00034716100223401253,1,0.001364080863519727,0.9985916217168173,4.433473846650789e-05
2151,"[[77]
 [82]
 [48]
 [53]
 [49]
 [54]
 [52]
 [52]]",1,1,glioma,1,0.15302174538373947,0.5809194346268972,0.2660587852199872,1,0.0035705726283291974,0.9939159154891968,0.0025135453349018158
2152,"[[77]
 [82]
 [48]
 [53]
 [49]
 [54]
 [52]
 [52]]",1,1,glioma,1,0.07038681084911029,0.8197235266367594,0.10988965568443139,1,0.04020637460052967,0.5990699430306753,0.36072365442911786
2153,"[[77]
 [82]
 [48]
 [53]
 [49]
 [54]
 [52]
 [52]]",1,1,glioma,1,0.053382390489180885,0.9458809892336527,0.0007366230323289832,1,0.01741753052920103,0.982258935769399,0.00032352298937136464
2154,"[[77]
 [82]
 [48]
 [53]
 [49]
 [54]
 [52]
 [52]]",1,1,glioma,1,0.01576155051589012,0.9841590523719788,7.944388501831175e-05,1,0.0032191247955779545,0.9967054128646851,7.545672497144551e-05
2155,"[[77]
 [82]
 [48]
 [53]
 [49]
 [54]
 [52]
 [52]]",1,1,glioma,1,0.05962729454040527,0.9392048915227255,0.0011678585239375632,1,0.00045761042125983903,0.9995359182357788,6.505599699835329e-06
2156,"[[49]
 [48]
 [54]
 [52]
 [52]
 [50]]",2,0,meningioma,0,0.9685516754786173,0.03132935706526041,0.00011890279589958179,0,0.8717111547787985,0.12723196546236673,0.0010568507374652352
2157,"[[77]
 [82]
 [48]
 [53]
 [49]
 [54]
 [52]
 [52]]",1,1,glioma,1,0.0069581038163354,0.9924002687136332,0.0006416788916491593,1,0.00043732704034482595,0.9995606541633606,2.0355621472845087e-06
2158,"[[77]
 [82]
 [48]
 [53]
 [49]
 [54]
 [52]
 [52]]",1,1,glioma,1,0.026761936023831367,0.9732268651326498,1.1247386927000965e-05,1,0.005438282433412193,0.9945514996846517,1.0183432764080772e-05
2159,"[[77]
 [82]
 [48]
 [53]
 [49]
 [54]
 [52]
 [52]]",1,1,glioma,1,0.00048540757173517096,0.9995144804318746,1.732732582600723e-07,1,3.275509206919954e-05,0.9999672174453735,5.250822480521814e-08
2160,"[[77]
 [82]
 [48]
 [53]
 [49]
 [54]
 [52]
 [52]]",1,1,glioma,1,0.00046188793688391644,0.9995328783988953,5.235704747974523e-06,1,1.6660501939232592e-05,0.9999830722808838,2.3716819159969038e-07
2161,"[[77]
 [82]
 [48]
 [53]
 [49]
 [54]
 [53]
 [49]]",2,1,glioma,1,0.0011822576052509248,0.9988039135932922,1.3877689828708148e-05,1,0.0008005471512054404,0.9990820487340292,0.0001173989221570082
2162,"[[77]
 [82]
 [48]
 [53]
 [49]
 [54]
 [53]
 [49]]",2,1,glioma,1,0.0023810057706820467,0.9976170857747396,1.901275197724317e-06,1,0.006888600221524636,0.9931096037228903,1.7699266644892002e-06
2163,"[[77]
 [82]
 [48]
 [53]
 [49]
 [54]
 [53]
 [49]]",2,1,glioma,1,0.0009194150382730489,0.999080240726471,3.7429888758803526e-07,1,0.12788299098610878,0.8721168041229248,1.5258827090747218e-07
2164,"[[77]
 [82]
 [48]
 [53]
 [49]
 [54]
 [53]
 [49]]",2,1,glioma,1,0.000942327756395874,0.9990527033805847,4.982492858592498e-06,0,0.7287941177686056,0.2712058325608571,4.082330207211271e-08
2165,"[[77]
 [82]
 [48]
 [53]
 [49]
 [55]
 [57]
 [54]]",4,1,glioma,1,0.03416014773150285,0.8843136429786682,0.0815261909738183,1,0.02758268282438318,0.948399007320404,0.024018296661476295
2166,"[[77]
 [82]
 [48]
 [53]
 [49]
 [55]
 [57]
 [54]]",4,1,glioma,1,0.00012147551751695573,0.9949867328008016,0.00489181427595516,1,0.001184073223460776,0.9969616333643595,0.0018542747905788322
2167,"[[49]
 [48]
 [54]
 [52]
 [52]
 [50]]",2,0,meningioma,0,0.7682162721951803,0.23170514404773712,7.861831363698002e-05,0,0.9665356079737345,0.031405629900594555,0.002058733138255775
2168,"[[77]
 [82]
 [48]
 [53]
 [49]
 [55]
 [57]
 [54]]",4,1,glioma,2,0.019379126839339733,0.32846403618653613,0.652156819899877,1,4.104052919728929e-05,0.999906043211619,5.295510436553741e-05
2169,"[[77]
 [82]
 [48]
 [53]
 [49]
 [55]
 [57]
 [54]]",4,1,glioma,1,0.017716735290984314,0.9007088343302408,0.08157446545859177,1,0.02024272953470548,0.9782251715660095,0.0015321224539851148
2170,"[[77]
 [82]
 [48]
 [53]
 [49]
 [55]
 [57]
 [54]]",4,1,glioma,2,0.02634053739408652,0.3634925236304601,0.6101669470469157,1,0.023716162114093702,0.9716349840164185,0.004648854412759344
2171,"[[77]
 [82]
 [48]
 [53]
 [49]
 [55]
 [57]
 [54]]",4,1,glioma,1,0.0012093353434465826,0.983815610408783,0.014975070099656781,1,0.003939890613158544,0.9946155945460001,0.0014445350388996303
2172,"[[77]
 [82]
 [48]
 [53]
 [49]
 [55]
 [57]
 [54]]",4,1,glioma,1,0.017947299716373284,0.9267351826032003,0.055317519853512444,1,0.006848121838023265,0.9897101322809855,0.003441710393720617
2173,"[[77]
 [82]
 [48]
 [53]
 [49]
 [54]
 [53]
 [49]
 [66]]",0,1,glioma,2,0.32196809351444244,0.12000562747319539,0.5580262541770935,1,0.30522528290748596,0.5666268269220988,0.1281478957583507
2174,"[[77]
 [82]
 [48]
 [53]
 [49]
 [54]
 [53]
 [49]
 [66]]",0,1,glioma,0,0.5053962171077728,0.22452943523724875,0.2700743277867635,1,0.05081813347836336,0.9409236510594686,0.00825823067377011
2175,"[[77]
 [82]
 [48]
 [53]
 [49]
 [54]
 [53]
 [49]
 [66]]",0,1,glioma,1,0.1842053383588791,0.5787684917449951,0.23702616492907205,1,0.20908784866333008,0.7443038026491801,0.04660831640164057
2176,"[[77]
 [82]
 [48]
 [53]
 [49]
 [54]
 [53]
 [49]
 [66]]",0,1,glioma,1,0.09309503311912219,0.8792765140533447,0.027628432183216017,1,0.06393068935722113,0.9359683990478516,0.00010088581378416468
2177,"[[77]
 [82]
 [48]
 [53]
 [49]
 [54]
 [53]
 [49]
 [66]]",0,1,glioma,1,0.02407423158486684,0.9723894198735555,0.0035363529338307367,1,0.03232725306103627,0.9676364858945211,3.6274843902598754e-05
2178,"[[49]
 [48]
 [54]
 [52]
 [52]
 [50]]",2,0,meningioma,0,0.8525592684745789,0.14743978281815848,9.70461921194025e-07,0,0.8334512511889139,0.1642885704835256,0.0022601961779097715
2179,"[[77]
 [82]
 [48]
 [53]
 [49]
 [54]
 [53]
 [49]
 [66]]",0,1,glioma,1,0.02311282077183326,0.9688019355138143,0.00808522547595203,1,0.06107246813674768,0.9388688007990519,5.8755995875496105e-05
2180,"[[77]
 [82]
 [48]
 [53]
 [49]
 [54]
 [52]
 [52]
 [66]]",2,1,glioma,1,6.0050511668426525e-06,0.9995970924695333,0.0003968760987239269,1,0.00020875308776642973,0.9713409741719564,0.028450253186747432
2181,"[[77]
 [82]
 [48]
 [53]
 [49]
 [54]
 [52]
 [52]
 [66]]",2,1,glioma,1,0.0004935610534933706,0.7519253889719645,0.24758106966813406,1,0.0030937853904712633,0.8123336633046468,0.18457258120179176
2182,"[[77]
 [82]
 [48]
 [53]
 [49]
 [54]
 [52]
 [52]
 [66]]",2,1,glioma,1,0.007498814569165309,0.7246858874956766,0.26781530181566876,1,0.002355401898967102,0.5147517422835032,0.48289282619953156
2183,"[[77]
 [82]
 [48]
 [53]
 [49]
 [54]
 [52]
 [52]
 [66]]",2,1,glioma,1,0.0010787090480638046,0.9888560771942139,0.010065260343253613,1,0.00010934179639813617,0.9066885113716125,0.09320215446253617
2184,"[[77]
 [82]
 [48]
 [53]
 [49]
 [54]
 [52]
 [52]
 [66]]",2,1,glioma,1,5.80058992151559e-05,0.98980313539505,0.010138869363193711,1,0.0004610204417379767,0.792646606763204,0.20689238607883453
2185,"[[77]
 [82]
 [48]
 [53]
 [49]
 [54]
 [52]
 [52]
 [66]]",2,1,glioma,1,6.302417993235092e-05,0.9946704308191935,0.00526658430074652,1,0.0017158867655477177,0.6841252446174622,0.3141588469346364
2186,"[[77]
 [82]
 [48]
 [53]
 [49]
 [54]
 [52]
 [52]
 [66]]",2,1,glioma,1,0.001237948687048629,0.8800781965255737,0.11868381251891454,1,0.0002542063669655666,0.9656914671262106,0.03405432651440302
2187,"[[77]
 [82]
 [48]
 [53]
 [49]
 [54]
 [52]
 [52]
 [66]]",2,1,glioma,1,3.2174286237326065e-05,0.9989473223686218,0.001020484691252932,1,0.0020464210926244655,0.9942336479822794,0.003719962124402324
2188,"[[77]
 [82]
 [48]
 [53]
 [49]
 [54]
 [52]
 [52]
 [66]]",2,1,glioma,1,0.005723716380695502,0.9683519204457601,0.02592436286310355,1,0.010392341413535178,0.981069028377533,0.008538634361078342
2189,"[[49]
 [48]
 [54]
 [53]
 [51]
 [52]]",3,0,meningioma,0,0.9766773382822672,0.02331148274242878,1.118074392951011e-05,0,0.9187579949696859,0.08114100744326909,0.00010098820591034989
2190,"[[77]
 [82]
 [48]
 [53]
 [49]
 [55]
 [57]
 [54]
 [66]]",4,1,glioma,1,3.9330971048912033e-05,0.9982605973879496,0.0017000057656938832,1,0.0005830763087336285,0.9963259895642599,0.0030908877379260957
2191,"[[77]
 [82]
 [48]
 [53]
 [49]
 [55]
 [57]
 [54]
 [66]]",4,1,glioma,1,0.0002139563390907521,0.9991778532663981,0.0006081975298002362,1,0.00042605120324878953,0.9917304913202921,0.007843471665789062
2192,"[[77]
 [82]
 [48]
 [53]
 [49]
 [55]
 [57]
 [54]
 [66]]",4,1,glioma,1,2.691333179427602e-06,0.9999825159708658,1.476023851409991e-05,1,0.0008221521341814272,0.999082068602244,9.573710152229371e-05
2193,"[[77]
 [82]
 [48]
 [53]
 [49]
 [55]
 [57]
 [54]
 [66]]",4,1,glioma,1,7.757184115083267e-05,0.9996239940325419,0.00029845897855314735,1,8.873710370001693e-05,0.9998583197593689,5.293302251629939e-05
2194,"[[77]
 [82]
 [48]
 [53]
 [49]
 [55]
 [57]
 [54]
 [66]]",4,1,glioma,1,0.00019861494365613908,0.9958070715268453,0.0039943529991433024,1,0.00248120925486243,0.9823551972707113,0.015163576075186333
2195,"[[77]
 [82]
 [48]
 [53]
 [50]
 [53]
 [53]
 [48]]",0,1,glioma,1,0.030704624019563198,0.9477801124254862,0.02151525455216567,1,0.0024331402770864465,0.9975526134173075,1.426841072316165e-05
2196,"[[77]
 [82]
 [48]
 [53]
 [50]
 [53]
 [53]
 [48]]",0,1,glioma,1,0.05163596260050932,0.9333211580912272,0.01504287930826346,1,0.0005775834288215265,0.999417801698049,4.571514978124469e-06
2197,"[[77]
 [82]
 [48]
 [53]
 [50]
 [53]
 [53]
 [48]]",0,1,glioma,1,0.0064047077515472966,0.9807080626487732,0.012887159983317057,1,0.0030816087188820043,0.9966616630554199,0.00025668824976795196
2198,"[[77]
 [82]
 [48]
 [53]
 [50]
 [53]
 [53]
 [48]]",0,1,glioma,1,0.008258618880063295,0.9752692778905233,0.016472095778832834,1,0.0467665729423364,0.9495704968770345,0.003662883110033969
2199,"[[77]
 [82]
 [48]
 [53]
 [50]
 [53]
 [53]
 [48]]",0,1,glioma,1,0.00853646375859777,0.9819530248641968,0.009510516305454075,1,0.09221573670705159,0.8762065370877584,0.03157775538663069
2200,"[[49]
 [48]
 [54]
 [53]
 [51]
 [52]]",3,0,meningioma,0,0.7797756393750509,0.22020946939786276,1.4871916898565965e-05,0,0.9142207702000936,0.08560895423094432,0.00017031562310876325
2201,"[[77]
 [82]
 [48]
 [53]
 [50]
 [53]
 [53]
 [48]]",0,1,glioma,1,0.08344948912660281,0.8950411876042684,0.02150935446843505,1,0.0541774599502484,0.9339206218719482,0.011901913521190485
2202,"[[77]
 [82]
 [48]
 [53]
 [50]
 [53]
 [53]
 [48]]",0,1,glioma,1,0.061434888591368995,0.8103122115135193,0.12825293590625128,1,0.015861231678475935,0.9826435248057047,0.0014952310205747683
2203,"[[77]
 [82]
 [48]
 [53]
 [50]
 [53]
 [53]
 [48]]",0,1,glioma,1,0.025347334953645866,0.8499430815378824,0.1247095533957084,1,0.02703918454547723,0.969014585018158,0.0039462626446038485
2204,"[[77]
 [82]
 [48]
 [53]
 [49]
 [54]
 [52]
 [52]
 [67]]",2,1,glioma,1,0.00036495947279036045,0.9995986620585123,3.6393789741850924e-05,1,0.020274718447277944,0.9797105193138123,1.4743801784788957e-05
2205,"[[77]
 [82]
 [48]
 [53]
 [49]
 [54]
 [52]
 [52]
 [67]]",2,1,glioma,1,1.6858952638661624e-05,0.9998223980267843,0.00016075708754215157,1,0.00037763185900985263,0.9991389711697897,0.0004834142649391045
2206,"[[77]
 [82]
 [48]
 [53]
 [49]
 [54]
 [52]
 [52]
 [67]]",2,1,glioma,1,0.002107763197273016,0.9513492584228516,0.04654299498846134,1,9.010402269874855e-05,0.9998928507169088,1.7058217963494826e-05
2207,"[[77]
 [82]
 [48]
 [53]
 [49]
 [54]
 [52]
 [52]
 [67]]",2,1,glioma,1,0.004726202460005879,0.9931415319442749,0.0021322964457795024,1,0.006737537449225783,0.9923248092333475,0.000937614570527027
2208,"[[77]
 [82]
 [48]
 [53]
 [49]
 [54]
 [52]
 [52]
 [67]]",2,1,glioma,1,0.00853736170878013,0.9011422594388326,0.09032037667930126,1,0.055726129561662674,0.7766630450884501,0.16761081417401633
2209,"[[77]
 [82]
 [48]
 [53]
 [49]
 [54]
 [52]
 [52]
 [67]]",2,1,glioma,1,0.0006645461447381725,0.9983250498771667,0.0010104419585938256,1,0.0013555474773359795,0.998548666636149,9.58272260807765e-05
2210,"[[77]
 [82]
 [48]
 [53]
 [49]
 [54]
 [52]
 [52]
 [67]]",2,1,glioma,1,0.009403023713578781,0.9848830103874207,0.005714003190708657,1,0.000549558016549175,0.9993812640508016,6.913769114665531e-05
2211,"[[49]
 [48]
 [54]
 [54]
 [54]
 [53]]",1,0,meningioma,0,0.9522815545399984,0.04744852210084597,0.00026993230858352035,0,0.5511045654614767,0.44742217659950256,0.0014732738685173292
2212,"[[77]
 [82]
 [48]
 [53]
 [49]
 [54]
 [52]
 [52]
 [67]]",2,1,glioma,1,0.42149049043655396,0.5647982259591421,0.013711280189454556,1,0.0008522490873777618,0.9991405010223389,7.289232144103153e-06
2213,"[[77]
 [82]
 [48]
 [53]
 [49]
 [54]
 [52]
 [52]
 [67]]",2,1,glioma,1,0.0358288143761456,0.9639459252357483,0.00022525394767095955,1,0.02172245519856612,0.978064755598704,0.00021281088993418962
2214,"[[77]
 [82]
 [48]
 [53]
 [49]
 [54]
 [52]
 [52]
 [67]]",2,1,glioma,1,0.00010436069411904707,0.9998868107795715,8.821094221881745e-06,1,0.0006315912372277429,0.9993613163630167,7.114544435656474e-06
2215,"[[77]
 [82]
 [48]
 [52]
 [57]
 [57]
 [52]
 [50]
 [66]]",3,1,glioma,1,0.00010547330731262387,0.9979824423789978,0.0019121184674683416,1,0.0009263649866018872,0.9974506298700968,0.001623043305395792
2216,"[[77]
 [82]
 [48]
 [52]
 [57]
 [57]
 [52]
 [50]
 [66]]",3,1,glioma,1,0.0064872258687197855,0.8046307762463888,0.1888820224752029,1,0.0017873270883986454,0.9919736782709757,0.006239037689131995
2217,"[[77]
 [82]
 [48]
 [52]
 [57]
 [57]
 [52]
 [50]
 [66]]",3,1,glioma,1,0.0010212098942948462,0.9920149842898051,0.006963781294568132,1,0.0008107370982391634,0.9942667682965597,0.004922457505017519
2218,"[[77]
 [82]
 [48]
 [53]
 [50]
 [53]
 [56]
 [53]
 [66]]",1,1,glioma,1,0.006434450624510646,0.9822596112887064,0.011305960516134897,1,0.0007605783551601538,0.9950906236966451,0.004148824562435038
2219,"[[77]
 [82]
 [48]
 [53]
 [50]
 [53]
 [56]
 [53]
 [66]]",1,1,glioma,1,0.013162762392312288,0.9684236844380697,0.018413569467763107,1,0.001648623064587203,0.9969554742177328,0.0013959182300216828
2220,"[[77]
 [82]
 [48]
 [53]
 [50]
 [53]
 [56]
 [53]
 [66]]",1,1,glioma,1,9.579297451030773e-05,0.9996975262959799,0.00020662460216650894,1,0.01039259678994616,0.9814665714899699,0.00814079464180395
2221,"[[77]
 [82]
 [48]
 [53]
 [51]
 [49]
 [49]
 [48]
 [66]]",3,1,glioma,1,6.316730482502919e-05,0.9998987317085266,3.8089099272535044e-05,1,0.0037555209049363234,0.9921008348464966,0.004143638332607225
2222,"[[49]
 [48]
 [48]
 [51]
 [54]
 [48]]",2,0,meningioma,1,0.026022352899114292,0.9471612771352133,0.026816336282839377,0,0.7251052856445312,0.22096087783575058,0.05393383217354616
2223,"[[49]
 [48]
 [50]
 [55]
 [49]
 [52]]",4,0,meningioma,0,0.6116265257199606,0.01669179353242119,0.37168167034784955,0,0.5947570204734802,0.00025632917428689933,0.4049866398175557
2224,"[[49]
 [48]
 [54]
 [54]
 [54]
 [53]]",1,0,meningioma,0,0.5179787079493204,0.47338470816612244,0.008636553073301911,1,0.2270460625489553,0.7727853457132975,0.00016862742874460915
2225,"[[77]
 [82]
 [48]
 [53]
 [51]
 [49]
 [49]
 [48]
 [66]]",3,1,glioma,1,0.00039723717482450144,0.9988735119501749,0.0007292838305753927,1,0.003991832704438518,0.9959815343221029,2.6641651857062243e-05
2226,"[[77]
 [82]
 [48]
 [53]
 [51]
 [49]
 [49]
 [48]
 [66]]",3,1,glioma,1,0.00563878738709415,0.9915859500567118,0.0027752689202316105,1,0.0003933337775758143,0.9996063907941183,2.574850332948131e-07
2227,"[[77]
 [82]
 [48]
 [53]
 [51]
 [49]
 [49]
 [48]
 [66]]",3,1,glioma,1,0.008854797575622797,0.9906280239423116,0.0005171519114810508,1,0.0009820505817212204,0.9989460706710815,7.191467314745144e-05
2228,"[[77]
 [82]
 [48]
 [53]
 [51]
 [49]
 [49]
 [48]
 [66]]",3,1,glioma,1,0.03271034515152375,0.9671594103177389,0.0001302516936452965,1,0.018798543179097276,0.9806955059369405,0.0005059040364964554
2229,"[[77]
 [82]
 [48]
 [53]
 [51]
 [49]
 [49]
 [48]
 [66]]",3,1,glioma,1,0.052347885367150106,0.947597324848175,5.4822880484787596e-05,1,0.03618124717225631,0.9638130863507589,5.653655080095632e-06
2230,"[[77]
 [82]
 [48]
 [51]
 [52]
 [54]
 [57]
 [52]]",2,1,glioma,1,0.007391625394423802,0.8032910227775574,0.1893173704544703,2,0.009697806710998217,0.39542833467324573,0.594873865445455
2231,"[[77]
 [82]
 [48]
 [51]
 [52]
 [54]
 [57]
 [52]]",2,1,glioma,1,0.0002163563088591521,0.9977437059084574,0.002039965552588304,2,0.09317357341448466,0.2535151435683171,0.6533112525939941
2232,"[[77]
 [82]
 [48]
 [51]
 [52]
 [54]
 [57]
 [52]]",2,1,glioma,1,0.00034335104282945395,0.9993475675582886,0.00030908478947822005,1,0.002576833125203848,0.9655018846193949,0.03192125385006269
2233,"[[77]
 [82]
 [48]
 [51]
 [52]
 [54]
 [57]
 [52]]",2,1,glioma,1,0.14121600488821665,0.7831984559694926,0.07558555404345195,1,2.4117397733410446e-05,0.9992262919743856,0.0007496103450345496
2234,"[[77]
 [82]
 [48]
 [53]
 [52]
 [56]
 [55]
 [53]]",0,1,glioma,1,0.19542059550682703,0.5266071458657583,0.277972253660361,2,0.21196293830871582,0.26706168055534363,0.5209753811359406
2235,"[[49]
 [48]
 [54]
 [54]
 [54]
 [53]]",1,0,meningioma,1,0.4525196651617686,0.5044097801049551,0.04307063575834036,0,0.6775104403495789,0.3214340421060721,0.0010555535360860329
2236,"[[77]
 [82]
 [48]
 [53]
 [52]
 [56]
 [55]
 [53]]",0,1,glioma,1,0.06664122951527436,0.9141961534818014,0.01916261250153184,1,0.045446451753377914,0.5799586226542791,0.3745949591199557
2237,"[[77]
 [82]
 [48]
 [53]
 [52]
 [56]
 [55]
 [53]]",0,1,glioma,1,0.08316349517554045,0.8992774287859598,0.017559088688964646,1,0.020334793720394373,0.7807450095812479,0.1989201841255029
2238,"[[77]
 [82]
 [48]
 [53]
 [52]
 [56]
 [55]
 [53]]",0,1,glioma,1,0.32987402627865475,0.6414103706677755,0.028715630838026602,1,0.01382818833614389,0.805296798547109,0.1808750064422687
2239,"[[77]
 [82]
 [48]
 [53]
 [52]
 [56]
 [55]
 [53]]",0,1,glioma,1,0.09523109843333562,0.9002851843833923,0.004483729110991892,1,0.030725559840599697,0.964231808980306,0.0050426244173043715
2240,"[[77]
 [82]
 [48]
 [53]
 [48]
 [54]
 [56]
 [55]
 [67]]",1,1,glioma,1,0.0023823834490031004,0.9976166486740112,9.698936385878671e-07,1,0.0012565218882324796,0.9987433552742004,9.505576182890681e-08
2241,"[[77]
 [82]
 [48]
 [53]
 [48]
 [54]
 [56]
 [55]
 [67]]",1,1,glioma,1,0.067824753622214,0.9318616390228271,0.0003136359640241911,1,0.1573541797697544,0.8419905304908752,0.0006552700312264884
2242,"[[77]
 [82]
 [48]
 [53]
 [48]
 [54]
 [56]
 [55]
 [67]]",1,1,glioma,1,0.010613082442432642,0.9884412089983622,0.0009456679496603707,1,0.004607177802730196,0.9949941833813986,0.000398631658413251
2243,"[[77]
 [82]
 [48]
 [53]
 [48]
 [54]
 [56]
 [55]
 [67]]",1,1,glioma,1,0.00480985928637286,0.994810958703359,0.00037920116058861214,1,0.2646991014480591,0.7345807552337646,0.0007201358045373732
2244,"[[77]
 [82]
 [48]
 [53]
 [48]
 [54]
 [56]
 [55]
 [67]]",1,1,glioma,1,0.006995437433943152,0.9915117025375366,0.0014928253173517685,1,0.05855186780293783,0.941264271736145,0.00018382948705190452
2245,"[[77]
 [82]
 [48]
 [53]
 [48]
 [54]
 [56]
 [55]
 [67]]",1,1,glioma,1,0.00033840310607047286,0.9995476007461548,0.00011399693721614312,1,0.0002886206690770147,0.9997087717056274,2.6201587211005517e-06
2246,"[[49]
 [48]
 [54]
 [54]
 [54]
 [53]]",1,0,meningioma,1,0.4262395203113556,0.5539476176102957,0.019812900262574356,0,0.7839345932006836,0.21410688757896423,0.001958459419256542
2247,"[[77]
 [82]
 [48]
 [53]
 [54]
 [49]
 [52]
 [52]]",1,1,glioma,1,0.003847355100636681,0.9961458841959635,6.737093163640869e-06,1,0.001827339927937525,0.9976569414138794,0.0005157235492940041
2248,"[[77]
 [82]
 [48]
 [53]
 [54]
 [49]
 [52]
 [52]]",1,1,glioma,1,2.578697418205896e-05,0.9999178647994995,5.6354077969444916e-05,1,0.0015823116009414662,0.9978405435880026,0.0005771412143076304
2249,"[[77]
 [82]
 [48]
 [51]
 [52]
 [57]
 [57]
 [55]]",0,1,glioma,1,0.15286073461174965,0.8450442949930826,0.002094999644517278,1,0.01691031813000639,0.9830847779909769,4.940081263763811e-06
2250,"[[77]
 [82]
 [48]
 [51]
 [52]
 [57]
 [57]
 [55]]",0,1,glioma,1,0.08333279813329379,0.8952568173408508,0.02141036551135282,1,0.006051398891334732,0.9938595294952393,8.905810197272028e-05
2251,"[[77]
 [82]
 [48]
 [51]
 [52]
 [57]
 [57]
 [55]]",0,1,glioma,1,0.14676002909739813,0.7529358665148417,0.10030412053068478,1,0.06755804332594077,0.9320342938105265,0.0004076942471632113
2252,"[[77]
 [82]
 [48]
 [51]
 [52]
 [57]
 [57]
 [55]]",0,1,glioma,1,0.02706789318472147,0.9662882486979166,0.006643867527600378,1,0.024180506976942222,0.9756996631622314,0.00011988440504258809
2253,"[[77]
 [82]
 [48]
 [51]
 [52]
 [57]
 [57]
 [55]]",0,1,glioma,1,0.1025485098361969,0.8828143874804179,0.014637106447480619,1,0.008756644868602356,0.991147001584371,9.632103926075312e-05
2254,"[[77]
 [82]
 [48]
 [51]
 [52]
 [57]
 [57]
 [55]]",0,1,glioma,1,0.02944939412797491,0.9410151839256287,0.02953543622667591,1,0.0014703181999114652,0.9985164801279703,1.3273826198201277e-05
2255,"[[77]
 [82]
 [48]
 [51]
 [52]
 [57]
 [57]
 [55]]",0,1,glioma,1,0.008330949620964626,0.9819281895955404,0.00974088414416959,1,0.0018080431909766048,0.9975664615631104,0.0006254851080787679
2256,"[[77]
 [82]
 [48]
 [50]
 [57]
 [50]
 [48]
 [57]
 [69]]",4,1,glioma,1,0.009963072448348006,0.9900345206260681,2.430123212585992e-06,1,0.03696636607249578,0.9630332191785177,4.0204501757420036e-07
2257,"[[49]
 [48]
 [54]
 [54]
 [54]
 [53]]",1,0,meningioma,0,0.7540877064069113,0.24054347972075144,0.005368833740552266,0,0.8529980182647705,0.14683487390478453,0.00016713446977216032
2258,"[[53]
 [51]
 [54]
 [54]
 [57]]",2,0,meningioma,0,0.9680623213450114,0.031540922820568085,0.0003967398467163245,0,0.9771867394447327,0.022352593795706827,0.0004607166483765468
2259,"[[77]
 [82]
 [48]
 [51]
 [51]
 [51]
 [56]
 [57]
 [66]]",3,1,glioma,1,0.0137299420312047,0.9862599571545919,1.0102688672001628e-05,0,0.7255290945370992,0.27423355480035144,0.00023732887105628228
2260,"[[77]
 [82]
 [48]
 [51]
 [51]
 [51]
 [56]
 [57]
 [66]]",3,1,glioma,1,0.0005910791317376152,0.9993927876154581,1.61245270973905e-05,1,0.0028595297256591343,0.9971303939819336,1.0039034198901694e-05
2261,"[[77]
 [82]
 [48]
 [51]
 [51]
 [51]
 [56]
 [57]
 [66]]",3,1,glioma,1,0.0015267202851039958,0.9984482328097025,2.504847407299356e-05,1,0.00925092340548872,0.9907472928365072,1.766803237046588e-06
2262,"[[77]
 [82]
 [48]
 [51]
 [51]
 [51]
 [56]
 [57]
 [66]]",3,1,glioma,1,4.195612353459962e-05,0.9999565680821737,1.444406589581777e-06,1,0.0015387472612928832,0.9984359741210938,2.5227573682210885e-05
2263,"[[77]
 [82]
 [48]
 [51]
 [51]
 [51]
 [56]
 [57]
 [66]]",3,1,glioma,1,0.00011285889204759592,0.9997463425000509,0.00014081360606136664,1,0.0016439784764467429,0.9975542028745016,0.0008018273225995168
2264,"[[77]
 [82]
 [48]
 [51]
 [51]
 [51]
 [56]
 [57]
 [66]]",3,1,glioma,1,6.249160647827286e-05,0.9999142289161682,2.3284313445041487e-05,1,0.003003393314429559,0.9708777864774069,0.02611879926795761
2265,"[[77]
 [82]
 [48]
 [51]
 [51]
 [51]
 [56]
 [57]
 [66]]",3,1,glioma,1,0.0016101097830869548,0.9981494943300883,0.0002403593645728582,1,0.001110533729843155,0.9966310262680054,0.0022584398878583065
2266,"[[77]
 [82]
 [48]
 [51]
 [51]
 [51]
 [56]
 [57]
 [66]]",3,1,glioma,1,0.0031479388514223197,0.9967361291249593,0.00011594440142440969,1,0.0033082479058066383,0.9965821305910746,0.00010964580688247831
2267,"[[77]
 [82]
 [48]
 [50]
 [52]
 [55]
 [56]
 [48]
 [69]]",1,1,glioma,1,0.0013998539264624317,0.9984085361162821,0.00019157942309296536,1,5.8956143239659774e-05,0.9999409516652426,1.0581755748491813e-07
2268,"[[49]
 [48]
 [54]
 [55]
 [50]
 [48]]",4,0,meningioma,0,0.722379724184672,0.10213896694282691,0.17548131694396338,0,0.8328395485877991,0.15524786027769247,0.011912595946341753
2269,"[[77]
 [82]
 [48]
 [50]
 [52]
 [55]
 [56]
 [48]
 [69]]",1,1,glioma,1,0.008418397046625614,0.9899817705154419,0.0015998851449694484,1,0.0006753310675170118,0.998868723710378,0.00045594181453149457
2270,"[[77]
 [82]
 [48]
 [50]
 [52]
 [55]
 [56]
 [48]
 [69]]",1,1,glioma,1,0.003630956712489327,0.9963404337565104,2.8626408341854887e-05,1,3.2003330822760745e-05,0.9999660650889078,1.9023456473791593e-06
2271,"[[77]
 [82]
 [48]
 [52]
 [48]
 [50]
 [52]
 [48]
 [67]]",4,1,glioma,1,0.0008715033472981304,0.9756916364034017,0.0234368989088883,1,0.0005267514631365581,0.9990084966023763,0.0004647656193507525
2272,"[[77]
 [82]
 [48]
 [52]
 [48]
 [50]
 [52]
 [48]
 [67]]",4,1,glioma,1,0.003405259999757012,0.7214424312114716,0.2751523281137149,1,9.802095595053592e-06,0.999989906946818,3.13382411428383e-07
2273,"[[77]
 [82]
 [48]
 [52]
 [48]
 [50]
 [52]
 [48]
 [67]]",4,1,glioma,1,0.018805053705970447,0.8761314948399862,0.1050634291023016,1,5.926376752026415e-07,0.9999994039535522,8.34664768290666e-09
2274,"[[77]
 [82]
 [48]
 [52]
 [48]
 [50]
 [52]
 [48]
 [67]]",4,1,glioma,1,0.04568235327800115,0.9087249636650085,0.04559268585095803,1,2.099627072501183e-05,0.9999634822209676,1.5522762589389078e-05
2275,"[[77]
 [82]
 [48]
 [52]
 [48]
 [50]
 [52]
 [48]
 [67]]",4,1,glioma,1,0.00526238225090007,0.9507419466972351,0.043995637369031705,1,0.0026227634977355288,0.9972534775733948,0.00012377059931149384
2276,"[[77]
 [82]
 [48]
 [52]
 [48]
 [50]
 [52]
 [48]
 [68]]",4,1,glioma,1,3.198482924441729e-05,0.9921375115712484,0.007830484634420523,1,0.00016495750952572052,0.9996734062830607,0.00016161736194438467
2277,"[[77]
 [82]
 [48]
 [52]
 [48]
 [50]
 [52]
 [48]
 [68]]",4,1,glioma,1,9.639546002896775e-07,0.9998076955477396,0.00019138526173871165,1,4.725518542673483e-07,0.999998927116394,6.268547158942243e-07
2278,"[[77]
 [82]
 [48]
 [49]
 [55]
 [50]
 [54]
 [48]
 [70]]",1,1,glioma,1,0.03923978594442209,0.9591304659843445,0.0016297469846904278,1,0.20803782033423582,0.7905492087205251,0.0014130218575398128
2279,"[[49]
 [48]
 [54]
 [55]
 [50]
 [48]]",4,0,meningioma,0,0.7841127713521322,0.1929854080080986,0.02290181932039559,0,0.5127748847007751,0.46769989530245465,0.019525257249673206
2280,"[[77]
 [82]
 [48]
 [49]
 [55]
 [50]
 [54]
 [48]
 [70]]",1,1,glioma,1,0.02978540925929944,0.9699541330337524,0.0002604766438404719,1,0.0838218020896117,0.9161461393038431,3.2040022176715865e-05
2281,"[[77]
 [82]
 [48]
 [49]
 [55]
 [50]
 [54]
 [48]
 [70]]",1,1,glioma,1,0.0016670375868367653,0.99828573067983,4.7246986165797957e-05,1,0.0018196963604471723,0.9981787204742432,1.5253244774656356e-06
2282,"[[77]
 [82]
 [48]
 [49]
 [55]
 [50]
 [54]
 [48]
 [70]]",1,1,glioma,1,0.00040680221233439323,0.9995854695638021,7.703372299753633e-06,1,2.8757310317928386e-05,0.9999712308247884,1.652837918448014e-08
2283,"[[77]
 [82]
 [48]
 [49]
 [55]
 [50]
 [54]
 [48]
 [70]]",1,1,glioma,1,7.3379651439609e-05,0.9999105532964071,1.602612398225271e-05,1,1.7023588381922156e-05,0.999982754389445,1.9710236959236127e-07
2284,"[[77]
 [82]
 [48]
 [49]
 [55]
 [50]
 [54]
 [48]
 [70]]",1,1,glioma,1,7.060859146198102e-05,0.9994531273841858,0.00047629371207828325,1,0.00035782322629529517,0.9995785156885783,6.370640058624606e-05
2285,"[[77]
 [82]
 [48]
 [49]
 [55]
 [50]
 [54]
 [48]
 [70]]",1,1,glioma,1,0.014640599333991608,0.9614299138387045,0.02392947052915891,1,0.021584444989760716,0.870479424794515,0.10793610103428364
2286,"[[77]
 [82]
 [48]
 [50]
 [57]
 [50]
 [48]
 [57]
 [73]]",4,1,glioma,1,0.00247071438934654,0.9975270827611288,2.2310320109871404e-06,1,0.001570717819655935,0.9984282453854879,9.907313653911842e-07
2287,"[[77]
 [82]
 [48]
 [50]
 [57]
 [50]
 [48]
 [57]
 [73]]",4,1,glioma,1,0.00012032659772861128,0.9998788038889567,8.165878284671635e-07,1,0.004671840390074067,0.9952858289082845,4.2334081930069566e-05
2288,"[[77]
 [82]
 [48]
 [50]
 [57]
 [50]
 [48]
 [57]
 [73]]",4,1,glioma,1,1.4167770435354516e-06,0.9999964634577433,2.0659913767910134e-06,1,0.0027417435121606104,0.9965929985046387,0.0006652138060114036
2289,"[[77]
 [82]
 [48]
 [50]
 [57]
 [50]
 [48]
 [57]
 [73]]",4,1,glioma,1,3.614449512194066e-05,0.9999618530273438,1.9931007955165114e-06,1,0.00019984560397764048,0.9997996687889099,4.658040448172566e-07
2290,"[[49]
 [48]
 [54]
 [55]
 [50]
 [48]]",4,0,meningioma,0,0.8474907676378886,0.010793659370392561,0.14171557314693928,0,0.8168886105219523,0.05553662156065305,0.1275747533266743
2291,"[[77]
 [82]
 [48]
 [50]
 [57]
 [50]
 [48]
 [57]
 [73]]",4,1,glioma,1,0.0003156543728740265,0.9996549685796102,2.9405835751579918e-05,1,6.634323790422059e-05,0.9999316533406576,2.0079263739110806e-06
2292,"[[77]
 [82]
 [48]
 [50]
 [57]
 [50]
 [48]
 [57]
 [73]]",4,1,glioma,1,1.788873987607076e-05,0.9999075929323832,7.45402586896186e-05,1,2.679801727486127e-06,0.9999972184499105,9.782651642457434e-08
2293,"[[77]
 [82]
 [48]
 [50]
 [57]
 [50]
 [48]
 [57]
 [73]]",4,1,glioma,1,0.0003393036846925194,0.998763382434845,0.0008973143412731588,1,2.3546515937056256e-07,0.9999997615814209,1.844666225961818e-08
2294,"[[57]
 [53]
 [57]
 [54]
 [57]]",2,0,meningioma,1,0.025924472138285637,0.974075178305308,3.40878597645163e-07,1,0.4159674644470215,0.55146324634552,0.032569301004211106
2295,"[[56]
 [56]
 [53]
 [49]
 [48]]",1,0,meningioma,1,0.4236806333065033,0.5754240850607554,0.0008952578282332979,1,0.02277677405315141,0.9768902262051901,0.00033299032992317734
2296,"[[49]
 [48]
 [54]
 [55]
 [50]
 [48]]",4,0,meningioma,0,0.9204920132954916,0.006252707137415807,0.07325529679656029,0,0.9813682834307352,0.017272322283436854,0.0013594524449824046
2297,"[[49]
 [48]
 [54]
 [55]
 [50]
 [48]]",4,0,meningioma,0,0.8393937548001608,0.02945079483712713,0.13115541264414787,0,0.7276313106218973,0.026461736609538395,0.24590695401032767
2298,"[[49]
 [48]
 [54]
 [55]
 [50]
 [48]]",4,0,meningioma,1,0.13475219439715147,0.7667151788870493,0.09853262081742287,1,0.30038651327292126,0.6995871663093567,2.631956855717969e-05
2299,"[[49]
 [48]
 [50]
 [55]
 [49]
 [52]]",4,0,meningioma,0,0.4805205563704173,0.41036773721377057,0.10911170269052188,0,0.9506357312202454,0.026276735899349053,0.02308752639995267
2300,"[[49]
 [48]
 [54]
 [55]
 [50]
 [48]]",4,0,meningioma,1,0.06149222453435262,0.9341242710749308,0.004383542313007638,1,0.018864588734383386,0.9619536995887756,0.019181719011006255
2301,"[[49]
 [48]
 [54]
 [57]
 [49]
 [52]]",3,0,meningioma,1,0.09804460918530822,0.9012772639592489,0.0006781960111273596,1,0.27551864087581635,0.6599997679392496,0.06448161105314891
2302,"[[49]
 [48]
 [54]
 [57]
 [49]
 [52]]",3,0,meningioma,0,0.9627461234728495,0.03717392807205518,7.996703561730101e-05,0,0.9957321683565775,0.0037093908758834004,0.0005584393899577359
2303,"[[49]
 [48]
 [54]
 [57]
 [49]
 [52]]",3,0,meningioma,0,0.96712327003479,0.032699834244946636,0.00017689148868763974,0,0.9377512534459432,0.061487410527964435,0.0007613546137387553
2304,"[[49]
 [48]
 [54]
 [57]
 [49]
 [52]]",3,0,meningioma,0,0.9992860158284506,0.0006388889111500854,7.506693144184358e-05,0,0.99208664894104,0.007467128666273008,0.00044621258954672766
2305,"[[49]
 [48]
 [55]
 [49]
 [57]
 [48]]",2,0,meningioma,0,0.7335340778032938,0.2637693037589391,0.0026966020620117583,0,0.9910543362299601,0.007409107483302553,0.0015365791914518923
2306,"[[49]
 [48]
 [55]
 [50]
 [52]
 [56]]",4,0,meningioma,0,0.7126029332478842,0.24391662329435349,0.043480428556601204,0,0.5105977455774943,0.05431100384642681,0.43509123226006824
2307,"[[49]
 [48]
 [55]
 [50]
 [52]
 [56]]",4,0,meningioma,1,0.33280131965875626,0.6275993982950846,0.03959930750230948,0,0.7952134410540262,0.11655607322851817,0.08823046212395032
2308,"[[49]
 [48]
 [55]
 [50]
 [52]
 [56]]",4,0,meningioma,1,0.025248068384826183,0.9588028788566589,0.01594910103206833,1,0.07487889875968297,0.92497452100118,0.00014659573450141275
2309,"[[49]
 [48]
 [55]
 [50]
 [52]
 [56]]",4,0,meningioma,1,0.08027820164958636,0.8303309679031372,0.08939084224402905,1,0.25367724647124607,0.7252944509188334,0.021028282431264717
2310,"[[49]
 [48]
 [50]
 [57]
 [50]
 [57]]",0,0,meningioma,0,0.5193760494391123,0.4314299424489339,0.04919406585395336,1,0.3448391060034434,0.6338942646980286,0.021266595150033634
2311,"[[49]
 [48]
 [55]
 [52]
 [57]
 [52]]",1,0,meningioma,0,0.7734284202257792,0.22428585092226663,0.0022857273628081507,0,0.5315401554107666,0.05018331203609705,0.4182765632867813
2312,"[[49]
 [48]
 [55]
 [52]
 [57]
 [52]]",1,0,meningioma,1,0.38752899567286175,0.6086887915929159,0.0037822053224469223,0,0.5334940254688263,0.2322155386209488,0.23429041231671968
2313,"[[49]
 [48]
 [55]
 [52]
 [57]
 [52]]",1,0,meningioma,1,0.48693158229192096,0.49979861577351886,0.013269849587231874,0,0.5583582619825999,0.4144468108812968,0.027194923857071746
2314,"[[49]
 [48]
 [55]
 [52]
 [57]
 [52]]",1,0,meningioma,1,0.4636601507663727,0.5295857985814413,0.006754074323301514,1,0.10814966261386871,0.8906571865081787,0.0011930964568212705
2315,"[[49]
 [48]
 [55]
 [52]
 [57]
 [52]]",1,0,meningioma,0,0.7172348300615946,0.2633608678976695,0.01940434492037942,1,0.34616334984699887,0.6259553730487823,0.02788123154702286
2316,"[[49]
 [48]
 [55]
 [52]
 [57]
 [52]]",1,0,meningioma,0,0.9074292381604513,0.09115950887401898,0.001411304120362426,0,0.7658580938975016,0.10882925428450108,0.12531266151927412
2317,"[[49]
 [48]
 [56]
 [53]
 [49]
 [52]]",2,0,meningioma,0,0.8369520306587219,0.16291477779547373,0.0001331642306467984,0,0.993143101533254,0.0068273956421762705,2.9493375829285167e-05
2318,"[[49]
 [48]
 [56]
 [53]
 [49]
 [52]]",2,0,meningioma,0,0.8636604348818461,0.1362700859705607,6.946038593014237e-05,0,0.653786301612854,0.3461424956719081,7.122725946828723e-05
2319,"[[49]
 [48]
 [56]
 [53]
 [49]
 [52]]",2,0,meningioma,1,0.4775380591551463,0.5223928491274515,6.909224672805674e-05,1,0.46053601304690045,0.539407213528951,5.6801871323841624e-05
2320,"[[49]
 [48]
 [56]
 [53]
 [49]
 [52]]",2,0,meningioma,0,0.888299802939097,0.11160208533207576,9.812015923671424e-05,0,0.9844816128412882,0.011577064559484521,0.003941326736821793
2321,"[[49]
 [48]
 [50]
 [57]
 [50]
 [57]]",0,0,meningioma,0,0.6122119228045145,0.3399379104375839,0.047850161169966064,1,0.41471124688784283,0.556491474310557,0.0287972972728312
2322,"[[49]
 [48]
 [56]
 [53]
 [49]
 [52]]",2,0,meningioma,0,0.997696042060852,0.0022829335648566484,2.1012315604214866e-05,0,0.9801265001296997,0.01967564256240924,0.00019786185718354923
2323,"[[49]
 [48]
 [56]
 [53]
 [49]
 [52]]",2,0,meningioma,0,0.9130634864171346,0.08689334864417712,4.314390116633149e-05,0,0.9554685155550638,0.04438479865590731,0.00014668978959283172
2324,"[[49]
 [48]
 [56]
 [53]
 [53]
 [48]]",0,0,meningioma,0,0.6536857684453329,0.21870669722557068,0.12760754426320395,0,0.9166565934816996,0.07680493717392285,0.006538451804469029
2325,"[[49]
 [48]
 [56]
 [53]
 [53]
 [48]]",0,0,meningioma,1,0.30650848150253296,0.6619443496068319,0.03154715926696857,0,0.8783039848009745,0.12020812431971233,0.0014879032969474792
2326,"[[49]
 [48]
 [56]
 [53]
 [57]
 [48]]",1,0,meningioma,0,0.9570096333821615,0.04084318007032076,0.002147158535080962,0,0.7727784514427185,0.006650132020392145,0.22057139625151953
2327,"[[49]
 [48]
 [56]
 [53]
 [57]
 [48]]",1,0,meningioma,0,0.9744378725687662,0.014028378762304783,0.011533747194334865,0,0.9732656280199686,0.0192670333199203,0.007467354895197786
2328,"[[49]
 [48]
 [56]
 [57]
 [52]
 [53]]",3,0,meningioma,0,0.9230721791585287,0.07338685045639674,0.0035409804549999535,1,0.27297235528628033,0.7270208199818929,6.870277654040062e-06
2329,"[[49]
 [48]
 [56]
 [57]
 [52]
 [53]]",3,0,meningioma,0,0.9206866025924683,0.07856835549076398,0.0007451051559049423,1,0.34215453267097473,0.6578037937482198,4.168122404735186e-05
2330,"[[49]
 [48]
 [56]
 [57]
 [52]
 [53]]",3,0,meningioma,1,0.2845304813235998,0.7133576174577078,0.0021118598724569893,1,0.21878738204638162,0.7811974485715231,1.5208752908317061e-05
2331,"[[49]
 [48]
 [56]
 [57]
 [52]
 [53]]",3,0,meningioma,0,0.5297585427761078,0.46787288784980774,0.002368554569936047,1,0.41328874230384827,0.5864215592543284,0.00028969994067059207
2332,"[[49]
 [48]
 [50]
 [57]
 [51]
 [53]]",0,0,meningioma,0,0.6930151581764221,0.2928976093729337,0.014087239280343056,1,0.4330799877643585,0.5439063211282095,0.023013678612187505
2333,"[[49]
 [48]
 [57]
 [52]
 [49]
 [49]]",2,0,meningioma,0,0.8783090710639954,0.10157325863838196,0.020117676506439846,0,0.9819691379865011,0.013942270927752057,0.0040886080435787635
2334,"[[49]
 [48]
 [57]
 [57]
 [54]
 [56]]",2,0,meningioma,0,0.8839143117268881,0.11320464064677556,0.0028810594230890274,0,0.7731102506319681,0.2258268396059672,0.0010628982078439246
2335,"[[49]
 [48]
 [57]
 [57]
 [54]
 [56]]",2,0,meningioma,0,0.9094818433125814,0.05030528083443642,0.04021289696296056,0,0.9990353584289551,0.0009562676035178205,8.368630915356334e-06
2336,"[[49]
 [48]
 [57]
 [57]
 [54]
 [56]]",2,0,meningioma,0,0.5427058140436808,0.45270193616549176,0.004592232095698516,0,0.9964595635732015,0.0035401540032277503,3.1403963281680564e-07
2337,"[[49]
 [48]
 [57]
 [57]
 [54]
 [56]]",2,0,meningioma,1,0.3660610417524974,0.6318878332773844,0.0020511317804145315,0,0.9623183806737264,0.03768065509696802,1.0055056189154736e-06
2338,"[[49]
 [49]
 [48]
 [49]
 [49]
 [54]]",2,0,meningioma,2,0.06178540115555128,0.05931136136253675,0.8789032101631165,2,0.021939440358740587,4.543052394486343e-05,0.9780151645342509
2339,"[[49]
 [49]
 [48]
 [49]
 [49]
 [54]]",2,0,meningioma,2,0.02410593380530675,0.004105253630162527,0.9717888037363688,2,0.13597906877597174,0.0001380295385994638,0.8638829390207926
2340,"[[49]
 [49]
 [48]
 [49]
 [49]
 [54]]",2,0,meningioma,2,0.041220784187316895,0.0019735810346901417,0.9568056464195251,2,0.025751755766881008,1.194167180074146e-05,0.9742362896601359
2341,"[[49]
 [49]
 [48]
 [49]
 [49]
 [54]]",2,0,meningioma,2,0.014986743529637655,0.0007839607230077187,0.984229326248169,2,0.10802662372589111,0.0012627473067065391,0.8907106320063273
2342,"[[49]
 [49]
 [49]
 [48]
 [55]
 [55]]",3,0,meningioma,0,0.9436770677566528,0.050893776739637055,0.005429087934317067,0,0.9126731355985006,0.08033694078524907,0.006989963352680206
2343,"[[49]
 [48]
 [50]
 [57]
 [56]
 [53]]",3,0,meningioma,0,0.5622710386912028,0.4352277119954427,0.0025012566984514706,0,0.5273668964703878,0.4699854801098506,0.002647599515815576
2344,"[[49]
 [49]
 [49]
 [48]
 [55]
 [55]]",3,0,meningioma,0,0.9521949887275696,0.03250643517822027,0.01529856751828144,0,0.9971753358840942,0.0027692413374703997,5.545344053340765e-05
2345,"[[49]
 [49]
 [49]
 [48]
 [55]
 [55]]",3,0,meningioma,0,0.9057667454083761,0.061442395051320396,0.032790858298540115,0,0.9845456083615621,0.015395979707439741,5.8449488278711215e-05
2346,"[[49]
 [49]
 [49]
 [48]
 [55]
 [55]]",3,0,meningioma,0,0.7168419559796652,0.20276599129041037,0.08039205521345139,0,0.9825113217035929,0.01724577136337757,0.00024293370370287448
2347,"[[49]
 [49]
 [49]
 [51]
 [54]
 [54]]",0,0,meningioma,0,0.7341046134630839,0.2272908091545105,0.038604581728577614,0,0.6509633262952169,0.34751086433728534,0.0015257941704476252
2348,"[[49]
 [49]
 [49]
 [51]
 [54]
 [54]]",0,0,meningioma,0,0.700808048248291,0.21082349121570587,0.08836846798658371,0,0.7392974098523458,0.2445338467756907,0.016168737939248484
2349,"[[49]
 [49]
 [49]
 [51]
 [54]
 [54]]",0,0,meningioma,0,0.7831551432609558,0.06443041190505028,0.1524144411087036,0,0.8208465377489725,0.1424258997042974,0.0367275762061278
2350,"[[49]
 [49]
 [49]
 [51]
 [54]
 [54]]",0,0,meningioma,0,0.5539676149686178,0.21608872711658478,0.22994367281595865,1,0.13262868424256644,0.8646077315012614,0.0027635435690172017
2351,"[[49]
 [49]
 [49]
 [53]
 [51]
 [50]]",4,0,meningioma,0,0.5337614913781484,0.4493763397137324,0.01686216394106547,1,0.020031788619235158,0.9503823121388754,0.02958584266404311
2352,"[[49]
 [49]
 [49]
 [53]
 [51]
 [50]]",4,0,meningioma,0,0.8152841329574585,0.14013299345970154,0.04458287296195825,0,0.5994961162408193,0.15388555079698563,0.24661832551161447
2353,"[[49]
 [49]
 [49]
 [53]
 [51]
 [50]]",4,0,meningioma,1,0.242257758975029,0.6755827069282532,0.08215953782200813,0,0.7459319432576498,0.251309297978878,0.0027587368184261627
2354,"[[49]
 [48]
 [51]
 [54]
 [55]
 [51]]",0,0,meningioma,2,0.00019300382458216822,1.4744890222573304e-05,0.999792238076528,2,0.0010398099936234455,0.00014790512553493804,0.9988122582435608
2355,"[[49]
 [49]
 [49]
 [53]
 [51]
 [50]]",4,0,meningioma,1,0.4530566831429799,0.521983285744985,0.024960022419691086,1,0.4663729170958201,0.5330821474393209,0.0005449137679534033
2356,"[[49]
 [49]
 [49]
 [53]
 [51]
 [50]]",4,0,meningioma,1,0.4456433554490407,0.5475847125053406,0.006771912798285484,0,0.9316604733467102,0.03643549947688977,0.03190405806526542
2357,"[[49]
 [49]
 [50]
 [48]
 [48]
 [50]]",3,0,meningioma,1,0.16959521640092134,0.8297077218691508,0.0006970728049964237,1,0.24411458522081375,0.4272921333710353,0.32859329506754875
2358,"[[49]
 [49]
 [50]
 [48]
 [48]
 [50]]",3,0,meningioma,0,0.5173780719439188,0.47890300552050274,0.0037188921802832433,1,0.45473213990529376,0.5450323969125748,0.000235473649809137
2359,"[[49]
 [49]
 [50]
 [48]
 [48]
 [50]]",3,0,meningioma,1,0.353449488679568,0.6287671526273092,0.0177833610214293,1,0.1734570786356926,0.8261791467666626,0.0003637933647648121
2360,"[[49]
 [49]
 [50]
 [48]
 [48]
 [50]]",3,0,meningioma,0,0.7121268312136332,0.0937939112385114,0.19407925630609194,0,0.6064565976460775,0.3628011594216029,0.03074224650238951
2361,"[[49]
 [49]
 [50]
 [48]
 [54]
 [50]]",4,0,meningioma,0,0.5837620794773102,0.4154949684937795,0.0007429418086151903,0,0.7547807892163595,0.24521839121977487,8.29615231031274e-07
2362,"[[49]
 [49]
 [50]
 [48]
 [54]
 [50]]",4,0,meningioma,0,0.6510117650032043,0.34877227743466693,0.00021595533811099207,0,0.993663469950358,0.006335135859747727,1.4079484789893588e-06
2363,"[[49]
 [49]
 [50]
 [48]
 [54]
 [50]]",4,0,meningioma,0,0.7827269037564596,0.2172000308831533,7.30085509227744e-05,0,0.9498869975407919,0.04998999151090781,0.00012307777827421282
2364,"[[49]
 [49]
 [50]
 [48]
 [54]
 [50]]",4,0,meningioma,0,0.9171432654062907,0.08285147448380788,5.247427983097926e-06,1,0.2747267136971156,0.7252288063367208,4.447720757146575e-05
2365,"[[49]
 [48]
 [51]
 [54]
 [55]
 [51]]",0,0,meningioma,2,0.0011619367942330427,0.00029554625568077125,0.9985425074895223,2,0.0015170772482330601,0.0002181584932259284,0.9982647697130839
2366,"[[49]
 [49]
 [50]
 [50]
 [53]
 [50]]",4,0,meningioma,0,0.6072285175323486,0.3535071114699046,0.03926436851421992,0,0.5367420514424642,0.4584301660458247,0.004827750657568686
2367,"[[49]
 [49]
 [50]
 [50]
 [53]
 [50]]",4,0,meningioma,0,0.8776158293088278,0.08292227238416672,0.03946192283183336,0,0.7141986091931661,0.2853226164976756,0.0004787507641594857
2368,"[[49]
 [49]
 [50]
 [53]
 [53]
 [50]]",4,0,meningioma,1,0.01027346410167714,0.9880324403444926,0.0016940447603701614,1,0.07862289001544316,0.9192355672518412,0.002141500085902711
2369,"[[49]
 [49]
 [50]
 [53]
 [53]
 [50]]",4,0,meningioma,1,0.37338510155677795,0.5827650030454,0.04384988329062859,0,0.650297999382019,0.3015306542317073,0.04817136966933807
2370,"[[49]
 [49]
 [50]
 [53]
 [53]
 [50]]",4,0,meningioma,2,0.32011110087235767,0.32222101589043933,0.35766791303952533,1,0.4474051098028819,0.47224125266075134,0.08035363163799047
2371,"[[49]
 [49]
 [50]
 [53]
 [53]
 [50]]",4,0,meningioma,2,0.26309096316496533,0.27131084601084393,0.4655981759230296,2,0.2653825804591179,0.31671945254007977,0.4178979843854904
2372,"[[49]
 [49]
 [50]
 [53]
 [53]
 [50]]",4,0,meningioma,2,0.19087977210680643,0.09799700727065404,0.7111232280731201,1,0.08453172134856383,0.856127401192983,0.059340897326668106
2373,"[[49]
 [49]
 [50]
 [53]
 [53]
 [50]]",4,0,meningioma,0,0.4333901604016622,0.3669825792312622,0.19962723553180695,2,0.04893553854587177,0.08535183407366276,0.8657126228014628
2374,"[[49]
 [49]
 [50]
 [53]
 [53]
 [50]]",4,0,meningioma,0,0.7570635477701823,0.07132943843801816,0.17160703241825104,2,0.03957020902695755,0.01751661455879609,0.9429132143656412
2375,"[[49]
 [49]
 [50]
 [54]
 [52]
 [56]]",0,0,meningioma,2,0.280178926885128,0.06315500227113564,0.656666100025177,0,0.8953776955604553,0.10291671007871628,0.0017056184199949105
2376,"[[49]
 [48]
 [51]
 [54]
 [55]
 [51]]",0,0,meningioma,2,0.005798339067647855,0.0004351783039358755,0.9937664667765299,2,0.01017336011864245,0.0006739908955447996,0.9891526301701864
2377,"[[49]
 [49]
 [50]
 [54]
 [52]
 [56]]",0,0,meningioma,0,0.6766925652821859,0.049607386191686,0.2737000460426013,0,0.9889687895774841,0.010648732694486776,0.0003824726760891887
2378,"[[49]
 [49]
 [50]
 [54]
 [52]
 [56]]",0,0,meningioma,0,0.6503820021947225,0.04427611889938513,0.3053419242302577,0,0.977846622467041,0.01631811788926522,0.005835221226637562
2379,"[[49]
 [49]
 [51]
 [52]
 [51]
 [53]]",1,0,meningioma,1,0.25978901485602063,0.7348073720932007,0.005403598537668586,1,0.09782205894589424,0.9020911653836569,8.679679117070312e-05
2380,"[[49]
 [49]
 [51]
 [52]
 [51]
 [53]]",1,0,meningioma,0,0.7722988128662109,0.12064447750647862,0.1070566854129235,0,0.8798062403996786,0.11930056164662044,0.000893188299111595
2381,"[[49]
 [49]
 [51]
 [52]
 [51]
 [53]]",1,0,meningioma,1,0.1915257970492045,0.7257950107256571,0.08267917484045029,0,0.9249423543612162,0.068891866132617,0.006165742641314864
2382,"[[49]
 [49]
 [51]
 [52]
 [51]
 [53]]",1,0,meningioma,1,0.14244610319534937,0.8506486415863037,0.006905251648277044,0,0.968190868695577,0.031767730290691056,4.1428285385336494e-05
2383,"[[49]
 [49]
 [51]
 [52]
 [51]
 [53]]",1,0,meningioma,1,0.28668693204720813,0.6940508087476095,0.01926226308569312,0,0.882084051767985,0.11760681867599487,0.0003091487269557547
2384,"[[49]
 [49]
 [51]
 [52]
 [51]
 [53]]",1,0,meningioma,0,0.5885965426762899,0.1743067055940628,0.2370967442790667,0,0.979043443997701,0.01880028562542672,0.0021562856854870915
2385,"[[49]
 [49]
 [51]
 [52]
 [51]
 [53]]",1,0,meningioma,0,0.9421757459640503,0.04899844713509083,0.00882580418450137,0,0.9783583680788676,0.021522578201256692,0.00011907149989080305
2386,"[[49]
 [49]
 [51]
 [52]
 [51]
 [53]]",1,0,meningioma,0,0.8532224496205648,0.13904765248298645,0.007729908587255825,0,0.9008916020393372,0.0987426567201813,0.0003656938545949136
2387,"[[49]
 [48]
 [51]
 [54]
 [55]
 [51]]",0,0,meningioma,2,0.00600374835388114,0.0012425167781960529,0.9927537441253662,2,0.005990535564099749,0.0005661611794494092,0.9934433301289877
2388,"[[49]
 [49]
 [51]
 [53]
 [53]
 [52]]",0,0,meningioma,0,0.7533886830012003,0.23261131842931113,0.013999992981553078,0,0.5310794512430826,0.4552033841609955,0.01371711779696246
2389,"[[49]
 [49]
 [51]
 [53]
 [53]
 [52]]",0,0,meningioma,0,0.9073278705279032,0.06533973539868991,0.02733239283164342,0,0.9809384147326151,0.017090728816886742,0.001970859622815624
2390,"[[49]
 [49]
 [51]
 [53]
 [53]
 [52]]",0,0,meningioma,0,0.7699825167655945,0.20598869025707245,0.0240287771448493,0,0.8428470094998678,0.15681868543227515,0.00033433073743556935
2391,"[[49]
 [49]
 [51]
 [56]
 [48]
 [53]]",3,0,meningioma,0,0.9222365419069926,0.07677154677609603,0.0009919094409269746,1,0.36871127287546795,0.6262028813362122,0.005085844449543704
2392,"[[49]
 [49]
 [51]
 [56]
 [48]
 [53]]",3,0,meningioma,0,0.9365279873212179,0.051029217739899956,0.012442789040505886,2,0.16850272752344608,0.045704764089653814,0.7857925196488699
2393,"[[49]
 [49]
 [52]
 [48]
 [49]
 [56]]",0,0,meningioma,2,0.07130018870035808,0.013684007339179516,0.9150158166885376,0,0.44183751940727234,0.3508640080690384,0.20729846631487212
2394,"[[49]
 [49]
 [52]
 [48]
 [49]
 [56]]",0,0,meningioma,2,0.1234317091293633,0.009824298710251847,0.8667440017064413,2,0.18416484693686166,0.0022956031219412885,0.8135395248730978
2395,"[[49]
 [49]
 [52]
 [48]
 [49]
 [56]]",0,0,meningioma,2,0.11392700811848044,0.002852570488660907,0.8832204341888428,0,0.9233026703198751,0.014826024727274975,0.06187126568208138
2396,"[[49]
 [49]
 [52]
 [48]
 [49]
 [56]]",0,0,meningioma,2,0.20203349615136781,0.009522370994091034,0.7884441216786703,2,0.21363341063261032,0.004013566843544443,0.7823530038197836
2397,"[[49]
 [49]
 [52]
 [51]
 [53]
 [57]]",3,0,meningioma,1,0.011406094602231557,0.988581120967865,1.2755880291296743e-05,1,0.14476903279622397,0.8552255233128866,5.420821632166432e-06
2398,"[[49]
 [48]
 [48]
 [51]
 [54]
 [48]]",2,0,meningioma,1,0.13468548158804575,0.6130433678627014,0.2522711207469304,0,0.9402014017105103,0.049916171779235206,0.009882465082531175
2399,"[[49]
 [48]
 [51]
 [54]
 [55]
 [51]]",0,0,meningioma,2,0.037184031990667187,0.014868195168673992,0.9479477604230245,2,0.007338669383898377,0.002096157113555819,0.9905651609102885
2400,"[[49]
 [49]
 [52]
 [51]
 [53]
 [57]]",3,0,meningioma,1,0.2829941213130951,0.7167768081029257,0.00022905103770654023,0,0.7018941044807434,0.20508868992328644,0.09301719379921754
2401,"[[49]
 [49]
 [52]
 [51]
 [53]
 [57]]",3,0,meningioma,1,0.24982696399092674,0.7500058015187582,0.00016724735416554873,0,0.7847825288772583,0.2150020251671473,0.00021541710884775966
2402,"[[49]
 [49]
 [52]
 [51]
 [53]
 [57]]",3,0,meningioma,0,0.7623193065325419,0.21147317439317703,0.0262075094312119,1,0.41484267512957257,0.4273908535639445,0.1577664613723755
2403,"[[49]
 [49]
 [52]
 [51]
 [53]
 [57]]",3,0,meningioma,0,0.5624465718865395,0.4176596502463023,0.019893739197868854,0,0.7528934081395467,0.24654011925061545,0.0005664905280961344
2404,"[[49]
 [49]
 [52]
 [51]
 [53]
 [57]]",3,0,meningioma,1,0.21968660006920496,0.7634570201237997,0.016856373268334817,1,0.016599295777268708,0.9831521908442179,0.00024853265009975684
2405,"[[57]
 [55]
 [54]
 [48]
 [55]]",2,0,meningioma,0,0.9958153168360392,0.003319023254637917,0.0008657012949697673,0,0.9986577033996582,0.0006966341946584483,0.0006456859773606993
2406,"[[57]
 [55]
 [54]
 [48]
 [55]]",2,0,meningioma,0,0.9964797695477804,0.003463654158016046,5.653900583032131e-05,0,0.9717200001080831,0.028162529071172077,0.00011744777051111062
2407,"[[57]
 [55]
 [54]
 [48]
 [55]]",2,0,meningioma,0,0.9887526432673136,0.011242131857822338,5.182295429525159e-06,0,0.8817955255508423,0.10008965680996577,0.01811481701831023
2408,"[[57]
 [55]
 [55]
 [51]
 [55]]",1,0,meningioma,0,0.8046599825223287,0.19274689008792242,0.0025931284471880645,0,0.8916323184967041,0.08677214539299409,0.02159551903605461
2409,"[[57]
 [55]
 [55]
 [51]
 [55]]",1,0,meningioma,0,0.9306504329045614,0.04202824210127195,0.02732139949997266,0,0.9905219872792562,0.0021432539069792256,0.007334739280243714
2410,"[[49]
 [48]
 [51]
 [54]
 [55]
 [51]]",0,0,meningioma,2,0.08506739201645057,0.00856129095579187,0.9063713351885477,2,0.027274972448746364,0.0027391661424189806,0.9699858824412028
2411,"[[57]
 [55]
 [55]
 [51]
 [55]]",1,0,meningioma,0,0.9959216316541036,0.0019901803073783717,0.002088144489486391,0,0.9824403325716654,0.01694928818809179,0.0006104019654837126
2412,"[[57]
 [55]
 [55]
 [51]
 [55]]",1,0,meningioma,0,0.976478099822998,0.020412985235452652,0.0031089199571094164,0,0.9035877386728922,0.09534599321583907,0.0010662669180116306
2413,"[[57]
 [55]
 [55]
 [51]
 [55]]",1,0,meningioma,0,0.971656084060669,0.027810439156989258,0.0005334440041527463,0,0.8905879855155945,0.10820089156428973,0.0012111261967220344
2414,"[[57]
 [55]
 [55]
 [51]
 [55]]",1,0,meningioma,0,0.9907915393511454,0.009190074478586515,1.8395504606398088e-05,0,0.5669819414615631,0.4151604473590851,0.01785762794315815
2415,"[[57]
 [55]
 [56]
 [55]
 [53]]",3,0,meningioma,2,0.13095525776346525,0.001485008707580467,0.8675597508748373,2,0.3889194702108701,0.0029794363823990957,0.6081010848283768
2416,"[[57]
 [55]
 [56]
 [55]
 [53]]",3,0,meningioma,0,0.7935112714767456,0.01089102542027831,0.19559768587350845,0,0.7404206991195679,0.0072683923644945025,0.2523109142978986
2417,"[[57]
 [55]
 [56]
 [55]
 [53]]",3,0,meningioma,0,0.5451517899831136,0.003114520998982092,0.45173369844754535,0,0.6482223073641459,0.00498097079495589,0.34679667962094146
2418,"[[57]
 [55]
 [56]
 [55]
 [53]]",3,0,meningioma,0,0.955434521039327,0.013744021145006021,0.030821484047919512,0,0.9524917006492615,0.011205713885525862,0.03630253400964042
2419,"[[57]
 [55]
 [57]
 [52]
 [51]]",1,0,meningioma,0,0.990354319413503,0.0095882931103309,5.740114784202888e-05,0,0.9242819547653198,0.025362790348784376,0.0503552231627206
2420,"[[57]
 [55]
 [57]
 [52]
 [51]]",1,0,meningioma,0,0.9710479378700256,0.028950144226352375,1.91870486861608e-06,0,0.9988210797309875,0.0009897793788695708,0.00018911578141948363
2421,"[[49]
 [48]
 [51]
 [57]
 [50]
 [53]]",1,0,meningioma,2,0.2901071757078171,0.14411752919356027,0.5657752851645151,1,0.17121675610542297,0.8002668221791586,0.02851645472886351
2422,"[[57]
 [55]
 [57]
 [52]
 [51]]",1,0,meningioma,0,0.9998001257578532,0.00019950860587414354,3.3171611679705393e-07,0,0.8971259991327921,0.10144717867175738,0.0014268221517947193
2423,"[[57]
 [55]
 [57]
 [52]
 [51]]",1,0,meningioma,0,0.58676345149676,0.4132314423720042,5.1428350757258085e-06,0,0.5560224652290344,0.4439439872900645,3.357100680053312e-05
2424,"[[57]
 [55]
 [57]
 [52]
 [51]]",1,0,meningioma,1,0.4257671535015106,0.5742313663164774,1.5127150619539027e-06,1,0.1981070339679718,0.800547460714976,0.0013455407267125945
2425,"[[57]
 [56]
 [50]
 [52]
 [49]]",1,0,meningioma,0,0.7281490365664164,0.23583106199900308,0.03601991571485996,2,0.3812258516748746,0.024820896952102583,0.5939532493551573
2426,"[[57]
 [56]
 [50]
 [52]
 [49]]",1,0,meningioma,0,0.637031098206838,0.04480102782448133,0.31816790501276654,0,0.9936933716138204,0.002197639475828813,0.004108995121593277
2427,"[[57]
 [56]
 [50]
 [52]
 [49]]",1,0,meningioma,0,0.9007327953974406,0.022727347289522488,0.07653984303275745,0,0.8850467205047607,0.10913131975879271,0.0058219775157037175
2428,"[[57]
 [56]
 [50]
 [52]
 [49]]",1,0,meningioma,0,0.8353468974431356,0.03744844812899828,0.1272046466668447,0,0.8356229066848755,0.09894461277872324,0.06543246284127235
2429,"[[57]
 [56]
 [50]
 [52]
 [49]]",1,0,meningioma,0,0.6116134524345398,0.22356795767943063,0.16481859485308328,0,0.9851405024528503,0.014237639074660061,0.0006218852552895745
2430,"[[57]
 [56]
 [50]
 [52]
 [49]]",1,0,meningioma,1,0.1863123724857966,0.8034078478813171,0.010279764809335271,0,0.8306716879208883,0.14305001745621362,0.02627828313658635
2431,"[[57]
 [56]
 [50]
 [52]
 [49]]",1,0,meningioma,0,0.7555041313171387,0.24207410713036856,0.0024217216802450516,1,0.1262950375676155,0.8673717578252157,0.00633317759881417
2432,"[[49]
 [48]
 [51]
 [57]
 [50]
 [53]]",1,0,meningioma,2,0.2593024919430415,0.03058656118810177,0.7101109226544698,1,0.1442608560125033,0.5783647298812866,0.27737440665562946
2433,"[[57]
 [57]
 [48]
 [49]
 [55]]",0,0,meningioma,0,0.5142472783724467,0.01720084932943185,0.4685519188642502,0,0.7892776727676392,0.0821932926774025,0.1285290146867434
2434,"[[57]
 [57]
 [48]
 [49]
 [55]]",0,0,meningioma,0,0.9263419111569723,0.05293838307261467,0.020719739918907482,0,0.7842849890391032,0.2099958062171936,0.005719237339993318
2435,"[[57]
 [57]
 [48]
 [56]
 [57]]",0,0,meningioma,0,0.8132766882578532,0.03371313773095608,0.1530101696650187,0,0.8797400991121928,0.045272115617990494,0.07498774429162343
2436,"[[57]
 [57]
 [48]
 [56]
 [57]]",0,0,meningioma,0,0.7779193719228109,0.08200734481215477,0.14007330561677614,0,0.989036758740743,0.005341542263825734,0.005621684443516036
2437,"[[57]
 [57]
 [48]
 [56]
 [57]]",0,0,meningioma,0,0.7964810927708944,0.09489881495634715,0.10862005688250065,0,0.7986436287562052,0.19659390548865,0.004762488106886546
2438,"[[57]
 [57]
 [48]
 [56]
 [57]]",0,0,meningioma,0,0.5970489581425985,0.04345829909046491,0.3594927390416463,0,0.907374382019043,0.030628919911881287,0.06199669030805429
2439,"[[57]
 [57]
 [48]
 [56]
 [57]]",0,0,meningioma,0,0.7101027568181356,0.2072405864795049,0.08265668153762817,0,0.9748392502466837,0.011772604193538427,0.013388173654675484
2440,"[[57]
 [57]
 [50]
 [56]
 [56]]",1,0,meningioma,0,0.9156516194343567,0.08413383116324742,0.00021453159403487612,0,0.8103403647740682,0.17335466481745243,0.016304897687708337
2441,"[[57]
 [57]
 [51]
 [48]
 [56]]",3,0,meningioma,1,0.36348096032937366,0.6346458991368612,0.00187313906099007,0,0.6259598533312479,0.37344686686992645,0.0005932947315159254
2442,"[[57]
 [57]
 [51]
 [48]
 [56]]",3,0,meningioma,0,0.562711775302887,0.4371228615442912,0.00016538091528180607,1,0.03523056278936565,0.9645995497703552,0.00016988105047251642
2443,"[[49]
 [48]
 [51]
 [57]
 [50]
 [53]]",1,0,meningioma,2,0.16848823179801306,0.001183864059081922,0.8303279081980387,2,0.4393243243296941,0.046716032549738884,0.513959676027298
2444,"[[57]
 [57]
 [51]
 [48]
 [56]]",3,0,meningioma,0,0.983318567276001,0.01611927431076765,0.0005621687004501533,1,0.49238188068072003,0.49467816948890686,0.012939912732690573
2445,"[[57]
 [57]
 [51]
 [48]
 [56]]",3,0,meningioma,1,0.0880347245062391,0.9119131167729696,5.218405244988844e-05,1,0.028145656532918412,0.9693537553151449,0.002500615082681179
2446,"[[49]
 [48]
 [48]
 [51]
 [54]
 [48]]",2,0,meningioma,1,0.4262339373429616,0.5736845632394155,8.15469138615299e-05,1,0.19103507697582245,0.8089608748753866,4.017896192938982e-06
2447,"[[49]
 [48]
 [48]
 [51]
 [54]
 [48]]",2,0,meningioma,0,0.924812396367391,0.07463152582446735,0.0005561004654737189,0,0.7414634923140208,0.2585053890943527,3.11272666901156e-05
2448,"[[49]
 [48]
 [48]
 [51]
 [54]
 [48]]",2,0,meningioma,0,0.6168282230695089,0.38064218560854596,0.002529608473802606,0,0.698439379533132,0.3015312949816386,2.9351562867911223e-05
2449,"[[49]
 [48]
 [48]
 [51]
 [54]
 [48]]",2,0,meningioma,0,0.5522057910760244,0.3600214123725891,0.08777285118897755,0,0.665140817562739,0.33402905613183975,0.0008302033723642429
2450,"[[49]
 [48]
 [48]
 [51]
 [54]
 [48]]",2,0,meningioma,0,0.6279260814189911,0.36867398023605347,0.0033999397419393063,1,0.3584841340780258,0.6319875021775564,0.009528370962167779
2451,"[[49]
 [48]
 [48]
 [51]
 [54]
 [48]]",2,0,meningioma,0,0.6503186623255411,0.3374102711677551,0.012271043534080187,1,0.23357008894284567,0.7612770199775696,0.00515292266694208
2452,"[[49]
 [48]
 [48]
 [53]
 [55]
 [50]]",4,0,meningioma,2,0.016370771763225395,0.013061418508489927,0.97056778271993,2,0.012673116599520048,0.0014033926199772395,0.9859234690666199
2453,"[[49]
 [48]
 [48]
 [53]
 [55]
 [50]]",4,0,meningioma,2,0.011666972190141678,0.0017846657428890467,0.9865483641624451,2,0.009995369512277344,0.01350062092145284,0.9765039881070455
2454,"[[49]
 [48]
 [52]
 [49]
 [54]
 [55]]",4,0,meningioma,1,0.2621527661879857,0.7372405131657919,0.0006067005742806941,0,0.5853814681371053,0.4099831283092499,0.004635402311881383
2455,"[[49]
 [48]
 [48]
 [54]
 [51]
 [57]]",0,0,meningioma,0,0.6769034067789713,0.2885228991508484,0.03457367544372877,0,0.975665012995402,0.024156868768235047,0.00017806276688740277
2456,"[[49]
 [48]
 [48]
 [54]
 [51]
 [57]]",0,0,meningioma,0,0.6050656835238138,0.014075491887827715,0.3808588335911433,0,0.9355077544848124,0.02936101829012235,0.035131227845946945
2457,"[[49]
 [48]
 [48]
 [57]
 [50]
 [48]]",2,0,meningioma,0,0.7732822299003601,0.22447689870993295,0.0022409132216125727,0,0.8801456888516744,0.11968610932429631,0.00016821853447860727
2458,"[[49]
 [48]
 [48]
 [57]
 [50]
 [48]]",2,0,meningioma,0,0.9614919821421305,0.03654838974277178,0.001959604793228209,0,0.9989214738210043,0.0009545175125822425,0.0001240445041427544
2459,"[[49]
 [48]
 [48]
 [57]
 [50]
 [48]]",2,0,meningioma,0,0.8703064521153768,0.12019288043181102,0.009500619877750674,0,0.9774666428565979,0.02115506740907828,0.0013783074100501835
2460,"[[49]
 [48]
 [49]
 [48]
 [49]
 [54]]",1,0,meningioma,0,0.738028903802236,0.23972362279891968,0.022247495440145332,0,0.9200727740923563,0.06755509491388996,0.012372095545288175
2461,"[[49]
 [48]
 [49]
 [48]
 [49]
 [54]]",1,0,meningioma,0,0.9952069918314616,0.00452739221509546,0.00026560881694119115,0,0.8716119726498922,0.0016897362608384963,0.12669830148418745
2462,"[[49]
 [48]
 [49]
 [48]
 [49]
 [54]]",1,0,meningioma,0,0.9819117188453674,0.017950068538387615,0.0001382621788555601,1,0.23537641515334448,0.7643196980158488,0.00030389471976377536
2463,"[[49]
 [48]
 [49]
 [48]
 [49]
 [54]]",1,0,meningioma,0,0.9631025989850363,0.03665883652865887,0.00023857794925182438,0,0.8503180146217346,0.14962662756443024,5.534418630759319e-05
2464,"[[49]
 [48]
 [49]
 [48]
 [56]
 [50]]",1,0,meningioma,0,0.8787576754887899,0.11453867827852567,0.006703615964700778,1,0.05759169285496076,0.9263699253400167,0.01603838267813747
2465,"[[49]
 [48]
 [52]
 [49]
 [54]
 [55]]",4,0,meningioma,0,0.8227043747901917,0.17674274245897928,0.0005529130285140127,0,0.990762193997701,0.00878118840046227,0.00045659819928308326
2466,"[[49]
 [48]
 [49]
 [48]
 [56]
 [50]]",1,0,meningioma,0,0.9031129479408264,0.08911973237991333,0.007767333881929517,0,0.5180709958076477,0.47723691662152606,0.0046920742897782475
2467,"[[49]
 [48]
 [49]
 [49]
 [50]
 [55]]",1,0,meningioma,0,0.6385681529839834,0.14913556600610414,0.21229631577928862,0,0.8168712258338928,0.14507862056295076,0.03805012612914046
2468,"[[49]
 [48]
 [49]
 [49]
 [50]
 [55]]",1,0,meningioma,2,0.21988164136807123,0.055332868515203394,0.7247854967912039,0,0.4921535750230153,0.3626805742581685,0.1451658612738053
2469,"[[49]
 [48]
 [49]
 [49]
 [50]
 [55]]",1,0,meningioma,0,0.6594392657279968,0.0999541034301122,0.2406066358089447,0,0.6962218880653381,0.2149790513018767,0.0887990811218818
2470,"[[49]
 [48]
 [49]
 [49]
 [50]
 [55]]",1,0,meningioma,1,0.2281590700149536,0.3892297148704529,0.3826112002134323,0,0.4742893874645233,0.4490797420342763,0.07663083666314681
2471,"[[49]
 [48]
 [49]
 [55]
 [57]
 [55]]",3,0,meningioma,1,0.23034493004282316,0.5804090400536855,0.18924603859583536,1,0.23879913985729218,0.7610282301902771,0.00017265576965049453
2472,"[[49]
 [48]
 [49]
 [55]
 [57]
 [55]]",3,0,meningioma,0,0.5872257649898529,0.07970449949304263,0.33306972682476044,0,0.8568095564842224,0.09634717802206676,0.046843246246377625
2473,"[[49]
 [48]
 [49]
 [55]
 [57]
 [55]]",3,0,meningioma,1,0.3360953877369563,0.4301140358050664,0.23379056404034296,0,0.6187367737293243,0.37435785432656604,0.006905374427636464
2474,"[[49]
 [48]
 [49]
 [55]
 [57]
 [55]]",3,0,meningioma,0,0.7555056810379028,0.012908145630111298,0.23158615827560425,0,0.7439154585202535,0.13285079101721445,0.1232337901989619
2475,"[[49]
 [48]
 [49]
 [55]
 [57]
 [55]]",3,0,meningioma,0,0.693493644396464,0.30140676101048786,0.005099593157259126,0,0.6659179826577505,0.33342602849006653,0.0006559742614626884
2476,"[[49]
 [48]
 [52]
 [49]
 [54]
 [55]]",4,0,meningioma,0,0.9099547068277994,0.0898921291033427,0.00015317479119403288,0,0.9799239834149679,0.02000460432221492,7.144881844093713e-05
2477,"[[49]
 [48]
 [49]
 [55]
 [57]
 [55]]",3,0,meningioma,0,0.6961946686108907,0.2910487949848175,0.012756529778319722,0,0.9384595155715942,0.06004551177223524,0.001495056611020118
2478,"[[49]
 [48]
 [49]
 [56]
 [48]
 [49]]",3,0,meningioma,1,0.4131722648938497,0.5759470462799072,0.01088069511267046,0,0.7082758744557699,0.18355593581994376,0.10816816613078117
2479,"[[49]
 [48]
 [49]
 [56]
 [48]
 [49]]",3,0,meningioma,1,0.3950534264246623,0.47502822677294415,0.12991835797826448,0,0.6837736566861471,0.14140209555625916,0.17482423533995947
2480,"[[49]
 [48]
 [49]
 [56]
 [48]
 [49]]",3,0,meningioma,0,0.4974048336346944,0.4914117157459259,0.011183458069960276,0,0.8945139646530151,0.02067512770493825,0.0848109299937884
2481,"[[49]
 [48]
 [50]
 [52]
 [50]
 [48]]",0,0,meningioma,0,0.7113924423853556,0.08755318075418472,0.20105435761312643,0,0.9156695604324341,0.007637550278256337,0.07669289161761601
2482,"[[49]
 [48]
 [50]
 [52]
 [50]
 [48]]",0,0,meningioma,2,0.30308996389309567,0.055429778372248016,0.6414802670478821,0,0.49911486109097797,0.029316761220494907,0.4715683658917745
2483,"[[49]
 [48]
 [50]
 [52]
 [52]
 [54]]",4,0,meningioma,0,0.9588215947151184,0.039913391383985676,0.0012650000668751697,0,0.8063808878262838,0.19353724271059036,8.187837223279833e-05
2484,"[[49]
 [48]
 [50]
 [52]
 [52]
 [54]]",4,0,meningioma,0,0.7118919690450033,0.1323990598320961,0.15570896367232004,0,0.5980036656061808,0.002194488847938677,0.3998018701871236
2485,"[[49]
 [48]
 [50]
 [54]
 [55]
 [53]]",2,0,meningioma,0,0.8751941720644633,0.12390735497077306,0.0008984594023786485,0,0.9902918537457784,0.009703527437523007,4.610366299099648e-06
2486,"[[49]
 [48]
 [50]
 [54]
 [55]
 [53]]",2,0,meningioma,1,0.3437345524628957,0.654321014881134,0.0019444306769097845,0,0.7899241050084432,0.20884590223431587,0.0012299865387224902
2487,"[[49]
 [48]
 [52]
 [49]
 [54]
 [55]]",4,0,meningioma,0,0.9956127802530924,0.004305775995211055,8.1396250607213e-05,0,0.9645489652951559,0.03539139296238621,5.963650134314472e-05
2488,"[[49]
 [48]
 [50]
 [55]
 [49]
 [52]]",4,0,meningioma,1,0.08567857493956883,0.912270983060201,0.002050424023764208,1,0.27431180079778034,0.725654681523641,3.3525990185504874e-05
2489,"[[49]
 [48]
 [50]
 [55]
 [49]
 [52]]",4,0,meningioma,1,0.48305610815684,0.5049353142579397,0.012008578050881624,0,0.8156782984733582,0.18413609266281128,0.00018561149454399128
2490,"[[49]
 [48]
 [50]
 [55]
 [49]
 [52]]",4,0,meningioma,0,0.6923596461613973,0.1380861463646094,0.1695541925728321,0,0.6804782350858053,0.3191552956899007,0.0003664766178796223
2491,"[[49]
 [48]
 [50]
 [55]
 [49]
 [52]]",4,0,meningioma,0,0.577091226975123,0.3711773951848348,0.051731339345375695,0,0.894277811050415,0.10143792691330115,0.004284257243853062
2492,"[[49]
 [48]
 [50]
 [55]
 [49]
 [52]]",4,0,meningioma,1,0.13752162953217825,0.7285895148913065,0.1338888555765152,1,0.20348192875583967,0.7487045129140218,0.04781352821737528
2493,"[[49]
 [48]
 [50]
 [56]
 [49]
 [56]]",0,0,meningioma,1,0.4815883735815684,0.4948166807492574,0.023594957621147234,1,0.47414915760358173,0.5251041154066721,0.0007466929285631826
2494,"[[49]
 [48]
 [50]
 [56]
 [49]
 [56]]",0,0,meningioma,0,0.6749317049980164,0.13956679155429205,0.18550150593121847,0,0.751137395699819,0.24187777439753214,0.006984864206363757
2495,"[[49]
 [48]
 [50]
 [56]
 [49]
 [56]]",0,0,meningioma,2,0.13134630396962166,0.025093160880108673,0.8435605764389038,0,0.5660208761692047,0.018183480948209763,0.4157956689596176
2496,"[[49]
 [48]
 [50]
 [56]
 [49]
 [56]]",0,0,meningioma,1,0.10188355048497517,0.464054877559344,0.43406157443920773,0,0.44035471479098004,0.40045754611492157,0.15918774778644243
2497,"[[49]
 [48]
 [50]
 [57]
 [51]
 [53]]",0,0,meningioma,2,0.3453541745742162,0.017615363622705143,0.6370304723580679,0,0.5054737428824106,0.12349046021699905,0.37103580435117084
2498,"[[49]
 [48]
 [52]
 [50]
 [56]
 [49]]",3,0,meningioma,1,0.42508599162101746,0.574383278687795,0.0005307071283671879,0,0.6779373188813528,0.3006538227200508,0.021408805934091408
2499,"[[49]
 [48]
 [50]
 [57]
 [54]
 [48]]",1,0,meningioma,1,0.20798003673553467,0.7903614640235901,0.0016584818173820774,1,0.053348091120521225,0.9465462565422058,0.00010565035658297954
2500,"[[49]
 [48]
 [50]
 [57]
 [54]
 [48]]",1,0,meningioma,0,0.5749048093954722,0.38235726952552795,0.04273794467250506,0,0.6285782953103384,0.3713500996430715,7.160369068515138e-05
2501,"[[49]
 [48]
 [50]
 [57]
 [54]
 [48]]",1,0,meningioma,0,0.38863520820935565,0.28049033383528393,0.3308744678894679,1,0.2191951721906662,0.7807420492172241,6.280747281077008e-05
2502,"[[49]
 [48]
 [50]
 [57]
 [54]
 [48]]",1,0,meningioma,1,0.2016435960928599,0.7085528572400411,0.08980354170004527,1,0.1533073509732882,0.842901349067688,0.0037913169556607804
2503,"[[49]
 [48]
 [50]
 [57]
 [54]
 [48]]",1,0,meningioma,1,0.12308231989542644,0.760416309038798,0.11650138472517331,1,0.2027673746148745,0.7165305614471436,0.08070210677882035
2504,"[[49]
 [48]
 [50]
 [57]
 [56]
 [53]]",3,0,meningioma,0,0.44703864057858783,0.3684581518173218,0.18450318276882172,1,0.2438364326953888,0.46388333042462665,0.292280246814092
2505,"[[49]
 [48]
 [51]
 [54]
 [55]
 [51]]",0,0,meningioma,2,0.002624210474702219,0.0007150276602866749,0.9966607689857483,2,0.006325623796631892,0.0003485363704385236,0.9933258295059204
2506,"[[49]
 [48]
 [51]
 [54]
 [55]
 [51]]",0,0,meningioma,2,0.004116188288511087,0.003222557328020533,0.9926612377166748,2,0.0020697605408107242,0.0006258927557306985,0.9973043402036031
2507,"[[49]
 [48]
 [51]
 [54]
 [55]
 [51]]",0,0,meningioma,2,0.017996655621876318,0.2654881315926711,0.7165152231852213,2,0.0006597276078537107,0.0008224393629158536,0.9985178510348002
2508,"[[49]
 [48]
 [51]
 [54]
 [55]
 [51]]",0,0,meningioma,2,0.0070649564925891655,0.006877232420568665,0.9860578179359436,2,0.0026335991375769177,0.012135744793340564,0.9852306644121805
2509,"[[49]
 [48]
 [48]
 [51]
 [54]
 [48]]",2,0,meningioma,1,0.03559572187562784,0.9624826312065125,0.0019215932697989047,1,0.35636470715204877,0.6341331799825033,0.009502078173682094
2510,"[[49]
 [48]
 [52]
 [50]
 [56]
 [49]]",3,0,meningioma,0,0.753341535727183,0.245965247352918,0.0006931903621989477,0,0.9767072399457296,0.018437820059868198,0.004854926140978932
2511,"[[49]
 [48]
 [51]
 [54]
 [55]
 [51]]",0,0,meningioma,2,0.0035105864226352423,0.002204514661571011,0.9942849079767863,2,0.010396881494671106,0.12575198089083037,0.8638511498769125
2512,"[[49]
 [48]
 [51]
 [57]
 [50]
 [53]]",1,0,meningioma,2,0.12259185314178467,0.0021555008618937186,0.8752526640892029,0,0.5941933492819468,0.022579582408070564,0.3832271049420039
2513,"[[49]
 [48]
 [51]
 [57]
 [50]
 [53]]",1,0,meningioma,0,0.9185504913330078,0.07902439031749964,0.0024250949500128627,0,0.6724182864030203,0.10851441572109859,0.21906729290882745
2514,"[[49]
 [48]
 [51]
 [57]
 [50]
 [53]]",1,0,meningioma,0,0.7940379778544108,0.12710541114211082,0.07885663335522015,0,0.8156993786493937,0.07017069434126218,0.11412997016062339
2515,"[[49]
 [48]
 [51]
 [57]
 [50]
 [53]]",1,0,meningioma,0,0.9411906401316324,0.03276364722599586,0.026045736856758595,0,0.8285971879959106,0.06795629238088925,0.10344650751600663
2516,"[[49]
 [48]
 [52]
 [49]
 [54]
 [55]]",4,0,meningioma,1,0.04018684600790342,0.9597766399383545,3.6455737548142984e-05,0,0.6395693719387054,0.3599074532588323,0.0005231829951905335
2517,"[[49]
 [48]
 [52]
 [49]
 [54]
 [55]]",4,0,meningioma,0,0.730991780757904,0.0648924969136715,0.2041157285372416,0,0.9516775210698446,0.04802743485197425,0.0002950330131170631
2518,"[[49]
 [48]
 [52]
 [49]
 [54]
 [55]]",4,0,meningioma,0,0.832630455493927,0.15880693743626276,0.008562631672248244,0,0.9864462812741598,0.013505312458922466,4.839299622479606e-05
2519,"[[49]
 [48]
 [52]
 [49]
 [54]
 [55]]",4,0,meningioma,0,0.9242862860361735,0.06913972211380799,0.006573967558021347,0,0.9804872274398804,0.018642895855009556,0.0008699098634679103
2520,"[[49]
 [48]
 [52]
 [49]
 [54]
 [55]]",4,0,meningioma,0,0.941398044427236,0.0023396044659117856,0.05626231680313746,0,0.9978482524553934,0.0020069493524109325,0.00014482957400711408
2521,"[[49]
 [48]
 [52]
 [50]
 [56]
 [49]]",3,0,meningioma,0,0.915423055489858,0.08415141701698303,0.0004255379671652311,0,0.9755611022313436,0.02167646571372946,0.002762385585810989
2522,"[[49]
 [48]
 [52]
 [50]
 [56]
 [49]]",3,0,meningioma,0,0.8162945111592611,0.18365199118852615,5.3488311203035245e-05,0,0.9990488886833191,0.0009489773656241596,2.1762672777943712e-06
2523,"[[49]
 [48]
 [52]
 [50]
 [56]
 [49]]",3,0,meningioma,0,0.9550597866376241,0.044901616560916104,3.856307105635596e-05,0,0.9998646775881449,0.00013417429454420926,1.1423820941066272e-06
2524,"[[49]
 [48]
 [52]
 [50]
 [56]
 [49]]",3,0,meningioma,0,0.9116432070732117,0.08822756136457126,0.0001292313533080384,0,0.9953288435935974,0.004656130777827154,1.505302301059904e-05
2525,"[[49]
 [48]
 [52]
 [50]
 [56]
 [49]]",3,0,meningioma,0,0.9656338691711426,0.03277375023268784,0.001592340029674233,0,0.9993456602096558,0.0006539574266450169,4.224533635503273e-07
2526,"[[49]
 [48]
 [52]
 [54]
 [57]
 [53]]",4,0,meningioma,1,0.169308731953303,0.8302710652351379,0.00042016217776108533,0,0.8325620094935099,0.16720765580733618,0.00023036038540643253
2527,"[[49]
 [48]
 [52]
 [54]
 [57]
 [53]]",4,0,meningioma,1,0.28700706362724304,0.7007943590482076,0.012198589742183685,0,0.9797216852506002,0.015274558526774248,0.005003728903830051
2528,"[[49]
 [48]
 [52]
 [54]
 [57]
 [53]]",4,0,meningioma,0,0.746888001759847,0.2216977377732595,0.03141427102188269,0,0.9714854756991068,0.018302347976714373,0.010212179583807787
2529,"[[49]
 [48]
 [53]
 [51]
 [55]
 [52]]",3,0,meningioma,0,0.8787626425425211,0.12107193718353908,0.00016546100444732778,0,0.9118328889211019,0.0880018783112367,0.00016527986341922465
2530,"[[49]
 [48]
 [53]
 [53]
 [53]
 [53]]",2,0,meningioma,0,0.8020442724227905,0.19497170547644296,0.0029840313363820314,0,0.9779919187227885,0.018678401596844196,0.0033296723073969283
2531,"[[49]
 [48]
 [53]
 [53]
 [53]
 [53]]",2,0,meningioma,0,0.545277883609136,0.44864120086034137,0.0060808968264609575,0,0.9110412001609802,0.08893544226884842,2.333712685261465e-05
2532,"[[49]
 [48]
 [52]
 [50]
 [56]
 [49]]",3,0,meningioma,0,0.9306126832962036,0.06923277924458186,0.00015452634761459194,0,0.9685095945994059,0.026263201298813026,0.005227195797488093
2533,"[[49]
 [48]
 [53]
 [57]
 [51]
 [55]]",2,0,meningioma,2,0.27544836699962616,0.006073962819452087,0.7184776663780212,0,0.9773743549982706,0.008992821754266819,0.013632817814747492
2534,"[[49]
 [48]
 [53]
 [57]
 [51]
 [55]]",2,0,meningioma,2,0.09138434876998265,0.0006864372019966444,0.9079292416572571,0,0.9981987873713175,0.00015517983168441182,0.001646026037633419
2535,"[[49]
 [48]
 [53]
 [57]
 [51]
 [55]]",2,0,meningioma,0,0.536310871442159,0.06196209788322449,0.4017270604769389,0,0.9940317869186401,0.0047182003036141396,0.00125002166411529
2536,"[[49]
 [48]
 [54]
 [50]
 [56]
 [52]]",2,0,meningioma,0,0.9049930175145467,0.010184200946241617,0.08482276399930318,2,0.08519069664180279,0.00115515180126143,0.9136541287104288
2537,"[[49]
 [48]
 [54]
 [50]
 [56]
 [52]]",2,0,meningioma,0,0.8283378879229227,0.004451406964411338,0.16721066211660704,0,0.967145303885142,0.024732310324907303,0.008122386566052834
2538,"[[49]
 [48]
 [54]
 [50]
 [56]
 [52]]",2,0,meningioma,0,0.917261004447937,0.02092931605875492,0.0618097297847271,0,0.9889769752820333,0.011020525669058165,2.471424724130126e-06
2539,"[[49]
 [48]
 [54]
 [50]
 [56]
 [52]]",2,0,meningioma,0,0.9277994831403097,0.0681137132147948,0.004086790528769295,0,0.9756843050320944,0.023985997773706913,0.00032971720793284476
2540,"[[49]
 [48]
 [54]
 [52]
 [52]
 [50]]",2,0,meningioma,0,0.6812842686971029,0.3177032967408498,0.001012430041252325,0,0.7639575203259786,0.23589982837438583,0.0001426751235461173
2541,"[[49]
 [48]
 [54]
 [52]
 [52]
 [50]]",2,0,meningioma,0,0.8579208056131998,0.09506869191924731,0.04701046893994013,0,0.9645972649256388,0.035084133967757225,0.00031858575918401283
2542,"[[49]
 [48]
 [54]
 [52]
 [52]
 [50]]",2,0,meningioma,0,0.9255452553431193,0.031395340959231056,0.04305936396121979,0,0.9958123167355856,0.003996084677055478,0.0001916124335063311
2543,"[[49]
 [48]
 [52]
 [50]
 [56]
 [49]]",3,0,meningioma,0,0.7812728881835938,0.21797133485476175,0.0007557656754215714,0,0.9245444734891256,0.06432472324619691,0.011130827479064465
2544,"[[49]
 [48]
 [54]
 [53]
 [51]
 [52]]",3,0,meningioma,1,0.44607094426949817,0.5316657622655233,0.0222633167480429,0,0.8343999783198038,0.0989128847916921,0.06668713130056858
2545,"[[49]
 [48]
 [54]
 [53]
 [51]
 [52]]",3,0,meningioma,0,0.9422308007876078,0.05482398206368089,0.0029452254821080714,0,0.9336178302764893,0.042480348609387875,0.02390182080368201
2546,"[[49]
 [48]
 [54]
 [53]
 [57]
 [50]]",3,0,meningioma,1,0.4663456380367279,0.533551424741745,0.0001028922919097397,1,0.47397125512361526,0.5251310716072718,0.0008976615499705076
2547,"[[49]
 [48]
 [54]
 [54]
 [54]
 [53]]",1,0,meningioma,0,0.6600300272305807,0.33103719850381214,0.008932790718972683,0,0.8012533982594808,0.1987085615595182,3.8081458219115426e-05
2548,"[[49]
 [48]
 [54]
 [54]
 [54]
 [53]]",1,0,meningioma,0,0.8338682055473328,0.16454624632994333,0.001585567040213694,0,0.9048292438189188,0.09510991380860408,6.080040614619975e-05
2549,"[[49]
 [48]
 [54]
 [54]
 [54]
 [53]]",1,0,meningioma,1,0.4478306472301483,0.5500573515892029,0.002112045845327278,0,0.9883173902829488,0.011601182942589125,8.14310480639809e-05
2550,"[[49]
 [48]
 [54]
 [54]
 [54]
 [53]]",1,0,meningioma,0,0.6934095422426859,0.30322809020678204,0.0033623358079542718,0,0.6763564149538676,0.3235754619042079,6.81272190377058e-05
2551,"[[49]
 [48]
 [54]
 [54]
 [54]
 [53]]",1,0,meningioma,1,0.2485941747824351,0.727362334728241,0.024043466274936993,0,0.8594628572463989,0.13996804505586624,0.0005691100074424563
2552,"[[49]
 [48]
 [54]
 [54]
 [54]
 [53]]",1,0,meningioma,0,0.6675191819667816,0.23030301680167517,0.10217782109975815,0,0.9154977997144064,0.038905338694651924,0.04559687618166208
2553,"[[49]
 [48]
 [54]
 [54]
 [54]
 [53]]",1,0,meningioma,2,0.36249134441216785,0.220731720328331,0.4167769253253937,0,0.8160791198412577,0.11714575812220573,0.06677514997621377
2554,"[[49]
 [48]
 [52]
 [50]
 [56]
 [49]]",3,0,meningioma,0,0.9454964995384216,0.05408827339609464,0.000415136137803529,0,0.8605775237083435,0.11766975373029709,0.021752715421219666
2555,"[[49]
 [48]
 [54]
 [55]
 [50]
 [48]]",4,0,meningioma,0,0.903408149878184,0.0965878926217556,3.96237692257273e-06,1,0.1283247172832489,0.8716752330462137,4.66943979223385e-08
2556,"[[49]
 [48]
 [54]
 [55]
 [50]
 [48]]",4,0,meningioma,1,0.022429621467987697,0.9775670369466146,3.34444490590613e-06,0,0.5468334555625916,0.4531354308128357,3.112698110877924e-05
2557,"[[49]
 [48]
 [54]
 [55]
 [50]
 [48]]",4,0,meningioma,1,0.28321001430352527,0.7134531339009603,0.003336871760742118,0,0.6820454994837443,0.31778905789057416,0.00016545589179865297
2558,"[[49]
 [48]
 [54]
 [57]
 [49]
 [52]]",3,0,meningioma,0,0.7025652925173441,0.06126727101703485,0.236167440811793,0,0.899146556854248,0.08888852844635646,0.0119649280483524
2559,"[[49]
 [48]
 [54]
 [57]
 [49]
 [52]]",3,0,meningioma,0,0.8108033140500387,0.13304974883794785,0.056146908861895405,0,0.9449059963226318,0.052877556532621384,0.002216475006813804
2560,"[[49]
 [48]
 [54]
 [57]
 [49]
 [52]]",3,0,meningioma,0,0.8783306280771891,0.11970791965723038,0.001961470726200787,0,0.9563151796658834,0.0428838978211085,0.0008009345037862659
2561,"[[49]
 [48]
 [54]
 [57]
 [49]
 [52]]",3,0,meningioma,0,0.9312035838762919,0.012942688073962927,0.05585376592352986,0,0.9946479002634684,0.005131632788106799,0.00022052855183574138
2562,"[[49]
 [48]
 [54]
 [57]
 [49]
 [52]]",3,0,meningioma,0,0.7643583416938782,0.22427583982547125,0.01136580086313188,0,0.9797700047492981,0.019618935883045197,0.0006110607791924849
2563,"[[49]
 [48]
 [54]
 [57]
 [49]
 [52]]",3,0,meningioma,0,0.9304461081822714,0.06909398237864177,0.00045987491271641073,0,0.8760508894920349,0.12390439460674922,4.471863597170037e-05
2564,"[[49]
 [48]
 [54]
 [57]
 [49]
 [52]]",3,0,meningioma,0,0.8564611673355103,0.14213008433580399,0.0014087454364926089,0,0.9767447710037231,0.018450813988844555,0.0048044187327226
2565,"[[49]
 [48]
 [52]
 [50]
 [56]
 [49]]",3,0,meningioma,0,0.8975436488787333,0.10149664431810379,0.0009597570083315077,0,0.9162598649660746,0.08364586780468623,9.424409108760301e-05
2566,"[[49]
 [48]
 [55]
 [49]
 [57]
 [48]]",2,0,meningioma,0,0.9606042901674906,0.0335109569132328,0.005884755868464708,0,0.9855100711186727,0.012792212112496296,0.0016976998109991352
2567,"[[49]
 [48]
 [55]
 [50]
 [52]
 [56]]",4,0,meningioma,2,0.19120643536249796,0.24238611261049905,0.5664074222246805,0,0.7222517728805542,0.19304378082354864,0.08470445623000462
2568,"[[49]
 [48]
 [55]
 [50]
 [52]
 [56]]",4,0,meningioma,0,0.6669671336809794,0.02990130241960287,0.30313150584697723,0,0.6648663481076559,0.0891784317791462,0.24595525364081064
2569,"[[49]
 [48]
 [55]
 [50]
 [52]
 [56]]",4,0,meningioma,2,0.35194433728853863,0.012098531549175581,0.6359571317831675,0,0.6730188926060995,0.17977699637413025,0.14720413088798523
2570,"[[49]
 [48]
 [55]
 [50]
 [52]
 [56]]",4,0,meningioma,2,0.3795643945535024,0.20396653562784195,0.4164690872033437,0,0.5980205635229746,0.3894520302613576,0.012527413899078965
2571,"[[49]
 [48]
 [55]
 [50]
 [52]
 [56]]",4,0,meningioma,0,0.4244404435157776,0.19008056819438934,0.38547898332277936,0,0.984368105729421,0.0031073791130135455,0.01252451166510582
2572,"[[49]
 [48]
 [55]
 [52]
 [57]
 [52]]",1,0,meningioma,0,0.8559245467185974,0.14362888783216476,0.0004465977641909073,0,0.9522038499514262,0.04748700698837638,0.00030916101483550545
2573,"[[49]
 [48]
 [55]
 [52]
 [57]
 [52]]",1,0,meningioma,0,0.611992726723353,0.3599971681833267,0.02801011347522338,0,0.9736735224723816,0.023995567113161087,0.002330909604400707
2574,"[[49]
 [48]
 [55]
 [52]
 [57]
 [52]]",1,0,meningioma,0,0.9272371331850687,0.057223656525214515,0.015539207185308138,0,0.9904819329579672,0.0026954049826599658,0.0068226337898522615
2575,"[[49]
 [48]
 [55]
 [52]
 [57]
 [52]]",1,0,meningioma,2,0.37821662922700244,0.06055189482867718,0.5612314740816752,2,0.4784553498029709,0.0236874691521128,0.4978571633497874
2576,"[[49]
 [48]
 [53]
 [51]
 [55]
 [52]]",3,0,meningioma,0,0.9215558171272278,0.0491012129932642,0.02934296304980914,0,0.6068066755930582,0.1157360312839349,0.2774572850515445
2577,"[[49]
 [48]
 [55]
 [57]
 [52]
 [54]]",0,0,meningioma,0,0.7952341039975485,0.20403230686982474,0.0007335752549503619,1,0.03732631945361694,0.9624146223068237,0.00025904339175516117
2578,"[[49]
 [48]
 [55]
 [57]
 [52]
 [54]]",0,0,meningioma,1,0.14284816881020865,0.8511751691500345,0.005976683731811742,1,0.029944788819799822,0.9654862483342489,0.004568944103084505
2579,"[[49]
 [48]
 [55]
 [57]
 [52]
 [54]]",0,0,meningioma,1,0.3040330509344737,0.6850011150042216,0.010965844616293907,1,0.0071030487306416035,0.9924479126930237,0.0004490328307535189
2580,"[[49]
 [48]
 [55]
 [57]
 [52]
 [54]]",0,0,meningioma,1,0.1446190600593885,0.8452045321464539,0.010176384976754585,1,0.017742951090137165,0.9818723797798157,0.00038466660286455107
2581,"[[49]
 [48]
 [56]
 [53]
 [49]
 [52]]",2,0,meningioma,0,0.9138305187225342,0.08616928383708,1.7483097991544128e-07,0,0.948983391125997,0.05101051228120923,6.136826376253642e-06
2582,"[[49]
 [48]
 [56]
 [53]
 [49]
 [52]]",2,0,meningioma,1,0.11652748162547748,0.8834717075030009,8.339314755782349e-07,0,0.6154085497061411,0.3838722308476766,0.0007191888435045257
2583,"[[49]
 [48]
 [56]
 [53]
 [49]
 [52]]",2,0,meningioma,0,0.8117091854413351,0.18828503787517548,5.747280094207478e-06,0,0.9993413090705872,0.0006381909576399872,2.0542665576310053e-05
2584,"[[49]
 [48]
 [56]
 [53]
 [49]
 [52]]",2,0,meningioma,0,0.8973923921585083,0.10260496412714322,2.644186944659547e-06,0,0.9633620381355286,0.03645643157263597,0.00018149274425619902
2585,"[[49]
 [48]
 [56]
 [53]
 [49]
 [52]]",2,0,meningioma,1,0.34602033098538715,0.6537688573201498,0.00021078850841149688,0,0.9543972214063009,0.04559261972705523,1.0184846056896882e-05
2586,"[[49]
 [48]
 [56]
 [53]
 [53]
 [48]]",0,0,meningioma,0,0.7226723432540894,0.24089386065800986,0.03643379732966423,0,0.9298198223114014,0.009516769088804722,0.06066341480861107
2587,"[[49]
 [48]
 [53]
 [51]
 [55]
 [52]]",3,0,meningioma,0,0.9224616885185242,0.022231574170291424,0.05530676990747452,0,0.763207753499349,0.17136515180269876,0.06542708321164052
2588,"[[49]
 [48]
 [56]
 [53]
 [53]
 [48]]",0,0,meningioma,0,0.6548200050989786,0.1936201254526774,0.15155988683303198,0,0.6528025070826212,0.11667536447445552,0.2305221160252889
2589,"[[49]
 [48]
 [56]
 [53]
 [57]
 [48]]",1,0,meningioma,0,0.7787424723307291,0.1128506517658631,0.10840686534841855,0,0.8447301785151163,0.14151749139030775,0.013752354241053885
2590,"[[49]
 [48]
 [56]
 [53]
 [57]
 [48]]",1,0,meningioma,0,0.9680815736452738,0.02940023597329855,0.0025181418362384043,0,0.9877246419588724,0.01082442004311209,0.0014510132241412066
2591,"[[49]
 [48]
 [56]
 [57]
 [52]
 [53]]",3,0,meningioma,0,0.7773902813593546,0.22243735442558923,0.00017238397344954137,1,0.36718709270159405,0.6328110098838806,1.8964028806559934e-06
2592,"[[49]
 [48]
 [56]
 [57]
 [52]
 [53]]",3,0,meningioma,0,0.730942964553833,0.2680400585134824,0.0010169463803322287,1,0.0425653321047624,0.9574318726857504,2.8214004696991424e-06
2593,"[[49]
 [48]
 [56]
 [57]
 [52]
 [53]]",3,0,meningioma,0,0.7930641969045004,0.20220143596331278,0.004734386243702223,0,0.9342727462450663,0.06557473167777061,0.00015248115960275754
2594,"[[49]
 [48]
 [56]
 [57]
 [52]
 [53]]",3,0,meningioma,1,0.3586496412754059,0.5310929218928019,0.11025744924942653,0,0.8401026725769043,0.13697798550128937,0.022919288525978725
2595,"[[49]
 [48]
 [57]
 [51]
 [53]
 [48]]",0,0,meningioma,0,0.5080820024013519,0.00992589226613442,0.48199209570884705,0,0.9898650050163269,0.006879524094983935,0.0032554475280145803
2596,"[[49]
 [48]
 [57]
 [51]
 [53]
 [48]]",0,0,meningioma,0,0.9100599686304728,0.014218140703936418,0.07572189345955849,0,0.8179694215456644,0.17099813744425774,0.01103242269406716
2597,"[[49]
 [48]
 [57]
 [52]
 [49]
 [49]]",2,0,meningioma,0,0.6885784864425659,0.3113623062769572,5.923372615749637e-05,1,0.06330487069984277,0.9366943637530009,8.333692941657015e-07
2598,"[[49]
 [48]
 [53]
 [53]
 [53]
 [53]]",2,0,meningioma,0,0.9030893842379252,0.09675609320402145,0.00015455599592921013,0,0.9464519421259562,0.053083290656407676,0.0004647313774815605
2599,"[[49]
 [48]
 [57]
 [57]
 [54]
 [56]]",2,0,meningioma,0,0.7931086421012878,0.2063870976368586,0.0005042295961175114,0,0.9425244728724161,0.05745467791954676,2.0799906754594606e-05
2600,"[[49]
 [48]
 [57]
 [57]
 [54]
 [56]]",2,0,meningioma,0,0.8535738388697306,0.1413258065780004,0.00510031427256763,0,0.6020961801211039,0.3974175701538722,0.0004862349499793102
2601,"[[49]
 [48]
 [57]
 [57]
 [54]
 [56]]",2,0,meningioma,0,0.8593030969301859,0.09777461737394333,0.04292232543230057,0,0.9947018027305603,0.005288038790846865,1.013930650136293e-05
2602,"[[49]
 [48]
 [57]
 [57]
 [54]
 [56]]",2,0,meningioma,0,0.994107186794281,0.002881934866309166,0.003010894598749777,0,0.9856442014376322,0.009317604514459768,0.005038198549300432
2603,"[[49]
 [49]
 [48]
 [56]
 [48]
 [56]]",3,0,meningioma,0,0.9016891320546468,0.09829859590778749,1.2253424655467304e-05,0,0.9881457885106405,0.011660045012831688,0.00019414903196472247
2604,"[[49]
 [49]
 [48]
 [56]
 [48]
 [56]]",3,0,meningioma,0,0.8864650328954061,0.11352041969075799,1.4526549831056501e-05,0,0.9934014678001404,0.006598336389288306,2.0054439175964944e-07
2605,"[[49]
 [49]
 [49]
 [48]
 [55]
 [55]]",3,0,meningioma,0,0.8627303838729858,0.1366869161526362,0.0005827030091343962,0,0.6530686418215433,0.3469281494617462,3.1619898284892165e-06
2606,"[[49]
 [49]
 [49]
 [48]
 [55]
 [55]]",3,0,meningioma,0,0.9539311726888021,0.045759040862321854,0.00030981505498554424,0,0.9845474561055502,0.003214772635449966,0.012237802768747011
2607,"[[49]
 [49]
 [49]
 [48]
 [55]
 [55]]",3,0,meningioma,0,0.8879782954851786,0.11177315128346284,0.0002485804187788432,0,0.9136276245117188,0.08561766395966212,0.000754712222260423
2608,"[[49]
 [49]
 [49]
 [51]
 [54]
 [54]]",0,0,meningioma,0,0.7969454129536947,0.17053944865862528,0.03251514180252949,0,0.552555908759435,0.447189266482989,0.00025480319163762033
2609,"[[53]
 [56]
 [51]
 [57]
 [50]]",4,2,pituitary,2,0.002635889541124925,2.224347208349779e-05,0.9973418712615967,2,0.002125871843721446,3.677411877234249e-07,0.9978737831115723
2610,"[[49]
 [49]
 [49]
 [51]
 [54]
 [54]]",0,0,meningioma,0,0.6565631429354349,0.3353188137213389,0.008118035465789339,0,0.7998274763425192,0.19997564454873404,0.0001968572372182583
2611,"[[49]
 [49]
 [49]
 [51]
 [54]
 [54]]",0,0,meningioma,0,0.7778144876162211,0.19701486825942993,0.02517070807516575,0,0.9188446005185446,0.080010491112868,0.001144903964207818
2612,"[[49]
 [49]
 [49]
 [51]
 [54]
 [54]]",0,0,meningioma,0,0.9378580649693807,0.05467593607803186,0.007466029686232408,0,0.6216721534729004,0.3774360964695613,0.0008917435188777745
2613,"[[49]
 [49]
 [49]
 [53]
 [51]
 [50]]",4,0,meningioma,0,0.6175267994403839,0.37637535730997723,0.00609784247353673,1,0.17038045264780521,0.8296177585919698,1.7516551456727332e-06
2614,"[[49]
 [49]
 [49]
 [53]
 [51]
 [50]]",4,0,meningioma,0,0.6194916764895121,0.354817733168602,0.025690625421702862,0,0.9874417384465536,0.012398629526918134,0.00015964363228704315
2615,"[[49]
 [49]
 [49]
 [53]
 [51]
 [50]]",4,0,meningioma,0,0.8108751972516378,0.08969751248757045,0.09942728529373805,0,0.9680233200391134,0.020697778090834618,0.01127894331390659
2616,"[[49]
 [49]
 [49]
 [54]
 [57]
 [54]]",1,0,meningioma,0,0.9475044210751852,0.030974132629732292,0.02152145964403947,1,0.2926367868979772,0.43937550485134125,0.2679877281188965
2617,"[[49]
 [49]
 [49]
 [55]
 [49]
 [48]]",1,0,meningioma,0,0.9481045206387838,0.050268638879060745,0.0016268010949715972,0,0.7060551643371582,0.2913857599099477,0.0025590913337509846
2618,"[[49]
 [49]
 [49]
 [55]
 [49]
 [48]]",1,0,meningioma,0,0.8007020155588785,0.19893771409988403,0.00036024714548451203,0,0.6767002840836843,0.32248444358507794,0.0008152746498429527
2619,"[[49]
 [49]
 [50]
 [48]
 [48]
 [50]]",3,0,meningioma,0,0.6012013455231985,0.28557518621285755,0.11322348440686862,1,0.3635970652103424,0.6308257679144541,0.005577157794808348
2620,"[[49]
 [48]
 [48]
 [53]
 [55]
 [50]]",4,0,meningioma,2,0.02769644558429718,0.00595654562736551,0.9663470387458801,0,0.7417016625404358,0.08538648175696532,0.1729118525981903
2621,"[[49]
 [48]
 [53]
 [57]
 [51]
 [55]]",2,0,meningioma,0,0.9433456460634867,0.051671842113137245,0.004982505614558856,0,0.9903738498687744,2.0611049573441658e-05,0.009605569066479802
2622,"[[49]
 [49]
 [50]
 [48]
 [48]
 [50]]",3,0,meningioma,0,0.8107090791066488,0.1751541644334793,0.014136700114856163,0,0.6788569291432699,0.3193363845348358,0.0018066974250056471
2623,"[[49]
 [49]
 [50]
 [48]
 [48]
 [50]]",3,0,meningioma,0,0.818025271097819,0.15484601259231567,0.027128697683413822,0,0.8818945089975992,0.11604505156477292,0.002060492969273279
2624,"[[49]
 [49]
 [50]
 [48]
 [48]
 [50]]",3,0,meningioma,0,0.4727868338425954,0.28485409915447235,0.2423590545852979,0,0.857641855875651,0.11370638012886047,0.028651770514746506
2625,"[[49]
 [49]
 [50]
 [48]
 [54]
 [50]]",4,0,meningioma,0,0.5542832811673483,0.43491128583749133,0.010805430201192697,0,0.959891657034556,0.039919279826184116,0.00018901277993184826
2626,"[[49]
 [49]
 [50]
 [48]
 [54]
 [50]]",4,0,meningioma,0,0.8876856962839762,0.10857717568675677,0.0037371186772361398,0,0.9899153510729471,0.009961701716141155,0.0001229323873606821
2627,"[[49]
 [49]
 [50]
 [48]
 [54]
 [50]]",4,0,meningioma,1,0.07918883115053177,0.6553345819314321,0.2654765558739503,0,0.9442408879597982,0.05412267272671064,0.0016364896340140451
2628,"[[49]
 [49]
 [50]
 [50]
 [53]
 [50]]",4,0,meningioma,0,0.7979672352472941,0.17912998795509338,0.022902746374408405,0,0.8875683148701986,0.0884323480228583,0.023999329035480816
2629,"[[49]
 [49]
 [50]
 [50]
 [53]
 [50]]",4,0,meningioma,0,0.5019184052944183,0.26855044066905975,0.22953114161888757,0,0.8952520887056986,0.02272516582161188,0.0820227675139904
2630,"[[49]
 [49]
 [50]
 [53]
 [53]
 [50]]",4,0,meningioma,2,0.13494142641623816,0.39906912048657733,0.46598947048187256,0,0.7789342006047567,0.17033274471759796,0.05073304660618305
2631,"[[49]
 [49]
 [50]
 [53]
 [53]
 [50]]",4,0,meningioma,1,0.3427298069000244,0.45120224356651306,0.2060679296652476,0,0.6738094290097555,0.26691273351510364,0.05927783747514089
2632,"[[49]
 [48]
 [53]
 [57]
 [51]
 [55]]",2,0,meningioma,0,0.9958149592081705,0.00413361401297152,5.14445497780495e-05,0,0.9997656941413879,6.224502127831026e-05,0.0001720183608995285
2633,"[[49]
 [49]
 [50]
 [53]
 [53]
 [50]]",4,0,meningioma,1,0.36836491028467816,0.48613842328389484,0.14549664904673895,0,0.7617647846539816,0.22315071523189545,0.015084506090109548
2634,"[[49]
 [49]
 [50]
 [53]
 [53]
 [50]]",4,0,meningioma,0,0.714064359664917,0.27525390684604645,0.010681739853074154,1,0.3417382737000783,0.6571637988090515,0.0010979164665817127
2635,"[[49]
 [49]
 [50]
 [53]
 [53]
 [50]]",4,0,meningioma,0,0.7432394226392111,0.25257960458596546,0.004180974792689085,0,0.8525987466176351,0.1471637198701501,0.0002375067475289446
2636,"[[49]
 [49]
 [50]
 [53]
 [53]
 [50]]",4,0,meningioma,1,0.055558277294039726,0.9435100555419922,0.0009316303670251121,1,0.380966084698836,0.6189866264661154,4.730389048290817e-05
2637,"[[49]
 [49]
 [50]
 [53]
 [53]
 [50]]",4,0,meningioma,1,0.07714855050047238,0.9227503339449564,0.00010110520876575417,1,0.014150364014009634,0.9858477910359701,1.8305801177120884e-06
2638,"[[49]
 [49]
 [50]
 [54]
 [52]
 [56]]",0,0,meningioma,0,0.9646462003389994,0.03248028829693794,0.0028735245189939937,0,0.6526158452033997,0.3458518485228221,0.001532315315368275
2639,"[[49]
 [49]
 [50]
 [54]
 [52]
 [56]]",0,0,meningioma,0,0.9408657948176066,0.028404612094163895,0.030729615750412147,0,0.7362762490908304,0.22591126958529154,0.03781249653548002
2640,"[[49]
 [49]
 [50]
 [54]
 [52]
 [56]]",0,0,meningioma,1,0.39294154445330304,0.5825567046801249,0.02450174993524949,0,0.8830504218737284,0.11325903981924057,0.0036905433128898344
2641,"[[49]
 [49]
 [50]
 [54]
 [52]
 [56]]",0,0,meningioma,0,0.4745932916800181,0.3298058708508809,0.1956008399526278,0,0.9486276308695475,0.04429461186130842,0.007077791107197602
2642,"[[49]
 [49]
 [50]
 [54]
 [53]
 [48]]",0,0,meningioma,1,0.4797731041908264,0.5181670288244883,0.0020598476306380085,1,0.2278220852216085,0.7580416798591614,0.01413623197004199
2643,"[[49]
 [48]
 [54]
 [50]
 [56]
 [52]]",2,0,meningioma,0,0.5360680917898814,0.31099896132946014,0.15293295433123907,0,0.7003086606661478,0.2515772009889285,0.04811412778993448
2644,"[[49]
 [49]
 [50]
 [54]
 [53]
 [48]]",0,0,meningioma,0,0.9502307971318563,0.04872204611698786,0.0010471628508336532,1,0.02286480243007342,0.9767525792121887,0.000382600065980417
2645,"[[49]
 [49]
 [51]
 [48]
 [57]
 [56]]",2,0,meningioma,0,0.9967860380808512,0.003060591930989176,0.00015339122061656477,0,0.9731588363647461,0.026003471265236538,0.0008376619080081582
2646,"[[49]
 [49]
 [51]
 [48]
 [57]
 [56]]",2,0,meningioma,0,0.7356334527333578,0.25075921416282654,0.013607316960891088,0,0.8758253256479899,0.12396770094831784,0.00020698466929995144
2647,"[[49]
 [49]
 [51]
 [48]
 [57]
 [56]]",2,0,meningioma,0,0.9031315644582113,0.09579857935508092,0.0010698318171004455,0,0.6771483520666758,0.31882427136103314,0.004027344596882661
2648,"[[49]
 [49]
 [51]
 [48]
 [57]
 [56]]",2,0,meningioma,1,0.3128792146841685,0.6868587334950765,0.00026203571663548547,1,0.36948151886463165,0.6285338799158732,0.0019846169549661377
2649,"[[49]
 [49]
 [51]
 [52]
 [51]
 [53]]",1,0,meningioma,1,0.13252121955156326,0.8669996658960978,0.00047910876067665714,0,0.7725456953048706,0.220442404349645,0.007011874462477863
2650,"[[49]
 [49]
 [51]
 [52]
 [51]
 [53]]",1,0,meningioma,0,0.8712701201438904,0.08790557458996773,0.04082434748609861,1,0.09418757756551106,0.9052915970484415,0.0005208257886503512
2651,"[[49]
 [49]
 [51]
 [52]
 [51]
 [53]]",1,0,meningioma,0,0.5947917898495992,0.39846094449361164,0.006747265812009573,0,0.9034158786137899,0.010756225587101653,0.08582789388795693
2652,"[[49]
 [49]
 [51]
 [52]
 [51]
 [53]]",1,0,meningioma,0,0.5048625767230988,0.18231300512949625,0.3128243883450826,0,0.8343409101168314,0.08114946136871974,0.08450962975621223
2653,"[[49]
 [49]
 [51]
 [52]
 [51]
 [53]]",1,0,meningioma,1,0.4029708504676819,0.4148778021335602,0.18215134864052138,0,0.7120152314503988,0.10786444321274757,0.18012032937258482
2654,"[[49]
 [48]
 [54]
 [50]
 [56]
 [52]]",2,0,meningioma,1,0.16853883614142737,0.7974891861279806,0.03397204075008631,0,0.7236503958702087,0.1606574828426043,0.11569215978185336
2655,"[[49]
 [49]
 [51]
 [52]
 [51]
 [53]]",1,0,meningioma,1,0.42014266053835553,0.5377443532148997,0.04211300735672315,0,0.8179604013760885,0.15437127649784088,0.027668337803333998
2656,"[[49]
 [49]
 [51]
 [53]
 [53]
 [52]]",0,0,meningioma,0,0.9118962486584982,0.0640378234287103,0.024065944987038772,0,0.9509129325548807,0.04369264654815197,0.005394418491050601
2657,"[[49]
 [49]
 [51]
 [53]
 [53]
 [52]]",0,0,meningioma,0,0.7970250050226847,0.002786291607966026,0.2001886616150538,0,0.9043604135513306,0.006927094887942076,0.08871254262824853
2658,"[[49]
 [49]
 [51]
 [53]
 [53]
 [52]]",0,0,meningioma,0,0.4871648649374644,0.054259964575370155,0.45857518911361694,0,0.76757284005483,0.028423278282086056,0.20400386055310568
2659,"[[49]
 [49]
 [51]
 [53]
 [53]
 [52]]",0,0,meningioma,0,0.7125532031059265,0.03669076878577471,0.2507559930284818,0,0.7695374290148417,0.154689351717631,0.07577327576776345
2660,"[[49]
 [49]
 [51]
 [54]
 [49]
 [52]]",1,0,meningioma,1,0.03794486944874128,0.962041179339091,1.3927527106716298e-05,0,0.9148639440536499,0.08392244204878807,0.001213603052747203
2661,"[[49]
 [49]
 [51]
 [54]
 [49]
 [52]]",1,0,meningioma,0,0.5785689751307169,0.4212219814459483,0.00020903349771591215,0,0.8357435067494711,0.15484929705659548,0.009407178964465857
2662,"[[49]
 [49]
 [51]
 [54]
 [49]
 [52]]",1,0,meningioma,1,0.3573709925015767,0.6426279544830322,1.092175605066359e-06,0,0.9385488828023275,0.061226987900833287,0.00022417624616840234
2663,"[[49]
 [49]
 [51]
 [54]
 [49]
 [52]]",1,0,meningioma,1,0.04996148186425368,0.950038472811381,7.701972437601512e-08,0,0.5790547827879587,0.4209404985109965,4.727134008971253e-06
2664,"[[49]
 [49]
 [51]
 [56]
 [48]
 [53]]",3,0,meningioma,0,0.8261054952939352,0.17002292474110922,0.003871576142652581,0,0.9433066248893738,0.05667706330617269,1.6289697081598813e-05
2665,"[[49]
 [48]
 [54]
 [50]
 [56]
 [52]]",2,0,meningioma,1,0.26278723776340485,0.6849525769551595,0.05226020018259684,0,0.7931831081708273,0.021082540818800528,0.1857343465089798
2666,"[[49]
 [49]
 [51]
 [57]
 [55]
 [49]]",4,0,meningioma,2,0.13237149765094122,0.4182450622320175,0.4493834475676219,0,0.9042095939318339,0.0681371067961057,0.027653273815910023
2667,"[[49]
 [49]
 [51]
 [57]
 [55]
 [49]]",4,0,meningioma,2,0.24052701890468597,0.03471598960459232,0.7247569958368937,2,0.4483368694782257,0.009222130912045637,0.5424409906069437
2668,"[[49]
 [49]
 [52]
 [48]
 [49]
 [56]]",0,0,meningioma,1,0.22676111509402594,0.5527001221974691,0.22053877264261246,0,0.9078458547592163,0.0563327024380366,0.035821450874209404
2669,"[[49]
 [49]
 [52]
 [48]
 [49]
 [56]]",0,0,meningioma,2,0.2836369400223096,0.027915465955932934,0.6884476145108541,0,0.9664024114608765,0.031812806924184166,0.0017847747852404912
2670,"[[49]
 [49]
 [52]
 [48]
 [49]
 [56]]",0,0,meningioma,0,0.8960384726524353,0.014123211614787579,0.08983828810354073,0,0.9786021510759989,0.0052503507273892564,0.0161475067337354
2671,"[[49]
 [49]
 [52]
 [48]
 [49]
 [56]]",0,0,meningioma,0,0.7241392731666565,0.015715297932426136,0.2601454382141431,0,0.6738410890102386,0.032380315785606704,0.29377860327561695
2672,"[[49]
 [49]
 [52]
 [48]
 [49]
 [56]]",0,0,meningioma,2,0.04621143351929883,0.006528060999698937,0.9472605188687643,0,0.5711605350176493,0.13457381228605905,0.29426561792691547
2673,"[[49]
 [49]
 [52]
 [48]
 [49]
 [56]]",0,0,meningioma,2,0.08349530088404815,0.18440051873524985,0.7321042120456696,0,0.4866480628649394,0.3281530837217967,0.18519882609446844
2674,"[[49]
 [49]
 [52]
 [51]
 [53]
 [57]]",3,0,meningioma,0,0.6131068170070648,0.3868660132090251,2.7162104977662693e-05,0,0.9252741932868958,0.0747229748715957,2.8086928836046354e-06
2675,"[[49]
 [49]
 [52]
 [51]
 [53]
 [57]]",3,0,meningioma,0,0.8954845269521078,0.10446160659193993,5.3889773636406346e-05,0,0.9900015592575073,0.009997778416921696,6.477106732442431e-07
2676,"[[49]
 [48]
 [54]
 [50]
 [56]
 [52]]",2,0,meningioma,1,0.4388972024122874,0.5419900317986807,0.019112783794601757,0,0.8250484863917033,0.01799464349945386,0.15695680429538092
2677,"[[49]
 [49]
 [52]
 [51]
 [53]
 [57]]",3,0,meningioma,0,0.9266530871391296,0.07331131274501483,3.5638602180772715e-05,0,0.970824658870697,0.029148617138465244,2.6743660176483292e-05
2678,"[[49]
 [49]
 [52]
 [51]
 [53]
 [57]]",3,0,meningioma,0,0.9086136221885681,0.0912903593853116,9.603685121402823e-05,0,0.7425670027732849,0.2574328159292539,1.933167454263677e-07
2679,"[[49]
 [49]
 [52]
 [51]
 [53]
 [57]]",3,0,meningioma,0,0.7510856986045837,0.24864194790522257,0.00027236073553164414,0,0.6612800061702728,0.3387189507484436,1.0278090201154555e-06
2680,"[[49]
 [49]
 [52]
 [51]
 [53]
 [57]]",3,0,meningioma,0,0.9477754235267639,0.052012461237609386,0.0002121199449049982,1,0.23863859474658966,0.7612838347752889,7.7500288777325e-05
2681,"[[49]
 [49]
 [52]
 [51]
 [53]
 [57]]",3,0,meningioma,0,0.8298140366872152,0.15533820788065592,0.014847738881750653,1,0.0065779429472362,0.9933274189631144,9.465152834309265e-05
2682,"[[49]
 [49]
 [52]
 [52]
 [49]
 [55]]",3,0,meningioma,1,0.47715188066164654,0.5226295590400696,0.0002185620319892223,0,0.533994068702062,0.46600285172462463,3.06948127359874e-06
2683,"[[49]
 [49]
 [52]
 [52]
 [49]
 [55]]",3,0,meningioma,0,0.6728809674580892,0.325743834177653,0.0013751751072656286,0,0.9000512957572937,0.09992598990599315,2.2668210779859994e-05
2684,"[[49]
 [49]
 [52]
 [52]
 [49]
 [55]]",3,0,meningioma,1,0.32966697216033936,0.656214714050293,0.014118317126606902,0,0.6270505984624227,0.35260623196760815,0.02034315497924884
2685,"[[49]
 [49]
 [52]
 [52]
 [49]
 [55]]",3,0,meningioma,0,0.7123112479845682,0.16072750588258108,0.1269612337152163,0,0.693177064259847,0.2187474270661672,0.08807547514637311
2686,"[[57]
 [55]
 [51]
 [55]
 [52]]",3,0,meningioma,1,0.04814510664436966,0.9399493734041849,0.011905478643408665,1,0.10620869137346745,0.8854215145111084,0.008369786675757496
2687,"[[49]
 [48]
 [54]
 [50]
 [56]
 [52]]",2,0,meningioma,0,0.7237332065900167,0.2759457975625992,0.00032104637163380784,0,0.8829482595125834,0.044825648268063865,0.07222606831540664
2688,"[[57]
 [55]
 [51]
 [55]
 [52]]",3,0,meningioma,0,0.800204356511434,0.1977278788884481,0.00206774328641283,0,0.525378555059433,0.4382784962654114,0.03634295628095666
2689,"[[57]
 [55]
 [51]
 [55]
 [52]]",3,0,meningioma,1,0.22963732403392592,0.7697997490564982,0.0005629074455555383,0,0.9277332425117493,0.07220763340592384,5.909871515541454e-05
2690,"[[57]
 [55]
 [51]
 [55]
 [52]]",3,0,meningioma,1,0.35323495666186017,0.6430671711762747,0.003697869372748149,0,0.7260347207387289,0.2737600604693095,0.00020518858461097503
2691,"[[57]
 [55]
 [51]
 [55]
 [52]]",3,0,meningioma,0,0.6487977703412374,0.34995296597480774,0.001249250303771987,1,0.23140439887841543,0.768523653348287,7.193151668616338e-05
2692,"[[57]
 [55]
 [54]
 [48]
 [55]]",2,0,meningioma,0,0.8455207347869873,0.15377525985240936,0.0007039593377461036,0,0.9918869137763977,0.008112755914529165,2.7963817927911805e-07
2693,"[[57]
 [55]
 [54]
 [48]
 [55]]",2,0,meningioma,0,0.9790477554003397,0.016792783979326487,0.004159405090225239,0,0.9993885358174642,0.0006109927780926228,4.428488011853915e-07
2694,"[[57]
 [55]
 [54]
 [48]
 [55]]",2,0,meningioma,0,0.8462675015131632,0.001063132396666333,0.15266933540503183,0,0.9914911190668741,0.005742420830453436,0.0027664549803982177
2695,"[[57]
 [55]
 [54]
 [48]
 [55]]",2,0,meningioma,0,0.6190165281295776,0.2826502521832784,0.09833319236834843,0,0.6559794942537943,0.14349933713674545,0.2005211959282557
2696,"[[57]
 [55]
 [55]
 [51]
 [55]]",1,0,meningioma,0,0.9882977604866028,0.002390321770993372,0.009311915996174017,0,0.9942523042360941,0.0049110106386554735,0.000836667322194747
2697,"[[57]
 [55]
 [55]
 [51]
 [55]]",1,0,meningioma,0,0.8983300725618998,0.07290273159742355,0.028767157966891926,0,0.6258319516976675,0.34796565771102905,0.026202340222274263
2698,"[[49]
 [48]
 [54]
 [52]
 [52]
 [50]]",2,0,meningioma,0,0.595703105131785,0.4038197100162506,0.00047718155838083476,1,0.3947598934173584,0.6041838626066843,0.0010562723230880995
2699,"[[57]
 [55]
 [55]
 [51]
 [55]]",1,0,meningioma,0,0.9034279982248942,0.011935192160308361,0.0846368136505286,0,0.6873549222946167,0.3092309311032295,0.003414154300116934
2700,"[[57]
 [55]
 [55]
 [51]
 [55]]",1,0,meningioma,0,0.8896088004112244,0.011482035741209984,0.09890917440255483,0,0.598174254099528,0.3289886862039566,0.07283706931048073
2701,"[[57]
 [55]
 [55]
 [51]
 [55]]",1,0,meningioma,0,0.8112849195798238,0.0406390018761158,0.1480761058628559,1,0.17821502313017845,0.813387930393219,0.00839705670781162
2702,"[[57]
 [55]
 [55]
 [57]
 [51]]",3,0,meningioma,0,0.9155054489771525,0.0842026552806298,0.0002918384251415773,0,0.9266723990440369,0.07316716698308785,0.00016042259812820703
2703,"[[57]
 [55]
 [56]
 [55]
 [53]]",3,0,meningioma,0,0.8590014179547628,0.026587821543216705,0.11441075180967648,0,0.9838189482688904,0.014587304865320524,0.0015937488642521203
2704,"[[57]
 [55]
 [57]
 [52]
 [51]]",1,0,meningioma,0,0.7344319025675455,0.26532088965177536,0.00024721131679446745,1,0.44222622861464816,0.5576823651790619,9.14613563054445e-05
2705,"[[57]
 [55]
 [57]
 [52]
 [51]]",1,0,meningioma,1,0.45623524983723956,0.5431199272473654,0.000644832665178304,0,0.9638468225797018,0.035930282125870384,0.0002228476022310133
2706,"[[57]
 [55]
 [57]
 [52]
 [51]]",1,0,meningioma,0,0.9512131412823995,0.047187880923350654,0.0015989572857506573,0,0.9995341698328654,0.0004484603462818389,1.7386117174093368e-05
2707,"[[57]
 [55]
 [57]
 [52]
 [51]]",1,0,meningioma,0,0.7511802514394125,0.2459794580936432,0.0028402775060385466,1,0.22550561899940172,0.7741937637329102,0.0003006094169298497
2708,"[[57]
 [55]
 [57]
 [52]
 [51]]",1,0,meningioma,0,0.7511484622955322,0.20818009227514267,0.04067141314347585,0,0.6315689782301585,0.27836542824904126,0.09006558964028955
2709,"[[49]
 [48]
 [54]
 [52]
 [52]
 [50]]",2,0,meningioma,0,0.6619461973508199,0.3366917073726654,0.0013620732352137566,0,0.9551521341005961,0.039303903157512345,0.005543974228203297
2710,"[[57]
 [56]
 [50]
 [52]
 [49]]",1,0,meningioma,0,0.9461633165677389,0.04896999150514603,0.004866707255132496,0,0.9746241370836893,0.02534225381289919,3.35605104548146e-05
2711,"[[57]
 [56]
 [50]
 [52]
 [49]]",1,0,meningioma,0,0.9986661076545715,0.0007047451411684355,0.0006291832445034137,0,0.9937457243601481,0.006013072677887976,0.00024121975206981006
2712,"[[57]
 [56]
 [50]
 [52]
 [49]]",1,0,meningioma,0,0.9875596960385641,0.01224978081882,0.00019056689779972658,0,0.996448795000712,0.0035230903110156455,2.8123612158500084e-05
2713,"[[57]
 [56]
 [50]
 [52]
 [49]]",1,0,meningioma,0,0.9870453278223673,0.012240091959635416,0.0007146316250630965,1,0.42324962963660556,0.5758941570917765,0.000856217365556707
2714,"[[57]
 [56]
 [50]
 [52]
 [49]]",1,0,meningioma,0,0.8651586969693502,0.10228731979926427,0.032553981989622116,1,0.17458482583363852,0.5464040736357371,0.2790110806624095
2715,"[[57]
 [56]
 [50]
 [52]
 [49]]",1,0,meningioma,0,0.5747612714767456,0.3769184276461601,0.048320269833008446,1,0.029212410872181255,0.860237737496694,0.11054986373831828
2716,"[[57]
 [57]
 [48]
 [49]
 [55]]",0,0,meningioma,0,0.8292588591575623,0.16714789966742197,0.00359323159015427,0,0.9835500121116638,0.00661900918930769,0.009830997713531056
2717,"[[57]
 [57]
 [48]
 [49]
 [55]]",0,0,meningioma,0,0.8368834853172302,0.13045558333396912,0.03266093165924152,0,0.981910785039266,0.010158332996070385,0.007930898107588291
2718,"[[57]
 [57]
 [48]
 [56]
 [57]]",0,0,meningioma,2,0.07668519951403141,0.0031151273287832737,0.9201997121175131,0,0.8172468741734823,0.0996631607413292,0.0830899861951669
2719,"[[57]
 [57]
 [48]
 [56]
 [57]]",0,0,meningioma,0,0.730847696463267,0.0028473863300556936,0.2663049002488454,0,0.8696652253468832,0.024217091500759125,0.10611768066883087
2720,"[[49]
 [48]
 [54]
 [52]
 [52]
 [50]]",2,0,meningioma,1,0.4558180272579193,0.5439547399679819,0.0002272361574190048,0,0.9491941928863525,0.04341687634587288,0.0073889267320434255
2721,"[[57]
 [57]
 [48]
 [56]
 [57]]",0,0,meningioma,2,0.48102323710918427,0.00430982905284812,0.5146669248739878,0,0.8859100540479025,0.05843610937396685,0.055653841545184456
2722,"[[57]
 [57]
 [48]
 [56]
 [57]]",0,0,meningioma,0,0.8255204757054647,0.07604807242751122,0.09843145062526067,0,0.9484828114509583,0.049926163628697395,0.0015910004343216617
2723,"[[57]
 [57]
 [48]
 [56]
 [57]]",0,0,meningioma,0,0.8139910101890564,0.16941137115160623,0.016597631232192118,0,0.9665248791376749,0.03094766102731228,0.0025274756674965224
2724,"[[57]
 [57]
 [49]
 [54]
 [50]]",0,0,meningioma,0,0.7476252714792887,0.09736661364634831,0.15500815833608309,1,0.40510721504688263,0.594346801439921,0.000545979409556215
2725,"[[57]
 [57]
 [49]
 [54]
 [50]]",0,0,meningioma,0,0.4396399160226186,0.3432415922482808,0.21711846441030502,0,0.7884742418924967,0.16858861347039542,0.042937117318312325
2726,"[[57]
 [57]
 [49]
 [54]
 [50]]",0,0,meningioma,2,0.16635445008675256,0.11713736380139987,0.7165081600348154,2,0.39367176592350006,0.12144673864046733,0.4848814904689789
2727,"[[57]
 [57]
 [50]
 [56]
 [56]]",1,0,meningioma,1,0.36456888914108276,0.6143777469793955,0.02105337753891945,1,0.3501935253540675,0.3661457945903142,0.283660639077425
2728,"[[57]
 [57]
 [51]
 [48]
 [56]]",3,0,meningioma,2,0.27960579469799995,0.15844067931175232,0.5619535148143768,1,0.3583779036998749,0.6178431113560995,0.023778966317574184
2729,"[[57]
 [57]
 [51]
 [48]
 [56]]",3,0,meningioma,0,0.9630275368690491,0.032178777580459915,0.004793658251098047,0,0.9356234669685364,0.032896989956498146,0.03147952320675055
2730,"[[57]
 [57]
 [51]
 [48]
 [56]]",3,0,meningioma,0,0.5857783953348795,0.4115666002035141,0.002654999321748619,0,0.9677616755167643,0.031671748807032905,0.0005665487454583248
2731,"[[49]
 [48]
 [48]
 [53]
 [55]
 [50]]",4,0,meningioma,2,0.005886991275474429,0.0010117920949899901,0.9931012392044067,2,0.4545499384403229,0.0023368994225165807,0.5431131919225057
2732,"[[49]
 [48]
 [54]
 [52]
 [52]
 [50]]",2,0,meningioma,1,0.30387750267982483,0.6953066190083822,0.0008158744264316434,0,0.5135185023148855,0.3894915282726288,0.09698994768162568
2733,"[[57]
 [57]
 [51]
 [48]
 [56]]",3,0,meningioma,0,0.5967856645584106,0.4029027571280797,0.0003115674911574236,0,0.8955159982045492,0.10444263120492299,4.139133602620859e-05
2734,"[[57]
 [57]
 [51]
 [48]
 [56]]",3,0,meningioma,0,0.9062297940254211,0.09332690760493279,0.00044330363569618686,0,0.9921831488609314,0.007717696096127232,9.909665353310022e-05
2735,"[[57]
 [57]
 [51]
 [48]
 [56]]",3,0,meningioma,1,0.47311024864514667,0.5267881453037262,0.00010160980524650161,0,0.7442333102226257,0.255743813700974,2.2892434723568538e-05
2736,"[[57]
 [57]
 [56]
 [49]
 [53]]",2,0,meningioma,1,0.08915782098968823,0.9099992314974467,0.0008429239775675038,0,0.7966071764628092,0.20337946340441704,1.3332853465423492e-05
2737,"[[57]
 [57]
 [56]
 [49]
 [53]]",2,0,meningioma,0,0.8384284973144531,0.161004938185215,0.0005665734934154898,0,0.9884213407834371,0.011566771349559227,1.190757317696504e-05
2738,"[[57]
 [57]
 [56]
 [49]
 [53]]",2,0,meningioma,0,0.9333051045735677,0.059423877547184624,0.00727102408806483,0,0.9520116845766703,0.04772195219993591,0.00026643681242906797
2739,"[[57]
 [57]
 [56]
 [49]
 [53]]",2,0,meningioma,0,0.8746465841929117,0.12420734763145447,0.00114610226592049,1,0.43484434485435486,0.529519776503245,0.03563586312035719
2740,"[[57]
 [57]
 [56]
 [49]
 [53]]",2,0,meningioma,1,0.4139511187871297,0.5857515335083008,0.0002973414375446737,0,0.8778139154116312,0.12042536586523056,0.0017607318004593253
2741,"[[57]
 [57]
 [56]
 [49]
 [53]]",2,0,meningioma,0,0.5420723259449005,0.4579201141993205,7.5931660224644775e-06,0,0.6220545868078867,0.3779447873433431,6.206825820716707e-07
2742,"[[49]
 [48]
 [53]
 [57]
 [51]
 [54]]",1,2,pituitary,2,7.991406770694691e-05,1.7846241743650164e-08,0.9999200701713562,2,0.00024406149653562656,4.6105997777582765e-05,0.9997098048528036
2743,"[[49]
 [48]
 [54]
 [53]
 [51]
 [52]]",3,0,meningioma,0,0.7472420136133829,0.2523876478274663,0.00037037579824072964,1,0.3511330882708232,0.6408554911613464,0.008011419520092508
2744,"[[49]
 [48]
 [53]
 [57]
 [51]
 [54]]",1,2,pituitary,2,6.162213549032458e-05,4.599725480503025e-07,0.9999379316965739,2,0.0012318307999521494,0.0004676456862095317,0.9983005126317342
2745,"[[49]
 [48]
 [53]
 [57]
 [51]
 [54]]",1,2,pituitary,2,4.039473363566989e-05,1.4285989443270827e-07,0.9999594688415527,2,0.0032149397496444485,0.008550217840820551,0.9882348577181498
2746,"[[49]
 [48]
 [54]
 [48]
 [54]
 [50]]",2,2,pituitary,2,0.00022629674397952235,0.000245078469257957,0.9995286464691162,2,0.02538278109083573,0.0016712708165869117,0.9729459285736084
2747,"[[49]
 [48]
 [54]
 [48]
 [54]
 [50]]",2,2,pituitary,2,0.0021157778101041913,0.036706660563747086,0.9611775279045105,2,0.030814134205381077,0.0006214645109139383,0.9685644110043844
2748,"[[49]
 [48]
 [54]
 [48]
 [54]
 [50]]",2,2,pituitary,2,0.003734426728139321,0.005197473103180528,0.9910681247711182,2,0.005182395378748576,5.12043170601828e-05,0.9947664340337118
2749,"[[49]
 [48]
 [48]
 [56]
 [50]
 [48]]",3,1,glioma,0,0.7502501010894775,0.24839546283086142,0.0013544244914858912,1,0.2853105291724205,0.7146846453348795,4.869263004062911e-06
2750,"[[49]
 [48]
 [48]
 [56]
 [50]
 [48]]",3,1,glioma,0,0.6452935139338175,0.35371535023053485,0.0009911371607813635,1,0.06973066677649815,0.9290774067242941,0.0011919272850112368
2751,"[[49]
 [48]
 [48]
 [56]
 [50]
 [48]]",3,1,glioma,0,0.5525577863057455,0.44547176361083984,0.0019704662069367864,1,0.35178445279598236,0.6480421324570974,0.00017341056688261838
2752,"[[49]
 [48]
 [49]
 [48]
 [50]
 [48]]",4,1,glioma,1,0.0788203092912833,0.900377114613851,0.02080255312224229,1,0.3130890776713689,0.6778656641642252,0.009045277955010533
2753,"[[49]
 [48]
 [49]
 [48]
 [50]
 [48]]",4,1,glioma,1,0.08764566481113434,0.9033251603444418,0.009029202551270524,1,0.10598957911133766,0.8932698170344034,0.0007405882060993463
2754,"[[49]
 [48]
 [54]
 [53]
 [51]
 [52]]",3,0,meningioma,0,0.9798129200935364,0.019771145811925333,0.0004159446155730014,0,0.9400981664657593,0.05964769454052051,0.0002540818204579409
2755,"[[49]
 [48]
 [49]
 [48]
 [50]
 [48]]",4,1,glioma,1,0.029833983009060223,0.9635312954584757,0.006634709037219484,1,0.022675107698887587,0.9773203531901041,4.494159327350644e-06
2756,"[[49]
 [48]
 [49]
 [48]
 [50]
 [48]]",4,1,glioma,1,0.0344085656106472,0.9631755352020264,0.002415920258499682,1,0.1019711804886659,0.8974460164705912,0.0005828059317233661
2757,"[[49]
 [48]
 [50]
 [48]
 [55]
 [53]]",1,1,glioma,0,0.36037614941596985,0.3067123244206111,0.33291155099868774,0,0.39125968515872955,0.2380901351571083,0.370650182167689
2758,"[[49]
 [48]
 [50]
 [48]
 [55]
 [53]]",1,1,glioma,1,0.26777073244253796,0.5034213860829672,0.2288078690568606,1,0.012644652898112932,0.8320775628089905,0.1552777678395311
2759,"[[49]
 [48]
 [50]
 [48]
 [55]
 [53]]",1,1,glioma,1,0.19697817414999008,0.7227345506350199,0.08028726403911908,1,0.2895669837792714,0.5592737595240275,0.1511592467625936
2760,"[[49]
 [48]
 [51]
 [49]
 [52]
 [56]]",2,1,glioma,1,0.08483801037073135,0.9149471124013265,0.00021486429371483004,0,0.5319124857584635,0.4601610948642095,0.007926429311434427
2761,"[[49]
 [48]
 [51]
 [49]
 [52]
 [56]]",2,1,glioma,1,0.006626801332458854,0.9933066964149475,6.649976664145167e-05,1,0.07426734144488971,0.9256053566932678,0.00012728738753745952
2762,"[[49]
 [48]
 [51]
 [49]
 [52]
 [56]]",2,1,glioma,1,0.011242532714580497,0.9887157281239828,4.175437849577671e-05,1,0.012200546606133381,0.9877611597379049,3.829744006604111e-05
2763,"[[49]
 [48]
 [51]
 [49]
 [52]
 [56]]",2,1,glioma,1,0.05553514634569486,0.9444546500841776,1.019351369298723e-05,1,0.04355964126686255,0.9558586279551188,0.0005817045239382423
2764,"[[49]
 [48]
 [54]
 [52]
 [57]
 [52]]",3,1,glioma,1,0.009779675087581078,0.9885390599568685,0.0016812467947602272,1,0.047095459109793104,0.7820542256037394,0.1708503340681394
2765,"[[49]
 [48]
 [54]
 [54]
 [54]
 [53]]",1,0,meningioma,1,0.4293554276227951,0.5614428917566935,0.009201705766220888,0,0.7147263884544373,0.27467866241931915,0.01059495248288537
2766,"[[49]
 [48]
 [54]
 [52]
 [57]
 [52]]",3,1,glioma,1,0.020013578236103058,0.9738337198893229,0.006152719142846763,1,0.1625874824821949,0.8272296587626139,0.01018284532862405
2767,"[[49]
 [48]
 [54]
 [52]
 [57]
 [52]]",3,1,glioma,1,0.05126887963463863,0.9474839568138123,0.0012471778421362008,1,0.07264919144411881,0.9141198396682739,0.013230963765333096
2768,"[[49]
 [48]
 [54]
 [52]
 [57]
 [52]]",3,1,glioma,1,0.23138203720251718,0.7637656132380167,0.004852380428928882,1,0.309064840277036,0.6639242072900137,0.02701093799745043
2769,"[[49]
 [48]
 [54]
 [52]
 [57]
 [52]]",3,1,glioma,1,0.15394159654776254,0.8447152376174927,0.0013431628419008728,0,0.7069124380747477,0.27563782781362534,0.01744978114341696
2770,"[[49]
 [48]
 [54]
 [52]
 [57]
 [52]]",3,1,glioma,0,0.891082763671875,0.10769532000025113,0.001221913148886718,1,0.2138790711760521,0.6489251554012299,0.13719578459858894
2771,"[[49]
 [48]
 [55]
 [55]
 [52]
 [55]]",3,1,glioma,1,0.483223353823026,0.5167347143093745,4.1899462999595016e-05,0,0.8491300543149313,0.03487400462230047,0.11599596589803696
2772,"[[49]
 [48]
 [55]
 [55]
 [52]
 [55]]",3,1,glioma,1,0.37971524397532147,0.6201525429884592,0.00013219001016295806,1,0.04872469949380805,0.9475947817166647,0.0036804995809992156
2773,"[[49]
 [48]
 [55]
 [55]
 [52]
 [55]]",3,1,glioma,0,0.6161655088265737,0.38336486121018726,0.0004696572483832521,1,0.044329069865246616,0.9539443850517273,0.0017265207134187222
2774,"[[49]
 [48]
 [55]
 [55]
 [52]
 [55]]",3,1,glioma,0,0.6423046390215555,0.35753798484802246,0.0001573865815582091,1,0.0453191720492517,0.9546204805374146,6.034003005576475e-05
2775,"[[49]
 [48]
 [55]
 [55]
 [52]
 [55]]",3,1,glioma,0,0.9332255721092224,0.06669048499315977,8.400333072107931e-05,0,0.5233321934938431,0.4766154612104098,5.237282433275444e-05
2776,"[[49]
 [48]
 [54]
 [54]
 [54]
 [53]]",1,0,meningioma,0,0.5137014389038086,0.48480897148450214,0.0014895632775733247,0,0.7272819777329763,0.10076636215671897,0.1719516757875681
2777,"[[49]
 [49]
 [50]
 [49]
 [48]
 [53]]",1,1,glioma,1,0.3710324863592784,0.5478913187980652,0.08107620105147362,1,0.18581206227342287,0.8130151232083639,0.0011728144891094416
2778,"[[49]
 [49]
 [50]
 [49]
 [48]
 [53]]",1,1,glioma,2,0.04372708251078924,0.08464754776408275,0.8716254035631815,1,0.01747215911746025,0.593825081984202,0.38870275020599365
2779,"[[49]
 [49]
 [50]
 [49]
 [48]
 [53]]",1,1,glioma,2,0.005358153915343185,0.2768540761123101,0.7177877922852834,1,0.17643146216869354,0.6645594835281372,0.15900905802845955
2780,"[[49]
 [49]
 [50]
 [49]
 [48]
 [53]]",1,1,glioma,2,0.08169634640216827,0.2709219406048457,0.6473817129929861,0,0.5054892897605896,0.376112699508667,0.11839799924443166
2781,"[[49]
 [49]
 [50]
 [49]
 [48]
 [53]]",1,1,glioma,2,0.24230354527632395,0.06917284304896991,0.6885236104329427,1,0.10380758469303449,0.8819578488667806,0.014234587433747947
2782,"[[49]
 [49]
 [50]
 [49]
 [48]
 [53]]",1,1,glioma,1,0.16194918751716614,0.8240711092948914,0.013979696979125341,1,0.07524996281911929,0.9238584637641907,0.0008915646806902563
2783,"[[49]
 [49]
 [50]
 [49]
 [48]
 [53]]",1,1,glioma,0,0.6465770602226257,0.3517093062400818,0.0017136264068540186,1,0.304303710659345,0.660579780737559,0.035116479732096195
2784,"[[49]
 [48]
 [48]
 [56]
 [50]
 [48]]",3,1,glioma,1,0.4570995469888051,0.5340061187744141,0.008894330880139023,1,0.27387140939633053,0.7219171524047852,0.00421146911685355
2785,"[[49]
 [48]
 [48]
 [56]
 [50]
 [48]]",3,1,glioma,0,0.7791533867518107,0.2145331154266993,0.00631350794477233,1,0.03573498494612674,0.9631794095039368,0.0010856269849076245
2786,"[[49]
 [48]
 [48]
 [56]
 [50]
 [48]]",3,1,glioma,1,0.3652403752009074,0.6336748699347178,0.0010848064290864083,1,0.09332283834616344,0.9054891467094421,0.0011880227442209919
2787,"[[49]
 [48]
 [54]
 [54]
 [54]
 [53]]",1,0,meningioma,0,0.8943849603335062,0.1054031103849411,0.00021191327505221125,0,0.9314059813817342,0.0634011576573054,0.0051928493194282055
2788,"[[49]
 [48]
 [48]
 [56]
 [50]
 [48]]",3,1,glioma,0,0.8222059607505798,0.11970699578523636,0.05808706643680731,1,0.42411596576372784,0.5583696762720743,0.0175143516001602
2789,"[[49]
 [48]
 [48]
 [56]
 [50]
 [48]]",3,1,glioma,0,0.967129111289978,0.023045110516250134,0.00982573820995943,1,0.3893042157093684,0.6075665255387624,0.0031292662606574595
2790,"[[49]
 [48]
 [48]
 [56]
 [50]
 [48]]",3,1,glioma,0,0.5869667331377665,0.40831421812375385,0.004719100194051862,1,0.34887902438640594,0.6504045029481252,0.0007164522564077439
2791,"[[49]
 [48]
 [49]
 [48]
 [50]
 [48]]",4,1,glioma,1,0.30288421114285785,0.6931553979714712,0.0039603915841629105,1,0.02529140398837626,0.9735114574432373,0.0011971286924866338
2792,"[[49]
 [48]
 [49]
 [48]
 [50]
 [48]]",4,1,glioma,1,0.006159538558373849,0.9936448534329733,0.00019562288677358689,1,0.04009220562875271,0.9598626097043356,4.5164860239310656e-05
2793,"[[49]
 [48]
 [49]
 [48]
 [50]
 [48]]",4,1,glioma,1,0.0037953711580485106,0.9961118499437968,9.279633134913941e-05,1,0.19893842935562134,0.8010614514350891,1.0988532700428877e-07
2794,"[[49]
 [48]
 [49]
 [48]
 [50]
 [48]]",4,1,glioma,1,0.019647346809506416,0.9802895188331604,6.318752851560323e-05,1,0.2745045522848765,0.7254347999890646,6.0641275619370084e-05
2795,"[[49]
 [48]
 [49]
 [48]
 [50]
 [48]]",4,1,glioma,1,0.2729135851065318,0.7269260485967001,0.00016033816064009443,0,0.7902493874231974,0.14144749691088995,0.06830316223204136
2796,"[[49]
 [48]
 [49]
 [48]
 [50]
 [48]]",4,1,glioma,0,0.5387486219406128,0.46087438861529034,0.0003770301991607994,0,0.9177497625350952,0.07648461529364188,0.005765663304676612
2797,"[[49]
 [48]
 [49]
 [48]
 [50]
 [48]]",4,1,glioma,1,0.19708559662103653,0.8027795751889547,0.00013484739974956028,0,0.9415375192960104,0.05734032827119032,0.0011221497940520446
2798,"[[49]
 [48]
 [54]
 [54]
 [54]
 [53]]",1,0,meningioma,0,0.6718948086102804,0.327933594584465,0.00017158798073069192,0,0.5223158796628317,0.47709909081459045,0.0005850558906483153
2799,"[[49]
 [48]
 [49]
 [48]
 [50]
 [48]]",4,1,glioma,0,0.769412080446879,0.23025151590506235,0.0003363753203302622,0,0.9822951753934225,0.017279656138271093,0.0004251435602782294
2800,"[[49]
 [48]
 [50]
 [48]
 [55]
 [53]]",1,1,glioma,1,0.35685131947199505,0.6409949064254761,0.0021537501209725938,1,0.4804906149705251,0.5189489076534907,0.000560498351357334
2801,"[[49]
 [48]
 [50]
 [48]
 [55]
 [53]]",1,1,glioma,0,0.5280336340268453,0.46917687853177387,0.0027894757222384214,0,0.6047688126564026,0.38346615930398303,0.011765013177258274
2802,"[[49]
 [48]
 [50]
 [48]
 [55]
 [53]]",1,1,glioma,0,0.8467145959536234,0.1513477141658465,0.0019376938386509817,0,0.8420363863309225,0.15791058291991553,5.301551476577515e-05
2803,"[[49]
 [48]
 [51]
 [49]
 [52]
 [56]]",2,1,glioma,0,0.4931807518005371,0.47856615980466205,0.028253093361854553,1,0.45911627014478046,0.5408619344234467,2.1811041733599268e-05
2804,"[[49]
 [48]
 [51]
 [49]
 [52]
 [56]]",2,1,glioma,0,0.7283513148625692,0.2681340128183365,0.003514638248210152,0,0.6094727317492167,0.3901521215836207,0.000375184773777922
2805,"[[49]
 [48]
 [51]
 [49]
 [52]
 [56]]",2,1,glioma,0,0.5141806602478027,0.48283541202545166,0.002983924544726809,1,0.10825652380784352,0.883130153020223,0.008613301751514276
2806,"[[49]
 [48]
 [51]
 [49]
 [52]
 [56]]",2,1,glioma,0,0.8142018715540568,0.1811650594075521,0.004633068417509397,1,0.13799848904212317,0.8612491091092428,0.0007523861616694679
2807,"[[49]
 [48]
 [54]
 [52]
 [57]
 [52]]",3,1,glioma,1,0.42076270778973895,0.5758880376815796,0.00334927785055091,1,0.15423295150200525,0.8448499043782552,0.0009171694643252218
2808,"[[49]
 [48]
 [54]
 [52]
 [57]
 [52]]",3,1,glioma,0,0.6121982336044312,0.38589171568552655,0.001910008929068378,1,0.20523510376612344,0.7934686342875162,0.0012962606124347076
2809,"[[49]
 [48]
 [54]
 [54]
 [54]
 [53]]",1,0,meningioma,1,0.3555101156234741,0.6443923811117808,9.749052666544837e-05,1,0.059168655425310135,0.9401099681854248,0.0007213890397300323
2810,"[[49]
 [48]
 [54]
 [52]
 [57]
 [52]]",3,1,glioma,1,0.07867775748794277,0.916544516881307,0.004777744092280045,0,0.526431143283844,0.4735555251439412,1.334284017199631e-05
2811,"[[49]
 [48]
 [54]
 [52]
 [57]
 [52]]",3,1,glioma,1,0.1868933948377768,0.8113619287808737,0.001744618168913803,0,0.7830549677213033,0.21685861547787985,8.644444793996324e-05
2812,"[[49]
 [48]
 [54]
 [52]
 [57]
 [52]]",3,1,glioma,0,0.7450478275616964,0.2541089604298274,0.0008432194881606847,0,0.841036319732666,0.15885907287398973,0.00010462561234210928
2813,"[[49]
 [48]
 [55]
 [55]
 [52]
 [55]]",3,1,glioma,1,0.2404636392990748,0.531046728293101,0.22848965227603912,1,0.1929272934794426,0.48567689458529156,0.321395809451739
2814,"[[49]
 [48]
 [55]
 [55]
 [52]
 [55]]",3,1,glioma,0,0.5756774743398031,0.09497665365537007,0.32934587200482685,1,0.036617739126086235,0.7000105579694113,0.26337169110774994
2815,"[[49]
 [48]
 [55]
 [55]
 [52]
 [55]]",3,1,glioma,0,0.6683237552642822,0.27049604058265686,0.061180181646098696,1,0.014081649171809355,0.9826761682828268,0.0032421632980306945
2816,"[[49]
 [48]
 [55]
 [55]
 [52]
 [55]]",3,1,glioma,1,0.4214204400777817,0.5505580405394236,0.0280215177917853,1,0.32428327202796936,0.6119620005289713,0.06375471750895183
2817,"[[49]
 [48]
 [55]
 [55]
 [52]
 [55]]",3,1,glioma,1,0.23010131592551866,0.7645356257756551,0.005363086279733882,1,0.3140008846918742,0.6707065304120382,0.015292571547130743
2818,"[[49]
 [48]
 [55]
 [55]
 [52]
 [55]]",3,1,glioma,1,0.2564854969580968,0.7132483919461569,0.030266118003055453,0,0.9403190215428671,0.05468136522298058,0.004999664573309322
2819,"[[49]
 [49]
 [50]
 [48]
 [50]
 [55]]",2,1,glioma,0,0.6494837601979574,0.3502894540627797,0.00022680459854503474,0,0.6830597321192423,0.3169382909933726,1.9558303468632707e-06
2820,"[[49]
 [48]
 [54]
 [54]
 [54]
 [53]]",1,0,meningioma,1,0.36345067123572034,0.6363784472147623,0.00017085985321803795,1,0.08736284573872884,0.9125303427378336,0.00010686349924071692
2821,"[[49]
 [49]
 [50]
 [48]
 [50]
 [55]]",2,1,glioma,0,0.5989805062611898,0.39937878648440045,0.0016406905197072774,0,0.6704743206501007,0.32944971323013306,7.597725198138505e-05
2822,"[[49]
 [49]
 [50]
 [49]
 [48]
 [53]]",1,1,glioma,0,0.8444883028666178,0.15382806211709976,0.0016836225186125375,1,0.3601432840029399,0.634657601515452,0.005199127355202411
2823,"[[49]
 [49]
 [50]
 [49]
 [48]
 [53]]",1,1,glioma,1,0.33553776144981384,0.6584960321585337,0.005966221098788083,1,0.04165557151039442,0.9376266201337179,0.020717864516579237
2824,"[[49]
 [49]
 [50]
 [49]
 [48]
 [53]]",1,1,glioma,1,0.021374722011387348,0.9781706929206848,0.00045453570783138275,1,0.1729956679046154,0.8207323749860128,0.006271932894984881
2825,"[[49]
 [49]
 [50]
 [49]
 [48]
 [53]]",1,1,glioma,1,0.044157871355613075,0.9556230306625366,0.0002191648721539726,1,0.017908353979388874,0.9810471137364706,0.0010445576532826333
2826,"[[49]
 [49]
 [50]
 [49]
 [48]
 [53]]",1,1,glioma,0,0.7614908218383789,0.22206446528434753,0.016444700459639233,1,0.11627828826506932,0.8478090961774191,0.035912601898113884
2827,"[[49]
 [49]
 [50]
 [49]
 [48]
 [53]]",1,1,glioma,1,0.19102336714665094,0.806963304678599,0.0020133469564219317,0,0.5785764753818512,0.4072204828262329,0.014203056770687303
2828,"[[49]
 [49]
 [50]
 [49]
 [48]
 [53]]",1,1,glioma,1,0.3449350744485855,0.6072236100832621,0.047841268281141915,1,0.17051822443803152,0.7389331261316935,0.0905486374880032
2829,"[[49]
 [49]
 [50]
 [49]
 [48]
 [53]]",1,1,glioma,0,0.5052599807580312,0.4705793758233388,0.024160632242759068,1,0.07691691070795059,0.9230338136355082,4.922279362891876e-05
2830,"[[49]
 [49]
 [50]
 [49]
 [48]
 [53]]",1,1,glioma,1,0.4072652757167816,0.5637789567311605,0.028955806357165177,1,0.16601849844058356,0.8338115215301514,0.0001699890775341828
2831,"[[49]
 [48]
 [54]
 [54]
 [54]
 [53]]",1,0,meningioma,0,0.982933243115743,0.017015576052169006,5.1226433242845815e-05,1,0.44726794958114624,0.5515842537085215,0.0011477892791541915
2832,"[[49]
 [49]
 [50]
 [49]
 [48]
 [53]]",1,1,glioma,0,0.498410165309906,0.4965285261472066,0.005061337336276968,1,0.15491709113121033,0.8387749791145325,0.0063079389377283706
2833,"[[49]
 [49]
 [50]
 [49]
 [48]
 [53]]",1,1,glioma,0,0.6309167742729187,0.3683742582798004,0.0007090169941269172,1,0.13180446128050485,0.8665849566459656,0.0016106001721709617
2834,"[[56]
 [56]
 [54]
 [55]
 [48]]",0,1,glioma,1,0.44032355149586994,0.5418005784352621,0.017875875656803448,1,0.4770667354265849,0.5192704399426779,0.003662808487812678
2835,"[[56]
 [56]
 [54]
 [55]
 [48]]",0,1,glioma,1,0.37294073899586994,0.6102397243181864,0.016819524268309276,0,0.604240894317627,0.37006527185440063,0.025693866424262524
2836,"[[56]
 [56]
 [54]
 [55]
 [48]]",0,1,glioma,0,0.49779457847277325,0.41419294476509094,0.08801249352594216,1,0.454075147708257,0.5289379556973776,0.01698690311362346
2837,"[[56]
 [56]
 [54]
 [55]
 [48]]",0,1,glioma,1,0.11449340482552846,0.8775000174840292,0.008006556425243616,0,0.6520074605941772,0.33555568257967633,0.012436869787052274
2838,"[[56]
 [56]
 [54]
 [55]
 [48]]",0,1,glioma,0,0.48855679233868915,0.48607954382896423,0.02536361323048671,0,0.5531252125898997,0.44434214135011035,0.002532648155465722
2839,"[[56]
 [56]
 [54]
 [55]
 [48]]",0,1,glioma,0,0.9049371480941772,0.08818239842851956,0.006880464187512795,0,0.4942655215660731,0.10371511926253636,0.4020193815231323
2840,"[[56]
 [56]
 [54]
 [55]
 [48]]",0,1,glioma,0,0.728377083937327,0.23573504388332367,0.03588787466287613,0,0.8429864645004272,0.15440689524014792,0.0026066525800464055
2841,"[[57]
 [48]
 [50]
 [56]
 [52]]",4,1,glioma,1,0.19294838855663934,0.7199126482009888,0.0871389868358771,1,0.2496467021604379,0.749724547068278,0.0006287469865734844
2842,"[[49]
 [48]
 [48]
 [53]
 [55]
 [50]]",4,0,meningioma,2,0.06395841389894485,0.0010477769343803327,0.9349938035011292,2,0.46178549031416577,0.0015720344684571803,0.5366424719492594
2843,"[[49]
 [48]
 [54]
 [55]
 [50]
 [48]]",4,0,meningioma,0,0.908403217792511,0.08528193831443787,0.0063147922822584706,1,0.39359043662746745,0.5651235580444336,0.04128603637218475
2844,"[[57]
 [48]
 [50]
 [56]
 [52]]",4,1,glioma,1,0.05639458820223808,0.9268022378285726,0.016803152703990538,1,0.013911549273567895,0.9634833931922913,0.022605052993943293
2845,"[[57]
 [48]
 [50]
 [56]
 [52]]",4,1,glioma,1,0.11479054826001327,0.8797515630722046,0.00545785758489122,1,0.2551586975653966,0.7032855153083801,0.04155576198051373
2846,"[[57]
 [48]
 [50]
 [56]
 [52]]",4,1,glioma,2,0.35978759328524273,0.15651103854179382,0.48370136817296344,1,0.10879563043514888,0.8845611612002054,0.006643211546664436
2847,"[[57]
 [48]
 [50]
 [56]
 [52]]",4,1,glioma,1,0.22159836441278458,0.47021426757176715,0.3081873804330826,1,0.3442409038543701,0.63471187154452,0.021047234224776428
2848,"[[57]
 [48]
 [50]
 [56]
 [52]]",4,1,glioma,1,0.025006587927540142,0.7001056373119354,0.2748877952496211,1,0.014743859724452099,0.9715984265009562,0.013657669924820462
2849,"[[57]
 [48]
 [50]
 [56]
 [52]]",4,1,glioma,1,0.006291139560441176,0.960856020450592,0.03285283905764421,1,0.06575157027691603,0.9319959878921509,0.0022524593708415828
2850,"[[57]
 [48]
 [50]
 [56]
 [52]]",4,1,glioma,1,0.015786027846237023,0.9792133768399557,0.005000605092694362,1,0.4813520908355713,0.5158373812834421,0.0028105281526222825
2851,"[[57]
 [50]
 [56]
 [57]
 [55]]",4,1,glioma,0,0.49431344866752625,0.21955581506093344,0.28613077600797016,1,0.14244491855303446,0.8574603001276652,9.479147289918426e-05
2852,"[[57]
 [50]
 [56]
 [57]
 [55]]",4,1,glioma,0,0.434913436571757,0.3513963619867961,0.21369020889202753,1,0.29802412788073224,0.7002920309702555,0.001683864276856184
2853,"[[57]
 [51]
 [56]
 [50]
 [53]]",1,1,glioma,0,0.6438378492991129,0.3554032842318217,0.0007588663793285377,1,0.2747379392385483,0.7243711749712626,0.0008908851668820716
2854,"[[49]
 [48]
 [54]
 [55]
 [50]
 [48]]",4,0,meningioma,0,0.5219716827074686,0.4693522850672404,0.00867606334698697,1,0.08316579336921374,0.9088398416837057,0.007994365723182758
2855,"[[57]
 [51]
 [56]
 [50]
 [53]]",1,1,glioma,0,0.6307693521181742,0.36876114706198376,0.0004694851959357038,1,0.11705472817023595,0.8826905290285746,0.0002547339245211333
2856,"[[57]
 [51]
 [56]
 [50]
 [53]]",1,1,glioma,0,0.5914911329746246,0.4030228803555171,0.005485972001527746,1,0.3354507436354955,0.6546918749809265,0.009857375174760818
2857,"[[57]
 [55]
 [54]
 [48]
 [57]]",2,1,glioma,1,0.08986820528904597,0.9101114670435587,2.0278797213298578e-05,1,0.014300592088450989,0.9856989582379659,3.8718734648076253e-07
2858,"[[57]
 [55]
 [54]
 [48]
 [57]]",2,1,glioma,1,0.02259341503183047,0.9774016737937927,4.948021114614676e-06,1,0.04713216175635656,0.9528422753016154,2.551041537420436e-05
2859,"[[57]
 [55]
 [54]
 [48]
 [57]]",2,1,glioma,1,0.14535505076249441,0.8545610507329305,8.38897855525526e-05,1,0.29632242023944855,0.7036706805229187,6.949154491546021e-06
2860,"[[57]
 [55]
 [54]
 [48]
 [57]]",2,1,glioma,1,0.08616936206817627,0.9138058026631674,2.488152070630652e-05,0,0.9399689038594564,0.06002709393699964,4.012795367695314e-06
2861,"[[57]
 [55]
 [54]
 [48]
 [57]]",2,1,glioma,1,0.1174173653125763,0.879257341225942,0.0033252822080006204,0,0.8983180721600851,0.1016803253442049,1.565165993847965e-06
2862,"[[57]
 [55]
 [54]
 [48]
 [57]]",2,1,glioma,0,0.595827559630076,0.39527634779612225,0.00889609552298983,0,0.8587495485941569,0.1412443295121193,6.1020565074917e-06
2863,"[[49]
 [48]
 [48]
 [52]
 [49]
 [54]]",1,1,glioma,1,0.363733505209287,0.636009524265925,0.00025695992129233974,1,0.038596102967858315,0.9612870216369629,0.00011681766081513463
2864,"[[49]
 [48]
 [48]
 [52]
 [49]
 [54]]",1,1,glioma,1,0.12099261209368706,0.8787063558896383,0.00030104865436442196,1,0.18706974883874258,0.8127725720405579,0.00015771020734215804
2865,"[[49]
 [48]
 [54]
 [55]
 [50]
 [48]]",4,0,meningioma,0,0.8323928117752075,0.15586812049150467,0.011739052832126617,0,0.9793468117713928,0.018763534724712372,0.001889650283070902
2866,"[[49]
 [48]
 [48]
 [52]
 [49]
 [54]]",1,1,glioma,0,0.6952156027158102,0.3047338326772054,5.053366597470207e-05,1,0.30883748084306717,0.6900462508201599,0.0011162219540589529
2867,"[[49]
 [48]
 [48]
 [52]
 [49]
 [54]]",1,1,glioma,1,0.3535744647185008,0.645986795425415,0.0004387420534233873,1,0.11349901805321376,0.8863575657208761,0.0001434239143236482
2868,"[[49]
 [48]
 [48]
 [56]
 [50]
 [48]]",3,1,glioma,1,0.16817438850800195,0.8308857282002767,0.0009399011796631385,1,0.32937445243199664,0.6706238389015198,1.7743651851513202e-06
2869,"[[49]
 [48]
 [48]
 [56]
 [50]
 [48]]",3,1,glioma,0,0.722645898660024,0.26275863250096637,0.014595474426945051,0,0.8037956953048706,0.19620182116826376,2.500360205696476e-06
2870,"[[49]
 [48]
 [48]
 [56]
 [50]
 [48]]",3,1,glioma,1,0.41705938180287677,0.5802028576532999,0.0027377694204915315,1,0.09979330003261566,0.9002050558725992,1.6332112030189212e-06
2871,"[[49]
 [48]
 [48]
 [56]
 [50]
 [48]]",3,1,glioma,1,0.3121737589438756,0.6693430344263712,0.018483175081200898,1,0.4607597490151723,0.5375313858191172,0.001708865340333432
2872,"[[49]
 [48]
 [48]
 [56]
 [50]
 [48]]",3,1,glioma,0,0.6163150270779928,0.23791466653347015,0.14577028652032217,0,0.7612252831459045,0.0902357983092467,0.14853890923162302
2873,"[[49]
 [48]
 [48]
 [56]
 [50]
 [48]]",3,1,glioma,0,0.49417022864023846,0.15264496703942618,0.3531848092873891,0,0.9240546027819315,0.054706696420907974,0.021238692415257294
2874,"[[49]
 [48]
 [49]
 [48]
 [50]
 [48]]",4,1,glioma,0,0.8538153370221456,0.14210279658436775,0.004081837522486846,1,0.15448686107993126,0.8449052969614664,0.000607842893562823
2875,"[[49]
 [48]
 [49]
 [48]
 [50]
 [48]]",4,1,glioma,1,0.4926285247008006,0.5065354704856873,0.0008360254384266833,1,0.1763469985065361,0.8236271142959595,2.5894700513617863e-05
2876,"[[49]
 [48]
 [54]
 [55]
 [50]
 [48]]",4,0,meningioma,0,0.9815107186635336,0.01362541876733303,0.004863908494977902,0,0.9982581535975138,0.0007918096525827423,0.0009500103090734532
2877,"[[49]
 [48]
 [49]
 [48]
 [50]
 [48]]",4,1,glioma,1,0.007775827621420224,0.9921747446060181,4.945462690860344e-05,0,0.5442706147829691,0.45556993285814923,0.00015949922847842876
2878,"[[49]
 [48]
 [49]
 [48]
 [50]
 [48]]",4,1,glioma,0,0.6817975242932638,0.30744696656862897,0.010755526212354502,0,0.8235063751538595,0.16156485180060068,0.014928722133239111
2879,"[[49]
 [48]
 [49]
 [48]
 [50]
 [48]]",4,1,glioma,0,0.9694937268892924,0.030198732390999794,0.00030750625107126933,0,0.9007659951845804,0.09913355608781178,0.00010042536920688387
2880,"[[49]
 [48]
 [49]
 [48]
 [50]
 [48]]",4,1,glioma,1,0.004178070618460576,0.9958044687906901,1.7416601470661892e-05,1,0.03725116886198521,0.9589519500732422,0.003796861468193432
2881,"[[49]
 [48]
 [49]
 [51]
 [56]
 [52]]",4,1,glioma,1,0.026449426387747128,0.8716288407643636,0.10192177817225456,1,0.1985874871412913,0.6221858064333597,0.17922671884298325
2882,"[[49]
 [48]
 [49]
 [51]
 [56]
 [52]]",4,1,glioma,1,0.01898501254618168,0.9565798044204712,0.024435237205276888,1,0.05749149496356646,0.9424390991528829,6.943856662170826e-05
2883,"[[49]
 [48]
 [49]
 [51]
 [56]
 [52]]",4,1,glioma,1,0.030065085894117754,0.9635850588480631,0.006349830150914689,1,0.16593915099898973,0.831840435663859,0.002220425560760001
2884,"[[49]
 [48]
 [50]
 [48]
 [55]
 [53]]",1,1,glioma,1,0.020418541505932808,0.9795758922894796,5.57359698897623e-06,1,0.23101315399010977,0.7689131498336792,7.371303839439254e-05
2885,"[[49]
 [48]
 [50]
 [48]
 [55]
 [53]]",1,1,glioma,0,0.7224782109260559,0.27739844222863513,0.0001233485415165584,0,0.501049131155014,0.49791698157787323,0.0010338553250524758
2886,"[[49]
 [48]
 [50]
 [48]
 [55]
 [53]]",1,1,glioma,1,0.45211470127105713,0.5474930107593536,0.00039225966126347583,0,0.6651640435059866,0.3348319008946419,4.0571096118213745e-06
2887,"[[49]
 [48]
 [54]
 [55]
 [50]
 [48]]",4,0,meningioma,0,0.9952857891718546,0.00258364788411806,0.002130554086761549,0,0.9920225143432617,0.0037762041902169585,0.004201320679082225
2888,"[[49]
 [48]
 [51]
 [49]
 [52]
 [56]]",2,1,glioma,1,0.2841956963141759,0.7150026361147562,0.0008016920376879474,1,0.22352799773216248,0.7764709095160166,1.0640657232367328e-06
2889,"[[49]
 [48]
 [51]
 [49]
 [52]
 [56]]",2,1,glioma,0,0.833430290222168,0.16605283816655478,0.0005168860516278073,0,0.5323673784732819,0.467618132630984,1.4530569994046042e-05
2890,"[[49]
 [48]
 [51]
 [49]
 [52]
 [56]]",2,1,glioma,0,0.9461997548739115,0.05124262968699137,0.0025575817562639713,0,0.9721412062644958,0.02785446960479021,4.3338294517525355e-06
2891,"[[49]
 [48]
 [51]
 [49]
 [52]
 [56]]",2,1,glioma,0,0.8463790814081827,0.036016286661227546,0.11760466669996579,1,0.15495440612236658,0.844989021619161,5.6590954803444525e-05
2892,"[[49]
 [48]
 [53]
 [54]
 [53]
 [51]]",2,1,glioma,0,0.7177543640136719,0.27229469021161395,0.009950930873552958,0,0.5751032829284668,0.09541045501828194,0.3294862521191438
2893,"[[49]
 [48]
 [53]
 [54]
 [53]
 [51]]",2,1,glioma,2,0.49722859263420105,0.004554839727158348,0.4982165992259979,0,0.5360055168469747,0.0006870530147959167,0.4633074204126994
2894,"[[49]
 [48]
 [54]
 [52]
 [57]
 [52]]",3,1,glioma,0,0.939875602722168,0.06008323964973291,4.116908156337473e-05,0,0.898289700349172,0.1008062195032835,0.0009040782848993937
2895,"[[49]
 [48]
 [54]
 [52]
 [57]
 [52]]",3,1,glioma,0,0.5897138516108195,0.407900204261144,0.0023859448944373676,1,0.010552081628702581,0.9886010686556498,0.000846873759352699
2896,"[[49]
 [48]
 [54]
 [52]
 [57]
 [52]]",3,1,glioma,1,0.19839331259330115,0.8013392090797424,0.0002675368883728879,0,0.6035081346829733,0.3963639587163925,0.00012790084292646497
2897,"[[49]
 [48]
 [54]
 [52]
 [57]
 [52]]",3,1,glioma,1,0.05379627893368403,0.9408853451410929,0.005318321855156682,1,0.03548095561563969,0.9485684434572855,0.015950589440762997
2898,"[[49]
 [48]
 [54]
 [55]
 [50]
 [48]]",4,0,meningioma,0,0.9697192311286926,0.029825144447386265,0.0004555837076622993,0,0.974965512752533,0.007899496626729766,0.017134932839932542
2899,"[[49]
 [48]
 [54]
 [52]
 [57]
 [52]]",3,1,glioma,1,0.3070766826470693,0.6757681568463644,0.017155089454414945,0,0.7690715392430624,0.2232607677578926,0.007667712906065087
2900,"[[49]
 [48]
 [54]
 [52]
 [57]
 [52]]",3,1,glioma,0,0.6055138210455576,0.3880798667669296,0.006406311668494406,1,0.1512089278548956,0.8466398517290751,0.0021512145176529884
2901,"[[49]
 [48]
 [54]
 [52]
 [57]
 [52]]",3,1,glioma,0,0.4949662685394287,0.4767412543296814,0.028292497309545677,0,0.5837255318959554,0.36402735114097595,0.05224708095192909
2902,"[[49]
 [48]
 [55]
 [55]
 [52]
 [55]]",3,1,glioma,0,0.5055272579193115,0.4934030771255493,0.001069713368754795,1,0.30349350223938626,0.6964995463689169,6.945266932234517e-06
2903,"[[49]
 [48]
 [55]
 [55]
 [52]
 [55]]",3,1,glioma,1,0.35969838003317517,0.619024395942688,0.021277236519381404,1,0.04951472984006008,0.9416479070981344,0.008837368378105262
2904,"[[49]
 [48]
 [55]
 [55]
 [52]
 [55]]",3,1,glioma,1,0.2412849341829618,0.7310853799184164,0.027629718494911987,1,0.1895467440287272,0.7744605938593546,0.03599260654300451
2905,"[[49]
 [48]
 [55]
 [55]
 [52]
 [55]]",3,1,glioma,1,0.15702788904309273,0.6542118440071741,0.18876027688384056,1,0.3545910020669301,0.410408948858579,0.2350000192721685
2906,"[[49]
 [48]
 [56]
 [52]
 [55]
 [57]]",3,1,glioma,2,0.042205640425284706,0.2576017727454503,0.7001925706863403,1,0.014780910530438026,0.8838158051172892,0.10140325936178367
2907,"[[49]
 [48]
 [56]
 [52]
 [55]
 [57]]",3,1,glioma,1,0.15252059325575829,0.5733269353707632,0.27415252725283307,1,0.03204599193607768,0.8678468267122904,0.10010721782843272
2908,"[[49]
 [49]
 [50]
 [49]
 [48]
 [53]]",1,1,glioma,1,0.42197906970977783,0.5772829552491506,0.0007379679943066245,1,0.28041601677735645,0.7194724480311075,0.00011152810273292364
2909,"[[49]
 [48]
 [54]
 [55]
 [50]
 [48]]",4,0,meningioma,0,0.9614643851915995,0.03843485563993454,0.00010076114752640326,0,0.9764630794525146,0.02336180427422126,0.00017510206574418893
2910,"[[49]
 [49]
 [50]
 [49]
 [48]
 [53]]",1,1,glioma,1,0.16175930202007294,0.8377280036608378,0.0005126758866632978,1,0.1709382583697637,0.8286516269048055,0.0004101372337193728
2911,"[[49]
 [49]
 [50]
 [49]
 [48]
 [53]]",1,1,glioma,0,0.8351101676623026,0.15745586653550467,0.0074339862912893295,0,0.7959606051445007,0.20232107614477476,0.0017183341848673688
2912,"[[49]
 [49]
 [50]
 [49]
 [48]
 [53]]",1,1,glioma,0,0.671550472577413,0.32817990084489185,0.00026959710036559653,0,0.6880279183387756,0.31160380815466243,0.0003682341036134555
2913,"[[49]
 [49]
 [50]
 [49]
 [48]
 [53]]",1,1,glioma,1,0.028463779638210934,0.9715235630671183,1.2628877660366319e-05,1,0.0014909126233154286,0.9981448849042257,0.0003642109319722901
2914,"[[49]
 [49]
 [50]
 [49]
 [48]
 [53]]",1,1,glioma,1,0.02773466209570567,0.9686440428098043,0.003621318299944202,1,0.08593308801452319,0.9101054271062216,0.0039614914276171476
2915,"[[56]
 [56]
 [54]
 [55]
 [48]]",0,1,glioma,1,0.3514564385016759,0.6483599344889323,0.00018359893510933034,0,0.5497576892375946,0.44864041606585187,0.0016019015262524288
2916,"[[56]
 [56]
 [54]
 [55]
 [48]]",0,1,glioma,0,0.8598844607671102,0.13885746151208878,0.0012580501546229546,0,0.8350042700767517,0.16309956212838492,0.0018962127699827154
2917,"[[56]
 [56]
 [54]
 [55]
 [48]]",0,1,glioma,1,0.29581305384635925,0.6942050258318583,0.009981910193649432,1,0.08500175302227338,0.9142189621925354,0.0007792381269003575
2918,"[[56]
 [56]
 [54]
 [55]
 [48]]",0,1,glioma,1,0.17356005559364954,0.8237738609313965,0.002666086526005529,1,0.3507111171881358,0.6480792760848999,0.0012096041755285114
2919,"[[56]
 [56]
 [54]
 [55]
 [48]]",0,1,glioma,0,0.52407239874204,0.46997671326001483,0.0059508762788027525,0,0.9424877762794495,0.05746843169132868,4.383783380035311e-05
2920,"[[49]
 [48]
 [54]
 [57]
 [49]
 [52]]",3,0,meningioma,1,0.30013908942540485,0.6966956655184428,0.0031652475305842622,0,0.7098355690638224,0.2693382849295934,0.02082615749289592
2921,"[[57]
 [48]
 [50]
 [56]
 [52]]",4,1,glioma,1,0.16017436981201172,0.7241866787274679,0.11563897381226222,1,0.20299217104911804,0.7768834233283997,0.02012436557561159
2922,"[[57]
 [48]
 [50]
 [56]
 [52]]",4,1,glioma,2,0.20825054248174033,0.24479113519191742,0.546958327293396,0,0.8402630090713501,0.11369135106603305,0.046045657247304916
2923,"[[57]
 [48]
 [50]
 [56]
 [52]]",4,1,glioma,1,0.0017393133603036404,0.9982219139734904,3.878037508305473e-05,1,0.0006669260462028129,0.9993324875831604,5.844775401442348e-07
2924,"[[57]
 [48]
 [50]
 [56]
 [52]]",4,1,glioma,1,0.06402885044614474,0.577244778474172,0.3587263524532318,2,0.18269230425357819,0.21644247571627298,0.6008652249972025
2925,"[[57]
 [48]
 [50]
 [56]
 [52]]",4,1,glioma,2,0.015908580428610247,0.04518545139580965,0.9389059940973917,2,0.05878067947924137,0.054420377438267074,0.8867989381154379
2926,"[[57]
 [48]
 [50]
 [56]
 [52]]",4,1,glioma,2,0.2302961746851603,0.21319926778475443,0.5565045575300852,1,0.05952199175953865,0.8299362460772196,0.11054178824027379
2927,"[[57]
 [48]
 [50]
 [56]
 [52]]",4,1,glioma,1,0.0076457420364022255,0.9591428637504578,0.033211405389010906,1,0.0006110239046392962,0.988582193851471,0.010806753610571226
2928,"[[57]
 [48]
 [50]
 [56]
 [52]]",4,1,glioma,1,0.008243854778508345,0.9815833965937296,0.010172737607111534,1,0.02433547199082871,0.9751276175181071,0.0005369403297663666
2929,"[[57]
 [48]
 [50]
 [56]
 [52]]",4,1,glioma,1,0.11158497631549835,0.8735994299252828,0.01481556985527277,1,0.4509960189461708,0.5004694660504659,0.04853456529478232
2930,"[[57]
 [48]
 [50]
 [56]
 [52]]",4,1,glioma,1,0.23484811186790466,0.7260972658793131,0.03905464491496483,0,0.6556179722150167,0.2626482918858528,0.08173376756409804
2931,"[[49]
 [48]
 [54]
 [57]
 [49]
 [52]]",3,0,meningioma,1,0.237952654560407,0.7563246687253317,0.005722655532736098,0,0.48424553871154785,0.2949179708957672,0.2208365040520827
2932,"[[57]
 [48]
 [50]
 [56]
 [52]]",4,1,glioma,1,0.2000164364775022,0.6864791115125021,0.11350445138911407,2,0.1547332008679708,0.24986761311690012,0.5953991711139679
2933,"[[57]
 [50]
 [56]
 [57]
 [55]]",4,1,glioma,0,0.58854740858078,0.34147295852502185,0.06997963351507981,0,0.8432999849319458,0.13115430995821953,0.025545726840694744
2934,"[[57]
 [50]
 [56]
 [57]
 [55]]",4,1,glioma,1,0.20881986618041992,0.7685176531473795,0.022662480361759663,1,0.1448964818070332,0.844387431939443,0.01071611512452364
2935,"[[57]
 [51]
 [51]
 [50]
 [57]]",4,1,glioma,1,0.3146572212378184,0.6714119017124176,0.013930862070992589,1,0.35195698340733844,0.6447728673617045,0.0032701247837394476
2936,"[[57]
 [51]
 [51]
 [50]
 [57]]",4,1,glioma,1,0.3578576097885768,0.4678737123807271,0.17426865175366402,1,0.25460640837748844,0.7453752557436625,1.8392245768457844e-05
2937,"[[57]
 [51]
 [51]
 [50]
 [57]]",4,1,glioma,1,0.14547944317261377,0.5956485569477081,0.25887202223141986,0,0.8937442501386007,0.10570502157012622,0.0005507218277974365
2938,"[[57]
 [51]
 [51]
 [50]
 [57]]",4,1,glioma,0,0.4767918586730957,0.2549476772546768,0.2682604839404424,0,0.9444940884908041,0.034765141705671944,0.020740734646096826
2939,"[[57]
 [51]
 [51]
 [50]
 [57]]",4,1,glioma,0,0.7980414231618246,0.1241729309161504,0.07778563117608428,0,0.9901103774706522,0.00804095808416605,0.0018486711584652464
2940,"[[57]
 [51]
 [56]
 [50]
 [53]]",1,1,glioma,1,0.022511071835954983,0.9771142999331156,0.0003746215855547537,0,0.5283592840035757,0.4612051248550415,0.010435584030346945
2941,"[[57]
 [51]
 [56]
 [50]
 [53]]",1,1,glioma,1,0.39872480432192486,0.6008954842885336,0.00037973975122440606,0,0.6757446130116781,0.32130757967631024,0.0029478033417641805
2942,"[[49]
 [48]
 [54]
 [57]
 [49]
 [52]]",3,0,meningioma,1,0.3947400103012721,0.48918405175209045,0.1160759503642718,0,0.7082312107086182,0.17203093071778616,0.11973785267521937
2943,"[[57]
 [51]
 [56]
 [50]
 [53]]",1,1,glioma,1,0.07830528666575749,0.9214174548784891,0.00027724179623570916,0,0.6755682428677877,0.3082492599884669,0.016182479991888005
2944,"[[57]
 [51]
 [56]
 [50]
 [53]]",1,1,glioma,1,0.05954504075149695,0.9403545061747233,0.00010046481838799082,1,0.01138681965918901,0.9871694048245748,0.0014437821115886134
2945,"[[57]
 [52]
 [55]
 [51]
 [49]]",4,1,glioma,1,0.48648831248283386,0.4889838844537735,0.024527770622322958,0,0.6082912882169088,0.3820228974024455,0.00968581255680571
2946,"[[57]
 [52]
 [55]
 [51]
 [49]]",4,1,glioma,0,0.6713797648747762,0.14025208229819933,0.1883681466182073,0,0.7052983244260153,0.28684928516546887,0.00785239910085996
2947,"[[57]
 [52]
 [55]
 [51]
 [49]]",4,1,glioma,0,0.7969255248705546,0.1937324603398641,0.009341987315565348,0,0.8495897054672241,0.15035471816857657,5.557707724316666e-05
2948,"[[57]
 [53]
 [49]
 [52]
 [50]]",4,1,glioma,2,0.28817272186279297,0.18884292244911194,0.5229843457539877,2,0.002669688876873503,0.2541392544905345,0.7431910634040833
2949,"[[57]
 [53]
 [49]
 [52]
 [50]]",4,1,glioma,2,0.2543851087490718,0.008120884963621696,0.7374940117200216,2,0.23735955357551575,0.1460768406589826,0.6165636082490286
2950,"[[57]
 [53]
 [49]
 [52]
 [50]]",4,1,glioma,2,0.08206785470247269,0.02779456942031781,0.8901376128196716,1,0.39554908871650696,0.5403059323628744,0.06414499009648959
2951,"[[57]
 [53]
 [49]
 [52]
 [50]]",4,1,glioma,1,0.13617975016434988,0.6464084585507711,0.21741180618604025,1,0.0909951776266098,0.8675810496012369,0.04142375259349743
2952,"[[57]
 [53]
 [49]
 [52]
 [50]]",4,1,glioma,1,0.1003900816043218,0.8842005928357443,0.01540931772130231,1,0.25161226590474445,0.7483386993408203,4.9071049033955205e-05
2953,"[[49]
 [48]
 [49]
 [48]
 [49]
 [54]]",1,0,meningioma,1,0.2145155370235443,0.7847720583279928,0.0007123792311176658,1,0.4208916475375493,0.5779681205749512,0.0011402135047925792
2954,"[[49]
 [48]
 [54]
 [57]
 [49]
 [52]]",3,0,meningioma,0,0.5599021514256796,0.4346572458744049,0.005440597985095034,0,0.72323606411616,0.248297909895579,0.028466042907287676
2955,"[[57]
 [53]
 [49]
 [52]
 [50]]",4,1,glioma,1,0.05680146813392639,0.9371981024742126,0.006000433738032977,1,0.185459832350413,0.8145331939061483,6.915138347570367e-06
2956,"[[57]
 [53]
 [49]
 [52]
 [50]]",4,1,glioma,1,0.15391738464434943,0.8394021391868591,0.006680439109914005,1,0.45342884461085003,0.546060840288798,0.0005103157600387931
2957,"[[57]
 [53]
 [49]
 [52]
 [50]]",4,1,glioma,1,0.042479180420438446,0.9566322962443033,0.0008885162436248114,1,0.14676934977372488,0.8531064788500468,0.00012415714445523918
2958,"[[57]
 [53]
 [49]
 [52]
 [50]]",4,1,glioma,1,0.0007334653249320885,0.9991982380549113,6.827450912775627e-05,1,0.12896796812613806,0.8706276615460714,0.0004043716113907673
2959,"[[57]
 [54]
 [53]
 [56]
 [55]]",4,1,glioma,1,0.036247519155343376,0.9636562466621399,9.62790615327928e-05,1,0.1919097068409125,0.8080367644627889,5.351130160609804e-05
2960,"[[57]
 [54]
 [53]
 [56]
 [55]]",4,1,glioma,1,0.021834383873889845,0.9780543049176534,0.0001113376353411392,1,0.1271053229769071,0.8727814356486002,0.00011323530998197384
2961,"[[57]
 [54]
 [53]
 [56]
 [55]]",4,1,glioma,1,0.007410837337374687,0.9921324451764425,0.0004566419302136637,1,0.047590965405106544,0.9523858428001404,2.3182012455436052e-05
2962,"[[57]
 [54]
 [53]
 [56]
 [55]]",4,1,glioma,1,0.12287223587433498,0.8680030107498169,0.009124689735472202,0,0.607736716667811,0.39204010367393494,0.0002231981064445184
2963,"[[57]
 [55]
 [54]
 [48]
 [57]]",2,1,glioma,1,0.42307863136132556,0.5766974786917368,0.0002238575131438362,1,0.4374045630296071,0.5625949005285898,5.021830986606801e-07
2964,"[[57]
 [55]
 [54]
 [48]
 [57]]",2,1,glioma,1,0.024049213621765375,0.9757540027300516,0.0001967644493561238,1,0.12636455645163855,0.8736263910929362,9.013530567851072e-06
2965,"[[49]
 [48]
 [55]
 [49]
 [57]
 [48]]",2,0,meningioma,1,0.311604056507349,0.6883880694707235,7.892049628329309e-06,0,0.9927987058957418,0.007194132078438997,7.107485468319889e-06
2966,"[[57]
 [55]
 [54]
 [48]
 [57]]",2,1,glioma,1,0.020375763376553852,0.9795876741409302,3.6576809482842996e-05,0,0.9837478001912435,0.0162514370555679,7.268051263054076e-07
2967,"[[57]
 [55]
 [54]
 [48]
 [57]]",2,1,glioma,0,0.8510619600613912,0.04078270743290583,0.10815539583563805,0,0.8755342562993368,0.12442811330159505,3.761796142498497e-05
2968,"[[57]
 [56]
 [56]
 [56]
 [57]]",4,1,glioma,1,0.027683006909986336,0.9722928802172343,2.4071193100401917e-05,1,0.06435921043157578,0.9356362819671631,4.503170619803616e-06
2969,"[[57]
 [56]
 [56]
 [56]
 [57]]",4,1,glioma,1,0.09325139224529266,0.9067187905311584,2.9829773059949122e-05,1,0.00375409796833992,0.9962326486905416,1.3267280659571648e-05
2970,"[[57]
 [56]
 [56]
 [56]
 [57]]",4,1,glioma,1,0.07149113217989604,0.9113505482673645,0.017158335132990032,1,0.00651598892485102,0.9933626254399618,0.00012140705257479567
2971,"[[57]
 [56]
 [56]
 [56]
 [57]]",4,1,glioma,1,0.029845140563944977,0.966492215792338,0.0036626390259092054,1,0.04177118092775345,0.9582184354464213,1.0382547808755286e-05
2972,"[[57]
 [56]
 [56]
 [56]
 [57]]",4,1,glioma,1,0.020468463966002066,0.9726885557174683,0.006842974961424868,1,0.4629452625910441,0.5361093680063883,0.0009453727470827289
2973,"[[57]
 [56]
 [56]
 [56]
 [57]]",4,1,glioma,1,0.0102050113491714,0.9785990715026855,0.01119591660487155,0,0.8421706557273865,0.15700232113401094,0.0008269898923269162
2974,"[[49]
 [48]
 [53]
 [57]
 [51]
 [54]]",1,2,pituitary,2,0.004550830732720594,0.0007928047465005269,0.9946563442548116,2,0.0001553635265736375,0.0003854993713806228,0.9994591474533081
2975,"[[49]
 [48]
 [53]
 [57]
 [51]
 [54]]",1,2,pituitary,2,0.0030106527847237885,0.0002477720190654509,0.9967415531476339,2,0.00017586393005331047,0.0011781519666935008,0.9986459612846375
2976,"[[49]
 [48]
 [55]
 [49]
 [57]
 [48]]",2,0,meningioma,0,0.9926790992418925,0.0073165289165141685,4.417683252692465e-06,0,0.9981133143107096,0.0018782766225437324,8.391250773343017e-06
2977,"[[49]
 [48]
 [53]
 [57]
 [51]
 [54]]",1,2,pituitary,2,0.0065590073936618865,0.0006489115670168152,0.9927920500437418,2,0.0019484245373557012,0.0013403746803912024,0.9967111945152283
2978,"[[49]
 [48]
 [53]
 [57]
 [51]
 [54]]",1,2,pituitary,2,0.0064897904424772905,0.00017203616304565608,0.9933381676673889,2,0.0004793009429704398,0.00521260437866052,0.9943081140518188
2979,"[[49]
 [48]
 [54]
 [48]
 [54]
 [50]]",2,2,pituitary,2,0.005353827960789204,0.11840283622344334,0.8762433528900146,2,0.01106372382491827,0.00035054328085000935,0.9885857303937277
2980,"[[49]
 [48]
 [54]
 [48]
 [54]
 [50]]",2,2,pituitary,2,0.022254342834154766,0.007078744936734438,0.9706669251124064,2,0.08060851010183494,0.009057774906978011,0.9103336930274963
2981,"[[49]
 [48]
 [54]
 [48]
 [54]
 [50]]",2,2,pituitary,2,0.19141855835914612,0.053414384524027504,0.755167027314504,2,0.09645913789669673,0.004208786102632682,0.8993320862452189
2982,"[[49]
 [48]
 [54]
 [48]
 [54]
 [50]]",2,2,pituitary,2,0.04460261265436808,0.0420661432047685,0.9133312304814657,2,0.007067052181810141,2.5806540179473814e-05,0.9929071267445883
2983,"[[49]
 [48]
 [55]
 [52]
 [57]
 [53]]",3,2,pituitary,2,0.0019562243187465356,2.3788695902767407e-06,0.9980413913726807,2,0.0009003985323943198,0.0017267866836239894,0.9973728458086649
2984,"[[49]
 [48]
 [55]
 [52]
 [57]
 [53]]",3,2,pituitary,2,0.0031749705061277687,2.3303350507412426e-06,0.9968226949373881,2,0.0010376481028894584,3.696167793047304e-05,0.9989253679911295
2985,"[[49]
 [48]
 [55]
 [52]
 [57]
 [53]]",3,2,pituitary,2,0.0010156657149309467,1.1773452688027911e-05,0.9989725748697916,2,0.0361106771354874,0.01948995143175125,0.944399376710256
2986,"[[49]
 [48]
 [55]
 [52]
 [57]
 [53]]",3,2,pituitary,2,0.0008283834490612207,6.216878828106213e-06,0.99916539589564,2,0.011495194941138228,0.001609955293436845,0.9868948658307394
2987,"[[49]
 [48]
 [55]
 [50]
 [52]
 [56]]",4,0,meningioma,1,0.00688274996355176,0.9812779426574707,0.01183926189939181,1,0.18056658655405045,0.7795267303784689,0.03990668120483557
2988,"[[49]
 [48]
 [55]
 [52]
 [57]
 [53]]",3,2,pituitary,2,0.011369625804945827,0.00040662043754006544,0.9882237315177917,2,0.014414777203152577,0.0011614856812229846,0.9844237367312113
2989,"[[49]
 [48]
 [55]
 [52]
 [57]
 [53]]",3,2,pituitary,2,0.000951873787319831,1.6706595085125286e-05,0.9990314046541849,2,0.027308916673064232,0.0031415608997728364,0.969549556573232
2990,"[[49]
 [48]
 [55]
 [52]
 [57]
 [53]]",3,2,pituitary,2,0.0025436103266353407,0.0001992476315232731,0.9972571531931559,2,0.023591822672945757,0.006571861068853953,0.9698363145192465
2991,"[[49]
 [48]
 [55]
 [52]
 [50]
 [57]]",3,2,pituitary,2,0.016261680468839284,0.00118016255631422,0.9825582106908163,2,0.10843892923245828,0.31255519079665345,0.5790058672428131
2992,"[[49]
 [48]
 [55]
 [52]
 [50]
 [57]]",3,2,pituitary,2,0.0025505092708044685,3.316518268547952e-05,0.9974163373311361,2,0.04022776226823529,0.0016573918983340263,0.9581148425738016
2993,"[[49]
 [48]
 [55]
 [52]
 [50]
 [57]]",3,2,pituitary,2,0.005832530155506295,0.00022378219978236302,0.9939437508583069,2,0.0333871249264727,0.0019025785046930348,0.9647103150685629
2994,"[[49]
 [48]
 [55]
 [52]
 [50]
 [57]]",3,2,pituitary,2,0.008437784640894582,9.425281804453789e-05,0.9914679328600565,2,0.022940061462577432,0.0012796594807393074,0.9757802883783976
2995,"[[49]
 [48]
 [55]
 [52]
 [50]
 [57]]",3,2,pituitary,2,0.004275720508303493,0.0013130069690419077,0.99441130956014,2,0.011182730357783536,0.0017045215912124452,0.9871127605438232
2996,"[[49]
 [48]
 [55]
 [52]
 [50]
 [57]]",3,2,pituitary,2,0.009292783215641975,0.0015972549366172946,0.9891099532445272,2,0.06689199502579868,0.007689149555517361,0.9254188537597656
2997,"[[49]
 [48]
 [55]
 [53]
 [48]
 [53]]",2,2,pituitary,2,0.001968724226268629,0.0002374327644550552,0.9977938532829285,2,0.014071205048821867,0.010300890853007635,0.9756279190381368
2998,"[[49]
 [48]
 [55]
 [50]
 [52]
 [56]]",4,0,meningioma,1,0.09064634889364243,0.5816594858964285,0.32769418756167096,1,0.011497017306586107,0.9856618245442709,0.0028411537835684917
2999,"[[49]
 [48]
 [55]
 [53]
 [48]
 [53]]",2,2,pituitary,2,0.011369976835946241,0.0011776421548953901,0.9874524076779684,2,0.026041715405881405,0.017727506967882316,0.9562307596206665
3000,"[[49]
 [48]
 [55]
 [53]
 [48]
 [53]]",2,2,pituitary,2,0.0004647232126444578,2.3217516324317938e-05,0.9995120565096537,2,0.011854754217589894,0.005909762733305494,0.9822354912757874
3001,"[[49]
 [48]
 [55]
 [53]
 [48]
 [53]]",2,2,pituitary,2,0.0010028572287410498,0.0005938343529123813,0.9984033306439718,2,0.013362982620795568,0.06704977030555408,0.919587254524231
3002,"[[49]
 [48]
 [55]
 [53]
 [48]
 [53]]",2,2,pituitary,2,0.0010721740157653887,0.002341828658245504,0.996586004892985,2,0.017997605726122856,0.11836776385704677,0.8636346062024435
3003,"[[49]
 [48]
 [55]
 [53]
 [48]
 [53]]",2,2,pituitary,2,0.00014968914911150932,0.00024163300986401737,0.9996086756388346,2,0.0027287519187666476,0.0009361403256965181,0.9963351090749105
3004,"[[49]
 [48]
 [55]
 [53]
 [48]
 [53]]",2,2,pituitary,2,0.00038238785055000335,0.0003633173182606697,0.9992542862892151,2,0.0018938308639917523,0.0008458454200687507,0.997260312239329
3005,"[[49]
 [48]
 [55]
 [55]
 [52]
 [51]]",2,2,pituitary,2,0.0002246765507152304,1.2114162852109682e-06,0.9997741182645162,2,0.0004676807754246208,0.0004655620383952434,0.9990667502085367
3006,"[[49]
 [48]
 [55]
 [55]
 [52]
 [51]]",2,2,pituitary,2,0.003332997982700666,9.591366695834344e-06,0.9966573516527811,2,0.00036966491704030585,0.00010044327973446343,0.9995298782984415
3007,"[[49]
 [48]
 [55]
 [55]
 [52]
 [51]]",2,2,pituitary,2,0.003451937809586525,3.7329850404906515e-06,0.9965443015098572,2,0.0004708216729341075,9.597024109098129e-05,0.9994332194328308
3008,"[[49]
 [48]
 [55]
 [55]
 [52]
 [51]]",2,2,pituitary,2,0.0004534714971669018,4.449219356198834e-06,0.9995420773824056,2,0.0008119034464471042,5.490705431535995e-05,0.9991331696510315
3009,"[[49]
 [48]
 [55]
 [50]
 [52]
 [56]]",4,0,meningioma,2,0.02227270354827245,0.002649650831396381,0.9750776092211405,2,0.14397860815127692,0.0006277571228565648,0.855393668015798
3010,"[[49]
 [48]
 [56]
 [56]
 [53]
 [56]]",2,2,pituitary,2,0.005965989548712969,3.174919008112435e-05,0.9940022428830465,2,0.032787449192255735,0.006851731333881617,0.9603608846664429
3011,"[[49]
 [48]
 [56]
 [56]
 [53]
 [56]]",2,2,pituitary,2,0.13618511209885278,0.00013120330489376406,0.8636836608250936,2,0.17935178925593695,0.00951960488843421,0.8111286163330078
3012,"[[49]
 [48]
 [56]
 [56]
 [53]
 [56]]",2,2,pituitary,2,0.052787517507870994,0.00042144102189922705,0.9467910925547282,2,0.025019094658394653,0.0007311764832896491,0.9742497404416403
3013,"[[49]
 [48]
 [56]
 [56]
 [53]
 [56]]",2,2,pituitary,2,0.041455069556832314,0.0005284104166397204,0.9580165147781372,2,0.04092138229558865,0.000426251315123712,0.9586523572603861
3014,"[[49]
 [48]
 [56]
 [56]
 [53]
 [56]]",2,2,pituitary,2,0.10767875984311104,0.09095145016908646,0.8013697862625122,2,0.03352813391635815,0.0016800060014550884,0.9647918542226156
3015,"[[49]
 [48]
 [56]
 [57]
 [51]
 [49]]",4,2,pituitary,2,2.2976114754177008e-05,2.3543419177170694e-08,0.9999769926071167,2,0.0008041914261411875,0.000926769727205586,0.9982690215110779
3016,"[[49]
 [48]
 [56]
 [57]
 [51]
 [49]]",4,2,pituitary,2,1.1311707870239237e-05,1.6367420959303067e-07,0.9999885559082031,2,0.004403919757654269,0.001025477976630403,0.9945705533027649
3017,"[[49]
 [48]
 [56]
 [57]
 [51]
 [49]]",4,2,pituitary,2,3.0889768254382943e-06,4.1013469598283336e-07,0.9999965031941732,2,3.6113144839570545e-05,9.355603220721301e-06,0.9999545415242513
3018,"[[49]
 [48]
 [57]
 [52]
 [55]
 [49]]",0,2,pituitary,2,0.059076846887667976,0.0014535157048764329,0.939469595750173,2,0.2050210709373156,0.00991791533306241,0.7850610216458639
3019,"[[49]
 [48]
 [57]
 [52]
 [55]
 [49]]",0,2,pituitary,2,0.014227875197927157,0.00039505804791891325,0.9853771130243937,2,0.005799279237786929,0.0011027311265934259,0.993097980817159
3020,"[[49]
 [48]
 [55]
 [50]
 [52]
 [56]]",4,0,meningioma,2,0.410724475979805,0.04181836607555548,0.5474571486314138,2,0.3548160344362259,0.014341363489317397,0.6308426161607107
3021,"[[49]
 [48]
 [57]
 [52]
 [55]
 [49]]",0,2,pituitary,2,0.08477542673548062,0.018531500206639368,0.8966930707295736,2,0.0037029239271456995,0.0006665553276737531,0.9956305225690206
3022,"[[49]
 [48]
 [57]
 [52]
 [55]
 [49]]",0,2,pituitary,2,0.0679292231798172,0.01914747602616747,0.9129233161608378,2,0.01957330449173848,0.023434261791408062,0.9569924275080363
3023,"[[49]
 [48]
 [57]
 [55]
 [54]
 [57]]",3,2,pituitary,2,0.00373005405102352,2.0605337946714524e-05,0.9962493578592936,2,0.016083009851475556,0.01337282887349526,0.970544159412384
3024,"[[49]
 [48]
 [57]
 [55]
 [54]
 [57]]",3,2,pituitary,2,0.001330094012397846,1.1719244649081398e-05,0.9986582001050314,2,0.006982871486494939,0.00030110627024744946,0.9927160143852234
3025,"[[49]
 [48]
 [57]
 [55]
 [54]
 [57]]",3,2,pituitary,2,0.0008307174577263746,0.00024519893759133993,0.9989240765571594,2,0.0012298638369732846,0.00015637684358201417,0.9986137747764587
3026,"[[49]
 [48]
 [57]
 [55]
 [54]
 [57]]",3,2,pituitary,2,0.00034711000428918243,4.62908914874068e-05,0.9996065894762675,2,0.00018399202872387832,2.6274266550293152e-05,0.9997897346814474
3027,"[[49]
 [48]
 [57]
 [56]
 [57]
 [56]]",1,2,pituitary,2,0.002211680771627774,2.2942415663843956e-05,0.9977654019991556,2,0.05045538768172264,0.0023721935091695436,0.9471724232037863
3028,"[[49]
 [48]
 [57]
 [56]
 [57]
 [56]]",1,2,pituitary,2,0.003515449818223715,1.2295541409912403e-05,0.9964722394943237,2,0.003509588830638677,0.0038476192494272254,0.9926428000132242
3029,"[[49]
 [48]
 [57]
 [56]
 [57]
 [56]]",1,2,pituitary,2,0.004859307858472069,1.977131425216309e-05,0.995120902856191,2,0.020435532710204523,0.016345524229109287,0.9632189671198527
3030,"[[49]
 [48]
 [57]
 [56]
 [57]
 [56]]",1,2,pituitary,2,0.009417215517411629,0.00044016736743894097,0.9901426235834757,2,0.03793474535147349,0.005293362473215287,0.9567718704541525
3031,"[[49]
 [48]
 [55]
 [50]
 [52]
 [56]]",4,0,meningioma,2,0.1783753807346026,0.009394016970569888,0.8122305671374003,2,0.07387185841798782,0.11266468899945419,0.8134634494781494
3032,"[[49]
 [48]
 [57]
 [56]
 [57]
 [56]]",1,2,pituitary,2,0.01944043921927611,0.02890976316606005,0.9516497850418091,2,0.006506953078011672,0.00013936129107605666,0.9933536648750305
3033,"[[49]
 [48]
 [57]
 [56]
 [57]
 [56]]",1,2,pituitary,2,0.011542638298124075,0.33193851727992296,0.6565188864866892,2,0.01565493472541372,0.00038116877961632173,0.9839638670285543
3034,"[[49]
 [49]
 [48]
 [53]
 [49]
 [56]]",4,2,pituitary,2,0.36326171457767487,0.08904160559177399,0.5476966798305511,0,0.45427905519803363,0.22753970324993134,0.3181812564531962
3035,"[[49]
 [49]
 [48]
 [53]
 [49]
 [56]]",4,2,pituitary,2,0.1506856083869934,0.15949014698465666,0.6898242135842642,2,0.3852173288663228,0.030919110557685297,0.5838635563850403
3036,"[[49]
 [49]
 [48]
 [53]
 [51]
 [55]]",0,2,pituitary,2,0.023993787976602714,0.0019680603387920805,0.9740381638209025,2,0.055799794072906174,0.0029945562904079757,0.9412056008974711
3037,"[[49]
 [49]
 [48]
 [53]
 [51]
 [55]]",0,2,pituitary,2,0.012182847907145819,0.0021102289902046323,0.9857069452603658,2,0.14264078934987387,0.00214704201304509,0.8552121718724569
3038,"[[49]
 [49]
 [48]
 [57]
 [57]
 [51]]",1,2,pituitary,2,0.014837740454822779,0.0003385399274217586,0.9848237236340841,2,0.00675563421100378,0.0014298814785433933,0.9918144742647806
3039,"[[49]
 [49]
 [48]
 [57]
 [57]
 [51]]",1,2,pituitary,2,0.003938838451479872,0.00010236661485881389,0.9959588050842285,2,0.003847136201026539,0.002025890765556445,0.9941269556681315
3040,"[[49]
 [49]
 [48]
 [57]
 [57]
 [51]]",1,2,pituitary,2,0.003507662331685424,0.00027553283143788576,0.9962167938550314,2,0.0016028285220575829,0.0007028233085293323,0.9976943731307983
3041,"[[49]
 [49]
 [48]
 [57]
 [57]
 [51]]",1,2,pituitary,2,0.00396683761694779,1.0461545305891681e-05,0.9960227211316427,2,0.012184239147851864,0.008867955766618252,0.9789478182792664
3042,"[[49]
 [48]
 [55]
 [50]
 [52]
 [56]]",4,0,meningioma,2,0.04547460315128168,0.002316342395109435,0.9522090752919515,2,0.06747264756510656,0.04040899438162645,0.8921183546384176
3043,"[[49]
 [49]
 [49]
 [48]
 [55]
 [53]]",0,2,pituitary,2,0.0011941661844806124,0.0003039662096853135,0.9985018968582153,2,0.032541800600787006,0.1799959143002828,0.7874622543652853
3044,"[[49]
 [49]
 [49]
 [48]
 [55]
 [53]]",0,2,pituitary,2,0.001563106003838281,0.00023931108565496592,0.9981975754102071,2,0.010303975315764546,0.01655276243885358,0.9731432596842448
3045,"[[49]
 [49]
 [49]
 [48]
 [55]
 [53]]",0,2,pituitary,2,0.0008116254684864543,0.00013202558329794556,0.999056339263916,2,0.001986118887240688,0.004342595270524423,0.9936713377634684
3046,"[[49]
 [49]
 [49]
 [48]
 [55]
 [53]]",0,2,pituitary,2,0.0041062178400655585,0.0001922121676519358,0.9957016309102377,2,0.0031501089688390493,0.0009857506956905127,0.9958641330401102
3047,"[[49]
 [49]
 [49]
 [48]
 [55]
 [53]]",0,2,pituitary,2,0.000715278263669461,9.50760580356776e-05,0.9991896351178488,2,0.007051811087876558,0.0006538179877679795,0.9922943909962972
3048,"[[49]
 [49]
 [49]
 [48]
 [55]
 [53]]",0,2,pituitary,2,0.0008117656737643605,0.0009167004027403891,0.9982715447743734,2,0.000269703334197402,7.967373191301401e-05,0.9996506174405416
3049,"[[49]
 [49]
 [49]
 [49]
 [50]
 [53]]",3,2,pituitary,2,0.006157936295494437,5.32169818446467e-05,0.9937888781229655,2,0.024803840555250645,0.0004688641683969763,0.9747272729873657
3050,"[[49]
 [49]
 [49]
 [49]
 [50]
 [53]]",3,2,pituitary,2,0.0038714993958516666,6.9985996508611e-05,0.9960585236549377,2,0.0005582121781723496,0.00010005927271095061,0.9993417064348856
3051,"[[49]
 [49]
 [49]
 [49]
 [50]
 [53]]",3,2,pituitary,2,0.009781044117213847,0.0003283677190211165,0.9898905952771505,2,0.0009520018114320313,0.0002790780076793453,0.9987689057985941
3052,"[[49]
 [49]
 [49]
 [49]
 [50]
 [53]]",3,2,pituitary,2,0.00154885144426468,2.31593014404415e-05,0.9984279870986938,2,0.00019862982996225279,0.00025837079313835903,0.9995429913202921
3053,"[[49]
 [48]
 [55]
 [52]
 [57]
 [52]]",1,0,meningioma,1,0.4332757343848546,0.4623347371816635,0.1043894976998369,1,0.38648679852485657,0.6130986015001932,0.00041459456042503007
3054,"[[49]
 [49]
 [49]
 [55]
 [56]
 [53]]",0,2,pituitary,2,0.001885384942094485,0.00047124512881661457,0.9976433515548706,2,0.0014630869845859706,0.0017887208377942443,0.9967482089996338
3055,"[[49]
 [49]
 [49]
 [55]
 [56]
 [53]]",0,2,pituitary,2,0.00446055200882256,0.0021039414180753133,0.9934355020523071,2,0.002767541620414704,0.0006077210224854449,0.9966247280438741
3056,"[[49]
 [49]
 [49]
 [55]
 [56]
 [53]]",0,2,pituitary,2,0.0010559011764902,0.0005075549512791137,0.9984365502993265,2,0.0007506248075515032,0.00043011871942629415,0.9988192518552145
3057,"[[49]
 [49]
 [49]
 [55]
 [56]
 [53]]",0,2,pituitary,2,0.0061559669363001985,0.001682264342283209,0.9921617905298868,2,0.0020255461373987296,0.0013238488075633843,0.9966506361961365
3058,"[[49]
 [49]
 [50]
 [48]
 [55]
 [52]]",2,2,pituitary,1,0.3434047798315684,0.3752483328183492,0.2813468774159749,0,0.5062538335720698,0.24058581391970316,0.25316035995880765
3059,"[[49]
 [49]
 [50]
 [48]
 [55]
 [52]]",2,2,pituitary,2,0.35341623425483704,0.002330447624747952,0.6442532936731974,0,0.6559853255748749,0.003671152633614838,0.34034354984760284
3060,"[[49]
 [49]
 [50]
 [48]
 [55]
 [52]]",2,2,pituitary,0,0.5157131751378378,0.03852326329797506,0.44576353828112286,0,0.5498046278953552,0.0006465899350587279,0.44954878836870193
3061,"[[49]
 [49]
 [50]
 [48]
 [55]
 [52]]",2,2,pituitary,1,0.30143142739931744,0.3670119990905126,0.33155659834543866,2,0.4068174560864766,0.005075981840491295,0.5881065825621287
3062,"[[49]
 [49]
 [50]
 [54]
 [52]
 [57]]",0,2,pituitary,2,0.09872034145519137,0.024032775933543842,0.8772468566894531,2,0.037598052993416786,0.007389502444614966,0.9550124605496725
3063,"[[49]
 [49]
 [50]
 [54]
 [52]
 [57]]",0,2,pituitary,2,0.01192436107279112,0.0009360108039497087,0.9871396819750468,2,0.0037706991036732993,0.0031186206421504417,0.9931106567382812
