image_idx,patient_id,fold,true_label,true_class,has_mask,prob_seed42_c0,prob_seed42_c1,prob_seed42_c2,prob_seed43_c0,prob_seed43_c1,prob_seed43_c2,prob_seed44_c0,prob_seed44_c1,prob_seed44_c2,prob_mean_c0,prob_mean_c1,prob_mean_c2,pred_mean,pred_mean_class,correct
0,"[[49]
 [48]
 [48]
 [51]
 [54]
 [48]]",2,0,meningioma,True,0.9318626523017883,0.06808869540691376,4.865975643042475e-05,0.6664315462112427,0.33354389667510986,2.4541252059862018e-05,0.9242092967033386,0.0757906436920166,1.703312768608356e-10,0.8408344984054565,0.15914107859134674,2.440039294052121e-05,0,meningioma,True
1,"[[49]
 [48]
 [49]
 [48]
 [49]
 [54]]",1,0,meningioma,True,0.9815355539321899,0.01786104030907154,0.0006034154212102294,0.9356728196144104,0.04781164228916168,0.016515526920557022,0.8066148161888123,0.12957708537578583,0.06380806118249893,0.9079410632451376,0.06508325599133968,0.026975667841422062,0,meningioma,True
2,"[[49]
 [48]
 [55]
 [52]
 [57]
 [52]]",1,0,meningioma,True,0.19886459410190582,7.857007585698739e-05,0.8010568618774414,0.7821582555770874,0.017327941954135895,0.20051386952400208,0.43284350633621216,0.047871675342321396,0.5192848443984985,0.4712887853384018,0.021759395790771425,0.5069518585999807,2,pituitary,False
3,"[[49]
 [49]
 [50]
 [54]
 [52]
 [57]]",0,2,pituitary,True,0.2720385491847992,0.2912319600582123,0.4367295205593109,0.11868313699960709,0.15913450717926025,0.7221823334693909,0.007511296775192022,0.022471491247415543,0.9700171947479248,0.13274432765319943,0.15761265282829603,0.7096430162588755,2,pituitary,True
4,"[[49]
 [49]
 [50]
 [54]
 [52]
 [57]]",0,2,pituitary,True,0.2809940576553345,0.2774091958999634,0.4415968060493469,0.16544950008392334,0.17569613456726074,0.6588543653488159,0.01954635977745056,0.05239187553524971,0.9280617237091064,0.15532997250556946,0.1684990686674913,0.6761709650357565,2,pituitary,True
5,"[[49]
 [49]
 [50]
 [54]
 [52]
 [57]]",0,2,pituitary,True,0.2567500174045563,0.2550385594367981,0.4882114827632904,0.16808882355690002,0.17062032222747803,0.6612908244132996,0.01224667951464653,0.030889661982655525,0.9568636417388916,0.14569517349203429,0.15218284788231054,0.7021219829718272,2,pituitary,True
6,"[[49]
 [49]
 [50]
 [55]
 [52]
 [54]]",2,2,pituitary,True,0.0008798566996119916,0.00011648677900666371,0.9990037083625793,0.3913334310054779,0.13275539875030518,0.4759112000465393,0.11915870010852814,0.02718193829059601,0.8536593317985535,0.17045732927120602,0.05335127460663595,0.7761914134025574,2,pituitary,True
7,"[[49]
 [49]
 [50]
 [55]
 [52]
 [54]]",2,2,pituitary,True,0.0006563380593433976,0.00010061277134809643,0.9992430210113525,0.3418695032596588,0.22764398157596588,0.4304865002632141,0.060033295303583145,0.012948019430041313,0.9270187020301819,0.13418637887419513,0.08023087125911843,0.7855827411015829,2,pituitary,True
8,"[[49]
 [49]
 [50]
 [55]
 [52]
 [54]]",2,2,pituitary,True,0.0029437432531267405,0.00013353560643736273,0.9969226717948914,0.4014902412891388,0.28554949164390564,0.3129602372646332,0.696061372756958,0.03483067825436592,0.2691079378128052,0.36683178576640785,0.10683790183490298,0.5263302822907766,2,pituitary,True
9,"[[49]
 [49]
 [50]
 [56]
 [52]
 [55]]",4,2,pituitary,True,0.027349378913640976,0.0005666914512403309,0.9720839262008667,0.0008696801960468292,0.0003314869536552578,0.9987988471984863,0.02558409608900547,0.0005963313742540777,0.9738195538520813,0.01793438506623109,0.0004981699263832221,0.9815674424171448,2,pituitary,True
10,"[[49]
 [49]
 [50]
 [56]
 [52]
 [55]]",4,2,pituitary,True,0.011640026234090328,0.0006849072524346411,0.9876750707626343,0.0033398736268281937,0.00011548372276593,0.9965446591377258,0.014819913543760777,0.0010630085598677397,0.9841170907020569,0.009933271134893099,0.0006211331783561036,0.9894456068674723,2,pituitary,True
11,"[[49]
 [49]
 [50]
 [56]
 [52]
 [55]]",4,2,pituitary,True,0.005163768772035837,0.0001726237969705835,0.9946635961532593,0.001959828659892082,4.107569839106873e-05,0.9979991316795349,0.019147729501128197,0.000443641358288005,0.9804086685180664,0.008757108977685371,0.00021911361788321906,0.9910237987836202,2,pituitary,True
12,"[[49]
 [49]
 [50]
 [56]
 [52]
 [55]]",4,2,pituitary,True,0.008933589793741703,0.00019173190230503678,0.9908746480941772,0.004636303521692753,5.614211113424972e-05,0.9953075051307678,0.02436111494898796,0.0006339871324598789,0.9750049114227295,0.012643669421474138,0.0002939537152997218,0.9870623548825582,2,pituitary,True
13,"[[49]
 [48]
 [55]
 [52]
 [57]
 [52]]",1,0,meningioma,True,0.12746593356132507,0.0006212762673385441,0.8719127178192139,0.5446882247924805,0.058117542415857315,0.3971942067146301,0.5097283720970154,0.10158171504735947,0.38868993520736694,0.393960843483607,0.053440177910185106,0.5525989532470703,2,pituitary,False
14,"[[49]
 [49]
 [51]
 [50]
 [55]
 [52]]",4,2,pituitary,True,0.00033693481236696243,5.806440640299115e-06,0.9996572732925415,0.0015183985233306885,0.00011606572661548853,0.998365581035614,0.010894142091274261,0.00016964531096164137,0.9889362454414368,0.004249825142323971,9.717249273914301e-05,0.9956530332565308,2,pituitary,True
15,"[[49]
 [49]
 [51]
 [50]
 [55]
 [52]]",4,2,pituitary,True,0.00027583236806094646,6.1001388530712575e-05,0.9996631145477295,0.0003759906976483762,1.7555812519276515e-05,0.9996064305305481,0.005341312848031521,9.432559454580769e-05,0.9945642948150635,0.001997711971246948,5.762759853193226e-05,0.9979446132977804,2,pituitary,True
16,"[[49]
 [49]
 [51]
 [50]
 [55]
 [52]]",4,2,pituitary,True,0.00024737801868468523,7.570233719889075e-05,0.9996769428253174,0.0001915371249197051,9.763578418642282e-05,0.9997108578681946,0.003305193269625306,0.0003384078445378691,0.9963563680648804,0.001248036137743232,0.0001705819886410609,0.9985813895861307,2,pituitary,True
17,"[[49]
 [49]
 [51]
 [55]
 [52]
 [49]]",3,2,pituitary,True,6.230458529898897e-05,6.454971753555583e-06,0.9999312162399292,9.259083100232601e-08,5.377416982810246e-06,0.9999945163726807,6.242319727789436e-08,5.936973579423466e-09,0.9999998807907104,2.0819866442423063e-05,3.9461085699817504e-06,0.9999752044677734,2,pituitary,True
18,"[[49]
 [49]
 [51]
 [55]
 [52]
 [49]]",3,2,pituitary,True,3.808311157627031e-05,1.4217305306374328e-06,0.9999605417251587,1.0881474388213519e-08,1.3903677427151706e-06,0.9999985694885254,5.595429897198301e-08,1.3250798680530806e-08,0.9999998807907104,1.2716649116543502e-05,9.417830240110447e-07,0.9999863306681315,2,pituitary,True
19,"[[49]
 [49]
 [52]
 [48]
 [52]
 [48]]",1,2,pituitary,True,4.629250724974554e-07,3.732984259841032e-05,0.9999622106552124,0.024181563407182693,0.006774071138352156,0.9690443277359009,0.0002747639955487102,0.00027495724498294294,0.9994502663612366,0.008152263442601301,0.002362119408644503,0.9894856015841166,2,pituitary,True
20,"[[49]
 [49]
 [52]
 [48]
 [52]
 [48]]",1,2,pituitary,True,8.863223399657727e-08,6.310025923994544e-07,0.9999992847442627,0.007953038439154625,0.0011159323621541262,0.9909310340881348,7.842011837055907e-05,9.227725968230516e-06,0.9999123811721802,0.0026771823965863937,0.00037526369690491873,0.9969475666681925,2,pituitary,True
21,"[[49]
 [49]
 [52]
 [48]
 [52]
 [48]]",1,2,pituitary,True,8.188076208170969e-06,1.3862485502613708e-05,0.9999779462814331,0.007130859885364771,0.00171460653655231,0.9911545515060425,0.0017320939805358648,0.0004038127954117954,0.9978640675544739,0.0029570473140362688,0.0007107606058222397,0.9963321884473165,2,pituitary,True
22,"[[49]
 [49]
 [52]
 [51]
 [54]
 [49]]",1,2,pituitary,True,0.003734181635081768,3.755058423848823e-05,0.9962283372879028,0.06151766702532768,0.0023585071321576834,0.936123788356781,0.016406044363975525,0.0008606166229583323,0.9827333688735962,0.02721929767479499,0.001085558113118168,0.9716951648394266,2,pituitary,True
23,"[[49]
 [49]
 [52]
 [51]
 [54]
 [49]]",1,2,pituitary,True,0.006194164510816336,5.871725079487078e-05,0.9937471151351929,0.12540487945079803,0.012803454883396626,0.8617916703224182,0.12551571428775787,0.0007068140548653901,0.873777449131012,0.08570491941645741,0.004522995396352296,0.9097720781962076,2,pituitary,True
24,"[[49]
 [48]
 [55]
 [52]
 [57]
 [52]]",1,0,meningioma,True,0.2464505285024643,0.00923157762736082,0.7443178296089172,0.4333235025405884,0.14534905552864075,0.4213274419307709,0.6470655202865601,0.0908491238951683,0.2620854079723358,0.4422798504432042,0.08180991901705663,0.475910226504008,2,pituitary,False
25,"[[49]
 [49]
 [52]
 [51]
 [54]
 [49]]",1,2,pituitary,True,0.04074909910559654,0.0009992249542847276,0.9582516551017761,0.2243490070104599,0.020427128300070763,0.75522381067276,0.05611134693026543,0.002568446332588792,0.9413201808929443,0.10706981768210729,0.007998266528981427,0.8849318822224935,2,pituitary,True
26,"[[49]
 [49]
 [52]
 [48]
 [57]
 [52]]",1,2,pituitary,True,0.000746409990824759,7.395235570584191e-07,0.9992528557777405,0.03138671815395355,0.0001750535302562639,0.9684382081031799,0.0017791405552998185,0.00015010387869551778,0.9980707764625549,0.01130408956669271,0.00010863231083628004,0.9885872801144918,2,pituitary,True
27,"[[49]
 [49]
 [52]
 [48]
 [57]
 [52]]",1,2,pituitary,True,0.0015866655157878995,1.4151682989904657e-05,0.9983991980552673,0.016453733667731285,0.0005265281652100384,0.9830197691917419,0.0006505699711851776,0.0022147968411445618,0.9971345663070679,0.006230323051568121,0.0009184922297815016,0.992851177851359,2,pituitary,True
28,"[[49]
 [49]
 [52]
 [48]
 [57]
 [52]]",1,2,pituitary,True,0.0029579983092844486,0.0004795630811713636,0.9965624213218689,0.013635696843266487,0.0002617761492729187,0.9861025810241699,0.00068980164360255,0.0021855647210031748,0.9971246123313904,0.005761165598717828,0.0009756346504824857,0.9932632048924764,2,pituitary,True
29,"[[49]
 [49]
 [52]
 [48]
 [57]
 [52]]",1,2,pituitary,True,0.0028325673192739487,8.41364380903542e-05,0.9970832467079163,0.01784016191959381,0.00011900021490873769,0.9820408821105957,0.00022957696637604386,0.0006472092354670167,0.9991232752799988,0.0069674354017479345,0.00028344862948870286,0.9927491346995035,2,pituitary,True
30,"[[49]
 [48]
 [49]
 [48]
 [49]
 [55]]",2,2,pituitary,True,1.6284617743167473e-07,7.735657732155232e-07,0.9999990463256836,2.203007397838519e-06,5.261504725240229e-07,0.9999972581863403,3.783819920499809e-06,6.431045562749205e-08,0.9999961853027344,2.0498911652566676e-06,4.546755671223461e-07,0.9999974966049194,2,pituitary,True
31,"[[49]
 [48]
 [49]
 [48]
 [49]
 [55]]",2,2,pituitary,True,2.2491615254693897e-06,3.2140105759026483e-06,0.9999945163726807,9.273884643334895e-06,1.155700601884746e-06,0.9999896287918091,1.0244844816043042e-05,9.91002821137954e-07,0.9999887943267822,7.255963661615776e-06,1.7869046663084494e-06,0.999990979830424,2,pituitary,True
32,"[[49]
 [48]
 [49]
 [48]
 [49]
 [55]]",2,2,pituitary,True,1.1351487955835182e-05,6.613861387450015e-06,0.9999819993972778,5.889316071261419e-06,6.876918519083119e-07,0.9999934434890747,4.568572876451071e-06,4.315167814183951e-07,0.9999949932098389,7.269792301182558e-06,2.577690006925574e-06,0.9999901453653971,2,pituitary,True
33,"[[49]
 [48]
 [49]
 [48]
 [49]
 [55]]",2,2,pituitary,True,0.0002874838246498257,6.467766797868535e-05,0.999647855758667,6.629324343521148e-05,4.169659860053798e-06,0.9999295473098755,0.00021129676315467805,1.855892151070293e-05,0.9997701048851013,0.00018835794374657175,2.9135416449814027e-05,0.9997825026512146,2,pituitary,True
34,"[[49]
 [48]
 [49]
 [48]
 [49]
 [55]]",2,2,pituitary,True,7.430664118146524e-05,3.37500314344652e-05,0.9998918771743774,1.52550956045161e-05,1.63236416028667e-06,0.9999830722808838,1.1645010999927763e-05,5.712589654649491e-07,0.9999878406524658,3.3735582595303036e-05,1.1984551520072273e-05,0.9999542633692423,2,pituitary,True
35,"[[49]
 [48]
 [55]
 [52]
 [57]
 [52]]",1,0,meningioma,True,0.818848729133606,0.14245900511741638,0.03869231045246124,0.23132167756557465,0.6538977026939392,0.11478060483932495,0.36415407061576843,0.5276225805282593,0.10822334885597229,0.47144149243831635,0.44132642944653827,0.08723208804925282,0,meningioma,True
36,"[[49]
 [48]
 [49]
 [48]
 [50]
 [57]]",2,2,pituitary,True,0.00018481658480595797,0.0016055481974035501,0.9982095956802368,0.006288481410592794,0.01614510454237461,0.9775664210319519,0.10005441308021545,0.0002906290756072849,0.8996549844741821,0.03550923702520473,0.006013760605128482,0.9584770003954569,2,pituitary,True
37,"[[49]
 [48]
 [49]
 [48]
 [50]
 [57]]",2,2,pituitary,True,5.454671918414533e-05,0.0001419720210833475,0.9998034834861755,0.0031202812679111958,0.00855504721403122,0.9883246421813965,0.009575864300131798,0.00016860979667399079,0.9902555346488953,0.004250230762409046,0.0029552096772628524,0.9927945534388224,2,pituitary,True
38,"[[49]
 [48]
 [49]
 [48]
 [50]
 [57]]",2,2,pituitary,True,1.7788326658774167e-05,2.5311936042271554e-05,0.9999568462371826,0.0021329354494810104,0.005322525277733803,0.9925445318222046,0.0016775524709373713,0.00013081722136121243,0.9981916546821594,0.001276092082359052,0.0018262181450457622,0.9968976775805155,2,pituitary,True
39,"[[49]
 [48]
 [49]
 [48]
 [50]
 [57]]",2,2,pituitary,True,7.820386963430792e-05,0.00018928214558400214,0.9997325539588928,0.005315258167684078,0.01894509606063366,0.975739598274231,0.00019599695224314928,6.309689342742786e-05,0.9997408986091614,0.0018631529965205118,0.006399158366548363,0.9917376836140951,2,pituitary,True
40,"[[49]
 [48]
 [53]
 [57]
 [51]
 [54]]",1,2,pituitary,True,1.9291519492981024e-05,0.003772561904042959,0.9962081909179688,3.9359401853289455e-05,0.0003622543008532375,0.9995984435081482,0.004227431956678629,0.016622507944703102,0.979150116443634,0.0014286942926749664,0.006919108049866433,0.991652250289917,2,pituitary,True
41,"[[49]
 [48]
 [54]
 [48]
 [54]
 [50]]",2,2,pituitary,True,0.00021678076882380992,5.919655450270511e-05,0.9997239708900452,0.034834232181310654,0.011522646993398666,0.9536430835723877,0.026907119899988174,0.002673700451850891,0.97041916847229,0.02065271095004088,0.004751847999917421,0.9745954076449076,2,pituitary,True
42,"[[49]
 [48]
 [54]
 [48]
 [54]
 [50]]",2,2,pituitary,True,0.00032653805101290345,0.0006655642064288259,0.9990078806877136,0.033476147800683975,0.018618961796164513,0.9479049444198608,0.000729910156223923,0.019424809142947197,0.9798452258110046,0.0115108653359736,0.012903111715180179,0.9755860169728597,2,pituitary,True
43,"[[49]
 [48]
 [54]
 [48]
 [54]
 [50]]",2,2,pituitary,True,0.020164070650935173,0.08893729746341705,0.8908986449241638,0.1903962790966034,0.1949208825826645,0.6146828532218933,0.0010090407449752092,0.34824976325035095,0.6507411599159241,0.07052313016417126,0.2107026477654775,0.7187742193539938,2,pituitary,True
44,"[[49]
 [48]
 [54]
 [48]
 [54]
 [50]]",2,2,pituitary,True,0.006145146209746599,0.011955898255109787,0.9818989038467407,0.07092049717903137,0.03710675984621048,0.8919727802276611,0.04567543417215347,0.2705026865005493,0.6838218569755554,0.040913692520310484,0.10652178153395653,0.8525645136833191,2,pituitary,True
45,"[[49]
 [48]
 [54]
 [48]
 [54]
 [50]]",2,2,pituitary,True,0.001021718722768128,0.0014203781029209495,0.9975578784942627,0.06212862581014633,0.01925923489034176,0.9186121225357056,0.15213556587696075,0.055437855422496796,0.792426586151123,0.07176197013662507,0.025372489471919835,0.9028655290603638,2,pituitary,True
46,"[[49]
 [48]
 [56]
 [53]
 [49]
 [52]]",2,0,meningioma,True,0.7977586984634399,0.20223544538021088,5.885015525564086e-06,0.6403946876525879,0.3596050441265106,3.3394195497749024e-07,0.07689271122217178,0.9231072664260864,2.6124802140521522e-15,0.5050153657793999,0.494982585310936,2.0729858277180186e-06,0,meningioma,True
47,"[[49]
 [48]
 [54]
 [48]
 [54]
 [50]]",2,2,pituitary,True,0.018916144967079163,0.03897825628519058,0.9421055912971497,0.12652821838855743,0.11875052005052567,0.7547212839126587,0.01869392767548561,0.013908443041145802,0.9673976898193359,0.054712763677040734,0.057212406458954014,0.8880748550097147,2,pituitary,True
48,"[[49]
 [48]
 [54]
 [48]
 [54]
 [50]]",2,2,pituitary,True,0.02054130844771862,0.0645313560962677,0.9149273037910461,0.2016824334859848,0.5732994079589844,0.22501814365386963,0.0072034308686852455,0.12943358719348907,0.8633629679679871,0.0764757242674629,0.2557547837495804,0.6677694718043009,2,pituitary,True
49,"[[49]
 [48]
 [55]
 [52]
 [57]
 [53]]",3,2,pituitary,True,0.0012972174445167184,6.806653232160897e-07,0.9987020492553711,4.304986941860989e-05,3.164025110891089e-05,0.9999252557754517,6.2800290834275074e-06,1.194882770505501e-06,0.9999924898147583,0.00044884911433958524,1.117193306754416e-05,0.9995399316151937,2,pituitary,True
50,"[[49]
 [48]
 [55]
 [52]
 [57]
 [53]]",3,2,pituitary,True,0.030933981761336327,0.00019230791076552123,0.9688736796379089,0.0001277505507459864,0.0017698872834444046,0.9981023669242859,9.257484634872526e-06,4.771152006810553e-08,0.999990701675415,0.010356996598905729,0.0006540809685766646,0.9889889160792033,2,pituitary,True
51,"[[49]
 [48]
 [55]
 [52]
 [57]
 [53]]",3,2,pituitary,True,0.00011059951793868095,4.602368619543995e-07,0.9998888969421387,9.052329914993607e-06,1.1624219041550532e-05,0.9999793767929077,0.00012512851390056312,1.3547079902309633e-07,0.9998747110366821,8.159345391807922e-05,4.073308900842676e-06,0.9999143282572428,2,pituitary,True
52,"[[49]
 [48]
 [55]
 [52]
 [57]
 [53]]",3,2,pituitary,True,0.0014864765107631683,6.313205602737071e-08,0.998513400554657,8.806040568742901e-05,6.292223406489938e-05,0.9998489618301392,0.0003042480966541916,2.631590518831217e-07,0.9996955394744873,0.0006262616710349297,2.1082841724269958e-05,0.9993526339530945,2,pituitary,True
53,"[[49]
 [48]
 [55]
 [52]
 [57]
 [53]]",3,2,pituitary,True,0.02270028367638588,1.315543954660825e-06,0.9772984385490417,0.00018415183876641095,0.0002967091277241707,0.9995191097259521,5.7610897783888504e-05,5.506053071258066e-07,0.9999418258666992,0.00764734880431206,9.952509232865243e-05,0.9922531247138977,2,pituitary,True
54,"[[49]
 [48]
 [55]
 [52]
 [50]
 [57]]",3,2,pituitary,True,0.005706509109586477,1.640564005356282e-05,0.9942770600318909,0.0003585051454138011,5.5283519031945616e-05,0.9995861649513245,0.008587501011788845,5.220793536864221e-05,0.9913602471351624,0.004884171755596374,4.1299031484716885e-05,0.9950744907061259,2,pituitary,True
55,"[[49]
 [48]
 [55]
 [52]
 [50]
 [57]]",3,2,pituitary,True,0.033136654645204544,4.393873950903071e-06,0.966858983039856,0.00024088541977107525,9.881295227387454e-06,0.9997492432594299,0.0021384824067354202,2.2475238381503004e-07,0.9978613257408142,0.011838674157237014,4.8333071873685185e-06,0.9881565173467001,2,pituitary,True
56,"[[49]
 [48]
 [55]
 [52]
 [50]
 [57]]",3,2,pituitary,True,0.103632353246212,3.6758658552571433e-06,0.8963639736175537,0.0007714008679613471,1.2034823157591745e-05,0.9992165565490723,0.004884824156761169,1.0727831067924853e-08,0.9951151609420776,0.036429526090311505,5.240472281305604e-06,0.9635652303695679,2,pituitary,True
57,"[[49]
 [48]
 [56]
 [53]
 [49]
 [52]]",2,0,meningioma,True,0.8879360556602478,0.1120627373456955,1.211736616824055e-06,0.5437238216400146,0.4562760293483734,1.1172995328934121e-07,0.45009806752204895,0.5499019622802734,1.749465766786413e-15,0.6272526482741038,0.37274690965811413,4.411555239542873e-07,0,meningioma,True
58,"[[49]
 [48]
 [55]
 [52]
 [50]
 [57]]",3,2,pituitary,True,0.26301535964012146,8.110555995699542e-07,0.7369838356971741,0.0015166562516242266,1.905947647173889e-05,0.9984643459320068,0.0064034778624773026,1.2795752013516903e-08,0.9935964345932007,0.09031183125140767,6.627775941107454e-06,0.9096815387407938,2,pituitary,True
59,"[[49]
 [48]
 [55]
 [52]
 [50]
 [57]]",3,2,pituitary,True,0.20922069251537323,1.4902504119618243e-07,0.7907792329788208,0.0022134738974273205,1.7130258129327558e-05,0.9977694749832153,0.052604977041482925,3.8886192044174095e-09,0.9473950266838074,0.08801304781809449,5.761057263242719e-06,0.9119812448819479,2,pituitary,True
60,"[[49]
 [48]
 [55]
 [52]
 [50]
 [57]]",3,2,pituitary,True,0.05899496376514435,6.578690317837754e-06,0.9409984946250916,0.00043036442366428673,3.9031841879477724e-05,0.9995306730270386,0.019712284207344055,1.2942592775289086e-06,0.9802864193916321,0.026379204132050898,1.5634930491614796e-05,0.973605195681254,2,pituitary,True
61,"[[49]
 [48]
 [55]
 [52]
 [50]
 [57]]",3,2,pituitary,True,0.2784155607223511,0.001826759777031839,0.7197576761245728,0.0009854510426521301,0.0001660976849962026,0.9988484382629395,0.03430910035967827,0.04710780456662178,0.9185830354690552,0.10457003737489383,0.016366887342883274,0.8790630499521891,2,pituitary,True
62,"[[49]
 [48]
 [55]
 [53]
 [48]
 [53]]",2,2,pituitary,True,0.012694340199232101,0.004707637242972851,0.9825980067253113,0.1054394319653511,0.013014290481805801,0.8815463185310364,0.0037362915463745594,4.5176949470260297e-07,0.9962632060050964,0.04062335457031926,0.005907459831424451,0.9534691770871481,2,pituitary,True
63,"[[49]
 [48]
 [55]
 [53]
 [48]
 [53]]",2,2,pituitary,True,0.0032790747936815023,0.0015976226422935724,0.9951233267784119,0.023637650534510612,0.003953041974455118,0.9724093675613403,0.0033596481662243605,1.9729604616713914e-07,0.9966402053833008,0.010092124498138825,0.0018502873042649526,0.9880576332410177,2,pituitary,True
64,"[[49]
 [48]
 [55]
 [53]
 [48]
 [53]]",2,2,pituitary,True,0.00086266512516886,0.0003346719895489514,0.998802661895752,0.035831622779369354,0.001858788076788187,0.9623096585273743,0.003081484464928508,3.1829853242015815e-07,0.9969182014465332,0.013258590789822241,0.0007312594549565196,0.9860101739565531,2,pituitary,True
65,"[[49]
 [48]
 [55]
 [53]
 [48]
 [53]]",2,2,pituitary,True,0.21509045362472534,0.0763058289885521,0.7086036801338196,0.17027820646762848,0.02492016740143299,0.8048015832901001,0.0038055197801440954,9.882223821477965e-06,0.9961846470832825,0.12972472662416598,0.03374529287126885,0.8365299701690674,2,pituitary,True
66,"[[49]
 [48]
 [55]
 [53]
 [48]
 [53]]",2,2,pituitary,True,0.672103226184845,0.20483317971229553,0.12306354939937592,0.7224016785621643,0.0781748965382576,0.19942331314086914,0.018712421879172325,9.695965854916722e-05,0.9811906218528748,0.4710724422087272,0.0943683453030341,0.4345591614643733,0,meningioma,False
67,"[[49]
 [48]
 [55]
 [55]
 [52]
 [51]]",2,2,pituitary,True,0.0128020029515028,0.0020763427019119263,0.9851216077804565,0.05888349935412407,0.0060953847132623196,0.9350211024284363,0.008642795495688915,2.424400008749217e-06,0.991354763507843,0.026776099267105263,0.002724717271727665,0.9704991579055786,2,pituitary,True
68,"[[49]
 [48]
 [56]
 [53]
 [49]
 [52]]",2,0,meningioma,True,0.8967472910881042,0.10325030982494354,2.417265022813808e-06,0.7796356678009033,0.22036412358283997,2.2803897081757896e-07,0.8275464773178101,0.17245353758335114,1.5832202831188823e-14,0.8346431454022726,0.1653559903303782,8.8176800315453e-07,0,meningioma,True
69,"[[49]
 [48]
 [55]
 [55]
 [52]
 [51]]",2,2,pituitary,True,0.00536839896813035,0.0009101810283027589,0.9937214851379395,0.04446226358413696,0.0028219351079314947,0.9527157545089722,0.0022415497805923223,4.3620539713629114e-07,0.9977580904960632,0.017357404110953212,0.00124418411387713,0.9813984433809916,2,pituitary,True
70,"[[49]
 [48]
 [55]
 [55]
 [52]
 [51]]",2,2,pituitary,True,0.0003059157752431929,0.00014934032515157014,0.9995446801185608,0.029596008360385895,0.0016376090934500098,0.9687663912773132,0.0022126438561826944,8.491205960581283e-09,0.997787356376648,0.010704855997270593,0.0005956526366025136,0.988699475924174,2,pituitary,True
71,"[[49]
 [48]
 [55]
 [55]
 [52]
 [51]]",2,2,pituitary,True,0.00011101288691861555,2.3146110834204592e-05,0.9998657703399658,0.02579062432050705,0.0007127743447199464,0.973496675491333,0.0006385889719240367,9.586518245896514e-10,0.9993614554405212,0.008846742059783233,0.0002453071380686585,0.9909079670906067,2,pituitary,True
72,"[[49]
 [48]
 [55]
 [55]
 [52]
 [51]]",2,2,pituitary,True,0.0022383318282663822,0.00042022127308882773,0.9973414540290833,0.09555314481258392,0.0018509796354919672,0.9025958776473999,0.002188874175772071,4.752485072145873e-09,0.9978111386299133,0.03332678360554079,0.0007570685536886224,0.9659161567687988,2,pituitary,True
73,"[[49]
 [48]
 [55]
 [55]
 [52]
 [51]]",2,2,pituitary,True,0.015604902058839798,0.0009980095783248544,0.9833970665931702,0.11049403995275497,0.0026970517355948687,0.8868088722229004,0.0066374861635267735,3.922563962532877e-08,0.9933624267578125,0.044245476058373846,0.0012317001798531162,0.9545227885246277,2,pituitary,True
74,"[[49]
 [48]
 [56]
 [56]
 [53]
 [56]]",2,2,pituitary,True,0.009095421992242336,0.0018878199625760317,0.9890167713165283,0.10529622435569763,0.020656529814004898,0.8740472197532654,0.0035932790488004684,2.4036397007876076e-05,0.9963827133178711,0.03932830846558014,0.007522795391196269,0.9531489014625549,2,pituitary,True
75,"[[49]
 [48]
 [56]
 [56]
 [53]
 [56]]",2,2,pituitary,True,0.0007872995338402689,0.0005972415674477816,0.9986155033111572,0.15625998377799988,0.018581997603178024,0.8251579999923706,0.0009635026217438281,3.996826762886485e-06,0.9990324974060059,0.05267026197786132,0.006394411999129564,0.9409353335698446,2,pituitary,True
76,"[[49]
 [48]
 [56]
 [56]
 [53]
 [56]]",2,2,pituitary,True,0.07542521506547928,0.007802402600646019,0.9167724251747131,0.2723042368888855,0.015328463166952133,0.7123672962188721,0.0002610309747979045,5.74741852688021e-06,0.9997332692146301,0.11599682764305423,0.007712204395375011,0.8762909968694051,2,pituitary,True
77,"[[49]
 [48]
 [56]
 [56]
 [53]
 [56]]",2,2,pituitary,True,0.5271532535552979,0.015076983720064163,0.4577697515487671,0.3577543795108795,0.024452198296785355,0.6177934408187866,0.009989089332520962,0.0001272181689273566,0.9898837208747864,0.2982989074662328,0.013218800061925625,0.6884823044141134,2,pituitary,True
78,"[[49]
 [48]
 [56]
 [56]
 [53]
 [56]]",2,2,pituitary,True,0.7405985593795776,0.029583822935819626,0.22981762886047363,0.34909388422966003,0.04391902685165405,0.6069871187210083,0.012789679691195488,0.00011546404857654124,0.9870948195457458,0.3674940411001444,0.024539437945350073,0.6079665223757426,2,pituitary,True
79,"[[49]
 [48]
 [56]
 [53]
 [49]
 [52]]",2,0,meningioma,True,0.989791214466095,0.010208639316260815,8.432549947201551e-08,0.9486978054046631,0.05130218714475632,3.408723969755556e-08,0.958791971206665,0.04120805859565735,3.3551921600061393e-15,0.965760330359141,0.03423962835222483,3.9470914174921074e-08,0,meningioma,True
80,"[[49]
 [48]
 [56]
 [57]
 [51]
 [49]]",4,2,pituitary,True,0.05306586995720863,0.9140082597732544,0.03292585909366608,0.0813407301902771,0.020362431183457375,0.8982968926429749,0.5743738412857056,0.08662402629852295,0.33900216221809387,0.2362601471443971,0.34033157241841155,0.42340830465157825,2,pituitary,True
81,"[[49]
 [48]
 [56]
 [57]
 [51]
 [49]]",4,2,pituitary,True,0.01558750681579113,0.5092813372612,0.47513121366500854,0.016615424305200577,0.006447779480367899,0.9769367575645447,0.19087684154510498,0.021189643070101738,0.7879335284233093,0.07435992422203223,0.1789729199372232,0.7466671665509542,2,pituitary,True
82,"[[49]
 [48]
 [56]
 [57]
 [51]
 [49]]",4,2,pituitary,True,0.048775482922792435,0.5202297568321228,0.43099477887153625,0.01139858365058899,0.007184021174907684,0.9814173579216003,0.3869677782058716,0.17666541039943695,0.43636685609817505,0.14904728159308434,0.23469306280215582,0.6162596642971039,2,pituitary,True
83,"[[49]
 [48]
 [56]
 [57]
 [51]
 [49]]",4,2,pituitary,True,0.00020340726769063622,0.852273166179657,0.1475234478712082,0.0036474294029176235,0.003499288810417056,0.9928532242774963,0.14699697494506836,0.04748261719942093,0.8055204153060913,0.050282603871892206,0.301085024063165,0.648632362484932,2,pituitary,True
84,"[[49]
 [48]
 [56]
 [57]
 [51]
 [49]]",4,2,pituitary,True,5.723699359805323e-05,0.993990421295166,0.005952327977865934,0.004784589633345604,0.08884906768798828,0.9063663482666016,0.13109904527664185,0.7295305728912354,0.13937042653560638,0.04531362396786184,0.6041233539581299,0.3505630342600246,1,glioma,False
85,"[[49]
 [48]
 [56]
 [57]
 [51]
 [49]]",4,2,pituitary,True,5.0437869504094124e-05,0.9935865998268127,0.0063629415817558765,0.03816062584519386,0.09406284987926483,0.8677765130996704,0.3512573838233948,0.3896794617176056,0.2590632140636444,0.12982281584603092,0.49244297047456104,0.37773422291502357,1,glioma,False
86,"[[49]
 [48]
 [56]
 [57]
 [51]
 [49]]",4,2,pituitary,True,5.046916840001359e-07,0.08637601882219315,0.9136234521865845,7.4075571319554e-05,0.0002855928905773908,0.9996403455734253,0.005694832187145948,0.025455892086029053,0.9688493013381958,0.0019231374833831676,0.03737250126626653,0.9607043663660685,2,pituitary,True
87,"[[49]
 [48]
 [57]
 [52]
 [55]
 [49]]",0,2,pituitary,True,0.2991464138031006,0.27421945333480835,0.4266341030597687,0.20869289338588715,0.17730990052223206,0.613997220993042,0.13871586322784424,0.12582819163799286,0.7354559898376465,0.215518390138944,0.19245251516501108,0.5920291046301523,2,pituitary,True
88,"[[49]
 [48]
 [57]
 [52]
 [55]
 [49]]",0,2,pituitary,True,0.19423922896385193,0.18830019235610962,0.6174605488777161,0.14972366392612457,0.10758661478757858,0.7426897287368774,0.008687389083206654,0.012715618126094341,0.9785970449447632,0.11755009399106105,0.10286747508992751,0.7795824408531189,2,pituitary,True
89,"[[49]
 [48]
 [57]
 [52]
 [55]
 [49]]",0,2,pituitary,True,0.11105891317129135,0.12794643640518188,0.7609946727752686,0.118647500872612,0.11060391366481781,0.7707486152648926,0.002627684036269784,0.004299686755985022,0.9930726885795593,0.07744469936005771,0.08095001227532823,0.8416053255399069,2,pituitary,True
90,"[[49]
 [48]
 [56]
 [53]
 [49]
 [52]]",2,0,meningioma,True,0.9635292291641235,0.03647071495652199,5.4210584465863576e-08,0.7655109763145447,0.23448896408081055,6.475801939131998e-08,0.9696728587150574,0.030327096581459045,1.1134973998893575e-14,0.8995710213979086,0.10042892520626386,3.965620499738585e-08,0,meningioma,True
91,"[[49]
 [48]
 [57]
 [52]
 [55]
 [49]]",0,2,pituitary,True,0.09262247383594513,0.1324179321527481,0.7749595642089844,0.10025300085544586,0.1504010558128357,0.7493458986282349,0.02073202095925808,0.02497534453868866,0.9542925953865051,0.07120249855021636,0.10259811083475749,0.8261993527412415,2,pituitary,True
92,"[[49]
 [48]
 [57]
 [52]
 [55]
 [49]]",0,2,pituitary,True,0.053334396332502365,0.08388801664113998,0.862777590751648,0.07899638265371323,0.11742954701185226,0.8035740852355957,0.005769542418420315,0.005900367628782988,0.9883301258087158,0.04603344046821197,0.06907264376059175,0.8848939339319865,2,pituitary,True
93,"[[49]
 [48]
 [57]
 [52]
 [55]
 [49]]",0,2,pituitary,True,0.0305365901440382,0.0492696575820446,0.9201937913894653,0.05821520462632179,0.0733664333820343,0.8684183955192566,0.0004980157245881855,0.0008519878028891981,0.9986500144004822,0.029749936831649393,0.0411626929223227,0.9290874004364014,2,pituitary,True
94,"[[49]
 [48]
 [57]
 [55]
 [54]
 [57]]",3,2,pituitary,True,0.0010854450520128012,7.955341061460786e-07,0.9989137649536133,1.0940552783722524e-05,2.7769852749770507e-05,0.999961256980896,6.104303196252658e-08,7.872780827256065e-08,0.9999998807907104,0.00036548221594282876,9.548038221396382e-06,0.9996249675750732,2,pituitary,True
95,"[[49]
 [48]
 [57]
 [55]
 [54]
 [57]]",3,2,pituitary,True,0.0002797597262542695,1.3357762327359524e-06,0.9997188448905945,3.912235115421936e-06,1.988087569770869e-05,0.9999761581420898,3.364480249956614e-08,1.886589018340601e-07,0.9999997615814209,9.456853539073033e-05,7.135103610759567e-06,0.9998982548713684,2,pituitary,True
96,"[[49]
 [48]
 [57]
 [55]
 [54]
 [57]]",3,2,pituitary,True,0.004054719116538763,2.4151547677320195e-06,0.9959428906440735,4.1409439290873706e-05,3.37354103976395e-05,0.999924898147583,4.430915510056366e-07,2.5525990210439886e-08,0.9999995231628418,0.001365523882460214,1.2058697051860653e-05,0.9986224373181661,2,pituitary,True
97,"[[49]
 [48]
 [57]
 [55]
 [54]
 [57]]",3,2,pituitary,True,0.24042727053165436,4.846668161917478e-06,0.75956791639328,0.0012684328248724341,8.463458652840927e-05,0.9986469149589539,0.0005647158250212669,2.25135153186784e-07,0.9994350075721741,0.08075347306051602,2.9902129947837846e-05,0.9192166129748026,2,pituitary,True
98,"[[49]
 [48]
 [57]
 [55]
 [54]
 [57]]",3,2,pituitary,True,0.1755598932504654,0.0003119839821010828,0.8241280913352966,0.002114098984748125,0.0007445404771715403,0.9971413016319275,0.00012506759958341718,8.07295293725474e-07,0.9998741149902344,0.05926635327826565,0.00035244391818878285,0.9403811693191528,2,pituitary,True
99,"[[49]
 [48]
 [57]
 [56]
 [57]
 [56]]",1,2,pituitary,True,0.136866956949234,0.005217661615461111,0.8579153418540955,0.06361962854862213,6.116123404353857e-05,0.9363191723823547,0.011584718711674213,0.0007761073647998273,0.9876391291618347,0.07069043473651011,0.0020183100714348257,0.927291214466095,2,pituitary,True
100,"[[49]
 [48]
 [57]
 [56]
 [57]
 [56]]",1,2,pituitary,True,0.0012932363897562027,3.120634573861025e-05,0.998675525188446,0.006655295379459858,4.872496901953127e-06,0.9933398365974426,0.0018814288778230548,1.921556940942537e-05,0.9980993866920471,0.0032766535490130386,1.8431470683329582e-05,0.9967049161593119,2,pituitary,True
101,"[[49]
 [48]
 [56]
 [53]
 [49]
 [52]]",2,0,meningioma,True,0.9736788272857666,0.026321174576878548,1.6418043591315268e-09,0.8503526449203491,0.14964736998081207,1.6021898252560618e-09,0.9790152311325073,0.020984742790460587,1.2168104743340855e-16,0.9343489011128744,0.06565109578271706,1.081331435356212e-09,0,meningioma,True
102,"[[49]
 [48]
 [57]
 [56]
 [57]
 [56]]",1,2,pituitary,True,0.001688505755737424,1.2618830623978283e-05,0.9982989430427551,0.005279508884996176,4.094128200904379e-07,0.9947201013565063,0.0027091524098068476,3.5991720892525336e-07,0.9972904920578003,0.003225722350180149,4.462720217664658e-06,0.9967698454856873,2,pituitary,True
103,"[[49]
 [48]
 [57]
 [56]
 [57]
 [56]]",1,2,pituitary,True,0.00015215136227197945,6.690127975161886e-06,0.9998410940170288,0.0010635886574164033,1.7741281510552653e-07,0.9989362359046936,0.002114275237545371,5.605955948340124e-07,0.9978851675987244,0.0011100050857445847,2.476045461700475e-06,0.9988874991734823,2,pituitary,True
104,"[[49]
 [48]
 [57]
 [56]
 [57]
 [56]]",1,2,pituitary,True,3.774049037019722e-05,1.3477321772370487e-05,0.9999487400054932,0.0029900784138590097,4.909222752758069e-07,0.9970093965530396,0.011479461565613747,5.411893653217703e-06,0.9885151982307434,0.004835760156614318,6.460045900287999e-06,0.995157778263092,2,pituitary,True
105,"[[49]
 [48]
 [57]
 [56]
 [57]
 [56]]",1,2,pituitary,True,0.0004770929226651788,0.0001605068682692945,0.9993624091148376,0.0030101079028099775,7.217244615276286e-07,0.9969891905784607,0.03956032916903496,0.0005010204040445387,0.959938645362854,0.014349176664836705,0.00022074966559178696,0.9854300816853842,2,pituitary,True
106,"[[49]
 [49]
 [48]
 [53]
 [49]
 [56]]",4,2,pituitary,True,7.9596141233651e-08,1.8510071697619424e-08,0.9999998807907104,3.855153045151383e-05,1.1019919838872738e-06,0.9999603033065796,2.107844193233177e-05,2.5809951509359053e-08,0.9999788999557495,1.990318950835975e-05,3.821040023647508e-07,0.9999796946843466,2,pituitary,True
107,"[[49]
 [49]
 [48]
 [53]
 [49]
 [56]]",4,2,pituitary,True,5.823111237646117e-08,1.5811550957423037e-09,0.9999998807907104,2.871239667001646e-05,2.0346694782347186e-06,0.9999692440032959,4.477354377740994e-05,1.4271606119109492e-08,0.9999551773071289,2.4514723853267622e-05,6.835074131498567e-07,0.999974767367045,2,pituitary,True
108,"[[49]
 [49]
 [48]
 [53]
 [49]
 [56]]",4,2,pituitary,True,3.9887555480788706e-09,4.1361530866979024e-10,1.0,4.588206502376124e-05,4.820007688977057e-06,0.9999493360519409,3.847136213153135e-06,4.117209684295631e-09,0.9999961853027344,1.6577729997487484e-05,1.6081795046566742e-06,0.9999818404515585,2,pituitary,True
109,"[[49]
 [49]
 [48]
 [53]
 [49]
 [56]]",4,2,pituitary,True,3.830565864504365e-10,4.362190730161641e-12,1.0,1.0910374840022996e-05,3.8094060528237605e-07,0.9999886751174927,4.188217644696124e-06,1.5254241203521701e-09,0.9999958276748657,5.032991847101857e-06,1.274901305311528e-07,0.9999948342641195,2,pituitary,True
110,"[[49]
 [49]
 [48]
 [53]
 [49]
 [56]]",4,2,pituitary,True,8.65262982790993e-12,3.279919044696378e-11,1.0,1.6464330201415578e-06,3.544253672771447e-07,0.9999979734420776,3.9529308537566976e-07,1.733140631010599e-09,0.9999996423721313,6.805782527156851e-07,1.1873043569953408e-07,0.999999205271403,2,pituitary,True
111,"[[49]
 [49]
 [48]
 [53]
 [49]
 [56]]",4,2,pituitary,True,8.817727104037942e-10,1.4795049629867663e-09,1.0,4.4582579903362785e-06,7.074447694321861e-07,0.9999948740005493,2.946816039184341e-06,1.9990981314776946e-08,0.9999970197677612,2.4686519340770077e-06,2.429717519033166e-07,0.9999972979227701,2,pituitary,True
112,"[[49]
 [48]
 [49]
 [48]
 [49]
 [54]]",1,0,meningioma,True,0.993700385093689,0.005597518291324377,0.0007020958000794053,0.9874841570854187,0.009697633795440197,0.002818128326907754,0.9994540810585022,0.00029455931507982314,0.0002513978979550302,0.99354620774587,0.0051965704672814654,0.0012572073416473966,0,meningioma,True
113,"[[49]
 [48]
 [56]
 [53]
 [49]
 [52]]",2,0,meningioma,True,0.9983019828796387,0.0016980424989014864,1.0445468275055436e-11,0.8311794400215149,0.1688205599784851,6.413126106552536e-12,0.9528029561042786,0.04719702526926994,3.684072196770298e-18,0.927428126335144,0.07257187591555218,5.6195326885600565e-12,0,meningioma,True
114,"[[49]
 [49]
 [48]
 [53]
 [51]
 [55]]",0,2,pituitary,True,0.15922507643699646,0.19832882285118103,0.6424461007118225,0.17321743071079254,0.3392409384250641,0.4875416159629822,0.0063847703859210014,0.016248716041445732,0.97736656665802,0.11294242584457,0.18460615910589695,0.7024514277776083,2,pituitary,True
115,"[[49]
 [49]
 [48]
 [53]
 [51]
 [55]]",0,2,pituitary,True,0.1043030247092247,0.13135609030723572,0.7643409371376038,0.1445450782775879,0.26913654804229736,0.5863183736801147,0.0010208460735157132,0.002262396737933159,0.9967166781425476,0.0832896496867761,0.13425167836248875,0.7824586629867554,2,pituitary,True
116,"[[49]
 [49]
 [48]
 [53]
 [51]
 [55]]",0,2,pituitary,True,0.08687238395214081,0.101008839905262,0.8121187686920166,0.14117954671382904,0.23545075953006744,0.6233696341514587,0.0009991404367610812,0.0016438467428088188,0.9973570108413696,0.07635035703424364,0.11270114872604609,0.8109484712282816,2,pituitary,True
117,"[[49]
 [49]
 [48]
 [53]
 [51]
 [55]]",0,2,pituitary,True,0.07190529257059097,0.08506268262863159,0.8430320620536804,0.12281379848718643,0.2218003123998642,0.6553859114646912,0.0002788292767945677,0.0005076422821730375,0.999213457107544,0.06499930677819066,0.10245687910355628,0.8325438102086385,2,pituitary,True
118,"[[49]
 [49]
 [48]
 [53]
 [51]
 [55]]",0,2,pituitary,True,0.08354569971561432,0.09409061819314957,0.8223636746406555,0.13789010047912598,0.2401648908853531,0.6219449639320374,0.0018670088611543179,0.0014096759259700775,0.9967233538627625,0.0744342696852982,0.1118883950014909,0.8136773308118185,2,pituitary,True
119,"[[49]
 [49]
 [48]
 [53]
 [51]
 [55]]",0,2,pituitary,True,0.07294873893260956,0.0833856463432312,0.8436656594276428,0.11831355094909668,0.23538291454315186,0.6463035345077515,0.00437154620885849,0.0017507784068584442,0.9938777089118958,0.0652112786968549,0.10683977976441383,0.8279489676157633,2,pituitary,True
120,"[[49]
 [49]
 [48]
 [53]
 [51]
 [55]]",0,2,pituitary,True,0.06713051348924637,0.0758354514837265,0.8570340275764465,0.1006845235824585,0.2347954958677292,0.6645199656486511,0.012327256612479687,0.005869882181286812,0.9818028807640076,0.06004743122806152,0.10550027651091416,0.8344522913297018,2,pituitary,True
121,"[[49]
 [49]
 [48]
 [57]
 [57]
 [51]]",1,2,pituitary,True,4.955844360665651e-06,4.566182269627461e-06,0.9999904632568359,4.76134882774204e-05,7.217418840355094e-08,0.9999523162841797,2.514515472284984e-06,5.099980437961449e-09,0.9999974966049194,1.836128270345701e-05,1.5478188128229913e-06,0.999980092048645,2,pituitary,True
122,"[[49]
 [49]
 [48]
 [57]
 [57]
 [51]]",1,2,pituitary,True,4.183396595180966e-05,1.496760069130687e-05,0.9999431371688843,0.00019915476150345057,4.0831625369719404e-07,0.9998005032539368,3.919779203442886e-07,4.570199330089508e-09,0.9999996423721313,8.046023512520151e-05,5.126829048111385e-06,0.9999144275983175,2,pituitary,True
123,"[[49]
 [49]
 [48]
 [57]
 [57]
 [51]]",1,2,pituitary,True,7.635768270120025e-06,6.56593510939274e-06,0.9999858140945435,5.701007830793969e-05,3.177156671085868e-08,0.9999428987503052,3.964759116570349e-07,4.9017994108169205e-09,0.9999996423721313,2.168077416323892e-05,2.2008694918381386e-06,0.99997611840566,2,pituitary,True
124,"[[49]
 [48]
 [56]
 [53]
 [53]
 [48]]",0,0,meningioma,True,0.5620509386062622,0.43741798400878906,0.0005310625419951975,0.617708146572113,0.37939971685409546,0.002892137272283435,0.868384838104248,0.1282670646905899,0.003348119556903839,0.6827146410942078,0.31502825518449146,0.0022571064570608237,0,meningioma,True
125,"[[49]
 [49]
 [48]
 [57]
 [57]
 [51]]",1,2,pituitary,True,2.7698797566699795e-05,1.9032748241443187e-05,0.9999532699584961,0.00022912475105840713,7.131915680247403e-08,0.9997708201408386,9.640838470659219e-06,8.62746052376906e-09,0.9999903440475464,8.882146236525539e-05,6.370898286256477e-06,0.9999048113822937,2,pituitary,True
126,"[[49]
 [49]
 [48]
 [57]
 [57]
 [51]]",1,2,pituitary,True,3.020336589543149e-05,0.00026223715394735336,0.9997075200080872,0.000451626576250419,7.601722245453857e-06,0.9995408058166504,1.3855154065822717e-05,2.9682260560548457e-07,0.9999858140945435,0.00016522836540389108,9.004523293280424e-05,0.999744713306427,2,pituitary,True
127,"[[49]
 [49]
 [49]
 [48]
 [55]
 [53]]",0,2,pituitary,True,0.41699105501174927,0.3465953469276428,0.2364136278629303,0.42004868388175964,0.27392295002937317,0.3060283958911896,0.11493106931447983,0.19643202424049377,0.6886368989944458,0.31732360273599625,0.27231677373250324,0.41035964091618854,2,pituitary,True
128,"[[49]
 [49]
 [49]
 [48]
 [55]
 [53]]",0,2,pituitary,True,0.22481313347816467,0.23309862613677979,0.5420882105827332,0.28375303745269775,0.24145187437534332,0.47479507327079773,0.030622851103544235,0.04548332467675209,0.9238938689231873,0.1797296740114689,0.17334460839629173,0.6469257175922394,2,pituitary,True
129,"[[49]
 [49]
 [49]
 [48]
 [55]
 [53]]",0,2,pituitary,True,0.1777547299861908,0.20001979172229767,0.6222255229949951,0.2506629228591919,0.2642236351966858,0.48511338233947754,0.02606426738202572,0.044987525790929794,0.9289482235908508,0.15149397340913615,0.16974365090330443,0.6787623763084412,2,pituitary,True
130,"[[49]
 [49]
 [49]
 [48]
 [55]
 [53]]",0,2,pituitary,True,0.1469920128583908,0.1847255975008011,0.6682823896408081,0.17830486595630646,0.2804260551929474,0.541269063949585,0.023530906066298485,0.05368351191282272,0.9227855801582336,0.11627592829366525,0.17294505486885706,0.7107790112495422,2,pituitary,True
131,"[[49]
 [49]
 [49]
 [48]
 [55]
 [53]]",0,2,pituitary,True,0.12592831254005432,0.15695568919181824,0.7171159982681274,0.18045178055763245,0.30484673380851746,0.5147014856338501,0.04320114850997925,0.08197632431983948,0.8748224973678589,0.11652708053588867,0.18125958244005838,0.7022133270899454,2,pituitary,True
132,"[[49]
 [49]
 [49]
 [48]
 [55]
 [53]]",0,2,pituitary,True,0.16288773715496063,0.21460354328155518,0.6225087642669678,0.14480751752853394,0.4229333698749542,0.43225911259651184,0.12522418797016144,0.3076682686805725,0.5671075582504272,0.144306480884552,0.31506839394569397,0.540625145037969,2,pituitary,True
133,"[[49]
 [49]
 [49]
 [49]
 [50]
 [53]]",3,2,pituitary,True,0.008204157464206219,6.73576948884147e-07,0.9917952418327332,0.0009034812683239579,0.0008276772568933666,0.9982688426971436,4.494416316447314e-06,2.3740874439681647e-06,0.999993085861206,0.003037377716282208,0.0002769083070954063,0.9966857234636942,2,pituitary,True
134,"[[49]
 [49]
 [49]
 [49]
 [50]
 [53]]",3,2,pituitary,True,0.12317366153001785,4.5391223579827056e-07,0.8768258690834045,0.0034633902832865715,0.0007068284903652966,0.9958297610282898,3.6059263948118314e-05,3.0022144414942886e-07,0.999963641166687,0.04222437035908418,0.0002358608746817481,0.9575397570927938,2,pituitary,True
135,"[[49]
 [48]
 [56]
 [53]
 [53]
 [48]]",0,0,meningioma,True,0.5151108503341675,0.48352164030075073,0.0013674985384568572,0.37669163942337036,0.6162962317466736,0.0070121437311172485,0.8280879259109497,0.16405758261680603,0.007854398339986801,0.5732968052228292,0.4212918182214101,0.005411346869853635,0,meningioma,True
136,"[[49]
 [49]
 [49]
 [49]
 [50]
 [53]]",3,2,pituitary,True,0.18931953608989716,0.0006842974107712507,0.8099961876869202,0.0008833333849906921,0.0009489110088907182,0.9981677532196045,4.502471711020917e-05,8.562093398722936e-07,0.999954104423523,0.06341596473066602,0.0005446882096672804,0.9360393484433492,2,pituitary,True
137,"[[49]
 [49]
 [49]
 [49]
 [50]
 [53]]",3,2,pituitary,True,0.4470980167388916,2.3356917154160328e-05,0.5528786182403564,0.0006623414228670299,0.00124232261441648,0.9980953335762024,1.0467395441082772e-05,2.095905102805773e-07,0.9999892711639404,0.1492569418523999,0.0004219630406936403,0.8503210743268331,2,pituitary,True
138,"[[49]
 [49]
 [49]
 [49]
 [50]
 [53]]",3,2,pituitary,True,0.4436056315898895,5.292413902679982e-07,0.5563938617706299,0.001167398877441883,0.000643731327727437,0.9981889128684998,0.0005232783150859177,2.0121746047152556e-07,0.9994764924049377,0.14843210292747244,0.00021482059552605884,0.8513530890146891,2,pituitary,True
139,"[[49]
 [49]
 [49]
 [49]
 [50]
 [53]]",3,2,pituitary,True,0.19424286484718323,6.905986538185971e-07,0.8057564496994019,0.0005366632249206305,0.00022677378728985786,0.9992365837097168,0.0001417783205397427,9.608816498030137e-08,0.9998581409454346,0.06497376879754786,7.585349136955226e-05,0.9349503914515177,2,pituitary,True
140,"[[49]
 [49]
 [49]
 [55]
 [56]
 [53]]",0,2,pituitary,True,0.27454861998558044,0.24505554139614105,0.4803957939147949,0.28954312205314636,0.2050127387046814,0.5054441094398499,0.09598000347614288,0.3475450873374939,0.5564749240875244,0.22002391517162323,0.2658711224794388,0.514104942480723,2,pituitary,True
141,"[[49]
 [49]
 [49]
 [55]
 [56]
 [53]]",0,2,pituitary,True,0.17530058324337006,0.17439469695091248,0.6503046751022339,0.221989706158638,0.1733134686946869,0.6046968102455139,0.027916651219129562,0.06797018647193909,0.9041131734848022,0.14173564687371254,0.13855945070584616,0.7197048862775167,2,pituitary,True
142,"[[49]
 [49]
 [49]
 [55]
 [56]
 [53]]",0,2,pituitary,True,0.13818903267383575,0.14596739411354065,0.7158435583114624,0.21627093851566315,0.18772387504577637,0.5960052609443665,0.028434399515390396,0.03769220784306526,0.9338733553886414,0.12763145690162978,0.12379449233412743,0.7485740582148234,2,pituitary,True
143,"[[49]
 [49]
 [49]
 [55]
 [56]
 [53]]",0,2,pituitary,True,0.09988578408956528,0.11273178458213806,0.7873824238777161,0.18652859330177307,0.17885971069335938,0.6346116662025452,0.047241054475307465,0.05383125692605972,0.8989276885986328,0.11121847728888194,0.11514091740051906,0.7736405928929647,2,pituitary,True
144,"[[49]
 [49]
 [49]
 [55]
 [56]
 [53]]",0,2,pituitary,True,0.07730250805616379,0.0896095559000969,0.8330879211425781,0.20985837280750275,0.20929762721061707,0.580843985080719,0.08318810909986496,0.08659397065639496,0.8302178978919983,0.12344966332117717,0.12850038458903631,0.7480499347050985,2,pituitary,True
145,"[[49]
 [49]
 [50]
 [48]
 [55]
 [52]]",2,2,pituitary,True,0.000880852690897882,0.9991188645362854,2.578897522198531e-07,0.018487438559532166,0.9815084338188171,4.0984723455039784e-06,0.2313193827867508,0.7664802074432373,0.002200438641011715,0.08356255801239361,0.9157025019327799,0.0007349316677031462,1,glioma,False
146,"[[49]
 [48]
 [56]
 [53]
 [57]
 [48]]",1,0,meningioma,True,0.9870251417160034,0.012974855490028858,2.8170255841550307e-13,0.9551441669464111,0.04485579580068588,8.779801774494445e-09,0.9052311778068542,0.09476877003908157,1.2878895461199136e-07,0.9491334954897562,0.050866473776598774,4.5856346029681406e-08,0,meningioma,True
147,"[[49]
 [49]
 [50]
 [48]
 [55]
 [52]]",2,2,pituitary,True,0.003919597715139389,0.9960803389549255,1.5922394425160746e-07,0.04573504626750946,0.9542571306228638,7.801431820553262e-06,0.5536521673202515,0.4419216513633728,0.004426111467182636,0.2011022704343001,0.7974197069803873,0.0014780240409824803,1,glioma,False
148,"[[49]
 [49]
 [50]
 [48]
 [55]
 [52]]",2,2,pituitary,True,0.0014933684142306447,0.9985061287879944,5.141540100339625e-07,0.05991659685969353,0.9400429725646973,4.044782690471038e-05,0.4314722716808319,0.5632176995277405,0.005309999454766512,0.16429407898491868,0.833922266960144,0.0017836538118937522,1,glioma,False
149,"[[49]
 [49]
 [50]
 [48]
 [55]
 [52]]",2,2,pituitary,True,0.0006229376886039972,0.9993768334388733,2.176479512172591e-07,0.018340719863772392,0.9816119074821472,4.7375386202475056e-05,0.284389466047287,0.704524576663971,0.011085967533290386,0.10111770786655445,0.8951711058616638,0.003711186855814693,1,glioma,False
150,"[[49]
 [49]
 [50]
 [48]
 [55]
 [52]]",2,2,pituitary,True,0.00018704500689636916,0.999812662601471,3.834056485629844e-07,0.010043404065072536,0.9899041056632996,5.2515475545078516e-05,0.23560731112957,0.7012065052986145,0.06318619102239609,0.08194592006717964,0.8969744245211283,0.02107969663452991,1,glioma,False
151,"[[49]
 [49]
 [50]
 [54]
 [52]
 [57]]",0,2,pituitary,True,0.36807721853256226,0.3077259957790375,0.3241967558860779,0.3973756432533264,0.3635619580745697,0.23906242847442627,0.4190344512462616,0.39824503660202026,0.18272054195404053,0.3948291043440501,0.3565109968185425,0.2486599087715149,0,meningioma,False
152,"[[49]
 [49]
 [50]
 [54]
 [52]
 [57]]",0,2,pituitary,True,0.28738275170326233,0.2762994170188904,0.4363178610801697,0.25029781460762024,0.3379783630371094,0.4117237627506256,0.17967703938484192,0.2422800064086914,0.5780429840087891,0.23911920189857483,0.28551926215489704,0.47536153594652814,2,pituitary,True
153,"[[49]
 [49]
 [50]
 [54]
 [52]
 [57]]",0,2,pituitary,True,0.3018561899662018,0.277360200881958,0.4207836389541626,0.2332298457622528,0.30302894115448,0.4637411832809448,0.059656772762537,0.09605106711387634,0.8442921042442322,0.19824760283033052,0.22548006971677145,0.5762723088264465,2,pituitary,True
154,"[[49]
 [49]
 [50]
 [54]
 [52]
 [57]]",0,2,pituitary,True,0.2684326171875,0.27159833908081055,0.45996904373168945,0.1685032993555069,0.3569093346595764,0.47458741068840027,0.03170478343963623,0.056204844266176224,0.9120903611183167,0.15621356666088104,0.22823750600218773,0.6155489385128021,2,pituitary,True
155,"[[49]
 [49]
 [50]
 [54]
 [52]
 [57]]",0,2,pituitary,True,0.238832488656044,0.22442978620529175,0.5367377400398254,0.17838060855865479,0.31803521513938904,0.5035841464996338,0.007980060763657093,0.0117952274158597,0.9802246689796448,0.14173105265945196,0.18475340958684683,0.673515518506368,2,pituitary,True
156,"[[49]
 [49]
 [50]
 [54]
 [52]
 [57]]",0,2,pituitary,True,0.25554996728897095,0.2189304381608963,0.525519609451294,0.21302025020122528,0.37755143642425537,0.40942829847335815,0.07611805945634842,0.04410327598452568,0.8797786831855774,0.18156275898218155,0.21352838352322578,0.6049088637034098,2,pituitary,True
157,"[[49]
 [48]
 [56]
 [53]
 [57]
 [48]]",1,0,meningioma,True,0.9944724440574646,0.005527576431632042,3.8680904147540245e-21,0.9704554080963135,0.029544545337557793,2.703264261744165e-12,0.985970675945282,0.014029341749846935,2.4590277730718313e-11,0.9836328426996866,0.01636715450634559,9.09784733211019e-12,0,meningioma,True
158,"[[49]
 [49]
 [50]
 [55]
 [52]
 [54]]",2,2,pituitary,True,3.3444728160247905e-06,1.2188951181713037e-08,0.9999966621398926,0.0030080003198236227,4.134805203648284e-05,0.996950626373291,0.001005208003334701,5.815311565626757e-10,0.998994767665863,0.0013388509319914494,1.378694083960704e-05,0.9986473520596822,2,pituitary,True
159,"[[49]
 [49]
 [50]
 [55]
 [52]
 [54]]",2,2,pituitary,True,7.800510502420366e-05,9.044733673135852e-08,0.9999219179153442,0.00352722336538136,3.210623617633246e-05,0.9964407086372375,5.2332758059492335e-05,4.168637657286922e-10,0.9999476671218872,0.0012191870761550188,1.0732366792276515e-05,0.9987700978914896,2,pituitary,True
160,"[[49]
 [49]
 [50]
 [55]
 [52]
 [54]]",2,2,pituitary,True,2.5713417926453985e-05,5.33514068479235e-08,0.999974250793457,0.0020822437945753336,2.1164092686376534e-05,0.9978965520858765,6.846850283181993e-06,1.4671297510204795e-10,0.9999932050704956,0.0007049346875949899,7.072530268733186e-06,0.999288002649943,2,pituitary,True
161,"[[49]
 [49]
 [50]
 [55]
 [52]
 [54]]",2,2,pituitary,True,5.662662715621991e-06,8.464631662263855e-08,0.9999942779541016,0.0008473662310279906,1.2432878975232597e-05,0.9991401433944702,4.2340479922131635e-06,8.355923730718473e-10,0.9999957084655762,0.0002857543139119419,4.172786961409436e-06,0.9997100432713827,2,pituitary,True
162,"[[49]
 [49]
 [50]
 [56]
 [52]
 [55]]",4,2,pituitary,True,0.017772125080227852,2.4790819225017913e-05,0.9822031259536743,0.002292485674843192,4.38887173004332e-06,0.9977031350135803,0.10246432572603226,0.0007890267297625542,0.8967465758323669,0.040842978827034436,0.00027273547357253847,0.9588842789332072,2,pituitary,True
163,"[[49]
 [49]
 [50]
 [56]
 [52]
 [55]]",4,2,pituitary,True,0.02113397978246212,1.4005495359015185e-05,0.9788520336151123,0.0024786123540252447,4.678278855863027e-06,0.9975167512893677,0.1197241023182869,0.001124653615988791,0.8791512250900269,0.04777889815159142,0.00038111246340122307,0.9518400033315023,2,pituitary,True
164,"[[49]
 [49]
 [50]
 [56]
 [52]
 [55]]",4,2,pituitary,True,0.052942611277103424,3.496852150419727e-05,0.9470223784446716,0.003382826456800103,7.173216999944998e-06,0.9966099858283997,0.10524653643369675,0.0009119825554080307,0.8938414454460144,0.05385732472253343,0.00031804143130405765,0.9458246032396952,2,pituitary,True
165,"[[49]
 [49]
 [50]
 [56]
 [52]
 [55]]",4,2,pituitary,True,9.098550799535587e-05,3.1976849186321488e-06,0.9999058246612549,0.00021321325039025396,4.424015514814528e-06,0.999782383441925,0.001934023224748671,0.0008240798488259315,0.9972418546676636,0.0007460739943780936,0.0002772338497531261,0.9989766875902811,2,pituitary,True
166,"[[49]
 [49]
 [51]
 [50]
 [55]
 [52]]",4,2,pituitary,True,1.8735752860266075e-07,2.023799970629625e-05,0.9999796152114868,6.364363798638806e-05,9.152290294878185e-05,0.9998447895050049,6.319250132946763e-06,8.787506544649659e-07,0.999992847442627,2.338341521597916e-05,3.7546551103181024e-05,0.9999390840530396,2,pituitary,True
167,"[[49]
 [49]
 [51]
 [50]
 [55]
 [52]]",4,2,pituitary,True,7.077165946611785e-07,9.369460713060107e-06,0.9999898672103882,5.5506807257188484e-05,0.00028434349223971367,0.9996601343154907,1.3288931768329348e-05,5.85345730996778e-07,0.9999861717224121,2.316781854005967e-05,9.809943289459018e-05,0.999878724416097,2,pituitary,True
168,"[[49]
 [48]
 [56]
 [57]
 [52]
 [53]]",3,0,meningioma,True,0.9858747124671936,0.005965643096715212,0.008159664459526539,0.8386963605880737,0.1539466828107834,0.007356930058449507,0.9956580400466919,0.0018061174778267741,0.0025359028950333595,0.9400763710339864,0.05390614779510846,0.006017499137669802,0,meningioma,True
169,"[[49]
 [49]
 [51]
 [50]
 [55]
 [52]]",4,2,pituitary,True,1.611004023516216e-07,0.00011513564095366746,0.9998847246170044,1.7064810890587978e-05,0.00022731329954694957,0.9997556805610657,9.821566891332623e-06,1.0616643066896359e-06,0.9999891519546509,9.015826061424074e-06,0.00011450353493576888,0.9998765190442404,2,pituitary,True
170,"[[49]
 [49]
 [51]
 [55]
 [52]
 [49]]",3,2,pituitary,True,0.01866450533270836,1.8073568242016336e-07,0.9813352823257446,1.4229011867428198e-05,7.649875897186575e-07,0.9999849796295166,2.7971168492513243e-06,2.805704557573563e-09,0.9999972581863403,0.006227177153808346,3.161763255654648e-07,0.9937725067138672,2,pituitary,True
171,"[[49]
 [49]
 [51]
 [55]
 [52]
 [49]]",3,2,pituitary,True,0.30630066990852356,7.823202849976951e-07,0.693698525428772,6.078771548345685e-05,2.775604343696614e-06,0.9999364614486694,1.7405018297722563e-05,2.653726838275361e-08,0.9999825954437256,0.10212628754743491,1.194820632359021e-06,0.897872527440389,2,pituitary,True
172,"[[49]
 [49]
 [51]
 [55]
 [52]
 [49]]",3,2,pituitary,True,0.182284876704216,3.4737496434900095e-07,0.8177147507667542,0.00013693439541384578,1.5180891068666824e-06,0.999861478805542,1.0780750926642213e-05,4.3769038171603825e-08,0.9999891519546509,0.0608108639501855,6.36411036462429e-07,0.9391884605089823,2,pituitary,True
173,"[[49]
 [49]
 [52]
 [48]
 [52]
 [48]]",1,2,pituitary,True,8.418838115176186e-05,1.3796526445730706e-06,0.9999144077301025,0.0030808625742793083,6.281998503254727e-05,0.9968563318252563,0.0015791073674336076,0.0008843885152600706,0.9975365400314331,0.0015813861076215592,0.0003161960509790636,0.9981024265289307,2,pituitary,True
174,"[[49]
 [49]
 [52]
 [48]
 [52]
 [48]]",1,2,pituitary,True,0.019945858046412468,0.0003324200224597007,0.9797217845916748,0.04109426960349083,5.493402568390593e-05,0.9588508009910583,0.04778716340661049,0.0014493352500721812,0.950763463973999,0.03627576368550459,0.0006122297660719292,0.9631120165189108,2,pituitary,True
175,"[[49]
 [49]
 [52]
 [48]
 [52]
 [48]]",1,2,pituitary,True,0.03093107044696808,0.00023454500478692353,0.968834400177002,0.016609853133559227,4.263926166458987e-05,0.983347475528717,0.07368456572294235,0.0017190357903018594,0.9245964288711548,0.040408496434489884,0.0006654066855844576,0.9589261015256246,2,pituitary,True
176,"[[49]
 [49]
 [52]
 [51]
 [54]
 [49]]",1,2,pituitary,True,0.007062985096126795,6.919188308529556e-05,0.9928678274154663,0.16470208764076233,0.0014021099777892232,0.8338958024978638,0.10002858936786652,6.458399730036035e-05,0.8999068737030029,0.09059788736825188,0.0005119619527249597,0.908890167872111,2,pituitary,True
177,"[[49]
 [49]
 [52]
 [51]
 [54]
 [49]]",1,2,pituitary,True,0.0011416117195039988,7.831021321180742e-06,0.9988505840301514,0.014678544364869595,0.00011136328976135701,0.985210120677948,0.012423830106854439,3.271370587754063e-05,0.9875434637069702,0.009414662063742677,5.063600565335946e-05,0.9905347228050232,2,pituitary,True
178,"[[49]
 [49]
 [52]
 [51]
 [54]
 [49]]",1,2,pituitary,True,0.004497435875236988,0.00013293500524014235,0.9953696131706238,0.0413958765566349,0.0005507734604179859,0.9580533504486084,0.026742009446024895,2.244246752525214e-05,0.973235547542572,0.024211773959298927,0.00023538364439446013,0.9755528370539347,2,pituitary,True
179,"[[49]
 [48]
 [56]
 [57]
 [52]
 [53]]",3,0,meningioma,True,0.9953640699386597,0.0033794238697737455,0.0012564227217808366,0.9105949997901917,0.08837395906448364,0.0010310616344213486,0.9880686402320862,0.011902105994522572,2.9182163416408002e-05,0.9646759033203125,0.034551829642926656,0.0007722221732061977,0,meningioma,True
180,"[[49]
 [49]
 [52]
 [51]
 [54]
 [49]]",1,2,pituitary,True,0.00308557553216815,0.00028826258494518697,0.9966261386871338,0.014725537970662117,0.0002562903391662985,0.9850181937217712,0.03229979798197746,4.800075475941412e-05,0.9676522016525269,0.016703637161602575,0.00019751789295696653,0.9830988446871439,2,pituitary,True
181,"[[49]
 [49]
 [52]
 [48]
 [57]
 [52]]",1,2,pituitary,True,0.01957124099135399,4.157391958869994e-05,0.9803871512413025,0.000166266254382208,2.023955858021509e-05,0.9998134970664978,0.0007231525960378349,4.331779109634226e-06,0.9992725253105164,0.0068202199472580105,2.2048419092849752e-05,0.9931577245394388,2,pituitary,True
182,"[[49]
 [49]
 [52]
 [48]
 [57]
 [52]]",1,2,pituitary,True,0.07160568237304688,2.0447569113457575e-05,0.9283738732337952,0.0005986373289488256,7.756285413051955e-06,0.9993935823440552,0.1285284161567688,8.67036942509003e-05,0.8713849186897278,0.0669109119529215,3.830251625913661e-05,0.933050791422526,2,pituitary,True
183,"[[49]
 [49]
 [52]
 [48]
 [57]
 [52]]",1,2,pituitary,True,0.0001751950039761141,8.407932000409346e-06,0.9998164772987366,6.409608613466844e-05,7.099815775291063e-06,0.9999288320541382,0.007890495471656322,2.849743395927362e-06,0.9921066761016846,0.0027099288539223685,6.119163723875924e-06,0.9972839951515198,2,pituitary,True
184,"[[49]
 [49]
 [52]
 [48]
 [57]
 [52]]",1,2,pituitary,True,1.306989787508428e-07,1.5632525901310146e-05,0.9999842643737793,6.603067595278844e-05,3.6150679079582915e-05,0.999897837638855,0.001707642339169979,1.567166327731684e-05,0.9982767105102539,0.0005912679047005062,2.2484956086069967e-05,0.9993862708409628,2,pituitary,True
185,"[[49]
 [49]
 [52]
 [48]
 [57]
 [52]]",1,2,pituitary,True,1.115318582378677e-06,0.00010868122626561671,0.9998902082443237,8.136450924212113e-05,3.377832399564795e-05,0.999884843826294,0.0029472634196281433,0.000830340082757175,0.9962223768234253,0.0010099144158175477,0.0003242665443394799,0.9986658096313477,2,pituitary,True
186,"[[49]
 [48]
 [53]
 [57]
 [51]
 [54]]",1,2,pituitary,True,8.73959891123377e-08,1.1036582918677595e-06,0.9999988079071045,2.5958468086173525e-07,1.05515240989007e-09,0.9999997615814209,1.9361588783795014e-05,2.4590578959760023e-06,0.9999781847000122,6.569523151256362e-06,1.1879237800845506e-06,0.9999922513961792,2,pituitary,True
187,"[[49]
 [48]
 [53]
 [57]
 [51]
 [54]]",1,2,pituitary,True,6.607341219933005e-06,4.7838235332164913e-05,0.9999455213546753,1.7343490981147625e-05,4.194239863863913e-06,0.9999784231185913,7.27945807739161e-05,3.3365265608154004e-06,0.999923825263977,3.224847099166558e-05,1.8456333918948076e-05,0.9999492565790812,2,pituitary,True
188,"[[49]
 [48]
 [53]
 [57]
 [51]
 [54]]",1,2,pituitary,True,5.750813215854578e-05,0.00019808438082691282,0.9997443556785583,0.00013349499204196036,3.5944667615694925e-05,0.9998304843902588,0.003113633254542947,1.563881778565701e-05,0.9968706965446472,0.001101545459581151,8.322262207608826e-05,0.9988151788711548,2,pituitary,True
189,"[[49]
 [48]
 [54]
 [48]
 [54]
 [50]]",2,2,pituitary,True,0.0008964830194599926,0.0001276669354410842,0.9989758729934692,0.0012874186504632235,2.4591301553300582e-05,0.9986880421638489,0.00038210905040614307,6.527770892716944e-06,0.9996114373207092,0.000855336906776453,5.292866929570058e-05,0.9990917841593424,2,pituitary,True
190,"[[49]
 [48]
 [56]
 [57]
 [52]
 [53]]",3,0,meningioma,True,0.9994481205940247,0.00047038792399689555,8.147126209223643e-05,0.9411640167236328,0.05873239040374756,0.00010356112034060061,0.999755322933197,0.0002439205563860014,7.114717845979612e-07,0.9801224867502848,0.019815566294710152,6.191461807247833e-05,0,meningioma,True
191,"[[49]
 [48]
 [54]
 [48]
 [54]
 [50]]",2,2,pituitary,True,0.002020214218646288,0.0003048866637982428,0.9976748824119568,0.0018449591007083654,4.973917020834051e-05,0.9981052875518799,0.0010401193285360932,4.724837708636187e-06,0.9989551305770874,0.0016350975492969155,0.0001197835572384065,0.998245100180308,2,pituitary,True
192,"[[49]
 [48]
 [54]
 [48]
 [54]
 [50]]",2,2,pituitary,True,0.007502984255552292,0.000676192285027355,0.9918208122253418,0.003922873176634312,0.00011172657104907557,0.9959653615951538,0.0016473382711410522,1.433655052096583e-05,0.9983383417129517,0.004357731901109219,0.0002674184688657988,0.995374838511149,2,pituitary,True
193,"[[49]
 [48]
 [54]
 [48]
 [54]
 [50]]",2,2,pituitary,True,0.0037106331437826157,0.0012655436294153333,0.9950238466262817,0.005794723518192768,0.0005305354716256261,0.9936747550964355,0.00298341759480536,5.935738590778783e-05,0.9969571828842163,0.004162924752260248,0.0006184788289829157,0.9952185948689779,2,pituitary,True
194,"[[49]
 [48]
 [54]
 [48]
 [54]
 [50]]",2,2,pituitary,True,0.0019116668263450265,0.0005598810967057943,0.9975284934043884,0.002597216283902526,8.079608960542828e-05,0.9973220229148865,0.0005564545281231403,6.516196208394831e-06,0.9994370341300964,0.0016884458794568975,0.00021573112750653914,0.9980958501497904,2,pituitary,True
195,"[[49]
 [48]
 [54]
 [48]
 [54]
 [50]]",2,2,pituitary,True,0.001797238364815712,0.0001877554168459028,0.9980150461196899,0.001315953442826867,2.4427781681879424e-05,0.998659610748291,0.003077457193285227,3.6872472719551297e-06,0.9969189167022705,0.0020635496669759354,7.195681526657911e-05,0.9978645245234171,2,pituitary,True
196,"[[49]
 [48]
 [54]
 [48]
 [54]
 [50]]",2,2,pituitary,True,0.0019472113344818354,5.97825383010786e-05,0.997992992401123,0.0014159349957481027,1.601200165168848e-05,0.998568058013916,0.010350548662245274,6.9744910433655605e-06,0.9896424412727356,0.004571231664158404,2.7589676998710882e-05,0.9954011638959249,2,pituitary,True
197,"[[49]
 [48]
 [55]
 [52]
 [57]
 [53]]",3,2,pituitary,True,0.0020966508891433477,6.144825874798698e-06,0.9978971481323242,4.4120330130681396e-05,3.271667992521543e-06,0.9999525547027588,1.5381374396383762e-05,0.0001996877690544352,0.9997848868370056,0.0007187175312234709,6.970142097391847e-05,0.9992115298906962,2,pituitary,True
198,"[[49]
 [48]
 [55]
 [52]
 [57]
 [53]]",3,2,pituitary,True,0.004020797088742256,2.5764506062841974e-05,0.9959534406661987,6.247284909477457e-05,6.098969151935307e-06,0.9999314546585083,0.00015792383055668324,0.003961866721510887,0.9958802461624146,0.001413731256131238,0.0013312433989085548,0.9972550471623739,2,pituitary,True
199,"[[49]
 [48]
 [55]
 [52]
 [57]
 [53]]",3,2,pituitary,True,0.008872853592038155,0.0012159822508692741,0.9899111390113831,0.00015359959797933698,0.0003707111463882029,0.9994756579399109,0.0005025334539823234,0.001084855874069035,0.9984126091003418,0.0031763288813332715,0.000890516423775504,0.9959331353505453,2,pituitary,True
200,"[[49]
 [48]
 [55]
 [52]
 [57]
 [53]]",3,2,pituitary,True,0.005363903008401394,0.0036965073086321354,0.9909396171569824,0.0003380703565198928,0.006789285223931074,0.9928725957870483,0.00024776405189186335,0.0020859527867287397,0.9976663589477539,0.0019832458056043833,0.004190581773097317,0.9938261906305949,2,pituitary,True
201,"[[49]
 [48]
 [56]
 [57]
 [52]
 [53]]",3,0,meningioma,True,0.9991139769554138,0.0006328007439151406,0.00025319549604319036,0.952575147151947,0.047383587807416916,4.128666114411317e-05,0.9998045563697815,0.00019307257025502622,2.3685290670982795e-06,0.9838312268257141,0.01606982037386236,9.895022875146726e-05,0,meningioma,True
202,"[[49]
 [48]
 [55]
 [52]
 [57]
 [53]]",3,2,pituitary,True,0.001266844104975462,0.0014868713915348053,0.997246265411377,0.0002444354468025267,0.004878432955592871,0.9948771595954895,0.0003366525052115321,0.009629577398300171,0.9900338053703308,0.0006159773523298403,0.005331627248475949,0.9940524101257324,2,pituitary,True
203,"[[49]
 [48]
 [55]
 [52]
 [57]
 [53]]",3,2,pituitary,True,0.010925003327429295,0.003075663698837161,0.9859992861747742,0.0022657427471131086,0.009475416503846645,0.9882588386535645,0.002527900505810976,0.045169491320848465,0.9523026347160339,0.005239548860117793,0.01924019050784409,0.9755202531814575,2,pituitary,True
204,"[[49]
 [48]
 [55]
 [52]
 [50]
 [57]]",3,2,pituitary,True,0.16489022970199585,0.008521104231476784,0.8265886902809143,0.01670842431485653,0.13914835453033447,0.8441432118415833,0.013949209824204445,0.04315096512436867,0.9428998231887817,0.06518262128035228,0.06360680796205997,0.8712105751037598,2,pituitary,True
205,"[[49]
 [48]
 [55]
 [52]
 [50]
 [57]]",3,2,pituitary,True,0.2592746317386627,0.0023760355543345213,0.7383493185043335,0.008715357631444931,0.009494591504335403,0.9817901253700256,0.008747071959078312,0.0033496548421680927,0.9879032969474792,0.09224568710972865,0.005073427300279339,0.9026809136072794,2,pituitary,True
206,"[[49]
 [48]
 [55]
 [52]
 [50]
 [57]]",3,2,pituitary,True,0.3580332100391388,0.0022728992626070976,0.6396939158439636,0.0025112442672252655,0.0011657602153718472,0.9963229894638062,0.0009488944197073579,0.0010844814823940396,0.9979666471481323,0.12049778290869047,0.0015077136534576614,0.8779945174853007,2,pituitary,True
207,"[[49]
 [48]
 [55]
 [52]
 [50]
 [57]]",3,2,pituitary,True,0.9255039691925049,0.002990523586049676,0.07150543481111526,0.061850592494010925,0.011034037917852402,0.9271153211593628,0.02634057216346264,0.005517235491424799,0.9681421518325806,0.33789837794999283,0.006513932331775625,0.6555876359343529,2,pituitary,True
208,"[[49]
 [48]
 [55]
 [52]
 [50]
 [57]]",3,2,pituitary,True,0.8698550462722778,0.0012339215027168393,0.12891097366809845,0.02794523537158966,0.0129512008279562,0.959103524684906,0.06678158789873123,0.0035585318692028522,0.9296598434448242,0.3215272898475329,0.00591455139995863,0.6725581139326096,2,pituitary,True
209,"[[49]
 [48]
 [55]
 [52]
 [50]
 [57]]",3,2,pituitary,True,0.847818911075592,0.00036640200414694846,0.15181469917297363,0.028262939304113388,0.023474622517824173,0.9482623934745789,0.01988043822348118,0.006574261002242565,0.9735453724861145,0.2986540962010622,0.010138428508071229,0.691207488377889,2,pituitary,True
210,"[[49]
 [48]
 [55]
 [52]
 [50]
 [57]]",3,2,pituitary,True,0.37320300936698914,0.0030034391675144434,0.6237935423851013,0.011198855936527252,0.025479255244135857,0.96332186460495,0.0006188296829350293,0.007624815683811903,0.9917563199996948,0.12834023166215047,0.012035836698487401,0.859623908996582,2,pituitary,True
211,"[[49]
 [48]
 [55]
 [53]
 [48]
 [53]]",2,2,pituitary,True,0.0065968525595963,0.0024765096604824066,0.9909266233444214,0.0015888585476204753,0.00020060616952832788,0.9982105493545532,0.00035237104748375714,0.0004751534725073725,0.9991724491119385,0.0028460273849001774,0.0010507564341727023,0.9961032072703043,2,pituitary,True
212,"[[49]
 [48]
 [57]
 [52]
 [49]
 [49]]",2,0,meningioma,True,0.9856557846069336,0.01434031780809164,3.849070253636455e-06,0.6736842393875122,0.3263150155544281,6.850185059192881e-07,0.45671263337135315,0.5432873964309692,1.4136943568901494e-12,0.7053508857885996,0.29464757659782964,1.5113633910833668e-06,0,meningioma,True
213,"[[49]
 [48]
 [55]
 [53]
 [48]
 [53]]",2,2,pituitary,True,0.004062160383909941,0.004748247563838959,0.9911895990371704,0.007512531243264675,0.0005905351135879755,0.99189692735672,5.4777643526904285e-05,0.00017147760081570596,0.9997738003730774,0.0038764897569005066,0.00183675342608088,0.9942867755889893,2,pituitary,True
214,"[[49]
 [48]
 [55]
 [53]
 [48]
 [53]]",2,2,pituitary,True,0.015409786254167557,0.024275455623865128,0.9603148102760315,0.06415127962827682,0.01124360878020525,0.9246050715446472,0.002417515264824033,0.004445423372089863,0.9931371212005615,0.027326193715756137,0.013321495925386747,0.9593523343404134,2,pituitary,True
215,"[[49]
 [48]
 [55]
 [53]
 [48]
 [53]]",2,2,pituitary,True,0.0029800650663673878,0.006693563889712095,0.9903263449668884,0.009134792722761631,0.0013445899821817875,0.9895206689834595,2.2950114725972526e-05,6.2308918131748214e-06,0.9999707937240601,0.004045935967951664,0.0026814615879023527,0.993272602558136,2,pituitary,True
216,"[[49]
 [48]
 [55]
 [53]
 [48]
 [53]]",2,2,pituitary,True,0.004218990448862314,0.004778068978339434,0.9910029172897339,0.004352740943431854,0.0002527463366277516,0.9953945279121399,0.00033847158192656934,1.4937098967493512e-05,0.9996465444564819,0.0029700676580735794,0.0016819174713115597,0.9953479965527853,2,pituitary,True
217,"[[49]
 [48]
 [55]
 [55]
 [52]
 [51]]",2,2,pituitary,True,0.004289920907467604,0.0007673564832657576,0.9949427247047424,0.004593150224536657,0.00015623359649907798,0.9952505826950073,0.00024696686887182295,1.971597612282494e-06,0.9997510313987732,0.003043346000292028,0.00030852055912570603,0.996648112932841,2,pituitary,True
218,"[[49]
 [48]
 [55]
 [55]
 [52]
 [51]]",2,2,pituitary,True,0.0017618213314563036,0.0002639597514644265,0.9979742169380188,0.003188713453710079,0.00010016717715188861,0.9967111349105835,5.574776150751859e-05,8.643518185635912e-07,0.9999433755874634,0.0016687608488913004,0.00012166376014495957,0.9982095758120219,2,pituitary,True
219,"[[49]
 [48]
 [55]
 [55]
 [52]
 [51]]",2,2,pituitary,True,0.0013784205075353384,7.08906736690551e-05,0.9985507130622864,0.0027595434803515673,4.926901601720601e-05,0.9971912503242493,5.0527069106465206e-05,6.92103981236869e-07,0.9999487400054932,0.001396163685664457,4.0283931222499327e-05,0.9985635677973429,2,pituitary,True
220,"[[49]
 [48]
 [55]
 [55]
 [52]
 [51]]",2,2,pituitary,True,0.002020337153226137,0.00022424843336921185,0.9977554678916931,0.0013808828080073,4.886556416749954e-05,0.9985702037811279,0.00028850659145973623,4.796852408617269e-06,0.9997066855430603,0.0012299088508977245,9.263694998177623e-05,0.9986774524052938,2,pituitary,True
221,"[[49]
 [48]
 [56]
 [56]
 [53]
 [56]]",2,2,pituitary,True,0.0008531665662303567,0.00010273321095155552,0.9990441203117371,0.0005840075900778174,3.5066448617726564e-05,0.9993809461593628,4.750925654661842e-05,2.0686636617028853e-06,0.9999504089355469,0.0004948944709515976,4.6622774410328326e-05,0.9994584918022156,2,pituitary,True
222,"[[49]
 [48]
 [56]
 [56]
 [53]
 [56]]",2,2,pituitary,True,0.0004426802624948323,8.541014540242031e-05,0.9994719624519348,0.0012722802348434925,0.0001301289303228259,0.9985975623130798,0.0002850481541827321,4.975433330400847e-05,0.9996652603149414,0.0006666695505070189,8.84311363430849e-05,0.9992449283599854,2,pituitary,True
223,"[[49]
 [48]
 [49]
 [48]
 [49]
 [54]]",1,0,meningioma,True,0.9972232580184937,0.0016158267389982939,0.001161009888164699,0.9978200197219849,0.0011274795979261398,0.0010525021934881806,0.9999690055847168,5.231857358012348e-06,2.572878474893514e-05,0.9983374277750651,0.0009161793980941487,0.0007464136221339382,0,meningioma,True
224,"[[49]
 [48]
 [57]
 [57]
 [54]
 [56]]",2,0,meningioma,True,0.8123422265052795,0.1876569241285324,8.25579377305985e-07,0.7504695653915405,0.249529629945755,7.981722660588275e-07,0.07320722192525864,0.9267927408218384,1.372529090382102e-09,0.5453396712740263,0.45465976496537525,5.417080574850649e-07,0,meningioma,True
225,"[[49]
 [48]
 [56]
 [56]
 [53]
 [56]]",2,2,pituitary,True,0.002015289617702365,0.0010984797263517976,0.9968861937522888,0.005724279209971428,0.0013075200840830803,0.9929681420326233,0.00019092306320089847,6.682761886622757e-05,0.9997422099113464,0.0026434972969582304,0.0008242758097670352,0.9965321818987528,2,pituitary,True
226,"[[49]
 [48]
 [56]
 [56]
 [53]
 [56]]",2,2,pituitary,True,0.003204811131581664,0.001225674757733941,0.9955695271492004,0.00504218740388751,0.001009823172353208,0.9939479827880859,0.004001283552497625,0.002305338392034173,0.9936933517456055,0.0040827606959889335,0.001513612107373774,0.994403620560964,2,pituitary,True
227,"[[49]
 [48]
 [56]
 [56]
 [53]
 [56]]",2,2,pituitary,True,0.01394131314009428,0.0027267909608781338,0.9833319187164307,0.0022198220249265432,0.00021522364113479853,0.9975649118423462,0.0018398941028863192,0.00012537573638837785,0.9980347752571106,0.006000343089302381,0.00102246344613377,0.9929772019386292,2,pituitary,True
228,"[[49]
 [48]
 [56]
 [57]
 [51]
 [49]]",4,2,pituitary,True,1.7467629120915262e-08,1.4541374184773304e-06,0.9999985694885254,3.5355429872652167e-07,1.0106616628036136e-06,0.9999986886978149,9.986438089981675e-05,8.703587809577584e-06,0.9998914003372192,3.341180094255473e-05,3.722795630286176e-06,0.9999628861745199,2,pituitary,True
229,"[[49]
 [48]
 [56]
 [57]
 [51]
 [49]]",4,2,pituitary,True,3.543040747899795e-06,0.0023678664583712816,0.9976286292076111,7.5120124165550806e-06,4.17898190789856e-05,0.999950647354126,0.000394710194086656,3.647384073701687e-05,0.99956876039505,0.00013525508241703696,0.0008153767060624281,0.9990493456522623,2,pituitary,True
230,"[[49]
 [48]
 [56]
 [57]
 [51]
 [49]]",4,2,pituitary,True,1.070412167791801e-07,0.00033860019175335765,0.9996613264083862,2.2837484436877276e-07,8.47258615976898e-06,0.9999912977218628,0.00014412942982744426,2.2474279830930755e-05,0.999833345413208,4.8154948629530736e-05,0.00012318235258135246,0.9998286565144857,2,pituitary,True
231,"[[49]
 [48]
 [56]
 [57]
 [51]
 [49]]",4,2,pituitary,True,0.00018263493257109076,0.010933571495115757,0.9888837337493896,9.397300345881376e-06,8.470307511743158e-05,0.9999059438705444,0.0049713351763784885,0.0004102687234990299,0.9946184754371643,0.0017211224697651535,0.003809514431244073,0.9944693843523661,2,pituitary,True
232,"[[49]
 [48]
 [56]
 [57]
 [51]
 [49]]",4,2,pituitary,True,5.542722647078335e-06,2.3511549898103112e-06,0.9999921321868896,0.00011478075612103567,5.479542596731335e-05,0.9998303651809692,0.009349384345114231,7.775406265864149e-05,0.9905728697776794,0.0031565692746274485,4.496688120525505e-05,0.9967984557151794,2,pituitary,True
233,"[[49]
 [48]
 [57]
 [52]
 [55]
 [49]]",0,2,pituitary,True,0.009087721817195415,0.022866208106279373,0.9680460691452026,0.028058769181370735,0.13544140756130219,0.8364998698234558,0.0023796630557626486,0.015678249299526215,0.9819421172142029,0.013175384684776267,0.057995288322369255,0.9288293520609537,2,pituitary,True
234,"[[49]
 [48]
 [57]
 [52]
 [55]
 [49]]",0,2,pituitary,True,0.00624763872474432,0.017270002514123917,0.9764823317527771,0.019471289590001106,0.10202507674694061,0.8785036206245422,0.0016736252000555396,0.010545107536017895,0.987781286239624,0.009130851171600321,0.04328006226569414,0.9475890795389811,2,pituitary,True
235,"[[49]
 [48]
 [57]
 [57]
 [54]
 [56]]",2,0,meningioma,True,0.24906937777996063,0.7509292960166931,1.3838307495461777e-06,0.0348295196890831,0.9651681184768677,2.46438162321283e-06,0.025188174098730087,0.974811851978302,2.430211309967234e-10,0.1030290238559246,0.896969755490621,1.2828184646300016e-06,1,glioma,False
236,"[[49]
 [48]
 [57]
 [52]
 [55]
 [49]]",0,2,pituitary,True,0.007486314512789249,0.020157713443040848,0.9723559617996216,0.02068793959915638,0.10537462681531906,0.8739374279975891,0.0037441400345414877,0.020980633795261383,0.9752751588821411,0.010639464715495706,0.048837658017873764,0.9405228495597839,2,pituitary,True
237,"[[49]
 [48]
 [57]
 [52]
 [55]
 [49]]",0,2,pituitary,True,0.01206797081977129,0.030160436406731606,0.9577715992927551,0.03185456246137619,0.1796441227197647,0.7885012626647949,0.02092074789106846,0.10276948660612106,0.8763096928596497,0.02161442705740531,0.10419134857753913,0.8741941849390665,2,pituitary,True
238,"[[49]
 [48]
 [57]
 [52]
 [55]
 [49]]",0,2,pituitary,True,0.007805736735463142,0.021867964416742325,0.9703263640403748,0.021526657044887543,0.13835930824279785,0.8401139974594116,0.004993760026991367,0.02478896640241146,0.970217227935791,0.011442051269114017,0.061672079687317215,0.9268858631451925,2,pituitary,True
239,"[[49]
 [48]
 [57]
 [52]
 [55]
 [49]]",0,2,pituitary,True,0.007574200630187988,0.02148795872926712,0.9709378480911255,0.028391223400831223,0.1692219227552414,0.8023868799209595,0.008081760257482529,0.04551716148853302,0.9464011192321777,0.014682394762833914,0.07874234765768051,0.9065752824147543,2,pituitary,True
240,"[[49]
 [48]
 [57]
 [55]
 [54]
 [57]]",3,2,pituitary,True,0.0019900111947208643,0.00015311922470573336,0.9978569149971008,2.2410418750951067e-05,1.9088000044575892e-05,0.9999585151672363,8.661241736263037e-06,8.863664788805181e-07,0.9999904632568359,0.0006736942850693595,5.769786374306326e-05,0.999268631140391,2,pituitary,True
241,"[[49]
 [48]
 [57]
 [55]
 [54]
 [57]]",3,2,pituitary,True,0.017783716320991516,0.014989708550274372,0.9672265648841858,2.88518986053532e-05,0.004728090949356556,0.9952430129051208,4.210594852338545e-05,6.8915128395019565e-06,0.9999510049819946,0.005951558056040085,0.00657489700415681,0.9874735275904337,2,pituitary,True
242,"[[49]
 [48]
 [57]
 [55]
 [54]
 [57]]",3,2,pituitary,True,0.016495514661073685,0.00035737743019126356,0.9831470847129822,4.405105210025795e-05,0.00018049099890049547,0.9997754693031311,7.332501809287351e-06,1.4786718338655191e-06,0.9999911785125732,0.005515632738327743,0.0001797823669752082,0.9943045775095621,2,pituitary,True
243,"[[49]
 [48]
 [57]
 [55]
 [54]
 [57]]",3,2,pituitary,True,0.006121201906353235,0.0008764881058596075,0.9930022358894348,2.2348325728671625e-05,0.000206361772143282,0.9997712969779968,1.1545366760401521e-05,1.6890802498892299e-06,0.9999867677688599,0.002051698532947436,0.0003615129860842596,0.9975867668787638,2,pituitary,True
244,"[[49]
 [48]
 [57]
 [55]
 [54]
 [57]]",3,2,pituitary,True,0.01621459424495697,0.0010546419071033597,0.9827308058738708,0.00017536238010507077,0.0006740944227203727,0.9991505146026611,0.0002784171956591308,0.00010677001409931108,0.9996148347854614,0.0055561246069070576,0.0006118354479743479,0.9938320517539978,2,pituitary,True
245,"[[49]
 [48]
 [57]
 [56]
 [57]
 [56]]",1,2,pituitary,True,0.004394832532852888,0.000625144166406244,0.9949800372123718,0.0004296170955058187,1.490890468858197e-07,0.9995701909065247,0.07790207117795944,3.855848262901418e-06,0.9220941066741943,0.027575506935439382,0.00020971636790534376,0.9722147782643636,2,pituitary,True
246,"[[49]
 [48]
 [57]
 [57]
 [54]
 [56]]",2,0,meningioma,True,0.6990744471549988,0.30092504620552063,5.398725875238597e-07,0.43370169401168823,0.5662946105003357,3.7017971408204176e-06,0.350618839263916,0.6493811011314392,6.140791347641894e-11,0.4944649934768677,0.5055335859457651,1.4139103787525846e-06,1,glioma,False
247,"[[49]
 [48]
 [57]
 [56]
 [57]
 [56]]",1,2,pituitary,True,0.0009180281194858253,0.0026007459964603186,0.99648118019104,0.00035320885945111513,9.312782935921859e-07,0.9996458292007446,0.04311094060540199,1.9557166524464265e-05,0.9568694829940796,0.014794059194779644,0.0008737448137594583,0.9843321641286215,2,pituitary,True
248,"[[49]
 [48]
 [57]
 [56]
 [57]
 [56]]",1,2,pituitary,True,2.777889858407434e-05,0.00025070103583857417,0.9997214674949646,3.179338091285899e-05,3.7336673130994313e-07,0.9999678134918213,0.026231521740555763,5.872172914678231e-05,0.973709762096405,0.008763698006684232,0.0001032653772388888,0.9911330143610636,2,pituitary,True
249,"[[49]
 [49]
 [48]
 [53]
 [49]
 [56]]",4,2,pituitary,True,9.931312888511457e-06,0.0027106651104986668,0.9972794651985168,0.001614112756215036,0.002992528723552823,0.9953933954238892,0.0006075965357013047,8.950381925387774e-06,0.9993834495544434,0.0007438802016016174,0.0019040480719922925,0.9973521033922831,2,pituitary,True
250,"[[49]
 [49]
 [48]
 [53]
 [49]
 [56]]",4,2,pituitary,True,1.1728978961400571e-06,2.9718617952312343e-05,0.9999691247940063,0.0004924292443320155,0.00023047383001539856,0.9992770552635193,0.0004707074840553105,9.603470516594825e-07,0.9995282888412476,0.0003214365420944887,8.705093167312346e-05,0.9995914896329244,2,pituitary,True
251,"[[49]
 [49]
 [48]
 [53]
 [49]
 [56]]",4,2,pituitary,True,2.243271950419512e-07,2.1667449345841305e-06,0.999997615814209,0.0009991643019020557,0.0007098462665453553,0.9982909560203552,0.00033097833511419594,2.1498285605048295e-06,0.9996669292449951,0.00044345565473709786,0.00023805428001348142,0.9993185003598531,2,pituitary,True
252,"[[49]
 [49]
 [48]
 [53]
 [49]
 [56]]",4,2,pituitary,True,4.8798442549014e-06,0.001101690693758428,0.9988934397697449,0.0026135535445064306,0.002816772786900401,0.9945695996284485,0.011143372394144535,0.0065887318924069405,0.9822678565979004,0.004587268594301956,0.00350239845768859,0.9919102986653646,2,pituitary,True
253,"[[49]
 [49]
 [48]
 [53]
 [51]
 [55]]",0,2,pituitary,True,0.05804784968495369,0.08478689938783646,0.8571652173995972,0.04782499745488167,0.22024840116500854,0.7319266200065613,0.009651056490838528,0.04908537119626999,0.9412636160850525,0.03850796787689129,0.11804022391637166,0.8434518178304037,2,pituitary,True
254,"[[49]
 [49]
 [48]
 [53]
 [51]
 [55]]",0,2,pituitary,True,0.062480274587869644,0.09658291190862656,0.8409368395805359,0.04253653809428215,0.2466702163219452,0.7107931971549988,0.030665088444948196,0.12360178679227829,0.8457331657409668,0.0452273003757,0.15561830500761667,0.7991544008255005,2,pituitary,True
255,"[[49]
 [49]
 [48]
 [53]
 [51]
 [55]]",0,2,pituitary,True,0.06393663585186005,0.08831989765167236,0.8477434515953064,0.0452534444630146,0.19867344200611115,0.7560731172561646,0.0027146500069648027,0.016970129683613777,0.9803152084350586,0.037301576773946486,0.10132115644713242,0.8613772590955099,2,pituitary,True
256,"[[49]
 [49]
 [48]
 [53]
 [51]
 [55]]",0,2,pituitary,True,0.10473646223545074,0.14483213424682617,0.750431478023529,0.0558721125125885,0.28123342990875244,0.6628945469856262,0.006938232574611902,0.028102152049541473,0.9649596214294434,0.05584893577421705,0.15138923873504004,0.7927618821461996,2,pituitary,True
257,"[[49]
 [48]
 [57]
 [57]
 [54]
 [56]]",2,0,meningioma,True,0.9283819794654846,0.0716143324971199,3.6528106193145504e-06,0.3576289713382721,0.642362117767334,8.881592293619178e-06,0.4629371464252472,0.5370628237724304,6.703869126489792e-10,0.5829826990763346,0.4170130913456281,4.178357766615459e-06,0,meningioma,True
258,"[[49]
 [49]
 [48]
 [57]
 [57]
 [51]]",1,2,pituitary,True,2.082039873840813e-09,8.898271453006146e-09,1.0,5.089043952466454e-06,1.3318386393734727e-08,0.9999948740005493,2.9273298878251808e-06,4.062601988152892e-08,0.9999970197677612,2.6728186267218255e-06,2.0947559242756597e-08,0.9999972979227701,2,pituitary,True
259,"[[49]
 [49]
 [48]
 [57]
 [57]
 [51]]",1,2,pituitary,True,1.779254610312364e-08,2.8539714591602205e-08,1.0,3.104350616922602e-05,1.576072783393556e-08,0.9999688863754272,1.5529378742940025e-06,8.187754474420217e-09,0.9999984502792358,1.087141219654105e-05,1.749606563331933e-08,0.9999891122182211,2,pituitary,True
260,"[[49]
 [49]
 [48]
 [57]
 [57]
 [51]]",1,2,pituitary,True,1.1666838162227577e-07,5.881838305299425e-08,0.9999998807907104,2.3842061636969447e-05,1.0060327682026582e-08,0.9999761581420898,2.4469918571412563e-06,1.4998258635046113e-08,0.9999974966049194,8.801907291910993e-06,2.7958989790022315e-08,0.9999911785125732,2,pituitary,True
261,"[[49]
 [49]
 [49]
 [48]
 [55]
 [53]]",0,2,pituitary,True,0.052253734320402145,0.08413565903902054,0.863610565662384,0.034930381923913956,0.19165442883968353,0.773415207862854,0.006512439344078302,0.10103996098041534,0.8924476504325867,0.031232185196131468,0.12561001628637314,0.8431578079859415,2,pituitary,True
262,"[[49]
 [49]
 [49]
 [48]
 [55]
 [53]]",0,2,pituitary,True,0.034489039331674576,0.06072366237640381,0.9047873020172119,0.027036406099796295,0.17952533066272736,0.7934382557868958,0.0020889360457658768,0.03224359080195427,0.9656674265861511,0.021204793825745583,0.09083086128036182,0.8879643281300863,2,pituitary,True
263,"[[49]
 [49]
 [49]
 [48]
 [55]
 [53]]",0,2,pituitary,True,0.03791172057390213,0.06589742749929428,0.8961908221244812,0.032962407916784286,0.21310128271579742,0.7539362907409668,0.0026626409962773323,0.03427422419190407,0.96306312084198,0.024512256495654583,0.1044243114689986,0.8710634112358093,2,pituitary,True
264,"[[49]
 [49]
 [49]
 [48]
 [55]
 [53]]",0,2,pituitary,True,0.042190100997686386,0.07064802199602127,0.887161910533905,0.03608051314949989,0.21500933170318604,0.748910129070282,0.005812159739434719,0.06498660147190094,0.9292013049125671,0.028027591295540333,0.11688131839036942,0.8550911148389181,2,pituitary,True
265,"[[49]
 [49]
 [49]
 [48]
 [55]
 [53]]",0,2,pituitary,True,0.06446786224842072,0.10271194577217102,0.8328201770782471,0.05105264112353325,0.2956382930278778,0.6533091068267822,0.03407445177435875,0.4120124280452728,0.5539131164550781,0.049864985048770905,0.27012088894844055,0.6800141334533691,2,pituitary,True
266,"[[49]
 [49]
 [49]
 [49]
 [50]
 [53]]",3,2,pituitary,True,0.0064024110324680805,6.553692855959525e-06,0.9935910701751709,3.4578959457576275e-05,3.660603624666692e-07,0.9999650716781616,4.5196225073596e-06,8.725361766437345e-08,0.9999953508377075,0.002147169871477672,2.3356689453635227e-06,0.99785049756368,2,pituitary,True
267,"[[49]
 [49]
 [49]
 [49]
 [50]
 [53]]",3,2,pituitary,True,0.0007037337054498494,2.888381231969106e-06,0.999293327331543,9.624186350265518e-05,8.098756552499253e-06,0.9998956918716431,4.3751033445005305e-06,2.981776390242885e-07,0.9999953508377075,0.00026811689076566836,3.7617718078308826e-06,0.9997281233469645,2,pituitary,True
268,"[[49]
 [49]
 [48]
 [49]
 [49]
 [54]]",2,0,meningioma,True,0.0007091660518199205,0.00022915660520084202,0.999061644077301,0.3716152012348175,0.0324065126478672,0.5959782600402832,0.1343928575515747,0.0011460442328825593,0.8644611239433289,0.1689057416127374,0.011260571161983535,0.8198336760203043,2,pituitary,False
269,"[[49]
 [49]
 [49]
 [49]
 [50]
 [53]]",3,2,pituitary,True,0.0009580094483681023,3.6906030800309964e-06,0.9990383386611938,6.6309867179370485e-06,4.440912562131416e-07,0.9999929666519165,1.230913426297775e-06,1.2017463291158492e-07,0.9999986886978149,0.00032195711617077905,1.418289656385241e-06,0.9996766646703085,2,pituitary,True
270,"[[49]
 [49]
 [49]
 [49]
 [50]
 [53]]",3,2,pituitary,True,0.005102481693029404,2.66940958226769e-07,0.9948973059654236,5.521668299479643e-06,5.865784657999029e-08,0.9999943971633911,6.106257387727965e-06,5.5822738431743346e-08,0.9999938011169434,0.0017047032062388705,1.2714051441283422e-07,0.9982951680819193,2,pituitary,True
271,"[[49]
 [49]
 [49]
 [55]
 [56]
 [53]]",0,2,pituitary,True,0.02836328186094761,0.04585611820220947,0.9257805943489075,0.021973704919219017,0.09589209407567978,0.8821342587471008,0.005929035134613514,0.038130976259708405,0.9559400081634521,0.018755340638260048,0.059959729512532554,0.9212849537531534,2,pituitary,True
272,"[[49]
 [49]
 [49]
 [55]
 [56]
 [53]]",0,2,pituitary,True,0.08014392852783203,0.12017066031694412,0.7996854186058044,0.07046226412057877,0.2902386784553528,0.6392990946769714,0.13468776643276215,0.603229284286499,0.2620829939842224,0.09509798636039098,0.33787954101959866,0.5670225024223328,2,pituitary,True
273,"[[49]
 [49]
 [49]
 [55]
 [56]
 [53]]",0,2,pituitary,True,0.09847565740346909,0.14627988636493683,0.7552444934844971,0.07228600978851318,0.3047166168689728,0.6229974031448364,0.11933781206607819,0.5474540591239929,0.3332081437110901,0.09669982641935349,0.33281685411930084,0.5704833467801412,2,pituitary,True
274,"[[49]
 [49]
 [49]
 [55]
 [56]
 [53]]",0,2,pituitary,True,0.03546924144029617,0.057670723646879196,0.9068600535392761,0.032002877444028854,0.1522148996591568,0.8157822489738464,0.026477806270122528,0.2837219834327698,0.6898002028465271,0.031316641718149185,0.16453586891293526,0.8041475017865499,2,pituitary,True
275,"[[49]
 [49]
 [50]
 [48]
 [55]
 [52]]",2,2,pituitary,True,0.5934127569198608,0.041839830577373505,0.36474737524986267,0.039626047015190125,0.010334163904190063,0.950039803981781,0.9681686162948608,0.00032091664616018534,0.03151039406657219,0.5337358067433039,0.017498303709241252,0.448765857766072,0,meningioma,False
276,"[[49]
 [49]
 [50]
 [48]
 [55]
 [52]]",2,2,pituitary,True,0.1492244303226471,0.7675360441207886,0.08323950320482254,0.12019068747758865,0.04951216280460358,0.8302971124649048,0.9753262996673584,0.010380076244473457,0.014293624088168144,0.4149138058225314,0.27580942772328854,0.30927674658596516,0,meningioma,False
277,"[[49]
 [49]
 [50]
 [48]
 [55]
 [52]]",2,2,pituitary,True,0.28886669874191284,0.4669702649116516,0.24416305124759674,0.3359602689743042,0.20404525101184845,0.45999452471733093,0.903564989566803,0.06506823748350143,0.0313667394220829,0.5094639857610067,0.24536125113566717,0.24517477179567018,0,meningioma,False
278,"[[49]
 [49]
 [50]
 [48]
 [55]
 [52]]",2,2,pituitary,True,0.41357776522636414,0.4394182562828064,0.14700397849082947,0.23321563005447388,0.04447764530777931,0.7223067283630371,0.963697612285614,0.01562140230089426,0.020681006833910942,0.536830335855484,0.16650576796382666,0.2966639045625925,0,meningioma,False
279,"[[49]
 [49]
 [49]
 [48]
 [55]
 [55]]",3,0,meningioma,True,0.7466843128204346,0.23323889076709747,0.020076770335435867,0.11655677109956741,0.8336089849472046,0.04983421787619591,0.7519996762275696,0.24756202101707458,0.00043825129978358746,0.5384135867158572,0.43813663224379223,0.02344974650380512,0,meningioma,True
280,"[[49]
 [49]
 [50]
 [48]
 [55]
 [52]]",2,2,pituitary,True,0.5768893361091614,0.17046666145324707,0.2526439428329468,0.05111312121152878,0.007647204212844372,0.941239595413208,0.9009378552436829,0.0023275555577129126,0.09673462063074112,0.509646770854791,0.060147140407934785,0.4302060529589653,0,meningioma,False
281,"[[49]
 [49]
 [50]
 [54]
 [52]
 [57]]",0,2,pituitary,True,0.026740742847323418,0.046946629881858826,0.9263125658035278,0.022219600155949593,0.10601738840341568,0.8717630505561829,0.0007705371826887131,0.007535660173743963,0.9916937947273254,0.01657696006198724,0.05349989281967282,0.9299231370290121,2,pituitary,True
282,"[[49]
 [49]
 [50]
 [54]
 [52]
 [57]]",0,2,pituitary,True,0.038235776126384735,0.05992419645190239,0.901840090751648,0.030423907563090324,0.14962199330329895,0.8199541568756104,0.00503751914948225,0.03529936820268631,0.9596630930900574,0.024565734279652435,0.08161518598596255,0.8938191135724386,2,pituitary,True
283,"[[49]
 [49]
 [50]
 [54]
 [52]
 [57]]",0,2,pituitary,True,0.07179518043994904,0.09783674031496048,0.8303680419921875,0.05620046332478523,0.2563692331314087,0.6874302625656128,0.03172031417489052,0.292442262172699,0.6758373975753784,0.053238652646541595,0.2155494118730227,0.7312119007110596,2,pituitary,True
284,"[[49]
 [49]
 [50]
 [54]
 [52]
 [57]]",0,2,pituitary,True,0.04701824486255646,0.07085113972425461,0.8821306228637695,0.03651704639196396,0.1713617444038391,0.7921212315559387,0.004161188844591379,0.02640669234097004,0.9694321751594543,0.029232160033037264,0.08953985882302125,0.8812280098597208,2,pituitary,True
285,"[[49]
 [49]
 [50]
 [54]
 [52]
 [57]]",0,2,pituitary,True,0.03245193138718605,0.05291322246193886,0.9146348237991333,0.023654332384467125,0.12143351137638092,0.8549121022224426,0.0015444363234564662,0.012567098252475262,0.9858884215354919,0.019216900031703215,0.06230461069693168,0.9184784491856893,2,pituitary,True
286,"[[49]
 [49]
 [50]
 [55]
 [52]
 [54]]",2,2,pituitary,True,0.0027763131074607372,1.0734993338701315e-05,0.9972129464149475,0.00015041074948385358,1.63508809691848e-06,0.9998478889465332,7.388005087705096e-06,2.1172630226828915e-07,0.9999923706054688,0.0009780372873440986,4.193935912629361e-06,0.9990177353223165,2,pituitary,True
287,"[[49]
 [49]
 [50]
 [55]
 [52]
 [54]]",2,2,pituitary,True,0.03407365456223488,0.00012890658399555832,0.9657973647117615,0.0013547108974307775,6.849275905551622e-06,0.9986384510993958,0.00010935161844827235,1.452237370358489e-07,0.9998904466629028,0.011845905692704642,4.5300361212715266e-05,0.98810875415802,2,pituitary,True
288,"[[49]
 [49]
 [50]
 [55]
 [52]
 [54]]",2,2,pituitary,True,0.007464468479156494,0.00025408942019566894,0.9922813773155212,0.000669211964122951,1.5791383702890016e-05,0.9993150234222412,0.00011654460831778124,4.276743311493192e-06,0.9998791217803955,0.0027500750171990753,9.138584907001739e-05,0.9971585075060526,2,pituitary,True
289,"[[49]
 [49]
 [50]
 [55]
 [52]
 [54]]",2,2,pituitary,True,0.0034349332563579082,1.1604441169765778e-05,0.9965534210205078,0.00047146837459877133,5.320333912095521e-06,0.9995231628417969,2.063387910311576e-05,4.429036835063016e-07,0.9999788999557495,0.0013090118366865984,5.789226255122533e-06,0.9986851612726847,2,pituitary,True
290,"[[49]
 [49]
 [49]
 [48]
 [55]
 [55]]",3,0,meningioma,True,0.8655523657798767,0.10860560834407806,0.025842010974884033,0.2963174283504486,0.6228722929954529,0.08081026375293732,0.9685307741165161,0.026252325624227524,0.005216820165514946,0.7101335227489471,0.2525767423212528,0.03728969829777876,0,meningioma,True
291,"[[49]
 [49]
 [50]
 [55]
 [52]
 [54]]",2,2,pituitary,True,0.006994493305683136,0.0001396067818859592,0.9928659200668335,0.0020420411601662636,3.9753460441716015e-05,0.9979181885719299,6.607614341191947e-05,8.689476089784876e-06,0.9999252557754517,0.00303420353642044,6.26832394724867e-05,0.996903121471405,2,pituitary,True
292,"[[49]
 [49]
 [50]
 [56]
 [52]
 [55]]",4,2,pituitary,True,7.901757470563098e-08,0.006886225193738937,0.9931136965751648,2.57360639466242e-08,2.17260847534817e-07,0.9999997615814209,2.1666721295332536e-05,0.028266875073313713,0.9717114567756653,7.257158311328264e-06,0.011717772509300062,0.9882749716440836,2,pituitary,True
293,"[[49]
 [49]
 [50]
 [56]
 [52]
 [55]]",4,2,pituitary,True,3.675644165923586e-06,0.047885458916425705,0.9521108865737915,3.006009308137436e-07,8.800761861493811e-06,0.9999909400939941,0.00026747281663119793,0.03818827494978905,0.9615442156791687,9.048302057597842e-05,0.02869417820935875,0.9712153474489847,2,pituitary,True
294,"[[49]
 [49]
 [50]
 [56]
 [52]
 [55]]",4,2,pituitary,True,1.0521985132072587e-06,0.11025594919919968,0.8897429704666138,2.0409449916769518e-06,0.004389531910419464,0.995608389377594,1.14358326754882e-05,0.02566230483353138,0.9743262529373169,4.8429920601241365e-06,0.04676926198105017,0.9532258709271749,2,pituitary,True
295,"[[49]
 [49]
 [50]
 [56]
 [52]
 [55]]",4,2,pituitary,True,4.652379459457734e-08,0.011463014408946037,0.9885369539260864,1.547982577676521e-07,5.965204763924703e-06,0.9999939203262329,2.7554581265576417e-06,0.0009859430138021708,0.9990112781524658,9.855933929732903e-07,0.004151640875837377,0.9958473841349283,2,pituitary,True
296,"[[49]
 [49]
 [50]
 [56]
 [52]
 [55]]",4,2,pituitary,True,2.110497021590163e-08,0.005318379029631615,0.9946815371513367,1.7811375130349916e-07,3.9341262890957296e-05,0.9999604225158691,1.1259474376856815e-05,0.012627411633729935,0.9873613119125366,3.819564366125405e-06,0.005995043975417502,0.9940010905265808,2,pituitary,True
297,"[[49]
 [49]
 [51]
 [50]
 [55]
 [52]]",4,2,pituitary,True,0.0033309427089989185,0.9872689247131348,0.009400123730301857,0.0069306157529354095,0.1501815915107727,0.8428877592086792,0.17411117255687714,0.4686734974384308,0.35721534490585327,0.06145757700627049,0.5353746712207794,0.40316774261494476,1,glioma,False
298,"[[49]
 [49]
 [51]
 [50]
 [55]
 [52]]",4,2,pituitary,True,0.013945411890745163,0.9631955623626709,0.02285896986722946,0.002546813106164336,0.7830090522766113,0.2144441306591034,0.09641304612159729,0.866007387638092,0.037579577416181564,0.0376350903728356,0.8707373340924581,0.09162755931417148,1,glioma,False
299,"[[49]
 [49]
 [51]
 [50]
 [55]
 [52]]",4,2,pituitary,True,0.013580826111137867,0.9740472435951233,0.012371917255222797,0.006781202740967274,0.0839293971657753,0.9092894792556763,0.3872813284397125,0.4943925738334656,0.11832606792449951,0.13588111909727255,0.517456404864788,0.34666248814513284,1,glioma,False
300,"[[49]
 [49]
 [51]
 [50]
 [55]
 [52]]",4,2,pituitary,True,0.00811812561005354,0.9774512648582458,0.01443055085837841,0.010976357385516167,0.027674317359924316,0.9613493084907532,0.6624995470046997,0.07067347317934036,0.26682689785957336,0.2271980100000898,0.3585996851325035,0.41420225240290165,2,pituitary,True
301,"[[49]
 [49]
 [49]
 [48]
 [55]
 [55]]",3,0,meningioma,True,0.8568479418754578,0.11561690270900726,0.027535269036889076,0.6268874406814575,0.3411969542503357,0.031915564090013504,0.8307795524597168,0.1671428680419922,0.0020775897428393364,0.7715049783388773,0.20798557500044504,0.02050947428991397,0,meningioma,True
302,"[[49]
 [49]
 [51]
 [55]
 [52]
 [49]]",3,2,pituitary,True,0.00023464100377168506,5.366957793739857e-07,0.9997648596763611,2.0665734155045357e-06,1.7356117041344987e-06,0.9999961853027344,7.1138520070235245e-06,1.3401638909726898e-07,0.9999927282333374,8.127380973140437e-05,8.021079575352511e-07,0.9999179244041443,2,pituitary,True
303,"[[49]
 [49]
 [51]
 [55]
 [52]
 [49]]",3,2,pituitary,True,0.0012826722813770175,1.1271428093095892e-06,0.9987162351608276,7.83298492024187e-06,3.654646434370079e-06,0.9999885559082031,1.9655446521937847e-05,1.6089744292457908e-07,0.9999802112579346,0.00043672023760639905,1.6475622288680825e-06,0.9995616674423218,2,pituitary,True
304,"[[49]
 [49]
 [51]
 [55]
 [52]
 [49]]",3,2,pituitary,True,0.001977766864001751,2.6184679882135242e-06,0.9980195760726929,2.972065885842312e-05,1.983255287996144e-06,0.9999682903289795,2.5700269361550454e-06,5.40945821470018e-09,0.9999973773956299,0.0006700191832654431,1.5357109114747895e-06,0.9993284145991007,2,pituitary,True
305,"[[49]
 [49]
 [52]
 [48]
 [52]
 [48]]",1,2,pituitary,True,2.4503499389538774e-06,5.8260034165869e-06,0.999991774559021,9.830269118538126e-05,1.1654655054371688e-06,0.9999005794525146,0.0005397094646468759,2.558743062763824e-06,0.9994577765464783,0.000213487501923737,3.183403994929298e-06,0.9997833768526713,2,pituitary,True
306,"[[49]
 [49]
 [52]
 [48]
 [52]
 [48]]",1,2,pituitary,True,4.151320354139898e-06,5.401395173976198e-05,0.9999418258666992,5.388004501583055e-05,1.2025466276099905e-06,0.9999449253082275,0.004196546971797943,2.127620427927468e-05,0.9957821369171143,0.0014181927790559712,2.5497567548882216e-05,0.9985562960306803,2,pituitary,True
307,"[[49]
 [49]
 [52]
 [48]
 [52]
 [48]]",1,2,pituitary,True,1.4442538542880357e-07,2.1989042579662055e-05,0.9999778270721436,1.2632665857381653e-05,1.042123039951548e-05,0.9999769926071167,0.0034455752465873957,3.5990102333016694e-05,0.9965183734893799,0.0011527841126100686,2.2800125104064744e-05,0.99882439772288,2,pituitary,True
308,"[[49]
 [49]
 [52]
 [51]
 [54]
 [49]]",1,2,pituitary,True,0.00020294832938816398,3.392502912902273e-05,0.9997630715370178,2.080808008031454e-05,0.0013817036524415016,0.9985974431037903,0.0037087458185851574,9.56660442170687e-05,0.9961955547332764,0.0013108340760178787,0.0005037649085958643,0.9981853564580282,2,pituitary,True
309,"[[49]
 [49]
 [52]
 [51]
 [54]
 [49]]",1,2,pituitary,True,0.0019907434470951557,0.00031286830198951066,0.9976963400840759,0.0002828272699844092,0.0024912443477660418,0.9972259402275085,0.0411420576274395,0.0008235659333877265,0.958034336566925,0.014471876114839688,0.001209226194381093,0.9843188722928365,2,pituitary,True
310,"[[49]
 [49]
 [52]
 [51]
 [54]
 [49]]",1,2,pituitary,True,0.0035147424787282944,0.0006732995971105993,0.995811939239502,0.0006779240793548524,0.0034826230257749557,0.9958394765853882,0.004189949482679367,0.0007891004788689315,0.9950209856033325,0.002794205346920838,0.0016483410339181621,0.9955574671427408,2,pituitary,True
311,"[[49]
 [49]
 [52]
 [48]
 [57]
 [52]]",1,2,pituitary,True,2.4612611468910472e-06,7.549678412033245e-05,0.9999220371246338,1.527550193713978e-05,0.024008464068174362,0.975976288318634,0.0009108451195061207,0.054788775742053986,0.9443003535270691,0.00030952729419671715,0.026290912198116228,0.9733995596567789,2,pituitary,True
312,"[[49]
 [49]
 [49]
 [51]
 [54]
 [54]]",0,0,meningioma,True,0.48755621910095215,0.5118697285652161,0.0005740232300013304,0.2118849903345108,0.7861542105674744,0.0019608603324741125,0.6862384080886841,0.30954059958457947,0.004220955539494753,0.4618932058413823,0.53585484623909,0.0022519463673233986,1,glioma,False
313,"[[49]
 [49]
 [52]
 [48]
 [57]
 [52]]",1,2,pituitary,True,3.75945346604567e-05,0.0005323399091139436,0.9994300007820129,2.421568933641538e-05,0.6081360578536987,0.39183977246284485,0.009613359346985817,0.1724219173192978,0.8179647326469421,0.0032250565236608963,0.26036343836070347,0.7364115019639333,2,pituitary,True
314,"[[49]
 [49]
 [52]
 [48]
 [57]
 [52]]",1,2,pituitary,True,0.00021272104640956968,0.007239544298499823,0.9925476908683777,1.6227728337980807e-05,0.726723849773407,0.2732600271701813,0.0014796218601986766,0.017857419326901436,0.980663001537323,0.0005695235449820757,0.25060693779960275,0.7488235731919607,2,pituitary,True
315,"[[49]
 [49]
 [52]
 [48]
 [57]
 [52]]",1,2,pituitary,True,0.0012592481216415763,0.11572450399398804,0.8830162286758423,4.645078206522157e-06,0.9586019515991211,0.04139332100749016,0.0005804705433547497,0.4519682228565216,0.5474512577056885,0.0006147879144009494,0.5087648928165436,0.49062026912967366,1,glioma,False
316,"[[49]
 [48]
 [49]
 [48]
 [50]
 [57]]",2,2,pituitary,True,0.0015981864416971803,0.005284162703901529,0.9931176900863647,0.07427878677845001,0.19328749179840088,0.7324337363243103,0.0023744015488773584,0.00022876952425576746,0.9973968267440796,0.02608379158967485,0.06626680800885272,0.9076494177182516,2,pituitary,True
317,"[[49]
 [48]
 [49]
 [48]
 [50]
 [57]]",2,2,pituitary,True,5.750533819082193e-05,2.350930117245298e-05,0.9999189376831055,0.008755470626056194,0.018479889258742332,0.9727646708488464,0.002067807363346219,2.6864454412134364e-05,0.9979053735733032,0.0036269277758644116,0.0061767543381089736,0.9901963273684183,2,pituitary,True
318,"[[49]
 [48]
 [49]
 [49]
 [52]
 [53]]",3,2,pituitary,True,0.004440519493073225,2.858926382032223e-05,0.995530903339386,0.0010054841404780746,0.0006789015023969114,0.998315691947937,0.00021591046242974699,3.160510823363438e-05,0.9997524619102478,0.0018873046986603488,0.0002463652914836227,0.9978663523991903,2,pituitary,True
319,"[[49]
 [48]
 [49]
 [49]
 [52]
 [53]]",3,2,pituitary,True,0.013309072703123093,0.00015782170521561056,0.9865330457687378,0.0005283254431560636,0.0005771376891061664,0.9988945126533508,0.00039527364424429834,2.7089869035989977e-05,0.9995775818824768,0.004744223930174485,0.00025401642111925565,0.9950017134348551,2,pituitary,True
320,"[[49]
 [48]
 [49]
 [49]
 [52]
 [53]]",3,2,pituitary,True,0.004893884994089603,8.42281078803353e-05,0.9950219392776489,0.0002864655980374664,0.00044463842641562223,0.9992689490318298,0.06590767204761505,0.0006465385667979717,0.9334458112716675,0.023696007546580706,0.00039180170036464307,0.9759122331937155,2,pituitary,True
321,"[[49]
 [48]
 [49]
 [49]
 [52]
 [53]]",3,2,pituitary,True,0.0017789461417123675,5.094926382298581e-05,0.9981701374053955,0.00021962699247524142,0.00020448169379960746,0.9995759129524231,0.017697658389806747,0.00035103943082503974,0.9819513559341431,0.006565410507998119,0.000202156796149211,0.9932324687639872,2,pituitary,True
322,"[[49]
 [48]
 [49]
 [51]
 [48]
 [53]]",1,2,pituitary,True,1.5491249172328025e-08,2.996327168602875e-07,0.9999996423721313,0.0027884836308658123,0.0002566007897257805,0.9969549179077148,2.8673150154645555e-05,3.9670507590017223e-07,0.9999709129333496,0.0009390574240898767,8.576570917284698e-05,0.9989751577377319,2,pituitary,True
323,"[[49]
 [49]
 [49]
 [51]
 [54]
 [54]]",0,0,meningioma,True,0.5158306360244751,0.48355066776275635,0.0006187125109136105,0.2483101785182953,0.7490618824958801,0.002627927577123046,0.7706829309463501,0.22766384482383728,0.001653126091696322,0.5116079151630402,0.4867587983608246,0.0016332553932443261,0,meningioma,True
324,"[[49]
 [48]
 [49]
 [51]
 [48]
 [53]]",1,2,pituitary,True,4.551563108634582e-07,1.5491681324419915e-06,0.9999979734420776,0.007756534963846207,0.0007752253441140056,0.9914683103561401,0.00022137019550427794,8.181976909327204e-07,0.9997778534889221,0.0026594534385537827,0.00025919756997912674,0.9970813790957133,2,pituitary,True
325,"[[49]
 [48]
 [49]
 [51]
 [48]
 [53]]",1,2,pituitary,True,3.062382125662566e-09,2.802208598495781e-07,0.9999997615814209,0.00038891404983587563,3.2787644158815965e-05,0.9995782971382141,3.618298478613724e-06,1.852998821050278e-07,0.9999961853027344,0.00013084513689887167,1.1084388300256856e-05,0.9998580813407898,2,pituitary,True
326,"[[49]
 [48]
 [49]
 [51]
 [48]
 [53]]",1,2,pituitary,True,3.9210220847962773e-08,3.1568620215693954e-06,0.9999967813491821,0.00016903408686630428,0.00018721843662206084,0.9996436834335327,2.0041568404849386e-06,1.05147842077713e-06,0.9999969005584717,5.702581797587906e-05,6.380892568813579e-05,0.9998791217803955,2,pituitary,True
327,"[[49]
 [48]
 [49]
 [55]
 [50]
 [52]]",0,2,pituitary,True,0.09683369845151901,0.1496737003326416,0.7534926533699036,0.06516028195619583,0.16094130277633667,0.7738983631134033,0.004332820884883404,0.007442552130669355,0.9882246255874634,0.05544226709753275,0.10601918507988255,0.8385385473569235,2,pituitary,True
328,"[[49]
 [48]
 [49]
 [55]
 [50]
 [52]]",0,2,pituitary,True,0.06289157271385193,0.11331538110971451,0.8237930536270142,0.05671331286430359,0.16668277978897095,0.7766038775444031,0.007484261877834797,0.011634951457381248,0.9808807373046875,0.04236304915199677,0.09721103745202224,0.8604258894920349,2,pituitary,True
329,"[[49]
 [48]
 [50]
 [54]
 [52]
 [56]]",0,2,pituitary,True,0.323207288980484,0.5836191773414612,0.09317353367805481,0.05072209611535072,0.8783012628555298,0.0709766149520874,0.08356016129255295,0.4919019639492035,0.42453789710998535,0.15249651546279588,0.6512741347153982,0.1962293485800425,1,glioma,False
330,"[[49]
 [48]
 [50]
 [54]
 [52]
 [56]]",0,2,pituitary,True,0.3634866774082184,0.5343636870384216,0.10214966535568237,0.10703165829181671,0.736343264579773,0.15662503242492676,0.14764156937599182,0.12142235785722733,0.7309360504150391,0.20605330169200897,0.46404310315847397,0.32990358273188275,1,glioma,False
331,"[[49]
 [48]
 [50]
 [54]
 [52]
 [56]]",0,2,pituitary,True,0.33980464935302734,0.5510416626930237,0.10915369540452957,0.07470954209566116,0.7955870032310486,0.12970343232154846,0.18353644013404846,0.26194044947624207,0.5545231103897095,0.19935021052757898,0.5361897051334381,0.26446007937192917,1,glioma,False
332,"[[49]
 [48]
 [50]
 [54]
 [52]
 [56]]",0,2,pituitary,True,0.2976524233818054,0.5636624097824097,0.1386851817369461,0.04908227175474167,0.8438016176223755,0.10711611062288284,0.11963871866464615,0.3632710874080658,0.5170902013778687,0.15545780460039774,0.5902450382709503,0.2542971645792325,1,glioma,False
333,"[[49]
 [48]
 [50]
 [54]
 [52]
 [56]]",0,2,pituitary,True,0.3585452139377594,0.4661760628223419,0.17527876794338226,0.13714171946048737,0.5059990286827087,0.3568592667579651,0.10291394591331482,0.061082880944013596,0.8360031843185425,0.1995336264371872,0.34441932414968807,0.45604707300662994,2,pituitary,True
334,"[[49]
 [48]
 [49]
 [48]
 [49]
 [54]]",1,0,meningioma,True,0.9993133544921875,0.0005883431294932961,9.828843758441508e-05,0.9806077480316162,0.017457297071814537,0.00193502614274621,0.9963412880897522,0.0034304934088140726,0.00022819532023277134,0.9920874635378519,0.007158711203373969,0.0007538366335211322,0,meningioma,True
335,"[[49]
 [49]
 [49]
 [51]
 [54]
 [54]]",0,0,meningioma,True,0.5073345303535461,0.491741806268692,0.0009236098849214613,0.1816864311695099,0.8136740326881409,0.0046395533718168736,0.6706534028053284,0.30705946683883667,0.022287169471383095,0.4532247881094615,0.5374917685985565,0.009283444242707143,1,glioma,False
336,"[[49]
 [48]
 [50]
 [54]
 [52]
 [56]]",0,2,pituitary,True,0.32152917981147766,0.4792657196521759,0.19920510053634644,0.09748797863721848,0.572345495223999,0.3301665782928467,0.13676849007606506,0.10632501542568207,0.7569065093994141,0.18526188284158707,0.38597874343395233,0.4287593960762024,2,pituitary,True
337,"[[49]
 [48]
 [51]
 [48]
 [52]
 [54]]",0,2,pituitary,True,0.011125019751489162,0.021284056827425957,0.9675909280776978,0.02984524331986904,0.05825231969356537,0.9119024276733398,9.509392111795023e-05,0.0001029550694511272,0.9998019337654114,0.013688452330825385,0.026546443863480818,0.959765096505483,2,pituitary,True
338,"[[49]
 [48]
 [51]
 [48]
 [52]
 [54]]",0,2,pituitary,True,0.014441550709307194,0.02762053720653057,0.9579379558563232,0.03802826255559921,0.07252047955989838,0.889451265335083,0.00023791777493897825,0.0001933813327923417,0.9995686411857605,0.01756924367994846,0.033444799366407096,0.9489859541257223,2,pituitary,True
339,"[[49]
 [48]
 [51]
 [48]
 [52]
 [54]]",0,2,pituitary,True,0.021256515756249428,0.04500214383006096,0.9337413311004639,0.05526204779744148,0.12701824307441711,0.8177196979522705,0.0020296305883675814,0.001806139713153243,0.9961642026901245,0.026182731380686164,0.05794217553921044,0.9158750772476196,2,pituitary,True
340,"[[49]
 [48]
 [51]
 [50]
 [53]
 [55]]",1,2,pituitary,True,1.1877941338833686e-11,4.053280520111002e-07,0.9999996423721313,0.0003092023835051805,0.0028806268237531185,0.9968101382255554,2.799772573780501e-07,8.18077410258411e-07,0.999998927116394,0.00010316079088016662,0.000960616743071796,0.9989362359046936,2,pituitary,True
341,"[[49]
 [48]
 [51]
 [50]
 [53]
 [55]]",1,2,pituitary,True,5.445211503918301e-10,3.2909596825447807e-07,0.9999996423721313,0.00010881914931815118,9.456869884161279e-05,0.9997966885566711,5.195585686124105e-07,2.356565346417483e-06,0.9999971389770508,3.644641746930466e-05,3.2418120052094913e-05,0.9999311566352844,2,pituitary,True
342,"[[49]
 [48]
 [51]
 [50]
 [53]
 [55]]",1,2,pituitary,True,5.18572704777398e-08,9.473991667618975e-06,0.9999904632568359,0.00014982474385760725,0.000670590263325721,0.9991795420646667,1.839857873164874e-06,8.934634934121277e-06,0.9999892711639404,5.057215300041662e-05,0.00022966629664248708,0.9997197588284811,2,pituitary,True
343,"[[49]
 [48]
 [51]
 [50]
 [53]
 [55]]",1,2,pituitary,True,1.0514437462916248e-06,0.0007689971243962646,0.999229907989502,0.0001308978971792385,0.001597164897248149,0.9982719421386719,5.585292456089519e-06,6.941970059415326e-05,0.9999250173568726,4.5844877793873216e-05,0.0008118605740795223,0.9991422891616821,2,pituitary,True
344,"[[49]
 [48]
 [51]
 [50]
 [53]
 [55]]",1,2,pituitary,True,0.0003056748246308416,0.0033893510699272156,0.996304988861084,0.0007151982863433659,0.0023835874162614346,0.996901273727417,2.571449840615969e-05,0.0003584875667002052,0.9996157884597778,0.0003488625364601224,0.0020438086842962853,0.9976073503494263,2,pituitary,True
345,"[[49]
 [48]
 [51]
 [50]
 [53]
 [55]]",1,2,pituitary,True,0.00032904534600675106,0.2807781994342804,0.7188927531242371,0.0019207802833989263,0.016065672039985657,0.9820135235786438,6.523542833747342e-05,0.000877904414664954,0.999056875705719,0.0007716870192477169,0.099240591962977,0.8999877174695333,2,pituitary,True
346,"[[49]
 [49]
 [49]
 [51]
 [54]
 [54]]",0,0,meningioma,True,0.47723835706710815,0.5207726955413818,0.001988967414945364,0.10797785222530365,0.8853079676628113,0.006714157294481993,0.7682201266288757,0.22133366763591766,0.010446199215948582,0.4511454453070958,0.5424714436133703,0.006383107975125313,1,glioma,False
347,"[[49]
 [48]
 [51]
 [52]
 [55]
 [56]]",2,2,pituitary,True,0.00047168598393909633,0.000331310264300555,0.9991970658302307,0.1042957752943039,0.06321142613887787,0.8324928283691406,0.00020956764637958258,0.00019494247680995613,0.9995954632759094,0.03499234297487419,0.021245892959996127,0.9437617858250936,2,pituitary,True
348,"[[49]
 [48]
 [51]
 [52]
 [55]
 [56]]",2,2,pituitary,True,0.0005861827521584928,0.00025138130877166986,0.9991624355316162,0.0443306639790535,0.0386933907866478,0.9169759750366211,0.0006170911365188658,4.114001785637811e-05,0.9993417859077454,0.015177979289243618,0.012995304037758615,0.9718267321586609,2,pituitary,True
349,"[[49]
 [48]
 [51]
 [52]
 [55]
 [56]]",2,2,pituitary,True,0.0005681610782630742,0.0003900841693393886,0.999041736125946,0.05007383972406387,0.046062834560871124,0.9038633108139038,0.0007178426021710038,4.340347368270159e-05,0.9992387294769287,0.017119947801499318,0.015498774067964405,0.9673812588055929,2,pituitary,True
350,"[[49]
 [48]
 [51]
 [52]
 [55]
 [56]]",2,2,pituitary,True,0.0013256397796794772,0.00047558534424751997,0.9981988072395325,0.11014135926961899,0.03531414270401001,0.8545445203781128,0.0012603005161508918,5.6898232287494466e-05,0.9986827969551086,0.037575766521816455,0.01194887542684834,0.9504753748575846,2,pituitary,True
351,"[[49]
 [48]
 [51]
 [52]
 [55]
 [56]]",2,2,pituitary,True,0.006816251669079065,0.08683254569768906,0.9063512682914734,0.2010166496038437,0.5312203764915466,0.2677629888057709,0.009001185186207294,0.0006285455310717225,0.9903703331947327,0.07227802881971002,0.20622715590676913,0.7214948634306589,2,pituitary,True
352,"[[49]
 [48]
 [51]
 [52]
 [55]
 [56]]",2,2,pituitary,True,0.010931468568742275,0.4664340317249298,0.5226344466209412,0.17300011217594147,0.7435771226882935,0.08342278748750687,0.010346516035497189,0.0009266530396416783,0.9887268543243408,0.06475936559339364,0.40364593581762165,0.5315946961442629,2,pituitary,True
353,"[[49]
 [48]
 [51]
 [52]
 [55]
 [56]]",2,2,pituitary,True,0.006178274285048246,0.48300209641456604,0.5108196139335632,0.10948836803436279,0.7831448912620544,0.10736667364835739,0.0018522992031648755,0.004650706425309181,0.9934970140457153,0.0391729805075253,0.42359923136730987,0.537227767209212,2,pituitary,True
354,"[[49]
 [48]
 [51]
 [53]
 [56]
 [50]]",4,2,pituitary,True,0.5851925611495972,0.034420304000377655,0.3803870677947998,0.03692221641540527,0.0982944667339325,0.8647832870483398,0.5641002058982849,0.06096048280596733,0.3749392330646515,0.39540499448776245,0.06455841784675916,0.540036529302597,2,pituitary,True
355,"[[49]
 [48]
 [51]
 [53]
 [56]
 [50]]",4,2,pituitary,True,0.06666333228349686,0.01710364781320095,0.9162330031394958,0.11760690063238144,0.03270417079329491,0.8496888875961304,0.31765857338905334,0.024939289316534996,0.6574020981788635,0.1673096021016439,0.024915702641010284,0.8077746629714966,2,pituitary,True
356,"[[49]
 [48]
 [51]
 [53]
 [56]
 [50]]",4,2,pituitary,True,0.23465894162654877,0.04248558729887009,0.7228555083274841,0.18460169434547424,0.028984233736991882,0.7864140868186951,0.34536731243133545,0.020173080265522003,0.6344596147537231,0.2548759828011195,0.03054763376712799,0.7145764032999674,2,pituitary,True
357,"[[49]
 [49]
 [49]
 [53]
 [51]
 [50]]",4,0,meningioma,True,0.9922707080841064,0.007727336138486862,1.9159465409757104e-06,0.8083085417747498,0.19169151782989502,3.3108937813608463e-09,0.8318824172019958,0.16801384091377258,0.00010369128722231835,0.8774872223536173,0.12247756496071815,3.520351488569181e-05,0,meningioma,True
358,"[[49]
 [48]
 [51]
 [53]
 [56]
 [50]]",4,2,pituitary,True,0.6082167625427246,0.25794875621795654,0.13383451104164124,0.06183834746479988,0.30640482902526855,0.6317568421363831,0.2377399057149887,0.011054414324462414,0.7512056827545166,0.30259833857417107,0.1918026665225625,0.5055990119775137,2,pituitary,True
359,"[[49]
 [48]
 [51]
 [53]
 [56]
 [50]]",4,2,pituitary,True,0.626712441444397,0.3466753363609314,0.026612170040607452,0.02466539479792118,0.7399872541427612,0.23534727096557617,0.5627371072769165,0.02434939332306385,0.4129134714603424,0.40470498117307824,0.37033732794225216,0.224957637488842,0,meningioma,False
360,"[[49]
 [48]
 [51]
 [53]
 [56]
 [50]]",4,2,pituitary,True,0.01700025424361229,0.9564540386199951,0.026545755565166473,3.602569631766528e-05,0.986912727355957,0.013051321730017662,0.08078265190124512,0.06693033874034882,0.8522870540618896,0.03260631061372502,0.6700990349054337,0.29729471045235795,1,glioma,False
361,"[[49]
 [48]
 [51]
 [54]
 [55]
 [48]]",1,2,pituitary,True,1.0852562581931124e-06,4.783731492352672e-05,0.9999511241912842,0.000841752567794174,0.0008931533666327596,0.9982650876045227,0.0003147188981529325,2.7991767638013698e-05,0.9996572732925415,0.0003858522407350999,0.0003229941497314333,0.9992911616961161,2,pituitary,True
362,"[[49]
 [48]
 [51]
 [54]
 [55]
 [48]]",1,2,pituitary,True,5.93947152083274e-06,3.865150938509032e-05,0.999955415725708,0.0008731238194741309,0.0006193004082888365,0.998507559299469,0.0010752050438895822,9.968826634576544e-05,0.9988251328468323,0.0006514227782948486,0.0002525467280065641,0.9990960359573364,2,pituitary,True
363,"[[49]
 [48]
 [51]
 [54]
 [55]
 [48]]",1,2,pituitary,True,2.7505179787112866e-06,0.0004710190696641803,0.9995262622833252,0.00016457414312753826,0.00031282074633054435,0.9995225667953491,0.0019519218476489186,6.801439303671941e-05,0.9979800581932068,0.0007064155029183894,0.00028395140301048133,0.9990096290906271,2,pituitary,True
364,"[[49]
 [48]
 [51]
 [54]
 [55]
 [49]]",0,2,pituitary,True,0.5252230763435364,0.4537665545940399,0.02101036161184311,0.3229093849658966,0.4862309396266937,0.19085964560508728,0.09958638995885849,0.04204124957323074,0.8583723902702332,0.31590628375609714,0.32734624793132144,0.35674746582905453,2,pituitary,True
365,"[[49]
 [48]
 [51]
 [54]
 [55]
 [49]]",0,2,pituitary,True,0.4322682321071625,0.5119432210922241,0.055788591504096985,0.17042537033557892,0.4920822083950043,0.3374924063682556,0.031613241881132126,0.010758974589407444,0.9576278328895569,0.2114356147746245,0.3382614680255453,0.45030294358730316,2,pituitary,True
366,"[[49]
 [48]
 [51]
 [54]
 [55]
 [49]]",0,2,pituitary,True,0.41390934586524963,0.4986465275287628,0.08744407445192337,0.208833247423172,0.3282639682292938,0.4629027545452118,0.013159447349607944,0.003515940625220537,0.9833246469497681,0.21196734687934318,0.27680881212775904,0.5112238253156344,2,pituitary,True
367,"[[49]
 [48]
 [51]
 [54]
 [55]
 [49]]",0,2,pituitary,True,0.38556182384490967,0.516231894493103,0.09820626676082611,0.14944376051425934,0.41631537675857544,0.43424084782600403,0.027908971533179283,0.009910762310028076,0.9621802568435669,0.18763818529744944,0.31415267785390216,0.4982091238101323,2,pituitary,True
368,"[[49]
 [49]
 [49]
 [53]
 [51]
 [50]]",4,0,meningioma,True,0.9997928738594055,0.00020713322737719864,5.188059981620086e-10,0.9999823570251465,1.7684871636447497e-05,2.7187136548111057e-13,0.9523531198501587,0.047646865248680115,1.7477537639365437e-08,0.9840427835782369,0.015957227782564587,5.9988718362976425e-09,0,meningioma,True
369,"[[49]
 [48]
 [51]
 [55]
 [51]
 [49]]",1,2,pituitary,True,1.1866775340152458e-09,7.212612672446994e-06,0.9999927282333374,0.1256968230009079,0.11504429578781128,0.7592588663101196,0.0004933801246806979,0.0003421544097363949,0.9991644620895386,0.04206340143742204,0.03846455427007337,0.9194720188776652,2,pituitary,True
370,"[[49]
 [48]
 [51]
 [55]
 [51]
 [49]]",1,2,pituitary,True,1.3813504784465636e-09,5.207111257732322e-07,0.9999995231628418,0.08141254633665085,0.004741597920656204,0.9138458967208862,0.00011404792894609272,1.0865816875593737e-05,0.9998750686645508,0.027175531882315807,0.0015843281495525237,0.9712401628494263,2,pituitary,True
371,"[[49]
 [48]
 [51]
 [55]
 [51]
 [49]]",1,2,pituitary,True,4.1630656255620124e-08,2.16719354284578e-06,0.9999977350234985,0.15568314492702484,0.0040030088275671005,0.8403138518333435,6.110715185059234e-05,2.490430688339984e-06,0.9999363422393799,0.051914764569843896,0.0013358888172660954,0.9467493096987406,2,pituitary,True
372,"[[49]
 [48]
 [51]
 [55]
 [51]
 [49]]",1,2,pituitary,True,1.0013869200520276e-07,0.00020492245675995946,0.9997950196266174,0.026811590418219566,0.002123836427927017,0.9710645079612732,3.6307541449787095e-05,4.772210104420083e-06,0.999958872795105,0.008949332699453786,0.000777843698263799,0.9902728001276652,2,pituitary,True
373,"[[49]
 [48]
 [51]
 [55]
 [51]
 [49]]",1,2,pituitary,True,2.0158492475275125e-07,0.0003011096559930593,0.9996987581253052,0.012919982895255089,0.003768377937376499,0.983311653137207,7.838979217922315e-05,1.8255337636219338e-05,0.9999033212661743,0.004332858090786355,0.001362580977001926,0.9943045775095621,2,pituitary,True
374,"[[49]
 [48]
 [51]
 [55]
 [51]
 [49]]",1,2,pituitary,True,0.0001895064633572474,0.00143480917904526,0.998375654220581,0.10943467915058136,0.011585009284317493,0.878980278968811,0.0006521305185742676,4.1054823668673635e-05,0.9993067979812622,0.03675877204417096,0.004353624429010476,0.9588875770568848,2,pituitary,True
375,"[[49]
 [48]
 [51]
 [55]
 [51]
 [49]]",1,2,pituitary,True,0.0011387510458007455,0.016674324870109558,0.9821869134902954,0.3086540102958679,0.020128674805164337,0.6712173223495483,0.004246112424880266,0.0014642014866694808,0.9942896366119385,0.10467962458884965,0.012755733720647791,0.8825646241505941,2,pituitary,True
376,"[[49]
 [48]
 [51]
 [55]
 [51]
 [49]]",1,2,pituitary,True,3.793833457166329e-06,0.7321812510490417,0.2678150236606598,0.05027175322175026,0.09564884006977081,0.8540793657302856,0.001235071918927133,0.017611216753721237,0.981153666973114,0.01717020632471152,0.2818137692908446,0.7010160187880198,2,pituitary,True
377,"[[49]
 [48]
 [51]
 [55]
 [51]
 [49]]",1,2,pituitary,True,2.3424821193884782e-08,0.9988675117492676,0.0011324858060106635,0.04441040754318237,0.2826250195503235,0.6729645729064941,0.0003505923377815634,0.23041626811027527,0.7692331075668335,0.014920341101928377,0.5039695998032888,0.4811100554264461,1,glioma,False
378,"[[49]
 [48]
 [51]
 [55]
 [51]
 [49]]",1,2,pituitary,True,2.3650762159377337e-05,0.9573298692703247,0.04264644533395767,0.24086619913578033,0.18461725115776062,0.5745165348052979,0.00016485597006976604,0.8161733746528625,0.1836617887020111,0.08035156862266983,0.6527068316936493,0.2669415896137555,1,glioma,False
379,"[[49]
 [49]
 [49]
 [53]
 [51]
 [50]]",4,0,meningioma,True,0.9884688258171082,0.01153123751282692,1.9931891206970143e-11,0.9999979734420776,2.037353169725975e-06,1.3136183372328256e-18,0.9358791708946228,0.06412079930305481,1.1580166825453375e-09,0.9747819900512695,0.02521802472301715,3.926495250219753e-10,0,meningioma,True
380,"[[49]
 [48]
 [51]
 [56]
 [51]
 [55]]",0,2,pituitary,True,0.1267632097005844,0.1320583075284958,0.7411785125732422,0.0822518840432167,0.10952866822481155,0.8082194328308105,0.000936575117520988,0.00520332669839263,0.993860125541687,0.0699838896204407,0.08226343415056665,0.8477526903152466,2,pituitary,True
381,"[[49]
 [48]
 [51]
 [56]
 [51]
 [55]]",0,2,pituitary,True,0.10674010217189789,0.11383979767560959,0.7794201374053955,0.09508820623159409,0.11590227484703064,0.7890095114707947,0.0005271441768854856,0.0025151544250547886,0.9969576597213745,0.06745181752679248,0.07741907564923167,0.8551291028658549,2,pituitary,True
382,"[[49]
 [48]
 [51]
 [56]
 [51]
 [55]]",0,2,pituitary,True,0.09466573596000671,0.10566461086273193,0.799669623374939,0.0935133621096611,0.11914488673210144,0.7873417139053345,0.000351393420714885,0.0014465522253885865,0.9982020854949951,0.0628434971634609,0.07541868327340732,0.8617378075917562,2,pituitary,True
383,"[[49]
 [48]
 [51]
 [56]
 [51]
 [55]]",0,2,pituitary,True,0.08603659272193909,0.0962127223610878,0.8177507519721985,0.08685614168643951,0.11666321009397507,0.7964805960655212,0.00037881374009884894,0.0019152872264385223,0.99770587682724,0.05775718271615915,0.07159707322716713,0.8706457416216532,2,pituitary,True
384,"[[49]
 [48]
 [51]
 [56]
 [51]
 [55]]",0,2,pituitary,True,0.06125563010573387,0.07881951332092285,0.859924852848053,0.05600898340344429,0.08959585428237915,0.8543951511383057,0.00029947474831715226,0.0012888956116512418,0.9984116554260254,0.039188029419165105,0.05656808773831775,0.9042438864707947,2,pituitary,True
385,"[[49]
 [48]
 [51]
 [56]
 [51]
 [55]]",0,2,pituitary,True,0.06225648894906044,0.07859624177217484,0.859147310256958,0.050555359572172165,0.07821565866470337,0.8712289333343506,0.00018454133532941341,0.0008828900754451752,0.9989325404167175,0.03766546328552067,0.05256493017077446,0.909769594669342,2,pituitary,True
386,"[[49]
 [48]
 [51]
 [56]
 [51]
 [55]]",0,2,pituitary,True,0.059008970856666565,0.08017948269844055,0.8608114719390869,0.03920486569404602,0.07154938578605652,0.8892457485198975,0.00046089643728919327,0.0016929515404626727,0.9978461265563965,0.03289157766266726,0.05114060667498658,0.9159677823384603,2,pituitary,True
387,"[[49]
 [48]
 [51]
 [56]
 [51]
 [55]]",0,2,pituitary,True,0.05474422499537468,0.0782228484749794,0.8670329451560974,0.03809325024485588,0.0792490616440773,0.8826577663421631,0.0004228964971844107,0.0016183035913854837,0.997958779335022,0.031086790579138324,0.05303007123681406,0.9158831636110941,2,pituitary,True
388,"[[49]
 [48]
 [52]
 [48]
 [49]
 [57]]",1,2,pituitary,True,4.630321200238541e-05,1.619839508748555e-06,0.9999520778656006,0.03586428612470627,0.001345392782241106,0.962790310382843,0.001392168807797134,0.0006042757886461914,0.9980035424232483,0.012434252714835262,0.0006504294701320154,0.9869153102238973,2,pituitary,True
389,"[[49]
 [48]
 [52]
 [48]
 [49]
 [57]]",1,2,pituitary,True,3.007845407410059e-06,5.427917244560376e-07,0.9999964237213135,0.01623685657978058,0.0008470991160720587,0.9829161167144775,0.0003599079791456461,0.00044890824938192964,0.9991912245750427,0.005533257468111212,0.0004321833857261481,0.9940345883369446,2,pituitary,True
390,"[[49]
 [49]
 [50]
 [48]
 [48]
 [50]]",3,0,meningioma,True,0.9287389516830444,0.07011248171329498,0.0011485277209430933,0.6100783348083496,0.2879815995693207,0.1019400879740715,0.9682192206382751,0.02978990599513054,0.0019908626563847065,0.8356788357098898,0.1292946624259154,0.03502649278379977,0,meningioma,True
391,"[[49]
 [48]
 [52]
 [48]
 [49]
 [57]]",1,2,pituitary,True,3.498204478091793e-06,4.9678128277719225e-08,0.9999964237213135,0.01094235759228468,0.00019958190387114882,0.9888581037521362,0.00014597258996218443,0.0002472844789735973,0.9996067881584167,0.0036972761289083187,0.00014897202032434129,0.9961537718772888,2,pituitary,True
392,"[[49]
 [48]
 [52]
 [48]
 [49]
 [57]]",1,2,pituitary,True,2.7304195100441575e-06,1.9257520023074903e-07,0.9999970197677612,0.027086468413472176,0.0009070225059986115,0.9720065593719482,8.592653466621414e-05,0.00012125583452871069,0.9997928738594055,0.009058375122549478,0.00034282363857585096,0.9905988176663717,2,pituitary,True
393,"[[49]
 [48]
 [52]
 [53]
 [53]
 [56]]",0,2,pituitary,True,0.2009480595588684,0.2909342348575592,0.50811767578125,0.05421065911650658,0.3030061721801758,0.6427831649780273,0.0041998159140348434,0.0024519278667867184,0.9933481812477112,0.0864528448631366,0.1987974449681739,0.7147496740023295,2,pituitary,True
394,"[[49]
 [48]
 [52]
 [53]
 [53]
 [56]]",0,2,pituitary,True,0.19915834069252014,0.27414143085479736,0.5267001986503601,0.06005353853106499,0.2267901599407196,0.7131562829017639,0.0016431484837085009,0.0009352405904792249,0.9974216222763062,0.0869516759024312,0.16728894379533207,0.7457593679428101,2,pituitary,True
395,"[[49]
 [48]
 [52]
 [53]
 [53]
 [56]]",0,2,pituitary,True,0.2510218024253845,0.32133808732032776,0.4276401400566101,0.07504142075777054,0.2433178573846817,0.6816407442092896,0.001403898117132485,0.000798758992459625,0.9977973699569702,0.10915570710009585,0.1884849012324897,0.7023594180742899,2,pituitary,True
396,"[[49]
 [48]
 [52]
 [53]
 [53]
 [56]]",0,2,pituitary,True,0.23499040305614471,0.35963940620422363,0.40537014603614807,0.054431747645139694,0.3769398629665375,0.5686283707618713,0.007189077325165272,0.002739029238000512,0.9900718927383423,0.0988704093421499,0.24643943280292055,0.6546901365121206,2,pituitary,True
397,"[[49]
 [48]
 [52]
 [53]
 [53]
 [56]]",0,2,pituitary,True,0.1600678563117981,0.23891600966453552,0.601016104221344,0.03999016061425209,0.15622742474079132,0.8037824630737305,0.0002945747983176261,0.0001720284199109301,0.9995334148406982,0.06678419724145594,0.13177182094174592,0.8014439940452576,2,pituitary,True
398,"[[49]
 [48]
 [52]
 [53]
 [53]
 [56]]",0,2,pituitary,True,0.12354036420583725,0.20099371671676636,0.6754658818244934,0.03111322969198227,0.12863841652870178,0.8402484059333801,0.0002151985390810296,9.839155245572329e-05,0.9996864795684814,0.05162293081230018,0.10991017493264128,0.8384669224421183,2,pituitary,True
399,"[[49]
 [48]
 [52]
 [53]
 [53]
 [56]]",0,2,pituitary,True,0.14065402746200562,0.2408805787563324,0.6184654235839844,0.030227433890104294,0.18593460321426392,0.7838379740715027,0.0009289238369092345,0.0004438231117092073,0.9986273050308228,0.057270128396339715,0.1424196683607685,0.8003102342287699,2,pituitary,True
400,"[[49]
 [48]
 [52]
 [53]
 [53]
 [56]]",0,2,pituitary,True,0.1710461974143982,0.2880585193634033,0.5408952832221985,0.03862474858760834,0.2470902055501938,0.7142850756645203,0.0029354055877774954,0.001093795639462769,0.9959707856178284,0.07086878386326134,0.17874750685101995,0.750383714834849,2,pituitary,True
401,"[[49]
 [49]
 [50]
 [48]
 [48]
 [50]]",3,0,meningioma,True,0.5838630199432373,0.41499796509742737,0.0011390037834644318,0.6077588796615601,0.39137324690818787,0.0008678442100062966,0.9901840090751648,0.009811688214540482,4.393761173560051e-06,0.727268636226654,0.2720609667400519,0.0006704139182147628,0,meningioma,True
402,"[[49]
 [48]
 [52]
 [54]
 [56]
 [52]]",3,2,pituitary,True,0.009161693044006824,2.1874178855796345e-05,0.9908164739608765,1.2105789437555359e-06,3.9033478969940916e-05,0.9999597072601318,7.347579185079667e-07,1.8438813143006882e-08,0.9999992847442627,0.0030545461269563625,2.0308698879626757e-05,0.996925155321757,2,pituitary,True
403,"[[49]
 [48]
 [52]
 [54]
 [56]
 [52]]",3,2,pituitary,True,0.011381945572793484,1.4201687008608133e-05,0.9886038303375244,2.0406246221682522e-06,7.58606765884906e-05,0.9999220371246338,2.185481207561679e-06,1.5725570179370152e-08,0.9999978542327881,0.003795390559541071,3.0026029722426035e-05,0.9961745738983154,2,pituitary,True
404,"[[49]
 [48]
 [52]
 [54]
 [56]
 [52]]",3,2,pituitary,True,0.003661257214844227,0.00014100033149588853,0.9961977601051331,6.3321663219539914e-06,0.0002572821103967726,0.9997363686561584,1.0560151167737786e-05,3.12531426516216e-07,0.9999891519546509,0.0012260498441113061,0.00013286499110639247,0.9986410935719808,2,pituitary,True
405,"[[49]
 [48]
 [52]
 [54]
 [56]
 [52]]",3,2,pituitary,True,0.0019555685576051474,1.5592882846249267e-05,0.9980288147926331,3.523437271724106e-06,5.2160434279358014e-05,0.9999443292617798,4.402405920700403e-06,2.511879060307365e-08,0.9999955892562866,0.0006544981335991906,2.259281197207012e-05,0.9993229111035665,2,pituitary,True
406,"[[49]
 [48]
 [52]
 [54]
 [56]
 [52]]",3,2,pituitary,True,0.009207555092871189,0.00011299097968731076,0.9906794428825378,1.6388328731409274e-05,0.00028230357565917075,0.9997013211250305,0.00010635000944603235,2.7257590318185976e-07,0.999893307685852,0.0031100978103495436,0.00013185571041655444,0.9967580238978068,2,pituitary,True
407,"[[49]
 [48]
 [52]
 [54]
 [56]
 [52]]",3,2,pituitary,True,0.03768986091017723,0.0004711667133960873,0.9618389010429382,2.4544437110307626e-05,0.00012693322787526995,0.999848484992981,9.767425217432901e-05,7.620302540090051e-07,0.999901533126831,0.012604026533153956,0.0001996206571751221,0.9871963063875834,2,pituitary,True
408,"[[49]
 [48]
 [52]
 [54]
 [56]
 [52]]",3,2,pituitary,True,0.0788448229432106,0.04117739573121071,0.8799777626991272,2.0035371562698856e-05,0.0002421506360406056,0.9997377991676331,0.00029542561969719827,0.00014325810479931533,0.9995612502098083,0.026386761311490165,0.01385426815735021,0.9597589373588562,2,pituitary,True
409,"[[49]
 [48]
 [52]
 [54]
 [56]
 [52]]",3,2,pituitary,True,0.05764735862612724,0.28406110405921936,0.6582915782928467,0.00011511422781040892,0.0013027673121541739,0.998582124710083,0.002125311875715852,0.05066470429301262,0.9472099542617798,0.0199625949098845,0.11200952522146206,0.8680278857549032,2,pituitary,True
410,"[[49]
 [48]
 [52]
 [54]
 [56]
 [52]]",3,2,pituitary,True,0.07894888520240784,0.1092587411403656,0.8117923736572266,0.0017691187094897032,0.004771828185766935,0.9934590458869934,0.04349580034613609,0.08722192049026489,0.8692823052406311,0.041404601419344544,0.06708416327213247,0.8915112415949503,2,pituitary,True
411,"[[49]
 [48]
 [52]
 [57]
 [49]
 [50]]",2,2,pituitary,True,3.539542603903101e-06,1.4002966963744257e-05,0.999982476234436,0.0007671892526559532,0.0012272738385945559,0.9980055689811707,2.0359180780360475e-05,2.0196024763663445e-07,0.9999794960021973,0.0002636959920134056,0.0004138262552686456,0.999322513739268,2,pituitary,True
412,"[[49]
 [49]
 [50]
 [48]
 [48]
 [50]]",3,0,meningioma,True,0.6153119802474976,0.38438794016838074,0.0003000857832375914,0.8758372664451599,0.12405326962471008,0.00010947349073830992,0.9903895258903503,0.009609891101717949,5.397789664129959e-07,0.8271795908610026,0.1726837002982696,0.00013669968431410476,0,meningioma,True
413,"[[49]
 [48]
 [52]
 [57]
 [49]
 [50]]",2,2,pituitary,True,1.8395871848042589e-06,3.485065235508955e-06,0.9999946355819702,0.0007878748001530766,0.0010422233026474714,0.9981698989868164,8.067981070780661e-06,4.279114662608663e-08,0.9999918937683105,0.00026592745613622054,0.0003485837196765355,0.9993854761123657,2,pituitary,True
414,"[[49]
 [48]
 [52]
 [57]
 [49]
 [50]]",2,2,pituitary,True,4.150606764596887e-05,0.000178546630195342,0.999779999256134,0.0035089680459350348,0.004727138206362724,0.9917639493942261,3.902159005519934e-05,6.541888524225214e-07,0.9999603033065796,0.0011964985678787343,0.0016354463418034963,0.9971680839856466,2,pituitary,True
415,"[[49]
 [48]
 [52]
 [57]
 [49]
 [50]]",2,2,pituitary,True,0.0001876283495221287,0.00220924592576921,0.9976031184196472,0.016237396746873856,0.012514191679656506,0.9712483882904053,0.0002598619903437793,3.682195938381483e-06,0.999736487865448,0.005561629028913255,0.004909039933788033,0.9895293315251669,2,pituitary,True
416,"[[49]
 [48]
 [52]
 [57]
 [49]
 [50]]",2,2,pituitary,True,0.002649592934176326,0.038554996252059937,0.9587953686714172,0.08049432188272476,0.019454358145594597,0.9000513553619385,0.0009599116165190935,0.00015888352936599404,0.9988811612129211,0.02803460881114006,0.019389412642340176,0.9525759617487589,2,pituitary,True
417,"[[49]
 [48]
 [53]
 [49]
 [56]
 [55]]",0,2,pituitary,True,0.25705575942993164,0.3504142463207245,0.3925299644470215,0.09136591851711273,0.22665879130363464,0.681975245475769,0.010572333820164204,0.003114699386060238,0.9863130450248718,0.11966467058906953,0.19339591233680645,0.6869394183158875,2,pituitary,True
418,"[[49]
 [48]
 [53]
 [49]
 [56]
 [55]]",0,2,pituitary,True,0.19754886627197266,0.3070526421070099,0.49539846181869507,0.0721534788608551,0.2180875539779663,0.709758996963501,0.010826896876096725,0.0025663129054009914,0.9866067171096802,0.09350974733630817,0.17590216966345906,0.7305880586306254,2,pituitary,True
419,"[[49]
 [48]
 [53]
 [49]
 [56]
 [55]]",0,2,pituitary,True,0.1575450301170349,0.25876790285110474,0.5836871266365051,0.06648153066635132,0.1945764571428299,0.7389419674873352,0.006066580768674612,0.001401360728777945,0.9925320744514465,0.07669771385068695,0.15158190690757087,0.7717203895250956,2,pituitary,True
420,"[[49]
 [48]
 [53]
 [49]
 [56]
 [55]]",0,2,pituitary,True,0.1253453940153122,0.24923937022686005,0.6254152059555054,0.037252843379974365,0.20286455750465393,0.7598826289176941,0.009600767865777016,0.0026087367441505194,0.9877904653549194,0.05739966842035452,0.15157088815855482,0.7910294334093729,2,pituitary,True
421,"[[49]
 [48]
 [53]
 [52]
 [55]
 [53]]",3,2,pituitary,True,0.29835575819015503,0.0010816132416948676,0.700562596321106,0.007916679605841637,0.0006913099205121398,0.9913920164108276,0.005063602700829506,3.7561036151601e-05,0.9948988556861877,0.10377868016560872,0.0006034947327862028,0.8956178228060404,2,pituitary,True
422,"[[49]
 [48]
 [53]
 [52]
 [55]
 [53]]",3,2,pituitary,True,0.30139920115470886,0.006645011715590954,0.6919558048248291,0.008205202408134937,0.0010073573794215918,0.9907874464988708,0.006852177437394857,9.838424011832103e-05,0.9930493831634521,0.10548552700007956,0.002583584445043622,0.891930878162384,2,pituitary,True
423,"[[49]
 [49]
 [50]
 [48]
 [48]
 [50]]",3,0,meningioma,True,0.8272057771682739,0.17278479039669037,9.347771992906928e-06,0.9367147088050842,0.06328333914279938,2.057256097032223e-06,0.9855372309684753,0.014462721534073353,6.294885168678377e-10,0.9164859056472778,0.0835102836911877,3.8018858594853397e-06,0,meningioma,True
424,"[[49]
 [48]
 [53]
 [53]
 [51]
 [56]]",2,2,pituitary,True,0.07201626151800156,0.04584601894021034,0.882137656211853,0.443930447101593,0.5497139692306519,0.006355577614158392,0.010492805391550064,0.9833754897117615,0.0061316657811403275,0.1754798380037149,0.5263118259608746,0.29820829986905056,1,glioma,False
425,"[[49]
 [48]
 [53]
 [53]
 [51]
 [56]]",2,2,pituitary,True,0.4061591923236847,0.45962315797805786,0.13421767950057983,0.4379347264766693,0.5592675805091858,0.0027976648416370153,0.4554366171360016,0.5293959379196167,0.015167494304478168,0.43317684531211853,0.5160955588022867,0.050727612882231675,1,glioma,False
426,"[[49]
 [48]
 [53]
 [53]
 [51]
 [56]]",2,2,pituitary,True,0.45133277773857117,0.5464301109313965,0.002237178385257721,0.5130550265312195,0.486647367477417,0.00029760575853288174,0.6061556339263916,0.39384379982948303,4.797916517418344e-07,0.5235144793987274,0.4756404260794322,0.0008450879784807815,0,meningioma,False
427,"[[49]
 [48]
 [53]
 [54]
 [51]
 [56]]",3,2,pituitary,True,0.0016364143230021,1.0611423931550235e-05,0.9983530044555664,7.280468253156869e-06,1.4363907212100457e-05,0.9999783039093018,1.6786149217296042e-06,1.8916807675850578e-07,0.9999980926513672,0.0005484578020589955,8.388166406803066e-06,0.9994431336720785,2,pituitary,True
428,"[[49]
 [48]
 [53]
 [54]
 [51]
 [56]]",3,2,pituitary,True,0.009148195385932922,4.3775256926892325e-05,0.9908080697059631,6.483546167146415e-05,3.550623659975827e-05,0.9998996257781982,7.29842358850874e-05,8.816214744911122e-07,0.9999260902404785,0.003095338361163158,2.6721038333713903e-05,0.99687792857488,2,pituitary,True
429,"[[49]
 [48]
 [53]
 [54]
 [51]
 [56]]",3,2,pituitary,True,0.006716265808790922,4.7097473725443706e-05,0.9932366013526917,2.8144579118816182e-05,7.648549217265099e-05,0.9998953342437744,8.519151742802933e-05,1.2410911949700676e-05,0.9999023675918579,0.0022765339684459227,4.5331292615931794e-05,0.9976781010627747,2,pituitary,True
430,"[[57]
 [55]
 [52]
 [49]
 [54]]",2,2,pituitary,True,0.0004373698029667139,2.0154919184278697e-05,0.9995424747467041,0.061490003019571304,0.05092703923583031,0.8875829577445984,0.029007745906710625,0.0018923679599538445,0.9690998792648315,0.03031170624308288,0.017613187371656142,0.9520751039187113,2,pituitary,True
431,"[[57]
 [55]
 [52]
 [49]
 [54]]",2,2,pituitary,True,0.0026888956781476736,4.185564466752112e-05,0.9972692131996155,0.07241769134998322,0.09025004506111145,0.8373322486877441,0.01645888201892376,0.007838558405637741,0.9757025837898254,0.030521823015684884,0.0327101530371389,0.9367680152257284,2,pituitary,True
432,"[[57]
 [55]
 [52]
 [49]
 [54]]",2,2,pituitary,True,2.1367000954342075e-05,4.150580934947357e-06,0.9999744892120361,0.04175369814038277,0.037912242114543915,0.9203340411186218,0.0008338965708389878,0.0003093028790317476,0.998856782913208,0.014202987237392032,0.01274189852483687,0.973055104414622,2,pituitary,True
433,"[[57]
 [55]
 [52]
 [49]
 [54]]",2,2,pituitary,True,5.0579983508214355e-05,8.81638152350206e-06,0.9999406337738037,0.03831641003489494,0.06274564564228058,0.8989378809928894,0.003308304585516453,0.00014424622349906713,0.996547520160675,0.013891764867973203,0.02096623608243438,0.965142011642456,2,pituitary,True
434,"[[49]
 [49]
 [50]
 [48]
 [54]
 [50]]",4,0,meningioma,True,0.9944283962249756,0.005571445450186729,8.574620835588576e-08,0.9848659038543701,0.015134118497371674,1.8875165644881287e-13,0.6118741035461426,0.38810664415359497,1.9245850126026198e-05,0.8637228012084961,0.13627073603371778,6.4438655077112465e-06,0,meningioma,True
435,"[[57]
 [55]
 [52]
 [49]
 [54]]",2,2,pituitary,True,2.8226937502040528e-05,3.034783048860845e-06,0.9999687671661377,0.019409378990530968,0.0055016702972352505,0.975088894367218,0.022181466221809387,0.00021237405599094927,0.9776061773300171,0.013873024049947466,0.0019056930454250203,0.9842212796211243,2,pituitary,True
436,"[[57]
 [55]
 [52]
 [49]
 [54]]",2,2,pituitary,True,0.0005070233019068837,2.7320349545334466e-05,0.9994656443595886,0.055537886917591095,0.05307438224554062,0.8913877606391907,0.049382857978343964,0.000523372960742563,0.9500938057899475,0.035142589399280645,0.017875025185276172,0.9469824035962423,2,pituitary,True
437,"[[57]
 [55]
 [52]
 [49]
 [54]]",2,2,pituitary,True,1.0228711289528292e-05,1.5149274759096443e-06,0.9999881982803345,0.009720939211547375,0.002568388357758522,0.9877106547355652,0.10957267135381699,0.0002708432439249009,0.8901565074920654,0.039767946425551294,0.0009469155097197776,0.9592851201693217,2,pituitary,True
438,"[[57]
 [55]
 [52]
 [49]
 [54]]",2,2,pituitary,True,7.421211921609938e-05,2.016437611018773e-05,0.9999055862426758,0.022784190252423286,0.007106024771928787,0.970109760761261,0.0212671160697937,0.0017471075989305973,0.97698575258255,0.014708506147144362,0.0029577655823231908,0.9823336998621622,2,pituitary,True
439,"[[57]
 [55]
 [52]
 [49]
 [54]]",2,2,pituitary,True,1.7211437807418406e-05,3.7794309264427284e-06,0.9999790191650391,0.009534682147204876,0.00406420836225152,0.9864011406898499,0.0008514457149431109,0.0014156558318063617,0.9977328777313232,0.0034677797666518018,0.0018278812083281082,0.9947043458620707,2,pituitary,True
440,"[[57]
 [55]
 [52]
 [54]
 [49]]",0,2,pituitary,True,0.5003455281257629,0.3710615038871765,0.12859301269054413,0.34010493755340576,0.3076633810997009,0.3522317111492157,0.010381852276623249,0.007587893400341272,0.9820303320884705,0.28361077265193063,0.2287709261290729,0.4876183519760768,2,pituitary,True
441,"[[57]
 [55]
 [52]
 [54]
 [49]]",0,2,pituitary,True,0.5011191964149475,0.36904338002204895,0.12983748316764832,0.37233003973960876,0.29527127742767334,0.3323986828327179,0.010590004734694958,0.00620764447376132,0.9832023978233337,0.29467974696308374,0.22350743397449455,0.48181285460789997,2,pituitary,True
442,"[[57]
 [55]
 [52]
 [54]
 [49]]",0,2,pituitary,True,0.41048502922058105,0.4199010133743286,0.16961398720741272,0.14936748147010803,0.3636762201786041,0.48695623874664307,0.00727964099496603,0.005044869612902403,0.9876754283905029,0.18904405056188503,0.26287403438861173,0.5480818847815195,2,pituitary,True
443,"[[57]
 [55]
 [52]
 [54]
 [49]]",0,2,pituitary,True,0.3348603844642639,0.4162219166755676,0.24891769886016846,0.09291501343250275,0.33725032210350037,0.5698346495628357,0.006226225756108761,0.004545364063233137,0.989228367805481,0.1446672078842918,0.252672534280767,0.6026602387428284,2,pituitary,True
444,"[[57]
 [55]
 [52]
 [54]
 [49]]",0,2,pituitary,True,0.32655617594718933,0.40573471784591675,0.2677091062068939,0.08732008934020996,0.3484940528869629,0.5641858577728271,0.017688002437353134,0.0068245236761868,0.975487470626831,0.1438547559082508,0.25368443146968883,0.6024608115355173,2,pituitary,True
445,"[[49]
 [48]
 [49]
 [48]
 [49]
 [54]]",1,0,meningioma,True,0.9894967079162598,0.010464800521731377,3.8474689063150436e-05,0.9740894436836243,0.025878166779875755,3.241829836042598e-05,0.9986897110939026,0.001304099801927805,6.229332939255983e-06,0.9874252875645956,0.012549022367844978,2.570744012094413e-05,0,meningioma,True
446,"[[49]
 [49]
 [50]
 [48]
 [54]
 [50]]",4,0,meningioma,True,0.9893702268600464,0.010629719123244286,5.520615631304793e-10,0.9449043869972229,0.055095575749874115,1.9069994709620827e-21,0.5790401697158813,0.4209598898887634,2.2575209257524875e-08,0.8377715945243835,0.16222839492062727,7.70909027355242e-09,0,meningioma,True
447,"[[57]
 [55]
 [52]
 [54]
 [49]]",0,2,pituitary,True,0.29384103417396545,0.3341696858406067,0.37198930978775024,0.13496026396751404,0.24598389863967896,0.6190558075904846,0.006627514958381653,0.0020611421205103397,0.9913113117218018,0.1451429376999537,0.19407157553359866,0.6607854763666788,2,pituitary,True
448,"[[57]
 [55]
 [52]
 [54]
 [49]]",0,2,pituitary,True,0.22464899718761444,0.2657894790172577,0.5095615386962891,0.12055148184299469,0.1637384593486786,0.7157100439071655,0.0014834145549684763,0.0003555971779860556,0.9981610178947449,0.1155612978618592,0.14329451184797412,0.7411442001660665,2,pituitary,True
449,"[[57]
 [55]
 [52]
 [54]
 [49]]",0,2,pituitary,True,0.14706017076969147,0.21147531270980835,0.6414644718170166,0.07127133011817932,0.1302526891231537,0.798475980758667,0.0021523444447666407,0.0004035605234093964,0.9974441528320312,0.07349461511087914,0.11404385411879048,0.8124615351359049,2,pituitary,True
450,"[[57]
 [55]
 [52]
 [54]
 [49]]",0,2,pituitary,True,0.12883251905441284,0.21400763094425201,0.6571599245071411,0.04200337454676628,0.1191907674074173,0.8388058543205261,0.0027987074572592974,0.0006446189363487065,0.9965566396713257,0.057878200352812804,0.11128100576267268,0.8308408061663309,2,pituitary,True
451,"[[57]
 [55]
 [52]
 [56]
 [49]]",0,2,pituitary,True,0.5652867555618286,0.40343040227890015,0.03128287196159363,0.39951908588409424,0.43162718415260315,0.1688537299633026,0.05279158055782318,0.030550159513950348,0.9166582226753235,0.33919914066791534,0.2885359153151512,0.37226494153340656,2,pituitary,True
452,"[[57]
 [55]
 [52]
 [56]
 [49]]",0,2,pituitary,True,0.5220736861228943,0.4271691143512726,0.05075719952583313,0.28506067395210266,0.5215819478034973,0.19335730373859406,0.04877157136797905,0.030365364626049995,0.9208630919456482,0.28530197714765865,0.3263721422602733,0.38832586507002514,2,pituitary,True
453,"[[57]
 [55]
 [52]
 [56]
 [49]]",0,2,pituitary,True,0.41997551918029785,0.4622318148612976,0.11779264360666275,0.1819228231906891,0.5227382183074951,0.2953389585018158,0.029246747493743896,0.017969168722629547,0.9527840614318848,0.21038169662157694,0.3343130672971408,0.4553052211801211,2,pituitary,True
454,"[[57]
 [55]
 [52]
 [56]
 [49]]",0,2,pituitary,True,0.39086392521858215,0.4468446671962738,0.16229139268398285,0.202593594789505,0.4306584298610687,0.36674803495407104,0.006511600222438574,0.004145078826695681,0.9893432855606079,0.19998970674350858,0.2938827252946794,0.5061275710662206,2,pituitary,True
455,"[[57]
 [55]
 [53]
 [57]
 [57]]",2,2,pituitary,True,0.23531189560890198,0.0155060775578022,0.7491820454597473,0.6769282817840576,0.30413737893104553,0.018934357911348343,0.25165268778800964,0.36218446493148804,0.3861628770828247,0.38796428839365643,0.22727597380677858,0.3847597601513068,0,meningioma,False
456,"[[57]
 [55]
 [53]
 [57]
 [57]]",2,2,pituitary,True,0.09556858241558075,0.0030743556562811136,0.901357114315033,0.6726386547088623,0.3109387755393982,0.016422566026449203,0.7641239166259766,0.13173283636569977,0.10414323955774307,0.5107770512501398,0.14858198918712637,0.34064097329974174,0,meningioma,False
457,"[[49]
 [49]
 [50]
 [48]
 [54]
 [50]]",4,0,meningioma,True,0.9878528118133545,0.01214715838432312,1.5469590669212052e-12,0.9989222288131714,0.0010778331197798252,2.1765856641407582e-29,0.8928967714309692,0.10710321366786957,2.2352289463789532e-10,0.959890604019165,0.040109401723990835,7.502328456827217e-11,0,meningioma,True
458,"[[57]
 [55]
 [56]
 [57]
 [48]]",4,2,pituitary,True,0.02401142381131649,0.0001325853227172047,0.9758559465408325,0.003683931427076459,0.00029192332294769585,0.9960241317749023,0.09357313066720963,0.0005509712500497699,0.9058758616447449,0.04042282863520086,0.0003251599652382235,0.9592519799868265,2,pituitary,True
459,"[[57]
 [55]
 [56]
 [57]
 [48]]",4,2,pituitary,True,0.0408635251224041,0.00013039109762758017,0.9590060114860535,0.0027025232557207346,0.0007598777301609516,0.9965375661849976,0.06048652529716492,0.0002758809132501483,0.9392375946044922,0.03468419122509658,0.0003887165803462267,0.964927057425181,2,pituitary,True
460,"[[57]
 [55]
 [56]
 [57]
 [48]]",4,2,pituitary,True,0.007744370028376579,4.3290321627864614e-05,0.9922123551368713,0.0013166662538424134,0.00036656958400271833,0.998316764831543,0.059428662061691284,0.0005189647199586034,0.9400523900985718,0.022829899447970092,0.00030960820852972876,0.976860503355662,2,pituitary,True
461,"[[57]
 [55]
 [56]
 [57]
 [48]]",4,2,pituitary,True,0.0005216351128183305,1.83944412128767e-05,0.9994599223136902,0.002623721957206726,0.00950569100677967,0.9878706336021423,0.010446072556078434,0.00047975918278098106,0.989074170589447,0.004530476542034497,0.0033346148769245096,0.9921349088350931,2,pituitary,True
462,"[[57]
 [56]
 [52]
 [55]
 [50]]",1,2,pituitary,True,2.8141704078166185e-08,1.7545860941936553e-07,0.9999997615814209,0.0021115599665790796,2.9030195946688764e-05,0.9978594183921814,0.0005662922631017864,3.818239235897636e-07,0.9994333386421204,0.0008926267904616481,9.862492826565964e-06,0.9990975062052408,2,pituitary,True
463,"[[57]
 [56]
 [52]
 [55]
 [50]]",1,2,pituitary,True,8.17745785752777e-06,4.0234563130070455e-06,0.9999878406524658,0.005296032410115004,4.949615686200559e-05,0.9946544170379639,0.008323688060045242,6.22353240942175e-07,0.991675615310669,0.004542632642672591,1.8047322138651605e-05,0.9954392910003662,2,pituitary,True
464,"[[57]
 [56]
 [52]
 [55]
 [50]]",1,2,pituitary,True,4.624792836693814e-06,1.0985082553816028e-05,0.9999843835830688,0.00034987679100595415,6.721744284732267e-05,0.9995829463005066,0.0029694244731217623,1.1367572369636036e-05,0.9970192909240723,0.0011079753523214702,2.9856699256924912e-05,0.9988622069358826,2,pituitary,True
465,"[[57]
 [56]
 [52]
 [55]
 [50]]",1,2,pituitary,True,0.0022404801566153765,1.2815198715543374e-05,0.9977466464042664,0.0018254137830808759,0.0002660338068380952,0.9979085922241211,0.02949223853647709,1.6754789612605236e-05,0.9704909920692444,0.011186044158724448,9.853459838874794e-05,0.988715410232544,2,pituitary,True
466,"[[57]
 [56]
 [52]
 [55]
 [50]]",1,2,pituitary,True,0.1232360377907753,0.00021113250113558024,0.8765528202056885,0.03974496200680733,0.0008913988131098449,0.9593636989593506,0.213688924908638,2.0602086806320585e-05,0.7862905263900757,0.12555664156874022,0.00037437780035058193,0.8740690151850382,2,pituitary,True
467,"[[57]
 [56]
 [52]
 [55]
 [50]]",1,2,pituitary,True,0.3978132903575897,0.0005155947292223573,0.6016710996627808,0.10365837812423706,0.0038575646467506886,0.8924841284751892,0.47578397393226624,2.136887087544892e-05,0.5241947174072266,0.3257518808046977,0.0014648427489494982,0.6727833151817322,2,pituitary,True
468,"[[49]
 [49]
 [50]
 [50]
 [53]
 [50]]",4,0,meningioma,True,0.9919290542602539,0.008070961572229862,1.5548831111544814e-09,0.9839940071105957,0.016005970537662506,7.428975320411231e-21,0.940481960773468,0.05951805040240288,7.786494116146514e-09,0.9721350073814392,0.027864994170765083,3.1137924091028077e-09,0,meningioma,True
469,"[[57]
 [56]
 [52]
 [55]
 [50]]",1,2,pituitary,True,0.0017840437358245254,0.0013981242664158344,0.9968178272247314,0.009474776685237885,0.0008873065817169845,0.9896378517150879,0.0158152487128973,5.8759960666066036e-05,0.9841259717941284,0.009024689711319903,0.000781396936266295,0.9901938835779825,2,pituitary,True
470,"[[57]
 [56]
 [54]
 [53]
 [50]]",3,2,pituitary,True,0.00023362947104033083,6.505468377326906e-07,0.9997656941413879,1.8714356428972678e-06,4.2162009776802734e-05,0.9999560117721558,7.05376305631944e-06,2.9469109819046935e-08,0.9999929666519165,8.085155657984917e-05,1.428067524145149e-05,0.9999048908551534,2,pituitary,True
471,"[[57]
 [56]
 [54]
 [53]
 [50]]",3,2,pituitary,True,0.0006884053582325578,3.754230704089423e-07,0.9993112087249756,9.321083211943915e-07,8.87558599060867e-06,0.9999902248382568,1.0460222256369889e-05,7.499379783837412e-09,0.9999895095825195,0.00023326589627004068,3.08616948026715e-06,0.9997636477152506,2,pituitary,True
472,"[[57]
 [56]
 [54]
 [53]
 [50]]",3,2,pituitary,True,0.00026245485059916973,2.0775098619196797e-06,0.999735414981842,6.666466561000561e-07,2.2511916540679522e-05,0.9999768733978271,1.3215848412073683e-05,2.2876221805745445e-07,0.9999865293502808,9.211244855578116e-05,8.272729540218885e-06,0.9998996059099833,2,pituitary,True
473,"[[57]
 [56]
 [56]
 [55]
 [49]]",2,2,pituitary,True,5.4004573030397296e-05,4.110048394068144e-06,0.9999418258666992,0.004753498826175928,0.005031873472034931,0.9902145862579346,0.000709114654455334,9.873251110548154e-05,0.9991921782493591,0.0018388726845538865,0.0017115720105114935,0.9964495301246643,2,pituitary,True
474,"[[57]
 [56]
 [56]
 [55]
 [49]]",2,2,pituitary,True,0.00033846436417661607,3.52063580066897e-05,0.9996262788772583,0.006744835991412401,0.008121522143483162,0.9851336479187012,0.00039820445817895234,5.305060767568648e-05,0.9995487332344055,0.0024938349379226565,0.0027365930363885127,0.994769553343455,2,pituitary,True
475,"[[57]
 [56]
 [56]
 [55]
 [49]]",2,2,pituitary,True,2.6963241907651536e-05,8.230268576880917e-06,0.9999648332595825,0.00538290711119771,0.001635490101762116,0.9929815530776978,0.001814932911656797,9.223615052178502e-05,0.9980928301811218,0.0024082677549207196,0.0005786521736202607,0.9970130721728007,2,pituitary,True
476,"[[57]
 [56]
 [56]
 [55]
 [49]]",2,2,pituitary,True,0.0017914638156071305,0.00019394121773075312,0.9980145692825317,0.05234314501285553,0.01881350763142109,0.9288433194160461,0.016896184533834457,0.0003375442756805569,0.9827662706375122,0.023676931120765705,0.0064483310416108,0.9698747197786967,2,pituitary,True
477,"[[57]
 [56]
 [56]
 [55]
 [49]]",2,2,pituitary,True,0.00032144071883521974,6.327960727503523e-05,0.9996151924133301,0.016054796054959297,0.004477623850107193,0.9794675707817078,0.010866904631257057,6.648071575909853e-05,0.9890666007995605,0.009081047135017192,0.0015357947243804422,0.9893831213315328,2,pituitary,True
478,"[[57]
 [56]
 [56]
 [55]
 [49]]",2,2,pituitary,True,0.0005724054644815624,0.00017034546181093901,0.9992572665214539,0.017591215670108795,0.010881342925131321,0.9715274572372437,0.0068438369780778885,0.002847530646249652,0.9903085827827454,0.008335819370889416,0.004633073011063971,0.987031102180481,2,pituitary,True
479,"[[49]
 [49]
 [50]
 [50]
 [53]
 [50]]",4,0,meningioma,True,0.989656925201416,0.010343097150325775,1.5384628250167398e-12,0.9979435801506042,0.0020564135629683733,2.565895838659633e-23,0.9490141868591309,0.05098579078912735,5.406126935003641e-11,0.9788715640703837,0.0211284338341405,1.8533244058359603e-11,0,meningioma,True
480,"[[57]
 [56]
 [56]
 [55]
 [52]]",3,2,pituitary,True,0.016425222158432007,0.0009238927159458399,0.9826509356498718,0.0037451297976076603,0.0007666840683668852,0.9954882264137268,0.0006509569357149303,0.00023728843370918185,0.9991117119789124,0.006940436297251533,0.0006426217393406356,0.9924169580141703,2,pituitary,True
481,"[[57]
 [56]
 [56]
 [55]
 [52]]",3,2,pituitary,True,0.017259828746318817,0.0017710743704810739,0.9809690713882446,0.004908468574285507,0.0009392814245074987,0.9941522479057312,0.0011532611679285765,7.915063906693831e-05,0.998767614364624,0.007773852829510967,0.0009298354780185036,0.9912963112195333,2,pituitary,True
482,"[[57]
 [56]
 [56]
 [55]
 [52]]",3,2,pituitary,True,0.13425223529338837,0.0021010665223002434,0.8636466860771179,0.019168958067893982,0.0010182190453633666,0.9798128604888916,0.024074142798781395,0.0007795751444064081,0.9751462936401367,0.059165112053354584,0.0012996202373566728,0.9395352800687155,2,pituitary,True
483,"[[57]
 [56]
 [56]
 [55]
 [52]]",3,2,pituitary,True,0.16573083400726318,0.011805740185081959,0.8224634528160095,0.01497564185410738,0.0010085985995829105,0.984015703201294,0.015759887173771858,0.000857256818562746,0.9833828806877136,0.0654887876783808,0.004557198534409205,0.9299540122350057,2,pituitary,True
484,"[[57]
 [56]
 [56]
 [55]
 [52]]",3,2,pituitary,True,0.1105576902627945,0.23436789214611053,0.655074417591095,0.006757845636457205,0.014295706525444984,0.9789464473724365,0.01674347184598446,0.002275925362482667,0.9809805750846863,0.04468633591507872,0.08364650801134606,0.8716671466827393,2,pituitary,True
485,"[[57]
 [56]
 [57]
 [57]
 [50]]",2,2,pituitary,True,0.00564508605748415,0.0018382013076916337,0.9925166964530945,0.48744580149650574,0.1963232159614563,0.31623098254203796,0.03451082482933998,0.012146949768066406,0.9533422589302063,0.17586723746110997,0.07010278901240478,0.7540299793084463,2,pituitary,True
486,"[[57]
 [56]
 [57]
 [57]
 [50]]",2,2,pituitary,True,0.00018306625133845955,3.925504279322922e-05,0.9997777342796326,0.223016619682312,0.03787647560238838,0.7391069531440735,0.012507542967796326,0.00047603072016499937,0.9870163798332214,0.07856907630048227,0.01279725378844887,0.9086336890856425,2,pituitary,True
487,"[[57]
 [56]
 [57]
 [57]
 [50]]",2,2,pituitary,True,9.844124724622816e-05,2.6792133212438785e-05,0.9998747110366821,0.2428111433982849,0.01563684642314911,0.7415519952774048,0.00024721576482988894,6.191564807522809e-06,0.9997466206550598,0.08105226680345368,0.005223276707056357,0.913724442323049,2,pituitary,True
488,"[[57]
 [56]
 [57]
 [57]
 [50]]",2,2,pituitary,True,0.0004372186085674912,1.6107251212815754e-05,0.9995467066764832,0.7715917229652405,0.025579040870070457,0.20282915234565735,0.0016503214137628675,6.500150630017743e-05,0.998284637928009,0.2578930876625236,0.008553383209194484,0.7335534989833832,2,pituitary,True
489,"[[57]
 [56]
 [57]
 [57]
 [50]]",2,2,pituitary,True,0.0010889437980949879,0.00043864877079613507,0.9984723925590515,0.5996646285057068,0.2349001169204712,0.16543523967266083,0.005609606392681599,0.0061260717920959,0.9882643222808838,0.20212105956549445,0.08048827916112107,0.7173906515041987,2,pituitary,True
490,"[[49]
 [49]
 [50]
 [53]
 [53]
 [50]]",4,0,meningioma,True,0.9972867965698242,0.0024694183375686407,0.00024378490343224257,0.9528908729553223,0.04708142951130867,2.773374399112072e-05,0.93937748670578,0.05426127463579178,0.006361321080476046,0.9631850520769755,0.03460404082822303,0.0022109465759664695,0,meningioma,True
491,"[[57]
 [56]
 [57]
 [57]
 [50]]",2,2,pituitary,True,0.001050796709023416,0.0003529233508743346,0.9985962510108948,0.6099322438240051,0.318826824426651,0.07124090194702148,0.011346392333507538,0.02652534656226635,0.9621282815933228,0.20744314428884536,0.11523503144659723,0.6773218115170797,2,pituitary,True
492,"[[57]
 [56]
 [57]
 [57]
 [50]]",2,2,pituitary,True,0.0021414849907159805,0.0009002605220302939,0.9969582557678223,0.49833187460899353,0.4649108648300171,0.0367572084069252,0.010972855612635612,0.0848381444811821,0.9041889905929565,0.17048207173744837,0.1835497566110765,0.6459681515892347,2,pituitary,True
493,"[[57]
 [56]
 [57]
 [57]
 [53]]",1,2,pituitary,True,3.6218004151322702e-09,7.9251476492459e-09,1.0,2.922269914051867e-06,9.207483664397387e-09,0.9999970197677612,1.8178485333919525e-05,4.5169685769508305e-09,0.9999817609786987,7.034792349462175e-06,7.216533296864706e-09,0.9999929269154867,2,pituitary,True
494,"[[57]
 [56]
 [57]
 [57]
 [53]]",1,2,pituitary,True,2.604642304504523e-06,9.533656708526905e-08,0.9999972581863403,2.431796474411385e-06,1.1589071036155474e-08,0.999997615814209,0.00010689142800401896,1.297051088755552e-08,0.999893069267273,3.730928892764496e-05,3.996538300299335e-08,0.9999626477559408,2,pituitary,True
495,"[[57]
 [56]
 [57]
 [57]
 [53]]",1,2,pituitary,True,8.748544928494084e-07,4.1061657185537115e-08,0.9999990463256836,1.6515934930794174e-06,2.820731870301074e-09,0.9999983310699463,8.239880844485015e-05,4.035018541515001e-09,0.9999176263809204,2.8308418810259656e-05,1.597246919911773e-08,0.9999716679255167,2,pituitary,True
496,"[[57]
 [56]
 [57]
 [57]
 [53]]",1,2,pituitary,True,0.03948941081762314,1.3274778211780358e-05,0.9604973196983337,7.276115502463654e-05,4.2126124810693e-08,0.9999271631240845,0.08577107638120651,3.0384072147171537e-07,0.914228618144989,0.04177774945128476,4.5402483526875885e-06,0.9582177003224691,2,pituitary,True
497,"[[57]
 [56]
 [57]
 [57]
 [53]]",1,2,pituitary,True,0.019583137705922127,0.0009471992962062359,0.9794696569442749,0.0015905228210613132,6.654058211097436e-07,0.998408854007721,0.39835819602012634,5.962201612419449e-06,0.6016358733177185,0.13984395218236992,0.000317942301213255,0.8598381280899048,2,pituitary,True
498,"[[57]
 [57]
 [50]
 [50]
 [51]]",0,2,pituitary,True,0.6244036555290222,0.3637823462486267,0.011813970282673836,0.5119894742965698,0.3757605254650116,0.11225003749132156,0.09407991915941238,0.033747654408216476,0.8721723556518555,0.4101576829950015,0.2577635087072849,0.33207878780861694,0,meningioma,False
499,"[[57]
 [57]
 [50]
 [50]
 [51]]",0,2,pituitary,True,0.46519002318382263,0.4994405210018158,0.03536944463849068,0.12701238691806793,0.7070351839065552,0.16595250368118286,0.09085290133953094,0.10457651317119598,0.8045705556869507,0.22768510381380716,0.43701740602652234,0.3352975013355414,1,glioma,False
500,"[[57]
 [57]
 [50]
 [50]
 [51]]",0,2,pituitary,True,0.554837703704834,0.4211801588535309,0.023982113227248192,0.3577357828617096,0.43338465690612793,0.20887954533100128,0.05535257235169411,0.05254261940717697,0.8921048045158386,0.3226420196394126,0.3023691450556119,0.37498882102469605,2,pituitary,True
501,"[[49]
 [49]
 [50]
 [53]
 [53]
 [50]]",4,0,meningioma,True,0.9957341551780701,0.004023543559014797,0.0002422497927909717,0.9115210771560669,0.08846566081047058,1.3226608643890359e-05,0.8948132991790771,0.09456776082515717,0.010618921369314194,0.934022843837738,0.06235232173154751,0.003624799256916352,0,meningioma,True
502,"[[57]
 [57]
 [50]
 [50]
 [51]]",0,2,pituitary,True,0.4838253855705261,0.47367164492607117,0.0425029993057251,0.19278153777122498,0.5825603604316711,0.2246580272912979,0.16951799392700195,0.14795972406864166,0.6825222373008728,0.28204163908958435,0.401397243142128,0.31656108796596527,1,glioma,False
503,"[[57]
 [57]
 [50]
 [50]
 [51]]",0,2,pituitary,True,0.46754419803619385,0.4484039843082428,0.08405184745788574,0.21347978711128235,0.350680410861969,0.43583986163139343,0.00836945977061987,0.005078114103525877,0.9865524172782898,0.2297978149726987,0.2680541697579126,0.502148042122523,2,pituitary,True
504,"[[57]
 [57]
 [50]
 [50]
 [51]]",0,2,pituitary,True,0.3871893882751465,0.4748714566230774,0.13793915510177612,0.11114048212766647,0.3955836296081543,0.4932759404182434,0.00933114904910326,0.005554476287215948,0.985114336013794,0.16922033981730542,0.29200318750614923,0.5387764771779379,2,pituitary,True
505,"[[57]
 [57]
 [50]
 [50]
 [51]]",0,2,pituitary,True,0.3148183524608612,0.4717075824737549,0.21347402036190033,0.07130997627973557,0.39159536361694336,0.5370946526527405,0.012381567619740963,0.007932471111416817,0.9796859622001648,0.13283663212011257,0.29041180573403835,0.5767515450716019,2,pituitary,True
506,"[[57]
 [57]
 [50]
 [50]
 [51]]",0,2,pituitary,True,0.2638184130191803,0.4078928232192993,0.32828882336616516,0.07905128598213196,0.24804337322711945,0.6729053854942322,0.004446560051292181,0.0015606124652549624,0.9939928650856018,0.11577208635086815,0.2191656029705579,0.6650623579819998,2,pituitary,True
507,"[[57]
 [57]
 [50]
 [50]
 [51]]",0,2,pituitary,True,0.2276492416858673,0.3750896453857422,0.3972610831260681,0.06523963809013367,0.23502077162265778,0.6997396349906921,0.005875991191715002,0.001470874878577888,0.9926531314849854,0.09958829032257199,0.20386043062899262,0.6965512832005819,2,pituitary,True
508,"[[49]
 [48]
 [49]
 [48]
 [49]
 [55]]",2,2,pituitary,True,1.620849798200652e-05,0.0006720692617818713,0.9993116855621338,0.017854489386081696,0.012302990071475506,0.9698424935340881,0.007989051751792431,0.0007079338538460433,0.9913029670715332,0.008619916545285378,0.004560997729034473,0.9868190487225851,2,pituitary,True
509,"[[49]
 [48]
 [49]
 [48]
 [49]
 [55]]",2,2,pituitary,True,0.00010934854071820155,0.0032783313654363155,0.9966122508049011,0.017743049189448357,0.014144103974103928,0.9681128859519958,0.019289787858724594,0.018160514533519745,0.9625496864318848,0.012380728529630384,0.011860983291019997,0.9757582743962606,2,pituitary,True
510,"[[49]
 [48]
 [49]
 [48]
 [49]
 [55]]",2,2,pituitary,True,1.6653755665174685e-05,0.000687378051225096,0.9992959499359131,0.0069998824037611485,0.005431897006928921,0.9875682592391968,0.02016615681350231,0.004956250544637442,0.9748775959014893,0.009060897657642878,0.003691841867597153,0.9872472683588663,2,pituitary,True
511,"[[49]
 [48]
 [49]
 [48]
 [49]
 [55]]",2,2,pituitary,True,5.124465587869054e-06,0.00018374559294898063,0.9998111128807068,0.002178288297727704,0.0018141213804483414,0.9960075616836548,0.003802129765972495,0.00020415794278960675,0.9959937334060669,0.0019951808430960227,0.0007340083053956429,0.9972708026568095,2,pituitary,True
512,"[[49]
 [49]
 [50]
 [53]
 [53]
 [50]]",4,0,meningioma,True,0.9835055470466614,0.016101624816656113,0.0003928534861188382,0.7882952094078064,0.21169182658195496,1.2981681720702909e-05,0.8493112325668335,0.1431584358215332,0.00753031624481082,0.8737039963404337,0.12365062907338142,0.0026453838042167868,0,meningioma,True
513,"[[49]
 [48]
 [49]
 [48]
 [49]
 [55]]",2,2,pituitary,True,4.210203405818902e-05,0.00021712372836191207,0.9997407793998718,0.0020458376966416836,0.0013606419088318944,0.9965935349464417,0.0019761589355766773,0.00014399044448509812,0.9978798627853394,0.0013546995554255166,0.0005739186938929682,0.9980713923772176,2,pituitary,True
514,"[[49]
 [48]
 [49]
 [48]
 [49]
 [55]]",2,2,pituitary,True,0.016009731218218803,0.11282888799905777,0.8711614012718201,0.04353199154138565,0.010110858827829361,0.9463571310043335,0.010199816897511482,0.0014493025373667479,0.9883508682250977,0.02324717988570531,0.04146301645475129,0.9352898001670837,2,pituitary,True
515,"[[49]
 [48]
 [49]
 [48]
 [50]
 [57]]",2,2,pituitary,True,0.003161044791340828,0.0008957762038335204,0.9959431290626526,0.09978148341178894,0.06632853299379349,0.8338899612426758,0.0177328921854496,0.0001615801447769627,0.9821054935455322,0.04022514012952646,0.022461963114134658,0.9373128612836202,2,pituitary,True
516,"[[49]
 [48]
 [49]
 [48]
 [50]
 [57]]",2,2,pituitary,True,0.00756834028288722,0.0023981237318366766,0.9900335669517517,0.11139952391386032,0.1114291176199913,0.7771713733673096,0.010120753198862076,0.00011141553113702685,0.989767849445343,0.043029539131869875,0.03797955229432167,0.9189909299214681,2,pituitary,True
517,"[[49]
 [48]
 [49]
 [48]
 [50]
 [57]]",2,2,pituitary,True,0.011989868246018887,0.00381322018802166,0.9841968417167664,0.07383867353200912,0.05468127876520157,0.8714800477027893,0.003647368401288986,0.00014569117047358304,0.9962068796157837,0.029825303393105667,0.01954673004123227,0.9506279230117798,2,pituitary,True
518,"[[49]
 [48]
 [49]
 [48]
 [50]
 [57]]",2,2,pituitary,True,0.012217721901834011,0.005915047135204077,0.9818671941757202,0.29450905323028564,0.12312275171279907,0.5823681354522705,0.00013236670929472893,5.904916179133579e-06,0.9998617172241211,0.1022863806138048,0.043014567921394097,0.8546990156173706,2,pituitary,True
519,"[[49]
 [48]
 [49]
 [48]
 [50]
 [57]]",2,2,pituitary,True,0.003315437352284789,0.00029496042407117784,0.9963895678520203,0.02717740647494793,0.022823812440037727,0.9499987959861755,0.00035235832910984755,0.0003578580217435956,0.9992897510528564,0.010281734052114189,0.0078255436286175,0.9818927049636841,2,pituitary,True
520,"[[49]
 [48]
 [49]
 [48]
 [50]
 [57]]",2,2,pituitary,True,0.010812893509864807,0.0008237182628363371,0.9883634448051453,0.05334838852286339,0.04005618020892143,0.9065954685211182,0.0008325759554281831,0.0005757822655141354,0.9985916018486023,0.02166461932938546,0.013818560245757302,0.964516838391622,2,pituitary,True
521,"[[49]
 [48]
 [49]
 [49]
 [52]
 [53]]",3,2,pituitary,True,0.22235912084579468,0.033815622329711914,0.7438251972198486,0.09595512598752975,0.04431988671422005,0.8597249388694763,0.4068642854690552,0.054578524082899094,0.5385571718215942,0.24172617743412653,0.044238011042277016,0.7140357693036398,2,pituitary,True
522,"[[49]
 [48]
 [49]
 [49]
 [52]
 [53]]",3,2,pituitary,True,0.11077097058296204,0.00782309751957655,0.8814058899879456,0.01865379698574543,0.004710882902145386,0.9766353368759155,0.03280504420399666,0.0013978788629174232,0.9657970666885376,0.05407660392423471,0.0046439530948797865,0.9412794311841329,2,pituitary,True
523,"[[49]
 [49]
 [50]
 [53]
 [53]
 [50]]",4,0,meningioma,True,0.9434179067611694,0.05631372332572937,0.0002683357452042401,0.8349015116691589,0.16509725153446198,1.213706696034933e-06,0.7937377691268921,0.20339106023311615,0.002871202537789941,0.8573523958524069,0.14160067836443582,0.0010469173298967387,0,meningioma,True
524,"[[49]
 [48]
 [49]
 [49]
 [52]
 [53]]",3,2,pituitary,True,0.030913103371858597,0.000435648049460724,0.9686512351036072,0.002569042844697833,0.00027536231209523976,0.9971555471420288,0.002073667012155056,4.077752601006068e-05,0.997885525226593,0.011851937742903829,0.00025059596252200816,0.9878974358240763,2,pituitary,True
525,"[[49]
 [48]
 [49]
 [49]
 [52]
 [53]]",3,2,pituitary,True,0.018868423998355865,1.10193359432742e-05,0.9811205267906189,0.0017259273445233703,0.00013798782310914248,0.998136043548584,0.002022190485149622,1.2024390343867708e-05,0.9979658126831055,0.007538847276009619,5.36771831320948e-05,0.9924074610074362,2,pituitary,True
526,"[[49]
 [48]
 [49]
 [51]
 [48]
 [53]]",1,2,pituitary,True,8.989580635443417e-08,1.290416662413918e-06,0.9999985694885254,3.855289833154529e-05,2.2240351782443213e-08,0.9999613761901855,3.361678682267666e-05,1.6302823269143119e-07,0.9999662637710571,2.4086526986858797e-05,4.918950822959308e-07,0.9999754031499227,2,pituitary,True
527,"[[49]
 [48]
 [49]
 [51]
 [48]
 [53]]",1,2,pituitary,True,9.833509102463722e-05,0.0011375034227967262,0.998764157295227,0.001591115491464734,2.747272083070129e-05,0.9983813762664795,0.06696576625108719,0.0012495171977207065,0.9317846894264221,0.022885072277858853,0.0008048311137827113,0.9763100743293762,2,pituitary,True
528,"[[49]
 [48]
 [49]
 [51]
 [48]
 [53]]",1,2,pituitary,True,2.005790644687977e-09,9.055329286411506e-08,0.9999998807907104,4.686246029450558e-06,4.861737123995624e-10,0.9999953508377075,9.35808420763351e-05,1.8297669157618657e-08,0.9999064207077026,3.275636463214345e-05,3.6445711911377764e-08,0.9999672174453735,2,pituitary,True
529,"[[49]
 [48]
 [49]
 [51]
 [48]
 [53]]",1,2,pituitary,True,1.1835809665683428e-08,3.6585028340141434e-08,1.0,7.177385214163223e-06,2.104610236086657e-10,0.999992847442627,0.00011089495819760486,7.3946035961114376e-09,0.9998891353607178,3.936139307381126e-05,1.4730030986620513e-08,0.9999606609344482,2,pituitary,True
530,"[[49]
 [48]
 [49]
 [51]
 [48]
 [53]]",1,2,pituitary,True,0.0005448256270028651,0.9055712223052979,0.0938839316368103,0.14066776633262634,0.6761043667793274,0.18322782218456268,0.6499961614608765,0.006473064422607422,0.3435307741165161,0.2637362511401686,0.5293828845024109,0.20688084264596304,1,glioma,False
531,"[[49]
 [48]
 [49]
 [51]
 [48]
 [53]]",1,2,pituitary,True,0.00018840248230844736,0.9906795620918274,0.009132035076618195,0.3453066349029541,0.5253516435623169,0.12934169173240662,0.9116384387016296,0.007878046482801437,0.08048350363969803,0.41904449202896404,0.5079697507123152,0.07298574348290761,1,glioma,False
532,"[[49]
 [48]
 [49]
 [51]
 [48]
 [53]]",1,2,pituitary,True,0.01740654744207859,0.5487920641899109,0.43380141258239746,0.1604297161102295,0.007954397238790989,0.8316159248352051,0.5649327039718628,0.0015525753842666745,0.4335147440433502,0.24758965584139028,0.1860996789376562,0.5663106938203176,2,pituitary,True
533,"[[49]
 [48]
 [49]
 [51]
 [48]
 [53]]",1,2,pituitary,True,0.014822278171777725,0.9106720089912415,0.07450568675994873,0.026727894321084023,0.0032473744358867407,0.9700247049331665,0.16838641464710236,0.0037907699588686228,0.8278228044509888,0.06997886237998803,0.30590338446199894,0.6241177320480347,2,pituitary,True
534,"[[49]
 [49]
 [50]
 [53]
 [53]
 [50]]",4,0,meningioma,True,0.9887069463729858,0.011274934746325016,1.8164102584705688e-05,0.9366832971572876,0.06331656128168106,7.596730000614116e-08,0.8817205429077148,0.11815785616636276,0.00012156571756349877,0.9357035954793295,0.06424978406478961,4.660192914940353e-05,0,meningioma,True
535,"[[49]
 [48]
 [49]
 [55]
 [50]
 [52]]",0,2,pituitary,True,0.10589473694562912,0.1439647078514099,0.7501405477523804,0.1529778093099594,0.15305586159229279,0.6939663290977478,0.04329315945506096,0.04066038876771927,0.9160465002059937,0.10072190190354983,0.11256031940380733,0.7867177923520406,2,pituitary,True
536,"[[49]
 [48]
 [49]
 [55]
 [50]
 [52]]",0,2,pituitary,True,0.06309212744235992,0.09530694782733917,0.8416008949279785,0.11552967876195908,0.13410444557666779,0.7503658533096313,0.01813301257789135,0.021215856075286865,0.9606510996818542,0.06558493959407012,0.08354241649309795,0.8508726159731547,2,pituitary,True
537,"[[49]
 [48]
 [49]
 [55]
 [50]
 [52]]",0,2,pituitary,True,0.052629560232162476,0.0867587998509407,0.860611617565155,0.11480340361595154,0.16229034960269928,0.722906231880188,0.035963159054517746,0.037314463406801224,0.9267224073410034,0.06779870763421059,0.09545453762014706,0.8367467522621155,2,pituitary,True
538,"[[49]
 [48]
 [50]
 [54]
 [52]
 [56]]",0,2,pituitary,True,0.02447284199297428,0.037048496305942535,0.9384785890579224,0.04131486639380455,0.13802775740623474,0.8206573724746704,0.00596125703305006,0.011149879544973373,0.9828888177871704,0.02391632180660963,0.06207537775238355,0.9140082597732544,2,pituitary,True
539,"[[49]
 [48]
 [50]
 [54]
 [52]
 [56]]",0,2,pituitary,True,0.035639479756355286,0.04825292155146599,0.9161076545715332,0.06385429203510284,0.18207521736621857,0.754070520401001,0.08222425729036331,0.053847093135118484,0.8639286160469055,0.06057267636060715,0.09472507735093434,0.8447022636731466,2,pituitary,True
540,"[[49]
 [48]
 [50]
 [54]
 [52]
 [56]]",0,2,pituitary,True,0.04117114096879959,0.056903399527072906,0.9019255042076111,0.07864592969417572,0.21941229701042175,0.701941728591919,0.1227780431509018,0.08927635848522186,0.7879456281661987,0.08086503793795903,0.1218640183409055,0.7972709536552429,2,pituitary,True
541,"[[49]
 [48]
 [50]
 [54]
 [52]
 [56]]",0,2,pituitary,True,0.0453040711581707,0.05932818725705147,0.8953677415847778,0.08607997000217438,0.224021777510643,0.6898982524871826,0.11430083960294724,0.08332674205303192,0.8023724555969238,0.08189496025443077,0.12222556894024213,0.7958794832229614,2,pituitary,True
542,"[[49]
 [48]
 [50]
 [54]
 [54]
 [57]]",1,2,pituitary,True,0.08222376555204391,0.00010334433318348601,0.9176729321479797,0.001675308565609157,0.00031533054425381124,0.9980093836784363,0.0031492949929088354,0.00015196012100204825,0.9966986775398254,0.02901612303685397,0.0001902116661464485,0.9707936644554138,2,pituitary,True
543,"[[49]
 [48]
 [50]
 [54]
 [54]
 [57]]",1,2,pituitary,True,0.1664421111345291,0.0010801563039422035,0.8324776887893677,0.0030486336909234524,0.0013035008450970054,0.9956478476524353,0.0048819733783602715,0.00174711924046278,0.9933708906173706,0.05812423940127095,0.0013769254631673296,0.9404988090197245,2,pituitary,True
544,"[[49]
 [48]
 [51]
 [48]
 [52]
 [54]]",0,2,pituitary,True,0.06815255433320999,0.09572559595108032,0.8361218571662903,0.167678102850914,0.2212655395269394,0.611056387424469,0.012883949093520641,0.030939269810914993,0.9561768174171448,0.08290486875921488,0.11597680176297824,0.8011183540026346,2,pituitary,True
545,"[[49]
 [49]
 [50]
 [53]
 [53]
 [50]]",4,0,meningioma,True,0.9852740168571472,0.014725212939083576,8.250339647020155e-07,0.6371676921844482,0.36283227801322937,3.591055786067443e-10,0.8983868360519409,0.10160721093416214,5.999892437102972e-06,0.8402761816978455,0.1597215672954917,2.2750951691278645e-06,0,meningioma,True
546,"[[49]
 [48]
 [51]
 [48]
 [52]
 [54]]",0,2,pituitary,True,0.040586475282907486,0.059998225420713425,0.8994152545928955,0.11555668711662292,0.16172443330287933,0.7227188944816589,0.0009929841617122293,0.00226128613576293,0.9967457056045532,0.05237871552041421,0.07466131495311856,0.8729599515597025,2,pituitary,True
547,"[[49]
 [48]
 [51]
 [48]
 [52]
 [54]]",0,2,pituitary,True,0.04189000278711319,0.0601808987557888,0.8979290723800659,0.11687754094600677,0.1877700835466385,0.6953523755073547,0.001435743528418243,0.0023583159781992435,0.9962059259414673,0.05340109575384607,0.08343643276020885,0.8631624579429626,2,pituitary,True
548,"[[49]
 [48]
 [51]
 [48]
 [52]
 [54]]",0,2,pituitary,True,0.025572706013917923,0.03850667178630829,0.9359206557273865,0.08248371630907059,0.1462429165840149,0.7712733745574951,0.0005987103213556111,0.0009514848352409899,0.9984498023986816,0.03621837754811471,0.06190035773518806,0.9018812775611877,2,pituitary,True
549,"[[49]
 [48]
 [51]
 [50]
 [53]
 [55]]",1,2,pituitary,True,1.652987989542165e-11,1.5774931583223406e-08,1.0,1.290382328988926e-06,8.537662132823698e-09,0.9999986886978149,5.469649622114048e-08,1.0140617234810634e-07,0.9999998807907104,4.4836511836332066e-07,4.1906255354717814e-08,0.9999995231628418,2,pituitary,True
550,"[[49]
 [48]
 [51]
 [50]
 [53]
 [55]]",1,2,pituitary,True,3.1790201027170895e-10,3.519420088693437e-09,1.0,2.737862132562441e-06,1.4256718028349269e-09,0.9999972581863403,6.899556836970078e-08,7.298675441802516e-09,0.9999998807907104,9.357252009808045e-07,4.08125577777696e-09,0.9999990463256836,2,pituitary,True
551,"[[49]
 [48]
 [51]
 [50]
 [53]
 [55]]",1,2,pituitary,True,1.7778009619995316e-10,6.219946779850716e-10,1.0,3.0120927476673387e-06,4.792233276873503e-11,0.9999970197677612,2.2786292674936703e-07,5.864210228523348e-10,0.9999997615814209,1.0800444848376352e-06,4.1877934453538046e-10,0.999998927116394,2,pituitary,True
552,"[[49]
 [48]
 [51]
 [50]
 [53]
 [55]]",1,2,pituitary,True,2.354941762428009e-11,5.693597815437101e-10,1.0,3.763795746181131e-07,4.942162304399922e-11,0.9999996423721313,1.629223689292303e-08,1.781343648976641e-11,1.0,1.308984536428868e-07,2.1219828035915858e-10,0.9999998807907104,2,pituitary,True
553,"[[49]
 [48]
 [51]
 [50]
 [53]
 [55]]",1,2,pituitary,True,1.2629298648536569e-12,6.572176136643293e-11,1.0,7.950949765245241e-08,2.473894570101387e-12,0.9999998807907104,1.0143438089471601e-08,5.793774748158453e-12,1.0,2.988473289059629e-08,2.4663143561564255e-11,0.9999999602635702,2,pituitary,True
554,"[[49]
 [48]
 [51]
 [52]
 [55]
 [56]]",2,2,pituitary,True,0.0006611085846088827,1.448257353331428e-05,0.9993244409561157,0.02466057427227497,0.002607157686725259,0.9727323055267334,8.649576557218097e-06,4.008443355019153e-09,0.9999912977218628,0.008443444144480358,0.0008738814229006427,0.9906826814015707,2,pituitary,True
555,"[[49]
 [48]
 [51]
 [52]
 [55]
 [56]]",2,2,pituitary,True,0.0024972413666546345,7.472292963939253e-06,0.9974952936172485,0.04532061889767647,0.001839722041040659,0.9528396725654602,3.902835669578053e-05,1.6932628632559954e-09,0.9999610185623169,0.01595229620700896,0.0006157320090891538,0.9834319949150085,2,pituitary,True
556,"[[49]
 [48]
 [49]
 [48]
 [49]
 [54]]",1,0,meningioma,True,0.9910129904747009,0.008986957371234894,2.9736460418604976e-14,0.8582845330238342,0.14171546697616577,2.097491291763731e-09,0.9330990314483643,0.06690091639757156,5.306526329462713e-09,0.9274655183156332,0.07253444691499074,2.4680157858956208e-09,0,meningioma,True
557,"[[49]
 [49]
 [50]
 [53]
 [53]
 [50]]",4,0,meningioma,True,0.9940067529678345,0.005993232596665621,9.668734701762105e-10,0.9193079471588135,0.08069201558828354,1.153546930286048e-13,0.8306517004966736,0.1693483144044876,1.0545578632559227e-08,0.9146554668744405,0.08534452086314559,3.8375224858094885e-09,0,meningioma,True
558,"[[49]
 [48]
 [51]
 [52]
 [55]
 [56]]",2,2,pituitary,True,0.014482947997748852,3.542722697602585e-05,0.9854816198348999,0.0854327455163002,0.0020008443389087915,0.9125664234161377,0.00010324507456971332,3.6388749791171904e-09,0.999896764755249,0.03333964619620625,0.0006787584015865988,0.9659816026687622,2,pituitary,True
559,"[[49]
 [48]
 [51]
 [52]
 [55]
 [56]]",2,2,pituitary,True,0.0008951631607487798,2.8055962957296288e-06,0.9991021156311035,0.0316351018846035,0.0006871413206681609,0.9676777720451355,0.0001588048180565238,1.0403464756336689e-08,0.9998412132263184,0.010896356621136269,0.00022998577347621563,0.9888737003008524,2,pituitary,True
560,"[[49]
 [48]
 [51]
 [52]
 [55]
 [56]]",2,2,pituitary,True,0.0006053484976291656,3.1002114155853633e-06,0.9993915557861328,0.004377143923193216,0.00011166688636876643,0.9955111742019653,7.814321725163609e-05,4.147879373306296e-09,0.9999217987060547,0.0016868785460246727,3.825708188790836e-05,0.9982748428980509,2,pituitary,True
561,"[[49]
 [48]
 [51]
 [52]
 [55]
 [56]]",2,2,pituitary,True,5.250452886684798e-05,1.584504730089975e-06,0.999945878982544,0.0016508741537109017,5.054770372225903e-05,0.9982985854148865,1.2330562640272547e-05,1.054643039566372e-08,0.9999876022338867,0.0005719030817393408,1.7380918294248222e-05,0.9994106888771057,2,pituitary,True
562,"[[49]
 [48]
 [51]
 [52]
 [55]
 [56]]",2,2,pituitary,True,0.000933563569560647,2.358699930482544e-05,0.999042809009552,0.0037590113934129477,8.335902384715155e-05,0.996157705783844,1.1952621207456104e-05,1.8703909532291618e-08,0.9999880790710449,0.0015681758613936836,3.565490902050309e-05,0.9983961979548136,2,pituitary,True
563,"[[49]
 [48]
 [51]
 [52]
 [55]
 [56]]",2,2,pituitary,True,0.0011007464490830898,2.5160676159430295e-05,0.9988741278648376,0.010407236404716969,0.00021732480672653764,0.9893754720687866,0.00019778887508437037,1.1412728326831711e-06,0.9998010993003845,0.003901923909628143,8.12089185728837e-05,0.9960168997446696,2,pituitary,True
564,"[[49]
 [48]
 [51]
 [53]
 [56]
 [50]]",4,2,pituitary,True,0.5180743932723999,0.004587608855217695,0.4773379862308502,0.7950433492660522,0.0018581433687359095,0.20309844613075256,0.6263845562934875,0.008733960799872875,0.3648815453052521,0.6465007662773132,0.005059904341275494,0.3484393258889516,0,meningioma,False
565,"[[49]
 [48]
 [51]
 [53]
 [56]
 [50]]",4,2,pituitary,True,0.4002414643764496,0.0035145930014550686,0.5962439179420471,0.34021785855293274,0.0003229006251785904,0.6594592332839966,0.6074579358100891,0.009404267184436321,0.3831378221511841,0.44930575291315716,0.00441392027035666,0.5462803244590759,2,pituitary,True
566,"[[49]
 [48]
 [51]
 [53]
 [56]
 [50]]",4,2,pituitary,True,0.15921412408351898,0.0030056387186050415,0.837780237197876,0.04599223658442497,0.00017637081327848136,0.9538314342498779,0.20725812017917633,0.003369202371686697,0.7893726825714111,0.13748816028237343,0.002183737301190073,0.8603281180063883,2,pituitary,True
567,"[[49]
 [48]
 [51]
 [53]
 [56]
 [50]]",4,2,pituitary,True,0.20217972993850708,0.0032958812080323696,0.7945244312286377,0.11353227496147156,0.0001942993694683537,0.8862734436988831,0.4674917161464691,0.007431258447468281,0.5250769853591919,0.2610679070154826,0.003640479674989668,0.7352916200955709,2,pituitary,True
568,"[[49]
 [49]
 [50]
 [54]
 [52]
 [56]]",0,0,meningioma,True,0.6197627782821655,0.3800111711025238,0.00022608981817029417,0.7580338716506958,0.24084652960300446,0.0011195787228643894,0.6653876304626465,0.33239296078681946,0.002219374990090728,0.6810614267985026,0.3177502204974492,0.0011883478437084705,0,meningioma,True
569,"[[49]
 [48]
 [51]
 [53]
 [56]
 [50]]",4,2,pituitary,True,0.012765605002641678,0.005731129087507725,0.9815032482147217,0.3001781404018402,0.0006689587025903165,0.6991528868675232,0.174886554479599,0.013023759238421917,0.8120896816253662,0.1626100999613603,0.006474615676173319,0.8309152722358704,2,pituitary,True
570,"[[49]
 [48]
 [51]
 [54]
 [55]
 [48]]",1,2,pituitary,True,9.85123094210394e-10,2.7891569942539718e-08,1.0,3.6238329812476877e-06,5.410858534560248e-07,0.9999958276748657,8.00606267148396e-06,2.538733269830118e-06,0.9999895095825195,3.876960258608619e-06,1.0359035644095609e-06,0.9999951124191284,2,pituitary,True
571,"[[49]
 [48]
 [51]
 [54]
 [55]
 [48]]",1,2,pituitary,True,1.4058186614818169e-08,2.1022565022121853e-08,1.0,2.8438775188988075e-05,4.8719115852691175e-08,0.9999715089797974,0.0001766790810506791,1.3470901194523321e-07,0.999823272228241,6.837730480876066e-05,6.815023094001542e-08,0.9999315937360128,2,pituitary,True
572,"[[49]
 [48]
 [51]
 [54]
 [55]
 [48]]",1,2,pituitary,True,8.425214303997564e-08,1.5078582293881482e-07,0.9999997615814209,5.476655132952146e-05,1.887191132254884e-07,0.9999450445175171,0.004143912345170975,1.8299940052202146e-07,0.9958558678627014,0.001399587716214512,1.741681122287749e-07,0.9986002246538798,2,pituitary,True
573,"[[49]
 [48]
 [51]
 [54]
 [55]
 [48]]",1,2,pituitary,True,1.0326112409586585e-08,6.316082590274164e-08,0.9999998807907104,0.000144561956403777,1.438304195744422e-07,0.9998552799224854,0.0031959754414856434,1.3333437891560607e-05,0.9967907071113586,0.00111351590800061,4.513476379012597e-06,0.9988819559415182,2,pituitary,True
574,"[[49]
 [48]
 [51]
 [54]
 [55]
 [49]]",0,2,pituitary,True,0.10800972580909729,0.1716083139181137,0.7203819751739502,0.12343019992113113,0.1624802201986313,0.714089572429657,0.027779018506407738,0.07245150208473206,0.8997694253921509,0.08640631474554539,0.13551334540049234,0.7780803243319193,2,pituitary,True
575,"[[49]
 [48]
 [51]
 [54]
 [55]
 [49]]",0,2,pituitary,True,0.056678786873817444,0.10259880125522614,0.840722382068634,0.08272293955087662,0.1143563762307167,0.8029206991195679,0.008180713281035423,0.013687619008123875,0.9781317114830017,0.04919414656857649,0.0768809321646889,0.8739249308904012,2,pituitary,True
576,"[[49]
 [48]
 [51]
 [54]
 [55]
 [49]]",0,2,pituitary,True,0.033582381904125214,0.06859287619590759,0.8978247046470642,0.06017337366938591,0.09873759746551514,0.8410890102386475,0.004788922145962715,0.00601913733407855,0.9891919493675232,0.03284822590649128,0.05778320366516709,0.9093685547510783,2,pituitary,True
577,"[[49]
 [48]
 [51]
 [54]
 [55]
 [49]]",0,2,pituitary,True,0.020428689196705818,0.04351922869682312,0.936052143573761,0.0587448887526989,0.09453468024730682,0.8467203974723816,0.0014673522673547268,0.002033861819654703,0.996498703956604,0.02688031007225315,0.04669592358792821,0.9264237483342489,2,pituitary,True
578,"[[49]
 [48]
 [51]
 [54]
 [55]
 [49]]",0,2,pituitary,True,0.019512293860316277,0.04280364513397217,0.9376840591430664,0.06254489719867706,0.11852966994047165,0.8189253807067871,0.0025816764682531357,0.004103071987628937,0.9933152794837952,0.028212955842415493,0.055145462354024254,0.9166415731112162,2,pituitary,True
579,"[[49]
 [49]
 [50]
 [54]
 [52]
 [56]]",0,0,meningioma,True,0.607129693031311,0.39250603318214417,0.0003642836818471551,0.7288507223129272,0.26907724142074585,0.0020720900502055883,0.7195025682449341,0.2746674120426178,0.005829968489706516,0.6851609945297241,0.31208356221516925,0.0027554474072530866,0,meningioma,True
580,"[[49]
 [48]
 [51]
 [54]
 [55]
 [49]]",0,2,pituitary,True,0.015933984890580177,0.034367140382528305,0.9496989250183105,0.0627405196428299,0.11987002938985825,0.8173894286155701,0.005368988960981369,0.007096834946423769,0.9875341653823853,0.028014497831463814,0.05377800157293677,0.9182075063387553,2,pituitary,True
581,"[[49]
 [48]
 [51]
 [55]
 [51]
 [49]]",1,2,pituitary,True,0.014920906163752079,0.001079729525372386,0.9839993119239807,0.07836785167455673,0.007641427684575319,0.9139907360076904,0.026171650737524033,0.006782732903957367,0.9670456051826477,0.03982013619194428,0.005167963371301691,0.9550118843714396,2,pituitary,True
582,"[[49]
 [48]
 [51]
 [55]
 [51]
 [49]]",1,2,pituitary,True,0.004389052279293537,3.772594209294766e-05,0.9955731630325317,0.013099391013383865,0.0007219025865197182,0.9861787557601929,0.010258806869387627,0.0024634276051074266,0.9872777462005615,0.00924908338735501,0.001074352044573364,0.9896765549977621,2,pituitary,True
583,"[[49]
 [48]
 [51]
 [55]
 [51]
 [49]]",1,2,pituitary,True,0.00024762816610746086,2.7928104827878997e-05,0.9997244477272034,0.004594096913933754,0.0001846309460233897,0.9952213168144226,0.00243007461540401,0.002299147192388773,0.9952707886695862,0.002423933231815075,0.0008372354144133473,0.996738851070404,2,pituitary,True
584,"[[49]
 [48]
 [51]
 [55]
 [51]
 [49]]",1,2,pituitary,True,0.000943253340665251,0.00015724022523500025,0.9988994598388672,0.005809824913740158,6.371844210661948e-05,0.9941264390945435,0.002795248292386532,0.001034238957799971,0.9961704611778259,0.0031827755155973136,0.0004183992083805303,0.9963987867037455,2,pituitary,True
585,"[[49]
 [48]
 [51]
 [55]
 [51]
 [49]]",1,2,pituitary,True,0.003779112361371517,0.000500346242915839,0.9957205653190613,0.04637816920876503,0.00031994906021282077,0.9533018469810486,0.018169168382883072,0.0004243008734192699,0.981406569480896,0.022775483317673206,0.00041486539218264323,0.9768096605936686,2,pituitary,True
586,"[[49]
 [48]
 [51]
 [55]
 [51]
 [49]]",1,2,pituitary,True,0.07699664682149887,0.0037656528875231743,0.9192376732826233,0.135083869099617,0.0006815607193857431,0.8642345666885376,0.14926153421401978,0.0013345213374122977,0.8494039177894592,0.12044735004504521,0.0019272449814404051,0.8776253859202067,2,pituitary,True
587,"[[49]
 [48]
 [51]
 [55]
 [51]
 [49]]",1,2,pituitary,True,0.015250621363520622,0.02056535892188549,0.9641839861869812,0.10668051987886429,0.0005967041943222284,0.8927227854728699,0.19195051491260529,0.1393909752368927,0.6686584949493408,0.10462721871833007,0.05351767945103347,0.8418550888697306,2,pituitary,True
588,"[[49]
 [48]
 [51]
 [56]
 [51]
 [55]]",0,2,pituitary,True,0.38039496541023254,0.345289021730423,0.2743160128593445,0.31488049030303955,0.2297118902206421,0.45540764927864075,0.11677923798561096,0.5850018858909607,0.2982189357280731,0.2706848978996277,0.38666759928067523,0.34264753262201947,1,glioma,False
589,"[[49]
 [48]
 [51]
 [56]
 [51]
 [55]]",0,2,pituitary,True,0.29709067940711975,0.28037014603614807,0.42253920435905457,0.30247583985328674,0.16635331511497498,0.5311708450317383,0.04228457063436508,0.1555711328983307,0.8021443486213684,0.2139503632982572,0.20076486468315125,0.5852847993373871,2,pituitary,True
590,"[[49]
 [49]
 [50]
 [54]
 [52]
 [56]]",0,0,meningioma,True,0.5182940363883972,0.4796602129936218,0.002045712200924754,0.3198646306991577,0.6714120507240295,0.00872329343110323,0.677844226360321,0.29258033633232117,0.029575493186712265,0.5053342978159586,0.48121753334999084,0.013448166272913417,0,meningioma,True
591,"[[49]
 [48]
 [51]
 [56]
 [51]
 [55]]",0,2,pituitary,True,0.2519282102584839,0.2496778666973114,0.4983939528465271,0.2927939295768738,0.16988396644592285,0.5373221039772034,0.0456080362200737,0.1304023563861847,0.8239896297454834,0.19677672535181046,0.1833213965098063,0.6199018955230713,2,pituitary,True
592,"[[49]
 [48]
 [51]
 [56]
 [51]
 [55]]",0,2,pituitary,True,0.22702953219413757,0.23323771357536316,0.539732813835144,0.26370343565940857,0.17677302658557892,0.5595235228538513,0.03924909606575966,0.09068268537521362,0.8700682520866394,0.17666068797310194,0.1668978085120519,0.6564415295918783,2,pituitary,True
593,"[[49]
 [48]
 [51]
 [56]
 [51]
 [55]]",0,2,pituitary,True,0.2017330378293991,0.2077658325433731,0.5905011296272278,0.3071053624153137,0.20445898175239563,0.4884357154369354,0.08652830868959427,0.17991797626018524,0.7335537075996399,0.19845556964476904,0.197380930185318,0.6041635175546011,2,pituitary,True
594,"[[49]
 [48]
 [52]
 [48]
 [49]
 [57]]",1,2,pituitary,True,4.199443537800107e-06,0.0003834599629044533,0.9996123909950256,4.7953792090993375e-05,0.00021347531583160162,0.9997385144233704,0.011960617266595364,0.005662557203322649,0.9823768138885498,0.004004256834074719,0.002086497494019568,0.9939092397689819,2,pituitary,True
595,"[[49]
 [48]
 [52]
 [48]
 [49]
 [57]]",1,2,pituitary,True,8.135990356095135e-05,4.745762635138817e-05,0.9998711347579956,0.00032751986873336136,9.848786430666223e-05,0.9995740056037903,0.03067365102469921,0.0007327644270844758,0.9685935378074646,0.01036084359899784,0.0002929033059141754,0.9893462260564169,2,pituitary,True
596,"[[49]
 [48]
 [52]
 [48]
 [49]
 [57]]",1,2,pituitary,True,0.0005546915344893932,5.441952816909179e-05,0.9993908405303955,0.0004863966896664351,0.00013088691048324108,0.999382734298706,0.041427113115787506,0.00013946504623163491,0.9584334492683411,0.014156067113314444,0.00010825716162798926,0.9857356746991476,2,pituitary,True
597,"[[49]
 [48]
 [52]
 [48]
 [49]
 [57]]",1,2,pituitary,True,0.0031121661886572838,0.0014200323494151235,0.9954677820205688,0.0013065071543678641,0.0014952938072383404,0.997198224067688,0.031767189502716064,0.0008912761695683002,0.9673415422439575,0.012061954281913737,0.0012688674420739214,0.9866691827774048,2,pituitary,True
598,"[[49]
 [48]
 [52]
 [48]
 [49]
 [57]]",1,2,pituitary,True,0.0007541051018051803,0.001489936956204474,0.9977559447288513,0.0012694201432168484,0.0019733184017241,0.9967572093009949,0.10417982190847397,0.009205261245369911,0.8866149187088013,0.035401115717832,0.0042228388677661615,0.9603760242462158,2,pituitary,True
599,"[[49]
 [48]
 [52]
 [53]
 [53]
 [56]]",0,2,pituitary,True,0.32048311829566956,0.2676554322242737,0.41186144948005676,0.25843146443367004,0.14436082541942596,0.5972076654434204,0.0038722967728972435,0.0027651754207909107,0.993362545967102,0.19426229316741228,0.13826047768816352,0.6674772202968597,2,pituitary,True
600,"[[49]
 [48]
 [52]
 [53]
 [53]
 [56]]",0,2,pituitary,True,0.15833331644535065,0.16687710583209991,0.6747896075248718,0.14258287847042084,0.1080731675028801,0.749343991279602,0.00032286529312841594,0.000474716565804556,0.9992024302482605,0.1004130200696333,0.09180832996692818,0.8077786763509115,2,pituitary,True
601,"[[49]
 [49]
 [51]
 [52]
 [51]
 [53]]",1,0,meningioma,True,0.9966506361961365,0.0033474117517471313,2.0588211100402987e-06,0.9237312078475952,0.07530781626701355,0.0009610231500118971,0.5945407152175903,0.3820022940635681,0.023456983268260956,0.838307519753774,0.15355250736077627,0.008140021746460965,0,meningioma,True
602,"[[49]
 [48]
 [52]
 [53]
 [53]
 [56]]",0,2,pituitary,True,0.0588262565433979,0.08022833615541458,0.8609454035758972,0.05566663667559624,0.0694161206483841,0.8749172687530518,4.173470370005816e-05,0.00011045573774026707,0.9998477697372437,0.038178209307564735,0.04991830418051298,0.9119034806887308,2,pituitary,True
603,"[[49]
 [48]
 [52]
 [53]
 [53]
 [56]]",0,2,pituitary,True,0.027551518753170967,0.04234347492456436,0.9301050305366516,0.03668507561087608,0.06055867299437523,0.9027562737464905,1.315677582169883e-05,7.0406254963018e-05,0.9999164342880249,0.021416583713289583,0.0343241847246342,0.944259246190389,2,pituitary,True
604,"[[49]
 [48]
 [52]
 [53]
 [53]
 [56]]",0,2,pituitary,True,0.018277065828442574,0.03595690429210663,0.945766031742096,0.02260429598391056,0.0725841149687767,0.9048116207122803,5.34079154022038e-05,0.0003761834232136607,0.9995704293251038,0.013644923242585113,0.03630573422803233,0.95004936059316,2,pituitary,True
605,"[[49]
 [48]
 [52]
 [53]
 [53]
 [56]]",0,2,pituitary,True,0.011925706639885902,0.024159718304872513,0.9639145135879517,0.016566626727581024,0.057456616312265396,0.9259768128395081,1.8379341781837866e-05,0.000229261044296436,0.9997523427009583,0.009503570903082922,0.027281865220478114,0.9632145563761393,2,pituitary,True
606,"[[49]
 [48]
 [52]
 [53]
 [53]
 [56]]",0,2,pituitary,True,0.016506757587194443,0.0330253429710865,0.9504678845405579,0.031716909259557724,0.15266308188438416,0.8156200051307678,0.0010174713097512722,0.006295631639659405,0.9926868677139282,0.01641371271883448,0.06399468549837668,0.9195915857950846,2,pituitary,True
607,"[[49]
 [48]
 [52]
 [54]
 [56]
 [52]]",3,2,pituitary,True,0.05873023346066475,0.00024428789038211107,0.9410254955291748,0.02093426324427128,0.07075181603431702,0.9083139300346375,0.013464260846376419,0.0049409703351557255,0.9815948009490967,0.031042919183770817,0.025312358086618286,0.9436447421709696,2,pituitary,True
608,"[[49]
 [48]
 [52]
 [54]
 [56]
 [52]]",3,2,pituitary,True,0.013239512220025063,0.0001822016783989966,0.9865782856941223,0.00354391080327332,0.00801426637917757,0.9884418249130249,0.0052091209217906,0.0002541258872952312,0.9945367574691772,0.007330847981696327,0.0028168646482905992,0.9898522893587748,2,pituitary,True
609,"[[49]
 [48]
 [52]
 [54]
 [56]
 [52]]",3,2,pituitary,True,0.007768908515572548,0.000597427599132061,0.9916336536407471,0.00527176633477211,0.029714901000261307,0.965013325214386,0.008847837336361408,0.0008590933866798878,0.990293025970459,0.007296170728902022,0.010390473995357752,0.982313334941864,2,pituitary,True
610,"[[49]
 [48]
 [52]
 [54]
 [56]
 [52]]",3,2,pituitary,True,0.008833235129714012,0.00025400720187462866,0.9909127950668335,0.0030920065473765135,0.014752744697034359,0.9821552634239197,0.007184737361967564,0.0002056081866612658,0.9926096796989441,0.006369993013019363,0.005070786695190084,0.9885592460632324,2,pituitary,True
611,"[[49]
 [48]
 [52]
 [54]
 [56]
 [52]]",3,2,pituitary,True,0.015011124312877655,4.874993464909494e-05,0.9849401116371155,0.0012763836421072483,0.0029666421469300985,0.9957569241523743,0.018240058794617653,2.5569774152245373e-05,0.9817343950271606,0.011509188916534185,0.0010136539519104797,0.9874771436055502,2,pituitary,True
612,"[[49]
 [49]
 [51]
 [52]
 [51]
 [53]]",1,0,meningioma,True,0.998114824295044,0.0018850446213036776,1.7547293396091845e-07,0.9201144576072693,0.07909142225980759,0.0007941611693240702,0.547926127910614,0.4437329173088074,0.008340942673385143,0.8220518032709757,0.1749031280633062,0.0030450931052143915,0,meningioma,True
613,"[[49]
 [48]
 [52]
 [54]
 [56]
 [52]]",3,2,pituitary,True,0.06272085756063461,4.8492755013285205e-05,0.93723064661026,0.0021836792584508657,0.0026804308872669935,0.9951358437538147,0.0112690394744277,5.444252565212082e-06,0.988725483417511,0.025391192097837727,0.0009114559649484969,0.9736973245938619,2,pituitary,True
614,"[[49]
 [48]
 [52]
 [54]
 [56]
 [52]]",3,2,pituitary,True,0.1843501180410385,0.00030758132925257087,0.8153422474861145,0.0029502976685762405,0.003827776061370969,0.9932218790054321,0.015764156356453896,0.00020647834753617644,0.9840293526649475,0.06768819068868955,0.0014472785793865721,0.9308644930521647,2,pituitary,True
615,"[[49]
 [48]
 [52]
 [57]
 [49]
 [50]]",2,2,pituitary,True,0.12136022001504898,0.5579203963279724,0.32071930170059204,0.35310640931129456,0.4958714544773102,0.15102210640907288,0.12961888313293457,0.29938599467277527,0.5709951519966125,0.20136183748642603,0.4510592818260193,0.34757885336875916,1,glioma,False
616,"[[49]
 [48]
 [52]
 [57]
 [49]
 [50]]",2,2,pituitary,True,0.015080810524523258,0.010776007547974586,0.9741432070732117,0.09183052182197571,0.051843442022800446,0.8563261032104492,0.006131889298558235,0.00022477096354123205,0.9936432838439941,0.037681073881685734,0.020948073511438754,0.9413708647092184,2,pituitary,True
617,"[[49]
 [48]
 [52]
 [57]
 [49]
 [50]]",2,2,pituitary,True,0.043837204575538635,0.03398862108588219,0.9221741557121277,0.13897071778774261,0.0593278743326664,0.8017013669013977,0.07725252211093903,5.625428821076639e-05,0.922691285610199,0.0866868148247401,0.031124249902253116,0.8821889360745748,2,pituitary,True
618,"[[49]
 [48]
 [52]
 [57]
 [49]
 [50]]",2,2,pituitary,True,0.0019649972673505545,0.0010610742028802633,0.9969738721847534,0.03938603773713112,0.009188367053866386,0.9514255523681641,0.030980616807937622,1.3160189155314583e-05,0.9690061807632446,0.024110550604139764,0.003420867148633988,0.9724685351053873,2,pituitary,True
619,"[[49]
 [48]
 [52]
 [57]
 [49]
 [50]]",2,2,pituitary,True,0.0042046126909554005,0.000846810988150537,0.9949485063552856,0.0899166464805603,0.01545315608382225,0.8946301937103271,0.010283390060067177,7.818432095518801e-06,0.9897087216377258,0.03480154974386096,0.005435928501356102,0.9597624739011129,2,pituitary,True
620,"[[49]
 [48]
 [53]
 [49]
 [56]
 [55]]",0,2,pituitary,True,0.009011796675622463,0.019310688599944115,0.9716775417327881,0.031598128378391266,0.10990454256534576,0.8584973216056824,0.0001262595469597727,0.00031695186044089496,0.9995567202568054,0.0135787282003245,0.04317739434191026,0.9432438611984253,2,pituitary,True
621,"[[49]
 [48]
 [53]
 [49]
 [56]
 [55]]",0,2,pituitary,True,0.014718093909323215,0.03164220601320267,0.9536397457122803,0.051674939692020416,0.20191960036754608,0.7464054822921753,0.0024279961362481117,0.006364092696458101,0.9912078380584717,0.022940343245863914,0.07997529969240229,0.8970843553543091,2,pituitary,True
622,"[[49]
 [48]
 [53]
 [49]
 [56]
 [55]]",0,2,pituitary,True,0.004518135450780392,0.010626240633428097,0.984855592250824,0.017522919923067093,0.06881603598594666,0.9136610627174377,3.2380186894442886e-05,0.00010568262223387137,0.9998619556427002,0.0073578118535806425,0.02651598641386954,0.9661262035369873,2,pituitary,True
623,"[[49]
 [49]
 [51]
 [52]
 [51]
 [53]]",1,0,meningioma,True,0.9950473308563232,0.004952624440193176,7.031398041590364e-08,0.981262743473053,0.018735865131020546,1.430602992513741e-06,0.7998672127723694,0.19840317964553833,0.0017295386642217636,0.9253924290339152,0.07403055640558402,0.0005770131937315645,0,meningioma,True
624,"[[49]
 [48]
 [53]
 [49]
 [56]
 [55]]",0,2,pituitary,True,0.0026999004185199738,0.0063002025708556175,0.9909998774528503,0.010103731416165829,0.03936878964304924,0.9505274295806885,3.307956376374932e-06,1.5012065887276549e-05,0.9999816417694092,0.004268979930354059,0.015228001426597379,0.980502982934316,2,pituitary,True
625,"[[49]
 [48]
 [53]
 [49]
 [56]
 [55]]",0,2,pituitary,True,0.002851536963135004,0.006244559772312641,0.990903913974762,0.011546189896762371,0.04156165197491646,0.9468922019004822,8.933886419981718e-06,2.6333838832215406e-05,0.999964714050293,0.0048022202487724526,0.01594418186202044,0.9792536099751791,2,pituitary,True
626,"[[49]
 [48]
 [53]
 [49]
 [56]
 [55]]",0,2,pituitary,True,0.003214529948309064,0.0066630784422159195,0.990122377872467,0.013127567246556282,0.046623773872852325,0.9402486681938171,1.6694606529199518e-05,3.6231951526133344e-05,0.9999470710754395,0.005452930600464849,0.017774361422198126,0.9767727057139078,2,pituitary,True
627,"[[49]
 [48]
 [53]
 [52]
 [55]
 [53]]",3,2,pituitary,True,0.010441713966429234,1.6212845366680995e-05,0.9895420074462891,0.00016277101531159133,2.281401066284161e-05,0.9998144507408142,0.0002744579396676272,2.3589120701217325e-06,0.9997231364250183,0.0036263143071361506,1.3795256033214779e-05,0.9963598648707072,2,pituitary,True
628,"[[49]
 [48]
 [53]
 [52]
 [55]
 [53]]",3,2,pituitary,True,0.034888215363025665,0.0006925551570020616,0.9644191861152649,0.0005090443301014602,0.0003432711528148502,0.9991476535797119,0.011164539493620396,3.936847497243434e-05,0.9887961149215698,0.01552059972891584,0.0003583982615964487,0.9841209848721822,2,pituitary,True
629,"[[49]
 [48]
 [53]
 [52]
 [55]
 [53]]",3,2,pituitary,True,0.011720376089215279,4.307948984205723e-05,0.9882364869117737,2.390598638157826e-05,1.549823173263576e-05,0.9999605417251587,4.9444759497419e-05,1.226803578902036e-05,0.9999382495880127,0.003931242278364759,2.3615252454571117e-05,0.9960450927416483,2,pituitary,True
630,"[[49]
 [48]
 [53]
 [53]
 [51]
 [56]]",2,2,pituitary,True,0.3944077491760254,0.5981056094169617,0.007486640475690365,0.7900241017341614,0.20538780093193054,0.0045880419202148914,0.2969560921192169,0.10498576611280441,0.5980581641197205,0.4937959810098012,0.3028263921538989,0.20337761550520858,0,meningioma,False
631,"[[49]
 [48]
 [53]
 [53]
 [51]
 [56]]",2,2,pituitary,True,0.17792479693889618,0.803581714630127,0.018493477255105972,0.6519389748573303,0.33980804681777954,0.00825294479727745,0.3077886700630188,0.03365607187151909,0.658555269241333,0.3792174806197484,0.3923486111064752,0.2284338970979055,1,glioma,False
632,"[[49]
 [48]
 [53]
 [54]
 [51]
 [56]]",3,2,pituitary,True,0.18812665343284607,0.005604160949587822,0.8062691688537598,0.03171437233686447,0.13568057119846344,0.8326050043106079,0.0012758821249008179,0.00010135277261724696,0.9986227750778198,0.07370563596487045,0.04712869497355617,0.8791656494140625,2,pituitary,True
633,"[[49]
 [48]
 [53]
 [54]
 [51]
 [56]]",3,2,pituitary,True,0.05048077180981636,0.001443831017240882,0.9480754137039185,0.01771201193332672,0.031349316239356995,0.9509386420249939,0.0002840316155925393,8.71345546329394e-05,0.9996287822723389,0.02282560511957854,0.01096009393707694,0.9662142793337504,2,pituitary,True
634,"[[49]
 [49]
 [51]
 [52]
 [51]
 [53]]",1,0,meningioma,True,0.9942321181297302,0.00576791213825345,6.581857725507234e-09,0.8563805222511292,0.1436086893081665,1.0694525371945929e-05,0.4129558205604553,0.586944043636322,0.00010011244739871472,0.7545228203137716,0.24544021502758065,3.6937851542795386e-05,0,meningioma,True
635,"[[49]
 [48]
 [53]
 [54]
 [51]
 [56]]",3,2,pituitary,True,0.03880928456783295,0.002756643807515502,0.9584341049194336,0.011107252910733223,0.030039826408028603,0.9588528871536255,0.00017697496514301747,5.824483014293946e-05,0.9997647404670715,0.016697837481236395,0.01095157168189568,0.9723505775133768,2,pituitary,True
636,"[[49]
 [48]
 [53]
 [54]
 [51]
 [56]]",3,2,pituitary,True,0.057005152106285095,0.00021849181212019175,0.9427763223648071,0.006056288257241249,0.014891129918396473,0.9790526032447815,0.0013979404466226697,7.432297570630908e-05,0.9985277652740479,0.021486460270049672,0.005061314902074325,0.9734522302945455,2,pituitary,True
637,"[[49]
 [48]
 [53]
 [54]
 [51]
 [56]]",3,2,pituitary,True,0.32961785793304443,0.0012816386297345161,0.6691005229949951,0.010903719812631607,0.008721784688532352,0.9803745150566101,0.006525309756398201,1.5895338947302662e-05,0.9934588074684143,0.11568229583402474,0.003339772885738057,0.8809779485066732,2,pituitary,True
638,"[[57]
 [55]
 [52]
 [49]
 [54]]",2,2,pituitary,True,0.000820718880277127,0.000173755397554487,0.9990054965019226,0.16276228427886963,0.3740953505039215,0.46314236521720886,0.012138557620346546,0.003266408108174801,0.9845950603485107,0.058573853593164436,0.12584517133655027,0.8155809740225474,2,pituitary,True
639,"[[57]
 [55]
 [52]
 [49]
 [54]]",2,2,pituitary,True,0.00013698459952138364,0.00014037157234270126,0.9997226595878601,0.028432907536625862,0.09772384911775589,0.8738431930541992,0.015346360392868519,7.496451871702448e-05,0.9845786094665527,0.014638750843005255,0.032646395069605205,0.9527148207028707,2,pituitary,True
640,"[[57]
 [55]
 [52]
 [49]
 [54]]",2,2,pituitary,True,4.409774192026816e-05,3.7543806683970615e-05,0.9999183416366577,0.011216959916055202,0.034591443836688995,0.9541915655136108,0.004975820891559124,0.00016039167530834675,0.9948638081550598,0.005412292849844865,0.011596459772893771,0.9829912384351095,2,pituitary,True
641,"[[57]
 [55]
 [52]
 [49]
 [54]]",2,2,pituitary,True,0.0011593801900744438,0.0004159871896263212,0.9984246492385864,0.06423582136631012,0.07360757142305374,0.8621566295623779,0.018180014565587044,0.0011067166924476624,0.9807132482528687,0.027858405373990536,0.025043425101709243,0.947098175684611,2,pituitary,True
642,"[[57]
 [55]
 [52]
 [49]
 [54]]",2,2,pituitary,True,9.259868420485873e-06,2.9989630547788693e-06,0.9999877214431763,0.002752322005107999,0.001871297718025744,0.9953763484954834,0.002463677665218711,3.1757842862134567e-06,0.9975330829620361,0.0017417531795823986,0.0006258241551222454,0.9976323843002319,2,pituitary,True
643,"[[57]
 [55]
 [52]
 [49]
 [54]]",2,2,pituitary,True,9.404640877619386e-06,2.8943520646862453e-06,0.9999877214431763,0.0017080615507438779,0.0011333071161061525,0.9971586465835571,0.00409780303016305,1.1190276154593448e-06,0.9959010481834412,0.0019384230739281823,0.00037910683192876604,0.9976824720700582,2,pituitary,True
644,"[[57]
 [55]
 [52]
 [49]
 [54]]",2,2,pituitary,True,4.787309535458917e-06,2.557189191065845e-06,0.9999926090240479,0.0025204140692949295,0.0019428044324740767,0.9955368041992188,0.002594878664240241,8.934935067372862e-07,0.997404158115387,0.0017066933476902098,0.0006487517050572933,0.9976445237795512,2,pituitary,True
645,"[[49]
 [49]
 [51]
 [52]
 [51]
 [53]]",1,0,meningioma,True,0.99094557762146,0.009054416790604591,2.8163920035104845e-14,0.9197556972503662,0.08024434000253677,5.985876239122945e-09,0.5989572405815125,0.4010424017906189,3.91940574218097e-07,0.8365528384844462,0.1634470528612534,1.3264215954038e-07,0,meningioma,True
646,"[[57]
 [55]
 [52]
 [49]
 [54]]",2,2,pituitary,True,5.449477384900092e-07,4.001614968274225e-07,0.9999990463256836,0.00097680336330086,0.00037693543708883226,0.9986463189125061,1.4483669474429917e-05,1.3670464760195955e-09,0.9999854564666748,0.00033061066017125995,0.00012577898854404523,0.9995436072349548,2,pituitary,True
647,"[[57]
 [55]
 [52]
 [54]
 [49]]",0,2,pituitary,True,0.1108366847038269,0.12646172940731049,0.7627015709877014,0.18155153095722198,0.1633244901895523,0.6551239490509033,0.0023387859109789133,0.00598029512912035,0.991680920124054,0.0982423338573426,0.09858883824199438,0.8031688133875529,2,pituitary,True
648,"[[57]
 [55]
 [52]
 [54]
 [49]]",0,2,pituitary,True,0.06564250588417053,0.08589374274015427,0.8484637141227722,0.13793054223060608,0.1510966271162033,0.7109728455543518,0.0033675110898911953,0.007476402446627617,0.9891560077667236,0.06898018640155594,0.08148892410099506,0.8495308558146158,2,pituitary,True
649,"[[57]
 [55]
 [52]
 [54]
 [49]]",0,2,pituitary,True,0.05517694354057312,0.08706242591142654,0.8577606081962585,0.11213874071836472,0.184350848197937,0.7035104632377625,0.013976182788610458,0.021559104323387146,0.9644646644592285,0.06043062234918276,0.09765745947758357,0.8419119119644165,2,pituitary,True
650,"[[57]
 [55]
 [52]
 [54]
 [49]]",0,2,pituitary,True,0.015391813591122627,0.026947597041726112,0.9576606154441833,0.07372800260782242,0.1027771383523941,0.8234948515892029,0.00043951941188424826,0.0007193555356934667,0.9988411068916321,0.029853111870276432,0.04348136364327123,0.9266655246416727,2,pituitary,True
651,"[[57]
 [55]
 [52]
 [54]
 [49]]",0,2,pituitary,True,0.018770817667245865,0.03570099547505379,0.9455282092094421,0.06911751627922058,0.14398901164531708,0.7868934273719788,0.004984065890312195,0.005502813030034304,0.989513099193573,0.030957466612259548,0.061730940050135054,0.9073115785916647,2,pituitary,True
652,"[[57]
 [55]
 [52]
 [54]
 [49]]",0,2,pituitary,True,0.014957913197577,0.02947596274316311,0.9555661082267761,0.056435443460941315,0.12990501523017883,0.8136594891548157,0.004465045407414436,0.005579529330134392,0.9899554252624512,0.025286134021977585,0.05498683576782545,0.9197270075480143,2,pituitary,True
653,"[[57]
 [55]
 [52]
 [54]
 [49]]",0,2,pituitary,True,0.009949871338903904,0.021090928465127945,0.9689591526985168,0.04601028561592102,0.11078041791915894,0.8432093262672424,0.0015442079165950418,0.0025430344976484776,0.9959127306938171,0.019168121623806655,0.04480479362731179,0.9360270698865255,2,pituitary,True
654,"[[57]
 [55]
 [52]
 [54]
 [49]]",0,2,pituitary,True,0.00784342736005783,0.01679297722876072,0.9753636121749878,0.04527292773127556,0.12079238146543503,0.8339347243309021,0.0033317620400339365,0.005247531924396753,0.9914207458496094,0.018816039043789107,0.047610963539530836,0.9335730274518331,2,pituitary,True
655,"[[57]
 [55]
 [52]
 [56]
 [49]]",0,2,pituitary,True,0.13735274970531464,0.18446798622608185,0.6781792640686035,0.2017509788274765,0.28109973669052124,0.5171492695808411,0.07985277473926544,0.04082997888326645,0.8793172836303711,0.1396521677573522,0.16879923393328986,0.6915486057599386,2,pituitary,True
656,"[[49]
 [49]
 [51]
 [52]
 [51]
 [53]]",1,0,meningioma,True,0.9061475992202759,0.09385239332914352,1.7818128223528928e-25,0.9246810078620911,0.07531898468732834,3.120215674376481e-13,0.7953963875770569,0.20460368692874908,1.2180996662725097e-11,0.8754083315531412,0.12459168831507365,4.164339410054308e-12,0,meningioma,True
657,"[[57]
 [55]
 [52]
 [56]
 [49]]",0,2,pituitary,True,0.10792605578899384,0.14186541736125946,0.7502084970474243,0.20070715248584747,0.26482948660850525,0.5344633460044861,0.06397759169340134,0.03503311797976494,0.9009893536567688,0.12420359998941422,0.14724267398317656,0.7285537322362264,2,pituitary,True
658,"[[57]
 [55]
 [52]
 [56]
 [49]]",0,2,pituitary,True,0.10583759099245071,0.15510477125644684,0.7390576601028442,0.1384369432926178,0.3059638440608978,0.5555992126464844,0.14182277023792267,0.08625520765781403,0.7719220519065857,0.12869910150766373,0.1824412743250529,0.6888596415519714,2,pituitary,True
659,"[[57]
 [55]
 [52]
 [56]
 [49]]",0,2,pituitary,True,0.08441334217786789,0.12990154325962067,0.7856851816177368,0.12859570980072021,0.2939562499523163,0.5774480104446411,0.1017909124493599,0.05735643953084946,0.8408526182174683,0.10493332147598267,0.16040474424759546,0.7346619367599487,2,pituitary,True
660,"[[57]
 [55]
 [52]
 [56]
 [49]]",0,2,pituitary,True,0.047837212681770325,0.07661004364490509,0.875552773475647,0.11708090454339981,0.2161175012588501,0.6668015718460083,0.019533667713403702,0.014187585562467575,0.9662787914276123,0.06148392831285795,0.10230504348874092,0.8362110455830892,2,pituitary,True
661,"[[57]
 [55]
 [53]
 [57]
 [57]]",2,2,pituitary,True,1.1643955986073706e-06,3.0925022542760416e-09,0.9999988079071045,0.001076045911759138,2.7717931516235694e-05,0.9988962411880493,5.342250460671494e-06,1.9886201130248082e-08,0.9999946355819702,0.00036085085260613897,9.24697007320674e-06,0.9996298948923746,2,pituitary,True
662,"[[57]
 [55]
 [53]
 [57]
 [57]]",2,2,pituitary,True,5.484816028911155e-06,1.2398951199088515e-08,0.9999945163726807,0.0003909268125426024,5.739841071772389e-06,0.9996033310890198,1.0138186326003051e-06,3.2159839236101107e-08,0.999998927116394,0.00013247514906803795,1.928133287402526e-06,0.9998655915260315,2,pituitary,True
663,"[[57]
 [55]
 [56]
 [57]
 [48]]",4,2,pituitary,True,0.0001498896162956953,0.0001083195093087852,0.9997417330741882,0.0003671928134281188,6.359509279718623e-05,0.9995692372322083,0.005899716634303331,0.00026409898418933153,0.9938361048698425,0.002138933021342382,0.00014533786209843433,0.997715691725413,2,pituitary,True
664,"[[57]
 [55]
 [56]
 [57]
 [48]]",4,2,pituitary,True,0.00016749762289691716,0.0007565656560473144,0.9990758895874023,0.0003494171833153814,1.5023336345620919e-05,0.9996355772018433,0.007218594662845135,0.00031832681270316243,0.9924631118774414,0.0025785031563524776,0.0003633052683653659,0.9970581928888956,2,pituitary,True
665,"[[57]
 [55]
 [56]
 [57]
 [48]]",4,2,pituitary,True,5.31108962604776e-05,0.002286685863509774,0.9976601600646973,0.0001799184101400897,5.9599777159746736e-05,0.9997604489326477,0.0002339908533031121,0.0002141686563845724,0.9995518326759338,0.00015567338656789312,0.0008534847656846978,0.9989908138910929,2,pituitary,True
666,"[[57]
 [55]
 [56]
 [57]
 [48]]",4,2,pituitary,True,6.673143070656806e-05,0.014242442324757576,0.9856907725334167,0.0004929734277538955,0.0005786701221950352,0.9989283680915833,5.294588117976673e-05,0.00036783807445317507,0.9995792508125305,0.0002042169132134101,0.005062983507135262,0.9947327971458435,2,pituitary,True
667,"[[49]
 [48]
 [49]
 [49]
 [50]
 [55]]",1,0,meningioma,True,0.9116301536560059,0.00250748242251575,0.08586239069700241,0.7329709529876709,0.05807671695947647,0.20895227789878845,0.18716168403625488,0.26528361439704895,0.5475546717643738,0.6105875968933105,0.10862260459301372,0.2807897801200549,0,meningioma,True
668,"[[49]
 [49]
 [51]
 [53]
 [53]
 [52]]",0,0,meningioma,True,0.4793194830417633,0.5199514031410217,0.0007291181245818734,0.18255040049552917,0.8152740001678467,0.002175549976527691,0.7010616064071655,0.29768234491348267,0.0012559995520859957,0.45431049664815265,0.5443025827407837,0.0013868892177318533,1,glioma,False
669,"[[57]
 [56]
 [52]
 [55]
 [50]]",1,2,pituitary,True,2.1817975266458234e-06,3.320487303426489e-05,0.9999645948410034,9.14937918423675e-05,1.270565280719893e-05,0.9998958110809326,0.0002655408752616495,0.00010251659841742367,0.9996318817138672,0.00011973882154355427,4.947570808629583e-05,0.9998307625452677,2,pituitary,True
670,"[[57]
 [56]
 [52]
 [55]
 [50]]",1,2,pituitary,True,4.644822638510959e-06,5.703762326447759e-06,0.9999896287918091,8.180989243555814e-05,7.779019597364822e-07,0.9999173879623413,0.0007942670490592718,3.4456745652278187e-06,0.999202311038971,0.0002935739213777803,3.3091129504706864e-06,0.9997031092643738,2,pituitary,True
671,"[[57]
 [56]
 [52]
 [55]
 [50]]",1,2,pituitary,True,3.369045225554146e-05,7.193055466814258e-07,0.9999655485153198,5.7352848671143875e-05,4.905674799715598e-08,0.9999425411224365,0.001554184826090932,1.0656800952801859e-07,0.9984456896781921,0.0005484093756725391,2.9164343473553345e-07,0.9994512597719828,2,pituitary,True
672,"[[57]
 [56]
 [52]
 [55]
 [50]]",1,2,pituitary,True,3.1483411930821603e-06,2.2229062324186089e-07,0.9999966621398926,3.280027522123419e-05,2.6034117084350328e-08,0.9999672174453735,0.00046531736734323204,2.953898672330979e-07,0.9995343685150146,0.00016708866125251612,1.8123820251976971e-07,0.9998327493667603,2,pituitary,True
673,"[[57]
 [56]
 [52]
 [55]
 [50]]",1,2,pituitary,True,5.718892225559102e-06,2.0004212274216115e-05,0.999974250793457,0.00044396056910045445,1.3978133210912347e-06,0.9995545744895935,0.00465050432831049,3.4889744711108506e-05,0.9953145980834961,0.0017000612632121677,1.8763923435471952e-05,0.9982811411221822,2,pituitary,True
674,"[[57]
 [56]
 [54]
 [53]
 [50]]",3,2,pituitary,True,0.008414695039391518,2.855563252524007e-05,0.9915567636489868,2.777138251985889e-05,8.267977682407945e-05,0.9998894929885864,1.713397796265781e-05,2.464654426148627e-05,0.9999582767486572,0.0028198667999580116,4.529398453693526e-05,0.9971348444620768,2,pituitary,True
675,"[[57]
 [56]
 [54]
 [53]
 [50]]",3,2,pituitary,True,0.01888388767838478,7.300335255422397e-06,0.9811088442802429,9.646615944802761e-05,0.00010897189349634573,0.9997945427894592,1.3314460375113413e-05,2.052711579381139e-06,0.999984622001648,0.006331222766069307,3.9441646777049755e-05,0.9936293363571167,2,pituitary,True
676,"[[57]
 [56]
 [54]
 [53]
 [50]]",3,2,pituitary,True,0.065788134932518,1.0478379408596084e-06,0.9342108368873596,0.0005167080089449883,0.00012437791156116873,0.9993589520454407,0.0010778125142678618,1.089502347895177e-06,0.9989211559295654,0.022460885151910286,4.217175061664117e-05,0.9774969816207886,2,pituitary,True
677,"[[57]
 [56]
 [54]
 [53]
 [50]]",3,2,pituitary,True,0.07691021263599396,2.8033216494804947e-06,0.923086941242218,0.002187479753047228,0.00025509766419418156,0.9975574016571045,0.0014232194516807795,3.2558887141931336e-07,0.9985764026641846,0.026840303946907323,8.607552490502712e-05,0.9730735818545023,2,pituitary,True
678,"[[57]
 [56]
 [56]
 [55]
 [49]]",2,2,pituitary,True,6.746491365561269e-09,6.626240667273464e-10,1.0,0.00017248130461666733,3.0078621421125717e-05,0.9997974038124084,1.0847537851077504e-05,6.035940458559708e-08,0.9999890327453613,6.111186298637013e-05,1.004654781659268e-05,0.9999288121859232,2,pituitary,True
679,"[[49]
 [49]
 [51]
 [53]
 [53]
 [52]]",0,0,meningioma,True,0.4893973171710968,0.5103113055229187,0.00029130824259482324,0.3065303564071655,0.6926653981208801,0.0008042655535973608,0.6658359169960022,0.3337733745574951,0.0003906546044163406,0.4872545301914215,0.512250026067098,0.0004954094668695083,1,glioma,False
680,"[[57]
 [56]
 [56]
 [55]
 [49]]",2,2,pituitary,True,2.754586887476762e-07,2.2905368268766324e-08,0.9999996423721313,0.002466212958097458,0.0004299792053643614,0.997103750705719,0.0003450860094744712,1.0080506172016612e-06,0.9996539354324341,0.0009371914754202256,0.00014367005378327727,0.9989191095034281,2,pituitary,True
681,"[[57]
 [56]
 [56]
 [55]
 [49]]",2,2,pituitary,True,9.45121598761034e-07,1.4188665886649687e-07,0.999998927116394,0.0044810157269239426,0.0011293637799099088,0.9943895936012268,0.00010560996452113613,1.1554601542229648e-06,0.9998931884765625,0.0015291902710146132,0.0003768870422409994,0.9980939030647278,2,pituitary,True
682,"[[57]
 [56]
 [56]
 [55]
 [49]]",2,2,pituitary,True,8.833430001686793e-06,1.3264613016872318e-06,0.9999898672103882,0.015249555930495262,0.004723488353192806,0.98002690076828,0.0004405705549288541,6.792880867578788e-06,0.9995526671409607,0.005232986638475268,0.0015772025651206907,0.993189811706543,2,pituitary,True
683,"[[57]
 [56]
 [56]
 [55]
 [49]]",2,2,pituitary,True,6.233021281332185e-07,1.409041061606331e-07,0.9999992847442627,0.005594811402261257,0.00167341367341578,0.9927317500114441,1.8089041986968368e-05,1.0397916412330233e-06,0.9999809265136719,0.0018711745821254528,0.0005581981230543912,0.9975706537564596,2,pituitary,True
684,"[[57]
 [56]
 [56]
 [55]
 [49]]",2,2,pituitary,True,1.1833611068823302e-07,1.223485952550618e-07,0.9999997615814209,0.002873682649806142,0.0019511999562382698,0.9951751232147217,5.795277684228495e-05,4.758601335197454e-06,0.9999372959136963,0.0009772512542530383,0.0006520269687229074,0.9983707269032797,2,pituitary,True
685,"[[57]
 [56]
 [56]
 [55]
 [49]]",2,2,pituitary,True,1.7286340892042062e-07,3.00770665262462e-07,0.9999995231628418,0.004000430926680565,0.006555396597832441,0.9894441962242126,2.713453613978345e-05,6.013249003444798e-05,0.9999127388000488,0.001342579442076423,0.0022052766195107174,0.9964521527290344,2,pituitary,True
686,"[[57]
 [56]
 [56]
 [55]
 [52]]",3,2,pituitary,True,0.48440349102020264,0.016841961070895195,0.4987545609474182,0.1037212610244751,0.7407388091087341,0.15553990006446838,0.833744466304779,0.13622434437274933,0.030031226575374603,0.4739564061164856,0.2979350381841262,0.22810856252908707,0,meningioma,False
687,"[[57]
 [56]
 [56]
 [55]
 [52]]",3,2,pituitary,True,0.24247317016124725,0.002164750127121806,0.7553620338439941,0.06393169611692429,0.21045604348182678,0.7256122827529907,0.3859529197216034,0.4370786249637604,0.176968514919281,0.23078592866659164,0.21656647285756966,0.552647610505422,2,pituitary,True
688,"[[57]
 [56]
 [56]
 [55]
 [52]]",3,2,pituitary,True,0.10917606204748154,0.0003406092000659555,0.8904833793640137,0.09876897186040878,0.10194047540426254,0.7992905378341675,0.03091917559504509,0.007207014597952366,0.9618737697601318,0.07962140316764514,0.03649603306742696,0.8838825623194376,2,pituitary,True
689,"[[57]
 [56]
 [56]
 [55]
 [52]]",3,2,pituitary,True,0.2062777727842331,0.001480345381423831,0.7922418713569641,0.11622746288776398,0.04048044979572296,0.8432921171188354,0.06779853254556656,0.0021711650770157576,0.9300302863121033,0.1301012560725212,0.014710653418054184,0.8551880915959676,2,pituitary,True
690,"[[49]
 [49]
 [51]
 [53]
 [53]
 [52]]",0,0,meningioma,True,0.45331743359565735,0.546341061592102,0.00034151587169617414,0.19951671361923218,0.799980103969574,0.0005032495828345418,0.3017359673976898,0.6981689929962158,9.505859634373337e-05,0.3181900382041931,0.6814967195192972,0.0003132746836248164,1,glioma,False
691,"[[57]
 [56]
 [56]
 [55]
 [52]]",3,2,pituitary,True,0.0677715614438057,0.0002779687929432839,0.9319504499435425,0.007484475150704384,0.004492147825658321,0.9880234003067017,0.02960839867591858,0.0004737679264508188,0.9699178338050842,0.034954811756809555,0.0017479615150174748,0.9632972280184428,2,pituitary,True
692,"[[57]
 [56]
 [57]
 [57]
 [50]]",2,2,pituitary,True,0.0009735074127092957,0.0003007202176377177,0.9987257122993469,0.35982006788253784,0.6219319701194763,0.018247921019792557,0.0044381748884916306,6.212572770891711e-05,0.9954996705055237,0.12174391672791292,0.20743160535494098,0.670824434608221,2,pituitary,True
693,"[[57]
 [56]
 [57]
 [57]
 [50]]",2,2,pituitary,True,6.674200994893909e-05,1.3889874026062898e-05,0.9999194145202637,0.11071661114692688,0.08301134407520294,0.8062720894813538,4.41148440586403e-05,8.520827350366744e-07,0.9999550580978394,0.03694248933364482,0.02767536201065468,0.9353821873664856,2,pituitary,True
694,"[[57]
 [56]
 [57]
 [57]
 [50]]",2,2,pituitary,True,2.6657628040993586e-05,2.7914807105844375e-06,0.999970555305481,0.02358458749949932,0.006007588468492031,0.9704078435897827,2.3877066269051284e-05,5.225316499490873e-07,0.9999755620956421,0.007878374064603122,0.002003634160284188,0.9901179869969686,2,pituitary,True
695,"[[57]
 [56]
 [57]
 [57]
 [50]]",2,2,pituitary,True,2.9584349249489605e-05,1.437143964722054e-06,0.9999690055847168,0.029724450781941414,0.008736400865018368,0.9615391492843628,8.839507063385099e-05,6.895427759445738e-06,0.9999047517776489,0.009947476733941585,0.002914911145580845,0.9871376355489095,2,pituitary,True
696,"[[57]
 [56]
 [57]
 [57]
 [50]]",2,2,pituitary,True,5.5389184126397595e-05,2.5437846034037648e-06,0.9999420642852783,0.063186414539814,0.009346675127744675,0.9274669289588928,9.412431973032653e-05,9.861543730949052e-06,0.9998960494995117,0.021111976014556905,0.003119693485359676,0.9757683475812277,2,pituitary,True
697,"[[57]
 [56]
 [57]
 [57]
 [50]]",2,2,pituitary,True,0.0004475242749322206,2.1711135559598915e-05,0.9995307922363281,0.03196230158209801,0.009406917728483677,0.9586308002471924,0.00015801562403794378,5.8912934036925435e-05,0.9997830986976624,0.010855947160356058,0.0031625139326934004,0.9859815637270609,2,pituitary,True
698,"[[57]
 [56]
 [57]
 [57]
 [50]]",2,2,pituitary,True,0.0022170841693878174,0.0004012557619716972,0.9973816275596619,0.02428765408694744,0.008716078475117683,0.9669963121414185,0.0002116151590598747,0.008612845093011856,0.9911755323410034,0.008905451138465045,0.005910059776700412,0.9851844906806946,2,pituitary,True
699,"[[57]
 [56]
 [57]
 [57]
 [53]]",1,2,pituitary,True,4.107207860215567e-05,0.0001272774243261665,0.9998316764831543,0.0035017270129173994,0.0006238572532311082,0.9958744645118713,0.00412964541465044,0.0004591401666402817,0.995411217212677,0.0025574815020566652,0.0004034249480658521,0.9970391194025675,2,pituitary,True
700,"[[57]
 [56]
 [57]
 [57]
 [53]]",1,2,pituitary,True,0.00035948320874013007,1.699845233815722e-05,0.9996235370635986,0.0010992635507136583,2.0923684132867493e-05,0.9988798499107361,0.0013371688546612859,5.595295806415379e-05,0.9986068606376648,0.0009319718713716915,3.1291698178392835e-05,0.9990367492039999,2,pituitary,True
701,"[[49]
 [49]
 [51]
 [56]
 [48]
 [53]]",3,0,meningioma,True,0.9823957085609436,0.017590954899787903,1.3346945706871338e-05,0.7791497111320496,0.22084031999111176,9.937872164300643e-06,0.9659486413002014,0.034051232039928436,1.5721001034307847e-07,0.9091646869977316,0.09082750231027603,7.814009293838353e-06,0,meningioma,True
702,"[[57]
 [56]
 [57]
 [57]
 [53]]",1,2,pituitary,True,0.000499253801535815,2.5444114726269618e-06,0.9994981288909912,0.00022133140009827912,5.835329943693068e-07,0.9997780919075012,0.005013475194573402,1.0339498146549886e-07,0.9949864149093628,0.0019113534654024988,1.0771131494872559e-06,0.9980875452359518,2,pituitary,True
703,"[[57]
 [56]
 [57]
 [57]
 [53]]",1,2,pituitary,True,0.0024237579200416803,1.2931496939927456e-06,0.9975749850273132,0.0007405274664051831,1.025356709760672e-06,0.9992584586143494,0.014623680151998997,1.1009576361686868e-08,0.9853762984275818,0.00592932184614862,7.765053267050348e-07,0.9940699140230814,2,pituitary,True
704,"[[57]
 [56]
 [57]
 [57]
 [53]]",1,2,pituitary,True,0.0027914883103221655,2.361272663620184e-06,0.9972061514854431,0.0010105983819812536,3.374123593857803e-07,0.9989890456199646,0.03572852537035942,8.209024571215195e-08,0.9642714262008667,0.01317687068755428,9.269250895727055e-07,0.9868222077687582,2,pituitary,True
705,"[[57]
 [56]
 [57]
 [57]
 [53]]",1,2,pituitary,True,0.00013389131345320493,5.8586092563928105e-06,0.9998602867126465,0.0004884041845798492,1.1703314157784916e-06,0.9995104074478149,0.04126909747719765,4.053050361108035e-06,0.9587268829345703,0.013963797658410234,3.693997011093112e-06,0.9860325256983439,2,pituitary,True
706,"[[57]
 [57]
 [50]
 [50]
 [51]]",0,2,pituitary,True,0.31507453322410583,0.3026549816131592,0.3822704255580902,0.2035578340291977,0.1960718184709549,0.6003704071044922,0.023451009765267372,0.04218057915568352,0.934368371963501,0.1806944590061903,0.1803024597465992,0.6390030682086945,2,pituitary,True
707,"[[57]
 [57]
 [50]
 [50]
 [51]]",0,2,pituitary,True,0.25413352251052856,0.26478883624076843,0.48107773065567017,0.1600150763988495,0.17255373299121857,0.6674312353134155,0.01923404447734356,0.023170258849859238,0.9575956463813782,0.1444608811289072,0.1535042760272821,0.7020348707834879,2,pituitary,True
708,"[[57]
 [57]
 [50]
 [50]
 [51]]",0,2,pituitary,True,0.18026363849639893,0.19758866727352142,0.6221476793289185,0.14074504375457764,0.13371102511882782,0.7255439162254333,0.004713593050837517,0.004705394152551889,0.9905810952186584,0.10857409176727136,0.11200169551496704,0.77942423025767,2,pituitary,True
709,"[[57]
 [57]
 [50]
 [50]
 [51]]",0,2,pituitary,True,0.12139996886253357,0.14240391552448273,0.7361960411071777,0.12453092634677887,0.11781290173530579,0.7576562166213989,0.0020949472673237324,0.002120563993230462,0.9957844614982605,0.08267528082554539,0.08744579375100632,0.8298789064089457,2,pituitary,True
710,"[[57]
 [57]
 [50]
 [50]
 [51]]",0,2,pituitary,True,0.08598219603300095,0.10865119099617004,0.8053666353225708,0.11129764467477798,0.11763108521699905,0.7710713148117065,0.00183857511729002,0.002394601469859481,0.9957668781280518,0.06637280527502298,0.07622562589434285,0.8574016094207764,2,pituitary,True
711,"[[57]
 [57]
 [50]
 [50]
 [51]]",0,2,pituitary,True,0.061739735305309296,0.08414430916309357,0.8541160225868225,0.10782168805599213,0.12878254055976868,0.7633957862854004,0.0019286817405372858,0.0033930980134755373,0.994678258895874,0.05716336836727957,0.07210664924544592,0.8707300225893656,2,pituitary,True
712,"[[49]
 [49]
 [52]
 [48]
 [49]
 [56]]",0,0,meningioma,True,0.4003889858722687,0.5144310593605042,0.08517996221780777,0.10102090984582901,0.54620760679245,0.3527715504169464,0.014925275929272175,0.015372341498732567,0.9697023630142212,0.17211172388245663,0.3586703358838956,0.4692179585496585,2,pituitary,False
713,"[[49]
 [48]
 [49]
 [48]
 [49]
 [55]]",2,2,pituitary,True,0.00011722023191396147,7.118158009689068e-07,0.9998821020126343,0.001777685945853591,0.00010838329762918875,0.9981139898300171,0.00010387557267677039,2.4515861696272623e-07,0.9998958110809326,0.0006662605834814409,3.6446757349040126e-05,0.999297300974528,2,pituitary,True
714,"[[49]
 [48]
 [49]
 [48]
 [49]
 [55]]",2,2,pituitary,True,0.00036962496233172715,8.218914445023984e-06,0.999622106552124,0.0057221390306949615,0.0003869631327688694,0.9938908815383911,5.9006841183872893e-05,1.3881208360544406e-06,0.9999395608901978,0.0020502569447368537,0.00013219005601664927,0.9978175163269043,2,pituitary,True
715,"[[49]
 [48]
 [49]
 [48]
 [49]
 [55]]",2,2,pituitary,True,0.0005590440705418587,3.7907706428086385e-05,0.9994029998779297,0.004476051311939955,0.0004795823188032955,0.9950443506240845,9.581764061294962e-06,9.529342719361011e-07,0.9999895095825195,0.0016815590488477028,0.00017281431983443932,0.9981456200281779,2,pituitary,True
716,"[[49]
 [48]
 [49]
 [48]
 [49]
 [55]]",2,2,pituitary,True,0.003701364155858755,0.0015698695788159966,0.9947287440299988,0.039892103523015976,0.005179705563932657,0.9549282193183899,5.316690294421278e-05,5.136840172781376e-06,0.9999417066574097,0.014548878193939649,0.0022515706609738118,0.9831995566685995,2,pituitary,True
717,"[[49]
 [48]
 [49]
 [48]
 [50]
 [57]]",2,2,pituitary,True,0.0015537888975813985,0.001430382952094078,0.9970158338546753,0.00011639830336207524,5.142852751305327e-05,0.9998321533203125,1.7034306438290514e-05,7.683291914872825e-05,0.9999061822891235,0.0005624071691272547,0.0005195481329186199,0.9989180564880371,2,pituitary,True
718,"[[49]
 [48]
 [49]
 [48]
 [50]
 [57]]",2,2,pituitary,True,0.0006592375575564802,0.000638840370811522,0.9987019300460815,0.0002617191057652235,7.599576201755553e-05,0.9996622800827026,7.81186008680379e-06,6.541764014400542e-05,0.9999268054962158,0.00030958950780283584,0.00026008459099102765,0.9994303385416666,2,pituitary,True
719,"[[49]
 [48]
 [49]
 [48]
 [50]
 [57]]",2,2,pituitary,True,0.00011397981143090874,8.482951670885086e-05,0.9998012185096741,0.0002568099298514426,5.664449054165743e-05,0.999686598777771,2.3947823137859814e-05,2.760649840638507e-05,0.9999485015869141,0.00013157918814007039,5.6360168552297786e-05,0.999812106291453,2,pituitary,True
720,"[[49]
 [48]
 [49]
 [48]
 [50]
 [57]]",2,2,pituitary,True,0.00047363247722387314,0.0011434720363467932,0.9983829259872437,0.00045921705896034837,8.529730257578194e-05,0.9994555115699768,1.2913887076138053e-05,9.424630661669653e-06,0.999977707862854,0.00031525447442011983,0.00041273132319474826,0.9992720484733582,2,pituitary,True
721,"[[49]
 [48]
 [49]
 [48]
 [50]
 [57]]",2,2,pituitary,True,0.00034344563027843833,0.001922998926602304,0.997733473777771,0.000978301279246807,0.00023315307043958455,0.9987885355949402,6.589783424715279e-06,3.9405709685524926e-05,0.9999539852142334,0.0004427788976499869,0.0007318525689091379,0.9988253315289816,2,pituitary,True
722,"[[49]
 [48]
 [49]
 [48]
 [50]
 [57]]",2,2,pituitary,True,6.2831852119416e-05,0.00019615986093413085,0.9997410178184509,0.0013504293747246265,0.00019376788986846805,0.9984557628631592,1.0097622180182952e-05,3.8209047488635406e-05,0.9999517202377319,0.00047445294967474183,0.0001427122660970781,0.9993828336397806,2,pituitary,True
723,"[[49]
 [49]
 [52]
 [48]
 [49]
 [56]]",0,0,meningioma,True,0.3804967403411865,0.5137527585029602,0.10575047880411148,0.0932919830083847,0.5674064755439758,0.33930158615112305,0.021310582756996155,0.017821185290813446,0.9608681797981262,0.16503310203552246,0.3663268064459165,0.4686400815844536,2,pituitary,False
724,"[[49]
 [48]
 [49]
 [48]
 [50]
 [57]]",2,2,pituitary,True,0.000162710522999987,6.471807137131691e-05,0.9997726082801819,0.000479752168757841,4.4920743675902486e-05,0.9994753003120422,2.125084211002104e-05,1.1846489542222116e-05,0.9999668598175049,0.00022123784462261634,4.049510152981384e-05,0.9997382561365763,2,pituitary,True
725,"[[49]
 [48]
 [49]
 [49]
 [52]
 [53]]",3,2,pituitary,True,0.5299163460731506,0.1937844306230545,0.2762991786003113,0.001269567757844925,0.06723208725452423,0.9314982891082764,1.6740266801207326e-05,0.006939356680959463,0.993043839931488,0.17706755136593225,0.08931862485284607,0.7336137692133585,2,pituitary,True
726,"[[49]
 [48]
 [49]
 [49]
 [52]
 [53]]",3,2,pituitary,True,0.30610811710357666,0.06086425855755806,0.6330276131629944,0.0012178145116195083,0.004057622514665127,0.9947245717048645,1.619194881641306e-05,0.0001870477426564321,0.9997968077659607,0.10244737452133752,0.02170297627162654,0.8758496642112732,2,pituitary,True
727,"[[49]
 [48]
 [49]
 [49]
 [52]
 [53]]",3,2,pituitary,True,0.03309570252895355,0.9559997320175171,0.010904540307819843,0.00037482919287867844,0.5460073947906494,0.4536176919937134,2.8905895305797458e-05,0.8150885105133057,0.18488262593746185,0.011166479205712676,0.7723652124404907,0.21646828607966503,1,glioma,False
728,"[[49]
 [48]
 [49]
 [49]
 [52]
 [53]]",3,2,pituitary,True,0.09207911789417267,0.05273730307817459,0.8551836013793945,0.0002278436440974474,0.005330532789230347,0.994441568851471,8.515002264175564e-06,0.0019425121136009693,0.9980490207672119,0.03077182551351143,0.02000344932700197,0.9492247303326925,2,pituitary,True
729,"[[49]
 [48]
 [49]
 [51]
 [48]
 [53]]",1,2,pituitary,True,5.8358709793537855e-06,6.852622755104676e-05,0.9999256134033203,0.0001224315055878833,1.247075545052212e-07,0.9998774528503418,0.0025019701570272446,1.06563697954698e-06,0.9974969029426575,0.0008767458445314938,2.3238857361699654e-05,0.9990999897321066,2,pituitary,True
730,"[[49]
 [48]
 [49]
 [51]
 [48]
 [53]]",1,2,pituitary,True,0.00011225156049476936,7.808201189618558e-05,0.9998096823692322,0.0003358071844559163,3.2705966646062734e-07,0.9996638298034668,0.007350451312959194,1.391997841437842e-07,0.9926493763923645,0.0025995033526366265,2.618275711559666e-05,0.9973742961883545,2,pituitary,True
731,"[[49]
 [48]
 [49]
 [51]
 [48]
 [53]]",1,2,pituitary,True,4.0748163883108646e-05,0.00018315170018468052,0.9997760653495789,0.0001914642343763262,5.881587412659428e-07,0.9998080134391785,0.022564169019460678,1.6843973753566388e-06,0.9774341583251953,0.007598793805906705,6.18080854337677e-05,0.9923394123713175,2,pituitary,True
732,"[[49]
 [48]
 [49]
 [51]
 [48]
 [53]]",1,2,pituitary,True,7.214461948024109e-05,0.0010803808690980077,0.998847484588623,0.00012988050002604723,3.0659721232950687e-06,0.9998670816421509,0.0012858262052759528,1.3034332368988544e-05,0.9987010955810547,0.0004959504415940804,0.0003654937245300971,0.9991385539372762,2,pituitary,True
733,"[[49]
 [48]
 [49]
 [55]
 [50]
 [52]]",0,2,pituitary,True,0.02497812546789646,0.0543086901307106,0.9207132458686829,0.03728923574090004,0.18624350428581238,0.7764672040939331,0.01454874686896801,0.0834573283791542,0.9019938707351685,0.025605369359254837,0.10800317426522572,0.8663914402325948,2,pituitary,True
734,"[[49]
 [49]
 [52]
 [48]
 [49]
 [56]]",0,0,meningioma,True,0.3767639398574829,0.5056607723236084,0.1175752505660057,0.08936824649572372,0.5871992707252502,0.3234325349330902,0.06203611195087433,0.03036481887102127,0.9075990915298462,0.17605609943469366,0.3744082873066266,0.44953562567631405,2,pituitary,False
735,"[[49]
 [48]
 [49]
 [55]
 [50]
 [52]]",0,2,pituitary,True,0.02060018479824066,0.04682011902332306,0.9325796365737915,0.03363894298672676,0.19720374047756195,0.7691572904586792,0.0228639617562294,0.09157425910234451,0.8855617642402649,0.02570102984706561,0.11186603953440984,0.8624328970909119,2,pituitary,True
736,"[[49]
 [48]
 [49]
 [55]
 [50]
 [52]]",0,2,pituitary,True,0.035474009811878204,0.07036314159631729,0.8941627740859985,0.05417845770716667,0.29000064730644226,0.655820906162262,0.09257131069898605,0.32775503396987915,0.5796736478805542,0.06074125940601031,0.22937294095754623,0.7098857760429382,2,pituitary,True
737,"[[49]
 [48]
 [49]
 [55]
 [50]
 [52]]",0,2,pituitary,True,0.06650345772504807,0.13366904854774475,0.7998274564743042,0.07842718064785004,0.42910993099212646,0.4924629032611847,0.16043710708618164,0.6404704451560974,0.19909244775772095,0.10178924848635991,0.4010831415653229,0.49712760249773663,2,pituitary,True
738,"[[49]
 [48]
 [49]
 [55]
 [50]
 [52]]",0,2,pituitary,True,0.0293294508010149,0.06373089551925659,0.906939685344696,0.045914944261312485,0.25280100107192993,0.7012840509414673,0.04200584068894386,0.15397237241268158,0.8040218353271484,0.039083411917090416,0.1568347563346227,0.8040818572044373,2,pituitary,True
739,"[[49]
 [48]
 [49]
 [55]
 [50]
 [52]]",0,2,pituitary,True,0.03565691411495209,0.071354441344738,0.8929886817932129,0.058432914316654205,0.2533111572265625,0.6882559657096863,0.05448673665523529,0.18293187022209167,0.762581467628479,0.04952552169561386,0.16919915626446405,0.7812753717104594,2,pituitary,True
740,"[[49]
 [48]
 [50]
 [54]
 [52]
 [56]]",0,2,pituitary,True,0.06563165038824081,0.10950703173875809,0.8248613476753235,0.08476784080266953,0.2913704812526703,0.6238617300987244,0.0131740253418684,0.087668776512146,0.8991572260856628,0.05452450551092625,0.16284876316785812,0.7826267679532369,2,pituitary,True
741,"[[49]
 [48]
 [50]
 [54]
 [52]
 [56]]",0,2,pituitary,True,0.06262508779764175,0.09168824553489685,0.845686674118042,0.07230127602815628,0.22878830134868622,0.6989104151725769,0.009780501946806908,0.07676884531974792,0.9134505987167358,0.048235621924201645,0.13241513073444366,0.8193492293357849,2,pituitary,True
742,"[[49]
 [48]
 [50]
 [54]
 [52]
 [56]]",0,2,pituitary,True,0.10385330766439438,0.1327894926071167,0.7633571624755859,0.09915196895599365,0.3039929270744324,0.5968550443649292,0.04492341727018356,0.23989039659500122,0.7151861786842346,0.08264289796352386,0.22555760542551676,0.6917994618415833,2,pituitary,True
743,"[[49]
 [48]
 [50]
 [54]
 [52]
 [56]]",0,2,pituitary,True,0.09892027825117111,0.13287846744060516,0.7682012915611267,0.09224946796894073,0.31872957944869995,0.5890209674835205,0.04016365483403206,0.21474160254001617,0.7450947165489197,0.07711113368471463,0.22211654980977377,0.7007723251978556,2,pituitary,True
744,"[[49]
 [48]
 [50]
 [54]
 [52]
 [56]]",0,2,pituitary,True,0.08372043073177338,0.11689084023237228,0.7993887662887573,0.08376885950565338,0.27563390135765076,0.6405972242355347,0.01684596762061119,0.12498454004526138,0.858169436454773,0.061445085952679314,0.17250309387842813,0.7660518089930216,2,pituitary,True
745,"[[49]
 [49]
 [52]
 [48]
 [49]
 [56]]",0,0,meningioma,True,0.3379092812538147,0.538948118686676,0.12314256280660629,0.06843095272779465,0.7073103189468384,0.224258691072464,0.10122165083885193,0.06254623830318451,0.8362321257591248,0.16918729494015375,0.43626822531223297,0.39454445987939835,1,glioma,False
746,"[[49]
 [48]
 [50]
 [54]
 [52]
 [56]]",0,2,pituitary,True,0.07522837817668915,0.10415922105312347,0.820612370967865,0.0625784769654274,0.21956484019756317,0.7178566455841064,0.005827064625918865,0.016505751758813858,0.9776671528816223,0.047877973256011806,0.1134099376698335,0.8387120564778646,2,pituitary,True
747,"[[49]
 [48]
 [50]
 [54]
 [52]
 [56]]",0,2,pituitary,True,0.08153790980577469,0.12546129524707794,0.7930007576942444,0.0745140090584755,0.3396889865398407,0.5857969522476196,0.01480131410062313,0.037808842957019806,0.9473897814750671,0.05695107765495777,0.1676530415813128,0.7753958304723104,2,pituitary,True
748,"[[49]
 [48]
 [50]
 [54]
 [54]
 [57]]",1,2,pituitary,True,3.415314495214261e-05,7.1596045927435625e-06,0.9999586343765259,0.0013150442391633987,0.0006538337329402566,0.9980310797691345,0.0007853599381633103,0.0010745967738330364,0.9981399774551392,0.0007115191074262839,0.0005785300371220122,0.9987098972002665,2,pituitary,True
749,"[[49]
 [48]
 [51]
 [48]
 [52]
 [54]]",0,2,pituitary,True,0.01989530585706234,0.03834586963057518,0.9417588710784912,0.03575243428349495,0.15923723578453064,0.8050103783607483,0.0004862713976763189,0.0011494411155581474,0.998364269733429,0.018711337179411203,0.06624418217688799,0.9150445063908895,2,pituitary,True
750,"[[49]
 [48]
 [51]
 [48]
 [52]
 [54]]",0,2,pituitary,True,0.019572265446186066,0.0396486297249794,0.9407790899276733,0.04307664558291435,0.18874529004096985,0.7681781053543091,0.0009475320694036782,0.0020713272970169783,0.9969810843467712,0.021198814366168033,0.07682174902098875,0.9019794265429179,2,pituitary,True
751,"[[49]
 [48]
 [51]
 [48]
 [52]
 [54]]",0,2,pituitary,True,0.030573289841413498,0.05732610821723938,0.9121006727218628,0.05979686230421066,0.24077986180782318,0.6994233131408691,0.002067235531285405,0.005014984402805567,0.9929177761077881,0.030812462558969855,0.10104031814262271,0.8681472539901733,2,pituitary,True
752,"[[49]
 [48]
 [51]
 [48]
 [52]
 [54]]",0,2,pituitary,True,0.025466984137892723,0.0499129593372345,0.9246200323104858,0.05211399495601654,0.19970716536045074,0.7481788396835327,0.0014598097186535597,0.0040730806067585945,0.9944671392440796,0.026346929604187608,0.08456440176814795,0.8890886704126993,2,pituitary,True
753,"[[49]
 [48]
 [51]
 [50]
 [53]
 [55]]",1,2,pituitary,True,1.464124910199871e-08,9.390563882050174e-09,1.0,1.0217125236522406e-05,4.915569729035951e-09,0.9999897480010986,0.00018726596317719668,2.724161731748609e-07,0.9998125433921814,6.58325765542737e-05,9.557410226198233e-08,0.9999340971310934,2,pituitary,True
754,"[[49]
 [48]
 [51]
 [50]
 [53]
 [55]]",1,2,pituitary,True,2.0019333413223706e-10,1.7756328629658924e-09,1.0,5.931198302278062e-06,6.909438576840898e-10,0.9999940395355225,7.067169008223573e-06,7.729968665159959e-09,0.9999929666519165,4.332855834611922e-06,3.398848461936647e-09,0.9999956687291464,2,pituitary,True
755,"[[49]
 [48]
 [51]
 [50]
 [53]
 [55]]",1,2,pituitary,True,2.148909494792406e-08,4.62705742165781e-07,0.9999995231628418,5.8985922805732116e-05,3.133008306122065e-07,0.9999407529830933,1.1073792848037556e-05,8.337898975696589e-07,0.9999880790710449,2.3360401582905865e-05,5.365988234492155e-07,0.99997611840566,2,pituitary,True
756,"[[49]
 [49]
 [52]
 [48]
 [49]
 [56]]",0,0,meningioma,True,0.32868170738220215,0.5170973539352417,0.15422095358371735,0.07247641682624817,0.5764659643173218,0.35105764865875244,0.05063936859369278,0.023682372644543648,0.9256783127784729,0.15059916426738104,0.3724152302990357,0.4769856383403142,2,pituitary,False
757,"[[49]
 [48]
 [51]
 [50]
 [53]
 [55]]",1,2,pituitary,True,2.8329673114058096e-06,3.555343710104353e-06,0.9999935626983643,0.00045564596075564623,1.0800025847856887e-05,0.9995335340499878,2.454503373883199e-05,6.412477659978322e-07,0.9999748468399048,0.000161007987268628,4.9988724413196906e-06,0.9998339811960856,2,pituitary,True
758,"[[49]
 [48]
 [51]
 [50]
 [53]
 [55]]",1,2,pituitary,True,3.657271108181703e-08,2.9648488180100685e-06,0.9999970197677612,0.00017677985306363553,9.349393076263368e-05,0.9997296929359436,2.964348823297769e-05,4.337240113727603e-07,0.9999699592590332,6.881997133589834e-05,3.229750119733884e-05,0.999898890654246,2,pituitary,True
759,"[[49]
 [48]
 [51]
 [50]
 [53]
 [55]]",1,2,pituitary,True,1.9438908793745213e-07,3.5919720176025294e-07,0.9999994039535522,5.692997729056515e-05,2.4641585696372204e-06,0.9999406337738037,6.838450644863769e-06,4.833512790014538e-08,0.999993085861206,2.132093900778879e-05,9.572302997658728e-07,0.999977707862854,2,pituitary,True
760,"[[49]
 [48]
 [51]
 [50]
 [53]
 [55]]",1,2,pituitary,True,5.706127126359206e-08,9.383978039068097e-08,0.9999998807907104,2.6476291168364696e-05,3.382911586413684e-07,0.9999731779098511,6.746524741174653e-05,1.4422654714962846e-07,0.9999324083328247,3.133286661712494e-05,1.9211916206055926e-07,0.9999684890111288,2,pituitary,True
761,"[[49]
 [48]
 [51]
 [52]
 [55]
 [56]]",2,2,pituitary,True,0.05557151883840561,0.0030058210249990225,0.941422700881958,0.00916450098156929,0.00026391318533569574,0.9905716180801392,0.0013177329674363136,4.362616527942009e-05,0.9986386895179749,0.022017917595803738,0.001104453458538046,0.9768776694933573,2,pituitary,True
762,"[[49]
 [48]
 [51]
 [52]
 [55]
 [56]]",2,2,pituitary,True,0.013898400589823723,0.0007702516741119325,0.9853314161300659,0.003911203239113092,9.494706318946555e-05,0.9959938526153564,0.00035689130891114473,2.385818152106367e-05,0.9996192455291748,0.006055498379282653,0.00029635230627415393,0.9936481714248657,2,pituitary,True
763,"[[49]
 [48]
 [51]
 [52]
 [55]
 [56]]",2,2,pituitary,True,0.0724332258105278,0.015523828566074371,0.9120429158210754,0.022997289896011353,0.0006885476177558303,0.976314127445221,0.0030201016925275326,9.046706691151485e-05,0.9968894124031067,0.03281687246635556,0.005434281083580572,0.9617488185564677,2,pituitary,True
764,"[[49]
 [48]
 [51]
 [52]
 [55]
 [56]]",2,2,pituitary,True,0.0779300183057785,0.02104659378528595,0.9010233879089355,0.012919243425130844,0.00044863959192298353,0.9866321682929993,0.006900106556713581,0.0007150964811444283,0.9923847913742065,0.032583122762540974,0.0074034432861177875,0.9600134491920471,2,pituitary,True
765,"[[49]
 [48]
 [51]
 [52]
 [55]
 [56]]",2,2,pituitary,True,0.03742065653204918,0.00245423661544919,0.9601250886917114,0.0025737376417964697,5.6349512306042016e-05,0.9973698854446411,0.00015532938414253294,0.00013292324729263783,0.9997116923332214,0.013383241185996061,0.0008811697916826233,0.985735555489858,2,pituitary,True
766,"[[49]
 [48]
 [51]
 [52]
 [55]
 [56]]",2,2,pituitary,True,0.037335485219955444,0.0006627475377172232,0.9620017409324646,0.002015051431953907,7.049007399473339e-05,0.9979144930839539,0.00010853673302335665,1.5525809430982918e-05,0.9998759031295776,0.013153024461644236,0.0002495878070476465,0.9865973790486654,2,pituitary,True
767,"[[49]
 [49]
 [52]
 [51]
 [53]
 [57]]",3,0,meningioma,True,0.45404642820358276,0.5459410548210144,1.2517175491666421e-05,0.012876930646598339,0.9871066212654114,1.644982876314316e-05,0.20102475583553314,0.7989752292633057,2.367142570847136e-08,0.22264937156190476,0.7773409684499105,9.663558560172683e-06,1,glioma,False
768,"[[49]
 [48]
 [51]
 [52]
 [55]
 [56]]",2,2,pituitary,True,0.005005695857107639,5.223312109592371e-05,0.9949420094490051,0.0006759265088476241,1.7283826309721917e-05,0.9993067979812622,0.0006092687835916877,2.6094458007719368e-06,0.9993880987167358,0.0020969637165156505,2.4042131068805855e-05,0.9978789687156677,2,pituitary,True
769,"[[49]
 [48]
 [51]
 [52]
 [55]
 [56]]",2,2,pituitary,True,0.011833521537482738,4.626096415449865e-05,0.9881201982498169,0.0009494013502262533,4.134805567446165e-05,0.9990092515945435,0.0034849520307034254,2.3272241378435865e-05,0.9964917302131653,0.005422624972804139,3.696042040246539e-05,0.9945403933525085,2,pituitary,True
770,"[[49]
 [48]
 [51]
 [53]
 [56]
 [50]]",4,2,pituitary,True,1.1522994114443463e-08,0.000295771227683872,0.9997041821479797,3.841063573872816e-07,8.020766472327523e-06,0.9999915361404419,1.289164265472209e-05,0.0015643552178516984,0.9984227418899536,4.429090668741272e-06,0.000622715737335966,0.9993728200594584,2,pituitary,True
771,"[[49]
 [48]
 [51]
 [53]
 [56]
 [50]]",4,2,pituitary,True,1.0656870017555775e-06,0.005242458079010248,0.9947564601898193,3.876098617183743e-06,5.0914048188133165e-05,0.9999451637268066,0.0006307816947810352,0.03288150206208229,0.96648770570755,0.0002119078267999915,0.012724958063093558,0.9870631098747253,2,pituitary,True
772,"[[49]
 [48]
 [51]
 [53]
 [56]
 [50]]",4,2,pituitary,True,1.0279420166625641e-05,0.06470116972923279,0.9352886080741882,3.178593760821968e-05,0.0008884257986210287,0.9990798234939575,0.0029549761675298214,0.28292277455329895,0.7141222357749939,0.0009990138417682222,0.11617079002705093,0.8828302224477133,2,pituitary,True
773,"[[49]
 [48]
 [51]
 [53]
 [56]
 [50]]",4,2,pituitary,True,1.6130693438753951e-06,0.06673240661621094,0.9332659840583801,3.175045640091412e-05,0.2692692279815674,0.7306990623474121,0.00042838510125875473,0.5196158289909363,0.4799557626247406,0.00015391620900118141,0.2852058211962382,0.7146402696768442,2,pituitary,True
774,"[[49]
 [48]
 [51]
 [53]
 [56]
 [50]]",4,2,pituitary,True,9.321371180703864e-06,0.1165458932518959,0.8834447860717773,3.59591722371988e-05,0.0033321455121040344,0.996631920337677,0.0010121545055881143,0.43741554021835327,0.5615723133087158,0.0003524783496686723,0.18576452632745108,0.8138830065727234,2,pituitary,True
775,"[[49]
 [48]
 [51]
 [53]
 [56]
 [50]]",4,2,pituitary,True,7.526414833591843e-07,0.0028549814596772194,0.9971442818641663,5.8162090681435075e-06,0.0004917230107821524,0.999502420425415,0.0001189756003441289,0.011257672682404518,0.9886233806610107,4.1848150298543864e-05,0.004868125717621297,0.9950900276501974,2,pituitary,True
776,"[[49]
 [48]
 [51]
 [53]
 [56]
 [50]]",4,2,pituitary,True,1.2878931556770112e-06,0.002278282307088375,0.9977204203605652,4.201569754513912e-05,0.0010753412498161197,0.9988825917243958,0.0001496605109423399,0.003341029630973935,0.9965092539787292,6.432136721438535e-05,0.0022315510626261434,0.9977040886878967,2,pituitary,True
777,"[[49]
 [48]
 [51]
 [53]
 [56]
 [50]]",4,2,pituitary,True,4.9635062282504805e-08,0.004777092020958662,0.9952228665351868,7.621559234394226e-06,0.0003861397854052484,0.9996063113212585,2.058568315987941e-05,0.0007823547348380089,0.9991970658302307,9.41895915218538e-06,0.0019818621804006398,0.9980087478955587,2,pituitary,True
778,"[[49]
 [48]
 [49]
 [49]
 [50]
 [55]]",1,0,meningioma,True,0.997843861579895,0.001666093128733337,0.0004900419153273106,0.9331972599029541,0.05062089115381241,0.01618197001516819,0.9789299368858337,0.018403122201561928,0.002667049877345562,0.9699903527895609,0.02356336882803589,0.0064463539359470206,0,meningioma,True
779,"[[49]
 [49]
 [52]
 [51]
 [53]
 [57]]",3,0,meningioma,True,0.3666173815727234,0.6333480477333069,3.460370862740092e-05,0.03046821616590023,0.9695211052894592,1.0672479220374953e-05,0.41237711906433105,0.5876225233078003,3.4665163184399717e-07,0.2698209056009849,0.7301638921101888,1.520761315987329e-05,1,glioma,False
780,"[[49]
 [48]
 [51]
 [54]
 [55]
 [48]]",1,2,pituitary,True,1.6934595237216854e-07,3.070659815307408e-08,0.9999997615814209,7.521172392443987e-06,2.2574188612151103e-12,0.9999924898147583,1.3117672096996102e-05,5.0861665573664894e-11,0.9999868869781494,6.936063480604086e-06,1.0253239079169654e-08,0.9999930461247762,2,pituitary,True
781,"[[49]
 [48]
 [51]
 [54]
 [55]
 [48]]",1,2,pituitary,True,2.756634103207034e-07,2.4968045408968464e-08,0.9999996423721313,2.9313525828911224e-06,1.1863781658461026e-11,0.9999970197677612,2.6793773940880783e-05,4.1518580240484937e-10,0.9999731779098511,1.0000263311364202e-05,8.465031664343925e-09,0.9999899466832479,2,pituitary,True
782,"[[49]
 [48]
 [51]
 [54]
 [55]
 [48]]",1,2,pituitary,True,1.0763808511171646e-08,2.812130750484698e-09,1.0,4.453123437997419e-06,1.6858368867556095e-11,0.9999955892562866,2.1126286355865886e-06,2.0118701149485219e-10,0.9999978542327881,2.1921719606983934e-06,1.0100587102823688e-09,0.9999978144963583,2,pituitary,True
783,"[[49]
 [48]
 [51]
 [54]
 [55]
 [48]]",1,2,pituitary,True,8.02969637447859e-08,6.203066060805895e-09,0.9999998807907104,9.816857527766842e-06,7.479036140400908e-11,0.9999902248382568,1.2300907656026538e-05,6.529667362364933e-10,0.9999877214431763,7.399354049179389e-06,2.3102743861487993e-09,0.9999926090240479,2,pituitary,True
784,"[[49]
 [48]
 [51]
 [54]
 [55]
 [49]]",0,2,pituitary,True,0.0016830174718052149,0.0050955601036548615,0.9932214021682739,0.01533401757478714,0.062077753245830536,0.9225882887840271,0.0004812881234101951,0.0011554687516763806,0.998363196849823,0.00583277439000085,0.022776260700387258,0.971390962600708,2,pituitary,True
785,"[[49]
 [48]
 [51]
 [54]
 [55]
 [49]]",0,2,pituitary,True,0.002329296199604869,0.006327699404209852,0.9913430213928223,0.020186034962534904,0.07989729195833206,0.8999167084693909,0.0014884640695527196,0.0035815322771668434,0.9949299693107605,0.008001265077230832,0.029935507879902918,0.9620632330576578,2,pituitary,True
786,"[[49]
 [48]
 [51]
 [54]
 [55]
 [49]]",0,2,pituitary,True,0.004306131973862648,0.010663865134119987,0.9850299954414368,0.03468320518732071,0.13842152059078217,0.8268952965736389,0.013379405252635479,0.027104394510388374,0.9595162272453308,0.017456247471272945,0.05872992674509684,0.9238138397534689,2,pituitary,True
787,"[[49]
 [48]
 [51]
 [54]
 [55]
 [49]]",0,2,pituitary,True,0.002777285408228636,0.007326863706111908,0.9898958206176758,0.02725641056895256,0.10111013799905777,0.8716334104537964,0.004764537792652845,0.010294419713318348,0.9849410653114319,0.011599411256611347,0.03957714047282934,0.9488234321276346,2,pituitary,True
788,"[[49]
 [48]
 [51]
 [54]
 [55]
 [49]]",0,2,pituitary,True,0.001713618985377252,0.005007534753531218,0.9932788014411926,0.021777942776679993,0.08552223443984985,0.8926997780799866,0.0017405754188075662,0.004636239260435104,0.9936231970787048,0.008410712393621603,0.03172200281793872,0.959867258866628,2,pituitary,True
789,"[[49]
 [48]
 [51]
 [55]
 [51]
 [49]]",1,2,pituitary,True,5.147298907104414e-07,6.832541657786351e-06,0.9999926090240479,1.280613741982961e-05,1.69298036780674e-05,0.9999703168869019,1.0805952115333639e-05,7.956339231895981e-07,0.9999884366989136,8.042273141957898e-06,8.185993086347784e-06,0.9999837875366211,2,pituitary,True
790,"[[49]
 [49]
 [52]
 [51]
 [53]
 [57]]",3,0,meningioma,True,0.4151943325996399,0.5847840309143066,2.168751962017268e-05,0.1392054706811905,0.8607853651046753,9.203555237036198e-06,0.6574512720108032,0.3425486087799072,9.954267454759247e-08,0.40395035843054455,0.596039334932963,1.0330205843918824e-05,1,glioma,False
791,"[[49]
 [48]
 [51]
 [55]
 [51]
 [49]]",1,2,pituitary,True,4.692743914347375e-06,9.634447633288801e-05,0.9998989105224609,0.00036591922980733216,0.00012173990398878232,0.9995123147964478,7.90323902037926e-05,5.7504657888785005e-06,0.9999152421951294,0.00014988145464182404,7.461161537018295e-05,0.9997754891713461,2,pituitary,True
792,"[[49]
 [48]
 [51]
 [55]
 [51]
 [49]]",1,2,pituitary,True,3.1344588933279738e-06,0.0001353741536149755,0.999861478805542,0.00037383506423793733,0.0009298278600908816,0.9986963868141174,8.583774615544826e-05,1.7448894141125493e-05,0.9998966455459595,0.00015426908976223785,0.0003608836359489942,0.9994848370552063,2,pituitary,True
793,"[[49]
 [48]
 [51]
 [55]
 [51]
 [49]]",1,2,pituitary,True,4.407178494147956e-06,6.47420238237828e-05,0.9999308586120605,0.00010007243690779433,2.3560483896289952e-05,0.9998763799667358,0.000162603406351991,3.3509554668853525e-06,0.9998340606689453,8.902767391797776e-05,3.05511543956527e-05,0.9998804330825806,2,pituitary,True
794,"[[49]
 [48]
 [51]
 [55]
 [51]
 [49]]",1,2,pituitary,True,4.9161540118802804e-06,6.725744606228545e-05,0.9999278783798218,4.8329213313991204e-05,3.6834342154179467e-07,0.9999512434005737,3.24583234032616e-05,8.053537385421805e-06,0.9999594688415527,2.8567896909711028e-05,2.5226442289749684e-05,0.9999461968739828,2,pituitary,True
795,"[[49]
 [48]
 [51]
 [56]
 [51]
 [55]]",0,2,pituitary,True,0.03149540722370148,0.04855133220553398,0.9199532866477966,0.04353412613272667,0.2518913149833679,0.7045745253562927,0.008486744947731495,0.06485787779092789,0.9266553521156311,0.02783875943471988,0.12176684165994327,0.8503943880399069,2,pituitary,True
796,"[[49]
 [48]
 [51]
 [56]
 [51]
 [55]]",0,2,pituitary,True,0.01588382013142109,0.028727388009428978,0.9553887844085693,0.03099703975021839,0.2205728441476822,0.748430073261261,0.00609366362914443,0.04248427599668503,0.9514220356941223,0.017658174503594637,0.09726150271793206,0.8850802977879842,2,pituitary,True
797,"[[49]
 [48]
 [51]
 [56]
 [51]
 [55]]",0,2,pituitary,True,0.012486178427934647,0.025207672268152237,0.9623060822486877,0.03095281682908535,0.21726489067077637,0.7517822980880737,0.010067940689623356,0.03205977380275726,0.9578723311424255,0.017835645315547783,0.0915107789138953,0.8906535704930624,2,pituitary,True
798,"[[49]
 [48]
 [51]
 [56]
 [51]
 [55]]",0,2,pituitary,True,0.010771132074296474,0.02155049331486225,0.9676783084869385,0.030384516343474388,0.20979270339012146,0.7598227262496948,0.01684640534222126,0.04442737624049187,0.9387262463569641,0.019334017919997375,0.09192352431515853,0.8887424270311991,2,pituitary,True
799,"[[49]
 [48]
 [51]
 [56]
 [51]
 [55]]",0,2,pituitary,True,0.00814947858452797,0.01696685515344143,0.9748836755752563,0.023072749376296997,0.16880449652671814,0.8081226944923401,0.03278550133109093,0.07354313135147095,0.8936713337898254,0.021335909763971966,0.08643816101054351,0.8922259012858073,2,pituitary,True
800,"[[49]
 [48]
 [51]
 [56]
 [51]
 [55]]",0,2,pituitary,True,0.0054567717015743256,0.011345763690769672,0.9831974506378174,0.01553252525627613,0.10927342623472214,0.8751940727233887,0.014866631478071213,0.03448206186294556,0.9506512880325317,0.011951976145307222,0.05170041726281246,0.9363476037979126,2,pituitary,True
801,"[[49]
 [49]
 [52]
 [51]
 [53]
 [57]]",3,0,meningioma,True,0.772553026676178,0.22744087874889374,6.0332049542921595e-06,0.2988426387310028,0.7011447548866272,1.25824171846034e-05,0.8119366765022278,0.1880633383989334,1.4249031288215974e-08,0.6277774473031362,0.3722163240114848,6.209957056727926e-06,0,meningioma,True
802,"[[49]
 [48]
 [51]
 [56]
 [51]
 [55]]",0,2,pituitary,True,0.007098513189703226,0.013622303493320942,0.9792791604995728,0.019366443157196045,0.12957541644573212,0.8510581851005554,0.011995459906756878,0.0289734099060297,0.9590311646461487,0.012820138751218716,0.057390376615027584,0.9297895034154257,2,pituitary,True
803,"[[49]
 [48]
 [52]
 [48]
 [49]
 [57]]",1,2,pituitary,True,2.661825192262768e-06,0.00019965566752944142,0.9997976422309875,0.0016370415687561035,0.010916946455836296,0.9874460697174072,9.737497748574242e-05,0.0014929998433217406,0.9984096884727478,0.0005790261238113695,0.004203200655562493,0.9952178001403809,2,pituitary,True
804,"[[49]
 [48]
 [52]
 [48]
 [49]
 [57]]",1,2,pituitary,True,2.9110286050126888e-05,0.00047056033508852124,0.9995002746582031,0.0012494245311245322,0.029420999810099602,0.9693295359611511,0.000313756667310372,0.0006472854292951524,0.9990389347076416,0.000530763828161677,0.010179615191494426,0.9892895817756653,2,pituitary,True
805,"[[49]
 [48]
 [52]
 [48]
 [49]
 [57]]",1,2,pituitary,True,4.721975710708648e-05,0.0005715806037187576,0.9993811845779419,0.0035612250212579966,0.09831997007131577,0.898118793964386,0.0006162881618365645,0.0032726512290537357,0.9961110949516296,0.0014082443134005491,0.03405473396802942,0.9645370244979858,2,pituitary,True
806,"[[49]
 [48]
 [52]
 [48]
 [49]
 [57]]",1,2,pituitary,True,2.893265991588123e-05,0.0007174580823630095,0.9992535710334778,0.0005937051610089839,0.013146920129656792,0.9862593412399292,0.00019873265409842134,0.0030670377891510725,0.9967342615127563,0.0002737901583410955,0.005643805333723624,0.9940823912620544,2,pituitary,True
807,"[[49]
 [48]
 [52]
 [53]
 [53]
 [56]]",0,2,pituitary,True,0.014946007169783115,0.03229149430990219,0.9527624845504761,0.02213607169687748,0.12917369604110718,0.8486902713775635,0.00554568599909544,0.045978814363479614,0.9484755396842957,0.014209254955252012,0.06914800157149632,0.9166427652041117,2,pituitary,True
808,"[[49]
 [48]
 [52]
 [53]
 [53]
 [56]]",0,2,pituitary,True,0.0054879519157111645,0.013708376325666904,0.9808036684989929,0.008952253498136997,0.05684513971209526,0.9342026114463806,0.00013000848412048072,0.0013646367006003857,0.9985053539276123,0.004856737965989548,0.023972717579454184,0.9711705446243286,2,pituitary,True
809,"[[49]
 [48]
 [52]
 [53]
 [53]
 [56]]",0,2,pituitary,True,0.004547098185867071,0.012714247219264507,0.9827386736869812,0.009143834002315998,0.06981774419546127,0.9210384488105774,0.00014187980559654534,0.0013328546192497015,0.9985253214836121,0.004610937331259872,0.027954948677991826,0.9674341479937235,2,pituitary,True
810,"[[49]
 [48]
 [52]
 [53]
 [53]
 [56]]",0,2,pituitary,True,0.005318826530128717,0.013740327209234238,0.9809408783912659,0.010165011510252953,0.07479024678468704,0.9150447845458984,0.00026031193556264043,0.0016025506192818284,0.9981371164321899,0.0052480499919814365,0.030044374871067703,0.964707593123118,2,pituitary,True
811,"[[49]
 [48]
 [52]
 [53]
 [53]
 [56]]",0,2,pituitary,True,0.0033732717856764793,0.009309154935181141,0.9873176217079163,0.005938666872680187,0.04660043120384216,0.9474608302116394,5.452564073493704e-05,0.0004528897989075631,0.9994925260543823,0.003122154766363868,0.01878749197931029,0.9780903259913126,2,pituitary,True
812,"[[49]
 [49]
 [52]
 [51]
 [53]
 [57]]",3,0,meningioma,True,0.9194332361221313,0.08056582510471344,9.76274918684794e-07,0.6117327809333801,0.388260155916214,7.0469150159624405e-06,0.9953396320343018,0.004660322796553373,1.8647376975877705e-09,0.8421685496966044,0.15782876793916026,2.675018224114941e-06,0,meningioma,True
813,"[[49]
 [48]
 [52]
 [53]
 [53]
 [56]]",0,2,pituitary,True,0.003357785288244486,0.009034995920956135,0.9876071810722351,0.0049408976919949055,0.038066428154706955,0.9569926261901855,2.9098680897732265e-05,0.0003553616988938302,0.9996155500411987,0.002775927220379041,0.015818928591518972,0.9814051191012064,2,pituitary,True
814,"[[49]
 [48]
 [52]
 [53]
 [53]
 [56]]",0,2,pituitary,True,0.0023211666848510504,0.0068434178829193115,0.990835428237915,0.0036190287210047245,0.029589589685201645,0.9667913913726807,7.547344011982204e-06,0.0001026242389343679,0.9998898506164551,0.001982580916622586,0.012178543935685108,0.9858388900756836,2,pituitary,True
815,"[[49]
 [48]
 [52]
 [53]
 [53]
 [56]]",0,2,pituitary,True,0.0033726347610354424,0.009079539217054844,0.987547755241394,0.005877388175576925,0.04637175798416138,0.9477508068084717,4.808828452951275e-05,0.0007588613661937416,0.999193012714386,0.0030993704070472936,0.018736719522469986,0.9781638582547506,2,pituitary,True
816,"[[49]
 [48]
 [52]
 [53]
 [53]
 [56]]",0,2,pituitary,True,0.005274305585771799,0.013145286589860916,0.9815804362297058,0.008340799249708652,0.06391901522874832,0.9277401566505432,0.0001624692667974159,0.0027537543792277575,0.9970837235450745,0.004592524700759289,0.02660601873261233,0.9688014388084412,2,pituitary,True
817,"[[49]
 [48]
 [52]
 [54]
 [56]
 [52]]",3,2,pituitary,True,0.000512508733663708,1.2264753195267986e-06,0.9994862079620361,8.035905011638533e-06,1.3690369371488487e-07,0.999991774559021,8.053551027842332e-06,3.0801951652392745e-05,0.9999611377716064,0.00017619939656772962,1.072177688854481e-05,0.9998130400975546,2,pituitary,True
818,"[[49]
 [48]
 [52]
 [54]
 [56]
 [52]]",3,2,pituitary,True,6.70369845465757e-05,5.82452094022301e-06,0.9999271631240845,1.0741087862697896e-05,3.841009402094642e-06,0.9999854564666748,7.327461844397476e-06,0.0008450922323390841,0.9991475343704224,2.8368511417890357e-05,0.00028491925422713393,0.9996867179870605,2,pituitary,True
819,"[[49]
 [48]
 [52]
 [54]
 [56]
 [52]]",3,2,pituitary,True,0.0004522673552855849,0.0015791849000379443,0.9979684948921204,2.1792207917314954e-05,0.00022500238264910877,0.9997531771659851,3.7298486859072e-06,0.00042936744284816086,0.9995668530464172,0.00015926313729626904,0.0007445182418450713,0.9990961750348409,2,pituitary,True
820,"[[49]
 [48]
 [52]
 [54]
 [56]
 [52]]",3,2,pituitary,True,0.0005597695708274841,0.00022369320504367352,0.9992165565490723,2.303748442500364e-05,2.4104769181576557e-05,0.9999529123306274,3.897676833730657e-06,0.0010249242186546326,0.9989712238311768,0.00019556824402873948,0.0004242407309599609,0.9993802309036255,2,pituitary,True
821,"[[49]
 [48]
 [52]
 [54]
 [56]
 [52]]",3,2,pituitary,True,0.00020443335233721882,1.4674489648314193e-05,0.9997809529304504,1.600820542080328e-05,5.0424973778717685e-06,0.9999788999557495,1.1609627108555287e-05,8.539736154489219e-05,0.9999029636383057,7.73503949555258e-05,3.503811619035938e-05,0.9998876055081686,2,pituitary,True
822,"[[49]
 [48]
 [52]
 [54]
 [56]
 [52]]",3,2,pituitary,True,0.00019042704661842436,9.90047919913195e-06,0.9997996687889099,2.5942512365872972e-05,7.127203502932389e-07,0.9999732971191406,6.074742486816831e-06,7.570839443360455e-06,0.9999864101409912,7.414810049037139e-05,6.061346330928548e-06,0.9999197920163473,2,pituitary,True
823,"[[49]
 [49]
 [52]
 [51]
 [53]
 [57]]",3,0,meningioma,True,0.9190285801887512,0.08097023516893387,1.1647737210296327e-06,0.608527660369873,0.3914708197116852,1.5112595974642318e-06,0.9620438814163208,0.0379561185836792,7.543217162009341e-10,0.8298667073249817,0.17013239115476608,8.922625467366885e-07,0,meningioma,True
824,"[[49]
 [48]
 [52]
 [54]
 [56]
 [52]]",3,2,pituitary,True,0.0006858142442069948,1.0370043128204998e-05,0.9993038177490234,4.509300924837589e-05,1.5109935702639632e-06,0.9999533891677856,7.630777872691397e-06,6.12341455052956e-06,0.9999862909317017,0.0002461793437760207,6.001483749666174e-06,0.9997478326161703,2,pituitary,True
825,"[[49]
 [48]
 [52]
 [57]
 [49]
 [50]]",2,2,pituitary,True,0.002147577004507184,0.008669795468449593,0.9891826510429382,0.30994942784309387,0.48671233654022217,0.2033381462097168,4.497562986216508e-05,0.0011930308537557721,0.9987620115280151,0.10404732682582107,0.16552505428747585,0.73042760292689,2,pituitary,True
826,"[[49]
 [48]
 [52]
 [57]
 [49]
 [50]]",2,2,pituitary,True,0.0009599804179742932,0.004110455047339201,0.9949295520782471,0.1424548327922821,0.7295119762420654,0.12803323566913605,2.530384881538339e-05,0.00023823429364711046,0.999736487865448,0.04781337235302393,0.24462022186101726,0.707566425204277,2,pituitary,True
827,"[[49]
 [48]
 [52]
 [57]
 [49]
 [50]]",2,2,pituitary,True,0.004762587137520313,0.5220664143562317,0.4731709361076355,0.06469034403562546,0.8757811188697815,0.059528518468141556,1.4690874195366632e-05,0.00204463885165751,0.9979405999183655,0.02315587401578038,0.46663072402589023,0.5102133514980475,2,pituitary,True
828,"[[49]
 [48]
 [52]
 [57]
 [49]
 [50]]",2,2,pituitary,True,0.002823113463819027,0.008466081693768501,0.9887108206748962,0.1028333529829979,0.1253841519355774,0.7717824578285217,4.5603563194163144e-05,0.00027793055051006377,0.9996764659881592,0.03523402333667036,0.044709388059951984,0.9200565814971924,2,pituitary,True
829,"[[49]
 [48]
 [52]
 [57]
 [49]
 [50]]",2,2,pituitary,True,0.0023673097603023052,0.000936075346544385,0.9966965913772583,0.0901641771197319,0.03613755851984024,0.8736982941627502,3.524234489304945e-05,0.0001104071707231924,0.999854326248169,0.030855576408309087,0.012394680345702605,0.9567497372627258,2,pituitary,True
830,"[[49]
 [48]
 [52]
 [57]
 [49]
 [50]]",2,2,pituitary,True,0.018419835716485977,0.0023391677532345057,0.9792409539222717,0.13401347398757935,0.03830977901816368,0.8276767134666443,0.0016478699399158359,0.020452752709388733,0.977899432182312,0.051360393214660384,0.020367233160262305,0.9282723665237427,2,pituitary,True
831,"[[49]
 [48]
 [52]
 [57]
 [49]
 [50]]",2,2,pituitary,True,0.06246844679117203,0.01043244730681181,0.9270991086959839,0.1637931913137436,0.15409111976623535,0.6821156740188599,0.0007419305620715022,0.4206834137439728,0.5785746574401855,0.07566785622232904,0.1950689936056733,0.7292631467183431,2,pituitary,True
832,"[[49]
 [48]
 [53]
 [49]
 [56]
 [55]]",0,2,pituitary,True,0.006541286129504442,0.017581740394234657,0.9758769273757935,0.032043229788541794,0.14763964712619781,0.8203171491622925,0.005833873990923166,0.01447395421564579,0.9796921610832214,0.014806129969656467,0.05989844724535942,0.9252954125404358,2,pituitary,True
833,"[[49]
 [48]
 [53]
 [49]
 [56]
 [55]]",0,2,pituitary,True,0.006058027036488056,0.01530795730650425,0.9786339998245239,0.028374046087265015,0.13037486374378204,0.8412511348724365,0.004005791619420052,0.010348175652325153,0.9856460690498352,0.012812621581057707,0.052010332234203815,0.9351770679155985,2,pituitary,True
834,"[[57]
 [55]
 [54]
 [48]
 [55]]",2,0,meningioma,True,0.8169423937797546,0.18305763602256775,2.0222831409455466e-08,0.9076091051101685,0.09239085763692856,1.2941815619171848e-08,0.962175726890564,0.037824202328920364,1.9563357086325733e-18,0.895575741926829,0.10442423199613889,1.1054882343527883e-08,0,meningioma,True
835,"[[49]
 [48]
 [53]
 [49]
 [56]
 [55]]",0,2,pituitary,True,0.006613606587052345,0.016555989161133766,0.9768303632736206,0.028803277760744095,0.13984715938568115,0.8313495516777039,0.005987917073071003,0.018344681710004807,0.975667417049408,0.01380160047362248,0.05824927675227324,0.9279491106669108,2,pituitary,True
836,"[[49]
 [48]
 [53]
 [49]
 [56]
 [55]]",0,2,pituitary,True,0.006450524553656578,0.015053359791636467,0.9784961342811584,0.027222374454140663,0.12519268691539764,0.8475849628448486,0.0077862367033958435,0.025637978687882423,0.9665758013725281,0.013819711903731028,0.05529467513163885,0.9308856328328451,2,pituitary,True
837,"[[49]
 [48]
 [53]
 [49]
 [56]
 [55]]",0,2,pituitary,True,0.011679254472255707,0.02719447761774063,0.9611262679100037,0.043962933123111725,0.19149528443813324,0.7645418047904968,0.019008830189704895,0.054358676075935364,0.9266324639320374,0.02488367259502411,0.09101614604393642,0.8841001788775126,2,pituitary,True
838,"[[49]
 [48]
 [53]
 [49]
 [56]
 [55]]",0,2,pituitary,True,0.00686150835826993,0.015580483712255955,0.9775580167770386,0.023286247625947,0.09874222427606583,0.8779715299606323,0.005463171750307083,0.021151745691895485,0.9733850359916687,0.011870309244841337,0.045158151226739086,0.9429715275764465,2,pituitary,True
839,"[[49]
 [48]
 [53]
 [52]
 [55]
 [53]]",3,2,pituitary,True,0.31980785727500916,0.15008364617824554,0.5301085114479065,0.00040235067717731,0.0012040139408782125,0.9983935952186584,4.737918516184436e-06,0.00024336299975402653,0.9997518658638,0.10673831529023421,0.05051034103962593,0.8427513241767883,2,pituitary,True
840,"[[49]
 [48]
 [53]
 [52]
 [55]
 [53]]",3,2,pituitary,True,0.2940312623977661,0.4624529480934143,0.24351578950881958,0.0030248365364968777,0.021943572908639908,0.9750315546989441,0.00017340622434858233,0.001765996916219592,0.9980605244636536,0.09907650171953719,0.1620541726394246,0.738869289557139,2,pituitary,True
841,"[[49]
 [48]
 [53]
 [52]
 [55]
 [53]]",3,2,pituitary,True,0.5772144794464111,0.31426945328712463,0.10851609706878662,0.007292699068784714,0.013680895790457726,0.9790264368057251,0.00018035677203442901,0.022668402642011642,0.9771512746810913,0.19489584509574343,0.11687291723986466,0.6882312695185343,2,pituitary,True
842,"[[49]
 [48]
 [53]
 [52]
 [55]
 [53]]",3,2,pituitary,True,0.330119788646698,0.6232904195785522,0.046589720994234085,0.0023812185972929,0.009855976328253746,0.9877628087997437,5.061422780272551e-05,0.003462856402620673,0.9964865446090698,0.11085054049059788,0.21220308410314223,0.6769463581343492,2,pituitary,True
843,"[[49]
 [48]
 [53]
 [52]
 [55]
 [53]]",3,2,pituitary,True,0.3573817312717438,0.08530969172716141,0.557308554649353,0.0006058541475795209,0.0010369688970968127,0.9983571171760559,2.5251361876144074e-05,7.946128607727587e-05,0.9998953342437744,0.11933761226039981,0.028808707303445164,0.8518536686897278,2,pituitary,True
844,"[[49]
 [48]
 [53]
 [53]
 [51]
 [56]]",2,2,pituitary,True,0.23637108504772186,0.5353166460990906,0.2283121794462204,0.5420863628387451,0.41306835412979126,0.04484529793262482,0.37034663558006287,0.6126636862754822,0.01698971912264824,0.38293469448884326,0.5203495621681213,0.09671573216716449,1,glioma,False
845,"[[57]
 [55]
 [54]
 [48]
 [55]]",2,0,meningioma,True,0.949997067451477,0.05000297352671623,1.6245895739785965e-09,0.9406434893608093,0.059356484562158585,3.559875283443148e-09,0.9929593801498413,0.007040685508400202,1.8961283337721354e-18,0.9611999789873759,0.03880004786575834,1.7281549531059575e-09,0,meningioma,True
846,"[[49]
 [48]
 [53]
 [53]
 [51]
 [56]]",2,2,pituitary,True,0.615043580532074,0.3372633159160614,0.04769304394721985,0.6555092334747314,0.31437209248542786,0.030118683353066444,0.8331285715103149,0.068107470870018,0.09876397252082825,0.7012271285057068,0.2399142930905024,0.05885856660703818,0,meningioma,False
847,"[[49]
 [48]
 [53]
 [54]
 [51]
 [56]]",3,2,pituitary,True,0.1130361407995224,0.004141502548009157,0.8828223347663879,0.00021074290270917118,0.00022047723177820444,0.99956876039505,6.947169367776951e-06,1.5764677527840831e-06,0.9999914169311523,0.037751276957199785,0.0014545187491800486,0.9607941706975301,2,pituitary,True
848,"[[49]
 [48]
 [53]
 [54]
 [51]
 [56]]",3,2,pituitary,True,0.022716090083122253,0.0005897592636756599,0.9766941070556641,0.00028349016793072224,0.0004067029803991318,0.999309778213501,1.9094752133241855e-05,5.821984814247116e-07,0.9999803304672241,0.007672891667728739,0.0003323481475187388,0.9919947385787964,2,pituitary,True
849,"[[49]
 [48]
 [53]
 [54]
 [51]
 [56]]",3,2,pituitary,True,0.07105521112680435,0.03598084673285484,0.8929639458656311,9.96320741251111e-05,0.0006219882634468377,0.9992783665657043,1.814249662857037e-05,0.00013838741870131344,0.9998434782028198,0.023724328565852677,0.012247074138334332,0.9640285968780518,2,pituitary,True
850,"[[49]
 [48]
 [53]
 [54]
 [51]
 [56]]",3,2,pituitary,True,0.01525803841650486,0.015138116665184498,0.9696038365364075,0.0007647934835404158,0.008817771449685097,0.9904174208641052,4.6386248868657276e-05,4.4680920836981386e-05,0.9999089241027832,0.005356406049637978,0.008000189678568859,0.986643393834432,2,pituitary,True
851,"[[49]
 [48]
 [53]
 [54]
 [51]
 [56]]",3,2,pituitary,True,0.006152320187538862,0.0004403946513775736,0.9934072494506836,2.687798951228615e-05,4.6051958634052426e-05,0.9999270439147949,2.1319206098269206e-06,1.9099762482710503e-07,0.9999977350234985,0.0020604433658869916,0.0001622125358788177,0.9977773427963257,2,pituitary,True
852,"[[57]
 [55]
 [52]
 [49]
 [54]]",2,2,pituitary,True,0.010636907070875168,0.8932989835739136,0.09606412053108215,0.18899603188037872,0.24628455936908722,0.5647193789482117,0.001909412327222526,0.1655207723379135,0.8325698375701904,0.06718078375949214,0.43503477176030475,0.49778444568316144,2,pituitary,True
853,"[[57]
 [55]
 [52]
 [49]
 [54]]",2,2,pituitary,True,0.021393392235040665,0.8580331802368164,0.12057336419820786,0.09852387011051178,0.2023441642522812,0.699131965637207,0.00027904141461476684,0.5877465009689331,0.4119744300842285,0.040065434586722404,0.5493746151526769,0.41055991997321445,1,glioma,False
854,"[[57]
 [55]
 [52]
 [49]
 [54]]",2,2,pituitary,True,0.025624824687838554,0.8017218112945557,0.17265334725379944,0.0850229561328888,0.3286880552768707,0.5862889885902405,0.0019069765694439411,0.01638362929224968,0.9817094206809998,0.03751825246339043,0.38226449862122536,0.5802172521750132,2,pituitary,True
855,"[[57]
 [55]
 [52]
 [49]
 [54]]",2,2,pituitary,True,0.07634551078081131,0.48301175236701965,0.4406428039073944,0.028379950672388077,0.04550757631659508,0.9261124730110168,0.0006043397588655353,0.0008546900353394449,0.998540997505188,0.03510993373735497,0.17645800623965138,0.7884320914745331,2,pituitary,True
856,"[[57]
 [55]
 [54]
 [48]
 [55]]",2,0,meningioma,True,0.8941170573234558,0.10588299483060837,2.105373791971843e-10,0.8402465581893921,0.1597534418106079,3.801962911165191e-10,0.862545907497406,0.137454092502594,4.0254800758174745e-17,0.8656365076700846,0.13436350971460342,1.9691123685616806e-10,0,meningioma,True
857,"[[57]
 [55]
 [52]
 [49]
 [54]]",2,2,pituitary,True,0.02002718672156334,0.06651192903518677,0.9134608507156372,0.011024057865142822,0.015171892009675503,0.9738040566444397,0.003994866739958525,0.0015382060082629323,0.9944669008255005,0.01168203710888823,0.027740675684375066,0.9605772693951925,2,pituitary,True
858,"[[57]
 [55]
 [52]
 [49]
 [54]]",2,2,pituitary,True,0.034353338181972504,0.0979500412940979,0.8676966428756714,0.007054509129375219,0.01384221762418747,0.9791032671928406,0.017806746065616608,0.0007618233212269843,0.9814313650131226,0.019738197792321444,0.037518027413170785,0.9427437583605448,2,pituitary,True
859,"[[57]
 [55]
 [52]
 [49]
 [54]]",2,2,pituitary,True,0.05424525961279869,0.48398834466934204,0.46176645159721375,0.012818383052945137,0.034834124147892,0.952347457408905,0.0637158751487732,0.09016453474760056,0.8461195826530457,0.043593172604839005,0.20299566785494486,0.7534111638863882,2,pituitary,True
860,"[[57]
 [55]
 [52]
 [54]
 [49]]",0,2,pituitary,True,0.02756682224571705,0.046441130340099335,0.9259920120239258,0.06447793543338776,0.2017010748386383,0.733820915222168,0.003240737831220031,0.026854373514652252,0.9699048399925232,0.031761831836774945,0.09166552623112996,0.8765725890795389,2,pituitary,True
861,"[[57]
 [55]
 [52]
 [54]
 [49]]",0,2,pituitary,True,0.019329769536852837,0.03661667928099632,0.944053590297699,0.04198494553565979,0.1649080514907837,0.7931070327758789,0.0011639832518994808,0.017765559256076813,0.9810705184936523,0.020826232774804037,0.07309676334261894,0.9060770471890768,2,pituitary,True
862,"[[57]
 [55]
 [52]
 [54]
 [49]]",0,2,pituitary,True,0.018597740679979324,0.035675887018442154,0.9457263946533203,0.04211292043328285,0.15654347836971283,0.8013436794281006,0.0016702405409887433,0.028403732925653458,0.9699260592460632,0.020793633884750307,0.07354103277126949,0.905665377775828,2,pituitary,True
863,"[[57]
 [55]
 [52]
 [54]
 [49]]",0,2,pituitary,True,0.016936490312218666,0.03224703297019005,0.9508165121078491,0.04108525812625885,0.16152192652225494,0.7973927855491638,0.00520626874640584,0.05667806789278984,0.9381157159805298,0.02107600572829445,0.08348234246174495,0.8954416712125143,2,pituitary,True
864,"[[57]
 [55]
 [52]
 [54]
 [49]]",0,2,pituitary,True,0.033591121435165405,0.05904995650053024,0.9073589444160461,0.061071161180734634,0.24704867601394653,0.6918801069259644,0.022860316559672356,0.13771046698093414,0.8394291996955872,0.039174199725190796,0.1479363664984703,0.8128894170125326,2,pituitary,True
865,"[[57]
 [55]
 [52]
 [54]
 [49]]",0,2,pituitary,True,0.021562298759818077,0.04054155945777893,0.937896192073822,0.04709823802113533,0.17741721868515015,0.7754845023155212,0.003397739725187421,0.03197793662548065,0.964624285697937,0.024019425502046943,0.08331223825613658,0.8926683266957601,2,pituitary,True
866,"[[57]
 [55]
 [52]
 [54]
 [49]]",0,2,pituitary,True,0.01762496866285801,0.035631489008665085,0.9467435479164124,0.052756283432245255,0.18649284541606903,0.7607508301734924,0.003518947632983327,0.032034117728471756,0.9644469618797302,0.024633399909362197,0.08471948405106862,0.8906471133232117,2,pituitary,True
867,"[[57]
 [55]
 [54]
 [48]
 [55]]",2,0,meningioma,True,0.9398431777954102,0.06015675142407417,9.36680529146916e-13,0.7922260761260986,0.20777395367622375,2.2369603999011778e-12,0.9639977216720581,0.03600223362445831,8.281997249170871e-20,0.8986889918645223,0.10131097957491875,1.0578803372893554e-12,0,meningioma,True
868,"[[57]
 [55]
 [52]
 [54]
 [49]]",0,2,pituitary,True,0.024632448330521584,0.046831581741571426,0.9285359382629395,0.05911840498447418,0.21307572722434998,0.7278059124946594,0.010746939107775688,0.12366701662540436,0.8655860424041748,0.03149926414092382,0.1278581085304419,0.8406426310539246,2,pituitary,True
869,"[[57]
 [55]
 [52]
 [56]
 [49]]",0,2,pituitary,True,0.01645311713218689,0.034048374742269516,0.9494985342025757,0.023722074925899506,0.09708762168884277,0.8791903257369995,0.00018746645946521312,0.0014329516561701894,0.9983795881271362,0.013454219505850537,0.044189649362427495,0.9423561493555704,2,pituitary,True
870,"[[57]
 [55]
 [52]
 [56]
 [49]]",0,2,pituitary,True,0.011996251530945301,0.026880202814936638,0.9611234664916992,0.01839372329413891,0.08722109347581863,0.8943852186203003,0.00010946484690066427,0.0014777480391785502,0.9984127283096313,0.010166479890661625,0.03852634810997794,0.9513071378072103,2,pituitary,True
871,"[[57]
 [55]
 [52]
 [56]
 [49]]",0,2,pituitary,True,0.010604276321828365,0.02429160103201866,0.9651041626930237,0.016513703390955925,0.080185167491436,0.9033011198043823,0.0001434521982446313,0.0009379435214214027,0.9989186525344849,0.009087143970342973,0.03513823734829202,0.9557746450106303,2,pituitary,True
872,"[[57]
 [55]
 [52]
 [56]
 [49]]",0,2,pituitary,True,0.016619376838207245,0.03361798822879791,0.9497627019882202,0.0246711578220129,0.10267749428749084,0.8726513385772705,0.00047155539505183697,0.00365709001198411,0.995871365070343,0.013920696685090661,0.04665085750942429,0.939428468545278,2,pituitary,True
873,"[[57]
 [55]
 [52]
 [56]
 [49]]",0,2,pituitary,True,0.01028438564389944,0.02191045507788658,0.9678051471710205,0.017293555662035942,0.07366819679737091,0.9090383052825928,0.00011894427734659985,0.0010226524900645018,0.9988584518432617,0.009232295194427328,0.03220043478844067,0.9585673014322916,2,pituitary,True
874,"[[57]
 [55]
 [53]
 [57]
 [57]]",2,2,pituitary,True,0.000509618257638067,0.00018293091852683574,0.99930739402771,0.01658429391682148,0.005910447798669338,0.9775052666664124,0.031061669811606407,0.0008292762795463204,0.9681090712547302,0.016051860662021984,0.0023075516655808315,0.9816405773162842,2,pituitary,True
875,"[[57]
 [55]
 [53]
 [57]
 [57]]",2,2,pituitary,True,0.0011750332778319716,0.0003708723234012723,0.9984540939331055,0.019251661375164986,0.012360801920294762,0.9683876037597656,0.016928456723690033,0.0010156031930819154,0.9820559620857239,0.01245171712556233,0.0045824258122593164,0.982965886592865,2,pituitary,True
876,"[[57]
 [55]
 [53]
 [57]
 [57]]",2,2,pituitary,True,0.00035050150472670794,0.00019707833416759968,0.9994524121284485,0.018679285421967506,0.010929207317531109,0.970391571521759,0.012772652320563793,0.00599479116499424,0.9812325239181519,0.010600813082419336,0.005707025605564316,0.9836921691894531,2,pituitary,True
877,"[[57]
 [55]
 [56]
 [57]
 [48]]",4,2,pituitary,True,2.0084476659576467e-07,0.0001343443727819249,0.9998654127120972,2.6472780518815853e-06,2.0714252968900837e-05,0.999976634979248,1.8776996512315236e-05,9.630385648051742e-06,0.9999716281890869,7.208373110264195e-06,5.489633713295916e-05,0.999937891960144,2,pituitary,True
878,"[[57]
 [55]
 [54]
 [48]
 [55]]",2,0,meningioma,True,0.9922951459884644,0.007704835385084152,2.3816196478604508e-14,0.7830348610877991,0.21696512401103973,9.17644934106572e-14,0.8937398195266724,0.10626016557216644,3.6062201991439554e-22,0.8896899422009786,0.11031004165609677,3.8526896749961244e-14,0,meningioma,True
879,"[[57]
 [55]
 [56]
 [57]
 [48]]",4,2,pituitary,True,2.6255233024130575e-05,0.004801676608622074,0.9951720833778381,6.021704393788241e-06,3.933653351850808e-05,0.9999545812606812,2.303752989973873e-05,2.012092045333702e-05,0.9999568462371826,1.8438155772552516e-05,0.0016203780208646397,0.9983611702919006,2,pituitary,True
880,"[[57]
 [55]
 [56]
 [57]
 [48]]",4,2,pituitary,True,3.0412529667955823e-06,0.0037080994807183743,0.9962888956069946,6.387774192262441e-06,4.910484130959958e-05,0.9999444484710693,0.00012651828001253307,0.0002962250728160143,0.9995772242546082,4.531576905719703e-05,0.0013511431316146627,0.9986035227775574,2,pituitary,True
881,"[[57]
 [55]
 [56]
 [57]
 [48]]",4,2,pituitary,True,8.472342415188905e-06,0.849947452545166,0.1500440239906311,0.0001861008204286918,0.6192346215248108,0.3805793225765228,0.00047096831258386374,0.45492714643478394,0.5446019172668457,0.00022184715847591482,0.6413697401682535,0.3584084212779999,1,glioma,False
882,"[[57]
 [55]
 [56]
 [57]
 [48]]",4,2,pituitary,True,2.5601779270800762e-05,0.18214750289916992,0.8178268671035767,0.00012044257164234295,0.012581880204379559,0.9872976541519165,0.00013110521831549704,0.013965925201773643,0.9859030246734619,9.238318974288025e-05,0.06956510276844104,0.9303425153096517,2,pituitary,True
883,"[[57]
 [55]
 [56]
 [57]
 [48]]",4,2,pituitary,True,1.5348099680068117e-07,0.0017506579170003533,0.9982491731643677,6.093135198170785e-06,0.00013426713121589273,0.9998595714569092,7.711517355346587e-06,0.0001601067342562601,0.9998321533203125,4.652711183439351e-06,0.0006816772608241687,0.9993136326471964,2,pituitary,True
884,"[[57]
 [56]
 [52]
 [55]
 [50]]",1,2,pituitary,True,1.6727257445836585e-07,5.190256160858553e-06,0.9999946355819702,3.942832336178981e-05,2.3899482926026394e-07,0.9999603033065796,0.0001281486765947193,1.007524406304583e-05,0.9998617172241211,5.591475751032249e-05,5.168165017721549e-06,0.9999388853708903,2,pituitary,True
885,"[[57]
 [56]
 [52]
 [55]
 [50]]",1,2,pituitary,True,0.00018328777514398098,4.654083022614941e-05,0.9997702240943909,0.0016869001556187868,1.2885200249002082e-06,0.9983117580413818,0.0248386450111866,1.11065955934464e-05,0.9751502275466919,0.008902944313983122,1.964531528149867e-05,0.9910774032274882,2,pituitary,True
886,"[[57]
 [56]
 [52]
 [55]
 [50]]",1,2,pituitary,True,0.00043079513125121593,0.0016698007239028811,0.9978994131088257,0.0008901996188797057,0.0002929951879195869,0.9988168478012085,0.380664199590683,0.0004023060027975589,0.6189334988594055,0.12732839811360464,0.0007883673048733423,0.8718832532564799,2,pituitary,True
887,"[[57]
 [56]
 [52]
 [55]
 [50]]",1,2,pituitary,True,2.0771685740328394e-05,0.00018349848687648773,0.9997957348823547,0.00014428280701395124,1.3481619134836365e-05,0.9998421669006348,0.030197909101843834,2.5013001504703425e-05,0.9697771072387695,0.010120987864866038,7.39977025053425e-05,0.989805003007253,2,pituitary,True
888,"[[57]
 [56]
 [52]
 [55]
 [50]]",1,2,pituitary,True,5.134116145200096e-05,0.0007301620789803565,0.9992184638977051,0.0002831722958944738,6.820859562139958e-05,0.9996485710144043,0.026572545990347862,5.2291266911197454e-05,0.9733752012252808,0.008969019815898113,0.00028355398050431785,0.9907474120457967,2,pituitary,True
889,"[[49]
 [48]
 [49]
 [49]
 [50]
 [55]]",1,0,meningioma,True,0.9877495169639587,0.012250270694494247,2.4982028890008223e-07,0.9659598469734192,0.033682700246572495,0.0003573961148504168,0.970418393611908,0.029452968388795853,0.00012859643902629614,0.9747092525164286,0.025128646443287533,0.00016208079138853768,0,meningioma,True
890,"[[57]
 [55]
 [55]
 [51]
 [55]]",1,0,meningioma,True,0.9999195337295532,8.051299664657563e-05,1.8355808748525028e-14,0.999376118183136,0.0006238605710677803,1.8187656936063945e-10,0.9947273135185242,0.005271994974464178,7.703644655521202e-07,0.9980076551437378,0.0019921228473928445,2.568487868257632e-07,0,meningioma,True
891,"[[57]
 [56]
 [52]
 [55]
 [50]]",1,2,pituitary,True,1.8175740024162224e-07,2.0572383618855383e-06,0.9999977350234985,1.8135669961338863e-05,1.690655881247949e-05,0.9999649524688721,0.0007942211232148111,1.4555159395968076e-05,0.9991912245750427,0.00027084618352546386,1.1172985523444368e-05,0.9997179706891378,2,pituitary,True
892,"[[57]
 [56]
 [54]
 [53]
 [50]]",3,2,pituitary,True,0.1305137574672699,0.002366061555221677,0.8671201467514038,0.008069891482591629,0.004323742818087339,0.9876063466072083,0.000571307959035039,0.0035511022433638573,0.9958776235580444,0.04638498563629886,0.003413635538890958,0.9502013723055521,2,pituitary,True
893,"[[57]
 [56]
 [54]
 [53]
 [50]]",3,2,pituitary,True,0.19719885289669037,0.000699975760653615,0.8021011352539062,0.0016590375453233719,0.0012898363638669252,0.9970511198043823,0.000783166557084769,0.014729496091604233,0.9844873547554016,0.0665470189996995,0.005573102738708258,0.9278798699378967,2,pituitary,True
894,"[[57]
 [56]
 [54]
 [53]
 [50]]",3,2,pituitary,True,0.5137671828269958,0.0010845615761354566,0.48514822125434875,0.012582553550601006,0.0030830493196845055,0.984334409236908,0.006367575377225876,0.006095710210502148,0.9875367283821106,0.17757243725160757,0.0034211070354407034,0.8190064529577891,2,pituitary,True
895,"[[57]
 [56]
 [54]
 [53]
 [50]]",3,2,pituitary,True,0.5432230830192566,0.00018885391182266176,0.45658814907073975,0.029802527278661728,0.001885616104118526,0.9683119058609009,0.024569641798734665,0.003396270563825965,0.9720341563224792,0.199198417365551,0.0018235801932557176,0.7989780704180399,2,pituitary,True
896,"[[57]
 [56]
 [54]
 [53]
 [50]]",3,2,pituitary,True,0.29295018315315247,0.005075542256236076,0.7019742727279663,0.0032883035019040108,0.0008620344451628625,0.995849609375,0.004625608678907156,0.0022496101446449757,0.993124783039093,0.10028803177798788,0.002729062282014638,0.8969828883806864,2,pituitary,True
897,"[[57]
 [56]
 [56]
 [55]
 [49]]",2,2,pituitary,True,0.00010736548574641347,0.0012506735511124134,0.9986419081687927,0.07130736112594604,0.18629975616931915,0.742392897605896,0.11775831133127213,0.2204129844903946,0.6618287563323975,0.06305767931432153,0.13598780473694205,0.8009545207023621,2,pituitary,True
898,"[[57]
 [56]
 [56]
 [55]
 [49]]",2,2,pituitary,True,3.4088006941601634e-06,7.691042810620274e-06,0.9999889135360718,0.02795027568936348,0.03993793949484825,0.9321117997169495,0.009196543134748936,0.0027474116068333387,0.9880560636520386,0.012383409208268858,0.01423101404816407,0.9733855923016866,2,pituitary,True
899,"[[57]
 [56]
 [56]
 [55]
 [49]]",2,2,pituitary,True,5.083805081085302e-05,4.5381624659057707e-05,0.9999037981033325,0.03491528332233429,0.03517290949821472,0.9299117922782898,0.0015598979080095887,0.002409667242318392,0.9960303902626038,0.01217533976038491,0.01254265278839739,0.9752819935480753,2,pituitary,True
900,"[[57]
 [56]
 [56]
 [55]
 [49]]",2,2,pituitary,True,1.6244426660705358e-05,2.580162436061073e-05,0.9999579191207886,0.022080197930336,0.02905174531042576,0.9488680958747864,0.00248953839763999,0.02718592807650566,0.9703245162963867,0.008195326918212231,0.018754491670430678,0.9730501770973206,2,pituitary,True
901,"[[57]
 [55]
 [55]
 [51]
 [55]]",1,0,meningioma,True,0.9997791647911072,0.00022083196381572634,1.4191416579611938e-15,0.9991722106933594,0.0008278199820779264,1.0115075443906107e-11,0.999175488948822,0.00082444550935179,3.043799523538837e-08,0.9993756214777628,0.0006243658184151476,1.0149370576657978e-08,0,meningioma,True
902,"[[57]
 [56]
 [56]
 [55]
 [49]]",2,2,pituitary,True,0.000615001015830785,0.002650825073942542,0.9967341423034668,0.24556514620780945,0.35919204354286194,0.3952428102493286,0.017626842483878136,0.4206480383872986,0.5617251396179199,0.08793566323583946,0.260830302334701,0.6512340307235718,2,pituitary,True
903,"[[57]
 [56]
 [56]
 [55]
 [49]]",2,2,pituitary,True,1.759270890033804e-05,3.709746306412853e-05,0.9999452829360962,0.020028652623295784,0.026910889893770218,0.9530603885650635,0.00019067195535171777,0.0008019203669391572,0.9990074038505554,0.00674563909584928,0.009249969241257835,0.9840043584505717,2,pituitary,True
904,"[[57]
 [56]
 [56]
 [55]
 [49]]",2,2,pituitary,True,6.210451829247177e-06,2.4363904230995104e-05,0.999969482421875,0.043309688568115234,0.0729396790266037,0.8837506771087646,0.0004911700380034745,0.004533479455858469,0.9949753284454346,0.014602356352649318,0.025832507462231053,0.9595651626586914,2,pituitary,True
905,"[[57]
 [56]
 [56]
 [55]
 [52]]",3,2,pituitary,True,0.40785831212997437,0.0010484174126759171,0.5910932421684265,0.0032350823748856783,0.0004042651562485844,0.9963605999946594,0.0004405932850204408,1.8477729099686258e-05,0.9995409250259399,0.13717799592996016,0.0004903867660080626,0.8623315890630087,2,pituitary,True
906,"[[57]
 [56]
 [56]
 [55]
 [52]]",3,2,pituitary,True,0.5062891244888306,0.021832488477230072,0.47187843918800354,0.002649826230481267,0.0016978266648948193,0.9956523776054382,0.0015082836616784334,0.00014041464601177722,0.9983513355255127,0.17014907812699676,0.007890243262712223,0.8219607174396515,2,pituitary,True
907,"[[57]
 [56]
 [56]
 [55]
 [52]]",3,2,pituitary,True,0.26026004552841187,0.003658474422991276,0.7360814809799194,0.005075832363218069,0.002499519381672144,0.9924246072769165,0.000232067090109922,9.356225200463086e-05,0.9996744394302368,0.08852264832724661,0.0020838520188893503,0.9093935092290243,2,pituitary,True
908,"[[57]
 [56]
 [56]
 [55]
 [52]]",3,2,pituitary,True,0.8897963166236877,0.036330826580524445,0.07387282699346542,0.11493080109357834,0.17510861158370972,0.7099605798721313,0.17509929835796356,0.2545657455921173,0.5703349709510803,0.39327547202507657,0.15533506125211716,0.4513894592722257,2,pituitary,True
909,"[[57]
 [56]
 [56]
 [55]
 [52]]",3,2,pituitary,True,0.2003294825553894,0.0026801747735589743,0.7969903349876404,0.0005466563743539155,0.00013076738105155528,0.9993226528167725,0.000974074995610863,0.000296648038784042,0.9987292885780334,0.06728340464178473,0.0010358633977981906,0.9316807587941488,2,pituitary,True
910,"[[57]
 [56]
 [56]
 [55]
 [52]]",3,2,pituitary,True,0.4106743335723877,0.002732234774157405,0.5865934491157532,0.0017723237397149205,0.0003142615605611354,0.9979134202003479,0.00011116958921775222,3.732094046426937e-05,0.9998514652252197,0.13751927563377345,0.0010279390917276032,0.8614527781804403,2,pituitary,True
911,"[[57]
 [56]
 [57]
 [57]
 [50]]",2,2,pituitary,True,0.5405306220054626,0.429555743932724,0.02991362288594246,0.2569703161716461,0.25746697187423706,0.4855627417564392,0.12128551304340363,0.04862162843346596,0.8300928473472595,0.30626215040683746,0.24521478141347566,0.44852307066321373,2,pituitary,True
912,"[[57]
 [55]
 [55]
 [51]
 [55]]",1,0,meningioma,True,0.9973107576370239,0.0026892805472016335,1.8173594809153446e-17,0.9995597004890442,0.0004402273625601083,1.052653498628776e-14,0.9990886449813843,0.0009114107233472168,1.5653647822411187e-10,0.9986530343691508,0.0013469728777029861,5.2182340977564324e-11,0,meningioma,True
913,"[[57]
 [56]
 [57]
 [57]
 [50]]",2,2,pituitary,True,0.4740508794784546,0.4730590879917145,0.05289003252983093,0.2471162974834442,0.1716596484184265,0.5812240839004517,0.04859297722578049,0.0018405321752652526,0.9495664834976196,0.2565867180625598,0.21551975619513541,0.5278935333093008,2,pituitary,True
914,"[[57]
 [56]
 [57]
 [57]
 [50]]",2,2,pituitary,True,0.0579812191426754,0.3180559575557709,0.6239627599716187,0.11559222638607025,0.5629382729530334,0.3214694857597351,0.015045699663460255,0.01179930567741394,0.9731550216674805,0.06287304839740197,0.29759784539540607,0.6395290891329447,2,pituitary,True
915,"[[57]
 [56]
 [57]
 [57]
 [50]]",2,2,pituitary,True,0.11975917220115662,0.35369324684143066,0.5265475511550903,0.1491040140390396,0.3662203550338745,0.48467570543289185,0.018298687413334846,0.11021999269723892,0.8714812994003296,0.09572062455117702,0.27671119819084805,0.6275681853294373,2,pituitary,True
916,"[[57]
 [56]
 [57]
 [57]
 [50]]",2,2,pituitary,True,0.167763352394104,0.12680847942829132,0.7054281234741211,0.02371044270694256,0.014862009324133396,0.9614275097846985,0.00028216815553605556,0.0002893718483392149,0.9994284510612488,0.06391865441886087,0.04731995353358798,0.8887613614400228,2,pituitary,True
917,"[[57]
 [56]
 [57]
 [57]
 [50]]",2,2,pituitary,True,0.15844671428203583,0.06788332015275955,0.773669958114624,0.024880047887563705,0.017404286190867424,0.9577156901359558,0.0001384627539664507,1.6496380339958705e-05,0.999845027923584,0.061155074974521995,0.02843470090798898,0.9104102253913879,2,pituitary,True
918,"[[57]
 [56]
 [57]
 [57]
 [50]]",2,2,pituitary,True,0.08438423275947571,0.03877975419163704,0.8768360614776611,0.13371852040290833,0.16248707473278046,0.7037944197654724,0.0009435400716029108,0.0007296695257537067,0.99832683801651,0.07301543107799564,0.06733216615005706,0.8596524397532145,2,pituitary,True
919,"[[57]
 [56]
 [57]
 [57]
 [50]]",2,2,pituitary,True,0.4598231017589569,0.3255491256713867,0.2146277278661728,0.26053252816200256,0.5304335951805115,0.20903390645980835,0.00044493848690763116,0.029469160363078117,0.970085859298706,0.2402668561359557,0.2951506270716588,0.46458249787489575,2,pituitary,True
920,"[[57]
 [56]
 [57]
 [57]
 [50]]",2,2,pituitary,True,0.4313836097717285,0.2387683093547821,0.3298480212688446,0.1991356611251831,0.3826698958873749,0.4181944727897644,0.0016015727305784822,0.001372475060634315,0.9970259070396423,0.21070694787583003,0.20760356010093042,0.5816894670327505,2,pituitary,True
921,"[[57]
 [56]
 [57]
 [57]
 [50]]",2,2,pituitary,True,0.5704255104064941,0.09087593853473663,0.33869853615760803,0.12036436051130295,0.14481638371944427,0.7348192930221558,0.0008339984342455864,0.000513463222887367,0.9986525177955627,0.23054128978401423,0.07873526182568942,0.6907234489917755,2,pituitary,True
922,"[[57]
 [56]
 [57]
 [57]
 [50]]",2,2,pituitary,True,0.23090553283691406,0.15398572385311127,0.6151087284088135,0.026334188878536224,0.05211436748504639,0.9215514063835144,0.00041786994552239776,0.00015705221449024975,0.9994250535964966,0.08588586388699089,0.06875238118421596,0.8453617294629415,2,pituitary,True
923,"[[57]
 [55]
 [55]
 [51]
 [55]]",1,0,meningioma,True,0.7220778465270996,0.277922123670578,1.8500261582648093e-31,0.9997944235801697,0.00020554041839204729,1.9278929223241784e-19,0.9091534614562988,0.09084656834602356,1.5963932548112864e-15,0.8770085771878561,0.12299141081166454,5.321953480345063e-16,0,meningioma,True
924,"[[57]
 [56]
 [57]
 [57]
 [53]]",1,2,pituitary,True,2.260718247271143e-05,7.174020538514014e-06,0.9999701976776123,2.004598172788974e-05,8.16245403711946e-07,0.9999791383743286,0.0004293904930818826,5.495639925356954e-05,0.9995156526565552,0.00015734788576082792,2.0982221731931833e-05,0.999821662902832,2,pituitary,True
925,"[[57]
 [56]
 [57]
 [57]
 [53]]",1,2,pituitary,True,0.001108036027289927,0.00020945492724422365,0.9986825585365295,0.0010851718252524734,1.1905460269190371e-05,0.9989029169082642,0.0106118842959404,3.1314018997363746e-05,0.9893568158149719,0.0042683640494942665,8.422480217025925e-05,0.9956474304199219,2,pituitary,True
926,"[[57]
 [56]
 [57]
 [57]
 [53]]",1,2,pituitary,True,0.0033962237648665905,0.0004018709878437221,0.9962019324302673,0.011456218548119068,0.00031247519655153155,0.9882312417030334,0.13132420182228088,0.00014633256068918854,0.8685294985771179,0.04872554804508885,0.0002868929150281474,0.9509875575701395,2,pituitary,True
927,"[[57]
 [56]
 [57]
 [57]
 [53]]",1,2,pituitary,True,0.00035652014776133,0.0004790245438925922,0.9991644620895386,0.0036185712087899446,0.0002615735284052789,0.9961198568344116,0.01847153529524803,0.0003082916373386979,0.9812201261520386,0.007482208883933102,0.0003496299032121897,0.992168148358663,2,pituitary,True
928,"[[57]
 [56]
 [57]
 [57]
 [53]]",1,2,pituitary,True,9.909862274071202e-05,0.0002560271823313087,0.9996448755264282,0.0029694829136133194,0.001039777765981853,0.9959906935691833,0.001548108528368175,0.0001129366792156361,0.9983389377593994,0.0015388966882407356,0.0004695805425095993,0.9979915022850037,2,pituitary,True
929,"[[57]
 [57]
 [50]
 [50]
 [51]]",0,2,pituitary,True,0.00420629745349288,0.008789745159447193,0.9870039820671082,0.016727112233638763,0.058163754642009735,0.9251090884208679,8.953353972174227e-05,0.00124488421715796,0.9986655712127686,0.007007647742284462,0.02273279467287163,0.9702595472335815,2,pituitary,True
930,"[[57]
 [57]
 [50]
 [50]
 [51]]",0,2,pituitary,True,0.008143317885696888,0.015005949884653091,0.9768507480621338,0.02680193819105625,0.08268439024686813,0.8905135989189148,0.0005581668810918927,0.008148103021085262,0.991293728351593,0.011834474319281677,0.03527948105086883,0.9528860251108805,2,pituitary,True
931,"[[57]
 [57]
 [50]
 [50]
 [51]]",0,2,pituitary,True,0.0214974507689476,0.033304937183856964,0.945197582244873,0.05196491628885269,0.12984290719032288,0.818192183971405,0.009620856493711472,0.08600292354822159,0.9043761491775513,0.02769440785050392,0.0830502559741338,0.8892553051312765,2,pituitary,True
932,"[[57]
 [57]
 [50]
 [50]
 [51]]",0,2,pituitary,True,0.019548099488019943,0.036593299359083176,0.9438586831092834,0.0382985882461071,0.14026662707328796,0.8214347958564758,0.020911406725645065,0.12276366353034973,0.8563249707221985,0.02625269815325737,0.09987452998757362,0.8738728165626526,2,pituitary,True
933,"[[57]
 [57]
 [50]
 [50]
 [51]]",0,2,pituitary,True,0.010347962379455566,0.022107848897576332,0.9675441980361938,0.02638990618288517,0.10663866996765137,0.8669713735580444,0.004584362264722586,0.040933758020401,0.954481840133667,0.01377407694235444,0.056560092295209564,0.9296658039093018,2,pituitary,True
934,"[[57]
 [55]
 [56]
 [55]
 [53]]",3,0,meningioma,True,0.9964582324028015,0.0026290318928658962,0.0009128126548603177,0.8578274250030518,0.14102455973625183,0.0011480087414383888,0.9927046895027161,0.007007654756307602,0.0002876866783481091,0.9489967823028564,0.05022041546180844,0.0007828360248822719,0,meningioma,True
935,"[[57]
 [57]
 [50]
 [50]
 [51]]",0,2,pituitary,True,0.009760367684066296,0.020817559212446213,0.9694221019744873,0.02848397009074688,0.11266552656888962,0.8588504791259766,0.005346308927983046,0.04961717128753662,0.9450365304946899,0.01453021556759874,0.06103341902295748,0.9244363705317179,2,pituitary,True
936,"[[77]
 [82]
 [48]
 [52]
 [56]
 [50]
 [57]
 [52]]",0,1,glioma,True,0.4310833215713501,0.5659221410751343,0.0029945755377411842,0.0936732217669487,0.8984532952308655,0.007873416878283024,0.04562674090266228,0.9506464600563049,0.003726889146491885,0.1901277614136537,0.8050072987874349,0.0048649605208386975,1,glioma,True
937,"[[77]
 [82]
 [48]
 [52]
 [56]
 [50]
 [57]
 [52]]",0,1,glioma,True,0.48226678371429443,0.5154064893722534,0.0023266312200576067,0.23954471945762634,0.7484399676322937,0.012015334330499172,0.46708250045776367,0.522434413433075,0.01048305444419384,0.39629800120989483,0.5954269568125407,0.008275006664916873,1,glioma,True
938,"[[77]
 [82]
 [48]
 [52]
 [56]
 [50]
 [57]
 [52]]",0,1,glioma,True,0.4518381953239441,0.5434574484825134,0.0047043669037520885,0.15239033102989197,0.8276532292366028,0.019956478849053383,0.5333243012428284,0.4542595446109772,0.012416165322065353,0.3791842758655548,0.6084567407766978,0.012359003691623608,1,glioma,True
939,"[[77]
 [82]
 [48]
 [52]
 [56]
 [50]
 [57]
 [52]]",0,1,glioma,True,0.39099013805389404,0.6024354696273804,0.006574416998773813,0.07243453711271286,0.9148879647254944,0.01267750933766365,0.12337317317724228,0.8752650618553162,0.0013617625227198005,0.19559928278128305,0.7975294987360636,0.006871229619719088,1,glioma,True
940,"[[77]
 [82]
 [48]
 [52]
 [56]
 [50]
 [57]
 [52]]",0,1,glioma,True,0.43020766973495483,0.5649529099464417,0.004839438945055008,0.10809378325939178,0.8787281513214111,0.013178081251680851,0.20703651010990143,0.7920111417770386,0.0009524080087430775,0.24844598770141602,0.7452307343482971,0.006323309401826312,1,glioma,True
941,"[[77]
 [82]
 [48]
 [52]
 [56]
 [50]
 [57]
 [52]]",0,1,glioma,True,0.416657954454422,0.5780549645423889,0.005287105683237314,0.09563110023736954,0.8898804783821106,0.014488319866359234,0.14796754717826843,0.8507991433143616,0.001233269227668643,0.22008553395668665,0.772911528746287,0.007002898259088397,1,glioma,True
942,"[[77]
 [82]
 [48]
 [52]
 [56]
 [50]
 [57]
 [52]]",0,1,glioma,True,0.4007608890533447,0.5946587920188904,0.004580312874168158,0.07275208085775375,0.9167980551719666,0.010449837893247604,0.11841944605112076,0.8781321048736572,0.0034484188072383404,0.19731080532073975,0.7965296506881714,0.006159523191551368,1,glioma,True
943,"[[77]
 [82]
 [48]
 [52]
 [56]
 [50]
 [57]
 [52]]",0,1,glioma,True,0.4207793176174164,0.5770671963691711,0.0021534592378884554,0.08432325720787048,0.9091058373451233,0.00657095480710268,0.17958787083625793,0.818789005279541,0.0016231302870437503,0.22823014855384827,0.7683206796646118,0.0034491814440116286,1,glioma,True
944,"[[77]
 [82]
 [48]
 [52]
 [56]
 [50]
 [57]
 [55]]",4,1,glioma,True,9.96256410701335e-10,1.0,2.4879098781127595e-09,2.7389264901228616e-12,1.0,1.0661261803934785e-11,4.440689281182131e-06,0.999987006187439,8.627469469502103e-06,1.4805627588397742e-06,0.9999956687291464,2.87665601354734e-06,1,glioma,True
945,"[[57]
 [55]
 [56]
 [55]
 [53]]",3,0,meningioma,True,0.9961796998977661,0.0020490798633545637,0.0017712317639961839,0.8340139985084534,0.16328050196170807,0.00270552234724164,0.9938819408416748,0.005625640973448753,0.0004923807573504746,0.9413585464159647,0.056985074266170464,0.0016563782895294328,0,meningioma,True
946,"[[77]
 [82]
 [48]
 [52]
 [56]
 [50]
 [57]
 [55]]",4,1,glioma,True,1.5644799233882623e-08,1.0,9.370184628210154e-09,5.944171804078691e-12,1.0,1.0267592331913988e-11,2.819346036631032e-06,0.9999936819076538,3.463468829068006e-06,9.449989266789062e-07,0.9999978939692179,1.1576164270961826e-06,1,glioma,True
947,"[[77]
 [82]
 [48]
 [52]
 [56]
 [50]
 [57]
 [55]]",4,1,glioma,True,2.015555899959054e-08,1.0,3.8097724974761604e-09,1.207220712284851e-10,1.0,8.724735343912382e-12,1.1301373206151766e-06,0.9999971389770508,1.8225848634756403e-06,3.834712005619985e-07,0.9999990463256836,6.088011202361535e-07,1,glioma,True
948,"[[77]
 [82]
 [48]
 [52]
 [56]
 [50]
 [57]
 [55]]",4,1,glioma,True,8.237643669417594e-07,0.9999990463256836,7.269733259818167e-08,4.956966434543908e-11,1.0,3.698354816839e-11,1.7046386346919462e-07,0.9999990463256836,8.782860732026165e-07,3.314259333584331e-07,0.9999993642171224,3.170067964496555e-07,1,glioma,True
949,"[[77]
 [82]
 [48]
 [52]
 [56]
 [50]
 [57]
 [52]
 [66]]",4,1,glioma,True,4.238650217303075e-05,0.9999191761016846,3.8412694266298786e-05,2.170493229591841e-10,1.0,1.43596978752214e-09,0.0008529829792678356,0.9896753430366516,0.009471661411225796,0.00029845656616339644,0.9965315063794454,0.003170025180487294,1,glioma,True
950,"[[77]
 [82]
 [48]
 [52]
 [56]
 [54]
 [50]
 [49]
 [66]]",0,1,glioma,True,0.4872536063194275,0.5111026763916016,0.0016436976147815585,0.22730937600135803,0.7635614275932312,0.009129242971539497,0.5042366981506348,0.4696166217327118,0.02614668570458889,0.4062665601571401,0.5814269085725149,0.012306542096969983,1,glioma,True
951,"[[77]
 [82]
 [48]
 [52]
 [56]
 [54]
 [50]
 [49]
 [66]]",0,1,glioma,True,0.4654308557510376,0.530794620513916,0.0037745265290141106,0.1793685257434845,0.8027649521827698,0.017866572365164757,0.5490900278091431,0.43916356563568115,0.011746359057724476,0.39796313643455505,0.5909077127774557,0.011129152650634447,1,glioma,True
952,"[[77]
 [82]
 [48]
 [52]
 [56]
 [54]
 [50]
 [49]
 [66]]",0,1,glioma,True,0.4803648591041565,0.5135321617126465,0.006102967541664839,0.20095311105251312,0.7644892334938049,0.03455766290426254,0.6869195699691772,0.28838425874710083,0.02469623275101185,0.456079180041949,0.5221352179845175,0.02178562106564641,1,glioma,True
953,"[[77]
 [82]
 [48]
 [52]
 [56]
 [54]
 [50]
 [49]
 [66]]",0,1,glioma,True,0.4409468173980713,0.5487536787986755,0.010299460031092167,0.1256466805934906,0.8344183564186096,0.03993501514196396,0.5051511526107788,0.4604296088218689,0.034419283270835876,0.3572482168674469,0.6145338813463846,0.028217919481297333,1,glioma,True
954,"[[77]
 [82]
 [48]
 [52]
 [56]
 [54]
 [50]
 [49]
 [66]]",0,1,glioma,True,0.4367389380931854,0.5523638129234314,0.010897282510995865,0.12986145913600922,0.8279852867126465,0.042153213173151016,0.578563392162323,0.3948732018470764,0.02656341716647148,0.38172126313050586,0.5917407671610514,0.02653797095020612,1,glioma,True
955,"[[77]
 [82]
 [48]
 [52]
 [56]
 [54]
 [50]
 [49]
 [66]]",0,1,glioma,True,0.45739153027534485,0.5350849032402039,0.007523544132709503,0.1700412780046463,0.7924486398696899,0.03751002624630928,0.6504420638084412,0.3302721381187439,0.01928585022687912,0.4259582906961441,0.5526018937428793,0.021439806868632633,1,glioma,True
956,"[[57]
 [55]
 [56]
 [55]
 [53]]",3,0,meningioma,True,0.9012326598167419,0.0984228178858757,0.0003445531474426389,0.6501180529594421,0.3490844964981079,0.0007973742322064936,0.9843090176582336,0.015543323010206223,0.00014778367767576128,0.8452199101448059,0.15435021246472994,0.00042990368577496457,0,meningioma,True
957,"[[77]
 [82]
 [48]
 [52]
 [56]
 [54]
 [50]
 [49]
 [66]]",0,1,glioma,True,0.4402485191822052,0.5546301007270813,0.005121390335261822,0.1454015076160431,0.8293552398681641,0.025243323296308517,0.641589343547821,0.3412740230560303,0.01713666133582592,0.40907979011535645,0.5750864545504252,0.015833791655798752,1,glioma,True
958,"[[77]
 [82]
 [48]
 [52]
 [56]
 [54]
 [50]
 [49]
 [66]]",0,1,glioma,True,0.4518114924430847,0.5460603833198547,0.0021280955988913774,0.18317356705665588,0.804008960723877,0.01281745359301567,0.6992989182472229,0.29245197772979736,0.008249063976109028,0.4447613259156545,0.547507107257843,0.007731537722672026,1,glioma,True
959,"[[77]
 [82]
 [48]
 [52]
 [56]
 [57]
 [52]
 [52]]",4,1,glioma,True,0.07847730070352554,0.920776903629303,0.0007458100444637239,6.090265742386691e-06,0.9999892711639404,4.6152104005159345e-06,0.34973326325416565,0.5669905543327332,0.08327615261077881,0.14273888474114452,0.8292522430419922,0.028008859288547683,1,glioma,True
960,"[[77]
 [82]
 [48]
 [52]
 [56]
 [57]
 [52]
 [52]]",4,1,glioma,True,0.035428550094366074,0.9637026786804199,0.0008687131339684129,4.000620208444161e-07,0.9999992847442627,3.1151066082202306e-07,0.1797255128622055,0.7634881734848022,0.05678623169660568,0.07171815433953081,0.9090633789698283,0.01921841878041164,1,glioma,True
961,"[[77]
 [82]
 [48]
 [52]
 [56]
 [57]
 [52]
 [52]]",4,1,glioma,True,0.06340762227773666,0.935971200466156,0.0006211569416336715,2.8733698854921386e-05,0.9998716115951538,9.966669313143939e-05,0.14782212674617767,0.7690824866294861,0.08309538662433624,0.07041949424092309,0.9016417662302653,0.027938736753033783,1,glioma,True
962,"[[77]
 [82]
 [48]
 [52]
 [56]
 [57]
 [52]
 [52]]",4,1,glioma,True,0.16158917546272278,0.8382771015167236,0.00013373685942497104,0.00014924665447324514,0.9998469352722168,3.799739943133318e-06,0.09888842701911926,0.879411518573761,0.021699968725442886,0.08687561637877177,0.9058451851209005,0.007279168441603663,1,glioma,True
963,"[[77]
 [82]
 [48]
 [52]
 [56]
 [57]
 [52]
 [52]]",4,1,glioma,True,0.2353983223438263,0.7645556330680847,4.604433343047276e-05,4.674436422646977e-05,0.999951958656311,1.3044704019193887e-06,0.14382247626781464,0.8348880410194397,0.021289480850100517,0.12642251432528914,0.8664652109146118,0.00711227655131097,1,glioma,True
964,"[[77]
 [82]
 [48]
 [52]
 [56]
 [57]
 [52]
 [52]]",4,1,glioma,True,0.12660479545593262,0.873383104801178,1.204850741487462e-05,0.0005297205061651766,0.9994701743125916,8.117287109143945e-08,0.04937918856739998,0.9431291222572327,0.0074917906895279884,0.05883790150983259,0.9386608004570007,0.002501306789937985,1,glioma,True
965,"[[77]
 [82]
 [48]
 [52]
 [56]
 [57]
 [52]
 [52]]",4,1,glioma,True,0.21750669181346893,0.7824907302856445,2.5937906684703194e-06,0.0004675597883760929,0.9995324611663818,3.7767358129769946e-09,0.06633410602807999,0.9327950477600098,0.0008709132089279592,0.09476945254330833,0.9049394130706787,0.00029117025877741415,1,glioma,True
966,"[[77]
 [82]
 [48]
 [52]
 [56]
 [57]
 [52]
 [52]]",4,1,glioma,True,0.785569429397583,0.21443046629428864,7.0360542281378e-08,0.0036233586724847555,0.9963766932487488,1.0401794985244461e-13,0.30270519852638245,0.697289764881134,4.971833277522819e-06,0.3639659955321501,0.6360323081413904,1.6807313079407157e-06,1,glioma,True
967,"[[57]
 [55]
 [57]
 [52]
 [51]]",1,0,meningioma,True,0.9900779724121094,0.009922065772116184,2.8437776578016383e-08,0.9195166826248169,0.08047637343406677,6.9235834416758735e-06,0.9012635946273804,0.09866663813591003,6.986083462834358e-05,0.9369527498881022,0.06302169244736433,2.5604285282199157e-05,0,meningioma,True
968,"[[77]
 [82]
 [48]
 [52]
 [56]
 [57]
 [57]
 [52]]",1,1,glioma,True,2.535099952183373e-07,0.9999997615814209,5.092053081273695e-12,0.00028148683486506343,0.9997069239616394,1.16076844278723e-05,0.03588251397013664,0.9641072154045105,1.0304238458047621e-05,0.012054751438332309,0.9879379669825236,7.303975992657668e-06,1,glioma,True
969,"[[77]
 [82]
 [48]
 [52]
 [56]
 [57]
 [57]
 [52]]",1,1,glioma,True,2.4490509531460702e-06,0.9999974966049194,2.4785644456987166e-12,0.0017002472886815667,0.9982788562774658,2.0958210370736197e-05,0.024670954793691635,0.9753026366233826,2.634028896864038e-05,0.008791217044442115,0.9911929965019226,1.576616727264701e-05,1,glioma,True
970,"[[77]
 [82]
 [48]
 [52]
 [56]
 [57]
 [57]
 [52]]",1,1,glioma,True,2.4939699869719334e-06,0.9999974966049194,2.215652661341494e-11,0.008835169486701488,0.991131603717804,3.318658855278045e-05,0.05859200656414032,0.9412193298339844,0.00018857166287489235,0.022476556673609593,0.9774494767189026,7.391942452806648e-05,1,glioma,True
971,"[[77]
 [82]
 [48]
 [52]
 [56]
 [57]
 [57]
 [52]]",1,1,glioma,True,7.923553653199633e-07,0.9999991655349731,6.807365543655408e-13,0.011264536529779434,0.9887202382087708,1.5152916603256017e-05,0.03392787650227547,0.9660013318061829,7.084894605213776e-05,0.01506440179580674,0.9849069118499756,2.866728777871011e-05,1,glioma,True
972,"[[77]
 [82]
 [48]
 [52]
 [56]
 [57]
 [57]
 [52]]",1,1,glioma,True,2.6056438855448505e-06,0.9999973773956299,2.9186091443764075e-15,0.1508815735578537,0.8491166830062866,1.718371777315042e-06,0.4181395471096039,0.5817232131958008,0.00013723182200919837,0.18967457543711438,0.8102790911992391,4.631673126314401e-05,1,glioma,True
973,"[[77]
 [82]
 [48]
 [52]
 [56]
 [57]
 [57]
 [52]]",1,1,glioma,True,9.9537632195279e-05,0.9999004602432251,3.4430915217997966e-15,0.37421363592147827,0.6257861852645874,2.300231187746249e-07,0.6691266298294067,0.33077746629714966,9.592713468009606e-05,0.3478132677943601,0.6521547039349874,3.205238593410459e-05,1,glioma,True
974,"[[77]
 [82]
 [48]
 [52]
 [56]
 [57]
 [57]
 [52]]",1,1,glioma,True,4.9516718718223274e-05,0.9999505281448364,3.3409212896184926e-13,0.025064617395401,0.9749341011047363,1.3148579682820127e-06,0.020762167870998383,0.979213297367096,2.446159123792313e-05,0.015292100661705868,0.9846993088722229,8.592149846765757e-06,1,glioma,True
975,"[[77]
 [82]
 [48]
 [52]
 [56]
 [57]
 [57]
 [52]]",1,1,glioma,True,0.2632160186767578,0.7367839813232422,2.9651218807971787e-17,0.875251293182373,0.12474875152111053,1.2097317071690927e-11,0.8848814368247986,0.11511818319559097,2.661810469817283e-07,0.6744495828946432,0.3255503053466479,8.873104810948374e-08,0,meningioma,False
976,"[[77]
 [82]
 [48]
 [52]
 [56]
 [57]
 [57]
 [52]]",1,1,glioma,True,0.15635128319263458,0.8436486721038818,4.37301229467978e-27,0.9156464338302612,0.08435353636741638,3.434987957593415e-14,0.7601271867752075,0.2398727983236313,4.49331761034899e-12,0.6107083012660345,0.3892916689316432,1.5092224966416428e-12,0,meningioma,False
977,"[[77]
 [82]
 [48]
 [52]
 [57]
 [49]
 [48]
 [52]]",3,1,glioma,True,0.001180400955490768,0.9985336065292358,0.00028606568230316043,1.0686725545383524e-05,0.999955415725708,3.391104473848827e-05,2.414363007119391e-05,0.9999444484710693,3.139657201245427e-05,0.0004050771037024485,0.9994778235753378,0.00011712443301803432,1,glioma,True
978,"[[57]
 [55]
 [57]
 [52]
 [51]]",1,0,meningioma,True,0.8139857053756714,0.1859927922487259,2.1473610104294494e-05,0.7792719602584839,0.17333096265792847,0.04739709571003914,0.3471449613571167,0.6523042321205139,0.0005508133326657116,0.6468008756637573,0.3372093290090561,0.01598979421760305,0,meningioma,True
979,"[[77]
 [82]
 [48]
 [52]
 [57]
 [49]
 [48]
 [52]]",3,1,glioma,True,0.0009351512417197227,0.9988507032394409,0.00021407844906207174,9.539607708575204e-05,0.9998348951339722,6.968239176785573e-05,1.2856278885919892e-07,0.9999995231628418,3.8763369047956076e-07,0.0003435586271981113,0.9995617071787516,9.471615817346901e-05,1,glioma,True
980,"[[77]
 [82]
 [48]
 [52]
 [57]
 [49]
 [52]
 [50]]",2,1,glioma,True,0.0010547427227720618,0.9989451766014099,7.611500052462361e-08,0.10165942460298538,0.8983339071273804,6.592498266400071e-06,0.7387208938598633,0.2612791061401367,2.4295820910680277e-10,0.28047835372854024,0.7195193966229757,2.2229520750446006e-06,1,glioma,True
981,"[[77]
 [82]
 [48]
 [52]
 [57]
 [49]
 [52]
 [50]]",2,1,glioma,True,0.0016059069894254208,0.9983940720558167,5.821025439445293e-09,0.05205833166837692,0.9479410648345947,7.183596721915819e-07,0.5355702638626099,0.46442970633506775,2.9824306913006637e-10,0.1964115008401374,0.8035882810751597,2.414929802333858e-07,1,glioma,True
982,"[[77]
 [82]
 [48]
 [52]
 [57]
 [49]
 [52]
 [50]]",2,1,glioma,True,0.0005443118279799819,0.9994556307792664,4.834559974575825e-10,0.011059635318815708,0.9889402985572815,7.70522703419374e-08,0.34238383173942566,0.657616138458252,6.666986962500232e-10,0.11799592629540712,0.8820040225982666,2.606747501188167e-08,1,glioma,True
983,"[[77]
 [82]
 [48]
 [52]
 [57]
 [49]
 [52]
 [50]]",2,1,glioma,True,0.001178664155304432,0.9988213181495667,2.2795845072698384e-11,0.014217158779501915,0.9857828617095947,2.3288744266380945e-09,0.025816181674599648,0.9741837978363037,5.372837591499646e-12,0.013737334869801998,0.9862626592318217,7.856810364340975e-10,1,glioma,True
984,"[[77]
 [82]
 [48]
 [52]
 [56]
 [57]
 [57]
 [52]
 [66]]",3,1,glioma,True,0.0001137089348048903,0.9998574256896973,2.8874923373223282e-05,3.0034616429475136e-05,0.9999526739120483,1.7331321942037903e-05,2.401129961526749e-07,0.9999997615814209,5.918735723753343e-09,4.7994554743506036e-05,0.9999366203943888,1.5404054683661645e-05,1,glioma,True
985,"[[77]
 [82]
 [48]
 [52]
 [56]
 [57]
 [57]
 [52]
 [66]]",3,1,glioma,True,0.0014450628077611327,0.9983955025672913,0.0001593983470229432,0.00025899874162860215,0.9997153878211975,2.559428321546875e-05,1.5814153812243603e-05,0.9999841451644897,3.077384036487274e-08,0.0005732919010673262,0.9993650118509928,6.167446802625894e-05,1,glioma,True
986,"[[77]
 [82]
 [48]
 [52]
 [56]
 [57]
 [57]
 [52]
 [66]]",3,1,glioma,True,0.00024943682365119457,0.999693751335144,5.6863344070734456e-05,5.7148874475387856e-05,0.9999369382858276,5.9689223235182e-06,4.917920159641653e-05,0.9999507665634155,5.3861679560895936e-08,0.00011858829990766633,0.9998604853947958,2.0962042691271183e-05,1,glioma,True
987,"[[77]
 [82]
 [48]
 [52]
 [56]
 [57]
 [57]
 [52]
 [66]]",3,1,glioma,True,0.0070998938754200935,0.9928003549575806,9.982268966268748e-05,0.0009626320097595453,0.999031662940979,5.682565642928239e-06,0.01691068522632122,0.9830877184867859,1.5791182477187249e-06,0.00832440370383362,0.9916399121284485,3.569479118444482e-05,1,glioma,True
988,"[[77]
 [82]
 [48]
 [52]
 [56]
 [57]
 [57]
 [52]
 [66]]",3,1,glioma,True,0.007502661552280188,0.9924873113632202,1.0073270459542982e-05,0.0013104942627251148,0.9986892342567444,2.398367655587208e-07,0.08807956427335739,0.9119183421134949,2.016765847656643e-06,0.03229757336278757,0.9676982959111532,4.109957690919448e-06,1,glioma,True
989,"[[57]
 [55]
 [57]
 [52]
 [51]]",1,0,meningioma,True,0.3230043649673462,0.6769945621490479,1.0420111493658624e-06,0.2721420228481293,0.727366030216217,0.0004919145721942186,0.14380231499671936,0.8548887968063354,0.0013089542044326663,0.2463162342707316,0.7530831297238668,0.0006006369292587502,1,glioma,False
990,"[[77]
 [82]
 [48]
 [52]
 [56]
 [57]
 [57]
 [52]
 [66]]",3,1,glioma,True,0.0006012213416397572,0.999397873878479,9.400200156051142e-07,0.002306666225194931,0.9976932406425476,6.895771775816684e-08,0.011081499047577381,0.9889184832572937,1.0787170268145019e-08,0.00466312887147069,0.9953365325927734,3.399216345438087e-07,1,glioma,True
991,"[[77]
 [82]
 [48]
 [52]
 [56]
 [57]
 [57]
 [52]
 [66]]",3,1,glioma,True,0.00030624278588220477,0.999693751335144,4.21907451197967e-08,0.0005936925881542265,0.9994063377380371,3.2716368281171526e-08,0.00029650895157828927,0.9997034668922424,6.40525543715853e-09,0.0003988147752049069,0.9996011853218079,2.7104122946042253e-08,1,glioma,True
992,"[[77]
 [82]
 [48]
 [52]
 [56]
 [57]
 [57]
 [52]
 [66]]",3,1,glioma,True,0.04123625531792641,0.9587634801864624,1.8636438881003414e-07,0.12006930261850357,0.8799306750297546,4.011939225279093e-08,0.0010599818779155612,0.9989400506019592,2.9480948932070206e-12,0.054121846604781844,0.9458780686060587,7.54955763859061e-08,1,glioma,True
993,"[[77]
 [82]
 [48]
 [52]
 [56]
 [57]
 [52]
 [52]
 [66]]",1,1,glioma,True,7.072152759246553e-12,1.0,8.780540738939635e-09,2.3695821482760948e-07,0.9999852180480957,1.450529907742748e-05,1.8208706023870036e-05,0.999948263168335,3.352352723595686e-05,6.148557103616802e-06,0.9999778270721436,1.6012535618041095e-05,1,glioma,True
994,"[[77]
 [82]
 [48]
 [52]
 [56]
 [57]
 [52]
 [52]
 [66]]",1,1,glioma,True,1.3025557021872913e-10,0.9999995231628418,4.3831170160046895e-07,9.782230563359917e-07,0.9999581575393677,4.083113162778318e-05,0.0005547680775634944,0.9930819869041443,0.006363253574818373,0.0001852488102918002,0.9976798892021179,0.002134841006049252,1,glioma,True
995,"[[77]
 [82]
 [48]
 [52]
 [56]
 [57]
 [52]
 [52]
 [66]]",1,1,glioma,True,4.367949202332966e-08,0.9999819993972778,1.7942267731996253e-05,0.00010934003512375057,0.9966620206832886,0.003228694899007678,0.00015665568935219198,0.9926126003265381,0.00723074097186327,8.86798013226553e-05,0.9964188734690348,0.003492459379534315,1,glioma,True
996,"[[77]
 [82]
 [48]
 [52]
 [56]
 [57]
 [52]
 [52]
 [66]]",1,1,glioma,True,1.2094714918475802e-07,0.9999996423721313,2.205767657414981e-07,0.00048470936599187553,0.9947900772094727,0.0047253151424229145,0.0005003121914342046,0.9991897940635681,0.0003099505847785622,0.0003283808348584216,0.9979931712150574,0.0016784954346557395,1,glioma,True
997,"[[77]
 [82]
 [48]
 [52]
 [56]
 [57]
 [52]
 [52]
 [66]]",1,1,glioma,True,5.733836161425643e-08,0.9999974966049194,2.471408379278728e-06,0.0020185315515846014,0.9537182450294495,0.044263310730457306,0.0017101835692301393,0.996752917766571,0.001536811119876802,0.001242924153058785,0.9834895531336466,0.015267531086237796,1,glioma,True
998,"[[77]
 [82]
 [48]
 [52]
 [56]
 [57]
 [52]
 [52]
 [66]]",1,1,glioma,True,1.710747710603755e-06,0.9999958276748657,2.4633238808746682e-06,0.0024593796115368605,0.9581813812255859,0.03935924172401428,0.002090985653921962,0.9972063899040222,0.0007025439408607781,0.0015173586710564753,0.985127866268158,0.013354749662918644,1,glioma,True
999,"[[77]
 [82]
 [48]
 [52]
 [57]
 [51]
 [53]
 [56]]",2,1,glioma,True,0.008810142986476421,0.9911898374557495,5.066084440841223e-09,0.03154734894633293,0.9684522151947021,5.044432782597141e-07,0.08064815402030945,0.9193516969680786,5.5481010008406884e-08,0.040335215317706265,0.9596645832061768,1.8833012423632076e-07,1,glioma,True
1000,"[[49]
 [48]
 [49]
 [49]
 [50]
 [55]]",1,0,meningioma,True,0.7038701772689819,0.29612967371940613,1.808886480603178e-07,0.5513355135917664,0.44573232531547546,0.002932194620370865,0.015572292730212212,0.9843452572822571,8.254488784587011e-05,0.42359266119698685,0.5754024187723795,0.0010049734656215985,1,glioma,False
1001,"[[57]
 [55]
 [57]
 [52]
 [51]]",1,0,meningioma,True,0.2430543601512909,0.7569456696510315,3.9414937980097875e-09,0.13980408012866974,0.8601837158203125,1.225242067448562e-05,0.10006971657276154,0.899753987789154,0.00017636733537074178,0.16097605228424072,0.838961124420166,6.287456584634181e-05,1,glioma,False
1002,"[[77]
 [82]
 [48]
 [52]
 [57]
 [51]
 [53]
 [56]]",2,1,glioma,True,0.0009401324205100536,0.9990598559379578,1.4496555067466943e-08,0.0026719756424427032,0.9973276853561401,3.1993479865377594e-07,0.014261353760957718,0.9857386350631714,6.096397831001354e-10,0.0059578206079701585,0.9940420587857565,1.1168033116811434e-07,1,glioma,True
1003,"[[77]
 [82]
 [48]
 [52]
 [57]
 [51]
 [53]
 [56]]",2,1,glioma,True,2.858573861885816e-05,0.9999713897705078,7.756755238119695e-09,0.002713595749810338,0.9972780346870422,8.457876901957206e-06,0.0030842565465718508,0.9969156980514526,4.813491383259816e-09,0.0019421460116670157,0.9980550408363342,2.8234823828595288e-06,1,glioma,True
1004,"[[77]
 [82]
 [48]
 [52]
 [57]
 [51]
 [53]
 [56]]",2,1,glioma,True,7.343737706833053e-06,0.9999926090240479,3.9891464354013806e-08,0.0057272580452263355,0.9941825270652771,9.022089943755418e-05,0.006901200395077467,0.9930984377861023,3.197170315161202e-07,0.004211934059336879,0.9957578579584757,3.0193502644474773e-05,1,glioma,True
1005,"[[77]
 [82]
 [48]
 [52]
 [57]
 [51]
 [53]
 [56]]",2,1,glioma,True,1.0697810921556083e-06,0.999998927116394,1.7956409692487796e-08,0.0034828344359993935,0.9965051412582397,1.2021709153486881e-05,0.00030082277953624725,0.9996992349624634,9.027773195668942e-09,0.0012615756655425987,0.9987344344456991,4.016231112125013e-06,1,glioma,True
1006,"[[77]
 [82]
 [48]
 [52]
 [57]
 [51]
 [53]
 [56]]",2,1,glioma,True,4.150505219513434e-07,0.9999996423721313,5.876876763011296e-09,0.002551375888288021,0.9974428415298462,5.819704711029772e-06,0.00015284717665053904,0.9998471736907959,1.0945470085843567e-09,0.0009015460384868371,0.9990965525309244,1.9422253782671226e-06,1,glioma,True
1007,"[[77]
 [82]
 [48]
 [52]
 [57]
 [51]
 [53]
 [56]]",2,1,glioma,True,6.174195732455701e-06,0.9999938011169434,4.126337316279205e-08,0.010334117338061333,0.989662766456604,3.206234623576165e-06,0.00011294008436379954,0.9998869895935059,2.7604240074308173e-11,0.0034844105393858626,0.9965145190556844,1.0825085336596772e-06,1,glioma,True
1008,"[[77]
 [82]
 [48]
 [52]
 [57]
 [51]
 [53]
 [56]]",2,1,glioma,True,1.040123720486008e-06,0.999998927116394,4.6248800344983465e-09,0.00452433293685317,0.9954720735549927,3.7264230741129722e-06,0.0016567135462537408,0.9983432292938232,1.1002224131750893e-10,0.0020606955356091325,0.99793807665507,1.2437193254629293e-06,1,glioma,True
1009,"[[77]
 [82]
 [48]
 [52]
 [57]
 [51]
 [53]
 [56]]",2,1,glioma,True,5.937429818914097e-07,0.9999994039535522,1.0849920961675252e-08,0.00366246048361063,0.9963284134864807,9.18357545742765e-06,0.0002057687088381499,0.9997943043708801,5.886050674641652e-11,0.0012896076451435572,0.9987073739369711,3.064828079632024e-06,1,glioma,True
1010,"[[77]
 [82]
 [48]
 [52]
 [57]
 [51]
 [53]
 [56]]",2,1,glioma,True,1.4094254765950609e-05,0.999985933303833,3.7612874592696244e-08,0.015034059062600136,0.9849539995193481,1.2019970199617092e-05,0.00032592457137070596,0.9996740818023682,1.7397836643562314e-11,0.005124692629578931,0.9948713382085165,4.019200157348811e-06,1,glioma,True
1011,"[[77]
 [82]
 [48]
 [52]
 [57]
 [49]
 [48]
 [52]
 [66]]",4,1,glioma,True,7.241821731440723e-05,0.999679446220398,0.00024814324569888413,9.0088760771323e-06,0.9999884366989136,2.5236629426217405e-06,0.176265150308609,0.6859261989593506,0.13780860602855682,0.058782192467333516,0.8951980272928873,0.046019757645732774,1,glioma,True
1012,"[[57]
 [55]
 [57]
 [52]
 [51]]",1,0,meningioma,True,0.2624839246273041,0.7375158071517944,2.5561908501003927e-07,0.020829949527978897,0.9791345596313477,3.543664570315741e-05,0.06077197194099426,0.9386434555053711,0.00058455002726987,0.11469528203209241,0.8850979407628378,0.0002067474306860125,1,glioma,False
1013,"[[77]
 [82]
 [48]
 [52]
 [57]
 [49]
 [48]
 [52]
 [66]]",4,1,glioma,True,3.4118659186788136e-06,0.9999645948410034,3.199009006493725e-05,2.1899360547195101e-07,0.999997615814209,2.1234307041595457e-06,0.016724975779652596,0.9217911958694458,0.06148378178477287,0.005576202213058916,0.9739178021748861,0.020505965101847323,1,glioma,True
1014,"[[77]
 [82]
 [48]
 [52]
 [57]
 [49]
 [48]
 [52]
 [66]]",4,1,glioma,True,9.421119671060296e-07,0.9999927282333374,6.330034466373036e-06,2.9017467682163067e-12,1.0,8.089595104898706e-10,0.0002687811793293804,0.9958771467208862,0.0038539955858141184,8.990776473274439e-05,0.9986232916514078,0.001286775476413334,1,glioma,True
1015,"[[77]
 [82]
 [48]
 [52]
 [57]
 [49]
 [48]
 [52]
 [66]]",4,1,glioma,True,1.1071493645431474e-05,0.9999043941497803,8.452372276224196e-05,1.1559091461776916e-09,1.0,3.4278615501648346e-09,0.0010714578675106168,0.989693820476532,0.009234725497663021,0.0003608435056883981,0.9965327382087708,0.003106417549428938,1,glioma,True
1016,"[[77]
 [82]
 [48]
 [52]
 [57]
 [49]
 [48]
 [52]
 [66]]",4,1,glioma,True,3.08137657611951e-07,0.999997615814209,1.968785909411963e-06,7.775080926308853e-12,1.0,1.9339631285308911e-10,0.00025654700584709644,0.9957568049430847,0.003986682742834091,8.561838375992978e-05,0.9985848069190979,0.0013295505740466053,1,glioma,True
1017,"[[77]
 [82]
 [48]
 [52]
 [57]
 [52]
 [53]
 [51]]",1,1,glioma,True,1.3561035602023975e-14,1.0,1.6900802589023267e-12,4.9501423404763045e-08,0.9999998807907104,9.223140295944177e-08,6.5945787355303764e-06,0.999992847442627,5.868979542356101e-07,2.2146933908320584e-06,0.9999975760777792,2.2637701575843692e-07,1,glioma,True
1018,"[[77]
 [82]
 [48]
 [52]
 [57]
 [52]
 [53]
 [51]]",1,1,glioma,True,5.077191718807529e-14,1.0,1.0177574352677934e-14,1.5261096564245236e-07,0.9999997615814209,9.414993229484026e-08,7.74535055825254e-06,0.9999918937683105,3.4305944041079783e-07,2.632653858222303e-06,0.9999972184499105,1.4573646096107082e-07,1,glioma,True
1019,"[[77]
 [82]
 [48]
 [52]
 [57]
 [52]
 [53]
 [51]]",1,1,glioma,True,1.3420375921668892e-12,1.0,5.277523752213187e-13,1.824950324191832e-08,1.0,2.5366178491026403e-08,5.813471943838522e-06,0.9999938011169434,2.990460359342251e-07,1.9439075963726773e-06,0.9999979337056478,1.0813758072587556e-07,1,glioma,True
1020,"[[77]
 [82]
 [48]
 [52]
 [57]
 [52]
 [53]
 [51]]",1,1,glioma,True,1.4564771264047316e-11,1.0,7.172687443990355e-10,1.0036819730885327e-06,0.9999942779541016,4.7446742428292055e-06,2.6199708372587338e-05,0.999966025352478,7.725055183982477e-06,9.067801636815712e-06,0.9999867677688599,4.156815565185361e-06,1,glioma,True
1021,"[[77]
 [82]
 [48]
 [52]
 [57]
 [52]
 [53]
 [51]]",1,1,glioma,True,1.5109137552204999e-10,1.0,4.6383149765460985e-08,7.118653684301535e-07,0.9999974966049194,1.7494584199084784e-06,6.733956979587674e-06,0.9999918937683105,1.474060468353855e-06,2.4819911464644497e-06,0.9999964634577433,1.0899673460092647e-06,1,glioma,True
1022,"[[77]
 [82]
 [48]
 [52]
 [57]
 [52]
 [53]
 [51]]",1,1,glioma,True,2.927153797127602e-10,1.0,1.7228727125506715e-11,4.283510133973323e-05,0.9999308586120605,2.639865124365315e-05,0.00011351231660228223,0.9998778104782104,8.689768947078846e-06,5.211590355246506e-05,0.9999362230300903,1.1696145806486374e-05,1,glioma,True
1023,"[[57]
 [56]
 [50]
 [52]
 [49]]",1,0,meningioma,True,0.2962670624256134,0.7037329077720642,5.874854025478271e-08,0.2655978798866272,0.7339177131652832,0.00048438753583468497,0.5247175693511963,0.47398751974105835,0.0012949267402291298,0.36219417055447894,0.6372127135594686,0.0005931243415346898,1,glioma,False
1024,"[[77]
 [82]
 [48]
 [52]
 [57]
 [52]
 [53]
 [51]]",1,1,glioma,True,2.6890933056689104e-12,1.0,2.962566303388314e-11,5.804643478768412e-06,0.9999561309814453,3.808385008596815e-05,2.2306228856905364e-05,0.9999629259109497,1.47269211083767e-05,9.37029167492236e-06,0.9999730189641317,1.7603600273335962e-05,1,glioma,True
1025,"[[77]
 [82]
 [48]
 [50]
 [52]
 [55]
 [56]
 [48]
 [71]]",4,1,glioma,True,0.004544224124401808,0.8288059830665588,0.16664975881576538,2.3788757061993238e-06,0.9998250603675842,0.00017259945161640644,0.0559825673699379,0.5897547602653503,0.35426265001296997,0.020176390123348636,0.8061286012331644,0.17369500276011726,1,glioma,True
1026,"[[77]
 [82]
 [48]
 [50]
 [52]
 [55]
 [56]
 [48]
 [71]]",4,1,glioma,True,0.0001855248847277835,0.9882345199584961,0.01157997827976942,8.844704524335611e-09,0.9999948740005493,5.136530035088072e-06,0.0005871133180335164,0.9568129777908325,0.04259994998574257,0.0002575490158219414,0.9816807905832926,0.018061688265182358,1,glioma,True
1027,"[[77]
 [82]
 [48]
 [50]
 [52]
 [55]
 [56]
 [48]
 [71]]",4,1,glioma,True,4.428864386341047e-09,1.0,2.5753932320071726e-09,2.6064345126641797e-11,1.0,2.074609060931376e-11,1.7439162547816522e-05,0.9999759197235107,6.718300483044004e-06,5.81453915884933e-06,0.9999919732411703,2.240298874122207e-06,1,glioma,True
1028,"[[77]
 [82]
 [48]
 [50]
 [52]
 [55]
 [56]
 [48]
 [71]]",4,1,glioma,True,3.2523232107450895e-07,0.9999994039535522,2.2844139380140405e-07,2.3197708944738826e-12,1.0,2.162965336352518e-12,5.635163233819185e-06,0.9999842643737793,1.0146804925170727e-05,1.9867992915548627e-06,0.9999945561091105,3.4584161606458223e-06,1,glioma,True
1029,"[[77]
 [82]
 [48]
 [50]
 [52]
 [55]
 [56]
 [48]
 [71]]",4,1,glioma,True,0.0003310642496217042,0.9996498823165894,1.9062808860326186e-05,1.0279926909717574e-09,1.0,1.6742739139541385e-10,3.340993498568423e-05,0.9999203681945801,4.619760511559434e-05,0.0001214917375333598,0.9998567501703898,2.1753527134437307e-05,1,glioma,True
1030,"[[77]
 [82]
 [48]
 [50]
 [52]
 [55]
 [56]
 [48]
 [71]]",4,1,glioma,True,5.775394674856216e-05,0.9999289512634277,1.3251092241262086e-05,9.302706382996462e-10,1.0,4.388965926804822e-11,2.7528617465577554e-06,0.9999449253082275,5.237255390966311e-05,2.0169246255252737e-05,0.9999579588572184,2.1874563346861487e-05,1,glioma,True
1031,"[[77]
 [82]
 [48]
 [50]
 [52]
 [55]
 [56]
 [48]
 [71]]",4,1,glioma,True,3.5892189771402627e-06,0.9999949932098389,1.4279404467743007e-06,4.982421810198479e-13,1.0,7.841171288658355e-13,2.605565612157079e-07,0.9999860525131226,1.3649931133841164e-05,1.2832586788660506e-06,0.9999936819076538,5.025957454910864e-06,1,glioma,True
1032,"[[77]
 [82]
 [48]
 [50]
 [52]
 [55]
 [56]
 [48]
 [71]]",4,1,glioma,True,0.00045692065032199025,0.9995429515838623,9.121625055286131e-08,4.270168108000405e-10,1.0,4.613258644585666e-15,2.4907156330300495e-05,0.9999701976776123,4.9245650188822765e-06,0.00016060941122303385,0.9998377164204916,1.6719270913494654e-06,1,glioma,True
1033,"[[77]
 [82]
 [48]
 [50]
 [52]
 [55]
 [56]
 [48]
 [71]]",4,1,glioma,True,2.518056817280012e-06,0.9999513626098633,4.617560625774786e-05,2.4627290429179993e-08,0.9999985694885254,1.3820787216900499e-06,0.0009303950937464833,0.9924536347389221,0.006616028491407633,0.00031097925928473086,0.9974678556124369,0.0022211953921290237,1,glioma,True
1034,"[[57]
 [56]
 [50]
 [52]
 [49]]",1,0,meningioma,True,0.7933407425880432,0.20653946697711945,0.0001197967940242961,0.50489342212677,0.4825915992259979,0.012515030801296234,0.06988275051116943,0.9262045621871948,0.003912690561264753,0.4560389717419942,0.5384452094634374,0.005515839385528428,1,glioma,False
1035,"[[77]
 [82]
 [48]
 [50]
 [52]
 [55]
 [56]
 [48]
 [71]]",4,1,glioma,True,3.106630856564152e-06,0.9999768733978271,2.001876782742329e-05,1.356401768681792e-09,1.0,3.991984698359374e-08,0.00026091086328960955,0.9978979825973511,0.0018411451019346714,8.800628351598079e-05,0.9992916186650594,0.0006204012632030261,1,glioma,True
1036,"[[77]
 [82]
 [48]
 [50]
 [52]
 [55]
 [56]
 [48]
 [71]]",4,1,glioma,True,3.721683938806564e-08,0.9999998807907104,6.760508597380976e-08,1.6160406346443779e-10,1.0,7.570331167494615e-11,3.219891732442193e-05,0.9998002648353577,0.00016763359599281102,1.0745431922624485e-05,0.9999333818753561,5.590042559403217e-05,1,glioma,True
1037,"[[77]
 [82]
 [48]
 [50]
 [52]
 [55]
 [56]
 [48]
 [71]]",4,1,glioma,True,9.915734153764788e-07,0.9999988079071045,2.6089432481057884e-07,8.334996026704289e-10,1.0,1.9137738616059607e-10,9.225613757735118e-05,0.9997039437294006,0.00020379161287564784,3.108284816411011e-05,0.9999009172121683,6.801756619261486e-05,1,glioma,True
1038,"[[77]
 [82]
 [48]
 [50]
 [52]
 [55]
 [56]
 [48]
 [71]]",4,1,glioma,True,1.0301574775439803e-06,0.9999982118606567,6.897317916809698e-07,4.534218001062129e-10,1.0,1.5439978184872416e-09,4.072218871442601e-05,0.9998250603675842,0.00013423740165308118,1.39175998712567e-05,0.999941090742747,4.497622581419355e-05,1,glioma,True
1039,"[[77]
 [82]
 [48]
 [50]
 [52]
 [55]
 [56]
 [48]
 [71]]",4,1,glioma,True,3.5674804621521616e-07,0.9999992847442627,3.015745164702821e-07,2.609132909725531e-09,1.0,1.1804269561821457e-08,0.00010011947597377002,0.9997445940971375,0.00015530989912804216,3.349294438429832e-05,0.9999146262804667,5.1874425971358086e-05,1,glioma,True
1040,"[[77]
 [82]
 [48]
 [50]
 [52]
 [55]
 [56]
 [48]
 [71]]",4,1,glioma,True,1.055334087141091e-05,0.9999840259552002,5.3383023441710975e-06,1.97936245172059e-09,1.0,8.205089052637504e-09,0.00011845220433315262,0.9998371601104736,4.4355489080771804e-05,4.3002508189005084e-05,0.9999403953552246,1.6567332171331845e-05,1,glioma,True
1041,"[[77]
 [82]
 [48]
 [50]
 [52]
 [55]
 [56]
 [48]
 [71]]",4,1,glioma,True,2.0671136269356793e-07,0.9999996423721313,7.706955074127109e-08,3.240770318768682e-09,1.0,1.5525054575249442e-09,0.00012832880020141602,0.9998251795768738,4.647760943043977e-05,4.284625077814278e-05,0.9999416073163351,1.5518743828879522e-05,1,glioma,True
1042,"[[77]
 [82]
 [48]
 [52]
 [57]
 [52]
 [53]
 [51]
 [66]]",2,1,glioma,True,4.3848555719705473e-07,0.9999994039535522,7.532113244224092e-08,0.0032707767095416784,0.996664822101593,6.441662844736129e-05,8.400771912420169e-05,0.9999148845672607,1.0839571586984675e-06,0.001118407638074359,0.998859703540802,2.1858635579500667e-05,1,glioma,True
1043,"[[77]
 [82]
 [48]
 [52]
 [57]
 [52]
 [53]
 [51]
 [66]]",2,1,glioma,True,4.132344599838689e-07,0.9999995231628418,8.093782355445e-08,0.00394744798541069,0.9959591031074524,9.344612044515088e-05,0.0009286802378483117,0.9990655779838562,5.685642463504337e-06,0.0016255138192396619,0.9983414014180502,3.307090024406989e-05,1,glioma,True
1044,"[[77]
 [82]
 [48]
 [52]
 [57]
 [52]
 [53]
 [51]
 [66]]",2,1,glioma,True,3.123755902834091e-07,0.9999996423721313,2.286228983905403e-08,0.0026954698842018843,0.9972579479217529,4.656661258195527e-05,0.0006584298680536449,0.9993411898612976,3.030557991223759e-07,0.0011180707092819375,0.9988662600517273,1.5630843556972234e-05,1,glioma,True
1045,"[[57]
 [56]
 [50]
 [52]
 [49]]",1,0,meningioma,True,0.9577632546424866,0.042236682027578354,2.0860964067281884e-09,0.8513319492340088,0.14866295456886292,5.038572908233618e-06,0.8579801321029663,0.1418457180261612,0.00017414828471373767,0.8890251119931539,0.11091511820753415,5.9729647906126004e-05,0,meningioma,True
1046,"[[77]
 [82]
 [48]
 [52]
 [57]
 [52]
 [53]
 [51]
 [66]]",2,1,glioma,True,2.2978949800744886e-06,0.9999977350234985,3.2973666463931295e-08,0.005592701956629753,0.9943335056304932,7.388955418718979e-05,0.001965683652088046,0.9980342984199524,1.8629521036928054e-08,0.002520227834565958,0.9974551796913147,2.4647052458230217e-05,1,glioma,True
1047,"[[77]
 [82]
 [48]
 [52]
 [57]
 [52]
 [53]
 [51]
 [66]]",2,1,glioma,True,6.624220077355858e-06,0.9999933242797852,2.119696418390049e-08,0.004974283743649721,0.9950137734413147,1.1971810636168811e-05,0.005690286867320538,0.994309663772583,5.074983489006257e-11,0.0035570649436825383,0.9964389204978943,3.9976861167292e-06,1,glioma,True
1048,"[[77]
 [82]
 [48]
 [52]
 [57]
 [52]
 [53]
 [51]
 [66]]",2,1,glioma,True,3.172083597746678e-05,0.9999682903289795,1.4252179880713811e-08,0.007806481793522835,0.9921898245811462,3.664576752271387e-06,0.004203856457024813,0.9957962036132812,3.853009057641632e-12,0.004014019695508371,0.9959847728411356,1.2262775950537194e-06,1,glioma,True
1049,"[[77]
 [82]
 [48]
 [52]
 [57]
 [52]
 [53]
 [51]
 [66]]",2,1,glioma,True,9.63022557698423e-06,0.9999903440475464,4.217851068410994e-10,0.00514180725440383,0.9948575496673584,6.443854090321111e-07,0.000259405467659235,0.9997405409812927,5.908587421415978e-12,0.0018036143158800162,0.9981961448987325,2.149377009087912e-07,1,glioma,True
1050,"[[77]
 [82]
 [48]
 [52]
 [57]
 [52]
 [53]
 [51]
 [66]]",2,1,glioma,True,0.0001019711562548764,0.9998980760574341,1.1961492907275328e-10,0.006974886171519756,0.9930250644683838,2.3051116571082275e-08,0.00029362860368564725,0.9997063279151917,3.319280885306225e-13,0.0024568286438200935,0.9975431561470032,7.72368780941452e-09,1,glioma,True
1051,"[[77]
 [82]
 [48]
 [52]
 [56]
 [50]
 [57]
 [52]
 [66]]",4,1,glioma,True,2.198695256083738e-06,0.9999920129776001,5.800258804811165e-06,1.2226135034931751e-11,1.0,1.7874435265241573e-10,0.0007373307016678154,0.9930115342140198,0.006251142825931311,0.0002465098030500114,0.9976678490638733,0.0020856477544934915,1,glioma,True
1052,"[[77]
 [82]
 [48]
 [52]
 [56]
 [50]
 [57]
 [52]
 [66]]",4,1,glioma,True,1.1853944670292549e-05,0.999984622001648,3.5743944408750394e-06,2.5851656926256794e-10,1.0,2.948107730160743e-11,0.0019714657682925463,0.9955925345420837,0.0024360078386962414,0.0006611066571598027,0.9985257188479105,0.0008131940875393979,1,glioma,True
1053,"[[77]
 [82]
 [48]
 [52]
 [56]
 [50]
 [57]
 [52]
 [66]]",4,1,glioma,True,1.0282940820616204e-05,0.9999858140945435,3.91173944080947e-06,2.1009755046819123e-10,1.0,5.178903528246792e-09,0.0008155065006576478,0.9972332119941711,0.0019513457082211971,0.0002752632171919382,0.9990730086962382,0.0006517542088551783,1,glioma,True
1054,"[[77]
 [82]
 [48]
 [52]
 [56]
 [54]
 [50]
 [49]
 [66]]",0,1,glioma,True,0.5292818546295166,0.47010162472724915,0.0006165218073874712,0.39443081617355347,0.6021779179573059,0.003391261911019683,0.5071070194244385,0.4835706055164337,0.009322411380708218,0.47693989674250287,0.5186167160669962,0.004443398366371791,1,glioma,True
1055,"[[77]
 [82]
 [48]
 [52]
 [56]
 [54]
 [50]
 [49]
 [66]]",0,1,glioma,True,0.5472647547721863,0.4521839916706085,0.0005512764328159392,0.5036789774894714,0.49311330914497375,0.0032076998613774776,0.6817277669906616,0.31563910841941833,0.002633053809404373,0.5775571664174398,0.42031213641166687,0.0021306767011992633,0,meningioma,False
1056,"[[57]
 [56]
 [50]
 [52]
 [49]]",1,0,meningioma,True,0.8818222880363464,0.11817767471075058,1.2824410422496157e-09,0.9716684222221375,0.0283309668302536,5.339124413694663e-07,0.9263229370117188,0.07365690171718597,2.0249051885912195e-05,0.9266045490900675,0.07338851441939671,6.92808225610797e-06,0,meningioma,True
1057,"[[77]
 [82]
 [48]
 [53]
 [48]
 [49]
 [51]
 [53]
 [66]]",3,1,glioma,True,0.05518439784646034,0.7966185212135315,0.14819708466529846,6.703326653223485e-05,0.9930296540260315,0.006903316825628281,0.0001204292057082057,0.9099182486534119,0.08996140956878662,0.01845728677290026,0.8998554746309916,0.08168727035323779,1,glioma,True
1058,"[[77]
 [82]
 [48]
 [53]
 [48]
 [49]
 [51]
 [53]
 [66]]",3,1,glioma,True,0.0018676278414204717,0.9884582161903381,0.009674090892076492,4.2718609620351344e-05,0.9923900961875916,0.00756714167073369,3.757714921448496e-06,0.9988197684288025,0.0011763444636017084,0.0006380347219874238,0.993222693602244,0.006139192342137297,1,glioma,True
1059,"[[77]
 [82]
 [48]
 [53]
 [48]
 [49]
 [51]
 [53]
 [66]]",3,1,glioma,True,6.48742707198835e-06,0.9999932050704956,3.427940100664273e-07,5.6103948736563325e-05,0.9999294281005859,1.442484153812984e-05,7.730601225830469e-08,0.9999998807907104,7.441734783952825e-09,2.088956060693666e-05,0.9999741713205973,4.925025760993407e-06,1,glioma,True
1060,"[[77]
 [82]
 [48]
 [53]
 [48]
 [49]
 [51]
 [53]
 [66]]",3,1,glioma,True,1.5675375834689476e-05,0.9999836683273315,6.828568643868493e-07,0.00038531445898115635,0.9996066689491272,8.036473445827141e-06,2.400297262283857e-06,0.999997615814209,3.927994640662291e-08,0.00013446337735937655,0.9998626510302225,2.9195367522068714e-06,1,glioma,True
1061,"[[77]
 [82]
 [48]
 [53]
 [48]
 [49]
 [51]
 [53]
 [66]]",3,1,glioma,True,0.0005457720253616571,0.9994530081748962,1.243727638211567e-06,0.0020659540314227343,0.9979336261749268,4.479950632685359e-07,0.0004513112944550812,0.999548614025116,3.1338531769620204e-09,0.0010210124504131575,0.9989784161249796,5.649521848856883e-07,1,glioma,True
1062,"[[77]
 [82]
 [48]
 [53]
 [48]
 [49]
 [51]
 [53]
 [66]]",3,1,glioma,True,7.138999353628606e-05,0.9999284744262695,1.3039117163771152e-07,5.3581596148433164e-05,0.9999464750289917,1.4313381591080088e-08,3.4153498518207925e-07,0.9999996423721313,1.0435805865294245e-11,4.177104155663377e-05,0.9999581972757975,4.823832967821897e-08,1,glioma,True
1063,"[[77]
 [82]
 [48]
 [53]
 [48]
 [49]
 [51]
 [53]
 [66]]",3,1,glioma,True,0.0006808295729570091,0.9961457252502441,0.0031735231168568134,1.8345450371271e-05,0.9972637891769409,0.0027179389726370573,6.771080762746351e-08,0.9999393224716187,6.053305696696043e-05,0.00023308091137863585,0.9977829456329346,0.0019839983821536102,1,glioma,True
1064,"[[77]
 [82]
 [48]
 [53]
 [48]
 [49]
 [51]
 [53]
 [66]]",3,1,glioma,True,0.0004225050797685981,0.9942477941513062,0.005329705309122801,1.945177609741222e-05,0.9988669157028198,0.0011137427063658834,4.1136971162814007e-08,0.9999853372573853,1.4719781574967783e-05,0.0001473326642790577,0.997700015703837,0.0021527225990212173,1,glioma,True
1065,"[[77]
 [82]
 [48]
 [53]
 [48]
 [49]
 [51]
 [53]
 [66]]",3,1,glioma,True,0.0002652605180628598,0.9989708662033081,0.0007639579125680029,2.455583853588905e-06,0.9998776912689209,0.00011977700341958553,4.814915577355805e-09,0.9999991655349731,8.839581937536423e-07,8.924030561067535e-05,0.9996159076690674,0.0002948729580604474,1,glioma,True
1066,"[[77]
 [82]
 [48]
 [53]
 [48]
 [49]
 [51]
 [53]
 [66]]",3,1,glioma,True,0.0001115986960940063,0.9997759461402893,0.00011256142897764221,4.8184267598117e-07,0.9999603033065796,3.918406946468167e-05,5.881593823087172e-11,1.0,1.0104952430367575e-08,3.7360199195308565e-05,0.9999120831489563,5.0585201131584746e-05,1,glioma,True
1067,"[[57]
 [56]
 [50]
 [52]
 [49]]",1,0,meningioma,True,0.957944393157959,0.04205555468797684,3.4556472267022187e-13,0.9819434285163879,0.018056608736515045,5.125654900517418e-10,0.990348219871521,0.009651536121964455,2.188945984471502e-07,0.9767453471819559,0.023254566515485447,7.313583650064154e-08,0,meningioma,True
1068,"[[77]
 [82]
 [48]
 [53]
 [48]
 [49]
 [51]
 [53]
 [66]]",3,1,glioma,True,0.00015040818834677339,0.9997889399528503,6.0686073993565515e-05,1.8840543702935975e-07,0.9999837875366211,1.5937466741888784e-05,8.880726015680906e-12,1.0,3.2244251713109406e-09,5.019886755484292e-05,0.9999242424964905,2.554225505354187e-05,1,glioma,True
1069,"[[77]
 [82]
 [48]
 [53]
 [48]
 [49]
 [51]
 [53]
 [66]]",3,1,glioma,True,0.0013442178023979068,0.9984050393104553,0.000250763026997447,2.294836349392426e-06,0.9999445676803589,5.311409768182784e-05,3.522373059894335e-09,0.9999995231628418,4.2028631241919356e-07,0.000448838720373453,0.9994497100512186,0.00010143247033056468,1,glioma,True
1070,"[[77]
 [82]
 [48]
 [53]
 [48]
 [49]
 [51]
 [53]
 [66]]",3,1,glioma,True,0.00031216436764225364,0.9994468092918396,0.0002410736051388085,3.3515391351102153e-06,0.9999672174453735,2.9425038519548252e-05,1.7558804410455764e-09,1.0,5.4748273470295317e-08,0.0001051725542192683,0.999804675579071,9.018446397727568e-05,1,glioma,True
1071,"[[77]
 [82]
 [48]
 [53]
 [48]
 [49]
 [51]
 [53]
 [66]]",3,1,glioma,True,4.73242107545957e-05,0.9999369382858276,1.568355583003722e-05,1.127636460296344e-05,0.9999653100967407,2.3332906494033523e-05,2.40442887822212e-10,1.0,9.326317496061165e-10,1.9533605266815652e-05,0.9999674161275228,1.3005798318606784e-05,1,glioma,True
1072,"[[77]
 [82]
 [48]
 [53]
 [48]
 [54]
 [56]
 [55]]",3,1,glioma,True,0.7454043030738831,0.25073325634002686,0.0038624806329607964,0.004395092837512493,0.9948477745056152,0.00075714779086411,0.8660823702812195,0.08234380185604095,0.05157383531332016,0.5386272553975383,0.44264161090056103,0.018731154579048354,0,meningioma,False
1073,"[[77]
 [82]
 [48]
 [53]
 [48]
 [54]
 [56]
 [55]]",3,1,glioma,True,0.3498985469341278,0.6485425233840942,0.0015589114045724273,0.0001362142647849396,0.999752938747406,0.00011079180694650859,0.612682580947876,0.23069249093532562,0.1566249579191208,0.3209057807155962,0.626329317688942,0.05276488704354657,1,glioma,True
1074,"[[77]
 [82]
 [48]
 [53]
 [48]
 [54]
 [56]
 [55]]",3,1,glioma,True,0.017854541540145874,0.9818260669708252,0.00031946817762218416,0.00015930618974380195,0.9997957348823547,4.4967553549213335e-05,0.09059198200702667,0.8828763365745544,0.026531707495450974,0.03620194324563878,0.9548327128092448,0.00896538107554079,1,glioma,True
1075,"[[77]
 [82]
 [48]
 [53]
 [48]
 [54]
 [56]
 [55]]",3,1,glioma,True,0.0016811795067042112,0.9980514049530029,0.00026748160598799586,0.00021337426733225584,0.9997304081916809,5.6211614719359204e-05,0.00838495697826147,0.9757575392723083,0.015857422724366188,0.0034265035840993128,0.9911797841389974,0.005393705315024515,1,glioma,True
1076,"[[77]
 [82]
 [48]
 [53]
 [48]
 [54]
 [56]
 [55]]",3,1,glioma,True,0.002759379567578435,0.9965983033180237,0.0006423427257686853,1.4876886780257337e-05,0.9999674558639526,1.7591117284609936e-05,0.001081558526493609,0.9953579306602478,0.0035604892764240503,0.0012852716602841003,0.9973078966140747,0.0014068077064924485,1,glioma,True
1077,"[[77]
 [82]
 [48]
 [53]
 [48]
 [54]
 [56]
 [55]]",3,1,glioma,True,0.002601457526907325,0.9969768524169922,0.00042164939804933965,5.9135669289389625e-05,0.9997954964637756,0.0001454536832170561,0.0007061181240715086,0.9989978671073914,0.0002960612764582038,0.0011222371067560744,0.9985900719960531,0.00028772145257486653,1,glioma,True
1078,"[[57]
 [56]
 [50]
 [52]
 [49]]",1,0,meningioma,True,0.5365140438079834,0.463485985994339,5.456168199133789e-28,0.9980125427246094,0.0019874318968504667,1.0998511061860276e-15,0.9987474679946899,0.0012525031343102455,2.2972946380492645e-14,0.8444246848424276,0.1555753070084999,8.024265828893072e-15,0,meningioma,True
1079,"[[77]
 [82]
 [48]
 [53]
 [48]
 [54]
 [56]
 [55]]",3,1,glioma,True,0.003838153788819909,0.9960058331489563,0.0001560502132633701,0.00017784556257538497,0.9996500015258789,0.00017225289775524288,0.004259304143488407,0.9957215785980225,1.910270657390356e-05,0.002758434498294567,0.9971258044242859,0.00011580193919750552,1,glioma,True
1080,"[[77]
 [82]
 [48]
 [53]
 [48]
 [54]
 [56]
 [55]]",3,1,glioma,True,0.16144806146621704,0.8378152847290039,0.0007367140497080982,0.0032536776270717382,0.9964109063148499,0.0003354491200298071,0.060075633227825165,0.939619779586792,0.0003046116034965962,0.07492579077370465,0.9246153235435486,0.0004589249244115005,1,glioma,True
1081,"[[77]
 [82]
 [48]
 [53]
 [48]
 [54]
 [56]
 [55]]",3,1,glioma,True,0.3328969180583954,0.6668741106987,0.0002289263065904379,0.01863471046090126,0.9812014102935791,0.00016381491150241345,0.07035314291715622,0.9295759797096252,7.093143358360976e-05,0.1406282571454843,0.8592171669006348,0.00015455755055882037,1,glioma,True
1082,"[[77]
 [82]
 [48]
 [53]
 [48]
 [54]
 [56]
 [55]]",3,1,glioma,True,0.015468901954591274,0.9844637513160706,6.735127681167796e-05,0.027361778542399406,0.9725969433784485,4.12357876484748e-05,0.14997318387031555,0.8500194549560547,7.349778570642229e-06,0.06426795478910208,0.9356933832168579,3.864561434359833e-05,1,glioma,True
1083,"[[77]
 [82]
 [48]
 [53]
 [48]
 [55]
 [57]
 [49]
 [66]]",4,1,glioma,True,0.005010451190173626,0.9949886202812195,9.70181872617104e-07,6.038182220891031e-08,0.9999998807907104,5.0041327554145934e-14,0.03123641386628151,0.9687108993530273,5.2608906116802245e-05,0.012082308479425782,0.9878998001416525,1.7859696013153558e-05,1,glioma,True
1084,"[[77]
 [82]
 [48]
 [53]
 [48]
 [55]
 [57]
 [49]
 [66]]",4,1,glioma,True,0.00029250464285723865,0.9997058510780334,1.719760689411487e-06,1.6835517424595992e-09,1.0,7.927787929167679e-14,0.000583032495342195,0.999218225479126,0.00019871312542818487,0.0002918462739170587,0.9996413588523865,6.681096206562475e-05,1,glioma,True
1085,"[[77]
 [82]
 [48]
 [53]
 [48]
 [55]
 [57]
 [49]
 [66]]",4,1,glioma,True,0.004997349809855223,0.9949455857276917,5.710854384233244e-05,3.8555103287762904e-07,0.9999996423721313,5.625843887968607e-11,0.012269857339560986,0.9871922731399536,0.0005378781934268773,0.005755864233483028,0.9940458337465922,0.00019832893117588285,1,glioma,True
1086,"[[77]
 [82]
 [48]
 [53]
 [48]
 [55]
 [57]
 [49]
 [66]]",4,1,glioma,True,0.0030082021839916706,0.9968164563179016,0.0001754158438416198,5.60703347218805e-06,0.9999942779541016,5.974088423954527e-08,0.004159418400377035,0.9903587698936462,0.005481854546815157,0.0023910758726136314,0.9957231680552164,0.001885776710513672,1,glioma,True
1087,"[[77]
 [82]
 [48]
 [53]
 [48]
 [55]
 [57]
 [49]
 [66]]",4,1,glioma,True,0.0014306838857010007,0.998506486415863,6.283618859015405e-05,2.4882065190467983e-05,0.9999750852584839,9.546996970755117e-09,0.03999177739024162,0.9560043215751648,0.004003965295851231,0.013815781113711031,0.9848286310831705,0.0013556036771461184,1,glioma,True
1088,"[[77]
 [82]
 [48]
 [53]
 [48]
 [55]
 [57]
 [49]
 [66]]",4,1,glioma,True,0.0008940717088989913,0.9980980753898621,0.0010078918421640992,5.753416232323616e-08,1.0,2.288017109108864e-09,0.025977550074458122,0.9521408081054688,0.021881597116589546,0.008957226439173146,0.9834129611651102,0.007629830415590251,1,glioma,True
1089,"[[57]
 [57]
 [48]
 [49]
 [55]]",0,0,meningioma,True,0.6537079811096191,0.3440296947956085,0.0022623322438448668,0.6545409560203552,0.3096840977668762,0.03577498346567154,0.18789678812026978,0.15465307235717773,0.6574501395225525,0.49871524175008136,0.2694556216398875,0.23182915174402297,0,meningioma,True
1090,"[[77]
 [82]
 [48]
 [53]
 [48]
 [55]
 [57]
 [49]
 [66]]",4,1,glioma,True,0.009228955954313278,0.9890531897544861,0.0017178308917209506,1.717533086775802e-05,0.9999827146530151,8.423624109354932e-08,0.11097218841314316,0.8568300008773804,0.03219779580831528,0.04007277323277473,0.9486219684282938,0.011305236978759107,1,glioma,True
1091,"[[77]
 [82]
 [48]
 [53]
 [48]
 [55]
 [57]
 [49]
 [66]]",4,1,glioma,True,0.030424613505601883,0.9685437679290771,0.0010316511616110802,5.93305412621703e-06,0.9999940395355225,5.6090641464834334e-08,0.45091643929481506,0.3951142132282257,0.15396937727928162,0.1604489952848477,0.7878840068976084,0.051667028177178054,1,glioma,True
1092,"[[77]
 [82]
 [48]
 [53]
 [48]
 [55]
 [57]
 [49]
 [66]]",4,1,glioma,True,0.10702352970838547,0.8914140462875366,0.0015623868675902486,6.824791489634663e-05,0.9999309778213501,6.924541366970516e-07,0.3793449103832245,0.5901697278022766,0.030485309660434723,0.16214556266883542,0.8271715839703878,0.010682796327387223,1,glioma,True
1093,"[[77]
 [82]
 [48]
 [53]
 [48]
 [55]
 [57]
 [49]
 [66]]",4,1,glioma,True,0.24916578829288483,0.7502550482749939,0.0005791169824078679,0.0001587553124409169,0.9998412132263184,1.6101774136245695e-08,0.18042828142642975,0.8187352418899536,0.0008365098619833589,0.14325094167725183,0.8562771677970886,0.000471880982055121,1,glioma,True
1094,"[[77]
 [82]
 [48]
 [52]
 [57]
 [48]
 [49]
 [57]
 [67]]",4,1,glioma,True,0.0002145136531908065,0.999782383441925,3.083569254158647e-06,2.8924516115580445e-09,1.0,3.0683168137334016e-13,2.468844468239695e-05,0.9999536275863647,2.1649408154189587e-05,7.973499677493834e-05,0.9999120036760966,8.244325905059971e-06,1,glioma,True
1095,"[[77]
 [82]
 [48]
 [52]
 [57]
 [48]
 [49]
 [57]
 [67]]",4,1,glioma,True,0.0021071149967610836,0.9978926777839661,2.4624168304399063e-07,1.1381256825870878e-08,1.0,2.8484836572501384e-16,0.00014837333583272994,0.9998501539230347,1.417821863469726e-06,0.0007518332379502132,0.9992476105690002,5.54687848932855e-07,1,glioma,True
1096,"[[77]
 [82]
 [48]
 [52]
 [57]
 [48]
 [49]
 [57]
 [67]]",4,1,glioma,True,0.004264304414391518,0.9957356452941895,1.7929579598785494e-08,7.540001401018515e-10,1.0,4.579464604176286e-18,0.00016634610074106604,0.9998329877853394,5.764968591392972e-07,0.0014768837563775745,0.9985228776931763,1.9814214624755404e-07,1,glioma,True
1097,"[[77]
 [82]
 [48]
 [50]
 [54]
 [49]
 [55]
 [53]
 [67]]",4,1,glioma,True,1.539187360322103e-05,0.9999607801437378,2.378326462348923e-05,5.742317625845317e-07,0.9999932050704956,6.158907126518898e-06,0.004898343235254288,0.9828287959098816,0.01227282453328371,0.001638103113540031,0.9942609270413717,0.0041009222350112395,1,glioma,True
1098,"[[77]
 [82]
 [48]
 [50]
 [54]
 [49]
 [55]
 [53]
 [67]]",4,1,glioma,True,0.00017580692656338215,0.9997898936271667,3.431125151109882e-05,4.110341365048953e-07,0.9999983310699463,1.3550686617236352e-06,0.004498935770243406,0.9674264788627625,0.02807449735701084,0.0015583845769810978,0.9890715678532919,0.009370054559061222,1,glioma,True
1099,"[[77]
 [82]
 [48]
 [50]
 [54]
 [49]
 [55]
 [53]
 [67]]",4,1,glioma,True,8.734885454941832e-07,0.9999985694885254,6.085483050810581e-07,6.324404194790745e-11,1.0,2.0357179830732264e-10,9.343348779111693e-07,0.9999747276306152,2.429917367408052e-05,6.026288891491002e-07,0.9999910990397135,8.302641850319962e-06,1,glioma,True
1100,"[[57]
 [57]
 [48]
 [49]
 [55]]",0,0,meningioma,True,0.5470966100692749,0.44484037160873413,0.008063001558184624,0.2935432493686676,0.6019256711006165,0.10453105717897415,0.11756839603185654,0.08989143371582031,0.7925401329994202,0.31940275182326633,0.37888582547505695,0.3017113972455263,1,glioma,False
1101,"[[77]
 [82]
 [48]
 [50]
 [54]
 [49]
 [55]
 [53]
 [67]]",4,1,glioma,True,1.3018283198107383e-06,0.9999749660491943,2.367236083955504e-05,1.0558386109860152e-10,1.0,6.414014652733613e-09,0.0004724499012809247,0.9919005632400513,0.007626910228282213,0.0001579172783948655,0.9972918430964152,0.002550196334378807,1,glioma,True
1102,"[[77]
 [82]
 [48]
 [50]
 [54]
 [49]
 [55]
 [53]
 [67]]",4,1,glioma,True,1.1476201962068444e-06,0.9999943971633911,4.37202515968238e-06,4.694755001422024e-11,1.0,3.5754088578698884e-09,0.00020457745995372534,0.9967087507247925,0.003086657030507922,6.85750423658274e-05,0.9989010492960612,0.0010303442103588207,1,glioma,True
1103,"[[77]
 [82]
 [48]
 [50]
 [54]
 [49]
 [55]
 [53]
 [67]]",4,1,glioma,True,1.2398348303577222e-07,0.9999996423721313,2.7181832251699234e-07,3.8825350269847125e-13,1.0,6.092569504456691e-11,1.2728692126984242e-05,0.9997867941856384,0.0002004568959819153,4.284225332757839e-06,0.9999288121859232,6.690959174337578e-05,1,glioma,True
1104,"[[77]
 [82]
 [48]
 [50]
 [54]
 [49]
 [55]
 [53]
 [67]]",4,1,glioma,True,1.59138392064051e-06,0.9999970197677612,1.38378322844801e-06,1.0422879573313004e-11,1.0,2.761864625888677e-10,0.0001759972656145692,0.9990060925483704,0.0008178975549526513,5.919621998602976e-05,0.9996677041053772,0.00027309387145585395,1,glioma,True
1105,"[[77]
 [82]
 [48]
 [50]
 [54]
 [49]
 [55]
 [53]
 [67]]",4,1,glioma,True,4.490055971473339e-08,1.0,2.1788077120277194e-08,3.9227648906958734e-11,1.0,7.916105271288387e-11,0.00015708143473602831,0.9997130036354065,0.00012994596909265965,5.2375458174463985e-05,0.9999043345451355,4.332261211027755e-05,1,glioma,True
1106,"[[77]
 [82]
 [48]
 [50]
 [54]
 [49]
 [55]
 [53]
 [67]]",4,1,glioma,True,2.711884974360146e-07,0.9999992847442627,5.161441549716983e-07,9.93972543161803e-11,1.0,1.9836254860905456e-09,0.00033755588810890913,0.9992427825927734,0.0004196148074697703,0.00011260905866786648,0.9997473557790121,0.00014004431175007603,1,glioma,True
1107,"[[77]
 [82]
 [48]
 [50]
 [54]
 [49]
 [55]
 [53]
 [67]]",4,1,glioma,True,1.7231520814675605e-06,0.9999964237213135,1.8649475350684952e-06,1.826539891558454e-10,1.0,1.009490616099562e-10,5.415971827460453e-05,0.99933260679245,0.0006131788250058889,1.8627684336687083e-05,0.9997763435045878,0.00020501462449667301,1,glioma,True
1108,"[[77]
 [82]
 [48]
 [50]
 [54]
 [49]
 [55]
 [53]
 [67]]",4,1,glioma,True,3.9412111618730705e-07,0.9999983310699463,1.3417042055152706e-06,9.528251104784502e-11,1.0,6.36648581076038e-11,7.167907369876048e-06,0.9998654127120972,0.00012740134843625128,2.520707922858134e-06,0.9999545812606812,4.291437210220822e-05,1,glioma,True
1109,"[[77]
 [82]
 [48]
 [53]
 [49]
 [52]
 [54]
 [49]]",2,1,glioma,True,1.725786773931759e-06,0.9999983310699463,3.316286967258719e-10,0.0035651165526360273,0.9964349269866943,3.114275770599306e-08,1.4418306818697602e-05,0.9999855756759644,3.062511995301914e-14,0.0011937535487428856,0.9988062779108683,1.0491472342612963e-08,1,glioma,True
1110,"[[77]
 [82]
 [48]
 [53]
 [49]
 [52]
 [54]
 [49]]",2,1,glioma,True,6.511073280535129e-08,0.9999998807907104,3.4488963768231073e-11,0.0003439954889472574,0.9996559619903564,2.7437298655286213e-08,1.8925256881630048e-05,0.9999810457229614,1.332993502904667e-13,0.00012099528552056427,0.9998789628346761,9.157306972801578e-09,1,glioma,True
1111,"[[49]
 [48]
 [48]
 [51]
 [54]
 [48]]",2,0,meningioma,True,0.9202456474304199,0.07970202714204788,5.2349969337228686e-05,0.7508371472358704,0.24914886057376862,1.396993684465997e-05,0.8736704587936401,0.12632955610752106,5.426865554158944e-12,0.8482510844866434,0.15172681460777918,2.210663720291807e-05,0,meningioma,True
1112,"[[49]
 [48]
 [49]
 [55]
 [57]
 [55]]",3,0,meningioma,True,0.7625603079795837,0.2371750921010971,0.0002646289358381182,0.25610852241516113,0.7437455654144287,0.000145944461110048,0.5739918351173401,0.4259945750236511,1.3620439858641475e-05,0.5308868885040283,0.46897174417972565,0.00014139794560226923,0,meningioma,True
1113,"[[57]
 [57]
 [48]
 [56]
 [57]]",0,0,meningioma,True,0.4476589858531952,0.5519530177116394,0.0003880355507135391,0.27704334259033203,0.7220813035964966,0.0008753777365200222,0.6168516874313354,0.3829619884490967,0.0001863688521552831,0.44718467195828754,0.5523321032524109,0.00048326071312961477,1,glioma,False
1114,"[[77]
 [82]
 [48]
 [53]
 [49]
 [52]
 [54]
 [49]]",2,1,glioma,True,3.3043359053408494e-06,0.9999966621398926,2.4604682180573434e-10,0.0012605529045686126,0.9987394213676453,3.6345678466886966e-08,2.5666771762189455e-05,0.9999743700027466,2.7904658496543354e-14,0.0004298413374120476,0.9995701511700948,1.2197251064450398e-08,1,glioma,True
1115,"[[77]
 [82]
 [48]
 [53]
 [49]
 [52]
 [54]
 [49]]",2,1,glioma,True,1.4085186350598633e-08,1.0,2.0177481647315476e-12,8.923684799810871e-05,0.9999107122421265,6.257542484178202e-09,1.582759796292521e-05,0.9999841451644897,3.114458831891126e-13,3.502617704912817e-05,0.9999649524688721,2.086623892742041e-09,1,glioma,True
1116,"[[77]
 [82]
 [48]
 [53]
 [49]
 [52]
 [54]
 [49]]",2,1,glioma,True,3.480191992366599e-07,0.9999996423721313,7.026663972897751e-12,0.000112001238449011,0.9998879432678223,2.619366057388106e-09,7.758555398140743e-07,0.9999991655349731,4.5411832389104234e-13,3.770837106268724e-05,0.9999622503916422,8.756156132282983e-10,1,glioma,True
1117,"[[77]
 [82]
 [48]
 [53]
 [49]
 [52]
 [54]
 [49]]",2,1,glioma,True,1.918919588206336e-05,0.9999808073043823,2.73286254737215e-12,0.00265823514200747,0.9973418116569519,1.4743231080416308e-09,1.2388859715883882e-07,0.9999998807907104,3.08047688648682e-14,0.0008925160754955641,0.9991074999173483,4.923622584526226e-10,1,glioma,True
1118,"[[77]
 [82]
 [48]
 [53]
 [49]
 [52]
 [54]
 [49]]",2,1,glioma,True,5.2955738283344544e-06,0.9999947547912598,1.2576293901677554e-13,0.0021396949887275696,0.9978602528572083,1.4516603197289868e-10,3.658370317793924e-08,1.0,4.2113895802332576e-17,0.0007150090487530273,0.9992850025494894,4.8430612341937084e-11,1,glioma,True
1119,"[[77]
 [82]
 [48]
 [53]
 [49]
 [53]
 [56]
 [54]]",1,1,glioma,True,3.7310139786722596e-13,1.0,1.5610844865052154e-12,2.6608529424265726e-07,0.9999992847442627,4.7621080057069776e-07,1.390759825881105e-05,0.9999845027923584,1.5692867236793973e-06,4.724561308718368e-06,0.9999945958455404,6.818330284448605e-07,1,glioma,True
1120,"[[77]
 [82]
 [48]
 [53]
 [49]
 [53]
 [56]
 [54]]",1,1,glioma,True,1.942122135854818e-13,1.0,1.7045667991249375e-13,1.0651496351599121e-09,1.0,8.239560145284486e-09,5.530617272597738e-06,0.9999943971633911,1.68225369634456e-07,1.8438942054817037e-06,0.999998132387797,5.88217000788068e-08,1,glioma,True
1121,"[[77]
 [82]
 [48]
 [53]
 [49]
 [53]
 [56]
 [54]]",1,1,glioma,True,7.323279996470072e-15,1.0,1.8993948124393367e-14,1.3776043639168734e-09,1.0,1.5723895074870597e-08,1.750076626194641e-05,0.9999821186065674,4.1713329324011283e-07,5.834047957877869e-06,0.9999940395355225,1.4428573576964385e-07,1,glioma,True
1122,"[[77]
 [82]
 [48]
 [53]
 [49]
 [53]
 [56]
 [54]]",1,1,glioma,True,1.768099826705144e-13,1.0,3.817263616746197e-13,1.2448876596238279e-08,0.9999998807907104,9.828755054286376e-08,0.0001321211748290807,0.999863862991333,3.995901806774782e-06,4.4044541294162305e-05,0.9999545812606812,1.3647299130146691e-06,1,glioma,True
1123,"[[77]
 [82]
 [48]
 [53]
 [49]
 [53]
 [56]
 [54]]",1,1,glioma,True,6.207744063562381e-16,1.0,3.3319571992300066e-15,1.887258571642292e-09,1.0,2.8315239930520875e-08,3.841488069156185e-05,0.9999598264694214,1.8345039052292123e-06,1.2805589316918088e-05,0.9999866088231405,6.209397161638968e-07,1,glioma,True
1124,"[[57]
 [57]
 [48]
 [56]
 [57]]",0,0,meningioma,True,0.5110514163970947,0.488741397857666,0.0002071975904982537,0.5727300047874451,0.42696765065193176,0.00030233102734200656,0.812340259552002,0.18764635920524597,1.3393384506343864e-05,0.6320405602455139,0.36778513590494794,0.0001743073341155347,0,meningioma,True
1125,"[[77]
 [82]
 [48]
 [53]
 [49]
 [53]
 [56]
 [54]]",1,1,glioma,True,3.652438255812539e-15,1.0,7.00267929648374e-15,1.161372420455109e-08,0.9999997615814209,2.457899768160132e-07,1.4689669114886783e-05,0.9999841451644897,1.204928935294447e-06,4.900427614247924e-06,0.9999946355819702,4.835729730377132e-07,1,glioma,True
1126,"[[77]
 [82]
 [48]
 [53]
 [49]
 [53]
 [56]
 [54]]",1,1,glioma,True,9.207409140676859e-12,1.0,4.069034605785893e-12,3.453823637755704e-06,0.9999867677688599,9.815315934247337e-06,8.21258217911236e-05,0.999913215637207,4.603553406923311e-06,2.852655154542948e-05,0.9999666611353556,4.806291136735085e-06,1,glioma,True
1127,"[[77]
 [82]
 [48]
 [53]
 [49]
 [52]
 [54]
 [49]
 [66]]",1,1,glioma,True,6.760225090829408e-08,0.9999998807907104,1.3043884028451913e-10,0.002180896932259202,0.9977407455444336,7.838902092771605e-05,0.002410284476354718,0.9975757002830505,1.4046720025362447e-05,0.0015304163369549428,0.9984387755393982,3.081195713063959e-05,1,glioma,True
1128,"[[77]
 [82]
 [48]
 [53]
 [49]
 [52]
 [54]
 [49]
 [66]]",1,1,glioma,True,1.8695844516969373e-07,0.9999997615814209,2.368084547899052e-11,0.0046479287557303905,0.9953331351280212,1.897553011076525e-05,0.006181635428220034,0.9938001036643982,1.823753882490564e-05,0.003609917047465198,0.9963776667912801,1.2404364205505456e-05,1,glioma,True
1129,"[[77]
 [82]
 [48]
 [53]
 [49]
 [52]
 [54]
 [49]
 [66]]",1,1,glioma,True,4.463433924684068e-06,0.9999955892562866,3.97988066114241e-11,0.003381261369213462,0.9965846538543701,3.40468977810815e-05,0.003307649167254567,0.9966817498207092,1.0619777640386019e-05,0.002231124656797571,0.9977539976437887,1.488890507342471e-05,1,glioma,True
1130,"[[77]
 [82]
 [48]
 [53]
 [49]
 [52]
 [54]
 [49]
 [66]]",1,1,glioma,True,4.448159597814083e-05,0.9999555349349976,3.153204289420465e-16,0.005014791153371334,0.9949852228164673,4.615001714114442e-08,0.003823760896921158,0.9961757659912109,4.3012585138058057e-07,0.0029610112154235444,0.9970388412475586,1.587586229456818e-07,1,glioma,True
1131,"[[77]
 [82]
 [48]
 [53]
 [49]
 [52]
 [54]
 [49]
 [66]]",1,1,glioma,True,0.0011458499357104301,0.9988541603088379,2.596687446373125e-23,0.009618442505598068,0.9903815388679504,3.480952722248465e-12,0.00600089319050312,0.9939991235733032,2.3753254918545963e-10,0.005588395210603873,0.9944116075833639,8.033783396924468e-11,1,glioma,True
1132,"[[77]
 [82]
 [48]
 [53]
 [49]
 [54]
 [52]
 [52]]",1,1,glioma,True,0.6371381282806396,0.3037237524986267,0.059138160198926926,0.5016074776649475,0.4978647232055664,0.000527817290276289,0.0654749870300293,0.8928866982460022,0.04163835197687149,0.4014068643252055,0.5648250579833984,0.033768109822024904,1,glioma,True
1133,"[[77]
 [82]
 [48]
 [53]
 [49]
 [54]
 [52]
 [52]]",1,1,glioma,True,0.31411927938461304,0.6687619090080261,0.017118850722908974,0.21084824204444885,0.7648268342018127,0.024324918165802956,0.4794643819332123,0.4135169982910156,0.10701862722635269,0.33481063445409137,0.6157019138336182,0.04948746537168821,1,glioma,True
1134,"[[77]
 [82]
 [48]
 [53]
 [49]
 [54]
 [52]
 [52]]",1,1,glioma,True,2.420002147118794e-06,0.999997615814209,2.3200287524449692e-10,0.00015466797049157321,0.999769389629364,7.59337781346403e-05,0.018394136801362038,0.9812047481536865,0.00040107491076923907,0.006183741591333576,0.9936572511990865,0.00015900297363558488,1,glioma,True
1135,"[[57]
 [57]
 [48]
 [56]
 [57]]",0,0,meningioma,True,0.5217247009277344,0.47794967889785767,0.00032563635613769293,0.5673876404762268,0.43234676122665405,0.0002656158176250756,0.8111045360565186,0.18889111280441284,4.329032890382223e-06,0.6334056258201599,0.36639585097630817,0.00019852706888438357,0,meningioma,True
1136,"[[77]
 [82]
 [48]
 [53]
 [49]
 [54]
 [52]
 [52]]",1,1,glioma,True,1.0873141945921816e-05,0.9999891519546509,7.142230556977935e-11,0.002697839168831706,0.997246265411377,5.5868091294541955e-05,0.34450873732566833,0.6538169384002686,0.0016742914449423552,0.11573914987881533,0.8836841185887655,0.0005767198692197342,1,glioma,True
1137,"[[77]
 [82]
 [48]
 [53]
 [49]
 [54]
 [52]
 [52]]",1,1,glioma,True,6.87205174472183e-05,0.9999312162399292,4.876188688940353e-11,0.012785311788320541,0.987199604511261,1.5057423297548667e-05,0.6191673278808594,0.37960731983184814,0.0012253469321876764,0.2106737867288757,0.7889127135276794,0.00041346813474903735,1,glioma,True
1138,"[[77]
 [82]
 [48]
 [53]
 [49]
 [54]
 [52]
 [52]]",1,1,glioma,True,0.00013720056449528784,0.999862790107727,3.907561080263022e-11,0.13173791766166687,0.8682533502578735,8.730570698389784e-06,0.756160318851471,0.2432723492383957,0.0005673933774232864,0.29601181235921104,0.7037961632013321,0.00019204132906576235,1,glioma,True
1139,"[[77]
 [82]
 [48]
 [53]
 [49]
 [54]
 [52]
 [52]]",1,1,glioma,True,0.00302306585945189,0.9969769716262817,5.3992149293136116e-12,0.8078071475028992,0.19219277799129486,7.594874773531046e-08,0.9347881078720093,0.06519918888807297,1.275926479138434e-05,0.5818727737447867,0.4181229795018832,4.278406312778193e-06,0,meningioma,False
1140,"[[77]
 [82]
 [48]
 [53]
 [49]
 [54]
 [52]
 [52]]",1,1,glioma,True,0.3086315393447876,0.6097956895828247,0.08157281577587128,0.12567143142223358,0.7097960114479065,0.16453252732753754,0.3995996415615082,0.42693057656288147,0.17346979677677155,0.27796753744284314,0.5821740925312042,0.13985837996006012,1,glioma,True
1141,"[[77]
 [82]
 [48]
 [53]
 [49]
 [54]
 [52]
 [52]]",1,1,glioma,True,0.005525506567209959,0.1207212433218956,0.8737532496452332,0.0025617119390517473,0.9734491109848022,0.023989200592041016,0.22132663428783417,0.25976574420928955,0.5189076066017151,0.07647128426469862,0.45131203283866245,0.4722166856129964,2,pituitary,False
1142,"[[77]
 [82]
 [48]
 [53]
 [49]
 [54]
 [52]
 [52]]",1,1,glioma,True,0.0005660988390445709,0.9986604452133179,0.0007734533282928169,0.013422666117548943,0.9535803198814392,0.032997000962495804,0.172799751162529,0.7060753703117371,0.12112490832805634,0.06226283870637417,0.8861053784688314,0.05163178753961498,1,glioma,True
1143,"[[77]
 [82]
 [48]
 [53]
 [49]
 [54]
 [52]
 [52]]",1,1,glioma,True,3.1381952680931136e-07,0.9999985694885254,1.0205368425886263e-06,0.00011191158409928903,0.9989380240440369,0.0009500707965344191,0.0954662635922432,0.6193346381187439,0.2851991355419159,0.03185949633195643,0.872757077217102,0.09538340895843096,1,glioma,True
1144,"[[77]
 [82]
 [48]
 [53]
 [49]
 [54]
 [52]
 [52]]",1,1,glioma,True,1.5597068525607938e-08,1.0,2.6035290590087357e-10,4.9630099965725094e-05,0.9996705055236816,0.00027988041983917356,0.0028360674623399973,0.9963983297348022,0.0007655597291886806,0.0009619043864580826,0.998689611752828,0.0003484801364602534,1,glioma,True
1145,"[[77]
 [82]
 [48]
 [53]
 [49]
 [54]
 [52]
 [52]]",1,1,glioma,True,6.202891711382108e-08,0.9999998807907104,4.863893177109446e-10,3.111103069386445e-05,0.9998451471328735,0.0001237711257999763,0.05029028281569481,0.9464095234870911,0.00330006773583591,0.016773818625101928,0.982084850470225,0.001141279782675068,1,glioma,True
1146,"[[57]
 [57]
 [50]
 [56]
 [56]]",1,0,meningioma,True,0.9694128036499023,0.030587181448936462,1.4659862657140366e-08,0.9273421168327332,0.07255211472511292,0.00010577921057119966,0.2835831940174103,0.7162477374076843,0.00016902637435123324,0.7267793715000153,0.27312901119391125,9.160674826169668e-05,0,meningioma,True
1147,"[[77]
 [82]
 [48]
 [53]
 [49]
 [54]
 [52]
 [52]]",1,1,glioma,True,3.911243027232558e-07,0.9999996423721313,4.523004470957659e-10,0.00027718691853806376,0.9992682337760925,0.00045459414832293987,0.02145938202738762,0.9734034538269043,0.005137198604643345,0.007245653356742802,0.9908904433250427,0.0018639310684222439,1,glioma,True
1148,"[[77]
 [82]
 [48]
 [53]
 [49]
 [54]
 [52]
 [52]]",1,1,glioma,True,1.1123008789581945e-06,0.999998927116394,2.627927597753654e-10,0.00014330005797091872,0.9996910095214844,0.00016579653311055154,0.00941532664000988,0.9900602102279663,0.0005244467756710947,0.0031865796662865855,0.9965833822886149,0.000230081190524802,1,glioma,True
1149,"[[77]
 [82]
 [48]
 [53]
 [49]
 [54]
 [53]
 [49]]",2,1,glioma,True,5.462676563183777e-05,0.9999452829360962,1.3924676522947266e-07,0.07802940905094147,0.9219695329666138,1.0694450338633033e-06,0.16785091161727905,0.832149088382721,2.594598147442895e-10,0.08197831581128412,0.9180213014284769,4.029837529691734e-07,1,glioma,True
1150,"[[77]
 [82]
 [48]
 [53]
 [49]
 [54]
 [53]
 [49]]",2,1,glioma,True,0.0004229394253343344,0.999576985836029,9.516898558104003e-08,0.25391900539398193,0.7460803389549255,7.481756938432227e-07,0.7143844366073608,0.2856155335903168,1.7526199241890694e-11,0.32290879380889237,0.6770909527937571,2.8112073520783487e-07,1,glioma,True
1151,"[[77]
 [82]
 [48]
 [53]
 [49]
 [54]
 [53]
 [49]]",2,1,glioma,True,0.0002482862037140876,0.9997517466545105,6.289810450255118e-09,0.06809671223163605,0.9319028258323669,4.1717865428836376e-07,0.4071711003780365,0.5928288698196411,2.4767548309576753e-14,0.15850536627112888,0.8414944807688395,1.411561631687224e-07,1,glioma,True
1152,"[[77]
 [82]
 [48]
 [53]
 [49]
 [54]
 [53]
 [49]]",2,1,glioma,True,0.0013400083407759666,0.9986599683761597,1.8232095833070616e-09,0.26824429631233215,0.7317553758621216,3.1536697520095913e-07,0.14738576114177704,0.8526142239570618,2.4675645234799662e-14,0.13899002193162838,0.8610098560651144,1.0573006981997048e-07,1,glioma,True
1153,"[[77]
 [82]
 [48]
 [53]
 [49]
 [54]
 [53]
 [49]]",2,1,glioma,True,0.019057568162679672,0.9809424877166748,1.1059083648845558e-09,0.6299843788146973,0.37001562118530273,3.634537648622427e-08,0.363433301448822,0.636566698551178,2.0002238526519583e-13,0.33749174947539967,0.6625082691510519,1.2483828291164696e-08,1,glioma,True
1154,"[[77]
 [82]
 [48]
 [53]
 [49]
 [54]
 [53]
 [49]]",2,1,glioma,True,0.03619496151804924,0.9638050198554993,1.9309018273183653e-10,0.748914361000061,0.25108563899993896,6.0026548176495e-09,0.6238406896591187,0.37615931034088135,6.915249080828578e-13,0.4696500040590763,0.5303499897321066,2.0654788417631396e-09,1,glioma,True
1155,"[[77]
 [82]
 [48]
 [53]
 [49]
 [55]
 [57]
 [54]]",4,1,glioma,True,0.00015150364197324961,0.999842643737793,5.836177933815634e-06,3.4140810178939773e-09,1.0,4.3272413430273104e-10,5.398113717092201e-05,0.999836802482605,0.00010918976477114484,6.84960644083965e-05,0.9998931487401327,3.834212514303159e-05,1,glioma,True
1156,"[[77]
 [82]
 [48]
 [53]
 [49]
 [55]
 [57]
 [54]]",4,1,glioma,True,5.818517365696607e-06,0.9999926090240479,1.6061680980783422e-06,4.719444973710907e-11,1.0,9.173879711443789e-11,4.5554070311482064e-06,0.9999747276306152,2.0701061657746322e-05,3.457990530431517e-06,0.9999891122182211,7.435773831540593e-06,1,glioma,True
1157,"[[57]
 [57]
 [51]
 [48]
 [56]]",3,0,meningioma,True,0.9861279726028442,0.013828967697918415,4.307436756789684e-05,0.9499895572662354,0.04990381747484207,0.00010670652409316972,0.9791922569274902,0.020807502791285515,2.179383074008001e-07,0.9717699289321899,0.028180095988015335,4.999960998948912e-05,0,meningioma,True
1158,"[[77]
 [82]
 [48]
 [53]
 [49]
 [55]
 [57]
 [54]]",4,1,glioma,True,0.00040951810660772026,0.999570906162262,1.9525223251548596e-05,5.097212429916453e-09,1.0,9.706837764134058e-12,7.280798854480963e-06,0.9999779462814331,1.4797971743973903e-05,0.00013893466755821038,0.9998496174812317,1.1441068234120088e-05,1,glioma,True
1159,"[[77]
 [82]
 [48]
 [53]
 [49]
 [55]
 [57]
 [54]]",4,1,glioma,True,0.00019233637431170791,0.9998008608818054,6.8342287704581395e-06,9.842675285920421e-12,1.0,3.099442631802202e-14,1.762651777426072e-06,0.9999908208847046,7.332415407290682e-06,6.469967864393643e-05,0.9999305605888367,4.722214736247749e-06,1,glioma,True
1160,"[[77]
 [82]
 [48]
 [53]
 [49]
 [55]
 [57]
 [54]]",4,1,glioma,True,0.005950930528342724,0.994049072265625,6.851316847189537e-09,2.3487984890380176e-09,1.0,1.2717191059663888e-19,0.0008403224055655301,0.9991594552993774,2.139466914741206e-07,0.0022637517609022475,0.9977361758550009,7.359933610714576e-08,1,glioma,True
1161,"[[77]
 [82]
 [48]
 [53]
 [49]
 [55]
 [57]
 [54]]",4,1,glioma,True,0.005291725043207407,0.9947082996368408,5.832894611756956e-09,1.5979576062363776e-07,0.9999998807907104,6.632667608634611e-20,0.0029862825758755207,0.9970133304595947,3.6974512340748333e-07,0.002759389138281184,0.9972405036290487,1.251926726731022e-07,1,glioma,True
1162,"[[77]
 [82]
 [48]
 [53]
 [49]
 [55]
 [57]
 [54]]",4,1,glioma,True,0.8778488039970398,0.1221512109041214,2.120521293280664e-11,0.01774737611413002,0.9822525978088379,2.8861442288129687e-21,0.3530900478363037,0.6469099521636963,1.6175628614334414e-09,0.4162287426491578,0.5837712536255518,5.462560247897115e-10,1,glioma,True
1163,"[[77]
 [82]
 [48]
 [53]
 [49]
 [54]
 [53]
 [49]
 [66]]",0,1,glioma,True,0.4435913860797882,0.5550521612167358,0.0013564997352659702,0.1390397995710373,0.8538047671318054,0.007155414670705795,0.6591008901596069,0.3367767035961151,0.004122396931052208,0.4139106919368108,0.5818778773148855,0.004211437112341325,1,glioma,True
1164,"[[77]
 [82]
 [48]
 [53]
 [49]
 [54]
 [53]
 [49]
 [66]]",0,1,glioma,True,0.4427405297756195,0.5561862587928772,0.0010732058435678482,0.14075782895088196,0.853862464427948,0.005379768088459969,0.6674402952194214,0.32903560996055603,0.003524071304127574,0.4169795513153076,0.5796947777271271,0.0033256817453851304,1,glioma,True
1165,"[[77]
 [82]
 [48]
 [53]
 [49]
 [54]
 [53]
 [49]
 [66]]",0,1,glioma,True,0.41985926032066345,0.5792474150657654,0.0008933382923714817,0.11311477422714233,0.8835757374763489,0.003309462917968631,0.5806772112846375,0.4178025722503662,0.00152020959649235,0.37121708194414776,0.6268752415974935,0.0019076702689441543,1,glioma,True
1166,"[[77]
 [82]
 [48]
 [53]
 [49]
 [54]
 [53]
 [49]
 [66]]",0,1,glioma,True,0.4220588207244873,0.5774499177932739,0.0004912032163701952,0.1454382687807083,0.8527787327766418,0.0017829821445047855,0.6368723511695862,0.3626355230808258,0.0004920994397252798,0.40145648022492725,0.5976213912169138,0.0009220949335334202,1,glioma,True
1167,"[[77]
 [82]
 [48]
 [53]
 [49]
 [54]
 [53]
 [49]
 [66]]",0,1,glioma,True,0.39371946454048157,0.6057432889938354,0.000537258165422827,0.08288490027189255,0.9160983562469482,0.00101675174664706,0.433180570602417,0.5665266513824463,0.00029274835833348334,0.3032616451382637,0.6961227655410767,0.0006155860901344568,1,glioma,True
1168,"[[57]
 [57]
 [51]
 [48]
 [56]]",3,0,meningioma,True,0.9789409637451172,0.021012352779507637,4.668508699978702e-05,0.8834500908851624,0.11641476303339005,0.0001351017999695614,0.9906710386276245,0.009328333660960197,6.377571253324277e-07,0.9510206977526346,0.04891848315795263,6.080821469822695e-05,0,meningioma,True
1169,"[[77]
 [82]
 [48]
 [53]
 [49]
 [54]
 [53]
 [49]
 [66]]",0,1,glioma,True,0.4347786009311676,0.5649828910827637,0.00023847447300795466,0.1991981416940689,0.8003713488578796,0.000430512212915346,0.628309965133667,0.3716384470462799,5.153369056642987e-05,0.4207622359196345,0.5789975623289744,0.00024017345882991017,1,glioma,True
1170,"[[77]
 [82]
 [48]
 [53]
 [49]
 [54]
 [52]
 [52]
 [66]]",2,1,glioma,True,1.8003033730451534e-08,1.0,2.64311156294994e-10,0.000501516624353826,0.9994964599609375,1.9741996766242664e-06,2.725552690208133e-07,0.9999997615814209,3.493068057025539e-10,0.00016726906088552576,0.9998320738474528,6.582710981954213e-07,1,glioma,True
1171,"[[77]
 [82]
 [48]
 [53]
 [49]
 [54]
 [52]
 [52]
 [66]]",2,1,glioma,True,5.389783552800509e-08,1.0,3.6000504799460487e-09,0.0004767494974657893,0.9995148181915283,8.511241503583733e-06,9.366921403852757e-06,0.9999905824661255,5.440214057017556e-09,0.00016205677223505668,0.9998351335525513,2.840093922706899e-06,1,glioma,True
1172,"[[77]
 [82]
 [48]
 [53]
 [49]
 [54]
 [52]
 [52]
 [66]]",2,1,glioma,True,4.085940474851668e-09,1.0,3.7775258615591056e-11,0.0002323273802176118,0.9997643828392029,3.29854719893774e-06,1.5854739103815518e-06,0.9999984502792358,7.054836714814883e-10,7.797231335615606e-05,0.9999209443728129,1.0997634859559458e-06,1,glioma,True
1173,"[[77]
 [82]
 [48]
 [53]
 [49]
 [54]
 [52]
 [52]
 [66]]",2,1,glioma,True,2.3848218688726774e-07,0.9999997615814209,2.1340984535100915e-09,0.0019000901374965906,0.9980711340904236,2.8799129722756334e-05,2.0546862288028933e-05,0.9999794960021973,5.503081323965375e-10,0.0006402918273238356,0.9993501305580139,9.600604709780747e-06,1,glioma,True
1174,"[[77]
 [82]
 [48]
 [53]
 [49]
 [54]
 [52]
 [52]
 [66]]",2,1,glioma,True,1.6737607211325667e-07,0.9999998807907104,3.29940269550022e-10,0.0006684785475954413,0.9993270635604858,4.492857897275826e-06,1.786291250027716e-05,0.9999821186065674,1.2096313950493709e-09,0.0002288362787226106,0.9997696876525879,1.4981324896468085e-06,1,glioma,True
1175,"[[77]
 [82]
 [48]
 [53]
 [49]
 [54]
 [52]
 [52]
 [66]]",2,1,glioma,True,1.1642307072179392e-05,0.999988317489624,1.263890547775759e-09,0.003758656559512019,0.9962403774261475,9.005698302644305e-07,0.00015188538236543536,0.9998481273651123,5.690114351919462e-11,0.001307394749649878,0.9986922740936279,3.0063020731857515e-07,1,glioma,True
1176,"[[77]
 [82]
 [48]
 [53]
 [49]
 [54]
 [52]
 [52]
 [66]]",2,1,glioma,True,8.687257832207251e-06,0.9999912977218628,2.394586195997306e-10,0.0006954430136829615,0.9993042945861816,1.9332991030296398e-07,5.69927433389239e-05,0.9999430179595947,8.775181137288257e-10,0.00025370767161803087,0.9997462034225464,6.481562901209752e-08,1,glioma,True
1177,"[[77]
 [82]
 [48]
 [53]
 [49]
 [55]
 [57]
 [54]
 [66]]",4,1,glioma,True,4.2750225475174375e-06,0.9999573230743408,3.837388430838473e-05,1.4531963956829208e-12,1.0,1.22633162305541e-11,1.663680814090185e-05,0.9996519088745117,0.0003313754277769476,6.970610713871894e-06,0.9998697439829508,0.00012324977478288287,1,glioma,True
1178,"[[77]
 [82]
 [48]
 [53]
 [49]
 [55]
 [57]
 [54]
 [66]]",4,1,glioma,True,7.6694077506545e-06,0.999906063079834,8.626059570815414e-05,5.53926739546573e-12,1.0,9.58296428321681e-11,1.5702231394243427e-05,0.9997223019599915,0.0002619163424242288,7.790548228055107e-06,0.9998761216799418,0.00011605901132067525,1,glioma,True
1179,"[[57]
 [57]
 [51]
 [48]
 [56]]",3,0,meningioma,True,0.9077983498573303,0.09210025519132614,0.00010138440848095343,0.46025940775871277,0.5396657586097717,7.480806380044669e-05,0.9892403483390808,0.010757043026387691,2.650661144798505e-06,0.7857660353183746,0.2141743522758285,5.9614377808732875e-05,0,meningioma,True
1180,"[[77]
 [82]
 [48]
 [53]
 [49]
 [55]
 [57]
 [54]
 [66]]",4,1,glioma,True,1.6531890523197035e-08,0.9999998807907104,1.552367763224538e-07,3.289030560491707e-13,1.0,1.7317135952207158e-13,2.696358251341735e-06,0.9999560117721558,4.1260773286921903e-05,9.042968235893294e-07,0.9999852975209554,1.3805336745471906e-05,1,glioma,True
1181,"[[77]
 [82]
 [48]
 [53]
 [50]
 [53]
 [53]
 [48]]",0,1,glioma,True,0.5177810192108154,0.48183950781822205,0.0003794897347688675,0.28673654794692993,0.7113750576972961,0.00188841437920928,0.4211834967136383,0.5785118937492371,0.00030460802372545004,0.40856702129046124,0.5905754864215851,0.0008575040459011992,1,glioma,True
1182,"[[77]
 [82]
 [48]
 [53]
 [50]
 [53]
 [53]
 [48]]",0,1,glioma,True,0.388175368309021,0.609510064125061,0.0023145624436438084,0.03989602252840996,0.9572694897651672,0.002834524493664503,0.005954090040177107,0.9938931465148926,0.00015284486289601773,0.14467516029253602,0.8535575668017069,0.0017673106000681098,1,glioma,True
1183,"[[77]
 [82]
 [48]
 [53]
 [50]
 [53]
 [53]
 [48]]",0,1,glioma,True,0.4452004134654999,0.5531046390533447,0.0016949576092883945,0.09990304708480835,0.8950733542442322,0.005023617297410965,0.20375408232212067,0.7948604822158813,0.001385429291985929,0.2496191809574763,0.7476794918378195,0.0027013347328950963,1,glioma,True
1184,"[[77]
 [82]
 [48]
 [53]
 [50]
 [53]
 [53]
 [48]]",0,1,glioma,True,0.43821805715560913,0.5599769949913025,0.0018049293430522084,0.0918506607413292,0.903160810470581,0.004988564644008875,0.24001842737197876,0.7589260339736938,0.0010556100169196725,0.256695715089639,0.7406879464785258,0.0026163680013269186,1,glioma,True
1185,"[[77]
 [82]
 [48]
 [53]
 [49]
 [54]
 [52]
 [52]
 [67]]",2,1,glioma,True,0.0013672754867002368,0.9986298084259033,2.928207777586067e-06,0.032196350395679474,0.9674503207206726,0.0003533120616339147,0.019002610817551613,0.9809905290603638,6.950822807993973e-06,0.017522078899977107,0.9823568860689799,0.00012106369740649825,1,glioma,True
1186,"[[77]
 [82]
 [48]
 [53]
 [49]
 [54]
 [52]
 [52]
 [67]]",2,1,glioma,True,4.7531432301184395e-07,0.9999995231628418,1.6519654977287246e-08,0.0026152743957936764,0.9973589777946472,2.5709348847158253e-05,0.0018083828035742044,0.9981916546821594,1.4750933807761157e-08,0.0014747108378969642,0.9985167185465494,8.580206478647767e-06,1,glioma,True
1187,"[[77]
 [82]
 [48]
 [53]
 [49]
 [54]
 [52]
 [52]
 [67]]",2,1,glioma,True,6.6018760662700515e-06,0.9999934434890747,1.9176864540781935e-09,0.002658282173797488,0.9973403811454773,1.249810907211213e-06,0.0002331027208128944,0.9997668862342834,7.7100556841736e-12,0.0009659955902255509,0.9990335702896118,4.172454345736584e-07,1,glioma,True
1188,"[[77]
 [82]
 [48]
 [53]
 [49]
 [54]
 [52]
 [52]
 [67]]",2,1,glioma,True,1.5177222394413548e-06,0.9999984502792358,1.9264717598943548e-10,0.00048767379485070705,0.9995119571685791,3.2089644719235366e-07,4.687601904151961e-05,0.9999531507492065,1.510894187539691e-11,0.000178689178710556,0.9998211860656738,1.070347344367395e-07,1,glioma,True
1189,"[[77]
 [82]
 [48]
 [53]
 [49]
 [54]
 [52]
 [52]
 [67]]",2,1,glioma,True,4.7238867750820646e-07,0.9999994039535522,8.515165461631113e-08,0.0029691129457205534,0.9969702959060669,6.0559556004591286e-05,0.0007875863229855895,0.9992122650146484,1.6026930893531244e-07,0.0012523905524612171,0.9987273216247559,2.0268325656047637e-05,1,glioma,True
1190,"[[57]
 [57]
 [51]
 [48]
 [56]]",3,0,meningioma,True,0.9217519164085388,0.0782434344291687,4.600384727382334e-06,0.6985912919044495,0.30140751600265503,1.1488485824884265e-06,0.9586185216903687,0.04138142615556717,4.348063686876458e-09,0.859653910001119,0.1403441255291303,1.9178604578525458e-06,0,meningioma,True
1191,"[[77]
 [82]
 [48]
 [53]
 [49]
 [54]
 [52]
 [52]
 [67]]",2,1,glioma,True,2.655662569850392e-07,0.9999997615814209,3.37033796427022e-08,0.0031582743395119905,0.9967998266220093,4.1834147850750014e-05,0.0004340045270510018,0.9995660185813904,3.526794412067602e-09,0.0011975148109399925,0.9987885355949402,1.3957126008268261e-05,1,glioma,True
1192,"[[77]
 [82]
 [48]
 [53]
 [49]
 [54]
 [52]
 [52]
 [67]]",2,1,glioma,True,1.3537977849864546e-07,0.9999998807907104,8.451461752656542e-09,0.0016984021058306098,0.9981511235237122,0.00015042752784211189,0.00013641512487083673,0.9998636245727539,1.0441204567612772e-09,0.0006116508701599818,0.9993382096290588,5.014567447477377e-05,1,glioma,True
1193,"[[77]
 [82]
 [48]
 [53]
 [49]
 [54]
 [52]
 [52]
 [67]]",2,1,glioma,True,6.311567091188408e-08,0.9999998807907104,2.833245638100834e-09,0.0018969859229400754,0.9980791807174683,2.38292632275261e-05,3.0376882932614535e-05,0.9999696016311646,5.34124022788518e-10,0.0006424753071812006,0.9993495543797811,7.94421019906233e-06,1,glioma,True
1194,"[[77]
 [82]
 [48]
 [53]
 [49]
 [54]
 [52]
 [52]
 [67]]",2,1,glioma,True,5.395245139538929e-08,1.0,1.7046807299081479e-09,0.0011156753171235323,0.9988797307014465,4.620574600266991e-06,2.977730218844954e-06,0.9999970197677612,1.9771860537698416e-10,0.0003729023332645909,0.999625583489736,1.540825666534092e-06,1,glioma,True
1195,"[[77]
 [82]
 [48]
 [53]
 [49]
 [54]
 [52]
 [52]
 [67]]",2,1,glioma,True,3.0361178016136137e-09,1.0,1.9001260634365913e-11,0.0004141735262237489,0.9995848536491394,9.396060818289698e-07,2.781510204385995e-07,0.9999997615814209,1.9697523126471772e-11,0.00013815157112066304,0.9998615384101868,3.132149268709102e-07,1,glioma,True
1196,"[[77]
 [82]
 [48]
 [53]
 [49]
 [54]
 [52]
 [52]
 [67]]",2,1,glioma,True,4.431568445539824e-09,1.0,1.5056541083358077e-11,0.00027259771013632417,0.9997267127037048,7.159462711570086e-07,8.978033292805776e-06,0.9999910593032837,4.07760075704644e-11,9.386005833252516e-05,0.9999059240023295,2.3866736790188747e-07,1,glioma,True
1197,"[[77]
 [82]
 [48]
 [53]
 [49]
 [54]
 [52]
 [52]
 [67]]",2,1,glioma,True,2.0809132195154234e-08,1.0,5.518179316266192e-11,0.0005036877701058984,0.9994946718215942,1.6483373883602326e-06,0.0004099510842934251,0.9995900988578796,3.5362181932674375e-11,0.00030455322117717287,0.9996949235598246,5.494759774451093e-07,1,glioma,True
1198,"[[77]
 [82]
 [48]
 [52]
 [57]
 [57]
 [52]
 [50]
 [66]]",3,1,glioma,True,0.0006307527073659003,0.9976608753204346,0.0017082603881135583,0.0006268759607337415,0.9989179372787476,0.0004551851307041943,1.771626375557389e-05,0.9999762773513794,5.992616934236139e-06,0.0004251149772850719,0.9988516966501871,0.000723146045250663,1,glioma,True
1199,"[[77]
 [82]
 [48]
 [52]
 [57]
 [57]
 [52]
 [50]
 [66]]",3,1,glioma,True,0.00012396372039802372,0.9998359680175781,4.005005393992178e-05,9.347233572043478e-06,0.9999663829803467,2.4271110305562615e-05,6.765841362721403e-07,0.9999964237213135,2.9010673188167857e-06,4.466251270211311e-05,0.9999329249064127,2.240741052143373e-05,1,glioma,True
1200,"[[77]
 [82]
 [48]
 [52]
 [57]
 [57]
 [52]
 [50]
 [66]]",3,1,glioma,True,0.00016519940982107073,0.9998002648353577,3.461720916675404e-05,4.741354860016145e-05,0.9999003410339355,5.216435238253325e-05,5.093914751341799e-06,0.9999902248382568,4.6808931983832736e-06,7.256895772419132e-05,0.9998969435691833,3.048748491589019e-05,1,glioma,True
1201,"[[57]
 [57]
 [51]
 [48]
 [56]]",3,0,meningioma,True,0.9786834716796875,0.021316610276699066,6.24778284663563e-10,0.8414549231529236,0.15854506194591522,2.888805306078268e-10,0.9776181578636169,0.022381849586963654,3.9992748696038305e-14,0.9325855175654093,0.06741450726985931,3.045662693400286e-10,0,meningioma,True
1202,"[[77]
 [82]
 [48]
 [53]
 [50]
 [53]
 [56]
 [53]
 [66]]",1,1,glioma,True,3.6611571413436295e-11,1.0,1.902081547822121e-10,2.7770262022386305e-05,0.9997329115867615,0.00023925666755530983,0.0003001961449626833,0.9996604919433594,3.929103695554659e-05,0.00010932214786554702,0.9997978011767069,9.28492982396704e-05,1,glioma,True
1203,"[[77]
 [82]
 [48]
 [53]
 [50]
 [53]
 [56]
 [53]
 [66]]",1,1,glioma,True,2.4557446354211976e-11,1.0,9.291122732291157e-11,3.188405571563635e-06,0.9999762773513794,2.0533398128463887e-05,0.0007099442300386727,0.9990887641906738,0.0002012730692513287,0.00023771088672256088,0.9996883471806844,7.393552009700664e-05,1,glioma,True
1204,"[[77]
 [82]
 [48]
 [53]
 [50]
 [53]
 [56]
 [53]
 [66]]",1,1,glioma,True,4.473819318479011e-13,1.0,2.5414603147672077e-12,2.497030209269724e-07,0.999998927116394,8.213324917960563e-07,7.147174619603902e-05,0.9998979568481445,3.0486758987535723e-05,2.3907149888115974e-05,0.9999656279881796,1.043603134026403e-05,1,glioma,True
1205,"[[77]
 [82]
 [48]
 [52]
 [55]
 [57]
 [53]
 [51]
 [67]]",2,1,glioma,True,4.4486851038527675e-06,0.9999101161956787,8.551435894332826e-05,0.0027561630122363567,0.9969865679740906,0.0002572960511315614,0.008227728307247162,0.9916266202926636,0.00014561321586370468,0.0036627800015291236,0.9961744348208109,0.00016280787531286478,1,glioma,True
1206,"[[77]
 [82]
 [48]
 [52]
 [55]
 [57]
 [53]
 [51]
 [67]]",2,1,glioma,True,1.5651335161237512e-06,0.9999723434448242,2.608630711620208e-05,0.0037553035654127598,0.996094286441803,0.00015041534788906574,0.0075988066382706165,0.9923797845840454,2.1399217075668275e-05,0.0037852251123998335,0.9961488048235575,6.596695736031204e-05,1,glioma,True
1207,"[[77]
 [82]
 [48]
 [52]
 [55]
 [57]
 [53]
 [51]
 [67]]",2,1,glioma,True,1.0399667189631145e-05,0.9999303817749023,5.924757715547457e-05,0.005061776377260685,0.9948326349258423,0.00010556822962826118,0.0002473542117513716,0.9997522234916687,5.027088150200143e-07,0.0017731767520672292,0.9981717467308044,5.510617186625192e-05,1,glioma,True
1208,"[[77]
 [82]
 [48]
 [52]
 [55]
 [57]
 [53]
 [51]
 [67]]",2,1,glioma,True,2.5258804825512016e-08,1.0,2.1003327077551148e-08,0.0014840317890048027,0.9985021352767944,1.3789902368444018e-05,0.0008242760086432099,0.9991753697395325,4.0141824797501613e-07,0.0007694443521509461,0.9992258350054423,4.737441314498862e-06,1,glioma,True
1209,"[[77]
 [82]
 [48]
 [53]
 [51]
 [49]
 [49]
 [48]
 [66]]",3,1,glioma,True,0.0012039768043905497,0.9987150430679321,8.094151417026296e-05,4.253491715644486e-05,0.9999488592147827,8.635288395453244e-06,1.7538995962240733e-06,0.999994158744812,4.0313707359018736e-06,0.00041608854038107285,0.9995526870091757,3.1202724433872696e-05,1,glioma,True
1210,"[[77]
 [82]
 [48]
 [53]
 [51]
 [49]
 [49]
 [48]
 [66]]",3,1,glioma,True,3.0569070077035576e-05,0.9999631643295288,6.3424877225770615e-06,4.427174182808358e-09,0.9999997615814209,2.851646172530309e-07,4.913804918516007e-09,0.9999740123748779,2.6005149265984073e-05,1.0192803685378967e-05,0.9999789794286092,1.0877600535271389e-05,1,glioma,True
1211,"[[77]
 [82]
 [48]
 [53]
 [51]
 [49]
 [49]
 [48]
 [66]]",3,1,glioma,True,1.8428436305839568e-06,0.9999980926513672,1.5689570886934234e-07,6.557329679246493e-10,1.0,2.8858236689188743e-08,1.373801072901415e-10,0.9999996423721313,3.729070670033252e-07,6.145455812197239e-07,0.9999992450078329,1.8622033752061876e-07,1,glioma,True
1212,"[[49]
 [48]
 [48]
 [56]
 [50]
 [48]]",3,1,glioma,True,0.8236768841743469,0.16477705538272858,0.011546059511601925,0.19464772939682007,0.7970318794250488,0.00832047127187252,0.7443185448646545,0.2554178237915039,0.0002636585268191993,0.5875477194786072,0.4057422528664271,0.006710063103431215,0,meningioma,False
1213,"[[77]
 [82]
 [48]
 [53]
 [51]
 [49]
 [49]
 [48]
 [66]]",3,1,glioma,True,8.949526204560243e-07,0.9999985694885254,4.53170230230171e-07,9.934669753519643e-10,1.0,3.2073806721655274e-08,3.124195780551675e-12,1.0,1.2942512839231313e-08,2.986497372090523e-07,0.9999995231628418,1.6606218326368585e-07,1,glioma,True
1214,"[[77]
 [82]
 [48]
 [53]
 [51]
 [49]
 [49]
 [48]
 [66]]",3,1,glioma,True,1.1817027143479208e-06,0.9999986886978149,7.842796634349725e-08,1.7940775531855024e-09,1.0,5.280051507128292e-09,8.981108391703518e-12,1.0,2.22374252345503e-09,3.9450192433649933e-07,0.9999995628992716,2.8643920124693523e-08,1,glioma,True
1215,"[[77]
 [82]
 [48]
 [53]
 [51]
 [49]
 [49]
 [48]
 [66]]",3,1,glioma,True,7.920078815004672e-07,0.9999991655349731,2.9056993255949237e-08,1.0072779055292358e-08,1.0,4.627293215264672e-09,1.0145188855670284e-10,1.0,3.0968032582734395e-09,2.6739403748143875e-07,0.9999997218449911,1.226036324316245e-08,1,glioma,True
1216,"[[77]
 [82]
 [48]
 [51]
 [52]
 [54]
 [57]
 [52]]",2,1,glioma,True,2.0479468787470978e-07,0.9999948740005493,4.834867922909325e-06,0.005061811301857233,0.9940713047981262,0.000866846414282918,9.68208314588992e-06,0.9999535083770752,3.681416637846269e-05,0.0016905660598969992,0.9980065623919169,0.00030283181619476335,1,glioma,True
1217,"[[77]
 [82]
 [48]
 [51]
 [52]
 [54]
 [57]
 [52]]",2,1,glioma,True,4.16984358153627e-09,1.0,4.848693668790816e-10,0.0004329727089498192,0.9995594620704651,7.491920314350864e-06,2.0820552890654653e-06,0.9999972581863403,7.298928608179267e-07,0.0001450196446941554,0.9998522400856018,2.740766014845223e-06,1,glioma,True
1218,"[[77]
 [82]
 [48]
 [51]
 [52]
 [54]
 [57]
 [52]]",2,1,glioma,True,4.816465093426814e-08,1.0,8.60192805873794e-09,0.0005461549153551459,0.999432384967804,2.146883161913138e-05,1.182868274440807e-07,0.9999998807907104,3.0550797447403966e-08,0.00018210712227784143,0.9998107552528381,7.169328114879174e-06,1,glioma,True
1219,"[[77]
 [82]
 [48]
 [51]
 [52]
 [54]
 [57]
 [52]]",2,1,glioma,True,1.6123068462547963e-06,0.9999983310699463,1.4942418857799566e-08,0.004196870606392622,0.9957752823829651,2.789910649880767e-05,0.0001354005216853693,0.9998645782470703,6.004483577015662e-09,0.0014446278116414153,0.9985460638999939,9.306684467080828e-06,1,glioma,True
1220,"[[77]
 [82]
 [48]
 [53]
 [52]
 [54]
 [56]
 [51]]",3,1,glioma,True,0.00016289936320390552,0.9990389347076416,0.0007981601520441473,6.235495106921007e-07,0.9997523427009583,0.00024706634576432407,1.3144536126219464e-07,0.9999192953109741,8.062816050369292e-05,5.455145269195327e-05,0.9995701909065247,0.00037528488610405475,1,glioma,True
1221,"[[77]
 [82]
 [48]
 [53]
 [52]
 [54]
 [56]
 [51]]",3,1,glioma,True,0.00038939982187002897,0.998607337474823,0.001003288896754384,1.820191073420574e-06,0.9995889067649841,0.0004092925228178501,3.465335112196044e-06,0.9993033409118652,0.0006931364769116044,0.0001315617826852152,0.9991665283838908,0.0007019059654946128,1,glioma,True
1222,"[[77]
 [82]
 [48]
 [53]
 [52]
 [54]
 [56]
 [51]]",3,1,glioma,True,6.706820568069816e-05,0.9998358488082886,9.701328235678375e-05,4.845839285394504e-08,0.9999823570251465,1.7617689081816934e-05,1.6847716111101363e-08,0.9999799728393555,1.997064464376308e-05,2.2377837263221068e-05,0.9999327262242635,4.486720536078792e-05,1,glioma,True
1223,"[[49]
 [48]
 [49]
 [55]
 [57]
 [55]]",3,0,meningioma,True,0.6389033198356628,0.36062613129615784,0.00047059368807822466,0.2749398648738861,0.7242398858070374,0.0008203022880479693,0.9072781205177307,0.09269227087497711,2.961674181278795e-05,0.6070404350757599,0.39251942932605743,0.00044017090597966063,0,meningioma,True
1224,"[[49]
 [48]
 [48]
 [56]
 [50]
 [48]]",3,1,glioma,True,0.922320544719696,0.07458788901567459,0.003091576509177685,0.22095082700252533,0.7768735885620117,0.002175586763769388,0.9787171483039856,0.02122456580400467,5.829629662912339e-05,0.7073295066754023,0.290895347793897,0.001775153189858732,0,meningioma,False
1225,"[[77]
 [82]
 [48]
 [53]
 [52]
 [56]
 [55]
 [53]]",0,1,glioma,True,0.3779338598251343,0.6174074411392212,0.004658689256757498,0.041383687406778336,0.9510898590087891,0.007526465691626072,0.01921156421303749,0.9794932007789612,0.0012952282559126616,0.14617637048165003,0.8493301669756571,0.0044934610680987435,1,glioma,True
1226,"[[77]
 [82]
 [48]
 [53]
 [52]
 [56]
 [55]
 [53]]",0,1,glioma,True,0.43908992409706116,0.5574406385421753,0.003469400107860565,0.08021583408117294,0.9099934697151184,0.009790738113224506,0.050570789724588394,0.9477341175079346,0.0016951003344729543,0.18995884930094084,0.805056075255076,0.004985079518519342,1,glioma,True
1227,"[[77]
 [82]
 [48]
 [53]
 [52]
 [56]
 [55]
 [53]]",0,1,glioma,True,0.44273707270622253,0.5545478463172913,0.0027150027453899384,0.08574876189231873,0.9084423780441284,0.0058088041841983795,0.052898988127708435,0.9464126229286194,0.0006883758469484746,0.1937949409087499,0.8031342824300131,0.003070727592178931,1,glioma,True
1228,"[[77]
 [82]
 [48]
 [53]
 [52]
 [56]
 [55]
 [53]]",0,1,glioma,True,0.3693256378173828,0.6236435174942017,0.007030849810689688,0.04261652007699013,0.9473549127578735,0.010028659366071224,0.03358835726976395,0.9615749716758728,0.0048366752453148365,0.14851017172137895,0.8441911339759827,0.0072987281406919164,1,glioma,True
1229,"[[77]
 [82]
 [48]
 [53]
 [48]
 [54]
 [56]
 [55]
 [67]]",1,1,glioma,True,0.026922235265374184,0.9730511903762817,2.6517796868574806e-05,0.03850116580724716,0.9612976312637329,0.00020117987878620625,0.05184554308652878,0.9479260444641113,0.00022834069386590272,0.03908964805305004,0.9607582887013754,0.00015201278984022792,1,glioma,True
1230,"[[77]
 [82]
 [48]
 [53]
 [48]
 [54]
 [56]
 [55]
 [67]]",1,1,glioma,True,2.7969505822511564e-08,0.999933123588562,6.691646558465436e-05,0.00014822751109022647,0.9986321330070496,0.001219645724631846,0.00037763157160952687,0.9992757439613342,0.0003466687339823693,0.00017529568406852528,0.9992803335189819,0.0005444103080662899,1,glioma,True
1231,"[[77]
 [82]
 [48]
 [53]
 [48]
 [54]
 [56]
 [55]
 [67]]",1,1,glioma,True,7.294765347332088e-10,0.999613344669342,0.0003866516053676605,0.000294072728138417,0.9806852340698242,0.019020700827240944,4.571416866383515e-05,0.9994115829467773,0.0005426424904726446,0.00011326254209292896,0.9932367205619812,0.00664999830769375,1,glioma,True
1232,"[[77]
 [82]
 [48]
 [53]
 [48]
 [54]
 [56]
 [55]
 [67]]",1,1,glioma,True,1.3461730341557399e-10,0.9997454285621643,0.00025459565222263336,2.4649732495163335e-06,0.9994837045669556,0.0005138163105584681,0.0002529703197069466,0.9959243535995483,0.003822688013315201,8.514514252458878e-05,0.9983844955762228,0.0015303666586987674,1,glioma,True
1233,"[[77]
 [82]
 [48]
 [53]
 [48]
 [54]
 [56]
 [55]
 [67]]",1,1,glioma,True,1.6854564965917973e-10,0.9993957281112671,0.0006042750319465995,9.455736176278151e-07,0.9997512698173523,0.0002477692614775151,8.7426342361141e-05,0.999358594417572,0.0005539496778510511,2.945736150813949e-05,0.9995018641153971,0.0004686646570917219,1,glioma,True
1234,"[[77]
 [82]
 [48]
 [53]
 [54]
 [49]
 [52]
 [52]]",1,1,glioma,True,2.6458670809859086e-09,1.0,5.51066481335738e-09,0.0011554793454706669,0.9986598491668701,0.000184642689418979,0.0012289111036807299,0.9987395405769348,3.150144766550511e-05,0.0007947976983394925,0.9991331299146017,7.204988258309915e-05,1,glioma,True
1235,"[[49]
 [48]
 [48]
 [51]
 [54]
 [48]]",2,0,meningioma,True,0.8333799242973328,0.16661995649337769,5.4145363748148156e-08,0.5021819472312927,0.4978179633617401,1.1434075730676341e-07,0.9249873161315918,0.07501265406608582,3.9702769960570095e-09,0.7535163958867391,0.2464835246404012,5.7485466016989527e-08,0,meningioma,True
1236,"[[77]
 [82]
 [48]
 [53]
 [54]
 [49]
 [52]
 [52]]",1,1,glioma,True,2.709166224690307e-08,1.0,4.573146028530317e-10,0.00025334194651804864,0.9997386336326599,7.925824320409447e-06,0.0003152961435262114,0.9996777772903442,6.971075436013052e-06,0.00018955506056883564,0.9998054703076681,4.965785690341784e-06,1,glioma,True
1237,"[[77]
 [82]
 [48]
 [53]
 [54]
 [49]
 [52]
 [52]]",1,1,glioma,True,1.7175871391827968e-07,0.9999998807907104,2.632151658091275e-12,0.0005289477412588894,0.9994699358940125,1.1956931302847806e-06,0.0006188644911162555,0.9993788003921509,2.2454735244537005e-06,0.0003826613303630211,0.9996162056922913,1.1470564289633798e-06,1,glioma,True
1238,"[[77]
 [82]
 [48]
 [51]
 [52]
 [57]
 [57]
 [55]]",0,1,glioma,True,0.40726450085639954,0.5923519134521484,0.000383547943783924,0.08931469917297363,0.9098933339118958,0.0007918966584838927,0.006995751988142729,0.9930011034011841,3.1988163300411543e-06,0.16785831733917198,0.8317487835884094,0.00039288113953261927,1,glioma,True
1239,"[[77]
 [82]
 [48]
 [51]
 [52]
 [57]
 [57]
 [55]]",0,1,glioma,True,0.38978689908981323,0.6097235083580017,0.0004896165919490159,0.07617676258087158,0.9229124784469604,0.000910701637621969,0.024177726358175278,0.9758188128471375,3.455590785961249e-06,0.1633804626762867,0.8361515998840332,0.0004679246067856487,1,glioma,True
1240,"[[77]
 [82]
 [48]
 [51]
 [52]
 [57]
 [57]
 [55]]",0,1,glioma,True,0.3863939046859741,0.6131229400634766,0.00048315292224287987,0.07300223410129547,0.9260500073432922,0.0009477235144004226,0.04630570113658905,0.953687846660614,6.4846808527363464e-06,0.16856727997461954,0.8309535980224609,0.0004791203724986796,1,glioma,True
1241,"[[77]
 [82]
 [48]
 [51]
 [52]
 [57]
 [57]
 [55]]",0,1,glioma,True,0.36600157618522644,0.6333662867546082,0.0006321494583971798,0.04546540230512619,0.9535830616950989,0.0009515784331597388,0.010808500461280346,0.9891875386238098,3.958323304686928e-06,0.14075849298387766,0.8587122956911722,0.0005292287382872018,1,glioma,True
1242,"[[77]
 [82]
 [48]
 [51]
 [52]
 [57]
 [57]
 [55]]",0,1,glioma,True,0.3753756880760193,0.6240355372428894,0.0005887222359888256,0.04489314928650856,0.9541921019554138,0.0009148155804723501,0.006219233386218548,0.9937785267829895,2.267259333166294e-06,0.14216269024958214,0.8573353886604309,0.0005019350252647806,1,glioma,True
1243,"[[77]
 [82]
 [48]
 [51]
 [52]
 [57]
 [57]
 [55]]",0,1,glioma,True,0.36892208456993103,0.6304594874382019,0.000618499587289989,0.040103547275066376,0.9590387940406799,0.0008577044936828315,0.0024977473076432943,0.9975014328956604,8.44576447889267e-07,0.1371744597175469,0.8623332381248474,0.0004923495524735699,1,glioma,True
1244,"[[77]
 [82]
 [48]
 [51]
 [52]
 [57]
 [57]
 [55]]",0,1,glioma,True,0.3481371998786926,0.6510542035102844,0.0008085876470431685,0.028898101300001144,0.9703441858291626,0.0007576404605060816,0.0002927851746790111,0.999707043170929,1.5243222151184455e-07,0.1257760287844576,0.873701810836792,0.000522126846590254,1,glioma,True
1245,"[[77]
 [82]
 [48]
 [50]
 [57]
 [50]
 [48]
 [57]
 [69]]",4,1,glioma,True,2.6779149564504223e-08,1.0,1.2101013524556947e-08,1.3926437992172955e-14,1.0,1.5227151950372025e-13,8.631584933027625e-06,0.9999613761901855,3.0095865440671332e-05,2.886121365506189e-06,0.9999871253967285,1.0035988868822469e-05,1,glioma,True
1246,"[[49]
 [48]
 [48]
 [51]
 [54]
 [48]]",2,0,meningioma,True,0.9660829901695251,0.03391674533486366,2.0541706646781677e-07,0.6209812760353088,0.37901854515075684,2.573643769210321e-07,0.9863070845603943,0.013692858628928661,2.1366285130053342e-10,0.857790450255076,0.14220938303818306,1.543317020800498e-07,0,meningioma,True
1247,"[[77]
 [82]
 [48]
 [50]
 [57]
 [50]
 [48]
 [57]
 [69]]",4,1,glioma,True,2.6126056127395714e-06,0.9999972581863403,9.428393354937725e-08,3.885796632380201e-12,1.0,1.18511006130112e-12,1.9810913727269508e-05,0.9999613761901855,1.8881995856645517e-05,7.474507741935237e-06,0.9999862114588419,6.325426991768319e-06,1,glioma,True
1248,"[[77]
 [82]
 [48]
 [50]
 [57]
 [50]
 [48]
 [57]
 [69]]",4,1,glioma,True,2.127601561596748e-07,0.9999996423721313,6.553645448548195e-08,5.0101769955013253e-11,1.0,8.055441036436406e-11,3.6378729419084266e-05,0.9999312162399292,3.2447998819407076e-05,1.2197179892337965e-05,0.9999769528706869,1.083787194276764e-05,1,glioma,True
1249,"[[77]
 [82]
 [48]
 [50]
 [57]
 [50]
 [48]
 [57]
 [69]]",4,1,glioma,True,2.6556292596069397e-06,0.9999964237213135,1.0098539178216015e-06,3.613091492660203e-10,1.0,2.8126118101212683e-10,6.386864697560668e-05,0.9998615980148315,7.450974953826517e-05,2.2174879181454294e-05,0.9999526739120483,2.5173294905755927e-05,1,glioma,True
1250,"[[77]
 [82]
 [48]
 [50]
 [57]
 [50]
 [48]
 [57]
 [69]]",4,1,glioma,True,2.5655835997895338e-06,0.9999969005584717,4.798782811121782e-07,8.009055085800298e-10,1.0,1.7195087020915878e-10,1.7702390323393047e-05,0.9999395608901978,4.262442598701455e-05,6.756258276230387e-06,0.9999788204828898,1.4368158739665645e-05,1,glioma,True
1251,"[[77]
 [82]
 [48]
 [50]
 [57]
 [50]
 [48]
 [57]
 [69]]",4,1,glioma,True,3.7455967685673386e-05,0.9999610185623169,1.5094868786036386e-06,7.552843683811261e-09,1.0,4.102008455131312e-10,2.7412810595706105e-05,0.9999420642852783,3.0460319976555184e-05,2.1625443708354435e-05,0.9999676942825317,1.0656739018668112e-05,1,glioma,True
1252,"[[77]
 [82]
 [48]
 [50]
 [57]
 [50]
 [48]
 [57]
 [69]]",4,1,glioma,True,8.335222290156707e-09,1.0,1.8312301008904797e-08,4.181253799684197e-14,1.0,6.360152205245329e-14,2.2090350171311002e-07,0.9999986886978149,1.0495807600818807e-06,7.641292193860158e-08,0.9999995628992716,3.5596437489743586e-07,1,glioma,True
1253,"[[77]
 [82]
 [48]
 [50]
 [57]
 [50]
 [48]
 [57]
 [69]]",4,1,glioma,True,1.0029302188740985e-07,0.9999997615814209,1.45389293493281e-07,2.088546485279688e-13,1.0,5.057018782135721e-15,6.162017740507508e-08,0.9999994039535522,4.2786015796991705e-07,5.397113604904449e-08,0.9999997218449911,1.910831521734056e-07,1,glioma,True
1254,"[[77]
 [82]
 [48]
 [50]
 [57]
 [50]
 [48]
 [57]
 [69]]",4,1,glioma,True,0.00013189547462388873,0.9998677968978882,2.553269666805136e-07,2.4880259311133024e-11,1.0,1.778079486039284e-17,1.191971364278288e-06,0.9999982118606567,6.212291623342026e-07,4.436249028947544e-05,0.9999553362528483,2.9218537634416567e-07,1,glioma,True
1255,"[[77]
 [82]
 [48]
 [53]
 [51]
 [49]
 [49]
 [48]
 [69]]",3,1,glioma,True,0.0023770020343363285,0.9934002161026001,0.004222866613417864,1.644195981498342e-05,0.9991618394851685,0.0008217512513510883,3.1837560072744964e-06,0.9982008934020996,0.0017958269454538822,0.0007988759167195288,0.9969209829966227,0.002280148270074278,1,glioma,True
1256,"[[77]
 [82]
 [48]
 [53]
 [51]
 [49]
 [49]
 [48]
 [69]]",3,1,glioma,True,0.023459315299987793,0.9509063959121704,0.025634348392486572,0.002083555329591036,0.989069402217865,0.00884709507226944,0.0001727849303279072,0.9798755645751953,0.01995166949927807,0.008571885186635578,0.9732837875684103,0.01814437098801136,1,glioma,True
1257,"[[49]
 [48]
 [48]
 [51]
 [54]
 [48]]",2,0,meningioma,True,0.973086416721344,0.02691195346415043,1.5954830132614006e-06,0.6594011783599854,0.34059828519821167,4.816195655621414e-07,0.9709866642951965,0.029013320803642273,1.9355855807035027e-10,0.8678247531255087,0.13217451982200146,6.924320457938707e-07,0,meningioma,True
1258,"[[77]
 [82]
 [48]
 [53]
 [51]
 [49]
 [49]
 [48]
 [69]]",3,1,glioma,True,0.005118176806718111,0.9924635887145996,0.002418289426714182,8.651959069538862e-05,0.9977651834487915,0.002148398431017995,1.3701041723379603e-07,0.998928964138031,0.0010709529742598534,0.0017349444692769111,0.996385912100474,0.00187921361066401,1,glioma,True
1259,"[[77]
 [82]
 [48]
 [53]
 [51]
 [49]
 [49]
 [48]
 [69]]",3,1,glioma,True,0.00024630181724205613,0.9996886253356934,6.501246389234439e-05,8.057775175984716e-07,0.9999263286590576,7.286525942618027e-05,3.182165198012399e-09,0.9999831914901733,1.683033951849211e-05,8.237025897495087e-05,0.9998660484949747,5.156935427900559e-05,1,glioma,True
1260,"[[77]
 [82]
 [48]
 [53]
 [51]
 [49]
 [49]
 [48]
 [69]]",3,1,glioma,True,0.00014313581050373614,0.999790608882904,6.625609239563346e-05,8.175137509169872e-07,0.9999467134475708,5.245957800070755e-05,4.4328493653544854e-10,0.9999996423721313,4.017171875148051e-07,4.798458917986322e-05,0.9999123215675354,3.9705795861285274e-05,1,glioma,True
1261,"[[77]
 [82]
 [48]
 [53]
 [51]
 [49]
 [49]
 [48]
 [69]]",3,1,glioma,True,0.00012157690798630938,0.9998623132705688,1.607838385098148e-05,8.256157570940559e-07,0.9999923706054688,6.807772024330916e-06,1.0610418321732595e-08,0.9999997615814209,2.2789791387367586e-07,4.080437805390839e-05,0.9999514818191528,7.704684596395358e-06,1,glioma,True
1262,"[[77]
 [82]
 [48]
 [52]
 [57]
 [48]
 [49]
 [57]
 [71]]",0,1,glioma,True,0.3373124301433563,0.6417943835258484,0.020893217995762825,0.05826031044125557,0.8992225527763367,0.042517077177762985,0.09496015310287476,0.8890149593353271,0.01602490060031414,0.16351096456249556,0.8100106318791708,0.026478398591279984,1,glioma,True
1263,"[[77]
 [82]
 [48]
 [52]
 [57]
 [48]
 [49]
 [57]
 [71]]",0,1,glioma,True,0.3271273374557495,0.6616717576980591,0.011200852692127228,0.05099332705140114,0.929207980632782,0.019798697903752327,0.06552843004465103,0.9308430552482605,0.003628432983532548,0.14788303151726723,0.8405742645263672,0.011542661193137368,1,glioma,True
1264,"[[77]
 [82]
 [48]
 [52]
 [57]
 [48]
 [49]
 [57]
 [71]]",0,1,glioma,True,0.40387752652168274,0.5927783846855164,0.003344080178067088,0.07749643176794052,0.9117763042449951,0.010727214626967907,0.1411876380443573,0.8555978536605835,0.003214502241462469,0.20752053211132684,0.7867175141970316,0.005761932348832488,1,glioma,True
1265,"[[77]
 [82]
 [48]
 [52]
 [57]
 [48]
 [49]
 [57]
 [71]]",0,1,glioma,True,0.4060400724411011,0.5922315120697021,0.0017284249188378453,0.07720034569501877,0.9190309047698975,0.0037687679287046194,0.08326292783021927,0.9162825345993042,0.0004544836119748652,0.18883444865544638,0.8091816504796346,0.001983892153172443,1,glioma,True
1266,"[[77]
 [82]
 [48]
 [52]
 [57]
 [48]
 [49]
 [57]
 [71]]",0,1,glioma,True,0.4332103133201599,0.5661030411720276,0.0006865611649118364,0.14283841848373413,0.8556155562400818,0.0015460981521755457,0.1307675987482071,0.8690722584724426,0.000160188355948776,0.23560544351736704,0.7635969519615173,0.0007976158910120527,1,glioma,True
1267,"[[77]
 [82]
 [48]
 [52]
 [57]
 [48]
 [49]
 [57]
 [71]]",0,1,glioma,True,0.456431120634079,0.5432427525520325,0.0003261603123974055,0.2538037896156311,0.7457122802734375,0.0004838359309360385,0.19771140813827515,0.8022618293762207,2.6699692170950584e-05,0.30264877279599506,0.6970722874005636,0.0002788986451681315,1,glioma,True
1268,"[[49]
 [48]
 [48]
 [51]
 [54]
 [48]]",2,0,meningioma,True,0.9614178538322449,0.038470953702926636,0.00011121637362521142,0.7500879168510437,0.24990132451057434,1.0726118489401415e-05,0.9432563781738281,0.056743595749139786,5.356643129061922e-09,0.8849207162857056,0.11503862465421359,4.06492829192473e-05,0,meningioma,True
1269,"[[77]
 [82]
 [48]
 [52]
 [57]
 [48]
 [49]
 [57]
 [71]]",0,1,glioma,True,0.41612207889556885,0.5832421779632568,0.000635767646599561,0.12589918076992035,0.8736457228660583,0.0004551144957076758,0.014371701516211033,0.9856246709823608,3.653464546005125e-06,0.18546432039390007,0.8141708572705587,0.00036484520228441397,1,glioma,True
1270,"[[77]
 [82]
 [48]
 [51]
 [49]
 [52]
 [48]
 [57]
 [66]]",3,1,glioma,True,9.656108801436858e-09,1.0,2.3959001449469497e-10,1.0558979468555663e-08,1.0,7.102859966856556e-10,2.0270718437132018e-08,1.0,6.510616351595999e-11,1.3495268902374846e-08,1.0,3.3832739156543684e-10,1,glioma,True
1271,"[[77]
 [82]
 [48]
 [51]
 [49]
 [52]
 [48]
 [57]
 [66]]",3,1,glioma,True,1.2663944914947933e-07,0.9999998807907104,2.3828005540904584e-11,1.7148039432868245e-08,1.0,7.75331188140882e-12,4.2575867831295966e-10,1.0,2.7661185652118683e-14,4.807108242022018e-08,0.9999999602635702,1.0536326202655174e-11,1,glioma,True
1272,"[[77]
 [82]
 [48]
 [51]
 [49]
 [52]
 [48]
 [57]
 [66]]",3,1,glioma,True,0.0003608591214288026,0.9996391534805298,4.492782257337069e-10,0.0008955777157098055,0.9991044402122498,1.3537875709346281e-08,1.4772492704651086e-06,0.9999985694885254,3.069860685100956e-11,0.00041930469546969107,0.9995807210604349,4.672617513976999e-09,1,glioma,True
1273,"[[77]
 [82]
 [48]
 [50]
 [52]
 [55]
 [56]
 [48]
 [68]]",4,1,glioma,True,1.1880456618484914e-08,1.0,1.7124996531947545e-08,2.955718352362635e-12,1.0,6.309536226822843e-11,3.4054389743687352e-06,0.9999873638153076,9.142214366875123e-06,1.1391074622351908e-06,0.9999957879384359,3.053134152923113e-06,1,glioma,True
1274,"[[77]
 [82]
 [48]
 [50]
 [52]
 [55]
 [56]
 [48]
 [68]]",4,1,glioma,True,8.969472560238501e-07,0.999998927116394,1.5822352850136667e-07,1.1840255338679828e-12,1.0,2.2802947030609033e-11,1.2805568303519976e-06,0.9999912977218628,7.447212283295812e-06,7.258350901337939e-07,0.9999967416127523,2.535152871581403e-06,1,glioma,True
1275,"[[77]
 [82]
 [48]
 [51]
 [56]
 [52]
 [54]
 [57]]",4,1,glioma,True,1.62653268489521e-05,0.9999837875366211,2.9101636656037044e-08,1.5873059810989076e-11,1.0,9.140953408971492e-15,0.0002144043828593567,0.9997839331626892,1.703559405541455e-06,7.688990852712287e-05,0.9999225735664368,5.775536837794818e-07,1,glioma,True
1276,"[[77]
 [82]
 [48]
 [51]
 [56]
 [52]
 [54]
 [57]]",4,1,glioma,True,1.5988483937690035e-05,0.9999839067459106,1.4496693268029048e-07,2.626913131464903e-10,1.0,1.951521192908312e-12,0.0004729283391498029,0.9995203018188477,6.732700967404526e-06,0.0001629723619262687,0.9998347361882528,2.292556617202003e-06,1,glioma,True
1277,"[[77]
 [82]
 [48]
 [51]
 [56]
 [52]
 [54]
 [57]]",4,1,glioma,True,3.0680300824315054e-06,0.999996542930603,3.043921026346652e-07,1.0342931372475661e-11,1.0,1.7989791947781164e-11,0.0001356915308861062,0.9998341798782349,3.0162833354552276e-05,4.625319043715636e-05,0.9999435742696127,1.015574781565963e-05,1,glioma,True
1278,"[[77]
 [82]
 [48]
 [51]
 [56]
 [52]
 [54]
 [57]]",4,1,glioma,True,6.794434739276767e-07,0.9999992847442627,1.5487490401255855e-08,4.036583567401664e-12,1.0,1.4574482571326486e-13,1.953951687028166e-05,0.9999755620956421,4.844573140871944e-06,6.739654793597634e-06,0.9999916156133016,1.6200202590060085e-06,1,glioma,True
1279,"[[49]
 [48]
 [48]
 [51]
 [54]
 [48]]",2,0,meningioma,True,0.9614241123199463,0.03798460215330124,0.0005912734195590019,0.759496808052063,0.240456223487854,4.696657560998574e-05,0.7456505298614502,0.25434938073158264,5.227828125953238e-08,0.8221904834111532,0.17759673545757929,0.0002127640911500824,0,meningioma,True
1280,"[[77]
 [82]
 [48]
 [51]
 [56]
 [52]
 [54]
 [57]]",4,1,glioma,True,2.0942118226230377e-06,0.9999978542327881,3.844578344569527e-08,2.964295822693863e-11,1.0,1.5898911757982782e-14,3.139717591693625e-05,0.9999617338180542,6.926481546543073e-06,1.1163805794172504e-05,0.9999865293502808,2.3216424486292266e-06,1,glioma,True
1281,"[[77]
 [82]
 [48]
 [51]
 [56]
 [52]
 [54]
 [57]]",4,1,glioma,True,1.1866301719010153e-08,1.0,9.048829463509378e-10,1.778072860388752e-13,1.0,2.867336291903326e-14,9.102671469918278e-07,0.9999971389770508,1.945092890309752e-06,3.073778755060413e-07,0.9999990463256836,6.486659339764886e-07,1,glioma,True
1282,"[[77]
 [82]
 [48]
 [51]
 [56]
 [52]
 [54]
 [57]]",4,1,glioma,True,1.6199208641154428e-09,1.0,2.3842389174077994e-10,1.8870030592341852e-13,1.0,1.4099638611601156e-13,1.8211084125141497e-06,0.9999953508377075,2.8547287911351305e-06,6.075761740261903e-07,0.9999984502792358,9.516557853410858e-07,1,glioma,True
1283,"[[77]
 [82]
 [48]
 [51]
 [50]
 [51]
 [50]
 [50]
 [67]]",0,1,glioma,True,0.4902901351451874,0.4983628988265991,0.011347013525664806,0.22461336851119995,0.7016721963882446,0.07371445745229721,0.5839196443557739,0.18506042659282684,0.231019988656044,0.4329410493373871,0.4616985072692235,0.10536048654466867,1,glioma,True
1284,"[[77]
 [82]
 [48]
 [51]
 [50]
 [51]
 [50]
 [50]
 [67]]",0,1,glioma,True,0.3707950711250305,0.5782683491706848,0.05093660578131676,0.08318153023719788,0.8235467076301575,0.09327176958322525,0.5244686007499695,0.37314292788505554,0.10238847136497498,0.326148400704066,0.5916526615619659,0.08219894890983899,1,glioma,True
1285,"[[77]
 [82]
 [48]
 [51]
 [50]
 [51]
 [50]
 [50]
 [67]]",0,1,glioma,True,0.3944377899169922,0.5939515829086304,0.011610633693635464,0.04396841302514076,0.934999942779541,0.021031605079770088,0.08464893698692322,0.9009000062942505,0.014451100490987301,0.17435171330968538,0.8099505106608073,0.01569777975479762,1,glioma,True
1286,"[[77]
 [82]
 [48]
 [51]
 [50]
 [51]
 [50]
 [50]
 [67]]",0,1,glioma,True,0.4483208954334259,0.5487536787986755,0.0029253980610519648,0.08761079609394073,0.9002170562744141,0.012172156013548374,0.2542119026184082,0.726033627986908,0.019754450768232346,0.2633811980485916,0.7250014543533325,0.011617334947610894,1,glioma,True
1287,"[[77]
 [82]
 [48]
 [51]
 [50]
 [51]
 [50]
 [50]
 [67]]",0,1,glioma,True,0.4281672537326813,0.5705408453941345,0.0012919128639623523,0.10338310897350311,0.8933073282241821,0.0033094652462750673,0.3233529031276703,0.6744443774223328,0.00220274250023067,0.28496775527795154,0.7127641836802164,0.002268040203489363,1,glioma,True
1288,"[[77]
 [82]
 [48]
 [51]
 [50]
 [51]
 [50]
 [50]
 [67]]",0,1,glioma,True,0.4037267565727234,0.5296379923820496,0.06663527339696884,0.10939235240221024,0.7583260536193848,0.1322815865278244,0.5503903031349182,0.24162688851356506,0.20798277854919434,0.3545031373699506,0.5098636448383331,0.13563321282466254,1,glioma,True
1289,"[[77]
 [82]
 [48]
 [51]
 [50]
 [51]
 [50]
 [50]
 [67]]",0,1,glioma,True,0.38200414180755615,0.5377093553543091,0.08028651028871536,0.08537217974662781,0.8058426976203918,0.10878507792949677,0.47611087560653687,0.45406588912010193,0.06982327997684479,0.3144957323869069,0.5992059806982676,0.08629828939835231,1,glioma,True
1290,"[[49]
 [48]
 [48]
 [51]
 [54]
 [48]]",2,0,meningioma,True,0.9806346893310547,0.019174344837665558,0.00019104276725556701,0.5078665614128113,0.49210503697395325,2.842221329046879e-05,0.7601633071899414,0.2398367077112198,2.2731361681849194e-08,0.7495548526446024,0.2503720298409462,7.316257063590588e-05,0,meningioma,True
1291,"[[77]
 [82]
 [48]
 [51]
 [50]
 [51]
 [50]
 [50]
 [67]]",0,1,glioma,True,0.3426841199398041,0.5321415066719055,0.12517434358596802,0.06754489243030548,0.8129416108131409,0.11951350420713425,0.3629371225833893,0.5544900298118591,0.08257284015417099,0.25772204498449963,0.6331910490989685,0.10908689598242442,1,glioma,True
1292,"[[77]
 [82]
 [48]
 [51]
 [50]
 [51]
 [50]
 [50]
 [67]]",0,1,glioma,True,0.3028559982776642,0.51653653383255,0.18060743808746338,0.06538712978363037,0.8077449798583984,0.1268678605556488,0.35962966084480286,0.548947274684906,0.09142310172319412,0.24262426296869913,0.6244095961252848,0.13296613345543543,1,glioma,True
1293,"[[77]
 [82]
 [48]
 [51]
 [50]
 [51]
 [50]
 [50]
 [67]]",0,1,glioma,True,0.2792210876941681,0.5429983735084534,0.17778049409389496,0.048804279416799545,0.8769029378890991,0.07429283112287521,0.14178070425987244,0.8283259868621826,0.029893310740590096,0.15660202379028001,0.7494090994199117,0.09398887865245342,1,glioma,True
1294,"[[77]
 [82]
 [48]
 [51]
 [50]
 [51]
 [50]
 [50]
 [67]]",0,1,glioma,True,0.2987287938594818,0.5610174536705017,0.1402536928653717,0.04617885500192642,0.8932656645774841,0.060555461794137955,0.16858603060245514,0.8153975009918213,0.016016533598303795,0.17116455982128778,0.756560206413269,0.07227522941927116,1,glioma,True
1295,"[[77]
 [82]
 [48]
 [51]
 [50]
 [51]
 [50]
 [50]
 [67]]",0,1,glioma,True,0.35688742995262146,0.5749459266662598,0.06816662102937698,0.04836007580161095,0.8988683819770813,0.05277152732014656,0.14375963807106018,0.8420846462249756,0.01415566261857748,0.18300238127509752,0.7719663182894388,0.045031270322700344,1,glioma,True
1296,"[[77]
 [82]
 [48]
 [51]
 [50]
 [51]
 [50]
 [50]
 [67]]",0,1,glioma,True,0.4286692142486572,0.5436075329780579,0.027723265811800957,0.06716923415660858,0.8737186789512634,0.05911211296916008,0.28401127457618713,0.6878334879875183,0.02815527655184269,0.2599499076604843,0.7017198999722799,0.038330218444267906,1,glioma,True
1297,"[[77]
 [82]
 [48]
 [51]
 [55]
 [52]
 [53]
 [56]
 [66]]",3,1,glioma,True,0.6323874592781067,0.3672812283039093,0.00033135738340206444,0.013475247658789158,0.9862444996833801,0.00028026767540723085,0.060353491455316544,0.9389610886573792,0.0006853798404335976,0.2354053994640708,0.7641622722148895,0.00043233496641429764,1,glioma,True
1298,"[[77]
 [82]
 [48]
 [51]
 [55]
 [52]
 [53]
 [56]
 [66]]",3,1,glioma,True,0.49360331892967224,0.505898118019104,0.000498615438118577,0.02504126727581024,0.9734691977500916,0.0014895348576828837,0.10287321358919144,0.8970344662666321,9.233538003172725e-05,0.20717259993155798,0.7921339273452759,0.0006934952252777293,1,glioma,True
1299,"[[77]
 [82]
 [48]
 [51]
 [55]
 [52]
 [53]
 [56]
 [66]]",3,1,glioma,True,0.6581503748893738,0.34159281849861145,0.0002569034695625305,0.08706487715244293,0.9106845855712891,0.0022505002561956644,0.19536887109279633,0.8046084046363831,2.271591620228719e-05,0.31352804104487103,0.6856286029020945,0.0008433732139868274,1,glioma,True
1300,"[[77]
 [82]
 [48]
 [51]
 [55]
 [52]
 [53]
 [56]
 [66]]",3,1,glioma,True,0.29933586716651917,0.6998752355575562,0.0007889275439083576,0.02679590694606304,0.9695780277252197,0.0036260902415961027,0.094529889523983,0.9053820371627808,8.804072422208264e-05,0.14022055454552174,0.8582784334818522,0.001501019503242181,1,glioma,True
1301,"[[49]
 [48]
 [48]
 [51]
 [54]
 [48]]",2,0,meningioma,True,0.9656237363815308,0.03409675136208534,0.0002795345208141953,0.3915204107761383,0.6083473563194275,0.0001321767340414226,0.21215100586414337,0.7878488302230835,2.1583142029157898e-07,0.5230983843406042,0.47676431263486546,0.0001373090287586365,0,meningioma,True
1302,"[[77]
 [82]
 [48]
 [51]
 [55]
 [52]
 [53]
 [56]
 [66]]",3,1,glioma,True,0.2834704518318176,0.7159227132797241,0.0006068535731174052,0.014623621478676796,0.9846903681755066,0.00068598089274019,0.2519840598106384,0.7475504875183105,0.0004654437070712447,0.18335937770704427,0.8160545229911804,0.0005860927243096133,1,glioma,True
1303,"[[77]
 [82]
 [48]
 [51]
 [55]
 [52]
 [53]
 [56]
 [66]]",3,1,glioma,True,0.5155668258666992,0.48421090841293335,0.00022227931185625494,0.03128855302929878,0.9678575396537781,0.0008539450354874134,0.18161606788635254,0.8182426691055298,0.0001413340651197359,0.24282381559411684,0.7567703723907471,0.00040585280415446806,1,glioma,True
1304,"[[77]
 [82]
 [48]
 [51]
 [55]
 [52]
 [53]
 [56]
 [66]]",3,1,glioma,True,0.7899748682975769,0.21000835299491882,1.6800184312160127e-05,0.09878721833229065,0.9011873006820679,2.54369751928607e-05,0.3027477264404297,0.6972520351409912,2.08068186680066e-07,0.39716993769009906,0.6028158962726593,1.4148409230566964e-05,1,glioma,True
1305,"[[77]
 [82]
 [48]
 [51]
 [55]
 [52]
 [53]
 [56]
 [66]]",3,1,glioma,True,0.15721456706523895,0.8427733182907104,1.217536464537261e-05,0.03746211156249046,0.9625328779220581,4.9311975089949556e-06,0.09290895611047745,0.9070909023284912,7.093407816682884e-08,0.09586187824606895,0.9041323661804199,5.725832077511465e-06,1,glioma,True
1306,"[[77]
 [82]
 [48]
 [51]
 [57]
 [52]
 [55]
 [51]]",2,1,glioma,True,4.8891195010493895e-17,1.0,2.162181432135548e-16,1.309160097662243e-06,0.9999986886978149,3.5441899415289413e-10,8.952297503128648e-05,0.9999104738235474,9.186645888448197e-11,3.027737837633254e-05,0.9999697208404541,1.4876188975183977e-10,1,glioma,True
1307,"[[77]
 [82]
 [48]
 [51]
 [57]
 [52]
 [55]
 [51]]",2,1,glioma,True,2.081894306842004e-19,1.0,4.142744260021258e-18,5.894647188142699e-07,0.9999994039535522,1.1482476774959949e-10,9.160250556305982e-06,0.9999908208847046,3.010143783538366e-12,3.24990509170682e-06,0.9999967416127523,3.9278305225294036e-11,1,glioma,True
1308,"[[77]
 [82]
 [48]
 [51]
 [57]
 [52]
 [55]
 [51]]",2,1,glioma,True,9.901038927115951e-17,1.0,1.211875051578451e-16,6.765170610378846e-07,0.9999992847442627,7.063213902647192e-11,2.4279913759528426e-06,0.999997615814209,5.5453583484030636e-14,1.0348361456965793e-06,0.9999989668528239,2.356257126582037e-11,1,glioma,True
1309,"[[77]
 [82]
 [48]
 [51]
 [57]
 [52]
 [55]
 [51]]",2,1,glioma,True,1.5761934513131823e-16,1.0,1.182876481582506e-16,1.2955772490386153e-06,0.9999986886978149,8.740917711858032e-11,6.354063771141227e-06,0.9999936819076538,1.2959214457835058e-14,2.5498803401124874e-06,0.9999974568684896,2.914075154022877e-11,1,glioma,True
1310,"[[77]
 [82]
 [48]
 [51]
 [57]
 [52]
 [55]
 [51]]",2,1,glioma,True,4.024536494349123e-16,1.0,1.565097187355253e-16,8.166534257725289e-07,0.9999991655349731,3.009538798726119e-11,2.0505399334069807e-06,0.9999979734420776,7.149584879207263e-15,9.557311198606544e-07,0.9999990463256836,1.0034231360619711e-11,1,glioma,True
1311,"[[77]
 [82]
 [48]
 [51]
 [57]
 [52]
 [55]
 [51]
 [66]]",0,1,glioma,True,0.46754980087280273,0.5107077360153198,0.021742472425103188,0.11328602582216263,0.7962703108787537,0.09044364839792252,0.07375594973564148,0.7642755508422852,0.16196848452091217,0.21819725881020227,0.6904178659121195,0.09138486844797929,1,glioma,True
1312,"[[49]
 [48]
 [48]
 [53]
 [55]
 [50]]",4,0,meningioma,True,0.5895494222640991,0.05288471654057503,0.35756587982177734,0.2035171091556549,0.0027814083732664585,0.7937014698982239,0.40441444516181946,0.028179731220006943,0.5674058198928833,0.39916032552719116,0.02794861871128281,0.5728910565376282,2,pituitary,False
1313,"[[77]
 [82]
 [48]
 [51]
 [57]
 [52]
 [55]
 [51]
 [66]]",0,1,glioma,True,0.4182617664337158,0.5403310060501099,0.04140724614262581,0.08272747695446014,0.7657118439674377,0.1515606939792633,0.1290036290884018,0.5744388699531555,0.29655754566192627,0.20999762415885925,0.6268272399902344,0.16317516192793846,1,glioma,True
1314,"[[77]
 [82]
 [48]
 [51]
 [57]
 [52]
 [55]
 [51]
 [66]]",0,1,glioma,True,0.3591206967830658,0.5939844250679016,0.04689490795135498,0.05279458686709404,0.8629381656646729,0.08426724374294281,0.09305472671985626,0.877427339553833,0.02951791137456894,0.16832333679000536,0.7781166434288025,0.053560021022955574,1,glioma,True
1315,"[[77]
 [82]
 [48]
 [51]
 [57]
 [52]
 [55]
 [51]
 [66]]",0,1,glioma,True,0.4045693278312683,0.5661687850952148,0.029261892661452293,0.07258711010217667,0.834667444229126,0.09274549037218094,0.25808262825012207,0.6943387985229492,0.04757855087518692,0.24507968872785568,0.6983916759490967,0.056528644636273384,1,glioma,True
1316,"[[77]
 [82]
 [48]
 [51]
 [57]
 [52]
 [55]
 [51]
 [66]]",0,1,glioma,True,0.4252933859825134,0.5531067252159119,0.02159993164241314,0.07565748691558838,0.8575654029846191,0.06677710264921188,0.30839037895202637,0.6631757616996765,0.02843386121094227,0.26978041728337604,0.6912826299667358,0.03893696516752243,1,glioma,True
1317,"[[77]
 [82]
 [48]
 [51]
 [57]
 [52]
 [55]
 [51]
 [66]]",0,1,glioma,True,0.42414745688438416,0.5594503879547119,0.016402175650000572,0.07487239688634872,0.8791047930717468,0.04602276161313057,0.35621726512908936,0.6216297745704651,0.022152982652187347,0.2850790396332741,0.686728318532308,0.02819263997177283,1,glioma,True
1318,"[[77]
 [82]
 [48]
 [51]
 [57]
 [52]
 [55]
 [51]
 [66]]",0,1,glioma,True,0.34718161821365356,0.6394451856613159,0.013373144902288914,0.03872651979327202,0.9446158409118652,0.016657590866088867,0.046031076461076736,0.9530162215232849,0.0009526785579510033,0.14397973815600076,0.8456924160321554,0.010327804775442928,1,glioma,True
1319,"[[77]
 [82]
 [48]
 [51]
 [55]
 [52]
 [53]
 [56]
 [67]]",2,1,glioma,True,0.0092677166685462,0.9907323122024536,4.906708994667497e-08,0.11849479377269745,0.881504476070404,7.138373803172726e-07,0.5751070976257324,0.4248929023742676,2.204119005366767e-11,0.23428986935565868,0.7657098968823751,2.5430883715133373e-07,1,glioma,True
1320,"[[77]
 [82]
 [48]
 [51]
 [55]
 [52]
 [53]
 [56]
 [67]]",2,1,glioma,True,1.3569462680607103e-05,0.9999862909317017,1.0908652825492027e-07,0.0016649301396682858,0.9983333945274353,1.633380634302739e-06,0.006347779184579849,0.9936522245407104,1.6287071691323263e-10,0.0026754262623095806,0.9973239699999491,5.808766777581909e-07,1,glioma,True
1321,"[[77]
 [82]
 [48]
 [51]
 [55]
 [52]
 [53]
 [56]
 [67]]",2,1,glioma,True,0.00046742751146666706,0.9995323419570923,2.712190791953617e-07,0.04119926691055298,0.9587952494621277,5.528139354282757e-06,0.011026942171156406,0.988973081111908,3.2951738559994226e-10,0.017564545531058684,0.982433557510376,1.933229316954573e-06,1,glioma,True
1322,"[[77]
 [82]
 [48]
 [51]
 [55]
 [52]
 [53]
 [56]
 [67]]",2,1,glioma,True,3.163685505569447e-06,0.9999967813491821,1.3996257486326158e-08,0.0015531603712588549,0.9984467625617981,1.0113403448031022e-07,1.1636004273896106e-05,0.999988317489624,8.929756348426132e-13,0.0005226533536794401,0.9994772871335348,3.837706164742374e-08,1,glioma,True
1323,"[[49]
 [48]
 [48]
 [53]
 [55]
 [50]]",4,0,meningioma,True,0.516363799571991,0.048153579235076904,0.43548262119293213,0.04689551517367363,0.0022253068163990974,0.9508792161941528,0.23571622371673584,0.07560661435127258,0.6886771321296692,0.2663251794874668,0.041995166800916195,0.6916796565055847,2,pituitary,False
1324,"[[77]
 [82]
 [48]
 [51]
 [55]
 [52]
 [53]
 [56]
 [67]]",2,1,glioma,True,6.711271998938173e-05,0.9999328851699829,3.592115049855238e-08,0.014447195455431938,0.9855514764785767,1.238495883626456e-06,0.006243084091693163,0.993756890296936,2.5954141613659942e-11,0.006919130755704828,0.9930804173151652,4.248143294222073e-07,1,glioma,True
1325,"[[77]
 [82]
 [48]
 [51]
 [55]
 [52]
 [53]
 [56]
 [67]]",2,1,glioma,True,1.8055825989904406e-07,0.9999997615814209,8.295676368064164e-10,0.000816691666841507,0.9991831183433533,1.0524393445621172e-07,0.0001657499378779903,0.9998341798782349,2.504761589111615e-12,0.0003275407209931321,0.9996723532676697,3.535866895153575e-08,1,glioma,True
1326,"[[77]
 [82]
 [48]
 [51]
 [55]
 [52]
 [53]
 [56]
 [67]]",2,1,glioma,True,0.00015059269207995385,0.9998494386672974,1.7078711778140132e-08,0.07441332936286926,0.9255865216255188,1.6755896581344132e-07,0.06403456628322601,0.9359654188156128,6.425200649307072e-12,0.04619949611272508,0.9538004597028097,6.154803426407691e-08,1,glioma,True
1327,"[[77]
 [82]
 [48]
 [51]
 [55]
 [52]
 [53]
 [56]
 [67]]",2,1,glioma,True,1.3533127685150248e-06,0.9999986886978149,1.214839340235585e-10,0.0008619343861937523,0.9991379976272583,2.1859335674889735e-08,3.304844722151756e-05,0.9999669790267944,2.4589087276732924e-13,0.00029877871539459494,0.9997012217839559,7.3270218332620205e-09,1,glioma,True
1328,"[[77]
 [82]
 [48]
 [51]
 [55]
 [52]
 [53]
 [56]
 [67]]",2,1,glioma,True,0.00047661972348578274,0.999523401260376,5.345346942853269e-10,0.07881186902523041,0.9211879968643188,1.0407556061409196e-07,0.026592649519443512,0.9734072685241699,1.431543035154692e-12,0.03529371275605323,0.9647062222162882,3.4870508950470815e-08,1,glioma,True
1329,"[[77]
 [82]
 [48]
 [51]
 [55]
 [52]
 [53]
 [56]
 [67]]",2,1,glioma,True,1.9931457373445483e-08,1.0,1.3680659253015315e-12,0.0002362042578170076,0.9997637867927551,9.6842391883456e-09,1.1536915280885296e-06,0.9999988079071045,5.516073166809965e-13,7.912596026748986e-05,0.9999208648999532,3.228719620529194e-09,1,glioma,True
1330,"[[77]
 [82]
 [48]
 [52]
 [48]
 [50]
 [52]
 [48]]",3,1,glioma,True,0.13942138850688934,0.7327848076820374,0.1277938038110733,0.002012317767366767,0.9186990261077881,0.07928872108459473,0.0016348608769476414,0.8656910061836243,0.1326741874217987,0.047689522383734584,0.8390582799911499,0.11325223743915558,1,glioma,True
1331,"[[77]
 [82]
 [48]
 [52]
 [48]
 [50]
 [52]
 [48]]",3,1,glioma,True,0.0037283955607563257,0.9910452961921692,0.005226213485002518,0.00016832615074235946,0.9873290061950684,0.012502623721957207,8.126491593429819e-06,0.9961207509040833,0.003871137509122491,0.0013016160676973716,0.9914983510971069,0.007199991572027405,1,glioma,True
1332,"[[77]
 [82]
 [48]
 [52]
 [48]
 [50]
 [52]
 [48]]",3,1,glioma,True,0.0009026043699122965,0.9983495473861694,0.000747840094845742,0.00033798173535615206,0.9969859719276428,0.0026759938336908817,1.752429170664982e-07,0.9999828338623047,1.7056825527106412e-05,0.00041358711606183835,0.9984394510587057,0.00114696358468791,1,glioma,True
1333,"[[77]
 [82]
 [48]
 [52]
 [48]
 [50]
 [52]
 [48]]",3,1,glioma,True,3.458522041910328e-05,0.9999533891677856,1.2011534636258148e-05,2.558503365435172e-05,0.9995352029800415,0.0004392239497974515,5.262110036596823e-08,0.9999755620956421,2.4417133317911066e-05,2.007429172460699e-05,0.9998213847478231,0.00015855087258387357,1,glioma,True
1334,"[[49]
 [48]
 [49]
 [55]
 [57]
 [55]]",3,0,meningioma,True,0.9966539144515991,0.0033299222122877836,1.6126585251186043e-05,0.9526013135910034,0.04731310158967972,8.567277109250426e-05,0.9997873902320862,0.0002096490643452853,2.967516593344044e-06,0.9830142060915629,0.016950890955437597,3.492229097901145e-05,0,meningioma,True
1335,"[[49]
 [48]
 [48]
 [53]
 [55]
 [50]]",4,0,meningioma,True,0.9770789742469788,0.002507726661860943,0.0204132292419672,0.16109590232372284,0.00011024189734598622,0.8387938737869263,0.5262231230735779,0.009591272100806236,0.46418556571006775,0.5547993332147598,0.004069746886671055,0.44113088957965374,0,meningioma,True
1336,"[[77]
 [82]
 [48]
 [52]
 [48]
 [50]
 [52]
 [48]]",3,1,glioma,True,0.0021886900067329407,0.9971311092376709,0.0006801541894674301,0.00017582655709702522,0.997454822063446,0.00236929371021688,1.4322107233510906e-07,0.999996542930603,3.385758418517071e-06,0.000788219928300767,0.99819415807724,0.001017611219367609,1,glioma,True
1337,"[[77]
 [82]
 [48]
 [52]
 [48]
 [50]
 [52]
 [48]]",3,1,glioma,True,5.816711563966237e-06,0.9999902248382568,3.969911176682217e-06,1.1907072661188067e-07,0.9999904632568359,9.46518593991641e-06,8.068083423573569e-10,0.9999998807907104,9.57501242737635e-08,1.9788630329734915e-06,0.9999935229619344,4.51028241362413e-06,1,glioma,True
1338,"[[77]
 [82]
 [48]
 [52]
 [48]
 [50]
 [52]
 [48]]",3,1,glioma,True,3.206996916560456e-05,0.99993896484375,2.9000560971326195e-05,6.48980119422049e-07,0.9999580383300781,4.132409594603814e-05,5.947206060952226e-10,1.0,1.0935440997172918e-08,1.0906514668544235e-05,0.9999656677246094,2.344519745278717e-05,1,glioma,True
1339,"[[77]
 [82]
 [48]
 [52]
 [48]
 [50]
 [52]
 [48]]",3,1,glioma,True,1.6931935533648357e-05,0.9999438524246216,3.917640060535632e-05,9.12046743906103e-06,0.9998250603675842,0.00016581623640377074,4.848629487241851e-06,0.9998760223388672,0.00011906158761121333,1.0300344153317079e-05,0.999881645043691,0.00010801807487344679,1,glioma,True
1340,"[[77]
 [82]
 [48]
 [52]
 [48]
 [50]
 [52]
 [48]]",3,1,glioma,True,0.00017183751333504915,0.9996150732040405,0.0002130418288288638,0.00044593692291527987,0.9990905523300171,0.0004635871737264097,0.0009111730614677072,0.9985210299491882,0.0005677693407051265,0.0005096491659060121,0.9990755518277487,0.00041479944775346667,1,glioma,True
1341,"[[77]
 [82]
 [48]
 [52]
 [48]
 [50]
 [52]
 [48]]",3,1,glioma,True,2.693487112992443e-05,0.999795138835907,0.000177971160155721,0.0003659198118839413,0.9994681477546692,0.00016591283201705664,0.00021947505592834204,0.9997106194496155,6.981993647059426e-05,0.00020410991298073591,0.9996579686800638,0.00013790130954779065,1,glioma,True
1342,"[[77]
 [82]
 [48]
 [52]
 [48]
 [50]
 [52]
 [48]
 [66]]",3,1,glioma,True,0.40690141916275024,0.5746394991874695,0.018459033221006393,0.0005608538049273193,0.9987764954566956,0.0006626451504416764,0.00033497391268610954,0.9979676604270935,0.0016973030287772417,0.1359324156267879,0.8571278850237528,0.0069396604667417705,1,glioma,True
1343,"[[77]
 [82]
 [48]
 [52]
 [48]
 [50]
 [52]
 [48]
 [66]]",3,1,glioma,True,0.04295450821518898,0.955944836139679,0.0011007583234459162,4.061300387547817e-06,0.9999693632125854,2.654969102877658e-05,1.4130872614259715e-06,0.9999585151672363,4.001960769528523e-05,0.014319994200945985,0.9852909048398336,0.00038910920738999266,1,glioma,True
1344,"[[77]
 [82]
 [48]
 [52]
 [48]
 [50]
 [52]
 [48]
 [66]]",3,1,glioma,True,0.0002824128314387053,0.999640941619873,7.660566188860685e-05,3.7931525298517954e-07,0.9999948740005493,4.806222477782285e-06,3.2090067492163143e-08,0.9999957084655762,4.326356702222256e-06,9.427474558639422e-05,0.9998771746953329,2.857941368953713e-05,1,glioma,True
1345,"[[77]
 [82]
 [48]
 [52]
 [48]
 [50]
 [52]
 [48]
 [66]]",3,1,glioma,True,9.263870015274733e-05,0.9999004602432251,6.909083367645508e-06,8.721756330487551e-07,0.9999945163726807,4.672292561735958e-06,1.0000299965895465e-07,0.9999953508377075,4.488703780225478e-06,3.120362626181835e-05,0.9999634424845377,5.356693236535648e-06,1,glioma,True
1346,"[[49]
 [48]
 [49]
 [48]
 [49]
 [54]]",1,0,meningioma,True,0.9522837996482849,0.04771621897816658,1.4836906703230568e-10,0.743069052696228,0.25693097710609436,3.4328500930769223e-08,0.9918152689933777,0.008184329606592655,3.4580412489049195e-07,0.8957227071126302,0.10427717523028453,1.2676033162943115e-07,0,meningioma,True
1347,"[[77]
 [82]
 [48]
 [52]
 [48]
 [50]
 [52]
 [48]
 [66]]",3,1,glioma,True,6.461281736847013e-05,0.9999350309371948,3.071634182560956e-07,6.998159278737148e-07,0.9999986886978149,5.472296606967575e-07,6.970466159827993e-08,0.9999995231628418,3.5332169545654324e-07,2.1794112652647375e-05,0.9999777475992838,4.0257159146979876e-07,1,glioma,True
1348,"[[77]
 [82]
 [48]
 [52]
 [48]
 [50]
 [52]
 [48]
 [66]]",3,1,glioma,True,5.2392870202311315e-06,0.9999947547912598,4.9423999115560946e-08,7.213427011265594e-08,0.9999998807907104,3.248693047908091e-08,3.131168435643872e-09,1.0,3.3555394018947027e-09,1.7715174862598104e-06,0.9999982118606567,2.8422156332178854e-08,1,glioma,True
1349,"[[77]
 [82]
 [48]
 [52]
 [48]
 [50]
 [52]
 [48]
 [66]]",3,1,glioma,True,4.766489382745931e-06,0.999995231628418,9.898803554619917e-09,2.8619911063287873e-07,0.9999997615814209,2.5933413638767888e-08,3.8126563017826243e-10,1.0,1.1714690849318199e-11,1.6843565863363292e-06,0.9999983310699463,1.1947977294745707e-08,1,glioma,True
1350,"[[77]
 [82]
 [48]
 [52]
 [48]
 [50]
 [52]
 [48]
 [66]]",3,1,glioma,True,1.1926985052923555e-06,0.9999986886978149,1.2720103370611469e-07,7.580441518939551e-08,0.9999998807907104,2.9798496115063244e-08,3.980122542657227e-08,0.9999995231628418,4.6124921482260106e-07,4.361013819694411e-07,0.9999993642171224,2.0608291488125965e-07,1,glioma,True
1351,"[[77]
 [82]
 [48]
 [52]
 [48]
 [50]
 [52]
 [48]
 [66]]",3,1,glioma,True,2.1538703549595084e-06,0.9999974966049194,3.849891641038994e-07,2.2327126316668e-06,0.999997615814209,7.676058544348052e-08,8.654737939650659e-06,0.999990701675415,5.445774604595499e-07,4.347106975425656e-06,0.9999952713648478,3.354424033356433e-07,1,glioma,True
1352,"[[77]
 [82]
 [48]
 [52]
 [48]
 [50]
 [52]
 [48]
 [66]]",3,1,glioma,True,1.3271117040858371e-06,0.9999984502792358,1.8049534844521986e-07,9.290319979982087e-08,0.9999998807907104,2.9692230896216643e-08,6.761944746358495e-07,0.9999963045120239,2.9663740406249417e-06,6.987364595071691e-07,0.9999982118606567,1.058853873322126e-06,1,glioma,True
1353,"[[77]
 [82]
 [48]
 [50]
 [57]
 [50]
 [48]
 [57]
 [71]]",1,1,glioma,True,1.3308091607877603e-12,1.0,3.2118262910385553e-11,5.219276033585629e-08,0.9999998807907104,8.39513845107831e-08,1.9445340058155125e-06,0.9999977350234985,3.747256016595202e-07,6.655760323201766e-07,0.999999205271403,1.5290303481107123e-07,1,glioma,True
1354,"[[77]
 [82]
 [48]
 [50]
 [57]
 [50]
 [48]
 [57]
 [71]]",1,1,glioma,True,1.7368788698957083e-11,1.0,1.5065347858111977e-09,9.363932804262731e-06,0.999947190284729,4.344464832684025e-05,7.321577140828595e-05,0.9999186992645264,8.126967259158846e-06,2.7526573860445793e-05,0.9999552965164185,1.7191040706928302e-05,1,glioma,True
1355,"[[77]
 [82]
 [48]
 [50]
 [57]
 [50]
 [48]
 [57]
 [71]]",1,1,glioma,True,2.901570650415408e-10,0.9999992847442627,6.900628477524151e-07,3.1010661132313544e-06,0.99998939037323,7.552285751444288e-06,0.00010797192953759804,0.9998350143432617,5.701975169358775e-05,3.702442860263148e-05,0.9999412298202515,2.175403343092815e-05,1,glioma,True
1356,"[[77]
 [82]
 [48]
 [50]
 [57]
 [50]
 [48]
 [57]
 [71]]",1,1,glioma,True,3.0708314363581124e-11,1.0,5.698063132442144e-10,9.606188541511074e-06,0.9999707937240601,1.951353988260962e-05,0.00012535409769043326,0.9998067021369934,6.78852156852372e-05,4.498677231341957e-05,0.9999258319536845,2.9133108458053354e-05,1,glioma,True
1357,"[[49]
 [48]
 [49]
 [48]
 [49]
 [54]]",1,0,meningioma,True,0.7724595069885254,0.2275404930114746,4.013600563013142e-09,0.6676616072654724,0.3323379158973694,4.4647364916272636e-07,0.9920753240585327,0.007923971861600876,7.035771432128968e-07,0.8107321461041769,0.18926746025681496,3.846881309795454e-07,0,meningioma,True
1358,"[[77]
 [82]
 [48]
 [50]
 [57]
 [50]
 [48]
 [57]
 [71]]",1,1,glioma,True,4.793384023038527e-10,1.0,1.5542187981054667e-08,2.712401510507334e-05,0.9998654127120972,0.00010733937233453616,0.0003327794256620109,0.999349057674408,0.0003182530927006155,0.00011996797336849552,0.9997381567955017,0.00014186933574104424,1,glioma,True
1359,"[[77]
 [82]
 [48]
 [50]
 [57]
 [50]
 [48]
 [57]
 [71]]",1,1,glioma,True,3.3445479630245245e-07,0.9999996423721313,1.4822705729500285e-08,0.0004648140456993133,0.999384880065918,0.00015025652828626335,0.013549279421567917,0.9859426617622375,0.0005080671980977058,0.0046714759740211775,0.9951090614000956,0.00021944618302989957,1,glioma,True
1360,"[[77]
 [82]
 [48]
 [50]
 [57]
 [50]
 [48]
 [57]
 [71]]",1,1,glioma,True,3.55509186533709e-08,1.0,2.464172477179005e-10,6.380033300956711e-05,0.9999233484268188,1.2881622751592658e-05,0.0011193844256922603,0.9988418221473694,3.88342778023798e-05,0.0003944067698734936,0.9995883901913961,1.7238715657073394e-05,1,glioma,True
1361,"[[77]
 [82]
 [48]
 [50]
 [57]
 [50]
 [48]
 [57]
 [71]]",1,1,glioma,True,0.0016760277794674039,0.9983239769935608,3.270602452068064e-18,0.0017342832870781422,0.99826580286026,1.0859050325606745e-09,0.016491509974002838,0.9835082292556763,2.2062100413222652e-07,0.006633940346849461,0.993366003036499,7.390230305601926e-08,1,glioma,True
1362,"[[77]
 [82]
 [48]
 [51]
 [54]
 [52]
 [57]
 [54]
 [66]]",4,1,glioma,True,1.5212175696888153e-07,0.9999998807907104,5.52109069573703e-09,1.3679231358754151e-11,1.0,2.5981414285627946e-14,1.0967462493738367e-08,1.0,3.982250618150829e-08,5.436763289799288e-08,0.9999999602635702,1.5114540952886535e-08,1,glioma,True
1363,"[[77]
 [82]
 [48]
 [51]
 [54]
 [52]
 [57]
 [54]
 [66]]",4,1,glioma,True,4.394787993078353e-06,0.9999955892562866,1.9176477294990946e-08,6.585829104288621e-11,1.0,3.6726109807261103e-16,1.601586916422093e-07,0.9999997615814209,9.095730746366826e-08,1.5183375143372018e-06,0.9999984502792358,3.67112617086401e-08,1,glioma,True
1364,"[[77]
 [82]
 [48]
 [51]
 [54]
 [52]
 [57]
 [54]
 [66]]",4,1,glioma,True,8.868095591196834e-09,1.0,4.956461019389735e-09,4.2637155741806487e-13,1.0,1.8753792260990144e-15,4.93799445777654e-09,1.0,2.0758074370519353e-08,4.602172140176931e-09,1.0,8.571512421762772e-09,1,glioma,True
1365,"[[77]
 [82]
 [48]
 [51]
 [54]
 [52]
 [57]
 [54]
 [66]]",4,1,glioma,True,3.329814717289992e-05,0.9999667406082153,6.594113699520676e-09,7.50018802619934e-09,1.0,9.666480945642455e-17,3.2060399917099858e-06,0.9999966621398926,6.228503934835317e-08,1.21705624508787e-05,0.999987800916036,2.2959717714846214e-08,1,glioma,True
1366,"[[77]
 [82]
 [48]
 [51]
 [54]
 [52]
 [57]
 [54]
 [66]]",4,1,glioma,True,8.095134035102092e-06,0.9999918937683105,1.1351680484494864e-08,1.6242305278524327e-09,1.0,4.2341350618449957e-17,1.5311787819882738e-06,0.9999983310699463,8.648243721154358e-08,3.2093123492060727e-06,0.9999967416127523,3.261137257945993e-08,1,glioma,True
1367,"[[77]
 [82]
 [48]
 [51]
 [54]
 [52]
 [57]
 [54]
 [66]]",4,1,glioma,True,0.00647377735003829,0.9935262203216553,3.3338669602756e-09,0.00011138458648929372,0.9998886585235596,1.093666540409789e-19,0.00040812307270243764,0.9995918869972229,4.156598176763282e-09,0.002331095003076674,0.9976689219474792,2.4968217123827496e-09,1,glioma,True
1368,"[[49]
 [48]
 [49]
 [48]
 [49]
 [54]]",1,0,meningioma,True,0.8582026362419128,0.14179515838623047,2.2803897081757896e-06,0.3017134368419647,0.6982781887054443,8.4200664787204e-06,0.9706507325172424,0.029342645779252052,6.607136583625106e-06,0.7101889352003733,0.28980533095697564,5.769197590173765e-06,0,meningioma,True
1369,"[[77]
 [82]
 [48]
 [51]
 [51]
 [52]
 [50]
 [48]]",0,1,glioma,True,0.3654429018497467,0.5982953906059265,0.03626170754432678,0.07374760508537292,0.8570250868797302,0.06922727823257446,0.24103017151355743,0.6954697370529175,0.06350014358758926,0.22674022614955902,0.716930071512858,0.056329709788163505,1,glioma,True
1370,"[[77]
 [82]
 [48]
 [51]
 [51]
 [52]
 [50]
 [48]]",0,1,glioma,True,0.34419411420822144,0.6184221506118774,0.03738373890519142,0.05854281410574913,0.88321852684021,0.05823865905404091,0.14497627317905426,0.8279345631599426,0.027089204639196396,0.1825710671643416,0.77652508020401,0.04090386753280958,1,glioma,True
1371,"[[77]
 [82]
 [48]
 [51]
 [51]
 [52]
 [50]
 [48]]",0,1,glioma,True,0.3720760941505432,0.6049919128417969,0.022931983694434166,0.0670737698674202,0.8962675333023071,0.03665877506136894,0.16223227977752686,0.8304809927940369,0.007286745589226484,0.20046071459849676,0.7772468129793803,0.0222925014483432,1,glioma,True
1372,"[[77]
 [82]
 [48]
 [51]
 [51]
 [52]
 [50]
 [48]]",0,1,glioma,True,0.37161684036254883,0.6062722206115723,0.02211095578968525,0.06028253585100174,0.9037233591079712,0.03599410504102707,0.12703470885753632,0.8618309497833252,0.011134338565170765,0.1863113616903623,0.7906088431676229,0.023079799798627693,1,glioma,True
1373,"[[77]
 [82]
 [48]
 [51]
 [51]
 [52]
 [50]
 [48]]",0,1,glioma,True,0.34581708908081055,0.6340819001197815,0.020101018249988556,0.04441717267036438,0.9337306618690491,0.0218521635979414,0.08330080658197403,0.9067878127098083,0.0099113704636693,0.1578450227777163,0.824866791566213,0.017288184103866417,1,glioma,True
1374,"[[77]
 [82]
 [48]
 [51]
 [51]
 [52]
 [50]
 [48]]",0,1,glioma,True,0.3955591917037964,0.5937003493309021,0.010740400291979313,0.06886400282382965,0.9076429009437561,0.023493103682994843,0.2146061211824417,0.7783563137054443,0.007037612143903971,0.22634310523668924,0.7598998546600342,0.01375703870629271,1,glioma,True
1375,"[[77]
 [82]
 [48]
 [51]
 [51]
 [52]
 [50]
 [48]]",0,1,glioma,True,0.3675287365913391,0.6259111166000366,0.006560173351317644,0.049715861678123474,0.9371721148490906,0.013111931271851063,0.12439426779747009,0.8657191395759583,0.009886667132377625,0.18054628868897757,0.8096007903416952,0.009852923918515444,1,glioma,True
1376,"[[77]
 [82]
 [48]
 [50]
 [52]
 [55]
 [56]
 [48]
 [66]]",0,1,glioma,True,0.3270900547504425,0.6617708206176758,0.01113916840404272,0.04031367227435112,0.9435191750526428,0.016167182475328445,0.06062725931406021,0.9328062534332275,0.0065664793364703655,0.14267699544628462,0.8460320830345154,0.01129094340528051,1,glioma,True
1377,"[[77]
 [82]
 [48]
 [50]
 [52]
 [55]
 [56]
 [48]
 [66]]",0,1,glioma,True,0.32429730892181396,0.6693719625473022,0.006330831907689571,0.03475159779191017,0.9571548104286194,0.008093603886663914,0.027147000655531883,0.9720829129219055,0.0007699806592427194,0.12873196912308535,0.866203228632609,0.0050648054845320685,1,glioma,True
1378,"[[77]
 [82]
 [48]
 [50]
 [52]
 [55]
 [56]
 [48]
 [66]]",0,1,glioma,True,0.35967931151390076,0.6370791792869568,0.003241534810513258,0.04221448674798012,0.9531535506248474,0.004631988238543272,0.02743843011558056,0.9720715284347534,0.0004900561762042344,0.14311074279248714,0.8541014194488525,0.002787859741753588,1,glioma,True
1379,"[[49]
 [48]
 [49]
 [48]
 [49]
 [54]]",1,0,meningioma,True,0.884902834892273,0.11509701609611511,2.3672653526318754e-07,0.3485264182090759,0.6514695882797241,3.99578811993706e-06,0.9616532325744629,0.038340259343385696,6.501383722934406e-06,0.7316941618919373,0.2683022879064083,3.5779661260448847e-06,0,meningioma,True
1380,"[[77]
 [82]
 [48]
 [50]
 [52]
 [55]
 [56]
 [48]
 [66]]",0,1,glioma,True,0.40942108631134033,0.5895060896873474,0.0010728221386671066,0.08736788481473923,0.9103785753250122,0.0022535212337970734,0.1119404211640358,0.8876882791519165,0.0003712862089741975,0.20290979743003845,0.7958576480547587,0.0012325431938127924,1,glioma,True
1381,"[[77]
 [82]
 [48]
 [51]
 [51]
 [51]
 [56]
 [57]
 [66]]",3,1,glioma,True,3.729532181750983e-05,0.999929666519165,3.305149948573671e-05,2.558001597208204e-07,0.9999809265136719,1.882735887193121e-05,1.1130959869098955e-11,0.9999998807907104,1.1287631451750713e-07,1.251704436939684e-05,0.9999701579411825,1.733057822406181e-05,1,glioma,True
1382,"[[77]
 [82]
 [48]
 [52]
 [56]
 [57]
 [57]
 [52]]",1,1,glioma,True,4.872350109508261e-05,0.9999512434005737,2.902814775118841e-14,0.002361701801419258,0.9976352453231812,3.0646351660834625e-06,0.09724263846874237,0.9027472138404846,1.0089853276440408e-05,0.03321768792375224,0.9667779008547465,4.38482949051734e-06,1,glioma,True
1383,"[[77]
 [82]
 [48]
 [52]
 [56]
 [57]
 [57]
 [52]]",1,1,glioma,True,0.00014280488539952785,0.9998571872711182,1.0535817357437693e-10,0.0007802352774888277,0.9992189407348633,8.267233511105587e-07,0.33466607332229614,0.6650410294532776,0.0002928866306319833,0.11186303782839484,0.8880390524864197,9.790448644708914e-05,1,glioma,True
1384,"[[77]
 [82]
 [48]
 [52]
 [57]
 [49]
 [48]
 [52]]",3,1,glioma,True,0.00018804252613335848,0.999803364276886,8.559002708352637e-06,3.399836501216669e-08,0.9999994039535522,6.363466127368156e-07,5.04563567576416e-13,1.0,4.082508983649369e-11,6.269217500097807e-05,0.9999342560768127,3.0651300487264297e-06,1,glioma,True
1385,"[[77]
 [82]
 [48]
 [52]
 [57]
 [49]
 [48]
 [52]]",3,1,glioma,True,7.661705603823066e-05,0.9999154806137085,7.818568519724067e-06,9.696988989560396e-09,0.9999998807907104,6.672500063586995e-08,2.6976348672241857e-13,1.0,1.3101444842206211e-12,2.5542251098994567e-05,0.9999717871348063,2.6284316101681405e-06,1,glioma,True
1386,"[[77]
 [82]
 [48]
 [52]
 [57]
 [49]
 [48]
 [52]]",3,1,glioma,True,0.001395045779645443,0.9985881447792053,1.6840633179526776e-05,1.0516296242712997e-06,0.9999985694885254,3.4649707458811463e-07,9.69198679645622e-11,1.0,2.3549476257933577e-10,0.0004653658353965274,0.9995289047559103,5.72912191629249e-06,1,glioma,True
1387,"[[77]
 [82]
 [48]
 [52]
 [57]
 [49]
 [52]
 [50]]",2,1,glioma,True,0.001596698653884232,0.9984013438224792,1.9118720047117677e-06,0.008507796563208103,0.9914857745170593,6.5187964537472e-06,0.8094139695167542,0.1897522658109665,0.0008337566396221519,0.2731728215779488,0.7265464613835017,0.00028072910269353696,1,glioma,True
1388,"[[77]
 [82]
 [48]
 [52]
 [57]
 [49]
 [52]
 [50]]",2,1,glioma,True,0.0004913655575364828,0.9995081424713135,5.029313001614355e-07,0.0033026780001819134,0.9966949224472046,2.344533641007729e-06,0.3220943808555603,0.6776809096336365,0.00022476521553471684,0.10862947480442624,0.8912946581840515,7.587089349196201e-05,1,glioma,True
1389,"[[77]
 [82]
 [48]
 [52]
 [57]
 [49]
 [52]
 [50]]",2,1,glioma,True,0.00031505338847637177,0.9996848106384277,1.6865254792719497e-07,0.006685641594231129,0.9933089017868042,5.4259226089925505e-06,0.2598133683204651,0.7397876977920532,0.0003990015829913318,0.08893802110105753,0.9109271367390951,0.0001348653860494172,1,glioma,True
1390,"[[49]
 [48]
 [49]
 [48]
 [49]
 [54]]",1,0,meningioma,True,0.7883652448654175,0.2116347998380661,4.499649541855888e-10,0.10573990643024445,0.8942596316337585,4.285032275674894e-07,0.9927660226821899,0.007233399897813797,6.286748543971044e-07,0.6289570579926173,0.37104261045654613,3.525426823062598e-07,0,meningioma,True
1391,"[[77]
 [82]
 [48]
 [52]
 [56]
 [57]
 [57]
 [52]
 [66]]",3,1,glioma,True,0.0004305449256207794,0.9995574355125427,1.1995184650004376e-05,5.82357170060277e-05,0.999940037727356,1.6974338450381765e-06,1.5316959434130695e-07,0.9999998807907104,1.0161640418004936e-08,0.00016297793740704947,0.9998324513435364,4.567593378486852e-06,1,glioma,True
1392,"[[77]
 [82]
 [48]
 [52]
 [56]
 [57]
 [57]
 [52]
 [66]]",3,1,glioma,True,8.260786125902086e-05,0.9998804330825806,3.690384983201511e-05,0.0004174795758444816,0.9995002746582031,8.219375013140962e-05,2.7893378273802227e-08,1.0,1.3774132945343354e-08,0.00016670511016059208,0.9997935692469279,3.970379136545669e-05,1,glioma,True
1393,"[[77]
 [82]
 [48]
 [52]
 [56]
 [57]
 [57]
 [52]
 [66]]",3,1,glioma,True,0.011375613510608673,0.9871548414230347,0.001469536335207522,0.02228277176618576,0.9689756035804749,0.008741650730371475,1.3374252375797369e-05,0.9999849796295166,1.661833039179328e-06,0.011223919843056743,0.9853718082110087,0.003404282966206059,1,glioma,True
1394,"[[77]
 [82]
 [48]
 [52]
 [56]
 [57]
 [57]
 [52]
 [66]]",3,1,glioma,True,0.005150362849235535,0.9928522706031799,0.001997420098632574,0.011752236634492874,0.9779009222984314,0.01034679263830185,6.057025984773645e-06,0.9999924898147583,1.4704627346873167e-06,0.005636218836571061,0.9902485609054565,0.004115227733223037,1,glioma,True
1395,"[[77]
 [82]
 [48]
 [52]
 [56]
 [57]
 [52]
 [52]
 [66]]",1,1,glioma,True,3.879026877484648e-09,1.0,1.8225655706860522e-10,0.0005416831700131297,0.9993335604667664,0.00012469757348299026,0.00021519525034818798,0.9996731281280518,0.00011165694741066545,0.00025229409979606504,0.9996688961982727,7.878490105007092e-05,1,glioma,True
1396,"[[77]
 [82]
 [48]
 [52]
 [56]
 [57]
 [52]
 [52]
 [66]]",1,1,glioma,True,7.361358744795155e-11,1.0,2.4602848512807196e-13,6.48734494461678e-05,0.9999293088912964,5.847469765285496e-06,5.913148197578266e-05,0.9999344348907471,6.3822362790233456e-06,4.133500167851264e-05,0.9999545812606812,4.076568763445775e-06,1,glioma,True
1397,"[[77]
 [82]
 [48]
 [52]
 [56]
 [57]
 [52]
 [52]
 [66]]",1,1,glioma,True,2.522252962045002e-10,1.0,6.119326508187417e-13,2.7594682251219638e-05,0.9999648332595825,7.596770501550054e-06,7.734708560747094e-06,0.9999865293502808,5.730400516767986e-06,1.1776547679087646e-05,0.9999837875366211,4.442390543416897e-06,1,glioma,True
1398,"[[77]
 [82]
 [48]
 [52]
 [56]
 [57]
 [52]
 [52]
 [66]]",1,1,glioma,True,2.347778504940834e-08,1.0,3.6487063370671535e-11,1.119982607633574e-05,0.9999877214431763,1.0214810117759043e-06,8.122551662381738e-06,0.9999895095825195,2.420642431388842e-06,6.448618507922295e-06,0.9999924103418986,1.1473866434093722e-06,1,glioma,True
1399,"[[77]
 [82]
 [48]
 [52]
 [56]
 [57]
 [52]
 [52]
 [66]]",1,1,glioma,True,1.87617210656299e-09,1.0,3.5522290404294e-13,2.383994433330372e-05,0.9999760389328003,1.3840806900589087e-07,8.455107490590308e-06,0.9999756813049316,1.5807507224963047e-05,1.076564266533353e-05,0.9999839067459106,5.3153052163972805e-06,1,glioma,True
1400,"[[77]
 [82]
 [48]
 [52]
 [56]
 [57]
 [52]
 [52]
 [66]]",1,1,glioma,True,1.4070698772794543e-10,1.0,1.4282012259034943e-13,3.111294063273817e-05,0.9999685287475586,3.7063318814034574e-07,2.9366890885285102e-05,0.9999175071716309,5.315284215612337e-05,2.0159990741670335e-05,0.9999620119730631,1.7841158495694614e-05,1,glioma,True
1401,"[[49]
 [48]
 [49]
 [48]
 [49]
 [54]]",1,0,meningioma,True,0.8294430375099182,0.17055697739124298,4.2620670881454714e-11,0.11740291863679886,0.882597029209137,1.3502597084880108e-07,0.9794631004333496,0.020532306283712387,4.4955590965400916e-06,0.6421030188600222,0.3578954376280308,1.5435425626865913e-06,0,meningioma,True
1402,"[[77]
 [82]
 [48]
 [52]
 [56]
 [57]
 [52]
 [52]
 [66]]",1,1,glioma,True,3.246593315367474e-12,1.0,8.100155068175782e-14,1.880152922240086e-05,0.9999803304672241,7.982175702636596e-07,0.00036802588147111237,0.9994698166847229,0.00016216527728829533,0.00012894247131336884,0.9998167157173157,5.432116497985351e-05,1,glioma,True
1403,"[[77]
 [82]
 [48]
 [52]
 [57]
 [51]
 [53]
 [56]]",2,1,glioma,True,2.3744603367958916e-06,0.999997615814209,4.553102339599491e-09,0.00017329656111542135,0.9998264908790588,2.0234053010881325e-07,8.5943189333193e-05,0.9999140501022339,2.162536461014497e-08,8.720473692847008e-05,0.9999127189318339,7.617299901951924e-08,1,glioma,True
1404,"[[77]
 [82]
 [48]
 [52]
 [57]
 [51]
 [53]
 [56]]",2,1,glioma,True,1.4027940551386564e-06,0.9999985694885254,3.4480402977266067e-09,0.0004035343008581549,0.9995960593223572,5.132300202603801e-07,5.112954750075005e-05,0.9999488592147827,3.442488605287508e-08,0.00015202221413801453,0.9998478293418884,1.837009822036606e-07,1,glioma,True
1405,"[[77]
 [82]
 [48]
 [52]
 [57]
 [51]
 [53]
 [56]]",2,1,glioma,True,0.00021434875088743865,0.9997857213020325,1.8911283206080043e-08,0.004037212114781141,0.9959622025489807,5.515368002306786e-07,0.00038660704740323126,0.9996134638786316,1.4597367758995006e-08,0.001546055971023937,0.9984537959098816,1.9501515039858455e-07,1,glioma,True
1406,"[[77]
 [82]
 [48]
 [52]
 [57]
 [51]
 [53]
 [56]]",2,1,glioma,True,0.00021556082356255502,0.9997844099998474,1.2643711855275797e-08,0.0036505660973489285,0.996347963809967,1.4934546470612986e-06,0.000981598161160946,0.9990183115005493,7.317191830225056e-08,0.0016159083606908098,0.9983835617701212,5.264234257396083e-07,1,glioma,True
1407,"[[77]
 [82]
 [48]
 [52]
 [57]
 [51]
 [53]
 [56]]",2,1,glioma,True,4.001664638053626e-05,0.9999599456787109,7.610277963365775e-10,0.008869335986673832,0.9911275506019592,3.2329405712516746e-06,0.017895597964525223,0.9820484519004822,5.599076393991709e-05,0.00893498353252653,0.9910453160603842,1.9741488512988365e-05,1,glioma,True
1408,"[[77]
 [82]
 [48]
 [52]
 [57]
 [51]
 [53]
 [56]]",2,1,glioma,True,7.752591045573354e-05,0.999922513961792,2.387781083967866e-10,0.014588981866836548,0.9854106903076172,3.548215374848951e-07,0.02570916712284088,0.97428959608078,1.2400594187056413e-06,0.013458558300044388,0.9865409334500631,5.317065780996444e-07,1,glioma,True
1409,"[[77]
 [82]
 [48]
 [52]
 [57]
 [51]
 [53]
 [56]]",2,1,glioma,True,9.883139284738718e-08,0.9999998807907104,9.900987148203644e-12,0.00022706305026076734,0.999772846698761,1.2589356401804253e-07,0.005252063274383545,0.9947478175163269,1.6352551313048025e-07,0.0018264083853457198,0.9981735150019327,9.647632604522366e-08,1,glioma,True
1410,"[[77]
 [82]
 [48]
 [52]
 [57]
 [51]
 [53]
 [56]]",2,1,glioma,True,8.594220730628876e-07,0.9999991655349731,3.354648156483897e-12,0.0008432274917140603,0.9991568326950073,5.2121610139010954e-08,0.021219395101070404,0.9787805080413818,1.1410653399934745e-07,0.007354494004952509,0.9926455020904541,5.541049959550496e-08,1,glioma,True
1411,"[[77]
 [82]
 [48]
 [52]
 [57]
 [51]
 [53]
 [56]]",2,1,glioma,True,7.688810910622124e-06,0.9999923706054688,6.532876453343994e-13,0.010769794695079327,0.989230215549469,1.1353546547354654e-08,0.047659650444984436,0.9523403644561768,2.1385027082487795e-08,0.019479044650324795,0.9805209835370382,1.0913075639162594e-08,1,glioma,True
1412,"[[49]
 [48]
 [49]
 [49]
 [50]
 [55]]",1,0,meningioma,True,0.842062771320343,0.15745659172534943,0.00048064577276818454,0.7113847732543945,0.28819960355758667,0.00041565619176253676,0.4326508641242981,0.5651001930236816,0.0022489505354315042,0.6620328028996786,0.33691879610220593,0.0010484174999874085,0,meningioma,True
1413,"[[77]
 [82]
 [48]
 [52]
 [57]
 [52]
 [53]
 [51]]",1,1,glioma,True,7.806160162715514e-10,1.0,2.0484064097714416e-11,5.618376235361211e-07,0.9999986886978149,6.698687684547622e-07,8.152255031745881e-05,0.9999113082885742,7.095318778738147e-06,2.7361722852337067e-05,0.999969998995463,2.588402677085669e-06,1,glioma,True
1414,"[[77]
 [82]
 [48]
 [52]
 [57]
 [52]
 [53]
 [51]]",1,1,glioma,True,1.190599974165707e-08,1.0,8.857660716010685e-10,1.0824280252563767e-05,0.9999732971191406,1.5804469512659125e-05,0.0005394085310399532,0.9993973970413208,6.315104837995023e-05,0.00018341490576408623,0.9997902313868204,2.6318801219560317e-05,1,glioma,True
1415,"[[77]
 [82]
 [48]
 [52]
 [57]
 [52]
 [53]
 [51]]",1,1,glioma,True,9.170284087645086e-09,1.0,5.232178579284152e-10,2.489587859599851e-05,0.9999645948410034,1.051773961080471e-05,0.0004961538361385465,0.999448835849762,5.501638224814087e-05,0.00017368629500621088,0.9998044768969218,2.1844881692267837e-05,1,glioma,True
1416,"[[77]
 [82]
 [48]
 [52]
 [57]
 [52]
 [53]
 [51]]",1,1,glioma,True,9.093230168844002e-09,1.0,1.2263217996633102e-08,4.570065641473775e-07,0.9999960660934448,3.4707516078924527e-06,0.0007558910292573273,0.9987305998802185,0.0005134779494255781,0.0002521190430172145,0.9995755553245544,0.00017232032141715573,1,glioma,True
1417,"[[77]
 [82]
 [48]
 [52]
 [57]
 [52]
 [53]
 [51]]",1,1,glioma,True,1.093072832247799e-08,1.0,2.157142737005402e-13,2.9120987164787948e-05,0.9999706745147705,2.4960073119473236e-07,0.00014898220251780003,0.9998472929000854,3.7489028272830183e-06,5.937137347030349e-05,0.9999393224716187,1.3328345913973414e-06,1,glioma,True
1418,"[[77]
 [82]
 [48]
 [52]
 [57]
 [52]
 [53]
 [51]]",1,1,glioma,True,3.712800022981355e-08,1.0,3.144571755764325e-11,5.954613243375206e-06,0.9999934434890747,6.537434273923282e-07,0.00025592715246602893,0.9997413754463196,2.7191285880689975e-06,8.730629790321132e-05,0.9999116063117981,1.1243011537262944e-06,1,glioma,True
1419,"[[77]
 [82]
 [48]
 [52]
 [57]
 [52]
 [53]
 [51]]",1,1,glioma,True,6.367606442125862e-10,1.0,5.520718498780615e-14,6.649693773397303e-07,0.9999992847442627,3.005843751680004e-08,9.448140190215781e-06,0.9999895095825195,1.081960022020212e-06,3.3712487760665746e-06,0.9999962647755941,3.7067283824806566e-07,1,glioma,True
1420,"[[77]
 [82]
 [48]
 [52]
 [57]
 [52]
 [53]
 [51]]",1,1,glioma,True,1.8669915391456016e-08,1.0,1.1866134188922247e-17,3.4053478884743527e-05,0.9999659061431885,8.663373907147331e-10,0.010264493525028229,0.9897077083587646,2.7876716558239423e-05,0.0034328552246094546,0.996557871500651,9.292527631880668e-06,1,glioma,True
1421,"[[77]
 [82]
 [48]
 [52]
 [57]
 [52]
 [53]
 [51]]",1,1,glioma,True,1.0343443983262812e-11,1.0,1.995202154561388e-17,2.4022270395107626e-07,0.9999997615814209,1.5310442913474276e-09,0.00013163125549908727,0.9998624324798584,5.957684152235743e-06,4.395716284882745e-05,0.9999540646870931,1.9864050655156806e-06,1,glioma,True
1422,"[[77]
 [82]
 [48]
 [50]
 [52]
 [55]
 [56]
 [48]
 [71]]",4,1,glioma,True,1.2794585302344785e-07,0.9999996423721313,2.2592843151869602e-07,4.237238115933906e-09,1.0,1.8096147913482241e-09,0.001610550913028419,0.9982367753982544,0.0001526775595266372,0.0005368943653731861,0.9994121392567953,5.0968432524315745e-05,1,glioma,True
1423,"[[49]
 [48]
 [49]
 [49]
 [50]
 [55]]",1,0,meningioma,True,0.7735870480537415,0.06503194570541382,0.16138097643852234,0.6685209274291992,0.294329971075058,0.037149086594581604,0.657129168510437,0.2093629539012909,0.1335078477859497,0.6997457146644592,0.1895749568939209,0.11067930360635121,0,meningioma,True
1424,"[[77]
 [82]
 [48]
 [50]
 [52]
 [55]
 [56]
 [48]
 [71]]",4,1,glioma,True,2.765782710412168e-06,0.9999889135360718,8.321467248606496e-06,4.9173311256200947e-11,1.0,2.866499537734768e-10,0.00015295286721084267,0.9998040795326233,4.305897527956404e-05,5.190623303152203e-05,0.9999309976895651,1.7126909726041435e-05,1,glioma,True
1425,"[[77]
 [82]
 [48]
 [50]
 [52]
 [55]
 [56]
 [48]
 [71]]",4,1,glioma,True,3.9205500002026383e-07,0.9999988079071045,8.223489658121252e-07,2.0682569545904528e-10,1.0,3.4877964405488626e-10,0.0003493890690151602,0.9996128678321838,3.773799471673556e-05,0.00011659377694695865,0.9998705585797628,1.2853564154063912e-05,1,glioma,True
1426,"[[77]
 [82]
 [48]
 [50]
 [52]
 [55]
 [56]
 [48]
 [71]]",4,1,glioma,True,4.920356673210335e-07,0.9999979734420776,1.5556970538455062e-06,4.723463842282172e-10,1.0,9.54380685591616e-10,0.00030181542388163507,0.9996212720870972,7.680187263758853e-05,0.00010076931063178012,0.9998730818430582,2.6119508024039877e-05,1,glioma,True
1427,"[[77]
 [82]
 [48]
 [50]
 [52]
 [55]
 [56]
 [48]
 [71]]",4,1,glioma,True,9.76644173533714e-07,0.999996542930603,2.488194468242e-06,7.215873676358342e-09,1.0,1.651881120778853e-08,0.00017563167784828693,0.9997290968894958,9.52578047872521e-05,5.887184596516567e-05,0.9999085466066996,3.258750602223396e-05,1,glioma,True
1428,"[[77]
 [82]
 [48]
 [50]
 [52]
 [55]
 [56]
 [48]
 [71]]",4,1,glioma,True,4.108288521820214e-06,0.9999914169311523,4.580973381962394e-06,9.67653690508996e-09,1.0,2.65514876751638e-09,0.00019960521603934467,0.9997537732124329,4.656572491512634e-05,6.790772703268999e-05,0.9999150633811951,1.7049784481952084e-05,1,glioma,True
1429,"[[77]
 [82]
 [48]
 [50]
 [52]
 [55]
 [56]
 [48]
 [71]]",4,1,glioma,True,6.801860195082554e-07,0.9999958276748657,3.424333726798068e-06,1.109762726159147e-09,1.0,1.0024201607672367e-10,0.0001484223612351343,0.9998000264167786,5.16148611495737e-05,4.9701219005789575e-05,0.9999319513638815,1.834643170612928e-05,1,glioma,True
1430,"[[77]
 [82]
 [48]
 [52]
 [57]
 [52]
 [53]
 [51]
 [66]]",2,1,glioma,True,1.2636328650117434e-09,1.0,6.108885641266382e-14,8.110690146168054e-07,0.9999991655349731,5.958438603625993e-11,8.016395547372213e-09,1.0,1.636967037615955e-12,2.7344968100972977e-07,0.9999997218449911,2.0427480643429516e-11,1,glioma,True
1431,"[[77]
 [82]
 [48]
 [52]
 [57]
 [52]
 [53]
 [51]
 [66]]",2,1,glioma,True,2.4100333462229173e-07,0.9999997615814209,3.965471478744806e-14,1.3291387404024135e-05,0.9999867677688599,3.4956985223155712e-12,2.548057054241326e-08,1.0,2.3935461258676755e-15,4.51929043639628e-06,0.9999955097834269,1.1792489277429622e-12,1,glioma,True
1432,"[[77]
 [82]
 [48]
 [52]
 [57]
 [52]
 [53]
 [51]
 [66]]",2,1,glioma,True,4.7153753257589415e-05,0.9999525547027588,2.877400220313575e-07,0.0011439803056418896,0.998853325843811,2.699484412005404e-06,0.025858182460069656,0.9741398096084595,2.0056845642102417e-06,0.009016438839656379,0.9909818967183431,1.6643029994156677e-06,1,glioma,True
1433,"[[77]
 [82]
 [48]
 [52]
 [57]
 [52]
 [53]
 [51]
 [66]]",2,1,glioma,True,9.394050721311942e-06,0.9999902248382568,3.978793188252894e-07,0.0009167509851977229,0.9990705847740173,1.2687179150816519e-05,0.08684562146663666,0.9131404757499695,1.388452437822707e-05,0.029257255500851898,0.9707337617874146,8.989860949289627e-06,1,glioma,True
1434,"[[49]
 [48]
 [49]
 [49]
 [50]
 [55]]",1,0,meningioma,True,0.03941940888762474,0.0002633861149661243,0.9603171944618225,0.7035282254219055,0.05635508522391319,0.240116685628891,0.0007214525248855352,4.081444785697386e-05,0.9992377758026123,0.24788969561147192,0.018886428595578764,0.7332238852977753,2,pituitary,False
1435,"[[77]
 [82]
 [48]
 [52]
 [57]
 [52]
 [53]
 [51]
 [66]]",2,1,glioma,True,0.00021364458370953798,0.9997405409812927,4.574653212330304e-05,0.00133756292052567,0.9986358284950256,2.654902527865488e-05,0.023247290402650833,0.9766995906829834,5.313698056852445e-05,0.008266165968962014,0.9916919867197672,4.181084599016079e-05,1,glioma,True
1436,"[[77]
 [82]
 [48]
 [52]
 [57]
 [52]
 [53]
 [51]
 [66]]",2,1,glioma,True,0.0001354240666842088,0.9998325109481812,3.2055915653472766e-05,0.002101854421198368,0.9972721934318542,0.0006259607616811991,0.48081809282302856,0.4912637174129486,0.027918240055441856,0.16101845710363705,0.8294561405976614,0.00952541891092551,1,glioma,True
1437,"[[77]
 [82]
 [48]
 [52]
 [57]
 [52]
 [53]
 [51]
 [66]]",2,1,glioma,True,1.7272076320296037e-06,0.9999983310699463,2.5547653795536703e-14,2.2696020096191205e-05,0.9999773502349854,1.4395308729764356e-11,7.7568591549948e-09,1.0,4.534310091703882e-15,8.143661529125268e-06,0.9999918937683105,4.808463564550532e-12,1,glioma,True
1438,"[[77]
 [82]
 [48]
 [52]
 [57]
 [52]
 [53]
 [51]
 [66]]",2,1,glioma,True,5.407739081420004e-06,0.9999946355819702,7.808737787244266e-14,8.899593376554549e-05,0.9999109506607056,3.637243631282594e-11,3.788904336943233e-07,0.9999996423721313,1.8058340941844685e-14,3.159418776021994e-05,0.999968409538269,1.2156194010546742e-11,1,glioma,True
1439,"[[77]
 [82]
 [48]
 [52]
 [57]
 [52]
 [53]
 [51]
 [66]]",2,1,glioma,True,2.5688336791063193e-07,0.9999997615814209,7.876965681281878e-13,5.3264917369233444e-05,0.9999467134475708,7.016041081442381e-10,1.1240007324886392e-06,0.999998927116394,2.4382943580869565e-12,1.821526715654424e-05,0.9999818007151285,2.3494336635681776e-10,1,glioma,True
1440,"[[77]
 [82]
 [48]
 [52]
 [57]
 [52]
 [53]
 [51]
 [66]]",2,1,glioma,True,6.288357781158993e-07,0.9999994039535522,3.736482911270711e-12,0.0002588826755527407,0.9997411370277405,7.07332725724541e-09,0.00027501676231622696,0.9997249245643616,7.986231675971567e-10,0.00017817609121569453,0.9998218218485514,2.625228969251279e-09,1,glioma,True
1441,"[[77]
 [82]
 [48]
 [52]
 [57]
 [52]
 [53]
 [51]
 [66]]",2,1,glioma,True,2.0486402718233876e-05,0.9999794960021973,2.982754321312342e-10,0.0005474612698890269,0.999452531337738,9.932228373088492e-09,0.00022330624051392078,0.9997766613960266,1.3656138719841948e-10,0.0002637513043737272,0.9997362295786539,3.455688397472715e-09,1,glioma,True
1442,"[[77]
 [82]
 [48]
 [52]
 [57]
 [52]
 [53]
 [51]
 [66]]",2,1,glioma,True,0.00044492335291579366,0.9995550513267517,4.7622172871797375e-09,0.0011432726169005036,0.998856782913208,5.178356232704573e-08,0.000864497444126755,0.9991355538368225,6.359374804532081e-09,0.0008175644713143507,0.9991824626922607,2.0968384806252516e-08,1,glioma,True
1443,"[[77]
 [82]
 [48]
 [52]
 [57]
 [52]
 [53]
 [51]
 [66]]",2,1,glioma,True,8.731870184419677e-05,0.9999126195907593,7.691375536467149e-09,0.0007549658766947687,0.9992449283599854,1.273022860459605e-07,0.004071634262800217,0.9959283471107483,2.4119454877791213e-08,0.0016379729471130606,0.9983619650204977,5.303770548673962e-08,1,glioma,True
1444,"[[77]
 [82]
 [48]
 [52]
 [57]
 [52]
 [53]
 [51]
 [66]]",2,1,glioma,True,9.871542715700343e-06,0.9999901056289673,6.612795200311439e-09,0.000447009049821645,0.9995527863502502,2.5891543486977753e-07,0.004384513478726149,0.9956154823303223,2.4368103979099942e-08,0.001613798023754498,0.9983861247698466,9.663211134972964e-08,1,glioma,True
1445,"[[49]
 [48]
 [49]
 [55]
 [57]
 [55]]",3,0,meningioma,True,0.9978049397468567,0.002174154156818986,2.0932826373609714e-05,0.9672738313674927,0.03259766474366188,0.0001284330355701968,0.9998860359191895,0.00010864367504836991,5.3803264563612174e-06,0.9883216023445129,0.011626820858509745,5.1582062800055915e-05,0,meningioma,True
1446,"[[49]
 [48]
 [49]
 [49]
 [50]
 [55]]",1,0,meningioma,True,0.006773227825760841,0.0001202641287818551,0.9931065440177917,0.4692893326282501,0.08612522482872009,0.444585382938385,0.005199408624321222,0.0030498208943754435,0.9917507767677307,0.16042065635944405,0.02976510328395913,0.8098142345746359,2,pituitary,False
1447,"[[77]
 [82]
 [48]
 [53]
 [48]
 [49]
 [51]
 [53]
 [66]]",3,1,glioma,True,0.15667875111103058,0.8433207273483276,4.894893663731636e-07,9.805311128729954e-05,0.9999018907546997,1.4896819888754465e-11,0.0004761839809361845,0.9995238780975342,1.5710112247560581e-12,0.05241766273441802,0.9475821654001871,1.631686114014257e-07,1,glioma,True
1448,"[[77]
 [82]
 [48]
 [53]
 [48]
 [49]
 [51]
 [53]
 [66]]",3,1,glioma,True,0.0033787686843425035,0.9966204166412354,7.772078447487729e-07,1.0415231372462586e-05,0.9999896287918091,4.3330415644415865e-11,1.5178655132785934e-07,0.9999998807907104,1.035899556238451e-12,0.001129778567422098,0.9988699754079183,2.5908407035465784e-07,1,glioma,True
1449,"[[77]
 [82]
 [48]
 [53]
 [48]
 [49]
 [51]
 [53]
 [66]]",3,1,glioma,True,0.00032901467056944966,0.9994478821754456,0.0002232127881143242,9.341772965854034e-05,0.998347282409668,0.0015593233983963728,8.028941955728897e-09,0.9999998807907104,9.521033916826127e-08,0.0001408134763899819,0.9992650151252747,0.0005942104656166217,1,glioma,True
1450,"[[77]
 [82]
 [48]
 [53]
 [48]
 [49]
 [51]
 [53]
 [66]]",3,1,glioma,True,0.000633362855296582,0.9993560910224915,1.0560472219367512e-05,1.726825394143816e-05,0.9999825954437256,1.4210087329047383e-07,5.4651221326196264e-09,1.0,1.748015968083827e-11,0.00021687885812005092,0.9997795621554056,3.567530190939222e-06,1,glioma,True
1451,"[[77]
 [82]
 [48]
 [53]
 [48]
 [49]
 [51]
 [53]
 [66]]",3,1,glioma,True,0.0010043223155662417,0.9989417195320129,5.393863102653995e-05,2.9057817300781608e-05,0.9999687671661377,2.1885630303586368e-06,2.985476399430809e-08,1.0,2.7367466626238013e-10,0.0003444699958770059,0.9996368288993835,1.8709155910521618e-05,1,glioma,True
1452,"[[77]
 [82]
 [48]
 [53]
 [48]
 [49]
 [51]
 [53]
 [66]]",3,1,glioma,True,0.003577522234991193,0.995637834072113,0.000784712377935648,8.57335253385827e-05,0.9998624324798584,5.178977517061867e-05,1.1773743153753458e-06,0.9999988079071045,2.04848529250512e-08,0.0012214777115483837,0.9984996914863586,0.00027884087931973056,1,glioma,True
1453,"[[77]
 [82]
 [48]
 [53]
 [48]
 [49]
 [51]
 [53]
 [66]]",3,1,glioma,True,0.004534364677965641,0.9952003955841064,0.00026522582629695535,0.011932090856134892,0.9847679734230042,0.0032999184913933277,2.4016906536417082e-05,0.9999699592590332,6.086861503717955e-06,0.005496824146878983,0.9933127760887146,0.001190410393064667,1,glioma,True
1454,"[[77]
 [82]
 [48]
 [53]
 [48]
 [49]
 [51]
 [53]
 [66]]",3,1,glioma,True,0.2587447464466095,0.5342900156974792,0.20696523785591125,0.3093215525150299,0.24635963141918182,0.4443187713623047,0.005174118094146252,0.9875439405441284,0.007282018195837736,0.19108013901859522,0.5893978625535965,0.2195220091380179,1,glioma,True
1455,"[[77]
 [82]
 [48]
 [53]
 [48]
 [49]
 [51]
 [53]
 [66]]",3,1,glioma,True,0.055305518209934235,0.9139463305473328,0.030748166143894196,0.11099038273096085,0.6759519577026367,0.21305760741233826,0.0016167486319318414,0.997669517993927,0.0007136508938856423,0.05597088319094231,0.8625226020812988,0.08150647481670603,1,glioma,True
1456,"[[77]
 [82]
 [48]
 [53]
 [48]
 [49]
 [51]
 [53]
 [66]]",3,1,glioma,True,0.051671698689460754,0.917973518371582,0.030354823917150497,0.004323129542171955,0.9830867052078247,0.01259014755487442,1.2405133702486637e-06,0.9999960660934448,2.7699888960341923e-06,0.01866535624833432,0.9670187632242838,0.014315913820306983,1,glioma,True
1457,"[[49]
 [48]
 [49]
 [55]
 [57]
 [55]]",3,0,meningioma,True,0.8966354131698608,0.10316608101129532,0.0001984540867852047,0.8101705312728882,0.18912185728549957,0.0007074999739415944,0.9636556506156921,0.03634294867515564,1.4265408481151098e-06,0.8901538650194804,0.10954362899065018,0.0003024602005249714,0,meningioma,True
1458,"[[77]
 [82]
 [48]
 [53]
 [48]
 [49]
 [51]
 [53]
 [66]]",3,1,glioma,True,0.009651116095483303,0.9874710440635681,0.0028778454288840294,0.055371448397636414,0.7152104377746582,0.22941817343235016,1.8216604757981258e-07,0.9999996423721313,8.245142169016617e-08,0.021674248886389098,0.9008937080701193,0.0774320337708853,1,glioma,True
1459,"[[77]
 [82]
 [48]
 [53]
 [48]
 [54]
 [56]
 [55]]",3,1,glioma,True,0.02950470522046089,0.970460832118988,3.442772867856547e-05,0.006184080615639687,0.9938139915466309,1.9010504956895602e-06,0.00015485323092434555,0.9998449087142944,2.2277723132901883e-07,0.011947879689008309,0.9880399107933044,1.2183852135194684e-05,1,glioma,True
1460,"[[77]
 [82]
 [48]
 [53]
 [48]
 [54]
 [56]
 [55]]",3,1,glioma,True,0.026570143178105354,0.9732426404953003,0.0001872638677014038,0.0008518388494849205,0.9991469383239746,1.2039224657200975e-06,4.483824523049407e-05,0.999954342842102,8.149308996507898e-07,0.009155606757606924,0.990781307220459,6.309424035559157e-05,1,glioma,True
1461,"[[77]
 [82]
 [48]
 [53]
 [48]
 [54]
 [56]
 [55]]",3,1,glioma,True,0.0546196810901165,0.944799542427063,0.0005807386478409171,0.0011733854189515114,0.9988253712654114,1.17199908800103e-06,6.038255378371105e-06,0.9999938011169434,1.4697447170419764e-07,0.018599701588148793,0.9812062382698059,0.0001940192071335408,1,glioma,True
1462,"[[77]
 [82]
 [48]
 [53]
 [48]
 [54]
 [56]
 [55]]",3,1,glioma,True,0.7936965227127075,0.20245413482189178,0.0038493683096021414,0.003025404643267393,0.9969694018363953,5.202233296586201e-06,0.0009718341752886772,0.9990264177322388,1.7624303154661902e-06,0.2658979205104212,0.7328166514635086,0.0012854443244047313,1,glioma,True
1463,"[[77]
 [82]
 [48]
 [53]
 [48]
 [54]
 [56]
 [55]]",3,1,glioma,True,0.8174970149993896,0.1527738869190216,0.029729044064879417,0.01995101571083069,0.979949414730072,9.95258815237321e-05,0.0955706387758255,0.9041613936424255,0.00026796211022883654,0.31100622316201526,0.6789615650971731,0.010032177352210661,1,glioma,True
1464,"[[77]
 [82]
 [48]
 [53]
 [48]
 [54]
 [56]
 [55]]",3,1,glioma,True,0.00038722535828128457,0.9995620846748352,5.070124825579114e-05,1.9314420569571666e-05,0.9999737739562988,6.9305365286709275e-06,7.280451086444373e-08,0.9999997615814209,6.583815803651305e-08,0.00013553752778724024,0.9998452067375183,1.9232540980832862e-05,1,glioma,True
1465,"[[77]
 [82]
 [48]
 [53]
 [48]
 [55]
 [57]
 [49]
 [66]]",4,1,glioma,True,0.0021799742244184017,0.9973433613777161,0.0004766274360008538,0.040455568581819534,0.9373500347137451,0.022194385528564453,0.13677656650543213,0.7850245237350464,0.0781988576054573,0.05980403643722335,0.9065726399421692,0.03362329019000754,1,glioma,True
1466,"[[77]
 [82]
 [48]
 [53]
 [48]
 [55]
 [57]
 [49]
 [66]]",4,1,glioma,True,0.0027496651746332645,0.9972184896469116,3.181658757966943e-05,2.7890271667274646e-05,0.999971866607666,2.56270567433603e-07,0.37169259786605835,0.6131970286369324,0.015110381878912449,0.12482338443745296,0.87012912829717,0.005047484912353184,1,glioma,True
1467,"[[77]
 [82]
 [48]
 [53]
 [48]
 [55]
 [57]
 [49]
 [66]]",4,1,glioma,True,0.000157620626850985,0.9998199343681335,2.250323086627759e-05,1.832018097047694e-05,0.9999815225601196,8.520471084239034e-08,0.13367775082588196,0.8415234684944153,0.024798767641186714,0.04461789721123447,0.9471083084742228,0.008273785358921279,1,glioma,True
1468,"[[49]
 [48]
 [49]
 [55]
 [57]
 [55]]",3,0,meningioma,True,0.9887107014656067,0.010675921104848385,0.0006134147988632321,0.9495835900306702,0.05002595856785774,0.0003904189507011324,0.9987416863441467,0.001255858689546585,2.4606358692835784e-06,0.9790119926134745,0.020652579454084236,0.000335431461811216,0,meningioma,True
1469,"[[77]
 [82]
 [48]
 [53]
 [48]
 [55]
 [57]
 [49]
 [66]]",4,1,glioma,True,6.254373147385195e-05,0.9999104738235474,2.6995250664185733e-05,1.061530019796919e-05,0.9999890327453613,3.724307759966905e-07,0.07687794417142868,0.9087698459625244,0.014352199621498585,0.025650367734366835,0.969556450843811,0.004793189100979589,1,glioma,True
1470,"[[77]
 [82]
 [48]
 [52]
 [57]
 [48]
 [49]
 [57]
 [67]]",4,1,glioma,True,1.1024514606106095e-05,0.9999607801437378,2.822183887474239e-05,1.1084350148848898e-07,0.9999997615814209,1.110358525124866e-07,0.001423674519173801,0.9983351826667786,0.00024109914375003427,0.0004782699590937985,0.9994319081306458,8.981067282576305e-05,1,glioma,True
1471,"[[77]
 [82]
 [48]
 [52]
 [57]
 [48]
 [49]
 [57]
 [67]]",4,1,glioma,True,1.1289504982414655e-05,0.9999673366546631,2.1335530618671328e-05,1.1001091593243473e-07,0.9999997615814209,6.011085673662819e-08,0.0008472669287584722,0.9988125562667847,0.0003401919675525278,0.00028622214821893976,0.9995932181676229,0.00012052920300931191,1,glioma,True
1472,"[[77]
 [82]
 [48]
 [52]
 [57]
 [48]
 [49]
 [57]
 [67]]",4,1,glioma,True,0.00013236886297818273,0.9997312426567078,0.00013628692249767482,6.466126478699152e-07,0.9999769926071167,2.2449230527854525e-05,0.003979790955781937,0.9948377013206482,0.0011825045803561807,0.0013709354771359965,0.9981819788614908,0.00044708024446057,1,glioma,True
1473,"[[77]
 [82]
 [48]
 [52]
 [57]
 [48]
 [49]
 [57]
 [67]]",4,1,glioma,True,3.647873427325976e-06,0.9999178647994995,7.84491203376092e-05,5.240512379600659e-08,0.9999978542327881,2.185247694796999e-06,0.00034818719723261893,0.9993966817855835,0.000255093676969409,0.00011729582526124697,0.9997708002726237,0.0001119093483339384,1,glioma,True
1474,"[[77]
 [82]
 [48]
 [52]
 [57]
 [48]
 [49]
 [57]
 [67]]",4,1,glioma,True,1.0203598321822938e-07,0.9999867677688599,1.3115656656736974e-05,1.410773720067482e-09,1.0,3.232832668231822e-08,6.184964149724692e-05,0.9996904134750366,0.00024779714294709265,2.065102941806174e-05,0.9998923937479655,8.698170931017064e-05,1,glioma,True
1475,"[[77]
 [82]
 [48]
 [50]
 [54]
 [49]
 [55]
 [53]
 [67]]",4,1,glioma,True,4.882001469752595e-09,1.0,1.0382457560353942e-08,1.3948170960245698e-12,1.0,1.88652153794433e-12,5.4576759112023865e-08,0.9999998807907104,1.7786038597478182e-07,1.982005179962416e-08,0.9999999602635702,6.274824335222456e-08,1,glioma,True
1476,"[[77]
 [82]
 [48]
 [50]
 [54]
 [49]
 [55]
 [53]
 [67]]",4,1,glioma,True,1.0563818619857557e-07,0.9999998807907104,5.5237155294207696e-08,6.850373740485693e-11,1.0,2.7925649639937156e-11,4.2846550059039146e-06,0.9999897480010986,5.94564289713162e-06,1.4634538986132983e-06,0.999996542930603,2.000302659358489e-06,1,glioma,True
1477,"[[77]
 [82]
 [48]
 [50]
 [54]
 [49]
 [55]
 [53]
 [67]]",4,1,glioma,True,5.773533118258456e-08,1.0,4.825301758160094e-08,3.926447361690677e-11,1.0,4.9934341384005876e-11,9.146196134679485e-06,0.9999889135360718,1.92135848919861e-06,3.067990243445229e-06,0.9999963045120239,6.565538137071983e-07,1,glioma,True
1478,"[[77]
 [82]
 [48]
 [50]
 [54]
 [49]
 [55]
 [53]
 [67]]",4,1,glioma,True,5.327111693986808e-07,0.9999994039535522,1.6628692378617416e-07,3.113530411269494e-08,1.0,1.5562122257506417e-08,2.4412187485722825e-05,0.999964714050293,1.0795353773573879e-05,8.325344653078067e-06,0.9999880393346151,3.6590676065391867e-06,1,glioma,True
1479,"[[49]
 [48]
 [49]
 [55]
 [57]
 [55]]",3,0,meningioma,True,0.9750862121582031,0.024630820378661156,0.0002830803859978914,0.7914848327636719,0.20809222757816315,0.0004229869518894702,0.9539934992790222,0.04600309953093529,3.4087529456883203e-06,0.9068548480669657,0.0929087158292532,0.0002364920302776833,0,meningioma,True
1480,"[[77]
 [82]
 [48]
 [50]
 [54]
 [49]
 [55]
 [53]
 [67]]",4,1,glioma,True,6.564767431882501e-07,0.9999991655349731,1.4885574728396023e-07,1.7505966676267803e-09,1.0,1.9280821383915736e-09,5.134667662787251e-05,0.9999302625656128,1.8316988644073717e-05,1.7334967989242795e-05,0.9999764760335287,6.155924157832023e-06,1,glioma,True
1481,"[[77]
 [82]
 [48]
 [50]
 [54]
 [49]
 [55]
 [53]
 [67]]",4,1,glioma,True,1.2482809097491554e-06,0.9999972581863403,1.5251115428327466e-06,3.710396712097719e-10,1.0,6.095815519024939e-10,0.00015340796380769461,0.9996871948242188,0.00015945881023071706,5.155220525237166e-05,0.9998948176701864,5.366151045170057e-05,1,glioma,True
1482,"[[77]
 [82]
 [48]
 [50]
 [54]
 [49]
 [55]
 [53]
 [67]]",4,1,glioma,True,1.631322447792627e-06,0.9999960660934448,2.221859404016868e-06,3.4906464385642266e-09,1.0,3.6705092298916497e-09,0.0007146400748752058,0.9986500144004822,0.0006353340577334166,0.00023875829598981232,0.9995486934979757,0.00021251986254888777,1,glioma,True
1483,"[[77]
 [82]
 [48]
 [53]
 [49]
 [52]
 [54]
 [49]]",2,1,glioma,True,1.137685572416558e-07,0.9999998807907104,3.249193177966986e-13,0.00017420979565940797,0.9998257756233215,1.8468016005357413e-09,0.00029469880973920226,0.9997052550315857,1.6108492317812306e-08,0.0001563407913186173,0.9998436371485392,5.985206279221948e-09,1,glioma,True
1484,"[[77]
 [82]
 [48]
 [53]
 [49]
 [52]
 [54]
 [49]]",2,1,glioma,True,4.0113951627063216e-07,0.9999996423721313,1.5135248740069662e-12,0.00020781847706530243,0.9997921586036682,3.0646267745737532e-09,0.001288853702135384,0.998711109161377,1.3230365247807185e-08,0.000499024439572319,0.9995009700457255,5.432168515751648e-09,1,glioma,True
1485,"[[77]
 [82]
 [48]
 [53]
 [49]
 [52]
 [54]
 [49]]",2,1,glioma,True,1.8852509242606175e-07,0.9999997615814209,6.772057307286028e-12,0.00013417439186014235,0.9998657703399658,1.3674259058404914e-08,0.0045948754996061325,0.9954050779342651,3.5831273947906084e-08,0.001576412805519567,0.9984235366185507,1.6504101687872762e-08,1,glioma,True
1486,"[[77]
 [82]
 [48]
 [53]
 [49]
 [52]
 [54]
 [49]]",2,1,glioma,True,1.5062847751323716e-06,0.9999984502792358,9.237990233890159e-11,0.0006365778972394764,0.9993634819984436,5.2473463796332e-08,0.008467856794595718,0.991532027721405,9.686336710501564e-08,0.003035313658870109,0.9969646533330282,4.980973693456218e-08,1,glioma,True
1487,"[[77]
 [82]
 [48]
 [53]
 [49]
 [52]
 [54]
 [49]]",2,1,glioma,True,1.3007918369112303e-06,0.9999986886978149,1.0154042190402279e-10,0.000731192878447473,0.9992688298225403,2.5100582945469796e-08,0.009407874196767807,0.9905907511711121,1.2586280035975506e-06,0.0033801226223507306,0.9966194232304891,4.279433756549748e-07,1,glioma,True
1488,"[[77]
 [82]
 [48]
 [53]
 [49]
 [52]
 [54]
 [49]]",2,1,glioma,True,2.551876150391763e-06,0.9999974966049194,5.035094008398744e-10,0.0007808610680513084,0.9992190599441528,6.049069156688347e-08,0.004061699379235506,0.9959381818771362,1.21598120017552e-07,0.0016150374411457353,0.9983849128087362,6.086410699509177e-08,1,glioma,True
1489,"[[77]
 [82]
 [48]
 [53]
 [49]
 [52]
 [54]
 [49]]",2,1,glioma,True,0.0001136460923589766,0.9998863935470581,2.627603468141615e-09,0.005753486417233944,0.9942461848258972,3.098074046192778e-07,0.006675275973975658,0.9933221936225891,2.5404294774489244e-06,0.004180802827856193,0.9958182573318481,9.509548285121147e-07,1,glioma,True
1490,"[[49]
 [48]
 [49]
 [55]
 [57]
 [55]]",3,0,meningioma,True,0.9879581928253174,0.01189686544239521,0.00014489327440969646,0.8187458515167236,0.18084053695201874,0.00041365681681782007,0.9940337538719177,0.005961603485047817,4.67170866613742e-06,0.9335792660713196,0.06623300195982058,0.0001877405999645513,0,meningioma,True
1491,"[[77]
 [82]
 [48]
 [53]
 [49]
 [52]
 [54]
 [49]]",2,1,glioma,True,5.468149993248517e-06,0.9999945163726807,7.085775077797507e-09,0.0010082721710205078,0.9989904761314392,1.2388771892801742e-06,0.0015150594990700483,0.9984833598136902,1.5224338767438894e-06,0.0008429332733612682,0.99915611743927,9.227989470339537e-07,1,glioma,True
1492,"[[77]
 [82]
 [48]
 [53]
 [49]
 [52]
 [54]
 [49]]",2,1,glioma,True,3.2269384973915294e-05,0.9999675750732422,1.3815950694606727e-07,0.001454353565350175,0.9985442161560059,1.4441313851421e-06,0.0005460995016619563,0.9994533658027649,5.314093414199306e-07,0.0006775741506620155,0.999321719010671,7.045667445026993e-07,1,glioma,True
1493,"[[77]
 [82]
 [48]
 [53]
 [49]
 [53]
 [56]
 [54]]",1,1,glioma,True,9.178126703091039e-08,0.9999998807907104,9.78767576969436e-15,0.00014173395175021142,0.999858021736145,2.4852570845723676e-07,0.007494512479752302,0.9925023317337036,3.1624695111531764e-06,0.0025454460709231816,0.9974534114201864,1.136998409799363e-06,1,glioma,True
1494,"[[77]
 [82]
 [48]
 [53]
 [49]
 [53]
 [56]
 [54]]",1,1,glioma,True,6.892138770808742e-08,0.9999998807907104,2.078135117339832e-17,0.00015312651521526277,0.9998468160629272,2.499528362065462e-09,0.0012989516835659742,0.9986990690231323,1.9100671124760993e-06,0.00048404904005631505,0.9995152552922567,6.375222136196488e-07,1,glioma,True
1495,"[[77]
 [82]
 [48]
 [51]
 [51]
 [51]
 [56]
 [57]
 [66]]",3,1,glioma,True,0.0021113029215484858,0.9977816939353943,0.00010700316488509998,3.615346213337034e-05,0.9999452829360962,1.8595130313769914e-05,3.505931378544602e-10,1.0,2.195804249538469e-08,0.000715818911424998,0.9992423256238302,4.1873417747121756e-05,1,glioma,True
1496,"[[77]
 [82]
 [48]
 [51]
 [51]
 [51]
 [56]
 [57]
 [66]]",3,1,glioma,True,2.0358097572170664e-06,0.9999935626983643,4.383502982818754e-06,3.014423270997213e-07,0.9999984502792358,1.150343450717628e-06,1.8739840408621422e-12,1.0,1.2203222876649988e-09,7.790846527669428e-07,0.9999973376592001,1.845022251941349e-06,1,glioma,True
1497,"[[77]
 [82]
 [48]
 [51]
 [51]
 [51]
 [56]
 [57]
 [66]]",3,1,glioma,True,0.0018431416247040033,0.9981514811515808,5.391330887505319e-06,0.0015348315937444568,0.9984440207481384,2.1210000340943225e-05,1.0596808124319068e-06,0.999998927116394,1.899125967597115e-09,0.0011263442997536306,0.9988648096720377,8.867743451472046e-06,1,glioma,True
1498,"[[77]
 [82]
 [48]
 [51]
 [51]
 [51]
 [56]
 [57]
 [66]]",3,1,glioma,True,3.8959669836913235e-06,0.9999929666519165,3.0770765988563653e-06,1.7552812323629041e-06,0.9999842643737793,1.3896140444558114e-05,1.1509607850124226e-10,1.0,3.047525609645163e-08,1.8837877707109096e-06,0.9999924103418986,5.66789743317031e-06,1,glioma,True
1499,"[[77]
 [82]
 [48]
 [51]
 [51]
 [51]
 [56]
 [57]
 [66]]",3,1,glioma,True,0.0006967993103899062,0.9993027448654175,4.7484459742008767e-07,0.0009404420270584524,0.9990577101707458,1.8787021645039204e-06,2.473996573826298e-06,0.9999971389770508,3.771935723761999e-07,0.000546571778007395,0.999452531337738,9.102467781000693e-07,1,glioma,True
1500,"[[77]
 [82]
 [48]
 [50]
 [52]
 [55]
 [56]
 [48]
 [69]]",1,1,glioma,True,4.493205666474681e-13,1.0,4.212453302843144e-12,2.100532441318137e-07,0.9999992847442627,4.42360175156864e-07,3.961364654969657e-06,0.9999942779541016,1.8174282558902632e-06,1.3904727828073457e-06,0.9999978542327881,7.532642145001434e-07,1,glioma,True
1501,"[[49]
 [48]
 [49]
 [55]
 [57]
 [55]]",3,0,meningioma,True,0.9851869940757751,0.014118478633463383,0.0006945952773094177,0.8713133931159973,0.12830109894275665,0.000385552499210462,0.9908185601234436,0.009172456339001656,9.003673767438158e-06,0.9491063157717387,0.050530677971740566,0.00036305048342910595,0,meningioma,True
1502,"[[77]
 [82]
 [48]
 [50]
 [54]
 [49]
 [55]
 [53]
 [69]]",4,1,glioma,True,1.2266457815712783e-05,0.9999574422836304,3.0238068575272337e-05,3.821402216885872e-08,0.999997615814209,2.417089035589015e-06,0.0025770266074687243,0.9777768850326538,0.019646046683192253,0.0008631104264355353,0.992577314376831,0.0065595672802677045,1,glioma,True
1503,"[[77]
 [82]
 [48]
 [50]
 [54]
 [49]
 [55]
 [53]
 [69]]",4,1,glioma,True,1.5423566992467386e-06,0.9999926090240479,5.7867700888891704e-06,2.439606294757368e-10,0.9999998807907104,6.705901967052341e-08,0.0012695137411355972,0.9894189834594727,0.009311499074101448,0.00042368544726515783,0.9964704910914103,0.0031057843010700026,1,glioma,True
1504,"[[77]
 [82]
 [48]
 [50]
 [54]
 [49]
 [55]
 [53]
 [69]]",4,1,glioma,True,8.250156042777235e-07,0.9999984502792358,6.766468345631438e-07,1.648831418621377e-11,1.0,1.8838149790090242e-11,4.238426072333823e-07,0.999993085861206,6.389498594217002e-06,4.1629156660843064e-07,0.9999971787134806,2.3553880889766454e-06,1,glioma,True
1505,"[[77]
 [82]
 [48]
 [50]
 [54]
 [49]
 [55]
 [53]
 [69]]",4,1,glioma,True,0.00011086735321441665,0.9998786449432373,1.0481509889359586e-05,1.1512264752600032e-10,1.0,6.296005383710224e-13,8.086440175247844e-07,0.9999936819076538,5.4412871577369515e-06,3.722537078486299e-05,0.9999574422836304,5.307599225565692e-06,1,glioma,True
1506,"[[77]
 [82]
 [48]
 [50]
 [54]
 [49]
 [55]
 [53]
 [69]]",4,1,glioma,True,9.960313036572188e-07,0.9999974966049194,1.6056706044764724e-06,6.208878355028202e-13,1.0,6.637355942640255e-11,1.766765308275353e-05,0.9995967745780945,0.0003856163239106536,6.221228335766195e-06,0.9998647570610046,0.00012907402029622983,1,glioma,True
1507,"[[77]
 [82]
 [48]
 [50]
 [54]
 [49]
 [55]
 [53]
 [69]]",4,1,glioma,True,6.458887469307228e-08,0.9999997615814209,1.5494536853566387e-07,5.2142257254538665e-14,1.0,1.4408105784846637e-11,8.979549193099956e-07,0.99996018409729,3.8842477806610987e-05,3.208479487151084e-07,0.9999866485595703,1.2999145861084145e-05,1,glioma,True
1508,"[[77]
 [82]
 [48]
 [50]
 [54]
 [49]
 [55]
 [53]
 [69]]",4,1,glioma,True,2.6420252652314957e-08,0.9999998807907104,8.844889265446909e-08,1.1757983475746414e-11,1.0,2.0158230640276997e-10,2.0062179828528315e-05,0.9998656511306763,0.00011426011769799516,6.696203946388035e-06,0.9999551773071289,3.811625605765201e-05,1,glioma,True
1509,"[[77]
 [82]
 [48]
 [50]
 [54]
 [49]
 [55]
 [53]
 [69]]",4,1,glioma,True,1.9979454535246077e-08,1.0,1.721709175228625e-08,1.8782612618006844e-11,1.0,1.4496542855013672e-10,3.370246849954128e-05,0.9999072551727295,5.905323268962093e-05,1.1240822245563048e-05,0.9999690850575765,1.969019824893392e-05,1,glioma,True
1510,"[[77]
 [82]
 [48]
 [50]
 [54]
 [49]
 [55]
 [53]
 [69]]",4,1,glioma,True,1.1870539395886226e-07,0.9999998807907104,5.742638364836239e-08,3.2112247083659895e-08,1.0,2.3185060982200412e-08,0.0035125273279845715,0.9956086277961731,0.0008788389386609197,0.001170892715208538,0.9985361695289612,0.00029297318336851674,1,glioma,True
1511,"[[77]
 [82]
 [48]
 [50]
 [54]
 [49]
 [55]
 [53]
 [69]]",4,1,glioma,True,7.065990814680845e-08,0.9999997615814209,8.542367169184217e-08,3.1109466114287443e-09,1.0,3.5950209475998918e-09,0.0007756114937365055,0.998808741569519,0.00041572123882360756,0.0002585617548637546,0.9996028343836466,0.00013860341917208233,1,glioma,True
1512,"[[49]
 [48]
 [50]
 [52]
 [50]
 [48]]",0,0,meningioma,True,0.5310095548629761,0.4661348760128021,0.0028555558528751135,0.2906503975391388,0.6954069137573242,0.013942696154117584,0.4999361038208008,0.4986293315887451,0.0014345924137160182,0.44053201874097186,0.5533903737862905,0.006077614806902905,1,glioma,False
1513,"[[77]
 [82]
 [48]
 [50]
 [54]
 [49]
 [55]
 [53]
 [69]]",4,1,glioma,True,1.0841241504522259e-07,0.9999997615814209,1.722547295912591e-07,7.201075846730021e-10,1.0,1.842144992103556e-09,0.00018126110080629587,0.9995651841163635,0.00025352759985253215,6.0456744442975254e-05,0.9998549818992615,8.456723224237184e-05,1,glioma,True
1514,"[[77]
 [82]
 [48]
 [50]
 [54]
 [49]
 [55]
 [53]
 [69]]",4,1,glioma,True,1.3490650019321038e-07,0.9999996423721313,2.2029946933344036e-07,8.443007577796369e-12,1.0,5.46088556319102e-11,2.079006435451447e-06,0.9999805688858032,1.7449176084483042e-05,7.379737928840784e-07,0.9999934037526449,5.889843387557371e-06,1,glioma,True
1515,"[[77]
 [82]
 [48]
 [52]
 [48]
 [50]
 [52]
 [48]
 [67]]",4,1,glioma,True,2.824385092026205e-06,0.9999035596847534,9.353516361443326e-05,3.3924354436720705e-09,0.999993085861206,6.9295074354158714e-06,0.00042565478361211717,0.9898843765258789,0.009689989499747753,0.00014282752037986235,0.9965936740239462,0.0032634847235992006,1,glioma,True
1516,"[[77]
 [82]
 [48]
 [52]
 [48]
 [50]
 [52]
 [48]
 [67]]",4,1,glioma,True,4.221608105581254e-05,0.999953031539917,4.767661266669165e-06,4.5597650655260225e-11,1.0,5.065292282835365e-11,7.462029998350772e-07,0.9999481439590454,5.116697502671741e-05,1.4320776551099423e-05,0.9999670584996542,1.86448956487698e-05,1,glioma,True
1517,"[[77]
 [82]
 [48]
 [52]
 [48]
 [50]
 [52]
 [48]
 [67]]",4,1,glioma,True,0.001753051532432437,0.9982411861419678,5.670753125741612e-06,5.623453439018711e-11,1.0,2.702970768216073e-13,4.569217708194628e-06,0.9999339580535889,6.147156818769872e-05,0.0005858736021250553,0.9993917147318522,2.2380773861245805e-05,1,glioma,True
1518,"[[77]
 [82]
 [48]
 [52]
 [48]
 [50]
 [52]
 [48]
 [67]]",4,1,glioma,True,1.1970259947702289e-05,0.9997947812080383,0.00019336421974003315,1.1466309846053235e-10,0.9999998807907104,1.717996696015689e-07,8.761482604313642e-05,0.990300178527832,0.009612254798412323,3.319506688464572e-05,0.996698280175527,0.0032685969392739858,1,glioma,True
1519,"[[77]
 [82]
 [48]
 [52]
 [48]
 [50]
 [52]
 [48]
 [67]]",4,1,glioma,True,2.097515061905142e-05,0.9999092817306519,6.972068513277918e-05,1.9639821453171225e-12,1.0,9.701161401975966e-11,0.0001194853030028753,0.9966306090354919,0.003249906934797764,4.682015186196962e-05,0.9988466302553812,0.0011065425723140523,1,glioma,True
1520,"[[77]
 [82]
 [48]
 [52]
 [48]
 [50]
 [52]
 [48]
 [67]]",4,1,glioma,True,7.696176908211783e-06,0.9998941421508789,9.810042683966458e-05,8.368986753604091e-11,0.9999998807907104,6.096286142565077e-08,0.0003114993160124868,0.993707001209259,0.005981473717838526,0.00010639852553685537,0.9978670080502828,0.0020265450358465387,1,glioma,True
1521,"[[77]
 [82]
 [48]
 [52]
 [48]
 [50]
 [52]
 [48]
 [67]]",4,1,glioma,True,4.493515461945208e-07,0.9999924898147583,7.07692470314214e-06,2.0017557490065174e-12,1.0,2.427058110043845e-09,0.0002448841114528477,0.9960960745811462,0.0036590404342859983,8.177782166693267e-05,0.9986961881319681,0.0012220399286824168,1,glioma,True
1522,"[[77]
 [82]
 [48]
 [52]
 [48]
 [50]
 [52]
 [48]
 [67]]",4,1,glioma,True,1.2772940181093873e-06,0.9999967813491821,1.9033276430491242e-06,6.552303144502503e-10,0.9999998807907104,1.2995528209103213e-07,0.003650524653494358,0.9890573620796204,0.007292107213288546,0.001217267534247594,0.9963513414065043,0.002431380165404562,1,glioma,True
1523,"[[49]
 [48]
 [50]
 [52]
 [50]
 [48]]",0,0,meningioma,True,0.5531010627746582,0.4426193833351135,0.004279486369341612,0.36305373907089233,0.6130026578903198,0.023943578824400902,0.5959330201148987,0.4003106653690338,0.0037562770303338766,0.5040292739868164,0.4853109021981557,0.010659780741358796,0,meningioma,True
1524,"[[77]
 [82]
 [48]
 [52]
 [48]
 [50]
 [52]
 [48]
 [67]]",4,1,glioma,True,1.8974791373693733e-06,0.9999967813491821,1.3325145573617192e-06,8.881338720012621e-11,0.9999998807907104,7.841160254429269e-08,0.0015973050612956285,0.9955295920372009,0.0028731985948979855,0.0005330675430821283,0.9985087513923645,0.0009582031736859639,1,glioma,True
1525,"[[77]
 [82]
 [48]
 [52]
 [48]
 [50]
 [52]
 [48]
 [67]]",4,1,glioma,True,4.5853944357077125e-06,0.9999920129776001,3.497881834846339e-06,9.927962896227882e-10,0.9999997615814209,2.139355643748786e-07,0.005230524577200413,0.9863052368164062,0.008464230224490166,0.0017450369881441368,0.9954323371251425,0.002822647347296462,1,glioma,True
1526,"[[77]
 [82]
 [48]
 [52]
 [48]
 [50]
 [52]
 [48]
 [67]]",4,1,glioma,True,9.409491030965e-05,0.9998819828033447,2.3939835955388844e-05,4.628305516618525e-10,0.9999998807907104,1.0144196949113393e-07,0.0005130470381118357,0.9927114248275757,0.006775606889277697,0.00020238080375067913,0.9975310961405436,0.0022665493890675257,1,glioma,True
1527,"[[77]
 [82]
 [48]
 [52]
 [48]
 [50]
 [52]
 [48]
 [68]]",4,1,glioma,True,0.0003820613492280245,0.9993994235992432,0.00021852925419807434,1.6359520405018202e-09,1.0,1.7524516948697055e-08,0.005412041209638119,0.9939190149307251,0.000668961089104414,0.0019313680649393945,0.9977728128433228,0.0002958359559398123,1,glioma,True
1528,"[[77]
 [82]
 [48]
 [52]
 [48]
 [50]
 [52]
 [48]
 [68]]",4,1,glioma,True,7.061758515192196e-05,0.9999054670333862,2.394969305896666e-05,4.656983566136974e-12,1.0,1.2265749180229157e-11,6.347001908579841e-05,0.9997968077659607,0.00013969912833999842,4.469586963156798e-05,0.999900758266449,5.454961122157142e-05,1,glioma,True
1529,"[[77]
 [82]
 [48]
 [52]
 [48]
 [50]
 [52]
 [48]
 [68]]",4,1,glioma,True,4.041830692358417e-08,1.0,2.4250370600498172e-08,3.929883738867007e-16,1.0,6.342431831296471e-17,3.28309006647487e-08,0.9999997615814209,2.799273204345809e-07,2.4416402660440414e-08,0.9999999205271403,1.0139256369950115e-07,1,glioma,True
1530,"[[77]
 [82]
 [48]
 [52]
 [48]
 [50]
 [52]
 [48]
 [68]]",4,1,glioma,True,0.00023648349451832473,0.9997226595878601,4.0840444853529334e-05,4.3478515601193257e-13,1.0,1.2420611414376559e-11,0.00018152485426981002,0.9993913173675537,0.0004271003999747336,0.00013933611640763995,0.9997046589851379,0.0001559802857496248,1,glioma,True
1531,"[[77]
 [82]
 [48]
 [52]
 [48]
 [50]
 [52]
 [48]
 [68]]",4,1,glioma,True,0.00013287369802128524,0.9998489618301392,1.8170281691709533e-05,1.512954692084456e-11,1.0,2.535569323947051e-11,0.00024108281650114805,0.9993802309036255,0.00037855649134144187,0.00012465217655066008,0.9997430642445883,0.00013224226612961487,1,glioma,True
1532,"[[77]
 [82]
 [48]
 [52]
 [48]
 [50]
 [52]
 [48]
 [68]]",4,1,glioma,True,0.000318682927172631,0.9996676445007324,1.3674060937773902e-05,2.661512937124355e-12,1.0,1.7668406668280845e-11,0.000646301603410393,0.9988889098167419,0.00046480094897560775,0.00032166151108151234,0.9995188514391581,0.0001594916758605961,1,glioma,True
1533,"[[77]
 [82]
 [48]
 [52]
 [48]
 [50]
 [52]
 [48]
 [68]]",4,1,glioma,True,8.608491043560207e-06,0.9999905824661255,8.796735073701711e-07,1.0315600370430777e-12,1.0,2.0479219015046013e-11,2.456906804582104e-05,0.9998902082443237,8.525136217940599e-05,1.1059186706980428e-05,0.9999602635701498,2.8710352055331723e-05,1,glioma,True
1534,"[[49]
 [48]
 [50]
 [52]
 [50]
 [48]]",0,0,meningioma,True,0.5278413891792297,0.46478545665740967,0.007373147178441286,0.29967960715293884,0.6658706665039062,0.03444968909025192,0.5277083516120911,0.46301764249801636,0.00927396584302187,0.45174311598141986,0.5312245885531107,0.01703226737057169,1,glioma,False
1535,"[[77]
 [82]
 [48]
 [52]
 [48]
 [50]
 [52]
 [48]
 [68]]",4,1,glioma,True,1.1850956980197225e-05,0.9999871253967285,1.0368186167397653e-06,2.7732954821502176e-12,1.0,1.1703062130496988e-10,9.653077722759917e-05,0.9997240900993347,0.00017931014008354396,3.612724566036396e-05,0.9999037384986877,6.011569191030167e-05,1,glioma,True
1536,"[[77]
 [82]
 [48]
 [52]
 [48]
 [50]
 [52]
 [48]
 [68]]",4,1,glioma,True,4.323454049881548e-06,0.9999940395355225,1.612684286556032e-06,1.7547561710976045e-12,1.0,8.766391779158056e-11,6.013474921928719e-05,0.9998158812522888,0.0001238978875335306,2.14860683413083e-05,0.9999366402626038,4.1836886494668137e-05,1,glioma,True
1537,"[[77]
 [82]
 [48]
 [52]
 [48]
 [50]
 [52]
 [48]
 [68]]",4,1,glioma,True,3.2699641451472417e-05,0.9999632835388184,4.080567123310175e-06,2.8004270777315377e-11,1.0,4.854696505907086e-11,5.807567504234612e-05,0.9998202919960022,0.00012165877706138417,3.025844816602977e-05,0.9999278585116068,4.191313091055313e-05,1,glioma,True
1538,"[[77]
 [82]
 [48]
 [52]
 [48]
 [50]
 [52]
 [48]
 [68]]",4,1,glioma,True,1.0709057278290857e-05,0.9999867677688599,2.5315746370324632e-06,3.3354704631963217e-13,1.0,3.2198625954079144e-14,4.0551904021413065e-06,0.9999743700027466,2.156503796868492e-05,4.921416004659736e-06,0.9999870459238688,8.03220421263867e-06,1,glioma,True
1539,"[[77]
 [82]
 [48]
 [49]
 [55]
 [50]
 [54]
 [48]
 [70]]",1,1,glioma,True,5.303611282786447e-12,1.0,1.1631993111771433e-12,1.1053642083425075e-05,0.9999825954437256,6.336662409012206e-06,0.0014722320483997464,0.9984661340713501,6.17038895143196e-05,0.0004944285652622609,0.9994829098383585,2.2680184362177037e-05,1,glioma,True
1540,"[[77]
 [82]
 [48]
 [49]
 [55]
 [50]
 [54]
 [48]
 [70]]",1,1,glioma,True,1.0630575196166059e-12,1.0,2.7349994556440105e-13,2.6465804126019066e-07,0.9999995231628418,2.234545490864548e-07,0.0002422208053758368,0.9997472167015076,1.0663805369404145e-05,8.08284881600515e-05,0.9999155799547831,3.629086730663515e-06,1,glioma,True
1541,"[[77]
 [82]
 [48]
 [49]
 [55]
 [50]
 [54]
 [48]
 [70]]",1,1,glioma,True,8.614663209128778e-14,1.0,2.8118337804081302e-14,2.5800306957535213e-07,0.9999994039535522,4.0148043467524985e-07,4.103230094187893e-05,0.9999518394470215,7.2061984610627405e-06,1.3763434699200305e-05,0.9999837478001913,2.535892974618776e-06,1,glioma,True
1542,"[[77]
 [82]
 [48]
 [49]
 [55]
 [50]
 [54]
 [48]
 [70]]",1,1,glioma,True,1.7556439192245674e-15,1.0,8.892656923670445e-16,8.785582039649853e-09,0.9999998807907104,8.879371193870611e-08,1.1595325304369908e-05,0.9999873638153076,1.0254904054818326e-06,3.868036962721734e-06,0.999995748202006,3.714280394366014e-07,1,glioma,True
1543,"[[77]
 [82]
 [48]
 [49]
 [55]
 [50]
 [54]
 [48]
 [70]]",1,1,glioma,True,9.251345730679488e-16,1.0,8.552853146354356e-19,5.583146833743058e-09,1.0,2.0691784285986614e-08,3.0880187296133954e-06,0.9999969005584717,1.8560854186944198e-08,1.0312006257907576e-06,0.9999989668528239,1.3084212824595365e-08,1,glioma,True
1544,"[[77]
 [82]
 [48]
 [49]
 [55]
 [50]
 [54]
 [48]
 [70]]",1,1,glioma,True,1.1271785235874784e-13,1.0,6.774548336316213e-17,6.1656866279236056e-09,1.0,2.2462989690552604e-08,1.1084622201451566e-05,0.9999889135360718,3.7795437890508765e-08,3.696929333599114e-06,0.9999963045120239,2.0086142549602285e-08,1,glioma,True
1545,"[[49]
 [48]
 [50]
 [52]
 [52]
 [54]]",4,0,meningioma,True,0.9997188448905945,0.000281082175206393,2.168631851873215e-08,0.9998360872268677,0.00016390594828408211,3.066760712565342e-13,0.9845001697540283,0.015496701933443546,3.218254960302147e-06,0.9946850339571635,0.005313896685644674,1.0799805284989834e-06,0,meningioma,True
1546,"[[77]
 [82]
 [48]
 [49]
 [55]
 [50]
 [54]
 [48]
 [70]]",1,1,glioma,True,1.3526928761611596e-15,1.0,3.79334430417066e-15,6.180768963304217e-08,0.9999994039535522,4.362357231002534e-07,5.753553341492079e-05,0.9999403953552246,2.0130444227106636e-06,1.919911370196884e-05,0.9999799331029257,8.164267165347538e-07,1,glioma,True
1547,"[[77]
 [82]
 [48]
 [49]
 [55]
 [50]
 [54]
 [48]
 [70]]",1,1,glioma,True,1.0275986198028317e-13,1.0,6.463758395441454e-15,2.8010701953462558e-06,0.9999790191650391,1.8186965462518856e-05,0.000274515274213627,0.9997240900993347,1.4722286323376466e-06,9.243878150391104e-05,0.9999010364214579,6.553064700440087e-06,1,glioma,True
1548,"[[77]
 [82]
 [48]
 [49]
 [55]
 [50]
 [54]
 [48]
 [70]]",1,1,glioma,True,3.6896818933485065e-11,1.0,1.220641019901783e-13,3.088809899054468e-05,0.9999579191207886,1.120143679145258e-05,0.0005251547554507852,0.9994739890098572,8.433036100541358e-07,0.0001853476304460496,0.9998106360435486,4.014913507856939e-06,1,glioma,True
1549,"[[77]
 [82]
 [48]
 [49]
 [55]
 [50]
 [54]
 [48]
 [70]]",1,1,glioma,True,1.3192495984526431e-08,1.0,6.444108607493693e-16,0.0001945585827343166,0.9998051524162292,3.0863063216202136e-07,0.002205513184890151,0.9977942705154419,1.9333070611082803e-07,0.0008000283200401507,0.9991998076438904,1.673204463057534e-07,1,glioma,True
1550,"[[77]
 [82]
 [48]
 [50]
 [57]
 [50]
 [48]
 [57]
 [73]]",4,1,glioma,True,4.663253889702901e-07,0.9999994039535522,1.480465527947672e-07,3.139941648702682e-13,1.0,9.017600902105904e-12,1.0103946806339081e-05,0.9999409914016724,4.884923328063451e-05,3.5234241697678454e-06,0.9999801317850748,1.633242961701006e-05,1,glioma,True
1551,"[[77]
 [82]
 [48]
 [50]
 [57]
 [50]
 [48]
 [57]
 [73]]",4,1,glioma,True,3.0151867669303556e-09,1.0,3.781277957415341e-09,5.662672154099768e-12,1.0,7.533198370657246e-11,1.7083204511436634e-05,0.999950647354126,3.232341987313703e-05,5.69540845362524e-06,0.999983549118042,1.0775758827692716e-05,1,glioma,True
1552,"[[77]
 [82]
 [48]
 [50]
 [57]
 [50]
 [48]
 [57]
 [73]]",4,1,glioma,True,1.744095357025799e-08,1.0,1.4825340066693116e-08,5.486662860154645e-11,1.0,5.262611874057299e-11,3.529971218085848e-05,0.9999148845672607,4.985492705600336e-05,1.1772402667019113e-05,0.9999716281890869,1.6623268340729597e-05,1,glioma,True
1553,"[[77]
 [82]
 [48]
 [50]
 [57]
 [50]
 [48]
 [57]
 [73]]",4,1,glioma,True,5.857872906744888e-07,0.9999992847442627,6.84434553477331e-08,9.510148918367989e-11,1.0,6.630747600294695e-12,2.1612522687064484e-05,0.999956488609314,2.1947742425254546e-05,7.3994683597427185e-06,0.9999852577845255,7.338730837116627e-06,1,glioma,True
1554,"[[77]
 [82]
 [48]
 [50]
 [57]
 [50]
 [48]
 [57]
 [73]]",4,1,glioma,True,7.95272717368789e-06,0.9999915361404419,4.712748875590478e-07,1.7259201845476468e-09,1.0,1.4579674967318823e-10,1.1733135579561349e-05,0.9999699592590332,1.8340824681217782e-05,6.5625295578112626e-06,0.9999871651331583,6.270748455175501e-06,1,glioma,True
1555,"[[77]
 [82]
 [48]
 [50]
 [57]
 [50]
 [48]
 [57]
 [73]]",4,1,glioma,True,3.098967482628723e-08,1.0,3.093262535003305e-08,1.9375674025282064e-13,1.0,1.3141212293690807e-12,1.0516420161366113e-06,0.9999932050704956,5.69056874155649e-06,3.608772949065463e-07,0.9999977350234985,1.9071675603425842e-06,1,glioma,True
1556,"[[49]
 [48]
 [50]
 [52]
 [50]
 [48]]",0,0,meningioma,True,0.5382353067398071,0.4597685635089874,0.001996091101318598,0.2240481972694397,0.7669316530227661,0.009020158089697361,0.6973568201065063,0.2975910007953644,0.005052168387919664,0.48654677470525104,0.5080970724423727,0.005356139192978541,1,glioma,False
1557,"[[49]
 [48]
 [50]
 [54]
 [55]
 [53]]",2,0,meningioma,True,0.87283855676651,0.1271614134311676,1.740081856382858e-09,0.6917215585708618,0.30827850103378296,4.515442686425786e-09,0.6872818470001221,0.31271716952323914,9.548333537168219e-07,0.7506139874458313,0.2493856946627299,3.2036295941987686e-07,0,meningioma,True
1558,"[[77]
 [82]
 [48]
 [50]
 [57]
 [50]
 [48]
 [57]
 [73]]",4,1,glioma,True,1.2671028343902435e-05,0.9999868869781494,4.861472575612424e-07,2.3693861109230774e-11,1.0,1.2852708535047302e-14,1.6411532044458e-07,0.9999994039535522,4.4864603410132986e-07,4.278389119402708e-06,0.9999954303105673,3.115977681717603e-07,1,glioma,True
1559,"[[77]
 [82]
 [48]
 [50]
 [57]
 [50]
 [48]
 [57]
 [73]]",4,1,glioma,True,0.0008709713001735508,0.9991289973258972,2.6550647902467972e-08,3.4251513625349617e-08,1.0,6.010394254228295e-17,4.895866004517302e-05,0.9999508857727051,1.181664686100703e-07,0.0003066547372441164,0.9996932943662008,4.8239038857547404e-08,1,glioma,True
1560,"[[77]
 [82]
 [48]
 [50]
 [57]
 [50]
 [48]
 [57]
 [73]]",4,1,glioma,True,0.034938786178827286,0.9650611877441406,1.2458231668510678e-10,0.0003921408497262746,0.9996078610420227,8.085509743895241e-22,0.1694464087486267,0.8305535912513733,7.41532835135672e-09,0.06825911192572676,0.9317408800125122,2.513303556014212e-09,1,glioma,True
1561,"[[77]
 [82]
 [48]
 [52]
 [56]
 [50]
 [57]
 [52]]",0,1,glioma,True,0.4475482404232025,0.5283556580543518,0.024096054956316948,0.15115366876125336,0.8189473748207092,0.02989899553358555,0.02131401002407074,0.9784390330314636,0.00024688433040864766,0.20667197306950888,0.7752473553021749,0.018080644940103714,1,glioma,True
1562,"[[77]
 [82]
 [48]
 [52]
 [56]
 [50]
 [57]
 [52]]",0,1,glioma,True,0.46874183416366577,0.5126917958259583,0.018566366285085678,0.18492336571216583,0.7917585968971252,0.023318031802773476,0.02613152004778385,0.9737266302108765,0.00014187267515808344,0.22659890664120516,0.7593923409779867,0.014008756921005746,1,glioma,True
1563,"[[77]
 [82]
 [48]
 [52]
 [56]
 [50]
 [57]
 [52]]",0,1,glioma,True,0.49972954392433167,0.479279488325119,0.020990988239645958,0.2761692702770233,0.6909294128417969,0.03290126845240593,0.05111568421125412,0.9478378891944885,0.0010464383522048593,0.2756714994708697,0.7060155967871348,0.018312898348085582,1,glioma,True
1564,"[[77]
 [82]
 [48]
 [52]
 [56]
 [50]
 [57]
 [52]]",0,1,glioma,True,0.4363642930984497,0.528715193271637,0.03492051362991333,0.14094960689544678,0.8184581398963928,0.040592260658741,0.025224750861525536,0.9741106033325195,0.0006646731635555625,0.20084621695180735,0.7737613121668497,0.025392482484069962,1,glioma,True
1565,"[[77]
 [82]
 [48]
 [52]
 [56]
 [50]
 [57]
 [52]]",0,1,glioma,True,0.5394281148910522,0.4435018002986908,0.017070118337869644,0.3362402617931366,0.6422479748725891,0.021511852741241455,0.12686559557914734,0.8727977275848389,0.00033673952566459775,0.3341779907544454,0.6528491675853729,0.012972903534925232,1,glioma,True
1566,"[[77]
 [82]
 [48]
 [52]
 [56]
 [50]
 [57]
 [52]]",0,1,glioma,True,0.4853501617908478,0.4852316975593567,0.02941812388598919,0.22683238983154297,0.7444562911987305,0.02871132269501686,0.07688820362091064,0.9228416085243225,0.00027020135894417763,0.26302358508110046,0.7175098657608032,0.019466549313316744,1,glioma,True
1567,"[[77]
 [82]
 [48]
 [52]
 [56]
 [50]
 [57]
 [52]]",0,1,glioma,True,0.4142608046531677,0.5200278162956238,0.06571134924888611,0.14466017484664917,0.7934960722923279,0.06184372678399086,0.0853990837931633,0.9130128622055054,0.0015880967257544398,0.2147733544309934,0.7421789169311523,0.04304772425287714,1,glioma,True
1568,"[[49]
 [48]
 [50]
 [54]
 [55]
 [53]]",2,0,meningioma,True,0.9968007802963257,0.003199157537892461,1.8077961350115856e-10,0.9263637065887451,0.07363630086183548,3.821854388519341e-09,0.9935639500617981,0.006435943301767111,1.0211087442257849e-07,0.9722428123156229,0.02775713390049835,3.537116947486633e-08,0,meningioma,True
1569,"[[77]
 [82]
 [48]
 [52]
 [56]
 [50]
 [57]
 [55]]",4,1,glioma,True,4.4107994767728087e-07,0.9999992847442627,1.8411374469451403e-07,1.3222460626405308e-10,1.0,2.3960610513913683e-13,1.7213304090546444e-05,0.9999653100967407,1.7555099475430325e-05,5.884838754276663e-06,0.9999881982803345,5.913071153243648e-06,1,glioma,True
1570,"[[77]
 [82]
 [48]
 [52]
 [56]
 [50]
 [57]
 [55]]",4,1,glioma,True,1.538887914875886e-07,0.9999998807907104,8.364350101430773e-09,5.701131566837603e-09,1.0,1.5782563074119915e-17,7.853914212319069e-06,0.9999885559082031,3.608491169870831e-06,2.671168045124498e-06,0.9999961455663046,1.2056185066626815e-06,1,glioma,True
1571,"[[77]
 [82]
 [48]
 [52]
 [56]
 [50]
 [57]
 [55]]",4,1,glioma,True,5.938046570008737e-07,0.9999992847442627,1.1878313443958177e-07,2.2237820473947068e-08,1.0,8.235791343404208e-16,0.00011688707309076563,0.9997920393943787,9.108376252697781e-05,3.916770518941348e-05,0.9999304413795471,3.040084855408032e-05,1,glioma,True
1572,"[[77]
 [82]
 [48]
 [52]
 [56]
 [50]
 [57]
 [55]]",4,1,glioma,True,3.94090311601758e-05,0.9999581575393677,2.436048134768498e-06,0.00010058894258690998,0.9998993873596191,7.502440509121744e-12,0.000746708014048636,0.9991372227668762,0.00011618313874350861,0.0002955686625985739,0.9996649225552877,3.95397314602392e-05,1,glioma,True
1573,"[[77]
 [82]
 [48]
 [52]
 [56]
 [50]
 [57]
 [55]]",4,1,glioma,True,2.0551295165205374e-05,0.99997878074646,7.562875907751732e-07,1.6520141343789874e-06,0.9999983310699463,6.029974154546369e-13,8.907911978894845e-05,0.9998867511749268,2.4193244826165028e-05,3.709414302951094e-05,0.999954620997111,8.316511006645872e-06,1,glioma,True
1574,"[[77]
 [82]
 [48]
 [52]
 [56]
 [50]
 [57]
 [52]
 [66]]",4,1,glioma,True,0.00035231842775829136,0.999427318572998,0.00022045968216843903,1.6223027898831788e-07,0.9999997615814209,1.4614636256737867e-07,0.00021982316684443504,0.9985443353652954,0.0012357893865555525,0.00019076794162723823,0.9993238051732382,0.0004854650716955196,1,glioma,True
1575,"[[77]
 [82]
 [48]
 [52]
 [56]
 [50]
 [57]
 [52]
 [66]]",4,1,glioma,True,0.018529396504163742,0.9732576608657837,0.008212903514504433,3.283580008428544e-05,0.9998297691345215,0.00013744131138082594,0.012172157876193523,0.9525641798973083,0.035263705998659134,0.010244796726813851,0.9752172032992045,0.014538016941514798,1,glioma,True
1576,"[[77]
 [82]
 [48]
 [52]
 [56]
 [50]
 [57]
 [52]
 [66]]",4,1,glioma,True,9.32885359361535e-06,0.9999523162841797,3.838210614048876e-05,4.0987978877637943e-07,0.9999994039535522,2.7680269454322115e-07,0.00011268060188740492,0.9994218349456787,0.00046548646059818566,4.080644508993222e-05,0.9997911850611368,0.00016804845647773922,1,glioma,True
1577,"[[77]
 [82]
 [48]
 [52]
 [56]
 [50]
 [57]
 [52]
 [66]]",4,1,glioma,True,1.551647187625349e-06,0.9999890327453613,9.431346370547544e-06,1.9298629361230724e-09,1.0,2.4499585693504855e-10,2.9846691177226603e-05,0.9998940229415894,7.620536780450493e-05,1.0466756075929359e-05,0.9999610185623169,2.8545653056969805e-05,1,glioma,True
1578,"[[77]
 [82]
 [48]
 [52]
 [56]
 [50]
 [57]
 [52]
 [66]]",4,1,glioma,True,9.78695346987024e-10,0.9999998807907104,1.0710279951808843e-07,3.141095022973772e-11,1.0,3.4351951838651473e-11,1.2200082892377395e-05,0.9999227523803711,6.508749356726184e-05,4.067030999558204e-06,0.9999742110570272,2.173154357291059e-05,1,glioma,True
1579,"[[49]
 [48]
 [50]
 [55]
 [49]
 [52]]",4,0,meningioma,True,0.7561308741569519,0.24381251633167267,5.6605178542668e-05,0.4402180314064026,0.5597803592681885,1.586746748216683e-06,0.44858917593955994,0.5498671531677246,0.0015436450485140085,0.5483126938343048,0.45115334292252857,0.0005339456579349644,0,meningioma,True
1580,"[[77]
 [82]
 [48]
 [52]
 [56]
 [54]
 [50]
 [49]
 [66]]",0,1,glioma,True,0.5233258605003357,0.4757020175457001,0.0009721075766719878,0.24974408745765686,0.7457036972045898,0.004552219528704882,0.18280181288719177,0.8171442747116089,5.388948920881376e-05,0.3186239202817281,0.6795166631539663,0.0018594055315285611,1,glioma,True
1581,"[[77]
 [82]
 [48]
 [52]
 [56]
 [54]
 [50]
 [49]
 [66]]",0,1,glioma,True,0.5511079430580139,0.44762560725212097,0.0012664395617321134,0.3276917338371277,0.6647664904594421,0.007541797589510679,0.2612941861152649,0.7386215925216675,8.425529085798189e-05,0.3800312876701355,0.6170045634110769,0.0029641641473669247,1,glioma,True
1582,"[[77]
 [82]
 [48]
 [52]
 [56]
 [54]
 [50]
 [49]
 [66]]",0,1,glioma,True,0.5244815349578857,0.4707753658294678,0.004743156023323536,0.27054718136787415,0.710405707359314,0.019047003239393234,0.1747473180294037,0.8250436186790466,0.00020910371677018702,0.3232586781183879,0.6687415639559428,0.007999754326495653,1,glioma,True
1583,"[[77]
 [82]
 [48]
 [52]
 [56]
 [54]
 [50]
 [49]
 [66]]",0,1,glioma,True,0.5016086101531982,0.4864928424358368,0.011898615397512913,0.25756847858428955,0.6980895400047302,0.04434201493859291,0.2882661521434784,0.7110249996185303,0.0007088467827998102,0.3491477469603221,0.6318691273530325,0.01898315903963521,1,glioma,True
1584,"[[77]
 [82]
 [48]
 [52]
 [56]
 [54]
 [50]
 [49]
 [66]]",0,1,glioma,True,0.4807788133621216,0.49536898732185364,0.023852117359638214,0.27523964643478394,0.655206561088562,0.06955377757549286,0.40406906604766846,0.59087073802948,0.005060224793851376,0.38669584194819134,0.5804820954799652,0.032822039909660816,1,glioma,True
1585,"[[77]
 [82]
 [48]
 [52]
 [56]
 [54]
 [50]
 [49]
 [66]]",0,1,glioma,True,0.37515151500701904,0.5774188041687012,0.04742961376905441,0.09011709690093994,0.8510513305664062,0.0588315911591053,0.06083415448665619,0.9366470575332642,0.00251886248588562,0.17536758879820505,0.7883723974227905,0.03626002247134844,1,glioma,True
1586,"[[77]
 [82]
 [48]
 [52]
 [56]
 [57]
 [52]
 [52]]",4,1,glioma,True,2.922381099779159e-05,0.9999706745147705,8.404745699408522e-08,3.0929880878716176e-10,1.0,1.4803826567377776e-13,1.523538344372355e-07,0.9999994039535522,4.503650075093901e-07,9.792158043679203e-06,0.9999900261561075,1.7813753751391367e-07,1,glioma,True
1587,"[[77]
 [82]
 [48]
 [52]
 [56]
 [57]
 [52]
 [52]]",4,1,glioma,True,6.9749276008224115e-06,0.999991774559021,1.2106651183785289e-06,6.104361374020817e-12,1.0,1.6869306515912563e-12,1.8467349036654923e-06,0.9999911785125732,7.053144599922234e-06,2.9405562029497594e-06,0.9999943176905314,2.754603801743805e-06,1,glioma,True
1588,"[[77]
 [82]
 [48]
 [52]
 [56]
 [57]
 [52]
 [52]]",4,1,glioma,True,2.0085730056962348e-07,0.9999994039535522,3.024380816896155e-07,3.8906764095181234e-12,1.0,1.078491809747284e-11,7.366417662524327e-07,0.9999926090240479,6.688564099022187e-06,3.125009858328219e-07,0.9999973376592001,2.3303376552099666e-06,1,glioma,True
1589,"[[77]
 [82]
 [48]
 [52]
 [56]
 [57]
 [52]
 [52]]",4,1,glioma,True,1.207786795021093e-06,0.9999984502792358,3.4559147366053367e-07,5.331901933858241e-11,1.0,1.1274140475359129e-11,7.387540676973003e-07,0.9999862909317017,1.2979324310435914e-05,6.488647272459106e-07,0.9999949137369791,4.441642352745641e-06,1,glioma,True
1590,"[[49]
 [48]
 [50]
 [55]
 [49]
 [52]]",4,0,meningioma,True,0.9215160012245178,0.07833053916692734,0.00015350448666140437,0.3056384027004242,0.6943599581718445,1.6468799231006415e-06,0.5055581331253052,0.4927595555782318,0.0016823641490191221,0.5775708456834158,0.4218166843056679,0.0006125051718678757,0,meningioma,True
1591,"[[77]
 [82]
 [48]
 [52]
 [56]
 [57]
 [52]
 [52]]",4,1,glioma,True,2.3876436898717657e-06,0.9999973773956299,1.868654919690016e-07,5.062179408293899e-12,1.0,2.145946791033866e-14,2.1390421522937686e-07,0.999995231628418,4.504836397245526e-06,8.671843224268503e-07,0.9999975363413492,1.5639006368913319e-06,1,glioma,True
1592,"[[77]
 [82]
 [48]
 [52]
 [56]
 [57]
 [52]
 [52]]",4,1,glioma,True,8.012801799850422e-07,0.999998927116394,2.2772110241930932e-07,4.024084017395513e-12,1.0,2.666862499063616e-13,1.4605912213028205e-07,0.9999977350234985,2.1515943444683217e-06,3.157811087331139e-07,0.9999988873799642,7.931052378579603e-07,1,glioma,True
1593,"[[77]
 [82]
 [48]
 [52]
 [56]
 [57]
 [52]
 [52]]",4,1,glioma,True,9.534370292385574e-06,0.9999901056289673,3.482084025563381e-07,1.4373658513422427e-11,1.0,3.5580994530923227e-14,8.182712463167263e-07,0.9999964237213135,2.6988805075234268e-06,3.4508853041202714e-06,0.9999955097834269,1.015696315220253e-06,1,glioma,True
1594,"[[77]
 [82]
 [48]
 [52]
 [56]
 [57]
 [52]
 [52]]",4,1,glioma,True,5.763475314779498e-07,0.9999992847442627,7.296281268054372e-08,2.5276729494205785e-12,1.0,1.2125883115535543e-14,2.676902113307733e-07,0.9999988079071045,9.052812401932897e-07,2.813467568272242e-07,0.9999993642171224,3.260813549999055e-07,1,glioma,True
1595,"[[77]
 [82]
 [48]
 [52]
 [56]
 [57]
 [52]
 [52]]",4,1,glioma,True,4.141925913359046e-09,1.0,2.4841604329139955e-08,5.531667832125997e-11,1.0,1.9961347841584293e-13,4.519816343417915e-08,0.9999991655349731,7.945247375573672e-07,1.6465135341953152e-08,0.9999997218449911,2.731221804999952e-07,1,glioma,True
1596,"[[77]
 [82]
 [48]
 [52]
 [56]
 [57]
 [57]
 [52]]",1,1,glioma,True,2.3522845822299132e-06,0.999997615814209,2.247012972943148e-16,0.00888800248503685,0.9911119341850281,3.064002829233914e-09,0.0342579111456871,0.9657385945320129,3.542047124938108e-06,0.01438275530510206,0.9856160481770834,1.181703709330681e-06,1,glioma,True
1597,"[[77]
 [82]
 [48]
 [52]
 [56]
 [57]
 [57]
 [52]]",1,1,glioma,True,3.1429867703991476e-06,0.9999969005584717,1.5097710069438518e-14,0.01705867052078247,0.982941210269928,1.5899365735094761e-07,0.11767256259918213,0.8822957873344421,3.161971835652366e-05,0.044911458702245,0.9550779660542806,1.059290400965744e-05,1,glioma,True
1598,"[[77]
 [82]
 [48]
 [52]
 [56]
 [57]
 [57]
 [52]]",1,1,glioma,True,1.548631978209869e-08,1.0,7.541147034899245e-15,0.0018242766382172704,0.9981746673583984,1.1137575484099216e-06,0.0028766461182385683,0.9970991611480713,2.4240091079263948e-05,0.0015669794142585403,0.9984246095021566,8.451282878405005e-06,1,glioma,True
1599,"[[77]
 [82]
 [48]
 [52]
 [56]
 [57]
 [57]
 [52]]",1,1,glioma,True,1.0368287348683225e-06,0.999998927116394,1.5633062420674021e-15,0.01931637153029442,0.9806817173957825,1.979899707293953e-06,0.062410157173871994,0.9375249147415161,6.491771637229249e-05,0.027242521844300427,0.9727351864178976,2.229920536038325e-05,1,glioma,True
1600,"[[77]
 [82]
 [48]
 [52]
 [56]
 [57]
 [57]
 [52]]",1,1,glioma,True,1.2307903034525225e-06,0.9999988079071045,3.8494936947276737e-14,0.007491191383451223,0.9924860000610352,2.2785632609156892e-05,0.03880348801612854,0.9609447717666626,0.0002517004031687975,0.015431970063294406,0.9844765265782675,9.149534527214977e-05,1,glioma,True
1601,"[[49]
 [48]
 [50]
 [55]
 [49]
 [52]]",4,0,meningioma,True,0.7321299910545349,0.26694750785827637,0.000922481354791671,0.5069402456283569,0.49302494525909424,3.487493086140603e-05,0.6562217473983765,0.3329881727695465,0.01079002395272255,0.6317639946937561,0.36432020862897235,0.003915793412791875,0,meningioma,True
1602,"[[77]
 [82]
 [48]
 [52]
 [56]
 [57]
 [57]
 [52]]",1,1,glioma,True,0.00012105435598641634,0.9998788833618164,6.788537830829111e-13,0.020539041608572006,0.9794508814811707,1.0087408554682042e-05,0.34500792622566223,0.654297947883606,0.0006940815947018564,0.12188934073007356,0.8778759042421976,0.0002347230013117974,1,glioma,True
1603,"[[77]
 [82]
 [48]
 [52]
 [56]
 [57]
 [57]
 [52]]",1,1,glioma,True,6.075872079236433e-06,0.9999939203262329,9.092345799877055e-12,0.002654966665431857,0.9973341226577759,1.088767203327734e-05,0.12296880781650543,0.8761534094810486,0.0008777402108535171,0.04187661678467217,0.9578271508216858,0.00029620929732638007,1,glioma,True
1604,"[[77]
 [82]
 [48]
 [51]
 [55]
 [52]
 [53]
 [56]
 [67]]",2,1,glioma,True,1.9026230802410282e-05,0.9999809265136719,4.251859309079009e-09,0.0012039638822898269,0.9987949132919312,1.0217230510534137e-06,3.169046749462723e-07,0.9999996423721313,3.34108101185393e-08,0.00040776900592239446,0.9995918273925781,3.531285734936773e-07,1,glioma,True
1605,"[[77]
 [82]
 [48]
 [52]
 [48]
 [50]
 [52]
 [48]]",3,1,glioma,True,0.0031124819070100784,0.9930815100669861,0.0038060785736888647,6.973450217628852e-05,0.9998519420623779,7.834735879441723e-05,2.873457844998484e-07,0.9999977350234985,2.0379511624923907e-06,0.001060834584990289,0.9976437290509542,0.0012954879612152581,1,glioma,True
1606,"[[77]
 [82]
 [48]
 [52]
 [48]
 [50]
 [52]
 [48]]",3,1,glioma,True,0.008829299360513687,0.9894365072250366,0.0017341841012239456,0.0005901094409637153,0.9991573095321655,0.00025268204626627266,2.219397902081255e-05,0.9999533891677856,2.439292256894987e-05,0.0031472009268327383,0.996182401974996,0.0006704196900197227,1,glioma,True
1607,"[[77]
 [82]
 [48]
 [52]
 [48]
 [50]
 [52]
 [48]]",3,1,glioma,True,0.000755949120502919,0.9990389347076416,0.00020523826242424548,5.326524501469976e-07,0.9999978542327881,1.6372340496673132e-06,3.857151931185854e-09,1.0,1.3443640867194517e-08,0.00025216187670166573,0.9996789296468099,6.896298003826e-05,1,glioma,True
1608,"[[77]
 [82]
 [48]
 [52]
 [48]
 [50]
 [52]
 [48]]",3,1,glioma,True,0.0004921820946037769,0.9994719624519348,3.591841596062295e-05,0.00034614893957041204,0.9996142387390137,3.9528662455268204e-05,2.8480753826443106e-06,0.999996542930603,6.179976139719656e-07,0.00028039303651894443,0.9996942480405172,2.5355025343287707e-05,1,glioma,True
1609,"[[77]
 [82]
 [48]
 [52]
 [48]
 [50]
 [52]
 [48]]",3,1,glioma,True,7.935631583677605e-05,0.9997398257255554,0.00018081207235809416,5.009863798477454e-06,0.9999520778656006,4.2957719415426254e-05,4.0770561926528615e-10,1.0,1.3842847756961874e-08,2.812219578029092e-05,0.999897301197052,7.459454487375912e-05,1,glioma,True
1610,"[[77]
 [82]
 [48]
 [52]
 [48]
 [50]
 [52]
 [48]]",3,1,glioma,True,0.0013725709868595004,0.996173083782196,0.0024543916806578636,2.7506472179084085e-05,0.999478280544281,0.0004942660452798009,2.119305175796171e-09,0.9999998807907104,1.437670249515577e-07,0.00046669319278125343,0.9985504150390625,0.0009829338309875386,1,glioma,True
1611,"[[77]
 [82]
 [48]
 [52]
 [48]
 [50]
 [52]
 [48]]",3,1,glioma,True,0.0004119949880987406,0.9988934397697449,0.0006946242647245526,8.64358662511222e-06,0.999904990196228,8.626133057987317e-05,8.370233395282867e-10,0.9999996423721313,3.133395694021601e-07,0.00014021313724906412,0.9995993574460348,0.00026039964495794266,1,glioma,True
1612,"[[49]
 [48]
 [50]
 [55]
 [49]
 [52]]",4,0,meningioma,True,0.24975422024726868,0.7498120069503784,0.0004337507707532495,0.18367069959640503,0.8163044452667236,2.487895471858792e-05,0.509682834148407,0.4875026047229767,0.0028145289979875088,0.31436925133069354,0.6845396856466929,0.0010910529078197821,1,glioma,False
1613,"[[77]
 [82]
 [48]
 [52]
 [48]
 [50]
 [52]
 [48]]",3,1,glioma,True,2.5333029043395072e-05,0.9998218417167664,0.00015284577966667712,6.129965913714841e-05,0.9992786049842834,0.0006600970518775284,2.5574551157370173e-11,1.0,9.365182407350403e-09,2.8877571251698212e-05,0.99970014890035,0.0002709840655755376,1,glioma,True
1614,"[[77]
 [82]
 [48]
 [52]
 [48]
 [50]
 [52]
 [48]]",3,1,glioma,True,9.787506314751226e-06,0.9999788999557495,1.1307273780403193e-05,7.606374907709323e-08,0.9999953508377075,4.5726455937256105e-06,5.3443209059589325e-12,0.9999998807907104,7.958551861975138e-08,3.2878584693830752e-06,0.9999913771947225,5.319834964249519e-06,1,glioma,True
1615,"[[77]
 [82]
 [48]
 [52]
 [48]
 [50]
 [52]
 [48]]",3,1,glioma,True,6.890934400871629e-06,0.9999548196792603,3.824572922894731e-05,2.75042988384655e-09,0.9999991655349731,8.734365906093444e-07,8.408433671558413e-11,0.9999988079071045,1.1339911907271016e-06,2.297922971697397e-06,0.9999842643737793,1.341771900342792e-05,1,glioma,True
1616,"[[77]
 [82]
 [48]
 [52]
 [48]
 [50]
 [52]
 [48]
 [66]]",3,1,glioma,True,0.001094281324185431,0.998702883720398,0.0002028139278991148,0.0006416905671358109,0.999250590801239,0.00010763469617813826,7.82466395321535e-06,0.9999909400939941,1.1471250900285668e-06,0.0005812655184248191,0.9993148048718771,0.00010386524972242721,1,glioma,True
1617,"[[77]
 [82]
 [48]
 [52]
 [48]
 [50]
 [52]
 [48]
 [66]]",3,1,glioma,True,0.0018059642752632499,0.9974800944328308,0.0007138869841583073,0.0004776468558702618,0.9985828399658203,0.0009396221139468253,2.767654041235801e-05,0.9999619722366333,1.0379208106314763e-05,0.0007704292238486232,0.9986749688784281,0.0005546294354038158,1,glioma,True
1618,"[[77]
 [82]
 [48]
 [52]
 [48]
 [50]
 [52]
 [48]
 [66]]",3,1,glioma,True,0.0067952824756503105,0.9905605912208557,0.0026441197842359543,0.0076084621250629425,0.9763814806938171,0.016010019928216934,0.0004186925361864269,0.9995042085647583,7.705559255555272e-05,0.00494081237896656,0.988815426826477,0.006243731768336147,1,glioma,True
1619,"[[77]
 [82]
 [48]
 [52]
 [48]
 [50]
 [52]
 [48]
 [66]]",3,1,glioma,True,0.005773456301540136,0.9843184351921082,0.00990805123001337,0.0005474077770486474,0.9859502911567688,0.013502411544322968,0.00018209147674497217,0.9993541836738586,0.0004638152022380382,0.0021676518517779186,0.9898743033409119,0.007958092658858126,1,glioma,True
1620,"[[77]
 [82]
 [48]
 [52]
 [48]
 [50]
 [52]
 [48]
 [66]]",3,1,glioma,True,0.008875343948602676,0.9829073548316956,0.00821733195334673,0.0020488521549850702,0.9812110662460327,0.016740141436457634,0.000622982915956527,0.9993516802787781,2.5408440706087276e-05,0.0038490596731814244,0.9878233671188354,0.008327627276836816,1,glioma,True
1621,"[[77]
 [82]
 [48]
 [52]
 [48]
 [50]
 [52]
 [48]
 [66]]",3,1,glioma,True,0.0038375253789126873,0.9754588007926941,0.020703796297311783,0.00012431030336301774,0.991309404373169,0.008566256612539291,8.48799099912867e-05,0.99989914894104,1.5952815374475904e-05,0.0013489051974223305,0.9888891180356344,0.009762001908408516,1,glioma,True
1622,"[[77]
 [82]
 [48]
 [52]
 [48]
 [50]
 [52]
 [48]
 [66]]",3,1,glioma,True,7.55910950829275e-05,0.9991328120231628,0.0007915837340988219,6.346949521685019e-05,0.9797058701515198,0.020230699330568314,5.500240604305873e-06,0.9999790191650391,1.5488350982195698e-05,4.818694363469452e-05,0.9929392337799072,0.007012590471883111,1,glioma,True
1623,"[[49]
 [48]
 [50]
 [57]
 [50]
 [57]]",0,0,meningioma,True,0.3358159065246582,0.3477473258972168,0.316436767578125,0.3199104368686676,0.22383251786231995,0.45625704526901245,0.10852573066949844,0.07754712551832199,0.8139271140098572,0.25475069135427475,0.2163756564259529,0.5288736422856649,2,pituitary,False
1624,"[[77]
 [82]
 [48]
 [52]
 [48]
 [50]
 [52]
 [48]
 [66]]",3,1,glioma,True,1.5829589756322093e-05,0.99977046251297,0.00021366360306274146,4.3357479739825067e-07,0.9996335506439209,0.0003659056965261698,2.652140835834871e-07,0.9999593496322632,4.0372808143729344e-05,5.509459545767943e-06,0.9997877875963846,0.00020664736924421354,1,glioma,True
1625,"[[77]
 [82]
 [48]
 [52]
 [48]
 [50]
 [52]
 [48]
 [66]]",3,1,glioma,True,1.3551830306823831e-05,0.9999220371246338,6.442401354433969e-05,4.9661391443578395e-08,0.9999836683273315,1.6374302504118532e-05,1.9781577265121086e-08,0.9999991655349731,8.366171755369578e-07,4.54042442517751e-06,0.9999682903289795,2.7211644407998392e-05,1,glioma,True
1626,"[[77]
 [82]
 [48]
 [52]
 [48]
 [50]
 [52]
 [48]
 [66]]",3,1,glioma,True,3.405414827284403e-05,0.9998902082443237,7.569025183329359e-05,4.3961705387118855e-07,0.9999463558197021,5.313769725034945e-05,3.435896012149442e-11,0.9999998807907104,1.0293415897422165e-07,1.1497933228558447e-05,0.9999454816182455,4.297696108087242e-05,1,glioma,True
1627,"[[77]
 [82]
 [48]
 [50]
 [57]
 [50]
 [48]
 [57]
 [71]]",1,1,glioma,True,2.5304272566195607e-12,1.0,1.0327086679296632e-14,1.9865226931869984e-05,0.9999717473983765,8.285578587674536e-06,0.00034212967148050666,0.9996527433395386,5.161372428119648e-06,0.00012066496698093464,0.9998748302459717,4.4823170087070905e-06,1,glioma,True
1628,"[[77]
 [82]
 [48]
 [50]
 [57]
 [50]
 [48]
 [57]
 [71]]",1,1,glioma,True,3.409402316023602e-09,1.0,2.7411543521149717e-11,9.185407543554902e-05,0.9999052286148071,2.869212266887189e-06,0.06244513392448425,0.9373863935470581,0.00016846746439114213,0.020845663803107373,0.9790972073872884,5.711223468985761e-05,1,glioma,True
1629,"[[77]
 [82]
 [48]
 [50]
 [57]
 [50]
 [48]
 [57]
 [71]]",1,1,glioma,True,5.797688284320257e-12,1.0,2.360043961100518e-16,8.12800590210827e-06,0.9999912977218628,5.374649276745913e-07,0.0013697728281840682,0.9986253976821899,4.897358394373441e-06,0.00045930027996128825,0.9995388984680176,1.811607774094679e-06,1,glioma,True
1630,"[[77]
 [82]
 [48]
 [50]
 [57]
 [50]
 [48]
 [57]
 [71]]",1,1,glioma,True,7.328789945791961e-14,1.0,4.7868065236994405e-17,1.0836874935193919e-06,0.9999988079071045,1.198500569898897e-07,0.00027570550446398556,0.9997178912162781,6.4017303884611465e-06,9.226306401026429e-05,0.9999055663744608,2.173860148499635e-06,1,glioma,True
1631,"[[77]
 [82]
 [48]
 [50]
 [57]
 [50]
 [48]
 [57]
 [71]]",1,1,glioma,True,3.320995279991468e-14,1.0,1.1601981553396564e-21,3.6259816624806263e-06,0.9999964237213135,9.387395749627103e-09,9.679615322966129e-05,0.9999021291732788,1.0262599516863702e-06,3.347404497511729e-05,0.9999661842981974,3.452157824786661e-07,1,glioma,True
1632,"[[77]
 [82]
 [48]
 [50]
 [57]
 [50]
 [48]
 [57]
 [71]]",1,1,glioma,True,6.478332627291028e-12,1.0,2.165392892572917e-23,3.3917709515662864e-05,0.999966025352478,8.672964013634044e-10,0.002652043243870139,0.9973461627960205,1.7512164731670055e-06,0.0008953203199547115,0.9991040627161661,5.840279231894563e-07,1,glioma,True
1633,"[[77]
 [82]
 [48]
 [50]
 [57]
 [50]
 [48]
 [57]
 [71]]",1,1,glioma,True,1.2623421188559525e-12,1.0,1.3533156580694503e-25,1.0139637197426055e-05,0.9999898672103882,2.6656430535121345e-11,6.769713218091056e-05,0.9999322891235352,8.9144007731079e-09,2.5945590213559578e-05,0.9999740521113077,2.9803524012143403e-09,1,glioma,True
1634,"[[49]
 [48]
 [50]
 [57]
 [50]
 [57]]",0,0,meningioma,True,0.23466108739376068,0.2749575078487396,0.4903813898563385,0.25874969363212585,0.2226843684911728,0.5185659527778625,0.07406079769134521,0.06567325443029404,0.8602659106254578,0.18915719290574393,0.18777171025673547,0.6230710844198862,2,pituitary,False
1635,"[[77]
 [82]
 [48]
 [51]
 [54]
 [52]
 [57]
 [54]
 [66]]",4,1,glioma,True,1.0258776228511124e-06,0.9999967813491821,2.159681343982811e-06,2.6011983365881175e-12,1.0,9.270159292973368e-12,5.333694571163505e-05,0.9998809099197388,6.577583553735167e-05,1.81209419785615e-05,0.9999592304229736,2.264517538383126e-05,1,glioma,True
1636,"[[77]
 [82]
 [48]
 [51]
 [54]
 [52]
 [57]
 [54]
 [66]]",4,1,glioma,True,6.0063734963478055e-06,0.9999936819076538,4.113549607609457e-07,3.813550863984716e-10,1.0,2.2989159187414288e-11,9.70313121797517e-05,0.9998805522918701,2.243619383079931e-05,3.434602234372863e-05,0.9999580780665079,7.615857260239815e-06,1,glioma,True
1637,"[[77]
 [82]
 [48]
 [51]
 [54]
 [52]
 [57]
 [54]
 [66]]",4,1,glioma,True,2.7415242129791295e-06,0.9999969005584717,3.9990575828596775e-07,1.813187266996863e-09,1.0,2.1789779182379565e-12,0.00015020283171907067,0.999794065952301,5.5811990023357794e-05,5.09820563731056e-05,0.9999303221702576,1.8737299320207228e-05,1,glioma,True
1638,"[[77]
 [82]
 [48]
 [51]
 [54]
 [52]
 [57]
 [54]
 [66]]",4,1,glioma,True,4.53934916322396e-07,0.9999994039535522,1.2613675437478378e-07,3.5033074531620745e-12,1.0,1.7456942467096448e-14,2.649940870469436e-05,0.9999600648880005,1.3442534509522375e-05,8.984449041441403e-06,0.999986489613851,4.522890427118034e-06,1,glioma,True
1639,"[[77]
 [82]
 [48]
 [51]
 [54]
 [52]
 [57]
 [54]
 [66]]",4,1,glioma,True,2.9828656806785148e-06,0.9999967813491821,2.3980791752364894e-07,1.0866022491506921e-11,1.0,8.03850953493392e-15,0.0001458900369470939,0.9998241066932678,3.007136365340557e-05,4.9624304497931635e-05,0.99994029601415,1.0103723859655909e-05,1,glioma,True
1640,"[[77]
 [82]
 [48]
 [51]
 [54]
 [52]
 [57]
 [54]
 [66]]",4,1,glioma,True,2.1310029296728317e-07,0.9999996423721313,9.514260312926126e-08,6.522368907989351e-13,1.0,1.526360824842185e-14,8.361023446923355e-07,0.9999948740005493,4.3299314711475745e-06,3.497344299655031e-07,0.9999981721242269,1.4750246965134814e-06,1,glioma,True
1641,"[[77]
 [82]
 [48]
 [51]
 [51]
 [52]
 [50]
 [48]]",0,1,glioma,True,0.4960707724094391,0.5032718777656555,0.0006573733990080655,0.23076903820037842,0.7686663269996643,0.0005646627396345139,0.025952236726880074,0.9740467071533203,1.0851319984794827e-06,0.2509306824455659,0.7486616373062134,0.0004077070902136863,1,glioma,True
1642,"[[77]
 [82]
 [48]
 [51]
 [51]
 [52]
 [50]
 [48]]",0,1,glioma,True,0.5468351244926453,0.4529323875904083,0.00023244047770276666,0.4898955523967743,0.5097332000732422,0.0003712506149895489,0.20729756355285645,0.7927018404006958,5.465634558277088e-07,0.41467608014742535,0.5851224760214487,0.0002014125520493811,1,glioma,True
1643,"[[77]
 [82]
 [48]
 [51]
 [51]
 [52]
 [50]
 [48]]",0,1,glioma,True,0.41963765025138855,0.5098573565483093,0.07050494849681854,0.23081716895103455,0.6420441269874573,0.12713871896266937,0.17796169221401215,0.8194790482521057,0.002559297252446413,0.27613883713881177,0.6571268439292908,0.06673432157064478,1,glioma,True
1644,"[[77]
 [82]
 [48]
 [51]
 [51]
 [52]
 [50]
 [48]]",0,1,glioma,True,0.517539918422699,0.48182806372642517,0.0006319807143881917,0.21718627214431763,0.7816182971000671,0.0011954401852563024,0.024617290124297142,0.975381076335907,1.658161636441946e-06,0.25311449356377125,0.7462758123874664,0.0006096930204269787,1,glioma,True
1645,"[[49]
 [48]
 [50]
 [57]
 [50]
 [57]]",0,0,meningioma,True,0.17527350783348083,0.23736059665679932,0.5873658657073975,0.18658195436000824,0.255808562040329,0.5576094388961792,0.06925905495882034,0.06422426551580429,0.8665167093276978,0.1437048390507698,0.18579780807097754,0.6704973379770914,2,pituitary,False
1646,"[[77]
 [82]
 [48]
 [51]
 [51]
 [52]
 [50]
 [48]]",0,1,glioma,True,0.514751672744751,0.48428335785865784,0.000964978476986289,0.15868595242500305,0.8391682505607605,0.002145810518413782,0.02418440580368042,0.9758108854293823,4.713704129244434e-06,0.2325406769911448,0.7664208312829336,0.0010385008998431051,1,glioma,True
1647,"[[77]
 [82]
 [48]
 [51]
 [51]
 [52]
 [50]
 [48]]",0,1,glioma,True,0.5202602744102478,0.4783431589603424,0.001396559295244515,0.18196190893650055,0.8149031400680542,0.0031349193304777145,0.051191892474889755,0.9487974047660828,1.0798296898428816e-05,0.25113802527387935,0.7473479012648264,0.0015140923075402195,1,glioma,True
1648,"[[77]
 [82]
 [48]
 [51]
 [51]
 [52]
 [50]
 [48]]",0,1,glioma,True,0.45322808623313904,0.542351484298706,0.004420422483235598,0.08924230933189392,0.9042351245880127,0.006522520445287228,0.01314492803066969,0.9868249297142029,3.0061059078434482e-05,0.18520510786523423,0.8111371795336405,0.0036576679958670866,1,glioma,True
1649,"[[77]
 [82]
 [48]
 [51]
 [51]
 [52]
 [50]
 [48]]",0,1,glioma,True,0.430765837430954,0.5593090057373047,0.009925240650773048,0.0967402383685112,0.8918665051460266,0.011393282562494278,0.021236516535282135,0.9786888360977173,7.4621188105084e-05,0.18291419744491577,0.8099547823270162,0.007131048133790803,1,glioma,True
1650,"[[77]
 [82]
 [48]
 [51]
 [51]
 [52]
 [50]
 [48]]",0,1,glioma,True,0.46228262782096863,0.5227363109588623,0.014981060288846493,0.17819002270698547,0.8008618950843811,0.02094808593392372,0.11415108293294907,0.8855886459350586,0.0002603713364806026,0.25154124448696774,0.7363956173261007,0.012063172519750273,1,glioma,True
1651,"[[77]
 [82]
 [48]
 [51]
 [51]
 [52]
 [50]
 [48]]",0,1,glioma,True,0.4207029938697815,0.5478655099868774,0.03143148124217987,0.1337212771177292,0.821372389793396,0.0449063740670681,0.10229221731424332,0.896975576877594,0.0007322866003960371,0.21890549610058466,0.7554044922192892,0.02569004730321467,1,glioma,True
1652,"[[77]
 [82]
 [48]
 [51]
 [51]
 [52]
 [50]
 [48]]",0,1,glioma,True,0.4396306276321411,0.5160483121871948,0.04432106390595436,0.2066241353750229,0.723465085029602,0.06991075724363327,0.21221791207790375,0.7863099575042725,0.0014720712788403034,0.28615755836168927,0.6752744515736898,0.03856796414280931,1,glioma,True
1653,"[[77]
 [82]
 [48]
 [51]
 [51]
 [51]
 [56]
 [57]
 [66]]",3,1,glioma,True,9.987024895963259e-06,0.9999210834503174,6.887591734994203e-05,1.804844487196533e-06,0.9999947547912598,3.4520924145908793e-06,2.4052038138933085e-10,1.0,7.979843452687874e-09,3.930703301180394e-06,0.9999719460805258,2.41119965359952e-05,1,glioma,True
1654,"[[77]
 [82]
 [48]
 [51]
 [51]
 [51]
 [56]
 [57]
 [66]]",3,1,glioma,True,8.060227628448047e-06,0.99996018409729,3.165391171933152e-05,2.7248581773164915e-06,0.9999798536300659,1.739966137392912e-05,1.4210608245690537e-09,0.9999983310699463,1.7173526885017054e-06,3.595502288863036e-06,0.9999794562657675,1.6923641927254113e-05,1,glioma,True
1655,"[[77]
 [82]
 [48]
 [51]
 [51]
 [51]
 [56]
 [57]
 [66]]",3,1,glioma,True,7.249006739584729e-05,0.9998631477355957,6.439798744395375e-05,1.8968598851643037e-06,0.9999688863754272,2.9160979465814307e-05,1.0931462332552933e-11,1.0,6.84507450721128e-10,2.4795646070824642e-05,0.999944011370341,3.118655047240626e-05,1,glioma,True
1656,"[[49]
 [48]
 [50]
 [57]
 [50]
 [57]]",0,0,meningioma,True,0.14474231004714966,0.2076483517885208,0.6476093530654907,0.1801759898662567,0.30792826414108276,0.5118957161903381,0.08496027439832687,0.09775485098361969,0.817284882068634,0.13662619143724442,0.20444382230440775,0.6589299837748209,2,pituitary,False
1657,"[[77]
 [82]
 [48]
 [51]
 [51]
 [51]
 [56]
 [57]
 [66]]",3,1,glioma,True,0.005474154371768236,0.9915675520896912,0.002958254422992468,0.06882386654615402,0.8905829191207886,0.04059325158596039,0.00011333282600389794,0.9998860359191895,5.986476026009768e-07,0.02480378458130872,0.9606788357098898,0.01451736821885182,1,glioma,True
1658,"[[77]
 [82]
 [48]
 [51]
 [51]
 [51]
 [56]
 [57]
 [66]]",3,1,glioma,True,5.0356406973151024e-06,0.9999790191650391,1.5984425772330724e-05,4.5890078581578564e-07,0.9999781847000122,2.1329007722670212e-05,3.680430092634079e-12,1.0,6.364871130148941e-11,1.831515054520327e-06,0.9999857346216837,1.2437832381237413e-05,1,glioma,True
1659,"[[77]
 [82]
 [48]
 [51]
 [51]
 [51]
 [56]
 [57]
 [66]]",3,1,glioma,True,0.0006107058143243194,0.9992306232452393,0.0001586961734574288,0.0006430299254134297,0.99871826171875,0.0006387871690094471,9.777564868862498e-11,1.0,7.660594381064811e-10,0.0004179119458377993,0.9993162949879965,0.000265828036175438,1,glioma,True
1660,"[[77]
 [82]
 [48]
 [51]
 [51]
 [51]
 [56]
 [57]
 [66]]",3,1,glioma,True,9.786341979634017e-05,0.9998794794082642,2.2590324078919366e-05,0.0008257338195107877,0.9967982172966003,0.0023760490585118532,2.1690024776255257e-11,1.0,5.248660950307737e-10,0.00030786575366571756,0.9988925655682882,0.0007995466358189559,1,glioma,True
1661,"[[77]
 [82]
 [48]
 [51]
 [51]
 [51]
 [56]
 [57]
 [66]]",3,1,glioma,True,0.0001253223163075745,0.9998286962509155,4.606601214618422e-05,0.0027418623212724924,0.9954589605331421,0.0017992635257542133,2.609675142650758e-09,0.9999998807907104,1.262622220110643e-07,0.0009557290824184032,0.9984291791915894,0.0006151519333741362,1,glioma,True
1662,"[[77]
 [82]
 [48]
 [51]
 [51]
 [51]
 [56]
 [57]
 [66]]",3,1,glioma,True,1.7765614757081494e-05,0.9999752044677734,6.976887561904732e-06,1.4913970517227426e-05,0.9999566078186035,2.8446460419218056e-05,8.773403282081454e-14,1.0,2.790403325070301e-11,1.0893195120680984e-05,0.9999772707621256,1.180779196171868e-05,1,glioma,True
1663,"[[77]
 [82]
 [48]
 [50]
 [52]
 [55]
 [56]
 [48]
 [69]]",1,1,glioma,True,4.365289518748483e-10,0.9999996423721313,3.8915086975066515e-07,6.85047155002394e-07,0.9999932050704956,6.065110937925056e-06,4.4950891606276855e-05,0.9986239671707153,0.0013310738140717149,1.5212125096743708e-05,0.9995389382044474,0.00044584269195979687,1,glioma,True
1664,"[[77]
 [82]
 [48]
 [50]
 [52]
 [55]
 [56]
 [48]
 [69]]",1,1,glioma,True,5.50980485194974e-12,1.0,1.4721096563974356e-10,3.905582161678467e-06,0.9999897480010986,6.345585006783949e-06,4.503265245148214e-06,0.9999840259552002,1.1499271749926265e-05,2.8029509722105107e-06,0.999991257985433,5.9483346558919514e-06,1,glioma,True
1665,"[[77]
 [82]
 [48]
 [50]
 [52]
 [55]
 [56]
 [48]
 [69]]",1,1,glioma,True,6.651383816554807e-15,1.0,3.752536882574084e-14,3.1635017876396887e-06,0.9999940395355225,2.738187504292e-06,1.7357699562126072e-06,0.9999977350234985,4.466702705485659e-07,1.6330905835012266e-06,0.9999972581863403,1.061619270788645e-06,1,glioma,True
1666,"[[77]
 [82]
 [48]
 [50]
 [54]
 [49]
 [55]
 [53]
 [69]]",4,1,glioma,True,9.879328466411152e-09,1.0,3.3337790306120496e-09,1.2217696472582862e-11,1.0,9.898830886923005e-13,2.2459397541751969e-07,0.9999997615814209,3.778835022671956e-08,7.816184052680114e-08,0.9999999205271403,1.37077063801401e-08,1,glioma,True
1667,"[[49]
 [48]
 [50]
 [52]
 [50]
 [48]]",0,0,meningioma,True,0.5458282232284546,0.4504358470439911,0.003735909704118967,0.25236719846725464,0.7273273468017578,0.02030542492866516,0.81535404920578,0.17397545278072357,0.010670478455722332,0.5378498236338297,0.45057954887549084,0.011570604362835487,0,meningioma,True
1668,"[[49]
 [48]
 [50]
 [57]
 [50]
 [57]]",0,0,meningioma,True,0.12651897966861725,0.19584204256534576,0.6776389479637146,0.1507539004087448,0.3611600399017334,0.4880860447883606,0.21028085052967072,0.2285504788160324,0.5611686706542969,0.16251791020234427,0.2618508537610372,0.5756312211354574,2,pituitary,False
1669,"[[77]
 [82]
 [48]
 [50]
 [54]
 [49]
 [55]
 [53]
 [69]]",4,1,glioma,True,2.0994492255788089e-10,1.0,5.804520752938913e-10,4.9826096482248616e-14,1.0,3.400902928279428e-15,7.112258781916125e-09,1.0,4.307053380614434e-09,2.4407511768568296e-09,1.0,1.6291696189370845e-09,1,glioma,True
1670,"[[77]
 [82]
 [48]
 [50]
 [54]
 [49]
 [55]
 [53]
 [69]]",4,1,glioma,True,2.4962315547938374e-10,1.0,1.8010237745613722e-09,4.1056421500387796e-13,1.0,1.5706800280974181e-13,7.23864914675687e-08,0.9999998807907104,5.188011797940817e-08,2.421217506242103e-08,0.9999999602635702,1.7893766273990783e-08,1,glioma,True
1671,"[[77]
 [82]
 [48]
 [50]
 [54]
 [49]
 [55]
 [53]
 [69]]",4,1,glioma,True,5.3754840856345965e-11,1.0,1.7590413570189867e-09,3.3296146872627275e-14,1.0,5.039614558999261e-13,2.776665724013583e-07,0.9999997615814209,4.3798564774988336e-08,9.257345351278716e-08,0.9999999205271403,1.5186036697821075e-08,1,glioma,True
1672,"[[77]
 [82]
 [48]
 [50]
 [54]
 [49]
 [55]
 [53]
 [69]]",4,1,glioma,True,2.4830459910418767e-09,1.0,2.7599071916739604e-09,2.333999746945148e-12,1.0,1.3991476380259549e-11,2.0257793664768542e-07,0.9999996423721313,9.302729608862137e-08,6.835443887949141e-08,0.9999998807907104,3.193373158555853e-08,1,glioma,True
1673,"[[77]
 [82]
 [48]
 [50]
 [54]
 [49]
 [55]
 [53]
 [69]]",4,1,glioma,True,1.125713411376239e-09,1.0,4.433013955917886e-09,1.1842814923168632e-11,1.0,3.705495354999755e-10,1.442060920453514e-06,0.9999979734420776,5.924966330894677e-07,4.810661588932711e-07,0.9999993244806925,1.9910006552696183e-07,1,glioma,True
1674,"[[77]
 [82]
 [48]
 [50]
 [54]
 [49]
 [55]
 [53]
 [69]]",4,1,glioma,True,2.4932349518280716e-09,1.0,9.601618167209836e-09,2.337561810783484e-10,1.0,4.521626129072587e-10,5.998057986289496e-06,0.9999921321868896,1.9126753159071086e-06,2.0002616591408007e-06,0.9999973773956299,6.409096988957419e-07,1,glioma,True
1675,"[[77]
 [82]
 [48]
 [50]
 [54]
 [49]
 [55]
 [53]
 [69]]",4,1,glioma,True,4.3612597977471523e-08,1.0,2.7876676966798186e-08,3.040066809401054e-11,1.0,1.2176031884136851e-11,9.319310834143835e-07,0.9999983310699463,7.217217330435233e-07,3.2519136068664967e-07,0.9999994436899821,2.4987019534740185e-07,1,glioma,True
1676,"[[77]
 [82]
 [48]
 [50]
 [54]
 [49]
 [55]
 [53]
 [69]]",4,1,glioma,True,1.1873037692566868e-05,0.9999880790710449,2.5372649758992338e-08,1.9218438751522626e-07,0.9999997615814209,1.3496800031764788e-11,2.9323628041311167e-05,0.9999681711196899,2.4528499125153758e-06,1.3796283373797754e-05,0.9999853372573853,8.260786863581333e-07,1,glioma,True
1677,"[[77]
 [82]
 [48]
 [50]
 [54]
 [49]
 [55]
 [53]
 [69]]",4,1,glioma,True,1.5869572322912973e-08,1.0,2.2110430819566318e-08,1.483753918340991e-11,1.0,9.455412147696407e-12,3.258705589814781e-07,0.9999991655349731,5.015753004045109e-07,1.1391832294785816e-07,0.9999997218449911,1.74565062212075e-07,1,glioma,True
1678,"[[77]
 [82]
 [48]
 [52]
 [48]
 [50]
 [52]
 [48]
 [67]]",4,1,glioma,True,6.437467618525261e-06,0.9999929666519165,6.221454782462388e-07,2.788337486250847e-12,1.0,6.877545408179309e-13,1.3308856239291345e-07,0.9999938011169434,6.108366505941376e-06,2.1901863230852203e-06,0.9999955892562866,2.2435042239807184e-06,1,glioma,True
1679,"[[49]
 [48]
 [50]
 [57]
 [50]
 [57]]",0,0,meningioma,True,0.13746891915798187,0.2447129487991333,0.6178181171417236,0.10024722665548325,0.4677703380584717,0.43198248744010925,0.19979339838027954,0.2470352053642273,0.5531713366508484,0.14583651473124823,0.3198394974072774,0.5343239804108938,2,pituitary,False
1680,"[[77]
 [82]
 [48]
 [52]
 [48]
 [50]
 [52]
 [48]
 [67]]",4,1,glioma,True,2.0371764549054205e-05,0.9999784231185913,1.2028003766317852e-06,3.6362426958369554e-11,1.0,1.2442039586113562e-12,3.7605335023727093e-07,0.9999804496765137,1.914020504045766e-05,6.915951420572812e-06,0.9999862909317017,6.781002220431134e-06,1,glioma,True
1681,"[[77]
 [82]
 [48]
 [52]
 [48]
 [50]
 [52]
 [48]
 [67]]",4,1,glioma,True,0.00031422515166923404,0.9996856451034546,1.2191235043701454e-07,4.388139851485562e-10,1.0,6.111082251808496e-16,1.124625214288244e-05,0.9999873638153076,1.374136900267331e-06,0.00010849061420870054,0.9998910029729208,4.986830837718179e-07,1,glioma,True
1682,"[[77]
 [82]
 [48]
 [52]
 [48]
 [50]
 [52]
 [48]
 [67]]",4,1,glioma,True,0.0006076567806303501,0.9993923902511597,4.7842764416827777e-08,1.5840183331672364e-11,1.0,2.7561082292560545e-17,1.926710501720663e-05,0.9999805688858032,1.3557148292875354e-07,0.0002089746338292467,0.9997909863789877,6.113808245771413e-08,1,glioma,True
1683,"[[77]
 [82]
 [48]
 [52]
 [48]
 [50]
 [52]
 [48]
 [67]]",4,1,glioma,True,5.8461790963804106e-09,1.0,3.086705890886776e-10,1.6799068917622978e-14,1.0,1.5746113980813226e-18,1.7681706765415584e-07,0.9999998807907104,1.0286600016229386e-08,6.088775451653505e-08,0.9999999602635702,3.531756868964225e-09,1,glioma,True
1684,"[[77]
 [82]
 [48]
 [52]
 [48]
 [50]
 [52]
 [48]
 [67]]",4,1,glioma,True,4.853495383372319e-10,1.0,3.499669651296777e-11,7.472559600786512e-16,1.0,1.5252380487587793e-21,1.4596329478422376e-08,1.0,9.629140818034898e-10,5.027226588005189e-09,1.0,3.326369261059943e-10,1,glioma,True
1685,"[[77]
 [82]
 [48]
 [52]
 [48]
 [50]
 [52]
 [48]
 [67]]",4,1,glioma,True,1.8256586520326579e-10,1.0,6.20361678693726e-11,3.5864285547165375e-15,1.0,5.010779846478511e-22,2.891928652104525e-08,1.0,1.183519393599397e-09,9.700618657559023e-09,1.0,4.1518518715642356e-10,1,glioma,True
1686,"[[77]
 [82]
 [48]
 [52]
 [48]
 [50]
 [52]
 [48]
 [67]]",4,1,glioma,True,7.227965284073434e-07,0.9999986886978149,5.471612780638679e-07,3.488986646794055e-14,1.0,6.791243779223069e-15,1.731378347358259e-07,0.9999903440475464,9.492592653259635e-06,2.986447993443453e-07,0.9999963442484537,3.346584646038249e-06,1,glioma,True
1687,"[[77]
 [82]
 [48]
 [52]
 [48]
 [50]
 [52]
 [48]
 [67]]",4,1,glioma,True,5.332194632501341e-06,0.9999932050704956,1.4046928527022828e-06,2.3378224269648973e-12,1.0,4.1843354410715794e-13,1.0992205545790057e-07,0.9999927282333374,7.147521046135807e-06,1.8140396752605564e-06,0.9999953111012777,2.8507381057572116e-06,1,glioma,True
1688,"[[77]
 [82]
 [48]
 [52]
 [48]
 [50]
 [52]
 [48]
 [67]]",4,1,glioma,True,1.4359121678353404e-06,0.9999983310699463,2.0838859882132965e-07,1.4140852117733305e-12,1.0,3.6565385729036073e-14,2.1731381139034056e-07,0.9999954700469971,4.2811789171537384e-06,5.510757977702976e-07,0.9999979337056478,1.4965225175134845e-06,1,glioma,True
1689,"[[77]
 [82]
 [48]
 [52]
 [48]
 [50]
 [52]
 [48]
 [67]]",4,1,glioma,True,5.503818911734015e-08,1.0,4.1586226018353045e-08,1.485822505612952e-13,1.0,9.70153455183767e-14,9.187181859715565e-08,0.9999960660934448,3.79377752324217e-06,4.897005209891545e-08,0.9999986886978149,1.2784546154252894e-06,1,glioma,True
1690,"[[49]
 [48]
 [50]
 [57]
 [51]
 [53]]",0,0,meningioma,True,0.5207887291908264,0.4788472056388855,0.00036403979174792767,0.4551500678062439,0.5439066290855408,0.0009432666120119393,0.5239721536636353,0.47600725293159485,2.0612753360182978e-05,0.49997031688690186,0.4995870292186737,0.00044263971904001664,0,meningioma,True
1691,"[[77]
 [82]
 [48]
 [52]
 [48]
 [50]
 [52]
 [48]
 [67]]",4,1,glioma,True,6.290678555842533e-08,0.9999997615814209,1.3411528243523207e-07,5.027786455398531e-13,1.0,4.737227103646102e-12,8.97731453619599e-08,0.9999970197677612,2.8477563773776637e-06,5.0893477899676926e-08,0.999998927116394,9.939587990133332e-07,1,glioma,True
1692,"[[77]
 [82]
 [48]
 [52]
 [48]
 [50]
 [52]
 [48]
 [67]]",4,1,glioma,True,1.4063391517993296e-07,0.9999996423721313,2.588551240023662e-07,3.088228974371739e-15,1.0,3.009090643758122e-13,1.3457015768381098e-07,0.9999973773956299,2.54311271419283e-06,9.173469198399097e-08,0.9999990065892538,9.339893797014202e-07,1,glioma,True
1693,"[[77]
 [82]
 [48]
 [52]
 [48]
 [50]
 [52]
 [48]
 [67]]",4,1,glioma,True,1.0756710366877087e-07,0.9999997615814209,1.5964766930665064e-07,5.149974612987131e-16,1.0,9.514551689918105e-16,1.4842694895378372e-07,0.9999983310699463,1.552166281726386e-06,8.533135104585069e-08,0.9999993642171224,5.706046506614973e-07,1,glioma,True
1694,"[[77]
 [82]
 [48]
 [52]
 [48]
 [50]
 [52]
 [48]
 [67]]",4,1,glioma,True,8.785096206054277e-09,0.9999998807907104,6.736091506809316e-08,3.0401052739295186e-16,1.0,1.6031792592682143e-15,1.0509767278676918e-08,0.9999994039535522,5.925686537011643e-07,6.4316212629139075e-09,0.9999997615814209,2.199765234574789e-07,1,glioma,True
1695,"[[77]
 [82]
 [48]
 [49]
 [55]
 [50]
 [54]
 [48]
 [70]]",1,1,glioma,True,8.660884509570366e-12,1.0,3.5342684953672376e-19,1.3840477208759694e-07,0.9999998807907104,1.4121074101702824e-11,3.24921784340404e-05,0.9999672174453735,1.8487162378733046e-07,1.0876863955670835e-05,0.9999890327453613,6.16285816205952e-08,1,glioma,True
1696,"[[77]
 [82]
 [48]
 [49]
 [55]
 [50]
 [54]
 [48]
 [70]]",1,1,glioma,True,1.7188110934540646e-09,1.0,3.2896163875197257e-19,0.00021012555225752294,0.9997898936271667,1.1295468033134526e-11,0.018887989223003387,0.9811099767684937,1.957866970769828e-06,0.006366038831357335,0.9936332901318868,6.526260887460634e-07,1,glioma,True
1697,"[[77]
 [82]
 [48]
 [49]
 [55]
 [50]
 [54]
 [48]
 [70]]",1,1,glioma,True,1.8889114983267064e-07,0.9999997615814209,1.5297415027412664e-14,0.00016933967708609998,0.9998306035995483,4.261430930352361e-10,0.23413370549678802,0.7658580541610718,8.187331332010217e-06,0.07810107802167465,0.9218961397806803,2.7292524968002224e-06,1,glioma,True
1698,"[[77]
 [82]
 [48]
 [49]
 [55]
 [50]
 [54]
 [48]
 [70]]",1,1,glioma,True,1.693724698270671e-07,0.9999998807907104,1.4242878066322373e-15,0.0001281565782846883,0.9998718500137329,1.697373686049275e-09,0.0560932382941246,0.9439020752906799,4.6594086597906426e-06,0.018740521414959705,0.9812579353650411,1.5537020116336599e-06,1,glioma,True
1699,"[[77]
 [82]
 [48]
 [49]
 [55]
 [50]
 [54]
 [48]
 [70]]",1,1,glioma,True,9.539225409582741e-09,1.0,1.2491730197981832e-13,4.93043035021401e-06,0.9999951124191284,1.7679033348372286e-08,0.03378835693001747,0.966168224811554,4.336948040872812e-05,0.011264432299864366,0.9887211124102274,1.4462386522331265e-05,1,glioma,True
1700,"[[77]
 [82]
 [48]
 [49]
 [55]
 [50]
 [54]
 [48]
 [70]]",1,1,glioma,True,5.690802851177068e-08,1.0,3.9711251648144597e-11,4.7351040848298e-06,0.9999949932098389,2.768605895653309e-07,0.06731147319078445,0.931952953338623,0.0007355734123848379,0.0224387550676326,0.9773159821828207,0.00024528343756188495,1,glioma,True
1701,"[[49]
 [48]
 [50]
 [57]
 [56]
 [53]]",3,0,meningioma,True,0.7638349533081055,0.23616500198841095,1.5043275070070194e-08,0.5879572033882141,0.4120428264141083,1.1802221422385628e-08,0.9555714130401611,0.04442857950925827,1.8615620156481327e-09,0.7691211899121603,0.23087880263725916,9.569019502701318e-09,0,meningioma,True
1702,"[[77]
 [82]
 [48]
 [50]
 [57]
 [50]
 [48]
 [57]
 [73]]",4,1,glioma,True,4.2770427199911865e-08,0.9999996423721313,3.922718576632178e-07,3.536273773807608e-10,1.0,7.736804530367181e-10,1.2463674465834629e-05,0.9999675750732422,1.9900053302990273e-05,4.168932840137307e-06,0.9999890724817911,6.764366280368843e-06,1,glioma,True
1703,"[[77]
 [82]
 [48]
 [50]
 [57]
 [50]
 [48]
 [57]
 [73]]",4,1,glioma,True,1.773750142319841e-07,0.9999995231628418,3.94432532857536e-07,7.876584801058684e-11,1.0,1.1222028514779048e-11,2.01919592655031e-05,0.999961256980896,1.8537966752774082e-05,6.789804348527699e-06,0.9999869267145792,6.310803502553378e-06,1,glioma,True
1704,"[[77]
 [82]
 [48]
 [50]
 [57]
 [50]
 [48]
 [57]
 [73]]",4,1,glioma,True,2.212603256168677e-08,0.9999996423721313,3.521799669670145e-07,2.420953715276397e-10,1.0,2.553868505561496e-10,0.000425924634328112,0.9993940591812134,0.00017998632392846048,0.00014198233415201508,0.9997979005177816,6.011291976075935e-05,1,glioma,True
1705,"[[77]
 [82]
 [48]
 [50]
 [57]
 [50]
 [48]
 [57]
 [73]]",4,1,glioma,True,2.5051824081856466e-07,0.9999996423721313,9.146598500819891e-08,9.159362504562729e-12,1.0,6.892460235365105e-14,0.0001764068438205868,0.9997908473014832,3.2814012229209766e-05,5.888579040692262e-05,0.9999301632245382,1.0968492761047522e-05,1,glioma,True
1706,"[[77]
 [82]
 [48]
 [50]
 [57]
 [50]
 [48]
 [57]
 [73]]",4,1,glioma,True,4.436476228875108e-05,0.9999556541442871,2.0538033496109165e-08,1.0673769810717881e-12,1.0,3.8757328398309785e-18,0.0004997985670343041,0.9994975328445435,2.6587890715745743e-06,0.00018138777679681074,0.9998177289962769,8.93109035024853e-07,1,glioma,True
1707,"[[77]
 [82]
 [48]
 [50]
 [57]
 [50]
 [48]
 [57]
 [73]]",4,1,glioma,True,1.7463942640461028e-05,0.999982476234436,1.8011819591379208e-08,2.0148869551983584e-12,1.0,1.4746933608948015e-16,6.011552250129171e-05,0.9999328851699829,7.085741344781127e-06,2.5859822385546564e-05,0.9999717871348063,2.3679177215066583e-06,1,glioma,True
1708,"[[77]
 [82]
 [48]
 [50]
 [57]
 [50]
 [48]
 [57]
 [73]]",4,1,glioma,True,5.132519618200604e-06,0.9999948740005493,1.564797180719779e-08,1.0257707010186135e-11,1.0,1.4188712426927829e-14,4.12004419558798e-06,0.9999943971633911,1.3909374274589936e-06,3.084191357165198e-06,0.9999964237213135,4.6886180448496793e-07,1,glioma,True
1709,"[[77]
 [82]
 [48]
 [50]
 [57]
 [50]
 [48]
 [57]
 [73]]",4,1,glioma,True,0.0009941780008375645,0.9990058541297913,9.397614242345753e-09,2.8580906738517875e-11,1.0,2.2437695977613278e-18,0.0011378080816939473,0.9988616704940796,4.947152092427132e-07,0.0007106620370374728,0.9992891748746237,1.680376078291009e-07,1,glioma,True
1710,"[[77]
 [82]
 [48]
 [50]
 [57]
 [50]
 [48]
 [57]
 [73]]",4,1,glioma,True,0.000623943516984582,0.999376118183136,7.89227527775438e-09,7.540165540553811e-12,1.0,1.454197916428326e-15,0.0004374480922706425,0.9995607733726501,1.761231828822929e-06,0.0003537972055984633,0.9996456305185953,5.897080351849604e-07,1,glioma,True
1711,"[[77]
 [82]
 [48]
 [50]
 [57]
 [50]
 [48]
 [57]
 [73]]",4,1,glioma,True,8.357703222827695e-07,0.9999991655349731,9.618839946767821e-09,1.2749289200319341e-13,1.0,1.1090891016186672e-14,1.4767346101507428e-07,0.9999996423721313,2.4802690745673317e-07,3.2781463693024526e-07,0.9999996026357015,8.588191949813066e-08,1,glioma,True
1712,"[[49]
 [48]
 [51]
 [54]
 [55]
 [51]]",0,0,meningioma,True,0.2705081105232239,0.3062790334224701,0.42321285605430603,0.23266014456748962,0.3365265429019928,0.4308132529258728,0.11719182878732681,0.4851316809654236,0.397676557302475,0.20678669462601343,0.3759790857632955,0.41723422209421795,2,pituitary,False
1713,"[[77]
 [82]
 [48]
 [52]
 [56]
 [50]
 [57]
 [52]]",0,1,glioma,True,0.5333946347236633,0.46605682373046875,0.0005485048168338835,0.6095800399780273,0.38905641436576843,0.001363506424240768,0.6231977939605713,0.37661388516426086,0.00018830699264071882,0.588724156220754,0.41057570775349933,0.0007001060779051235,0,meningioma,False
1714,"[[77]
 [82]
 [48]
 [52]
 [56]
 [50]
 [57]
 [52]]",0,1,glioma,True,0.5191231966018677,0.4787955582141876,0.0020812349393963814,0.3374006450176239,0.656882643699646,0.0057166581973433495,0.45187515020370483,0.5472405552864075,0.0008842709939926863,0.4361329972743988,0.5609729190667471,0.002894054710244139,1,glioma,True
1715,"[[77]
 [82]
 [48]
 [52]
 [56]
 [50]
 [57]
 [52]]",0,1,glioma,True,0.5950678586959839,0.40322309732437134,0.0017090555047616363,0.5984635949134827,0.3944361209869385,0.007100291550159454,0.48449134826660156,0.5151791572570801,0.0003294350754003972,0.5593409339586893,0.43761279185612995,0.0030462607101071626,0,meningioma,False
1716,"[[77]
 [82]
 [48]
 [52]
 [56]
 [50]
 [57]
 [52]]",0,1,glioma,True,0.6227278709411621,0.37288033962249756,0.00439182436093688,0.5348310470581055,0.4519402086734772,0.01322878897190094,0.6456331014633179,0.35327017307281494,0.0010967510752379894,0.6010640064875284,0.3926969071229299,0.0062391214693586034,0,meningioma,False
1717,"[[77]
 [82]
 [48]
 [52]
 [56]
 [50]
 [57]
 [52]]",0,1,glioma,True,0.6424221992492676,0.3489142060279846,0.008663552813231945,0.5509078502655029,0.4299166798591614,0.019175412133336067,0.6213725805282593,0.37814754247665405,0.0004798447771463543,0.6049008766810099,0.38565947612126666,0.009439603241238123,0,meningioma,False
1718,"[[77]
 [82]
 [48]
 [52]
 [56]
 [50]
 [57]
 [52]]",0,1,glioma,True,0.6224520206451416,0.35951879620552063,0.018029209226369858,0.5065412521362305,0.46564605832099915,0.02781272865831852,0.6912668943405151,0.30795037746429443,0.0007826613145880401,0.606753389040629,0.3777050773302714,0.015541533066425472,0,meningioma,False
1719,"[[77]
 [82]
 [48]
 [53]
 [49]
 [53]
 [56]
 [54]]",1,1,glioma,True,7.216212907223962e-07,0.9999992847442627,1.486414157071954e-20,0.003095125313848257,0.9969049096107483,3.946984128422315e-10,0.07827717810869217,0.9217221736907959,6.083693051550654e-07,0.02712434168127705,0.9728754560152689,2.029213345226408e-07,1,glioma,True
1720,"[[77]
 [82]
 [48]
 [53]
 [49]
 [53]
 [56]
 [54]]",1,1,glioma,True,3.46029271902637e-09,1.0,4.403956433259202e-20,0.00018302960961591452,0.9998169541358948,5.0415810415316287e-11,0.00017472417675890028,0.9998252987861633,4.814723908452834e-08,0.00011925241555584461,0.9998807509740194,1.6065884964995896e-08,1,glioma,True
1721,"[[77]
 [82]
 [48]
 [53]
 [49]
 [53]
 [56]
 [54]]",1,1,glioma,True,0.0001858348259702325,0.9998142123222351,2.2320031785408876e-15,0.006557977292686701,0.9934420585632324,5.729954011268745e-11,0.44240158796310425,0.5575926899909973,5.746918304794235e-06,0.14971513336058706,0.8502829869588217,1.915658535522117e-06,1,glioma,True
1722,"[[77]
 [82]
 [48]
 [53]
 [49]
 [53]
 [56]
 [54]]",1,1,glioma,True,3.035538709283969e-09,1.0,3.816029540564024e-15,5.122204242979933e-07,0.9999995231628418,3.0353029117913266e-11,0.0004578248190227896,0.9995409250259399,1.3697588201466715e-06,0.00015278002499526563,0.9998468160629272,4.565963923306063e-07,1,glioma,True
1723,"[[49]
 [48]
 [51]
 [54]
 [55]
 [51]]",0,0,meningioma,True,0.19109603762626648,0.22273051738739014,0.586173415184021,0.17268215119838715,0.25972694158554077,0.5675909519195557,0.016072312369942665,0.09386952221393585,0.8900582194328308,0.1266168337315321,0.1921089937289556,0.6812741955121359,2,pituitary,False
1724,"[[77]
 [82]
 [48]
 [53]
 [49]
 [52]
 [54]
 [49]
 [66]]",1,1,glioma,True,8.690112736076117e-05,0.9999130964279175,2.783034913633742e-10,0.0107429726049304,0.9892549514770508,2.139885964425048e-06,0.459852397441864,0.5398941040039062,0.0002535472740419209,0.15689409039138505,0.8430207173029581,8.52291461032791e-05,1,glioma,True
1725,"[[77]
 [82]
 [48]
 [53]
 [49]
 [52]
 [54]
 [49]
 [66]]",1,1,glioma,True,3.6228721000952646e-05,0.9999637603759766,1.1795896703858944e-08,0.003191267838701606,0.9967973828315735,1.1415727385610808e-05,0.5004307627677917,0.49848371744155884,0.0010855207219719887,0.1678860864424981,0.8317482868830363,0.0003656494150847678,1,glioma,True
1726,"[[77]
 [82]
 [48]
 [53]
 [49]
 [52]
 [54]
 [49]
 [66]]",1,1,glioma,True,0.0005137913394719362,0.9994755387306213,1.0694409866118804e-05,0.002682560123503208,0.9972510933876038,6.634715828113258e-05,0.8539673089981079,0.1427568793296814,0.0032758847810328007,0.28572122015369433,0.7131611704826355,0.0011176421163933508,1,glioma,True
1727,"[[77]
 [82]
 [48]
 [53]
 [49]
 [52]
 [54]
 [49]
 [66]]",1,1,glioma,True,1.2898224667878821e-05,0.9999847412109375,2.4178116291295737e-06,0.001896157511509955,0.9977341890335083,0.0003696782805491239,0.4326915144920349,0.5603113174438477,0.006997161079198122,0.14486685674273758,0.8526767492294312,0.0024564190571254585,1,glioma,True
1728,"[[77]
 [82]
 [48]
 [53]
 [49]
 [54]
 [52]
 [52]]",1,1,glioma,True,6.130301821727357e-11,1.0,6.858562755027509e-17,3.75760471627018e-08,1.0,2.8076271862964575e-10,1.8162777450925205e-06,0.9999980926513672,1.692039290901448e-07,6.179716984244799e-07,0.9999993642171224,5.6494897292453366e-08,1,glioma,True
1729,"[[77]
 [82]
 [48]
 [53]
 [49]
 [54]
 [52]
 [52]]",1,1,glioma,True,3.0858482436002532e-09,1.0,2.924561634531919e-12,2.9908508736298245e-07,0.9999995231628418,9.253709265522048e-08,7.540293881902471e-05,0.9999171495437622,7.377367182925809e-06,2.5235036584877097e-05,0.9999722242355347,2.4899690667142213e-06,1,glioma,True
1730,"[[77]
 [82]
 [48]
 [53]
 [49]
 [54]
 [52]
 [52]]",1,1,glioma,True,1.000008742479963e-09,1.0,9.622356730853987e-12,1.5215879102470353e-05,0.9999772310256958,7.506296697101789e-06,0.0002725635131355375,0.9991829991340637,0.0005444565904326737,9.592679741558345e-05,0.9997200767199198,0.00018398763225071073,1,glioma,True
1731,"[[77]
 [82]
 [48]
 [53]
 [49]
 [54]
 [52]
 [52]]",1,1,glioma,True,1.3850454116948185e-08,1.0,9.615595266635607e-14,7.232431471493328e-06,0.9999854564666748,7.27326141714002e-06,0.0001437356841051951,0.9998422861099243,1.3887491149944253e-05,5.032732201026846e-05,0.9999425808588663,7.053584221080075e-06,1,glioma,True
1732,"[[77]
 [82]
 [48]
 [53]
 [49]
 [54]
 [52]
 [52]]",1,1,glioma,True,3.2735766875013894e-10,1.0,6.415999675990491e-12,2.534871100579039e-06,0.9999948740005493,2.633582653288613e-06,7.787120557622984e-05,0.9999109506607056,1.1239849300181959e-05,2.680213467815921e-05,0.9999686082204183,4.624479456490083e-06,1,glioma,True
1733,"[[77]
 [82]
 [48]
 [53]
 [49]
 [54]
 [52]
 [52]]",1,1,glioma,True,5.173782469114485e-08,1.0,2.7029014443291643e-11,5.8646492107072845e-05,0.9999270439147949,1.4340260349854361e-05,0.000840027176309377,0.998816967010498,0.0003430708311498165,0.00029957513541371367,0.9995813369750977,0.00011913703950956177,1,glioma,True
1734,"[[49]
 [48]
 [51]
 [54]
 [55]
 [51]]",0,0,meningioma,True,0.13456055521965027,0.17566004395484924,0.6897794604301453,0.09274211525917053,0.21199603378772736,0.6952618360519409,0.004039175342768431,0.02048155479133129,0.9754793047904968,0.0771139486071964,0.13604587751130262,0.7868402004241943,2,pituitary,False
1735,"[[77]
 [82]
 [48]
 [53]
 [49]
 [54]
 [52]
 [52]]",1,1,glioma,True,2.1977332380629377e-06,0.9999978542327881,4.557040508834653e-12,0.0023994643706828356,0.9975858926773071,1.4599840142182074e-05,0.01671682670712471,0.9817279577255249,0.0015552608529105783,0.006372829603681869,0.9931039015452067,0.0005232868992032669,1,glioma,True
1736,"[[77]
 [82]
 [48]
 [53]
 [49]
 [54]
 [52]
 [52]]",1,1,glioma,True,3.33562093146611e-06,0.9999966621398926,9.749835487571357e-12,0.0009852972580119967,0.9989927411079407,2.196874629589729e-05,0.14574480056762695,0.8476270437240601,0.00662816409021616,0.04891114448219014,0.9488721489906311,0.002216710948753964,1,glioma,True
1737,"[[77]
 [82]
 [48]
 [53]
 [49]
 [54]
 [52]
 [52]]",1,1,glioma,True,8.735057122066792e-07,0.9999991655349731,1.0973202346775679e-09,0.00013722223229706287,0.9998317956924438,3.101395122939721e-05,0.00976752582937479,0.9871905446052551,0.003041942371055484,0.0033018738557946867,0.9956738352775574,0.001024319139868372,1,glioma,True
1738,"[[77]
 [82]
 [48]
 [53]
 [49]
 [54]
 [52]
 [52]]",1,1,glioma,True,3.843250162560707e-09,1.0,3.004657341074829e-13,3.2993371860357e-05,0.999966025352478,9.217416163664893e-07,0.008048946037888527,0.9916079044342041,0.0003431082295719534,0.0026939810843330156,0.997191309928894,0.00011467665716292854,1,glioma,True
1739,"[[77]
 [82]
 [48]
 [53]
 [49]
 [54]
 [52]
 [52]]",1,1,glioma,True,1.2690414941118888e-08,1.0,1.2778219371512023e-08,1.3455235148285283e-08,1.0,2.7595925544687816e-08,0.00022819911828264594,0.9996262788772583,0.00014547083992511034,7.607508797757845e-05,0.9998754262924194,4.850373802334218e-05,1,glioma,True
1740,"[[77]
 [82]
 [48]
 [53]
 [49]
 [54]
 [52]
 [52]]",1,1,glioma,True,2.035438345648899e-10,1.0,1.443685178761716e-15,2.57543106272351e-05,0.9999735355377197,6.637566798417538e-07,0.0014315933221951127,0.9984458088874817,0.00012256122136022896,0.0004857826121220608,0.9994731148084005,4.10749926805048e-05,1,glioma,True
1741,"[[77]
 [82]
 [48]
 [53]
 [49]
 [54]
 [53]
 [49]]",2,1,glioma,True,1.8833976156429344e-08,1.0,1.7604173056361833e-13,3.1265801681001903e-06,0.9999969005584717,1.176400470093153e-11,3.6288603233458616e-09,1.0,6.441116357728399e-14,1.0496810015266551e-06,0.9999989668528239,4.001485865024144e-12,1,glioma,True
1742,"[[77]
 [82]
 [48]
 [53]
 [49]
 [54]
 [53]
 [49]]",2,1,glioma,True,3.5639419593280763e-07,0.9999996423721313,1.3179210327229907e-12,1.127029554481851e-05,0.9999886751174927,1.4766429745627363e-10,7.490012166044835e-08,0.9999998807907104,6.430982916333372e-12,3.900529954137255e-06,0.9999960660934448,5.180440046844333e-11,1,glioma,True
1743,"[[77]
 [82]
 [48]
 [53]
 [49]
 [54]
 [53]
 [49]]",2,1,glioma,True,1.8160509398512659e-06,0.9999982118606567,2.1399694082741005e-12,6.090381430112757e-05,0.9999390840530396,3.657794900302491e-10,3.518687208270421e-07,0.9999996423721313,7.599896406640383e-12,2.1023911320601957e-05,0.9999789794286092,1.2517311861505453e-10,1,glioma,True
1744,"[[77]
 [82]
 [48]
 [53]
 [49]
 [54]
 [53]
 [49]]",2,1,glioma,True,5.125267534822342e-07,0.9999995231628418,4.3729512198831255e-12,9.299621160607785e-05,0.9999070167541504,1.7905708027399214e-09,2.775794200715609e-06,0.9999972581863403,2.3624044387382526e-10,3.2094844186758564e-05,0.9999679327011108,6.770613992778766e-10,1,glioma,True
1745,"[[49]
 [48]
 [51]
 [54]
 [55]
 [51]]",0,0,meningioma,True,0.11612137407064438,0.1614256352186203,0.7224529385566711,0.08062878251075745,0.2367333620786667,0.6826378703117371,0.00564908143132925,0.017006566748023033,0.9773443341255188,0.06746641267091036,0.13838852134843668,0.7941450476646423,2,pituitary,False
1746,"[[77]
 [82]
 [48]
 [53]
 [49]
 [54]
 [53]
 [49]]",2,1,glioma,True,8.48074250825448e-08,0.9999998807907104,1.3045220285945458e-11,5.384327960200608e-05,0.999946117401123,2.6169777456175325e-08,3.792945426539518e-05,0.9999620914459229,3.430163098006034e-10,3.061918043082793e-05,0.9999693632125854,8.841946328753958e-09,1,glioma,True
1747,"[[77]
 [82]
 [48]
 [53]
 [49]
 [54]
 [53]
 [49]]",2,1,glioma,True,1.55249799718149e-05,0.9999845027923584,1.7389148454505232e-10,0.0020363007206469774,0.997963547706604,1.0690386886835768e-07,0.02952357567846775,0.9704764485359192,7.427793380365699e-10,0.010525133793028848,0.9894748330116272,3.5940179896979764e-08,1,glioma,True
1748,"[[77]
 [82]
 [48]
 [53]
 [49]
 [54]
 [53]
 [49]]",2,1,glioma,True,4.6352412027772516e-05,0.9999536275863647,2.1787305293230474e-09,0.002503043506294489,0.9974961876869202,7.423245165227854e-07,0.0065338024869561195,0.9934661984443665,1.9897836711635364e-09,0.0030277328017594605,0.9969720045725504,2.4883101024109067e-07,1,glioma,True
1749,"[[77]
 [82]
 [48]
 [53]
 [49]
 [55]
 [57]
 [54]]",4,1,glioma,True,3.534631832735613e-05,0.9991804957389832,0.0007841415936127305,9.287484863307327e-05,0.9998799562454224,2.7178240998182446e-05,0.17545902729034424,0.6301182508468628,0.19442276656627655,0.058529082819101554,0.8763929009437561,0.06507802880029583,1,glioma,True
1750,"[[77]
 [82]
 [48]
 [53]
 [49]
 [55]
 [57]
 [54]]",4,1,glioma,True,0.0001934964384417981,0.9719430208206177,0.027863487601280212,0.0023259404115378857,0.9738619327545166,0.023812182247638702,0.0973191037774086,0.6384662389755249,0.2642146944999695,0.03327951354246276,0.8614237308502197,0.10529678811629613,1,glioma,True
1751,"[[77]
 [82]
 [48]
 [53]
 [49]
 [55]
 [57]
 [54]]",4,1,glioma,True,2.542788379855665e-08,0.9999977350234985,2.2213332613318926e-06,2.2091772677867993e-07,0.9999849796295166,1.4735774129803758e-05,0.006651134695857763,0.9820258021354675,0.011323039419949055,0.0022171270138227803,0.9940028389294943,0.00377999884244673,1,glioma,True
1752,"[[77]
 [82]
 [48]
 [53]
 [49]
 [55]
 [57]
 [54]]",4,1,glioma,True,0.012019345536828041,0.9798586368560791,0.008122077211737633,5.70442971365992e-05,0.9996570348739624,0.000285894435364753,0.0799286961555481,0.7604265809059143,0.1596447229385376,0.030668361996504245,0.9133140842119852,0.05601756486188,1,glioma,True
1753,"[[77]
 [82]
 [48]
 [53]
 [49]
 [55]
 [57]
 [54]]",4,1,glioma,True,2.7612364306150994e-07,0.9999970197677612,2.743959612416802e-06,3.652234425999268e-08,0.9999997615814209,2.4078508431557566e-07,0.0004030042910017073,0.9990718364715576,0.0005251384573057294,0.00013443897899634294,0.99968953927358,0.00017604106733415392,1,glioma,True
1754,"[[77]
 [82]
 [48]
 [53]
 [49]
 [55]
 [57]
 [54]]",4,1,glioma,True,2.9033756163698854e-06,0.9999963045120239,8.782912459537329e-07,3.9705190524319534e-11,1.0,2.019235126327068e-11,2.8058120733476244e-05,0.9998618364334106,0.00011014738265657797,1.0320512018345551e-05,0.9999527136484782,3.7008564698294326e-05,1,glioma,True
1755,"[[77]
 [82]
 [48]
 [53]
 [49]
 [54]
 [53]
 [49]
 [66]]",0,1,glioma,True,0.5162666440010071,0.48350822925567627,0.00022503765649162233,0.4945867657661438,0.505073606967926,0.00033962223096750677,0.20263789594173431,0.797361433506012,6.898112019371183e-07,0.40449710190296173,0.5953144232432047,0.00018844989955368874,1,glioma,True
1756,"[[49]
 [48]
 [51]
 [54]
 [55]
 [51]]",0,0,meningioma,True,0.1097235456109047,0.13913841545581818,0.7511380910873413,0.07841385155916214,0.1886349469423294,0.7329511642456055,0.003712521865963936,0.012140915729105473,0.9841465353965759,0.06394997301201026,0.11330475937575102,0.8227452635765076,2,pituitary,False
1757,"[[77]
 [82]
 [48]
 [53]
 [49]
 [54]
 [53]
 [49]
 [66]]",0,1,glioma,True,0.49519845843315125,0.5044681429862976,0.00033332736347801983,0.3341963589191437,0.6651830077171326,0.0006206235266290605,0.13361342251300812,0.8663849830627441,1.552577487018425e-06,0.3210027466217677,0.6786787112553915,0.00031850115586469957,1,glioma,True
1758,"[[77]
 [82]
 [48]
 [53]
 [49]
 [54]
 [53]
 [49]
 [66]]",0,1,glioma,True,0.5202334523200989,0.47954750061035156,0.00021902476146351546,0.48100563883781433,0.5183536410331726,0.0006407381733879447,0.39276471734046936,0.607232391834259,2.843998800017289e-06,0.4646679361661275,0.5350445111592611,0.00028753564455049246,1,glioma,True
1759,"[[77]
 [82]
 [48]
 [53]
 [49]
 [54]
 [53]
 [49]
 [66]]",0,1,glioma,True,0.5174111723899841,0.48225951194763184,0.0003293943591415882,0.4123647212982178,0.5862688422203064,0.0013664965517818928,0.3647176921367645,0.6352707743644714,1.1544781955308281e-05,0.43149786194165546,0.5679330428441366,0.0005691452309595965,1,glioma,True
1760,"[[77]
 [82]
 [48]
 [53]
 [49]
 [54]
 [53]
 [49]
 [66]]",0,1,glioma,True,0.5250908136367798,0.47405269742012024,0.0008564811432734132,0.3308641016483307,0.664903461933136,0.004232489969581366,0.4349305331707001,0.5649511814117432,0.00011834663746412843,0.4302951494852702,0.5679691135883331,0.0017357725834396358,1,glioma,True
1761,"[[77]
 [82]
 [48]
 [53]
 [49]
 [54]
 [53]
 [49]
 [66]]",0,1,glioma,True,0.5411617159843445,0.45774194598197937,0.0010963771492242813,0.37226366996765137,0.6214810013771057,0.006255255546420813,0.5490227937698364,0.45080381631851196,0.00017335124721284956,0.4874827265739441,0.5100089212258657,0.002508327980952648,1,glioma,True
1762,"[[77]
 [82]
 [48]
 [53]
 [49]
 [54]
 [53]
 [49]
 [66]]",0,1,glioma,True,0.5252035856246948,0.47261446714401245,0.002181959804147482,0.29612573981285095,0.6910456418991089,0.012828678824007511,0.47432148456573486,0.5250121355056763,0.0006664450047537684,0.4318836033344269,0.5628907481829325,0.005225694544302921,1,glioma,True
1763,"[[77]
 [82]
 [48]
 [53]
 [49]
 [55]
 [57]
 [54]
 [66]]",4,1,glioma,True,0.0001135282072937116,0.9998461008071899,4.039978011860512e-05,9.299690462150068e-10,1.0,5.676952796740409e-10,0.00035350132384337485,0.9983543157577515,0.0012922565219923854,0.0001556768203687109,0.9994001388549805,0.00044421895660209004,1,glioma,True
1764,"[[77]
 [82]
 [48]
 [53]
 [49]
 [55]
 [57]
 [54]
 [66]]",4,1,glioma,True,0.00034108763793483377,0.9992842078208923,0.00037478251033462584,9.769522080205206e-09,1.0,1.1756341677937598e-08,0.0019208809826523066,0.9910445213317871,0.007034598384052515,0.0007539927967030735,0.9967762430508932,0.0024697975502429395,1,glioma,True
1765,"[[77]
 [82]
 [48]
 [53]
 [49]
 [55]
 [57]
 [54]
 [66]]",4,1,glioma,True,6.932812539162114e-05,0.9995816349983215,0.0003490040253382176,1.3757542092207586e-06,0.9999839067459106,1.464360593672609e-05,0.001712670549750328,0.9856378436088562,0.012649541720747948,0.0005944581431170567,0.9950677951176962,0.004337729784007631,1,glioma,True
1766,"[[77]
 [82]
 [48]
 [53]
 [50]
 [53]
 [53]
 [48]]",0,1,glioma,True,0.42428797483444214,0.557844877243042,0.017867162823677063,0.09858738631010056,0.8710745573043823,0.030338048934936523,0.049218956381082535,0.9496505260467529,0.0011304572690278292,0.19069810584187508,0.7928566535313925,0.016445223009213805,1,glioma,True
1767,"[[49]
 [48]
 [51]
 [54]
 [55]
 [51]]",0,0,meningioma,True,0.0987885370850563,0.11772584915161133,0.7834855914115906,0.06788911670446396,0.1634434461593628,0.768667459487915,0.0016587363788858056,0.004062722437083721,0.9942785501480103,0.056112130056135356,0.09507733924935262,0.8488105336825053,2,pituitary,False
1768,"[[77]
 [82]
 [48]
 [53]
 [50]
 [53]
 [53]
 [48]]",0,1,glioma,True,0.3409806489944458,0.6284575462341309,0.030561821535229683,0.04731456935405731,0.9276900887489319,0.02499542571604252,0.012103348970413208,0.9870254397392273,0.0008711718837730587,0.13346618910630545,0.8477243582407633,0.018809473045015086,1,glioma,True
1769,"[[77]
 [82]
 [48]
 [53]
 [50]
 [53]
 [53]
 [48]]",0,1,glioma,True,0.36460134387016296,0.6048773527145386,0.03052128665149212,0.05386391654610634,0.9177060723304749,0.028429999947547913,0.01763840578496456,0.9814574122428894,0.0009041691082529724,0.14536788873374462,0.8346802790959676,0.019951818569097668,1,glioma,True
1770,"[[77]
 [82]
 [48]
 [53]
 [50]
 [53]
 [53]
 [48]]",0,1,glioma,True,0.4026738107204437,0.5712290406227112,0.026097113266587257,0.07497242093086243,0.8909863233566284,0.034041255712509155,0.03239952027797699,0.9665808081626892,0.001019645482301712,0.1700152506430944,0.8095987240473429,0.02038600482046604,1,glioma,True
1771,"[[77]
 [82]
 [48]
 [53]
 [50]
 [53]
 [53]
 [48]]",0,1,glioma,True,0.3622588515281677,0.6154071688652039,0.02233394980430603,0.05420513078570366,0.9186925292015076,0.027102282270789146,0.015065643936395645,0.9842766523361206,0.0006576199666596949,0.14384320875008902,0.8394587834676107,0.016697950680584956,1,glioma,True
1772,"[[77]
 [82]
 [48]
 [53]
 [50]
 [53]
 [53]
 [48]]",0,1,glioma,True,0.42834213376045227,0.558583676815033,0.013074181973934174,0.11526928842067719,0.8485071659088135,0.03622361645102501,0.04765281081199646,0.951015830039978,0.001331414794549346,0.1970880776643753,0.7860355575879415,0.016876404406502843,1,glioma,True
1773,"[[77]
 [82]
 [48]
 [53]
 [49]
 [54]
 [52]
 [52]
 [67]]",2,1,glioma,True,1.9184867028343433e-08,1.0,5.404691624799618e-11,9.796375525183976e-05,0.9999018907546997,1.504668460938774e-07,8.669265127991821e-08,0.9999998807907104,3.6542932568828235e-10,3.268987759004934e-05,0.9999672571818033,5.029544077860456e-08,1,glioma,True
1774,"[[77]
 [82]
 [48]
 [53]
 [49]
 [54]
 [52]
 [52]
 [67]]",2,1,glioma,True,2.0481894580370863e-07,0.9999997615814209,9.84927472913455e-10,0.00021899175771977752,0.9997797608375549,1.315320105277351e-06,1.1366912985977251e-05,0.9999885559082031,8.10362479342075e-08,7.68544965505195e-05,0.9999226927757263,4.65780426894824e-07,1,glioma,True
1775,"[[77]
 [82]
 [48]
 [53]
 [49]
 [54]
 [52]
 [52]
 [67]]",2,1,glioma,True,9.836113576966454e-07,0.9999990463256836,3.0505789561097174e-10,0.0004260368295945227,0.9995738863945007,1.496733972317088e-07,0.0006759515381418169,0.999323844909668,2.3758957468089648e-07,0.00036765732636467874,0.9996322592099508,1.2918934326940543e-07,1,glioma,True
1776,"[[77]
 [82]
 [48]
 [53]
 [49]
 [54]
 [52]
 [52]
 [67]]",2,1,glioma,True,9.561914566802443e-07,0.9999990463256836,1.7925050332934234e-10,0.0005481677362695336,0.9994513392448425,5.003781780033023e-07,0.007344374433159828,0.9926468133926392,8.854478437569924e-06,0.0026311661202953474,0.9973657329877218,3.118345288692185e-06,1,glioma,True
1777,"[[77]
 [82]
 [48]
 [53]
 [49]
 [54]
 [52]
 [52]
 [67]]",2,1,glioma,True,2.345244183743489e-06,0.999997615814209,2.6765869035050294e-11,0.001083242823369801,0.9989166259765625,9.134392797705004e-08,0.0017821432556957006,0.9982175230979919,3.3739689797585015e-07,0.0009559104410830818,0.9990439216295878,1.4292253060731175e-07,1,glioma,True
1778,"[[49]
 [48]
 [50]
 [52]
 [52]
 [54]]",4,0,meningioma,True,0.3973020613193512,0.6001097559928894,0.002588106319308281,0.3700719475746155,0.6289343237876892,0.0009937321301549673,0.16430464386940002,0.8251030445098877,0.010592268779873848,0.31055955092112225,0.6847157080968221,0.004724702409779032,1,glioma,False
1779,"[[49]
 [48]
 [51]
 [54]
 [55]
 [51]]",0,0,meningioma,True,0.0942678228020668,0.11804711818695068,0.7876850366592407,0.07777358591556549,0.2302076667547226,0.6920187473297119,0.011132529005408287,0.016054730862379074,0.9728127121925354,0.06105797924101353,0.12143650526801746,0.8175054987271627,2,pituitary,False
1780,"[[77]
 [82]
 [48]
 [53]
 [49]
 [54]
 [52]
 [52]
 [67]]",2,1,glioma,True,4.613618287407917e-08,1.0,4.258815078372891e-09,5.072269050288014e-05,0.9999485015869141,7.1509094823341e-07,1.602742850081995e-05,0.9999840259552002,3.256464609080467e-08,2.2265418395524723e-05,0.9999775091807047,2.506381364675292e-07,1,glioma,True
1781,"[[77]
 [82]
 [48]
 [53]
 [49]
 [54]
 [52]
 [52]
 [67]]",2,1,glioma,True,1.1570870128707611e-07,0.9999998807907104,9.866428563043428e-09,0.00033862111740745604,0.9996539354324341,7.395371540042106e-06,1.6951198631431907e-05,0.9999792575836182,3.792863935814239e-06,0.00011856267491339167,0.9998776912689209,3.732700634806463e-06,1,glioma,True
1782,"[[77]
 [82]
 [48]
 [53]
 [49]
 [54]
 [52]
 [52]
 [67]]",2,1,glioma,True,1.8779650190481334e-06,0.9999980926513672,3.117297353583126e-08,0.002535923384130001,0.997444748878479,1.9324363165651448e-05,3.595146336010657e-05,0.9999622106552124,1.8122503888662322e-06,0.0008579176041697186,0.9991350173950195,7.055928842684504e-06,1,glioma,True
1783,"[[77]
 [82]
 [48]
 [53]
 [49]
 [54]
 [52]
 [52]
 [67]]",2,1,glioma,True,3.738752639037557e-06,0.9999961853027344,7.507032506737232e-08,0.0012913630343973637,0.9986911416053772,1.7488127923570573e-05,6.797441164962947e-05,0.9999065399169922,2.5520785129629076e-05,0.00045435873289534356,0.9995312889417013,1.4361327792755674e-05,1,glioma,True
1784,"[[77]
 [82]
 [48]
 [53]
 [49]
 [54]
 [52]
 [52]
 [67]]",2,1,glioma,True,3.4845395475713303e-06,0.9999964237213135,6.710305910928582e-08,0.002219438087195158,0.9977619647979736,1.8542181351222098e-05,0.00020390228019095957,0.9997175335884094,7.857340824557468e-05,0.000808941635644563,0.9991586407025655,3.239423088530202e-05,1,glioma,True
1785,"[[77]
 [82]
 [48]
 [53]
 [49]
 [54]
 [52]
 [52]
 [67]]",2,1,glioma,True,1.3543686350203643e-07,0.9999998807907104,1.6837762295551784e-09,0.0006291948375292122,0.9993610978126526,9.800432053452823e-06,3.989321703556925e-05,0.9999330043792725,2.711625347728841e-05,0.00022307449714276117,0.9997646609942118,1.2306123102323596e-05,1,glioma,True
1786,"[[77]
 [82]
 [48]
 [53]
 [49]
 [54]
 [52]
 [52]
 [67]]",2,1,glioma,True,2.3430980036209803e-06,0.999997615814209,3.586478447559216e-09,0.0008750962442718446,0.9991220831871033,2.886170705096447e-06,0.007560091093182564,0.9923816323280334,5.83572436880786e-05,0.0028125101451526766,0.9971671104431152,2.0415666957207534e-05,1,glioma,True
1787,"[[77]
 [82]
 [48]
 [53]
 [49]
 [54]
 [52]
 [52]
 [67]]",2,1,glioma,True,1.5307482215121127e-07,0.9999998807907104,4.204502024318657e-10,0.00011870279558934271,0.9998810291290283,2.2885633654823323e-07,3.419379936531186e-05,0.9999657869338989,1.80907449021106e-08,5.101655659226859e-05,0.9999488989512125,8.245584388425857e-08,1,glioma,True
1788,"[[77]
 [82]
 [48]
 [52]
 [57]
 [57]
 [52]
 [50]
 [66]]",3,1,glioma,True,7.856701245145814e-07,0.9999537467956543,4.537835411611013e-05,4.672816356077192e-09,0.9999326467514038,6.736091745551676e-05,9.957262607756395e-14,1.0,1.8702886350752124e-08,2.6344768014776156e-07,0.9999621311823527,3.7585991485992544e-05,1,glioma,True
1789,"[[77]
 [82]
 [48]
 [52]
 [57]
 [57]
 [52]
 [50]
 [66]]",3,1,glioma,True,3.346976882312447e-05,0.9983388185501099,0.001627715420909226,7.528946639467904e-07,0.9995556473731995,0.00044366600923240185,1.4110125567956544e-10,0.9999867677688599,1.3230568583821878e-05,1.1407601529442313e-05,0.9992937445640564,0.0006948706662418166,1,glioma,True
1790,"[[49]
 [48]
 [51]
 [57]
 [50]
 [53]]",1,0,meningioma,True,0.9992056488990784,0.0004820103640668094,0.00031233765184879303,0.9845736622810364,0.015003408305346966,0.00042282926733605564,0.9906981587409973,0.006957822944968939,0.0023440620861947536,0.991492489973704,0.007481080538127571,0.0010264096684598674,0,meningioma,True
1791,"[[77]
 [82]
 [48]
 [52]
 [57]
 [57]
 [52]
 [50]
 [66]]",3,1,glioma,True,1.94188305613352e-05,0.9979180693626404,0.002062535844743252,4.690485013725265e-07,0.9970876574516296,0.0029119376558810472,2.41845299342458e-09,0.9992561936378479,0.0007437925669364631,6.630099171900383e-06,0.9980873068173727,0.0019060886891869207,1,glioma,True
1792,"[[77]
 [82]
 [48]
 [52]
 [57]
 [57]
 [52]
 [50]
 [66]]",3,1,glioma,True,5.048683669883758e-05,0.9998587369918823,9.067511564353481e-05,1.0194907673621856e-07,0.9999758005142212,2.403005782980472e-05,4.5389353386937614e-10,0.9999927282333374,7.274486506503308e-06,1.6863079889702554e-05,0.999942421913147,4.065988665994761e-05,1,glioma,True
1793,"[[77]
 [82]
 [48]
 [52]
 [55]
 [57]
 [53]
 [51]
 [67]]",2,1,glioma,True,8.430856155428046e-07,0.9999991655349731,4.3737154739945105e-13,3.6328183341538534e-05,0.999963641166687,5.691198068369374e-10,1.2189799747375218e-07,0.9999998807907104,3.084465625621813e-12,1.2431055651518363e-05,0.9999875624974569,1.9088054800331955e-10,1,glioma,True
1794,"[[77]
 [82]
 [48]
 [52]
 [55]
 [57]
 [53]
 [51]
 [67]]",2,1,glioma,True,4.898214456261485e-07,0.9999995231628418,1.932894599585011e-12,3.529908281052485e-05,0.999964714050293,1.4119244662325059e-09,7.734966857242398e-06,0.9999922513961792,4.624810812092761e-10,1.45079570377978e-05,0.9999854962031046,6.254461473471223e-10,1,glioma,True
1795,"[[77]
 [82]
 [48]
 [52]
 [55]
 [57]
 [53]
 [51]
 [67]]",2,1,glioma,True,2.02555753503475e-07,0.9999997615814209,9.294146181837437e-12,9.543520718580112e-05,0.9999045133590698,1.0626846069783369e-08,1.084771520254435e-05,0.9999891519546509,1.6842559569241189e-09,3.5495159380616315e-05,0.9999644756317139,4.1067987242964415e-09,1,glioma,True
1796,"[[77]
 [82]
 [48]
 [52]
 [55]
 [57]
 [53]
 [51]
 [67]]",2,1,glioma,True,8.955774433161423e-08,0.9999998807907104,3.239308127289675e-11,8.84678665897809e-05,0.9999115467071533,2.8493840176224694e-08,3.2921616366365924e-05,0.999967098236084,9.149821345033615e-09,4.049301356682614e-05,0.9999595085779825,1.2558684867510403e-08,1,glioma,True
1797,"[[77]
 [82]
 [48]
 [52]
 [55]
 [57]
 [53]
 [51]
 [67]]",2,1,glioma,True,1.9214810720313835e-07,0.9999997615814209,1.1562566876177627e-10,0.000272065051831305,0.9997276663780212,2.455064418427355e-07,0.0004142152320127934,0.9995858073234558,3.314460883530046e-08,0.0002288241439837672,0.9997710784276327,9.292222544893258e-08,1,glioma,True
1798,"[[77]
 [82]
 [48]
 [53]
 [51]
 [49]
 [49]
 [48]
 [66]]",3,1,glioma,True,3.671280137496069e-05,0.9999581575393677,5.173896624910412e-06,8.369316333300958e-07,0.9999991655349731,5.384117685025558e-08,2.8827196185687853e-09,1.0,2.6454203411185873e-11,1.2517538575969786e-05,0.9999857743581136,1.7425880853213598e-06,1,glioma,True
1799,"[[77]
 [82]
 [48]
 [53]
 [51]
 [49]
 [49]
 [48]
 [66]]",3,1,glioma,True,0.0007384857744909823,0.9990060925483704,0.000255404767813161,0.00024733171449042857,0.9993886947631836,0.0003639887145254761,9.115187822317239e-07,0.9999979734420776,1.0448679859109689e-06,0.0003289096692545475,0.9994642535845438,0.00020681278344151602,1,glioma,True
1800,"[[77]
 [82]
 [48]
 [53]
 [51]
 [49]
 [49]
 [48]
 [66]]",3,1,glioma,True,0.0049526505172252655,0.9911307096481323,0.003916666377335787,0.0012363387504592538,0.9921314120292664,0.006632260978221893,2.5283029572165105e-06,0.9999772310256958,2.0245481209713034e-05,0.002063839190213912,0.9944131175676981,0.0035230576122557977,1,glioma,True
1801,"[[49]
 [48]
 [51]
 [57]
 [50]
 [53]]",1,0,meningioma,True,0.9988307356834412,0.0006043156026862562,0.0005649658851325512,0.9658317565917969,0.03306011110544205,0.0011081612901762128,0.9959962368011475,0.0037069625686854124,0.00029678118880838156,0.9868862430254618,0.012457129758937905,0.0006566361213723818,0,meningioma,True
1802,"[[77]
 [82]
 [48]
 [53]
 [51]
 [49]
 [49]
 [48]
 [66]]",3,1,glioma,True,0.024508008733391762,0.9684301614761353,0.007061818148940802,0.0016953871818259358,0.9921361207962036,0.006168487016111612,7.732388621661812e-05,0.9998975992202759,2.5013463528011926e-05,0.00876023993381144,0.9868212938308716,0.004418439542860142,1,glioma,True
1803,"[[77]
 [82]
 [48]
 [53]
 [51]
 [49]
 [49]
 [48]
 [66]]",3,1,glioma,True,0.003672352060675621,0.9962150454521179,0.0001126059505622834,0.0006250507431104779,0.9990574717521667,0.0003174810262862593,3.2053384302344057e-07,0.9999996423721313,2.2302462099332843e-08,0.001432574445876374,0.9984240531921387,0.00014336975977021402,1,glioma,True
1804,"[[77]
 [82]
 [48]
 [53]
 [51]
 [49]
 [49]
 [48]
 [66]]",3,1,glioma,True,7.304535392904654e-05,0.9998447895050049,8.209108636947349e-05,7.282492333615664e-07,0.9999897480010986,9.50510730035603e-06,3.9902905979438685e-10,1.0,3.676464688240344e-09,2.4591334063822634e-05,0.9999448458353678,3.0533290044839255e-05,1,glioma,True
1805,"[[77]
 [82]
 [48]
 [53]
 [51]
 [49]
 [49]
 [48]
 [66]]",3,1,glioma,True,1.5341602193075232e-05,0.9997267127037048,0.0002578782441560179,7.680935141252121e-07,0.9999685287475586,3.081046452280134e-05,2.8038895649729056e-09,0.9999986886978149,1.266842787117639e-06,5.3708331989218055e-06,0.9998979767163595,9.665185048864562e-05,1,glioma,True
1806,"[[77]
 [82]
 [48]
 [51]
 [52]
 [54]
 [57]
 [52]]",2,1,glioma,True,1.5806442661414621e-06,0.9999984502792358,1.6071533437411745e-08,0.0009332766057923436,0.9990135431289673,5.313497968018055e-05,0.00022945486125536263,0.9992873072624207,0.0004832734994124621,0.0003881040371046159,0.9994331002235413,0.00017880818354202668,1,glioma,True
1807,"[[77]
 [82]
 [48]
 [51]
 [52]
 [54]
 [57]
 [52]]",2,1,glioma,True,2.1484417800365918e-07,0.9999997615814209,1.3459621861500182e-08,0.0016354047693312168,0.998213529586792,0.00015107585932128131,6.531910912599415e-05,0.9991732239723206,0.0007614368223585188,0.0005669795742117382,0.9991288383801779,0.0003041753804338872,1,glioma,True
1808,"[[77]
 [82]
 [48]
 [51]
 [52]
 [54]
 [57]
 [52]]",2,1,glioma,True,2.0457018763408996e-06,0.9999979734420776,1.2196363030625434e-08,0.0005101661663502455,0.9994787573814392,1.1097472452092916e-05,1.3512412806448992e-05,0.999984622001648,1.8743380678643007e-06,0.00017524142701101178,0.9998204509417216,4.328002294329281e-06,1,glioma,True
1809,"[[77]
 [82]
 [48]
 [51]
 [52]
 [54]
 [57]
 [52]]",2,1,glioma,True,2.2137876385386335e-06,0.9999977350234985,2.4860648650815165e-08,0.0006556016742251813,0.9993382096290588,6.170424512674799e-06,2.746186510194093e-05,0.9999713897705078,1.206304773404554e-06,0.0002284257756552203,0.9997691114743551,2.467196644910056e-06,1,glioma,True
1810,"[[77]
 [82]
 [48]
 [51]
 [52]
 [54]
 [57]
 [52]]",2,1,glioma,True,4.752217864734121e-05,0.9999524354934692,4.982188173130453e-08,0.0013375463895499706,0.9986597299575806,2.7006451546185417e-06,7.932165317470208e-06,0.9999920129776001,1.1444381442515805e-08,0.0004643335778382607,0.9995347261428833,9.206371392641207e-07,1,glioma,True
1811,"[[77]
 [82]
 [48]
 [51]
 [52]
 [54]
 [57]
 [52]]",2,1,glioma,True,1.724311186990235e-05,0.9999827146530151,7.561545833922878e-10,0.000482322764582932,0.999517560005188,1.2832447282562498e-07,7.943962287981776e-08,0.9999998807907104,1.267758564793553e-09,0.00016654843869190472,0.9998333851496378,4.3449461991270276e-08,1,glioma,True
1812,"[[49]
 [48]
 [51]
 [57]
 [50]
 [53]]",1,0,meningioma,True,0.9990071654319763,0.00040157753392122686,0.0005912359920330346,0.9775897860527039,0.021237285807728767,0.0011729353573173285,0.8083614110946655,0.17332002520561218,0.01831853948533535,0.9283194541931152,0.06498629618242073,0.006694236944895238,0,meningioma,True
1813,"[[77]
 [82]
 [48]
 [51]
 [52]
 [54]
 [57]
 [52]]",2,1,glioma,True,3.113049729108752e-07,0.9999996423721313,6.510232353207357e-10,0.00018592446576803923,0.9998138546943665,1.9718370936061547e-07,8.301761056372925e-09,1.0,2.2390846121655983e-10,6.208135750066883e-05,0.9999378323554993,6.601954701905093e-08,1,glioma,True
1814,"[[77]
 [82]
 [48]
 [53]
 [52]
 [54]
 [56]
 [51]]",3,1,glioma,True,4.702771548181772e-06,0.999990701675415,4.6116974772303365e-06,3.8034841942646835e-09,0.9999998807907104,8.417200092480925e-08,5.37320847537881e-11,1.0,5.286029391982083e-08,1.5688762548202635e-06,0.9999968608220419,1.5829099240249889e-06,1,glioma,True
1815,"[[77]
 [82]
 [48]
 [53]
 [52]
 [54]
 [56]
 [51]]",3,1,glioma,True,3.0899271223461255e-05,0.9999591112136841,9.974840395443607e-06,1.081254863422032e-09,1.0,5.82550043759511e-08,3.634141598762852e-11,1.0,4.7596344643352495e-08,1.0300129606580222e-05,0.9999863704045614,3.3602305814876368e-06,1,glioma,True
1816,"[[77]
 [82]
 [48]
 [53]
 [52]
 [54]
 [56]
 [51]]",3,1,glioma,True,2.5014264792844187e-06,0.9999951124191284,2.378608996878029e-06,1.0342962930565136e-08,0.9999996423721313,3.3568059620847635e-07,1.4446851701044316e-11,1.0,3.4336874676910156e-08,8.372612963555617e-07,0.9999982515970866,9.162088225878051e-07,1,glioma,True
1817,"[[77]
 [82]
 [48]
 [53]
 [48]
 [54]
 [56]
 [55]
 [67]]",1,1,glioma,True,9.703801850946547e-08,0.9999998807907104,7.671681068188718e-09,5.692700142390095e-06,0.9999890327453613,5.2456712182902265e-06,0.0002424611448077485,0.9997242093086243,3.331926200189628e-05,8.275029432288268e-05,0.9999043742815653,1.2857534967084897e-05,1,glioma,True
1818,"[[77]
 [82]
 [48]
 [53]
 [48]
 [54]
 [56]
 [55]
 [67]]",1,1,glioma,True,3.7274847386470356e-07,0.9999995231628418,1.2583663533405343e-07,2.913288517447654e-05,0.9999281167984009,4.274842649465427e-05,0.001835923525504768,0.9975952506065369,0.0005687488010153174,0.000621809719717703,0.9991742968559265,0.00020387435471510193,1,glioma,True
1819,"[[77]
 [82]
 [48]
 [53]
 [48]
 [54]
 [56]
 [55]
 [67]]",1,1,glioma,True,3.4281518423995294e-07,0.9999996423721313,7.645031829817128e-10,0.0005060231778770685,0.9993832111358643,0.00011078304669354111,0.0008195747504942119,0.9991251826286316,5.527741814148612e-05,0.00044198024785184015,0.9995026787122091,5.535374311273674e-05,1,glioma,True
1820,"[[77]
 [82]
 [48]
 [53]
 [48]
 [54]
 [56]
 [55]
 [67]]",1,1,glioma,True,2.501428468804079e-07,0.9999991655349731,6.32707781278441e-07,3.3502183782729844e-07,0.999998927116394,7.396586738650512e-07,0.00127707258798182,0.9984341263771057,0.0002888012386392802,0.00042588591755550925,0.9994774063428243,9.672453503147456e-05,1,glioma,True
1821,"[[77]
 [82]
 [48]
 [53]
 [48]
 [54]
 [56]
 [55]
 [67]]",1,1,glioma,True,3.456986178207444e-06,0.9999808073043823,1.5790245015523396e-05,2.6049456209875643e-06,0.9999926090240479,4.7333592192444485e-06,0.001371741876937449,0.9951085448265076,0.0035196368116885424,0.000459267936245548,0.9983606537183126,0.0011800534719744367,1,glioma,True
1822,"[[77]
 [82]
 [48]
 [53]
 [48]
 [54]
 [56]
 [55]
 [67]]",1,1,glioma,True,1.9801955204457045e-06,0.9999978542327881,6.783421468981032e-08,1.3400454008660745e-05,0.9999775886535645,9.092077561945189e-06,0.004055019002407789,0.9948105812072754,0.0011344787199050188,0.0013567998839789652,0.9982620080312093,0.0003812128772272179,1,glioma,True
1823,"[[49]
 [48]
 [51]
 [57]
 [50]
 [53]]",1,0,meningioma,True,0.9988678693771362,0.0006906745256856084,0.000441563141066581,0.9482694864273071,0.0467362143099308,0.004994337446987629,0.984968364238739,0.013709397055208683,0.0013221858534961939,0.9773685733477274,0.020378761963608365,0.002252695480516801,0,meningioma,True
1824,"[[77]
 [82]
 [48]
 [53]
 [48]
 [54]
 [56]
 [55]
 [67]]",1,1,glioma,True,4.799664665711134e-08,1.0,7.608364892969233e-13,6.710914749419317e-05,0.9999301433563232,2.7051562483393354e-06,4.3611915316432714e-05,0.9999380111694336,1.838801290432457e-05,3.692301981909433e-05,0.9999560515085856,7.031056637833465e-06,1,glioma,True
1825,"[[77]
 [82]
 [48]
 [52]
 [57]
 [50]
 [52]
 [50]
 [67]]",0,1,glioma,True,0.24313051998615265,0.7301027178764343,0.026766764000058174,0.02568746544420719,0.9655479192733765,0.00876460038125515,0.0010850533144548535,0.9987485408782959,0.00016644179413560778,0.0899676795816049,0.8981330593427023,0.011899268725149644,1,glioma,True
1826,"[[77]
 [82]
 [48]
 [52]
 [57]
 [50]
 [52]
 [50]
 [67]]",0,1,glioma,True,0.3162633776664734,0.6617823839187622,0.02195422351360321,0.0398416742682457,0.9456819891929626,0.014476311393082142,0.002800979418680072,0.9968407154083252,0.00035827289684675634,0.11963534378446639,0.86810169617335,0.012262935934510702,1,glioma,True
1827,"[[77]
 [82]
 [48]
 [52]
 [57]
 [50]
 [52]
 [50]
 [67]]",0,1,glioma,True,0.2940478026866913,0.6790192127227783,0.026932956650853157,0.03682626411318779,0.9495944380760193,0.013579319231212139,0.0028186419513076544,0.9967508316040039,0.000430490355938673,0.11123090291706224,0.8751214941342672,0.013647588746001324,1,glioma,True
1828,"[[77]
 [82]
 [48]
 [52]
 [57]
 [50]
 [52]
 [50]
 [67]]",0,1,glioma,True,0.33859214186668396,0.6370185017585754,0.024389391764998436,0.04718869552016258,0.9366203546524048,0.016190895810723305,0.004737371113151312,0.9947746992111206,0.00048783537931740284,0.13017273616666594,0.8561378518740336,0.013689374318346381,1,glioma,True
1829,"[[77]
 [82]
 [48]
 [52]
 [57]
 [50]
 [52]
 [50]
 [67]]",0,1,glioma,True,0.37251976132392883,0.6019348502159119,0.02554544061422348,0.06588850170373917,0.9123314023017883,0.02178005501627922,0.01348359789699316,0.985662043094635,0.0008543264120817184,0.1506306203082204,0.8333094318707784,0.016059940680861473,1,glioma,True
1830,"[[77]
 [82]
 [48]
 [53]
 [51]
 [50]
 [52]
 [49]
 [67]]",0,1,glioma,True,0.44421666860580444,0.5528843402862549,0.0028990067075937986,0.10198049992322922,0.8937441110610962,0.0042754048481583595,0.015268554911017418,0.9846929311752319,3.852962254313752e-05,0.1871552411466837,0.810440460840861,0.0024043137260984318,1,glioma,True
1831,"[[77]
 [82]
 [48]
 [53]
 [51]
 [50]
 [52]
 [49]
 [67]]",0,1,glioma,True,0.4823789596557617,0.5153639316558838,0.002257058396935463,0.1669626086950302,0.8284319043159485,0.004605536349117756,0.036853477358818054,0.96311354637146,3.2905005355132744e-05,0.22873168190320334,0.7689697941144308,0.0022984999171361173,1,glioma,True
1832,"[[77]
 [82]
 [48]
 [53]
 [51]
 [50]
 [52]
 [49]
 [67]]",0,1,glioma,True,0.42519015073776245,0.5692899823188782,0.005519939586520195,0.08909986913204193,0.9031664133071899,0.007733756676316261,0.009743870235979557,0.9902120232582092,4.410370092955418e-05,0.17467796336859465,0.8208894729614258,0.0044325999879220035,1,glioma,True
1833,"[[77]
 [82]
 [48]
 [53]
 [51]
 [50]
 [52]
 [49]
 [67]]",0,1,glioma,True,0.48197153210639954,0.5140939950942993,0.003934480715543032,0.14711633324623108,0.8443527221679688,0.008530966006219387,0.020441580563783646,0.9795376658439636,2.0832578229601495e-05,0.21650981530547142,0.7793281277020773,0.00416209309999734,1,glioma,True
1834,"[[49]
 [48]
 [51]
 [57]
 [50]
 [53]]",1,0,meningioma,True,0.9970943927764893,0.0028053352143615484,0.00010033536818809807,0.9788951873779297,0.020958587527275085,0.00014621201262343675,0.9839533567428589,0.015575374476611614,0.0004713148809969425,0.9866476456324259,0.013113099072749415,0.0002392874206028258,0,meningioma,True
1835,"[[77]
 [82]
 [48]
 [51]
 [52]
 [57]
 [57]
 [55]]",0,1,glioma,True,0.416429728269577,0.571122407913208,0.012447922490537167,0.15042461454868317,0.8273233771324158,0.02225201204419136,0.17414356768131256,0.8250060081481934,0.0008504263823851943,0.24699930349985758,0.7411505977312723,0.011850120305704573,1,glioma,True
1836,"[[77]
 [82]
 [48]
 [51]
 [52]
 [57]
 [57]
 [55]]",0,1,glioma,True,0.35666102170944214,0.6299282312393188,0.01341076660901308,0.06911329180002213,0.9141575694084167,0.016729183495044708,0.02486942522227764,0.9748253226280212,0.0003052390820812434,0.1502145795772473,0.839637041091919,0.010148396395379677,1,glioma,True
1837,"[[77]
 [82]
 [48]
 [51]
 [52]
 [57]
 [57]
 [55]]",0,1,glioma,True,0.47561538219451904,0.5210747122764587,0.003309875726699829,0.20426394045352936,0.7853575348854065,0.010378539562225342,0.11659851670265198,0.8832513093948364,0.00015014053496997803,0.26549261311690014,0.7298945188522339,0.004612851941298383,1,glioma,True
1838,"[[77]
 [82]
 [48]
 [51]
 [52]
 [57]
 [57]
 [55]]",0,1,glioma,True,0.4412572383880615,0.555309534072876,0.0034332559444010258,0.11218517273664474,0.8786536455154419,0.00916120782494545,0.0347515270113945,0.96512770652771,0.00012084729678463191,0.1960646460453669,0.7996969620386759,0.004238437022043702,1,glioma,True
1839,"[[77]
 [82]
 [48]
 [51]
 [52]
 [57]
 [57]
 [55]]",0,1,glioma,True,0.5239360928535461,0.47534283995628357,0.000721089425496757,0.3766174018383026,0.6201601028442383,0.0032224501483142376,0.2597637474536896,0.7401909232139587,4.539650763035752e-05,0.38677241404851276,0.6118979553381602,0.0013296453604804508,1,glioma,True
1840,"[[77]
 [82]
 [48]
 [51]
 [52]
 [57]
 [57]
 [55]]",0,1,glioma,True,0.40940767526626587,0.5874984264373779,0.0030938759446144104,0.05158664658665657,0.9440492987632751,0.004364067688584328,0.008773532696068287,0.9911796450614929,4.679268386098556e-05,0.15658928484966358,0.8409091234207153,0.0025015787723532412,1,glioma,True
1841,"[[77]
 [82]
 [48]
 [51]
 [52]
 [57]
 [57]
 [55]]",0,1,glioma,True,0.4589903652667999,0.5397207140922546,0.0012888998026028275,0.10185185074806213,0.8957549333572388,0.0023932515177875757,0.022711899131536484,0.9772751331329346,1.3094598216412123e-05,0.19451803838213286,0.8042502601941427,0.0012317486395356052,1,glioma,True
1842,"[[77]
 [82]
 [48]
 [50]
 [57]
 [50]
 [48]
 [57]
 [69]]",4,1,glioma,True,1.3704537593639543e-07,0.9999998807907104,3.2447918130174e-08,1.409637337412839e-11,1.0,6.773279311554636e-14,4.811020517081488e-06,0.9999817609786987,1.3445325748762116e-05,1.6493599964637524e-06,0.9999938805898031,4.492591244875027e-06,1,glioma,True
1843,"[[77]
 [82]
 [48]
 [50]
 [57]
 [50]
 [48]
 [57]
 [69]]",4,1,glioma,True,1.5477051817924803e-07,0.9999997615814209,1.1133635524629426e-07,8.662499970807369e-13,1.0,6.176308023911814e-15,7.325238129851641e-06,0.9999651908874512,2.7530422812560573e-05,2.4933365047602953e-06,0.999988317489624,9.213919724661058e-06,1,glioma,True
1844,"[[77]
 [82]
 [48]
 [50]
 [57]
 [50]
 [48]
 [57]
 [69]]",4,1,glioma,True,1.4999525177472606e-08,1.0,1.3089657358023032e-08,8.302911038825939e-14,1.0,4.2129645321195585e-17,4.648977949273103e-07,0.9999974966049194,2.0199076971039176e-06,1.599658010446311e-07,0.9999991655349731,6.776657848346902e-07,1,glioma,True
1845,"[[49]
 [48]
 [51]
 [57]
 [50]
 [53]]",1,0,meningioma,True,0.977188229560852,0.0014457462821155787,0.021365949884057045,0.9774172306060791,0.02020120434463024,0.0023815855383872986,0.5313741564750671,0.4570040702819824,0.011621818877756596,0.8286598722139994,0.1595503403029094,0.011789784766733646,0,meningioma,True
1846,"[[77]
 [82]
 [48]
 [50]
 [57]
 [50]
 [48]
 [57]
 [69]]",4,1,glioma,True,6.5863908105257e-08,0.9999997615814209,1.0689991114531949e-07,3.9069455678476805e-13,1.0,1.11537688129602e-14,2.3438549590082403e-07,0.9999977350234985,2.0621548628696473e-06,1.000832649002126e-07,0.9999991655349731,7.230182617229119e-07,1,glioma,True
1847,"[[77]
 [82]
 [48]
 [50]
 [57]
 [50]
 [48]
 [57]
 [69]]",4,1,glioma,True,6.765987200196832e-05,0.9999319314956665,3.640891463874141e-07,8.871016036549398e-14,1.0,3.1908163324939553e-18,1.227314533025492e-05,0.9999808073043823,6.963186933717225e-06,2.664433914031113e-05,0.9999709129333496,2.442425360035943e-06,1,glioma,True
1848,"[[77]
 [82]
 [48]
 [50]
 [57]
 [50]
 [48]
 [57]
 [69]]",4,1,glioma,True,1.456367226637667e-05,0.9999854564666748,2.4396944908744445e-08,9.88669324360203e-14,1.0,3.3811467450525586e-17,1.3630033208755776e-06,0.9999984502792358,2.3285549843876652e-07,5.3088918953730605e-06,0.9999946355819702,8.575081446044082e-08,1,glioma,True
1849,"[[77]
 [82]
 [48]
 [50]
 [57]
 [50]
 [48]
 [57]
 [69]]",4,1,glioma,True,1.6255570223222549e-09,1.0,3.911583501547966e-09,1.9346857036650697e-18,1.0,9.294340949374187e-20,1.467463039972472e-08,1.0,8.590876454661611e-09,5.433395807993887e-09,1.0,4.16748665210084e-09,1,glioma,True
1850,"[[77]
 [82]
 [48]
 [53]
 [51]
 [49]
 [49]
 [48]
 [69]]",3,1,glioma,True,0.00010727094195317477,0.999858021736145,3.4645632695173845e-05,6.289826615102356e-07,0.9999973773956299,2.0299298739701044e-06,4.1329850652971345e-09,1.0,1.906841973209339e-08,3.596801919991677e-05,0.9999517997105917,1.223154366295868e-05,1,glioma,True
1851,"[[77]
 [82]
 [48]
 [53]
 [51]
 [49]
 [49]
 [48]
 [69]]",3,1,glioma,True,0.0005486813024617732,0.999250590801239,0.00020067888544872403,5.544162831938593e-06,0.999975323677063,1.908930244098883e-05,2.0754420404500706e-09,0.9999998807907104,6.074441927239604e-08,0.00018474251357858407,0.9997419317563375,7.327631076966175e-05,1,glioma,True
1852,"[[77]
 [82]
 [48]
 [53]
 [51]
 [49]
 [49]
 [48]
 [69]]",3,1,glioma,True,0.0022363963071256876,0.9970398545265198,0.0007237294339574873,3.057013771012862e-07,0.9999942779541016,5.367690846469486e-06,3.898190659157308e-09,0.9999995231628418,4.5967274786562484e-07,0.0007455686355644827,0.999011218547821,0.0002431855991839408,1,glioma,True
1853,"[[77]
 [82]
 [48]
 [53]
 [51]
 [49]
 [49]
 [48]
 [69]]",3,1,glioma,True,0.006861154455691576,0.9920477271080017,0.0010910802520811558,7.304219616344199e-05,0.9997290968894958,0.00019782235904131085,6.559871312816767e-09,0.9999998807907104,1.6708149530586525e-07,0.0023114010705754437,0.9972589015960693,0.0004296898975392575,1,glioma,True
1854,"[[77]
 [82]
 [48]
 [53]
 [51]
 [49]
 [49]
 [48]
 [69]]",3,1,glioma,True,0.19770659506320953,0.7914312481880188,0.010862189345061779,0.0077176401391625404,0.9910233020782471,0.0012590503320097923,1.598336166352965e-05,0.9999839067459106,1.0466320787827499e-07,0.06848007285467854,0.9274794856707255,0.004040448113426483,1,glioma,True
1855,"[[77]
 [82]
 [48]
 [53]
 [51]
 [49]
 [49]
 [48]
 [69]]",3,1,glioma,True,0.06228995695710182,0.9373083710670471,0.000401726778363809,0.0005188872455619276,0.9994557499885559,2.5361676307511516e-05,2.4563714617897858e-08,1.0,1.7457519874142235e-09,0.02093628958879279,0.978921373685201,0.00014236340014110263,1,glioma,True
1856,"[[49]
 [48]
 [51]
 [57]
 [50]
 [53]]",1,0,meningioma,True,0.998090922832489,0.0010215650545433164,0.000887438131030649,0.9694473147392273,0.03027922660112381,0.00027338010841049254,0.9954766631126404,0.004279543645679951,0.00024374286294914782,0.9876716335614523,0.011860111767115692,0.00046818703413009644,0,meningioma,True
1857,"[[77]
 [82]
 [48]
 [53]
 [51]
 [49]
 [49]
 [48]
 [69]]",3,1,glioma,True,0.06952962279319763,0.9304191470146179,5.127971598994918e-05,6.948125519556925e-05,0.999923586845398,6.932488759048283e-06,2.6142139564200306e-09,1.0,4.978569986824333e-11,0.02319970222086905,0.976780911286672,1.940408484489911e-05,1,glioma,True
1858,"[[77]
 [82]
 [48]
 [53]
 [51]
 [49]
 [49]
 [48]
 [69]]",3,1,glioma,True,0.001869767438620329,0.9980608820915222,6.933860277058557e-05,3.678241569105012e-07,0.9999958276748657,3.7911040635663085e-06,6.574762401179157e-10,1.0,1.8076037333614181e-09,0.0006233786400844932,0.999352236588796,2.437717147929508e-05,1,glioma,True
1859,"[[77]
 [82]
 [48]
 [53]
 [51]
 [49]
 [49]
 [48]
 [69]]",3,1,glioma,True,0.000332484720274806,0.9996064305305481,6.115502037573606e-05,2.1239391401195462e-07,0.9999934434890747,6.3031834542925935e-06,2.489514150383343e-09,0.9999998807907104,9.459832739366902e-08,0.00011089986790098945,0.9998665849367777,2.2517600719140773e-05,1,glioma,True
1860,"[[77]
 [82]
 [48]
 [53]
 [51]
 [49]
 [49]
 [48]
 [69]]",3,1,glioma,True,0.0003477982245385647,0.9994852542877197,0.00016688719915691763,7.959346959296454e-08,0.9999949932098389,4.935538981953869e-06,4.5633421486002135e-09,0.9999972581863403,2.6831485229195096e-06,0.00011596079378343542,0.9998258352279663,5.816862888726367e-05,1,glioma,True
1861,"[[77]
 [82]
 [48]
 [53]
 [51]
 [49]
 [49]
 [48]
 [69]]",3,1,glioma,True,0.00018404304864816368,0.9996490478515625,0.00016691263590473682,1.1260257224421366e-06,0.9999964237213135,2.5539134185237344e-06,1.714197256363903e-10,1.0,2.4008292243138385e-08,6.172308193011049e-05,0.9998818238576254,5.649685253850123e-05,1,glioma,True
1862,"[[77]
 [82]
 [48]
 [52]
 [57]
 [48]
 [49]
 [57]
 [71]]",0,1,glioma,True,0.503693163394928,0.4878929555416107,0.008413853123784065,0.22042334079742432,0.7387765049934387,0.040800049901008606,0.15388135612010956,0.8449953198432922,0.00112336955498904,0.2926659534374873,0.6905549267927805,0.016779090859927237,1,glioma,True
1863,"[[77]
 [82]
 [48]
 [52]
 [57]
 [48]
 [49]
 [57]
 [71]]",0,1,glioma,True,0.5223664045333862,0.47283482551574707,0.004798744805157185,0.25794604420661926,0.716158926486969,0.02589501067996025,0.26419365406036377,0.735451877117157,0.0003544936771504581,0.3481687009334564,0.641481876373291,0.01034941638742263,1,glioma,True
1864,"[[77]
 [82]
 [48]
 [52]
 [57]
 [48]
 [49]
 [57]
 [71]]",0,1,glioma,True,0.45414844155311584,0.5420886874198914,0.003762806998565793,0.09751524776220322,0.8919346332550049,0.010550097562372684,0.037098437547683716,0.9628004431724548,0.00010112526069860905,0.1962540422876676,0.7989412546157837,0.004804676607212362,1,glioma,True
1865,"[[77]
 [82]
 [48]
 [51]
 [49]
 [52]
 [48]
 [57]
 [66]]",3,1,glioma,True,0.00010822529293363914,0.9998538494110107,3.786929664784111e-05,1.4803101294091903e-05,0.9999698400497437,1.5365980289061554e-05,2.6705686551053986e-09,0.9999998807907104,9.096182651546769e-08,4.1010354932128713e-05,0.9999411900838217,1.7775412921139377e-05,1,glioma,True
1866,"[[77]
 [82]
 [48]
 [51]
 [49]
 [52]
 [48]
 [57]
 [66]]",3,1,glioma,True,2.4278819182654843e-05,0.9999568462371826,1.8820765035343356e-05,2.894729220770387e-07,0.9999946355819702,5.159702141099842e-06,5.0089925263119284e-11,1.0,2.6197657376769712e-08,8.189447398219049e-06,0.9999838272730509,8.002221611273322e-06,1,glioma,True
1867,"[[49]
 [48]
 [51]
 [57]
 [50]
 [53]]",1,0,meningioma,True,0.9996390342712402,0.0003182774526067078,4.2704450606834143e-05,0.9281938076019287,0.06890654563903809,0.002899637445807457,0.5876176357269287,0.40788137912750244,0.004500939045101404,0.8384834925333658,0.15903540073971575,0.0024810936471718983,0,meningioma,True
1868,"[[77]
 [82]
 [48]
 [50]
 [52]
 [55]
 [56]
 [48]
 [68]]",4,1,glioma,True,5.559579108194157e-08,0.9999998807907104,1.5619103521657962e-07,2.5537200392528048e-12,1.0,2.0027935473260206e-13,9.848595539097005e-08,0.999996542930603,3.361830067660776e-06,5.136143339765029e-08,0.9999988079071045,1.1726737677189034e-06,1,glioma,True
1869,"[[77]
 [82]
 [48]
 [50]
 [52]
 [55]
 [56]
 [48]
 [68]]",4,1,glioma,True,1.3519186836674635e-07,0.9999995231628418,3.1791114452062175e-07,1.3233687014063342e-14,1.0,1.4288627586353e-14,1.1683547285201712e-07,0.999997615814209,2.2763038032280747e-06,8.400911815081682e-08,0.9999990463256836,8.64738320679108e-07,1,glioma,True
1870,"[[77]
 [82]
 [48]
 [51]
 [56]
 [52]
 [54]
 [57]]",4,1,glioma,True,7.71205232013017e-05,0.999868631362915,5.428730946732685e-05,1.8141228963486355e-07,0.9999997615814209,1.2208626998244654e-08,0.0006359171238727868,0.9991670846939087,0.00019702695135492831,0.00023773968645457444,0.9996784925460815,8.37754898164178e-05,1,glioma,True
1871,"[[77]
 [82]
 [48]
 [51]
 [56]
 [52]
 [54]
 [57]]",4,1,glioma,True,5.364801154428278e-07,0.999994158744812,5.242197858024156e-06,6.51105978022315e-08,0.9999997615814209,6.238771987909786e-08,7.517664198530838e-05,0.9997944235801697,0.00013038779434282333,2.5259410899517814e-05,0.9999294479688009,4.523079330690886e-05,1,glioma,True
1872,"[[77]
 [82]
 [48]
 [51]
 [56]
 [52]
 [54]
 [57]]",4,1,glioma,True,2.0586928428656392e-07,0.9999973773956299,2.3996212803467643e-06,7.431164572579974e-10,1.0,1.0343400802526048e-08,2.213993138866499e-05,0.9998612403869629,0.00011658310540951788,7.4488479298029375e-06,0.9999528725941976,3.966435669688906e-05,1,glioma,True
1873,"[[77]
 [82]
 [48]
 [51]
 [56]
 [52]
 [54]
 [57]]",4,1,glioma,True,3.4264729720234754e-07,0.9999790191650391,2.066111301246565e-05,6.190764167968155e-08,0.9999958276748657,4.105134394194465e-06,7.132993050618097e-05,0.999567449092865,0.0003611518768593669,2.3911495148354334e-05,0.99984743197759,0.00012863937475534234,1,glioma,True
1874,"[[77]
 [82]
 [48]
 [51]
 [56]
 [52]
 [54]
 [57]]",4,1,glioma,True,9.613807350206116e-08,0.9999978542327881,1.9702963527379325e-06,1.1447440328993252e-08,0.9999998807907104,6.400806285000726e-08,2.529384073568508e-05,0.9999473094940186,2.74333269771887e-05,8.467142083172044e-06,0.999981681505839,9.822543797592212e-06,1,glioma,True
1875,"[[77]
 [82]
 [48]
 [51]
 [56]
 [52]
 [54]
 [57]]",4,1,glioma,True,5.582568860518222e-07,0.9999985694885254,8.564434210711624e-07,1.0171006259440674e-08,0.9999998807907104,8.917967164734364e-08,0.0001037728288793005,0.9998455047607422,5.061748743173666e-05,3.478041892387059e-05,0.999947985013326,1.7187703508151724e-05,1,glioma,True
1876,"[[77]
 [82]
 [48]
 [51]
 [50]
 [51]
 [50]
 [50]
 [67]]",0,1,glioma,True,0.360757976770401,0.5454168319702148,0.09382516890764236,0.08624771237373352,0.8133631944656372,0.10038921236991882,0.028843777254223824,0.9676538705825806,0.0035023714881390333,0.15861648879945278,0.7754779656728109,0.06590558425523341,1,glioma,True
1877,"[[77]
 [82]
 [48]
 [51]
 [50]
 [51]
 [50]
 [50]
 [67]]",0,1,glioma,True,0.46965575218200684,0.5293059945106506,0.0010382800828665495,0.16534914076328278,0.8312937021255493,0.0033571224194020033,0.07289203256368637,0.9270243644714355,8.368882117792964e-05,0.23596564183632532,0.7625413537025452,0.0014930304411488275,1,glioma,True
1878,"[[49]
 [48]
 [52]
 [49]
 [54]
 [55]]",4,0,meningioma,True,0.9831439852714539,0.016854478046298027,1.52411041653977e-06,0.04542481154203415,0.9545751810073853,1.4107895407455828e-11,0.9586122632026672,0.04138747230172157,1.9538133244623168e-07,0.6623936866720518,0.3376057104518016,5.731686189604698e-07,0,meningioma,True
1879,"[[77]
 [82]
 [48]
 [51]
 [50]
 [51]
 [50]
 [50]
 [67]]",0,1,glioma,True,0.28588297963142395,0.7096974849700928,0.004419532138854265,0.02080184780061245,0.9779510498046875,0.0012470176443457603,4.395255018607713e-05,0.9999552965164185,7.000618325037067e-07,0.10224292666074082,0.8958679437637329,0.0018890832816775098,1,glioma,True
1880,"[[77]
 [82]
 [48]
 [51]
 [50]
 [51]
 [50]
 [50]
 [67]]",0,1,glioma,True,0.4156448245048523,0.5834270715713501,0.0009280600934289396,0.07706208527088165,0.9223832488059998,0.0005546255852095783,0.0028185714036226273,0.9971789121627808,2.439222498651361e-06,0.16517516039311886,0.8343297441800436,0.0004950416337123897,1,glioma,True
1881,"[[77]
 [82]
 [48]
 [51]
 [50]
 [51]
 [50]
 [50]
 [67]]",0,1,glioma,True,0.46384114027023315,0.5352599620819092,0.0008989337366074324,0.09587523341178894,0.9038427472114563,0.0002819520013872534,0.014272610656917095,0.9857220649719238,5.334889010555344e-06,0.19132966144631305,0.8082749247550964,0.0003954068756684137,1,glioma,True
1882,"[[77]
 [82]
 [48]
 [51]
 [50]
 [51]
 [50]
 [50]
 [67]]",0,1,glioma,True,0.4342867434024811,0.5641589164733887,0.001554373768158257,0.09385120123624802,0.9059494137763977,0.0001993914629565552,0.12086795270442963,0.8791297674179077,2.2808128505857894e-06,0.21633529911438623,0.7830793658892313,0.0005853486813217993,1,glioma,True
1883,"[[77]
 [82]
 [48]
 [51]
 [50]
 [51]
 [50]
 [50]
 [67]]",0,1,glioma,True,0.26349708437919617,0.46117645502090454,0.2753264307975769,0.09153392165899277,0.6690600514411926,0.23940600454807281,0.08369226008653641,0.8436602354049683,0.07264746725559235,0.1462410887082418,0.6579655806223551,0.1957933008670807,1,glioma,True
1884,"[[77]
 [82]
 [48]
 [51]
 [50]
 [51]
 [50]
 [50]
 [67]]",0,1,glioma,True,0.3084316849708557,0.46434855461120605,0.22721973061561584,0.13425160944461823,0.6864995360374451,0.1792488694190979,0.0865563303232193,0.8438946604728699,0.06954910606145859,0.17641320824623108,0.6649142503738403,0.15867256869872412,1,glioma,True
1885,"[[77]
 [82]
 [48]
 [51]
 [50]
 [51]
 [50]
 [50]
 [67]]",0,1,glioma,True,0.2672272324562073,0.49616512656211853,0.23660770058631897,0.0744597315788269,0.7933900356292725,0.13215021789073944,0.029508396983146667,0.9583807587623596,0.012110810726881027,0.12373178700606029,0.7493119736512502,0.1269562430679798,1,glioma,True
1886,"[[77]
 [82]
 [48]
 [51]
 [50]
 [51]
 [50]
 [50]
 [67]]",0,1,glioma,True,0.3094872534275055,0.47561633586883545,0.21489645540714264,0.13261395692825317,0.6727257966995239,0.19466030597686768,0.12743768095970154,0.7580017447471619,0.1145605742931366,0.1898462971051534,0.6354479591051737,0.17470577855904898,1,glioma,True
1887,"[[77]
 [82]
 [48]
 [51]
 [50]
 [51]
 [50]
 [50]
 [67]]",0,1,glioma,True,0.3469263017177582,0.5189307332038879,0.13414296507835388,0.12102209031581879,0.7080469727516174,0.1709309071302414,0.10926643759012222,0.8388495445251465,0.0518839955329895,0.19240494320789972,0.6886090834935507,0.11898595591386159,1,glioma,True
1888,"[[77]
 [82]
 [48]
 [51]
 [50]
 [51]
 [50]
 [50]
 [67]]",0,1,glioma,True,0.39453932642936707,0.5476668477058411,0.05779378116130829,0.12604498863220215,0.7543025612831116,0.11965238302946091,0.08447439968585968,0.8595919013023376,0.055933628231287,0.20168623824914297,0.7205204367637634,0.0777932641406854,1,glioma,True
1889,"[[49]
 [48]
 [50]
 [54]
 [55]
 [53]]",2,0,meningioma,True,0.9961559176445007,0.0038441286887973547,9.040737936061305e-09,0.9391562938690186,0.06084372103214264,2.3569615592577975e-08,0.993335485458374,0.006664450280368328,1.1759304143683268e-16,0.9762158989906311,0.02378410000043611,1.087011788207744e-08,0,meningioma,True
1890,"[[49]
 [48]
 [52]
 [49]
 [54]
 [55]]",4,0,meningioma,True,0.9536027908325195,0.04635459557175636,4.2622337787179276e-05,0.46921873092651367,0.5307812690734863,2.486468808626796e-09,0.9299700856208801,0.06997532397508621,5.4636340792058036e-05,0.7842638691266378,0.21570372954010963,3.242038834934865e-05,0,meningioma,True
1891,"[[77]
 [82]
 [48]
 [51]
 [50]
 [51]
 [50]
 [50]
 [67]]",0,1,glioma,True,0.4200316071510315,0.5701555013656616,0.009812949225306511,0.10868831723928452,0.8684264421463013,0.02288522571325302,0.08391576260328293,0.9147358536720276,0.0013483170187100768,0.204211895664533,0.7844392657279968,0.011348830652423203,1,glioma,True
1892,"[[77]
 [82]
 [48]
 [51]
 [50]
 [51]
 [50]
 [50]
 [67]]",0,1,glioma,True,0.4948706030845642,0.5031988620758057,0.00193052610848099,0.19981960952281952,0.791507363319397,0.008673042058944702,0.19196291267871857,0.8075921535491943,0.00044493662426248193,0.2955510417620341,0.700766126314799,0.003682834930562725,1,glioma,True
1893,"[[77]
 [82]
 [48]
 [51]
 [55]
 [52]
 [53]
 [56]
 [66]]",3,1,glioma,True,0.5187276601791382,0.475777268409729,0.00549504067748785,0.03345659002661705,0.9634025692939758,0.0031408078502863646,0.6605185270309448,0.33750370144844055,0.0019777824636548758,0.40423425907890004,0.5922278463840485,0.00353787699714303,1,glioma,True
1894,"[[77]
 [82]
 [48]
 [51]
 [55]
 [52]
 [53]
 [56]
 [66]]",3,1,glioma,True,0.20802313089370728,0.7900491952896118,0.001927695469930768,0.00020425317052286118,0.9996602535247803,0.00013550679432228208,0.20165365934371948,0.7967262268066406,0.0016201509861275554,0.13662701446931655,0.8621452252070109,0.0012277844167935352,1,glioma,True
1895,"[[77]
 [82]
 [48]
 [51]
 [55]
 [52]
 [53]
 [56]
 [66]]",3,1,glioma,True,0.8135647773742676,0.18537095189094543,0.0010642923880368471,0.04243604838848114,0.9551096558570862,0.002454285277053714,0.48298659920692444,0.5139586329460144,0.0030547298956662416,0.44632914165655774,0.5514797468980154,0.0021911025202522674,1,glioma,True
1896,"[[77]
 [82]
 [48]
 [51]
 [55]
 [52]
 [53]
 [56]
 [66]]",3,1,glioma,True,0.12802140414714813,0.8691753149032593,0.0028033179696649313,0.004351032432168722,0.9951817393302917,0.0004671781789511442,0.005832299590110779,0.9940624833106995,0.00010525748803047463,0.04606824538980921,0.9528065125147501,0.0011252512122155167,1,glioma,True
1897,"[[77]
 [82]
 [48]
 [51]
 [55]
 [52]
 [53]
 [56]
 [66]]",3,1,glioma,True,0.287371426820755,0.7112823724746704,0.0013462522765621543,0.005639222916215658,0.9940724968910217,0.0002882581320591271,0.039960142225027084,0.9597331285476685,0.00030678670736961067,0.11099026398733258,0.8883626659711202,0.0006470990386636307,1,glioma,True
1898,"[[77]
 [82]
 [48]
 [51]
 [55]
 [52]
 [53]
 [56]
 [66]]",3,1,glioma,True,0.38965684175491333,0.6100072264671326,0.0003359653055667877,0.0030135498382151127,0.9969432950019836,4.3113930587423965e-05,0.008732623420655727,0.9912493228912354,1.8030463252216578e-05,0.13380100500459471,0.8660666147867838,0.00013236989980214275,1,glioma,True
1899,"[[77]
 [82]
 [48]
 [51]
 [55]
 [52]
 [53]
 [56]
 [66]]",3,1,glioma,True,0.35486146807670593,0.6448395848274231,0.00029892742168158293,0.009901044890284538,0.9900091886520386,8.983874431578442e-05,0.07486191391944885,0.9247356057167053,0.00040247978176921606,0.14654147562881312,0.853194793065389,0.0002637486492555278,1,glioma,True
1900,"[[77]
 [82]
 [48]
 [51]
 [55]
 [52]
 [53]
 [56]
 [66]]",3,1,glioma,True,0.03612132370471954,0.9638704657554626,8.110114322334994e-06,0.0008242888143286109,0.9991737008094788,2.06509821509826e-06,0.00612799683585763,0.9938666224479675,5.381986284191953e-06,0.014357869784968594,0.9856369296709696,5.185732940541736e-06,1,glioma,True
1901,"[[49]
 [48]
 [52]
 [49]
 [54]
 [55]]",4,0,meningioma,True,0.7842277884483337,0.21413303911685944,0.0016391342505812645,0.7136039137840271,0.28639039397239685,5.662796866090503e-06,0.6178286075592041,0.3774983882904053,0.0046730018220841885,0.705220103263855,0.2926739404598872,0.0021059329565105145,0,meningioma,True
1902,"[[77]
 [82]
 [48]
 [51]
 [57]
 [52]
 [55]
 [51]]",2,1,glioma,True,1.3329434978004429e-06,0.9999963045120239,2.3750369564368157e-06,0.00018584943609312177,0.9998089671134949,5.219329523242777e-06,2.7187246587345726e-07,0.9999986886978149,1.0848350484593539e-06,6.248475068559856e-05,0.9999346534411112,2.8930671760463156e-06,1,glioma,True
1903,"[[77]
 [82]
 [48]
 [51]
 [57]
 [52]
 [55]
 [51]]",2,1,glioma,True,9.714543921290897e-06,0.9999903440475464,3.1830815316880035e-08,0.00014899623056408018,0.999850869178772,1.6419284065705142e-07,2.0515913412566533e-09,1.0,1.7398872620422168e-10,5.290427535890411e-05,0.9999470710754395,6.539921490004523e-08,1,glioma,True
1904,"[[77]
 [82]
 [48]
 [51]
 [57]
 [52]
 [55]
 [51]]",2,1,glioma,True,2.682127842490445e-06,0.9999973773956299,1.6611080289052893e-09,0.00010319367720512673,0.9998966455459595,1.6608741759682744e-07,1.7587881018243934e-07,0.9999998807907104,7.963903425611818e-10,3.53505612859332e-05,0.9999646345774332,5.618163865609797e-08,1,glioma,True
1905,"[[77]
 [82]
 [48]
 [51]
 [57]
 [52]
 [55]
 [51]]",2,1,glioma,True,2.3293418053071946e-05,0.9999767541885376,3.017944227856617e-11,0.0018685287795960903,0.9981314539909363,9.507972187350333e-09,1.1519980034790933e-05,0.9999884366989136,1.2129919464698435e-12,0.0006344473925613178,0.9993655482927958,3.1797882071917896e-09,1,glioma,True
1906,"[[77]
 [82]
 [48]
 [51]
 [57]
 [52]
 [55]
 [51]
 [66]]",0,1,glioma,True,0.45144179463386536,0.5434024333953857,0.00515571516007185,0.13426145911216736,0.8572090268135071,0.008529603481292725,0.01559753529727459,0.9843220114707947,8.034727943595499e-05,0.2004335963477691,0.7949778238932291,0.00458855530693351,1,glioma,True
1907,"[[77]
 [82]
 [48]
 [51]
 [57]
 [52]
 [55]
 [51]
 [66]]",0,1,glioma,True,0.4476524293422699,0.5452228784561157,0.00712470430880785,0.18649260699748993,0.7994409203529358,0.014066503383219242,0.05093098431825638,0.9487207531929016,0.00034823702299036086,0.22835867355267206,0.7644615173339844,0.007179814905005817,1,glioma,True
1908,"[[77]
 [82]
 [48]
 [51]
 [57]
 [52]
 [55]
 [51]
 [66]]",0,1,glioma,True,0.40519359707832336,0.5767812728881836,0.018025120720267296,0.1277264952659607,0.846829354763031,0.025444086641073227,0.023110633715987206,0.976582944393158,0.00030635629082098603,0.18534357535342375,0.8000645240147909,0.014591854550720504,1,glioma,True
1909,"[[77]
 [82]
 [48]
 [51]
 [57]
 [52]
 [55]
 [51]
 [66]]",0,1,glioma,True,0.39982375502586365,0.5702290534973145,0.02994713746011257,0.11320529878139496,0.8475115895271301,0.039283111691474915,0.028050007298588753,0.970676064491272,0.00127386802341789,0.18035968703528246,0.7961389025052389,0.023501372391668458,1,glioma,True
1910,"[[77]
 [82]
 [48]
 [51]
 [57]
 [52]
 [55]
 [51]
 [66]]",0,1,glioma,True,0.4253857135772705,0.5364168286323547,0.03819741681218147,0.14732880890369415,0.7947646975517273,0.05790650099515915,0.05738072097301483,0.9407193660736084,0.0018998803570866585,0.21003174781799316,0.7573002974192301,0.03266793272147576,1,glioma,True
1911,"[[77]
 [82]
 [48]
 [51]
 [57]
 [52]
 [55]
 [51]
 [66]]",0,1,glioma,True,0.37399616837501526,0.5375495553016663,0.08845429122447968,0.1281830072402954,0.7677751779556274,0.10404182970523834,0.08125349879264832,0.9003329277038574,0.018413616344332695,0.19447755813598633,0.7352192203203837,0.0703032457580169,1,glioma,True
1912,"[[49]
 [48]
 [52]
 [49]
 [54]
 [55]]",4,0,meningioma,True,0.952998161315918,0.046927474439144135,7.442944479407743e-05,0.9556402564048767,0.04435563459992409,4.1221114770451095e-06,0.8992924690246582,0.10046159476041794,0.00024587358348071575,0.9359769622484843,0.06391490126649539,0.00010814171325061277,0,meningioma,True
1913,"[[77]
 [82]
 [48]
 [51]
 [57]
 [52]
 [55]
 [51]
 [66]]",0,1,glioma,True,0.3024621307849884,0.4566068649291992,0.24093089997768402,0.1292531043291092,0.5878719687461853,0.2828749716281891,0.0816926583647728,0.544437825679779,0.37386953830718994,0.1711359644929568,0.5296388864517212,0.2992251366376877,1,glioma,True
1914,"[[77]
 [82]
 [48]
 [51]
 [57]
 [52]
 [55]
 [51]
 [66]]",0,1,glioma,True,0.2632465064525604,0.4146198630332947,0.3221336305141449,0.11897331476211548,0.5416605472564697,0.3393661379814148,0.08862469345331192,0.6202711462974548,0.29110416769981384,0.15694817155599594,0.5255171855290731,0.3175346453984578,1,glioma,True
1915,"[[77]
 [82]
 [48]
 [51]
 [57]
 [52]
 [55]
 [51]
 [66]]",0,1,glioma,True,0.24775174260139465,0.42568567395210266,0.32656264305114746,0.09845279157161713,0.6577460169792175,0.24380120635032654,0.056880462914705276,0.7263139486312866,0.2168056070804596,0.13436166569590569,0.6032485465208689,0.2623898188273112,1,glioma,True
1916,"[[77]
 [82]
 [48]
 [51]
 [55]
 [52]
 [53]
 [56]
 [67]]",2,1,glioma,True,0.00011369567073415965,0.9998838901519775,2.3271395548363216e-06,0.0017212377861142159,0.9982779026031494,8.170698606591031e-07,0.00010701593419071287,0.9998927116394043,2.0856219862253056e-07,0.0006473164636796961,0.9993515014648438,1.1175905380393185e-06,1,glioma,True
1917,"[[77]
 [82]
 [48]
 [51]
 [55]
 [52]
 [53]
 [56]
 [67]]",2,1,glioma,True,0.00013476570893544704,0.9998581409454346,7.076014753693016e-06,0.002347316825762391,0.9976481795310974,4.530259957391536e-06,0.0021721727680414915,0.9978263974189758,1.4407736443899921e-06,0.0015514184342464432,0.9984442392985026,4.349016118491515e-06,1,glioma,True
1918,"[[77]
 [82]
 [48]
 [51]
 [55]
 [52]
 [53]
 [56]
 [67]]",2,1,glioma,True,0.005344752687960863,0.9946080446243286,4.713435919256881e-05,0.007603537291288376,0.9923926591873169,3.798852958425414e-06,0.03162137791514397,0.968377947807312,6.930663971616013e-07,0.014856555964797735,0.9851262172063192,1.720875951605194e-05,1,glioma,True
1919,"[[77]
 [82]
 [48]
 [51]
 [55]
 [52]
 [53]
 [56]
 [67]]",2,1,glioma,True,0.0007156140054576099,0.998853325843811,0.000430991523899138,0.012974420562386513,0.9863874912261963,0.0006381323328241706,0.0006355332443490624,0.9993509650230408,1.3499125998350792e-05,0.004775189270731062,0.9948639273643494,0.00036087432757388643,1,glioma,True
1920,"[[77]
 [82]
 [48]
 [51]
 [55]
 [52]
 [53]
 [56]
 [67]]",2,1,glioma,True,0.0018792873015627265,0.9967241883277893,0.0013965672114863992,0.023453189060091972,0.974826455116272,0.00172035105060786,0.0018313549226149917,0.9978325963020325,0.0003360789851285517,0.009054610428089896,0.9897944132486979,0.0011509990824076037,1,glioma,True
1921,"[[77]
 [82]
 [48]
 [51]
 [55]
 [52]
 [53]
 [56]
 [67]]",2,1,glioma,True,0.0012585970107465982,0.9924262762069702,0.006315223872661591,0.01461391057819128,0.9712688326835632,0.014117174781858921,0.00012569267710205168,0.9998661279678345,8.120001439237967e-06,0.00533273342201331,0.9878537456194559,0.00681350621865325,1,glioma,True
1922,"[[77]
 [82]
 [48]
 [51]
 [55]
 [52]
 [53]
 [56]
 [67]]",2,1,glioma,True,0.0002795277687255293,0.9995836615562439,0.00013679571566171944,0.011814478784799576,0.9828845262527466,0.005300994962453842,0.02934456430375576,0.9654061198234558,0.0052492874674499035,0.013812856952426955,0.9826247692108154,0.003562359381855155,1,glioma,True
1923,"[[49]
 [48]
 [52]
 [49]
 [54]
 [55]]",4,0,meningioma,True,0.7841858267784119,0.21578830480575562,2.5904177164193243e-05,0.40488606691360474,0.5951139330863953,9.298032566107395e-09,0.9355146288871765,0.06445251405239105,3.2878786441870034e-05,0.7081955075263977,0.2917849173148473,1.9597420546209794e-05,0,meningioma,True
1924,"[[77]
 [82]
 [48]
 [51]
 [55]
 [52]
 [53]
 [56]
 [67]]",2,1,glioma,True,0.0005583032034337521,0.9994282126426697,1.3470666090142913e-05,0.004626783076673746,0.99529629945755,7.688925688853487e-05,0.0035589830949902534,0.9964362382888794,4.757399437949061e-06,0.0029146897916992507,0.9970535834630331,3.170577413887562e-05,1,glioma,True
1925,"[[77]
 [82]
 [48]
 [50]
 [57]
 [50]
 [48]
 [57]
 [69]]",4,1,glioma,True,0.03763991966843605,0.9623595476150513,5.921374963691051e-07,0.016735566779971123,0.9832643866539001,2.480466698739133e-14,0.10239121317863464,0.8976064324378967,2.3431889530911576e-06,0.052255566542347275,0.9477434555689493,9.784421580883098e-07,1,glioma,True
1926,"[[77]
 [82]
 [48]
 [50]
 [57]
 [50]
 [48]
 [57]
 [69]]",4,1,glioma,True,0.0012705663684755564,0.9987105131149292,1.8977611034642905e-05,1.566171704325825e-05,0.9999843835830688,2.6080929950433873e-12,0.001635412103496492,0.9983036518096924,6.08843365625944e-05,0.0009738800630051022,0.9989995161692301,2.6620650068443434e-05,1,glioma,True
1927,"[[77]
 [82]
 [48]
 [50]
 [57]
 [50]
 [48]
 [57]
 [69]]",4,1,glioma,True,0.15008284151554108,0.8498704433441162,4.6661698434036225e-05,0.17079362273216248,0.829206109046936,2.6812634246198286e-07,0.1164245456457138,0.8834563493728638,0.00011914421338588,0.1457670032978058,0.8541776339213053,5.5358012720792736e-05,1,glioma,True
1928,"[[77]
 [82]
 [48]
 [50]
 [57]
 [50]
 [48]
 [57]
 [69]]",4,1,glioma,True,0.14388175308704376,0.856092631816864,2.558072083047591e-05,0.5821572542190552,0.4178375005722046,5.251170023257146e-06,0.1813998818397522,0.8181025385856628,0.0004975858028046787,0.3024796297152837,0.6973442236582438,0.0001761392312194706,1,glioma,True
1929,"[[77]
 [82]
 [48]
 [50]
 [57]
 [50]
 [48]
 [57]
 [69]]",4,1,glioma,True,0.12783828377723694,0.872147798538208,1.3954136193206068e-05,0.07498385012149811,0.9250161647796631,2.7428260551687345e-08,0.1394900381565094,0.8601472973823547,0.0003627007536124438,0.11410405735174815,0.8857704202334086,0.00012556077268873386,1,glioma,True
1930,"[[77]
 [82]
 [48]
 [50]
 [57]
 [50]
 [48]
 [57]
 [69]]",4,1,glioma,True,0.016472961753606796,0.9835024476051331,2.4606255465187132e-05,0.002699923003092408,0.9973000884056091,6.988454259726495e-10,0.018597422167658806,0.9813616871833801,4.088739660801366e-05,0.012590102308119336,0.9873880743980408,2.183145030620892e-05,1,glioma,True
1931,"[[77]
 [82]
 [48]
 [50]
 [57]
 [50]
 [48]
 [57]
 [69]]",4,1,glioma,True,0.0007401160546578467,0.9991968274116516,6.303344707703218e-05,0.00011074700887547806,0.9998892545700073,2.0735231309743085e-09,0.0008960386039689183,0.9989076852798462,0.00019621496903710067,0.000582300555834081,0.9993312557538351,8.641682987908794e-05,1,glioma,True
1932,"[[77]
 [82]
 [48]
 [53]
 [51]
 [49]
 [49]
 [48]
 [69]]",3,1,glioma,True,0.0016184920677915215,0.998376727104187,4.717991942015942e-06,4.903288936475292e-05,0.99994957447052,1.457192297493748e-06,5.197331915951509e-07,0.9999995231628418,3.3023853096558753e-10,0.0005560148967826232,0.999441941579183,2.058504826013552e-06,1,glioma,True
1933,"[[77]
 [82]
 [48]
 [53]
 [51]
 [49]
 [49]
 [48]
 [69]]",3,1,glioma,True,0.0019001178443431854,0.9980966448783875,3.2667981031409e-06,0.004359868820756674,0.995628833770752,1.131966564571485e-05,5.907803279114887e-05,0.9999408721923828,6.915953920660911e-10,0.0021063548992970027,0.9978887836138407,4.862385114749272e-06,1,glioma,True
1934,"[[49]
 [48]
 [52]
 [49]
 [54]
 [55]]",4,0,meningioma,True,0.6028558015823364,0.38996410369873047,0.007180074229836464,0.030355803668498993,0.9695983529090881,4.594222627929412e-05,0.4487711787223816,0.5393993258476257,0.011829464696347713,0.36066092799107236,0.6329872608184814,0.006351827050821157,1,glioma,False
1935,"[[77]
 [82]
 [48]
 [53]
 [51]
 [49]
 [49]
 [48]
 [69]]",3,1,glioma,True,0.0084453746676445,0.9915522336959839,2.399671529929037e-06,0.0018504278268665075,0.9981491565704346,4.973604177394009e-07,1.864497062342707e-05,0.9999814033508301,1.6358644994163285e-10,0.0034381491550448118,0.9965609312057495,9.657318447061265e-07,1,glioma,True
1936,"[[77]
 [82]
 [48]
 [53]
 [51]
 [49]
 [49]
 [48]
 [69]]",3,1,glioma,True,0.18380890786647797,0.8161910176277161,1.1323925974693339e-07,0.007032635621726513,0.9929673671722412,7.289853165559634e-09,0.00028938674950040877,0.9997106194496155,2.7655740111182103e-12,0.06371031007923496,0.9362896680831909,4.017729282883471e-08,1,glioma,True
1937,"[[77]
 [82]
 [48]
 [53]
 [51]
 [49]
 [49]
 [48]
 [69]]",3,1,glioma,True,0.017648005858063698,0.9823517203330994,2.3798561699095444e-07,0.0002052836789516732,0.9997947812080383,1.482399358820885e-08,0.0013850043760612607,0.998615026473999,7.124592027452081e-09,0.00641276463769221,0.9935871760050455,8.664473420220513e-08,1,glioma,True
1938,"[[77]
 [82]
 [48]
 [52]
 [57]
 [48]
 [49]
 [57]
 [71]]",0,1,glioma,True,0.24095039069652557,0.2817302346229553,0.4773194193840027,0.2272726446390152,0.5688859820365906,0.20384134352207184,0.4079288840293884,0.5598111152648926,0.0322599783539772,0.29205063978830975,0.4701424439748128,0.23780691375335059,1,glioma,True
1939,"[[77]
 [82]
 [48]
 [52]
 [57]
 [48]
 [49]
 [57]
 [71]]",0,1,glioma,True,0.22200217843055725,0.25527864694595337,0.5227192044258118,0.20103846490383148,0.576958417892456,0.22200314700603485,0.46631020307540894,0.4771001636981964,0.056589651852846146,0.29645028213659924,0.4364457428455353,0.26710400109489757,1,glioma,True
1940,"[[77]
 [82]
 [48]
 [52]
 [57]
 [48]
 [49]
 [57]
 [71]]",0,1,glioma,True,0.21203219890594482,0.21322377026081085,0.5747440457344055,0.2168336808681488,0.46622079610824585,0.3169455826282501,0.42379096150398254,0.5206750631332397,0.05553398281335831,0.2842189470926921,0.4000398765007655,0.315741203725338,1,glioma,True
1941,"[[77]
 [82]
 [48]
 [52]
 [57]
 [48]
 [49]
 [57]
 [71]]",0,1,glioma,True,0.18796193599700928,0.216758593916893,0.5952794551849365,0.1639193445444107,0.4794374108314514,0.3566431999206543,0.5071267485618591,0.36911651492118835,0.12375673651695251,0.286336009701093,0.3551041732231776,0.35855979720751446,2,pituitary,False
1942,"[[77]
 [82]
 [48]
 [52]
 [57]
 [48]
 [49]
 [57]
 [71]]",0,1,glioma,True,0.1807257980108261,0.23429861664772034,0.58497554063797,0.14285621047019958,0.5796176791191101,0.2775261104106903,0.4056043326854706,0.32040420174598694,0.27399152517318726,0.24306211372216543,0.37810683250427246,0.37883105874061584,2,pituitary,False
1943,"[[77]
 [82]
 [48]
 [51]
 [49]
 [52]
 [48]
 [57]
 [66]]",3,1,glioma,True,0.0016447068192064762,0.9974848031997681,0.0008704292122274637,1.6545920516364276e-05,0.9998700618743896,0.00011339718184899539,3.466417197728333e-08,0.9999996423721313,3.9863471101853065e-07,0.0005537624679649392,0.9991181691487631,0.00032807500959582586,1,glioma,True
1944,"[[77]
 [82]
 [48]
 [51]
 [49]
 [52]
 [48]
 [57]
 [66]]",3,1,glioma,True,0.00489087076857686,0.9930471777915955,0.002061925595626235,5.9893740399274975e-05,0.9996052384376526,0.0003348591271787882,2.4200329562518164e-07,0.999997615814209,2.180442606913857e-06,0.001650335504090587,0.9975500106811523,0.0007996550551373124,1,glioma,True
1945,"[[49]
 [48]
 [52]
 [50]
 [56]
 [49]]",3,0,meningioma,True,0.7740508913993835,0.22588223218917847,6.679604121018201e-05,0.444381445646286,0.5554326772689819,0.00018586085934657604,0.9938695430755615,0.00612829253077507,2.1226094304438448e-06,0.7374339600404104,0.26248106732964516,8.49265033290673e-05,0,meningioma,True
1946,"[[77]
 [82]
 [48]
 [50]
 [52]
 [55]
 [56]
 [48]
 [68]]",4,1,glioma,True,0.030730675905942917,0.9691413044929504,0.0001280509022762999,0.01608031615614891,0.9839196801185608,1.0701383112987628e-09,0.3896818459033966,0.6071734428405762,0.003144730580970645,0.1454976126551628,0.8534114758173624,0.0010909275177950855,1,glioma,True
1947,"[[77]
 [82]
 [48]
 [50]
 [52]
 [55]
 [56]
 [48]
 [68]]",4,1,glioma,True,0.0014708155067637563,0.9985053539276123,2.3775546651449986e-05,7.374406413873658e-05,0.9999262094497681,5.431421423729432e-10,0.003248760476708412,0.9966638684272766,8.730059926165268e-05,0.001597773349203635,0.9983651439348856,3.702556301841501e-05,1,glioma,True
1948,"[[77]
 [82]
 [48]
 [50]
 [52]
 [55]
 [56]
 [48]
 [68]]",4,1,glioma,True,0.023470254614949226,0.9765282273292542,1.4577434512830223e-06,0.0001940121583174914,0.9998059868812561,1.139625069659922e-12,0.0015195813030004501,0.998479425907135,1.002101384983689e-06,0.008394616025422389,0.9916045467058817,8.199486586305937e-07,1,glioma,True
1949,"[[77]
 [82]
 [48]
 [51]
 [56]
 [52]
 [54]
 [57]]",4,1,glioma,True,5.998264896334149e-06,0.999907374382019,8.662600157549605e-05,1.8136526705347933e-05,0.9999788999557495,2.9708548936469015e-06,7.181467663031071e-05,0.9956058859825134,0.004322337452322245,3.198315607733093e-05,0.9984973867734274,0.0014706447695971292,1,glioma,True
1950,"[[77]
 [82]
 [48]
 [51]
 [56]
 [52]
 [54]
 [57]]",4,1,glioma,True,0.00019180678646080196,0.9994878768920898,0.0003202377411071211,0.0008911117329262197,0.998570442199707,0.0005384060787037015,0.0006790230399928987,0.9944736361503601,0.004847255069762468,0.0005873138531266401,0.9975106517473856,0.0019019662965244304,1,glioma,True
1951,"[[77]
 [82]
 [48]
 [51]
 [56]
 [52]
 [54]
 [57]]",4,1,glioma,True,0.0014560765121132135,0.9958813190460205,0.002662620274350047,0.0006568828830495477,0.999279797077179,6.340780964819714e-05,4.748278661281802e-05,0.9993560910224915,0.0005963499424979091,0.0007201473939251931,0.998172402381897,0.0011074593421653844,1,glioma,True
1952,"[[77]
 [82]
 [48]
 [51]
 [56]
 [52]
 [54]
 [57]]",4,1,glioma,True,0.0001452733122278005,0.9990861415863037,0.0007685540476813912,2.369339381402824e-05,0.9999618530273438,1.4457260476774536e-05,3.6124045436736196e-05,0.9995396137237549,0.00042431088513694704,6.83635838261883e-05,0.9995292027791342,0.0004024407310983709,1,glioma,True
1953,"[[77]
 [82]
 [48]
 [51]
 [56]
 [52]
 [54]
 [57]]",4,1,glioma,True,0.005510361865162849,0.987995445728302,0.006494208239018917,9.609461267245933e-05,0.9998359680175781,6.796151137677953e-05,0.0006702470709569752,0.9959251880645752,0.0034046315122395754,0.0020922345162640945,0.9945855339368185,0.003322267087545091,1,glioma,True
1954,"[[77]
 [82]
 [48]
 [51]
 [50]
 [51]
 [50]
 [50]
 [67]]",0,1,glioma,True,0.6507763266563416,0.34192976355552673,0.007293956819921732,0.6561138033866882,0.3073566257953644,0.0365295335650444,0.7090667486190796,0.2832475006580353,0.007685704156756401,0.6719856262207031,0.31084463000297546,0.01716973151390751,0,meningioma,False
1955,"[[77]
 [82]
 [48]
 [51]
 [50]
 [51]
 [50]
 [50]
 [67]]",0,1,glioma,True,0.5776300430297852,0.35092055797576904,0.07144937664270401,0.41191762685775757,0.4025145471096039,0.18556782603263855,0.6761651039123535,0.27653929591178894,0.047295548021793365,0.5552375912666321,0.34332480033238727,0.10143758356571198,0,meningioma,False
1956,"[[49]
 [48]
 [52]
 [50]
 [56]
 [49]]",3,0,meningioma,True,0.9250873327255249,0.07483650743961334,7.604822894791141e-05,0.5606535077095032,0.4384806454181671,0.0008657776052132249,0.9769049882888794,0.02309241332113743,2.5728541004355066e-06,0.8208819429079691,0.17880318872630596,0.0003147995627538573,0,meningioma,True
1957,"[[77]
 [82]
 [48]
 [51]
 [50]
 [51]
 [50]
 [50]
 [67]]",0,1,glioma,True,0.23946411907672882,0.36465227603912354,0.39588358998298645,0.1311914026737213,0.5684896111488342,0.30031895637512207,0.39486637711524963,0.5322660803794861,0.07286756485700607,0.2551739662885666,0.48846932252248126,0.25635670373837155,1,glioma,True
1958,"[[77]
 [82]
 [48]
 [51]
 [50]
 [51]
 [50]
 [50]
 [67]]",0,1,glioma,True,0.3236370086669922,0.3248288333415985,0.3515341281890869,0.24296167492866516,0.35804176330566406,0.3989965617656708,0.31688979268074036,0.4603605568408966,0.22274957597255707,0.29449615875879925,0.3810770511627197,0.3244267553091049,1,glioma,True
1959,"[[77]
 [82]
 [48]
 [51]
 [50]
 [51]
 [50]
 [50]
 [67]]",0,1,glioma,True,0.1497420221567154,0.2347685843706131,0.6154894232749939,0.15106700360774994,0.35912638902664185,0.489806592464447,0.1665489673614502,0.4529484510421753,0.3805025517940521,0.15578599770863852,0.34894780814647675,0.495266189177831,2,pituitary,False
1960,"[[77]
 [82]
 [48]
 [51]
 [50]
 [51]
 [50]
 [50]
 [67]]",0,1,glioma,True,0.0960218608379364,0.23854467272758484,0.6654335260391235,0.10273028165102005,0.547587513923645,0.34968215227127075,0.11183314770460129,0.7632430791854858,0.12492377310991287,0.10352843006451924,0.5164584219455719,0.3800131504734357,1,glioma,True
1961,"[[77]
 [82]
 [48]
 [51]
 [50]
 [51]
 [50]
 [50]
 [67]]",0,1,glioma,True,0.021763619035482407,0.06188861280679703,0.9163477420806885,0.06454040855169296,0.25986936688423157,0.6755902171134949,0.0835348442196846,0.3450339734554291,0.5714312195777893,0.05661295726895332,0.22226398438215256,0.7211230595906576,2,pituitary,False
1962,"[[77]
 [82]
 [48]
 [51]
 [50]
 [51]
 [50]
 [50]
 [67]]",0,1,glioma,True,0.017462026327848434,0.05332222580909729,0.929215669631958,0.06492896378040314,0.26578643918037415,0.6692845821380615,0.06914959102869034,0.27814847230911255,0.6527019739151001,0.0505135270456473,0.19908571243286133,0.7504007418950399,2,pituitary,False
1963,"[[77]
 [82]
 [48]
 [51]
 [50]
 [51]
 [50]
 [50]
 [67]]",0,1,glioma,True,0.009838368743658066,0.03539938107132912,0.9547622799873352,0.04966673627495766,0.2545625865459442,0.6957706809043884,0.05510544031858444,0.3555556833744049,0.5893388390541077,0.038203515112400055,0.2151725503305594,0.7466239333152771,2,pituitary,False
1964,"[[77]
 [82]
 [48]
 [51]
 [50]
 [51]
 [50]
 [50]
 [67]]",0,1,glioma,True,0.016674285754561424,0.05807521194219589,0.9252505302429199,0.05762322247028351,0.33196383714675903,0.6104128956794739,0.09279026091098785,0.5057189464569092,0.4014907479286194,0.055695923045277596,0.29858599851528805,0.6457180579503378,2,pituitary,False
1965,"[[77]
 [82]
 [48]
 [51]
 [50]
 [51]
 [50]
 [50]
 [67]]",0,1,glioma,True,0.045109424740076065,0.11193782091140747,0.8429527282714844,0.08563153445720673,0.3641757071018219,0.5501927137374878,0.13584257662296295,0.6185664534568787,0.24559098482131958,0.08886117860674858,0.3648933271567027,0.5462454756100973,2,pituitary,False
1966,"[[77]
 [82]
 [48]
 [51]
 [55]
 [52]
 [53]
 [56]
 [66]]",3,1,glioma,True,0.39737075567245483,0.6026292443275452,3.178613594556623e-09,0.035028308629989624,0.9649717211723328,1.1958074808138264e-10,0.3177168667316437,0.6822831630706787,3.834465026313766e-13,0.25003864367802936,0.7499613761901855,1.0995259297135456e-09,1,glioma,True
1967,"[[49]
 [48]
 [52]
 [50]
 [56]
 [49]]",3,0,meningioma,True,0.9246078133583069,0.07475791871547699,0.0006342179258354008,0.45396387577056885,0.5308187007904053,0.015217400155961514,0.9639639258384705,0.03573634847998619,0.00029965522116981447,0.7808452049891154,0.21377098932862282,0.0053837577676555766,0,meningioma,True
1968,"[[77]
 [82]
 [48]
 [51]
 [55]
 [52]
 [53]
 [56]
 [66]]",3,1,glioma,True,0.40456095337867737,0.5954390168190002,1.067571142598922e-09,0.4053545892238617,0.5946453809738159,4.236497819221086e-09,0.4693022072315216,0.530697762966156,6.257297197748146e-13,0.4264059166113536,0.5735940535863241,1.768231563846594e-09,1,glioma,True
1969,"[[77]
 [82]
 [48]
 [51]
 [55]
 [52]
 [53]
 [56]
 [66]]",3,1,glioma,True,0.1733478307723999,0.8266520500183105,9.84517427582432e-08,0.014248288236558437,0.9857516884803772,3.8561097426281776e-08,0.03424935042858124,0.9657506942749023,3.16276622946976e-11,0.07394848981251319,0.9260514775911967,4.5681489282273224e-08,1,glioma,True
1970,"[[77]
 [82]
 [48]
 [51]
 [55]
 [52]
 [53]
 [56]
 [66]]",3,1,glioma,True,0.14111655950546265,0.8588834404945374,1.2420398043389014e-08,0.1539582908153534,0.846041738986969,2.5118570334825563e-08,0.38762807846069336,0.6123719215393066,1.1029190061240257e-10,0.2275676429271698,0.7724323670069376,1.254975342627566e-08,1,glioma,True
1971,"[[77]
 [82]
 [48]
 [51]
 [55]
 [52]
 [53]
 [56]
 [66]]",3,1,glioma,True,0.28724974393844604,0.7127475738525391,2.628700030982145e-06,0.4117669463157654,0.588232159614563,8.781699989413028e-07,0.8878197073936462,0.11218030750751495,7.902471566012537e-09,0.5289454658826193,0.471053346991539,1.1715908338298202e-06,0,meningioma,False
1972,"[[77]
 [82]
 [48]
 [51]
 [57]
 [52]
 [55]
 [51]]",2,1,glioma,True,0.006897568237036467,0.9481127858161926,0.044989634305238724,0.08156830817461014,0.8872162103652954,0.03121551126241684,2.07482185032859e-06,0.9985018968582153,0.0014961003325879574,0.02948931707783231,0.9446102976799011,0.025900415300081175,1,glioma,True
1973,"[[77]
 [82]
 [48]
 [51]
 [57]
 [52]
 [55]
 [51]]",2,1,glioma,True,0.0002718110627029091,0.6726474761962891,0.3270806670188904,0.03970927372574806,0.9064714312553406,0.053819335997104645,9.40575137065025e-06,0.9994155168533325,0.0005751430289819837,0.013330163513273874,0.8595114747683207,0.12715838201499233,1,glioma,True
1974,"[[77]
 [82]
 [48]
 [51]
 [57]
 [52]
 [55]
 [51]]",2,1,glioma,True,0.005795089527964592,0.5059455037117004,0.4882594347000122,0.06681457906961441,0.5764549374580383,0.35673052072525024,0.00021271260629873723,0.9859722852706909,0.013814999721944332,0.024274127067959245,0.6894575754801432,0.28626831838240224,1,glioma,True
1975,"[[77]
 [82]
 [48]
 [51]
 [57]
 [52]
 [55]
 [51]]",2,1,glioma,True,0.0007815533899702132,0.6756851077079773,0.323533296585083,0.028736159205436707,0.9002475142478943,0.07101629674434662,8.672578587720636e-06,0.9863060712814331,0.013685277663171291,0.009842128391331547,0.8540795644124349,0.13607829033086696,1,glioma,True
1976,"[[77]
 [82]
 [48]
 [51]
 [57]
 [52]
 [55]
 [51]]",2,1,glioma,True,0.005116656888276339,0.8344608545303345,0.16042247414588928,0.10246683657169342,0.8223323225975037,0.07520081102848053,1.438945332665753e-06,0.9994088411331177,0.0005897724186070263,0.03586164413510081,0.885400672753652,0.07873768586432561,1,glioma,True
1977,"[[77]
 [82]
 [48]
 [51]
 [57]
 [52]
 [55]
 [51]]",2,1,glioma,True,0.0003994550206698477,0.5257810354232788,0.4738195240497589,0.02222832664847374,0.9099566340446472,0.06781505048274994,2.4698394440747506e-07,0.9999494552612305,5.035508729633875e-05,0.007542676217695998,0.8118957082430521,0.18056164320660173,1,glioma,True
1978,"[[49]
 [48]
 [52]
 [50]
 [56]
 [49]]",3,0,meningioma,True,0.9141652584075928,0.0844871774315834,0.0013475606683641672,0.595212996006012,0.3945605456829071,0.010226419195532799,0.9428472518920898,0.05701052397489548,0.00014224053302314132,0.8174085021018982,0.17868608236312866,0.003905406798973369,0,meningioma,True
1979,"[[77]
 [82]
 [48]
 [51]
 [57]
 [52]
 [55]
 [51]
 [66]]",0,1,glioma,True,0.23465904593467712,0.4545685350894928,0.31077244877815247,0.08707281947135925,0.7652392983436584,0.14768795669078827,0.16822223365306854,0.724263608455658,0.1075141429901123,0.16331803301970163,0.6480238139629364,0.18865818281968436,1,glioma,True
1980,"[[77]
 [82]
 [48]
 [51]
 [57]
 [52]
 [55]
 [51]
 [66]]",0,1,glioma,True,0.20591005682945251,0.353279173374176,0.4408107399940491,0.09410296380519867,0.5095230340957642,0.39637401700019836,0.27786722779273987,0.6248072981834412,0.09732542932033539,0.19262674947579703,0.49586983521779376,0.3115033954381943,1,glioma,True
1981,"[[77]
 [82]
 [48]
 [51]
 [57]
 [52]
 [55]
 [51]
 [66]]",0,1,glioma,True,0.11617092043161392,0.18299321830272675,0.7008358240127563,0.10687299817800522,0.2519027888774872,0.641224205493927,0.29244545102119446,0.4285702109336853,0.27898427844047546,0.17182978987693787,0.28782207270463306,0.540348102649053,2,pituitary,False
1982,"[[77]
 [82]
 [48]
 [51]
 [57]
 [52]
 [55]
 [51]
 [66]]",0,1,glioma,True,0.07552197575569153,0.11615826934576035,0.8083197474479675,0.1321009397506714,0.20246769487857819,0.6654313802719116,0.21384993195533752,0.3341311812400818,0.4520188868045807,0.14049094915390015,0.21758571515480676,0.64192333817482,2,pituitary,False
1983,"[[77]
 [82]
 [48]
 [51]
 [57]
 [52]
 [55]
 [51]
 [66]]",0,1,glioma,True,0.23972244560718536,0.29970863461494446,0.46056896448135376,0.16428056359291077,0.39170560240745544,0.4440138339996338,0.1462850570678711,0.8198511004447937,0.03386387974023819,0.18342935542265573,0.5037551124890646,0.3128155594070752,1,glioma,True
1984,"[[77]
 [82]
 [48]
 [51]
 [57]
 [52]
 [55]
 [51]
 [66]]",0,1,glioma,True,0.08846351504325867,0.14276517927646637,0.7687712907791138,0.10939470678567886,0.25962406396865845,0.6309812664985657,0.19515052437782288,0.6357585787773132,0.1690908819437027,0.13100291540225348,0.34604927400747937,0.522947813073794,2,pituitary,False
1985,"[[77]
 [82]
 [48]
 [51]
 [57]
 [52]
 [55]
 [51]
 [66]]",0,1,glioma,True,0.07112736254930496,0.11659450083971024,0.8122780919075012,0.12994533777236938,0.24824777245521545,0.6218069195747375,0.4021666646003723,0.4677251875400543,0.13010811805725098,0.20107978830734888,0.2775224869449933,0.5213977098464966,2,pituitary,False
1986,"[[77]
 [82]
 [48]
 [52]
 [48]
 [50]
 [52]
 [48]]",3,1,glioma,True,0.006381712853908539,0.9806892275810242,0.012929003685712814,0.0017123091965913773,0.6877014636993408,0.31058621406555176,3.2924634751907433e-07,0.9999797344207764,1.9943290681112558e-05,0.002698117098949145,0.8894568085670471,0.10784505368064856,1,glioma,True
1987,"[[77]
 [82]
 [48]
 [52]
 [48]
 [50]
 [52]
 [48]]",3,1,glioma,True,0.0024062024895101786,0.8748221397399902,0.12277165055274963,6.265876436373219e-06,0.998542308807373,0.0014513608766719699,3.197116313913284e-07,0.9999574422836304,4.2197269067401066e-05,0.000804262692525981,0.9577739636103312,0.041421736232829666,1,glioma,True
1988,"[[77]
 [82]
 [48]
 [52]
 [48]
 [50]
 [52]
 [48]]",3,1,glioma,True,0.009040220640599728,0.9871379137039185,0.0038218696136027575,0.00011833626922452822,0.9996039271354675,0.00027776675415225327,6.674181207699803e-08,0.9999961853027344,3.660482207124005e-06,0.0030528745505454444,0.9955793420473734,0.0013677656166540448,1,glioma,True
1989,"[[49]
 [48]
 [52]
 [50]
 [56]
 [49]]",3,0,meningioma,True,0.9339126348495483,0.06598913669586182,9.815623343456537e-05,0.8358059525489807,0.16308407485485077,0.0011099715484306216,0.9781749248504639,0.02182294800877571,2.141025333912694e-06,0.9159645040829977,0.0836320531864961,0.00040342293573303323,0,meningioma,True
1990,"[[77]
 [82]
 [48]
 [52]
 [48]
 [50]
 [52]
 [48]]",3,1,glioma,True,0.08107504993677139,0.8108777403831482,0.10804719477891922,0.020864807069301605,0.5226161479949951,0.4565190374851227,5.8671485021477565e-05,0.9834644794464111,0.01647692173719406,0.03399950949703149,0.7723194559415182,0.19368105133374533,1,glioma,True
1991,"[[77]
 [82]
 [48]
 [52]
 [48]
 [50]
 [52]
 [48]]",3,1,glioma,True,0.07536378502845764,0.9175369143486023,0.007099241949617863,0.003491554642096162,0.9704814553260803,0.026026982814073563,1.9113049347652122e-06,0.9999544620513916,4.3682604882633314e-05,0.026285750325162855,0.962657610575358,0.011056635789524686,1,glioma,True
1992,"[[77]
 [82]
 [48]
 [52]
 [48]
 [50]
 [52]
 [48]]",3,1,glioma,True,0.0024268203414976597,0.9919667840003967,0.005606274586170912,0.0024858894757926464,0.9574781656265259,0.04003599286079407,6.0326801758492365e-06,0.9916172623634338,0.008376682177186012,0.0016395808324887184,0.9803540706634521,0.018006316541383665,1,glioma,True
1993,"[[77]
 [82]
 [48]
 [52]
 [48]
 [50]
 [52]
 [48]]",3,1,glioma,True,0.01391249243170023,0.9623791575431824,0.023708336055278778,0.011679885908961296,0.958660364151001,0.02965976484119892,0.004128787666559219,0.8536876440048218,0.1421835720539093,0.009907055335740248,0.9249090552330017,0.06518389098346233,1,glioma,True
1994,"[[77]
 [82]
 [48]
 [52]
 [48]
 [50]
 [52]
 [48]]",3,1,glioma,True,0.013368452899158001,0.9861623048782349,0.0004692506045103073,0.27371716499328613,0.7192786931991577,0.007004174403846264,0.3529253602027893,0.6441371440887451,0.0029375965241342783,0.21333699269841114,0.7831927140553793,0.003470340510830283,1,glioma,True
1995,"[[77]
 [82]
 [48]
 [52]
 [48]
 [50]
 [52]
 [48]
 [66]]",3,1,glioma,True,0.00023825552489142865,0.9990801811218262,0.0006816360983066261,2.7933747333008796e-05,0.9902335405349731,0.009738442488014698,1.3688085687135754e-07,0.9999517202377319,4.8157351557165384e-05,8.877538436043626e-05,0.9964218139648438,0.00348941197929283,1,glioma,True
1996,"[[77]
 [82]
 [48]
 [52]
 [48]
 [50]
 [52]
 [48]
 [66]]",3,1,glioma,True,0.0016663402784615755,0.9976598024368286,0.0006739095551893115,2.4449172997265123e-05,0.9751070737838745,0.024868570268154144,7.314765237964593e-09,0.9999359846115112,6.39755671727471e-05,0.0005635989220746929,0.9909009536107382,0.008535485130172068,1,glioma,True
1997,"[[77]
 [82]
 [48]
 [52]
 [48]
 [50]
 [52]
 [48]
 [66]]",3,1,glioma,True,0.00034955565934069455,0.9996435642242432,6.955808203201741e-06,2.2032104425306898e-06,0.9996678829193115,0.00033001703559421003,1.3080059257930543e-10,0.9999998807907104,6.860438617195541e-08,0.00011725300019460594,0.999770442644755,0.0001123471493945279,1,glioma,True
1998,"[[77]
 [82]
 [48]
 [52]
 [48]
 [50]
 [52]
 [48]
 [66]]",3,1,glioma,True,0.01688963919878006,0.9829679131507874,0.00014249830564949661,0.00018621030903887004,0.9939138293266296,0.005899879615753889,8.035009102513868e-08,0.9996943473815918,0.0003055585839319974,0.005691976619303318,0.9921920299530029,0.0021159788351117945,1,glioma,True
1999,"[[77]
 [82]
 [48]
 [52]
 [48]
 [50]
 [52]
 [48]
 [66]]",3,1,glioma,True,0.004399484023451805,0.9946699738502502,0.0009305424755439162,1.8103768525179476e-05,0.9986593723297119,0.0013225344009697437,6.030406893842155e-07,0.995299220085144,0.004700138233602047,0.0014727302775554563,0.9962095220883688,0.002317738370038569,1,glioma,True
2000,"[[49]
 [48]
 [50]
 [55]
 [49]
 [52]]",4,0,meningioma,True,0.874468982219696,0.12115563452243805,0.004375331569463015,0.8060362339019775,0.18895038962364197,0.005013304762542248,0.7029786109924316,0.23003117740154266,0.06699025630950928,0.794494609038035,0.18004573384920755,0.025459630880504847,0,meningioma,True
2001,"[[49]
 [48]
 [52]
 [50]
 [56]
 [49]]",3,0,meningioma,True,0.9417043328285217,0.058252494782209396,4.322490349295549e-05,0.9531315565109253,0.04647811874747276,0.0003902900207322091,0.9791437983512878,0.02085394412279129,2.2739320684195263e-06,0.957993229230245,0.04186151921749115,0.00014526295209786136,0,meningioma,True
2002,"[[77]
 [82]
 [48]
 [50]
 [57]
 [50]
 [48]
 [57]
 [71]]",1,1,glioma,True,0.00013340474106371403,0.9998664855957031,1.7792316953091358e-07,0.06480292975902557,0.9351423978805542,5.4594562243437394e-05,0.08338756859302521,0.9108119606971741,0.005800481420010328,0.049441301031038165,0.9486069480578104,0.0019517513018077655,1,glioma,True
2003,"[[77]
 [82]
 [48]
 [50]
 [57]
 [50]
 [48]
 [57]
 [71]]",1,1,glioma,True,0.010164524428546429,0.9898045063018799,3.09988645312842e-05,0.44484826922416687,0.5544986724853516,0.0006530566024594009,0.2072329968214035,0.7809523940086365,0.011814653873443604,0.2207485968247056,0.7750851909319559,0.004166236446811429,1,glioma,True
2004,"[[77]
 [82]
 [48]
 [50]
 [57]
 [50]
 [48]
 [57]
 [71]]",1,1,glioma,True,0.00051116879330948,0.9994670748710632,2.185891571571119e-05,0.039258282631635666,0.9567416310310364,0.004000134766101837,0.0077709597535431385,0.9897599816322327,0.0024690714199095964,0.01584680372616276,0.9819895625114441,0.0021636883672423815,1,glioma,True
2005,"[[77]
 [82]
 [48]
 [50]
 [57]
 [50]
 [48]
 [57]
 [71]]",1,1,glioma,True,4.481082578422502e-05,0.9999549388885498,2.051227170341008e-07,0.0006947065703570843,0.9990150928497314,0.0002902164706028998,0.00294099492020905,0.9969136714935303,0.00014529166219290346,0.001226837438783453,0.9986279010772705,0.00014523775183761245,1,glioma,True
2006,"[[77]
 [82]
 [48]
 [50]
 [57]
 [50]
 [48]
 [57]
 [71]]",1,1,glioma,True,5.549064735532738e-05,0.999834418296814,0.00011001838720403612,0.0012627801625058055,0.9974430799484253,0.0012942076427862048,0.010061229579150677,0.9877069592475891,0.0022317953407764435,0.0037931667963372697,0.9949948191642761,0.0012120071235888947,1,glioma,True
2007,"[[77]
 [82]
 [48]
 [51]
 [54]
 [52]
 [57]
 [54]
 [66]]",4,1,glioma,True,0.004324695095419884,0.9849121570587158,0.010763179510831833,3.223367457394488e-05,0.9999674558639526,3.0222628311094013e-07,0.005375169683247805,0.9932331442832947,0.001391719444654882,0.003244032817747211,0.9927042524019877,0.004051733727256608,1,glioma,True
2008,"[[77]
 [82]
 [48]
 [51]
 [54]
 [52]
 [57]
 [54]
 [66]]",4,1,glioma,True,0.07525836676359177,0.9246641993522644,7.753226236673072e-05,0.08269202709197998,0.91730797290802,4.6183740165517406e-10,0.3398197889328003,0.6595099568367004,0.0006702069076709449,0.16592339426279068,0.8338273763656616,0.0002492465439583591,1,glioma,True
2009,"[[77]
 [82]
 [48]
 [51]
 [54]
 [52]
 [57]
 [54]
 [66]]",4,1,glioma,True,0.03534513711929321,0.9646499156951904,4.936965069646249e-06,0.27916091680526733,0.7208390235900879,5.526240272682448e-13,0.10843394696712494,0.8915255069732666,4.048828486702405e-05,0.14098000029722849,0.859004815419515,1.5141750163098108e-05,1,glioma,True
2010,"[[77]
 [82]
 [48]
 [51]
 [54]
 [52]
 [57]
 [54]
 [66]]",4,1,glioma,True,0.012125388719141483,0.9878745675086975,1.8146652180917044e-08,0.03847800940275192,0.9615219831466675,2.765196628082297e-17,0.04392900690436363,0.9560686945915222,2.258972017443739e-06,0.03151080167541901,0.9684884150822958,7.590395565507693e-07,1,glioma,True
2011,"[[77]
 [82]
 [48]
 [51]
 [51]
 [52]
 [50]
 [48]]",0,1,glioma,True,0.6652770042419434,0.32595589756965637,0.008767061866819859,0.4852815568447113,0.4934932291507721,0.021225202828645706,0.5875168442726135,0.41164612770080566,0.0008369986317120492,0.5793584684530894,0.41036508480707806,0.010276421109059205,0,meningioma,False
2012,"[[49]
 [48]
 [53]
 [51]
 [55]
 [52]]",3,0,meningioma,True,0.9279046654701233,0.07036396861076355,0.0017313821008428931,0.7168240547180176,0.2828287184238434,0.0003472268581390381,0.934010922908783,0.06597410142421722,1.4966977687436156e-05,0.859579881032308,0.13972226281960806,0.0006978586455564558,0,meningioma,True
2013,"[[77]
 [82]
 [48]
 [51]
 [51]
 [52]
 [50]
 [48]]",0,1,glioma,True,0.6328204870223999,0.345788836479187,0.021390728652477264,0.39344316720962524,0.5666947364807129,0.03986216336488724,0.5715785026550293,0.42575567960739136,0.002665816806256771,0.5326140522956848,0.44607975085576373,0.021306236274540424,0,meningioma,False
2014,"[[77]
 [82]
 [48]
 [51]
 [51]
 [52]
 [50]
 [48]]",0,1,glioma,True,0.5843549370765686,0.35929474234580994,0.05635039135813713,0.39182379841804504,0.5429086089134216,0.06526760756969452,0.5456144213676453,0.45212095975875854,0.0022646673023700714,0.5072643856207529,0.4514414370059967,0.04129422207673391,0,meningioma,False
2015,"[[77]
 [82]
 [48]
 [51]
 [51]
 [52]
 [50]
 [48]]",0,1,glioma,True,0.5026660561561584,0.3740033507347107,0.12333062291145325,0.33747923374176025,0.5511087775230408,0.11141199618577957,0.4577499330043793,0.5346678495407104,0.007582179736346006,0.4326317409674327,0.4865933259328206,0.08077493294452627,1,glioma,True
2016,"[[77]
 [82]
 [48]
 [51]
 [51]
 [52]
 [50]
 [48]]",0,1,glioma,True,0.35004082322120667,0.34753766655921936,0.30242156982421875,0.2481493055820465,0.5381466150283813,0.21370400488376617,0.3816657066345215,0.6071529984474182,0.011181293055415154,0.32661861181259155,0.49761242667833966,0.17576895592113337,1,glioma,True
2017,"[[77]
 [82]
 [48]
 [51]
 [51]
 [52]
 [50]
 [48]]",0,1,glioma,True,0.4212956726551056,0.3622985780239105,0.21640576422214508,0.33452630043029785,0.5120808482170105,0.15339285135269165,0.415514200925827,0.581201434135437,0.0032843579538166523,0.39044539133707684,0.4851936201254527,0.1243609911762178,1,glioma,True
2018,"[[77]
 [82]
 [48]
 [51]
 [51]
 [52]
 [50]
 [48]]",0,1,glioma,True,0.3184667229652405,0.40018296241760254,0.2813502550125122,0.17274877429008484,0.6227517127990723,0.2044995129108429,0.3547326922416687,0.63008713722229,0.015180104412138462,0.28198272983233136,0.5510072708129883,0.16700995744516453,1,glioma,True
2019,"[[77]
 [82]
 [48]
 [51]
 [51]
 [52]
 [50]
 [48]]",0,1,glioma,True,0.3124198615550995,0.41504454612731934,0.27253565192222595,0.1475788652896881,0.612097978591919,0.24032311141490936,0.26609259843826294,0.707567036151886,0.02634039893746376,0.24203044176101685,0.5782365202903748,0.17973305409153303,1,glioma,True
2020,"[[77]
 [82]
 [48]
 [50]
 [52]
 [55]
 [56]
 [48]
 [66]]",0,1,glioma,True,0.5761481523513794,0.39418825507164,0.02966364473104477,0.3095898926258087,0.642669677734375,0.04774045944213867,0.5978260636329651,0.3992981016635895,0.0028758591506630182,0.4945213695367177,0.47871867815653485,0.026759987774615485,0,meningioma,False
2021,"[[77]
 [82]
 [48]
 [50]
 [52]
 [55]
 [56]
 [48]
 [66]]",0,1,glioma,True,0.6000208258628845,0.3880888819694519,0.011890285648405552,0.3371244966983795,0.6368703842163086,0.026005132123827934,0.6165735125541687,0.3814825117588043,0.0019439712632447481,0.5179062783718109,0.4688139259815216,0.013279796345159411,0,meningioma,False
2022,"[[77]
 [82]
 [48]
 [50]
 [52]
 [55]
 [56]
 [48]
 [66]]",0,1,glioma,True,0.603559136390686,0.39413532614707947,0.0023055782075971365,0.48286932706832886,0.5082204341888428,0.00891021080315113,0.6186208128929138,0.3809647560119629,0.00041444451198913157,0.5683497587839762,0.42777350544929504,0.003876744507579133,0,meningioma,False
2023,"[[49]
 [48]
 [53]
 [51]
 [55]
 [52]]",3,0,meningioma,True,0.9388449788093567,0.06057523563504219,0.0005796864279545844,0.8936218619346619,0.10618656873703003,0.0001915466709760949,0.9962371587753296,0.003758092410862446,4.743366844195407e-06,0.9429013331731161,0.05683996559431156,0.0002586588219249582,0,meningioma,True
2024,"[[77]
 [82]
 [48]
 [50]
 [52]
 [55]
 [56]
 [48]
 [66]]",0,1,glioma,True,0.5331651568412781,0.46445050835609436,0.002384296851232648,0.28767523169517517,0.7055334448814392,0.006791341118514538,0.47783201932907104,0.5207409858703613,0.001427049865014851,0.43289080262184143,0.5635749797026316,0.003534229278254012,1,glioma,True
2025,"[[77]
 [82]
 [48]
 [51]
 [51]
 [51]
 [56]
 [57]
 [66]]",3,1,glioma,True,0.004060554318130016,0.9958265423774719,0.00011290574911981821,0.032805733382701874,0.9653396010398865,0.0018546717474237084,0.0008625373593531549,0.999135434627533,2.040622348431498e-06,0.012576275020061681,0.9867671926816305,0.000656539372963986,1,glioma,True
2026,"[[77]
 [82]
 [48]
 [52]
 [56]
 [50]
 [57]
 [52]]",0,1,glioma,True,0.5301527976989746,0.41800305247306824,0.05184421315789223,0.3121686577796936,0.6235250234603882,0.06430629640817642,0.5224606990814209,0.4747300446033478,0.002809216734021902,0.45492738485336304,0.5054193735122681,0.039653242100030184,1,glioma,True
2027,"[[77]
 [82]
 [48]
 [52]
 [56]
 [50]
 [57]
 [55]]",4,1,glioma,True,0.4558176100254059,0.5441824197769165,6.445530775778252e-10,0.0006949889939278364,0.999305009841919,4.886802733589751e-17,0.05365316942334175,0.9463468790054321,2.962894818381301e-09,0.17005525614755848,0.8299447695414225,1.2024826482757178e-09,1,glioma,True
2028,"[[77]
 [82]
 [48]
 [52]
 [56]
 [50]
 [57]
 [55]]",4,1,glioma,True,4.708272172138095e-06,0.9999942779541016,1.1172870699738269e-06,7.522451994645962e-09,1.0,1.5713698788347163e-12,1.981111017812509e-05,0.9999769926071167,3.203489086445188e-06,8.175634934085943e-06,0.9999904235204061,1.440259242596298e-06,1,glioma,True
2029,"[[77]
 [82]
 [48]
 [52]
 [56]
 [50]
 [57]
 [55]]",4,1,glioma,True,0.007733804173767567,0.9922657608985901,3.2904006275202846e-07,0.0008723846985958517,0.9991276860237122,4.897231776460238e-14,0.01860777661204338,0.9813908338546753,1.390739612361358e-06,0.0090713218281356,0.9909280935923258,5.732599080285681e-07,1,glioma,True
2030,"[[77]
 [82]
 [48]
 [52]
 [56]
 [50]
 [57]
 [55]]",4,1,glioma,True,0.008314230479300022,0.9916830062866211,2.720297970881802e-06,2.2589075854284602e-07,0.9999997615814209,5.615833183680516e-14,0.0025244432035833597,0.9974654912948608,1.0150604794034734e-05,0.0036129665245473084,0.9963827530543009,4.29030094035829e-06,1,glioma,True
2031,"[[77]
 [82]
 [48]
 [52]
 [56]
 [50]
 [57]
 [55]]",4,1,glioma,True,0.9176064729690552,0.08239255845546722,9.452826361666666e-07,0.4555446207523346,0.544455349445343,1.5404391087367464e-12,0.41627398133277893,0.583725094795227,8.803215223451843e-07,0.5964750250180563,0.40352433423201245,6.085352329836532e-07,0,meningioma,False
2032,"[[77]
 [82]
 [48]
 [52]
 [56]
 [50]
 [57]
 [55]]",4,1,glioma,True,0.4121783673763275,0.5878214240074158,2.3949394289957127e-07,0.009493529796600342,0.9905064702033997,6.155408332971261e-15,0.0959840714931488,0.9040156602859497,3.622369320055441e-07,0.1725519895553589,0.8274478514989217,2.005769603535079e-07,1,glioma,True
2033,"[[77]
 [82]
 [48]
 [52]
 [56]
 [50]
 [57]
 [55]]",4,1,glioma,True,0.7658236026763916,0.234176367521286,2.4468796766541345e-08,0.35505738854408264,0.6449426412582397,1.9959301409983726e-14,0.3725486099720001,0.6274512410163879,2.613303990983695e-07,0.49780986706415814,0.5021900832653046,9.526640527473743e-08,1,glioma,True
2034,"[[49]
 [48]
 [53]
 [53]
 [53]
 [53]]",2,0,meningioma,True,0.8043763041496277,0.1852806955575943,0.010342974215745926,0.1001904234290123,0.8992502093315125,0.0005593732348643243,0.3360542356967926,0.6639005541801453,4.5212116674520075e-05,0.4135403210918109,0.5828104863564173,0.003649186522428257,1,glioma,False
2035,"[[77]
 [82]
 [48]
 [52]
 [56]
 [50]
 [57]
 [55]]",4,1,glioma,True,0.0003722124674823135,0.9996275901794434,7.786446332147534e-08,8.706928724677709e-07,0.9999991655349731,4.415957989632301e-15,5.8885489124804735e-05,0.9999351501464844,5.968273853795836e-06,0.00014398954982652867,0.9998539686203003,2.0153794405110897e-06,1,glioma,True
2036,"[[77]
 [82]
 [48]
 [52]
 [56]
 [50]
 [57]
 [52]
 [66]]",4,1,glioma,True,0.5648101568222046,0.4351896047592163,2.786368327178934e-07,0.9496933221817017,0.05030655488371849,1.4232138312308962e-07,0.2136814147233963,0.7863179445266724,6.830285883552278e-07,0.5760616312424341,0.4239380347232024,3.6799560139873694e-07,0,meningioma,False
2037,"[[77]
 [82]
 [48]
 [52]
 [56]
 [50]
 [57]
 [52]
 [66]]",4,1,glioma,True,0.00021218613255769014,0.9996845722198486,0.00010325437324354425,0.0015686233527958393,0.9917660355567932,0.006665301509201527,0.0008548483601771295,0.9980888962745667,0.0010562004754319787,0.0008785526151768863,0.9965131680170695,0.00260825211929235,1,glioma,True
2038,"[[77]
 [82]
 [48]
 [52]
 [56]
 [50]
 [57]
 [52]
 [66]]",4,1,glioma,True,0.00010799435403896496,0.9994820952415466,0.0004099537036381662,0.00139389478135854,0.7433784008026123,0.2552277445793152,0.08376943320035934,0.8963601589202881,0.01987047865986824,0.02842377411191895,0.8797402183214823,0.09183605898094054,1,glioma,True
2039,"[[77]
 [82]
 [48]
 [52]
 [56]
 [50]
 [57]
 [52]
 [66]]",4,1,glioma,True,7.786002970533445e-05,0.9747405052185059,0.025181615725159645,0.010795116424560547,0.705996036529541,0.2832089066505432,0.04376061260700226,0.8840405941009521,0.072198785841465,0.018211196353756048,0.8549257119496664,0.12686310273905596,1,glioma,True
2040,"[[77]
 [82]
 [48]
 [52]
 [56]
 [50]
 [57]
 [52]
 [66]]",4,1,glioma,True,7.006615487625822e-05,0.9756579995155334,0.024272026494145393,9.218339255312458e-05,0.9967440366744995,0.003163763554766774,0.0028900497127324343,0.9622352123260498,0.03487466648221016,0.0010174330867206056,0.9782124161720276,0.020770152177040774,1,glioma,True
2041,"[[77]
 [82]
 [48]
 [52]
 [56]
 [50]
 [57]
 [52]
 [66]]",4,1,glioma,True,6.87536066834582e-06,0.8054046034812927,0.19458848237991333,2.346948804188287e-06,0.9999039173126221,9.37308359425515e-05,2.6416433684062213e-05,0.9966568946838379,0.003316752379760146,1.1879581052198773e-05,0.9339884718259176,0.06599965519853868,1,glioma,True
2042,"[[77]
 [82]
 [48]
 [52]
 [56]
 [54]
 [50]
 [49]
 [66]]",0,1,glioma,True,0.4189337491989136,0.3425913155078888,0.23847493529319763,0.29615822434425354,0.5049371123313904,0.19890467822551727,0.7882954478263855,0.1966448575258255,0.015059681609272957,0.5011291404565176,0.3480577617883682,0.15081309837599596,0,meningioma,False
2043,"[[77]
 [82]
 [48]
 [52]
 [56]
 [54]
 [50]
 [49]
 [66]]",0,1,glioma,True,0.41505658626556396,0.3455364406108856,0.23940695822238922,0.2736082673072815,0.5153326988220215,0.21105903387069702,0.7595245838165283,0.2264878898859024,0.013987535610795021,0.4827298124631246,0.36245234310626984,0.1548178425679604,0,meningioma,False
2044,"[[77]
 [82]
 [48]
 [52]
 [56]
 [54]
 [50]
 [49]
 [66]]",0,1,glioma,True,0.5242342948913574,0.3716917037963867,0.10407405346632004,0.31373363733291626,0.5839803814888,0.10228600353002548,0.7235998511314392,0.27005743980407715,0.00634264200925827,0.5205225944519043,0.40857650836308795,0.07090089966853459,0,meningioma,False
2045,"[[49]
 [48]
 [53]
 [53]
 [53]
 [53]]",2,0,meningioma,True,0.279787540435791,0.7171133160591125,0.0030991393141448498,0.024671996012330055,0.9745570421218872,0.0007709655910730362,0.32433021068573,0.6744832992553711,0.001186508685350418,0.20959658237795034,0.7887178858121237,0.001685537863522768,1,glioma,False
2046,"[[77]
 [82]
 [48]
 [52]
 [56]
 [57]
 [52]
 [52]]",4,1,glioma,True,0.008499577641487122,0.9914702773094177,3.0083125238888897e-05,3.84191152988933e-05,0.9999614953994751,1.6828978743888e-07,0.0054763625375926495,0.994491457939148,3.216826371499337e-05,0.0046714530981262214,0.9953077435493469,2.0806559580440382e-05,1,glioma,True
2047,"[[77]
 [82]
 [48]
 [52]
 [56]
 [57]
 [52]
 [52]]",4,1,glioma,True,0.013002308085560799,0.9869519472122192,4.5734806917607784e-05,0.00016493830480612814,0.9998348951339722,7.661280676529714e-08,0.0011555907549336553,0.998820960521698,2.3498832888435572e-05,0.004774279048433527,0.9952026009559631,2.3103417537602883e-05,1,glioma,True
2048,"[[77]
 [82]
 [48]
 [52]
 [56]
 [57]
 [52]
 [52]]",4,1,glioma,True,0.0003044813929591328,0.9996904134750366,5.09221217726008e-06,4.480143616092391e-05,0.9999551773071289,4.2058580618231645e-08,0.00035914836917072535,0.9996005892753601,4.031285425298847e-05,0.00023614373276359402,0.9997487266858419,1.5149041670288929e-05,1,glioma,True
2049,"[[77]
 [82]
 [48]
 [52]
 [56]
 [57]
 [52]
 [52]]",4,1,glioma,True,0.00022507885296363384,0.999721109867096,5.380462607718073e-05,0.0001274177193408832,0.999871015548706,1.516630504738714e-06,0.0050541190430521965,0.9942518472671509,0.0006940906750969589,0.0018022052051189046,0.9979479908943176,0.00024980397722629277,1,glioma,True
2050,"[[77]
 [82]
 [48]
 [52]
 [56]
 [57]
 [52]
 [52]]",4,1,glioma,True,0.0057406178675591946,0.9938281178474426,0.0004312251985538751,5.199195220484398e-05,0.9999020099639893,4.598419036483392e-05,0.0033873773645609617,0.9958525896072388,0.0007600386743433774,0.0030599957281083334,0.9965275724728903,0.00041241602108736214,1,glioma,True
2051,"[[77]
 [82]
 [48]
 [52]
 [56]
 [57]
 [52]
 [52]]",4,1,glioma,True,0.00033325274125672877,0.9996200799942017,4.656469536712393e-05,1.9877763861586573e-06,0.9999935626983643,4.395139512780588e-06,0.0002644940686877817,0.9993605017662048,0.0003750063187908381,0.0001999115287768897,0.9996580481529236,0.00014198871789024756,1,glioma,True
2052,"[[77]
 [82]
 [48]
 [52]
 [56]
 [57]
 [57]
 [52]]",1,1,glioma,True,0.05313187465071678,0.9467582106590271,0.00010988651774823666,0.05722853168845177,0.9426872134208679,8.424347470281646e-05,0.007942917756736279,0.9920072555541992,4.9830094212666154e-05,0.03943444136530161,0.9604842265446981,8.132002888790642e-05,1,glioma,True
2053,"[[77]
 [82]
 [48]
 [52]
 [56]
 [57]
 [57]
 [52]]",1,1,glioma,True,0.27783727645874023,0.7219525575637817,0.00021014954836573452,0.1122378408908844,0.8874313235282898,0.0003307568549644202,0.06411663442850113,0.9350502490997314,0.0008331345743499696,0.1513972505927086,0.8481447100639343,0.0004580136592267081,1,glioma,True
2054,"[[77]
 [82]
 [48]
 [52]
 [56]
 [57]
 [57]
 [52]]",1,1,glioma,True,0.8807418346405029,0.11919377744197845,6.434377428377047e-05,0.5573033094406128,0.44256386160850525,0.00013277500693220645,0.7155090570449829,0.2838015854358673,0.0006893518147990108,0.7178514003753662,0.2818530748287837,0.00029549019867166254,0,meningioma,False
2055,"[[77]
 [82]
 [48]
 [52]
 [56]
 [57]
 [57]
 [52]]",1,1,glioma,True,0.9426771998405457,0.05731847882270813,4.3391396502556745e-06,0.8333489298820496,0.16653335094451904,0.00011771463323384523,0.6317124366760254,0.3675002157688141,0.0007874179864302278,0.8025795221328735,0.19711734851201376,0.0003031572531047762,0,meningioma,False
2056,"[[49]
 [48]
 [53]
 [53]
 [53]
 [53]]",2,0,meningioma,True,0.36600184440612793,0.6308417916297913,0.0031562880612909794,0.02273373305797577,0.9767645001411438,0.0005017138901166618,0.08250728249549866,0.9172508120536804,0.0002419809316052124,0.15708095331986746,0.8416190346082052,0.001299994294337618,1,glioma,False
2057,"[[77]
 [82]
 [48]
 [52]
 [56]
 [57]
 [57]
 [52]]",1,1,glioma,True,0.9064692854881287,0.09353069961071014,2.9525237366101464e-08,0.7589105367660522,0.24107486009597778,1.4580866263713688e-05,0.9265348315238953,0.07342254370450974,4.266091491444968e-05,0.8639715512593588,0.13600936780373254,1.9090435471843154e-05,0,meningioma,False
2058,"[[77]
 [82]
 [48]
 [52]
 [56]
 [57]
 [57]
 [52]]",1,1,glioma,True,0.9939352869987488,0.006064772605895996,7.453140535296221e-12,0.970255970954895,0.029743902385234833,1.0007709505543971e-07,0.7901785373687744,0.20979897677898407,2.252418562420644e-05,0.9181232651074728,0.08186921725670497,7.541423390800804e-06,0,meningioma,False
2059,"[[77]
 [82]
 [48]
 [52]
 [56]
 [57]
 [57]
 [52]]",1,1,glioma,True,0.9177377223968506,0.0822622999548912,1.2200764487255156e-12,0.9429115653038025,0.05708842724561691,4.107037909761857e-08,0.8194876313209534,0.18049608170986176,1.630553015274927e-05,0.8933789730072021,0.10661560297012329,5.4488672506411125e-06,0,meningioma,False
2060,"[[77]
 [82]
 [48]
 [52]
 [56]
 [57]
 [57]
 [52]]",1,1,glioma,True,0.6982592940330505,0.3017406463623047,6.628970983246774e-11,0.8322556018829346,0.16774432361125946,1.2453931219624792e-07,0.6415107250213623,0.3584750294685364,1.4245035345084034e-05,0.7240085403124491,0.2759866664807002,4.789880315663371e-06,0,meningioma,False
2061,"[[77]
 [82]
 [48]
 [52]
 [57]
 [49]
 [48]
 [52]]",3,1,glioma,True,5.690654870704748e-05,0.9998866319656372,5.6540589866926894e-05,2.9099008315824904e-05,0.8890390396118164,0.11093182116746902,3.8309130867553165e-10,0.9999686479568481,3.1345545721706e-05,2.866864670472702e-05,0.9629647731781006,0.03700656910101922,1,glioma,True
2062,"[[77]
 [82]
 [48]
 [52]
 [57]
 [49]
 [48]
 [52]]",3,1,glioma,True,0.0001436321617802605,0.9998303651809692,2.598287392174825e-05,1.314082237513503e-05,0.9908932447433472,0.00909361056983471,5.596106245064902e-09,0.999970555305481,2.9479992008418776e-05,5.22595267538802e-05,0.9968980550765991,0.003049691145254959,1,glioma,True
2063,"[[77]
 [82]
 [48]
 [52]
 [57]
 [49]
 [48]
 [52]]",3,1,glioma,True,0.016802392899990082,0.9817302227020264,0.001467334688641131,0.005602248478680849,0.7547879815101624,0.2396097481250763,3.366840530816262e-07,0.9986016154289246,0.0013980885269120336,0.0074683260209080045,0.9117066065470377,0.08082505711354315,1,glioma,True
2064,"[[77]
 [82]
 [48]
 [52]
 [57]
 [49]
 [48]
 [52]]",3,1,glioma,True,0.00035885823308490217,0.9995373487472534,0.00010373144323239103,2.1559542801696807e-05,0.998336136341095,0.0016423409106209874,1.7758141623858137e-09,0.9999990463256836,9.5940310984588e-07,0.00012680651723358713,0.9992908438046774,0.0005823439189877414,1,glioma,True
2065,"[[77]
 [82]
 [48]
 [52]
 [57]
 [49]
 [52]
 [50]]",2,1,glioma,True,0.09811152517795563,0.5807628035545349,0.3211256265640259,0.11838805675506592,0.13985462486743927,0.741757333278656,0.9638232588768005,0.00553191127255559,0.030644802376627922,0.39344094693660736,0.24204977989817658,0.36450925407310325,0,meningioma,False
2066,"[[77]
 [82]
 [48]
 [52]
 [57]
 [49]
 [52]
 [50]]",2,1,glioma,True,0.08261227607727051,0.8786411285400391,0.038746658712625504,0.16967976093292236,0.7848899364471436,0.045430343598127365,0.8889487981796265,0.034153182059526443,0.07689805328845978,0.38041361172993976,0.5658947490155697,0.05369168519973755,1,glioma,True
2067,"[[49]
 [48]
 [53]
 [57]
 [51]
 [55]]",2,0,meningioma,True,0.8382012844085693,0.15964055061340332,0.0021581293549388647,0.7279880046844482,0.25721555948257446,0.014796445146203041,0.9272805452346802,0.04390522092580795,0.0288142878562212,0.8311566114425659,0.15358711034059525,0.015256287452454368,0,meningioma,True
2068,"[[77]
 [82]
 [48]
 [52]
 [57]
 [49]
 [52]
 [50]]",2,1,glioma,True,0.03486206755042076,0.963744580745697,0.00139339966699481,0.06778977811336517,0.9236307144165039,0.008579489775002003,0.834147036075592,0.13001574575901031,0.03583722189068794,0.312266293913126,0.6724636803070704,0.015270037110894918,1,glioma,True
2069,"[[77]
 [82]
 [48]
 [52]
 [56]
 [57]
 [57]
 [52]
 [66]]",3,1,glioma,True,1.720879299682565e-05,0.9999750852584839,7.798726983310189e-06,3.7106066884007305e-05,0.9999387264251709,2.4247396140708588e-05,7.178456598921912e-06,0.9999923706054688,4.6274834630821715e-07,2.0497772159918288e-05,0.9999687274297079,1.0836290490108999e-05,1,glioma,True
2070,"[[77]
 [82]
 [48]
 [52]
 [56]
 [57]
 [57]
 [52]
 [66]]",3,1,glioma,True,0.00040869906661100686,0.9994872808456421,0.00010398732410976663,0.003718616906553507,0.9961728453636169,0.00010854453284991905,0.004431636072695255,0.9955561757087708,1.2196754141768906e-05,0.0028529840152865895,0.9970721006393433,7.49095370338182e-05,1,glioma,True
2071,"[[77]
 [82]
 [48]
 [52]
 [56]
 [57]
 [57]
 [52]
 [66]]",3,1,glioma,True,0.0022215493954718113,0.9977757334709167,2.731571385083953e-06,0.0023531573824584484,0.997643768787384,3.1449289963347837e-06,0.00036422096309252083,0.9996358156204224,4.670742903556402e-09,0.0016463092470075935,0.9983517726262411,1.960390374774098e-06,1,glioma,True
2072,"[[77]
 [82]
 [48]
 [52]
 [56]
 [57]
 [57]
 [52]
 [66]]",3,1,glioma,True,0.0015772326150909066,0.9984215497970581,1.19652645480528e-06,0.0007769176154397428,0.9992212057113647,1.944009909493616e-06,1.2309791600273456e-05,0.9999877214431763,1.8933321577208062e-09,0.0007888200073769743,0.9992101589838663,1.047476565485539e-06,1,glioma,True
2073,"[[77]
 [82]
 [48]
 [52]
 [56]
 [57]
 [57]
 [52]
 [66]]",3,1,glioma,True,0.0367753729224205,0.9632235765457153,1.022859464683279e-06,0.16641470789909363,0.8335812091827393,4.084453848918201e-06,0.004731624387204647,0.9952684044837952,3.927474878651083e-08,0.06930723506957293,0.9306910634040833,1.7155293541293304e-06,1,glioma,True
2074,"[[77]
 [82]
 [48]
 [52]
 [57]
 [51]
 [53]
 [56]]",2,1,glioma,True,0.7598354816436768,0.24016441404819489,1.2774181357144698e-07,0.2538502812385559,0.7461497783660889,2.612521932121581e-08,0.5132863521575928,0.4867136776447296,8.439455384534611e-11,0.5089907050132751,0.49100929001967114,5.131714248216938e-08,0,meningioma,False
2075,"[[77]
 [82]
 [48]
 [52]
 [57]
 [51]
 [53]
 [56]]",2,1,glioma,True,0.18546834588050842,0.8145045042037964,2.716893686738331e-05,0.20768415927886963,0.7923056483268738,1.0163410479435697e-05,0.07382344454526901,0.9259557127952576,0.00022088013065513223,0.155658649901549,0.844255288441976,8.607082600065041e-05,1,glioma,True
2076,"[[77]
 [82]
 [48]
 [52]
 [57]
 [51]
 [53]
 [56]]",2,1,glioma,True,0.006463485769927502,0.9883410334587097,0.0051955413073301315,0.09086880832910538,0.8915008306503296,0.01763043738901615,1.5706727936048992e-05,0.9999761581420898,8.150687790475786e-06,0.03244933360898964,0.9599393407503763,0.00761137646137892,1,glioma,True
2077,"[[77]
 [82]
 [48]
 [52]
 [57]
 [51]
 [53]
 [56]]",2,1,glioma,True,0.014359327033162117,0.9737894535064697,0.011851213872432709,0.09771332144737244,0.48852115869522095,0.41376546025276184,7.7546665124828e-06,0.9998292922973633,0.0001629213074920699,0.03736013438234901,0.8207133014996847,0.14192653181089554,1,glioma,True
2078,"[[49]
 [48]
 [53]
 [57]
 [51]
 [55]]",2,0,meningioma,True,0.9024661779403687,0.09635479003190994,0.0011789958225563169,0.7589008808135986,0.23943184316158295,0.0016673209611326456,0.9829573035240173,0.016585055738687515,0.00045758316991850734,0.8814414540926615,0.11745722964406013,0.0011012999845358233,0,meningioma,True
2079,"[[77]
 [82]
 [48]
 [52]
 [57]
 [51]
 [53]
 [56]]",2,1,glioma,True,0.03271001949906349,0.9645137786865234,0.002776186680421233,0.15863583981990814,0.659436821937561,0.18192732334136963,3.0500117645715363e-05,0.9998611211776733,0.00010831178224179894,0.06379211981220578,0.8746039072672526,0.06160394060134422,1,glioma,True
2080,"[[77]
 [82]
 [48]
 [52]
 [57]
 [51]
 [53]
 [56]]",2,1,glioma,True,0.0075959935784339905,0.9911683797836304,0.0012355149956420064,0.12113495171070099,0.483124703168869,0.3957403302192688,7.433189603034407e-05,0.9996424913406372,0.0002831173478625715,0.04293509239505511,0.8246451914310455,0.13241965418759113,1,glioma,True
2081,"[[77]
 [82]
 [48]
 [52]
 [57]
 [51]
 [53]
 [56]]",2,1,glioma,True,0.01566452346742153,0.9392322301864624,0.04510331153869629,0.020059598609805107,0.06339679658412933,0.9165435433387756,0.0037488245870918036,0.9132072925567627,0.0830438956618309,0.013157648888106147,0.6386121064424515,0.3482302501797676,1,glioma,True
2082,"[[77]
 [82]
 [48]
 [52]
 [57]
 [49]
 [48]
 [52]
 [66]]",4,1,glioma,True,0.00017970053886529058,0.993266224861145,0.006554037798196077,0.0006290748133324087,0.9989656209945679,0.0004052177828270942,0.0005081522976979613,0.9983959794044495,0.0010957942577078938,0.0004389758832985535,0.9968759417533875,0.002685016612910355,1,glioma,True
2083,"[[77]
 [82]
 [48]
 [52]
 [57]
 [49]
 [48]
 [52]
 [66]]",4,1,glioma,True,0.0010325998300686479,0.9946818947792053,0.004285507369786501,0.007673164363950491,0.9874267578125,0.004900071769952774,0.1210738867521286,0.8594324588775635,0.019493702799081802,0.04325988364871591,0.9471803704897562,0.009559760646273693,1,glioma,True
2084,"[[77]
 [82]
 [48]
 [52]
 [57]
 [49]
 [48]
 [52]
 [66]]",4,1,glioma,True,0.0016154597979038954,0.8501812815666199,0.14820325374603271,0.0006470131338573992,0.9792400598526001,0.020112844184041023,0.04904741793870926,0.9284669756889343,0.0224855225533247,0.017103296956823517,0.9192961057027181,0.06360054016113281,1,glioma,True
2085,"[[77]
 [82]
 [48]
 [52]
 [57]
 [52]
 [53]
 [51]]",1,1,glioma,True,1.018854930978641e-10,1.0,1.5465715819118486e-08,6.02116551817744e-06,0.9980446100234985,0.0019492993596941233,8.668139912515471e-07,0.9999946355819702,4.470526619115844e-06,2.2960271316406953e-06,0.9993464152018229,0.000651261784009686,1,glioma,True
2086,"[[77]
 [82]
 [48]
 [52]
 [57]
 [52]
 [53]
 [51]]",1,1,glioma,True,1.1132980262118508e-06,0.29852378368377686,0.7014750838279724,0.0017607652116566896,0.09850499033927917,0.8997341990470886,0.005158193409442902,0.9870766997337341,0.007765129208564758,0.002306690639708601,0.46136849125226337,0.5363248040278753,2,pituitary,False
2087,"[[77]
 [82]
 [48]
 [52]
 [57]
 [52]
 [53]
 [51]]",1,1,glioma,True,2.2110346886705656e-10,0.9989487528800964,0.001051307306624949,9.193753953695705e-07,0.9916817545890808,0.008317375555634499,3.2369288760492054e-07,0.9999803304672241,1.9281767890788615e-05,4.1442979548111936e-07,0.9968702793121338,0.003129321543383412,1,glioma,True
2088,"[[77]
 [82]
 [48]
 [52]
 [57]
 [52]
 [53]
 [51]]",1,1,glioma,True,9.279327306543905e-11,1.0,4.054700131206346e-09,3.5845887396135367e-06,0.9991031885147095,0.0008932100026868284,5.054905614088057e-07,0.999997615814209,1.959960400199634e-06,1.3633906980984694e-06,0.9997002681096395,0.0002983913392623864,1,glioma,True
2089,"[[49]
 [48]
 [53]
 [57]
 [51]
 [55]]",2,0,meningioma,True,0.6543719172477722,0.3104579448699951,0.035170212388038635,0.13869448006153107,0.8400954008102417,0.021210139617323875,0.3331353962421417,0.6510889530181885,0.015775639563798904,0.3754005978504817,0.6005474328994751,0.02405199718972047,1,glioma,False
2090,"[[77]
 [82]
 [48]
 [52]
 [57]
 [52]
 [53]
 [51]]",1,1,glioma,True,3.0680020156326204e-12,1.0,1.038034866396309e-10,2.3086448663889314e-07,0.9998836517333984,0.00011604073370108381,2.1793811200154778e-08,0.9999998807907104,7.037195359771431e-08,8.422045528035452e-08,0.9999611775080363,3.870373648605605e-05,1,glioma,True
2091,"[[77]
 [82]
 [48]
 [52]
 [57]
 [52]
 [53]
 [51]]",1,1,glioma,True,3.4172407126220605e-09,1.0,3.094981215756576e-11,2.2480139705294278e-06,0.9931259155273438,0.0068717822432518005,0.00010564885451458395,0.9998561143875122,3.8271104131126776e-05,3.596676190860867e-05,0.9976606766382853,0.0023033511261109133,1,glioma,True
2092,"[[77]
 [82]
 [48]
 [52]
 [57]
 [52]
 [53]
 [51]]",1,1,glioma,True,3.547028484263137e-07,0.9999995231628418,1.1828880985831347e-07,0.0009136493899859488,0.9368777871131897,0.062208473682403564,0.00011334491864545271,0.9997629523277283,0.0001236753014381975,0.00034244967049327596,0.9788800875345866,0.020777422424217207,1,glioma,True
2093,"[[77]
 [82]
 [48]
 [52]
 [57]
 [52]
 [53]
 [51]]",1,1,glioma,True,2.0192315787426196e-05,0.9999798536300659,4.3414908170238964e-13,0.00878095906227827,0.9912123084068298,6.712190952384844e-06,4.213404099573381e-05,0.9999570846557617,8.857090847413929e-07,0.0029477618063538102,0.9970497488975525,2.532633490425106e-06,1,glioma,True
2094,"[[77]
 [82]
 [48]
 [52]
 [57]
 [52]
 [53]
 [51]]",1,1,glioma,True,5.001721001463011e-05,0.9999499320983887,1.1132293871451981e-11,0.022751102223992348,0.9772476553916931,1.3332000889931805e-06,0.006234330125153065,0.9937291145324707,3.6582390748662874e-05,0.00967848318638668,0.9903089006741842,1.263853398998331e-05,1,glioma,True
2095,"[[77]
 [82]
 [48]
 [50]
 [52]
 [55]
 [56]
 [48]
 [71]]",4,1,glioma,True,0.00024379366368521005,0.9988484382629395,0.0009077897993847728,1.5696948594268179e-06,0.9999984502792358,1.8675931912071064e-09,0.024263842031359673,0.9710913896560669,0.004644733387976885,0.008169735129968103,0.9899794260660807,0.0018508416849849496,1,glioma,True
2096,"[[77]
 [82]
 [48]
 [50]
 [52]
 [55]
 [56]
 [48]
 [71]]",4,1,glioma,True,0.00019721350690815598,0.9997279047966003,7.486201502615586e-05,2.1164267138829018e-07,0.9999997615814209,3.0169488435261016e-11,0.014684089459478855,0.9819762706756592,0.0033396773505955935,0.004960504869686133,0.9939013123512268,0.0011381797985970793,1,glioma,True
2097,"[[77]
 [82]
 [48]
 [50]
 [52]
 [55]
 [56]
 [48]
 [71]]",4,1,glioma,True,0.0024592175614088774,0.9975101947784424,3.052134343306534e-05,2.1821156224177685e-06,0.9999978542327881,1.1018193058235856e-13,0.05730251222848892,0.9412317276000977,0.0014658793807029724,0.019921303968506738,0.9795799255371094,0.0004988002414154065,1,glioma,True
2098,"[[77]
 [82]
 [48]
 [50]
 [52]
 [55]
 [56]
 [48]
 [71]]",4,1,glioma,True,0.024821912869811058,0.9751731157302856,5.0477929107728414e-06,0.004444314632564783,0.9955556988716125,1.1880018746524001e-08,0.026736168190836906,0.9731625914573669,0.00010129832662642002,0.018667465231070917,0.9812971353530884,3.545266651864646e-05,1,glioma,True
2099,"[[77]
 [82]
 [48]
 [50]
 [52]
 [55]
 [56]
 [48]
 [71]]",4,1,glioma,True,0.024712814018130302,0.975273609161377,1.357445762550924e-05,0.23020558059215546,0.7697940468788147,3.948300104639202e-07,0.0332377664744854,0.9666468501091003,0.0001153687626356259,0.09605205369492371,0.9039048353830973,4.311268342386635e-05,1,glioma,True
2100,"[[49]
 [48]
 [53]
 [57]
 [51]
 [55]]",2,0,meningioma,True,0.05521447956562042,0.2008405476808548,0.7439450025558472,0.11897856742143631,0.2713647484779358,0.6096566915512085,0.8827844262123108,0.043201372027397156,0.0740140900015831,0.35232582439978916,0.17180222272872925,0.4758719280362129,2,pituitary,False
2101,"[[77]
 [82]
 [48]
 [50]
 [52]
 [55]
 [56]
 [48]
 [71]]",4,1,glioma,True,0.036507509648799896,0.9634895324707031,3.0044777759030694e-06,0.30858445167541504,0.691415548324585,1.0118910570566797e-10,0.07842571288347244,0.9215611219406128,1.3179951565689407e-05,0.14117255806922913,0.8588220675786337,5.3948435102327275e-06,1,glioma,True
2102,"[[77]
 [82]
 [48]
 [53]
 [48]
 [49]
 [51]
 [53]
 [66]]",3,1,glioma,True,0.003886069869622588,0.996113657951355,2.8028802034896216e-07,0.008717433549463749,0.9912809729576111,1.5981145224941429e-06,0.0002285191003466025,0.9997715353965759,1.4682279392275177e-08,0.00427734083981098,0.9957220554351807,6.310282740784601e-07,1,glioma,True
2103,"[[77]
 [82]
 [48]
 [53]
 [48]
 [49]
 [51]
 [53]
 [66]]",3,1,glioma,True,0.03597839176654816,0.9640213251113892,1.9372947690499132e-07,0.037897054105997086,0.9620958566665649,7.145799372665351e-06,0.05756830796599388,0.9424316883087158,7.231939491703088e-09,0.043814584612846375,0.9561829566955566,2.448920263020682e-06,1,glioma,True
2104,"[[77]
 [82]
 [48]
 [53]
 [48]
 [49]
 [51]
 [53]
 [66]]",3,1,glioma,True,0.012872706167399883,0.9871273040771484,3.411831883681771e-08,0.0012055377010256052,0.998792290687561,2.1531486709136516e-06,2.230540667369496e-05,0.9999775886535645,1.0164442443283406e-07,0.004700183091699728,0.9952990611394247,7.629704713944344e-07,1,glioma,True
2105,"[[77]
 [82]
 [48]
 [53]
 [48]
 [49]
 [51]
 [53]
 [66]]",3,1,glioma,True,0.0016586814308539033,0.9983412027359009,1.548154529018575e-07,0.00020754184515681118,0.9996999502182007,9.250298171536997e-05,2.0132613371970365e-06,0.9999974966049194,5.298187488733674e-07,0.0006227455124493039,0.9993462165196737,3.10625386390484e-05,1,glioma,True
2106,"[[77]
 [82]
 [48]
 [53]
 [48]
 [49]
 [51]
 [53]
 [66]]",3,1,glioma,True,0.0004349163209553808,0.9995618462562561,3.2540813208470354e-06,2.091471515086596e-06,0.9998414516448975,0.00015637159231118858,2.6197056968157995e-07,0.9999936819076538,6.105522970756283e-06,0.00014575658768004965,0.9997989932696024,5.524373220093063e-05,1,glioma,True
2107,"[[77]
 [82]
 [48]
 [53]
 [48]
 [49]
 [51]
 [53]
 [66]]",3,1,glioma,True,0.003455419559031725,0.9945124387741089,0.0020321046467870474,8.7581784100621e-06,0.9976133108139038,0.0023778583854436874,1.089159553657737e-07,0.999663233757019,0.0003366020100656897,0.0011547622177990509,0.9972629944483439,0.0015821883474321414,1,glioma,True
2108,"[[77]
 [82]
 [48]
 [53]
 [48]
 [49]
 [51]
 [53]
 [66]]",3,1,glioma,True,0.09230436384677887,0.8282071352005005,0.07948847860097885,0.0008628344512544572,0.3692501485347748,0.629887044429779,1.4269714938563993e-06,0.9821537733078003,0.01784483529627323,0.03105620842317573,0.7265370190143585,0.24240678610901037,1,glioma,True
2109,"[[77]
 [82]
 [48]
 [53]
 [48]
 [49]
 [51]
 [53]
 [66]]",3,1,glioma,True,0.0002498503599781543,0.9996775388717651,7.251656643347815e-05,1.8241080397274345e-05,0.9966471791267395,0.0033344535622745752,6.6908905083096215e-09,0.9999947547912598,5.293988124321913e-06,8.936604375531232e-05,0.9987731575965881,0.0011374213722774584,1,glioma,True
2110,"[[77]
 [82]
 [48]
 [53]
 [48]
 [49]
 [51]
 [53]
 [66]]",3,1,glioma,True,0.009542488493025303,0.9871951937675476,0.0032624322921037674,9.407704055774957e-05,0.9959988594055176,0.00390712171792984,3.24980931054597e-07,0.9999862909317017,1.3300205864652526e-05,0.003212296838171369,0.9943934480349222,0.0023942847386327535,1,glioma,True
2111,"[[49]
 [48]
 [50]
 [55]
 [49]
 [52]]",4,0,meningioma,True,0.9375649094581604,0.04318588227033615,0.019249161705374718,0.9870763421058655,0.0064625972881913185,0.00646103173494339,0.7909151911735535,0.05890335515141487,0.15018145740032196,0.9051854809125265,0.036183944903314114,0.058630550280213356,0,meningioma,True
2112,"[[49]
 [48]
 [54]
 [50]
 [56]
 [52]]",2,0,meningioma,True,0.9911085367202759,0.008891498669981956,2.0294992353342423e-08,0.6406653523445129,0.35933321714401245,1.4610349126087385e-06,0.8272112011909485,0.1727772355079651,1.1658488801913336e-05,0.8196616967519125,0.1803339837739865,4.3799395689584726e-06,0,meningioma,True
2113,"[[77]
 [82]
 [48]
 [53]
 [48]
 [54]
 [56]
 [55]]",3,1,glioma,True,0.0001373313571093604,0.999859094619751,3.544513674569316e-06,0.0037489638198167086,0.9962493777275085,1.6353488945242134e-06,0.0010094339959323406,0.9989905953407288,5.5280960253867306e-08,0.0016319097242861365,0.9983663558959961,1.745047843115799e-06,1,glioma,True
2114,"[[77]
 [82]
 [48]
 [53]
 [48]
 [54]
 [56]
 [55]]",3,1,glioma,True,3.471375384833664e-05,0.9999445676803589,2.0756300727953203e-05,9.841132850851864e-05,0.9998854398727417,1.608947968634311e-05,3.4777362998283934e-06,0.999995231628418,1.332822535005107e-06,4.553427288556122e-05,0.9999417463938395,1.2726200983100474e-05,1,glioma,True
2115,"[[77]
 [82]
 [48]
 [53]
 [48]
 [54]
 [56]
 [55]]",3,1,glioma,True,0.0034453494008630514,0.9958166480064392,0.0007379732560366392,0.005354725755751133,0.9943892359733582,0.00025602319510653615,4.0121540223481134e-05,0.9999589920043945,8.549463359486253e-07,0.002946732232279222,0.996721625328064,0.0003316171324930413,1,glioma,True
2116,"[[77]
 [82]
 [48]
 [53]
 [48]
 [54]
 [56]
 [55]]",3,1,glioma,True,0.01993279531598091,0.9772782921791077,0.002788953250274062,0.05126534029841423,0.9483523368835449,0.00038235547253862023,0.0008582499576732516,0.999138593673706,3.0831417916488135e-06,0.024018795190689463,0.9749230742454529,0.001058130621534777,1,glioma,True
2117,"[[77]
 [82]
 [48]
 [53]
 [48]
 [54]
 [56]
 [55]]",3,1,glioma,True,0.02193923480808735,0.9694355130195618,0.008625278249382973,0.06410079449415207,0.9270429611206055,0.008856169879436493,0.0006152823334559798,0.9993645548820496,2.0162500732112676e-05,0.028885103878565133,0.9652810096740723,0.005833870209850526,1,glioma,True
2118,"[[77]
 [82]
 [48]
 [53]
 [48]
 [54]
 [56]
 [55]]",3,1,glioma,True,0.025528179481625557,0.949964165687561,0.024507736787199974,0.09443584829568863,0.8710153102874756,0.03454892709851265,0.014349084347486496,0.9854850172996521,0.00016585765115451068,0.04477103737493356,0.9354881644248962,0.019740840512289044,1,glioma,True
2119,"[[77]
 [82]
 [48]
 [53]
 [48]
 [55]
 [57]
 [49]
 [66]]",4,1,glioma,True,0.06471429020166397,0.9352855682373047,1.2626196621567942e-07,0.37344372272491455,0.6265562772750854,1.7235360342160617e-14,0.038700297474861145,0.9612988233566284,8.832105891087849e-07,0.15895277013381323,0.8410468896230062,3.3649085751994154e-07,1,glioma,True
2120,"[[77]
 [82]
 [48]
 [53]
 [48]
 [55]
 [57]
 [49]
 [66]]",4,1,glioma,True,0.28575557470321655,0.7142435312271118,9.100607485379442e-07,0.6107091307640076,0.3892908990383148,7.985343497551867e-10,0.458700031042099,0.5412841439247131,1.586851431056857e-05,0.45172157883644104,0.5482728580633799,5.59312453115209e-06,1,glioma,True
2121,"[[77]
 [82]
 [48]
 [53]
 [48]
 [55]
 [57]
 [49]
 [66]]",4,1,glioma,True,0.26908043026924133,0.7308666706085205,5.2871571824653074e-05,0.9321005940437317,0.06789592653512955,3.4776628581312252e-06,0.8522107601165771,0.14749930799007416,0.0002898962702602148,0.6844639281431834,0.31542063504457474,0.00011541516831433303,0,meningioma,False
2122,"[[77]
 [82]
 [48]
 [53]
 [48]
 [55]
 [57]
 [49]
 [66]]",4,1,glioma,True,0.6575472950935364,0.33870890736579895,0.0037438981235027313,0.9882972836494446,0.010334459133446217,0.0013683270663022995,0.7017109394073486,0.2782479226589203,0.020041119307279587,0.7825185060501099,0.20909709638605514,0.008384448165694872,0,meningioma,False
2123,"[[49]
 [48]
 [54]
 [50]
 [56]
 [52]]",2,0,meningioma,True,0.9936886429786682,0.006311379373073578,2.98834521572644e-08,0.7862101793289185,0.21378926932811737,5.325839538272703e-07,0.9958557486534119,0.004144198726862669,3.2459045229416006e-08,0.9252515236536661,0.07474828247601788,1.983088170713169e-07,0,meningioma,True
2124,"[[77]
 [82]
 [48]
 [53]
 [48]
 [55]
 [57]
 [49]
 [66]]",4,1,glioma,True,0.9741921424865723,0.02544107474386692,0.0003667530545499176,0.9953857064247131,0.004080934915691614,0.0005333614535629749,0.8922390937805176,0.10459298640489578,0.0031678976956754923,0.9539389808972677,0.04470499868815144,0.0013560040679294616,0,meningioma,False
2125,"[[77]
 [82]
 [48]
 [53]
 [48]
 [55]
 [57]
 [49]
 [66]]",4,1,glioma,True,0.8902683854103088,0.10683927685022354,0.0028923307545483112,0.9165576696395874,0.08249809592962265,0.0009441928123123944,0.758820652961731,0.24048982560634613,0.0006895418628118932,0.8552155693372091,0.14327573279539743,0.001508688476557533,0,meningioma,False
2126,"[[77]
 [82]
 [48]
 [53]
 [48]
 [55]
 [57]
 [49]
 [66]]",4,1,glioma,True,0.8465166687965393,0.1376533955335617,0.01582985743880272,0.9759498238563538,0.02381177246570587,0.00023841312213335186,0.84224534034729,0.15607331693172455,0.0016813497059047222,0.8882372776667277,0.10584616164366405,0.005916540088946931,0,meningioma,False
2127,"[[77]
 [82]
 [48]
 [53]
 [48]
 [55]
 [57]
 [49]
 [66]]",4,1,glioma,True,0.02288024127483368,0.9510813355445862,0.026038451120257378,0.03528957441449165,0.9637463092803955,0.0009641042561270297,0.06594499945640564,0.929250180721283,0.004804853815585375,0.04137160504857699,0.9480259418487549,0.010602469730656594,1,glioma,True
2128,"[[77]
 [82]
 [48]
 [52]
 [57]
 [48]
 [49]
 [57]
 [67]]",4,1,glioma,True,7.32748958398588e-05,0.9992890357971191,0.0006376806413754821,7.144598725972173e-07,0.9999991655349731,1.1590983461928772e-07,7.350454689003527e-05,0.9990948438644409,0.0008316509192809463,4.916463420083043e-05,0.9994610150655111,0.0004898158234970159,1,glioma,True
2129,"[[77]
 [82]
 [48]
 [52]
 [57]
 [48]
 [49]
 [57]
 [67]]",4,1,glioma,True,1.5780181001900928e-06,0.9998071789741516,0.00019126279221381992,1.5874749692557089e-07,0.9999996423721313,2.487781216586882e-07,1.49962795603642e-06,0.999908447265625,9.000809950521216e-05,1.0787978510506946e-06,0.9999050895373026,9.383988994689692e-05,1,glioma,True
2130,"[[77]
 [82]
 [48]
 [52]
 [57]
 [48]
 [49]
 [57]
 [67]]",4,1,glioma,True,2.3045033685775707e-06,0.9998595714569092,0.00013815611600875854,9.6148585271294e-07,0.999998927116394,1.6509305567069532e-07,6.059759925847175e-06,0.9998600482940674,0.00013382858014665544,3.1085830490458952e-06,0.9999061822891235,9.07165964036949e-05,1,glioma,True
2131,"[[77]
 [82]
 [48]
 [52]
 [57]
 [48]
 [49]
 [57]
 [67]]",4,1,glioma,True,8.965292181528639e-06,0.9940540194511414,0.005936938803642988,7.861392077757046e-06,0.9999302625656128,6.191270222188905e-05,1.878791954368353e-05,0.9996358156204224,0.0003452954115346074,1.1871534600989738e-05,0.9978733658790588,0.0021147156391331614,1,glioma,True
2132,"[[77]
 [82]
 [48]
 [53]
 [49]
 [52]
 [54]
 [49]]",2,1,glioma,True,0.14194874465465546,0.8580278754234314,2.3399215933750384e-05,0.2767993211746216,0.7231978178024292,2.8694632874248782e-06,6.340556865325198e-05,0.999936580657959,2.511858451272053e-13,0.1396038237993101,0.8603874246279398,8.756226490787036e-06,1,glioma,True
2133,"[[77]
 [82]
 [48]
 [53]
 [49]
 [52]
 [54]
 [49]]",2,1,glioma,True,0.1550043225288391,0.8449851870536804,1.0497366929484997e-05,0.289136677980423,0.7108624577522278,8.095271368802059e-07,1.2703979336947668e-05,0.9999872446060181,5.98360675786204e-14,0.148051234829533,0.8519449631373087,3.768964708733757e-06,1,glioma,True
2134,"[[49]
 [48]
 [54]
 [50]
 [56]
 [52]]",2,0,meningioma,True,0.9970688223838806,0.0029310397803783417,6.264158258773023e-08,0.4876183271408081,0.5123805999755859,1.0428298082842957e-06,0.9982207417488098,0.001778988866135478,2.4822546151881397e-07,0.8276359637578329,0.17236354287403324,4.5123228413028e-07,0,meningioma,True
2135,"[[77]
 [82]
 [48]
 [53]
 [49]
 [52]
 [54]
 [49]]",2,1,glioma,True,0.27138081192970276,0.7286065220832825,1.2668189810938202e-05,0.35462686419487,0.6453724503517151,6.986282414800371e-07,5.7063927670242265e-05,0.9999428987503052,4.4634021684804986e-14,0.208688246684081,0.791307290395101,4.455606032350754e-06,1,glioma,True
2136,"[[77]
 [82]
 [48]
 [53]
 [49]
 [52]
 [54]
 [49]]",2,1,glioma,True,0.14680851995944977,0.8531885743141174,2.9600171274069e-06,0.2647508680820465,0.7352486848831177,4.152641110977129e-07,0.001004398218356073,0.9989956021308899,6.047098314709148e-14,0.13752126208661744,0.8624776204427084,1.1250937663251987e-06,1,glioma,True
2137,"[[77]
 [82]
 [48]
 [53]
 [49]
 [52]
 [54]
 [49]]",2,1,glioma,True,0.09903640300035477,0.9009634852409363,1.1277298028744553e-07,0.16624170541763306,0.8337581753730774,6.665024443464063e-08,0.022796176373958588,0.9772038459777832,1.708450949172702e-15,0.09602476159731548,0.9039751688639323,5.980774214351237e-08,1,glioma,True
2138,"[[77]
 [82]
 [48]
 [53]
 [49]
 [52]
 [54]
 [49]]",2,1,glioma,True,0.06555643677711487,0.9344434142112732,8.067186030302764e-08,0.27763131260871887,0.722368597984314,6.215365999651112e-08,0.06148333474993706,0.9385166168212891,1.3274398805640172e-14,0.13489036137859026,0.8651095430056254,4.760851119131252e-08,1,glioma,True
2139,"[[77]
 [82]
 [48]
 [53]
 [49]
 [52]
 [54]
 [49]]",2,1,glioma,True,0.05753713846206665,0.9424628019332886,1.392303516922766e-08,0.32386577129364014,0.6761342287063599,3.137008874887215e-08,0.008331794291734695,0.9916682243347168,7.721061915093742e-15,0.12991156801581383,0.8700884183247884,1.5097710546387242e-08,1,glioma,True
2140,"[[77]
 [82]
 [48]
 [53]
 [49]
 [53]
 [56]
 [54]]",1,1,glioma,True,0.002649095607921481,0.9973509311676025,9.487604130794597e-17,0.29144036769866943,0.7085596323013306,4.422396671088791e-09,0.1090899109840393,0.8909099698066711,5.579939710287363e-08,0.1343931247635434,0.8656068444252014,2.007393128961282e-08,1,glioma,True
2141,"[[77]
 [82]
 [48]
 [53]
 [49]
 [53]
 [56]
 [54]]",1,1,glioma,True,0.005692682694643736,0.9943073391914368,9.085143932736212e-14,0.45315948128700256,0.5468404293060303,6.225528181857953e-08,0.0021118721924722195,0.9978880286216736,8.517193350598973e-08,0.15365467872470617,0.8463452657063802,4.9142435392002865e-08,1,glioma,True
2142,"[[77]
 [82]
 [48]
 [53]
 [49]
 [53]
 [56]
 [54]]",1,1,glioma,True,0.12662619352340698,0.873373806476593,6.629394949664302e-11,0.32325175404548645,0.676683783531189,6.448425847338513e-05,0.011293417774140835,0.9887008666992188,5.6775088523863815e-06,0.1537237884476781,0.8462528189023336,2.3387277873240336e-05,1,glioma,True
2143,"[[77]
 [82]
 [48]
 [53]
 [49]
 [53]
 [56]
 [54]]",1,1,glioma,True,0.014563596807420254,0.9854363799095154,3.8229939214318165e-09,0.1923314929008484,0.8068965077400208,0.000772051396779716,0.011475251987576485,0.9884981513023376,2.66757433564635e-05,0.07279011389861505,0.9269436796506246,0.00026624365437670033,1,glioma,True
2144,"[[77]
 [82]
 [48]
 [53]
 [49]
 [53]
 [56]
 [54]]",1,1,glioma,True,0.5026563405990601,0.49731549620628357,2.814047911670059e-05,0.19613800942897797,0.7948166728019714,0.009045316837728024,0.09816177934408188,0.8993048667907715,0.002533344319090247,0.26565204312403995,0.7304790119330088,0.0038689338786449903,1,glioma,True
2145,"[[49]
 [48]
 [54]
 [50]
 [56]
 [52]]",2,0,meningioma,True,0.9850872755050659,0.014438503421843052,0.00047421915223822,0.24220362305641174,0.7577351927757263,6.119249883340672e-05,0.9950624108314514,0.0006960813188925385,0.004241487476974726,0.7407844364643097,0.25762325917215395,0.001592299709348784,0,meningioma,True
2146,"[[77]
 [82]
 [48]
 [53]
 [49]
 [53]
 [56]
 [54]]",1,1,glioma,True,0.23504579067230225,0.7649177312850952,3.6507997720036656e-05,0.017887577414512634,0.7210105657577515,0.26110193133354187,0.07444627583026886,0.9152725338935852,0.010281209833920002,0.10912654797236125,0.8004002769788107,0.09047321638839396,1,glioma,True
2147,"[[77]
 [82]
 [48]
 [53]
 [49]
 [53]
 [56]
 [54]]",1,1,glioma,True,0.019205791875720024,0.9807941913604736,4.0410494506204486e-08,0.0004621141997631639,0.9952168464660645,0.0043211281299591064,0.002847424242645502,0.9947874546051025,0.0023651153314858675,0.007505110106042896,0.9902661641438802,0.0022287612906464935,1,glioma,True
2148,"[[77]
 [82]
 [48]
 [53]
 [49]
 [53]
 [56]
 [54]]",1,1,glioma,True,2.2316145987133496e-05,0.9999772310256958,4.822544497073977e-07,3.954057683586143e-05,0.9996380805969238,0.00032231525983661413,4.4196287490194663e-05,0.9953721165657043,0.004583785776048899,3.5351003437729865e-05,0.9983291427294413,0.0016355277634450733,1,glioma,True
2149,"[[77]
 [82]
 [48]
 [53]
 [49]
 [53]
 [56]
 [54]]",1,1,glioma,True,0.0001047476616804488,0.9989308714866638,0.0009643574012443423,0.003092703642323613,0.9758264422416687,0.021080875769257545,0.006898312829434872,0.161787211894989,0.8313144445419312,0.0033652547111463114,0.7121815085411072,0.28445322590414435,1,glioma,True
2150,"[[77]
 [82]
 [48]
 [53]
 [49]
 [54]
 [52]
 [52]]",1,1,glioma,True,0.010118556208908558,0.9898810982704163,3.4733542975118326e-07,0.23569737374782562,0.7634446024894714,0.0008580147405155003,0.010139125399291515,0.9890261292457581,0.0008347828988917172,0.0853183517853419,0.9141172766685486,0.0005643816582789896,1,glioma,True
2151,"[[77]
 [82]
 [48]
 [53]
 [49]
 [54]
 [52]
 [52]]",1,1,glioma,True,0.008774073794484138,0.9912199378013611,5.968085588392569e-06,0.5748036503791809,0.4236116409301758,0.0015847007744014263,0.016110576689243317,0.9798944592475891,0.003995017148554325,0.19989610028763613,0.7982420126597086,0.0018618953361813813,1,glioma,True
2152,"[[77]
 [82]
 [48]
 [53]
 [49]
 [54]
 [52]
 [52]]",1,1,glioma,True,1.6471058188471943e-06,0.9999983310699463,1.2157180817595759e-09,0.004177140071988106,0.9958139061927795,8.844977855915204e-06,9.08271613297984e-05,0.9997460246086121,0.00016319913265760988,0.0014232047797122505,0.9985194206237793,5.734844207720228e-05,1,glioma,True
2153,"[[77]
 [82]
 [48]
 [53]
 [49]
 [54]
 [52]
 [52]]",1,1,glioma,True,0.001201379462145269,0.9985107779502869,0.0002878266095649451,0.07273484766483307,0.9263207912445068,0.0009443839662708342,0.0004175567300990224,0.9992708563804626,0.0003116534498985857,0.024784594619025786,0.9747008085250854,0.000514621341911455,1,glioma,True
2154,"[[77]
 [82]
 [48]
 [53]
 [49]
 [54]
 [52]
 [52]]",1,1,glioma,True,0.0013370411470532417,0.9986613988876343,1.5206504713205504e-06,0.17886172235012054,0.8198251128196716,0.0013130874140188098,0.0004318961873650551,0.9995181560516357,4.9880742153618485e-05,0.06021021989484628,0.9393348892529806,0.00045482960221458296,1,glioma,True
2155,"[[77]
 [82]
 [48]
 [53]
 [49]
 [54]
 [52]
 [52]]",1,1,glioma,True,0.010745211504399776,0.9892545938491821,2.6325039925723104e-07,0.682914674282074,0.3168167173862457,0.0002685980871319771,0.012462198734283447,0.98732590675354,0.0002119806595146656,0.23537402817358574,0.764465739329656,0.00016028066568196664,1,glioma,True
2156,"[[49]
 [48]
 [54]
 [52]
 [52]
 [50]]",2,0,meningioma,True,0.9394388198852539,0.060561202466487885,3.960587413587291e-09,0.7809947729110718,0.21900521218776703,1.2433120311072798e-08,0.9982227683067322,0.0017772295977920294,1.1780298649374354e-16,0.9062187870343527,0.09378121475068231,5.4645692808210255e-09,0,meningioma,True
2157,"[[77]
 [82]
 [48]
 [53]
 [49]
 [54]
 [52]
 [52]]",1,1,glioma,True,0.006004763767123222,0.9939950108528137,2.054307515209075e-07,0.6285076141357422,0.371372252702713,0.00012019478162983432,0.1323384791612625,0.8669604659080505,0.0007010231493040919,0.2556169523547093,0.7441092431545258,0.00027380778722848237,1,glioma,True
2158,"[[77]
 [82]
 [48]
 [53]
 [49]
 [54]
 [52]
 [52]]",1,1,glioma,True,0.001975062070414424,0.9980247020721436,1.796921225150072e-07,0.2749425172805786,0.7250329256057739,2.4530036171199754e-05,0.20063813030719757,0.7915751934051514,0.007786610629409552,0.1591852365527302,0.838210940361023,0.0026037734525677556,1,glioma,True
2159,"[[77]
 [82]
 [48]
 [53]
 [49]
 [54]
 [52]
 [52]]",1,1,glioma,True,0.01134906243532896,0.9886111617088318,3.974518403992988e-05,0.08657591789960861,0.913193941116333,0.00023014993348624557,0.05327495187520981,0.9444597959518433,0.0022652316838502884,0.05039997740338246,0.9487549662590027,0.0008450422671254879,1,glioma,True
2160,"[[77]
 [82]
 [48]
 [53]
 [49]
 [54]
 [52]
 [52]]",1,1,glioma,True,0.017549125477671623,0.9824496507644653,1.1899581977559137e-06,0.24495993554592133,0.7550175786018372,2.251722980872728e-05,0.07855815440416336,0.9208473563194275,0.0005945294979028404,0.1136890718092521,0.8861048618952433,0.00020607889530310786,1,glioma,True
2161,"[[77]
 [82]
 [48]
 [53]
 [49]
 [54]
 [53]
 [49]]",2,1,glioma,True,0.0009733637562021613,0.9990236759185791,2.940768808912253e-06,0.034972310066223145,0.965022087097168,5.629720362776425e-06,3.135953738819808e-05,0.9999686479568481,1.0015316576073019e-08,0.011992344453271167,0.9880048036575317,2.860168162754917e-06,1,glioma,True
2162,"[[77]
 [82]
 [48]
 [53]
 [49]
 [54]
 [53]
 [49]]",2,1,glioma,True,0.001375923166051507,0.9986212253570557,2.9034977160335984e-06,0.028467152267694473,0.9715274572372437,5.471059921546839e-06,6.089132511988282e-05,0.9999390840530396,5.620203087641773e-12,0.009967988919621954,0.9900292555491129,2.7915210859278416e-06,1,glioma,True
2163,"[[77]
 [82]
 [48]
 [53]
 [49]
 [54]
 [53]
 [49]]",2,1,glioma,True,0.011630400083959103,0.9883666634559631,2.942525725302403e-06,0.20347867906093597,0.7965165972709656,4.697621534432983e-06,2.498752473911736e-05,0.9999749660491943,9.466936783109059e-13,0.07171135555654473,0.928286075592041,2.546716068809688e-06,1,glioma,True
2164,"[[77]
 [82]
 [48]
 [53]
 [49]
 [54]
 [53]
 [49]]",2,1,glioma,True,0.056124184280633926,0.9438748955726624,9.386432111568865e-07,0.5450964570045471,0.4549005627632141,2.967952241306193e-06,0.00013871639384888113,0.9998612403869629,6.190337007100713e-14,0.20045311922634332,0.7995455662409464,1.3021985047888167e-06,1,glioma,True
2165,"[[77]
 [82]
 [48]
 [53]
 [49]
 [55]
 [57]
 [54]]",4,1,glioma,True,0.0003618326736614108,0.19176578521728516,0.8078724145889282,0.0005404173862189054,0.9469081163406372,0.052551452070474625,0.03631645813584328,0.23114506900310516,0.7325384020805359,0.012406236065241197,0.4566063235203425,0.5309874229133129,2,pituitary,False
2166,"[[77]
 [82]
 [48]
 [53]
 [49]
 [55]
 [57]
 [54]]",4,1,glioma,True,0.00010969916183967143,0.0670858696103096,0.9328044652938843,0.0022832569666206837,0.871143102645874,0.12657372653484344,0.062180906534194946,0.36588647961616516,0.5719325542449951,0.021524620887551766,0.43470515062411624,0.5437702486912409,2,pituitary,False
2167,"[[49]
 [48]
 [54]
 [52]
 [52]
 [50]]",2,0,meningioma,True,0.8827714323997498,0.11722854524850845,2.990694358828705e-10,0.572600245475769,0.42739975452423096,3.442524043606454e-10,0.9961612224578857,0.00383872352540493,1.0958312069323669e-16,0.8171776334444681,0.18282234109938145,2.144406499422122e-10,0,meningioma,True
2168,"[[77]
 [82]
 [48]
 [53]
 [49]
 [55]
 [57]
 [54]]",4,1,glioma,True,0.00016466884699184448,0.889207661151886,0.11062777787446976,0.005218746606260538,0.994066596031189,0.0007147245341911912,0.002420194912701845,0.9605892896652222,0.03699050843715668,0.002601203455318076,0.947954515616099,0.04944433694860587,1,glioma,True
2169,"[[77]
 [82]
 [48]
 [53]
 [49]
 [55]
 [57]
 [54]]",4,1,glioma,True,0.007254469208419323,0.9522480368614197,0.040497418493032455,0.0005178129649721086,0.99945467710495,2.753595072135795e-05,0.006243709474802017,0.9361975193023682,0.057558804750442505,0.004671997216064483,0.9626334110895792,0.03269458639806544,1,glioma,True
2170,"[[77]
 [82]
 [48]
 [53]
 [49]
 [55]
 [57]
 [54]]",4,1,glioma,True,0.05376184359192848,0.9382491707801819,0.007988952100276947,0.12733317911624908,0.8726634979248047,3.377976554475026e-06,0.27251553535461426,0.6544337868690491,0.07305070012807846,0.15120351935426393,0.8217821518580118,0.027014343401636626,1,glioma,True
2171,"[[77]
 [82]
 [48]
 [53]
 [49]
 [55]
 [57]
 [54]]",4,1,glioma,True,0.025946959853172302,0.9730435013771057,0.0010094798635691404,0.1320275515317917,0.8679683804512024,4.046137291879859e-06,0.46389493346214294,0.5276125073432922,0.008492586202919483,0.20728981494903564,0.7895414630572001,0.0031687040679268343,1,glioma,True
2172,"[[77]
 [82]
 [48]
 [53]
 [49]
 [55]
 [57]
 [54]]",4,1,glioma,True,0.006815342698246241,0.9927284717559814,0.0004562358371913433,0.0843336284160614,0.91566401720047,2.307779595867032e-06,0.05827881395816803,0.9401621222496033,0.0015590590192005038,0.049809261690825224,0.9495182037353516,0.0006725342119959047,1,glioma,True
2173,"[[77]
 [82]
 [48]
 [53]
 [49]
 [54]
 [53]
 [49]
 [66]]",0,1,glioma,True,0.5994488596916199,0.36027270555496216,0.040278464555740356,0.43382060527801514,0.5085422396659851,0.05763714388012886,0.6611039638519287,0.32913318276405334,0.009762835688889027,0.5647911429405212,0.39931604266166687,0.03589281470825275,0,meningioma,False
2174,"[[77]
 [82]
 [48]
 [53]
 [49]
 [54]
 [53]
 [49]
 [66]]",0,1,glioma,True,0.5683102011680603,0.3785122334957123,0.05317750573158264,0.37649351358413696,0.5707924365997314,0.052714068442583084,0.6972886919975281,0.29068684577941895,0.01202456932514906,0.5473641355832418,0.4133305052916209,0.03930538116643826,0,meningioma,False
2175,"[[77]
 [82]
 [48]
 [53]
 [49]
 [54]
 [53]
 [49]
 [66]]",0,1,glioma,True,0.5712021589279175,0.38694193959236145,0.04185593128204346,0.36320099234580994,0.5843841433525085,0.05241483449935913,0.667507529258728,0.32252728939056396,0.00996520183980465,0.5339702268441519,0.43128445744514465,0.03474532254040241,0,meningioma,False
2176,"[[77]
 [82]
 [48]
 [53]
 [49]
 [54]
 [53]
 [49]
 [66]]",0,1,glioma,True,0.5777812004089355,0.39695629477500916,0.025262515991926193,0.3412821888923645,0.6202008724212646,0.03851696103811264,0.6196538805961609,0.37445661425590515,0.005889501888304949,0.5129057566324869,0.46387126048405963,0.02322299297278126,0,meningioma,False
2177,"[[77]
 [82]
 [48]
 [53]
 [49]
 [54]
 [53]
 [49]
 [66]]",0,1,glioma,True,0.5849947929382324,0.4036562144756317,0.011349030770361423,0.34757569432258606,0.6283093690872192,0.02411498874425888,0.5984423160552979,0.3965007960796356,0.005056874826550484,0.5103376011053721,0.47615545988082886,0.013506964780390263,0,meningioma,False
2178,"[[49]
 [48]
 [54]
 [52]
 [52]
 [50]]",2,0,meningioma,True,0.6077720522880554,0.3922279477119446,4.773364342680608e-11,0.3801569640636444,0.6198430061340332,1.7796651305412858e-11,0.810015082359314,0.18998487293720245,3.19227765457951e-15,0.5993146995703379,0.40068527559439343,2.184449566995784e-11,0,meningioma,True
2179,"[[77]
 [82]
 [48]
 [53]
 [49]
 [54]
 [53]
 [49]
 [66]]",0,1,glioma,True,0.6329894065856934,0.36281728744506836,0.004193255212157965,0.6067478656768799,0.3828178644180298,0.010434318333864212,0.6436213254928589,0.3546231687068939,0.0017554463120177388,0.6277861992518107,0.3667527735233307,0.005461006619346638,0,meningioma,False
2180,"[[77]
 [82]
 [48]
 [53]
 [49]
 [54]
 [52]
 [52]
 [66]]",2,1,glioma,True,2.7088872229796834e-05,0.0035519299563020468,0.9964209794998169,0.004092293791472912,0.01693989895284176,0.9789678454399109,1.4965230832331144e-07,0.00016841906472109258,0.9998314380645752,0.001373177438670344,0.006886749324621633,0.991740087668101,2,pituitary,False
2181,"[[77]
 [82]
 [48]
 [53]
 [49]
 [54]
 [52]
 [52]
 [66]]",2,1,glioma,True,0.001458756159991026,0.05126415938138962,0.9472770094871521,0.01887453719973564,0.047612514346838,0.9335129261016846,2.1363563064369373e-05,0.006938512437045574,0.9930400848388672,0.006784885640930345,0.03527172872175773,0.957943340142568,2,pituitary,False
2182,"[[77]
 [82]
 [48]
 [53]
 [49]
 [54]
 [52]
 [52]
 [66]]",2,1,glioma,True,0.0007034833543002605,0.1365782618522644,0.8627182245254517,0.03880520537495613,0.23205438256263733,0.7291404008865356,3.5455125271255383e-06,0.00613838154822588,0.9938580393791199,0.013170744747261173,0.12492367532104254,0.861905554930369,2,pituitary,False
2183,"[[77]
 [82]
 [48]
 [53]
 [49]
 [54]
 [52]
 [52]
 [66]]",2,1,glioma,True,0.05804917961359024,0.8946962952613831,0.04725449159741402,0.1677444577217102,0.27404943108558655,0.5582060813903809,0.0001028020415105857,0.01772496849298477,0.9821721911430359,0.07529881312560367,0.39549023161331814,0.5292109213769436,2,pituitary,False
2184,"[[77]
 [82]
 [48]
 [53]
 [49]
 [54]
 [52]
 [52]
 [66]]",2,1,glioma,True,0.044642124325037,0.8038423657417297,0.15151554346084595,0.20498518645763397,0.5257567763328552,0.269258052110672,0.0001241380668943748,0.0285202506929636,0.971355676651001,0.08325048294985511,0.45270646425584954,0.46404309074083966,2,pituitary,False
2185,"[[77]
 [82]
 [48]
 [53]
 [49]
 [54]
 [52]
 [52]
 [66]]",2,1,glioma,True,0.005629248917102814,0.1824072003364563,0.8119635581970215,0.06854173541069031,0.2700428366661072,0.6614153385162354,0.00014851482410449535,0.0178013127297163,0.9820501804351807,0.024773166383965872,0.15675044991075993,0.8184763590494791,2,pituitary,False
2186,"[[77]
 [82]
 [48]
 [53]
 [49]
 [54]
 [52]
 [52]
 [66]]",2,1,glioma,True,0.0038804977666586637,0.6758456230163574,0.32027387619018555,0.10114140063524246,0.3941078782081604,0.5047507286071777,1.921651801239932e-06,0.5704730749130249,0.4295249879360199,0.035007940017900786,0.5468088587125143,0.4181831975777944,1,glioma,True
2187,"[[77]
 [82]
 [48]
 [53]
 [49]
 [54]
 [52]
 [52]
 [66]]",2,1,glioma,True,0.00200575590133667,0.9830905199050903,0.014903713949024677,0.15487301349639893,0.7447521090507507,0.10037485510110855,1.3335983339857194e-06,0.7985174655914307,0.2014811784029007,0.05229336766535653,0.8421200315157572,0.10558658248434465,1,glioma,True
2188,"[[77]
 [82]
 [48]
 [53]
 [49]
 [54]
 [52]
 [52]
 [66]]",2,1,glioma,True,0.0040365601889789104,0.294511079788208,0.701452374458313,0.043475326150655746,0.06484442949295044,0.8916803002357483,0.00010404674685560167,0.006027101539075375,0.993868887424469,0.015871977695496753,0.1217942036067446,0.8623338540395101,2,pituitary,False
2189,"[[49]
 [48]
 [54]
 [53]
 [51]
 [52]]",3,0,meningioma,True,0.9679099917411804,0.03208998218178749,2.8909239446761603e-08,0.9329599738121033,0.06703953444957733,4.58181489193521e-07,0.9704774618148804,0.029522519558668137,3.787983260394867e-08,0.9571158091227213,0.04288401206334432,1.7499018708141043e-07,0,meningioma,True
2190,"[[77]
 [82]
 [48]
 [53]
 [49]
 [55]
 [57]
 [54]
 [66]]",4,1,glioma,True,0.005754443351179361,0.9908520579338074,0.003393548307940364,0.00022633543994743377,0.9975124597549438,0.0022613017354160547,0.005249194335192442,0.989141583442688,0.005609180312603712,0.003743324375439746,0.9925020337104797,0.0037546767853200436,1,glioma,True
2191,"[[77]
 [82]
 [48]
 [53]
 [49]
 [55]
 [57]
 [54]
 [66]]",4,1,glioma,True,0.0033535026013851166,0.9926766157150269,0.003969820216298103,3.629017010098323e-05,0.9999570846557617,6.7002906689594965e-06,0.042698826640844345,0.9572208523750305,8.033325138967484e-05,0.015362873137443481,0.9832848509152731,0.0013522845861189126,1,glioma,True
2192,"[[77]
 [82]
 [48]
 [53]
 [49]
 [55]
 [57]
 [54]
 [66]]",4,1,glioma,True,0.0027696010656654835,0.9886252880096436,0.008605128154158592,0.0006397732067853212,0.9993183612823486,4.193984568701126e-05,0.05028362572193146,0.9434782862663269,0.006238104309886694,0.017897666664794087,0.9771406451861063,0.004961724103244099,1,glioma,True
2193,"[[77]
 [82]
 [48]
 [53]
 [49]
 [55]
 [57]
 [54]
 [66]]",4,1,glioma,True,0.0003778362297452986,0.9932450652122498,0.006377117242664099,0.034298788756132126,0.9655737280845642,0.000127540944959037,0.045825883746147156,0.9344767332077026,0.01969730667769909,0.026834169577341527,0.9644318421681722,0.008733988288440742,1,glioma,True
2194,"[[77]
 [82]
 [48]
 [53]
 [49]
 [55]
 [57]
 [54]
 [66]]",4,1,glioma,True,0.0041597154922783375,0.8439139723777771,0.15192632377147675,0.021606065332889557,0.9779092073440552,0.0004846990341320634,0.09872979670763016,0.8873212337493896,0.01394898071885109,0.04149852584426602,0.9030481378237406,0.0554533345081533,1,glioma,True
2195,"[[77]
 [82]
 [48]
 [53]
 [50]
 [53]
 [53]
 [48]]",0,1,glioma,True,0.5155684947967529,0.40897852182388306,0.07545297592878342,0.2906801700592041,0.5977954864501953,0.11152435094118118,0.6869940161705017,0.3029378354549408,0.010068112052977085,0.4977475603421529,0.4365706145763397,0.0656818129743139,0,meningioma,False
2196,"[[77]
 [82]
 [48]
 [53]
 [50]
 [53]
 [53]
 [48]]",0,1,glioma,True,0.4830414056777954,0.39769941568374634,0.11925911903381348,0.3370668590068817,0.5427148938179016,0.12021832168102264,0.7566126585006714,0.23071429133415222,0.012673047371208668,0.5255736410617828,0.39037620027860004,0.08405016269534826,0,meningioma,False
2197,"[[77]
 [82]
 [48]
 [53]
 [50]
 [53]
 [53]
 [48]]",0,1,glioma,True,0.3228347599506378,0.44556719064712524,0.23159804940223694,0.11662044376134872,0.7112784385681152,0.17210111021995544,0.4294719994068146,0.48988857865333557,0.08063942193984985,0.2896424010396004,0.5489114026228586,0.16144619385401407,1,glioma,True
2198,"[[77]
 [82]
 [48]
 [53]
 [50]
 [53]
 [53]
 [48]]",0,1,glioma,True,0.36925071477890015,0.4571743905544281,0.17357487976551056,0.12464732676744461,0.7134160995483398,0.16193658113479614,0.4254359006881714,0.4633488357067108,0.1112152561545372,0.3064446474115054,0.5446464419364929,0.14890890568494797,1,glioma,True
2199,"[[77]
 [82]
 [48]
 [53]
 [50]
 [53]
 [53]
 [48]]",0,1,glioma,True,0.33036598563194275,0.460521936416626,0.20911212265491486,0.11578281968832016,0.7251893281936646,0.1590278297662735,0.39163145422935486,0.5316355228424072,0.07673296332359314,0.2792600865165393,0.5724489291508993,0.14829097191492716,1,glioma,True
2200,"[[49]
 [48]
 [54]
 [53]
 [51]
 [52]]",3,0,meningioma,True,0.7657333612442017,0.23426659405231476,5.0736097989556583e-08,0.38803529739379883,0.6119647026062012,9.178781112950674e-08,0.6290656328201294,0.37093430757522583,4.604598036195284e-09,0.59427809715271,0.40572186807791394,4.904283571841953e-08,0,meningioma,True
2201,"[[77]
 [82]
 [48]
 [53]
 [50]
 [53]
 [53]
 [48]]",0,1,glioma,True,0.3192065954208374,0.45742547512054443,0.22336789965629578,0.119242824614048,0.742448091506958,0.13830913603305817,0.41457903385162354,0.5454792380332947,0.039941705763339996,0.28434281796216965,0.5817842682202657,0.13387291381756464,1,glioma,True
2202,"[[77]
 [82]
 [48]
 [53]
 [50]
 [53]
 [53]
 [48]]",0,1,glioma,True,0.2833821773529053,0.37594151496887207,0.34067627787590027,0.1885444074869156,0.581869900226593,0.2295856922864914,0.5564755797386169,0.3884781301021576,0.055046308785676956,0.34280072152614594,0.4487631817658742,0.20843609298268953,1,glioma,True
2203,"[[77]
 [82]
 [48]
 [53]
 [50]
 [53]
 [53]
 [48]]",0,1,glioma,True,0.2817230522632599,0.45326805114746094,0.2650088667869568,0.08785051107406616,0.7629857659339905,0.14916373789310455,0.2642229199409485,0.483704537153244,0.2520724833011627,0.21126549442609152,0.5666527847448984,0.22208169599374136,1,glioma,True
2204,"[[77]
 [82]
 [48]
 [53]
 [49]
 [54]
 [52]
 [52]
 [67]]",2,1,glioma,True,0.005660337395966053,0.9930900931358337,0.0012495974078774452,0.1322058141231537,0.8240944147109985,0.04369973763823509,0.0003548877139110118,0.9984155893325806,0.0012294637272134423,0.046073679744343586,0.938533365726471,0.015392932924441993,1,glioma,True
2205,"[[77]
 [82]
 [48]
 [53]
 [49]
 [54]
 [52]
 [52]
 [67]]",2,1,glioma,True,0.0031462074257433414,0.9953208565711975,0.0015329493908211589,0.06379764527082443,0.9239978790283203,0.012204473838210106,2.024596142291557e-05,0.9996957778930664,0.0002840351953636855,0.02232136621933023,0.9730048378308614,0.004673819474798317,1,glioma,True
2206,"[[77]
 [82]
 [48]
 [53]
 [49]
 [54]
 [52]
 [52]
 [67]]",2,1,glioma,True,0.015505630522966385,0.9795010685920715,0.004993285518139601,0.2588329613208771,0.6946448087692261,0.04652221500873566,0.0016305451281368732,0.9708642363548279,0.02750520594418049,0.09198971232399344,0.8816700379053751,0.026340235490351915,1,glioma,True
2207,"[[77]
 [82]
 [48]
 [53]
 [49]
 [54]
 [52]
 [52]
 [67]]",2,1,glioma,True,0.011826769448816776,0.9809273481369019,0.0072458903305232525,0.06432407349348068,0.9268938302993774,0.008782066404819489,0.0017956012161448598,0.9880113005638123,0.010193118825554848,0.025982148052814107,0.9652774930000305,0.008740358520299196,1,glioma,True
2208,"[[77]
 [82]
 [48]
 [53]
 [49]
 [54]
 [52]
 [52]
 [67]]",2,1,glioma,True,0.005378260742872953,0.993930459022522,0.0006912425742484629,0.04772941768169403,0.9483430981636047,0.003927409648895264,0.00011023064871551469,0.9998525381088257,3.723203553818166e-05,0.0177393030244275,0.9807086984316508,0.0015519614195606362,1,glioma,True
2209,"[[77]
 [82]
 [48]
 [53]
 [49]
 [54]
 [52]
 [52]
 [67]]",2,1,glioma,True,0.011461298912763596,0.9851114153862,0.0034272961784154177,0.17706775665283203,0.6568373441696167,0.1660948395729065,4.1854385926853865e-05,0.999708354473114,0.0002498099347576499,0.06285696998384083,0.8805523713429769,0.05659064856202652,1,glioma,True
2210,"[[77]
 [82]
 [48]
 [53]
 [49]
 [54]
 [52]
 [52]
 [67]]",2,1,glioma,True,0.002641047351062298,0.9967118501663208,0.0006471137166954577,0.10735528916120529,0.8019973635673523,0.09064733237028122,0.0031318706460297108,0.9808340668678284,0.01603408344089985,0.0377094023860991,0.9265144268671671,0.03577617650929218,1,glioma,True
2211,"[[49]
 [48]
 [54]
 [54]
 [54]
 [53]]",1,0,meningioma,True,0.9686407446861267,0.03135927394032478,5.748979054989072e-15,0.9491192102432251,0.05088070407509804,7.189461825873877e-08,0.7236098647117615,0.27638885378837585,1.3369532325668843e-06,0.8804566065470377,0.11954294393459956,4.6961595219153403e-07,0,meningioma,True
2212,"[[77]
 [82]
 [48]
 [53]
 [49]
 [54]
 [52]
 [52]
 [67]]",2,1,glioma,True,0.005137250293046236,0.9942421317100525,0.0006205846439115703,0.05275951698422432,0.9391905069351196,0.008050062693655491,0.005412187892943621,0.9938189387321472,0.0007688449113629758,0.02110298505673806,0.9757505257924398,0.0031464974163100123,1,glioma,True
2213,"[[77]
 [82]
 [48]
 [53]
 [49]
 [54]
 [52]
 [52]
 [67]]",2,1,glioma,True,0.0021871249191462994,0.9975628852844238,0.00024999064044095576,0.019039979204535484,0.9801463484764099,0.0008137237746268511,0.0007216550293378532,0.9988930821418762,0.00038530316669493914,0.007316253051006545,0.99220077196757,0.000483005860587582,1,glioma,True
2214,"[[77]
 [82]
 [48]
 [53]
 [49]
 [54]
 [52]
 [52]
 [67]]",2,1,glioma,True,0.0031105326488614082,0.9967935681343079,9.593367576599121e-05,0.018001481890678406,0.9810919761657715,0.0009065611520782113,5.513550422620028e-05,0.9998424053192139,0.00010241221752949059,0.007055716681255338,0.992575983206431,0.0003683023484578977,1,glioma,True
2215,"[[77]
 [82]
 [48]
 [52]
 [57]
 [57]
 [52]
 [50]
 [66]]",3,1,glioma,True,0.00024498047423548996,0.9949154853820801,0.00483949389308691,0.00010722560546128079,0.8671190142631531,0.1327737718820572,2.533673750804155e-06,0.999686598777771,0.00031094541191123426,0.00011824658448252497,0.9539070328076681,0.04597473706235178,1,glioma,True
2216,"[[77]
 [82]
 [48]
 [52]
 [57]
 [57]
 [52]
 [50]
 [66]]",3,1,glioma,True,0.0004110261215828359,0.9507071375846863,0.04888181388378143,6.412118636944797e-06,0.8117735385894775,0.1882200688123703,1.323624676530244e-08,0.9993265867233276,0.0006734719499945641,0.00013915049215551534,0.9206024209658304,0.07925845154871543,1,glioma,True
2217,"[[77]
 [82]
 [48]
 [52]
 [57]
 [57]
 [52]
 [50]
 [66]]",3,1,glioma,True,7.970538717927411e-06,0.9995356798171997,0.0004563725378829986,1.408436389738199e-07,0.9997465014457703,0.000253421749221161,1.1997622451076495e-08,0.999971866607666,2.8190224838908762e-05,2.707793326450769e-06,0.999751349290212,0.0002459948373143561,1,glioma,True
2218,"[[77]
 [82]
 [48]
 [53]
 [50]
 [53]
 [56]
 [53]
 [66]]",1,1,glioma,True,0.30240994691848755,0.6719135642051697,0.025676477700471878,0.0044778031297028065,0.9859138131141663,0.009608439169824123,0.014254091307520866,0.05551213398575783,0.9302337765693665,0.10704728045190375,0.5711131704350313,0.3218395644798875,1,glioma,True
2219,"[[77]
 [82]
 [48]
 [53]
 [50]
 [53]
 [56]
 [53]
 [66]]",1,1,glioma,True,0.22889652848243713,0.7707072496414185,0.0003962494374718517,0.0011548901675269008,0.9983648657798767,0.00048024122952483594,0.003302857046946883,0.8702728748321533,0.12642434239387512,0.07778475856563698,0.8797816634178162,0.042433611020290606,1,glioma,True
2220,"[[77]
 [82]
 [48]
 [53]
 [50]
 [53]
 [56]
 [53]
 [66]]",1,1,glioma,True,7.296193302863685e-07,0.9999991655349731,9.550856105988714e-08,0.00023263500770553946,0.9996819496154785,8.540568524040282e-05,5.010548557038419e-05,0.9993464350700378,0.0006034271791577339,9.449003753540335e-05,0.9996758500734965,0.00022964279098639887,1,glioma,True
2221,"[[77]
 [82]
 [48]
 [53]
 [51]
 [49]
 [49]
 [48]
 [66]]",3,1,glioma,True,0.0019142067758366466,0.9980025887489319,8.316663297591731e-05,2.3340371626545675e-05,0.999581515789032,0.0003951796388719231,3.466718681011116e-06,0.9990112781524658,0.0009851973736658692,0.0006470046220480677,0.9988651275634766,0.00048784788183790323,1,glioma,True
2222,"[[49]
 [48]
 [48]
 [51]
 [54]
 [48]]",2,0,meningioma,True,0.9909104704856873,0.00907815806567669,1.132360557676293e-05,0.9101203083992004,0.0898771658539772,2.510606009309413e-06,0.9870414733886719,0.012958548963069916,1.0005372342742898e-15,0.9626907507578532,0.03730462429424127,4.611403862357627e-06,0,meningioma,True
2223,"[[49]
 [48]
 [50]
 [55]
 [49]
 [52]]",4,0,meningioma,True,0.9807754755020142,0.01426891889423132,0.004955596290528774,0.9987635612487793,0.001020014169625938,0.00021648289111908525,0.8889726400375366,0.0193898044526577,0.09163758903741837,0.9561705589294434,0.011559579172171652,0.03226988940635541,0,meningioma,True
2224,"[[49]
 [48]
 [54]
 [54]
 [54]
 [53]]",1,0,meningioma,True,0.9313018321990967,0.0686982125043869,2.4584353650047852e-12,0.8122411966323853,0.18775710463523865,1.5998544995454722e-06,0.8255365490913391,0.17445285618305206,1.0597019354463555e-05,0.856359859307607,0.14363605777422586,4.065625437481464e-06,0,meningioma,True
2225,"[[77]
 [82]
 [48]
 [53]
 [51]
 [49]
 [49]
 [48]
 [66]]",3,1,glioma,True,0.004067167639732361,0.9958894848823547,4.334513141657226e-05,0.00019511357822921127,0.9996134638786316,0.0001915268658194691,9.93622415990103e-06,0.9999750852584839,1.5042577615531627e-05,0.0014240724807071576,0.9984926780064901,8.330485828385766e-05,1,glioma,True
2226,"[[77]
 [82]
 [48]
 [53]
 [51]
 [49]
 [49]
 [48]
 [66]]",3,1,glioma,True,0.002673089737072587,0.997271716594696,5.510624760063365e-05,0.0008125407621264458,0.9991349577903748,5.2582061471184716e-05,2.7396947643865133e-06,0.9999969005584717,3.065824500936287e-07,0.001162790064654473,0.9988011916478475,3.599829717397066e-05,1,glioma,True
2227,"[[77]
 [82]
 [48]
 [53]
 [51]
 [49]
 [49]
 [48]
 [66]]",3,1,glioma,True,0.009137057699263096,0.9908576607704163,5.3636963457392994e-06,0.0027607993688434362,0.9972379207611084,1.3602432318293722e-06,0.005946856923401356,0.9940523505210876,8.12661426152772e-07,0.005948237997169296,0.9940493106842041,2.5122003345738144e-06,1,glioma,True
2228,"[[77]
 [82]
 [48]
 [53]
 [51]
 [49]
 [49]
 [48]
 [66]]",3,1,glioma,True,0.15261141955852509,0.8473753929138184,1.308807622990571e-05,0.002318502403795719,0.9976805448532104,9.001772127703589e-07,0.016645601019263268,0.9833542704582214,1.3311054658515786e-07,0.057191840993861355,0.9428034027417501,4.707121329753742e-06,1,glioma,True
2229,"[[77]
 [82]
 [48]
 [53]
 [51]
 [49]
 [49]
 [48]
 [66]]",3,1,glioma,True,0.6821296811103821,0.3178481161594391,2.220916940132156e-05,0.004072922747582197,0.9959244728088379,2.5548235953465337e-06,0.010933556593954563,0.9890663623809814,1.6068747754616197e-07,0.23237872015063962,0.7676129837830862,8.308226824738085e-06,1,glioma,True
2230,"[[77]
 [82]
 [48]
 [51]
 [52]
 [54]
 [57]
 [52]]",2,1,glioma,True,0.004093814641237259,0.6707248687744141,0.32518133521080017,0.13534021377563477,0.44170504808425903,0.4229546785354614,1.2278766917006578e-05,0.9693359136581421,0.030651813372969627,0.046482102394596346,0.6939219435056051,0.2595959423730771,1,glioma,True
2231,"[[77]
 [82]
 [48]
 [51]
 [52]
 [54]
 [57]
 [52]]",2,1,glioma,True,0.003897884162142873,0.9085919857025146,0.08751021325588226,0.12803320586681366,0.5340726971626282,0.33789417147636414,1.235652689501876e-05,0.9561476111412048,0.04384010285139084,0.043981148851950515,0.7996040980021158,0.15641482919454575,1,glioma,True
2232,"[[77]
 [82]
 [48]
 [51]
 [52]
 [54]
 [57]
 [52]]",2,1,glioma,True,0.0016679988475516438,0.9970445036888123,0.0012874867534264922,0.07404319196939468,0.8298753499984741,0.09608148783445358,5.89059141020698e-07,0.9991455078125,0.0008538221591152251,0.025237259958695784,0.9420217871665955,0.03274093224899843,1,glioma,True
2233,"[[77]
 [82]
 [48]
 [51]
 [52]
 [54]
 [57]
 [52]]",2,1,glioma,True,0.004879253450781107,0.9947385191917419,0.0003822488069999963,0.049467917531728745,0.8947020173072815,0.0558299794793129,4.105048719793558e-05,0.9986773133277893,0.0012815836817026138,0.01812940715656926,0.9627059499422709,0.019164603989338502,1,glioma,True
2234,"[[77]
 [82]
 [48]
 [53]
 [52]
 [56]
 [55]
 [53]]",0,1,glioma,True,0.17865324020385742,0.24026088416576385,0.5810858607292175,0.14174672961235046,0.44949018955230713,0.40876302123069763,0.2669050097465515,0.36182305216789246,0.3712719678878784,0.1957683265209198,0.3505247086286545,0.4537069499492645,2,pituitary,False
2235,"[[49]
 [48]
 [54]
 [54]
 [54]
 [53]]",1,0,meningioma,True,0.9013341665267944,0.09866584837436676,4.673366138518986e-09,0.6925321817398071,0.3074280321598053,3.9762744563631713e-05,0.8420147895812988,0.15797853469848633,6.585062692465726e-06,0.8119603792826334,0.18802413841088614,1.5450826874078654e-05,0,meningioma,True
2236,"[[77]
 [82]
 [48]
 [53]
 [52]
 [56]
 [55]
 [53]]",0,1,glioma,True,0.39027005434036255,0.31657135486602783,0.29315856099128723,0.32888680696487427,0.4400688409805298,0.23104430735111237,0.2618395686149597,0.2321387380361557,0.5060216784477234,0.32699880997339886,0.3295929779609044,0.34340818226337433,2,pituitary,False
2237,"[[77]
 [82]
 [48]
 [53]
 [52]
 [56]
 [55]
 [53]]",0,1,glioma,True,0.4808341860771179,0.37599554657936096,0.14317035675048828,0.307908833026886,0.5468578338623047,0.1452333778142929,0.524749755859375,0.4597223103046417,0.015527998097240925,0.43783092498779297,0.4608585635821025,0.10131057755400737,1,glioma,True
2238,"[[77]
 [82]
 [48]
 [53]
 [52]
 [56]
 [55]
 [53]]",0,1,glioma,True,0.6060193181037903,0.35116374492645264,0.042816951870918274,0.4395391643047333,0.4916955828666687,0.06876517832279205,0.631924033164978,0.36195459961891174,0.006121360696852207,0.5591608385245005,0.4016046424706777,0.03923449696352085,0,meningioma,False
2239,"[[77]
 [82]
 [48]
 [53]
 [52]
 [56]
 [55]
 [53]]",0,1,glioma,True,0.6366588473320007,0.3435903489589691,0.019750770181417465,0.49995243549346924,0.45491576194763184,0.04513177275657654,0.5695138573646545,0.4279235601425171,0.002562561770901084,0.5687083800633749,0.408809890349706,0.022481701569631696,0,meningioma,False
2240,"[[77]
 [82]
 [48]
 [53]
 [48]
 [54]
 [56]
 [55]
 [67]]",1,1,glioma,True,0.00018828798783943057,0.9998108744621277,8.453435498267936e-07,0.0209626667201519,0.978997528553009,3.979317261837423e-05,0.0008104279986582696,0.9991801381111145,9.45986175793223e-06,0.007320460902216534,0.9926628470420837,1.6699459308711084e-05,1,glioma,True
2241,"[[77]
 [82]
 [48]
 [53]
 [48]
 [54]
 [56]
 [55]
 [67]]",1,1,glioma,True,0.0013700114795938134,0.9986299276351929,1.2568681029279105e-07,0.07131990045309067,0.9286176562309265,6.239266804186627e-05,0.0023992047645151615,0.9975911378860474,9.616093848308083e-06,0.025029705565733213,0.9749462405840555,2.4044816233489048e-05,1,glioma,True
2242,"[[77]
 [82]
 [48]
 [53]
 [48]
 [54]
 [56]
 [55]
 [67]]",1,1,glioma,True,0.5483863949775696,0.45161330699920654,3.4132429505007167e-07,0.6195661425590515,0.3793928623199463,0.0010410037357360125,0.024066444486379623,0.9748807549476624,0.0010527977719902992,0.3973396606743336,0.6019623080889384,0.0006980476106737873,1,glioma,True
2243,"[[77]
 [82]
 [48]
 [53]
 [48]
 [54]
 [56]
 [55]
 [67]]",1,1,glioma,True,0.9408362507820129,0.05916325002908707,4.4493981476989575e-07,0.45383599400520325,0.538131058216095,0.008032912388443947,0.08119567483663559,0.9120848178863525,0.006719565950334072,0.4919559732079506,0.5031263753771782,0.004917641092864263,1,glioma,True
2244,"[[77]
 [82]
 [48]
 [53]
 [48]
 [54]
 [56]
 [55]
 [67]]",1,1,glioma,True,0.003710572374984622,0.996285080909729,4.320806510804687e-06,0.0005943330470472574,0.9978930354118347,0.0015126627404242754,0.0015968193765729666,0.9980621933937073,0.0003409923519939184,0.001967241599534949,0.997413436571757,0.0006193252996429995,1,glioma,True
2245,"[[77]
 [82]
 [48]
 [53]
 [48]
 [54]
 [56]
 [55]
 [67]]",1,1,glioma,True,0.0003037945425603539,0.999607503414154,8.882360998541117e-05,1.6259331459878013e-05,0.9993712306022644,0.0006126153748482466,2.4900979042286053e-05,0.9994552731513977,0.0005198760773055255,0.00011498495102083932,0.9994780023892721,0.0004071050207130611,1,glioma,True
2246,"[[49]
 [48]
 [54]
 [54]
 [54]
 [53]]",1,0,meningioma,True,0.8023133277893066,0.19768667221069336,4.1593718691501635e-08,0.711877703666687,0.2879616320133209,0.00016061222413554788,0.6845517158508301,0.31543487310409546,1.3428169950202573e-05,0.7329142491022745,0.26702772577603656,5.802732926814732e-05,0,meningioma,True
2247,"[[77]
 [82]
 [48]
 [53]
 [54]
 [49]
 [52]
 [52]]",1,1,glioma,True,0.02706049755215645,0.9729370474815369,2.4884107006073464e-06,0.1295773684978485,0.018182111904025078,0.8522405624389648,0.13572880625724792,0.8541499972343445,0.010121211409568787,0.09745555743575096,0.6150897188733021,0.2874547540864114,1,glioma,True
2248,"[[77]
 [82]
 [48]
 [53]
 [54]
 [49]
 [52]
 [52]]",1,1,glioma,True,0.0004490329301916063,0.9995487332344055,2.2593094399780966e-06,0.1799568384885788,0.009368493221700191,0.8106746077537537,0.022015275433659554,0.9758366346359253,0.00214808969758451,0.06747371561747666,0.6615846203640103,0.27094165225359274,1,glioma,True
2249,"[[77]
 [82]
 [48]
 [51]
 [52]
 [57]
 [57]
 [55]]",0,1,glioma,True,0.6037147641181946,0.39520949125289917,0.0010758140124380589,0.7010992169380188,0.2913014888763428,0.007599285338073969,0.7169924974441528,0.28188449144363403,0.001123002264648676,0.6739354928334554,0.322798490524292,0.0032660338717202344,0,meningioma,False
2250,"[[77]
 [82]
 [48]
 [51]
 [52]
 [57]
 [57]
 [55]]",0,1,glioma,True,0.5427349805831909,0.4260096848011017,0.03125535696744919,0.3378247022628784,0.4994696080684662,0.16270576417446136,0.5607844591140747,0.37205734848976135,0.06715815514326096,0.48044804732004803,0.43251221378644306,0.08703975876172383,0,meningioma,False
2251,"[[77]
 [82]
 [48]
 [51]
 [52]
 [57]
 [57]
 [55]]",0,1,glioma,True,0.5289356708526611,0.34928593039512634,0.12177842855453491,0.40359094738960266,0.29250794649124146,0.3039011061191559,0.17412012815475464,0.11890563368797302,0.7069742679595947,0.36888224879900616,0.2535665035247803,0.3775512675444285,2,pituitary,False
2252,"[[77]
 [82]
 [48]
 [51]
 [52]
 [57]
 [57]
 [55]]",0,1,glioma,True,0.31856584548950195,0.293885201215744,0.3875489830970764,0.2667992413043976,0.2841109037399292,0.44908982515335083,0.03957296535372734,0.08824915438890457,0.8721778392791748,0.20831268404920897,0.22208175311485925,0.569605549176534,2,pituitary,False
2253,"[[77]
 [82]
 [48]
 [51]
 [52]
 [57]
 [57]
 [55]]",0,1,glioma,True,0.14990471303462982,0.20571452379226685,0.6443807482719421,0.20166847109794617,0.34866824746131897,0.4496632516384125,0.07150240242481232,0.12180428206920624,0.8066933155059814,0.14102519551912943,0.2253956844409307,0.6335791051387787,2,pituitary,False
2254,"[[77]
 [82]
 [48]
 [51]
 [52]
 [57]
 [57]
 [55]]",0,1,glioma,True,0.08122189342975616,0.16625946760177612,0.7525185942649841,0.09285295754671097,0.40472689270973206,0.50242018699646,0.1575591117143631,0.4256480634212494,0.4167928695678711,0.11054465423027675,0.3322114745775859,0.5572438836097717,2,pituitary,False
2255,"[[77]
 [82]
 [48]
 [51]
 [52]
 [57]
 [57]
 [55]]",0,1,glioma,True,0.030779993161559105,0.07327858358621597,0.8959413766860962,0.06742824614048004,0.36882269382476807,0.5637490153312683,0.13086684048175812,0.2415057271718979,0.6276273727416992,0.07635835992793243,0.22786900152762732,0.6957725882530212,2,pituitary,False
2256,"[[77]
 [82]
 [48]
 [50]
 [57]
 [50]
 [48]
 [57]
 [69]]",4,1,glioma,True,0.5629819631576538,0.4370180666446686,4.2317804815894533e-10,0.0509919747710228,0.9490079879760742,4.404429050657003e-18,0.3028894364833832,0.6971105337142944,4.722024549153048e-09,0.30562112480401993,0.6943788627783457,1.715067533905474e-09,1,glioma,True
2257,"[[49]
 [48]
 [54]
 [54]
 [54]
 [53]]",1,0,meningioma,True,0.9832087159156799,0.016791323199868202,1.680936811965239e-08,0.33702459931373596,0.662738561630249,0.00023687198699917644,0.7647097110748291,0.2350117713212967,0.00027845677686855197,0.6949810087680817,0.304847218717138,0.00017178185774528268,0,meningioma,True
2258,"[[53]
 [51]
 [54]
 [54]
 [57]]",2,0,meningioma,True,0.8194601535797119,0.17694292962551117,0.003596978262066841,0.47881510853767395,0.5201901197433472,0.0009947600774466991,0.9326672554016113,0.0673287883400917,4.0240852285933215e-06,0.7436475058396658,0.25482061256965,0.0015319208082473779,0,meningioma,True
2259,"[[77]
 [82]
 [48]
 [51]
 [51]
 [51]
 [56]
 [57]
 [66]]",3,1,glioma,True,0.0004445753584150225,0.9995336532592773,2.1826415832038037e-05,0.006194673012942076,0.9933170080184937,0.0004882823559455574,1.7786300304578617e-05,0.9999821186065674,1.2109391889225662e-07,0.002219011557220559,0.9976109266281128,0.00017007662189882922,1,glioma,True
2260,"[[77]
 [82]
 [48]
 [51]
 [51]
 [51]
 [56]
 [57]
 [66]]",3,1,glioma,True,4.1818311729002744e-05,0.9999418258666992,1.6281652278848924e-05,1.2156672710261773e-05,0.9999707937240601,1.7092152120312676e-05,9.185684435308872e-10,1.0,3.5371208184642455e-08,1.7991967669236015e-05,0.9999708731969198,1.1136391869115414e-05,1,glioma,True
2261,"[[77]
 [82]
 [48]
 [51]
 [51]
 [51]
 [56]
 [57]
 [66]]",3,1,glioma,True,0.00039934663800522685,0.9986900687217712,0.0009106671204790473,6.513079370051855e-06,0.9989857077598572,0.0010076873004436493,2.903877138749067e-10,0.999992847442627,7.1337385634251405e-06,0.00013528666925433086,0.9992228746414185,0.0006418293864953739,1,glioma,True
2262,"[[77]
 [82]
 [48]
 [51]
 [51]
 [51]
 [56]
 [57]
 [66]]",3,1,glioma,True,0.0038540188688784838,0.9927331209182739,0.003412756137549877,0.003700858913362026,0.7715615034103394,0.22473762929439545,1.8396884797766688e-06,0.9994595646858215,0.000538692285772413,0.0025189058235734287,0.9212513963381449,0.07622969257257257,1,glioma,True
2263,"[[77]
 [82]
 [48]
 [51]
 [51]
 [51]
 [56]
 [57]
 [66]]",3,1,glioma,True,0.004874206148087978,0.35442793369293213,0.6406978368759155,0.0008882734691724181,0.00448188278824091,0.9946298599243164,4.697434633271769e-05,0.06034734100103378,0.939605712890625,0.0019364846545310381,0.13975238582740226,0.858311136563619,2,pituitary,False
2264,"[[77]
 [82]
 [48]
 [51]
 [51]
 [51]
 [56]
 [57]
 [66]]",3,1,glioma,True,0.0007088234415277839,0.5762696862220764,0.42302146553993225,6.229504651855677e-05,0.007995681837201118,0.9919420480728149,9.792416877374421e-10,0.9993222951889038,0.0006777307717129588,0.0002570398224293428,0.5278625544160604,0.47188041479482007,1,glioma,True
2265,"[[77]
 [82]
 [48]
 [51]
 [51]
 [51]
 [56]
 [57]
 [66]]",3,1,glioma,True,0.004938112106174231,0.9870861768722534,0.007975638844072819,0.0011988875921815634,0.8922096490859985,0.10659147053956985,1.20273616630584e-05,0.9906699657440186,0.009317965246737003,0.0020496756866729506,0.9566552639007568,0.04129502487679323,1,glioma,True
2266,"[[77]
 [82]
 [48]
 [51]
 [51]
 [51]
 [56]
 [57]
 [66]]",3,1,glioma,True,0.013724438846111298,0.9857448935508728,0.0005306384991854429,0.0001944809191627428,0.9741548299789429,0.025650683790445328,1.2029089191401e-07,0.9948904514312744,0.005109463818371296,0.004639680018721985,0.9849300583203634,0.01043026203600069,1,glioma,True
2267,"[[77]
 [82]
 [48]
 [50]
 [52]
 [55]
 [56]
 [48]
 [69]]",1,1,glioma,True,0.0006302281399257481,0.9993698000907898,1.8800113465999857e-08,0.048947978764772415,0.9510279893875122,2.4081504307105206e-05,0.0003611975407693535,0.9996294975280762,9.284780389862135e-06,0.016646468148489173,0.9833424290021261,1.112836160347778e-05,1,glioma,True
2268,"[[49]
 [48]
 [54]
 [55]
 [50]
 [48]]",4,0,meningioma,True,0.6906083226203918,0.30819493532180786,0.0011966738384217024,0.010543517768383026,0.9893739819526672,8.251515828305855e-05,0.020204277709126472,0.9776307940483093,0.002164909616112709,0.24045203936596712,0.7583999037742615,0.0011480328709391567,1,glioma,False
2269,"[[77]
 [82]
 [48]
 [50]
 [52]
 [55]
 [56]
 [48]
 [69]]",1,1,glioma,True,4.0136066559171013e-07,0.9999996423721313,1.0818526386150926e-13,0.00905188824981451,0.9909476637840271,4.890593459094816e-07,1.5050482943479437e-05,0.9999845027923584,5.101257443129725e-07,0.0030224466978078604,0.9969772696495056,3.330617328025727e-07,1,glioma,True
2270,"[[77]
 [82]
 [48]
 [50]
 [52]
 [55]
 [56]
 [48]
 [69]]",1,1,glioma,True,7.166020310478416e-08,0.9999998807907104,1.9380883616720856e-13,0.008753872476518154,0.9912459254264832,2.4837595447024796e-07,1.7015720004565082e-05,0.9999828338623047,1.5254103402639885e-07,0.002923653285575275,0.9970762133598328,1.3363906076849433e-07,1,glioma,True
2271,"[[77]
 [82]
 [48]
 [52]
 [48]
 [50]
 [52]
 [48]
 [67]]",4,1,glioma,True,7.168518641265109e-05,0.999927282333374,1.1257578762524645e-06,1.684034214122221e-05,0.9999831914901733,2.037487800005122e-12,0.00014002766693010926,0.9998579025268555,1.9860949578287546e-06,7.618439849466085e-05,0.9999227921168009,1.037284957189673e-06,1,glioma,True
2272,"[[77]
 [82]
 [48]
 [52]
 [48]
 [50]
 [52]
 [48]
 [67]]",4,1,glioma,True,0.0005981060676276684,0.99940025806427,1.6904223230085336e-06,4.2299056076444685e-05,0.9999576807022095,3.977716593606129e-12,0.00012973215780220926,0.9998620748519897,8.222235919674858e-06,0.0002567124271687741,0.9997400045394897,3.3042207401333284e-06,1,glioma,True
2273,"[[77]
 [82]
 [48]
 [52]
 [48]
 [50]
 [52]
 [48]
 [67]]",4,1,glioma,True,9.257249985239469e-06,0.9999901056289673,6.100178779888665e-07,3.8518169276358094e-07,0.9999996423721313,2.1774294810240034e-14,1.3412320640782127e-06,0.9999983310699463,4.153330905865005e-07,3.661221247360421e-06,0.999996026357015,3.417836634498873e-07,1,glioma,True
2274,"[[77]
 [82]
 [48]
 [52]
 [48]
 [50]
 [52]
 [48]
 [67]]",4,1,glioma,True,2.8483507776400074e-05,0.9999697208404541,1.7683660189504735e-06,7.006169653323013e-06,0.9999929666519165,5.387542625565067e-13,5.358750513551058e-06,0.9999914169311523,3.247668246331159e-06,1.3616142647758048e-05,0.9999847014745077,1.6720116013452984e-06,1,glioma,True
2275,"[[77]
 [82]
 [48]
 [52]
 [48]
 [50]
 [52]
 [48]
 [67]]",4,1,glioma,True,2.7770334781962447e-05,0.9999719858169556,2.2040077851670503e-07,9.519691957393661e-06,0.9999904632568359,4.752643929990287e-14,8.121827704599127e-06,0.9999909400939941,9.713868394101155e-07,1.5137284814651744e-05,0.9999844630559286,3.972625551510866e-07,1,glioma,True
2276,"[[77]
 [82]
 [48]
 [52]
 [48]
 [50]
 [52]
 [48]
 [68]]",4,1,glioma,True,5.595144102699123e-06,0.9998772144317627,0.00011715316213667393,2.1733279620406165e-09,1.0,1.0327358759831817e-11,0.00014697524602524936,0.983975887298584,0.01587710529565811,5.0857521151970175e-05,0.9946177005767822,0.005331419489374048,1,glioma,True
2277,"[[77]
 [82]
 [48]
 [52]
 [48]
 [50]
 [52]
 [48]
 [68]]",4,1,glioma,True,1.5189253588232532e-07,0.9993294477462769,0.0006704039988107979,4.5049048935652536e-08,1.0,2.954132216625993e-10,2.7092613890999928e-05,0.9937067627906799,0.006266129668802023,9.096518491939301e-06,0.9976787368456522,0.0023121779876753477,1,glioma,True
2278,"[[77]
 [82]
 [48]
 [49]
 [55]
 [50]
 [54]
 [48]
 [70]]",1,1,glioma,True,0.05342504382133484,0.9465702772140503,4.752004315378144e-06,0.8387874960899353,0.16119392216205597,1.863487523223739e-05,0.034081704914569855,0.9658939242362976,2.4411701815552078e-05,0.30876474827528,0.691219374537468,1.5932860454389203e-05,1,glioma,True
2279,"[[49]
 [48]
 [54]
 [55]
 [50]
 [48]]",4,0,meningioma,True,0.739870548248291,0.2598794102668762,0.00025007937802001834,0.2842765748500824,0.7154155373573303,0.00030786660499870777,0.19241595268249512,0.8058074712753296,0.0017766199307516217,0.4055210252602895,0.5937008062998453,0.0007781886379234493,1,glioma,False
2280,"[[77]
 [82]
 [48]
 [49]
 [55]
 [50]
 [54]
 [48]
 [70]]",1,1,glioma,True,0.5946674942970276,0.4053269326686859,5.543303359445417e-06,0.7668105363845825,0.2331513911485672,3.8108188164187595e-05,0.16326378285884857,0.8366069197654724,0.00012939392763655633,0.5082472711801529,0.4916950811942418,5.768180638672978e-05,0,meningioma,False
2281,"[[77]
 [82]
 [48]
 [49]
 [55]
 [50]
 [54]
 [48]
 [70]]",1,1,glioma,True,0.8847935199737549,0.1152065098285675,5.36953237428861e-09,0.80971360206604,0.19027365744113922,1.270956181542715e-05,0.2064490169286728,0.7934262752532959,0.00012479274300858378,0.6336520463228226,0.36630214750766754,4.583589145212841e-05,0,meningioma,False
2282,"[[77]
 [82]
 [48]
 [49]
 [55]
 [50]
 [54]
 [48]
 [70]]",1,1,glioma,True,0.44409042596817017,0.5559095740318298,2.8425333198356384e-08,0.16119620203971863,0.838678240776062,0.00012556571164168417,0.004609778989106417,0.995376706123352,1.3468978067976423e-05,0.20329880233233175,0.7966548403104147,4.635437168095299e-05,1,glioma,True
2283,"[[77]
 [82]
 [48]
 [49]
 [55]
 [50]
 [54]
 [48]
 [70]]",1,1,glioma,True,0.004588095471262932,0.9954119324684143,9.342737250506161e-09,0.0026468464639037848,0.9972518086433411,0.00010130884766113013,0.005476361606270075,0.9940431714057922,0.0004804565978702158,0.0042371011804789305,0.9955689708391825,0.00019392492942286546,1,glioma,True
2284,"[[77]
 [82]
 [48]
 [49]
 [55]
 [50]
 [54]
 [48]
 [70]]",1,1,glioma,True,0.012001612223684788,0.9879952073097229,3.127359150312259e-06,0.002830350073054433,0.9963399171829224,0.0008297283202409744,0.0054041012190282345,0.9893655776977539,0.005230412818491459,0.006745354505255818,0.9912335673967997,0.0020210894992942485,1,glioma,True
2285,"[[77]
 [82]
 [48]
 [49]
 [55]
 [50]
 [54]
 [48]
 [70]]",1,1,glioma,True,0.04094713553786278,0.9589630365371704,8.98119033081457e-05,0.004211908206343651,0.9947007894515991,0.0010873598512262106,0.004709473345428705,0.9931550621986389,0.0021354600321501493,0.016622839029878378,0.9822729627291361,0.0011042105955615018,1,glioma,True
2286,"[[77]
 [82]
 [48]
 [50]
 [57]
 [50]
 [48]
 [57]
 [73]]",4,1,glioma,True,0.029019946232438087,0.9709782004356384,1.817300130824151e-06,0.07772334665060043,0.9222766757011414,3.712251860077398e-13,0.057819515466690063,0.942154586315155,2.5979417841881514e-05,0.05485426944990953,0.9451364874839783,9.265572781310284e-06,1,glioma,True
2287,"[[77]
 [82]
 [48]
 [50]
 [57]
 [50]
 [48]
 [57]
 [73]]",4,1,glioma,True,0.10029857605695724,0.8996962904930115,5.192851403990062e-06,0.04801463708281517,0.9519854187965393,6.691612819409443e-10,0.038997091352939606,0.9607101678848267,0.00029274096596054733,0.06243676816423734,0.9374639590581259,9.931149550860645e-05,1,glioma,True
2288,"[[77]
 [82]
 [48]
 [50]
 [57]
 [50]
 [48]
 [57]
 [73]]",4,1,glioma,True,0.05451884865760803,0.9453603625297546,0.00012076498387614265,0.019203487783670425,0.9807960987091064,3.2139635663952504e-07,0.07268133759498596,0.9171721935272217,0.010146405547857285,0.048801224678754807,0.947776218255361,0.0034224973093633557,1,glioma,True
2289,"[[77]
 [82]
 [48]
 [50]
 [57]
 [50]
 [48]
 [57]
 [73]]",4,1,glioma,True,0.6972578167915344,0.30123722553253174,0.0015049712965264916,0.71547532081604,0.284318208694458,0.00020652123203035444,0.8830431699752808,0.11544588953256607,0.0015109493397176266,0.765258769194285,0.23366710791985193,0.0010741472894248243,0,meningioma,False
2290,"[[49]
 [48]
 [54]
 [55]
 [50]
 [48]]",4,0,meningioma,True,0.6379972100257874,0.3612664043903351,0.0007363418117165565,0.501623809337616,0.49721699953079224,0.0011591949732974172,0.31684061884880066,0.6813785433769226,0.001780840684659779,0.4854872127374013,0.5132873157660166,0.0012254591565579176,1,glioma,False
2291,"[[77]
 [82]
 [48]
 [50]
 [57]
 [50]
 [48]
 [57]
 [73]]",4,1,glioma,True,0.011402915231883526,0.9808239936828613,0.007773064076900482,0.00018955918494611979,0.9997856020927429,2.485586446709931e-05,0.009387078694999218,0.9894343018531799,0.0011786886025220156,0.0069931843706096215,0.9900146325429281,0.002992202847963199,1,glioma,True
2292,"[[77]
 [82]
 [48]
 [50]
 [57]
 [50]
 [48]
 [57]
 [73]]",4,1,glioma,True,5.099900590721518e-05,0.9998252987861633,0.00012369702744763345,7.353464297921164e-06,0.9999924898147583,9.109102450111095e-08,7.112533785402775e-05,0.9999126195907593,1.6208301531150937e-05,4.31592693530547e-05,0.9999101360638937,4.66654733344285e-05,1,glioma,True
2293,"[[77]
 [82]
 [48]
 [50]
 [57]
 [50]
 [48]
 [57]
 [73]]",4,1,glioma,True,1.6294132365146652e-05,0.9993016719818115,0.000682022946421057,2.2767755581298843e-05,0.9999754428863525,1.8029277271125466e-06,0.00028630506130866706,0.9996628761291504,5.0731854571495205e-05,0.00010845564975170419,0.9996466636657715,0.00024485257623988826,1,glioma,True
2294,"[[57]
 [53]
 [57]
 [54]
 [57]]",2,0,meningioma,True,0.012541692703962326,0.987447202205658,1.1061978511861525e-05,0.0777183547616005,0.9222402572631836,4.135289418627508e-05,0.32776325941085815,0.6722367405891418,5.530033098111176e-10,0.13934110229214033,0.8606414000193278,1.7471808567148805e-05,1,glioma,False
2295,"[[56]
 [56]
 [53]
 [49]
 [48]]",1,0,meningioma,True,0.9775083065032959,0.02249162271618843,1.4158583973213762e-13,0.970386266708374,0.029613720253109932,4.166914990832993e-08,0.9714605808258057,0.028537936508655548,1.5076107047207188e-06,0.9731183846791586,0.02688109315931797,5.164266654049629e-07,0,meningioma,True
2296,"[[49]
 [48]
 [54]
 [55]
 [50]
 [48]]",4,0,meningioma,True,0.6654594540596008,0.3338117003440857,0.0007288706256076694,0.23683686554431915,0.7590188980102539,0.004144183360040188,0.27005302906036377,0.7246578335762024,0.00528918020427227,0.3907831162214279,0.6058294773101807,0.0033874113966400423,1,glioma,False
2297,"[[49]
 [48]
 [54]
 [55]
 [50]
 [48]]",4,0,meningioma,True,0.3080018162727356,0.6906675696372986,0.0013305812608450651,0.07606054097414017,0.9159312844276428,0.008008169941604137,0.030656781047582626,0.9645174741744995,0.004825800657272339,0.13823971276481947,0.8570387760798136,0.004721517286573847,1,glioma,False
2298,"[[49]
 [48]
 [54]
 [55]
 [50]
 [48]]",4,0,meningioma,True,0.6376147270202637,0.35727399587631226,0.005111264996230602,0.10552524030208588,0.8817809820175171,0.012693727388978004,0.2648560702800751,0.7059264183044434,0.029217582195997238,0.3359986792008082,0.6483271320660909,0.015674191527068615,1,glioma,False
2299,"[[49]
 [48]
 [50]
 [55]
 [49]
 [52]]",4,0,meningioma,True,0.9906987547874451,0.00732233515009284,0.0019788877107203007,0.9990828037261963,0.0009153547580353916,1.8357181943429168e-06,0.9215109348297119,0.041843708604574203,0.03664533048868179,0.970430831114451,0.016693799504234146,0.012875351305865479,0,meningioma,True
2300,"[[49]
 [48]
 [54]
 [55]
 [50]
 [48]]",4,0,meningioma,True,0.5950384140014648,0.40376895666122437,0.0011925967410206795,0.02819361723959446,0.9717190861701965,8.731865818845108e-05,0.06955408304929733,0.928288996219635,0.0021569300442934036,0.2309287047634522,0.7679256796836853,0.001145615147834178,1,glioma,False
2301,"[[49]
 [48]
 [54]
 [57]
 [49]
 [52]]",3,0,meningioma,True,0.9879591464996338,0.011472800746560097,0.0005679648602381349,0.9541117548942566,0.03642531484365463,0.009462895803153515,0.9778845906257629,0.022028343752026558,8.709054964128882e-05,0.9733184973398844,0.023308819780747097,0.003372650404344313,0,meningioma,True
2302,"[[49]
 [48]
 [54]
 [57]
 [49]
 [52]]",3,0,meningioma,True,0.9926742911338806,0.007030305452644825,0.0002953842922579497,0.9824373126029968,0.017108505591750145,0.00045413096086122096,0.9949672818183899,0.005012099631130695,2.05822416319279e-05,0.9900262951850891,0.009716970225175222,0.0002566991649170329,0,meningioma,True
2303,"[[49]
 [48]
 [54]
 [57]
 [49]
 [52]]",3,0,meningioma,True,0.9909868836402893,0.00898935180157423,2.3724307538941503e-05,0.9792112708091736,0.020737940445542336,5.0726976041914895e-05,0.9971714615821838,0.00282310601323843,5.416174644778948e-06,0.9891232053438822,0.010850132753451666,2.6622486075211782e-05,0,meningioma,True
2304,"[[49]
 [48]
 [54]
 [57]
 [49]
 [52]]",3,0,meningioma,True,0.9940047860145569,0.005995164159685373,1.3548952892961097e-07,0.9076231718063354,0.09237616509199142,6.319296517176554e-07,0.9850865602493286,0.014913436956703663,4.112831408775719e-09,0.9622381726900736,0.03776158873612682,2.5717733735201403e-07,0,meningioma,True
2305,"[[49]
 [48]
 [55]
 [49]
 [57]
 [48]]",2,0,meningioma,True,0.39533916115760803,0.60466068983078,2.3960134853950876e-07,0.23017887771129608,0.7698208689689636,2.568521040302585e-07,0.1600513607263565,0.8399485945701599,4.734843073173067e-10,0.26185646653175354,0.7381433844566345,1.656423122923615e-07,1,glioma,False
2306,"[[49]
 [48]
 [55]
 [50]
 [52]
 [56]]",4,0,meningioma,True,0.9005396366119385,0.06765701621770859,0.03180338814854622,0.8253287672996521,0.016718275845050812,0.15795288980007172,0.6585509777069092,0.025653159245848656,0.3157958388328552,0.7948064605394999,0.03667615043620268,0.16851737226049104,0,meningioma,True
2307,"[[49]
 [48]
 [55]
 [50]
 [52]
 [56]]",4,0,meningioma,True,0.46849188208580017,0.015211382880806923,0.5162967443466187,0.35080116987228394,0.023576416075229645,0.6256223917007446,0.5900515913963318,0.027637166902422905,0.38231128454208374,0.4697815477848053,0.022141655286153156,0.508076806863149,2,pituitary,False
2308,"[[49]
 [48]
 [55]
 [50]
 [52]
 [56]]",4,0,meningioma,True,0.3990928828716278,0.011638066731393337,0.5892690420150757,0.6527904272079468,0.0008574349922128022,0.3463521897792816,0.7888185977935791,0.0075643365271389484,0.20361709594726562,0.6135673026243845,0.006686612750248362,0.37974610924720764,0,meningioma,True
2309,"[[49]
 [48]
 [55]
 [50]
 [52]
 [56]]",4,0,meningioma,True,0.18731413781642914,0.036919448524713516,0.7757663726806641,0.2850009799003601,0.001130149350501597,0.7138688564300537,0.7465474605560303,0.02427956461906433,0.22917303442955017,0.4062875260909398,0.020776387498093147,0.572936087846756,2,pituitary,False
2310,"[[49]
 [48]
 [50]
 [57]
 [50]
 [57]]",0,0,meningioma,True,0.5440717339515686,0.4556940495967865,0.00023422771482728422,0.5691697001457214,0.429653137922287,0.0011771440040320158,0.8016078472137451,0.1960212141275406,0.0023709326051175594,0.6382830937703451,0.3604561338822047,0.0012607681079922866,0,meningioma,True
2311,"[[49]
 [48]
 [55]
 [52]
 [57]
 [52]]",1,0,meningioma,True,0.1292852908372879,0.8707146644592285,7.591985706767446e-09,0.9611530900001526,0.03884680196642876,1.6809606506740238e-07,0.3304499685764313,0.669316291809082,0.00023381246137432754,0.4736294498046239,0.5262925860782465,7.799604980836723e-05,1,glioma,False
2312,"[[49]
 [48]
 [55]
 [52]
 [57]
 [52]]",1,0,meningioma,True,0.12170257419347763,0.8782919645309448,5.415632585936692e-06,0.5612350106239319,0.43871423602104187,5.072289059171453e-05,0.07228939235210419,0.9268427491188049,0.0008679373422637582,0.25174232572317123,0.7479496498902639,0.0003080252884804698,1,glioma,False
2313,"[[49]
 [48]
 [55]
 [52]
 [57]
 [52]]",1,0,meningioma,True,0.7259341478347778,0.2740079462528229,5.79258703510277e-05,0.17226779460906982,0.8253118395805359,0.0024203648790717125,0.20755477249622345,0.7910512685775757,0.0013939706841483712,0.36858557164669037,0.6301236848036448,0.0012907538111903705,1,glioma,False
2314,"[[49]
 [48]
 [55]
 [52]
 [57]
 [52]]",1,0,meningioma,True,0.9371374845504761,0.062370751053094864,0.0004917545011267066,0.6117857098579407,0.3876427710056305,0.0005715370061807334,0.7199716567993164,0.27902302145957947,0.001005307538434863,0.756298283735911,0.24301218117276827,0.0006895330152474344,0,meningioma,True
2315,"[[49]
 [48]
 [55]
 [52]
 [57]
 [52]]",1,0,meningioma,True,0.9448625445365906,0.04849874600768089,0.006638719700276852,0.25867360830307007,0.7371233701705933,0.004202983342111111,0.7080211043357849,0.2591150999069214,0.032863833010196686,0.6371857523918152,0.3482457386950652,0.014568512017528215,0,meningioma,True
2316,"[[49]
 [48]
 [55]
 [52]
 [57]
 [52]]",1,0,meningioma,True,0.9017366170883179,0.09813380241394043,0.00012954034900758415,0.6303601861000061,0.36899814009666443,0.0006416717078536749,0.4112356901168823,0.5869935750961304,0.0017707260558381677,0.6477774977684021,0.35137517253557843,0.0008473127042331422,0,meningioma,True
2317,"[[49]
 [48]
 [56]
 [53]
 [49]
 [52]]",2,0,meningioma,True,0.8196050524711609,0.18032696843147278,6.791401392547414e-05,0.46727505326271057,0.5327141284942627,1.0836291949090082e-05,0.4751438498497009,0.5248552560806274,9.010562393996224e-07,0.5873413185278574,0.41263211766878766,2.6550454037987947e-05,0,meningioma,True
2318,"[[49]
 [48]
 [56]
 [53]
 [49]
 [52]]",2,0,meningioma,True,0.9030815362930298,0.096902996301651,1.554010304971598e-05,0.2604796290397644,0.7395071983337402,1.3132989806763362e-05,0.9093499779701233,0.09064993262290955,8.65037677044711e-08,0.6909703811009725,0.3090200424194336,9.586532208061271e-06,0,meningioma,True
2319,"[[49]
 [48]
 [56]
 [53]
 [49]
 [52]]",2,0,meningioma,True,0.9753746390342712,0.024624565616250038,8.401856916862016e-07,0.40366679430007935,0.5963311195373535,2.078077841360937e-06,0.8806682229042053,0.11933175474405289,1.0476099987499765e-08,0.7532365520795187,0.2467624799658855,9.762465443448793e-07,0,meningioma,True
2320,"[[49]
 [48]
 [56]
 [53]
 [49]
 [52]]",2,0,meningioma,True,0.9851065874099731,0.014893479645252228,4.6025601108112824e-08,0.4363229274749756,0.5636769533157349,1.3339926852040662e-07,0.8811543583869934,0.1188456118106842,4.145366341856693e-11,0.7675279577573141,0.23247201492389044,5.982210776397934e-08,0,meningioma,True
2321,"[[49]
 [48]
 [50]
 [57]
 [50]
 [57]]",0,0,meningioma,True,0.5166812539100647,0.4827018082141876,0.0006169605767354369,0.39156225323677063,0.604979932308197,0.003457818180322647,0.8577165007591248,0.1284162700176239,0.013867232948541641,0.5886533359686533,0.4053660035133362,0.005980670568533242,0,meningioma,True
2322,"[[49]
 [48]
 [56]
 [53]
 [49]
 [52]]",2,0,meningioma,True,0.986061692237854,0.013938379473984241,5.1700403957966046e-09,0.4872058033943176,0.5127942562103271,1.8260477574472134e-08,0.9832615256309509,0.01673852652311325,2.4660715432071358e-14,0.8188430070877075,0.18115705406914154,7.810180876994724e-09,0,meningioma,True
2323,"[[49]
 [48]
 [56]
 [53]
 [49]
 [52]]",2,0,meningioma,True,0.9523035883903503,0.04769641533493996,1.6698332716558184e-09,0.5152421593666077,0.4847578704357147,5.4137254679176294e-09,0.9120150804519653,0.08798488974571228,7.88578674168689e-17,0.7931869427363077,0.20681305850545564,2.3611862728104383e-09,0,meningioma,True
2324,"[[49]
 [48]
 [56]
 [53]
 [53]
 [48]]",0,0,meningioma,True,0.5702067613601685,0.4291405975818634,0.0006526295910589397,0.5044230222702026,0.493017315864563,0.0025596783962100744,0.6651097536087036,0.3347097635269165,0.000180490969796665,0.5799131790796915,0.41895589232444763,0.0011309329856885597,0,meningioma,True
2325,"[[49]
 [48]
 [56]
 [53]
 [53]
 [48]]",0,0,meningioma,True,0.5547882318496704,0.4441829323768616,0.0010288527701050043,0.4218342900276184,0.5729463696479797,0.005219328682869673,0.6655802726745605,0.33400794863700867,0.0004117653297726065,0.5474009315172831,0.45037908355395,0.0022199822609157613,0,meningioma,True
2326,"[[49]
 [48]
 [56]
 [53]
 [57]
 [48]]",1,0,meningioma,True,0.9485117793083191,0.0514882393181324,3.915239660257086e-12,0.9706506133079529,0.029349368065595627,6.161173793373109e-09,0.9104748368263245,0.08952159434556961,3.529889227138483e-06,0.9432124098141988,0.05678640057643255,1.178684772057172e-06,0,meningioma,True
2327,"[[49]
 [48]
 [56]
 [53]
 [57]
 [48]]",1,0,meningioma,True,0.9934600591659546,0.006539968773722649,3.0906172066025306e-10,0.9768451452255249,0.023154813796281815,3.782379565109295e-08,0.9396284222602844,0.06034595146775246,2.567537194408942e-05,0.969977875550588,0.03001357801258564,8.571168267153725e-06,0,meningioma,True
2328,"[[49]
 [48]
 [56]
 [57]
 [52]
 [53]]",3,0,meningioma,True,0.8822339177131653,0.11773619055747986,2.987319021485746e-05,0.8549073934555054,0.14508536458015442,7.207184353319462e-06,0.9929323196411133,0.00706771295517683,1.7482898684306747e-08,0.9100245436032613,0.08996308936427037,1.2365952488953743e-05,0,meningioma,True
2329,"[[49]
 [48]
 [56]
 [57]
 [52]
 [53]]",3,0,meningioma,True,0.8668580651283264,0.13312922418117523,1.2730186426779255e-05,0.6836061477661133,0.3163747191429138,1.915702705446165e-05,0.9895429611206055,0.010456989519298077,4.306813750076799e-08,0.846669058005015,0.15332031094779572,1.0643427206247225e-05,0,meningioma,True
2330,"[[49]
 [48]
 [56]
 [57]
 [52]
 [53]]",3,0,meningioma,True,0.8751517534255981,0.12448680400848389,0.00036135539994575083,0.463209867477417,0.5363316535949707,0.00045845203567296267,0.8821072578430176,0.11788976192474365,2.969696424770518e-06,0.7401562929153442,0.2595694065093994,0.0002742590440144947,0,meningioma,True
2331,"[[49]
 [48]
 [56]
 [57]
 [52]
 [53]]",3,0,meningioma,True,0.8330819606781006,0.16690559685230255,1.239005086972611e-05,0.36655160784721375,0.6333754658699036,7.285394531209022e-05,0.642440915107727,0.3575587272644043,3.0315860044538567e-07,0.6140248278776804,0.3859465966622035,2.8515718260753904e-05,0,meningioma,True
2332,"[[49]
 [48]
 [50]
 [57]
 [51]
 [53]]",0,0,meningioma,True,0.44473326206207275,0.5548840165138245,0.00038270693039521575,0.2913531959056854,0.7068781852722168,0.0017686132341623306,0.8583301901817322,0.13915002346038818,0.002519720233976841,0.5314722160498301,0.4669707417488098,0.0015570134661781292,0,meningioma,True
2333,"[[49]
 [48]
 [57]
 [52]
 [49]
 [49]]",2,0,meningioma,True,0.7439694404602051,0.2550590932369232,0.000971500005107373,0.6547685265541077,0.34515756368637085,7.388387894025072e-05,0.8051539659500122,0.19484597444534302,1.9954486063511467e-08,0.7346306443214417,0.26502087712287903,0.0003484679461778957,0,meningioma,True
2334,"[[49]
 [48]
 [57]
 [57]
 [54]
 [56]]",2,0,meningioma,True,0.6932123303413391,0.306554913520813,0.00023279622837435454,0.25525331497192383,0.744396984577179,0.0003497606667224318,0.7928871512413025,0.20711274445056915,6.634115834458498e-08,0.5804509321848551,0.4193548808495204,0.00019420774541837696,0,meningioma,True
2335,"[[49]
 [48]
 [57]
 [57]
 [54]
 [56]]",2,0,meningioma,True,0.8485992550849915,0.15130074322223663,0.00010002279304899275,0.6144217848777771,0.38500332832336426,0.0005749090341851115,0.9506879448890686,0.049312055110931396,3.2327896803963085e-08,0.804569661617279,0.19520537555217743,0.00022498805171030276,0,meningioma,True
2336,"[[49]
 [48]
 [57]
 [57]
 [54]
 [56]]",2,0,meningioma,True,0.8671804070472717,0.13279448449611664,2.5118682970060036e-05,0.76131272315979,0.23840278387069702,0.0002845174167305231,0.9426483511924744,0.05735161155462265,4.341833914622839e-08,0.8570471604665121,0.14284962664047876,0.00010322650601324312,0,meningioma,True
2337,"[[49]
 [48]
 [57]
 [57]
 [54]
 [56]]",2,0,meningioma,True,0.9404837489128113,0.05951498821377754,1.285609982915048e-06,0.7652114629745483,0.2347821295261383,6.420706995413639e-06,0.9700305461883545,0.02996937930583954,2.027473522403511e-09,0.891908586025238,0.10808883234858513,2.56944815061703e-06,0,meningioma,True
2338,"[[49]
 [49]
 [48]
 [49]
 [49]
 [54]]",2,0,meningioma,True,0.013419887982308865,0.0001679342531133443,0.9864121675491333,0.6124526262283325,0.04926375299692154,0.33828362822532654,0.2791039049625397,7.944241224322468e-05,0.7208166122436523,0.30165880639106035,0.016503709887426037,0.6818374693393707,2,pituitary,False
2339,"[[49]
 [49]
 [48]
 [49]
 [49]
 [54]]",2,0,meningioma,True,0.007153731770813465,6.699004006804898e-05,0.9927793145179749,0.7752353549003601,0.0723167359828949,0.15244793891906738,0.04670460522174835,2.064032287307782e-06,0.9532933831214905,0.2763645639643073,0.02412859668508342,0.6995068788528442,2,pituitary,False
2340,"[[49]
 [49]
 [48]
 [49]
 [49]
 [54]]",2,0,meningioma,True,0.025279713794589043,0.0005026975413784385,0.9742175936698914,0.7974820733070374,0.12783798575401306,0.074679896235466,0.15504562854766846,0.00030624622013419867,0.8446481823921204,0.3259358052164316,0.04288230983850857,0.6311818907658259,2,pituitary,False
2341,"[[49]
 [49]
 [48]
 [49]
 [49]
 [54]]",2,0,meningioma,True,4.867500683758408e-05,1.1639665899565443e-05,0.9999396800994873,0.3789057731628418,0.26904600858688354,0.35204827785491943,0.001694877864792943,2.1800509784952737e-05,0.9982833862304688,0.12688310867815744,0.08969314958752268,0.7834237813949585,2,pituitary,False
2342,"[[49]
 [49]
 [49]
 [48]
 [55]
 [55]]",3,0,meningioma,True,0.889279842376709,0.10750562697649002,0.003214538097381592,0.815421998500824,0.16698108613491058,0.017596883699297905,0.9937857389450073,0.00614191684871912,7.242110586958006e-05,0.8994958599408468,0.09354287665337324,0.006961280967516359,0,meningioma,True
2343,"[[49]
 [48]
 [50]
 [57]
 [56]
 [53]]",3,0,meningioma,True,0.5888814330101013,0.4092141389846802,0.0019044907530769706,0.3349255323410034,0.6613786220550537,0.003695917781442404,0.9540131688117981,0.0459149070084095,7.201337575679645e-05,0.6259400447209676,0.37216922268271446,0.0018908073034253903,0,meningioma,True
2344,"[[49]
 [49]
 [49]
 [48]
 [55]
 [55]]",3,0,meningioma,True,0.9527049660682678,0.04614783078432083,0.0011471332982182503,0.7928205728530884,0.1973520666360855,0.009827323257923126,0.9860779047012329,0.013632547110319138,0.0002894951030611992,0.9105344812075297,0.08571081484357516,0.0037546505530675254,0,meningioma,True
2345,"[[49]
 [49]
 [49]
 [48]
 [55]
 [55]]",3,0,meningioma,True,0.9164186716079712,0.08273353427648544,0.0008476957445964217,0.8364290595054626,0.15964311361312866,0.003927881829440594,0.9902749061584473,0.009683906100690365,4.117707067052834e-05,0.9143742124239603,0.08402018466343482,0.0016055848815691813,0,meningioma,True
2346,"[[49]
 [49]
 [49]
 [48]
 [55]
 [55]]",3,0,meningioma,True,0.8777776956558228,0.12155196815729141,0.0006703202961944044,0.9108350872993469,0.08755874633789062,0.0016062206123024225,0.9947953820228577,0.00518087949603796,2.3677317585679702e-05,0.9278027216593424,0.07143053133040667,0.0007667394086941689,0,meningioma,True
2347,"[[49]
 [49]
 [49]
 [51]
 [54]
 [54]]",0,0,meningioma,True,0.5824097394943237,0.41683200001716614,0.0007582400576211512,0.5418862700462341,0.4534723162651062,0.004641423001885414,0.7383089661598206,0.26141828298568726,0.0002727247483562678,0.6208683252334595,0.3772408664226532,0.0018907959359542776,0,meningioma,True
2348,"[[49]
 [49]
 [49]
 [51]
 [54]
 [54]]",0,0,meningioma,True,0.5861129760742188,0.41156822443008423,0.0023188081104308367,0.5379106402397156,0.4515904486179352,0.010498927906155586,0.7664660215377808,0.23249465227127075,0.0010393138509243727,0.6301632126172384,0.36521777510643005,0.004619016622503598,0,meningioma,True
2349,"[[49]
 [49]
 [49]
 [51]
 [54]
 [54]]",0,0,meningioma,True,0.5247927308082581,0.46648919582366943,0.008718068711459637,0.4010961353778839,0.5733577013015747,0.025546109303832054,0.7287805676460266,0.26763036847114563,0.0035890720319002867,0.5515564779440562,0.43582575519879657,0.012617750015730659,0,meningioma,True
2350,"[[49]
 [49]
 [49]
 [51]
 [54]
 [54]]",0,0,meningioma,True,0.45248866081237793,0.5195813179016113,0.027929987758398056,0.28574398159980774,0.655701220035553,0.058554764837026596,0.5853132605552673,0.3831668496131897,0.03151991590857506,0.4411819676558177,0.5194831291834513,0.03933488950133324,1,glioma,False
2351,"[[49]
 [49]
 [49]
 [53]
 [51]
 [50]]",4,0,meningioma,True,0.9693463444709778,0.030652785673737526,8.080003794930235e-07,0.9883628487586975,0.011637112125754356,4.2951243690164675e-13,0.5494900345802307,0.45047757029533386,3.240865407860838e-05,0.8357330759366354,0.16425582269827524,1.107221829587128e-05,0,meningioma,True
2352,"[[49]
 [49]
 [49]
 [53]
 [51]
 [50]]",4,0,meningioma,True,0.8431333899497986,0.15686556696891785,1.1244901543250307e-06,0.9810522794723511,0.018947754055261612,2.4782910099108157e-11,0.7069030404090881,0.2930791676044464,1.780769889592193e-05,0.8436962366104126,0.15629749620954195,6.310737944385687e-06,0,meningioma,True
2353,"[[49]
 [49]
 [49]
 [53]
 [51]
 [50]]",4,0,meningioma,True,0.76395183801651,0.23603595793247223,1.2209711712785065e-05,0.9371711611747742,0.06282874196767807,1.546285801623526e-07,0.33922699093818665,0.6604287028312683,0.0003443887981120497,0.6801166633764902,0.31976446757713956,0.0001189177128016657,0,meningioma,True
2354,"[[49]
 [48]
 [51]
 [54]
 [55]
 [51]]",0,0,meningioma,True,0.03338291868567467,0.061348699033260345,0.9052683711051941,0.044276244938373566,0.08629457652568817,0.8694292306900024,0.0004734442918561399,0.0006072295946069062,0.9989193677902222,0.02604420263863479,0.04941683505118514,0.9245389898618063,2,pituitary,False
2355,"[[49]
 [49]
 [49]
 [53]
 [51]
 [50]]",4,0,meningioma,True,0.1909445822238922,0.8090425133705139,1.2901135050924495e-05,0.8233640789985657,0.1766343116760254,1.5239455706250737e-06,0.07524019479751587,0.9246487617492676,0.00011105226440122351,0.3631829520066579,0.6367751955986023,4.182578167425769e-05,1,glioma,False
2356,"[[49]
 [49]
 [49]
 [53]
 [51]
 [50]]",4,0,meningioma,True,0.1973007172346115,0.8020146489143372,0.0006846922333352268,0.8913640975952148,0.10862322896718979,1.2683361092058476e-05,0.03590642288327217,0.9632771015167236,0.0008164478349499404,0.3748570792376995,0.6246383264660835,0.0005046078097924086,1,glioma,False
2357,"[[49]
 [49]
 [50]
 [48]
 [48]
 [50]]",3,0,meningioma,True,0.9090344309806824,0.09095252305269241,1.3021073755226098e-05,0.7549526691436768,0.24488979578018188,0.00015758138033561409,0.9414294362068176,0.058570608496665955,1.159325790922594e-08,0.868472178777059,0.13147097577651343,5.68713491162498e-05,0,meningioma,True
2358,"[[49]
 [49]
 [50]
 [48]
 [48]
 [50]]",3,0,meningioma,True,0.889556348323822,0.11041400581598282,2.9724822525167838e-05,0.8591529726982117,0.14081887900829315,2.814656909322366e-05,0.9445900917053223,0.05540992319583893,2.5768457589947502e-08,0.8977664709091187,0.1022142693400383,1.9299053358660483e-05,0,meningioma,True
2359,"[[49]
 [49]
 [50]
 [48]
 [48]
 [50]]",3,0,meningioma,True,0.8785210251808167,0.12130669504404068,0.0001723101013340056,0.5568565130233765,0.4427701532840729,0.000373355345800519,0.273135244846344,0.7268587350845337,6.070719337003538e-06,0.5695042610168457,0.4303118611375491,0.00018391205549050937,0,meningioma,True
2360,"[[49]
 [49]
 [50]
 [48]
 [48]
 [50]]",3,0,meningioma,True,0.9308558106422424,0.06250245869159698,0.006641831714659929,0.8269979953765869,0.14460819959640503,0.02839379571378231,0.9520931243896484,0.047874968498945236,3.189313065377064e-05,0.9033156434694926,0.08499520892898242,0.01168917351969867,0,meningioma,True
2361,"[[49]
 [49]
 [50]
 [48]
 [54]
 [50]]",4,0,meningioma,True,0.899336040019989,0.1006627157330513,1.3107541008139378e-06,0.8869451880455017,0.11305483430624008,4.02660509102315e-11,0.6299661993980408,0.37000423669815063,2.9517079383367673e-05,0.8054158091545105,0.19457392891248068,1.0275957916744174e-05,0,meningioma,True
2362,"[[49]
 [49]
 [50]
 [48]
 [54]
 [50]]",4,0,meningioma,True,0.28477904200553894,0.7152202725410461,6.759547659385134e-07,0.4857957661151886,0.5142042636871338,1.4526715334112206e-13,0.7467431426048279,0.25321921706199646,3.76202842744533e-05,0.5057726502418518,0.4942145844300588,1.2765413061886321e-05,0,meningioma,True
2363,"[[49]
 [49]
 [50]
 [48]
 [54]
 [50]]",4,0,meningioma,True,0.23500210046768188,0.7649976015090942,2.618530459130852e-07,0.1489672213792801,0.8510327935218811,7.13047025726349e-17,0.6149876713752747,0.3850071430206299,5.1453498599585146e-06,0.33298566440741223,0.6670125126838684,1.8024009686476348e-06,1,glioma,False
2364,"[[49]
 [49]
 [50]
 [48]
 [54]
 [50]]",4,0,meningioma,True,0.684249758720398,0.3157501518726349,4.865960434585759e-08,0.007668595295399427,0.9923313856124878,2.667093183209388e-19,0.8743370175361633,0.1256616711616516,1.2425517752490123e-06,0.5220851238506535,0.4779144028822581,4.304037931983789e-07,0,meningioma,True
2365,"[[49]
 [48]
 [51]
 [54]
 [55]
 [51]]",0,0,meningioma,True,0.01842074654996395,0.03844080865383148,0.9431384205818176,0.03242931142449379,0.06455440819263458,0.9030163288116455,0.0003226029220968485,0.00030102863092906773,0.9993763566017151,0.017057553632184863,0.03443208182579838,0.9485103686650594,2,pituitary,False
2366,"[[49]
 [49]
 [50]
 [50]
 [53]
 [50]]",4,0,meningioma,True,0.6810038089752197,0.3188219666481018,0.00017424534598831087,0.9213220477104187,0.07858173549175262,9.61594851105474e-05,0.6421282887458801,0.3471553325653076,0.010716339573264122,0.7481513818105062,0.24818634490172067,0.00366224813478766,0,meningioma,True
2367,"[[49]
 [49]
 [50]
 [50]
 [53]
 [50]]",4,0,meningioma,True,0.1997143030166626,0.7983916997909546,0.0018940384034067392,0.1206183210015297,0.879027783870697,0.0003538480377756059,0.2053622305393219,0.7560034990310669,0.038634222000837326,0.17523161818583807,0.8111409942309061,0.013627369480673224,1,glioma,False
2368,"[[49]
 [49]
 [50]
 [53]
 [53]
 [50]]",4,0,meningioma,True,0.7065823674201965,0.2934141457080841,3.5623693293018732e-06,0.04054431617259979,0.959455668926239,5.265924415270851e-12,0.40306392312049866,0.5968834757804871,5.257971861283295e-05,0.38339686890443164,0.61658443013827,1.8714031069353078e-05,1,glioma,False
2369,"[[49]
 [49]
 [50]
 [53]
 [53]
 [50]]",4,0,meningioma,True,0.9007663130760193,0.09923020750284195,3.472377329671872e-06,0.8500148057937622,0.14998523890972137,5.039044702337403e-12,0.8988487124443054,0.1011238545179367,2.7413805582909845e-05,0.8832099437713623,0.11677976697683334,1.0295395983875473e-05,0,meningioma,True
2370,"[[49]
 [49]
 [50]
 [53]
 [53]
 [50]]",4,0,meningioma,True,0.6946942210197449,0.3052755296230316,3.024255966010969e-05,0.018062183633446693,0.9819377660751343,1.0777662096117524e-09,0.6521128416061401,0.3473842740058899,0.0005028645391575992,0.4549564154197772,0.5448658565680186,0.00017770272552797284,1,glioma,False
2371,"[[49]
 [49]
 [50]
 [53]
 [53]
 [50]]",4,0,meningioma,True,0.5983456969261169,0.40048786997795105,0.0011664332123473287,0.20689985156059265,0.793099045753479,1.0101605312229367e-06,0.6966139078140259,0.3012346625328064,0.0021513800602406263,0.5006198187669119,0.49827385942141217,0.0011062744777063926,0,meningioma,True
2372,"[[49]
 [49]
 [50]
 [53]
 [53]
 [50]]",4,0,meningioma,True,0.2572707235813141,0.7399099469184875,0.0028193809557706118,0.6671137809753418,0.33288103342056274,5.1523634283512365e-06,0.43052226305007935,0.5066333413124084,0.062844417989254,0.45163558920224506,0.5264747738838196,0.021889650436150987,1,glioma,False
2373,"[[49]
 [49]
 [50]
 [53]
 [53]
 [50]]",4,0,meningioma,True,0.5208939909934998,0.4625034034252167,0.016602544113993645,0.506130576133728,0.49361279606819153,0.0002566885086707771,0.5012016892433167,0.4504021108150482,0.048396240919828415,0.5094087521235148,0.4688394367694855,0.02175182451416428,0,meningioma,True
2374,"[[49]
 [49]
 [50]
 [53]
 [53]
 [50]]",4,0,meningioma,True,0.7636321187019348,0.23026180267333984,0.006106045562773943,0.9140181541442871,0.08416219800710678,0.0018196749733760953,0.6764057874679565,0.16300155222415924,0.1605926752090454,0.7846853534380595,0.15914185096820196,0.05617279858173182,0,meningioma,True
2375,"[[49]
 [49]
 [50]
 [54]
 [52]
 [56]]",0,0,meningioma,True,0.4857501685619354,0.5059285163879395,0.008321319706737995,0.24345619976520538,0.7363253235816956,0.0202184971421957,0.2833956778049469,0.7130553126335144,0.0035490761511027813,0.33753401537736255,0.6517697175343832,0.010696297666678825,1,glioma,False
2376,"[[49]
 [48]
 [51]
 [54]
 [55]
 [51]]",0,0,meningioma,True,0.019387023523449898,0.042806994169950485,0.9378060102462769,0.036147892475128174,0.0772043913602829,0.8866477608680725,0.0010747258784249425,0.0007414657156914473,0.9981837868690491,0.018869880625667673,0.040250950415308274,0.9408791859944662,2,pituitary,False
2377,"[[49]
 [49]
 [50]
 [54]
 [52]
 [56]]",0,0,meningioma,True,0.5576310157775879,0.4397137761116028,0.002655290998518467,0.5031460523605347,0.48650845885276794,0.010345502756536007,0.5128037929534912,0.4859329164028168,0.0012632824946194887,0.5245269536972046,0.4707183837890625,0.004754692083224654,0,meningioma,True
2378,"[[49]
 [49]
 [50]
 [54]
 [52]
 [56]]",0,0,meningioma,True,0.5601138472557068,0.4391382932662964,0.0007478322368115187,0.5316447615623474,0.4639627933502197,0.004392406437546015,0.4066714346408844,0.5930507779121399,0.0002777609333861619,0.49947668115297955,0.4987172881762187,0.0018059998692478985,0,meningioma,True
2379,"[[49]
 [49]
 [51]
 [52]
 [51]
 [53]]",1,0,meningioma,True,0.6446378827095032,0.35536205768585205,4.052643021168478e-08,0.20597675442695618,0.7939619421958923,6.131418922450393e-05,0.2494879961013794,0.7498680949211121,0.0006438917480409145,0.36670087774594623,0.6330640316009521,0.00023508215456521006,1,glioma,False
2380,"[[49]
 [49]
 [51]
 [52]
 [51]
 [53]]",1,0,meningioma,True,0.6130666136741638,0.3869333267211914,2.0936579137043054e-09,0.3001410663127899,0.6998292803764343,2.9615370294777676e-05,0.7105573415756226,0.2891670763492584,0.0002756205794867128,0.5412550071875254,0.45864322781562805,0.0001017460144798014,0,meningioma,True
2381,"[[49]
 [49]
 [51]
 [52]
 [51]
 [53]]",1,0,meningioma,True,0.581035315990448,0.41896289587020874,1.799147185010952e-06,0.15416266024112701,0.8456214666366577,0.00021587027003988624,0.8064295053482056,0.19001254439353943,0.003557921154424548,0.5138758271932602,0.48486563563346863,0.0012585301905498152,0,meningioma,True
2382,"[[49]
 [49]
 [51]
 [52]
 [51]
 [53]]",1,0,meningioma,True,0.5668532848358154,0.43314531445503235,1.4428724171011709e-06,0.19781871140003204,0.8017516732215881,0.00042959238635376096,0.5142514109611511,0.473660945892334,0.012087640352547169,0.4263078023989995,0.5695193111896515,0.004172891870439344,1,glioma,False
2383,"[[49]
 [49]
 [51]
 [52]
 [51]
 [53]]",1,0,meningioma,True,0.4169914722442627,0.5828822255134583,0.00012630398850888014,0.06708379089832306,0.932056188583374,0.0008600164437666535,0.2871103286743164,0.5687198638916016,0.14416980743408203,0.2570618639389674,0.6945527593294779,0.048385375955452524,1,glioma,False
2384,"[[49]
 [49]
 [51]
 [52]
 [51]
 [53]]",1,0,meningioma,True,0.10694389790296555,0.8930477499961853,8.36292929307092e-06,0.1920037865638733,0.8078858256340027,0.00011040909157600254,0.6746513247489929,0.278909295797348,0.046439386904239655,0.32453300307194394,0.6599476238091787,0.015519386308369576,1,glioma,False
2385,"[[49]
 [49]
 [51]
 [52]
 [51]
 [53]]",1,0,meningioma,True,0.703106701374054,0.296846866607666,4.643742067855783e-05,0.7690582871437073,0.23085620999336243,8.548306504962966e-05,0.8827354907989502,0.11458150297403336,0.0026830905117094517,0.7849668264389038,0.21409485985835394,0.0009383369991458798,0,meningioma,True
2386,"[[49]
 [49]
 [51]
 [52]
 [51]
 [53]]",1,0,meningioma,True,0.5363205671310425,0.4636787176132202,7.010697800069465e-07,0.9483019709587097,0.051696326583623886,1.6634851363050984e-06,0.894651472568512,0.10525570064783096,9.293599578086287e-05,0.793091336886088,0.20687691494822502,3.176685023239164e-05,0,meningioma,True
2387,"[[49]
 [48]
 [51]
 [54]
 [55]
 [51]]",0,0,meningioma,True,0.02247406728565693,0.05140464007854462,0.9261213541030884,0.035710107535123825,0.08986543118953705,0.8744244575500488,0.002098147291690111,0.0015793303027749062,0.996322512626648,0.020094107370823622,0.047616467190285526,0.9322894414265951,2,pituitary,False
2388,"[[49]
 [49]
 [51]
 [53]
 [53]
 [52]]",0,0,meningioma,True,0.5120580792427063,0.4863300621509552,0.0016118170460686088,0.18229354918003082,0.8131390810012817,0.004567368887364864,0.3214535415172577,0.6781615018844604,0.00038495060289278626,0.3386017233133316,0.6592102150122324,0.002188045512108753,1,glioma,False
2389,"[[49]
 [49]
 [51]
 [53]
 [53]
 [52]]",0,0,meningioma,True,0.542944610118866,0.4559958577156067,0.001059499103575945,0.29040059447288513,0.7053214907646179,0.0042778849601745605,0.5134647488594055,0.4861607849597931,0.0003744982532225549,0.44893665115038556,0.5491593778133392,0.0019039607723243535,1,glioma,False
2390,"[[49]
 [49]
 [51]
 [53]
 [53]
 [52]]",0,0,meningioma,True,0.5060579776763916,0.49229252338409424,0.0016495446907356381,0.20319586992263794,0.791122555732727,0.005681534297764301,0.23440143465995789,0.7652372717857361,0.0003613151202443987,0.3145517607529958,0.6828841169675192,0.002564131369581446,1,glioma,False
2391,"[[49]
 [49]
 [51]
 [56]
 [48]
 [53]]",3,0,meningioma,True,0.14681124687194824,0.8531283736228943,6.040631706127897e-05,0.36367282271385193,0.6363152265548706,1.1905125575140119e-05,0.2584105432033539,0.7415893077850342,1.932382360791962e-07,0.25629820426305133,0.7436776359875997,2.4168226957499428e-05,1,glioma,False
2392,"[[49]
 [49]
 [51]
 [56]
 [48]
 [53]]",3,0,meningioma,True,0.9457138776779175,0.05422184616327286,6.421455327654257e-05,0.6024971008300781,0.3974776864051819,2.5240939066861756e-05,0.7139873504638672,0.2860125005245209,1.713917328061143e-07,0.7540661096572876,0.24590401103099188,2.9875628025403483e-05,0,meningioma,True
2393,"[[49]
 [49]
 [52]
 [48]
 [49]
 [56]]",0,0,meningioma,True,0.3768291771411896,0.325125515460968,0.2980453670024872,0.2257480025291443,0.22291848063468933,0.5513335466384888,0.20921587944030762,0.13892018795013428,0.6518639922142029,0.2705976863702138,0.2289880613485972,0.5004143019517263,2,pituitary,False
2394,"[[49]
 [49]
 [52]
 [48]
 [49]
 [56]]",0,0,meningioma,True,0.34526360034942627,0.2728438079357147,0.3818926513195038,0.2574043273925781,0.1908084899187088,0.5517871975898743,0.1639583855867386,0.06310683488845825,0.7729347944259644,0.2555421044429143,0.1755863775809606,0.5688715477784475,2,pituitary,False
2395,"[[49]
 [49]
 [52]
 [48]
 [49]
 [56]]",0,0,meningioma,True,0.22851043939590454,0.2102603018283844,0.5612292289733887,0.18039362132549286,0.14782440662384033,0.6717819571495056,0.07416785508394241,0.022075310349464417,0.903756856918335,0.16102397193511328,0.1267200062672297,0.7122560143470764,2,pituitary,False
2396,"[[49]
 [49]
 [52]
 [48]
 [49]
 [56]]",0,0,meningioma,True,0.12327830493450165,0.169270858168602,0.707450807094574,0.08555115759372711,0.140569806098938,0.7738790512084961,0.07367584854364395,0.04264349117875099,0.8836806416511536,0.09416843702395757,0.11749471848209699,0.7883368333180746,2,pituitary,False
2397,"[[49]
 [49]
 [52]
 [51]
 [53]
 [57]]",3,0,meningioma,True,0.38363590836524963,0.6162874698638916,7.663533324375749e-05,0.04834497347474098,0.9516535401344299,1.465465629735263e-06,0.2618897557258606,0.7381102442741394,2.0889444840577198e-08,0.2312902125219504,0.7686837514241537,2.6040562772777776e-05,1,glioma,False
2398,"[[49]
 [48]
 [48]
 [51]
 [54]
 [48]]",2,0,meningioma,True,0.989891529083252,0.010004621930420399,0.00010388357623014599,0.5977259278297424,0.4022600054740906,1.4023162293597125e-05,0.9231785535812378,0.0768214613199234,1.579792679594523e-14,0.8369320034980774,0.16302869624147812,3.930224617984701e-05,0,meningioma,True
2399,"[[49]
 [48]
 [51]
 [54]
 [55]
 [51]]",0,0,meningioma,True,0.0206003375351429,0.05050021782517433,0.9288994073867798,0.03218892589211464,0.09072712063789368,0.877083957195282,0.0021600499749183655,0.0015392586356028914,0.9963006973266602,0.0183164378007253,0.04758886569955697,0.9340946873029073,2,pituitary,False
2400,"[[49]
 [49]
 [52]
 [51]
 [53]
 [57]]",3,0,meningioma,True,0.19604051113128662,0.8039021492004395,5.735478407586925e-05,0.004722933750599623,0.9952763319015503,6.883682885927556e-07,0.1031365841627121,0.8968634605407715,5.039453299104935e-10,0.10130000968153278,0.8986806472142538,1.9347885436597306e-05,1,glioma,False
2401,"[[49]
 [49]
 [52]
 [51]
 [53]
 [57]]",3,0,meningioma,True,0.9432836174964905,0.056708693504333496,7.591717803734355e-06,0.23762892186641693,0.7623677849769592,3.258821607232676e-06,0.8769833445549011,0.12301667034626007,1.4948055016006379e-09,0.6859652946392695,0.31403104960918427,3.617344738822877e-06,0,meningioma,True
2402,"[[49]
 [49]
 [52]
 [51]
 [53]
 [57]]",3,0,meningioma,True,0.9021689891815186,0.09779798984527588,3.300605385447852e-05,0.40864136815071106,0.5913302302360535,2.8424492484191433e-05,0.9426109790802002,0.057388972491025925,2.1171477015968776e-08,0.7511404454708099,0.24883906419078508,2.0483905938561975e-05,0,meningioma,True
2403,"[[49]
 [49]
 [52]
 [51]
 [53]
 [57]]",3,0,meningioma,True,0.7445096373558044,0.25530806183815,0.00018233571609016508,0.35308173298835754,0.6466851830482483,0.0002330719871679321,0.9179742932319641,0.08202362060546875,2.027740265475586e-06,0.671855221192042,0.3280056218306224,0.00013914514784119092,0,meningioma,True
2404,"[[49]
 [49]
 [52]
 [51]
 [53]
 [57]]",3,0,meningioma,True,0.6785656213760376,0.32134678959846497,8.761665958445519e-05,0.21462422609329224,0.7846705317497253,0.0007052658475004137,0.2630346119403839,0.7369632720947266,2.06763502319518e-06,0.38540815313657123,0.6143268644809723,0.000264983380702688,1,glioma,False
2405,"[[57]
 [55]
 [54]
 [48]
 [55]]",2,0,meningioma,True,0.9748424291610718,0.025157272815704346,1.806742062626654e-07,0.6736637353897095,0.32633522152900696,1.0702548252083943e-06,0.9954720735549927,0.00452794786542654,8.610444822421126e-12,0.8813260793685913,0.11867348073671262,4.169792139719607e-07,0,meningioma,True
2406,"[[57]
 [55]
 [54]
 [48]
 [55]]",2,0,meningioma,True,0.9744648933410645,0.02553514391183853,2.9162361414591942e-08,0.5662546157836914,0.4337453246116638,6.979614397550904e-08,0.9987670183181763,0.0012330050813034177,5.86883125241024e-15,0.846495509147644,0.15350449120160192,3.298617041964408e-08,0,meningioma,True
2407,"[[57]
 [55]
 [54]
 [48]
 [55]]",2,0,meningioma,True,0.9232746958732605,0.07672526687383652,3.280290483687054e-09,0.4825364053249359,0.5174636244773865,3.3210583172404995e-09,0.9986292123794556,0.001370791345834732,5.191090121642447e-15,0.801480104525884,0.19851989423235258,2.2004513306725583e-09,0,meningioma,True
2408,"[[57]
 [55]
 [55]
 [51]
 [55]]",1,0,meningioma,True,0.9507790207862854,0.04922099784016609,1.6048776529942188e-08,0.9561628699302673,0.043536193668842316,0.000300886167678982,0.6984788775444031,0.2876337170600891,0.013887363485991955,0.8684735894203186,0.12679696952303252,0.004729421900815822,0,meningioma,True
2409,"[[57]
 [55]
 [55]
 [51]
 [55]]",1,0,meningioma,True,0.9418449401855469,0.05815501511096954,1.238560631833252e-08,0.9491032361984253,0.05064069479703903,0.0002560030552558601,0.4428609609603882,0.5569157600402832,0.0002232758852187544,0.7779363791147867,0.22190382331609726,0.00015976377536031094,0,meningioma,True
2410,"[[49]
 [48]
 [51]
 [54]
 [55]
 [51]]",0,0,meningioma,True,0.020702172070741653,0.053415559232234955,0.9258822798728943,0.03527556359767914,0.115644671022892,0.8490797281265259,0.003166636684909463,0.003104759380221367,0.9937286376953125,0.01971479078444342,0.05738832987844944,0.9228968818982443,2,pituitary,False
2411,"[[57]
 [55]
 [55]
 [51]
 [55]]",1,0,meningioma,True,0.9759986400604248,0.024001378566026688,8.14300883666963e-12,0.9822569489479065,0.01773943565785885,3.6385204111866187e-06,0.9008708000183105,0.09910634905099869,2.2871592591400258e-05,0.9530421296755472,0.04694905442496141,8.836707048531905e-06,0,meningioma,True
2412,"[[57]
 [55]
 [55]
 [51]
 [55]]",1,0,meningioma,True,0.6744145154953003,0.3255854845046997,3.886890375531804e-12,0.9501891136169434,0.049809955060482025,9.427702707398566e-07,0.7570013999938965,0.24299634993076324,2.2549781988345785e-06,0.79386834303538,0.20613059649864832,1.065917452154937e-06,0,meningioma,True
2413,"[[57]
 [55]
 [55]
 [51]
 [55]]",1,0,meningioma,True,0.8716081380844116,0.1283917874097824,1.3431207685824756e-15,0.9852144122123718,0.014785588718950748,1.0939241512630815e-08,0.8523040413856506,0.1476958990097046,8.899709769139008e-08,0.903042197227478,0.09695775837947924,3.3312113515713886e-08,0,meningioma,True
2414,"[[57]
 [55]
 [55]
 [51]
 [55]]",1,0,meningioma,True,0.9364194273948669,0.06358063966035843,6.892907426409608e-16,0.9428617358207703,0.05713827162981033,3.131206938178366e-08,0.945320725440979,0.05467929318547249,1.475596178579508e-08,0.9415339628855387,0.05846606815854708,1.5356010618956494e-08,0,meningioma,True
2415,"[[57]
 [55]
 [56]
 [55]
 [53]]",3,0,meningioma,True,0.9991618394851685,3.6354136682348326e-05,0.0008018301450647414,0.87946617603302,0.11963996291160583,0.0008938483078964055,0.9988670349121094,0.0009950960520654917,0.00013788057549390942,0.9591650168100992,0.040223804366784556,0.000611186342818352,0,meningioma,True
2416,"[[57]
 [55]
 [56]
 [55]
 [53]]",3,0,meningioma,True,0.9963316321372986,1.3543214663513936e-05,0.003654815023764968,0.8559994697570801,0.13654471933841705,0.007455919869244099,0.9959249496459961,0.0006219759816303849,0.003453032113611698,0.9494186838467916,0.045726746178236986,0.004854589002206922,0,meningioma,True
2417,"[[57]
 [55]
 [56]
 [55]
 [53]]",3,0,meningioma,True,0.9921512603759766,2.8541486244648695e-05,0.007820256054401398,0.8712913990020752,0.11500944942235947,0.013699214905500412,0.9939022064208984,0.000901577586773783,0.005196229554712772,0.95244828859965,0.03864652283179263,0.008905233504871527,0,meningioma,True
2418,"[[57]
 [55]
 [56]
 [55]
 [53]]",3,0,meningioma,True,0.9967988729476929,0.0004070275754202157,0.002794085768982768,0.921847939491272,0.07121583819389343,0.006936231162399054,0.9856782555580139,0.008920014835894108,0.005401727743446827,0.9681083559989929,0.026847626868402585,0.0050440148916095495,0,meningioma,True
2419,"[[57]
 [55]
 [57]
 [52]
 [51]]",1,0,meningioma,True,0.8798721432685852,0.1201278567314148,3.3862741499746107e-09,0.8392471671104431,0.16074363887310028,9.16580484044971e-06,0.9676017761230469,0.0323195606470108,7.87082317401655e-05,0.8955736955006918,0.10439701875050862,2.9292474284921728e-05,0,meningioma,True
2420,"[[57]
 [55]
 [57]
 [52]
 [51]]",1,0,meningioma,True,0.9961870312690735,0.003813028335571289,3.594868847045518e-10,0.9970543384552002,0.0029454980976879597,8.242005833380972e-08,0.9950388073921204,0.00495523726567626,5.903891178604681e-06,0.9960933923721313,0.0039045878996451697,1.995556907941065e-06,0,meningioma,True
2421,"[[49]
 [48]
 [51]
 [57]
 [50]
 [53]]",1,0,meningioma,True,0.2827865481376648,0.022183747962117195,0.6950296759605408,0.8986101746559143,0.05237678065896034,0.04901299625635147,0.04147768393158913,0.008312887512147427,0.9502094984054565,0.40762480224172276,0.02762447204440832,0.5647507235407829,2,pituitary,False
2422,"[[57]
 [55]
 [57]
 [52]
 [51]]",1,0,meningioma,True,0.996317982673645,0.0036819742526859045,1.490908681704352e-18,0.9939517378807068,0.006048192735761404,1.622766088171801e-10,0.9967093467712402,0.003290619933977723,2.9022160230596228e-09,0.9956596891085306,0.004340262307475011,1.021497544455904e-09,0,meningioma,True
2423,"[[57]
 [55]
 [57]
 [52]
 [51]]",1,0,meningioma,True,0.9928343296051025,0.007165637332946062,8.20019308603528e-26,0.9973133206367493,0.0026866423431783915,1.7410904532347282e-14,0.9963343143463135,0.0036656116135418415,1.1842369532916175e-12,0.9954939881960551,0.004505963763222098,4.005492859413489e-13,0,meningioma,True
2424,"[[57]
 [55]
 [57]
 [52]
 [51]]",1,0,meningioma,True,0.7724120020866394,0.2275879979133606,3.160326906536007e-30,0.8846898674964905,0.1153101697564125,1.8711593079557935e-16,0.4345915913581848,0.5654084086418152,7.675714100438351e-16,0.6972311536471049,0.30276885877052945,3.182291136131392e-16,0,meningioma,True
2425,"[[57]
 [56]
 [50]
 [52]
 [49]]",1,0,meningioma,True,0.9947772026062012,0.0051688565872609615,5.4013704357203096e-05,0.15190479159355164,0.8446715474128723,0.0034236235078424215,0.18634755909442902,0.8097690343856812,0.0038833897560834885,0.4443431844313939,0.5532031461286048,0.002453675656094371,1,glioma,False
2426,"[[57]
 [56]
 [50]
 [52]
 [49]]",1,0,meningioma,True,0.9650132060050964,0.03496412932872772,2.2670390535495244e-05,0.12660203874111176,0.8722176551818848,0.001180361257866025,0.2160329669713974,0.776094913482666,0.00787216704338789,0.43588273723920185,0.5610922326644262,0.00302506623059647,1,glioma,False
2427,"[[57]
 [56]
 [50]
 [52]
 [49]]",1,0,meningioma,True,0.7935264110565186,0.20641273260116577,6.0788821429014206e-05,0.1950177252292633,0.7966505885124207,0.008331630378961563,0.03820023685693741,0.9578036069869995,0.003996166866272688,0.3422481243809064,0.6536223093668619,0.004129528688887755,1,glioma,False
2428,"[[57]
 [56]
 [50]
 [52]
 [49]]",1,0,meningioma,True,0.9498079419136047,0.05018112063407898,1.0895183550019283e-05,0.4464496970176697,0.5503892302513123,0.003161041531711817,0.13850359618663788,0.5698997378349304,0.2915966808795929,0.5115870783726374,0.39015669624010724,0.09825620586495158,0,meningioma,True
2429,"[[57]
 [56]
 [50]
 [52]
 [49]]",1,0,meningioma,True,0.9756470918655396,0.012984302826225758,0.01136855874210596,0.9115378260612488,0.0655064657330513,0.02295578457415104,0.36339277029037476,0.2940405309200287,0.34256669878959656,0.7501925627390543,0.12417709982643525,0.12563034736861786,0,meningioma,True
2430,"[[57]
 [56]
 [50]
 [52]
 [49]]",1,0,meningioma,True,0.9568902254104614,0.037597235292196274,0.005512547213584185,0.5558264851570129,0.43996816873550415,0.004205354489386082,0.41324615478515625,0.5604391098022461,0.026314739137887955,0.6419876217842102,0.3460015046099822,0.012010880280286074,0,meningioma,True
2431,"[[57]
 [56]
 [50]
 [52]
 [49]]",1,0,meningioma,True,0.9424547553062439,0.05753983184695244,5.423146376415389e-06,0.8144005537033081,0.1854349821805954,0.00016442729975096881,0.6000149846076965,0.39874228835105896,0.00124273297842592,0.7856234312057495,0.21390570079286894,0.0004708611415177681,0,meningioma,True
2432,"[[49]
 [48]
 [51]
 [57]
 [50]
 [53]]",1,0,meningioma,True,0.16557520627975464,7.347775681409985e-05,0.8343513011932373,0.532476007938385,0.04391034319996834,0.42361360788345337,0.00696910172700882,0.0011122438590973616,0.9919186234474182,0.23500677198171616,0.015032021605293266,0.7499611775080363,2,pituitary,False
2433,"[[57]
 [57]
 [48]
 [49]
 [55]]",0,0,meningioma,True,0.5463030338287354,0.42959651350975037,0.02410046011209488,0.48004281520843506,0.4108010232448578,0.10915618389844894,0.692520797252655,0.1934344470500946,0.11404483020305634,0.5729555487632751,0.34461066126823425,0.08243382473786671,0,meningioma,True
2434,"[[57]
 [57]
 [48]
 [49]
 [55]]",0,0,meningioma,True,0.5392287969589233,0.4568774700164795,0.003893719520419836,0.47380056977272034,0.4981900751590729,0.02800929918885231,0.8258126378059387,0.15898840129375458,0.015198944136500359,0.6129473348458608,0.37135198215643567,0.01570065428192417,0,meningioma,True
2435,"[[57]
 [57]
 [48]
 [56]
 [57]]",0,0,meningioma,True,0.5568774938583374,0.4402172565460205,0.0029052577447146177,0.45331573486328125,0.5338953733444214,0.012788940221071243,0.5899110436439514,0.4084184467792511,0.0016705379821360111,0.5333680907885233,0.460843692223231,0.005788245315973957,0,meningioma,True
2436,"[[57]
 [57]
 [48]
 [56]
 [57]]",0,0,meningioma,True,0.5354763269424438,0.46006476879119873,0.0044588674791157246,0.3827970027923584,0.5987934470176697,0.01840955577790737,0.49707090854644775,0.49888038635253906,0.004048640374094248,0.4717814127604167,0.5192462007204691,0.008972354543705782,1,glioma,False
2437,"[[57]
 [57]
 [48]
 [56]
 [57]]",0,0,meningioma,True,0.5272678136825562,0.46650055050849915,0.00623164139688015,0.3521122634410858,0.623819887638092,0.024067837744951248,0.5279145240783691,0.46488186717033386,0.007203558925539255,0.46909820040067035,0.518400768438975,0.01250101268912355,1,glioma,False
2438,"[[57]
 [57]
 [48]
 [56]
 [57]]",0,0,meningioma,True,0.5459940433502197,0.44778165221214294,0.006224301643669605,0.41594210267066956,0.5597168803215027,0.024340998381376266,0.4967042803764343,0.481476753950119,0.021818898618221283,0.48621347546577454,0.4963250954945882,0.017461399547755718,1,glioma,False
2439,"[[57]
 [57]
 [48]
 [56]
 [57]]",0,0,meningioma,True,0.5376161932945251,0.4536057710647583,0.008778088726103306,0.3926907479763031,0.579988956451416,0.02732035145163536,0.5545273423194885,0.42227306962013245,0.023199642077088356,0.4949447611967723,0.48528926571210224,0.019766027418275673,0,meningioma,True
2440,"[[57]
 [57]
 [50]
 [56]
 [56]]",1,0,meningioma,True,0.8340506553649902,0.16594932973384857,1.5569656837671059e-13,0.8849384784698486,0.11506091803312302,6.455326797549787e-07,0.7736549377441406,0.2263408601284027,4.255726707924623e-06,0.8308813571929932,0.16911703596512476,1.6337531811253901e-06,0,meningioma,True
2441,"[[57]
 [57]
 [51]
 [48]
 [56]]",3,0,meningioma,True,0.34790244698524475,0.651871383190155,0.00022609805455431342,0.18874460458755493,0.8084843158721924,0.002771074650809169,0.8230375051498413,0.17695455253124237,7.964779797475785e-06,0.4532281855742137,0.54577008386453,0.0010017124950536527,1,glioma,False
2442,"[[57]
 [57]
 [51]
 [48]
 [56]]",3,0,meningioma,True,0.6661895513534546,0.33380788564682007,2.5302281301264884e-06,0.2486872524023056,0.7512664794921875,4.622604319592938e-05,0.8894497752189636,0.11054906249046326,1.21655352813832e-06,0.6014421929915746,0.3985411425431569,1.6657608284731396e-05,0,meningioma,True
2443,"[[49]
 [48]
 [51]
 [57]
 [50]
 [53]]",1,0,meningioma,True,0.001991241006180644,0.00043513564742170274,0.9975736737251282,0.24509689211845398,0.014154561795294285,0.7407485246658325,0.00036529049975797534,0.00017116888193413615,0.9994634985923767,0.0824844745414642,0.004920288774883375,0.9125952323277792,2,pituitary,False
2444,"[[57]
 [57]
 [51]
 [48]
 [56]]",3,0,meningioma,True,0.8200334310531616,0.1799582540988922,8.311016244988423e-06,0.9249343872070312,0.07493963092565536,0.00012605005758814514,0.9836977124214172,0.016292253509163857,1.0099630344484467e-05,0.90955517689387,0.09039671284457047,4.815356805920601e-05,0,meningioma,True
2445,"[[57]
 [57]
 [51]
 [48]
 [56]]",3,0,meningioma,True,0.5751839876174927,0.42468810081481934,0.00012785228318534791,0.3118789792060852,0.6806913614273071,0.007429721765220165,0.9520434141159058,0.047563325613737106,0.0003932510153390467,0.6130354603131613,0.38431426261862117,0.0026502750212481865,0,meningioma,True
2446,"[[49]
 [48]
 [48]
 [51]
 [54]
 [48]]",2,0,meningioma,True,0.938716471195221,0.06128346547484398,2.479479199735124e-08,0.6376937627792358,0.362306147813797,8.363484482742933e-08,0.7696967124938965,0.2303033173084259,4.907676043330866e-09,0.7820356488227844,0.2179643101990223,3.777910428937048e-08,0,meningioma,True
2447,"[[49]
 [48]
 [48]
 [51]
 [54]
 [48]]",2,0,meningioma,True,0.6387122273445129,0.36128681898117065,1.0248130593026872e-06,0.6491556763648987,0.3508429229259491,1.4237166396924295e-06,0.19466763734817505,0.8053324222564697,1.5176814471828948e-08,0.49417851368586224,0.5058207213878632,8.212355044889819e-07,1,glioma,False
2448,"[[49]
 [48]
 [48]
 [51]
 [54]
 [48]]",2,0,meningioma,True,0.476550817489624,0.5234456062316895,3.5825460145133547e-06,0.49603912234306335,0.5039517879486084,9.15920281840954e-06,0.2047046273946762,0.7952952980995178,2.169265878038118e-09,0.3924315224091212,0.6075642307599386,4.247972699600311e-06,1,glioma,False
2449,"[[49]
 [48]
 [48]
 [51]
 [54]
 [48]]",2,0,meningioma,True,0.3848111033439636,0.6151471734046936,4.172937769908458e-05,0.4808815121650696,0.5190497040748596,6.873956590425223e-05,0.4677877128124237,0.5322122573852539,8.93711771254857e-09,0.44449344277381897,0.5554697116216024,3.6825960240349787e-05,1,glioma,False
2450,"[[49]
 [48]
 [48]
 [51]
 [54]
 [48]]",2,0,meningioma,True,0.6438806653022766,0.35597091913223267,0.00014840859512332827,0.6620617508888245,0.33782485127449036,0.00011343116784701124,0.13328158855438232,0.8667184114456177,1.101869173680825e-08,0.47974133491516113,0.5201713939507803,8.728359388735878e-05,1,glioma,False
2451,"[[49]
 [48]
 [48]
 [51]
 [54]
 [48]]",2,0,meningioma,True,0.7683607339859009,0.2315366566181183,0.00010263617150485516,0.6708795428276062,0.3290068209171295,0.0001136538339778781,0.042699720710515976,0.9573003053665161,2.402060328421385e-09,0.49397999917467433,0.5059479276339213,7.209746918102056e-05,1,glioma,False
2452,"[[49]
 [48]
 [48]
 [53]
 [55]
 [50]]",4,0,meningioma,True,0.002367910696193576,5.292204150464386e-05,0.9975791573524475,3.404798189876601e-05,1.241499489879061e-06,0.999964714050293,0.005987965501844883,2.0351772036519833e-05,0.9939916729927063,0.002796641393312408,2.483843767701425e-05,0.9971785147984823,2,pituitary,False
2453,"[[49]
 [48]
 [48]
 [53]
 [55]
 [50]]",4,0,meningioma,True,0.0008498981478624046,0.00022476824233308434,0.9989252686500549,5.469110328704119e-05,7.445970368280541e-06,0.999937891960144,0.01240732241421938,0.00015105874626897275,0.9874416589736938,0.004437303888456275,0.00012775765299011255,0.9954349398612976,2,pituitary,False
2454,"[[49]
 [48]
 [52]
 [49]
 [54]
 [55]]",4,0,meningioma,True,0.8278843760490417,0.17209357023239136,2.1980433302815072e-05,0.9292961955070496,0.07070386409759521,3.5129102318037786e-12,0.7211422920227051,0.27877506613731384,8.260788308689371e-05,0.8261076211929321,0.17385750015576681,3.4862773300873e-05,0,meningioma,True
2455,"[[49]
 [48]
 [48]
 [54]
 [51]
 [57]]",0,0,meningioma,True,0.6234603524208069,0.3274836838245392,0.04905596747994423,0.49419090151786804,0.41271764039993286,0.09309140592813492,0.8198155164718628,0.16374656558036804,0.016437923535704613,0.6458222568035126,0.30131596326828003,0.05286176564792792,0,meningioma,True
2456,"[[49]
 [48]
 [48]
 [54]
 [51]
 [57]]",0,0,meningioma,True,0.5482456684112549,0.33312395215034485,0.1186302974820137,0.4386598467826843,0.4065547287464142,0.15478543937206268,0.8146135210990906,0.13918627798557281,0.046200260519981384,0.6005063454310099,0.2929549862941106,0.10653866579135259,0,meningioma,True
2457,"[[49]
 [48]
 [48]
 [57]
 [50]
 [48]]",2,0,meningioma,True,0.8775057196617126,0.12245342880487442,4.089171488885768e-05,0.8387370109558105,0.16123895347118378,2.401727033429779e-05,0.9362705945968628,0.06372787803411484,1.5802299913048046e-06,0.8841711084047953,0.11580675343672435,2.2163071738153423e-05,0,meningioma,True
2458,"[[49]
 [48]
 [48]
 [57]
 [50]
 [48]]",2,0,meningioma,True,0.8881314992904663,0.11077694594860077,0.0010915928287431598,0.7282655835151672,0.2686992287635803,0.0030352112371474504,0.9589512348175049,0.04102190211415291,2.6863213861361146e-05,0.8584494392077128,0.140166025608778,0.0013845557599173237,0,meningioma,True
2459,"[[49]
 [48]
 [48]
 [57]
 [50]
 [48]]",2,0,meningioma,True,0.7139094471931458,0.2782968282699585,0.00779375247657299,0.5158315896987915,0.4780501127243042,0.006118289660662413,0.7698088884353638,0.2301899790763855,1.187030761684582e-06,0.666516641775767,0.3288456400235494,0.004637743055999029,0,meningioma,True
2460,"[[49]
 [48]
 [49]
 [48]
 [49]
 [54]]",1,0,meningioma,True,0.7108538746833801,0.2891380786895752,8.038065061555244e-06,0.6489206552505493,0.35100194811820984,7.746892515569925e-05,0.9809879064559937,0.017406202852725983,0.001605914207175374,0.7802541454633077,0.21918207655350366,0.0005638070657975428,0,meningioma,True
2461,"[[49]
 [48]
 [49]
 [48]
 [49]
 [54]]",1,0,meningioma,True,0.5663939118385315,0.43360570073127747,4.30588585231817e-07,0.8010109663009644,0.19895298779010773,3.609774284996092e-05,0.9907682538032532,0.008952932432293892,0.0002788048004731536,0.786057710647583,0.21383720698455969,0.00010511104396944877,0,meningioma,True
2462,"[[49]
 [48]
 [49]
 [48]
 [49]
 [54]]",1,0,meningioma,True,0.3696666359901428,0.6303330063819885,3.280929377069697e-07,0.7300518155097961,0.2699234187602997,2.469093851686921e-05,0.9734475016593933,0.026306893676519394,0.0002455742214806378,0.6910553177197775,0.3088544396062692,9.019775097840466e-05,0,meningioma,True
2463,"[[49]
 [48]
 [49]
 [48]
 [49]
 [54]]",1,0,meningioma,True,0.1226336732506752,0.877366304397583,3.089618621707202e-12,0.320557177066803,0.6794426441192627,1.8910040466835198e-07,0.9858930706977844,0.014105439186096191,1.547656893308158e-06,0.47636130700508755,0.523638129234314,5.789201291983773e-07,1,glioma,False
2464,"[[49]
 [48]
 [49]
 [48]
 [56]
 [50]]",1,0,meningioma,True,0.6767054796218872,0.3232945501804352,3.3167844026849025e-09,0.6549636721611023,0.3448966443538666,0.00013976381160318851,0.38072726130485535,0.6190854907035828,0.00018722255481407046,0.570798804362615,0.4290922284126282,0.00010899656106722055,0,meningioma,True
2465,"[[49]
 [48]
 [52]
 [49]
 [54]
 [55]]",4,0,meningioma,True,0.8947396874427795,0.10525883734226227,1.4919645536792814e-06,0.9467540383338928,0.053245920687913895,7.660828216368362e-14,0.8051833510398865,0.19480597972869873,1.0670419214875437e-05,0.8822256922721863,0.11777024591962497,4.054127948387667e-06,0,meningioma,True
2466,"[[49]
 [48]
 [49]
 [48]
 [56]
 [50]]",1,0,meningioma,True,0.8782435059547424,0.12174855917692184,7.922559234430082e-06,0.6206691861152649,0.3786798119544983,0.0006510685198009014,0.9765415191650391,0.017652293667197227,0.005806196480989456,0.8251514037450155,0.17269355493287245,0.0021550625200082627,0,meningioma,True
2467,"[[49]
 [48]
 [49]
 [49]
 [50]
 [55]]",1,0,meningioma,True,0.9599275588989258,0.03994084149599075,0.00013163515541236848,0.9372766017913818,0.06230287626385689,0.00042048224713653326,0.9638731479644775,0.03413191810250282,0.0019949269481003284,0.9536924362182617,0.04545854528745016,0.0008490147835497434,0,meningioma,True
2468,"[[49]
 [48]
 [49]
 [49]
 [50]
 [55]]",1,0,meningioma,True,0.9385399222373962,0.06080392748117447,0.0006560624460689723,0.638111412525177,0.36139631271362305,0.0004922055522911251,0.9441772699356079,0.05051647871732712,0.005306278821080923,0.8402762015660604,0.15757223963737488,0.00215151560648034,0,meningioma,True
2469,"[[49]
 [48]
 [49]
 [49]
 [50]
 [55]]",1,0,meningioma,True,0.9904959201812744,0.009256928227841854,0.0002471510088071227,0.923690915107727,0.07588974386453629,0.00041935883928090334,0.9971067309379578,0.0019445203943178058,0.0009487379575148225,0.9704311887423197,0.029030397495565314,0.0005384159352009495,0,meningioma,True
2470,"[[49]
 [48]
 [49]
 [49]
 [50]
 [55]]",1,0,meningioma,True,0.8714612722396851,0.12762850522994995,0.000910301401745528,0.711787760257721,0.28266802430152893,0.005544221960008144,0.9321426153182983,0.059317175298929214,0.00854012742638588,0.8384638826052347,0.15653790161013603,0.004998216929379851,0,meningioma,True
2471,"[[49]
 [48]
 [49]
 [55]
 [57]
 [55]]",3,0,meningioma,True,0.4636043906211853,0.5355595946311951,0.0008360472274944186,0.4890827238559723,0.5082889199256897,0.0026283073239028454,0.8023099899291992,0.19741477072238922,0.0002752490690909326,0.5849990348021189,0.4137544284264247,0.0012465345401627321,0,meningioma,True
2472,"[[49]
 [48]
 [49]
 [55]
 [57]
 [55]]",3,0,meningioma,True,0.9509580135345459,0.048299964517354965,0.0007419372559525073,0.6988109946250916,0.29655423760414124,0.004634783137589693,0.9442044496536255,0.05564907193183899,0.000146467617014423,0.8646578192710876,0.13350109135111174,0.001841062670185541,0,meningioma,True
2473,"[[49]
 [48]
 [49]
 [55]
 [57]
 [55]]",3,0,meningioma,True,0.9047747254371643,0.0940825417637825,0.0011427801800891757,0.04234131798148155,0.9562520384788513,0.0014067406300455332,0.4165817201137543,0.5825735926628113,0.0008447109721601009,0.4545659211774667,0.544302724301815,0.00113141059409827,1,glioma,False
2474,"[[49]
 [48]
 [49]
 [55]
 [57]
 [55]]",3,0,meningioma,True,0.46528565883636475,0.5343815088272095,0.0003328345192130655,0.01833951100707054,0.9815240502357483,0.00013647685409523547,0.296457439661026,0.7029399871826172,0.000602583575528115,0.2600275365014871,0.7396151820818583,0.0003572983162788053,1,glioma,False
2475,"[[49]
 [48]
 [49]
 [55]
 [57]
 [55]]",3,0,meningioma,True,0.3051268756389618,0.6947096586227417,0.0001635033404454589,0.021277911961078644,0.9783883690834045,0.00033364069531671703,0.7123063206672668,0.28678277134895325,0.0009109523962251842,0.34623703608910245,0.6532935996850332,0.00046936547732912004,1,glioma,False
2476,"[[49]
 [48]
 [52]
 [49]
 [54]
 [55]]",4,0,meningioma,True,0.9563618302345276,0.04363803192973137,6.291289622595286e-08,0.7502370476722717,0.24976295232772827,1.9325188828746634e-14,0.8070157170295715,0.1929835081100464,7.661896006538882e-07,0.8378715316454569,0.162128164122502,2.763675054016766e-07,0,meningioma,True
2477,"[[49]
 [48]
 [49]
 [55]
 [57]
 [55]]",3,0,meningioma,True,0.9326797127723694,0.06718941777944565,0.00013081810902804136,0.12323900312185287,0.8766253590583801,0.00013567134737968445,0.935104250907898,0.0648467168211937,4.9062604375649244e-05,0.6636743222673734,0.33622049788633984,0.00010518402026112501,0,meningioma,True
2478,"[[49]
 [48]
 [49]
 [56]
 [48]
 [49]]",3,0,meningioma,True,0.7172704339027405,0.2671322226524353,0.015597325749695301,0.5222803354263306,0.47631725668907166,0.001402350957505405,0.9886577725410461,0.011252922005951405,8.929069008445367e-05,0.7427361806233724,0.25156746711581945,0.00569632246576172,0,meningioma,True
2479,"[[49]
 [48]
 [49]
 [56]
 [48]
 [49]]",3,0,meningioma,True,0.9181481003761292,0.08005041629076004,0.0018014273373410106,0.5033899545669556,0.4962467849254608,0.0003633131564129144,0.9527868628501892,0.04716356098651886,4.9609472625888884e-05,0.7914416392644247,0.2078202540675799,0.000738116655459938,0,meningioma,True
2480,"[[49]
 [48]
 [49]
 [56]
 [48]
 [49]]",3,0,meningioma,True,0.6454058289527893,0.34690701961517334,0.007687164470553398,0.5729220509529114,0.4266623854637146,0.00041556829819455743,0.9981332421302795,0.0018457110272720456,2.1073114112368785e-05,0.7388203740119934,0.25847170536872,0.002707935294286775,0,meningioma,True
2481,"[[49]
 [48]
 [50]
 [52]
 [50]
 [48]]",0,0,meningioma,True,0.5001729130744934,0.3347369134426117,0.16509023308753967,0.3584197461605072,0.44517192244529724,0.19640827178955078,0.6266468167304993,0.3695351481437683,0.003818074008449912,0.4950798253218333,0.38314799467722577,0.12177219296184678,0,meningioma,True
2482,"[[49]
 [48]
 [50]
 [52]
 [50]
 [48]]",0,0,meningioma,True,0.4839623272418976,0.29621419310569763,0.21982349455356598,0.43228667974472046,0.3472541868686676,0.22045904397964478,0.7165642380714417,0.28069379925727844,0.002741989679634571,0.5442710816860199,0.3080540597438812,0.1476748427376151,0,meningioma,True
2483,"[[49]
 [48]
 [50]
 [52]
 [52]
 [54]]",4,0,meningioma,True,0.6600807905197144,0.33971521258354187,0.00020398963533807546,0.9991981387138367,0.0008015898056328297,2.2939028099244752e-07,0.9529093503952026,0.046847179532051086,0.00024342721735592932,0.8707294265429179,0.12912132730707526,0.00014921541432499907,0,meningioma,True
2484,"[[49]
 [48]
 [50]
 [52]
 [52]
 [54]]",4,0,meningioma,True,0.9384831190109253,0.05583007633686066,0.005686796735972166,0.9988565444946289,0.001135986763983965,7.448522865161067e-06,0.953330397605896,0.04409857839345932,0.002570964628830552,0.96355668703715,0.033688213831434645,0.0027550699625559596,0,meningioma,True
2485,"[[49]
 [48]
 [50]
 [54]
 [55]
 [53]]",2,0,meningioma,True,0.6978749632835388,0.3021250069141388,8.406825457996092e-09,0.8347626328468323,0.16523738205432892,2.5019371463486095e-08,0.9164789319038391,0.08352099359035492,5.301840216853648e-11,0.8163721760114034,0.1836277941862742,1.1159738441216907e-08,0,meningioma,True
2486,"[[49]
 [48]
 [50]
 [54]
 [55]
 [53]]",2,0,meningioma,True,0.35676300525665283,0.643235981464386,9.793127446755534e-07,0.48064687848091125,0.5193509459495544,2.2220708615350304e-06,0.2639230191707611,0.7360769510269165,1.2544541794223818e-11,0.3671109676361084,0.6328879594802856,1.0671320502507926e-06,1,glioma,False
2487,"[[49]
 [48]
 [52]
 [49]
 [54]
 [55]]",4,0,meningioma,True,0.9583691358566284,0.04163084551692009,1.8129673762246057e-08,0.18628573417663574,0.8137142658233643,2.346885537198983e-14,0.41907793283462524,0.5809214115142822,6.072885980756837e-07,0.5212442676226298,0.47875550761818886,2.0847276510226172e-07,0,meningioma,True
2488,"[[49]
 [48]
 [50]
 [55]
 [49]
 [52]]",4,0,meningioma,True,0.04265240207314491,0.9573378562927246,9.682018571766093e-06,0.5180107355117798,0.48198917508125305,1.4849649687675992e-07,0.08815822005271912,0.9118117690086365,3.0025863452465273e-05,0.21627378587921461,0.7837129334608713,1.3285459507036043e-05,1,glioma,False
2489,"[[49]
 [48]
 [50]
 [55]
 [49]
 [52]]",4,0,meningioma,True,0.10554948449134827,0.8943819999694824,6.852731166873127e-05,0.9738823771476746,0.026117656379938126,1.141362293566317e-08,0.472515344619751,0.527141273021698,0.00034345086896792054,0.5173157354195913,0.48254697645703953,0.00013732986475319583,0,meningioma,True
2490,"[[49]
 [48]
 [50]
 [55]
 [49]
 [52]]",4,0,meningioma,True,0.11214013397693634,0.8876848816871643,0.00017502778791822493,0.8990516662597656,0.10094764083623886,6.302392421275727e-07,0.5739908218383789,0.4254360795021057,0.0005730601842515171,0.5283942073583603,0.47135620067516965,0.00024957273713728984,0,meningioma,True
2491,"[[49]
 [48]
 [50]
 [55]
 [49]
 [52]]",4,0,meningioma,True,0.021156512200832367,0.9777593612670898,0.0010840723989531398,0.5759260058403015,0.42393648624420166,0.0001375240826746449,0.015878526493906975,0.9814261794090271,0.002695261500775814,0.20432034817834696,0.7943740089734396,0.0013056193274678662,1,glioma,False
2492,"[[49]
 [48]
 [50]
 [55]
 [49]
 [52]]",4,0,meningioma,True,0.034502193331718445,0.9602982997894287,0.0051995557732880116,0.24462568759918213,0.7543496489524841,0.0010246544843539596,0.10974196344614029,0.8836418986320496,0.006616117898374796,0.1296232814590136,0.8660966157913208,0.004280109385338922,1,glioma,False
2493,"[[49]
 [48]
 [50]
 [56]
 [49]
 [56]]",0,0,meningioma,True,0.49358898401260376,0.2534979581832886,0.2529130280017853,0.4497775733470917,0.23428678512573242,0.3159356713294983,0.7962833642959595,0.17049311101436615,0.033223532140254974,0.5798833072185516,0.21942595144112906,0.2006907438238462,0,meningioma,True
2494,"[[49]
 [48]
 [50]
 [56]
 [49]
 [56]]",0,0,meningioma,True,0.38557201623916626,0.24178092181682587,0.37264710664749146,0.28830698132514954,0.24450086057186127,0.4671921133995056,0.7365129590034485,0.18624556064605713,0.0772414579987526,0.47013065218925476,0.22417578101158142,0.3056935593485832,0,meningioma,True
2495,"[[49]
 [48]
 [50]
 [56]
 [49]
 [56]]",0,0,meningioma,True,0.24676160514354706,0.18550518155097961,0.5677332282066345,0.20480699837207794,0.20195481181144714,0.593238115310669,0.6293569207191467,0.15649335086345673,0.21414971351623535,0.36030850807825726,0.18131778140862784,0.45837368567784625,2,pituitary,False
2496,"[[49]
 [48]
 [50]
 [56]
 [49]
 [56]]",0,0,meningioma,True,0.26772111654281616,0.2009686827659607,0.5313102006912231,0.21916449069976807,0.21542906761169434,0.5654064416885376,0.7008658647537231,0.18351511657238007,0.115618996322155,0.3959171573321025,0.1999709556500117,0.40411187956730527,2,pituitary,False
2497,"[[49]
 [48]
 [50]
 [57]
 [51]
 [53]]",0,0,meningioma,True,0.4162036180496216,0.3664310872554779,0.21736526489257812,0.32322952151298523,0.4474724233150482,0.22929801046848297,0.7725106477737427,0.18626514077186584,0.04122420400381088,0.5039812624454498,0.333389550447464,0.16262915978829065,0,meningioma,True
2498,"[[49]
 [48]
 [52]
 [50]
 [56]
 [49]]",3,0,meningioma,True,0.6757951974868774,0.32404187321662903,0.00016290134226437658,0.3497436046600342,0.6490477323532104,0.0012086869683116674,0.22628682851791382,0.7737131714820862,3.219293631673281e-08,0.41727521022160846,0.5822675923506418,0.00045720683450412025,1,glioma,False
2499,"[[49]
 [48]
 [50]
 [57]
 [54]
 [48]]",1,0,meningioma,True,0.009530730545520782,0.9904690384864807,2.608603324461001e-07,0.8130539655685425,0.18683725595474243,0.00010872001439565793,0.31505557894706726,0.6847432851791382,0.00020116491941735148,0.37921342502037686,0.6206831932067871,0.0001033819313818185,1,glioma,False
2500,"[[49]
 [48]
 [50]
 [57]
 [54]
 [48]]",1,0,meningioma,True,0.2362535297870636,0.7637453675270081,1.0553785614320077e-06,0.5760696530342102,0.42264682054519653,0.0012835352681577206,0.2187933325767517,0.7809367775917053,0.00026990624610334635,0.34370550513267517,0.65577632188797,0.000518165630940833,1,glioma,False
2501,"[[49]
 [48]
 [50]
 [57]
 [54]
 [48]]",1,0,meningioma,True,0.8707559108734131,0.12798786163330078,0.0012561846524477005,0.7861533761024475,0.1947135180234909,0.019133124500513077,0.839435338973999,0.15485496819019318,0.005709740798920393,0.8321148753166199,0.15918544928232828,0.008699683317293724,0,meningioma,True
2502,"[[49]
 [48]
 [50]
 [57]
 [54]
 [48]]",1,0,meningioma,True,0.9249635338783264,0.07474501430988312,0.00029146502492949367,0.7430774569511414,0.24911518394947052,0.007807353977113962,0.6173403263092041,0.3811151385307312,0.00154458312317729,0.7617937723795573,0.2349917789300283,0.003214467375073582,0,meningioma,True
2503,"[[49]
 [48]
 [50]
 [57]
 [54]
 [48]]",1,0,meningioma,True,0.0021341126412153244,0.9897640943527222,0.008101889863610268,0.13656657934188843,0.8569625020027161,0.00647091306746006,0.026084482669830322,0.9735811352729797,0.00033437737147323787,0.05492839155097803,0.9401025772094727,0.004969060100847855,1,glioma,False
2504,"[[49]
 [48]
 [50]
 [57]
 [56]
 [53]]",3,0,meningioma,True,0.30004236102104187,0.6858569979667664,0.014100694097578526,0.0002528088225517422,0.9938544034957886,0.005892759654670954,0.0019442723132669926,0.9975495934486389,0.0005061487900093198,0.10074648071895353,0.8924203316370646,0.0068332008474196,1,glioma,False
2505,"[[49]
 [48]
 [51]
 [54]
 [55]
 [51]]",0,0,meningioma,True,0.04320283979177475,0.09849350899457932,0.8583036065101624,0.06425461173057556,0.2475239783525467,0.6882213950157166,0.0051497514359653,0.037273310124874115,0.9575769901275635,0.03753573431943854,0.12776359915733337,0.8347006638844808,2,pituitary,False
2506,"[[49]
 [48]
 [51]
 [54]
 [55]
 [51]]",0,0,meningioma,True,0.03683096915483475,0.08633872121572495,0.8768303394317627,0.07228107005357742,0.3052158057689667,0.6225031018257141,0.009388177655637264,0.05328132584691048,0.9373304843902588,0.039500072288016476,0.14827861761053404,0.8122213085492452,2,pituitary,False
2507,"[[49]
 [48]
 [51]
 [54]
 [55]
 [51]]",0,0,meningioma,True,0.05427253991365433,0.1259273886680603,0.8198001384735107,0.09514688700437546,0.5278841853141785,0.37696895003318787,0.04160325974225998,0.23317241668701172,0.7252243757247925,0.06367422888676326,0.2956613302230835,0.6406644880771637,2,pituitary,False
2508,"[[49]
 [48]
 [51]
 [54]
 [55]
 [51]]",0,0,meningioma,True,0.046447839587926865,0.09839804470539093,0.8551541566848755,0.06368955224752426,0.27673935890197754,0.65957111120224,0.013475782237946987,0.06744517385959625,0.9190790057182312,0.04120439135779937,0.14752752582232156,0.8112680912017822,2,pituitary,False
2509,"[[49]
 [48]
 [48]
 [51]
 [54]
 [48]]",2,0,meningioma,True,0.9620633125305176,0.03784482553601265,9.191475692205131e-05,0.7184951305389404,0.2815018892288208,3.037462420252268e-06,0.9719716310501099,0.028028400614857674,1.893677149462957e-17,0.8841766913731893,0.11579170512656371,3.165073978077417e-05,0,meningioma,True
2510,"[[49]
 [48]
 [52]
 [50]
 [56]
 [49]]",3,0,meningioma,True,0.7778571844100952,0.22182238101959229,0.0003204668464604765,0.41330650448799133,0.584145188331604,0.002548231277614832,0.9129490852355957,0.08705046772956848,4.031637672596844e-07,0.7013709247112274,0.29767267902692157,0.0009563670959475227,0,meningioma,True
2511,"[[49]
 [48]
 [51]
 [54]
 [55]
 [51]]",0,0,meningioma,True,0.056531235575675964,0.12327101826667786,0.8201977610588074,0.07449298352003098,0.3832525312900543,0.5422545075416565,0.016271430999040604,0.08951082080602646,0.8942177295684814,0.04909855003158251,0.19867812345425287,0.7522233327229818,2,pituitary,False
2512,"[[49]
 [48]
 [51]
 [57]
 [50]
 [53]]",1,0,meningioma,True,0.11359479278326035,0.017812034115195274,0.868593156337738,0.010046779178082943,0.718007504940033,0.2719457745552063,0.17177893221378326,0.02912990190088749,0.7990911602973938,0.09847350139170885,0.2549831469853719,0.6465433637301127,2,pituitary,False
2513,"[[49]
 [48]
 [51]
 [57]
 [50]
 [53]]",1,0,meningioma,True,0.9913552403450012,0.001211774186231196,0.007433015387505293,0.6197352409362793,0.20210197567939758,0.1781628131866455,0.8533819317817688,0.006926408968865871,0.13969166576862335,0.8214908043543497,0.07008005294483155,0.10842916478092472,0,meningioma,True
2514,"[[49]
 [48]
 [51]
 [57]
 [50]
 [53]]",1,0,meningioma,True,0.9740463495254517,0.01501554623246193,0.010938091203570366,0.9124369025230408,0.04131487384438515,0.04624825343489647,0.9615073204040527,0.0163472518324852,0.02214542217552662,0.949330190817515,0.024225890636444092,0.02644392227133115,0,meningioma,True
2515,"[[49]
 [48]
 [51]
 [57]
 [50]
 [53]]",1,0,meningioma,True,0.9744125008583069,0.025117570534348488,0.0004699996788986027,0.854389488697052,0.13143137097358704,0.014179149642586708,0.9265207648277283,0.0657719150185585,0.007707315497100353,0.9184409181276957,0.07410695217549801,0.007452154939528555,0,meningioma,True
2516,"[[49]
 [48]
 [52]
 [49]
 [54]
 [55]]",4,0,meningioma,True,0.9071661233901978,0.09283388406038284,9.257659527861506e-09,0.03519005328416824,0.9648100137710571,9.325926055242943e-17,0.06303676217794418,0.9369633197784424,2.5111955181955636e-08,0.3351309796174367,0.6648690725366274,1.1456538267692135e-08,1,glioma,False
2517,"[[49]
 [48]
 [52]
 [49]
 [54]
 [55]]",4,0,meningioma,True,0.7822588682174683,0.21774105727672577,7.25148163738254e-09,0.10170553624629974,0.8982944488525391,2.9286840314002305e-11,0.3345690369606018,0.6654309034347534,7.042147132096943e-08,0.4061778138081233,0.5938221365213394,2.5900746599555324e-08,1,glioma,False
2518,"[[49]
 [48]
 [52]
 [49]
 [54]
 [55]]",4,0,meningioma,True,0.21657568216323853,0.7834222912788391,1.962606347660767e-06,0.620894730091095,0.37910524010658264,1.7257477669119226e-09,0.042206864804029465,0.9577929973602295,1.4346430532441445e-07,0.2932257590194543,0.7067735095818838,7.025988002506978e-07,1,glioma,False
2519,"[[49]
 [48]
 [52]
 [49]
 [54]
 [55]]",4,0,meningioma,True,0.09547267854213715,0.9045161008834839,1.1214680853299797e-05,0.7533184885978699,0.2466815710067749,1.7497946203093306e-08,0.20105837285518646,0.7989217638969421,1.98816505871946e-05,0.3499498466650645,0.650039811929067,1.0371276462232496e-05,1,glioma,False
2520,"[[49]
 [48]
 [52]
 [49]
 [54]
 [55]]",4,0,meningioma,True,0.04688005894422531,0.9530237913131714,9.60924371611327e-05,0.9927893280982971,0.007184937130659819,2.5812199965002947e-05,0.1183287650346756,0.8816534280776978,1.7730972103890963e-05,0.3859993840257327,0.613954052173843,4.6545203076675534e-05,1,glioma,False
2521,"[[49]
 [48]
 [52]
 [50]
 [56]
 [49]]",3,0,meningioma,True,0.7993904948234558,0.20032261312007904,0.0002868898445740342,0.44399887323379517,0.5530182719230652,0.0029828473925590515,0.8830599188804626,0.11693958193063736,5.09987103214371e-07,0.7088164289792379,0.29009348899126053,0.0010900824080787668,0,meningioma,True
2522,"[[49]
 [48]
 [52]
 [50]
 [56]
 [49]]",3,0,meningioma,True,0.8439329862594604,0.15605875849723816,8.237918336817529e-06,0.10952942073345184,0.8904705047607422,6.973445465519035e-08,0.4455808699131012,0.5544191002845764,3.0008845186557664e-08,0.46634775896867114,0.5336494545141856,2.7792205455530925e-06,1,glioma,False
2523,"[[49]
 [48]
 [52]
 [50]
 [56]
 [49]]",3,0,meningioma,True,0.5890938639640808,0.41017723083496094,0.0007288660272024572,0.6100592613220215,0.38993632793426514,4.4055400394427124e-06,0.8655325174331665,0.13446685671806335,6.241114078875398e-07,0.6882285475730896,0.3115268051624298,0.0002446318928832625,0,meningioma,True
2524,"[[49]
 [48]
 [52]
 [50]
 [56]
 [49]]",3,0,meningioma,True,0.6374889612197876,0.36108869314193726,0.0014224055921658874,0.5854805707931519,0.41449299454689026,2.6457231797394343e-05,0.39562249183654785,0.6043769121170044,6.476902285612596e-07,0.5395306746164957,0.4599861999352773,0.00048317017139728097,0,meningioma,True
2525,"[[49]
 [48]
 [52]
 [50]
 [56]
 [49]]",3,0,meningioma,True,0.9182945489883423,0.08168559521436691,1.9820854504359886e-05,0.859117865562439,0.1408797949552536,2.4052653770922916e-06,0.9756181836128235,0.024381641298532486,1.80495291601801e-07,0.9176768660545349,0.082315677156051,7.4688717243513265e-06,0,meningioma,True
2526,"[[49]
 [48]
 [52]
 [54]
 [57]
 [53]]",4,0,meningioma,True,0.6187204122543335,0.381276935338974,2.6597319902066374e-06,0.9994964599609375,0.000503476127050817,9.376923237880419e-09,0.8170480728149414,0.18285979330539703,9.214675810653716e-05,0.8117549816767374,0.18821340159047395,3.160528900666056e-05,0,meningioma,True
2527,"[[49]
 [48]
 [52]
 [54]
 [57]
 [53]]",4,0,meningioma,True,0.887611448764801,0.1123882606625557,3.5503350659382704e-07,0.9997692704200745,0.00023075453646015376,1.5108662765328518e-08,0.7885061502456665,0.21147289872169495,2.0989173208363354e-05,0.8919622898101807,0.10803063797357026,7.11977179257417e-06,0,meningioma,True
2528,"[[49]
 [48]
 [52]
 [54]
 [57]
 [53]]",4,0,meningioma,True,0.7464030385017395,0.25359460711479187,2.360466623940738e-06,0.9984490871429443,0.0015501320594921708,6.67396477638249e-07,0.8633627891540527,0.13657686114311218,6.0421432863222435e-05,0.8694049715995789,0.1305738667724654,2.1149765321600473e-05,0,meningioma,True
2529,"[[49]
 [48]
 [53]
 [51]
 [55]
 [52]]",3,0,meningioma,True,0.9035826325416565,0.0964173972606659,2.756611827692268e-09,0.9177491664886475,0.08225088566541672,8.525590233787739e-10,0.9712722301483154,0.028727827593684196,3.9728788835124984e-12,0.9308680097262064,0.06913203683992226,1.2043812433181849e-09,0,meningioma,True
2530,"[[49]
 [48]
 [53]
 [53]
 [53]
 [53]]",2,0,meningioma,True,0.6828646659851074,0.3166058361530304,0.0005295408773235977,0.1451004594564438,0.8540517091751099,0.0008477294468320906,0.3458811640739441,0.6516230702400208,0.0024958746507763863,0.3912820965051651,0.6074268718560537,0.0012910483249773581,1,glioma,False
2531,"[[49]
 [48]
 [53]
 [53]
 [53]
 [53]]",2,0,meningioma,True,0.5283084511756897,0.47156015038490295,0.0001313805696554482,0.14565521478652954,0.8541624546051025,0.00018238385382574052,0.43038874864578247,0.5679574012756348,0.0016538160853087902,0.36811747153600055,0.6312266687552134,0.0006558601695966596,1,glioma,False
2532,"[[49]
 [48]
 [52]
 [50]
 [56]
 [49]]",3,0,meningioma,True,0.861720860004425,0.13815346360206604,0.00012561156472656876,0.7566982507705688,0.23749114573001862,0.0058105685748159885,0.9816306233406067,0.018368903547525406,4.1624946334195556e-07,0.8666832447052002,0.1313378376265367,0.0019788654630019664,0,meningioma,True
2533,"[[49]
 [48]
 [53]
 [57]
 [51]
 [55]]",2,0,meningioma,True,0.5157696604728699,0.4174090623855591,0.06682132184505463,0.6123232245445251,0.37522128224372864,0.012455526739358902,0.9977198243141174,0.0020734292920678854,0.00020677156862802804,0.7086042364438375,0.2649012579737852,0.026494540051013853,0,meningioma,True
2534,"[[49]
 [48]
 [53]
 [57]
 [51]
 [55]]",2,0,meningioma,True,0.8635839223861694,0.10959604382514954,0.026820054277777672,0.7265176177024841,0.25809621810913086,0.01538616418838501,0.9973021745681763,0.002337258541956544,0.0003605877864174545,0.86246790488561,0.12334317349207898,0.014188935417526713,0,meningioma,True
2535,"[[49]
 [48]
 [53]
 [57]
 [51]
 [55]]",2,0,meningioma,True,0.5529329180717468,0.39356690645217896,0.05350024998188019,0.6127460598945618,0.3850114643573761,0.0022425076458603144,0.9770005941390991,0.022998932749032974,4.96937673233333e-07,0.7142265240351359,0.26719243451952934,0.018581084855137913,0,meningioma,True
2536,"[[49]
 [48]
 [54]
 [50]
 [56]
 [52]]",2,0,meningioma,True,0.6598954200744629,0.2812592685222626,0.058845292776823044,0.09472835063934326,0.03261309489607811,0.8726584911346436,0.04929408058524132,0.00022473043645732105,0.9504812359809875,0.2679726170996825,0.10469903128493267,0.6273283399641514,2,pituitary,False
2537,"[[49]
 [48]
 [54]
 [50]
 [56]
 [52]]",2,0,meningioma,True,0.87664395570755,0.08892941474914551,0.034426622092723846,0.04883693903684616,0.008424279280006886,0.9427388310432434,0.15857569873332977,0.0002950584748759866,0.8411292433738708,0.36135219782590866,0.03254958416800946,0.6060982321699461,2,pituitary,False
2538,"[[49]
 [48]
 [54]
 [50]
 [56]
 [52]]",2,0,meningioma,True,0.6470596194267273,0.09223493933677673,0.2607054114341736,0.33942532539367676,0.3198058009147644,0.34076887369155884,0.0035253127571195364,0.5296338200569153,0.46684083342552185,0.33000341919250786,0.3138915201028188,0.3561050395170848,2,pituitary,False
2539,"[[49]
 [48]
 [54]
 [50]
 [56]
 [52]]",2,0,meningioma,True,0.48889994621276855,0.24093091487884521,0.27016910910606384,0.37053027749061584,0.5838040709495544,0.045665618032217026,0.03581346943974495,0.9139792919158936,0.05020724982023239,0.29841456438104313,0.5795714259147644,0.12201399231950442,1,glioma,False
2540,"[[49]
 [48]
 [54]
 [52]
 [52]
 [50]]",2,0,meningioma,True,0.07585225999355316,0.904801070690155,0.01934659667313099,0.333206444978714,0.6628555059432983,0.003938072826713324,0.22651125490665436,0.7733040452003479,0.00018470469512976706,0.21185665329297385,0.7803202072779337,0.007823124731658027,1,glioma,False
2541,"[[49]
 [48]
 [54]
 [52]
 [52]
 [50]]",2,0,meningioma,True,0.06433846056461334,0.8915964961051941,0.04406503215432167,0.17802217602729797,0.8198211789131165,0.002156611764803529,0.6850606203079224,0.31492844223976135,1.0893762009800412e-05,0.3091404189666112,0.6754487057526907,0.015410845893711667,1,glioma,False
2542,"[[49]
 [48]
 [54]
 [52]
 [52]
 [50]]",2,0,meningioma,True,0.16367334127426147,0.6376118063926697,0.19871488213539124,0.36723554134368896,0.5767669081687927,0.055997516959905624,0.8883557319641113,0.11104888468980789,0.0005953871295787394,0.47308820486068726,0.44180919975042343,0.08510259540829186,0,meningioma,True
2543,"[[49]
 [48]
 [52]
 [50]
 [56]
 [49]]",3,0,meningioma,True,0.8970368504524231,0.10271197557449341,0.00025120930513367057,0.8476148247718811,0.13576087355613708,0.016624242067337036,0.995452880859375,0.004544728901237249,2.335536919417791e-06,0.9133681853612264,0.08100585934395592,0.005625928969796708,0,meningioma,True
2544,"[[49]
 [48]
 [54]
 [53]
 [51]
 [52]]",3,0,meningioma,True,0.9328023195266724,0.06322858482599258,0.003969124518334866,0.8159293532371521,0.15472714602947235,0.02934349700808525,0.9808908700942993,0.004673237446695566,0.014435889199376106,0.9098741809527079,0.07420965610072017,0.015916170241932075,0,meningioma,True
2545,"[[49]
 [48]
 [54]
 [53]
 [51]
 [52]]",3,0,meningioma,True,0.8617596626281738,0.137534037232399,0.0007062520016916096,0.8844860196113586,0.11199361830949783,0.003520262660458684,0.990993082523346,0.007863367907702923,0.0011435531778261065,0.9124129215876261,0.08579700781653325,0.0017900226133254666,0,meningioma,True
2546,"[[49]
 [48]
 [54]
 [53]
 [57]
 [50]]",3,0,meningioma,True,0.441360205411911,0.5586338043212891,5.919265277043451e-06,0.40455883741378784,0.595440685749054,4.3056903109572886e-07,0.22898942232131958,0.7710106372833252,2.1647126757784463e-08,0.3583028217156728,0.6416950424512228,2.1238271449656545e-06,1,glioma,False
2547,"[[49]
 [48]
 [54]
 [54]
 [54]
 [53]]",1,0,meningioma,True,0.762446939945221,0.23755189776420593,1.185171072393132e-06,0.6196101903915405,0.379648894071579,0.0007409262470901012,0.3271484971046448,0.6725249886512756,0.0003265633131377399,0.5697352091471354,0.42990859349568683,0.0003562249104334114,0,meningioma,True
2548,"[[49]
 [48]
 [54]
 [54]
 [54]
 [53]]",1,0,meningioma,True,0.885283350944519,0.11471663415431976,5.31329480413234e-10,0.4466104507446289,0.5532671213150024,0.00012242802768014371,0.2980850040912628,0.7018091082572937,0.00010590261808829382,0.5433262685934702,0.4565976212422053,7.611039236597265e-05,0,meningioma,True
2549,"[[49]
 [48]
 [54]
 [54]
 [54]
 [53]]",1,0,meningioma,True,0.7263576984405518,0.27364224195480347,4.943442844743823e-14,0.3876301944255829,0.6123656034469604,4.260699824953917e-06,0.26399460434913635,0.7360036969184875,1.708432137093041e-06,0.459327499071757,0.5406705141067505,1.989710670493796e-06,1,glioma,False
2550,"[[49]
 [48]
 [54]
 [54]
 [54]
 [53]]",1,0,meningioma,True,0.967099666595459,0.0329003632068634,3.5775620244038464e-09,0.5698596239089966,0.4293855130672455,0.0007548793219029903,0.3623451590538025,0.6374605298042297,0.00019434021669439971,0.6331014831860861,0.3665821353594462,0.0003164077053864715,0,meningioma,True
2551,"[[49]
 [48]
 [54]
 [54]
 [54]
 [53]]",1,0,meningioma,True,0.9887449145317078,0.01123472023755312,2.0360905182315037e-05,0.8502478003501892,0.148325115442276,0.0014270986430346966,0.9563782811164856,0.0420462042093277,0.001575483474880457,0.9317903319994608,0.0672020132963856,0.001007647674365823,0,meningioma,True
2552,"[[49]
 [48]
 [54]
 [54]
 [54]
 [53]]",1,0,meningioma,True,0.9922312498092651,0.007465696427971125,0.0003030268126167357,0.9184814691543579,0.08042638003826141,0.0010922022629529238,0.9751155376434326,0.023944223299622536,0.0009401488932780921,0.9619427522023519,0.03727876658861836,0.0007784593229492506,0,meningioma,True
2553,"[[49]
 [48]
 [54]
 [54]
 [54]
 [53]]",1,0,meningioma,True,0.9859001040458679,0.012348498217761517,0.0017513810889795423,0.8147413730621338,0.1840304136276245,0.0012282292591407895,0.9164658188819885,0.08128693699836731,0.0022471589036285877,0.9057024319966634,0.09255528294791777,0.0017422564172496398,0,meningioma,True
2554,"[[49]
 [48]
 [52]
 [50]
 [56]
 [49]]",3,0,meningioma,True,0.8947895169258118,0.10518646985292435,2.3977510863915086e-05,0.8806834816932678,0.1192653700709343,5.110867277835496e-05,0.9854915738105774,0.014508386142551899,1.0320378329709001e-08,0.920321524143219,0.07965340868880351,2.5032168006866584e-05,0,meningioma,True
2555,"[[49]
 [48]
 [54]
 [55]
 [50]
 [48]]",4,0,meningioma,True,0.9855201840400696,0.014479772187769413,5.556585465187058e-13,0.999901533126831,9.84915895969607e-05,3.5101596600821065e-23,0.9719905853271484,0.02800949476659298,9.220508905005698e-12,0.9858041008313497,0.014195919514653118,3.2587224838531686e-12,0,meningioma,True
2556,"[[49]
 [48]
 [54]
 [55]
 [50]
 [48]]",4,0,meningioma,True,0.9644668698310852,0.03553283214569092,1.8368817222835787e-07,0.863470733165741,0.13652928173542023,6.284580603317658e-14,0.8771706819534302,0.12282881140708923,4.963070523444912e-07,0.9017027616500854,0.09829697509606679,2.2666509580621837e-07,0,meningioma,True
2557,"[[49]
 [48]
 [54]
 [55]
 [50]
 [48]]",4,0,meningioma,True,0.9114446043968201,0.08855516463518143,2.190006966884539e-07,0.9993259906768799,0.000673991977237165,1.0540787162658261e-14,0.9203371405601501,0.07966270297765732,1.5277588261142228e-07,0.9437025785446167,0.0562972865300253,1.239255299468878e-07,0,meningioma,True
2558,"[[49]
 [48]
 [54]
 [57]
 [49]
 [52]]",3,0,meningioma,True,0.9393486380577087,0.060635507106781006,1.5834766600164585e-05,0.8786686062812805,0.12115737050771713,0.00017396493058186024,0.9960108995437622,0.0039796894416213036,9.424506970390212e-06,0.9380093812942505,0.06192418901870648,6.640806805080501e-05,0,meningioma,True
2559,"[[49]
 [48]
 [54]
 [57]
 [49]
 [52]]",3,0,meningioma,True,0.9611972570419312,0.03870372101664543,9.897691052174196e-05,0.8733419179916382,0.12625586986541748,0.0004022118228022009,0.9982115030288696,0.0017409546999260783,4.753988832817413e-05,0.944250226020813,0.05556684852732966,0.00018290954055070566,0,meningioma,True
2560,"[[49]
 [48]
 [54]
 [57]
 [49]
 [52]]",3,0,meningioma,True,0.8426136374473572,0.157366544008255,1.975356826733332e-05,0.8397825360298157,0.16014066338539124,7.681197894271463e-05,0.9843242168426514,0.015675365924835205,3.5883880400433554e-07,0.8889067967732748,0.11106085777282715,3.2308128671350765e-05,0,meningioma,True
2561,"[[49]
 [48]
 [54]
 [57]
 [49]
 [52]]",3,0,meningioma,True,0.8318174481391907,0.1681821197271347,3.92706510865537e-07,0.8361219167709351,0.1638762354850769,1.8946988120660535e-06,0.9826582074165344,0.017341861501336098,1.1835992630437886e-08,0.8835325241088867,0.1164667389045159,7.664137718540095e-07,0,meningioma,True
2562,"[[49]
 [48]
 [54]
 [57]
 [49]
 [52]]",3,0,meningioma,True,0.7860860228538513,0.21391083300113678,3.12849078909494e-06,0.6369191408157349,0.36307626962661743,4.668746896641096e-06,0.9336702227592468,0.0663297027349472,3.33449996503532e-08,0.7855584621429443,0.21443893512090048,2.6101942284621296e-06,0,meningioma,True
2563,"[[49]
 [48]
 [54]
 [57]
 [49]
 [52]]",3,0,meningioma,True,0.3880312442779541,0.611964762210846,4.013436864624964e-06,0.404977023601532,0.5950191020965576,3.833228220173623e-06,0.8067228198051453,0.19327715039253235,1.7262954399299701e-09,0.5332436958948771,0.4667536715666453,2.6161304600795057e-06,0,meningioma,True
2564,"[[49]
 [48]
 [54]
 [57]
 [49]
 [52]]",3,0,meningioma,True,0.15856674313545227,0.8413960933685303,3.712468242156319e-05,0.2686593234539032,0.73133784532547,2.91810079033894e-06,0.5292724370956421,0.4707275629043579,1.1753667372715881e-08,0.31883283456166583,0.6811538338661194,1.3351512293091616e-05,1,glioma,False
2565,"[[49]
 [48]
 [52]
 [50]
 [56]
 [49]]",3,0,meningioma,True,0.9396981000900269,0.06030171364545822,2.0623080843051866e-07,0.792729914188385,0.20726993680000305,8.98059084875058e-08,0.9077233076095581,0.0922766923904419,6.760433879371419e-10,0.8800504406293234,0.11994944761196773,9.890425343532054e-08,0,meningioma,True
2566,"[[49]
 [48]
 [55]
 [49]
 [57]
 [48]]",2,0,meningioma,True,0.42921409010887146,0.5691766738891602,0.00160919816698879,0.45977699756622314,0.5401825308799744,4.0449500374961644e-05,0.8873240351676941,0.1126759722828865,1.0873336009353807e-08,0.5921050409475962,0.40734505901734036,0.0005498861802332536,0,meningioma,True
2567,"[[49]
 [48]
 [55]
 [50]
 [52]
 [56]]",4,0,meningioma,True,0.9723635911941528,0.012180369347333908,0.01545602735131979,0.9808319211006165,0.01859431527554989,0.0005737989558838308,0.9341983795166016,0.06226958706974983,0.0035320366732776165,0.9624646306037903,0.031014757230877876,0.006520620993493746,0,meningioma,True
2568,"[[49]
 [48]
 [55]
 [50]
 [52]
 [56]]",4,0,meningioma,True,0.9574851989746094,0.0030381798278540373,0.039476655423641205,0.8310407996177673,0.005999889690428972,0.16295933723449707,0.981410026550293,0.014759189449250698,0.0038307802751660347,0.9233120083808899,0.00793241965584457,0.06875559097776811,0,meningioma,True
2569,"[[49]
 [48]
 [55]
 [50]
 [52]
 [56]]",4,0,meningioma,True,0.9039130806922913,0.012006291188299656,0.08408062160015106,0.9723479151725769,0.015796752646565437,0.011855335906147957,0.9552934765815735,0.003033288288861513,0.04167324677109718,0.9438514908154806,0.010278777374575535,0.045869734759132065,0,meningioma,True
2570,"[[49]
 [48]
 [55]
 [50]
 [52]
 [56]]",4,0,meningioma,True,0.14003092050552368,0.0697636529803276,0.7902054786682129,0.897426962852478,0.101831816136837,0.0007411585538648069,0.7054786086082458,0.24688076972961426,0.047640614211559296,0.5809788306554159,0.13949207961559296,0.27952908381121233,0,meningioma,True
2571,"[[49]
 [48]
 [55]
 [50]
 [52]
 [56]]",4,0,meningioma,True,0.8544541597366333,0.04724178463220596,0.09830412268638611,0.9881085753440857,0.011295191943645477,0.0005962720024399459,0.9009087085723877,0.09670373052358627,0.0023875776678323746,0.9144904812177023,0.05174690236647924,0.03376265745221948,0,meningioma,True
2572,"[[49]
 [48]
 [55]
 [52]
 [57]
 [52]]",1,0,meningioma,True,0.9985876083374023,0.0014124203007668257,6.849818046106293e-09,0.963567852973938,0.036234982311725616,0.00019709001935552806,0.9707260727882385,0.028707778081297874,0.000566085334867239,0.977627178033193,0.022118393564596772,0.00025439406801360437,0,meningioma,True
2573,"[[49]
 [48]
 [55]
 [52]
 [57]
 [52]]",1,0,meningioma,True,0.9862327575683594,0.013765735551714897,1.5134893374124658e-06,0.8531847596168518,0.1446496844291687,0.0021655946038663387,0.8529931902885437,0.13837051391601562,0.008636325597763062,0.897470235824585,0.09892864463229974,0.003601144563655604,0,meningioma,True
2574,"[[49]
 [48]
 [55]
 [52]
 [57]
 [52]]",1,0,meningioma,True,0.9934990406036377,0.006445693783462048,5.535516174859367e-05,0.9212918281555176,0.07353715598583221,0.0051710945554077625,0.9627445340156555,0.03323677182197571,0.004018708597868681,0.9591784675916036,0.03773987386375666,0.003081719438341679,0,meningioma,True
2575,"[[49]
 [48]
 [55]
 [52]
 [57]
 [52]]",1,0,meningioma,True,0.9724608659744263,0.02348896861076355,0.004050173796713352,0.02149859070777893,0.9668471813201904,0.011654186062514782,0.9505665302276611,0.04803982749581337,0.0013937227195128798,0.6481753289699554,0.34612532580892247,0.005699360859580338,0,meningioma,True
2576,"[[49]
 [48]
 [53]
 [51]
 [55]
 [52]]",3,0,meningioma,True,0.9437229633331299,0.05619032680988312,8.672881813254207e-05,0.3149341344833374,0.6848511695861816,0.0002147105406038463,0.944348156452179,0.055651649832725525,2.5271157255701837e-07,0.7343350847562155,0.2655643820762634,0.00010056402343631514,0,meningioma,True
2577,"[[49]
 [48]
 [55]
 [57]
 [52]
 [54]]",0,0,meningioma,True,0.5502848029136658,0.4488261938095093,0.0008889844175428152,0.5157602429389954,0.48203542828559875,0.002204315271228552,0.5739805698394775,0.4258674383163452,0.00015199567133095115,0.5466752052307129,0.45224302013715106,0.001081765120034106,0,meningioma,True
2578,"[[49]
 [48]
 [55]
 [57]
 [52]
 [54]]",0,0,meningioma,True,0.6644073724746704,0.33442744612693787,0.0011652796529233456,0.7559523582458496,0.24081766605377197,0.003229922614991665,0.7631845474243164,0.23665539920330048,0.00016002182383090258,0.7278480927149454,0.2706335037946701,0.001518408030581971,0,meningioma,True
2579,"[[49]
 [48]
 [55]
 [57]
 [52]
 [54]]",0,0,meningioma,True,0.6659271717071533,0.3288842737674713,0.00518849678337574,0.6549484133720398,0.33478817343711853,0.01026337780058384,0.6765814423561096,0.3226105272769928,0.0008080281550064683,0.665819009145101,0.3287609914938609,0.005419967579655349,0,meningioma,True
2580,"[[49]
 [48]
 [55]
 [57]
 [52]
 [54]]",0,0,meningioma,True,0.6601628661155701,0.3252672255039215,0.014569924212992191,0.6008658409118652,0.37766265869140625,0.021471504122018814,0.6334028244018555,0.3650742471218109,0.0015229476848617196,0.6314771771430969,0.3560013771057129,0.012521458673290908,0,meningioma,True
2581,"[[49]
 [48]
 [56]
 [53]
 [49]
 [52]]",2,0,meningioma,True,0.23187501728534698,0.7681249380111694,4.106784357027493e-11,0.22372286021709442,0.7762771844863892,1.225091694756486e-10,0.11525136977434158,0.884748637676239,4.659028493407026e-15,0.19028308242559433,0.8097169200579325,5.4527224024805646e-11,1,glioma,False
2582,"[[49]
 [48]
 [56]
 [53]
 [49]
 [52]]",2,0,meningioma,True,0.15477119386196136,0.8452288508415222,3.2841294128616028e-09,0.5071377754211426,0.4928622245788574,8.285417685272023e-09,0.12664639949798584,0.8733536601066589,8.345868440784443e-11,0.2628517895936966,0.7371482451756796,3.8843352608471564e-09,1,glioma,False
2583,"[[49]
 [48]
 [56]
 [53]
 [49]
 [52]]",2,0,meningioma,True,0.5828272700309753,0.41717228293418884,5.200894861445704e-07,0.47802314162254333,0.5219763517379761,4.700562783455098e-07,0.9431272149085999,0.05687285214662552,6.375211469844544e-10,0.6679925421873728,0.33200716227293015,3.3026109521235486e-07,0,meningioma,True
2584,"[[49]
 [48]
 [56]
 [53]
 [49]
 [52]]",2,0,meningioma,True,0.854871928691864,0.14512787759304047,2.429903247502807e-07,0.6131241321563721,0.3868755102157593,3.6454559904086636e-07,0.9872320890426636,0.012767845764756203,5.296634658646937e-12,0.8184093832969666,0.18159041119118532,2.0251374014193524e-07,0,meningioma,True
2585,"[[49]
 [48]
 [56]
 [53]
 [49]
 [52]]",2,0,meningioma,True,0.8084092140197754,0.19158819317817688,2.569518301243079e-06,0.7720627784729004,0.2279355674982071,1.617964699107688e-06,0.9013941287994385,0.09860585629940033,1.822734888370925e-12,0.8272887070973715,0.17270987232526144,1.395828274361885e-06,0,meningioma,True
2586,"[[49]
 [48]
 [56]
 [53]
 [53]
 [48]]",0,0,meningioma,True,0.3435876667499542,0.3180526793003082,0.33835968375205994,0.22865863144397736,0.4952368438243866,0.27610450983047485,0.6563559770584106,0.290508896112442,0.05313517898321152,0.40953409175078076,0.36793280641237897,0.2225331241885821,0,meningioma,True
2587,"[[49]
 [48]
 [53]
 [51]
 [55]
 [52]]",3,0,meningioma,True,0.9478464722633362,0.04864388331770897,0.0035096765495836735,0.41289380192756653,0.5682224035263062,0.01888376660645008,0.8879701495170593,0.11199364066123962,3.617034963099286e-05,0.7495701412359873,0.24295330916841826,0.007476537835221582,0,meningioma,True
2588,"[[49]
 [48]
 [56]
 [53]
 [53]
 [48]]",0,0,meningioma,True,0.5508601665496826,0.34450212121009827,0.10463771969079971,0.4183077812194824,0.4798305034637451,0.10186175256967545,0.7682615518569946,0.22600558400154114,0.005732862278819084,0.5791431665420532,0.3501127362251282,0.07074411151309808,0,meningioma,True
2589,"[[49]
 [48]
 [56]
 [53]
 [57]
 [48]]",1,0,meningioma,True,0.977281391620636,0.022718604654073715,4.794938845975594e-08,0.4547257423400879,0.5449275970458984,0.0003466508351266384,0.9712435007095337,0.027371423318982124,0.001385111128911376,0.8010835448900858,0.19833920833965143,0.0005772699711421581,0,meningioma,True
2590,"[[49]
 [48]
 [56]
 [53]
 [57]
 [48]]",1,0,meningioma,True,0.8382436037063599,0.16175636649131775,1.9432949471820393e-08,0.519440233707428,0.4802817106246948,0.00027809792663902044,0.9055774211883545,0.08801551908254623,0.0064070564694702625,0.7544204195340475,0.24335119873285294,0.002228391276352918,0,meningioma,True
2591,"[[49]
 [48]
 [56]
 [57]
 [52]
 [53]]",3,0,meningioma,True,0.41628962755203247,0.5837103128433228,4.060602165623095e-08,0.7813282608985901,0.2186715304851532,2.7220374931857805e-07,0.9697073101997375,0.03029276430606842,1.7161122523035033e-10,0.7224417328834534,0.27755820254484814,1.0432712740001311e-07,0,meningioma,True
2592,"[[49]
 [48]
 [56]
 [57]
 [52]
 [53]]",3,0,meningioma,True,0.04506823420524597,0.9549241065979004,7.647909114893992e-06,0.010792938992381096,0.9891995191574097,7.519080099882558e-06,0.020833000540733337,0.979166567325592,4.3169507080165204e-07,0.02556472457945347,0.9744300643603007,5.199561428526067e-06,1,glioma,False
2593,"[[49]
 [48]
 [56]
 [57]
 [52]
 [53]]",3,0,meningioma,True,0.9627002477645874,0.037254698574543,4.50505904154852e-05,0.9665837287902832,0.033388424664735794,2.7920666980207898e-05,0.9987554550170898,0.0012443226296454668,2.4629056838421093e-07,0.9760131438573202,0.023962481956308086,2.4405849321359103e-05,0,meningioma,True
2594,"[[49]
 [48]
 [56]
 [57]
 [52]
 [53]]",3,0,meningioma,True,0.8833010792732239,0.11659908294677734,9.981286711990833e-05,0.9361760020256042,0.06374034285545349,8.357954357052222e-05,0.9941755533218384,0.005823719780892134,7.256809908540163e-07,0.9378842115402222,0.06205438186104099,6.137269722709486e-05,0,meningioma,True
2595,"[[49]
 [48]
 [57]
 [51]
 [53]
 [48]]",0,0,meningioma,True,0.6621227860450745,0.3104412853717804,0.02743593603372574,0.6111966967582703,0.34877315163612366,0.0400300994515419,0.716004490852356,0.28030291199684143,0.003692592028528452,0.6631079912185669,0.3131724496682485,0.023719542504598696,0,meningioma,True
2596,"[[49]
 [48]
 [57]
 [51]
 [53]
 [48]]",0,0,meningioma,True,0.6564767956733704,0.3112404942512512,0.03228270262479782,0.6057842969894409,0.3430507183074951,0.05116496607661247,0.7347553968429565,0.25919148325920105,0.0060531157068908215,0.6656721631685892,0.3044942319393158,0.02983359480276704,0,meningioma,True
2597,"[[49]
 [48]
 [57]
 [52]
 [49]
 [49]]",2,0,meningioma,True,0.3897336423397064,0.6102663278579712,1.0574862585599476e-07,0.3458096981048584,0.6541897654533386,5.133617833052995e-07,0.4045957624912262,0.5954042077064514,1.3726698944172e-10,0.38004636764526367,0.619953433672587,2.0641589205024532e-07,1,glioma,False
2598,"[[49]
 [48]
 [53]
 [53]
 [53]
 [53]]",2,0,meningioma,True,0.703305721282959,0.29669424891471863,1.8777641663803024e-09,0.20322906970977783,0.7967708706855774,2.1977304420772725e-09,0.002929634414613247,0.9970703125,2.568361079369197e-10,0.3031548084691167,0.696845144033432,1.4441102387981648e-09,1,glioma,False
2599,"[[49]
 [48]
 [57]
 [57]
 [54]
 [56]]",2,0,meningioma,True,0.9931405186653137,0.006859412882477045,6.632383531268715e-08,0.8371528387069702,0.1628471463918686,4.874788217534842e-08,0.9633820652961731,0.03661792352795601,5.14935056400434e-12,0.9312251408894857,0.06877482760076721,3.835895561286653e-08,0,meningioma,True
2600,"[[49]
 [48]
 [57]
 [57]
 [54]
 [56]]",2,0,meningioma,True,0.9004069566726685,0.09958039969205856,1.2711770978057757e-05,0.6518036723136902,0.3481696844100952,2.654602394613903e-05,0.9566386938095093,0.04336113482713699,1.6247392409241002e-07,0.8362831075986227,0.16370373964309692,1.3140089616096399e-05,0,meningioma,True
2601,"[[49]
 [48]
 [57]
 [57]
 [54]
 [56]]",2,0,meningioma,True,0.9135255217552185,0.0864613950252533,1.3099025636620354e-05,0.7663114666938782,0.2335824817419052,0.00010602402471704409,0.9638899564743042,0.036106571555137634,3.4537088140496053e-06,0.8812423149744669,0.11871681610743205,4.085891972257135e-05,0,meningioma,True
2602,"[[49]
 [48]
 [57]
 [57]
 [54]
 [56]]",2,0,meningioma,True,0.9019241333007812,0.09800010919570923,7.568627916043624e-05,0.6461730003356934,0.35263898968696594,0.0011880382662639022,0.99021977186203,0.009779256768524647,9.777763807505835e-07,0.8461056351661682,0.15347278521706662,0.0004215674406016963,0,meningioma,True
2603,"[[49]
 [49]
 [48]
 [56]
 [48]
 [56]]",3,0,meningioma,True,0.28928089141845703,0.7107074856758118,1.1617346899583936e-05,0.21829862892627716,0.7817004323005676,8.898049372874084e-07,0.24793726205825806,0.7520626783370972,3.585835406383353e-09,0.25183892746766406,0.7481568654378256,4.170245890759243e-06,1,glioma,False
2604,"[[49]
 [49]
 [48]
 [56]
 [48]
 [56]]",3,0,meningioma,True,0.4411667585372925,0.5588332414627075,5.76807757113329e-09,0.1927994042634964,0.8072006106376648,2.5245169843479687e-10,0.650027871131897,0.3499721586704254,3.5298876994126205e-13,0.42799801131089527,0.5720020035902659,2.0069607527793427e-09,1,glioma,False
2605,"[[49]
 [49]
 [49]
 [48]
 [55]
 [55]]",3,0,meningioma,True,0.552008867263794,0.4479628801345825,2.8284606742090546e-05,0.5421653389930725,0.4578026831150055,3.201219442416914e-05,0.9131693840026855,0.08683041483163834,2.436480315282097e-07,0.6691145300865173,0.33086532602707547,2.0180149732595964e-05,0,meningioma,True
2606,"[[49]
 [49]
 [49]
 [48]
 [55]
 [55]]",3,0,meningioma,True,0.4837564527988434,0.5162397027015686,3.8421794670284726e-06,0.18178866803646088,0.8182073831558228,3.977723281423096e-06,0.3281193673610687,0.6718804240226746,2.0745116557918664e-07,0.33122149606545764,0.6687758366266886,2.6757846380102515e-06,1,glioma,False
2607,"[[49]
 [49]
 [49]
 [48]
 [55]
 [55]]",3,0,meningioma,True,0.7020024061203003,0.29798510670661926,1.2499985132308211e-05,0.7244568467140198,0.2755356729030609,7.518082384194713e-06,0.7579095959663391,0.2420860081911087,4.443695615918841e-06,0.7281229496002197,0.2718689292669296,8.153921044140588e-06,0,meningioma,True
2608,"[[49]
 [49]
 [49]
 [51]
 [54]
 [54]]",0,0,meningioma,True,0.37997573614120483,0.4549545645713806,0.16506968438625336,0.11495350301265717,0.7568790912628174,0.12816739082336426,0.5216270685195923,0.25295981764793396,0.22541308403015137,0.3388521025578181,0.48826449116071063,0.17288338641325632,1,glioma,False
2609,"[[53]
 [56]
 [51]
 [57]
 [50]]",4,2,pituitary,True,4.0956010138870624e-07,0.007769188843667507,0.9922304749488831,1.6594973203609698e-05,5.6153934565372765e-05,0.999927282333374,0.00012042003072565421,0.000978563679382205,0.9989010095596313,4.580818801021754e-05,0.002934635485871695,0.9970195889472961,2,pituitary,True
2610,"[[49]
 [49]
 [49]
 [51]
 [54]
 [54]]",0,0,meningioma,True,0.4703586995601654,0.4726550877094269,0.05698619410395622,0.1676752269268036,0.7562991976737976,0.07602560520172119,0.6009951233863831,0.36037033796310425,0.03863454982638359,0.41300968329111737,0.5297748744487762,0.057215449710687004,1,glioma,False
2611,"[[49]
 [49]
 [49]
 [51]
 [54]
 [54]]",0,0,meningioma,True,0.527908205986023,0.4631556272506714,0.008936144411563873,0.22234278917312622,0.7580257654190063,0.019631408154964447,0.6323682069778442,0.3583560585975647,0.009275692515075207,0.4608730673789978,0.5265124837557474,0.012614415027201176,1,glioma,False
2612,"[[49]
 [49]
 [49]
 [51]
 [54]
 [54]]",0,0,meningioma,True,0.5319425463676453,0.466190904378891,0.0018665398238226771,0.3566214144229889,0.6389345526695251,0.004444024059921503,0.718192458152771,0.2793614864349365,0.002446012105792761,0.535585472981135,0.46149564782778424,0.0029188586631789804,0,meningioma,True
2613,"[[49]
 [49]
 [49]
 [53]
 [51]
 [50]]",4,0,meningioma,True,0.16443076729774475,0.8354727029800415,9.652412700233981e-05,0.9867267608642578,0.013272871263325214,3.527773344558227e-07,0.4505615830421448,0.5490398406982422,0.00039861429831944406,0.5339063704013824,0.46592847164720297,0.00016516373421874656,0,meningioma,True
2614,"[[49]
 [49]
 [49]
 [53]
 [51]
 [50]]",4,0,meningioma,True,0.8904667496681213,0.106301449239254,0.0032317866571247578,0.9957832098007202,0.0040382747538387775,0.0001785939239198342,0.9541183710098267,0.044841162860393524,0.0010405366774648428,0.9467894434928894,0.051726962284495435,0.0014836390861698117,0,meningioma,True
2615,"[[49]
 [49]
 [49]
 [53]
 [51]
 [50]]",4,0,meningioma,True,0.9441011548042297,0.04882269725203514,0.007076036650687456,0.9516590237617493,0.006827239878475666,0.04151378944516182,0.9853095412254333,0.009230196475982666,0.005460291635245085,0.9603565732638041,0.02162671120216449,0.018016705910364788,0,meningioma,True
2616,"[[49]
 [49]
 [49]
 [54]
 [57]
 [54]]",1,0,meningioma,True,0.5804288387298584,0.3528619706630707,0.06670915335416794,0.35696616768836975,0.22638268768787384,0.4166511297225952,0.9662690758705139,0.03220921754837036,0.0015217334730550647,0.6345546940962473,0.20381795863310495,0.1616273388499394,0,meningioma,True
2617,"[[49]
 [49]
 [49]
 [55]
 [49]
 [48]]",1,0,meningioma,True,0.996547520160675,0.003452547360211611,3.997426833990403e-10,0.9473196268081665,0.052676957100629807,3.404924427741207e-06,0.7594282031059265,0.24049285054206848,7.897751493146643e-05,0.9010984500249227,0.0988741183343033,2.7460946367297012e-05,0,meningioma,True
2618,"[[49]
 [49]
 [49]
 [55]
 [49]
 [48]]",1,0,meningioma,True,0.9993796348571777,0.0006202954100444913,1.1408657130118627e-08,0.940122127532959,0.05975763499736786,0.0001202207276946865,0.9521872997283936,0.04741568863391876,0.00039711277349852026,0.9638963540395101,0.03593120634711037,0.00017244830328344563,0,meningioma,True
2619,"[[49]
 [49]
 [50]
 [48]
 [48]
 [50]]",3,0,meningioma,True,0.1640658676624298,0.8311007022857666,0.004833355080336332,0.002905287081375718,0.9315311908721924,0.06556348502635956,3.753078999579884e-05,0.9907699227333069,0.009192571975290775,0.055669561844600444,0.9178006052970886,0.02652980402732889,1,glioma,False
2620,"[[49]
 [48]
 [48]
 [53]
 [55]
 [50]]",4,0,meningioma,True,0.18979771435260773,0.07521266490221024,0.7349896430969238,0.013892713002860546,0.47606757283210754,0.510039746761322,0.11256282776594162,0.05012693628668785,0.837310254573822,0.10541775170713663,0.20046905800700188,0.6941132148106893,2,pituitary,False
2621,"[[49]
 [48]
 [53]
 [57]
 [51]
 [55]]",2,0,meningioma,True,0.9843946695327759,0.015605290420353413,2.0844301285016797e-10,0.9483555555343628,0.0516444630920887,2.0129384270539674e-10,0.9853847622871399,0.014615264721214771,2.7630059698524612e-11,0.9727116624514262,0.02728833941121896,1.457889717513631e-10,0,meningioma,True
2622,"[[49]
 [49]
 [50]
 [48]
 [48]
 [50]]",3,0,meningioma,True,0.26973769068717957,0.7266681790351868,0.0035941340029239655,0.0035614927764981985,0.5057176351547241,0.4907209575176239,0.0035633735824376345,0.8778586387634277,0.11857795715332031,0.0922875190153718,0.7034148176511129,0.20429768289128938,1,glioma,False
2623,"[[49]
 [49]
 [50]
 [48]
 [48]
 [50]]",3,0,meningioma,True,0.9324360489845276,0.008711840026080608,0.05885200947523117,0.005713362246751785,0.03315679728984833,0.961129903793335,0.0003884237085003406,0.024579403921961784,0.9750321507453918,0.31284594497992657,0.022149347079296906,0.6650046880046526,2,pituitary,False
2624,"[[49]
 [49]
 [50]
 [48]
 [48]
 [50]]",3,0,meningioma,True,0.6829810738563538,0.002229653764516115,0.3147892951965332,0.0018267013365402818,0.014172056689858437,0.9840012788772583,0.0004917485057376325,0.01048915833234787,0.9890190958976746,0.22843317456621057,0.008963622928907474,0.762603223323822,2,pituitary,False
2625,"[[49]
 [49]
 [50]
 [48]
 [54]
 [50]]",4,0,meningioma,True,0.5024500489234924,0.4975496530532837,2.580807461072254e-07,0.9978869557380676,0.0021130715031176805,6.773693272954517e-10,0.4123840630054474,0.5875937342643738,2.2206882931641303e-05,0.6375736892223358,0.36241881960692507,7.4885470156919416e-06,0,meningioma,True
2626,"[[49]
 [49]
 [50]
 [48]
 [54]
 [50]]",4,0,meningioma,True,0.31615254282951355,0.6838465332984924,8.937370239436859e-07,0.9633108377456665,0.03668917715549469,1.94524218954939e-09,0.9389357566833496,0.06104084104299545,2.339236016268842e-05,0.7394663790861765,0.26052551716566086,8.096014142940552e-06,0,meningioma,True
2627,"[[49]
 [49]
 [50]
 [48]
 [54]
 [50]]",4,0,meningioma,True,0.09312991797924042,0.9068371057510376,3.293165354989469e-05,0.4594176411628723,0.5405823588371277,5.514295864372798e-08,0.7816877365112305,0.21816980838775635,0.0001424385409336537,0.4447450985511144,0.5551964243253072,5.847511248073071e-05,1,glioma,False
2628,"[[49]
 [49]
 [50]
 [50]
 [53]
 [50]]",4,0,meningioma,True,0.8597750067710876,0.1402236372232437,1.3680548818229e-06,0.688396155834198,0.3116039037704468,1.0433882646765369e-09,0.9420087933540344,0.05795006826519966,4.113055547350086e-05,0.8300599853197733,0.1699258697529634,1.4166551247862813e-05,0,meningioma,True
2629,"[[49]
 [49]
 [50]
 [50]
 [53]
 [50]]",4,0,meningioma,True,0.43261799216270447,0.5673812031745911,7.848877885408001e-07,0.03780745714902878,0.9621925354003906,1.2457095077689218e-10,0.6488440632820129,0.35111501812934875,4.089960202691145e-05,0.37308983753124875,0.6268962522347769,1.3894871462134343e-05,1,glioma,False
2630,"[[49]
 [49]
 [50]
 [53]
 [53]
 [50]]",4,0,meningioma,True,0.01983817294239998,0.9745280742645264,0.005633837543427944,0.23549632728099823,0.727321207523346,0.03718239814043045,0.028259551152586937,0.9687048196792603,0.0030355355702340603,0.09453135045866172,0.8901847004890442,0.015283923751364151,1,glioma,False
2631,"[[49]
 [49]
 [50]
 [53]
 [53]
 [50]]",4,0,meningioma,True,0.03830767795443535,0.9571754336357117,0.004516984801739454,0.29652294516563416,0.7012526988983154,0.002224318217486143,0.07597950100898743,0.9190640449523926,0.004956377670168877,0.13693670804301897,0.8591640591621399,0.0038992268964648247,1,glioma,False
2632,"[[49]
 [48]
 [53]
 [57]
 [51]
 [55]]",2,0,meningioma,True,0.9971876740455627,0.002812379039824009,3.8809485139457145e-12,0.9228767156600952,0.07712327688932419,4.785731273077021e-12,0.9996032118797302,0.000396814604755491,3.754161152953739e-14,0.973222533861796,0.026777490177967895,2.9014071328507577e-12,0,meningioma,True
2633,"[[49]
 [49]
 [50]
 [53]
 [53]
 [50]]",4,0,meningioma,True,0.14293122291564941,0.8431869149208069,0.013881843537092209,0.5639767050743103,0.4168767035007477,0.01914653182029724,0.4134438633918762,0.5704140067100525,0.016142062842845917,0.3734505971272786,0.6101592083772024,0.01639014606674512,1,glioma,False
2634,"[[49]
 [49]
 [50]
 [53]
 [53]
 [50]]",4,0,meningioma,True,0.4536834955215454,0.5444265604019165,0.0018899868009611964,0.9013934135437012,0.09832419455051422,0.0002823765389621258,0.6562305092811584,0.3417200446128845,0.002049426082521677,0.6704358061154684,0.3281569331884384,0.0014072631408149998,0,meningioma,True
2635,"[[49]
 [49]
 [50]
 [53]
 [53]
 [50]]",4,0,meningioma,True,0.03973884508013725,0.9602316617965698,2.938124816864729e-05,0.8461928963661194,0.15380680561065674,2.6837517452804605e-07,0.35779494047164917,0.6421722769737244,3.280188684584573e-05,0.41457556063930195,0.585403581460317,2.0817170063007023e-05,1,glioma,False
2636,"[[49]
 [49]
 [50]
 [53]
 [53]
 [50]]",4,0,meningioma,True,0.07116374373435974,0.9288338422775269,2.2757285478292033e-06,0.5952802896499634,0.4047197103500366,8.13016182155124e-11,0.4109801650047302,0.5890113711357117,8.452349902654532e-06,0.35914139946301776,0.6408549745877584,3.5760532507006504e-06,1,glioma,False
2637,"[[49]
 [49]
 [50]
 [53]
 [53]
 [50]]",4,0,meningioma,True,0.8987504839897156,0.10124943405389786,1.1462946503115745e-07,0.622672438621521,0.3773275315761566,4.697290733463033e-13,0.5418419241905212,0.4581550657749176,2.984396587635274e-06,0.6877549489339193,0.312244010468324,1.0330088407985015e-06,0,meningioma,True
2638,"[[49]
 [49]
 [50]
 [54]
 [52]
 [56]]",0,0,meningioma,True,0.6110939383506775,0.38832786679267883,0.000578219594899565,0.7564969062805176,0.24208785593509674,0.001415186794474721,0.7454421520233154,0.25444865226745605,0.0001091759986593388,0.7043443322181702,0.2949547916650772,0.0007008607960112082,0,meningioma,True
2639,"[[49]
 [49]
 [50]
 [54]
 [52]
 [56]]",0,0,meningioma,True,0.6550358533859253,0.34372594952583313,0.0012381408596411347,0.7981199026107788,0.1990707963705063,0.0028093133587390184,0.7326244115829468,0.2672191262245178,0.0001564755802974105,0.7285933891932169,0.2700052907069524,0.0014013099328925212,0,meningioma,True
2640,"[[49]
 [49]
 [50]
 [54]
 [52]
 [56]]",0,0,meningioma,True,0.6162463426589966,0.37569311261177063,0.008060564287006855,0.6488999128341675,0.3280526399612427,0.02304741181433201,0.6007069945335388,0.397365003824234,0.0019280390115454793,0.6219510833422343,0.36703691879908246,0.011012005037628114,0,meningioma,True
2641,"[[49]
 [49]
 [50]
 [54]
 [52]
 [56]]",0,0,meningioma,True,0.604677140712738,0.364550918340683,0.030771959573030472,0.6039102077484131,0.32916632294654846,0.06692349910736084,0.586996853351593,0.4052311182022095,0.007772041019052267,0.5985280672709147,0.36631611982981366,0.03515583323314786,0,meningioma,True
2642,"[[49]
 [49]
 [50]
 [54]
 [53]
 [48]]",0,0,meningioma,True,0.593002438545227,0.40601658821105957,0.0009809238836169243,0.629959225654602,0.3666023910045624,0.0034383812453597784,0.716923177242279,0.2827729880809784,0.00030384398996829987,0.6466282804807028,0.35179732243220013,0.0015743830396483343,0,meningioma,True
2643,"[[49]
 [48]
 [54]
 [50]
 [56]
 [52]]",2,0,meningioma,True,0.9155169129371643,0.023541856557130814,0.060941241681575775,0.702695906162262,0.27236029505729675,0.02494380995631218,0.9876081347465515,0.007030026521533728,0.005361881572753191,0.8686069846153259,0.1009773927119871,0.03041564440354705,0,meningioma,True
2644,"[[49]
 [49]
 [50]
 [54]
 [53]
 [48]]",0,0,meningioma,True,0.6752009987831116,0.321912556886673,0.002886478090658784,0.7553884983062744,0.23693285882472992,0.007678707595914602,0.7144944667816162,0.28526535630226135,0.00024016406678128988,0.7150279879570007,0.28137025733788806,0.0036017832511182255,0,meningioma,True
2645,"[[49]
 [49]
 [51]
 [48]
 [57]
 [56]]",2,0,meningioma,True,0.3070482611656189,0.680958092212677,0.011993580497801304,0.24678033590316772,0.7460033297538757,0.007216313853859901,0.39220893383026123,0.6076949238777161,9.611320274416357e-05,0.31534584363301593,0.6782187819480896,0.006435335851468456,1,glioma,False
2646,"[[49]
 [49]
 [51]
 [48]
 [57]
 [56]]",2,0,meningioma,True,0.11065050959587097,0.8849648833274841,0.004384596832096577,0.2321825623512268,0.7614527344703674,0.006364720873534679,0.548080563545227,0.45191022753715515,9.125759788730647e-06,0.29697121183077496,0.6994426151116689,0.0035861478218066623,1,glioma,False
2647,"[[49]
 [49]
 [51]
 [48]
 [57]
 [56]]",2,0,meningioma,True,0.28055340051651,0.7188435196876526,0.0006030535441823304,0.408212274312973,0.5898839831352234,0.0019037164747714996,0.6598535776138306,0.34001460671424866,0.00013186332944314927,0.44953975081443787,0.5495807031790415,0.0008795444494656598,1,glioma,False
2648,"[[49]
 [49]
 [51]
 [48]
 [57]
 [56]]",2,0,meningioma,True,0.27569571137428284,0.7241098284721375,0.00019447828526608646,0.5781189799308777,0.41863858699798584,0.0032423955854028463,0.8423050045967102,0.1573857069015503,0.00030927767511457205,0.5653732319672903,0.43337804079055786,0.0012487171819278349,0,meningioma,True
2649,"[[49]
 [49]
 [51]
 [52]
 [51]
 [53]]",1,0,meningioma,True,0.13290323317050934,0.8670967817306519,1.6802885471900453e-10,0.7548660039901733,0.2450483739376068,8.556403190596029e-05,0.34621936082839966,0.6536617279052734,0.00011882984108524397,0.41132953266302746,0.5886022945245107,6.813134700668633e-05,1,glioma,False
2650,"[[49]
 [49]
 [51]
 [52]
 [51]
 [53]]",1,0,meningioma,True,0.25397780537605286,0.7460222244262695,1.629806867242678e-08,0.6810683012008667,0.31890547275543213,2.6241395971737802e-05,0.696176290512085,0.30371972918510437,0.00010399620805401355,0.5437407990296682,0.45621580878893536,4.341796736480793e-05,0,meningioma,True
2651,"[[49]
 [49]
 [51]
 [52]
 [51]
 [53]]",1,0,meningioma,True,0.1052020713686943,0.8947729468345642,2.495751868991647e-05,0.4310808479785919,0.5682737231254578,0.0006454675458371639,0.7178087830543518,0.2800229489803314,0.002168242819607258,0.4180305674672127,0.5810232063134512,0.0009462226280447794,1,glioma,False
2652,"[[49]
 [49]
 [51]
 [52]
 [51]
 [53]]",1,0,meningioma,True,0.12143350392580032,0.8777194619178772,0.0008469898020848632,0.6685080528259277,0.3297446072101593,0.0017473651096224785,0.865787923336029,0.1309073567390442,0.003304692916572094,0.551909826695919,0.44612380862236023,0.0019663492760931454,0,meningioma,True
2653,"[[49]
 [49]
 [51]
 [52]
 [51]
 [53]]",1,0,meningioma,True,0.07079385966062546,0.9291693568229675,3.674183608382009e-05,0.5294804573059082,0.4698273837566376,0.000692160043399781,0.9030958414077759,0.09617982804775238,0.0007243258878588676,0.5011233861247698,0.4983921895424525,0.0004844092557808229,0,meningioma,True
2654,"[[49]
 [48]
 [54]
 [50]
 [56]
 [52]]",2,0,meningioma,True,0.9379450082778931,0.013665187172591686,0.04838978126645088,0.7125644683837891,0.2675915062427521,0.019843967631459236,0.9937335848808289,0.0033461113926023245,0.0029203733429312706,0.8814143538475037,0.09486760160264869,0.02371804074694713,0,meningioma,True
2655,"[[49]
 [49]
 [51]
 [52]
 [51]
 [53]]",1,0,meningioma,True,0.365639328956604,0.6341370940208435,0.00022361976152751595,0.5547103881835938,0.44441577792167664,0.0008738120086491108,0.7280955910682678,0.26795098185539246,0.003953350242227316,0.5494817694028219,0.4488346179326375,0.0016835940041346475,0,meningioma,True
2656,"[[49]
 [49]
 [51]
 [53]
 [53]
 [52]]",0,0,meningioma,True,0.4275250732898712,0.375872939825058,0.1966020166873932,0.38567450642585754,0.40536701679229736,0.20895852148532867,0.864048421382904,0.12275230139493942,0.013199272565543652,0.5590826670328776,0.3013307526707649,0.13958660357942185,0,meningioma,True
2657,"[[49]
 [49]
 [51]
 [53]
 [53]
 [52]]",0,0,meningioma,True,0.3256678581237793,0.3634626865386963,0.310869425535202,0.27914535999298096,0.43126845359802246,0.2895861864089966,0.8543680310249329,0.11819492280483246,0.02743714116513729,0.4863937497138977,0.3043086876471837,0.20929758436977863,0,meningioma,True
2658,"[[49]
 [49]
 [51]
 [53]
 [53]
 [52]]",0,0,meningioma,True,0.3357519805431366,0.33193084597587585,0.33231717348098755,0.3445943593978882,0.38998687267303467,0.2654188275337219,0.8517622947692871,0.13592685759067535,0.012310903519392014,0.5107028782367706,0.28594819207986194,0.20334896817803383,0,meningioma,True
2659,"[[49]
 [49]
 [51]
 [53]
 [53]
 [52]]",0,0,meningioma,True,0.3815763592720032,0.3255363404750824,0.29288730025291443,0.45152705907821655,0.3146425783634186,0.23383039236068726,0.8505661487579346,0.12488105148077011,0.024552762508392334,0.5612231890360514,0.2550199901064237,0.18375681837399802,0,meningioma,True
2660,"[[49]
 [49]
 [51]
 [54]
 [49]
 [52]]",1,0,meningioma,True,0.1297493427991867,0.8702506422996521,4.217048754640018e-08,0.2077975571155548,0.7921451330184937,5.7326265960000455e-05,0.05563778802752495,0.9443173408508301,4.4926749978912994e-05,0.13106156264742216,0.8689043720563253,3.409839547548662e-05,1,glioma,False
2661,"[[49]
 [49]
 [51]
 [54]
 [49]
 [52]]",1,0,meningioma,True,0.004941881168633699,0.9950581789016724,4.150582988415863e-09,0.2179132103919983,0.7820838093757629,3.0233338748075766e-06,0.009571805596351624,0.9903711676597595,5.701037298422307e-05,0.0774756323856612,0.9225043853123983,2.0012619147339688e-05,1,glioma,False
2662,"[[49]
 [49]
 [51]
 [54]
 [49]
 [52]]",1,0,meningioma,True,0.5639092326164246,0.4360907971858978,4.431516265057667e-11,0.7053733468055725,0.2946266531944275,7.004768320939547e-09,0.3240545690059662,0.6758935451507568,5.1905099098803475e-05,0.531112382809321,0.46887033184369403,1.730404939409569e-05,0,meningioma,True
2663,"[[49]
 [49]
 [51]
 [54]
 [49]
 [52]]",1,0,meningioma,True,0.06152890995144844,0.9384710788726807,4.726122683112649e-21,0.9960120916366577,0.003987872041761875,3.845924297887944e-14,0.9521145224571228,0.04788544028997421,5.941601377568162e-12,0.669885174681743,0.3301147970681389,1.9933535417577214e-12,0,meningioma,True
2664,"[[49]
 [49]
 [51]
 [56]
 [48]
 [53]]",3,0,meningioma,True,0.6296944618225098,0.3703044652938843,1.0325395578547614e-06,0.5464752912521362,0.45352163910865784,3.0912162856111536e-06,0.12664133310317993,0.8733586668968201,3.444699103738458e-08,0.4342703620592753,0.5657282570997874,1.3860676115011e-06,1,glioma,False
2665,"[[49]
 [48]
 [54]
 [50]
 [56]
 [52]]",2,0,meningioma,True,0.9792405962944031,0.0032310516107827425,0.017528250813484192,0.8798381090164185,0.11624307185411453,0.00391879677772522,0.9984215497970581,0.0014892866602167487,8.913828787626699e-05,0.9525000850359598,0.04032113670837134,0.007178728626361893,0,meningioma,True
2666,"[[49]
 [49]
 [51]
 [57]
 [55]
 [49]]",4,0,meningioma,True,0.02002776227891445,0.8615548610687256,0.11841738224029541,0.025851568207144737,0.7862945199012756,0.18785400688648224,0.03430498018860817,0.9410893321037292,0.02460569702088833,0.026728103558222454,0.8629795710245768,0.11029236204922199,1,glioma,False
2667,"[[49]
 [49]
 [51]
 [57]
 [55]
 [49]]",4,0,meningioma,True,0.006116882897913456,0.6364399194717407,0.3574431836605072,0.008462680503726006,0.06549287587404251,0.9260444641113281,0.06270302832126617,0.6852209568023682,0.25207602977752686,0.025760863907635212,0.4623845840493838,0.5118545591831207,2,pituitary,False
2668,"[[49]
 [49]
 [52]
 [48]
 [49]
 [56]]",0,0,meningioma,True,0.2689938545227051,0.2533889710903168,0.47761717438697815,0.17373564839363098,0.45500677824020386,0.37125757336616516,0.1697358787059784,0.5041841268539429,0.3260800242424011,0.20415512720743814,0.40419329206148785,0.39165159066518146,1,glioma,False
2669,"[[49]
 [49]
 [52]
 [48]
 [49]
 [56]]",0,0,meningioma,True,0.15560422837734222,0.18471983075141907,0.6596759557723999,0.120321124792099,0.40799659490585327,0.47168228030204773,0.05985761433839798,0.4125232994556427,0.5276190638542175,0.1119276558359464,0.3350799083709717,0.552992433309555,2,pituitary,False
2670,"[[49]
 [49]
 [52]
 [48]
 [49]
 [56]]",0,0,meningioma,True,0.08388369530439377,0.11213503777980804,0.8039813041687012,0.05858974903821945,0.2293875515460968,0.7120227217674255,0.015870992094278336,0.10243793576955795,0.881691038608551,0.05278147881229719,0.1479868416984876,0.7992316881815592,2,pituitary,False
2671,"[[49]
 [49]
 [52]
 [48]
 [49]
 [56]]",0,0,meningioma,True,0.03475339710712433,0.06730543076992035,0.8979411721229553,0.020018866285681725,0.13640950620174408,0.843571662902832,0.002885952591896057,0.024084465578198433,0.973029613494873,0.019219405328234036,0.07593313418328762,0.9048474828402201,2,pituitary,False
2672,"[[49]
 [49]
 [52]
 [48]
 [49]
 [56]]",0,0,meningioma,True,0.0269622802734375,0.056353457272052765,0.9166842699050903,0.018657254055142403,0.13692016899585724,0.8444225788116455,0.007081333547830582,0.040040068328380585,0.9528786540031433,0.017566955958803494,0.07777123153209686,0.9046618342399597,2,pituitary,False
2673,"[[49]
 [49]
 [52]
 [48]
 [49]
 [56]]",0,0,meningioma,True,0.032251566648483276,0.06218167766928673,0.9055667519569397,0.021480275318026543,0.15836666524410248,0.820152997970581,0.028923194855451584,0.1672680526971817,0.8038086891174316,0.0275516789406538,0.1292721318701903,0.8431761463483175,2,pituitary,False
2674,"[[49]
 [49]
 [52]
 [51]
 [53]
 [57]]",3,0,meningioma,True,0.9228205680847168,0.07717939466238022,4.725797531079934e-10,0.5553355813026428,0.4446643888950348,5.297860414255062e-11,0.8343446850776672,0.16565530002117157,2.5879597943812005e-12,0.7708336114883423,0.22916636119286218,1.760487723483084e-10,0,meningioma,True
2675,"[[49]
 [49]
 [52]
 [51]
 [53]
 [57]]",3,0,meningioma,True,0.9559903740882874,0.044009141623973846,4.851778498959902e-07,0.6978226900100708,0.3021772503852844,4.918073059911876e-08,0.9803135991096497,0.01968645118176937,4.5020975836251864e-10,0.8780422210693359,0.12195761439700921,1.7826959675115717e-07,0,meningioma,True
2676,"[[49]
 [48]
 [54]
 [50]
 [56]
 [52]]",2,0,meningioma,True,0.8463523983955383,0.008598863147199154,0.14504876732826233,0.8036646246910095,0.19456882774829865,0.0017665544291958213,0.9993674159049988,0.0006262113456614316,6.4621267483744305e-06,0.8831281463305155,0.06793130074705307,0.048940594628068844,0,meningioma,True
2677,"[[49]
 [49]
 [52]
 [51]
 [53]
 [57]]",3,0,meningioma,True,0.8332297205924988,0.16675135493278503,1.8875158275477588e-05,0.4288010001182556,0.5711948275566101,4.1633825276221614e-06,0.42687293887138367,0.573127031326294,4.071712744746492e-09,0.5629678865273794,0.4370244046052297,7.680870838614831e-06,0,meningioma,True
2678,"[[49]
 [49]
 [52]
 [51]
 [53]
 [57]]",3,0,meningioma,True,0.38465192914009094,0.6153312921524048,1.678942862781696e-05,0.08974742144346237,0.9102491736412048,3.3474743759143166e-06,0.050823912024497986,0.9491761326789856,5.807831549020648e-09,0.17507442086935043,0.8249188661575317,6.7142369450934325e-06,1,glioma,False
2679,"[[49]
 [49]
 [52]
 [51]
 [53]
 [57]]",3,0,meningioma,True,0.19949786365032196,0.8004991412162781,3.0359635729837464e-06,0.18074087798595428,0.8192572593688965,1.8517172293286421e-06,0.0045602330937981606,0.9954397678375244,1.6947122524757496e-11,0.1282663249100248,0.8717320561408997,1.629232583144971e-06,1,glioma,False
2680,"[[49]
 [49]
 [52]
 [51]
 [53]
 [57]]",3,0,meningioma,True,0.08689785748720169,0.9130945801734924,7.618366907991003e-06,0.0949615016579628,0.9050378203392029,8.079973667918239e-07,0.004450707696378231,0.9955493211746216,1.98093749737005e-10,0.062103355613847576,0.9378939072291056,2.808854122844188e-06,1,glioma,False
2681,"[[49]
 [49]
 [52]
 [51]
 [53]
 [57]]",3,0,meningioma,True,0.23108355700969696,0.7681756615638733,0.0007407547091133893,0.7603620886802673,0.23961374163627625,2.421956742182374e-05,0.20647434890270233,0.7935252785682678,3.7442634948092746e-07,0.3993066648642222,0.6004382272561392,0.000255116234294898,1,glioma,False
2682,"[[49]
 [49]
 [52]
 [52]
 [49]
 [55]]",3,0,meningioma,True,0.0875500962138176,0.9072604179382324,0.005189409013837576,0.31128787994384766,0.686842143535614,0.0018699526553973556,0.8800435662269592,0.11995552480220795,9.613575002731523e-07,0.4262938474615415,0.5713526954253515,0.002353441008911735,1,glioma,False
2683,"[[49]
 [49]
 [52]
 [52]
 [49]
 [55]]",3,0,meningioma,True,0.5937173962593079,0.40408965945243835,0.0021929426584392786,0.39471685886383057,0.602270245552063,0.003012843430042267,0.8933092355728149,0.10668739676475525,3.400798959773965e-06,0.6272478302319845,0.3710157672564189,0.0017363956291471065,0,meningioma,True
2684,"[[49]
 [49]
 [52]
 [52]
 [49]
 [55]]",3,0,meningioma,True,0.14447849988937378,0.8321411609649658,0.023380333557724953,0.22428886592388153,0.6229195594787598,0.1527916043996811,0.3007814586162567,0.69867342710495,0.0005450812168419361,0.223182941476504,0.7179113825162252,0.05890567305808266,1,glioma,False
2685,"[[49]
 [49]
 [52]
 [52]
 [49]
 [55]]",3,0,meningioma,True,0.25428134202957153,0.4556123614311218,0.29010626673698425,0.4163726568222046,0.40538206696510315,0.17824532091617584,0.25677818059921265,0.7385398149490356,0.004682052880525589,0.3091440598169963,0.5331780811150869,0.15767788017789522,1,glioma,False
2686,"[[57]
 [55]
 [51]
 [55]
 [52]]",3,0,meningioma,True,0.950866162776947,0.04766432195901871,0.0014695061836391687,0.7693210244178772,0.22878162562847137,0.0018973599653691053,0.5495226383209229,0.45045018196105957,2.7177356969332322e-05,0.7565699418385824,0.24229870984951654,0.0011313478353258688,0,meningioma,True
2687,"[[49]
 [48]
 [54]
 [50]
 [56]
 [52]]",2,0,meningioma,True,0.776879608631134,0.04149988666176796,0.1816205084323883,0.6295113563537598,0.37035995721817017,0.0001286836341023445,0.9947041869163513,0.0052803680300712585,1.547232204757165e-05,0.8003650506337484,0.13904673730333647,0.06058822146284607,0,meningioma,True
2688,"[[57]
 [55]
 [51]
 [55]
 [52]]",3,0,meningioma,True,0.9042977690696716,0.09333302825689316,0.0023691956885159016,0.8003529906272888,0.18696731328964233,0.012679621577262878,0.9520301222801208,0.04794764518737793,2.2258849639911205e-05,0.8855602939923605,0.10941599557797115,0.005023692038472897,0,meningioma,True
2689,"[[57]
 [55]
 [51]
 [55]
 [52]]",3,0,meningioma,True,0.7228737473487854,0.27609020471572876,0.0010360199958086014,0.7676286697387695,0.22377443313598633,0.008596844971179962,0.9036077260971069,0.0963863804936409,5.89648288951139e-06,0.7980367143948873,0.198750339448452,0.0032129204832926916,0,meningioma,True
2690,"[[57]
 [55]
 [51]
 [55]
 [52]]",3,0,meningioma,True,0.7505271434783936,0.24938341975212097,8.944310684455559e-05,0.40349307656288147,0.5957390666007996,0.0007678914116695523,0.6242135167121887,0.3757854998111725,1.070441612682771e-06,0.5927445789178213,0.4069693287213643,0.00028613498670893023,0,meningioma,True
2691,"[[57]
 [55]
 [51]
 [55]
 [52]]",3,0,meningioma,True,0.6027007699012756,0.3972557783126831,4.344345143181272e-05,0.32266661524772644,0.6771485805511475,0.00018473841191735119,0.7596094012260437,0.24039031565189362,2.483417915755126e-07,0.5616589287916819,0.4382648915052414,7.61434017135798e-05,0,meningioma,True
2692,"[[57]
 [55]
 [54]
 [48]
 [55]]",2,0,meningioma,True,0.5190216898918152,0.48095595836639404,2.238107663288247e-05,0.4614679217338562,0.5385252237319946,6.897731509525329e-06,0.9964609742164612,0.0035389766562730074,1.7862495337028772e-12,0.6589835286140442,0.3410067195848872,9.759603309552443e-06,0,meningioma,True
2693,"[[57]
 [55]
 [54]
 [48]
 [55]]",2,0,meningioma,True,0.5574613213539124,0.44207313656806946,0.00046550881233997643,0.5113893747329712,0.48855483531951904,5.57910134375561e-05,0.9922918677330017,0.007708120625466108,1.0339264167047446e-11,0.687047521273295,0.31277869750435155,0.00017376661203893223,0,meningioma,True
2694,"[[57]
 [55]
 [54]
 [48]
 [55]]",2,0,meningioma,True,0.8936526775360107,0.09989997744560242,0.006447268184274435,0.8216254711151123,0.17805950343608856,0.00031499136821366847,0.9992433786392212,0.0007566047715954483,1.839368435341271e-09,0.9048405090967814,0.09290536188442881,0.002254087130618846,0,meningioma,True
2695,"[[57]
 [55]
 [54]
 [48]
 [55]]",2,0,meningioma,True,0.9138327240943909,0.08319410681724548,0.0029730636160820723,0.8322688341140747,0.1675514280796051,0.00017982508870773017,0.9973567724227905,0.002643188228830695,6.680834019334725e-08,0.9144861102104187,0.08446290770856042,0.001050985171043332,0,meningioma,True
2696,"[[57]
 [55]
 [55]
 [51]
 [55]]",1,0,meningioma,True,0.02592538669705391,0.9740739464759827,7.364428142864199e-07,0.4416539967060089,0.55785071849823,0.0004952913732267916,0.02948036789894104,0.9699761867523193,0.0005434862687252462,0.1656865837673346,0.8339669505755106,0.00034650469492210806,1,glioma,False
2697,"[[57]
 [55]
 [55]
 [51]
 [55]]",1,0,meningioma,True,0.02278856746852398,0.9767388105392456,0.000472604064270854,0.3630419075489044,0.6364218592643738,0.0005362608935683966,0.03187914565205574,0.9636735916137695,0.0044472673907876015,0.13923654022316137,0.8589447538057963,0.0018187107828756173,1,glioma,False
2698,"[[49]
 [48]
 [54]
 [52]
 [52]
 [50]]",2,0,meningioma,True,0.014965040609240532,0.9840143322944641,0.001020642463117838,0.025356560945510864,0.9745247960090637,0.00011860467202495784,0.02254968136548996,0.9774503707885742,9.904062014953752e-10,0.02095709430674712,0.978663166364034,0.00037974937518299906,1,glioma,False
2699,"[[57]
 [55]
 [55]
 [51]
 [55]]",1,0,meningioma,True,0.16148251295089722,0.8385022282600403,1.5181075468717609e-05,0.6088511347770691,0.38973498344421387,0.0014139056438580155,0.2102527916431427,0.7872759103775024,0.0024713578168302774,0.3268621464570363,0.6718377073605856,0.0013001481787190035,1,glioma,False
2700,"[[57]
 [55]
 [55]
 [51]
 [55]]",1,0,meningioma,True,0.8740489482879639,0.11863686889410019,0.00731415580958128,0.7569827437400818,0.22861388325691223,0.014403407461941242,0.8404247760772705,0.13836152851581573,0.02121378667652607,0.8238188227017721,0.16187076022227606,0.014310449982682863,0,meningioma,True
2701,"[[57]
 [55]
 [55]
 [51]
 [55]]",1,0,meningioma,True,0.784028947353363,0.1763143539428711,0.03965667635202408,0.9184346199035645,0.06996721029281616,0.011598138138651848,0.831824004650116,0.16162241995334625,0.006553511135280132,0.8447625239690145,0.13596799472967783,0.019269441875318687,0,meningioma,True
2702,"[[57]
 [55]
 [55]
 [57]
 [51]]",3,0,meningioma,True,0.7841909527778625,0.17785052955150604,0.03795851394534111,0.3989183008670807,0.6010188460350037,6.284582195803523e-05,0.9854856729507446,0.014509827829897404,4.472568434721325e-06,0.722864975531896,0.2644597344721357,0.012675277445244623,0,meningioma,True
2703,"[[57]
 [55]
 [56]
 [55]
 [53]]",3,0,meningioma,True,0.8606109619140625,0.12350228428840637,0.015886804088950157,0.08877497911453247,0.9027860760688782,0.008438912220299244,0.6144431233406067,0.3681985139846802,0.01735834963619709,0.5212763547897339,0.4648289581139882,0.013894688648482164,0,meningioma,True
2704,"[[57]
 [55]
 [57]
 [52]
 [51]]",1,0,meningioma,True,0.6359480619430542,0.3640519678592682,6.633674859424232e-11,0.9198418259620667,0.08015800267457962,2.2635657614955562e-07,0.6690510511398315,0.33093804121017456,1.0903744623647071e-05,0.7416136463483175,0.2583826705813408,3.7100558455150736e-06,0,meningioma,True
2705,"[[57]
 [55]
 [57]
 [52]
 [51]]",1,0,meningioma,True,0.8501729369163513,0.14982706308364868,2.2746561578745883e-11,0.7906351685523987,0.20936433970928192,5.158836415830592e-07,0.5499053597450256,0.45009246468544006,2.2143858586787246e-06,0.7302378217379252,0.2697612891594569,9.100974156077876e-07,0,meningioma,True
2706,"[[57]
 [55]
 [57]
 [52]
 [51]]",1,0,meningioma,True,0.995426595211029,0.004573390819132328,2.7274287429240873e-13,0.9399704337120056,0.060029514133930206,7.605598284499138e-08,0.9457434415817261,0.054256439208984375,1.4685603844100115e-07,0.9603801568349203,0.03961978138734897,7.430409800962227e-08,0,meningioma,True
2707,"[[57]
 [55]
 [57]
 [52]
 [51]]",1,0,meningioma,True,0.9979751706123352,0.0020224275067448616,2.3261109163286164e-06,0.790436327457428,0.209407776594162,0.00015595598961226642,0.9411582946777344,0.058737970888614655,0.0001036549438140355,0.9098565975824991,0.0900560583298405,8.731234811421018e-05,0,meningioma,True
2708,"[[57]
 [55]
 [57]
 [52]
 [51]]",1,0,meningioma,True,0.9986832737922668,0.0013059470802545547,1.0741801816038787e-05,0.586157500743866,0.412905752658844,0.0009367291931994259,0.995451033115387,0.004234937019646168,0.0003140055341646075,0.8600972692171732,0.1394822122529149,0.0004204921763933574,0,meningioma,True
2709,"[[49]
 [48]
 [54]
 [52]
 [52]
 [50]]",2,0,meningioma,True,0.6638340353965759,0.33156412839889526,0.0046018497087061405,0.5881475806236267,0.41176652908325195,8.586196054238826e-05,0.7996819615364075,0.20031803846359253,1.0525477156519969e-09,0.6838878591855367,0.3145495653152466,0.0015625709072654148,0,meningioma,True
2710,"[[57]
 [56]
 [50]
 [52]
 [49]]",1,0,meningioma,True,0.49601417779922485,0.5039785504341125,7.245157576107886e-06,0.21917179226875305,0.7654364705085754,0.015391730703413486,0.08074881881475449,0.9005810618400574,0.01867017149925232,0.2653115962942441,0.7233320275942484,0.011356382453413971,1,glioma,False
2711,"[[57]
 [56]
 [50]
 [52]
 [49]]",1,0,meningioma,True,0.2916351556777954,0.7083595991134644,5.266448170004878e-06,0.19471850991249084,0.8010671138763428,0.004214356187731028,0.307743102312088,0.630452573299408,0.06180430203676224,0.26469892263412476,0.7132930954297384,0.022007974890887756,1,glioma,False
2712,"[[57]
 [56]
 [50]
 [52]
 [49]]",1,0,meningioma,True,0.008549130521714687,0.991450846195221,1.8680430535766845e-09,0.03201127052307129,0.9635413289070129,0.00444742850959301,0.04203842207789421,0.9566733241081238,0.0012882428709417582,0.027532941040893395,0.9705551664034525,0.001911891082859274,1,glioma,False
2713,"[[57]
 [56]
 [50]
 [52]
 [49]]",1,0,meningioma,True,0.005095698870718479,0.9949041604995728,1.1506892150237036e-07,0.02206450141966343,0.9691568613052368,0.008778674528002739,0.29561176896095276,0.694621205329895,0.009767015464603901,0.10759065641711156,0.8862274090449015,0.006181935020509381,1,glioma,False
2714,"[[57]
 [56]
 [50]
 [52]
 [49]]",1,0,meningioma,True,0.005892778746783733,0.9918138980865479,0.0022933464497327805,0.052000291645526886,0.6844678521156311,0.263531893491745,0.3786010444164276,0.4945477545261383,0.12685124576091766,0.1454980382695794,0.7236098349094391,0.13089216190079847,1,glioma,False
2715,"[[57]
 [56]
 [50]
 [52]
 [49]]",1,0,meningioma,True,0.017278384417295456,0.15893740952014923,0.8237842321395874,0.05455302074551582,0.6396896839141846,0.3057572841644287,0.14060966670513153,0.05145225673913956,0.8079380989074707,0.0708136906226476,0.2833597833911578,0.645826538403829,2,pituitary,False
2716,"[[57]
 [57]
 [48]
 [49]
 [55]]",0,0,meningioma,True,0.5537751317024231,0.34317123889923096,0.10305366665124893,0.527938961982727,0.3358324468135834,0.13622862100601196,0.7180641889572144,0.2740103602409363,0.00792556069791317,0.5999260942141215,0.3176713486512502,0.08240261611839135,0,meningioma,True
2717,"[[57]
 [57]
 [48]
 [49]
 [55]]",0,0,meningioma,True,0.4181700348854065,0.325743705034256,0.25608620047569275,0.40642020106315613,0.3847038745880127,0.20887590944766998,0.7046555876731873,0.27635183930397034,0.01899261213839054,0.5097486078739166,0.32893313964207965,0.1613182406872511,0,meningioma,True
2718,"[[57]
 [57]
 [48]
 [56]
 [57]]",0,0,meningioma,True,0.5495555996894836,0.3439166843891144,0.10652770847082138,0.4887215793132782,0.35155338048934937,0.15972498059272766,0.7201138734817505,0.2553354501724243,0.02455071546137333,0.5861303508281708,0.31693517168362934,0.09693446817497413,0,meningioma,True
2719,"[[57]
 [57]
 [48]
 [56]
 [57]]",0,0,meningioma,True,0.5605472922325134,0.3412938117980957,0.09815890341997147,0.5627260804176331,0.3149960935115814,0.12227781862020493,0.8133118152618408,0.15391431748867035,0.032773856073617935,0.6455283959706625,0.27006807426611584,0.08440352603793144,0,meningioma,True
2720,"[[49]
 [48]
 [54]
 [52]
 [52]
 [50]]",2,0,meningioma,True,0.3297750949859619,0.6686154007911682,0.0016095000319182873,0.26123422384262085,0.7386907935142517,7.505924440920353e-05,0.31577005982398987,0.6842299103736877,6.183985545860082e-10,0.30225979288419086,0.6971787015597025,0.0005615199649086818,1,glioma,False
2721,"[[57]
 [57]
 [48]
 [56]
 [57]]",0,0,meningioma,True,0.5810350179672241,0.34023886919021606,0.07872616499662399,0.6015014052391052,0.303838849067688,0.09465976804494858,0.8212353587150574,0.14845027029514313,0.030314361676573753,0.6679239273071289,0.26417599618434906,0.0679000982393821,0,meningioma,True
2722,"[[57]
 [57]
 [48]
 [56]
 [57]]",0,0,meningioma,True,0.6139258742332458,0.34182363748550415,0.0442504957318306,0.6420100927352905,0.30252498388290405,0.05546494945883751,0.7708368301391602,0.22196148335933685,0.00720171770080924,0.6755909323692322,0.28877003490924835,0.03563905429715911,0,meningioma,True
2723,"[[57]
 [57]
 [48]
 [56]
 [57]]",0,0,meningioma,True,0.6457553505897522,0.3324123024940491,0.021832380443811417,0.6735529899597168,0.288482129573822,0.03796493634581566,0.7563343644142151,0.24063797295093536,0.0030276072211563587,0.6918809016545614,0.28717746833960217,0.020941641336927812,0,meningioma,True
2724,"[[57]
 [57]
 [49]
 [54]
 [50]]",0,0,meningioma,True,0.4731605350971222,0.38568994402885437,0.14114949107170105,0.41267865896224976,0.34840020537376404,0.2389211654663086,0.6279375553131104,0.353711873292923,0.01835055835545063,0.5045922497908274,0.3626006742318471,0.13280707163115343,0,meningioma,True
2725,"[[57]
 [57]
 [49]
 [54]
 [50]]",0,0,meningioma,True,0.47062191367149353,0.3551595211029053,0.1742185354232788,0.4610057473182678,0.26617196202278137,0.2728223204612732,0.5911821126937866,0.351925790309906,0.05689214915037155,0.507603257894516,0.32441909114519757,0.16797766834497452,0,meningioma,True
2726,"[[57]
 [57]
 [49]
 [54]
 [50]]",0,0,meningioma,True,0.3997679650783539,0.3558841049671173,0.24434791505336761,0.36871814727783203,0.3123219609260559,0.31895992159843445,0.6108894944190979,0.36020973324775696,0.02890072949230671,0.4597918689250946,0.34280526638031006,0.1974028553813696,0,meningioma,True
2727,"[[57]
 [57]
 [50]
 [56]
 [56]]",1,0,meningioma,True,0.986823558807373,0.01197196263819933,0.001204541651532054,0.5511141419410706,0.2731405794620514,0.17574529349803925,0.6676657199859619,0.2987559139728546,0.03357839211821556,0.7352011402448019,0.19462281869103512,0.07017607575592895,0,meningioma,True
2728,"[[57]
 [57]
 [51]
 [48]
 [56]]",3,0,meningioma,True,0.9182138442993164,0.06584809720516205,0.015938134863972664,0.0098531199619174,0.985903263092041,0.004243597853928804,0.6077492833137512,0.38915732502937317,0.0030933935195207596,0.5119387491916617,0.48030289510885876,0.007758375412474076,0,meningioma,True
2729,"[[57]
 [57]
 [51]
 [48]
 [56]]",3,0,meningioma,True,0.5908194780349731,0.39718058705329895,0.011999905109405518,0.014186854474246502,0.9820333123207092,0.0037798304110765457,0.09750685840845108,0.9017486572265625,0.000744510383810848,0.23417106363922358,0.7603208522001902,0.005508081968097637,1,glioma,False
2730,"[[57]
 [57]
 [51]
 [48]
 [56]]",3,0,meningioma,True,0.5439475178718567,0.4558762311935425,0.00017621528240852058,0.0025584260001778603,0.9973121881484985,0.00012941809836775064,0.2158249467611313,0.7841247916221619,5.026780490879901e-05,0.25411029687772196,0.745771070321401,0.00011863372856169008,1,glioma,False
2731,"[[49]
 [48]
 [48]
 [53]
 [55]
 [50]]",4,0,meningioma,True,0.12374182790517807,0.009060392156243324,0.8671978116035461,0.014193682000041008,0.001759164733812213,0.9840471148490906,0.1085868775844574,0.018683547154068947,0.8727295994758606,0.08217412916322549,0.009834368014708161,0.9079915086428324,2,pituitary,False
2732,"[[49]
 [48]
 [54]
 [52]
 [52]
 [50]]",2,0,meningioma,True,0.46467500925064087,0.5348190069198608,0.000505975796841085,0.4197528660297394,0.5802362561225891,1.0883803042815998e-05,0.3456531763076782,0.6543468236923218,3.643276305642651e-11,0.41002701719601947,0.5898006955782572,0.000172286545438888,1,glioma,False
2733,"[[57]
 [57]
 [51]
 [48]
 [56]]",3,0,meningioma,True,0.3996671438217163,0.6001335382461548,0.00019941134087275714,0.550403892993927,0.4486953318119049,0.0009008304332382977,0.23469460010528564,0.765229344367981,7.61233241064474e-05,0.394921878973643,0.6046860714753469,0.0003921216994058341,1,glioma,False
2734,"[[57]
 [57]
 [51]
 [48]
 [56]]",3,0,meningioma,True,0.4871733784675598,0.5123615860939026,0.00046507123624905944,0.4201066792011261,0.5795847177505493,0.00030863535357639194,0.690192699432373,0.3097686469554901,3.867928171530366e-05,0.5324909190336863,0.467238316933314,0.00027079529051358503,0,meningioma,True
2735,"[[57]
 [57]
 [51]
 [48]
 [56]]",3,0,meningioma,True,0.6640605926513672,0.33591964840888977,1.9673989299917594e-05,0.28052034974098206,0.7194699048995972,9.765738468558993e-06,0.2891536355018616,0.7108454704284668,8.329119509653538e-07,0.41124485929807025,0.5887450079123179,1.0090879906480646e-05,1,glioma,False
2736,"[[57]
 [57]
 [56]
 [49]
 [53]]",2,0,meningioma,True,0.47817298769950867,0.5218268632888794,1.5676644693485287e-07,0.6273208260536194,0.37267884612083435,3.076603434237768e-07,0.6690282821655273,0.33097168803215027,1.1380224020085539e-12,0.5915073653062185,0.40849246581395465,1.5480930946034388e-07,0,meningioma,True
2737,"[[57]
 [57]
 [56]
 [49]
 [53]]",2,0,meningioma,True,0.24989144504070282,0.7501084804534912,8.825477237905943e-08,0.4529383182525635,0.5470614433288574,2.447993665555259e-07,0.09365477412939072,0.9063452482223511,9.216653482080339e-12,0.26549484580755234,0.7345050573348999,1.1102111852935581e-07,1,glioma,False
2738,"[[57]
 [57]
 [56]
 [49]
 [53]]",2,0,meningioma,True,0.30552852153778076,0.6944713592529297,4.4658026610022716e-08,0.5422807335853577,0.45771917700767517,1.358460792744154e-07,0.7299138307571411,0.2700861990451813,1.291516481434496e-12,0.5259076952934265,0.4740922451019287,6.016846580030651e-08,0,meningioma,True
2739,"[[57]
 [57]
 [56]
 [49]
 [53]]",2,0,meningioma,True,0.12121003866195679,0.8787898421287537,7.217708031248549e-08,0.4151255786418915,0.5848742723464966,1.0622551371852751e-07,0.3529338836669922,0.6470661163330078,3.2304562670726344e-13,0.29642316699028015,0.7035767436027527,5.946763902554657e-08,1,glioma,False
2740,"[[57]
 [57]
 [56]
 [49]
 [53]]",2,0,meningioma,True,0.7829514145851135,0.21704858541488647,1.4979562479311426e-08,0.6244091391563416,0.37559083104133606,3.427424744018026e-08,0.9694433808326721,0.03055664338171482,7.812755958021319e-17,0.7922679781913757,0.20773201994597912,1.6417936665873082e-08,0,meningioma,True
2741,"[[57]
 [57]
 [56]
 [49]
 [53]]",2,0,meningioma,True,0.6807175874710083,0.3192824125289917,7.628560894090697e-09,0.5606006979942322,0.4393993020057678,1.2519508096886511e-08,0.9566277861595154,0.043372251093387604,2.372537217307764e-18,0.7326486905415853,0.26735132187604904,6.716022997783248e-09,0,meningioma,True
2742,"[[49]
 [48]
 [53]
 [57]
 [51]
 [54]]",1,2,pituitary,True,1.5500821959335553e-08,2.7139632948092185e-05,0.9999728202819824,2.5887952688208316e-06,2.2292931589618092e-07,0.9999971389770508,5.529268598536419e-09,4.864178504426775e-11,1.0,8.699417864595679e-07,9.12087030192447e-06,0.9999899864196777,2,pituitary,True
2743,"[[49]
 [48]
 [54]
 [53]
 [51]
 [52]]",3,0,meningioma,True,0.9805300235748291,0.01946820691227913,1.7207308928846032e-06,0.9886522889137268,0.01134730689227581,3.8091368992354546e-07,0.9989618062973022,0.0010381522588431835,8.794777350829008e-09,0.9893813729286194,0.010617888687799374,7.034797867196593e-07,0,meningioma,True
2744,"[[49]
 [48]
 [53]
 [57]
 [51]
 [54]]",1,2,pituitary,True,1.636127500148632e-08,2.673953349585645e-05,0.9999732971191406,2.338759031772497e-06,5.946516807853186e-07,0.9999970197677612,6.491629278571054e-08,6.239857935907978e-11,0.9999998807907104,8.06678866519898e-07,9.111415858407043e-06,0.9999900658925375,2,pituitary,True
2745,"[[49]
 [48]
 [53]
 [57]
 [51]
 [54]]",1,2,pituitary,True,9.09744368726706e-09,5.950529612164246e-06,0.9999940395355225,7.798501542310987e-07,6.790550344248913e-08,0.9999991655349731,1.23723955525179e-08,9.265404415925715e-12,1.0,2.671066644902946e-07,2.006148127003717e-06,0.9999977350234985,2,pituitary,True
2746,"[[49]
 [48]
 [54]
 [48]
 [54]
 [50]]",2,2,pituitary,True,6.502018095488893e-06,5.4908861784497276e-05,0.9999386072158813,6.169449625303969e-05,0.00016562629025429487,0.9997727274894714,0.0005001502577215433,1.2216344202897744e-06,0.9994986057281494,0.0001894489240233573,7.391892881969397e-05,0.9997366468111674,2,pituitary,True
2747,"[[49]
 [48]
 [54]
 [48]
 [54]
 [50]]",2,2,pituitary,True,3.067887155339122e-05,0.00012088408402632922,0.9998483657836914,8.218894072342664e-05,0.00012992569827474654,0.9997878670692444,0.004166362341493368,2.0038878574268892e-06,0.9958316683769226,0.0014264100512567286,8.427122338616755e-05,0.9984893004099528,2,pituitary,True
2748,"[[49]
 [48]
 [54]
 [48]
 [54]
 [50]]",2,2,pituitary,True,0.00027628312818706036,0.0005322194192558527,0.9991914629936218,0.00011523711873451248,4.589082527672872e-05,0.9998388290405273,0.01179533265531063,4.216157776681939e-06,0.9882004261016846,0.004062284300744068,0.00019410880076975445,0.9957435727119446,2,pituitary,True
2749,"[[49]
 [48]
 [48]
 [56]
 [50]
 [48]]",3,1,glioma,True,0.9403775930404663,0.05728144198656082,0.002340984530746937,0.11913102120161057,0.8802945017814636,0.0005744314985349774,0.9548193216323853,0.04516042396426201,2.020838473981712e-05,0.6714426452914873,0.3275787892440955,0.0009785414713405771,0,meningioma,False
2750,"[[49]
 [48]
 [48]
 [56]
 [50]
 [48]]",3,1,glioma,True,0.7631118893623352,0.23448720574378967,0.002400896744802594,0.17776189744472504,0.8211023211479187,0.0011357300681993365,0.8574299812316895,0.14255313575267792,1.6904998119571246e-05,0.5994345893462499,0.3993808875481288,0.0011845106037071673,0,meningioma,False
2751,"[[49]
 [48]
 [48]
 [56]
 [50]
 [48]]",3,1,glioma,True,0.513352632522583,0.48530906438827515,0.0013383189216256142,0.07976514101028442,0.9181451201438904,0.0020897830836474895,0.7283220291137695,0.27165666222572327,2.126417530234903e-05,0.44047993421554565,0.5583702822526296,0.0011497887268584843,1,glioma,True
2752,"[[49]
 [48]
 [49]
 [48]
 [50]
 [48]]",4,1,glioma,True,0.9933291673660278,0.0066607254557311535,1.0150030902877916e-05,0.9990987777709961,0.0009012071532197297,1.731727122811222e-10,0.9380656480789185,0.06181385740637779,0.00012039924331475049,0.9768311977386475,0.023125263338442892,4.3516482463446894e-05,0,meningioma,False
2753,"[[49]
 [48]
 [49]
 [48]
 [50]
 [48]]",4,1,glioma,True,0.9804539084434509,0.019532006233930588,1.4059502063901164e-05,0.9826008677482605,0.01739918440580368,5.142810621805438e-10,0.86216139793396,0.13773660361766815,0.00010190589091507718,0.9417387247085571,0.058222598085800804,3.8655302420013506e-05,0,meningioma,False
2754,"[[49]
 [48]
 [54]
 [53]
 [51]
 [52]]",3,0,meningioma,True,0.9741041660308838,0.02589263580739498,3.301652213849593e-06,0.9768977165222168,0.023102017119526863,2.4991490477077605e-07,0.9925988912582397,0.007401058916002512,2.048586189573598e-08,0.9812002579371134,0.01879857061430812,1.1906843268387017e-06,0,meningioma,True
2755,"[[49]
 [48]
 [49]
 [48]
 [50]
 [48]]",4,1,glioma,True,0.8827227354049683,0.11724355071783066,3.367806493770331e-05,0.9582527875900269,0.04174718260765076,2.9026396841658197e-09,0.7273070812225342,0.2714840769767761,0.0012087613577023149,0.8560942014058431,0.14349160343408585,0.00041414744175990076,0,meningioma,False
2756,"[[49]
 [48]
 [49]
 [48]
 [50]
 [48]]",4,1,glioma,True,0.9358409643173218,0.06387632340192795,0.00028267657035030425,0.9682181477546692,0.03178166598081589,2.4938253773143515e-07,0.9526318907737732,0.044196125119924545,0.0031718770042061806,0.9522303342819214,0.04661803816755613,0.001151600985698072,0,meningioma,False
2757,"[[49]
 [48]
 [50]
 [48]
 [55]
 [53]]",1,1,glioma,True,0.5662680864334106,0.011116712354123592,0.4226152002811432,0.4512840211391449,0.29233866930007935,0.2563773989677429,0.04987682029604912,0.18902072310447693,0.7611024379730225,0.35580964262286824,0.1641587015862266,0.48003167907396954,2,pituitary,False
2758,"[[49]
 [48]
 [50]
 [48]
 [55]
 [53]]",1,1,glioma,True,0.6278610825538635,0.04772983491420746,0.3244090676307678,0.5167999863624573,0.39557841420173645,0.08762162178754807,0.05864737927913666,0.24184943735599518,0.6995031833648682,0.40110281606515247,0.22838589549064636,0.370511290927728,0,meningioma,False
2759,"[[49]
 [48]
 [50]
 [48]
 [55]
 [53]]",1,1,glioma,True,0.7409018874168396,0.2581380307674408,0.0009600979392416775,0.3675456643104553,0.612119734287262,0.020334571599960327,0.11293171346187592,0.77567458152771,0.11139369010925293,0.40712642172972363,0.5486441155274709,0.04422945321615165,1,glioma,True
2760,"[[49]
 [48]
 [51]
 [49]
 [52]
 [56]]",2,1,glioma,True,0.24439828097820282,0.7552184462547302,0.00038328362279571593,0.5131999254226685,0.48677563667297363,2.44748625846114e-05,0.036565057933330536,0.9634349346160889,1.0067286631068595e-12,0.2647210881114006,0.7351430058479309,0.000135919495462352,1,glioma,True
2761,"[[49]
 [48]
 [51]
 [49]
 [52]
 [56]]",2,1,glioma,True,0.1456013321876526,0.8542525768280029,0.0001460846688132733,0.4974128305912018,0.5025855302810669,1.6370886442018673e-06,0.05655825883150101,0.9434416890144348,2.221483029335989e-15,0.23319080720345178,0.7667599320411682,4.924058581989889e-05,1,glioma,True
2762,"[[49]
 [48]
 [51]
 [49]
 [52]
 [56]]",2,1,glioma,True,0.01856658235192299,0.9808990955352783,0.0005342740332707763,0.37214455008506775,0.6278544068336487,1.007024820864899e-06,0.08099270612001419,0.9190073609352112,1.0280813428206807e-16,0.15723461285233498,0.8425869544347128,0.00017842701936391465,1,glioma,True
2763,"[[49]
 [48]
 [51]
 [49]
 [52]
 [56]]",2,1,glioma,True,0.0005451046745292842,0.9993711113929749,8.369637362193316e-05,0.06966332346200943,0.9303359985351562,6.961603276067763e-07,0.06495316326618195,0.9350468516349792,3.3804100249117943e-16,0.04505386380090689,0.9549179871877035,2.8130844649959326e-05,1,glioma,True
2764,"[[49]
 [48]
 [54]
 [52]
 [57]
 [52]]",3,1,glioma,True,0.6410989165306091,0.35661858320236206,0.002282513305544853,0.2323954701423645,0.7469956874847412,0.020608803257346153,0.8618791699409485,0.13554218411445618,0.002578643849119544,0.5784578522046407,0.41305215160051983,0.008489986804003516,0,meningioma,False
2765,"[[49]
 [48]
 [54]
 [54]
 [54]
 [53]]",1,0,meningioma,True,0.6568692922592163,0.07314559817314148,0.2699851393699646,0.5740481615066528,0.3640323579311371,0.06191948428750038,0.014781448990106583,0.7972267270088196,0.18799179792404175,0.41523296758532524,0.41146822770436603,0.17329880719383559,0,meningioma,True
2766,"[[49]
 [48]
 [54]
 [52]
 [57]
 [52]]",3,1,glioma,True,0.758316695690155,0.24107995629310608,0.0006033613462932408,0.10969725251197815,0.8882622122764587,0.002040452091023326,0.2117253988981247,0.7881872057914734,8.739625627640635e-05,0.35991311570008594,0.6391764581203461,0.0009104032311976576,1,glioma,True
2767,"[[49]
 [48]
 [54]
 [52]
 [57]
 [52]]",3,1,glioma,True,0.8606554269790649,0.1380789577960968,0.0012655212776735425,0.050494275987148285,0.94701087474823,0.002494802000001073,0.1418180763721466,0.8581408858299255,4.105837069801055e-05,0.3509892597794533,0.6477435727914175,0.0012671272161242086,1,glioma,True
2768,"[[49]
 [48]
 [54]
 [52]
 [57]
 [52]]",3,1,glioma,True,0.6724774241447449,0.3267403542995453,0.0007821553735993803,0.046544305980205536,0.9524949789047241,0.0009606756502762437,0.048517148941755295,0.9514790773391724,3.73770262740436e-06,0.2558462930222352,0.7435714701811472,0.0005821895755010095,1,glioma,True
2769,"[[49]
 [48]
 [54]
 [52]
 [57]
 [52]]",3,1,glioma,True,0.9324561953544617,0.06471636891365051,0.0028274033684283495,0.26608842611312866,0.7292090058326721,0.004702533129602671,0.9124120473861694,0.08745937794446945,0.0001285551697947085,0.7036522229512533,0.2937949175635974,0.0025528305559419096,0,meningioma,False
2770,"[[49]
 [48]
 [54]
 [52]
 [57]
 [52]]",3,1,glioma,True,0.9418059587478638,0.05730490759015083,0.000889141927473247,0.5505875945091248,0.44749894738197327,0.0019135435577481985,0.9125739336013794,0.08741612732410431,9.908592801366467e-06,0.8016558289527893,0.19740666076540947,0.0009375313593409373,0,meningioma,False
2771,"[[49]
 [48]
 [55]
 [55]
 [52]
 [55]]",3,1,glioma,True,0.8308480381965637,0.16502773761749268,0.004124264698475599,0.6772078275680542,0.3081395924091339,0.014652571640908718,0.8679541945457458,0.1319577693939209,8.805014658719301e-05,0.792003353436788,0.20170836647351584,0.006288295495323837,0,meningioma,False
2772,"[[49]
 [48]
 [55]
 [55]
 [52]
 [55]]",3,1,glioma,True,0.7517832517623901,0.24353094398975372,0.004685855936259031,0.7649766206741333,0.23295645415782928,0.00206695101223886,0.9828254580497742,0.017162632197141647,1.1892227121279575e-05,0.8331951101620992,0.16455001011490822,0.0022548997252063905,0,meningioma,False
2773,"[[49]
 [48]
 [55]
 [55]
 [52]
 [55]]",3,1,glioma,True,0.8395466208457947,0.1601276993751526,0.00032571321935392916,0.788111686706543,0.21178214251995087,0.00010618022497510538,0.9817703366279602,0.01822950877249241,1.639022855215444e-07,0.8698095480600992,0.13004645022253195,0.00014401911553818536,0,meningioma,False
2774,"[[49]
 [48]
 [55]
 [55]
 [52]
 [55]]",3,1,glioma,True,0.8230432868003845,0.17694731056690216,9.420541573490482e-06,0.5992021560668945,0.40078964829444885,8.219185474445112e-06,0.6651768684387207,0.3348231613636017,3.067666654033019e-08,0.6958074371019999,0.3041867067416509,5.890134571491974e-06,0,meningioma,False
2775,"[[49]
 [48]
 [55]
 [55]
 [52]
 [55]]",3,1,glioma,True,0.983565628528595,0.016434358432888985,1.736930599349762e-09,0.6113380193710327,0.3886619806289673,3.410820736959863e-09,0.9386050701141357,0.06139490008354187,4.638538427599766e-14,0.8445029060045878,0.1554970797151327,1.715932573897967e-09,0,meningioma,False
2776,"[[49]
 [48]
 [54]
 [54]
 [54]
 [53]]",1,0,meningioma,True,0.9510190486907959,0.040250394493341446,0.008730503730475903,0.9064533114433289,0.08993565291166306,0.0036111068911850452,0.1315406858921051,0.7868406176567078,0.08161865919828415,0.6630043486754099,0.30567555502057076,0.0313200899399817,0,meningioma,True
2777,"[[49]
 [49]
 [50]
 [49]
 [48]
 [53]]",1,1,glioma,True,0.25160884857177734,0.0014742589555680752,0.7469168901443481,0.008337847888469696,0.018487529829144478,0.9731746912002563,0.05127687007188797,0.2224341183900833,0.7262889742851257,0.103741188844045,0.08079863572493196,0.81546018520991,2,pituitary,False
2778,"[[49]
 [49]
 [50]
 [49]
 [48]
 [53]]",1,1,glioma,True,0.04890860244631767,0.00815135333687067,0.9429400563240051,0.2748660743236542,0.08662577718496323,0.6385082006454468,0.1534399390220642,0.502443253993988,0.34411677718162537,0.15907153859734535,0.19907346150527397,0.6418550113836924,2,pituitary,False
2779,"[[49]
 [49]
 [50]
 [49]
 [48]
 [53]]",1,1,glioma,True,0.3162062466144562,0.5588014721870422,0.1249922513961792,0.5005643367767334,0.11802814155817032,0.38140758872032166,0.023356560617685318,0.9463562965393066,0.030287202447652817,0.2800423813362916,0.5410619700948397,0.17889568085471788,1,glioma,True
2780,"[[49]
 [49]
 [50]
 [49]
 [48]
 [53]]",1,1,glioma,True,0.42137643694877625,0.40490779280662537,0.17371580004692078,0.2733086347579956,0.32228362560272217,0.40440770983695984,0.022834956645965576,0.8308145403862,0.14635051786899567,0.23917334278424582,0.5193353195985159,0.24149134258429208,1,glioma,True
2781,"[[49]
 [49]
 [50]
 [49]
 [48]
 [53]]",1,1,glioma,True,0.3993558883666992,0.5314438343048096,0.06920021772384644,0.1147051528096199,0.5680387616157532,0.31725606322288513,0.1336347609758377,0.8150995969772339,0.05126563459634781,0.21589860071738562,0.6381940642992655,0.14590730518102646,1,glioma,True
2782,"[[49]
 [49]
 [50]
 [49]
 [48]
 [53]]",1,1,glioma,True,0.6179719567298889,0.07895305007696152,0.3030749261379242,0.015324600972235203,0.29195666313171387,0.6927187442779541,0.01061769388616085,0.9869897961616516,0.0023924808483570814,0.21463808386276165,0.452633169790109,0.33272871708807844,1,glioma,True
2783,"[[49]
 [49]
 [50]
 [49]
 [48]
 [53]]",1,1,glioma,True,0.44966205954551697,0.004867872688919306,0.5454700589179993,0.0830073133111,0.33725082874298096,0.579741895198822,0.02989117056131363,0.9614180326461792,0.008690792135894299,0.1875201811393102,0.4345122446926932,0.37796758208423853,1,glioma,True
2784,"[[49]
 [48]
 [48]
 [56]
 [50]
 [48]]",3,1,glioma,True,0.5000686645507812,0.49993133544921875,5.4373966662524253e-08,0.642026960849762,0.35797280073165894,2.677665804640128e-07,0.933938205242157,0.06606172025203705,4.792371707806886e-11,0.6920112768809,0.30798861881097156,1.073961569478717e-07,0,meningioma,False
2785,"[[49]
 [48]
 [48]
 [56]
 [50]
 [48]]",3,1,glioma,True,0.9273326992988586,0.07266367971897125,3.657465185824549e-06,0.9278221726417542,0.07217640429735184,1.4219124295777874e-06,0.9626815915107727,0.03731837123632431,6.221824389029962e-09,0.9392788211504618,0.0607194850842158,1.6951998132637887e-06,0,meningioma,False
2786,"[[49]
 [48]
 [48]
 [56]
 [50]
 [48]]",3,1,glioma,True,0.7854994535446167,0.2142551988363266,0.000245318457018584,0.4325654208660126,0.5673632621765137,7.131085294531658e-05,0.6670114398002625,0.3329885005950928,8.147029006977391e-08,0.6283587714036306,0.37153565386931103,0.0001055702600846568,0,meningioma,False
2787,"[[49]
 [48]
 [54]
 [54]
 [54]
 [53]]",1,0,meningioma,True,0.9188213348388672,0.07977218180894852,0.001406484399922192,0.9332044124603271,0.06566175818443298,0.0011338340118527412,0.05016697943210602,0.9193217754364014,0.03051123581826687,0.6340642422437668,0.35491857180992764,0.011017184743347267,0,meningioma,True
2788,"[[49]
 [48]
 [48]
 [56]
 [50]
 [48]]",3,1,glioma,True,0.9230611324310303,0.07410916686058044,0.0028297556564211845,0.6609838604927063,0.3376635015010834,0.0013525945832952857,0.9071486592292786,0.09282991290092468,2.1459512936417013e-05,0.830397884051005,0.16820086042086282,0.0014012699175509624,0,meningioma,False
2789,"[[49]
 [48]
 [48]
 [56]
 [50]
 [48]]",3,1,glioma,True,0.9669960141181946,0.027384568005800247,0.005619470961391926,0.6652067303657532,0.3209053575992584,0.01388789713382721,0.9250359535217285,0.07471876591444016,0.0002452409244142473,0.8524128993352255,0.14100289717316628,0.0065842030065444606,0,meningioma,False
2790,"[[49]
 [48]
 [48]
 [56]
 [50]
 [48]]",3,1,glioma,True,0.8916694521903992,0.09873552620410919,0.009595001116394997,0.7334699034690857,0.1528070569038391,0.1137230396270752,0.8983882069587708,0.10150998085737228,0.00010190094326389953,0.8411758542060852,0.1176841879884402,0.041139980562244695,0,meningioma,False
2791,"[[49]
 [48]
 [49]
 [48]
 [50]
 [48]]",4,1,glioma,True,0.49935442209243774,0.49788638949394226,0.0027592636179178953,0.9845840930938721,0.015415871515870094,1.1092530627365704e-07,0.9623081684112549,0.036722831428050995,0.0009689750149846077,0.8154155611991882,0.18334169747928777,0.0012427831860695922,0,meningioma,False
2792,"[[49]
 [48]
 [49]
 [48]
 [50]
 [48]]",4,1,glioma,True,0.7803409099578857,0.21944023668766022,0.00021891754295211285,0.9988347887992859,0.0011652190005406737,6.967849214278843e-11,0.9314638376235962,0.06834623217582703,0.00018985485075972974,0.9035465121269226,0.0963172292880093,0.00013625748779677824,0,meningioma,False
2793,"[[49]
 [48]
 [49]
 [48]
 [50]
 [48]]",4,1,glioma,True,0.9169225692749023,0.08253802359104156,0.0005394780309870839,0.918271541595459,0.08172843605279922,1.3571784807098197e-09,0.9758191704750061,0.023609796538949013,0.000571069831494242,0.9370044271151224,0.0626254187275966,0.00037018307321993554,0,meningioma,False
2794,"[[49]
 [48]
 [49]
 [48]
 [50]
 [48]]",4,1,glioma,True,0.8724377751350403,0.12755924463272095,2.92186109618342e-06,0.9931344985961914,0.006865487899631262,8.727148803359323e-16,0.965675413608551,0.03432096540927887,3.563628524716478e-06,0.9437492291132609,0.056248565980543695,2.1618298739242045e-06,0,meningioma,False
2795,"[[49]
 [48]
 [49]
 [48]
 [50]
 [48]]",4,1,glioma,True,0.9787787795066833,0.0212184377014637,2.7801424948847853e-06,0.9934886693954468,0.00651134829968214,3.483216862174662e-17,0.9463823437690735,0.053613703697919846,3.912472038791748e-06,0.9728832642237345,0.02711449656635523,2.2308715112371216e-06,0,meningioma,False
2796,"[[49]
 [48]
 [49]
 [48]
 [50]
 [48]]",4,1,glioma,True,0.9579700231552124,0.04202967509627342,3.3351543038406817e-07,0.8946933150291443,0.10530663281679153,1.6076865333387912e-16,0.9750733971595764,0.02492571622133255,9.378162530992995e-07,0.942578911781311,0.057420674711465836,4.2377722788137876e-07,0,meningioma,False
2797,"[[49]
 [48]
 [49]
 [48]
 [50]
 [48]]",4,1,glioma,True,0.4795748293399811,0.5204251408576965,7.575031446549474e-08,0.012714936397969723,0.9872850775718689,8.850927550840869e-20,0.47273123264312744,0.5272664427757263,2.2689807792630745e-06,0.3216736661270261,0.6783255537350973,7.815770312428859e-07,1,glioma,True
2798,"[[49]
 [48]
 [54]
 [54]
 [54]
 [53]]",1,0,meningioma,True,0.9511556625366211,0.04850449040532112,0.00033982176682911813,0.9876435995101929,0.012256914749741554,9.944502380676568e-05,0.5002629160881042,0.45225027203559875,0.0474868044257164,0.8130207260449728,0.17100389239688715,0.01597535707211743,0,meningioma,True
2799,"[[49]
 [48]
 [49]
 [48]
 [50]
 [48]]",4,1,glioma,True,0.42042276263237,0.5795772671699524,3.952868032897072e-10,0.5892044901847839,0.41079550981521606,3.302063517538959e-23,0.8711324334144592,0.12886755168437958,5.735625308034287e-09,0.6269198954105377,0.373080109556516,2.0436373704413425e-09,0,meningioma,False
2800,"[[49]
 [48]
 [50]
 [48]
 [55]
 [53]]",1,1,glioma,True,0.8256821632385254,0.09108656644821167,0.08323124051094055,0.31031957268714905,0.6678186058998108,0.021861810237169266,0.1326317936182022,0.809349000453949,0.05801919847726822,0.42287784318129223,0.5227513909339905,0.05437074974179268,1,glioma,True
2801,"[[49]
 [48]
 [50]
 [48]
 [55]
 [53]]",1,1,glioma,True,0.547127902507782,0.45259568095207214,0.0002764335076790303,0.3186095058917999,0.6780052781105042,0.003385270945727825,0.059371467679739,0.9335795640945435,0.007049017120152712,0.30836962535977364,0.6880601743857065,0.0035702405245198556,1,glioma,True
2802,"[[49]
 [48]
 [50]
 [48]
 [55]
 [53]]",1,1,glioma,True,0.7989537715911865,0.1445382833480835,0.05650800094008446,0.6263173222541809,0.37004873156547546,0.00363389914855361,0.4405425786972046,0.5428338050842285,0.01662365347146988,0.621937890847524,0.35247360666592914,0.025588517853369314,0,meningioma,False
2803,"[[49]
 [48]
 [51]
 [49]
 [52]
 [56]]",2,1,glioma,True,0.8753495812416077,0.12464752048254013,2.9585503398266155e-06,0.6188340187072754,0.3811633586883545,2.6303762297175126e-06,0.5208749771118164,0.4791249930858612,5.663628233065765e-09,0.6716861923535665,0.3283119574189186,1.8648633992590646e-06,0,meningioma,False
2804,"[[49]
 [48]
 [51]
 [49]
 [52]
 [56]]",2,1,glioma,True,0.7144008874893188,0.28550851345062256,9.062518802238628e-05,0.7081760168075562,0.2917234003543854,0.00010050380660686642,0.3152611553668976,0.6847385764122009,2.746993459368241e-07,0.5792793532212576,0.42065683007240295,6.380123132506317e-05,0,meningioma,False
2805,"[[49]
 [48]
 [51]
 [49]
 [52]
 [56]]",2,1,glioma,True,0.5172629356384277,0.47991234064102173,0.002824734663590789,0.5217278003692627,0.4781323969364166,0.00013982653035782278,0.04659351706504822,0.9534065127372742,5.179964901458334e-08,0.3618614176909129,0.6371504167715708,0.0009882043311992088,1,glioma,True
2806,"[[49]
 [48]
 [51]
 [49]
 [52]
 [56]]",2,1,glioma,True,0.16362202167510986,0.8320865631103516,0.004291502293199301,0.025672903284430504,0.9741991758346558,0.00012786861043423414,0.003696950152516365,0.9963030815124512,1.1875000538452696e-08,0.06433062503735225,0.9341962734858195,0.0014731275928780245,1,glioma,True
2807,"[[49]
 [48]
 [54]
 [52]
 [57]
 [52]]",3,1,glioma,True,0.8834962844848633,0.11609584838151932,0.0004079412901774049,0.7754177451133728,0.22322721779346466,0.001354993786662817,0.907443642616272,0.09255090355873108,5.388439149101032e-06,0.8554525574048361,0.14395798991123834,0.000589441171996441,0,meningioma,False
2808,"[[49]
 [48]
 [54]
 [52]
 [57]
 [52]]",3,1,glioma,True,0.9615930318832397,0.038097355514764786,0.0003095980209764093,0.503194272518158,0.4938584864139557,0.002947223372757435,0.7283622622489929,0.27163559198379517,2.1471855689014774e-06,0.7310498555501302,0.26786381130417186,0.0010863228597675818,0,meningioma,False
2809,"[[49]
 [48]
 [54]
 [54]
 [54]
 [53]]",1,0,meningioma,True,0.9146090149879456,0.08539003133773804,9.429876399735804e-07,0.9944883584976196,0.0055070072412490845,4.58784006696078e-06,0.9213048815727234,0.07739794999361038,0.001297163194976747,0.9434674183527628,0.056098329524199166,0.00043423134089456045,0,meningioma,True
2810,"[[49]
 [48]
 [54]
 [52]
 [57]
 [52]]",3,1,glioma,True,0.8568555116653442,0.1410355120897293,0.0021089499350637197,0.015769600868225098,0.9837577939033508,0.00047256500693038106,0.21659119427204132,0.7833433747291565,6.542263872688636e-05,0.36307210226853687,0.6360455602407455,0.0008823125269069957,1,glioma,True
2811,"[[49]
 [48]
 [54]
 [52]
 [57]
 [52]]",3,1,glioma,True,0.8884420990943909,0.11151010543107986,4.776987407240085e-05,0.5444492101669312,0.4545494616031647,0.0010013571009039879,0.8925011157989502,0.10749362409114838,5.291291017783806e-06,0.7751308083534241,0.22451773037513098,0.00035147275533139083,0,meningioma,False
2812,"[[49]
 [48]
 [54]
 [52]
 [57]
 [52]]",3,1,glioma,True,0.927065908908844,0.07292861491441727,5.430392320704414e-06,0.6917881369590759,0.3081393241882324,7.250312773976475e-05,0.9413158893585205,0.05868365988135338,5.036827701587754e-07,0.8533899784088135,0.14658386632800102,2.614573427687598e-05,0,meningioma,False
2813,"[[49]
 [48]
 [55]
 [55]
 [52]
 [55]]",3,1,glioma,True,0.2826163172721863,0.7028931975364685,0.014490482397377491,0.5175007581710815,0.35574591159820557,0.1267533153295517,0.8597949743270874,0.1389722377061844,0.0012326698051765561,0.5533040165901184,0.39920378228028613,0.047492155844035246,0,meningioma,False
2814,"[[49]
 [48]
 [55]
 [55]
 [52]
 [55]]",3,1,glioma,True,0.10884563624858856,0.88831627368927,0.0028381245210766792,0.5828609466552734,0.3812679648399353,0.03587106242775917,0.6785458922386169,0.32140618562698364,4.785918281413615e-05,0.456750825047493,0.5303301413853964,0.012919015377216661,1,glioma,True
2815,"[[49]
 [48]
 [55]
 [55]
 [52]
 [55]]",3,1,glioma,True,0.06430348008871078,0.9292653799057007,0.006431113928556442,0.06210118532180786,0.8702852129936218,0.06761357188224792,0.1532052457332611,0.8466439843177795,0.0001507458946434781,0.09320330371459325,0.8820648590723673,0.024731810568482615,1,glioma,True
2816,"[[49]
 [48]
 [55]
 [55]
 [52]
 [55]]",3,1,glioma,True,0.4824220836162567,0.5106328129768372,0.006945115514099598,0.07381618767976761,0.8886236548423767,0.03756016492843628,0.33259716629981995,0.6673755049705505,2.72910747298738e-05,0.2962784791986148,0.6888773242632548,0.01484419050575525,1,glioma,True
2817,"[[49]
 [48]
 [55]
 [55]
 [52]
 [55]]",3,1,glioma,True,0.39306530356407166,0.5395758152008057,0.0673588439822197,0.13599839806556702,0.6989995837211609,0.1650020033121109,0.555781364440918,0.4413122534751892,0.0029064547270536423,0.36161502202351886,0.5599625507990519,0.07842243400712808,1,glioma,True
2818,"[[49]
 [48]
 [55]
 [55]
 [52]
 [55]]",3,1,glioma,True,0.5377874374389648,0.36623069643974304,0.0959818959236145,0.21525706350803375,0.4371998608112335,0.3475430905818939,0.5556935667991638,0.4373891055583954,0.0069173406809568405,0.43624602258205414,0.41360655426979065,0.1501474423954884,0,meningioma,False
2819,"[[49]
 [49]
 [50]
 [48]
 [50]
 [55]]",2,1,glioma,True,0.6745511889457703,0.3254246711730957,2.415599192318041e-05,0.6344432830810547,0.3655492067337036,7.520678082073573e-06,0.7074549794197083,0.292544960975647,6.310065248094077e-10,0.6721498171488444,0.32783961296081543,1.0559100337259597e-05,0,meningioma,False
2820,"[[49]
 [48]
 [54]
 [54]
 [54]
 [53]]",1,0,meningioma,True,0.9191121459007263,0.0808878093957901,8.678583962584696e-10,0.9934859871864319,0.006514073349535465,2.8226946113818485e-08,0.9887154698371887,0.011276375502347946,8.171851732186042e-06,0.9671045343081156,0.032892752749224506,2.733648845565373e-06,0,meningioma,True
2821,"[[49]
 [49]
 [50]
 [48]
 [50]
 [55]]",2,1,glioma,True,0.6099198460578918,0.39004042744636536,3.9665534131927416e-05,0.3050835430622101,0.6949065327644348,9.90770149655873e-06,0.7429331541061401,0.25706687569618225,3.899443434818295e-09,0.5526455144087473,0.44733794530232746,1.652571169064032e-05,0,meningioma,False
2822,"[[49]
 [49]
 [50]
 [49]
 [48]
 [53]]",1,1,glioma,True,0.6024661660194397,0.3975338339805603,2.765081349651033e-12,0.9791359305381775,0.020864076912403107,9.729373556810472e-11,0.0715956836938858,0.928401529788971,2.7650967240333557e-06,0.551065926750501,0.4489331468939781,9.217322609500912e-07,0,meningioma,False
2823,"[[49]
 [49]
 [50]
 [49]
 [48]
 [53]]",1,1,glioma,True,0.5078573226928711,0.4921427369117737,4.3014387607343e-09,0.3974609673023224,0.6025374531745911,1.5564863815598073e-06,0.000958374235779047,0.9990314245223999,1.0250010745949112e-05,0.30209222141032416,0.6979038715362549,3.936932855423218e-06,1,glioma,True
2824,"[[49]
 [49]
 [50]
 [49]
 [48]
 [53]]",1,1,glioma,True,0.6659002304077148,0.33409932255744934,4.797437327397347e-07,0.036589086055755615,0.9626975059509277,0.0007134609040804207,0.22127991914749146,0.7750608325004578,0.003659300273284316,0.3079230785369873,0.6906192203362783,0.0014577469736991588,1,glioma,True
2825,"[[49]
 [49]
 [50]
 [49]
 [48]
 [53]]",1,1,glioma,True,0.9027047753334045,0.09729524701833725,1.235286650747014e-09,0.3124503493309021,0.6875324249267578,1.722787601465825e-05,0.021756252273917198,0.9781907796859741,5.295903974911198e-05,0.4123037923127413,0.5876728172103564,2.3396050350140325e-05,1,glioma,True
2826,"[[49]
 [49]
 [50]
 [49]
 [48]
 [53]]",1,1,glioma,True,0.9561108946800232,0.043889109045267105,1.9639907478108398e-08,0.29915866255760193,0.700710117816925,0.0001311881933361292,0.031010163947939873,0.9686551690101624,0.0003346425073686987,0.428759907061855,0.5710847986241182,0.00015528344687076867,1,glioma,True
2827,"[[49]
 [49]
 [50]
 [49]
 [48]
 [53]]",1,1,glioma,True,0.9406036138534546,0.0593964122235775,2.6076119041817947e-08,0.3047710657119751,0.6951127648353577,0.00011617765994742513,0.04844152182340622,0.9509093165397644,0.0006492405664175749,0.43127206712961197,0.5684728311995665,0.0002551481008280139,1,glioma,True
2828,"[[49]
 [49]
 [50]
 [49]
 [48]
 [53]]",1,1,glioma,True,0.940334677696228,0.05966537073254585,3.850520180481709e-10,0.3092588484287262,0.6906826496124268,5.8516372519079596e-05,0.4156282842159271,0.5836575627326965,0.0007141430396586657,0.5550739367802938,0.4446685276925564,0.00025755326574325443,0,meningioma,False
2829,"[[49]
 [49]
 [50]
 [49]
 [48]
 [53]]",1,1,glioma,True,0.6411018371582031,0.3588981628417969,1.0593698661354178e-11,0.18707507848739624,0.8129180669784546,6.878400654386496e-06,0.16193720698356628,0.8379807472229004,8.199869625968859e-05,0.33003804087638855,0.6699323256810507,2.9625702502591247e-05,1,glioma,True
2830,"[[49]
 [49]
 [50]
 [49]
 [48]
 [53]]",1,1,glioma,True,0.18510663509368896,0.8148934245109558,1.0262531796589869e-10,0.03121184930205345,0.9687800407409668,8.090210030786693e-06,0.020250530913472176,0.9797253012657166,2.413649963273201e-05,0.07885633843640487,0.9211329221725464,1.0742270762945557e-05,1,glioma,True
2831,"[[49]
 [48]
 [54]
 [54]
 [54]
 [53]]",1,0,meningioma,True,0.9700268507003784,0.029973195865750313,4.485495582953617e-15,0.9806326031684875,0.01936742104589939,6.2858196425708e-10,0.8927701115608215,0.10722992569208145,2.539503185516878e-08,0.9478098551432291,0.052190180867910385,8.674539434973815e-09,0,meningioma,True
2832,"[[49]
 [49]
 [50]
 [49]
 [48]
 [53]]",1,1,glioma,True,0.2556705176830292,0.7443292737007141,2.6877077630160784e-07,0.017372647300362587,0.9822720289230347,0.00035543975536711514,0.03154121711850166,0.9673068523406982,0.0011520162224769592,0.10152812736729781,0.897969384988149,0.000502574916206792,1,glioma,True
2833,"[[49]
 [49]
 [50]
 [49]
 [48]
 [53]]",1,1,glioma,True,0.0466226227581501,0.9533767700195312,5.586223323916784e-07,0.2321377992630005,0.7674428820610046,0.0004194107314106077,0.23042172193527222,0.7110936641693115,0.05848458781838417,0.1697273813188076,0.8106377720832825,0.019634852390709057,1,glioma,True
2834,"[[56]
 [56]
 [54]
 [55]
 [48]]",0,1,glioma,True,0.5218042135238647,0.47719335556030273,0.0010024493094533682,0.35453057289123535,0.6421907544136047,0.0032787255477160215,0.5756856203079224,0.42394185066223145,0.0003725882270373404,0.4840068022410075,0.514441986878713,0.0015512543614022434,1,glioma,True
2835,"[[56]
 [56]
 [54]
 [55]
 [48]]",0,1,glioma,True,0.575873613357544,0.4235181212425232,0.0006082216277718544,0.5869802832603455,0.41054055094718933,0.002479159738868475,0.7660518884658813,0.23381231725215912,0.00013581718667410314,0.6429685950279236,0.3559569964806239,0.0010743995177714776,0,meningioma,False
2836,"[[56]
 [56]
 [54]
 [55]
 [48]]",0,1,glioma,True,0.5644543766975403,0.4336414039134979,0.0019042441854253411,0.47870010137557983,0.512614905834198,0.008685040287673473,0.7515340447425842,0.2474227398633957,0.0010431533446535468,0.5982295076052347,0.3978930165370305,0.0038774792725841203,0,meningioma,False
2837,"[[56]
 [56]
 [54]
 [55]
 [48]]",0,1,glioma,True,0.5540379881858826,0.4418650269508362,0.004096980672329664,0.46616682410240173,0.5141524076461792,0.019680792465806007,0.7339296340942383,0.2636922299861908,0.0023780828341841698,0.5847114821275076,0.40656988819440204,0.008718618657439947,0,meningioma,False
2838,"[[56]
 [56]
 [54]
 [55]
 [48]]",0,1,glioma,True,0.5433505773544312,0.44876694679260254,0.007882512174546719,0.4162970781326294,0.5513352751731873,0.03236765041947365,0.5859628915786743,0.41208383440971375,0.001953290542587638,0.5152035156885783,0.47072868545850116,0.014067817712202668,0,meningioma,False
2839,"[[56]
 [56]
 [54]
 [55]
 [48]]",0,1,glioma,True,0.4876421093940735,0.4838464558124542,0.028511447831988335,0.30790382623672485,0.6089158654212952,0.08318024128675461,0.684192955493927,0.30457374453544617,0.011233306489884853,0.49324629704157513,0.46577868858973187,0.04097499853620926,0,meningioma,False
2840,"[[56]
 [56]
 [54]
 [55]
 [48]]",0,1,glioma,True,0.4260346591472626,0.5221816897392273,0.051783595234155655,0.1807062178850174,0.6937638521194458,0.12552988529205322,0.5489891767501831,0.42728087306022644,0.023729950189590454,0.38524335126082104,0.5477421383062998,0.06701447690526645,1,glioma,True
2841,"[[57]
 [48]
 [50]
 [56]
 [52]]",4,1,glioma,True,0.09320569038391113,0.9063104391098022,0.0004838680033572018,0.035787053406238556,0.9641931653022766,1.978119144041557e-05,0.08751699328422546,0.9073718190193176,0.005111194681376219,0.07216991235812505,0.9259584744771322,0.0018716146253912787,1,glioma,True
2842,"[[49]
 [48]
 [48]
 [53]
 [55]
 [50]]",4,0,meningioma,True,0.5199456810951233,0.05397823452949524,0.42607608437538147,0.055301401764154434,0.01602008566260338,0.9286785125732422,0.2389899641275406,0.08566363155841827,0.6753463745117188,0.2714123489956061,0.051887317250172295,0.6767003238201141,2,pituitary,False
2843,"[[49]
 [48]
 [54]
 [55]
 [50]
 [48]]",4,0,meningioma,True,0.5982269644737244,0.4017622172832489,1.085572330339346e-05,0.0008074059733189642,0.9991926550865173,1.6093513674486637e-11,0.49146509170532227,0.5080000162124634,0.0005349276470951736,0.3634998207174552,0.6363182961940765,0.00018192779549736025,1,glioma,False
2844,"[[57]
 [48]
 [50]
 [56]
 [52]]",4,1,glioma,True,0.10950158536434174,0.890337347984314,0.0001610898325452581,0.00519428588449955,0.9948036074638367,2.1415294213511515e-06,0.013812755234539509,0.985408365726471,0.000778775371145457,0.0428362088277936,0.9568497737248739,0.00031400224437068874,1,glioma,True
2845,"[[57]
 [48]
 [50]
 [56]
 [52]]",4,1,glioma,True,0.06263116747140884,0.8805572986602783,0.05681151896715164,0.00790302362293005,0.9587982296943665,0.0332987979054451,0.007317565847188234,0.892268717288971,0.1004137396812439,0.02595058564717571,0.9105414152145386,0.06350801885128021,1,glioma,True
2846,"[[57]
 [48]
 [50]
 [56]
 [52]]",4,1,glioma,True,0.1995936930179596,0.382270485162735,0.4181358516216278,0.03859439119696617,0.7909379005432129,0.17046771943569183,0.5231232047080994,0.25954005122184753,0.2173367291688919,0.2537704296410084,0.47758281230926514,0.2686467667420705,1,glioma,True
2847,"[[57]
 [48]
 [50]
 [56]
 [52]]",4,1,glioma,True,0.34219151735305786,0.4851643443107605,0.17264410853385925,0.18737129867076874,0.4291996657848358,0.38342902064323425,0.3941769301891327,0.5133042335510254,0.09251882135868073,0.3079132487376531,0.4758894145488739,0.2161973168452581,1,glioma,True
2848,"[[57]
 [48]
 [50]
 [56]
 [52]]",4,1,glioma,True,0.5996668934822083,0.26565560698509216,0.1346774846315384,0.28560948371887207,0.4107152819633484,0.30367526412010193,0.6432873606681824,0.32844069600105286,0.028271999210119247,0.5095212459564209,0.3349371949831645,0.15554158265391985,0,meningioma,False
2849,"[[57]
 [48]
 [50]
 [56]
 [52]]",4,1,glioma,True,0.2743457853794098,0.71844482421875,0.007209382951259613,0.19674156606197357,0.802155077457428,0.0011033709160983562,0.6974592804908752,0.27957046031951904,0.02297021634876728,0.38951554397741955,0.600056787331899,0.010427656738708416,1,glioma,True
2850,"[[57]
 [48]
 [50]
 [56]
 [52]]",4,1,glioma,True,0.47308120131492615,0.5268889665603638,2.9864282623748295e-05,0.07974449545145035,0.9202553629875183,5.6322701169619904e-08,0.639301061630249,0.36054912209510803,0.00014984574227128178,0.3973755861322085,0.6025644838809967,5.9922115865399896e-05,1,glioma,True
2851,"[[57]
 [50]
 [56]
 [57]
 [55]]",4,1,glioma,True,0.9548684358596802,0.0444299690425396,0.0007016088347882032,0.9517836570739746,0.03528871759772301,0.012927712872624397,0.8663485050201416,0.1318991631269455,0.0017524408176541328,0.9243335326512655,0.07053928325573604,0.0051272541750222445,0,meningioma,False
2852,"[[57]
 [50]
 [56]
 [57]
 [55]]",4,1,glioma,True,0.6764817237854004,0.32198140025138855,0.0015369217144325376,0.9326916337013245,0.06689059734344482,0.00041774194687604904,0.7293298840522766,0.2683097720146179,0.0023602989967912436,0.7795010805130005,0.2190605898698171,0.0014383208860332768,0,meningioma,False
2853,"[[57]
 [51]
 [56]
 [50]
 [53]]",1,1,glioma,True,0.9599008560180664,0.040081921964883804,1.7287122318521142e-05,0.5951612591743469,0.4043174982070923,0.0005212635733187199,0.7743050456047058,0.22066766023635864,0.005027282051742077,0.7764557202657064,0.22168902680277824,0.0018552775824597727,0,meningioma,False
2854,"[[49]
 [48]
 [54]
 [55]
 [50]
 [48]]",4,0,meningioma,True,0.547081470489502,0.4528989791870117,1.9591727323131636e-05,0.002806176897138357,0.9971938133239746,5.689024251687158e-10,0.5884930491447449,0.41101914644241333,0.00048778922064229846,0.3794602321771284,0.6203706463177999,0.0001691271722892851,1,glioma,False
2855,"[[57]
 [51]
 [56]
 [50]
 [53]]",1,1,glioma,True,0.9632181525230408,0.014535563066601753,0.022246314212679863,0.31705501675605774,0.679045557975769,0.0038994266651570797,0.7924919128417969,0.19674751162528992,0.010760589502751827,0.6909216940402985,0.29677621088922024,0.012302110126862923,0,meningioma,False
2856,"[[57]
 [51]
 [56]
 [50]
 [53]]",1,1,glioma,True,0.9219721555709839,0.07785779237747192,0.0001700485299807042,0.1603442281484604,0.8393540978431702,0.00030168326338753104,0.18921665847301483,0.8099927306175232,0.0007906201644800603,0.4238443473974864,0.5757348736127218,0.00042078398594943184,1,glioma,True
2857,"[[57]
 [55]
 [54]
 [48]
 [57]]",2,1,glioma,True,0.022644706070423126,0.9773551821708679,8.860087774564818e-08,0.006918144878000021,0.9930817484855652,1.3235758444807288e-07,0.0015742089599370956,0.9984258413314819,1.9501300130286836e-08,0.010379019969453415,0.9896209239959717,8.015325410800263e-08,1,glioma,True
2858,"[[57]
 [55]
 [54]
 [48]
 [57]]",2,1,glioma,True,0.11227470636367798,0.887725293636322,1.4139019732795077e-08,0.06245545670390129,0.937544584274292,3.99488797597769e-08,0.010825364850461483,0.9891746044158936,9.098246600558468e-10,0.06185184263934692,0.9381481607755026,1.833257471754261e-08,1,glioma,True
2859,"[[57]
 [55]
 [54]
 [48]
 [57]]",2,1,glioma,True,0.21328997611999512,0.7867093682289124,6.289425300565199e-07,0.05636037513613701,0.9436395168304443,1.6701444849331892e-07,0.06041160225868225,0.9395884275436401,2.2240262964601243e-09,0.1100206511716048,0.8899791042009989,2.660603349487663e-07,1,glioma,True
2860,"[[57]
 [55]
 [54]
 [48]
 [57]]",2,1,glioma,True,0.5771932005882263,0.42280420660972595,2.5124136300291866e-06,0.137038916349411,0.862960159778595,8.909470352591597e-07,0.613533079624176,0.386466383934021,5.67291579045559e-07,0.4425883988539378,0.5574102501074473,1.3235507481113018e-06,1,glioma,True
2861,"[[57]
 [55]
 [54]
 [48]
 [57]]",2,1,glioma,True,0.8714632987976074,0.12851761281490326,1.909504135255702e-05,0.141886904835701,0.8581114411354065,1.6360630752387806e-06,0.41310054063796997,0.5868991613388062,2.941147840829217e-07,0.47548358142375946,0.524509405096372,7.008406403959573e-06,1,glioma,True
2862,"[[57]
 [55]
 [54]
 [48]
 [57]]",2,1,glioma,True,0.7742310166358948,0.22561413049697876,0.00015490769874304533,0.2145920842885971,0.7853889465332031,1.9044115106225945e-05,0.23324713110923767,0.7667515277862549,1.4051901189304772e-06,0.40735674401124317,0.5925848682721456,5.845233465606725e-05,1,glioma,True
2863,"[[49]
 [48]
 [48]
 [52]
 [49]
 [54]]",1,1,glioma,True,0.007256626151502132,0.9927433729171753,4.6959048205508225e-08,0.6076504588127136,0.3922734260559082,7.612758781760931e-05,0.0028692763298749924,0.9971221089363098,8.535439519619104e-06,0.20592545376469693,0.7940463026364645,2.8236662128477974e-05,1,glioma,True
2864,"[[49]
 [48]
 [48]
 [52]
 [49]
 [54]]",1,1,glioma,True,0.00540598900988698,0.9945939183235168,1.0702152763997219e-07,0.34656181931495667,0.6495359539985657,0.0039022937417030334,0.041279420256614685,0.9433939456939697,0.015326659195125103,0.13108240952715278,0.8625079393386841,0.0064096866527852585,1,glioma,True
2865,"[[49]
 [48]
 [54]
 [55]
 [50]
 [48]]",4,0,meningioma,True,0.9021509289741516,0.09784135222434998,7.740285582258366e-06,0.03631100803613663,0.9636889696121216,5.062670838107408e-10,0.7803193926811218,0.2195696085691452,0.00011102499411208555,0.5729271098971367,0.42703331013520557,3.958859532047591e-05,0,meningioma,True
2866,"[[49]
 [48]
 [48]
 [52]
 [49]
 [54]]",1,1,glioma,True,0.038702838122844696,0.9583073854446411,0.002989722415804863,0.07437658309936523,0.9236667156219482,0.001956737134605646,0.15721198916435242,0.8227603435516357,0.020027635619044304,0.09009713679552078,0.9015781482060751,0.008324698389818272,1,glioma,True
2867,"[[49]
 [48]
 [48]
 [52]
 [49]
 [54]]",1,1,glioma,True,0.0006526449578814209,0.9899817109107971,0.009365692734718323,0.372318834066391,0.5984740853309631,0.029207099229097366,0.134934201836586,0.8321258425712585,0.03293994814157486,0.16930189362028614,0.8068605462710062,0.023837580035130184,1,glioma,True
2868,"[[49]
 [48]
 [48]
 [56]
 [50]
 [48]]",3,1,glioma,True,0.8047364354133606,0.19524246454238892,2.1127287254785188e-05,0.49696534872055054,0.5029977560043335,3.695850682561286e-05,0.9251036643981934,0.07489628344774246,3.988061436643875e-08,0.7422684828440348,0.25771216799815494,1.9375224898254828e-05,0,meningioma,False
2869,"[[49]
 [48]
 [48]
 [56]
 [50]
 [48]]",3,1,glioma,True,0.9255102276802063,0.07445167005062103,3.8146939914440736e-05,0.4798150360584259,0.5199181437492371,0.00026679871371015906,0.6658506989479065,0.33414918184280396,1.8668995949155942e-07,0.6903919875621796,0.30950633188088733,0.00010171078119469712,0,meningioma,False
2870,"[[49]
 [48]
 [48]
 [56]
 [50]
 [48]]",3,1,glioma,True,0.9825096130371094,0.01703142561018467,0.00045902543934062123,0.5539245009422302,0.44575339555740356,0.00032211290090344846,0.47379735112190247,0.5262020826339722,6.221978878784284e-07,0.6700771550337473,0.3296623012671868,0.0002605868460439827,0,meningioma,False
2871,"[[49]
 [48]
 [48]
 [56]
 [50]
 [48]]",3,1,glioma,True,0.9775226712226868,0.0209194328635931,0.0015579087194055319,0.8448734283447266,0.15270890295505524,0.0024176612496376038,0.5185271501541138,0.4814648926258087,7.899790944065899e-06,0.7803077499071757,0.2183644094814857,0.0013278232533290673,0,meningioma,False
2872,"[[49]
 [48]
 [48]
 [56]
 [50]
 [48]]",3,1,glioma,True,0.9990289211273193,0.00013198101078160107,0.0008391683804802597,0.9585868716239929,0.018419597297906876,0.02299359254539013,0.9976863861083984,0.0022085728123784065,0.00010498566552996635,0.9851007262865702,0.006920050373688961,0.007979248863800118,0,meningioma,False
2873,"[[49]
 [48]
 [48]
 [56]
 [50]
 [48]]",3,1,glioma,True,0.9966805577278137,0.0006189022096805274,0.0027004776056855917,0.8677217364311218,0.0691448226571083,0.06313345581293106,0.9807254672050476,0.01904918998479843,0.00022530487331096083,0.948375920454661,0.029604304950529087,0.022019746097309206,0,meningioma,False
2874,"[[49]
 [48]
 [49]
 [48]
 [50]
 [48]]",4,1,glioma,True,0.6293041706085205,0.12793980538845062,0.24275599420070648,0.9318779706954956,0.02066892758011818,0.047453150153160095,0.5970876216888428,0.3332318067550659,0.0696806088089943,0.719423254330953,0.16061351324121156,0.11996325105428696,0,meningioma,False
2875,"[[49]
 [48]
 [49]
 [48]
 [50]
 [48]]",4,1,glioma,True,0.5002928972244263,0.4305138885974884,0.06919315457344055,0.891047477722168,0.10894951224327087,2.9297370929270983e-06,0.09178812801837921,0.8959792852401733,0.012232549488544464,0.49437616765499115,0.47848089536031085,0.027142877933025982,0,meningioma,False
2876,"[[49]
 [48]
 [54]
 [55]
 [50]
 [48]]",4,0,meningioma,True,0.9837402701377869,0.016258161514997482,1.5710470506746788e-06,0.10715986788272858,0.8928401470184326,1.7070035662758443e-10,0.8481740951538086,0.1517881453037262,3.778584868996404e-05,0.6463580777247747,0.35362881794571877,1.3119022146998449e-05,0,meningioma,True
2877,"[[49]
 [48]
 [49]
 [48]
 [50]
 [48]]",4,1,glioma,True,0.9705843329429626,0.029256844893097878,0.00015885861648712307,0.912929117679596,0.08707085996866226,1.4790315638890661e-08,0.88087397813797,0.11844801902770996,0.0006780581315979362,0.9214624762535095,0.07825857462982337,0.00027897717946689937,0,meningioma,False
2878,"[[49]
 [48]
 [49]
 [48]
 [50]
 [48]]",4,1,glioma,True,0.9799253940582275,0.020072657614946365,2.005092255785712e-06,0.8634759783744812,0.1365240067243576,3.6815656079269843e-10,0.8596084117889404,0.14027702808380127,0.00011457591608632356,0.9010032614072164,0.09895789747436841,3.886045883289002e-05,0,meningioma,False
2879,"[[49]
 [48]
 [49]
 [48]
 [50]
 [48]]",4,1,glioma,True,0.8906077146530151,0.10938605666160583,6.262917395361001e-06,0.8121917247772217,0.18780826032161713,2.6486032811412485e-10,0.8496760129928589,0.14998680353164673,0.00033714473829604685,0.8508251508076986,0.14906037350495657,0.00011446930685057866,0,meningioma,False
2880,"[[49]
 [48]
 [49]
 [48]
 [50]
 [48]]",4,1,glioma,True,0.2595358192920685,0.7404629588127136,1.2470090950955637e-06,0.005755804944783449,0.9942441582679749,1.0258093304643928e-14,0.5409298539161682,0.45883938670158386,0.00023070098541211337,0.26874049271767336,0.7311821679274241,7.731599817248901e-05,1,glioma,True
2881,"[[49]
 [48]
 [49]
 [51]
 [56]
 [52]]",4,1,glioma,True,0.9304361939430237,0.0634496733546257,0.0061141205951571465,0.9796741604804993,0.020263196900486946,6.256235792534426e-05,0.9824197292327881,0.01309620589017868,0.004483994096517563,0.9641766945521036,0.03226969204843044,0.003553559016533351,0,meningioma,False
2882,"[[49]
 [48]
 [49]
 [51]
 [56]
 [52]]",4,1,glioma,True,0.24960798025131226,0.7501013875007629,0.0002905688597820699,0.6138442754745483,0.38615572452545166,5.566230587561449e-09,0.8106593489646912,0.1879679560661316,0.001372787170112133,0.5580372015635172,0.44140835603078205,0.0005544538653749301,0,meningioma,False
2883,"[[49]
 [48]
 [49]
 [51]
 [56]
 [52]]",4,1,glioma,True,0.022012215107679367,0.9779832363128662,4.559245553537039e-06,0.03476519137620926,0.9652348756790161,5.529942389420617e-12,0.032500311732292175,0.9674767851829529,2.296845559612848e-05,0.0297592394053936,0.9702316323916117,9.175902226535968e-06,1,glioma,True
2884,"[[49]
 [48]
 [50]
 [48]
 [55]
 [53]]",1,1,glioma,True,0.021397007629275322,0.978602945804596,7.583706340859309e-13,0.9632233381271362,0.036776673048734665,3.751393862216901e-09,0.09791523218154907,0.902084469795227,3.313750482902833e-07,0.36084519264598686,0.6391546962161859,1.1170906684104477e-07,1,glioma,True
2885,"[[49]
 [48]
 [50]
 [48]
 [55]
 [53]]",1,1,glioma,True,0.14063243567943573,0.8593664169311523,1.155983568423835e-06,0.8832640051841736,0.11673205345869064,3.9577853385708295e-06,0.025860704481601715,0.9739528298377991,0.00018642171926330775,0.34991904844840366,0.6500171000758806,6.384516272343414e-05,1,glioma,True
2886,"[[49]
 [48]
 [50]
 [48]
 [55]
 [53]]",1,1,glioma,True,0.4321494400501251,0.5673612952232361,0.0004892893484793603,0.20057053864002228,0.7953466176986694,0.004082789644598961,0.008881442248821259,0.965632975101471,0.025485489517450333,0.21386714031298956,0.7761136293411255,0.010019189503509551,1,glioma,True
2887,"[[49]
 [48]
 [54]
 [55]
 [50]
 [48]]",4,0,meningioma,True,0.9977757334709167,0.002223010640591383,1.1606997531998786e-06,0.04637109860777855,0.9536288976669312,4.632531858117517e-10,0.7274742126464844,0.2724791169166565,4.665372762246989e-05,0.5905403482417265,0.40944367507472634,1.593829687628519e-05,0,meningioma,True
2888,"[[49]
 [48]
 [51]
 [49]
 [52]
 [56]]",2,1,glioma,True,0.30749887228012085,0.692482054233551,1.903009251691401e-05,0.4133608937263489,0.5866257548332214,1.3329680768947583e-05,0.17806196212768555,0.8219379782676697,3.3378015906748715e-09,0.29964057604471844,0.7003485957781473,1.0787703695817422e-05,1,glioma,True
2889,"[[49]
 [48]
 [51]
 [49]
 [52]
 [56]]",2,1,glioma,True,0.31868278980255127,0.6811558604240417,0.00016134823090396821,0.5250582098960876,0.4749036729335785,3.810001362580806e-05,0.31914475560188293,0.6808550953865051,1.7167820942631806e-07,0.38762858510017395,0.6123048762480418,6.653997424640086e-05,1,glioma,True
2890,"[[49]
 [48]
 [51]
 [49]
 [52]
 [56]]",2,1,glioma,True,0.5081378817558289,0.49111607670783997,0.0007460233173333108,0.6053373217582703,0.39461061358451843,5.200726445764303e-05,0.22993293404579163,0.7700669169425964,9.1647933686545e-08,0.44780271251996356,0.5519312024116516,0.0002660407432415468,1,glioma,True
2891,"[[49]
 [48]
 [51]
 [49]
 [52]
 [56]]",2,1,glioma,True,0.7514873743057251,0.19621464610099792,0.052297964692115784,0.8472679853439331,0.151779904961586,0.0009521889151073992,0.18941405415534973,0.8105763792991638,9.589707588020246e-06,0.5960564712683359,0.3861903101205826,0.017753247771603736,0,meningioma,False
2892,"[[49]
 [48]
 [53]
 [54]
 [53]
 [51]]",2,1,glioma,True,0.7090229392051697,0.2588985860347748,0.032078489661216736,0.25767141580581665,0.6399631500244141,0.10236544162034988,0.5595008730888367,0.43980932235717773,0.0006897737039253116,0.508731742699941,0.4462236861387889,0.04504456832849731,0,meningioma,False
2893,"[[49]
 [48]
 [53]
 [54]
 [53]
 [51]]",2,1,glioma,True,0.7109299302101135,0.07917024195194244,0.20989979803562164,0.31780073046684265,0.388746052980423,0.2934532165527344,0.8423486351966858,0.15009641647338867,0.007554963231086731,0.6236930986245474,0.20600423713525137,0.17030265927314758,0,meningioma,False
2894,"[[49]
 [48]
 [54]
 [52]
 [57]
 [52]]",3,1,glioma,True,0.41136634349823,0.5886335968971252,5.682320036726196e-08,0.016990691423416138,0.9830092787742615,1.1118865828052549e-09,0.02779531292617321,0.9722046852111816,1.0782021109267959e-10,0.15205078261593977,0.8479491869608561,1.934763572038663e-08,1,glioma,True
2895,"[[49]
 [48]
 [54]
 [52]
 [57]
 [52]]",3,1,glioma,True,0.5988085865974426,0.4011889696121216,2.4687626591912704e-06,0.15891967713832855,0.8410786390304565,1.7103906202464714e-06,0.06239750608801842,0.9376024603843689,1.6103925304378208e-07,0.2733752566079299,0.7266233563423157,1.446730844160508e-06,1,glioma,True
2896,"[[49]
 [48]
 [54]
 [52]
 [57]
 [52]]",3,1,glioma,True,0.12285429984331131,0.8770105838775635,0.00013503209629561752,0.044716861099004745,0.955251932144165,3.1191342714009807e-05,0.05012321472167969,0.9498761296272278,6.334916520245315e-07,0.07256479188799858,0.9273795485496521,5.5618976887217286e-05,1,glioma,True
2897,"[[49]
 [48]
 [54]
 [52]
 [57]
 [52]]",3,1,glioma,True,0.01636161096394062,0.9836210012435913,1.7326543456874788e-05,0.1540212482213974,0.8458718657493591,0.00010691770148696378,0.18684877455234528,0.8131495118141174,1.7035623613992357e-06,0.11907721124589443,0.8808807929356893,4.1982602435079265e-05,1,glioma,True
2898,"[[49]
 [48]
 [54]
 [55]
 [50]
 [48]]",4,0,meningioma,True,0.998261034488678,0.0017384686507284641,5.347266096578096e-07,0.24246220290660858,0.757537841796875,1.4393000680179568e-10,0.7623268961906433,0.2376578152179718,1.527171116322279e-05,0.6676833778619766,0.33231137522185844,5.268860567629134e-06,0,meningioma,True
2899,"[[49]
 [48]
 [54]
 [52]
 [57]
 [52]]",3,1,glioma,True,0.2827025353908539,0.7171525359153748,0.00014490609464701265,0.3363114595413208,0.663626492023468,6.202099757501855e-05,0.4906349182128906,0.5093640685081482,9.505006914878322e-07,0.3698829710483551,0.6300476988156637,6.929253097117301e-05,1,glioma,True
2900,"[[49]
 [48]
 [54]
 [52]
 [57]
 [52]]",3,1,glioma,True,0.9777946472167969,0.022061113268136978,0.00014417045167647302,0.8306845426559448,0.1691303849220276,0.0001850315456977114,0.8871637582778931,0.11283572018146515,4.940583266943577e-07,0.8985476493835449,0.10134240612387657,0.00010989868523362627,0,meningioma,False
2901,"[[49]
 [48]
 [54]
 [52]
 [57]
 [52]]",3,1,glioma,True,0.9874811768531799,0.011341887526214123,0.0011769554112106562,0.7248781323432922,0.2706989347934723,0.004422915168106556,0.4463191330432892,0.5535025000572205,0.00017833078163675964,0.7195594807465872,0.2785144407923023,0.0019260671203179907,0,meningioma,False
2902,"[[49]
 [48]
 [55]
 [55]
 [52]
 [55]]",3,1,glioma,True,0.9427711367607117,0.057186562567949295,4.224946678732522e-05,0.8719281554222107,0.12806332111358643,8.510376574122347e-06,0.917195737361908,0.08280366659164429,5.584254267887445e-07,0.9106316765149435,0.08935118342439334,1.710608959607877e-05,0,meningioma,False
2903,"[[49]
 [48]
 [55]
 [55]
 [52]
 [55]]",3,1,glioma,True,0.7158126831054688,0.28329169750213623,0.0008956221281550825,0.9340158104896545,0.06588781625032425,9.643632074585184e-05,0.9226853847503662,0.07730191200971603,1.267298557650065e-05,0.8575046261151632,0.14216047525405884,0.000334910478159145,0,meningioma,False
2904,"[[49]
 [48]
 [55]
 [55]
 [52]
 [55]]",3,1,glioma,True,0.5984703302383423,0.3618316054344177,0.03969806060194969,0.8848488926887512,0.1047486737370491,0.010402469895780087,0.9950417876243591,0.0032837127801030874,0.0016744786407798529,0.8261203368504842,0.1566213306505233,0.01725833637950321,0,meningioma,False
2905,"[[49]
 [48]
 [55]
 [55]
 [52]
 [55]]",3,1,glioma,True,0.6879577040672302,0.30538883805274963,0.00665342528373003,0.7381222248077393,0.16981364786624908,0.09206415712833405,0.9674423933029175,0.01914161443710327,0.01341598853468895,0.7978407740592957,0.16478136678536734,0.03737785698225101,0,meningioma,False
2906,"[[49]
 [48]
 [56]
 [52]
 [55]
 [57]]",3,1,glioma,True,0.24407514929771423,0.6263968348503113,0.1295280158519745,0.0012146240333095193,0.1492210328578949,0.8495643734931946,0.0014129861956462264,0.1975102573633194,0.8010767102241516,0.08223425317555666,0.32437604169050854,0.5933896998564402,2,pituitary,False
2907,"[[49]
 [48]
 [56]
 [52]
 [55]
 [57]]",3,1,glioma,True,0.049260396510362625,0.929675817489624,0.021063823252916336,0.0016951905563473701,0.4743258059024811,0.5239790081977844,0.004343242850154638,0.9046969413757324,0.09095978736877441,0.018432943305621546,0.7695661882559458,0.21200087293982506,1,glioma,True
2908,"[[49]
 [49]
 [50]
 [49]
 [48]
 [53]]",1,1,glioma,True,0.02276747301220894,0.9772325158119202,3.4662611322899828e-12,0.6773368120193481,0.3226626217365265,5.817357759951847e-07,0.2942723035812378,0.7056496739387512,7.803197513567284e-05,0.3314588628709316,0.6685149371623993,2.6204571459309718e-05,1,glioma,True
2909,"[[49]
 [48]
 [54]
 [55]
 [50]
 [48]]",4,0,meningioma,True,0.9996126294136047,0.0003873555106110871,8.643464832758241e-10,0.9518364667892456,0.04816356673836708,4.944695119428867e-17,0.9783545136451721,0.021645523607730865,1.9460042466334926e-09,0.9766012032826742,0.02339881528556968,9.367835931187559e-10,0,meningioma,True
2910,"[[49]
 [49]
 [50]
 [49]
 [48]
 [53]]",1,1,glioma,True,0.7089645862579346,0.29103535413742065,7.727785967560907e-13,0.8106468915939331,0.18935038149356842,2.670017693162663e-06,0.7281074523925781,0.2718387544155121,5.3831023251404986e-05,0.7492396434148153,0.25074149668216705,1.883368057244875e-05,0,meningioma,False
2911,"[[49]
 [49]
 [50]
 [49]
 [48]
 [53]]",1,1,glioma,True,0.9972658157348633,0.0027341449167579412,4.688430065797407e-16,0.898881733417511,0.10111775994300842,5.798592042083328e-07,0.613035261631012,0.3869481682777405,1.6566422345931642e-05,0.8363942702611288,0.16360002437916896,5.715427183536272e-06,0,meningioma,False
2912,"[[49]
 [49]
 [50]
 [49]
 [48]
 [53]]",1,1,glioma,True,0.9684102535247803,0.031589724123477936,2.364762506363964e-14,0.7605313062667847,0.23946720361709595,1.4589567172151874e-06,0.24643000960350037,0.7535662055015564,3.753023065655725e-06,0.6584571897983551,0.3415410444140434,1.7373266021728458e-06,0,meningioma,False
2913,"[[49]
 [49]
 [50]
 [49]
 [48]
 [53]]",1,1,glioma,True,6.979532190598547e-05,0.9999301433563232,4.2506730579816576e-08,2.863455483748112e-05,0.9999676942825317,3.746773700186168e-06,5.4538948461413383e-05,0.9999451637268066,2.70423839765499e-07,5.098960840162666e-05,0.9999476671218872,1.3532347568438279e-06,1,glioma,True
2914,"[[49]
 [49]
 [50]
 [49]
 [48]
 [53]]",1,1,glioma,True,0.40391355752944946,0.5958858728408813,0.00020058710651937872,0.0006450807559303939,0.9993321299552917,2.279737418575678e-05,0.0015237731859087944,0.9984738230705261,2.3934624096000334e-06,0.1353608038237629,0.8645639419555664,7.525931437157851e-05,1,glioma,True
2915,"[[56]
 [56]
 [54]
 [55]
 [48]]",0,1,glioma,True,0.6455503106117249,0.35144391655921936,0.0030057772528380156,0.708969235420227,0.2862078845500946,0.0048227859660983086,0.7392101883888245,0.26017361879348755,0.0006162213976494968,0.6979099114735922,0.2992751399676005,0.002814928205528607,0,meningioma,False
2916,"[[56]
 [56]
 [54]
 [55]
 [48]]",0,1,glioma,True,0.6407874226570129,0.3443363308906555,0.014876199886202812,0.7356963157653809,0.24515405297279358,0.019149625673890114,0.6789934039115906,0.3181605935096741,0.0028459562454372644,0.6851590474446615,0.3025503257910411,0.01229059393517673,0,meningioma,False
2917,"[[56]
 [56]
 [54]
 [55]
 [48]]",0,1,glioma,True,0.5996983647346497,0.35321515798568726,0.047086410224437714,0.7242732644081116,0.22335053980350494,0.052376218140125275,0.6968019604682922,0.2944439947605133,0.008753969334065914,0.6735911965370178,0.29033656418323517,0.0360721992328763,0,meningioma,False
2918,"[[56]
 [56]
 [54]
 [55]
 [48]]",0,1,glioma,True,0.4706272482872009,0.4063841700553894,0.12298854440450668,0.467949241399765,0.3949600160121918,0.13709069788455963,0.5400655269622803,0.4475870430469513,0.012347378768026829,0.4928806722164154,0.4163104097048442,0.09080887368569772,0,meningioma,False
2919,"[[56]
 [56]
 [54]
 [55]
 [48]]",0,1,glioma,True,0.415179044008255,0.34051382541656494,0.24430710077285767,0.5937612056732178,0.2775442898273468,0.12869448959827423,0.63619065284729,0.3313961923122406,0.03241320699453354,0.5483769675095876,0.3164847691853841,0.13513826578855515,0,meningioma,False
2920,"[[49]
 [48]
 [54]
 [57]
 [49]
 [52]]",3,0,meningioma,True,0.877393901348114,0.12252963334321976,7.650429324712604e-05,0.5510250329971313,0.44708067178726196,0.0018942876486107707,0.9943574070930481,0.0056420606561005116,4.2566048819026037e-07,0.8075921138127645,0.1917507885955274,0.0006570725341153624,0,meningioma,True
2921,"[[57]
 [48]
 [50]
 [56]
 [52]]",4,1,glioma,True,0.001366355107165873,0.9465869665145874,0.05204670503735542,0.0009307577274739742,0.9982660412788391,0.0008032266050577164,0.06656444817781448,0.890816330909729,0.04261918365955353,0.02295385367081811,0.9452231129010519,0.03182303843398889,1,glioma,True
2922,"[[57]
 [48]
 [50]
 [56]
 [52]]",4,1,glioma,True,0.2827272415161133,0.6952775120735168,0.021995270624756813,0.7050358653068542,0.29459425806999207,0.00036987417843192816,0.6202923655509949,0.37798836827278137,0.0017192550003528595,0.5360184907913208,0.45595337947209674,0.0080281332678472,0,meningioma,False
2923,"[[57]
 [48]
 [50]
 [56]
 [52]]",4,1,glioma,True,0.026267213746905327,0.9737130403518677,1.9753333617700264e-05,0.2675378620624542,0.7324614524841309,7.085061497491552e-07,0.04849383980035782,0.9515019655227661,4.1630701161921024e-06,0.11409963853657246,0.8858921527862549,8.208303294547173e-06,1,glioma,True
2924,"[[57]
 [48]
 [50]
 [56]
 [52]]",4,1,glioma,True,0.003989980090409517,0.9244587421417236,0.07155127823352814,0.04196643829345703,0.9532148241996765,0.004818655084818602,0.2705146074295044,0.7116296291351318,0.01785578951239586,0.10549034193779032,0.863101065158844,0.0314085742769142,1,glioma,True
2925,"[[57]
 [48]
 [50]
 [56]
 [52]]",4,1,glioma,True,0.0014087719609960914,0.9564504623413086,0.04214074835181236,0.005331344902515411,0.9517384171485901,0.04293027147650719,0.0526597835123539,0.16279472410678864,0.7845454812049866,0.019799966791955132,0.6903278678655624,0.289872167011102,1,glioma,True
2926,"[[57]
 [48]
 [50]
 [56]
 [52]]",4,1,glioma,True,0.08438162505626678,0.614883542060852,0.30073487758636475,0.08396051079034805,0.1648835390806198,0.7511559724807739,0.6995487213134766,0.03703668341040611,0.263414591550827,0.2892969523866971,0.2722679215172927,0.4384351472059886,2,pituitary,False
2927,"[[57]
 [48]
 [50]
 [56]
 [52]]",4,1,glioma,True,0.0008444599807262421,0.532882034778595,0.4662735164165497,0.007144274655729532,0.27104872465133667,0.7218070030212402,0.010392652824521065,0.21227659285068512,0.7773306965827942,0.006127129153658946,0.33873578409353894,0.6551370720068613,2,pituitary,False
2928,"[[57]
 [48]
 [50]
 [56]
 [52]]",4,1,glioma,True,0.002459612675011158,0.8370858430862427,0.1604546159505844,0.0002692466077860445,0.9958859086036682,0.003844813210889697,0.0010802509495988488,0.9809591174125671,0.01796056143939495,0.0012697034107986838,0.9379769563674927,0.06075333020028969,1,glioma,True
2929,"[[57]
 [48]
 [50]
 [56]
 [52]]",4,1,glioma,True,0.007299618795514107,0.97928786277771,0.013412533327937126,2.6949148377752863e-05,0.9999703168869019,2.683401135072927e-06,0.024434324353933334,0.9663631319999695,0.009202616289258003,0.010586964099275065,0.9818737705548605,0.007539277672776734,1,glioma,True
2930,"[[57]
 [48]
 [50]
 [56]
 [52]]",4,1,glioma,True,0.0052640559151768684,0.920055627822876,0.07468031346797943,0.0005814235773868859,0.9616843461990356,0.03773424029350281,0.1342003494501114,0.854142427444458,0.011657124385237694,0.04668194298089171,0.9119608004887899,0.041357226048906646,1,glioma,True
2931,"[[49]
 [48]
 [54]
 [57]
 [49]
 [52]]",3,0,meningioma,True,0.9486940503120422,0.05124786123633385,5.8157878811471164e-05,0.7501100301742554,0.24582812190055847,0.004061810206621885,0.9980013966560364,0.0019982424564659595,3.7963104659866076e-07,0.8989351590474447,0.09969140853111942,0.0013734492388266517,0,meningioma,True
2932,"[[57]
 [48]
 [50]
 [56]
 [52]]",4,1,glioma,True,0.01562338974326849,0.9502013921737671,0.03417515009641647,0.4153340756893158,0.13089241087436676,0.45377352833747864,0.20185720920562744,0.7940107583999634,0.004132039379328489,0.21093822487940392,0.6250348538160324,0.1640269059377412,1,glioma,True
2933,"[[57]
 [50]
 [56]
 [57]
 [55]]",4,1,glioma,True,6.600339838769287e-05,0.9999070167541504,2.6922347387881018e-05,0.04117405787110329,0.9392228722572327,0.019603144377470016,0.451936274766922,0.5232661366462708,0.02479754574596882,0.16439211201213766,0.8207986752192179,0.014809204156942238,1,glioma,True
2934,"[[57]
 [50]
 [56]
 [57]
 [55]]",4,1,glioma,True,8.77106431289576e-05,0.9999051094055176,7.102227300492814e-06,0.00012787338346242905,0.9998387098312378,3.337204907438718e-05,0.19420099258422852,0.7988434433937073,0.006955562625080347,0.06480552553693997,0.9328624208768209,0.0023320123004850757,1,glioma,True
2935,"[[57]
 [51]
 [51]
 [50]
 [57]]",4,1,glioma,True,0.011569153517484665,0.9883875250816345,4.330465162638575e-05,0.9442242383956909,0.05577581375837326,4.6105419926334434e-08,0.003954700659960508,0.9948201179504395,0.0012251856969669461,0.31991603085771203,0.6796611522634824,0.00042284548467108607,1,glioma,True
2936,"[[57]
 [51]
 [51]
 [50]
 [57]]",4,1,glioma,True,0.01477376464754343,0.9850829839706421,0.00014327364624477923,0.8464592695236206,0.15346866846084595,7.207122689578682e-05,0.006682923063635826,0.9839420914649963,0.00937503483146429,0.2893053190782666,0.7074979146321615,0.0031967932348682857,1,glioma,True
2937,"[[57]
 [51]
 [51]
 [50]
 [57]]",4,1,glioma,True,0.00891705509275198,0.990620493888855,0.0004624497378244996,0.24080508947372437,0.7558206915855408,0.0033742066007107496,0.0056131575256586075,0.9728305339813232,0.021556200459599495,0.08511176736404498,0.9064239064852396,0.008464285599378249,1,glioma,True
2938,"[[57]
 [51]
 [51]
 [50]
 [57]]",4,1,glioma,True,0.01699776016175747,0.9819093942642212,0.0010928253177553415,0.21362541615962982,0.7436972856521606,0.04267730191349983,0.013476011343300343,0.9670954346656799,0.01942860707640648,0.0813663958882292,0.8975673715273539,0.02106624476922055,1,glioma,True
2939,"[[57]
 [51]
 [51]
 [50]
 [57]]",4,1,glioma,True,0.005472819320857525,0.9934219717979431,0.0011052410118281841,0.055277928709983826,0.8195381164550781,0.12518393993377686,0.017640801146626472,0.9119797945022583,0.07037947326898575,0.026130516392489273,0.9083132942517599,0.06555621807153027,1,glioma,True
2940,"[[57]
 [51]
 [56]
 [50]
 [53]]",1,1,glioma,True,0.7492004632949829,0.2507995069026947,8.673469386287491e-13,0.8969391584396362,0.10306006669998169,7.157195227591728e-07,0.05882849544286728,0.9411581158638,1.3493291589838918e-05,0.5683227057258288,0.43167256315549213,4.7363373266483435e-06,0,meningioma,False
2941,"[[57]
 [51]
 [56]
 [50]
 [53]]",1,1,glioma,True,0.15287894010543823,0.8471210598945618,1.9107264192077048e-14,0.9075791835784912,0.092420794069767,8.381818616953751e-08,0.48973360657691956,0.5101873278617859,7.899388583609834e-05,0.5167305767536163,0.48324306060870487,2.635923468045838e-05,0,meningioma,False
2942,"[[49]
 [48]
 [54]
 [57]
 [49]
 [52]]",3,0,meningioma,True,0.9332598447799683,0.06669982522726059,4.0260914829559624e-05,0.6436969041824341,0.35547885298728943,0.0008242769399657845,0.9964227080345154,0.0035762048792093992,1.119221906265011e-06,0.8577931523323059,0.14191829436458647,0.0002885523589005364,0,meningioma,True
2943,"[[57]
 [51]
 [56]
 [50]
 [53]]",1,1,glioma,True,1.0012528036895674e-05,0.9999899864196777,4.2154049695319884e-10,0.05715412274003029,0.9428050518035889,4.0778963011689484e-05,0.015929175540804863,0.9836830496788025,0.0003877983835991472,0.024364436936290684,0.9754926959673563,0.00014285925605044456,1,glioma,True
2944,"[[57]
 [51]
 [56]
 [50]
 [53]]",1,1,glioma,True,0.021985996514558792,0.9780139923095703,1.903206932329926e-11,0.849861204624176,0.15013854205608368,2.0955626212071365e-07,0.19618284702301025,0.8038010597229004,1.60833187692333e-05,0.356010016053915,0.6439845313628515,5.430964687807779e-06,1,glioma,True
2945,"[[57]
 [52]
 [55]
 [51]
 [49]]",4,1,glioma,True,0.012058123014867306,0.9748961329460144,0.013045650906860828,0.0027397123631089926,0.9914981722831726,0.005762205459177494,0.062268972396850586,0.8894696831703186,0.048261355608701706,0.025688935924942296,0.9519546627998352,0.02235640399158001,1,glioma,True
2946,"[[57]
 [52]
 [55]
 [51]
 [49]]",4,1,glioma,True,0.10306691378355026,0.8849943280220032,0.011938778683543205,0.1358056515455246,0.8557554483413696,0.008438914082944393,0.33355623483657837,0.6658152341842651,0.0006285547278821468,0.19080960005521774,0.8021883368492126,0.007002082498123248,1,glioma,True
2947,"[[57]
 [52]
 [55]
 [51]
 [49]]",4,1,glioma,True,0.40396541357040405,0.5813423991203308,0.014692163094878197,0.10718224197626114,0.8564451336860657,0.0363725982606411,0.4659639000892639,0.5335869193077087,0.00044912961311638355,0.32570385187864304,0.6571248173713684,0.017171296989545226,1,glioma,True
2948,"[[57]
 [53]
 [49]
 [52]
 [50]]",4,1,glioma,True,0.09556127339601517,0.32749053835868835,0.5769481658935547,0.15334869921207428,0.020509693771600723,0.8261415958404541,0.20369718968868256,0.029164141044020653,0.7671387195587158,0.150869054098924,0.12572145772476992,0.7234094937642416,2,pituitary,False
2949,"[[57]
 [53]
 [49]
 [52]
 [50]]",4,1,glioma,True,0.059602685272693634,0.05524159222841263,0.8851556777954102,0.004409628454595804,0.0006727100117132068,0.994917631149292,0.11269498616456985,0.0014716220321133733,0.8858333826065063,0.05890243329728643,0.019128641424079735,0.9219688971837362,2,pituitary,False
2950,"[[57]
 [53]
 [49]
 [52]
 [50]]",4,1,glioma,True,0.10171389579772949,0.38490554690361023,0.5133805274963379,0.018621739000082016,0.0033770990557968616,0.9780011177062988,0.4516397714614868,0.0032141527626663446,0.545146107673645,0.19065846875309944,0.1304989329073578,0.6788425842920939,2,pituitary,False
2951,"[[57]
 [53]
 [49]
 [52]
 [50]]",4,1,glioma,True,0.062297407537698746,0.6329305768013,0.3047719895839691,0.043093133717775345,0.013573503121733665,0.9433333873748779,0.3263915777206421,0.0025067490059882402,0.6711016297340393,0.14392737299203873,0.21633694297634065,0.6397356688976288,2,pituitary,False
2952,"[[57]
 [53]
 [49]
 [52]
 [50]]",4,1,glioma,True,0.036642152816057205,0.8972139954566956,0.0661439299583435,0.11310486495494843,0.7892112135887146,0.09768396615982056,0.21520386636257172,0.03259739279747009,0.7521986961364746,0.12165029471119244,0.5730075339476267,0.3053421974182129,1,glioma,True
2953,"[[49]
 [48]
 [49]
 [48]
 [49]
 [54]]",1,0,meningioma,True,0.00589648075401783,0.9940618872642517,4.161719334661029e-05,0.02497652918100357,0.9657859206199646,0.009237515740096569,0.0011434662155807018,0.9973475933074951,0.0015088595682755113,0.010672158716867367,0.9857318003972372,0.003595997500572897,1,glioma,False
2954,"[[49]
 [48]
 [54]
 [57]
 [49]
 [52]]",3,0,meningioma,True,0.9248483180999756,0.07510194927453995,4.975867341272533e-05,0.6057060360908508,0.3931844234466553,0.0011095289373770356,0.9933435916900635,0.0066448841243982315,1.1474969142000191e-05,0.84129931529363,0.15831041894853115,0.00039025419331058703,0,meningioma,True
2955,"[[57]
 [53]
 [49]
 [52]
 [50]]",4,1,glioma,True,0.0034341602586209774,0.9956315755844116,0.0009343290003016591,0.016934921965003014,0.9830537438392639,1.1376122529327404e-05,0.43803635239601135,0.33596712350845337,0.22599658370018005,0.15280181153987846,0.7715508143107096,0.07564742960767035,1,glioma,True
2956,"[[57]
 [53]
 [49]
 [52]
 [50]]",4,1,glioma,True,0.0003106911899521947,0.9995343685150146,0.0001549877051729709,0.0023211713414639235,0.9976786971092224,6.839815114290104e-08,0.24214650690555573,0.7447819709777832,0.013071565888822079,0.08159278981232394,0.9139983455340067,0.004408873997382064,1,glioma,True
2957,"[[57]
 [53]
 [49]
 [52]
 [50]]",4,1,glioma,True,7.861808262532577e-05,0.999096155166626,0.0008252500556409359,9.783839050214738e-05,0.9999021291732788,1.141442496077616e-08,0.34897610545158386,0.6463381052017212,0.0046857851557433605,0.11638418730823712,0.8817787965138754,0.0018370155419364191,1,glioma,True
2958,"[[57]
 [53]
 [49]
 [52]
 [50]]",4,1,glioma,True,0.0002375002222834155,0.9996612071990967,0.0001012658976833336,0.00022447993978857994,0.9997755885124207,1.5014295362547614e-09,0.030297134071588516,0.9695112705230713,0.00019157349015586078,0.010253038077886837,0.9896493554115295,9.761362975624355e-05,1,glioma,True
2959,"[[57]
 [54]
 [53]
 [56]
 [55]]",4,1,glioma,True,0.5442721247673035,0.45572763681411743,1.7464515167375794e-07,0.8814978003501892,0.11850225180387497,5.4086936318586964e-11,0.4221512973308563,0.5778483152389526,4.458839271137549e-07,0.6159737408161163,0.38402606795231503,2.0686105524127715e-07,0,meningioma,False
2960,"[[57]
 [54]
 [53]
 [56]
 [55]]",4,1,glioma,True,0.25642120838165283,0.74356609582901,1.2662816516240127e-05,0.8108550906181335,0.1891447752714157,1.0503198666356184e-07,0.4858167767524719,0.5141691565513611,1.4079837455938105e-05,0.5176976919174194,0.4822933425505956,8.949228652947264e-06,0,meningioma,False
2961,"[[57]
 [54]
 [53]
 [56]
 [55]]",4,1,glioma,True,0.9394723773002625,0.06051928550004959,8.411995622736868e-06,0.907483696937561,0.09251629561185837,1.7125563189779314e-08,0.6250578165054321,0.3749052584171295,3.6910849303239956e-05,0.8240046302477518,0.17598027984301248,1.5113323496388867e-05,0,meningioma,False
2962,"[[57]
 [54]
 [53]
 [56]
 [55]]",4,1,glioma,True,0.9895296692848206,0.010448943823575974,2.140522155968938e-05,0.9896742701530457,0.01032512541860342,6.434351575990149e-07,0.7783302664756775,0.22153985500335693,0.00012982894259039313,0.9191780686378479,0.08077130808184545,5.062586643589384e-05,0,meningioma,False
2963,"[[57]
 [55]
 [54]
 [48]
 [57]]",2,1,glioma,True,0.5325179100036621,0.4674815237522125,5.462353556140442e-07,0.632688045501709,0.36731037497520447,1.5961845747369807e-06,0.13318264484405518,0.8668174147605896,1.0891717994903401e-14,0.4327962001164754,0.5672031044960022,7.141399804142477e-07,1,glioma,True
2964,"[[57]
 [55]
 [54]
 [48]
 [57]]",2,1,glioma,True,0.42242714762687683,0.5775687098503113,4.128419277549256e-06,0.5626809000968933,0.4373137652873993,5.382203198678326e-06,0.2738055884838104,0.726194441318512,3.258034304582519e-13,0.41963787873586017,0.5803589721520742,3.170207600677004e-06,1,glioma,True
2965,"[[49]
 [48]
 [55]
 [49]
 [57]
 [48]]",2,0,meningioma,True,0.999915361404419,8.466914732707664e-05,5.536809617560923e-13,0.9035395979881287,0.09646039456129074,3.577691528450222e-13,0.9984344840049744,0.001565452665090561,9.808701241305267e-21,0.9672964811325073,0.03270350545790279,3.0381670813660524e-13,0,meningioma,True
2966,"[[57]
 [55]
 [54]
 [48]
 [57]]",2,1,glioma,True,0.6131436228752136,0.3867548108100891,0.00010158916120417416,0.5444827675819397,0.4555000066757202,1.7229580407729372e-05,0.7089873552322388,0.29101264476776123,3.704959394834617e-10,0.622204581896464,0.3777558207511902,3.960637070261434e-05,0,meningioma,False
2967,"[[57]
 [55]
 [54]
 [48]
 [57]]",2,1,glioma,True,0.7970540523529053,0.20252811908721924,0.00041791764670051634,0.5343618392944336,0.4656165838241577,2.1547979486058466e-05,0.6089792847633362,0.3910207152366638,4.064821534921492e-10,0.6467983921368917,0.35305513938268024,0.00014648867755624276,0,meningioma,False
2968,"[[57]
 [56]
 [56]
 [56]
 [57]]",4,1,glioma,True,0.010086553171277046,0.9899125695228577,9.112675343203591e-07,0.08628072589635849,0.9137192368507385,1.3472492566002359e-10,0.009232187643647194,0.9907634854316711,4.384733983897604e-06,0.035199822237094246,0.9647984306017557,1.765378747714541e-06,1,glioma,True
2969,"[[57]
 [56]
 [56]
 [56]
 [57]]",4,1,glioma,True,0.0022498969919979572,0.9977495074272156,5.476916271618393e-07,0.00014060984540265054,0.9998593330383301,1.649795855485081e-10,0.0017396825132891536,0.9982532858848572,7.0049754867795855e-06,0.0013767297835632537,0.9986207087834676,2.5176106978423243e-06,1,glioma,True
2970,"[[57]
 [56]
 [56]
 [56]
 [57]]",4,1,glioma,True,0.025246741250157356,0.9747417569160461,1.1561282008187845e-05,0.022521372884511948,0.9774786233901978,1.2213458688847822e-08,0.048553142696619034,0.9514203071594238,2.6584924853523262e-05,0.032107085610429444,0.9678802291552225,1.2719473440133319e-05,1,glioma,True
2971,"[[57]
 [56]
 [56]
 [56]
 [57]]",4,1,glioma,True,0.07263581454753876,0.9273295998573303,3.4564109228085726e-05,0.14756706357002258,0.8524327874183655,1.4760247779577185e-07,0.3996732831001282,0.6003071665763855,1.956722371687647e-05,0.20662538707256317,0.7933565179506937,1.8092978474252657e-05,1,glioma,True
2972,"[[57]
 [56]
 [56]
 [56]
 [57]]",4,1,glioma,True,0.10150682926177979,0.8984147310256958,7.840021135052666e-05,0.9422041177749634,0.05779585614800453,1.0185282839358933e-08,0.0597541444003582,0.9398121237754822,0.00043370865751057863,0.36782169714570045,0.6320075703163942,0.00017070635138131487,1,glioma,True
2973,"[[57]
 [56]
 [56]
 [56]
 [57]]",4,1,glioma,True,0.3216373026371002,0.6782379746437073,0.00012477820564527065,0.9134593605995178,0.08653631806373596,4.34358480561059e-06,0.0809008777141571,0.9155059456825256,0.0035932252649217844,0.43866584698359173,0.5600934127966563,0.0012407823517908885,1,glioma,True
2974,"[[49]
 [48]
 [53]
 [57]
 [51]
 [54]]",1,2,pituitary,True,0.00013956807379145175,0.0002830479061231017,0.9995773434638977,3.4336033422732726e-05,4.2188188672298566e-05,0.9999234676361084,0.0004705669416580349,9.965226126951165e-06,0.9995194673538208,0.00021482368295740648,0.00011173377364078381,0.9996734261512756,2,pituitary,True
2975,"[[49]
 [48]
 [53]
 [57]
 [51]
 [54]]",1,2,pituitary,True,4.895109213975957e-06,1.413666905136779e-05,0.9999809265136719,3.0848659662296996e-06,3.902448497683508e-06,0.9999929666519165,0.000335997756337747,4.054456894664327e-06,0.9996598958969116,0.00011465924383931754,7.364524814571875e-06,0.9998779296875,2,pituitary,True
2976,"[[49]
 [48]
 [55]
 [49]
 [57]
 [48]]",2,0,meningioma,True,0.999994158744812,5.857292762811994e-06,5.888083125455204e-14,0.9769775867462158,0.023022405803203583,4.308792472124123e-12,0.9999791383743286,2.08467899938114e-05,5.883861426332406e-26,0.9923169612884521,0.007683036628653402,1.4558911011262448e-12,0,meningioma,True
2977,"[[49]
 [48]
 [53]
 [57]
 [51]
 [54]]",1,2,pituitary,True,5.35478704932757e-07,1.9772736777667888e-05,0.9999797344207764,3.2871230359887704e-06,7.228633876366075e-06,0.9999895095825195,0.0005230347160249949,3.598539478844032e-05,0.9994409680366516,0.00017561910592197213,2.099558848082476e-05,0.9998034040133158,2,pituitary,True
2978,"[[49]
 [48]
 [53]
 [57]
 [51]
 [54]]",1,2,pituitary,True,5.605030310107395e-05,0.0010668125469237566,0.9988771080970764,0.00020496438082773238,0.0006229567807167768,0.9991720914840698,0.0014236612478271127,0.0010470583802089095,0.9975293278694153,0.0005615586439186396,0.000912275902616481,0.9985261758168539,2,pituitary,True
2979,"[[49]
 [48]
 [54]
 [48]
 [54]
 [50]]",2,2,pituitary,True,0.002441775519400835,0.0038941954262554646,0.993664026260376,0.00036658349563367665,0.00014988690963946283,0.9994834661483765,0.10502728819847107,7.97511893324554e-06,0.8949646949768066,0.03594521573783519,0.0013506858182760577,0.962704062461853,2,pituitary,True
2980,"[[49]
 [48]
 [54]
 [48]
 [54]
 [50]]",2,2,pituitary,True,0.004133511800318956,0.05949234589934349,0.9363741278648376,0.005593907553702593,0.001385020324960351,0.9930210709571838,0.04178323596715927,0.00011190435179742053,0.9581049084663391,0.017170218440393608,0.02032975685870042,0.9625000357627869,2,pituitary,True
2981,"[[49]
 [48]
 [54]
 [48]
 [54]
 [50]]",2,2,pituitary,True,0.009709845297038555,0.5661813020706177,0.4241088926792145,0.021930735558271408,0.004992449656128883,0.9730768203735352,0.014054663479328156,0.0034570200368762016,0.9824883341789246,0.01523174811154604,0.19154359058787426,0.7932246824105581,2,pituitary,True
2982,"[[49]
 [48]
 [54]
 [48]
 [54]
 [50]]",2,2,pituitary,True,0.015858033671975136,0.12635143101215363,0.8577905297279358,0.011702178046107292,0.0013839552411809564,0.9869138598442078,0.05831797420978546,0.002959401812404394,0.9387226700782776,0.028626061975955963,0.04356492935524633,0.9278090198834738,2,pituitary,True
2983,"[[49]
 [48]
 [55]
 [52]
 [57]
 [53]]",3,2,pituitary,True,0.0008580656722187996,4.6349399781320244e-05,0.9990955591201782,1.0777210945889237e-06,8.690874528838322e-05,0.9999120235443115,1.6908774341573007e-05,5.236069000602583e-07,0.9999825954437256,0.0002920173892183205,4.459391732325457e-05,0.9996633927027384,2,pituitary,True
2984,"[[49]
 [48]
 [55]
 [52]
 [57]
 [53]]",3,2,pituitary,True,2.7323227186570875e-05,2.2660383365291636e-06,0.9999704360961914,3.3517861197651655e-07,3.934792403015308e-06,0.9999957084655762,2.698671323742019e-06,4.8200913482787655e-08,0.9999972581863403,1.0119025707429804e-05,2.0830105510090866e-06,0.999987800916036,2,pituitary,True
2985,"[[49]
 [48]
 [55]
 [52]
 [57]
 [53]]",3,2,pituitary,True,0.004306435119360685,8.372049342142418e-05,0.9956098198890686,3.7378295019152574e-06,2.4925007892306894e-05,0.9999713897705078,1.9282322682556696e-05,2.1019516793785442e-07,0.9999804496765137,0.0014431517571817192,3.628523216055631e-05,0.99852055311203,2,pituitary,True
2986,"[[49]
 [48]
 [55]
 [52]
 [57]
 [53]]",3,2,pituitary,True,0.004141782410442829,3.940633177990094e-05,0.9958187937736511,4.348625225247815e-06,2.3442893507308327e-05,0.9999722242355347,2.292814087923034e-06,8.730874867524108e-08,0.999997615814209,0.0013828079499186667,2.0978844678628168e-05,0.998596211274465,2,pituitary,True
2987,"[[49]
 [48]
 [55]
 [50]
 [52]
 [56]]",4,0,meningioma,True,0.8945481181144714,0.10281834006309509,0.002633525524288416,0.949108898639679,0.04486861824989319,0.006022472865879536,0.757000207901001,0.21519987285137177,0.02779991738498211,0.8668857415517172,0.12096227705478668,0.01215197192505002,0,meningioma,True
2988,"[[49]
 [48]
 [55]
 [52]
 [57]
 [53]]",3,2,pituitary,True,0.13851122558116913,0.0003490294038783759,0.861139714717865,1.551021523482632e-05,0.0003247616405133158,0.9996597766876221,3.5173427477275254e-06,8.949149901127385e-07,0.9999955892562866,0.04617675104638389,0.00022489531979393482,0.9535983602205912,2,pituitary,True
2989,"[[49]
 [48]
 [55]
 [52]
 [57]
 [53]]",3,2,pituitary,True,0.0807662233710289,0.00042403643601574004,0.9188097715377808,4.6401150029851124e-05,0.0002431805187370628,0.9997103810310364,7.695749081904069e-05,5.819038960908074e-06,0.9999172687530518,0.026963194003959263,0.00022434533123790365,0.9728124737739563,2,pituitary,True
2990,"[[49]
 [48]
 [55]
 [52]
 [57]
 [53]]",3,2,pituitary,True,0.02790970914065838,0.0004261985304765403,0.9716640710830688,3.1295833196054446e-06,9.663363744039088e-05,0.999900221824646,1.1037483091058675e-05,4.266985706635751e-05,0.9999462366104126,0.009307958735689681,0.00018850067499442957,0.9905035098393759,2,pituitary,True
2991,"[[49]
 [48]
 [55]
 [52]
 [50]
 [57]]",3,2,pituitary,True,0.06413152068853378,0.00702424393966794,0.9288442730903625,0.01296372339129448,0.0011848253197968006,0.9858514666557312,0.008251835592091084,0.000463602103991434,0.9912846088409424,0.02844902655730645,0.0028908904544853917,0.9686601161956787,2,pituitary,True
2992,"[[49]
 [48]
 [55]
 [52]
 [50]
 [57]]",3,2,pituitary,True,0.1059931144118309,0.004433983005583286,0.8895728588104248,0.009698637761175632,0.0005933819920755923,0.9897079467773438,0.01040500495582819,0.0005514458171091974,0.9890434741973877,0.042032252376278244,0.001859603604922692,0.9561080932617188,2,pituitary,True
2993,"[[49]
 [48]
 [55]
 [52]
 [50]
 [57]]",3,2,pituitary,True,0.07216401398181915,0.0003868644416797906,0.9274490475654602,0.020672278478741646,0.0008008313016034663,0.9785269498825073,0.012838268652558327,8.90277442522347e-05,0.9870727062225342,0.03522485370437304,0.0004255744958451639,0.9643495678901672,2,pituitary,True
2994,"[[49]
 [48]
 [55]
 [52]
 [50]
 [57]]",3,2,pituitary,True,0.06530814617872238,7.463450310751796e-05,0.9346171617507935,0.04237692430615425,0.0024607060477137566,0.9551623463630676,0.14370498061180115,0.00015245717077050358,0.8561425805091858,0.0837966836988926,0.000895932573863926,0.915307362874349,2,pituitary,True
2995,"[[49]
 [48]
 [55]
 [52]
 [50]
 [57]]",3,2,pituitary,True,0.16081646084785461,0.0001582236000103876,0.8390253186225891,0.03429943695664406,0.23211213946342468,0.733588457107544,0.09228350222110748,0.0018284793477505445,0.905888020992279,0.09579980000853539,0.0780329474703952,0.8261672655741373,2,pituitary,True
2996,"[[49]
 [48]
 [55]
 [52]
 [50]
 [57]]",3,2,pituitary,True,0.08828409016132355,0.006307157222181559,0.9054087996482849,0.030410589650273323,0.10972803831100464,0.8598613739013672,0.31155702471733093,0.002588630188256502,0.6858543753623962,0.14341723484297594,0.0395412752404809,0.8170415163040161,2,pituitary,True
2997,"[[49]
 [48]
 [55]
 [53]
 [48]
 [53]]",2,2,pituitary,True,2.6105679353349842e-05,0.0006637343904003501,0.9993101358413696,0.010537389665842056,0.010237416252493858,0.979225218296051,0.0008016903302632272,3.957822173106251e-06,0.999194324016571,0.0037883952251528776,0.0036350361550224384,0.9925765593846639,2,pituitary,True
2998,"[[49]
 [48]
 [55]
 [50]
 [52]
 [56]]",4,0,meningioma,True,0.6508651375770569,0.32351720333099365,0.025617578998208046,0.011018904857337475,0.8761217594146729,0.11285935342311859,0.32942652702331543,0.4455317556858063,0.22504167258739471,0.33043685648590326,0.5483902394771576,0.12117286833624046,1,glioma,False
2999,"[[49]
 [48]
 [55]
 [53]
 [48]
 [53]]",2,2,pituitary,True,9.020319703267887e-05,0.0008111563511192799,0.9990986585617065,0.015278306789696217,0.011710526421666145,0.9730111956596375,0.0016093846643343568,1.2878061170340516e-05,0.9983776807785034,0.005659298217021084,0.004178186944651922,0.9901625116666158,2,pituitary,True
3000,"[[49]
 [48]
 [55]
 [53]
 [48]
 [53]]",2,2,pituitary,True,0.00027884781593456864,0.0014775878516957164,0.9982435703277588,0.017471715807914734,0.012646184302866459,0.969882071018219,0.004122924990952015,9.049015829987184e-07,0.9958761930465698,0.007291162871600439,0.004708225685381724,0.9880006114641825,2,pituitary,True
3001,"[[49]
 [48]
 [55]
 [53]
 [48]
 [53]]",2,2,pituitary,True,0.000729300023522228,0.005898196715861559,0.9933725595474243,0.09245233982801437,0.08276843279600143,0.8247791528701782,0.0035467157140374184,1.9369026631466113e-05,0.9964338541030884,0.03224278518852467,0.029561999512831488,0.9381951888402303,2,pituitary,True
3002,"[[49]
 [48]
 [55]
 [53]
 [48]
 [53]]",2,2,pituitary,True,0.011053577996790409,0.32717660069465637,0.6617698073387146,0.09797076135873795,0.1046079620718956,0.7974212765693665,0.0013316822005435824,0.0002556245890446007,0.9984127283096313,0.036785340518690646,0.14401339578519887,0.8192012707392374,2,pituitary,True
3003,"[[49]
 [48]
 [55]
 [53]
 [48]
 [53]]",2,2,pituitary,True,0.0027328352443873882,0.044037703424692154,0.9532294869422913,0.07090722769498825,0.05425451323390007,0.8748382329940796,0.0020077205263078213,7.007478416198865e-05,0.9979222416877747,0.025215927821894486,0.03278743048091807,0.9419966538747152,2,pituitary,True
3004,"[[49]
 [48]
 [55]
 [53]
 [48]
 [53]]",2,2,pituitary,True,0.00039234841824509203,0.007594431284815073,0.9920132756233215,0.14109334349632263,0.0806826800107956,0.7782239317893982,0.0013384494232013822,0.0002554839593358338,0.9984061121940613,0.0476080471125897,0.029510865084982168,0.9228811065355936,2,pituitary,True
3005,"[[49]
 [48]
 [55]
 [55]
 [52]
 [51]]",2,2,pituitary,True,1.4799521522945724e-05,4.551098027150147e-05,0.9999396800994873,0.0007636315422132611,0.0014195793773978949,0.997816801071167,5.4114079830469564e-05,1.2554714885482099e-06,0.9999446868896484,0.0002775150478555588,0.0004887819430526482,0.9992337226867676,2,pituitary,True
3006,"[[49]
 [48]
 [55]
 [55]
 [52]
 [51]]",2,2,pituitary,True,2.3073232569004176e-06,3.3153257845697226e-06,0.9999943971633911,0.00020397199841681868,0.0003316107322461903,0.9994644522666931,9.13078838493675e-06,7.602947249552017e-08,0.9999908208847046,7.180337001955195e-05,0.00011166736250108518,0.9998165567715963,2,pituitary,True
3007,"[[49]
 [48]
 [55]
 [55]
 [52]
 [51]]",2,2,pituitary,True,1.3753961866314057e-05,5.51926086700405e-06,0.9999806880950928,0.00029645301401615143,0.00027347358991391957,0.9994300007820129,0.00013249157927930355,3.0711504450664506e-07,0.9998672008514404,0.00014756618505392302,9.309998860847675e-05,0.999759296576182,2,pituitary,True
3008,"[[49]
 [48]
 [55]
 [55]
 [52]
 [51]]",2,2,pituitary,True,9.729214070830494e-06,1.633697138458956e-06,0.9999886751174927,0.00021566959912888706,0.0002153099630959332,0.9995689988136292,8.724155486561358e-05,3.302121243109468e-08,0.9999127388000488,0.00010421345602177705,7.232556048227441e-05,0.9998234709103903,2,pituitary,True
3009,"[[49]
 [48]
 [55]
 [50]
 [52]
 [56]]",4,0,meningioma,True,0.5257421135902405,0.003277202369645238,0.4709806740283966,0.07122521847486496,0.0033658386673778296,0.9254089593887329,0.4615318179130554,0.0023139934055507183,0.5361541509628296,0.3528330499927203,0.0029856781475245953,0.6441812614599863,2,pituitary,False
3010,"[[49]
 [48]
 [56]
 [56]
 [53]
 [56]]",2,2,pituitary,True,0.0003382101422175765,0.002262681955471635,0.997399091720581,0.019956504926085472,0.016776256263256073,0.9632672667503357,0.00014684957568533719,2.4189130272134207e-06,0.9998507499694824,0.006813854881329462,0.006347119043918307,0.9868390361467997,2,pituitary,True
3011,"[[49]
 [48]
 [56]
 [56]
 [53]
 [56]]",2,2,pituitary,True,0.011381628923118114,0.10594934225082397,0.8826689720153809,0.25448834896087646,0.18036878108978271,0.5651428699493408,0.0009501386666670442,0.0007385971839539707,0.9983112812042236,0.08894003885022055,0.09568557350818689,0.8153743743896484,2,pituitary,True
3012,"[[49]
 [48]
 [56]
 [56]
 [53]
 [56]]",2,2,pituitary,True,0.0045560309663414955,0.20232492685317993,0.7931190729141235,0.2618517279624939,0.19818930327892303,0.5399590134620667,0.00013464916264638305,0.0019907429814338684,0.9978746175765991,0.08884746936382726,0.13416832437117895,0.7769842346509298,2,pituitary,True
3013,"[[49]
 [48]
 [56]
 [56]
 [53]
 [56]]",2,2,pituitary,True,0.013286614790558815,0.7723492383956909,0.21436414122581482,0.3807631731033325,0.24839343130588531,0.37084341049194336,0.0002417090581730008,0.022395610809326172,0.9773626923561096,0.13143049898402145,0.3477127601703008,0.5208567480246226,2,pituitary,True
3014,"[[49]
 [48]
 [56]
 [56]
 [53]
 [56]]",2,2,pituitary,True,0.025988858193159103,0.702131450176239,0.2718797028064728,0.38920170068740845,0.19725948572158813,0.4135388731956482,0.00025085985544137657,0.004295578226447105,0.9954535961151123,0.13848047291200297,0.30122883804142475,0.5602907240390778,2,pituitary,True
3015,"[[49]
 [48]
 [56]
 [57]
 [51]
 [49]]",4,2,pituitary,True,0.0007773140678182244,0.0515492707490921,0.9476734399795532,3.564733196981251e-05,0.0005237737786956131,0.999440610408783,0.005899796728044748,0.0028711457271128893,0.9912290573120117,0.0022375860426109284,0.018314730084966868,0.9794477025667826,2,pituitary,True
3016,"[[49]
 [48]
 [56]
 [57]
 [51]
 [49]]",4,2,pituitary,True,0.005465037189424038,0.01583348959684372,0.9787014722824097,0.00012615315790753812,0.00028470400138758123,0.9995891451835632,0.012837516143918037,0.0035759310703724623,0.9835864901542664,0.006142902163749871,0.006564708222867921,0.9872923692067465,2,pituitary,True
3017,"[[49]
 [48]
 [56]
 [57]
 [51]
 [49]]",4,2,pituitary,True,0.0010077222250401974,0.07453423738479614,0.9244580268859863,8.360714127775282e-05,0.0015498707070946693,0.9983665347099304,0.004085666965693235,0.0009393919608555734,0.9949749708175659,0.0017256654440037285,0.02567450001758213,0.9725998441378275,2,pituitary,True
3018,"[[49]
 [48]
 [57]
 [52]
 [55]
 [49]]",0,2,pituitary,True,0.286974161863327,0.3908206820487976,0.32220518589019775,0.13233719766139984,0.39669156074523926,0.4709712266921997,0.003078700974583626,0.001621899544261396,0.9952993392944336,0.1407966868331035,0.2630447141127661,0.5961585839589437,2,pituitary,True
3019,"[[49]
 [48]
 [57]
 [52]
 [55]
 [49]]",0,2,pituitary,True,0.16299590468406677,0.2820153534412384,0.5549887418746948,0.07981275022029877,0.3035295009613037,0.6166577935218811,0.0030542134772986174,0.0009314474300481379,0.9960143566131592,0.08195428946055472,0.19549210061086342,0.7225536306699117,2,pituitary,True
3020,"[[49]
 [48]
 [55]
 [50]
 [52]
 [56]]",4,0,meningioma,True,0.16665054857730865,0.002350111026316881,0.8309993743896484,0.06016949564218521,0.005709109827876091,0.9341213703155518,0.10064170509576797,5.081014387542382e-05,0.8993074893951416,0.10915391643842061,0.0027033436660227985,0.8881427447001139,2,pituitary,False
3021,"[[49]
 [48]
 [57]
 [52]
 [55]
 [49]]",0,2,pituitary,True,0.147561714053154,0.2783697843551636,0.5740684866905212,0.059110239148139954,0.3022739887237549,0.6386157870292664,0.0033368428703397512,0.0009387793834321201,0.9957243204116821,0.0700029320238779,0.19386085082078353,0.7361361980438232,2,pituitary,True
3022,"[[49]
 [48]
 [57]
 [52]
 [55]
 [49]]",0,2,pituitary,True,0.14056281745433807,0.26500028371810913,0.5944368839263916,0.06760968267917633,0.2784521281719208,0.6539381742477417,0.004254561383277178,0.0010121295927092433,0.9947333335876465,0.07080902050559719,0.1814881804942464,0.7477027972539266,2,pituitary,True
3023,"[[49]
 [48]
 [57]
 [55]
 [54]
 [57]]",3,2,pituitary,True,0.0041532982140779495,0.000176686531631276,0.9956700801849365,9.072047760128044e-06,8.928558236220852e-05,0.9999016523361206,8.382638952753041e-06,4.472198725125054e-06,0.9999871253967285,0.001390250966930277,9.014810423953652e-05,0.9985196193059286,2,pituitary,True
3024,"[[49]
 [48]
 [57]
 [55]
 [54]
 [57]]",3,2,pituitary,True,0.00041435507591813803,1.844690996222198e-05,0.9995672106742859,4.511912550242414e-07,4.966671895090258e-06,0.9999946355819702,2.0007014711609372e-07,1.7620611743041081e-06,0.9999980926513672,0.00013833544577342613,8.391881010538782e-06,0.9998533129692078,2,pituitary,True
3025,"[[49]
 [48]
 [57]
 [55]
 [54]
 [57]]",3,2,pituitary,True,0.005212059244513512,0.0021040544379502535,0.9926839470863342,1.8593202185002156e-05,0.0011052971240133047,0.99887615442276,2.9474569601006806e-05,8.37800616864115e-05,0.9998867511749268,0.0017533756720998401,0.0010977105412166566,0.9971489508946737,2,pituitary,True
3026,"[[49]
 [48]
 [57]
 [55]
 [54]
 [57]]",3,2,pituitary,True,0.003025997430086136,0.0005370244616642594,0.9964369535446167,7.467686373274773e-06,0.0010995197808369994,0.9988930821418762,7.227315563795855e-06,1.2100958883820567e-05,0.9999806880950928,0.0010135641440077354,0.0005495484004616932,0.9984369079271952,2,pituitary,True
3027,"[[49]
 [48]
 [57]
 [56]
 [57]
 [56]]",1,2,pituitary,True,1.7758641490672744e-07,3.6900001987305586e-07,0.9999994039535522,0.0032720526214689016,0.00028174903127364814,0.9964461922645569,0.00021478602138813585,3.325091711303685e-06,0.9997819066047668,0.001162338743090648,9.514770766827496e-05,0.9987425009409586,2,pituitary,True
3028,"[[49]
 [48]
 [57]
 [56]
 [57]
 [56]]",1,2,pituitary,True,6.880128694319865e-06,8.002944014151581e-07,0.9999923706054688,0.0010413231793791056,2.7477104595163837e-05,0.9989312291145325,0.00073742785025388,5.218920478000655e-07,0.9992620348930359,0.0005952103861091018,9.599763681459686e-06,0.9993952115376791,2,pituitary,True
3029,"[[49]
 [48]
 [57]
 [56]
 [57]
 [56]]",1,2,pituitary,True,0.000122575816931203,7.230300980154425e-06,0.9998701810836792,0.0014533287612721324,1.7442005628254265e-05,0.9985291957855225,0.001014180132187903,4.7577967166034796e-07,0.9989853501319885,0.0008633615701304128,8.382695426689679e-06,0.9991282423337301,2,pituitary,True
3030,"[[49]
 [48]
 [57]
 [56]
 [57]
 [56]]",1,2,pituitary,True,0.00013697025133296847,9.14531119633466e-05,0.9997715353965759,0.0038467394188046455,0.00010809368541231379,0.9960451722145081,0.00062157167121768,1.276871989830397e-05,0.9993656277656555,0.0015350937804517646,7.077183909132145e-05,0.9983941117922465,2,pituitary,True
3031,"[[49]
 [48]
 [55]
 [50]
 [52]
 [56]]",4,0,meningioma,True,0.492992639541626,0.018190540373325348,0.4888167679309845,0.3307238817214966,0.0021844087168574333,0.6670916676521301,0.6878266930580139,0.0013619584497064352,0.3108113408088684,0.5038477381070455,0.007245635846629739,0.488906592130661,0,meningioma,True
3032,"[[49]
 [48]
 [57]
 [56]
 [57]
 [56]]",1,2,pituitary,True,1.736252124828752e-05,2.817699350998737e-05,0.9999544620513916,0.0024514109827578068,7.868587999837473e-05,0.9974699020385742,0.0001839270262280479,2.231923190265661e-06,0.9998138546943665,0.0008842335100780474,3.636493223287592e-05,0.9990794062614441,2,pituitary,True
3033,"[[49]
 [48]
 [57]
 [56]
 [57]
 [56]]",1,2,pituitary,True,0.001655712490901351,0.00028028577798977494,0.9980639815330505,0.0004760644515044987,1.0823026059370022e-05,0.9995131492614746,0.00044370279647409916,1.6912767932808492e-06,0.9995545744895935,0.0008584932462933162,9.760002694747527e-05,0.9990439017613729,2,pituitary,True
3034,"[[49]
 [49]
 [48]
 [53]
 [49]
 [56]]",4,2,pituitary,True,0.8754907846450806,0.12265715003013611,0.0018521161982789636,0.0008207211503759027,0.9991791844367981,1.1169041158609616e-07,0.6000605821609497,0.3990659713745117,0.0008733939612284303,0.49212402931880206,0.5069674352804819,0.00090854061663966,1,glioma,False
3035,"[[49]
 [49]
 [48]
 [53]
 [49]
 [56]]",4,2,pituitary,True,0.44605132937431335,0.5515398383140564,0.002408825559541583,0.0012355631915852427,0.9987610578536987,3.3040321341104573e-06,0.4895036220550537,0.4976343810558319,0.012862012721598148,0.3122635048736508,0.6826450924078623,0.005091380771091281,1,glioma,False
3036,"[[49]
 [49]
 [48]
 [53]
 [51]
 [55]]",0,2,pituitary,True,0.5555382966995239,0.4172289967536926,0.02723272517323494,0.27863577008247375,0.5448610186576843,0.17650318145751953,0.0916171744465828,0.05707421526312828,0.8513086438179016,0.3085970804095268,0.3397214102248351,0.3516815168162187,2,pituitary,True
3037,"[[49]
 [49]
 [48]
 [53]
 [51]
 [55]]",0,2,pituitary,True,0.5437722206115723,0.4047988951206207,0.05142892897129059,0.3336416482925415,0.422844797372818,0.24351362884044647,0.020939242094755173,0.005863765720278025,0.9731970429420471,0.299451036999623,0.27783581940457225,0.4227132002512614,2,pituitary,True
3038,"[[49]
 [49]
 [48]
 [57]
 [57]
 [51]]",1,2,pituitary,True,0.004171414766460657,1.5339277297243825e-06,0.9958270192146301,0.06348706781864166,0.0013587228022515774,0.9351541996002197,0.008505682460963726,0.01394329871982336,0.9775510430335999,0.02538805501535535,0.005101185149934888,0.9695107539494833,2,pituitary,True
3039,"[[49]
 [49]
 [48]
 [57]
 [57]
 [51]]",1,2,pituitary,True,0.009234271012246609,2.109706292685587e-05,0.9907446503639221,0.018348433077335358,0.00018072439706884325,0.9814708828926086,0.0019206686411052942,0.00821642391383648,0.9898629188537598,0.009834457576895753,0.0028060817912773928,0.9873594840367635,2,pituitary,True
3040,"[[49]
 [49]
 [48]
 [57]
 [57]
 [51]]",1,2,pituitary,True,0.001310722786001861,1.7693811287244898e-06,0.9986875653266907,0.00405850587412715,0.0001061998846125789,0.9958353042602539,0.0038468767888844013,0.006688007153570652,0.9894651174545288,0.0030720351496711373,0.002265325473103985,0.9946626623471578,2,pituitary,True
3041,"[[49]
 [49]
 [48]
 [57]
 [57]
 [51]]",1,2,pituitary,True,3.441729495534673e-05,5.636519517793204e-07,0.9999650716781616,0.0011687210062518716,1.5419136616401374e-05,0.9988158941268921,0.00026053792680613697,0.00017638178542256355,0.9995630383491516,0.0004878920760044518,6.412152466358141e-05,0.9994480013847351,2,pituitary,True
3042,"[[49]
 [48]
 [55]
 [50]
 [52]
 [56]]",4,0,meningioma,True,0.025363614782691002,0.0038548277225345373,0.9707815647125244,0.018962392583489418,0.001476297969929874,0.9795612692832947,0.03292056918144226,0.00042040133848786354,0.9666590094566345,0.02574885884920756,0.0019171756769840915,0.9723339478174845,2,pituitary,False
3043,"[[49]
 [49]
 [49]
 [48]
 [55]
 [53]]",0,2,pituitary,True,0.19212186336517334,0.1431397944688797,0.6647382974624634,0.0995142012834549,0.09670200198888779,0.8037838339805603,0.010128985159099102,0.1316756308078766,0.8581953644752502,0.10058834993590911,0.12383914242188136,0.7755724986394247,2,pituitary,True
3044,"[[49]
 [49]
 [49]
 [48]
 [55]
 [53]]",0,2,pituitary,True,0.13371165096759796,0.11995163559913635,0.7463366985321045,0.08385396003723145,0.10634981840848923,0.8097962141036987,0.006332849618047476,0.0906563326716423,0.9030108451843262,0.07463282020762563,0.10565259555975597,0.8197145859400431,2,pituitary,True
3045,"[[49]
 [49]
 [49]
 [48]
 [55]
 [53]]",0,2,pituitary,True,0.06974827498197556,0.08369726687669754,0.8465544581413269,0.03252563253045082,0.07258182018995285,0.8948925137519836,0.001475465134717524,0.011067477986216545,0.9874570965766907,0.03458312421571463,0.05578218835095564,0.9096346894900004,2,pituitary,True
3046,"[[49]
 [49]
 [49]
 [48]
 [55]
 [53]]",0,2,pituitary,True,0.04731707647442818,0.06122796609997749,0.8914549350738525,0.02394719608128071,0.05821703001856804,0.9178357720375061,0.00042387167923152447,0.0029661874286830425,0.9966098666191101,0.02389604807831347,0.04080372784907619,0.9353001912434896,2,pituitary,True
3047,"[[49]
 [49]
 [49]
 [48]
 [55]
 [53]]",0,2,pituitary,True,0.036814503371715546,0.05220247805118561,0.9109830260276794,0.02244403399527073,0.05880486220121384,0.918751060962677,0.00021693740563932806,0.0013810812961310148,0.998401939868927,0.01982515825754187,0.037462807182843484,0.9427120089530945,2,pituitary,True
3048,"[[49]
 [49]
 [49]
 [48]
 [55]
 [53]]",0,2,pituitary,True,0.030544063076376915,0.04706544429063797,0.9223904609680176,0.026491155847907066,0.07381909340620041,0.8996897339820862,0.0005281330668367445,0.001971842022612691,0.9975000023841858,0.019187783997040242,0.04095212657315036,0.9398600657780966,2,pituitary,True
3049,"[[49]
 [49]
 [49]
 [49]
 [50]
 [53]]",3,2,pituitary,True,0.035709261894226074,2.6620005883160047e-05,0.9642640948295593,0.0005865069106221199,0.0011709437239915133,0.9982424974441528,1.4391808690561447e-05,8.563441724618315e-07,0.9999847412109375,0.012103386871179586,0.0003994733580157117,0.9874971111615499,2,pituitary,True
3050,"[[49]
 [49]
 [49]
 [49]
 [50]
 [53]]",3,2,pituitary,True,0.018178490921854973,7.575078780064359e-05,0.981745719909668,9.908791980706155e-05,0.0003639115602709353,0.9995369911193848,9.774646059668157e-06,2.3612565200892277e-06,0.9999878406524658,0.0060957844959072345,0.00014734120153055605,0.9937568505605062,2,pituitary,True
3051,"[[49]
 [49]
 [49]
 [49]
 [50]
 [53]]",3,2,pituitary,True,0.08371976017951965,0.0009510014788247645,0.9153292179107666,0.00013256190868560225,0.0012908662902191281,0.9985765218734741,7.454387377947569e-05,2.716596782192937e-06,0.9999227523803711,0.027975621987328243,0.0007481947886086952,0.9712761640548706,2,pituitary,True
3052,"[[49]
 [49]
 [49]
 [49]
 [50]
 [53]]",3,2,pituitary,True,0.11315958946943283,0.010361607186496258,0.8764788508415222,0.00011327848915243521,0.0016116920160129666,0.9982750415802002,0.00019161672389600426,7.282441856659716e-06,0.9998010993003845,0.03782149489416042,0.003993527214788628,0.9581849972407023,2,pituitary,True
3053,"[[49]
 [48]
 [55]
 [52]
 [57]
 [52]]",1,0,meningioma,True,0.3311268389225006,0.00590489013120532,0.6629682779312134,0.9036808609962463,0.07545749098062515,0.020861661061644554,0.29896506667137146,0.4824226498603821,0.2186122089624405,0.5112575888633728,0.18792834365740418,0.3008140493184328,0,meningioma,True
3054,"[[49]
 [49]
 [49]
 [55]
 [56]
 [53]]",0,2,pituitary,True,0.010332167148590088,0.024649742990732193,0.965018093585968,0.017117515206336975,0.06978731602430344,0.9130951762199402,0.00028389503131620586,0.0004326781490817666,0.999283492565155,0.009244525795414424,0.03162324572137246,0.9591322541236877,2,pituitary,True
3055,"[[49]
 [49]
 [49]
 [55]
 [56]
 [53]]",0,2,pituitary,True,0.008523207157850266,0.020121634006500244,0.9713551998138428,0.014871139079332352,0.057104598730802536,0.9280242323875427,0.00010541153460508212,0.00017490310710854828,0.9997196793556213,0.0078332525905959,0.025800378614803776,0.9663663705190023,2,pituitary,True
3056,"[[49]
 [49]
 [49]
 [55]
 [56]
 [53]]",0,2,pituitary,True,0.010275362059473991,0.024066098034381866,0.9656585454940796,0.018806373700499535,0.07423001527786255,0.906963586807251,0.00015125669597182423,0.00028207528521306813,0.9995666146278381,0.00974433081864845,0.03285939619915249,0.9573962489763895,2,pituitary,True
3057,"[[49]
 [49]
 [49]
 [55]
 [56]
 [53]]",0,2,pituitary,True,0.011644412763416767,0.02769828960299492,0.9606572389602661,0.0225774347782135,0.08809639513492584,0.8893261551856995,0.00018583897326607257,0.0003313519118819386,0.9994827508926392,0.01146922883829878,0.03870867888326757,0.9498220483462015,2,pituitary,True
3058,"[[49]
 [49]
 [50]
 [48]
 [55]
 [52]]",2,2,pituitary,True,0.03948076814413071,0.9604945778846741,2.4659140763105825e-05,0.22463834285736084,0.7752923965454102,6.925196794327348e-05,0.8229607343673706,0.17664220929145813,0.0003971399855799973,0.3623599484562874,0.6374763945738474,0.00016368369809545888,1,glioma,False
3059,"[[49]
 [49]
 [50]
 [48]
 [55]
 [52]]",2,2,pituitary,True,0.04377957805991173,0.9562197327613831,7.368621481873561e-07,0.1643083095550537,0.8356862664222717,5.410649464465678e-06,0.7313597202301025,0.2686331868171692,7.141659807530232e-06,0.31314920261502266,0.686846395333608,4.429723806727755e-06,1,glioma,False
3060,"[[49]
 [49]
 [50]
 [48]
 [55]
 [52]]",2,2,pituitary,True,0.0009197726612910628,0.9990800619125366,1.6575343408931076e-07,0.04500947520136833,0.9549871683120728,3.469429202596075e-06,0.15419404208660126,0.8458057045936584,1.974190411146992e-07,0.06670776331642021,0.933290978272756,1.2775338926000284e-06,1,glioma,False
3061,"[[49]
 [49]
 [50]
 [48]
 [55]
 [52]]",2,2,pituitary,True,0.0007801250903867185,0.9992188215255737,1.102497890315135e-06,0.047864675521850586,0.9521301984786987,5.158286967343884e-06,0.30276843905448914,0.6972312331199646,3.0870270961713686e-07,0.11713774655557548,0.8828600843747457,2.189829189092052e-06,1,glioma,False
3062,"[[49]
 [49]
 [50]
 [54]
 [52]
 [57]]",0,2,pituitary,True,0.36276498436927795,0.3167076110839844,0.3205273747444153,0.22095349431037903,0.216741144657135,0.5623053908348083,0.01594502292573452,0.06823285669088364,0.9158220887184143,0.19988783386846384,0.20056053747733435,0.5995516180992126,2,pituitary,True
3063,"[[49]
 [49]
 [50]
 [54]
 [52]
 [57]]",0,2,pituitary,True,0.3296789228916168,0.29244178533554077,0.3778792917728424,0.1597066968679428,0.16109058260917664,0.6792027950286865,0.007769864518195391,0.023716315627098083,0.9685137867927551,0.16571849475925168,0.1590828945239385,0.675198624531428,2,pituitary,True
