image_idx,patient_id,fold,true_label,true_class,pred_MobileNetV2,prob_MobileNetV2_c0,prob_MobileNetV2_c1,prob_MobileNetV2_c2
0,"[[49]
 [48]
 [48]
 [51]
 [54]
 [48]]",2,0,meningioma,2,0.4224131852388382,0.13857010876139006,0.439016729593277
1,"[[49]
 [48]
 [49]
 [48]
 [49]
 [54]]",1,0,meningioma,0,0.9749701619148254,0.024699509764711063,0.00033029391973589856
2,"[[49]
 [48]
 [55]
 [52]
 [57]
 [52]]",1,0,meningioma,0,0.8116720120112101,0.02324447315186262,0.16508351266384125
3,"[[49]
 [49]
 [50]
 [54]
 [52]
 [57]]",0,2,pituitary,2,0.05590254875520865,0.02387642045505345,0.9202210108439127
4,"[[49]
 [49]
 [50]
 [54]
 [52]
 [57]]",0,2,pituitary,2,0.008148822700604796,0.003909382406466951,0.9879417816797892
5,"[[49]
 [49]
 [50]
 [54]
 [52]
 [57]]",0,2,pituitary,2,0.046044803534944855,0.032569175896545254,0.9213860034942627
6,"[[49]
 [49]
 [50]
 [55]
 [52]
 [54]]",2,2,pituitary,2,0.05942705521980921,0.0010982312766524653,0.9394747018814087
7,"[[49]
 [49]
 [50]
 [55]
 [52]
 [54]]",2,2,pituitary,2,0.0247638455281655,0.008341828671594461,0.9668943087259928
8,"[[49]
 [49]
 [50]
 [55]
 [52]
 [54]]",2,2,pituitary,2,0.09400299315651257,0.04298596270382404,0.8630110820134481
9,"[[49]
 [49]
 [50]
 [56]
 [52]
 [55]]",4,2,pituitary,2,0.004485935826475422,0.0003821253969060005,0.9951318899790446
10,"[[49]
 [49]
 [50]
 [56]
 [52]
 [55]]",4,2,pituitary,2,0.0036445460379278907,0.00032366663924676686,0.9960318009058634
11,"[[49]
 [49]
 [50]
 [56]
 [52]
 [55]]",4,2,pituitary,2,0.002893311553634703,1.719981993867729e-05,0.9970895051956177
12,"[[49]
 [49]
 [50]
 [56]
 [52]
 [55]]",4,2,pituitary,2,0.028149676819642384,7.185695532522611e-05,0.9717784523963928
13,"[[49]
 [48]
 [55]
 [52]
 [57]
 [52]]",1,0,meningioma,0,0.6808330615361532,0.03729506488889456,0.28187185525894165
14,"[[49]
 [49]
 [51]
 [50]
 [55]
 [52]]",4,2,pituitary,2,0.019567716711511213,0.0006041266430353668,0.9798281391461691
15,"[[49]
 [49]
 [51]
 [50]
 [55]
 [52]]",4,2,pituitary,2,0.07532172091305256,0.001878645200728594,0.9227996667226156
16,"[[49]
 [49]
 [51]
 [50]
 [55]
 [52]]",4,2,pituitary,2,0.04525529406964779,0.004349098113986353,0.9503956039746603
17,"[[49]
 [49]
 [51]
 [55]
 [52]
 [49]]",3,2,pituitary,2,0.0002992416557390243,1.2784030431478577e-09,0.9997007846832275
18,"[[49]
 [49]
 [51]
 [55]
 [52]
 [49]]",3,2,pituitary,2,0.0004889012974066039,3.1153154176714417e-09,0.9995110829671224
19,"[[49]
 [49]
 [52]
 [48]
 [52]
 [48]]",1,2,pituitary,2,0.061299181232849755,0.0023193052717639753,0.9363815387090048
20,"[[49]
 [49]
 [52]
 [48]
 [52]
 [48]]",1,2,pituitary,2,0.0852066067357858,0.0012958401154416304,0.9134975870450338
21,"[[49]
 [49]
 [52]
 [48]
 [52]
 [48]]",1,2,pituitary,2,0.03977759058276812,0.0008092722030899798,0.9594131509462992
22,"[[49]
 [49]
 [52]
 [51]
 [54]
 [49]]",1,2,pituitary,2,0.021061350281039875,5.2577783208107576e-05,0.978886067867279
23,"[[49]
 [49]
 [52]
 [51]
 [54]
 [49]]",1,2,pituitary,2,0.021441942391296227,1.4897914904092128e-05,0.9785431226094564
24,"[[49]
 [48]
 [55]
 [52]
 [57]
 [52]]",1,0,meningioma,0,0.882078210512797,0.07457169517874718,0.04335008499523004
25,"[[49]
 [49]
 [52]
 [51]
 [54]
 [49]]",1,2,pituitary,2,0.0373318192238609,0.0002907614689320326,0.9623774091402689
26,"[[49]
 [49]
 [52]
 [48]
 [57]
 [52]]",1,2,pituitary,2,0.02868915597597758,0.0027767194939466813,0.9685341318448385
27,"[[49]
 [49]
 [52]
 [48]
 [57]
 [52]]",1,2,pituitary,2,0.02704551039884488,0.0007165577408159152,0.9722379247347513
28,"[[49]
 [49]
 [52]
 [48]
 [57]
 [52]]",1,2,pituitary,2,0.16793686399857202,0.003002499113790691,0.8290606141090393
29,"[[49]
 [49]
 [52]
 [48]
 [57]
 [52]]",1,2,pituitary,2,0.14795997738838196,0.001050324635192131,0.8509896794954935
30,"[[49]
 [48]
 [49]
 [48]
 [49]
 [55]]",2,2,pituitary,2,0.0007299707503989339,6.234540066429872e-07,0.9992693662643433
31,"[[49]
 [48]
 [49]
 [48]
 [49]
 [55]]",2,2,pituitary,2,0.001272777619305998,6.85257490810424e-06,0.9987203478813171
32,"[[49]
 [48]
 [49]
 [48]
 [49]
 [55]]",2,2,pituitary,2,0.0007151045914118489,3.4015818168124192e-06,0.9992814858754476
33,"[[49]
 [48]
 [49]
 [48]
 [49]
 [55]]",2,2,pituitary,2,0.004399737808853388,3.5078519431408495e-05,0.9955651958783468
34,"[[49]
 [48]
 [49]
 [48]
 [49]
 [55]]",2,2,pituitary,2,0.009005315136164427,0.00017228582146344706,0.9908223946889242
35,"[[49]
 [48]
 [55]
 [52]
 [57]
 [52]]",1,0,meningioma,1,0.08103883514801662,0.8631303111712137,0.05583086392531792
36,"[[49]
 [48]
 [49]
 [48]
 [50]
 [57]]",2,2,pituitary,2,0.014489169542988142,0.00010584651924242887,0.9854049881299337
37,"[[49]
 [48]
 [49]
 [48]
 [50]
 [57]]",2,2,pituitary,2,0.010976952500641346,0.0003273978945799172,0.9886956810951233
38,"[[49]
 [48]
 [49]
 [48]
 [50]
 [57]]",2,2,pituitary,2,0.024148411117494106,0.00035941395617555827,0.9754921992619833
39,"[[49]
 [48]
 [49]
 [48]
 [50]
 [57]]",2,2,pituitary,2,0.010239279984186092,0.00011583570812945254,0.9896449049313863
40,"[[49]
 [48]
 [53]
 [57]
 [51]
 [54]]",1,2,pituitary,2,0.005370654786626498,2.335552911366297e-05,0.9946060180664062
41,"[[49]
 [48]
 [54]
 [48]
 [54]
 [50]]",2,2,pituitary,2,0.1814808895190557,0.031862638890743256,0.7866564790407816
42,"[[49]
 [48]
 [54]
 [48]
 [54]
 [50]]",2,2,pituitary,2,0.08576785027980804,0.01367407850921154,0.9005581339200338
43,"[[49]
 [48]
 [54]
 [48]
 [54]
 [50]]",2,2,pituitary,2,0.12950782477855682,0.03529460355639458,0.8351975878079733
44,"[[49]
 [48]
 [54]
 [48]
 [54]
 [50]]",2,2,pituitary,2,0.027003851408759754,0.006583152338862419,0.9664129813512167
45,"[[49]
 [48]
 [54]
 [48]
 [54]
 [50]]",2,2,pituitary,2,0.11354341606299083,0.05787561212976774,0.8285809357961019
46,"[[49]
 [48]
 [56]
 [53]
 [49]
 [52]]",2,0,meningioma,0,0.6165697475274404,0.3817615509033203,0.0016686993185430765
47,"[[49]
 [48]
 [54]
 [48]
 [54]
 [50]]",2,2,pituitary,2,0.1924851636091868,0.16783908009529114,0.6396757761637369
48,"[[49]
 [48]
 [54]
 [48]
 [54]
 [50]]",2,2,pituitary,2,0.0569951298336188,0.0016442540218122303,0.941360592842102
49,"[[49]
 [48]
 [55]
 [52]
 [57]
 [53]]",3,2,pituitary,2,0.001117136882385239,4.987895607655446e-06,0.9988778630892435
50,"[[49]
 [48]
 [55]
 [52]
 [57]
 [53]]",3,2,pituitary,2,0.0002244162023998797,1.5199284888467446e-06,0.9997740387916565
51,"[[49]
 [48]
 [55]
 [52]
 [57]
 [53]]",3,2,pituitary,2,0.00020246913481969386,1.6795165850661913e-08,0.999797503153483
52,"[[49]
 [48]
 [55]
 [52]
 [57]
 [53]]",3,2,pituitary,2,8.962344448567212e-05,2.983610151533848e-08,0.9999103744824728
53,"[[49]
 [48]
 [55]
 [52]
 [57]
 [53]]",3,2,pituitary,2,4.903977317856819e-05,3.3809614274904476e-09,0.9999509652455648
54,"[[49]
 [48]
 [55]
 [52]
 [50]
 [57]]",3,2,pituitary,2,0.0881816390901804,0.005177985255916913,0.906640370686849
55,"[[49]
 [48]
 [55]
 [52]
 [50]
 [57]]",3,2,pituitary,2,0.05624882380167643,0.00025976890659270185,0.9434913992881775
56,"[[49]
 [48]
 [55]
 [52]
 [50]
 [57]]",3,2,pituitary,2,0.02711650573958953,4.730713559789971e-05,0.9728361964225769
57,"[[49]
 [48]
 [56]
 [53]
 [49]
 [52]]",2,0,meningioma,1,0.14463298271099725,0.8540888031323751,0.0012782281070637207
58,"[[49]
 [48]
 [55]
 [52]
 [50]
 [57]]",3,2,pituitary,2,0.06566351559013128,0.0007140139908491013,0.9336224397023519
59,"[[49]
 [48]
 [55]
 [52]
 [50]
 [57]]",3,2,pituitary,2,0.10561642795801163,0.000466312335144418,0.8939172228177389
60,"[[49]
 [48]
 [55]
 [52]
 [50]
 [57]]",3,2,pituitary,2,0.03523556080957254,9.004398009437864e-06,0.9647554556528727
61,"[[49]
 [48]
 [55]
 [52]
 [50]
 [57]]",3,2,pituitary,2,0.02624094548324744,0.00018126832098156834,0.9735777974128723
62,"[[49]
 [48]
 [55]
 [53]
 [48]
 [53]]",2,2,pituitary,2,0.004032983987902601,8.545903741226842e-05,0.9958815375963846
63,"[[49]
 [48]
 [55]
 [53]
 [48]
 [53]]",2,2,pituitary,2,0.004029162305717667,0.0007006394832084576,0.9952701926231384
64,"[[49]
 [48]
 [55]
 [53]
 [48]
 [53]]",2,2,pituitary,2,0.006069634264955918,0.00035256604314781725,0.9935778180758158
65,"[[49]
 [48]
 [55]
 [53]
 [48]
 [53]]",2,2,pituitary,2,0.06257342298825581,0.004710354997466008,0.9327162106831869
66,"[[49]
 [48]
 [55]
 [53]
 [48]
 [53]]",2,2,pituitary,2,0.11879561593135197,0.04653622147937616,0.8346681594848633
67,"[[49]
 [48]
 [55]
 [55]
 [52]
 [51]]",2,2,pituitary,2,0.0017660337422663968,4.829451609111857e-05,0.9981856942176819
68,"[[49]
 [48]
 [56]
 [53]
 [49]
 [52]]",2,0,meningioma,0,0.9030193289120992,0.0951691245039304,0.0018115568673238158
69,"[[49]
 [48]
 [55]
 [55]
 [52]
 [51]]",2,2,pituitary,2,0.012338115057597557,0.0003018031469158207,0.9873600800832113
70,"[[49]
 [48]
 [55]
 [55]
 [52]
 [51]]",2,2,pituitary,2,0.014197043298433224,0.0001997362996917218,0.9856031735738119
71,"[[49]
 [48]
 [55]
 [55]
 [52]
 [51]]",2,2,pituitary,2,0.027705373242497444,0.0004639752150978893,0.9718306461970011
72,"[[49]
 [48]
 [55]
 [55]
 [52]
 [51]]",2,2,pituitary,2,0.010376657048861185,0.00010427876380466235,0.9895190795262655
73,"[[49]
 [48]
 [55]
 [55]
 [52]
 [51]]",2,2,pituitary,2,0.017874601064249873,0.00020383055380079895,0.9819215734799703
74,"[[49]
 [48]
 [56]
 [56]
 [53]
 [56]]",2,2,pituitary,2,0.019320698454976082,0.0068216331613560515,0.9738576809565226
75,"[[49]
 [48]
 [56]
 [56]
 [53]
 [56]]",2,2,pituitary,2,0.01166413196672996,0.0016887062229216099,0.9866471091906229
76,"[[49]
 [48]
 [56]
 [56]
 [53]
 [56]]",2,2,pituitary,2,0.004461268661543727,0.005526959430426359,0.990011731783549
77,"[[49]
 [48]
 [56]
 [56]
 [53]
 [56]]",2,2,pituitary,2,0.00547255218649904,0.00041400625195819885,0.9941134850184122
78,"[[49]
 [48]
 [56]
 [56]
 [53]
 [56]]",2,2,pituitary,2,0.016107377440979082,0.00099406895848612,0.9828985532124838
79,"[[49]
 [48]
 [56]
 [53]
 [49]
 [52]]",2,0,meningioma,0,0.6294979651769003,0.3701409200827281,0.00036113743650882196
80,"[[49]
 [48]
 [56]
 [57]
 [51]
 [49]]",4,2,pituitary,2,3.3834178556920356e-05,5.769723010473626e-06,0.9999604225158691
81,"[[49]
 [48]
 [56]
 [57]
 [51]
 [49]]",4,2,pituitary,2,2.1753478337475467e-05,1.10305333571592e-05,0.9999672174453735
82,"[[49]
 [48]
 [56]
 [57]
 [51]
 [49]]",4,2,pituitary,2,0.00011285519213840207,7.874519714660503e-06,0.9998792807261149
83,"[[49]
 [48]
 [56]
 [57]
 [51]
 [49]]",4,2,pituitary,2,0.0003392143057823205,3.5183939203875525e-05,0.9996256033579508
84,"[[49]
 [48]
 [56]
 [57]
 [51]
 [49]]",4,2,pituitary,2,0.00013117571986498433,2.7629079584941727e-06,0.9998660683631897
85,"[[49]
 [48]
 [56]
 [57]
 [51]
 [49]]",4,2,pituitary,2,9.104769685563951e-05,1.5349207463562682e-06,0.9999074339866638
86,"[[49]
 [48]
 [56]
 [57]
 [51]
 [49]]",4,2,pituitary,2,0.0002564493094799521,1.7176234718678057e-05,0.9997263749440511
87,"[[49]
 [48]
 [57]
 [52]
 [55]
 [49]]",0,2,pituitary,2,0.08739622201149662,0.015566560439765453,0.8970371882120768
88,"[[49]
 [48]
 [57]
 [52]
 [55]
 [49]]",0,2,pituitary,2,0.013523410637086878,0.0016191045275869935,0.984857459863027
89,"[[49]
 [48]
 [57]
 [52]
 [55]
 [49]]",0,2,pituitary,2,0.007074768046246997,0.0002777912914098124,0.9926474293073019
90,"[[49]
 [48]
 [56]
 [53]
 [49]
 [52]]",2,0,meningioma,0,0.982528547445933,0.016676655039191246,0.0007948074877882997
91,"[[49]
 [48]
 [57]
 [52]
 [55]
 [49]]",0,2,pituitary,2,0.009827641013544053,0.00028451046940366115,0.9898878137270609
92,"[[49]
 [48]
 [57]
 [52]
 [55]
 [49]]",0,2,pituitary,2,0.003800832387544991,6.222871907842394e-05,0.9961369236310323
93,"[[49]
 [48]
 [57]
 [52]
 [55]
 [49]]",0,2,pituitary,2,0.03442793838136519,0.004167487643523297,0.9614046017328898
94,"[[49]
 [48]
 [57]
 [55]
 [54]
 [57]]",3,2,pituitary,2,0.00011332812452261957,3.0360250905895704e-08,0.9998866518338522
95,"[[49]
 [48]
 [57]
 [55]
 [54]
 [57]]",3,2,pituitary,2,3.548146310095035e-05,6.3219621389739205e-09,0.9999645153681437
96,"[[49]
 [48]
 [57]
 [55]
 [54]
 [57]]",3,2,pituitary,2,0.00034484518619137816,1.541783317312214e-07,0.9996549884478251
97,"[[49]
 [48]
 [57]
 [55]
 [54]
 [57]]",3,2,pituitary,2,9.048163155966904e-05,3.122038023661844e-07,0.9999091823895773
98,"[[49]
 [48]
 [57]
 [55]
 [54]
 [57]]",3,2,pituitary,2,0.0013829154001238446,2.0543392006781383e-06,0.998615026473999
99,"[[49]
 [48]
 [57]
 [56]
 [57]
 [56]]",1,2,pituitary,2,0.10820330927769344,0.005480456165969372,0.8863162398338318
100,"[[49]
 [48]
 [57]
 [56]
 [57]
 [56]]",1,2,pituitary,2,0.1455171232422193,0.0013315976975718513,0.853151281674703
101,"[[49]
 [48]
 [56]
 [53]
 [49]
 [52]]",2,0,meningioma,0,0.9779868125915527,0.021606937050819397,0.00040618329755185795
102,"[[49]
 [48]
 [57]
 [56]
 [57]
 [56]]",1,2,pituitary,2,0.1252619338532289,0.00039200586373529706,0.8743460774421692
103,"[[49]
 [48]
 [57]
 [56]
 [57]
 [56]]",1,2,pituitary,2,0.048197149609526,0.0017310857607905443,0.9500717918078104
104,"[[49]
 [48]
 [57]
 [56]
 [57]
 [56]]",1,2,pituitary,2,0.02078300714492798,0.0013295900886684346,0.9778874119122823
105,"[[49]
 [48]
 [57]
 [56]
 [57]
 [56]]",1,2,pituitary,2,0.032340080477297306,0.00071959751706648,0.9669403036435446
106,"[[49]
 [49]
 [48]
 [53]
 [49]
 [56]]",4,2,pituitary,2,0.015620380940769488,0.0007250931284753884,0.98365451892217
107,"[[49]
 [49]
 [48]
 [53]
 [49]
 [56]]",4,2,pituitary,2,0.013151563645806164,0.0007532587721167753,0.9860951701800028
108,"[[49]
 [49]
 [48]
 [53]
 [49]
 [56]]",4,2,pituitary,2,0.002291464367469113,5.7064418645798774e-05,0.997651477654775
109,"[[49]
 [49]
 [48]
 [53]
 [49]
 [56]]",4,2,pituitary,2,0.002884679318716129,1.56951825545093e-05,0.9970995783805847
110,"[[49]
 [49]
 [48]
 [53]
 [49]
 [56]]",4,2,pituitary,2,0.0059003864201561855,8.297332792987315e-05,0.994016687075297
111,"[[49]
 [49]
 [48]
 [53]
 [49]
 [56]]",4,2,pituitary,2,0.014702129022528728,0.00034935596462067525,0.9849485158920288
112,"[[49]
 [48]
 [49]
 [48]
 [49]
 [54]]",1,0,meningioma,0,0.9859630266825358,0.013944791940351328,9.219952577647443e-05
113,"[[49]
 [48]
 [56]
 [53]
 [49]
 [52]]",2,0,meningioma,0,0.8993573188781738,0.10035846134026845,0.00028416993639742333
114,"[[49]
 [49]
 [48]
 [53]
 [51]
 [55]]",0,2,pituitary,2,0.0006690343810381213,6.337241875561024e-06,0.9993246595064799
115,"[[49]
 [49]
 [48]
 [53]
 [51]
 [55]]",0,2,pituitary,2,0.0016732275538136794,4.4254023407575005e-05,0.9982825318972269
116,"[[49]
 [49]
 [48]
 [53]
 [51]
 [55]]",0,2,pituitary,2,0.001130982624090393,4.220642333052638e-05,0.9988268415133158
117,"[[49]
 [49]
 [48]
 [53]
 [51]
 [55]]",0,2,pituitary,2,0.0038482711376370085,3.310132295079408e-05,0.9961186250050863
118,"[[49]
 [49]
 [48]
 [53]
 [51]
 [55]]",0,2,pituitary,2,0.0005896156784122771,1.121492131043548e-05,0.9993991255760193
119,"[[49]
 [49]
 [48]
 [53]
 [51]
 [55]]",0,2,pituitary,2,0.011573018661389748,9.368410049622374e-05,0.9883333047231039
120,"[[49]
 [49]
 [48]
 [53]
 [51]
 [55]]",0,2,pituitary,2,0.02875282782285164,0.00041273027333469753,0.9708344340324402
121,"[[49]
 [49]
 [48]
 [57]
 [57]
 [51]]",1,2,pituitary,2,4.2324110836489126e-05,9.726584839405324e-08,0.9999576012293497
122,"[[49]
 [49]
 [48]
 [57]
 [57]
 [51]]",1,2,pituitary,2,1.7963351335007854e-05,1.8669202142551633e-08,0.9999820391337076
123,"[[49]
 [49]
 [48]
 [57]
 [57]
 [51]]",1,2,pituitary,2,0.0009489176251615087,4.073246993622585e-06,0.9990470210711161
124,"[[49]
 [48]
 [56]
 [53]
 [53]
 [48]]",0,0,meningioma,2,0.2090765436490377,0.07457874156534672,0.7163446942965189
125,"[[49]
 [49]
 [48]
 [57]
 [57]
 [51]]",1,2,pituitary,2,6.0888233747391496e-05,9.091654978495475e-07,0.9999382098515829
126,"[[49]
 [49]
 [48]
 [57]
 [57]
 [51]]",1,2,pituitary,2,0.00014224527149053756,7.759612773365157e-06,0.9998500347137451
127,"[[49]
 [49]
 [49]
 [48]
 [55]
 [53]]",0,2,pituitary,2,0.00969613609534766,0.0005129014507474494,0.9897909561793009
128,"[[49]
 [49]
 [49]
 [48]
 [55]
 [53]]",0,2,pituitary,2,0.0004631439666506291,2.4834237099942886e-05,0.9995120167732239
129,"[[49]
 [49]
 [49]
 [48]
 [55]
 [53]]",0,2,pituitary,2,0.0033667044093211493,0.00018593483006649572,0.9964473843574524
130,"[[49]
 [49]
 [49]
 [48]
 [55]
 [53]]",0,2,pituitary,2,0.005169957012791808,0.0005165615693840664,0.9943134586016337
131,"[[49]
 [49]
 [49]
 [48]
 [55]
 [53]]",0,2,pituitary,2,0.007828708097804338,0.0006379887284613991,0.9915332992871603
132,"[[49]
 [49]
 [49]
 [48]
 [55]
 [53]]",0,2,pituitary,2,0.04347008001059294,0.010651638071673611,0.945878267288208
133,"[[49]
 [49]
 [49]
 [49]
 [50]
 [53]]",3,2,pituitary,2,0.008514900847027699,0.0007627309241797775,0.9907223383585612
134,"[[49]
 [49]
 [49]
 [49]
 [50]
 [53]]",3,2,pituitary,2,4.460683309541006e-05,2.616301041295325e-06,0.9999527931213379
135,"[[49]
 [48]
 [56]
 [53]
 [53]
 [48]]",0,0,meningioma,2,0.012975283122311035,0.0002262599943302727,0.9867984453837076
136,"[[49]
 [49]
 [49]
 [49]
 [50]
 [53]]",3,2,pituitary,2,4.771926827136971e-05,2.441320200811485e-07,0.9999520778656006
137,"[[49]
 [49]
 [49]
 [49]
 [50]
 [53]]",3,2,pituitary,2,0.00031734788111255813,1.6460565575471264e-05,0.9996661941210429
138,"[[49]
 [49]
 [49]
 [49]
 [50]
 [53]]",3,2,pituitary,2,0.0010971771844197065,8.71085027635369e-06,0.9988941351572672
139,"[[49]
 [49]
 [49]
 [49]
 [50]
 [53]]",3,2,pituitary,2,0.0002661481982310458,2.213497320250705e-07,0.9997336069742838
140,"[[49]
 [49]
 [49]
 [55]
 [56]
 [53]]",0,2,pituitary,2,0.018742949216781806,0.0019437161778720717,0.9793133536974589
141,"[[49]
 [49]
 [49]
 [55]
 [56]
 [53]]",0,2,pituitary,2,0.25197286903858185,0.014082544793685278,0.7339445551236471
142,"[[49]
 [49]
 [49]
 [55]
 [56]
 [53]]",0,2,pituitary,2,0.012711756746284664,0.0010545951469490926,0.986233631769816
143,"[[49]
 [49]
 [49]
 [55]
 [56]
 [53]]",0,2,pituitary,2,0.020574725465849042,0.0008619427535450086,0.9785633484522501
144,"[[49]
 [49]
 [49]
 [55]
 [56]
 [53]]",0,2,pituitary,2,0.010273674076112608,0.0002744820552228096,0.9894518454869589
145,"[[49]
 [49]
 [50]
 [48]
 [55]
 [52]]",2,2,pituitary,2,0.0735929509003957,0.0017966830637305975,0.9246103564898173
146,"[[49]
 [48]
 [56]
 [53]
 [57]
 [48]]",1,0,meningioma,0,0.9941920836766561,0.005804533138871193,3.3552817626514297e-06
147,"[[49]
 [49]
 [50]
 [48]
 [55]
 [52]]",2,2,pituitary,2,0.34960396587848663,0.13090461740891138,0.5194914241631826
148,"[[49]
 [49]
 [50]
 [48]
 [55]
 [52]]",2,2,pituitary,2,0.06405715209742387,0.0009035536010439197,0.9350393215815226
149,"[[49]
 [49]
 [50]
 [48]
 [55]
 [52]]",2,2,pituitary,2,0.4362611621618271,0.030094660818576813,0.5336441695690155
150,"[[49]
 [49]
 [50]
 [48]
 [55]
 [52]]",2,2,pituitary,0,0.43910329540570575,0.4160718768835068,0.14482485999663672
151,"[[49]
 [49]
 [50]
 [54]
 [52]
 [57]]",0,2,pituitary,2,0.006156434921043304,0.0015027930069967017,0.9923407832781473
152,"[[49]
 [49]
 [50]
 [54]
 [52]
 [57]]",0,2,pituitary,2,0.012450972940617552,0.0037095682540287576,0.9838394125302633
153,"[[49]
 [49]
 [50]
 [54]
 [52]
 [57]]",0,2,pituitary,2,0.00603609027651449,0.002271641763703277,0.9916922648747762
154,"[[49]
 [49]
 [50]
 [54]
 [52]
 [57]]",0,2,pituitary,2,0.011656762178366383,0.015595346204160402,0.9727479219436646
155,"[[49]
 [49]
 [50]
 [54]
 [52]
 [57]]",0,2,pituitary,2,0.0017457796251013253,0.0003370063670142069,0.9979171752929688
156,"[[49]
 [49]
 [50]
 [54]
 [52]
 [57]]",0,2,pituitary,2,0.04534167664436003,0.008243879933919137,0.9464144309361776
157,"[[49]
 [48]
 [56]
 [53]
 [57]
 [48]]",1,0,meningioma,0,0.999407430489858,0.0005922568767952422,3.050382950675612e-07
158,"[[49]
 [49]
 [50]
 [55]
 [52]
 [54]]",2,2,pituitary,2,0.0015769011030594509,1.5587188196756568e-05,0.9984075029691061
159,"[[49]
 [49]
 [50]
 [55]
 [52]
 [54]]",2,2,pituitary,2,0.0016254096602400143,6.096370816521812e-05,0.9983136057853699
160,"[[49]
 [49]
 [50]
 [55]
 [52]
 [54]]",2,2,pituitary,2,0.0007782251729319493,6.9005409386591054e-06,0.9992148478825887
161,"[[49]
 [49]
 [50]
 [55]
 [52]
 [54]]",2,2,pituitary,2,0.0009577849414199591,1.284726325441928e-05,0.9990293582280477
162,"[[49]
 [49]
 [50]
 [56]
 [52]
 [55]]",4,2,pituitary,2,0.013810493653484931,9.632667964372861e-05,0.9860931833585104
163,"[[49]
 [49]
 [50]
 [56]
 [52]
 [55]]",4,2,pituitary,2,0.004542057014380892,2.3369649454707542e-05,0.9954346021016439
164,"[[49]
 [49]
 [50]
 [56]
 [52]
 [55]]",4,2,pituitary,2,0.003150091254307578,2.4077075522654923e-05,0.9968258738517761
165,"[[49]
 [49]
 [50]
 [56]
 [52]
 [55]]",4,2,pituitary,2,0.002363173533619071,4.046742063223974e-06,0.9976328015327454
166,"[[49]
 [49]
 [51]
 [50]
 [55]
 [52]]",4,2,pituitary,2,0.0010784100280337345,3.781016611507463e-05,0.9988838036855062
167,"[[49]
 [49]
 [51]
 [50]
 [55]
 [52]]",4,2,pituitary,2,0.00014677617245221578,1.7061940017493171e-06,0.9998515248298645
168,"[[49]
 [48]
 [56]
 [57]
 [52]
 [53]]",3,0,meningioma,0,0.9759812156359354,0.023995627959569294,2.3193773813545704e-05
169,"[[49]
 [49]
 [51]
 [50]
 [55]
 [52]]",4,2,pituitary,2,0.0005661754054623694,9.641012640078847e-06,0.9994241793950399
170,"[[49]
 [49]
 [51]
 [55]
 [52]
 [49]]",3,2,pituitary,2,0.00749546755105257,6.878476900358994e-05,0.9924357533454895
171,"[[49]
 [49]
 [51]
 [55]
 [52]
 [49]]",3,2,pituitary,2,0.0020627797251412026,8.488487522602857e-05,0.9978523254394531
172,"[[49]
 [49]
 [51]
 [55]
 [52]
 [49]]",3,2,pituitary,2,0.001162595998418207,9.355055469010647e-05,0.9987438718477885
173,"[[49]
 [49]
 [52]
 [48]
 [52]
 [48]]",1,2,pituitary,2,0.036988601088523865,0.0005025332502555102,0.9625088771184286
174,"[[49]
 [49]
 [52]
 [48]
 [52]
 [48]]",1,2,pituitary,2,0.43711385627587634,0.0425789055104057,0.5203072428703308
175,"[[49]
 [49]
 [52]
 [48]
 [52]
 [48]]",1,2,pituitary,2,0.18498793492714563,0.010314040739710132,0.8046980301539103
176,"[[49]
 [49]
 [52]
 [51]
 [54]
 [49]]",1,2,pituitary,2,0.012753927304099003,8.719153144435647e-05,0.9871588945388794
177,"[[49]
 [49]
 [52]
 [51]
 [54]
 [49]]",1,2,pituitary,2,0.0032237519432480135,1.7944006685866043e-05,0.9967583616574606
178,"[[49]
 [49]
 [52]
 [51]
 [54]
 [49]]",1,2,pituitary,2,0.006862047050769131,3.6471606108534615e-05,0.9931014974912008
179,"[[49]
 [48]
 [56]
 [57]
 [52]
 [53]]",3,0,meningioma,0,0.8976409037907919,0.10235633452733357,2.7669123596751888e-06
180,"[[49]
 [49]
 [52]
 [51]
 [54]
 [49]]",1,2,pituitary,2,0.009932340898861488,4.871455530519597e-05,0.9900189240773519
181,"[[49]
 [49]
 [52]
 [48]
 [57]
 [52]]",1,2,pituitary,2,0.05069097845504681,0.07606631517410278,0.8732426563898722
182,"[[49]
 [49]
 [52]
 [48]
 [57]
 [52]]",1,2,pituitary,2,0.009312602070470652,0.0002877748969088619,0.9903995990753174
183,"[[49]
 [49]
 [52]
 [48]
 [57]
 [52]]",1,2,pituitary,2,0.0037535053367416062,0.00010923044010269223,0.9961372216542562
184,"[[49]
 [49]
 [52]
 [48]
 [57]
 [52]]",1,2,pituitary,2,0.02355665247887373,0.0027450233416554206,0.973698357741038
185,"[[49]
 [49]
 [52]
 [48]
 [57]
 [52]]",1,2,pituitary,2,0.009495767764747143,0.0012391612690407783,0.9892650643984476
186,"[[49]
 [48]
 [53]
 [57]
 [51]
 [54]]",1,2,pituitary,2,0.0005933334080812832,1.4825977890116823e-05,0.9993918339411417
187,"[[49]
 [48]
 [53]
 [57]
 [51]
 [54]]",1,2,pituitary,2,0.0001454864080490855,8.697757645374319e-06,0.999845822652181
188,"[[49]
 [48]
 [53]
 [57]
 [51]
 [54]]",1,2,pituitary,2,0.00012761936007639937,1.224375116256245e-06,0.9998711546262106
189,"[[49]
 [48]
 [54]
 [48]
 [54]
 [50]]",2,2,pituitary,2,0.07755684107542038,0.007647708058357239,0.914795438448588
190,"[[49]
 [48]
 [56]
 [57]
 [52]
 [53]]",3,0,meningioma,0,0.9910931587219238,0.008906395989470184,4.611453524224392e-07
191,"[[49]
 [48]
 [54]
 [48]
 [54]
 [50]]",2,2,pituitary,2,0.09992282837629318,0.005125596032788356,0.894951601823171
192,"[[49]
 [48]
 [54]
 [48]
 [54]
 [50]]",2,2,pituitary,2,0.017544396532078583,0.0018490706182395418,0.9806065360705057
193,"[[49]
 [48]
 [54]
 [48]
 [54]
 [50]]",2,2,pituitary,2,0.027623105173309643,0.0060914742449919386,0.9662853876749674
194,"[[49]
 [48]
 [54]
 [48]
 [54]
 [50]]",2,2,pituitary,2,0.02981110072384278,0.00027268884878139943,0.9699162046114603
195,"[[49]
 [48]
 [54]
 [48]
 [54]
 [50]]",2,2,pituitary,2,0.045337301989396415,0.0035147706512361765,0.9511478940645853
196,"[[49]
 [48]
 [54]
 [48]
 [54]
 [50]]",2,2,pituitary,2,0.37160619099934894,0.00983139934639136,0.6185624202092489
197,"[[49]
 [48]
 [55]
 [52]
 [57]
 [53]]",3,2,pituitary,2,0.007659595711932828,2.1906845783329725e-05,0.9923184712727865
198,"[[49]
 [48]
 [55]
 [52]
 [57]
 [53]]",3,2,pituitary,2,0.0015525375298845272,4.749786294648099e-07,0.9984469413757324
199,"[[49]
 [48]
 [55]
 [52]
 [57]
 [53]]",3,2,pituitary,2,0.008714582654647529,5.03828747090059e-05,0.991235077381134
200,"[[49]
 [48]
 [55]
 [52]
 [57]
 [53]]",3,2,pituitary,2,0.008223612676374614,0.00012483429600251839,0.9916515350341797
201,"[[49]
 [48]
 [56]
 [57]
 [52]
 [53]]",3,0,meningioma,0,0.9789261619249979,0.021067123239239056,6.708065636000053e-06
202,"[[49]
 [48]
 [55]
 [52]
 [57]
 [53]]",3,2,pituitary,2,0.019227052728335064,4.0863411262156056e-05,0.9807321031888326
203,"[[49]
 [48]
 [55]
 [52]
 [57]
 [53]]",3,2,pituitary,2,0.06547322310507298,0.0008023967178208599,0.9337244033813477
204,"[[49]
 [48]
 [55]
 [52]
 [50]
 [57]]",3,2,pituitary,0,0.4608433817823728,0.09047983959317207,0.44867680718501407
205,"[[49]
 [48]
 [55]
 [52]
 [50]
 [57]]",3,2,pituitary,0,0.591897134979566,0.0015505207314466436,0.4065523762255907
206,"[[49]
 [48]
 [55]
 [52]
 [50]
 [57]]",3,2,pituitary,2,0.011761593710010251,9.430314730707323e-05,0.9881441195805868
207,"[[49]
 [48]
 [55]
 [52]
 [50]
 [57]]",3,2,pituitary,2,0.04277923175444206,0.004300816459969307,0.9529199401537577
208,"[[49]
 [48]
 [55]
 [52]
 [50]
 [57]]",3,2,pituitary,2,0.004580015976292391,0.0003586664436928307,0.9950613180796305
209,"[[49]
 [48]
 [55]
 [52]
 [50]
 [57]]",3,2,pituitary,2,0.17844773828983307,0.0005355114038441874,0.8210167487462362
210,"[[49]
 [48]
 [55]
 [52]
 [50]
 [57]]",3,2,pituitary,2,0.4452275534470876,0.005685686133801937,0.5490867495536804
211,"[[49]
 [48]
 [55]
 [53]
 [48]
 [53]]",2,2,pituitary,2,0.030581389864285786,0.0017212834597254794,0.9676973223686218
212,"[[49]
 [48]
 [57]
 [52]
 [49]
 [49]]",2,0,meningioma,0,0.9191510677337646,0.07913603881994884,0.001712897210381925
213,"[[49]
 [48]
 [55]
 [53]
 [48]
 [53]]",2,2,pituitary,2,0.01142218615859747,0.0005439741459364692,0.9880338708559672
214,"[[49]
 [48]
 [55]
 [53]
 [48]
 [53]]",2,2,pituitary,2,0.00585714029148221,0.000208761754038278,0.9939340750376383
215,"[[49]
 [48]
 [55]
 [53]
 [48]
 [53]]",2,2,pituitary,2,0.0033844939122597375,6.281424066401087e-05,0.9965527057647705
216,"[[49]
 [48]
 [55]
 [53]
 [48]
 [53]]",2,2,pituitary,2,0.10049365709225337,0.004875058230633537,0.8946312665939331
217,"[[49]
 [48]
 [55]
 [55]
 [52]
 [51]]",2,2,pituitary,2,0.021278318172941606,0.0007336981846795728,0.9779879649480184
218,"[[49]
 [48]
 [55]
 [55]
 [52]
 [51]]",2,2,pituitary,2,0.008838554611429572,0.0009800796300017585,0.9901813467343649
219,"[[49]
 [48]
 [55]
 [55]
 [52]
 [51]]",2,2,pituitary,2,0.0023990247088174024,7.22998017105662e-05,0.9975286920865377
220,"[[49]
 [48]
 [55]
 [55]
 [52]
 [51]]",2,2,pituitary,2,0.03043988284965356,0.0003705811226003182,0.9691895047823588
221,"[[49]
 [48]
 [56]
 [56]
 [53]
 [56]]",2,2,pituitary,2,0.1162357156475385,0.009961890211949745,0.8738023638725281
222,"[[49]
 [48]
 [56]
 [56]
 [53]
 [56]]",2,2,pituitary,2,0.028935398906469345,0.001630976136463384,0.969433605670929
223,"[[49]
 [48]
 [49]
 [48]
 [49]
 [54]]",1,0,meningioma,0,0.9537554780642191,0.0462376040716966,6.9457463117335765e-06
224,"[[49]
 [48]
 [57]
 [57]
 [54]
 [56]]",2,0,meningioma,0,0.9025159676869711,0.04494448627034823,0.05253955473502477
225,"[[49]
 [48]
 [56]
 [56]
 [53]
 [56]]",2,2,pituitary,2,0.020472959925731022,0.001054481331569453,0.9784725308418274
226,"[[49]
 [48]
 [56]
 [56]
 [53]
 [56]]",2,2,pituitary,2,0.027508555290599663,0.0005506580734315017,0.9719407558441162
227,"[[49]
 [48]
 [56]
 [56]
 [53]
 [56]]",2,2,pituitary,2,0.12854167073965073,0.02036582926909129,0.8510924776395162
228,"[[49]
 [48]
 [56]
 [57]
 [51]
 [49]]",4,2,pituitary,2,0.0001944846463478219,4.3980841868555366e-05,0.9997615416844686
229,"[[49]
 [48]
 [56]
 [57]
 [51]
 [49]]",4,2,pituitary,2,1.6325708324771426e-05,6.825876645540537e-06,0.9999768336613973
230,"[[49]
 [48]
 [56]
 [57]
 [51]
 [49]]",4,2,pituitary,2,6.888934691081279e-05,4.914362543954887e-07,0.9999306201934814
231,"[[49]
 [48]
 [56]
 [57]
 [51]
 [49]]",4,2,pituitary,2,0.00013010396475010566,9.66171871970752e-07,0.999868909517924
232,"[[49]
 [48]
 [56]
 [57]
 [51]
 [49]]",4,2,pituitary,2,6.441242056354213e-05,7.428073241240914e-06,0.9999281764030457
233,"[[49]
 [48]
 [57]
 [52]
 [55]
 [49]]",0,2,pituitary,2,0.005652833594164501,0.00022665444582041042,0.9941204786300659
234,"[[49]
 [48]
 [57]
 [52]
 [55]
 [49]]",0,2,pituitary,2,0.007088034724195798,0.00021240621087296555,0.9926995237668356
235,"[[49]
 [48]
 [57]
 [57]
 [54]
 [56]]",2,0,meningioma,0,0.6567264497280121,0.33919858435789746,0.004074933317800363
236,"[[49]
 [48]
 [57]
 [52]
 [55]
 [49]]",0,2,pituitary,2,0.018795035158594448,0.001311939248504738,0.9798930486043295
237,"[[49]
 [48]
 [57]
 [52]
 [55]
 [49]]",0,2,pituitary,2,0.012580546802685907,0.0001026604028690296,0.9873168071111044
238,"[[49]
 [48]
 [57]
 [52]
 [55]
 [49]]",0,2,pituitary,2,0.00544656675386553,0.0001227278668617752,0.9944307009379069
239,"[[49]
 [48]
 [57]
 [52]
 [55]
 [49]]",0,2,pituitary,2,0.003174685096989075,0.00010170487348659663,0.9967236121495565
240,"[[49]
 [48]
 [57]
 [55]
 [54]
 [57]]",3,2,pituitary,2,0.03751517180353403,5.151778501992036e-05,0.9624332984288534
241,"[[49]
 [48]
 [57]
 [55]
 [54]
 [57]]",3,2,pituitary,2,0.03359693350891272,0.00013573646538134199,0.9662673473358154
242,"[[49]
 [48]
 [57]
 [55]
 [54]
 [57]]",3,2,pituitary,2,0.06409057090058923,0.00038958362468595925,0.9355198343594869
243,"[[49]
 [48]
 [57]
 [55]
 [54]
 [57]]",3,2,pituitary,2,0.007365045389936616,9.248891880512625e-06,0.9926257133483887
244,"[[49]
 [48]
 [57]
 [55]
 [54]
 [57]]",3,2,pituitary,2,0.06165301240980625,0.00022470777245568266,0.9381222724914551
245,"[[49]
 [48]
 [57]
 [56]
 [57]
 [56]]",1,2,pituitary,2,0.022352128910521667,0.0016231258632615209,0.9760247667630514
246,"[[49]
 [48]
 [57]
 [57]
 [54]
 [56]]",2,0,meningioma,0,0.7183575431505839,0.2625306745370229,0.019111792867382366
247,"[[49]
 [48]
 [57]
 [56]
 [57]
 [56]]",1,2,pituitary,2,0.10823126509785652,0.16410864144563675,0.727660079797109
248,"[[49]
 [48]
 [57]
 [56]
 [57]
 [56]]",1,2,pituitary,2,0.012063039001077414,0.16562294463316599,0.8223140041033427
249,"[[49]
 [49]
 [48]
 [53]
 [49]
 [56]]",4,2,pituitary,2,0.17746984958648682,0.004109823765854041,0.8184203108151754
250,"[[49]
 [49]
 [48]
 [53]
 [49]
 [56]]",4,2,pituitary,2,0.4350449740886688,0.07346815119187038,0.49148690700531006
251,"[[49]
 [49]
 [48]
 [53]
 [49]
 [56]]",4,2,pituitary,2,0.008597536478191614,0.0018516429893982906,0.9895508090655009
252,"[[49]
 [49]
 [48]
 [53]
 [49]
 [56]]",4,2,pituitary,2,0.14845968162020048,0.005291502185476323,0.8462488055229187
253,"[[49]
 [49]
 [48]
 [53]
 [51]
 [55]]",0,2,pituitary,2,0.025382672902196646,0.0034518723841756582,0.9711654583613077
254,"[[49]
 [49]
 [48]
 [53]
 [51]
 [55]]",0,2,pituitary,2,0.1219525517274936,0.044344549998641014,0.8337028821309408
255,"[[49]
 [49]
 [48]
 [53]
 [51]
 [55]]",0,2,pituitary,2,0.08740028987328212,0.014079810741047064,0.8985198934872946
256,"[[49]
 [49]
 [48]
 [53]
 [51]
 [55]]",0,2,pituitary,2,0.030117342248558998,0.01381747618628045,0.9560651977856954
257,"[[49]
 [48]
 [57]
 [57]
 [54]
 [56]]",2,0,meningioma,0,0.8600270946820577,0.045260585844516754,0.09471231202284495
258,"[[49]
 [49]
 [48]
 [57]
 [57]
 [51]]",1,2,pituitary,2,0.0033530996879562736,0.00018614229490291714,0.996460755666097
259,"[[49]
 [49]
 [48]
 [57]
 [57]
 [51]]",1,2,pituitary,2,0.0027584576358397803,0.004386539425468072,0.9928550124168396
260,"[[49]
 [49]
 [48]
 [57]
 [57]
 [51]]",1,2,pituitary,2,0.02693710965104401,0.006574247498065233,0.9664886395136515
261,"[[49]
 [49]
 [49]
 [48]
 [55]
 [53]]",0,2,pituitary,2,0.051883164793252945,0.0044473808181161685,0.9436694780985514
262,"[[49]
 [49]
 [49]
 [48]
 [55]
 [53]]",0,2,pituitary,2,0.002988568681757897,7.917538459878415e-05,0.9969322482744852
263,"[[49]
 [49]
 [49]
 [48]
 [55]
 [53]]",0,2,pituitary,2,0.0021347645476150015,0.0002333594165975228,0.9976319074630737
264,"[[49]
 [49]
 [49]
 [48]
 [55]
 [53]]",0,2,pituitary,2,0.004496053637315829,0.00046571725397370756,0.9950382312138876
265,"[[49]
 [49]
 [49]
 [48]
 [55]
 [53]]",0,2,pituitary,2,0.022381961190452177,0.00317429689069589,0.9744437138239542
266,"[[49]
 [49]
 [49]
 [49]
 [50]
 [53]]",3,2,pituitary,2,0.025198003587623436,0.00022068336329539306,0.9745813210805258
267,"[[49]
 [49]
 [49]
 [49]
 [50]
 [53]]",3,2,pituitary,2,0.0005184387458333125,1.3361647878203561e-05,0.9994681676228842
268,"[[49]
 [49]
 [48]
 [49]
 [49]
 [54]]",2,0,meningioma,2,0.03923066395024458,0.00021215270680841058,0.960557202498118
269,"[[49]
 [49]
 [49]
 [49]
 [50]
 [53]]",3,2,pituitary,2,0.04660152147213618,0.007706408466522892,0.9456920425097147
270,"[[49]
 [49]
 [49]
 [49]
 [50]
 [53]]",3,2,pituitary,2,0.008534304118560007,0.00011121801147358686,0.9913544654846191
271,"[[49]
 [49]
 [49]
 [55]
 [56]
 [53]]",0,2,pituitary,2,0.006186040467582643,0.0022036051183628538,0.9916103482246399
272,"[[49]
 [49]
 [49]
 [55]
 [56]
 [53]]",0,2,pituitary,2,0.061468525479237236,0.019138340838253498,0.9193931221961975
273,"[[49]
 [49]
 [49]
 [55]
 [56]
 [53]]",0,2,pituitary,2,0.012288834356392423,0.015272549198319515,0.9724385937054952
274,"[[49]
 [49]
 [49]
 [55]
 [56]
 [53]]",0,2,pituitary,2,0.004792167300668855,0.001890586824932446,0.9933172464370728
275,"[[49]
 [49]
 [50]
 [48]
 [55]
 [52]]",2,2,pituitary,0,0.5725968877474467,0.299717053771019,0.12768605848153433
276,"[[49]
 [49]
 [50]
 [48]
 [55]
 [52]]",2,2,pituitary,2,0.303690825899442,0.01375417768334349,0.6825549999872843
277,"[[49]
 [49]
 [50]
 [48]
 [55]
 [52]]",2,2,pituitary,2,0.15037858237822851,0.02784966180721919,0.8217718005180359
278,"[[49]
 [49]
 [50]
 [48]
 [55]
 [52]]",2,2,pituitary,2,0.10278348748882611,0.0015701537680191298,0.895646333694458
279,"[[49]
 [49]
 [49]
 [48]
 [55]
 [55]]",3,0,meningioma,2,0.10574277366201083,0.006313704128842801,0.8879435261090597
280,"[[49]
 [49]
 [50]
 [48]
 [55]
 [52]]",2,2,pituitary,0,0.7770946423212687,0.032815917084614434,0.19008940955003104
281,"[[49]
 [49]
 [50]
 [54]
 [52]
 [57]]",0,2,pituitary,2,0.03116614806155364,0.022236324846744537,0.9465974966684977
282,"[[49]
 [49]
 [50]
 [54]
 [52]
 [57]]",0,2,pituitary,2,0.012964966086049875,0.0030240435929348073,0.9840109944343567
283,"[[49]
 [49]
 [50]
 [54]
 [52]
 [57]]",0,2,pituitary,2,0.0048370247629160685,0.002542635833378881,0.9926203091939291
284,"[[49]
 [49]
 [50]
 [54]
 [52]
 [57]]",0,2,pituitary,2,0.009106982693386575,0.0011842867049078147,0.9897087216377258
285,"[[49]
 [49]
 [50]
 [54]
 [52]
 [57]]",0,2,pituitary,2,0.0009559006308942722,0.0003565308846494493,0.9986875653266907
286,"[[49]
 [49]
 [50]
 [55]
 [52]
 [54]]",2,2,pituitary,2,0.010628426990782222,0.0005179443081336407,0.988853653271993
287,"[[49]
 [49]
 [50]
 [55]
 [52]
 [54]]",2,2,pituitary,2,0.0007604938436998054,3.169836281813332e-05,0.9992078344027201
288,"[[49]
 [49]
 [50]
 [55]
 [52]
 [54]]",2,2,pituitary,2,0.011165225335086385,0.015762641249845426,0.9730721513430277
289,"[[49]
 [49]
 [50]
 [55]
 [52]
 [54]]",2,2,pituitary,2,0.009800528331349293,0.000793483709761252,0.9894059697786967
290,"[[49]
 [49]
 [49]
 [48]
 [55]
 [55]]",3,0,meningioma,0,0.8516523639361063,0.14056428770224252,0.007783353018263976
291,"[[49]
 [49]
 [50]
 [55]
 [52]
 [54]]",2,2,pituitary,2,0.0067311129144703346,0.004507911507971585,0.9887610077857971
292,"[[49]
 [49]
 [50]
 [56]
 [52]
 [55]]",4,2,pituitary,2,0.03473428823053837,0.002596347553965946,0.9626693328221639
293,"[[49]
 [49]
 [50]
 [56]
 [52]
 [55]]",4,2,pituitary,2,0.010270022748348614,0.006292142051582535,0.9834378560384115
294,"[[49]
 [49]
 [50]
 [56]
 [52]
 [55]]",4,2,pituitary,2,0.020626511754623305,0.0530416932888329,0.9263317982355753
295,"[[49]
 [49]
 [50]
 [56]
 [52]
 [55]]",4,2,pituitary,2,0.02061117421059559,0.00663540946940581,0.9727533857027689
296,"[[49]
 [49]
 [50]
 [56]
 [52]
 [55]]",4,2,pituitary,2,0.04442840752502283,0.02616792730987072,0.9294036229451498
297,"[[49]
 [49]
 [51]
 [50]
 [55]
 [52]]",4,2,pituitary,2,0.025756230112165213,0.022987702240546543,0.9512560963630676
298,"[[49]
 [49]
 [51]
 [50]
 [55]
 [52]]",4,2,pituitary,1,0.07853543013334274,0.6085567474365234,0.3129078497489293
299,"[[49]
 [49]
 [51]
 [50]
 [55]
 [52]]",4,2,pituitary,1,0.06594723090529442,0.8674407005310059,0.06661205117901166
300,"[[49]
 [49]
 [51]
 [50]
 [55]
 [52]]",4,2,pituitary,2,0.18546981116135916,0.22168373564879099,0.5928464730580648
301,"[[49]
 [49]
 [49]
 [48]
 [55]
 [55]]",3,0,meningioma,0,0.982573390007019,0.0169003716049095,0.0005262513198734572
302,"[[49]
 [49]
 [51]
 [55]
 [52]
 [49]]",3,2,pituitary,2,0.0024528804109043754,1.1699738507786606e-05,0.9975353876749674
303,"[[49]
 [49]
 [51]
 [55]
 [52]
 [49]]",3,2,pituitary,2,0.004496862209634855,0.000370289824786596,0.9951328635215759
304,"[[49]
 [49]
 [51]
 [55]
 [52]
 [49]]",3,2,pituitary,2,0.009896692043791214,2.094387976588526e-05,0.9900823831558228
305,"[[49]
 [49]
 [52]
 [48]
 [52]
 [48]]",1,2,pituitary,2,0.057340956603487335,0.05539656678835551,0.8872624834378561
306,"[[49]
 [49]
 [52]
 [48]
 [52]
 [48]]",1,2,pituitary,2,0.01757404487580061,0.016105256664256256,0.9663206736246744
307,"[[49]
 [49]
 [52]
 [48]
 [52]
 [48]]",1,2,pituitary,2,0.02951259445399046,0.08928034330407779,0.8812070488929749
308,"[[49]
 [49]
 [52]
 [51]
 [54]
 [49]]",1,2,pituitary,2,0.0033021795340270423,1.246954328356272e-05,0.9966853459676107
309,"[[49]
 [49]
 [52]
 [51]
 [54]
 [49]]",1,2,pituitary,2,0.011772289998286093,0.027643799005697172,0.9605838855107626
310,"[[49]
 [49]
 [52]
 [51]
 [54]
 [49]]",1,2,pituitary,2,0.004519394336966798,0.00023979208587358394,0.9952408075332642
311,"[[49]
 [49]
 [52]
 [48]
 [57]
 [52]]",1,2,pituitary,2,0.0006484941307765743,0.0010634048958308995,0.9982881347338358
312,"[[49]
 [49]
 [49]
 [51]
 [54]
 [54]]",0,0,meningioma,1,0.1966385543346405,0.8017270565032959,0.0016343861740703385
313,"[[49]
 [49]
 [52]
 [48]
 [57]
 [52]]",1,2,pituitary,2,0.007548122880204271,0.0010424238668444257,0.9914094607035319
314,"[[49]
 [49]
 [52]
 [48]
 [57]
 [52]]",1,2,pituitary,2,0.02179827510068814,0.0044814121987049775,0.9737203319867452
315,"[[49]
 [49]
 [52]
 [48]
 [57]
 [52]]",1,2,pituitary,2,0.034597212448716164,0.01004487012202541,0.9553579290707906
316,"[[49]
 [48]
 [49]
 [48]
 [50]
 [57]]",2,2,pituitary,2,0.01671279671912392,0.002272200188599527,0.9810149868329366
317,"[[49]
 [48]
 [49]
 [48]
 [50]
 [57]]",2,2,pituitary,2,0.01095895174269875,0.0008422652123651156,0.9881987770398458
318,"[[49]
 [48]
 [49]
 [49]
 [52]
 [53]]",3,2,pituitary,2,0.011273569660261273,1.5483814141958874e-07,0.9887262582778931
319,"[[49]
 [48]
 [49]
 [49]
 [52]
 [53]]",3,2,pituitary,2,0.009676810586825013,1.4647606256801282e-06,0.9903217554092407
320,"[[49]
 [48]
 [49]
 [49]
 [52]
 [53]]",3,2,pituitary,2,0.122731639072299,3.4496515969687874e-07,0.8772679964701334
321,"[[49]
 [48]
 [49]
 [49]
 [52]
 [53]]",3,2,pituitary,2,0.09630622652669747,1.5051245014774395e-06,0.9036922256151835
322,"[[49]
 [48]
 [49]
 [51]
 [48]
 [53]]",1,2,pituitary,2,0.01838951325044036,0.00048692662191266817,0.9811235467592875
323,"[[49]
 [49]
 [49]
 [51]
 [54]
 [54]]",0,0,meningioma,0,0.5162055293718973,0.41239456335703534,0.0713999296228091
324,"[[49]
 [48]
 [49]
 [51]
 [48]
 [53]]",1,2,pituitary,2,0.02430881963421901,3.1184652470983565e-05,0.975659986337026
325,"[[49]
 [48]
 [49]
 [51]
 [48]
 [53]]",1,2,pituitary,2,0.0006173334744138023,1.3974181077477017e-06,0.9993812839190165
326,"[[49]
 [48]
 [49]
 [51]
 [48]
 [53]]",1,2,pituitary,2,0.008664367099603018,2.822534770530183e-05,0.9913073976834615
327,"[[49]
 [48]
 [49]
 [55]
 [50]
 [52]]",0,2,pituitary,2,0.02264562730366985,0.015666019443112116,0.9616883397102356
328,"[[49]
 [48]
 [49]
 [55]
 [50]
 [52]]",0,2,pituitary,2,0.005047908140113577,0.004493831501652797,0.9904582699139913
329,"[[49]
 [48]
 [50]
 [54]
 [52]
 [56]]",0,2,pituitary,2,0.3330792337656021,0.3106575806935628,0.3562631905078888
330,"[[49]
 [48]
 [50]
 [54]
 [52]
 [56]]",0,2,pituitary,2,0.23103092114130655,0.16204713036616644,0.6069219609101614
331,"[[49]
 [48]
 [50]
 [54]
 [52]
 [56]]",0,2,pituitary,2,0.07572565289835136,0.01772924706650277,0.906545082728068
332,"[[49]
 [48]
 [50]
 [54]
 [52]
 [56]]",0,2,pituitary,2,0.27357926468054455,0.1423910285035769,0.5840297142664591
333,"[[49]
 [48]
 [50]
 [54]
 [52]
 [56]]",0,2,pituitary,2,0.07839187979698181,0.003930184194662918,0.9176779190699259
334,"[[49]
 [48]
 [49]
 [48]
 [49]
 [54]]",1,0,meningioma,0,0.9469311038653055,0.05306804987291495,8.150423553843211e-07
335,"[[49]
 [49]
 [49]
 [51]
 [54]
 [54]]",0,0,meningioma,0,0.659853329261144,0.2633005380630493,0.076846182346344
336,"[[49]
 [48]
 [50]
 [54]
 [52]
 [56]]",0,2,pituitary,2,0.049508436039711036,0.07602770843853553,0.8744638363520304
337,"[[49]
 [48]
 [51]
 [48]
 [52]
 [54]]",0,2,pituitary,2,0.0007041963811692161,1.660317138885148e-05,0.9992792010307312
338,"[[49]
 [48]
 [51]
 [48]
 [52]
 [54]]",0,2,pituitary,2,0.0006022686951231057,1.0508051341654815e-05,0.999387244383494
339,"[[49]
 [48]
 [51]
 [48]
 [52]
 [54]]",0,2,pituitary,2,0.00011846513552882243,1.4575376603431778e-06,0.9998800754547119
340,"[[49]
 [48]
 [51]
 [50]
 [53]
 [55]]",1,2,pituitary,2,0.0059924540886034565,3.4980420953919142e-06,0.9940040310223898
341,"[[49]
 [48]
 [51]
 [50]
 [53]
 [55]]",1,2,pituitary,2,0.015112835293014845,0.00018481324150343426,0.9847023487091064
342,"[[49]
 [48]
 [51]
 [50]
 [53]
 [55]]",1,2,pituitary,2,0.017059541307389736,0.0016298673096268128,0.9813106258710226
343,"[[49]
 [48]
 [51]
 [50]
 [53]
 [55]]",1,2,pituitary,2,0.0038445882188777127,7.559311779914424e-05,0.9960797826449076
344,"[[49]
 [48]
 [51]
 [50]
 [53]
 [55]]",1,2,pituitary,2,0.027152515947818756,8.61984990478959e-05,0.972761332988739
345,"[[49]
 [48]
 [51]
 [50]
 [53]
 [55]]",1,2,pituitary,2,0.02429061010479927,4.176375477982219e-05,0.9756676157315572
346,"[[49]
 [49]
 [49]
 [51]
 [54]
 [54]]",0,0,meningioma,0,0.5722485880057017,0.35047588249047595,0.07727554316322009
347,"[[49]
 [48]
 [51]
 [52]
 [55]
 [56]]",2,2,pituitary,2,0.05869133646289507,0.0011356518177005153,0.9401729901631674
348,"[[49]
 [48]
 [51]
 [52]
 [55]
 [56]]",2,2,pituitary,2,0.03726026167472204,0.0013989948201924562,0.9613407055536906
349,"[[49]
 [48]
 [51]
 [52]
 [55]
 [56]]",2,2,pituitary,2,0.04044118709862232,0.0005865832596706847,0.9589722156524658
350,"[[49]
 [48]
 [51]
 [52]
 [55]
 [56]]",2,2,pituitary,2,0.15184688568115234,0.007149594292665522,0.8410035371780396
351,"[[49]
 [48]
 [51]
 [52]
 [55]
 [56]]",2,2,pituitary,2,0.11083446939786275,0.07431257081528504,0.8148529529571533
352,"[[49]
 [48]
 [51]
 [52]
 [55]
 [56]]",2,2,pituitary,2,0.1735155706604322,0.03717612102627754,0.7893082896868387
353,"[[49]
 [48]
 [51]
 [52]
 [55]
 [56]]",2,2,pituitary,2,0.26472270488739014,0.11007101833820343,0.6252062718073527
354,"[[49]
 [48]
 [51]
 [53]
 [56]
 [50]]",4,2,pituitary,2,0.05339831610520681,0.00029775909994593047,0.946303923924764
355,"[[49]
 [48]
 [51]
 [53]
 [56]
 [50]]",4,2,pituitary,2,0.01566934585571289,0.0001585417567184777,0.9841721057891846
356,"[[49]
 [48]
 [51]
 [53]
 [56]
 [50]]",4,2,pituitary,2,0.2358239988485972,0.004838850426798065,0.7593371669451395
357,"[[49]
 [49]
 [49]
 [53]
 [51]
 [50]]",4,0,meningioma,0,0.9867815375328064,0.013012824657683572,0.0002056358887990347
358,"[[49]
 [48]
 [51]
 [53]
 [56]
 [50]]",4,2,pituitary,2,0.0382687741269668,0.0006707370800237792,0.9610604643821716
359,"[[49]
 [48]
 [51]
 [53]
 [56]
 [50]]",4,2,pituitary,2,0.026268414221704006,0.0001495500432611152,0.9735820293426514
360,"[[49]
 [48]
 [51]
 [53]
 [56]
 [50]]",4,2,pituitary,2,0.02692609994361798,0.0058998432553683715,0.9671740531921387
361,"[[49]
 [48]
 [51]
 [54]
 [55]
 [48]]",1,2,pituitary,2,0.0007070373491539309,5.4896646664322667e-05,0.9992380738258362
362,"[[49]
 [48]
 [51]
 [54]
 [55]
 [48]]",1,2,pituitary,2,0.0021064202301204205,0.0001052267446842355,0.9977883299191793
363,"[[49]
 [48]
 [51]
 [54]
 [55]
 [48]]",1,2,pituitary,2,0.0055405255407094955,0.00018278877056824663,0.9942766825358073
364,"[[49]
 [48]
 [51]
 [54]
 [55]
 [49]]",0,2,pituitary,2,0.08347230032086372,0.2273564711213112,0.6891712148984274
365,"[[49]
 [48]
 [51]
 [54]
 [55]
 [49]]",0,2,pituitary,2,0.1764927258094152,0.20101280013720194,0.6224944392840067
366,"[[49]
 [48]
 [51]
 [54]
 [55]
 [49]]",0,2,pituitary,2,0.2838150312503179,0.04747859202325344,0.6687064170837402
367,"[[49]
 [48]
 [51]
 [54]
 [55]
 [49]]",0,2,pituitary,2,0.06923043013860782,0.005360411286043624,0.9254091382026672
368,"[[49]
 [49]
 [49]
 [53]
 [51]
 [50]]",4,0,meningioma,0,0.9949244260787964,0.004956248599531439,0.00011935410429732747
369,"[[49]
 [48]
 [51]
 [55]
 [51]
 [49]]",1,2,pituitary,2,0.029140488555034,0.00018655051826499403,0.9706729650497437
370,"[[49]
 [48]
 [51]
 [55]
 [51]
 [49]]",1,2,pituitary,2,0.012963353345791498,3.477699889723832e-05,0.987001876036326
371,"[[49]
 [48]
 [51]
 [55]
 [51]
 [49]]",1,2,pituitary,2,0.0011404944428553183,5.050726959628568e-07,0.9988590280214945
372,"[[49]
 [48]
 [51]
 [55]
 [51]
 [49]]",1,2,pituitary,2,0.0004173840182678153,1.6232011290640003e-07,0.9995825091997782
373,"[[49]
 [48]
 [51]
 [55]
 [51]
 [49]]",1,2,pituitary,2,0.0016350699200605352,1.4552115317201242e-05,0.9983504215876261
374,"[[49]
 [48]
 [51]
 [55]
 [51]
 [49]]",1,2,pituitary,2,0.002802642916018764,1.2325246946905585e-05,0.9971850117047628
375,"[[49]
 [48]
 [51]
 [55]
 [51]
 [49]]",1,2,pituitary,2,0.0050458004310106235,0.00013674354704562575,0.9948174158732096
376,"[[49]
 [48]
 [51]
 [55]
 [51]
 [49]]",1,2,pituitary,2,0.0078060016967356205,0.00081808630299444,0.9913759231567383
377,"[[49]
 [48]
 [51]
 [55]
 [51]
 [49]]",1,2,pituitary,2,0.0032957791700027883,0.0012624025500069063,0.995441754659017
378,"[[49]
 [48]
 [51]
 [55]
 [51]
 [49]]",1,2,pituitary,2,0.00031027632697562996,0.00016221065986125419,0.9995275139808655
379,"[[49]
 [49]
 [49]
 [53]
 [51]
 [50]]",4,0,meningioma,0,0.9620503385861715,0.03782319316330055,0.00012647599646628595
380,"[[49]
 [48]
 [51]
 [56]
 [51]
 [55]]",0,2,pituitary,2,0.0008277390103709573,3.935847232128253e-06,0.999168336391449
381,"[[49]
 [48]
 [51]
 [56]
 [51]
 [55]]",0,2,pituitary,2,0.0008852782508862825,8.596429097451619e-06,0.9991061290105184
382,"[[49]
 [48]
 [51]
 [56]
 [51]
 [55]]",0,2,pituitary,2,0.0003850562461593654,9.306768807467355e-06,0.9996055960655212
383,"[[49]
 [48]
 [51]
 [56]
 [51]
 [55]]",0,2,pituitary,2,0.0005038278253171787,1.2738743748741399e-05,0.9994834462801615
384,"[[49]
 [48]
 [51]
 [56]
 [51]
 [55]]",0,2,pituitary,2,0.001305907821612588,2.9776241897631433e-05,0.9986643195152283
385,"[[49]
 [48]
 [51]
 [56]
 [51]
 [55]]",0,2,pituitary,2,0.010994215874234214,0.00016215144629920056,0.988843580087026
386,"[[49]
 [48]
 [51]
 [56]
 [51]
 [55]]",0,2,pituitary,2,0.05141091098388036,0.0016527988482266665,0.946936289469401
387,"[[49]
 [48]
 [51]
 [56]
 [51]
 [55]]",0,2,pituitary,2,0.029313233254166942,0.0009011066310146513,0.9697856108347574
388,"[[49]
 [48]
 [52]
 [48]
 [49]
 [57]]",1,2,pituitary,2,0.0013994845988539357,6.252806815609802e-05,0.9985379775365194
389,"[[49]
 [48]
 [52]
 [48]
 [49]
 [57]]",1,2,pituitary,2,0.005066061004375418,4.813565465155989e-05,0.9948858022689819
390,"[[49]
 [49]
 [50]
 [48]
 [48]
 [50]]",3,0,meningioma,0,0.9216505289077759,0.07830770189563434,4.1749626082795053e-05
391,"[[49]
 [48]
 [52]
 [48]
 [49]
 [57]]",1,2,pituitary,2,0.0013829999952577055,6.01755358123531e-05,0.9985568324724833
392,"[[49]
 [48]
 [52]
 [48]
 [49]
 [57]]",1,2,pituitary,2,0.001745529007166624,4.1831982647029996e-05,0.9982126752535502
393,"[[49]
 [48]
 [52]
 [53]
 [53]
 [56]]",0,2,pituitary,1,0.3464551866054535,0.5024973154067993,0.1510474979877472
394,"[[49]
 [48]
 [52]
 [53]
 [53]
 [56]]",0,2,pituitary,0,0.4650824964046478,0.3460451314846675,0.18887238204479218
395,"[[49]
 [48]
 [52]
 [53]
 [53]
 [56]]",0,2,pituitary,2,0.3891085386276245,0.148902157942454,0.46198930342992145
396,"[[49]
 [48]
 [52]
 [53]
 [53]
 [56]]",0,2,pituitary,2,0.2658473600943883,0.056656326788167156,0.6774963041146597
397,"[[49]
 [48]
 [52]
 [53]
 [53]
 [56]]",0,2,pituitary,2,0.22939982265233994,0.03347786764303843,0.7371222873528799
398,"[[49]
 [48]
 [52]
 [53]
 [53]
 [56]]",0,2,pituitary,2,0.40851545582214993,0.024546171848972637,0.5669383654991785
399,"[[49]
 [48]
 [52]
 [53]
 [53]
 [56]]",0,2,pituitary,2,0.1869507965942224,0.002832045458490029,0.8102171421051025
400,"[[49]
 [48]
 [52]
 [53]
 [53]
 [56]]",0,2,pituitary,2,0.2525659700234731,0.002374094804205621,0.7450599074363708
401,"[[49]
 [49]
 [50]
 [48]
 [48]
 [50]]",3,0,meningioma,0,0.9923240343729655,0.007671473392595847,4.508376993802206e-06
402,"[[49]
 [48]
 [52]
 [54]
 [56]
 [52]]",3,2,pituitary,2,0.0005449534801300615,6.431729186277361e-09,0.9994550347328186
403,"[[49]
 [48]
 [52]
 [54]
 [56]
 [52]]",3,2,pituitary,2,0.0008357220212928951,4.88997600929982e-08,0.9991642038027445
404,"[[49]
 [48]
 [52]
 [54]
 [56]
 [52]]",3,2,pituitary,2,0.000821222027298063,3.7947163041470354e-08,0.9991787473360697
405,"[[49]
 [48]
 [52]
 [54]
 [56]
 [52]]",3,2,pituitary,2,9.070397936739028e-05,2.759580547291122e-10,0.9999093015988668
406,"[[49]
 [48]
 [52]
 [54]
 [56]
 [52]]",3,2,pituitary,2,8.418483541087577e-06,7.97008641954348e-10,0.9999915758768717
407,"[[49]
 [48]
 [52]
 [54]
 [56]
 [52]]",3,2,pituitary,2,0.00034510189046462375,1.3879532237600264e-05,0.9996410210927328
408,"[[49]
 [48]
 [52]
 [54]
 [56]
 [52]]",3,2,pituitary,2,0.0007414074740760649,4.375661551610695e-07,0.9992581804593405
409,"[[49]
 [48]
 [52]
 [54]
 [56]
 [52]]",3,2,pituitary,2,0.0016139291862297493,3.4200155501669847e-06,0.9983826677004496
410,"[[49]
 [48]
 [52]
 [54]
 [56]
 [52]]",3,2,pituitary,2,0.001607977770618163,3.9279527423256394e-07,0.9983916282653809
411,"[[49]
 [48]
 [52]
 [57]
 [49]
 [50]]",2,2,pituitary,2,0.001474791361639897,9.853191424250932e-06,0.9985153675079346
412,"[[49]
 [49]
 [50]
 [48]
 [48]
 [50]]",3,0,meningioma,0,0.9971569379170736,0.0028350175610588244,8.035692568834444e-06
413,"[[49]
 [48]
 [52]
 [57]
 [49]
 [50]]",2,2,pituitary,2,0.0004574436655578514,1.200722196396479e-05,0.999530553817749
414,"[[49]
 [48]
 [52]
 [57]
 [49]
 [50]]",2,2,pituitary,2,0.002344233604768912,3.0844185857858974e-05,0.997624933719635
415,"[[49]
 [48]
 [52]
 [57]
 [49]
 [50]]",2,2,pituitary,2,0.005365848230818908,0.0002084593337106829,0.9944256742795309
416,"[[49]
 [48]
 [52]
 [57]
 [49]
 [50]]",2,2,pituitary,2,0.008938581061859926,0.0011212874669581652,0.9899401068687439
417,"[[49]
 [48]
 [53]
 [49]
 [56]
 [55]]",0,2,pituitary,2,0.0023151491089568785,0.00034135407713620225,0.9973434805870056
418,"[[49]
 [48]
 [53]
 [49]
 [56]
 [55]]",0,2,pituitary,2,0.012637117489551505,0.001851697717938805,0.9855111837387085
419,"[[49]
 [48]
 [53]
 [49]
 [56]
 [55]]",0,2,pituitary,2,0.003993500062885384,0.0002078458010146278,0.9957986871401469
420,"[[49]
 [48]
 [53]
 [49]
 [56]
 [55]]",0,2,pituitary,2,0.033720223776375256,0.004401351684161152,0.9618783990542094
421,"[[49]
 [48]
 [53]
 [52]
 [55]
 [53]]",3,2,pituitary,2,0.015315195157503089,0.00023916112210523957,0.9844456911087036
422,"[[49]
 [48]
 [53]
 [52]
 [55]
 [53]]",3,2,pituitary,2,0.003562024716908733,2.244302716765863e-05,0.9964155356089274
423,"[[49]
 [49]
 [50]
 [48]
 [48]
 [50]]",3,0,meningioma,0,0.8070371945699056,0.19286058843135834,0.00010225233927485533
424,"[[49]
 [48]
 [53]
 [53]
 [51]
 [56]]",2,2,pituitary,0,0.541009525458018,0.07783157130082448,0.38115888833999634
425,"[[49]
 [48]
 [53]
 [53]
 [51]
 [56]]",2,2,pituitary,2,0.3873859941959381,0.002484167731987933,0.6101298332214355
426,"[[49]
 [48]
 [53]
 [53]
 [51]
 [56]]",2,2,pituitary,2,0.15679885198672613,0.0062083521236975985,0.8369928002357483
427,"[[49]
 [48]
 [53]
 [54]
 [51]
 [56]]",3,2,pituitary,2,6.30789594045685e-05,2.877907867571139e-08,0.9999368985493978
428,"[[49]
 [48]
 [53]
 [54]
 [51]
 [56]]",3,2,pituitary,2,0.0025184970581904054,3.328235825013811e-06,0.997478187084198
429,"[[49]
 [48]
 [53]
 [54]
 [51]
 [56]]",3,2,pituitary,2,0.00021710614479767779,4.587757307383811e-08,0.9997828404108683
430,"[[57]
 [55]
 [52]
 [49]
 [54]]",2,2,pituitary,2,0.004426082052911322,5.23231974511873e-05,0.995521605014801
431,"[[57]
 [55]
 [52]
 [49]
 [54]]",2,2,pituitary,2,0.0034753237074861922,0.0003036614846981441,0.9962210456530253
432,"[[57]
 [55]
 [52]
 [49]
 [54]]",2,2,pituitary,2,0.0019512975510830681,7.685554858956796e-05,0.9979718327522278
433,"[[57]
 [55]
 [52]
 [49]
 [54]]",2,2,pituitary,2,0.0025454668793827295,7.905483410771315e-05,0.997375468413035
434,"[[49]
 [49]
 [50]
 [48]
 [54]
 [50]]",4,0,meningioma,0,0.5622332890828451,0.437455693880717,0.0003109683904606679
435,"[[57]
 [55]
 [52]
 [49]
 [54]]",2,2,pituitary,2,0.007730555254966021,0.0009368977334816009,0.9913325707117716
436,"[[57]
 [55]
 [52]
 [49]
 [54]]",2,2,pituitary,2,0.06253092736005783,0.02002514712512493,0.9174439311027527
437,"[[57]
 [55]
 [52]
 [49]
 [54]]",2,2,pituitary,2,0.06000035504500071,0.23404481013615927,0.7059548298517863
438,"[[57]
 [55]
 [52]
 [49]
 [54]]",2,2,pituitary,2,0.007258783560246229,0.004100815276615322,0.9886403878529867
439,"[[57]
 [55]
 [52]
 [49]
 [54]]",2,2,pituitary,2,0.004351272247731686,0.0009575324559894701,0.9946912328402201
440,"[[57]
 [55]
 [52]
 [54]
 [49]]",0,2,pituitary,2,0.09944062928358714,0.008393664689113697,0.8921656807263693
441,"[[57]
 [55]
 [52]
 [54]
 [49]]",0,2,pituitary,2,0.03806632307047645,0.002279268689259576,0.9596544504165649
442,"[[57]
 [55]
 [52]
 [54]
 [49]]",0,2,pituitary,2,0.04436443808178107,0.004631309110360841,0.9510042866071066
443,"[[57]
 [55]
 [52]
 [54]
 [49]]",0,2,pituitary,2,0.09279566879073779,0.02599146372328202,0.8812129100163778
444,"[[57]
 [55]
 [52]
 [54]
 [49]]",0,2,pituitary,2,0.08151509488622348,0.05794848253329595,0.8605364163716634
445,"[[49]
 [48]
 [49]
 [48]
 [49]
 [54]]",1,0,meningioma,0,0.9797902901967367,0.02020930079743266,3.8271252596662936e-07
446,"[[49]
 [49]
 [50]
 [48]
 [54]
 [50]]",4,0,meningioma,0,0.8959096074104309,0.10390651971101761,0.00018388787746292934
447,"[[57]
 [55]
 [52]
 [54]
 [49]]",0,2,pituitary,2,0.07292069929341476,0.029180401548122365,0.8978988925615946
448,"[[57]
 [55]
 [52]
 [54]
 [49]]",0,2,pituitary,2,0.019595899308721226,0.0007077428017510101,0.9796963334083557
449,"[[57]
 [55]
 [52]
 [54]
 [49]]",0,2,pituitary,2,0.02062229098131259,0.0007712043285816131,0.9786064624786377
450,"[[57]
 [55]
 [52]
 [54]
 [49]]",0,2,pituitary,2,0.031007666373625398,0.0035101386747555807,0.9654821952184042
451,"[[57]
 [55]
 [52]
 [56]
 [49]]",0,2,pituitary,2,0.19660413016875586,0.03664666507393122,0.7667492032051086
452,"[[57]
 [55]
 [52]
 [56]
 [49]]",0,2,pituitary,2,0.1439226803680261,0.03523341737066706,0.8208439350128174
453,"[[57]
 [55]
 [52]
 [56]
 [49]]",0,2,pituitary,2,0.0767388679087162,0.029958747637768585,0.8933024009068807
454,"[[57]
 [55]
 [52]
 [56]
 [49]]",0,2,pituitary,2,0.008905930172962448,0.0007658536220939519,0.9903282324473063
455,"[[57]
 [55]
 [53]
 [57]
 [57]]",2,2,pituitary,2,0.031899488220612206,0.0006459852059682211,0.9674545129140218
456,"[[57]
 [55]
 [53]
 [57]
 [57]]",2,2,pituitary,2,0.11006216953198115,0.0046869338645289344,0.8852508664131165
457,"[[49]
 [49]
 [50]
 [48]
 [54]
 [50]]",4,0,meningioma,0,0.9780851602554321,0.021685669974734385,0.00022919278235781584
458,"[[57]
 [55]
 [56]
 [57]
 [48]]",4,2,pituitary,2,0.003904363897163421,0.06548257544636726,0.9306130806605021
459,"[[57]
 [55]
 [56]
 [57]
 [48]]",4,2,pituitary,2,0.016188873443752527,0.003234461328247562,0.9805766542752584
460,"[[57]
 [55]
 [56]
 [57]
 [48]]",4,2,pituitary,2,0.05422166114052137,0.0332422461360693,0.9125360647837321
461,"[[57]
 [55]
 [56]
 [57]
 [48]]",4,2,pituitary,2,0.0034751147589607476,0.004076126099486525,0.9924487471580505
462,"[[57]
 [56]
 [52]
 [55]
 [50]]",1,2,pituitary,2,0.0019071970600634813,3.023918466737996e-07,0.9980924725532532
463,"[[57]
 [56]
 [52]
 [55]
 [50]]",1,2,pituitary,2,0.0003299813154929628,8.802943796126783e-07,0.9996691346168518
464,"[[57]
 [56]
 [52]
 [55]
 [50]]",1,2,pituitary,2,0.0004419244166153173,8.92214544971163e-06,0.999549150466919
465,"[[57]
 [56]
 [52]
 [55]
 [50]]",1,2,pituitary,2,0.008107530729224285,5.999895559701448e-05,0.9918324748675028
466,"[[57]
 [56]
 [52]
 [55]
 [50]]",1,2,pituitary,2,0.011927482361594835,0.00014035772862068066,0.9879321257273356
467,"[[57]
 [56]
 [52]
 [55]
 [50]]",1,2,pituitary,2,0.02716830496986707,0.0006496935481360803,0.9721819758415222
468,"[[49]
 [49]
 [50]
 [50]
 [53]
 [50]]",4,0,meningioma,0,0.9405264854431152,0.05938694952055812,8.662642631481383e-05
469,"[[57]
 [56]
 [52]
 [55]
 [50]]",1,2,pituitary,2,0.005069183302111924,3.8371874628258716e-05,0.994892398516337
470,"[[57]
 [56]
 [54]
 [53]
 [50]]",3,2,pituitary,2,7.167836156440899e-05,5.567889205249088e-10,0.9999282757441202
471,"[[57]
 [56]
 [54]
 [53]
 [50]]",3,2,pituitary,2,0.0002559705753810704,3.9002765646796904e-09,0.9997439980506897
472,"[[57]
 [56]
 [54]
 [53]
 [50]]",3,2,pituitary,2,0.009388318207735816,3.189479230059078e-06,0.9906084934870402
473,"[[57]
 [56]
 [56]
 [55]
 [49]]",2,2,pituitary,2,0.003867036895826459,8.198718751373235e-05,0.9960509936014811
474,"[[57]
 [56]
 [56]
 [55]
 [49]]",2,2,pituitary,2,0.048633305355906487,0.0017165897491698463,0.9496501286824545
475,"[[57]
 [56]
 [56]
 [55]
 [49]]",2,2,pituitary,2,0.05585798559089502,0.0019736994484749935,0.9421683351198832
476,"[[57]
 [56]
 [56]
 [55]
 [49]]",2,2,pituitary,2,0.02125864817450444,0.0019087941909674555,0.9768325289090475
477,"[[57]
 [56]
 [56]
 [55]
 [49]]",2,2,pituitary,2,0.02051997867723306,0.007010045927017927,0.9724700053532919
478,"[[57]
 [56]
 [56]
 [55]
 [49]]",2,2,pituitary,2,0.006092325163384278,0.004822827332342665,0.989084800084432
479,"[[49]
 [49]
 [50]
 [50]
 [53]
 [50]]",4,0,meningioma,0,0.6321132779121399,0.3676094363133113,0.00027729666374654016
480,"[[57]
 [56]
 [56]
 [55]
 [52]]",3,2,pituitary,2,0.0760723315179348,6.400805250450503e-05,0.923863689104716
481,"[[57]
 [56]
 [56]
 [55]
 [52]]",3,2,pituitary,2,0.0073339947072478635,2.754926213081414e-07,0.9926657478014628
482,"[[57]
 [56]
 [56]
 [55]
 [52]]",3,2,pituitary,2,0.0322577857101957,7.77449431173712e-06,0.9677344560623169
483,"[[57]
 [56]
 [56]
 [55]
 [52]]",3,2,pituitary,2,0.05695136822760105,0.00020657125363262216,0.9428420662879944
484,"[[57]
 [56]
 [56]
 [55]
 [52]]",3,2,pituitary,2,0.010852495208382607,0.006581124112320443,0.9825663765271505
485,"[[57]
 [56]
 [57]
 [57]
 [50]]",2,2,pituitary,2,0.07759290685256322,0.0022434661271593845,0.920163631439209
486,"[[57]
 [56]
 [57]
 [57]
 [50]]",2,2,pituitary,1,0.2747994860013326,0.38339437047640484,0.3418061484893163
487,"[[57]
 [56]
 [57]
 [57]
 [50]]",2,2,pituitary,2,0.16177997489770254,0.050366551304856934,0.787853459517161
488,"[[57]
 [56]
 [57]
 [57]
 [50]]",2,2,pituitary,2,0.01584935529778401,0.00012970947621700665,0.9840209682782491
489,"[[57]
 [56]
 [57]
 [57]
 [50]]",2,2,pituitary,2,0.11759627362092336,0.307563175757726,0.5748405357201894
490,"[[49]
 [49]
 [50]
 [53]
 [53]
 [50]]",4,0,meningioma,0,0.8716723918914795,0.0875397976487875,0.04078775813104585
491,"[[57]
 [56]
 [57]
 [57]
 [50]]",2,2,pituitary,1,0.28170474867026013,0.5583840906620026,0.15991112093130747
492,"[[57]
 [56]
 [57]
 [57]
 [50]]",2,2,pituitary,2,0.19533717135588327,0.054280731827020645,0.7503820856412252
493,"[[57]
 [56]
 [57]
 [57]
 [53]]",1,2,pituitary,2,0.008040666968251267,2.6175797529504052e-06,0.9919566909472147
494,"[[57]
 [56]
 [57]
 [57]
 [53]]",1,2,pituitary,2,0.007154729838172595,2.2670044851717344e-06,0.9928429921468099
495,"[[57]
 [56]
 [57]
 [57]
 [53]]",1,2,pituitary,2,0.011286004446446896,3.816805322761259e-06,0.9887102047602335
496,"[[57]
 [56]
 [57]
 [57]
 [53]]",1,2,pituitary,2,0.048440949991345406,7.286868518955696e-05,0.9514861702919006
497,"[[57]
 [56]
 [57]
 [57]
 [53]]",1,2,pituitary,2,0.0152881337950627,5.759460812744995e-05,0.9846542080243429
498,"[[57]
 [57]
 [50]
 [50]
 [51]]",0,2,pituitary,2,0.13567126542329788,0.008577380639811357,0.8557513554890951
499,"[[57]
 [57]
 [50]
 [50]
 [51]]",0,2,pituitary,2,0.1836746260523796,0.015589805319905281,0.8007355729738871
500,"[[57]
 [57]
 [50]
 [50]
 [51]]",0,2,pituitary,2,0.08082106336951256,0.010589580672482649,0.9085893432299296
501,"[[49]
 [49]
 [50]
 [53]
 [53]
 [50]]",4,0,meningioma,0,0.9104735453923544,0.06903187201047938,0.020494561647259008
502,"[[57]
 [57]
 [50]
 [50]
 [51]]",0,2,pituitary,2,0.018787352368235588,0.00350235216319561,0.9777103066444397
503,"[[57]
 [57]
 [50]
 [50]
 [51]]",0,2,pituitary,2,0.015863850247114897,0.004780878545716405,0.979355255762736
504,"[[57]
 [57]
 [50]
 [50]
 [51]]",0,2,pituitary,2,0.08895490815242131,0.017791136012723047,0.8932539423306783
505,"[[57]
 [57]
 [50]
 [50]
 [51]]",0,2,pituitary,2,0.01273878749149541,0.0012922288879053667,0.9859689672787985
506,"[[57]
 [57]
 [50]
 [50]
 [51]]",0,2,pituitary,2,0.0027948025187167027,0.00014076392850862854,0.997064451376597
507,"[[57]
 [57]
 [50]
 [50]
 [51]]",0,2,pituitary,2,0.003586053629987873,0.0003498066498650587,0.9960641463597616
508,"[[49]
 [48]
 [49]
 [48]
 [49]
 [55]]",2,2,pituitary,2,0.026722983146707218,0.003176904167048633,0.9701001644134521
509,"[[49]
 [48]
 [49]
 [48]
 [49]
 [55]]",2,2,pituitary,2,0.019566108162204426,0.001608276894936959,0.9788256287574768
510,"[[49]
 [48]
 [49]
 [48]
 [49]
 [55]]",2,2,pituitary,2,0.047101049373547234,0.0007318409237389764,0.9521671136220297
511,"[[49]
 [48]
 [49]
 [48]
 [49]
 [55]]",2,2,pituitary,2,0.03456422748665015,0.0005019845072335253,0.9649337728818258
512,"[[49]
 [49]
 [50]
 [53]
 [53]
 [50]]",4,0,meningioma,0,0.8301993807156881,0.14226169791072607,0.02753892366066187
513,"[[49]
 [48]
 [49]
 [48]
 [49]
 [55]]",2,2,pituitary,2,0.01326124525318543,0.00019125748076476157,0.9865475098292033
514,"[[49]
 [48]
 [49]
 [48]
 [49]
 [55]]",2,2,pituitary,2,0.14461503426233926,0.013617880642414093,0.8417670726776123
515,"[[49]
 [48]
 [49]
 [48]
 [50]
 [57]]",2,2,pituitary,2,0.00040877662104321644,6.263555197468426e-07,0.9995906154314677
516,"[[49]
 [48]
 [49]
 [48]
 [50]
 [57]]",2,2,pituitary,2,0.0006840457087188648,5.778855651783488e-07,0.9993154009183248
517,"[[49]
 [48]
 [49]
 [48]
 [50]
 [57]]",2,2,pituitary,2,0.00012280801396021465,1.4257687297458688e-07,0.9998770753542582
518,"[[49]
 [48]
 [49]
 [48]
 [50]
 [57]]",2,2,pituitary,2,0.00019177411013515666,5.084577831363882e-07,0.9998077154159546
519,"[[49]
 [48]
 [49]
 [48]
 [50]
 [57]]",2,2,pituitary,2,0.0004760255493844549,1.1867969647028076e-06,0.9995228052139282
520,"[[49]
 [48]
 [49]
 [48]
 [50]
 [57]]",2,2,pituitary,2,0.00027314865049750853,6.695882888152482e-07,0.9997261961301168
521,"[[49]
 [48]
 [49]
 [49]
 [52]
 [53]]",3,2,pituitary,2,0.012301170888046423,1.555919091818699e-05,0.9876832365989685
522,"[[49]
 [48]
 [49]
 [49]
 [52]
 [53]]",3,2,pituitary,2,0.0032961860997602344,1.0710248261602828e-06,0.9967027306556702
523,"[[49]
 [49]
 [50]
 [53]
 [53]
 [50]]",4,0,meningioma,0,0.9706519246101379,0.023564483965553034,0.005783572885860622
524,"[[49]
 [48]
 [49]
 [49]
 [52]
 [53]]",3,2,pituitary,2,0.00316682745081683,1.7846576128022207e-07,0.9968330264091492
525,"[[49]
 [48]
 [49]
 [49]
 [52]
 [53]]",3,2,pituitary,2,0.0002097873754488925,1.749880702561768e-07,0.9997900128364563
526,"[[49]
 [48]
 [49]
 [51]
 [48]
 [53]]",1,2,pituitary,2,0.002843771673118075,1.2559178420209113e-05,0.9971436858177185
527,"[[49]
 [48]
 [49]
 [51]
 [48]
 [53]]",1,2,pituitary,2,0.000954414465619872,0.0011921971842336159,0.9978533784548441
528,"[[49]
 [48]
 [49]
 [51]
 [48]
 [53]]",1,2,pituitary,2,0.003180964345422884,3.536814362329702e-05,0.9967836538950602
529,"[[49]
 [48]
 [49]
 [51]
 [48]
 [53]]",1,2,pituitary,2,0.002331333700567484,0.007183169747198311,0.9904854695002238
530,"[[49]
 [48]
 [49]
 [51]
 [48]
 [53]]",1,2,pituitary,2,0.012480729220745465,0.0011285888491935718,0.9863906502723694
531,"[[49]
 [48]
 [49]
 [51]
 [48]
 [53]]",1,2,pituitary,2,0.020130783629914124,0.3470412294069926,0.632827972372373
532,"[[49]
 [48]
 [49]
 [51]
 [48]
 [53]]",1,2,pituitary,2,0.002316439369072517,0.00021448586630867794,0.9974691073099772
533,"[[49]
 [48]
 [49]
 [51]
 [48]
 [53]]",1,2,pituitary,2,0.00037786583804214996,1.57941455351344e-05,0.9996063510576884
534,"[[49]
 [49]
 [50]
 [53]
 [53]
 [50]]",4,0,meningioma,0,0.9355664451917013,0.06328352583417048,0.0011500245191283416
535,"[[49]
 [48]
 [49]
 [55]
 [50]
 [52]]",0,2,pituitary,2,0.003374704727320932,0.00015230996541504283,0.9964730143547058
536,"[[49]
 [48]
 [49]
 [55]
 [50]
 [52]]",0,2,pituitary,2,0.0017741434548952384,0.00013932870039449577,0.9980865319569906
537,"[[49]
 [48]
 [49]
 [55]
 [50]
 [52]]",0,2,pituitary,2,0.002056081774450528,0.0001669556671307267,0.9977769454320272
538,"[[49]
 [48]
 [50]
 [54]
 [52]
 [56]]",0,2,pituitary,2,0.025289107094674062,0.1053509833291173,0.8693599104881287
539,"[[49]
 [48]
 [50]
 [54]
 [52]
 [56]]",0,2,pituitary,2,0.01613700418965891,0.05244881892576814,0.9314141869544983
540,"[[49]
 [48]
 [50]
 [54]
 [52]
 [56]]",0,2,pituitary,2,0.01397618071253722,0.22290172800421715,0.7631220817565918
541,"[[49]
 [48]
 [50]
 [54]
 [52]
 [56]]",0,2,pituitary,2,0.01462538194997857,0.009205523645505309,0.9761691093444824
542,"[[49]
 [48]
 [50]
 [54]
 [54]
 [57]]",1,2,pituitary,2,0.020270090239743393,7.881173526887626e-05,0.9796510934829712
543,"[[49]
 [48]
 [50]
 [54]
 [54]
 [57]]",1,2,pituitary,2,0.006298548774793744,8.709015704274255e-05,0.9936143358548483
544,"[[49]
 [48]
 [51]
 [48]
 [52]
 [54]]",0,2,pituitary,2,0.016362544750639547,0.005941720679402351,0.9776957035064697
545,"[[49]
 [49]
 [50]
 [53]
 [53]
 [50]]",4,0,meningioma,0,0.9412846565246582,0.05860572387852395,0.00010964473986267247
546,"[[49]
 [48]
 [51]
 [48]
 [52]
 [54]]",0,2,pituitary,2,0.00833254653844051,0.0015117909279069863,0.9901556372642517
547,"[[49]
 [48]
 [51]
 [48]
 [52]
 [54]]",0,2,pituitary,2,0.0393297461559996,0.005865604151040316,0.9548046588897705
548,"[[49]
 [48]
 [51]
 [48]
 [52]
 [54]]",0,2,pituitary,2,0.024009074938173097,0.0011225321601765852,0.9748683571815491
549,"[[49]
 [48]
 [51]
 [50]
 [53]
 [55]]",1,2,pituitary,2,0.0004375095498592903,9.940065372878356e-06,0.999552587668101
550,"[[49]
 [48]
 [51]
 [50]
 [53]
 [55]]",1,2,pituitary,2,0.000490499340230599,4.419100259648682e-06,0.9995051026344299
551,"[[49]
 [48]
 [51]
 [50]
 [53]
 [55]]",1,2,pituitary,2,0.0004627657957219829,9.543117774531613e-07,0.9995362559954325
552,"[[49]
 [48]
 [51]
 [50]
 [53]
 [55]]",1,2,pituitary,2,0.0005703413238128027,6.031483342402074e-07,0.9994290471076965
553,"[[49]
 [48]
 [51]
 [50]
 [53]
 [55]]",1,2,pituitary,2,0.0009873226517811418,2.8438319551090294e-06,0.9990098277727762
554,"[[49]
 [48]
 [51]
 [52]
 [55]
 [56]]",2,2,pituitary,2,0.028784614677230518,0.004582107687989871,0.9666332801183065
555,"[[49]
 [48]
 [51]
 [52]
 [55]
 [56]]",2,2,pituitary,2,0.01408767638107141,0.0004897670975575844,0.9854225516319275
556,"[[49]
 [48]
 [49]
 [48]
 [49]
 [54]]",1,0,meningioma,0,0.972804844379425,0.027195041067898273,1.1669916640440665e-07
557,"[[49]
 [49]
 [50]
 [53]
 [53]
 [50]]",4,0,meningioma,1,0.20692317684491476,0.793048361937205,2.8460722688713098e-05
558,"[[49]
 [48]
 [51]
 [52]
 [55]
 [56]]",2,2,pituitary,2,0.0049006281575808925,3.4205491222868055e-05,0.9950651526451111
559,"[[49]
 [48]
 [51]
 [52]
 [55]
 [56]]",2,2,pituitary,2,0.0033597921719774604,8.830667259947707e-05,0.9965518712997437
560,"[[49]
 [48]
 [51]
 [52]
 [55]
 [56]]",2,2,pituitary,2,0.011765775503590703,0.0002520119984789441,0.9879821936289469
561,"[[49]
 [48]
 [51]
 [52]
 [55]
 [56]]",2,2,pituitary,2,0.029243641222516697,0.0009126335983940711,0.9698437253634135
562,"[[49]
 [48]
 [51]
 [52]
 [55]
 [56]]",2,2,pituitary,2,0.01266747418170174,0.00026262977432149154,0.9870698849360148
563,"[[49]
 [48]
 [51]
 [52]
 [55]
 [56]]",2,2,pituitary,2,0.0067458380945026875,0.00034945235044385,0.9929047028223673
564,"[[49]
 [48]
 [51]
 [53]
 [56]
 [50]]",4,2,pituitary,2,0.018672856385819614,0.00015719424770092397,0.9811699191729227
565,"[[49]
 [48]
 [51]
 [53]
 [56]
 [50]]",4,2,pituitary,2,0.01695107922811682,0.00012356411540774084,0.9829253753026327
566,"[[49]
 [48]
 [51]
 [53]
 [56]
 [50]]",4,2,pituitary,2,0.014089365606196225,0.00010531752207991,0.985805332660675
567,"[[49]
 [48]
 [51]
 [53]
 [56]
 [50]]",4,2,pituitary,2,0.002181305496681792,7.632203176418292e-06,0.9978110591570536
568,"[[49]
 [49]
 [50]
 [54]
 [52]
 [56]]",0,0,meningioma,1,0.1299959197640419,0.8654361367225647,0.004567981911047052
569,"[[49]
 [48]
 [51]
 [53]
 [56]
 [50]]",4,2,pituitary,2,0.005064280221025304,0.0001222375624365668,0.9948134819666544
570,"[[49]
 [48]
 [51]
 [54]
 [55]
 [48]]",1,2,pituitary,2,0.017157042399048805,7.14712684081557e-05,0.9827714761098226
571,"[[49]
 [48]
 [51]
 [54]
 [55]
 [48]]",1,2,pituitary,2,0.017340163079400856,1.5846983236163698e-05,0.9826439619064331
572,"[[49]
 [48]
 [51]
 [54]
 [55]
 [48]]",1,2,pituitary,2,0.00979165849275887,6.657778218747505e-05,0.990141749382019
573,"[[49]
 [48]
 [51]
 [54]
 [55]
 [48]]",1,2,pituitary,2,0.007825002695123354,3.5190690444627157e-06,0.9921714862187704
574,"[[49]
 [48]
 [51]
 [54]
 [55]
 [49]]",0,2,pituitary,2,0.004598570109616655,0.00010577820232053152,0.9952956636746725
575,"[[49]
 [48]
 [51]
 [54]
 [55]
 [49]]",0,2,pituitary,2,0.00635053998848889,0.00015640399412101638,0.9934930404027303
576,"[[49]
 [48]
 [51]
 [54]
 [55]
 [49]]",0,2,pituitary,2,0.004903926249729314,6.139122861744302e-05,0.9950347145398458
577,"[[49]
 [48]
 [51]
 [54]
 [55]
 [49]]",0,2,pituitary,2,0.005674158159915048,0.00022121839826165038,0.9941046436627706
578,"[[49]
 [48]
 [51]
 [54]
 [55]
 [49]]",0,2,pituitary,2,0.006743256914584587,7.007427022169092e-05,0.9931866725285848
579,"[[49]
 [49]
 [50]
 [54]
 [52]
 [56]]",0,0,meningioma,0,0.6102100014686584,0.1850063999493917,0.2047836035490036
580,"[[49]
 [48]
 [51]
 [54]
 [55]
 [49]]",0,2,pituitary,2,0.003440524815232493,4.937953588068922e-05,0.9965101281801859
581,"[[49]
 [48]
 [51]
 [55]
 [51]
 [49]]",1,2,pituitary,2,0.0024641753213169673,9.235431207343936e-05,0.9974434574445089
582,"[[49]
 [48]
 [51]
 [55]
 [51]
 [49]]",1,2,pituitary,2,0.0006544488520982364,2.9033033683845133e-06,0.9993426402409872
583,"[[49]
 [48]
 [51]
 [55]
 [51]
 [49]]",1,2,pituitary,2,0.0069788241138060885,7.112217038714637e-06,0.9930140574773153
584,"[[49]
 [48]
 [51]
 [55]
 [51]
 [49]]",1,2,pituitary,2,0.02570697230597337,0.000808776060390907,0.9734842578570048
585,"[[49]
 [48]
 [51]
 [55]
 [51]
 [49]]",1,2,pituitary,2,0.05639271562298139,0.07688612987597783,0.8667211532592773
586,"[[49]
 [48]
 [51]
 [55]
 [51]
 [49]]",1,2,pituitary,2,0.029503734161456425,0.005177266042058666,0.965319017569224
587,"[[49]
 [48]
 [51]
 [55]
 [51]
 [49]]",1,2,pituitary,2,0.13918689886728922,0.001211293584977587,0.8596018552780151
588,"[[49]
 [48]
 [51]
 [56]
 [51]
 [55]]",0,2,pituitary,2,0.023548146011307836,0.0027853909608287117,0.9736664493878683
589,"[[49]
 [48]
 [51]
 [56]
 [51]
 [55]]",0,2,pituitary,2,0.016536963521502912,0.0012420423251266282,0.982220987478892
590,"[[49]
 [49]
 [50]
 [54]
 [52]
 [56]]",0,0,meningioma,0,0.814854641755422,0.08864166090885799,0.09650369609395663
591,"[[49]
 [48]
 [51]
 [56]
 [51]
 [55]]",0,2,pituitary,2,0.01115626108366996,0.00018203266639223634,0.9886617263158163
592,"[[49]
 [48]
 [51]
 [56]
 [51]
 [55]]",0,2,pituitary,2,0.006903687356195102,0.00014517593444907106,0.9929511547088623
593,"[[49]
 [48]
 [51]
 [56]
 [51]
 [55]]",0,2,pituitary,2,0.005784289659156154,8.947584183260915e-05,0.9941262205441793
594,"[[49]
 [48]
 [52]
 [48]
 [49]
 [57]]",1,2,pituitary,2,0.000226073420587151,1.841543234940938e-07,0.9997737010320028
595,"[[49]
 [48]
 [52]
 [48]
 [49]
 [57]]",1,2,pituitary,2,6.742931812671789e-05,1.0981424265292064e-08,0.9999325672785441
596,"[[49]
 [48]
 [52]
 [48]
 [49]
 [57]]",1,2,pituitary,2,0.00015014280931306226,2.0453866586556124e-08,0.9998498360315958
597,"[[49]
 [48]
 [52]
 [48]
 [49]
 [57]]",1,2,pituitary,2,0.001025161841729035,7.230447276166767e-06,0.9989675680796305
598,"[[49]
 [48]
 [52]
 [48]
 [49]
 [57]]",1,2,pituitary,2,0.00045288376956402016,3.9062158840863503e-07,0.9995467066764832
599,"[[49]
 [48]
 [52]
 [53]
 [53]
 [56]]",0,2,pituitary,2,0.24857636044422785,0.05582812304298083,0.6955954829851786
600,"[[49]
 [48]
 [52]
 [53]
 [53]
 [56]]",0,2,pituitary,2,0.09072701074182987,0.006682106701191515,0.9025909105936686
601,"[[49]
 [49]
 [51]
 [52]
 [51]
 [53]]",1,0,meningioma,0,0.6704720854759216,0.3291042298078537,0.00042372019864463556
602,"[[49]
 [48]
 [52]
 [53]
 [53]
 [56]]",0,2,pituitary,2,0.1315353581060966,0.0025659005526298038,0.8658987283706665
603,"[[49]
 [48]
 [52]
 [53]
 [53]
 [56]]",0,2,pituitary,2,0.2097372735540072,0.012146307194295028,0.7781164248784384
604,"[[49]
 [48]
 [52]
 [53]
 [53]
 [56]]",0,2,pituitary,2,0.09898870950564742,0.002967345411889255,0.8980439106623331
605,"[[49]
 [48]
 [52]
 [53]
 [53]
 [56]]",0,2,pituitary,2,0.27092354993025464,0.00472184328828007,0.7243545850118002
606,"[[49]
 [48]
 [52]
 [53]
 [53]
 [56]]",0,2,pituitary,2,0.2154170647263527,0.17777012412746748,0.6068127900362015
607,"[[49]
 [48]
 [52]
 [54]
 [56]
 [52]]",3,2,pituitary,2,0.004335877330352862,2.100897556071383e-06,0.9956620534261068
608,"[[49]
 [48]
 [52]
 [54]
 [56]
 [52]]",3,2,pituitary,2,0.00047828159100996953,1.3703788385536578e-07,0.9995216131210327
609,"[[49]
 [48]
 [52]
 [54]
 [56]
 [52]]",3,2,pituitary,2,0.0004078908435379465,1.1299210693020238e-06,0.9995909730593363
610,"[[49]
 [48]
 [52]
 [54]
 [56]
 [52]]",3,2,pituitary,2,0.0001039311343144315,1.2843540631024553e-07,0.9998959501584371
611,"[[49]
 [48]
 [52]
 [54]
 [56]
 [52]]",3,2,pituitary,2,0.0007117622784183671,4.252533282548636e-06,0.999284009138743
612,"[[49]
 [49]
 [51]
 [52]
 [51]
 [53]]",1,0,meningioma,0,0.9820021589597067,0.01797462534159422,2.3213350687001366e-05
613,"[[49]
 [48]
 [52]
 [54]
 [56]
 [52]]",3,2,pituitary,2,0.0012646454415516928,6.416562636483529e-06,0.9987289110819498
614,"[[49]
 [48]
 [52]
 [54]
 [56]
 [52]]",3,2,pituitary,2,5.4101280587322736e-06,1.0871627001418638e-09,0.9999945958455404
615,"[[49]
 [48]
 [52]
 [57]
 [49]
 [50]]",2,2,pituitary,2,0.08063393210371335,0.023507048686345417,0.8958590030670166
616,"[[49]
 [48]
 [52]
 [57]
 [49]
 [50]]",2,2,pituitary,2,0.009807633546491465,0.00024837669722425443,0.9899439613024393
617,"[[49]
 [48]
 [52]
 [57]
 [49]
 [50]]",2,2,pituitary,2,0.01219659469400843,0.0026790187306081257,0.985124409198761
618,"[[49]
 [48]
 [52]
 [57]
 [49]
 [50]]",2,2,pituitary,2,0.00771600054576993,0.0006257824425119907,0.9916581908861796
619,"[[49]
 [48]
 [52]
 [57]
 [49]
 [50]]",2,2,pituitary,2,0.010035430081188679,0.0005366420082282275,0.989427924156189
620,"[[49]
 [48]
 [53]
 [49]
 [56]
 [55]]",0,2,pituitary,2,0.008688320468839569,0.004107091926319602,0.9872045715649923
621,"[[49]
 [48]
 [53]
 [49]
 [56]
 [55]]",0,2,pituitary,2,0.02034481952432543,0.006039616419002414,0.9736155470212301
622,"[[49]
 [48]
 [53]
 [49]
 [56]
 [55]]",0,2,pituitary,2,0.0039049776241881773,0.00025841761635092553,0.9958365758260092
623,"[[49]
 [49]
 [51]
 [52]
 [51]
 [53]]",1,0,meningioma,0,0.899002472559611,0.1009899377822876,7.621681807753096e-06
624,"[[49]
 [48]
 [53]
 [49]
 [56]
 [55]]",0,2,pituitary,2,0.004122358454575685,0.00047330078602196107,0.995404322942098
625,"[[49]
 [48]
 [53]
 [49]
 [56]
 [55]]",0,2,pituitary,2,0.000358911484681812,2.7878567086266532e-05,0.9996131857236227
626,"[[49]
 [48]
 [53]
 [49]
 [56]
 [55]]",0,2,pituitary,2,0.0026606149828391303,0.00011730179130609031,0.9972220659255981
627,"[[49]
 [48]
 [53]
 [52]
 [55]
 [53]]",3,2,pituitary,2,5.1352225151883126e-05,4.897229170334564e-08,0.9999485810597738
628,"[[49]
 [48]
 [53]
 [52]
 [55]
 [53]]",3,2,pituitary,2,0.004298602657703062,0.0002615837875055149,0.9954397877057394
629,"[[49]
 [48]
 [53]
 [52]
 [55]
 [53]]",3,2,pituitary,2,0.0058352113313352065,2.0969214195550496e-05,0.9941438436508179
630,"[[49]
 [48]
 [53]
 [53]
 [51]
 [56]]",2,2,pituitary,0,0.7633100748062134,0.03085728796819846,0.20583262667059898
631,"[[49]
 [48]
 [53]
 [53]
 [51]
 [56]]",2,2,pituitary,0,0.8454921642939249,0.031498310466607414,0.12300952399770419
632,"[[49]
 [48]
 [53]
 [54]
 [51]
 [56]]",3,2,pituitary,2,0.002494006708730012,1.0954493347981042e-06,0.9975048899650574
633,"[[49]
 [48]
 [53]
 [54]
 [51]
 [56]]",3,2,pituitary,2,0.0005387538064193601,3.307894023881393e-07,0.9994609157244364
634,"[[49]
 [49]
 [51]
 [52]
 [51]
 [53]]",1,0,meningioma,0,0.9860228896141052,0.013974674046039581,2.398304388862016e-06
635,"[[49]
 [48]
 [53]
 [54]
 [51]
 [56]]",3,2,pituitary,2,0.003905297431629151,1.2034225941685388e-06,0.9960934917132059
636,"[[49]
 [48]
 [53]
 [54]
 [51]
 [56]]",3,2,pituitary,2,0.0018994361938287814,2.646199946572854e-07,0.9981002807617188
637,"[[49]
 [48]
 [53]
 [54]
 [51]
 [56]]",3,2,pituitary,2,0.00029701228413614444,6.1282520539644265e-09,0.9997029900550842
638,"[[57]
 [55]
 [52]
 [49]
 [54]]",2,2,pituitary,2,0.04031242368121942,0.0016472460896087189,0.9580403168996176
639,"[[57]
 [55]
 [52]
 [49]
 [54]]",2,2,pituitary,2,0.0539870106925567,0.0015557525136197607,0.9444572528203329
640,"[[57]
 [55]
 [52]
 [49]
 [54]]",2,2,pituitary,2,0.06838212038079898,0.0010775853297673166,0.9305403232574463
641,"[[57]
 [55]
 [52]
 [49]
 [54]]",2,2,pituitary,2,0.08662328620751698,0.0008593750826548785,0.9125173687934875
642,"[[57]
 [55]
 [52]
 [49]
 [54]]",2,2,pituitary,2,0.001198909420054406,9.906750847221701e-06,0.9987911581993103
643,"[[57]
 [55]
 [52]
 [49]
 [54]]",2,2,pituitary,2,0.0055470713414251804,8.362212853777844e-05,0.9943693081537882
644,"[[57]
 [55]
 [52]
 [49]
 [54]]",2,2,pituitary,2,0.007259684149175882,9.601530715978394e-05,0.9926442901293436
645,"[[49]
 [49]
 [51]
 [52]
 [51]
 [53]]",1,0,meningioma,0,0.921762486298879,0.07823297505577405,4.516761985466171e-06
646,"[[57]
 [55]
 [52]
 [49]
 [54]]",2,2,pituitary,2,0.012307951847712198,0.00012556609969275692,0.9875664512316386
647,"[[57]
 [55]
 [52]
 [54]
 [49]]",0,2,pituitary,2,0.3274489939212799,0.03314382707079252,0.6394071777661642
648,"[[57]
 [55]
 [52]
 [54]
 [49]]",0,2,pituitary,2,0.11270696405942242,0.00477969617350027,0.8825133442878723
649,"[[57]
 [55]
 [52]
 [54]
 [49]]",0,2,pituitary,2,0.12482605750362079,0.0030306272771364697,0.8721433083216349
650,"[[57]
 [55]
 [52]
 [54]
 [49]]",0,2,pituitary,2,0.12911459151655436,0.006335229884522657,0.8645501931508383
651,"[[57]
 [55]
 [52]
 [54]
 [49]]",0,2,pituitary,2,0.011508300328083957,0.0010706268803915009,0.9874210357666016
652,"[[57]
 [55]
 [52]
 [54]
 [49]]",0,2,pituitary,2,0.016070655872075196,0.0004273453099206866,0.9835020303726196
653,"[[57]
 [55]
 [52]
 [54]
 [49]]",0,2,pituitary,2,0.0024160257356318957,9.64441210271616e-05,0.9974875450134277
654,"[[57]
 [55]
 [52]
 [54]
 [49]]",0,2,pituitary,2,0.031031085333476465,0.000464201611369693,0.9685047467549642
655,"[[57]
 [55]
 [52]
 [56]
 [49]]",0,2,pituitary,2,0.04827611722672979,0.0024183604303592197,0.949305514494578
656,"[[49]
 [49]
 [51]
 [52]
 [51]
 [53]]",1,0,meningioma,0,0.8729102810223898,0.12708939363559088,3.1177042932502747e-07
657,"[[57]
 [55]
 [52]
 [56]
 [49]]",0,2,pituitary,2,0.024896948132663965,0.0004487567997178606,0.9746542970339457
658,"[[57]
 [55]
 [52]
 [56]
 [49]]",0,2,pituitary,2,0.003535758783982601,2.598970650069532e-05,0.9964382449785868
659,"[[57]
 [55]
 [52]
 [56]
 [49]]",0,2,pituitary,2,0.0041184671281371266,0.00017588548522932493,0.9957056641578674
660,"[[57]
 [55]
 [52]
 [56]
 [49]]",0,2,pituitary,2,0.015307900379411876,0.00013092629823556004,0.9845611254374186
661,"[[57]
 [55]
 [53]
 [57]
 [57]]",2,2,pituitary,2,0.0003651028382591903,2.1204663198659546e-06,0.9996327956517538
662,"[[57]
 [55]
 [53]
 [57]
 [57]]",2,2,pituitary,2,0.0029900865629315376,2.273907208897678e-05,0.9969871441523234
663,"[[57]
 [55]
 [56]
 [57]
 [48]]",4,2,pituitary,2,0.0033516403442869582,0.00026762635210767866,0.9963807264963785
664,"[[57]
 [55]
 [56]
 [57]
 [48]]",4,2,pituitary,2,0.0014198247939323967,3.620414774789064e-05,0.998543938000997
665,"[[57]
 [55]
 [56]
 [57]
 [48]]",4,2,pituitary,2,0.0023694064911978785,6.463850077409461e-05,0.9975659449895223
666,"[[57]
 [55]
 [56]
 [57]
 [48]]",4,2,pituitary,2,0.001275967862966354,0.00016498887140414809,0.9985590577125549
667,"[[49]
 [48]
 [49]
 [49]
 [50]
 [55]]",1,0,meningioma,0,0.5104949176311493,0.2274711454908053,0.26203397164742154
668,"[[49]
 [49]
 [51]
 [53]
 [53]
 [52]]",0,0,meningioma,0,0.9619447787602743,0.03622413674990336,0.001831031089144138
669,"[[57]
 [56]
 [52]
 [55]
 [50]]",1,2,pituitary,2,0.014139486321558556,0.0016838260538255174,0.9841767152150472
670,"[[57]
 [56]
 [52]
 [55]
 [50]]",1,2,pituitary,2,0.05925113211075465,0.0002054022794861036,0.940543512503306
671,"[[57]
 [56]
 [52]
 [55]
 [50]]",1,2,pituitary,2,0.0028467674662048617,1.2943290054560444e-05,0.9971403082211813
672,"[[57]
 [56]
 [52]
 [55]
 [50]]",1,2,pituitary,2,0.00988960126414895,2.977893412510942e-05,0.9900806347529093
673,"[[57]
 [56]
 [52]
 [55]
 [50]]",1,2,pituitary,2,0.00953011525173982,9.503390659422924e-05,0.9903748631477356
674,"[[57]
 [56]
 [54]
 [53]
 [50]]",3,2,pituitary,2,0.0019339393281067412,1.0013427981903078e-05,0.9980560342470804
675,"[[57]
 [56]
 [54]
 [53]
 [50]]",3,2,pituitary,2,0.0032589784435306988,3.3932881819964678e-06,0.9967375795046488
676,"[[57]
 [56]
 [54]
 [53]
 [50]]",3,2,pituitary,2,0.046623565877477326,0.0004245331316875915,0.9529519279797872
677,"[[57]
 [56]
 [54]
 [53]
 [50]]",3,2,pituitary,2,0.03942415304481983,1.9863437804209145e-05,0.9605560104052225
678,"[[57]
 [56]
 [56]
 [55]
 [49]]",2,2,pituitary,2,0.0018556762176255386,4.044471643283032e-05,0.99810391664505
679,"[[49]
 [49]
 [51]
 [53]
 [53]
 [52]]",0,0,meningioma,0,0.9412652055422465,0.05427068223555883,0.004464122544353207
680,"[[57]
 [56]
 [56]
 [55]
 [49]]",2,2,pituitary,2,0.005360504689936836,0.00019670146502903663,0.9944428006807963
681,"[[57]
 [56]
 [56]
 [55]
 [49]]",2,2,pituitary,2,0.00359637561875085,0.0001253274967893958,0.9962783257166544
682,"[[57]
 [56]
 [56]
 [55]
 [49]]",2,2,pituitary,2,0.002720298788820704,0.00016563437141788503,0.9971140821774801
683,"[[57]
 [56]
 [56]
 [55]
 [49]]",2,2,pituitary,2,0.0006493307300843298,5.7725510487216525e-06,0.9993448654810587
684,"[[57]
 [56]
 [56]
 [55]
 [49]]",2,2,pituitary,2,0.0007240652824596813,3.6040462267313465e-05,0.9992398619651794
685,"[[57]
 [56]
 [56]
 [55]
 [49]]",2,2,pituitary,2,0.0005021879333071411,1.791707260660284e-05,0.9994798898696899
686,"[[57]
 [56]
 [56]
 [55]
 [52]]",3,2,pituitary,0,0.7568978865941366,0.21337544918060303,0.02972668781876564
687,"[[57]
 [56]
 [56]
 [55]
 [52]]",3,2,pituitary,2,0.01672103504339854,2.0068350143750042e-05,0.9832589030265808
688,"[[57]
 [56]
 [56]
 [55]
 [52]]",3,2,pituitary,2,0.18170186132192612,0.001313765300437808,0.8169843951861063
689,"[[57]
 [56]
 [56]
 [55]
 [52]]",3,2,pituitary,2,0.05854664805034796,0.00039630563696846366,0.9410570859909058
690,"[[49]
 [49]
 [51]
 [53]
 [53]
 [52]]",0,0,meningioma,0,0.9127610723177592,0.08465611313780148,0.0025828352954704314
691,"[[57]
 [56]
 [56]
 [55]
 [52]]",3,2,pituitary,2,0.00490626673369358,2.3354565807191343e-06,0.9950914184252421
692,"[[57]
 [56]
 [57]
 [57]
 [50]]",2,2,pituitary,0,0.5572494467099508,0.03210338577628136,0.4106471637884776
693,"[[57]
 [56]
 [57]
 [57]
 [50]]",2,2,pituitary,2,0.42430571218331653,0.01024984975811094,0.565444419781367
694,"[[57]
 [56]
 [57]
 [57]
 [50]]",2,2,pituitary,2,0.02401299277941386,0.000549705233424902,0.9754373033841451
695,"[[57]
 [56]
 [57]
 [57]
 [50]]",2,2,pituitary,2,0.012449069724728664,0.00015135229477891698,0.9873995780944824
696,"[[57]
 [56]
 [57]
 [57]
 [50]]",2,2,pituitary,2,0.03864078223705292,0.0002662380332670485,0.9610929687817892
697,"[[57]
 [56]
 [57]
 [57]
 [50]]",2,2,pituitary,2,0.011943742477645477,0.00014696657550909245,0.9879093170166016
698,"[[57]
 [56]
 [57]
 [57]
 [50]]",2,2,pituitary,2,0.015889035382618506,0.0004207088107553621,0.9836902817090353
699,"[[57]
 [56]
 [57]
 [57]
 [53]]",1,2,pituitary,2,0.03173187623421351,0.002541314063516135,0.9657267928123474
700,"[[57]
 [56]
 [57]
 [57]
 [53]]",1,2,pituitary,2,0.04102082860966524,0.00024927054861715686,0.9587299227714539
701,"[[49]
 [49]
 [51]
 [56]
 [48]
 [53]]",3,0,meningioma,0,0.7901959617932638,0.2072256381313006,0.002578373455132047
702,"[[57]
 [56]
 [57]
 [57]
 [53]]",1,2,pituitary,2,0.021974272405107815,0.00025978676179268706,0.9777658979098002
703,"[[57]
 [56]
 [57]
 [57]
 [53]]",1,2,pituitary,2,0.06431835020581882,0.0005642936157528311,0.9351173837979635
704,"[[57]
 [56]
 [57]
 [57]
 [53]]",1,2,pituitary,2,0.03948378749191761,1.7621285830197547e-05,0.960498591264089
705,"[[57]
 [56]
 [57]
 [57]
 [53]]",1,2,pituitary,2,0.018344437703490257,0.00010271830857770207,0.9815528591473898
706,"[[57]
 [57]
 [50]
 [50]
 [51]]",0,2,pituitary,2,0.04487912977735201,0.0015436425601365045,0.9535772403081259
707,"[[57]
 [57]
 [50]
 [50]
 [51]]",0,2,pituitary,2,0.015424231688181559,0.0004877031800181915,0.9840880632400513
708,"[[57]
 [57]
 [50]
 [50]
 [51]]",0,2,pituitary,2,0.008539991487244455,0.00016003870905478834,0.9913000067075094
709,"[[57]
 [57]
 [50]
 [50]
 [51]]",0,2,pituitary,2,0.00451534116291441,3.7918422587305635e-05,0.9954467415809631
710,"[[57]
 [57]
 [50]
 [50]
 [51]]",0,2,pituitary,2,0.014039034863041403,0.0005489445532778822,0.985412061214447
711,"[[57]
 [57]
 [50]
 [50]
 [51]]",0,2,pituitary,2,0.0012500350712798536,4.024191724738557e-05,0.9987096985181173
712,"[[49]
 [49]
 [52]
 [48]
 [49]
 [56]]",0,0,meningioma,1,0.35108226040999096,0.6271369457244873,0.021780822426080704
713,"[[49]
 [48]
 [49]
 [48]
 [49]
 [55]]",2,2,pituitary,2,0.0010381916945334524,4.0959119947577466e-07,0.9989613691965739
714,"[[49]
 [48]
 [49]
 [48]
 [49]
 [55]]",2,2,pituitary,2,0.0003075524776553114,5.364495336834807e-07,0.999691923459371
715,"[[49]
 [48]
 [49]
 [48]
 [49]
 [55]]",2,2,pituitary,2,0.003622307674959302,0.0003129885735688731,0.9960646629333496
716,"[[49]
 [48]
 [49]
 [48]
 [49]
 [55]]",2,2,pituitary,2,0.002025772312966486,7.167560276381361e-05,0.9979025721549988
717,"[[49]
 [48]
 [49]
 [48]
 [50]
 [57]]",2,2,pituitary,2,0.000735184337827377,2.505989186829538e-05,0.9992397427558899
718,"[[49]
 [48]
 [49]
 [48]
 [50]
 [57]]",2,2,pituitary,2,0.0007817239044622207,3.594623982886939e-05,0.9991823633511862
719,"[[49]
 [48]
 [49]
 [48]
 [50]
 [57]]",2,2,pituitary,2,0.0002519311892683618,5.160205849582174e-06,0.9997429251670837
720,"[[49]
 [48]
 [49]
 [48]
 [50]
 [57]]",2,2,pituitary,2,0.00021317149124418697,1.0794837029000822e-05,0.9997760454813639
721,"[[49]
 [48]
 [49]
 [48]
 [50]
 [57]]",2,2,pituitary,2,0.0012159018369857222,0.001029657869366929,0.9977544744809469
722,"[[49]
 [48]
 [49]
 [48]
 [50]
 [57]]",2,2,pituitary,2,0.0013157201562232028,0.0001267660639617437,0.9985574881235758
723,"[[49]
 [49]
 [52]
 [48]
 [49]
 [56]]",0,0,meningioma,2,0.23306939005851746,0.0356970364227891,0.731233557065328
724,"[[49]
 [48]
 [49]
 [48]
 [50]
 [57]]",2,2,pituitary,2,0.0015558860419938962,2.4148548921706e-05,0.9984199603398641
725,"[[49]
 [48]
 [49]
 [49]
 [52]
 [53]]",3,2,pituitary,2,0.0015738547857229908,1.8864827495690406e-06,0.998424212137858
726,"[[49]
 [48]
 [49]
 [49]
 [52]
 [53]]",3,2,pituitary,2,0.07308083741615216,0.005080721840689269,0.9218384424845377
727,"[[49]
 [48]
 [49]
 [49]
 [52]
 [53]]",3,2,pituitary,2,0.022952535344908636,0.027412699069827795,0.9496347308158875
728,"[[49]
 [48]
 [49]
 [49]
 [52]
 [53]]",3,2,pituitary,2,0.09538344231744607,0.00017639998016723743,0.904440184434255
729,"[[49]
 [48]
 [49]
 [51]
 [48]
 [53]]",1,2,pituitary,2,0.002092875811892251,0.0003070714810746722,0.9975999991099039
730,"[[49]
 [48]
 [49]
 [51]
 [48]
 [53]]",1,2,pituitary,2,0.0045488856655235095,0.0017037007686061163,0.9937474131584167
731,"[[49]
 [48]
 [49]
 [51]
 [48]
 [53]]",1,2,pituitary,2,0.00045406232250873774,0.00031737789443771663,0.9992285569508871
732,"[[49]
 [48]
 [49]
 [51]
 [48]
 [53]]",1,2,pituitary,2,0.005688427093749245,0.002081564782808224,0.9922299782435099
733,"[[49]
 [48]
 [49]
 [55]
 [50]
 [52]]",0,2,pituitary,2,0.00623298257899781,0.0011988754752868165,0.9925681948661804
734,"[[49]
 [49]
 [52]
 [48]
 [49]
 [56]]",0,0,meningioma,2,0.28272058069705963,0.013731188296029965,0.7035482327143351
735,"[[49]
 [48]
 [49]
 [55]
 [50]
 [52]]",0,2,pituitary,2,0.00015050677575345617,6.582987017130411e-06,0.9998429218928019
736,"[[49]
 [48]
 [49]
 [55]
 [50]
 [52]]",0,2,pituitary,2,0.0033959814512248463,0.0006177310133352876,0.995986262957255
737,"[[49]
 [48]
 [49]
 [55]
 [50]
 [52]]",0,2,pituitary,2,0.014585811994038522,0.008251420067002376,0.977162778377533
738,"[[49]
 [48]
 [49]
 [55]
 [50]
 [52]]",0,2,pituitary,2,0.012124704585100213,0.0007695846531229714,0.9871057271957397
739,"[[49]
 [48]
 [49]
 [55]
 [50]
 [52]]",0,2,pituitary,2,0.007020989782176912,0.0020672937001412115,0.9909117023150126
740,"[[49]
 [48]
 [50]
 [54]
 [52]
 [56]]",0,2,pituitary,2,0.031757114765544735,0.27782732248306274,0.6904155413309733
741,"[[49]
 [48]
 [50]
 [54]
 [52]
 [56]]",0,2,pituitary,2,0.01943343528546393,0.07849652444322903,0.9020700256029764
742,"[[49]
 [48]
 [50]
 [54]
 [52]
 [56]]",0,2,pituitary,2,0.036320907063782215,0.06279260416825612,0.9008864760398865
743,"[[49]
 [48]
 [50]
 [54]
 [52]
 [56]]",0,2,pituitary,2,0.013711423302690188,0.02187800904115041,0.9644105235735575
744,"[[49]
 [48]
 [50]
 [54]
 [52]
 [56]]",0,2,pituitary,2,0.1424362063407898,0.011104720955093702,0.8464591105779012
745,"[[49]
 [49]
 [52]
 [48]
 [49]
 [56]]",0,0,meningioma,2,0.38306818902492523,0.1341325342655182,0.48279931644598645
746,"[[49]
 [48]
 [50]
 [54]
 [52]
 [56]]",0,2,pituitary,2,0.11535895864168803,0.030089156702160835,0.85455189148585
747,"[[49]
 [48]
 [50]
 [54]
 [52]
 [56]]",0,2,pituitary,2,0.3965950707594554,0.12264855206012726,0.48075636724630993
748,"[[49]
 [48]
 [50]
 [54]
 [54]
 [57]]",1,2,pituitary,2,0.0017942516909291346,0.0001753612747658432,0.9980303843816122
749,"[[49]
 [48]
 [51]
 [48]
 [52]
 [54]]",0,2,pituitary,2,0.0006077652657647074,1.1054071402819924e-05,0.9993811845779419
750,"[[49]
 [48]
 [51]
 [48]
 [52]
 [54]]",0,2,pituitary,2,0.0005094605239719385,2.0855918364759418e-05,0.9994696577390035
751,"[[49]
 [48]
 [51]
 [48]
 [52]
 [54]]",0,2,pituitary,2,0.0033684197502831617,0.0015717197481232386,0.9950598875681559
752,"[[49]
 [48]
 [51]
 [48]
 [52]
 [54]]",0,2,pituitary,2,0.0017194145475514233,0.0001038425410418616,0.9981767336527506
753,"[[49]
 [48]
 [51]
 [50]
 [53]
 [55]]",1,2,pituitary,2,0.01345551215733091,0.0004044956367579289,0.9861400127410889
754,"[[49]
 [48]
 [51]
 [50]
 [53]
 [55]]",1,2,pituitary,2,0.019824130771060784,0.004058788802164297,0.9761170546213785
755,"[[49]
 [48]
 [51]
 [50]
 [53]
 [55]]",1,2,pituitary,2,0.029313929999868076,0.0004886707853681097,0.9701973994572958
756,"[[49]
 [49]
 [52]
 [48]
 [49]
 [56]]",0,0,meningioma,0,0.5512841840585073,0.19005469729502997,0.25866112609704334
757,"[[49]
 [48]
 [51]
 [50]
 [53]
 [55]]",1,2,pituitary,2,0.03481787132720152,0.0032074524400134883,0.9619746804237366
758,"[[49]
 [48]
 [51]
 [50]
 [53]
 [55]]",1,2,pituitary,2,0.0006797532356965045,0.0013638970558531582,0.997956395149231
759,"[[49]
 [48]
 [51]
 [50]
 [53]
 [55]]",1,2,pituitary,2,0.010917267917344967,0.009411901410203427,0.9796708226203918
760,"[[49]
 [48]
 [51]
 [50]
 [53]
 [55]]",1,2,pituitary,2,0.004457932431250811,0.0007880571405015265,0.9947540163993835
761,"[[49]
 [48]
 [51]
 [52]
 [55]
 [56]]",2,2,pituitary,2,0.061276618391275406,0.000168739282041012,0.9385546247164408
762,"[[49]
 [48]
 [51]
 [52]
 [55]
 [56]]",2,2,pituitary,2,0.04783296026289463,0.0013220131707688172,0.9508450229962667
763,"[[49]
 [48]
 [51]
 [52]
 [55]
 [56]]",2,2,pituitary,2,0.014361657396269342,0.001492472249083221,0.9841458598772684
764,"[[49]
 [48]
 [51]
 [52]
 [55]
 [56]]",2,2,pituitary,2,0.10524117946624756,0.10289460917313893,0.7918642163276672
765,"[[49]
 [48]
 [51]
 [52]
 [55]
 [56]]",2,2,pituitary,0,0.7205136815706888,0.014508922273914019,0.26497740919391316
766,"[[49]
 [48]
 [51]
 [52]
 [55]
 [56]]",2,2,pituitary,2,0.07194591189424197,0.0004229367332300171,0.9276311198870341
767,"[[49]
 [49]
 [52]
 [51]
 [53]
 [57]]",3,0,meningioma,1,0.02365049347281456,0.9763380090395609,1.1479044635128352e-05
768,"[[49]
 [48]
 [51]
 [52]
 [55]
 [56]]",2,2,pituitary,2,0.3471815238396327,0.0029306282134105763,0.6498878300189972
769,"[[49]
 [48]
 [51]
 [52]
 [55]
 [56]]",2,2,pituitary,2,0.013729706406593323,5.429850655976528e-05,0.9862160285313925
770,"[[49]
 [48]
 [51]
 [53]
 [56]
 [50]]",4,2,pituitary,2,0.01602516909285138,6.636485947334829e-05,0.9839084347089132
771,"[[49]
 [48]
 [51]
 [53]
 [56]
 [50]]",4,2,pituitary,2,0.06920848786830902,0.0006025300923890123,0.9301890134811401
772,"[[49]
 [48]
 [51]
 [53]
 [56]
 [50]]",4,2,pituitary,2,0.03986098438811799,0.0035703751685408256,0.9565686384836832
773,"[[49]
 [48]
 [51]
 [53]
 [56]
 [50]]",4,2,pituitary,2,0.018747371349794168,0.0019432146994707484,0.9793094197909037
774,"[[49]
 [48]
 [51]
 [53]
 [56]
 [50]]",4,2,pituitary,2,0.06994351993004481,0.0015159285394474864,0.9285405874252319
775,"[[49]
 [48]
 [51]
 [53]
 [56]
 [50]]",4,2,pituitary,2,0.018750605483849842,0.000672313675750047,0.9805770913759867
776,"[[49]
 [48]
 [51]
 [53]
 [56]
 [50]]",4,2,pituitary,2,0.023699746195537347,0.002229111521349599,0.9740711649258932
777,"[[49]
 [48]
 [51]
 [53]
 [56]
 [50]]",4,2,pituitary,2,0.12112058699131012,0.0033954832081993422,0.8754839102427164
778,"[[49]
 [48]
 [49]
 [49]
 [50]
 [55]]",1,0,meningioma,0,0.4146838535865148,0.39470186829566956,0.19061428805192313
779,"[[49]
 [49]
 [52]
 [51]
 [53]
 [57]]",3,0,meningioma,1,0.002287159819388762,0.9977094332377116,3.4016865490353134e-06
780,"[[49]
 [48]
 [51]
 [54]
 [55]
 [48]]",1,2,pituitary,2,0.012875710303584734,0.0022733912337571383,0.9848508636156718
781,"[[49]
 [48]
 [51]
 [54]
 [55]
 [48]]",1,2,pituitary,2,0.006830098495508234,0.0006659410428255796,0.9925039807955424
782,"[[49]
 [48]
 [51]
 [54]
 [55]
 [48]]",1,2,pituitary,2,0.004066850679616134,0.00019379439375673732,0.9957393606503805
783,"[[49]
 [48]
 [51]
 [54]
 [55]
 [48]]",1,2,pituitary,2,0.019710679228107136,0.0012679913585695128,0.9790213505427042
784,"[[49]
 [48]
 [51]
 [54]
 [55]
 [49]]",0,2,pituitary,2,0.013531936177362999,0.0002912784196572223,0.9861767689387003
785,"[[49]
 [48]
 [51]
 [54]
 [55]
 [49]]",0,2,pituitary,2,0.007183185080066323,0.0012424957919089745,0.9915743072827657
786,"[[49]
 [48]
 [51]
 [54]
 [55]
 [49]]",0,2,pituitary,2,0.015285927996349832,0.017542464813838404,0.9671716292699178
787,"[[49]
 [48]
 [51]
 [54]
 [55]
 [49]]",0,2,pituitary,2,0.010709925709913174,0.0007612302530712137,0.9885288079579672
788,"[[49]
 [48]
 [51]
 [54]
 [55]
 [49]]",0,2,pituitary,2,0.01381257603255411,0.00034698779685034725,0.9858404397964478
789,"[[49]
 [48]
 [51]
 [55]
 [51]
 [49]]",1,2,pituitary,2,0.0633236492673556,0.012873195655023059,0.9238031506538391
790,"[[49]
 [49]
 [52]
 [51]
 [53]
 [57]]",3,0,meningioma,1,0.04365451540797949,0.9563393990198771,6.064445533600822e-06
791,"[[49]
 [48]
 [51]
 [55]
 [51]
 [49]]",1,2,pituitary,2,0.06558875491221745,0.015843780090411503,0.918567438920339
792,"[[49]
 [48]
 [51]
 [55]
 [51]
 [49]]",1,2,pituitary,2,0.0019162203728531797,0.00022919983409034708,0.9978545506795248
793,"[[49]
 [48]
 [51]
 [55]
 [51]
 [49]]",1,2,pituitary,2,0.004848911892622709,0.00031629562242111814,0.9948347806930542
794,"[[49]
 [48]
 [51]
 [55]
 [51]
 [49]]",1,2,pituitary,2,0.011376836647590002,0.002930333915476998,0.9856928189595541
795,"[[49]
 [48]
 [51]
 [56]
 [51]
 [55]]",0,2,pituitary,2,0.010828009922988713,0.0009106664704935005,0.988261342048645
796,"[[49]
 [48]
 [51]
 [56]
 [51]
 [55]]",0,2,pituitary,2,0.01654504092099766,0.0005655711429426447,0.9828894337018331
797,"[[49]
 [48]
 [51]
 [56]
 [51]
 [55]]",0,2,pituitary,2,0.0230366097142299,0.0017375836032442749,0.9752258459726969
798,"[[49]
 [48]
 [51]
 [56]
 [51]
 [55]]",0,2,pituitary,2,0.004857886931858957,0.0004364477645140141,0.9947056571642557
799,"[[49]
 [48]
 [51]
 [56]
 [51]
 [55]]",0,2,pituitary,2,0.003591466462239623,0.00030030348474004615,0.9961081941922506
800,"[[49]
 [48]
 [51]
 [56]
 [51]
 [55]]",0,2,pituitary,2,0.0036777799832634628,0.0001571504241534664,0.9961650570233663
801,"[[49]
 [49]
 [52]
 [51]
 [53]
 [57]]",3,0,meningioma,1,0.15728071083625159,0.8427040974299113,1.5167667460976494e-05
802,"[[49]
 [48]
 [51]
 [56]
 [51]
 [55]]",0,2,pituitary,2,0.0025223524523122856,0.00017885675394306114,0.997298796971639
803,"[[49]
 [48]
 [52]
 [48]
 [49]
 [57]]",1,2,pituitary,2,0.03203004769360026,0.0002720806963528351,0.9676978389422098
804,"[[49]
 [48]
 [52]
 [48]
 [49]
 [57]]",1,2,pituitary,2,0.00812936294823885,0.0005724729538390724,0.9912981390953064
805,"[[49]
 [48]
 [52]
 [48]
 [49]
 [57]]",1,2,pituitary,2,0.008858141819170365,0.00026945249798397225,0.9908723831176758
806,"[[49]
 [48]
 [52]
 [48]
 [49]
 [57]]",1,2,pituitary,2,0.019217866628120344,0.007188434324537714,0.9735937118530273
807,"[[49]
 [48]
 [52]
 [53]
 [53]
 [56]]",0,2,pituitary,2,0.09470063199599583,0.07699873546759288,0.8283006350199381
808,"[[49]
 [48]
 [52]
 [53]
 [53]
 [56]]",0,2,pituitary,2,0.10944262395302455,0.013479731511324644,0.8770776391029358
809,"[[49]
 [48]
 [52]
 [53]
 [53]
 [56]]",0,2,pituitary,2,0.13493695855140686,0.009612837185462316,0.8554501930872599
810,"[[49]
 [48]
 [52]
 [53]
 [53]
 [56]]",0,2,pituitary,2,0.21064100166161856,0.026362620604534943,0.7629963954289755
811,"[[49]
 [48]
 [52]
 [53]
 [53]
 [56]]",0,2,pituitary,2,0.02544271433725953,0.01145914662629366,0.963098148504893
812,"[[49]
 [49]
 [52]
 [51]
 [53]
 [57]]",3,0,meningioma,0,0.9297460516293844,0.07024136930704117,1.252929392118555e-05
813,"[[49]
 [48]
 [52]
 [53]
 [53]
 [56]]",0,2,pituitary,2,0.09731149983902772,0.02289095614105463,0.8797975182533264
814,"[[49]
 [48]
 [52]
 [53]
 [53]
 [56]]",0,2,pituitary,2,0.04685889619092146,0.00327229528920725,0.9498688181241354
815,"[[49]
 [48]
 [52]
 [53]
 [53]
 [56]]",0,2,pituitary,2,0.025652857574944694,0.020474583220978577,0.953872561454773
816,"[[49]
 [48]
 [52]
 [53]
 [53]
 [56]]",0,2,pituitary,2,0.2710907806952794,0.2432404855887095,0.48566872378190357
817,"[[49]
 [48]
 [52]
 [54]
 [56]
 [52]]",3,2,pituitary,2,0.0002004833149840124,7.295279651486908e-07,0.9997987747192383
818,"[[49]
 [48]
 [52]
 [54]
 [56]
 [52]]",3,2,pituitary,2,5.650953911147857e-05,1.1435553268768217e-06,0.9999423424402872
819,"[[49]
 [48]
 [52]
 [54]
 [56]
 [52]]",3,2,pituitary,2,0.00023585649250890128,1.1699525392335394e-05,0.999752422173818
820,"[[49]
 [48]
 [52]
 [54]
 [56]
 [52]]",3,2,pituitary,2,0.00013398269008272715,1.285206666275703e-07,0.9998659292856852
821,"[[49]
 [48]
 [52]
 [54]
 [56]
 [52]]",3,2,pituitary,2,4.86920489493059e-05,1.0294742036620619e-07,0.9999512036641439
822,"[[49]
 [48]
 [52]
 [54]
 [56]
 [52]]",3,2,pituitary,2,0.0002829203779886787,1.6447284541717029e-06,0.9997154474258423
823,"[[49]
 [49]
 [52]
 [51]
 [53]
 [57]]",3,0,meningioma,0,0.7744366923967997,0.22555448611577353,8.856924580413761e-06
824,"[[49]
 [48]
 [52]
 [54]
 [56]
 [52]]",3,2,pituitary,2,0.0002500073120851691,4.590587311762799e-07,0.999749501546224
825,"[[49]
 [48]
 [52]
 [57]
 [49]
 [50]]",2,2,pituitary,2,0.011125294491648674,0.0015948776854202151,0.9872798323631287
826,"[[49]
 [48]
 [52]
 [57]
 [49]
 [50]]",2,2,pituitary,2,0.008915046540399393,0.003819371845262746,0.9872655868530273
827,"[[49]
 [48]
 [52]
 [57]
 [49]
 [50]]",2,2,pituitary,2,0.007800244105358918,0.007381994277238846,0.9848177433013916
828,"[[49]
 [48]
 [52]
 [57]
 [49]
 [50]]",2,2,pituitary,2,0.006773426275079449,0.0015390126888329785,0.991687556107839
829,"[[49]
 [48]
 [52]
 [57]
 [49]
 [50]]",2,2,pituitary,2,0.013381466579933962,0.02140169000873963,0.965216855208079
830,"[[49]
 [48]
 [52]
 [57]
 [49]
 [50]]",2,2,pituitary,2,0.015023666356379787,0.003600814612582326,0.9813754757245382
831,"[[49]
 [48]
 [52]
 [57]
 [49]
 [50]]",2,2,pituitary,2,0.055903300642967224,0.004241350572556257,0.9398553967475891
832,"[[49]
 [48]
 [53]
 [49]
 [56]
 [55]]",0,2,pituitary,2,0.03894220758229494,0.004746409133076668,0.9563114047050476
833,"[[49]
 [48]
 [53]
 [49]
 [56]
 [55]]",0,2,pituitary,2,0.024613246476898592,0.009775197211032113,0.9656115571657816
834,"[[57]
 [55]
 [54]
 [48]
 [55]]",2,0,meningioma,0,0.8022411664326986,0.19747267166773477,0.0002861292111144091
835,"[[49]
 [48]
 [53]
 [49]
 [56]
 [55]]",0,2,pituitary,2,0.053222166995207466,0.02695186125735442,0.9198259512583414
836,"[[49]
 [48]
 [53]
 [49]
 [56]
 [55]]",0,2,pituitary,2,0.011313223124792179,0.006489742935324709,0.9821970065434774
837,"[[49]
 [48]
 [53]
 [49]
 [56]
 [55]]",0,2,pituitary,2,0.058523679773012795,0.027411623237033684,0.9140647053718567
838,"[[49]
 [48]
 [53]
 [49]
 [56]
 [55]]",0,2,pituitary,2,0.010184905026108027,0.0014318860388205696,0.9883832335472107
839,"[[49]
 [48]
 [53]
 [52]
 [55]
 [53]]",3,2,pituitary,2,0.001677680139740308,5.473058990901336e-05,0.9982675909996033
840,"[[49]
 [48]
 [53]
 [52]
 [55]
 [53]]",3,2,pituitary,1,0.14901355654001236,0.6897668441136678,0.16121962976952395
841,"[[49]
 [48]
 [53]
 [52]
 [55]
 [53]]",3,2,pituitary,2,0.0022315806127153337,0.006687717153302704,0.991080641746521
842,"[[49]
 [48]
 [53]
 [52]
 [55]
 [53]]",3,2,pituitary,2,0.009460737075035771,0.0001487886814478164,0.9903904994328817
843,"[[49]
 [48]
 [53]
 [52]
 [55]
 [53]]",3,2,pituitary,2,0.0014294208764719467,1.924435520569053e-07,0.9985704024632772
844,"[[49]
 [48]
 [53]
 [53]
 [51]
 [56]]",2,2,pituitary,0,0.6568635702133179,0.022294750437140465,0.3208416650692622
845,"[[57]
 [55]
 [54]
 [48]
 [55]]",2,0,meningioma,0,0.8650948206583658,0.1348477303981781,5.747893828811357e-05
846,"[[49]
 [48]
 [53]
 [53]
 [51]
 [56]]",2,2,pituitary,0,0.705518364906311,0.017620968477179606,0.27686067422231037
847,"[[49]
 [48]
 [53]
 [54]
 [51]
 [56]]",3,2,pituitary,2,0.0007878044925746508,3.297160643948397e-05,0.9991792241732279
848,"[[49]
 [48]
 [53]
 [54]
 [51]
 [56]]",3,2,pituitary,2,0.0006213462741773886,2.296556194399576e-06,0.99937637646993
849,"[[49]
 [48]
 [53]
 [54]
 [51]
 [56]]",3,2,pituitary,2,0.0015950520561697583,8.346193377898695e-06,0.9983965953191122
850,"[[49]
 [48]
 [53]
 [54]
 [51]
 [56]]",3,2,pituitary,2,0.0004585373923570539,0.0014325443965693314,0.9981089234352112
851,"[[49]
 [48]
 [53]
 [54]
 [51]
 [56]]",3,2,pituitary,2,0.003826936571082721,0.0034105207111376026,0.9927625258763632
852,"[[57]
 [55]
 [52]
 [49]
 [54]]",2,2,pituitary,2,0.04093726476033529,0.0016786012565717101,0.9573841492335001
853,"[[57]
 [55]
 [52]
 [49]
 [54]]",2,2,pituitary,2,0.014949544177701076,0.003123782342299819,0.981926679611206
854,"[[57]
 [55]
 [52]
 [49]
 [54]]",2,2,pituitary,2,0.0026681989741822085,2.434776464118234e-05,0.9973074793815613
855,"[[57]
 [55]
 [52]
 [49]
 [54]]",2,2,pituitary,2,0.03452177718281746,0.0003088820861497273,0.9651693105697632
856,"[[57]
 [55]
 [54]
 [48]
 [55]]",2,0,meningioma,0,0.9423806667327881,0.0575615173826615,5.781929151756534e-05
857,"[[57]
 [55]
 [52]
 [49]
 [54]]",2,2,pituitary,2,0.005829377798363566,7.300240895347088e-06,0.9941633145014445
858,"[[57]
 [55]
 [52]
 [49]
 [54]]",2,2,pituitary,2,0.01850952471916874,0.00016792608039395418,0.9813225467999777
859,"[[57]
 [55]
 [52]
 [49]
 [54]]",2,2,pituitary,2,0.04055297809342543,0.0001404985578119522,0.959306518236796
860,"[[57]
 [55]
 [52]
 [54]
 [49]]",0,2,pituitary,2,0.07400756515562534,0.0030792162967069694,0.9229132334391276
861,"[[57]
 [55]
 [52]
 [54]
 [49]]",0,2,pituitary,2,0.02659770396227638,0.0009551815940843275,0.9724471171696981
862,"[[57]
 [55]
 [52]
 [54]
 [49]]",0,2,pituitary,2,0.003275109367677942,0.0003225887194275856,0.9964023431142172
863,"[[57]
 [55]
 [52]
 [54]
 [49]]",0,2,pituitary,2,0.003309821205524107,0.0006285059547129398,0.9960617025693258
864,"[[57]
 [55]
 [52]
 [54]
 [49]]",0,2,pituitary,2,0.014233001119767627,0.0011591871734708548,0.9846078356107076
865,"[[57]
 [55]
 [52]
 [54]
 [49]]",0,2,pituitary,2,0.012990278424695134,0.0007162829472993811,0.9862934549649557
866,"[[57]
 [55]
 [52]
 [54]
 [49]]",0,2,pituitary,2,0.004350109986262396,0.000230863213801058,0.9954190254211426
867,"[[57]
 [55]
 [54]
 [48]
 [55]]",2,0,meningioma,0,0.9722699920336405,0.02769352433582147,3.650975152898658e-05
868,"[[57]
 [55]
 [52]
 [54]
 [49]]",0,2,pituitary,2,0.01084295603989934,0.0010639798808066796,0.9880930384000143
869,"[[57]
 [55]
 [52]
 [56]
 [49]]",0,2,pituitary,2,0.04860683577135205,0.00096338910710377,0.9504297574361166
870,"[[57]
 [55]
 [52]
 [56]
 [49]]",0,2,pituitary,2,0.28340305015444756,0.009452302396918336,0.7071446776390076
871,"[[57]
 [55]
 [52]
 [56]
 [49]]",0,2,pituitary,2,0.05819749211271604,0.003337925338807205,0.9384645819664001
872,"[[57]
 [55]
 [52]
 [56]
 [49]]",0,2,pituitary,2,0.054692694917321205,0.018366084744532902,0.9269411961237589
873,"[[57]
 [55]
 [52]
 [56]
 [49]]",0,2,pituitary,2,0.04021669807843864,0.25222908208767575,0.7075542410214742
874,"[[57]
 [55]
 [53]
 [57]
 [57]]",2,2,pituitary,2,0.00985033488056312,0.00018782166686529914,0.9899618228276571
875,"[[57]
 [55]
 [53]
 [57]
 [57]]",2,2,pituitary,2,0.0025072570618552468,0.0008728578686714172,0.9966198801994324
876,"[[57]
 [55]
 [53]
 [57]
 [57]]",2,2,pituitary,2,0.008897649745146433,0.00015402357409281345,0.9909483194351196
877,"[[57]
 [55]
 [56]
 [57]
 [48]]",4,2,pituitary,2,0.049151663978894554,0.00020637903314006204,0.950641949971517
878,"[[57]
 [55]
 [54]
 [48]
 [55]]",2,0,meningioma,0,0.7527457078297933,0.24714850385983786,0.00010577996484547232
879,"[[57]
 [55]
 [56]
 [57]
 [48]]",4,2,pituitary,2,0.02190783464660247,8.159189261884119e-05,0.9780105749766032
880,"[[57]
 [55]
 [56]
 [57]
 [48]]",4,2,pituitary,2,0.0026382540261996232,2.348554315304933e-05,0.9973382155100504
881,"[[57]
 [55]
 [56]
 [57]
 [48]]",4,2,pituitary,2,0.027446981985121965,0.0034068835666403174,0.9691461126009623
882,"[[57]
 [55]
 [56]
 [57]
 [48]]",4,2,pituitary,2,0.011858287655437985,0.00022324955170915928,0.987918496131897
883,"[[57]
 [55]
 [56]
 [57]
 [48]]",4,2,pituitary,2,0.008328770520165563,1.989478733814091e-05,0.9916513363520304
884,"[[57]
 [56]
 [52]
 [55]
 [50]]",1,2,pituitary,2,0.004689496437398096,0.00023228848052288717,0.9950782060623169
885,"[[57]
 [56]
 [52]
 [55]
 [50]]",1,2,pituitary,2,0.031188524638613064,0.00220067601185292,0.9666108091672262
886,"[[57]
 [56]
 [52]
 [55]
 [50]]",1,2,pituitary,2,0.07188615202903748,0.05867568372438351,0.8694381912549337
887,"[[57]
 [56]
 [52]
 [55]
 [50]]",1,2,pituitary,2,0.006638541895275314,0.0004639066901290789,0.9928975502649943
888,"[[57]
 [56]
 [52]
 [55]
 [50]]",1,2,pituitary,2,0.020543326002856094,0.0014114197498808305,0.9780452450116476
889,"[[49]
 [48]
 [49]
 [49]
 [50]
 [55]]",1,0,meningioma,0,0.5518182118733724,0.008398098405450583,0.4397836923599243
890,"[[57]
 [55]
 [55]
 [51]
 [55]]",1,0,meningioma,0,0.9461175004641215,0.05387932931383451,3.170459706325346e-06
891,"[[57]
 [56]
 [52]
 [55]
 [50]]",1,2,pituitary,2,0.008464062159570554,0.0006288950486729542,0.9909070531527201
892,"[[57]
 [56]
 [54]
 [53]
 [50]]",3,2,pituitary,2,0.08815551549196243,0.021997367963194847,0.8898471395174662
893,"[[57]
 [56]
 [54]
 [53]
 [50]]",3,2,pituitary,2,0.031190815692146618,0.0020512602641247213,0.9667579134305319
894,"[[57]
 [56]
 [54]
 [53]
 [50]]",3,2,pituitary,2,0.06865795748308301,0.032506556793426476,0.8988354802131653
895,"[[57]
 [56]
 [54]
 [53]
 [50]]",3,2,pituitary,2,0.06406302299971382,0.0010962498393685867,0.9348406990369161
896,"[[57]
 [56]
 [54]
 [53]
 [50]]",3,2,pituitary,2,0.0022785891487728804,2.8828593225208956e-06,0.9977184931437174
897,"[[57]
 [56]
 [56]
 [55]
 [49]]",2,2,pituitary,2,0.047305336222052574,0.0074536907486617565,0.9452409942944845
898,"[[57]
 [56]
 [56]
 [55]
 [49]]",2,2,pituitary,2,0.029117827614148457,0.007351952449729045,0.9635302424430847
899,"[[57]
 [56]
 [56]
 [55]
 [49]]",2,2,pituitary,2,0.027176945470273495,0.004962757307415207,0.9678603410720825
900,"[[57]
 [56]
 [56]
 [55]
 [49]]",2,2,pituitary,2,0.022231622288624447,0.007599792676046491,0.9701686104138693
901,"[[57]
 [55]
 [55]
 [51]
 [55]]",1,0,meningioma,0,0.9577351411183676,0.04226348176598549,1.385189705160883e-06
902,"[[57]
 [56]
 [56]
 [55]
 [49]]",2,2,pituitary,2,0.036474945954978466,0.09033653388420741,0.8731885353724161
903,"[[57]
 [56]
 [56]
 [55]
 [49]]",2,2,pituitary,2,0.0006054902817898741,0.00023818198193718368,0.9991563161214193
904,"[[57]
 [56]
 [56]
 [55]
 [49]]",2,2,pituitary,2,0.007822144698972503,0.0006638110789936036,0.9915140271186829
905,"[[57]
 [56]
 [56]
 [55]
 [52]]",3,2,pituitary,0,0.5359953343868256,0.0034825706000750265,0.46052209039529163
906,"[[57]
 [56]
 [56]
 [55]
 [52]]",3,2,pituitary,2,0.18555245300134024,0.004208065724621217,0.8102394739786783
907,"[[57]
 [56]
 [56]
 [55]
 [52]]",3,2,pituitary,2,0.03641023921469847,0.0003300029954213339,0.963259756565094
908,"[[57]
 [56]
 [56]
 [55]
 [52]]",3,2,pituitary,2,0.12148193828761578,0.01768098957836628,0.8608370820681254
909,"[[57]
 [56]
 [56]
 [55]
 [52]]",3,2,pituitary,2,0.0044703501819943385,8.32873884064611e-05,0.9954463839530945
910,"[[57]
 [56]
 [56]
 [55]
 [52]]",3,2,pituitary,2,0.04294371985209485,0.00011074431768065551,0.956945538520813
911,"[[57]
 [56]
 [57]
 [57]
 [50]]",2,2,pituitary,2,0.3542635291814804,0.04321538284420967,0.60252113143603
912,"[[57]
 [55]
 [55]
 [51]
 [55]]",1,0,meningioma,0,0.9981578985850016,0.0018419779759521286,1.5732479615356473e-07
913,"[[57]
 [56]
 [57]
 [57]
 [50]]",2,2,pituitary,2,0.07610414735972881,0.0005178048838085184,0.923378070195516
914,"[[57]
 [56]
 [57]
 [57]
 [50]]",2,2,pituitary,0,0.8677157163619995,0.00025038757545795914,0.13203389756381512
915,"[[57]
 [56]
 [57]
 [57]
 [50]]",2,2,pituitary,2,0.10756649139026801,0.0007716210287374755,0.8916619022687277
916,"[[57]
 [56]
 [57]
 [57]
 [50]]",2,2,pituitary,2,0.03053147221604983,0.0005312888727833828,0.9689372380574545
917,"[[57]
 [56]
 [57]
 [57]
 [50]]",2,2,pituitary,2,0.08815791582067807,0.005207954750706752,0.9066341121991476
918,"[[57]
 [56]
 [57]
 [57]
 [50]]",2,2,pituitary,2,0.009170798507208625,0.00018397009019584706,0.9906452496846517
919,"[[57]
 [56]
 [57]
 [57]
 [50]]",2,2,pituitary,2,0.24107244362433752,0.006427441956475377,0.7525001168251038
920,"[[57]
 [56]
 [57]
 [57]
 [50]]",2,2,pituitary,2,0.036480665827790894,0.002290551880529771,0.9612287680308024
921,"[[57]
 [56]
 [57]
 [57]
 [50]]",2,2,pituitary,2,0.03960153119017681,0.00010841597456116385,0.9602900147438049
922,"[[57]
 [56]
 [57]
 [57]
 [50]]",2,2,pituitary,2,0.12550170222918192,0.0004522761034119564,0.8740460276603699
923,"[[57]
 [55]
 [55]
 [51]
 [55]]",1,0,meningioma,0,0.9983986218770345,0.0016009120736271143,5.211176793788278e-07
924,"[[57]
 [56]
 [57]
 [57]
 [53]]",1,2,pituitary,2,0.0001562025681778323,4.944128098334962e-06,0.9998388091723124
925,"[[57]
 [56]
 [57]
 [57]
 [53]]",1,2,pituitary,2,0.0005570832242180283,1.792686312285241e-06,0.9994411468505859
926,"[[57]
 [56]
 [57]
 [57]
 [53]]",1,2,pituitary,2,0.00044653526371500146,2.459754311227395e-05,0.9995288451512655
927,"[[57]
 [56]
 [57]
 [57]
 [53]]",1,2,pituitary,2,0.0038925394668088606,0.0005589916836470366,0.9955484668413798
928,"[[57]
 [56]
 [57]
 [57]
 [53]]",1,2,pituitary,2,0.0052538602612912655,0.0006203069254600754,0.9941258629163107
929,"[[57]
 [57]
 [50]
 [50]
 [51]]",0,2,pituitary,2,0.0035919350193580613,0.00013599735143543512,0.996272087097168
930,"[[57]
 [57]
 [50]
 [50]
 [51]]",0,2,pituitary,2,0.0007175521944494297,2.2236631139094243e-05,0.9992601871490479
931,"[[57]
 [57]
 [50]
 [50]
 [51]]",0,2,pituitary,2,0.0039374472010725485,0.001009133324259892,0.9950534105300903
932,"[[57]
 [57]
 [50]
 [50]
 [51]]",0,2,pituitary,2,0.00194136601445886,0.00011477254884084687,0.9979438384373983
933,"[[57]
 [57]
 [50]
 [50]
 [51]]",0,2,pituitary,2,0.0010206473671132699,7.568380200003351e-05,0.9989036321640015
934,"[[57]
 [55]
 [56]
 [55]
 [53]]",3,0,meningioma,0,0.7462052702903748,0.23088993628819784,0.02290479466319084
935,"[[57]
 [57]
 [50]
 [50]
 [51]]",0,2,pituitary,2,0.002379911658257091,0.00011511838192745927,0.997504989306132
936,"[[77]
 [82]
 [48]
 [52]
 [56]
 [50]
 [57]
 [52]]",0,1,glioma,1,0.05277466836074988,0.8565346002578735,0.09069080154101054
937,"[[77]
 [82]
 [48]
 [52]
 [56]
 [50]
 [57]
 [52]]",0,1,glioma,1,0.011542217495540777,0.9777137438456217,0.010744089260697365
938,"[[77]
 [82]
 [48]
 [52]
 [56]
 [50]
 [57]
 [52]]",0,1,glioma,1,0.01806937763467431,0.9811481038729349,0.0007825343054719269
939,"[[77]
 [82]
 [48]
 [52]
 [56]
 [50]
 [57]
 [52]]",0,1,glioma,1,0.003302599575060109,0.9964776635169983,0.00021974198595368458
940,"[[77]
 [82]
 [48]
 [52]
 [56]
 [50]
 [57]
 [52]]",0,1,glioma,1,0.005133973415164898,0.9944619735081991,0.00040405696078475256
941,"[[77]
 [82]
 [48]
 [52]
 [56]
 [50]
 [57]
 [52]]",0,1,glioma,1,0.004116645543642032,0.9953193267186483,0.0005640295469978204
942,"[[77]
 [82]
 [48]
 [52]
 [56]
 [50]
 [57]
 [52]]",0,1,glioma,1,0.004131126101128757,0.9957026839256287,0.00016624283489363734
943,"[[77]
 [82]
 [48]
 [52]
 [56]
 [50]
 [57]
 [52]]",0,1,glioma,1,0.0019846337563649286,0.9979924162228903,2.2903320370915026e-05
944,"[[77]
 [82]
 [48]
 [52]
 [56]
 [50]
 [57]
 [55]]",4,1,glioma,1,7.217616772670077e-05,0.9997983773549398,0.00012946775008004785
945,"[[57]
 [55]
 [56]
 [55]
 [53]]",3,0,meningioma,0,0.5730826457341512,0.014142414710174004,0.4127749005953471
946,"[[77]
 [82]
 [48]
 [52]
 [56]
 [50]
 [57]
 [55]]",4,1,glioma,1,1.940032652814061e-05,0.999964435895284,1.6158971338840294e-05
947,"[[77]
 [82]
 [48]
 [52]
 [56]
 [50]
 [57]
 [55]]",4,1,glioma,1,4.880318453182042e-05,0.9999070763587952,4.4139429843825795e-05
948,"[[77]
 [82]
 [48]
 [52]
 [56]
 [50]
 [57]
 [55]]",4,1,glioma,1,1.3148740009238935e-05,0.9999812046686808,5.640472450494568e-06
949,"[[77]
 [82]
 [48]
 [52]
 [56]
 [50]
 [57]
 [52]
 [66]]",4,1,glioma,1,9.86022147004828e-05,0.9996585448582967,0.0002428429171462317
950,"[[77]
 [82]
 [48]
 [52]
 [56]
 [54]
 [50]
 [49]
 [66]]",0,1,glioma,1,0.0647581871598959,0.9160130222638448,0.01922881867115696
951,"[[77]
 [82]
 [48]
 [52]
 [56]
 [54]
 [50]
 [49]
 [66]]",0,1,glioma,1,0.24972539643446603,0.6727882424990336,0.07748633374770482
952,"[[77]
 [82]
 [48]
 [52]
 [56]
 [54]
 [50]
 [49]
 [66]]",0,1,glioma,1,0.15903449803590775,0.7862178683280945,0.05474764357010523
953,"[[77]
 [82]
 [48]
 [52]
 [56]
 [54]
 [50]
 [49]
 [66]]",0,1,glioma,1,0.11075454205274582,0.8586828708648682,0.03056257963180542
954,"[[77]
 [82]
 [48]
 [52]
 [56]
 [54]
 [50]
 [49]
 [66]]",0,1,glioma,1,0.1450840855638186,0.6956733266512553,0.15924260765314102
955,"[[77]
 [82]
 [48]
 [52]
 [56]
 [54]
 [50]
 [49]
 [66]]",0,1,glioma,1,0.19393614927927652,0.7354873418807983,0.07057651256521542
956,"[[57]
 [55]
 [56]
 [55]
 [53]]",3,0,meningioma,0,0.6826914747556051,0.2360557367404302,0.08125278260558844
957,"[[77]
 [82]
 [48]
 [52]
 [56]
 [54]
 [50]
 [49]
 [66]]",0,1,glioma,1,0.11277911067008972,0.8807534774144491,0.006467444356530905
958,"[[77]
 [82]
 [48]
 [52]
 [56]
 [54]
 [50]
 [49]
 [66]]",0,1,glioma,1,0.22852868338425955,0.7640249331792196,0.007446374433736007
959,"[[77]
 [82]
 [48]
 [52]
 [56]
 [57]
 [52]
 [52]]",4,1,glioma,1,0.1012593787163496,0.8876161773999532,0.011124500228712956
960,"[[77]
 [82]
 [48]
 [52]
 [56]
 [57]
 [52]
 [52]]",4,1,glioma,1,0.35767508794864017,0.636093407869339,0.006231478776802153
961,"[[77]
 [82]
 [48]
 [52]
 [56]
 [57]
 [52]
 [52]]",4,1,glioma,0,0.5672912498315176,0.42905580004056293,0.0036529249725087234
962,"[[77]
 [82]
 [48]
 [52]
 [56]
 [57]
 [52]
 [52]]",4,1,glioma,1,0.37720122933387756,0.6173058648904165,0.005492932706450422
963,"[[77]
 [82]
 [48]
 [52]
 [56]
 [57]
 [52]
 [52]]",4,1,glioma,0,0.5938031077384949,0.4013674209515254,0.004829462400569658
964,"[[77]
 [82]
 [48]
 [52]
 [56]
 [57]
 [52]
 [52]]",4,1,glioma,1,0.34230507413546246,0.6558824280897776,0.0018125044850118381
965,"[[77]
 [82]
 [48]
 [52]
 [56]
 [57]
 [52]
 [52]]",4,1,glioma,1,0.3141424556573232,0.6831988394260406,0.002658713565930763
966,"[[77]
 [82]
 [48]
 [52]
 [56]
 [57]
 [52]
 [52]]",4,1,glioma,0,0.9547556440035502,0.04330022485616306,0.0019441785187458056
967,"[[57]
 [55]
 [57]
 [52]
 [51]]",1,0,meningioma,0,0.988512913386027,0.00277674108898888,0.008710349366689721
968,"[[77]
 [82]
 [48]
 [52]
 [56]
 [57]
 [57]
 [52]]",1,1,glioma,1,0.005565034206180523,0.9942814906438192,0.0001534360940240731
969,"[[77]
 [82]
 [48]
 [52]
 [56]
 [57]
 [57]
 [52]]",1,1,glioma,1,0.020359395382304985,0.9796187480290731,2.1882972002155537e-05
970,"[[77]
 [82]
 [48]
 [52]
 [56]
 [57]
 [57]
 [52]]",1,1,glioma,0,0.61238165696462,0.3875423272450765,7.604797489572472e-05
971,"[[77]
 [82]
 [48]
 [52]
 [56]
 [57]
 [57]
 [52]]",1,1,glioma,1,0.3588552574316661,0.6411303083101908,1.440805681340862e-05
972,"[[77]
 [82]
 [48]
 [52]
 [56]
 [57]
 [57]
 [52]]",1,1,glioma,1,0.017069214954972267,0.9829218784968058,8.926899018509479e-06
973,"[[77]
 [82]
 [48]
 [52]
 [56]
 [57]
 [57]
 [52]]",1,1,glioma,1,0.03879844211041927,0.9611967206001282,4.822357974868889e-06
974,"[[77]
 [82]
 [48]
 [52]
 [56]
 [57]
 [57]
 [52]]",1,1,glioma,1,0.0016864856200603147,0.9983130097389221,5.421121104613272e-07
975,"[[77]
 [82]
 [48]
 [52]
 [56]
 [57]
 [57]
 [52]]",1,1,glioma,1,0.025215139302114647,0.9747841954231262,6.744608535373212e-07
976,"[[77]
 [82]
 [48]
 [52]
 [56]
 [57]
 [57]
 [52]]",1,1,glioma,1,0.2776810924212138,0.7223176260789236,1.2706712008518177e-06
977,"[[77]
 [82]
 [48]
 [52]
 [57]
 [49]
 [48]
 [52]]",3,1,glioma,1,0.0001394320649220996,0.9998111128807068,4.943980169021719e-05
978,"[[57]
 [55]
 [57]
 [52]
 [51]]",1,0,meningioma,0,0.943007230758667,0.05033242702484131,0.0066603315256846445
979,"[[77]
 [82]
 [48]
 [52]
 [57]
 [49]
 [48]
 [52]]",3,1,glioma,1,6.435956526236927e-07,0.9999992847442627,7.754096557436678e-08
980,"[[77]
 [82]
 [48]
 [52]
 [57]
 [49]
 [52]
 [50]]",2,1,glioma,0,0.6979715824127197,0.2977544665336609,0.004273917448396484
981,"[[77]
 [82]
 [48]
 [52]
 [57]
 [49]
 [52]
 [50]]",2,1,glioma,0,0.8756625453631083,0.11662883311510086,0.007708628351489703
982,"[[77]
 [82]
 [48]
 [52]
 [57]
 [49]
 [52]
 [50]]",2,1,glioma,0,0.8066187898317972,0.1887286032239596,0.004652624639372031
983,"[[77]
 [82]
 [48]
 [52]
 [57]
 [49]
 [52]
 [50]]",2,1,glioma,0,0.8354669411977133,0.15930984914302826,0.005223196155081193
984,"[[77]
 [82]
 [48]
 [52]
 [56]
 [57]
 [57]
 [52]
 [66]]",3,1,glioma,1,1.7519352213159662e-09,1.0,1.636766277489839e-09
985,"[[77]
 [82]
 [48]
 [52]
 [56]
 [57]
 [57]
 [52]
 [66]]",3,1,glioma,1,3.1163725257761974e-09,1.0,1.1288036078777042e-09
986,"[[77]
 [82]
 [48]
 [52]
 [56]
 [57]
 [57]
 [52]
 [66]]",3,1,glioma,1,9.716249184850886e-09,1.0,3.779463085088845e-09
987,"[[77]
 [82]
 [48]
 [52]
 [56]
 [57]
 [57]
 [52]
 [66]]",3,1,glioma,1,4.9018326978474596e-09,1.0,1.4514518432637291e-09
988,"[[77]
 [82]
 [48]
 [52]
 [56]
 [57]
 [57]
 [52]
 [66]]",3,1,glioma,1,2.6050785872181828e-06,0.9999973376592001,5.328098116412031e-08
989,"[[57]
 [55]
 [57]
 [52]
 [51]]",1,0,meningioma,0,0.982291599114736,0.01622842624783516,0.0014800133649259806
990,"[[77]
 [82]
 [48]
 [52]
 [56]
 [57]
 [57]
 [52]
 [66]]",3,1,glioma,1,1.754617244387191e-06,0.9999981721242269,2.0091458616024644e-08
991,"[[77]
 [82]
 [48]
 [52]
 [56]
 [57]
 [57]
 [52]
 [66]]",3,1,glioma,1,3.21776715092407e-05,0.9999678134918213,2.571422651492223e-09
992,"[[77]
 [82]
 [48]
 [52]
 [56]
 [57]
 [57]
 [52]
 [66]]",3,1,glioma,1,0.02396326744928956,0.9760358730951945,8.870487261947169e-07
993,"[[77]
 [82]
 [48]
 [52]
 [56]
 [57]
 [52]
 [52]
 [66]]",1,1,glioma,1,1.1522886713540478e-05,0.9999850988388062,3.343793968231997e-06
994,"[[77]
 [82]
 [48]
 [52]
 [56]
 [57]
 [52]
 [52]
 [66]]",1,1,glioma,1,1.3897604086802554e-05,0.9999809265136719,5.153097371627761e-06
995,"[[77]
 [82]
 [48]
 [52]
 [56]
 [57]
 [52]
 [52]
 [66]]",1,1,glioma,1,3.3091581030930683e-06,0.999996542930603,1.5669322831849777e-07
996,"[[77]
 [82]
 [48]
 [52]
 [56]
 [57]
 [52]
 [52]
 [66]]",1,1,glioma,1,2.8352239193433586e-05,0.9999622106552124,9.425515230532255e-06
997,"[[77]
 [82]
 [48]
 [52]
 [56]
 [57]
 [52]
 [52]
 [66]]",1,1,glioma,1,2.7808935859259995e-06,0.999997059504191,2.18081257941094e-07
998,"[[77]
 [82]
 [48]
 [52]
 [56]
 [57]
 [52]
 [52]
 [66]]",1,1,glioma,1,5.19290736633593e-07,0.999999205271403,2.7656054379932016e-07
999,"[[77]
 [82]
 [48]
 [52]
 [57]
 [51]
 [53]
 [56]]",2,1,glioma,1,0.1450758328040441,0.7008245786031088,0.15409956872463226
1000,"[[49]
 [48]
 [49]
 [49]
 [50]
 [55]]",1,0,meningioma,2,0.19199329117933908,0.0020872160869960985,0.8059194882710775
1001,"[[57]
 [55]
 [57]
 [52]
 [51]]",1,0,meningioma,0,0.7702881495157877,0.18690742800633112,0.042804451659321785
1002,"[[77]
 [82]
 [48]
 [52]
 [57]
 [51]
 [53]
 [56]]",2,1,glioma,0,0.4435975253582001,0.4277561604976654,0.12864631911118826
1003,"[[77]
 [82]
 [48]
 [52]
 [57]
 [51]
 [53]
 [56]]",2,1,glioma,1,0.07714297870794933,0.8739376664161682,0.0489194036150972
1004,"[[77]
 [82]
 [48]
 [52]
 [57]
 [51]
 [53]
 [56]]",2,1,glioma,1,0.0012163218440643202,0.9985062877337137,0.0002773563804415365
1005,"[[77]
 [82]
 [48]
 [52]
 [57]
 [51]
 [53]
 [56]]",2,1,glioma,1,0.0007883668877184391,0.9990105231602987,0.00020113308710278943
1006,"[[77]
 [82]
 [48]
 [52]
 [57]
 [51]
 [53]
 [56]]",2,1,glioma,1,7.230797079197752e-05,0.9999125401178995,1.5163212538027437e-05
1007,"[[77]
 [82]
 [48]
 [52]
 [57]
 [51]
 [53]
 [56]]",2,1,glioma,1,5.398791290645022e-05,0.9999353488286337,1.0636421393428463e-05
1008,"[[77]
 [82]
 [48]
 [52]
 [57]
 [51]
 [53]
 [56]]",2,1,glioma,1,4.291439108783379e-05,0.9999545812606812,2.461304385784994e-06
1009,"[[77]
 [82]
 [48]
 [52]
 [57]
 [51]
 [53]
 [56]]",2,1,glioma,1,1.572272185512702e-05,0.9999840259552002,2.721529597238259e-07
1010,"[[77]
 [82]
 [48]
 [52]
 [57]
 [51]
 [53]
 [56]]",2,1,glioma,1,2.9466172539590236e-05,0.9999664227167765,4.097867379944849e-06
1011,"[[77]
 [82]
 [48]
 [52]
 [57]
 [49]
 [48]
 [52]
 [66]]",4,1,glioma,1,0.008249680860899389,0.9876563946406046,0.004093921700890253
1012,"[[57]
 [55]
 [57]
 [52]
 [51]]",1,0,meningioma,0,0.5145291239023209,0.4798616866270701,0.005609171193403502
1013,"[[77]
 [82]
 [48]
 [52]
 [57]
 [49]
 [48]
 [52]
 [66]]",4,1,glioma,1,0.0011933538917219266,0.9982219934463501,0.0005846846659475583
1014,"[[77]
 [82]
 [48]
 [52]
 [57]
 [49]
 [48]
 [52]
 [66]]",4,1,glioma,1,0.0003520276453249001,0.9993942379951477,0.0002537341483351459
1015,"[[77]
 [82]
 [48]
 [52]
 [57]
 [49]
 [48]
 [52]
 [66]]",4,1,glioma,1,6.273651634636224e-05,0.9993746081988016,0.0005626912497215623
1016,"[[77]
 [82]
 [48]
 [52]
 [57]
 [49]
 [48]
 [52]
 [66]]",4,1,glioma,1,2.4565256524426243e-05,0.9996161063512167,0.0003592955690502701
1017,"[[77]
 [82]
 [48]
 [52]
 [57]
 [52]
 [53]
 [51]]",1,1,glioma,1,4.287194554919438e-07,0.9999862909317017,1.3259229608782638e-05
1018,"[[77]
 [82]
 [48]
 [52]
 [57]
 [52]
 [53]
 [51]]",1,1,glioma,1,6.078857704612991e-07,0.9999511241912842,4.829809715071557e-05
1019,"[[77]
 [82]
 [48]
 [52]
 [57]
 [52]
 [53]
 [51]]",1,1,glioma,1,2.5070343336134706e-06,0.9999702374140421,2.728571989033905e-05
1020,"[[77]
 [82]
 [48]
 [52]
 [57]
 [52]
 [53]
 [51]]",1,1,glioma,1,3.7612626430094664e-08,0.9999999205271403,8.766122875277411e-08
1021,"[[77]
 [82]
 [48]
 [52]
 [57]
 [52]
 [53]
 [51]]",1,1,glioma,1,8.171881924386633e-08,0.9999998807907104,5.670941987297636e-08
1022,"[[77]
 [82]
 [48]
 [52]
 [57]
 [52]
 [53]
 [51]]",1,1,glioma,1,2.0671503442315498e-06,0.9999979337056478,1.6503853236584282e-08
1023,"[[57]
 [56]
 [50]
 [52]
 [49]]",1,0,meningioma,0,0.721315860748291,0.2762043972810109,0.002479752506284664
1024,"[[77]
 [82]
 [48]
 [52]
 [57]
 [52]
 [53]
 [51]]",1,1,glioma,1,5.894656207594551e-07,0.9999994039535522,9.58197855840485e-09
1025,"[[77]
 [82]
 [48]
 [50]
 [52]
 [55]
 [56]
 [48]
 [71]]",4,1,glioma,1,0.029094082148124773,0.9221616784731547,0.04874421237036586
1026,"[[77]
 [82]
 [48]
 [50]
 [52]
 [55]
 [56]
 [48]
 [71]]",4,1,glioma,1,0.0020117946029737746,0.9903377890586853,0.007650375599041581
1027,"[[77]
 [82]
 [48]
 [50]
 [52]
 [55]
 [56]
 [48]
 [71]]",4,1,glioma,1,7.3951917962250535e-06,0.9999585946400961,3.402697240476963e-05
1028,"[[77]
 [82]
 [48]
 [50]
 [52]
 [55]
 [56]
 [48]
 [71]]",4,1,glioma,1,4.809798080024815e-06,0.9999789396921793,1.6262362328438768e-05
1029,"[[77]
 [82]
 [48]
 [50]
 [52]
 [55]
 [56]
 [48]
 [71]]",4,1,glioma,1,6.955028465242356e-05,0.9997505942980448,0.0001798167032909248
1030,"[[77]
 [82]
 [48]
 [50]
 [52]
 [55]
 [56]
 [48]
 [71]]",4,1,glioma,1,5.740049716507212e-05,0.99981290102005,0.00012971699812610224
1031,"[[77]
 [82]
 [48]
 [50]
 [52]
 [55]
 [56]
 [48]
 [71]]",4,1,glioma,1,3.6278456203580243e-05,0.999916692574819,4.703721293531499e-05
1032,"[[77]
 [82]
 [48]
 [50]
 [52]
 [55]
 [56]
 [48]
 [71]]",4,1,glioma,1,0.0005688258855419311,0.9992081920305887,0.0002229685717998938
1033,"[[77]
 [82]
 [48]
 [50]
 [52]
 [55]
 [56]
 [48]
 [71]]",4,1,glioma,1,7.396895137645743e-05,0.9992539286613464,0.0006720865888685997
1034,"[[57]
 [56]
 [50]
 [52]
 [49]]",1,0,meningioma,0,0.9819800059000651,0.017905399513741333,0.00011456482813324935
1035,"[[77]
 [82]
 [48]
 [50]
 [52]
 [55]
 [56]
 [48]
 [71]]",4,1,glioma,1,6.982107056607845e-05,0.9976265629132589,0.002303608174012576
1036,"[[77]
 [82]
 [48]
 [50]
 [52]
 [55]
 [56]
 [48]
 [71]]",4,1,glioma,1,2.054419815943065e-05,0.9997696479161581,0.00020982332496174058
1037,"[[77]
 [82]
 [48]
 [50]
 [52]
 [55]
 [56]
 [48]
 [71]]",4,1,glioma,1,3.097504207659011e-05,0.9996607502301534,0.00030831634679392056
1038,"[[77]
 [82]
 [48]
 [50]
 [52]
 [55]
 [56]
 [48]
 [71]]",4,1,glioma,1,0.00012810877172183174,0.9993863701820374,0.00048555845244161827
1039,"[[77]
 [82]
 [48]
 [50]
 [52]
 [55]
 [56]
 [48]
 [71]]",4,1,glioma,1,5.779275013188349e-05,0.9993797143300375,0.0005625450156685474
1040,"[[77]
 [82]
 [48]
 [50]
 [52]
 [55]
 [56]
 [48]
 [71]]",4,1,glioma,1,0.0002310528646773946,0.9995515743891398,0.00021737678680722183
1041,"[[77]
 [82]
 [48]
 [50]
 [52]
 [55]
 [56]
 [48]
 [71]]",4,1,glioma,1,0.00019552345664545592,0.9995245138804117,0.00027997510353590843
1042,"[[77]
 [82]
 [48]
 [52]
 [57]
 [52]
 [53]
 [51]
 [66]]",2,1,glioma,1,2.666129254672948e-05,0.999798059463501,0.00017527409484803988
1043,"[[77]
 [82]
 [48]
 [52]
 [57]
 [52]
 [53]
 [51]
 [66]]",2,1,glioma,1,1.2533369726952515e-05,0.9999720652898153,1.5443683272072423e-05
1044,"[[77]
 [82]
 [48]
 [52]
 [57]
 [52]
 [53]
 [51]
 [66]]",2,1,glioma,1,1.5491793448063618e-06,0.9999938011169434,4.620071687592524e-06
1045,"[[57]
 [56]
 [50]
 [52]
 [49]]",1,0,meningioma,0,0.9909840027491251,0.00836918968707323,0.0006467183266067877
1046,"[[77]
 [82]
 [48]
 [52]
 [57]
 [52]
 [53]
 [51]
 [66]]",2,1,glioma,1,5.719337726380521e-07,0.9999953905741373,4.061875491364238e-06
1047,"[[77]
 [82]
 [48]
 [52]
 [57]
 [52]
 [53]
 [51]
 [66]]",2,1,glioma,1,2.047911948466208e-05,0.9999769926071167,2.5512488643168276e-06
1048,"[[77]
 [82]
 [48]
 [52]
 [57]
 [52]
 [53]
 [51]
 [66]]",2,1,glioma,1,2.7762554736909806e-05,0.9999681711196899,4.069209959804236e-06
1049,"[[77]
 [82]
 [48]
 [52]
 [57]
 [52]
 [53]
 [51]
 [66]]",2,1,glioma,1,0.00016262248270019578,0.9998330275217692,4.325355689616117e-06
1050,"[[77]
 [82]
 [48]
 [52]
 [57]
 [52]
 [53]
 [51]
 [66]]",2,1,glioma,1,0.000335523349349387,0.9996582269668579,6.263694407001215e-06
1051,"[[77]
 [82]
 [48]
 [52]
 [56]
 [50]
 [57]
 [52]
 [66]]",4,1,glioma,1,3.8365847940369235e-05,0.999790887037913,0.00017076145927082584
1052,"[[77]
 [82]
 [48]
 [52]
 [56]
 [50]
 [57]
 [52]
 [66]]",4,1,glioma,1,9.706681500176728e-05,0.9996505180994669,0.0002524326591242243
1053,"[[77]
 [82]
 [48]
 [52]
 [56]
 [50]
 [57]
 [52]
 [66]]",4,1,glioma,1,1.0425675608695395e-06,0.999971350034078,2.763982753606342e-05
1054,"[[77]
 [82]
 [48]
 [52]
 [56]
 [54]
 [50]
 [49]
 [66]]",0,1,glioma,0,0.6507114370663961,0.3277444690465927,0.021544081935038168
1055,"[[77]
 [82]
 [48]
 [52]
 [56]
 [54]
 [50]
 [49]
 [66]]",0,1,glioma,1,0.4526801109313965,0.5253154834111532,0.022004432044923306
1056,"[[57]
 [56]
 [50]
 [52]
 [49]]",1,0,meningioma,0,0.9966925183931986,0.003201416771238049,0.00010609765619544002
1057,"[[77]
 [82]
 [48]
 [53]
 [48]
 [49]
 [51]
 [53]
 [66]]",3,1,glioma,1,0.0005846743103271971,0.9990577101707458,0.0003575942798003477
1058,"[[77]
 [82]
 [48]
 [53]
 [48]
 [49]
 [51]
 [53]
 [66]]",3,1,glioma,1,0.00010793778225585508,0.9995770653088888,0.0003149973539014657
1059,"[[77]
 [82]
 [48]
 [53]
 [48]
 [49]
 [51]
 [53]
 [66]]",3,1,glioma,1,1.0804454294207252e-08,1.0,9.962033748559436e-10
1060,"[[77]
 [82]
 [48]
 [53]
 [48]
 [49]
 [51]
 [53]
 [66]]",3,1,glioma,1,3.189950408947576e-05,0.999967892964681,2.1221376359884894e-07
1061,"[[77]
 [82]
 [48]
 [53]
 [48]
 [49]
 [51]
 [53]
 [66]]",3,1,glioma,1,0.0007066246616886929,0.9992928902308146,4.912565995477772e-07
1062,"[[77]
 [82]
 [48]
 [53]
 [48]
 [49]
 [51]
 [53]
 [66]]",3,1,glioma,1,0.008627308377375206,0.9913722475369772,4.5403002661241015e-07
1063,"[[77]
 [82]
 [48]
 [53]
 [48]
 [49]
 [51]
 [53]
 [66]]",3,1,glioma,1,1.5342244168436991e-06,0.999989906946818,8.547798756808334e-06
1064,"[[77]
 [82]
 [48]
 [53]
 [48]
 [49]
 [51]
 [53]
 [66]]",3,1,glioma,1,5.640218988152886e-07,0.9999902248382568,9.270703988780346e-06
1065,"[[77]
 [82]
 [48]
 [53]
 [48]
 [49]
 [51]
 [53]
 [66]]",3,1,glioma,1,7.308134801024362e-08,0.9999996423721313,3.1562034408239015e-07
1066,"[[77]
 [82]
 [48]
 [53]
 [48]
 [49]
 [51]
 [53]
 [66]]",3,1,glioma,1,2.0673487336845633e-07,0.999999483426412,3.342329257804977e-07
1067,"[[57]
 [56]
 [50]
 [52]
 [49]]",1,0,meningioma,0,0.9993617733319601,0.0006116874719737098,2.6556136466145592e-05
1068,"[[77]
 [82]
 [48]
 [53]
 [48]
 [49]
 [51]
 [53]
 [66]]",3,1,glioma,1,5.829767850684675e-07,0.9999991655349731,2.3723416386900453e-07
1069,"[[77]
 [82]
 [48]
 [53]
 [48]
 [49]
 [51]
 [53]
 [66]]",3,1,glioma,1,7.0587654055209725e-09,1.0,4.377009995189714e-09
1070,"[[77]
 [82]
 [48]
 [53]
 [48]
 [49]
 [51]
 [53]
 [66]]",3,1,glioma,1,6.308056788029148e-08,0.9999999602635702,1.0972646960020574e-08
1071,"[[77]
 [82]
 [48]
 [53]
 [48]
 [49]
 [51]
 [53]
 [66]]",3,1,glioma,1,3.6013529575162906e-08,0.9999999602635702,2.1405715455377616e-09
1072,"[[77]
 [82]
 [48]
 [53]
 [48]
 [54]
 [56]
 [55]]",3,1,glioma,1,0.07708418120940526,0.9172610839207967,0.005654735063823561
1073,"[[77]
 [82]
 [48]
 [53]
 [48]
 [54]
 [56]
 [55]]",3,1,glioma,1,0.031031761939326923,0.9226194818814596,0.04634874376157919
1074,"[[77]
 [82]
 [48]
 [53]
 [48]
 [54]
 [56]
 [55]]",3,1,glioma,1,0.45400460561116535,0.5283122857411703,0.01768308598548174
1075,"[[77]
 [82]
 [48]
 [53]
 [48]
 [54]
 [56]
 [55]]",3,1,glioma,1,0.26860852042833966,0.7302755415439606,0.0011158921794655423
1076,"[[77]
 [82]
 [48]
 [53]
 [48]
 [54]
 [56]
 [55]]",3,1,glioma,1,0.22741960237423578,0.772497296333313,8.31569639861603e-05
1077,"[[77]
 [82]
 [48]
 [53]
 [48]
 [54]
 [56]
 [55]]",3,1,glioma,1,0.22549040925999483,0.774499793847402,9.832987995395115e-06
1078,"[[57]
 [56]
 [50]
 [52]
 [49]]",1,0,meningioma,0,0.9968889753023783,0.003104723601912459,6.2625147923730156e-06
1079,"[[77]
 [82]
 [48]
 [53]
 [48]
 [54]
 [56]
 [55]]",3,1,glioma,1,0.07780718710273504,0.9221499363581339,4.284392067669766e-05
1080,"[[77]
 [82]
 [48]
 [53]
 [48]
 [54]
 [56]
 [55]]",3,1,glioma,1,0.37664570411046344,0.6233388880888621,1.5420647457631276e-05
1081,"[[77]
 [82]
 [48]
 [53]
 [48]
 [54]
 [56]
 [55]]",3,1,glioma,1,0.36147825916608173,0.6385106146335602,1.1107158196447623e-05
1082,"[[77]
 [82]
 [48]
 [53]
 [48]
 [54]
 [56]
 [55]]",3,1,glioma,1,0.15001564224561056,0.8499764998753866,7.81931406497923e-06
1083,"[[77]
 [82]
 [48]
 [53]
 [48]
 [55]
 [57]
 [49]
 [66]]",4,1,glioma,1,0.1465552697579066,0.8430628577868143,0.010381853518386682
1084,"[[77]
 [82]
 [48]
 [53]
 [48]
 [55]
 [57]
 [49]
 [66]]",4,1,glioma,1,0.011306464031804353,0.987648586432139,0.0010449601292445247
1085,"[[77]
 [82]
 [48]
 [53]
 [48]
 [55]
 [57]
 [49]
 [66]]",4,1,glioma,1,0.4056873122851054,0.5824623306592306,0.011850349139422178
1086,"[[77]
 [82]
 [48]
 [53]
 [48]
 [55]
 [57]
 [49]
 [66]]",4,1,glioma,1,0.012401026052733263,0.9871514638264974,0.0004475042514589707
1087,"[[77]
 [82]
 [48]
 [53]
 [48]
 [55]
 [57]
 [49]
 [66]]",4,1,glioma,1,0.0038132936072846255,0.9956787427266439,0.0005079860199354395
1088,"[[77]
 [82]
 [48]
 [53]
 [48]
 [55]
 [57]
 [49]
 [66]]",4,1,glioma,1,0.1458392304678758,0.8528589407602946,0.0013018248331112166
1089,"[[57]
 [57]
 [48]
 [49]
 [55]]",0,0,meningioma,0,0.6121189693609873,0.021134030694762867,0.3667469968398412
1090,"[[77]
 [82]
 [48]
 [53]
 [48]
 [55]
 [57]
 [49]
 [66]]",4,1,glioma,1,0.001039480075026707,0.9985362688700358,0.00042427438999463146
1091,"[[77]
 [82]
 [48]
 [53]
 [48]
 [55]
 [57]
 [49]
 [66]]",4,1,glioma,1,0.0011588408348567707,0.9961670835812887,0.0026740744089390014
1092,"[[77]
 [82]
 [48]
 [53]
 [48]
 [55]
 [57]
 [49]
 [66]]",4,1,glioma,1,0.13363677822053432,0.8534433643023173,0.012919861648697406
1093,"[[77]
 [82]
 [48]
 [53]
 [48]
 [55]
 [57]
 [49]
 [66]]",4,1,glioma,1,0.03168987234433492,0.9657200376192728,0.002590090249820302
1094,"[[77]
 [82]
 [48]
 [52]
 [57]
 [48]
 [49]
 [57]
 [67]]",4,1,glioma,1,0.003132616480191549,0.9951213796933492,0.001745987148600155
1095,"[[77]
 [82]
 [48]
 [52]
 [57]
 [48]
 [49]
 [57]
 [67]]",4,1,glioma,1,0.11709145332376163,0.8819441397984823,0.0009644446129944603
1096,"[[77]
 [82]
 [48]
 [52]
 [57]
 [48]
 [49]
 [57]
 [67]]",4,1,glioma,1,0.41893017292022705,0.5793618659178416,0.0017079522734396353
1097,"[[77]
 [82]
 [48]
 [50]
 [54]
 [49]
 [55]
 [53]
 [67]]",4,1,glioma,1,0.01140166031109402,0.9797167976697286,0.008881520394425024
1098,"[[77]
 [82]
 [48]
 [50]
 [54]
 [49]
 [55]
 [53]
 [67]]",4,1,glioma,1,0.0008757561255758143,0.9979411959648132,0.0011830488559401904
1099,"[[77]
 [82]
 [48]
 [50]
 [54]
 [49]
 [55]
 [53]
 [67]]",4,1,glioma,1,0.00024299961222358965,0.9997089902559916,4.7980746362622874e-05
1100,"[[57]
 [57]
 [48]
 [49]
 [55]]",0,0,meningioma,2,0.20378266274929047,0.003525686333887279,0.7926916678746542
1101,"[[77]
 [82]
 [48]
 [50]
 [54]
 [49]
 [55]
 [53]
 [67]]",4,1,glioma,1,5.284924972788948e-05,0.9995955427487692,0.0003515795377140307
1102,"[[77]
 [82]
 [48]
 [50]
 [54]
 [49]
 [55]
 [53]
 [67]]",4,1,glioma,1,0.00010403804840001622,0.9992553194363912,0.0006406501602024642
1103,"[[77]
 [82]
 [48]
 [50]
 [54]
 [49]
 [55]
 [53]
 [67]]",4,1,glioma,1,0.00028325528003847467,0.9995359977086385,0.000180736453997928
1104,"[[77]
 [82]
 [48]
 [50]
 [54]
 [49]
 [55]
 [53]
 [67]]",4,1,glioma,1,0.0008480240809755438,0.9989552895228068,0.00019671738465968738
1105,"[[77]
 [82]
 [48]
 [50]
 [54]
 [49]
 [55]
 [53]
 [67]]",4,1,glioma,1,0.0006685439369296849,0.9990119139353434,0.00031953336720865383
1106,"[[77]
 [82]
 [48]
 [50]
 [54]
 [49]
 [55]
 [53]
 [67]]",4,1,glioma,1,0.0001395245167827852,0.9997740785280863,8.633584678818806e-05
1107,"[[77]
 [82]
 [48]
 [50]
 [54]
 [49]
 [55]
 [53]
 [67]]",4,1,glioma,1,6.4922922431015495e-06,0.9999894301096598,4.098693368046261e-06
1108,"[[77]
 [82]
 [48]
 [50]
 [54]
 [49]
 [55]
 [53]
 [67]]",4,1,glioma,1,6.554006438619364e-06,0.9999847412109375,8.684031317517568e-06
1109,"[[77]
 [82]
 [48]
 [53]
 [49]
 [52]
 [54]
 [49]]",2,1,glioma,1,0.00011114025376931143,0.9998879631360372,8.772832131853647e-07
1110,"[[77]
 [82]
 [48]
 [53]
 [49]
 [52]
 [54]
 [49]]",2,1,glioma,1,2.6016490664915182e-05,0.9999738931655884,1.437171442593884e-07
1111,"[[49]
 [48]
 [48]
 [51]
 [54]
 [48]]",2,0,meningioma,1,0.3766234616438548,0.41237108906110126,0.211005429426829
1112,"[[49]
 [48]
 [49]
 [55]
 [57]
 [55]]",3,0,meningioma,0,0.9603798389434814,0.03880940346668164,0.0008107811530256489
1113,"[[57]
 [57]
 [48]
 [56]
 [57]]",0,0,meningioma,0,0.8936408162117004,0.10484587649504344,0.0015133328464192648
1114,"[[77]
 [82]
 [48]
 [53]
 [49]
 [52]
 [54]
 [49]]",2,1,glioma,1,7.850632603852622e-06,0.9999920924504598,3.42111696009321e-08
1115,"[[77]
 [82]
 [48]
 [53]
 [49]
 [52]
 [54]
 [49]]",2,1,glioma,1,3.020625020629571e-05,0.999969482421875,2.419991602664595e-07
1116,"[[77]
 [82]
 [48]
 [53]
 [49]
 [52]
 [54]
 [49]]",2,1,glioma,1,7.78549729147926e-05,0.9999220371246338,1.0670340107784189e-07
1117,"[[77]
 [82]
 [48]
 [53]
 [49]
 [52]
 [54]
 [49]]",2,1,glioma,1,0.0017188610509037971,0.9982783397038778,2.7532765140373763e-06
1118,"[[77]
 [82]
 [48]
 [53]
 [49]
 [52]
 [54]
 [49]]",2,1,glioma,1,0.008802562952041626,0.991189161936442,8.316179901157739e-06
1119,"[[77]
 [82]
 [48]
 [53]
 [49]
 [53]
 [56]
 [54]]",1,1,glioma,1,6.226118376417844e-07,0.9999938805898031,5.51166134007038e-06
1120,"[[77]
 [82]
 [48]
 [53]
 [49]
 [53]
 [56]
 [54]]",1,1,glioma,1,9.163090808783636e-06,0.9999899466832479,8.692093003877707e-07
1121,"[[77]
 [82]
 [48]
 [53]
 [49]
 [53]
 [56]
 [54]]",1,1,glioma,1,1.7280247692023447e-06,0.999998132387797,1.6018133561224168e-07
1122,"[[77]
 [82]
 [48]
 [53]
 [49]
 [53]
 [56]
 [54]]",1,1,glioma,1,3.200048612465404e-06,0.9999966621398926,1.535099207750079e-07
1123,"[[77]
 [82]
 [48]
 [53]
 [49]
 [53]
 [56]
 [54]]",1,1,glioma,1,1.3453205790122288e-07,0.9999998410542806,1.2809549996527688e-08
1124,"[[57]
 [57]
 [48]
 [56]
 [57]]",0,0,meningioma,0,0.939200778802236,0.05860557434304307,0.0021936262401140993
1125,"[[77]
 [82]
 [48]
 [53]
 [49]
 [53]
 [56]
 [54]]",1,1,glioma,1,3.0059995825837404e-08,0.9999999602635702,8.074189098566942e-09
1126,"[[77]
 [82]
 [48]
 [53]
 [49]
 [53]
 [56]
 [54]]",1,1,glioma,1,2.301783034545461e-08,1.0,1.0481596671047902e-08
1127,"[[77]
 [82]
 [48]
 [53]
 [49]
 [52]
 [54]
 [49]
 [66]]",1,1,glioma,1,0.01395360411455234,0.9857947627703348,0.00025168113703936495
1128,"[[77]
 [82]
 [48]
 [53]
 [49]
 [52]
 [54]
 [49]
 [66]]",1,1,glioma,1,0.00023027136194286868,0.9997680187225342,1.7539091118716026e-06
1129,"[[77]
 [82]
 [48]
 [53]
 [49]
 [52]
 [54]
 [49]
 [66]]",1,1,glioma,1,0.034594214521348476,0.965378483136495,2.7319676974002505e-05
1130,"[[77]
 [82]
 [48]
 [53]
 [49]
 [52]
 [54]
 [49]
 [66]]",1,1,glioma,1,0.20365279664595923,0.7963191866874695,2.802739900668409e-05
1131,"[[77]
 [82]
 [48]
 [53]
 [49]
 [52]
 [54]
 [49]
 [66]]",1,1,glioma,1,0.18513080229361853,0.8148666818936666,2.4966072942333994e-06
1132,"[[77]
 [82]
 [48]
 [53]
 [49]
 [54]
 [52]
 [52]]",1,1,glioma,1,0.013494547301282486,0.9860773881276449,0.00042806860710697947
1133,"[[77]
 [82]
 [48]
 [53]
 [49]
 [54]
 [52]
 [52]]",1,1,glioma,1,0.29591986785332364,0.6944055557250977,0.009674580437907329
1134,"[[77]
 [82]
 [48]
 [53]
 [49]
 [54]
 [52]
 [52]]",1,1,glioma,1,0.010024528717622161,0.9897213776906332,0.00025408318591265316
1135,"[[57]
 [57]
 [48]
 [56]
 [57]]",0,0,meningioma,0,0.8939515153566996,0.10484467050991952,0.0012038332236746403
1136,"[[77]
 [82]
 [48]
 [53]
 [49]
 [54]
 [52]
 [52]]",1,1,glioma,1,0.06580904747049014,0.9340584675470988,0.00013250254338951586
1137,"[[77]
 [82]
 [48]
 [53]
 [49]
 [54]
 [52]
 [52]]",1,1,glioma,1,0.0933257353802522,0.9066649476687113,9.285563085844236e-06
1138,"[[77]
 [82]
 [48]
 [53]
 [49]
 [54]
 [52]
 [52]]",1,1,glioma,1,0.28857433795928955,0.7111439307530721,0.00028169172825679806
1139,"[[77]
 [82]
 [48]
 [53]
 [49]
 [54]
 [52]
 [52]]",1,1,glioma,1,0.054787871738274894,0.9451384941736857,7.359938657221694e-05
1140,"[[77]
 [82]
 [48]
 [53]
 [49]
 [54]
 [52]
 [52]]",1,1,glioma,1,0.33811744550863904,0.6504545509815216,0.011428034127069017
1141,"[[77]
 [82]
 [48]
 [53]
 [49]
 [54]
 [52]
 [52]]",1,1,glioma,1,0.1629443814357122,0.8294935425122579,0.007562054845038801
1142,"[[77]
 [82]
 [48]
 [53]
 [49]
 [54]
 [52]
 [52]]",1,1,glioma,0,0.7265446980794271,0.058796231324474015,0.21465906128287315
1143,"[[77]
 [82]
 [48]
 [53]
 [49]
 [54]
 [52]
 [52]]",1,1,glioma,1,0.055754545920838915,0.9433844486872355,0.0008610449373615362
1144,"[[77]
 [82]
 [48]
 [53]
 [49]
 [54]
 [52]
 [52]]",1,1,glioma,1,0.005834828155154052,0.9937341014544169,0.0004310879525443549
1145,"[[77]
 [82]
 [48]
 [53]
 [49]
 [54]
 [52]
 [52]]",1,1,glioma,1,0.018728290015133098,0.9765493869781494,0.004722329281018271
1146,"[[57]
 [57]
 [50]
 [56]
 [56]]",1,0,meningioma,1,0.443114032347997,0.5568093260129293,7.665033960317184e-05
1147,"[[77]
 [82]
 [48]
 [53]
 [49]
 [54]
 [52]
 [52]]",1,1,glioma,1,0.13684804737567902,0.853498379389445,0.009653576261674365
1148,"[[77]
 [82]
 [48]
 [53]
 [49]
 [54]
 [52]
 [52]]",1,1,glioma,1,0.016877722926437855,0.9829095602035522,0.0002126682253826099
1149,"[[77]
 [82]
 [48]
 [53]
 [49]
 [54]
 [53]
 [49]]",2,1,glioma,1,0.10672035564978917,0.893144687016805,0.0001349480517092161
1150,"[[77]
 [82]
 [48]
 [53]
 [49]
 [54]
 [53]
 [49]]",2,1,glioma,1,0.04369296878576279,0.9562720855077108,3.492367674577205e-05
1151,"[[77]
 [82]
 [48]
 [53]
 [49]
 [54]
 [53]
 [49]]",2,1,glioma,1,0.08191223318378131,0.9180744290351868,1.3352318698404511e-05
1152,"[[77]
 [82]
 [48]
 [53]
 [49]
 [54]
 [53]
 [49]]",2,1,glioma,1,0.19426104426383972,0.8056761622428894,6.278675330880408e-05
1153,"[[77]
 [82]
 [48]
 [53]
 [49]
 [54]
 [53]
 [49]]",2,1,glioma,1,0.1965260754028956,0.8034074505170187,6.64755716570653e-05
1154,"[[77]
 [82]
 [48]
 [53]
 [49]
 [54]
 [53]
 [49]]",2,1,glioma,0,0.6672485073407491,0.3324580490589142,0.0002934346630354412
1155,"[[77]
 [82]
 [48]
 [53]
 [49]
 [55]
 [57]
 [54]]",4,1,glioma,1,1.345852000729971e-05,0.999963124593099,2.342909814444701e-05
1156,"[[77]
 [82]
 [48]
 [53]
 [49]
 [55]
 [57]
 [54]]",4,1,glioma,1,1.078777889883716e-05,0.9999679724375407,2.1258414068819436e-05
1157,"[[57]
 [57]
 [51]
 [48]
 [56]]",3,0,meningioma,0,0.9718629121780396,0.02812758119155963,9.50137791733141e-06
1158,"[[77]
 [82]
 [48]
 [53]
 [49]
 [55]
 [57]
 [54]]",4,1,glioma,1,2.626724371479483e-05,0.9999364813168844,3.7302503600937044e-05
1159,"[[77]
 [82]
 [48]
 [53]
 [49]
 [55]
 [57]
 [54]]",4,1,glioma,1,0.0002505691771830243,0.9996727705001831,7.665486785738788e-05
1160,"[[77]
 [82]
 [48]
 [53]
 [49]
 [55]
 [57]
 [54]]",4,1,glioma,1,0.003031539272342343,0.9968747496604919,9.371394157642321e-05
1161,"[[77]
 [82]
 [48]
 [53]
 [49]
 [55]
 [57]
 [54]]",4,1,glioma,1,0.002936666894432468,0.9970488945643107,1.4407443977502756e-05
1162,"[[77]
 [82]
 [48]
 [53]
 [49]
 [55]
 [57]
 [54]]",4,1,glioma,1,0.0036551592202158645,0.9963318506876627,1.3017830031853802e-05
1163,"[[77]
 [82]
 [48]
 [53]
 [49]
 [54]
 [53]
 [49]
 [66]]",0,1,glioma,1,0.17015219728151956,0.828704833984375,0.0011429576892017697
1164,"[[77]
 [82]
 [48]
 [53]
 [49]
 [54]
 [53]
 [49]
 [66]]",0,1,glioma,1,0.17142630368471146,0.8264564871788025,0.0021172125513354936
1165,"[[77]
 [82]
 [48]
 [53]
 [49]
 [54]
 [53]
 [49]
 [66]]",0,1,glioma,1,0.2317845473686854,0.7677211364110311,0.0004943313178955577
1166,"[[77]
 [82]
 [48]
 [53]
 [49]
 [54]
 [53]
 [49]
 [66]]",0,1,glioma,1,0.22038878997166952,0.779072086016337,0.000539134683397909
1167,"[[77]
 [82]
 [48]
 [53]
 [49]
 [54]
 [53]
 [49]
 [66]]",0,1,glioma,1,0.3615335027376811,0.6378264228502909,0.0006401128533373898
1168,"[[57]
 [57]
 [51]
 [48]
 [56]]",3,0,meningioma,0,0.9891100923220316,0.010881722439080477,8.191026684774746e-06
1169,"[[77]
 [82]
 [48]
 [53]
 [49]
 [54]
 [53]
 [49]
 [66]]",0,1,glioma,1,0.3039971689383189,0.6955068310101827,0.0004959519525679449
1170,"[[77]
 [82]
 [48]
 [53]
 [49]
 [54]
 [52]
 [52]
 [66]]",2,1,glioma,1,4.755762480120514e-06,0.9999920527140299,3.2086256567254168e-06
1171,"[[77]
 [82]
 [48]
 [53]
 [49]
 [54]
 [52]
 [52]
 [66]]",2,1,glioma,1,1.8360782026623685e-05,0.9999783833821615,3.2234917550037303e-06
1172,"[[77]
 [82]
 [48]
 [53]
 [49]
 [54]
 [52]
 [52]
 [66]]",2,1,glioma,1,2.922844396380242e-05,0.9999698003133138,9.242672736794096e-07
1173,"[[77]
 [82]
 [48]
 [53]
 [49]
 [54]
 [52]
 [52]
 [66]]",2,1,glioma,1,3.572046898625558e-05,0.999962051709493,2.239382941600828e-06
1174,"[[77]
 [82]
 [48]
 [53]
 [49]
 [54]
 [52]
 [52]
 [66]]",2,1,glioma,1,4.289861180950538e-05,0.9999534686406454,3.6679984608175196e-06
1175,"[[77]
 [82]
 [48]
 [53]
 [49]
 [54]
 [52]
 [52]
 [66]]",2,1,glioma,1,0.00014704845458860896,0.9998397429784139,1.3192256725839494e-05
1176,"[[77]
 [82]
 [48]
 [53]
 [49]
 [54]
 [52]
 [52]
 [66]]",2,1,glioma,1,0.0004587036746670492,0.9995341499646505,7.089367045409745e-06
1177,"[[77]
 [82]
 [48]
 [53]
 [49]
 [55]
 [57]
 [54]
 [66]]",4,1,glioma,1,0.011415797906617323,0.9740353226661682,0.014548854106881967
1178,"[[77]
 [82]
 [48]
 [53]
 [49]
 [55]
 [57]
 [54]
 [66]]",4,1,glioma,1,0.0007020167186055914,0.9982872009277344,0.0010107897785095095
1179,"[[57]
 [57]
 [51]
 [48]
 [56]]",3,0,meningioma,0,0.988362987836202,0.011635956509659687,1.1141089260036097e-06
1180,"[[77]
 [82]
 [48]
 [53]
 [49]
 [55]
 [57]
 [54]
 [66]]",4,1,glioma,1,5.2264528135855436e-05,0.9997482895851135,0.00019943619083573338
1181,"[[77]
 [82]
 [48]
 [53]
 [50]
 [53]
 [53]
 [48]]",0,1,glioma,1,0.024880326353013515,0.9745238224665324,0.0005958686136485388
1182,"[[77]
 [82]
 [48]
 [53]
 [50]
 [53]
 [53]
 [48]]",0,1,glioma,1,0.0018687662862551708,0.9980922341346741,3.899774617366347e-05
1183,"[[77]
 [82]
 [48]
 [53]
 [50]
 [53]
 [53]
 [48]]",0,1,glioma,1,0.0014422624008147977,0.9984760681788126,8.167878058884526e-05
1184,"[[77]
 [82]
 [48]
 [53]
 [50]
 [53]
 [53]
 [48]]",0,1,glioma,1,0.0007584371430008711,0.9991990923881531,4.244839014215055e-05
1185,"[[77]
 [82]
 [48]
 [53]
 [49]
 [54]
 [52]
 [52]
 [67]]",2,1,glioma,1,0.14287326981623968,0.7704686522483826,0.08665804316600163
1186,"[[77]
 [82]
 [48]
 [53]
 [49]
 [54]
 [52]
 [52]
 [67]]",2,1,glioma,1,0.011069647346933683,0.9873882532119751,0.0015421110632208486
1187,"[[77]
 [82]
 [48]
 [53]
 [49]
 [54]
 [52]
 [52]
 [67]]",2,1,glioma,1,5.179510420324126e-05,0.9999472697575887,9.132350366295819e-07
1188,"[[77]
 [82]
 [48]
 [53]
 [49]
 [54]
 [52]
 [52]
 [67]]",2,1,glioma,1,0.00010958497356720424,0.9998891552289327,1.2428159455642647e-06
1189,"[[77]
 [82]
 [48]
 [53]
 [49]
 [54]
 [52]
 [52]
 [67]]",2,1,glioma,1,0.003102688118815422,0.9966883659362793,0.00020893621209931249
1190,"[[57]
 [57]
 [51]
 [48]
 [56]]",3,0,meningioma,0,0.9956860144933065,0.0043118621106259525,2.1089973737768255e-06
1191,"[[77]
 [82]
 [48]
 [53]
 [49]
 [54]
 [52]
 [52]
 [67]]",2,1,glioma,1,0.0002745096911288177,0.9996310472488403,9.447259193014664e-05
1192,"[[77]
 [82]
 [48]
 [53]
 [49]
 [54]
 [52]
 [52]
 [67]]",2,1,glioma,1,2.7378747593805503e-05,0.999939759572347,3.285164499781482e-05
1193,"[[77]
 [82]
 [48]
 [53]
 [49]
 [54]
 [52]
 [52]
 [67]]",2,1,glioma,1,2.041677635133965e-05,0.9999727010726929,6.931666954794006e-06
1194,"[[77]
 [82]
 [48]
 [53]
 [49]
 [54]
 [52]
 [52]
 [67]]",2,1,glioma,1,0.000281343687674962,0.999704897403717,1.3794813185086241e-05
1195,"[[77]
 [82]
 [48]
 [53]
 [49]
 [54]
 [52]
 [52]
 [67]]",2,1,glioma,1,3.7590954282980725e-05,0.9999614159266154,1.0210302860969023e-06
1196,"[[77]
 [82]
 [48]
 [53]
 [49]
 [54]
 [52]
 [52]
 [67]]",2,1,glioma,1,0.0001560588765035694,0.9998422662417094,1.6695451184508177e-06
1197,"[[77]
 [82]
 [48]
 [53]
 [49]
 [54]
 [52]
 [52]
 [67]]",2,1,glioma,1,0.0012855154345743358,0.9987084666887919,6.062311626919836e-06
1198,"[[77]
 [82]
 [48]
 [52]
 [57]
 [57]
 [52]
 [50]
 [66]]",3,1,glioma,1,7.022991394478595e-05,0.99984077612559,8.898674468582612e-05
1199,"[[77]
 [82]
 [48]
 [52]
 [57]
 [57]
 [52]
 [50]
 [66]]",3,1,glioma,1,3.6304759494972436e-06,0.9999957084655762,6.400056458133463e-07
1200,"[[77]
 [82]
 [48]
 [52]
 [57]
 [57]
 [52]
 [50]
 [66]]",3,1,glioma,1,3.604549159152981e-08,0.9999998013178507,1.9430015700076334e-07
1201,"[[57]
 [57]
 [51]
 [48]
 [56]]",3,0,meningioma,0,0.991601288318634,0.008388225842888156,1.04614874961347e-05
1202,"[[77]
 [82]
 [48]
 [53]
 [50]
 [53]
 [56]
 [53]
 [66]]",1,1,glioma,1,0.2510053999722004,0.6641516983509064,0.08484286023303866
1203,"[[77]
 [82]
 [48]
 [53]
 [50]
 [53]
 [56]
 [53]
 [66]]",1,1,glioma,1,0.01524563393710802,0.9311951001485189,0.05355921480804682
1204,"[[77]
 [82]
 [48]
 [53]
 [50]
 [53]
 [56]
 [53]
 [66]]",1,1,glioma,1,0.05290912817387531,0.9393071929613749,0.0077836727335428195
1205,"[[77]
 [82]
 [48]
 [52]
 [55]
 [57]
 [53]
 [51]
 [67]]",2,1,glioma,1,0.0027011198302110038,0.984354297320048,0.012944593327119946
1206,"[[77]
 [82]
 [48]
 [52]
 [55]
 [57]
 [53]
 [51]
 [67]]",2,1,glioma,1,0.0002005321027051347,0.9995794494946798,0.0002199505276318329
1207,"[[77]
 [82]
 [48]
 [52]
 [55]
 [57]
 [53]
 [51]
 [67]]",2,1,glioma,1,0.0001791334774073524,0.9995477398236593,0.00027312932555408526
1208,"[[77]
 [82]
 [48]
 [52]
 [55]
 [57]
 [53]
 [51]
 [67]]",2,1,glioma,1,2.8693074151912395e-05,0.9999634424845377,7.876190920796944e-06
1209,"[[77]
 [82]
 [48]
 [53]
 [51]
 [49]
 [49]
 [48]
 [66]]",3,1,glioma,1,0.004617470044953127,0.9896095395088196,0.0057729470524160815
1210,"[[77]
 [82]
 [48]
 [53]
 [51]
 [49]
 [49]
 [48]
 [66]]",3,1,glioma,1,1.7572309085759723e-05,0.9999779860178629,4.441905862980396e-06
1211,"[[77]
 [82]
 [48]
 [53]
 [51]
 [49]
 [49]
 [48]
 [66]]",3,1,glioma,1,8.998314721490411e-07,0.999998927116394,1.439899925959054e-07
1212,"[[49]
 [48]
 [48]
 [56]
 [50]
 [48]]",3,1,glioma,0,0.8917216658592224,0.1037847821911176,0.004493547370657325
1213,"[[77]
 [82]
 [48]
 [53]
 [51]
 [49]
 [49]
 [48]
 [66]]",3,1,glioma,1,8.881042416290323e-08,0.9999998013178507,1.177921379325042e-07
1214,"[[77]
 [82]
 [48]
 [53]
 [51]
 [49]
 [49]
 [48]
 [66]]",3,1,glioma,1,9.503057262401823e-09,0.9999998807907104,1.0383211438795097e-07
1215,"[[77]
 [82]
 [48]
 [53]
 [51]
 [49]
 [49]
 [48]
 [66]]",3,1,glioma,1,1.148664826450263e-08,0.9999999602635702,2.9248514166191342e-08
1216,"[[77]
 [82]
 [48]
 [51]
 [52]
 [54]
 [57]
 [52]]",2,1,glioma,1,1.6233725091296947e-05,0.9999783039093018,5.449100134076919e-06
1217,"[[77]
 [82]
 [48]
 [51]
 [52]
 [54]
 [57]
 [52]]",2,1,glioma,1,5.388251281601697e-06,0.9999929666519165,1.6342965712586495e-06
1218,"[[77]
 [82]
 [48]
 [51]
 [52]
 [54]
 [57]
 [52]]",2,1,glioma,1,4.651694515208267e-06,0.9999950726826986,2.3323062710763529e-07
1219,"[[77]
 [82]
 [48]
 [51]
 [52]
 [54]
 [57]
 [52]]",2,1,glioma,1,1.8516242562327534e-05,0.9999810457229614,4.0897434416820033e-07
1220,"[[77]
 [82]
 [48]
 [53]
 [52]
 [54]
 [56]
 [51]]",3,1,glioma,1,8.650308132018836e-06,0.9938396215438843,0.006151744940628608
1221,"[[77]
 [82]
 [48]
 [53]
 [52]
 [54]
 [56]
 [51]]",3,1,glioma,1,2.123780288817064e-06,0.9994938174883524,0.0005040279356762767
1222,"[[77]
 [82]
 [48]
 [53]
 [52]
 [54]
 [56]
 [51]]",3,1,glioma,1,7.408100231032222e-07,0.9998954733212789,0.00010381445827079006
1223,"[[49]
 [48]
 [49]
 [55]
 [57]
 [55]]",3,0,meningioma,0,0.9981535077095032,0.001840410433942452,6.104037254317518e-06
1224,"[[49]
 [48]
 [48]
 [56]
 [50]
 [48]]",3,1,glioma,0,0.8892962535222372,0.11011312653621037,0.0005906192042554418
1225,"[[77]
 [82]
 [48]
 [53]
 [52]
 [56]
 [55]
 [53]]",0,1,glioma,1,0.021680719529589016,0.9763832092285156,0.0019361352509198089
1226,"[[77]
 [82]
 [48]
 [53]
 [52]
 [56]
 [55]
 [53]]",0,1,glioma,1,0.007810886949300766,0.9874522487322489,0.004736898990813643
1227,"[[77]
 [82]
 [48]
 [53]
 [52]
 [56]
 [55]
 [53]]",0,1,glioma,1,0.006164248043205589,0.9922899405161539,0.00154577450787959
1228,"[[77]
 [82]
 [48]
 [53]
 [52]
 [56]
 [55]
 [53]]",0,1,glioma,1,0.0016339295592236642,0.9976658622423807,0.0007002260390436277
1229,"[[77]
 [82]
 [48]
 [53]
 [48]
 [54]
 [56]
 [55]
 [67]]",1,1,glioma,1,0.1655521703263124,0.8155288497606913,0.018919012897337478
1230,"[[77]
 [82]
 [48]
 [53]
 [48]
 [54]
 [56]
 [55]
 [67]]",1,1,glioma,1,0.0020849801076110452,0.9838871161142985,0.014027901226654649
1231,"[[77]
 [82]
 [48]
 [53]
 [48]
 [54]
 [56]
 [55]
 [67]]",1,1,glioma,1,0.0056889347518639015,0.7708025773366293,0.22350849335392317
1232,"[[77]
 [82]
 [48]
 [53]
 [48]
 [54]
 [56]
 [55]
 [67]]",1,1,glioma,2,0.00930252845864743,0.3905878613392512,0.6001096467177073
1233,"[[77]
 [82]
 [48]
 [53]
 [48]
 [54]
 [56]
 [55]
 [67]]",1,1,glioma,1,0.00011270084996795049,0.9990247090657552,0.0008625695008959156
1234,"[[77]
 [82]
 [48]
 [53]
 [54]
 [49]
 [52]
 [52]]",1,1,glioma,1,0.00014048872738688564,0.9998467961947123,1.2675238555933296e-05
1235,"[[49]
 [48]
 [48]
 [51]
 [54]
 [48]]",2,0,meningioma,1,0.06641575321555138,0.9326986869176229,0.0008855704994251331
1236,"[[77]
 [82]
 [48]
 [53]
 [54]
 [49]
 [52]
 [52]]",1,1,glioma,1,0.00026549078029347584,0.9997272491455078,7.235314598119658e-06
1237,"[[77]
 [82]
 [48]
 [53]
 [54]
 [49]
 [52]
 [52]]",1,1,glioma,1,0.003793503623455763,0.9961979786554972,8.489249628003867e-06
1238,"[[77]
 [82]
 [48]
 [51]
 [52]
 [57]
 [57]
 [55]]",0,1,glioma,1,0.3874530891577403,0.6078786452611288,0.004668245557695627
1239,"[[77]
 [82]
 [48]
 [51]
 [52]
 [57]
 [57]
 [55]]",0,1,glioma,1,0.07605149348576863,0.9224856694539388,0.0014628434049276013
1240,"[[77]
 [82]
 [48]
 [51]
 [52]
 [57]
 [57]
 [55]]",0,1,glioma,1,0.011640447502334913,0.988129993279775,0.00022955324675422162
1241,"[[77]
 [82]
 [48]
 [51]
 [52]
 [57]
 [57]
 [55]]",0,1,glioma,1,0.0024803421110846102,0.9974350333213806,8.463654012302868e-05
1242,"[[77]
 [82]
 [48]
 [51]
 [52]
 [57]
 [57]
 [55]]",0,1,glioma,1,0.0014699985234377284,0.9984792669614156,5.07580668151301e-05
1243,"[[77]
 [82]
 [48]
 [51]
 [52]
 [57]
 [57]
 [55]]",0,1,glioma,1,0.0026029622628508755,0.9973458051681519,5.121215652555596e-05
1244,"[[77]
 [82]
 [48]
 [51]
 [52]
 [57]
 [57]
 [55]]",0,1,glioma,1,0.008596465767671665,0.9911676049232483,0.00023598339521413436
1245,"[[77]
 [82]
 [48]
 [50]
 [57]
 [50]
 [48]
 [57]
 [69]]",4,1,glioma,1,0.0006801743845699093,0.9982181787490845,0.0011016518653453506
1246,"[[49]
 [48]
 [48]
 [51]
 [54]
 [48]]",2,0,meningioma,1,0.07952216019233067,0.9179909626642863,0.002486881916411221
1247,"[[77]
 [82]
 [48]
 [50]
 [57]
 [50]
 [48]
 [57]
 [69]]",4,1,glioma,1,0.00013798846650085275,0.9995030959447225,0.00035891137698248105
1248,"[[77]
 [82]
 [48]
 [50]
 [57]
 [50]
 [48]
 [57]
 [69]]",4,1,glioma,1,0.0004420038967509754,0.9990983406702677,0.000459686258182046
1249,"[[77]
 [82]
 [48]
 [50]
 [57]
 [50]
 [48]
 [57]
 [69]]",4,1,glioma,1,1.196299169888467e-05,0.9999502897262573,3.77296719658767e-05
1250,"[[77]
 [82]
 [48]
 [50]
 [57]
 [50]
 [48]
 [57]
 [69]]",4,1,glioma,1,5.709566016291283e-06,0.9999797344207764,1.4561223153709372e-05
1251,"[[77]
 [82]
 [48]
 [50]
 [57]
 [50]
 [48]
 [57]
 [69]]",4,1,glioma,1,5.210568981084407e-05,0.9998975197474161,5.0344967136887554e-05
1252,"[[77]
 [82]
 [48]
 [50]
 [57]
 [50]
 [48]
 [57]
 [69]]",4,1,glioma,1,9.074192729367307e-05,0.999735434850057,0.00017385630599283294
1253,"[[77]
 [82]
 [48]
 [50]
 [57]
 [50]
 [48]
 [57]
 [69]]",4,1,glioma,1,0.0008301485890266728,0.9989303946495056,0.00023946875881482774
1254,"[[77]
 [82]
 [48]
 [50]
 [57]
 [50]
 [48]
 [57]
 [69]]",4,1,glioma,1,0.016979487030766904,0.9825787941614786,0.00044172052710441295
1255,"[[77]
 [82]
 [48]
 [53]
 [51]
 [49]
 [49]
 [48]
 [69]]",3,1,glioma,1,0.0002479681352269836,0.9978397091229757,0.0019122940041900922
1256,"[[77]
 [82]
 [48]
 [53]
 [51]
 [49]
 [49]
 [48]
 [69]]",3,1,glioma,1,0.022727169562131166,0.9766112367312113,0.0006615822931053117
1257,"[[49]
 [48]
 [48]
 [51]
 [54]
 [48]]",2,0,meningioma,0,0.6822150548299154,0.31353797515233356,0.00424698181450367
1258,"[[77]
 [82]
 [48]
 [53]
 [51]
 [49]
 [49]
 [48]
 [69]]",3,1,glioma,1,0.0002953370894829277,0.9996200601259867,8.454813932227505e-05
1259,"[[77]
 [82]
 [48]
 [53]
 [51]
 [49]
 [49]
 [48]
 [69]]",3,1,glioma,1,1.9171738799173e-05,0.9999712705612183,9.557074051258496e-06
1260,"[[77]
 [82]
 [48]
 [53]
 [51]
 [49]
 [49]
 [48]
 [69]]",3,1,glioma,1,3.065856981265824e-05,0.9999125202496847,5.681766288034851e-05
1261,"[[77]
 [82]
 [48]
 [53]
 [51]
 [49]
 [49]
 [48]
 [69]]",3,1,glioma,1,1.6011862247940674e-06,0.9999962647755941,2.092913518936257e-06
1262,"[[77]
 [82]
 [48]
 [52]
 [57]
 [48]
 [49]
 [57]
 [71]]",0,1,glioma,1,0.0013582598470141722,0.9985155860582987,0.00012615218959884564
1263,"[[77]
 [82]
 [48]
 [52]
 [57]
 [48]
 [49]
 [57]
 [71]]",0,1,glioma,1,0.0017150644986638024,0.9982234636942545,6.14344632291856e-05
1264,"[[77]
 [82]
 [48]
 [52]
 [57]
 [48]
 [49]
 [57]
 [71]]",0,1,glioma,1,0.003422420190569634,0.9965176781018575,5.992103630584703e-05
1265,"[[77]
 [82]
 [48]
 [52]
 [57]
 [48]
 [49]
 [57]
 [71]]",0,1,glioma,1,0.001953893355675973,0.9979939460754395,5.214767952566035e-05
1266,"[[77]
 [82]
 [48]
 [52]
 [57]
 [48]
 [49]
 [57]
 [71]]",0,1,glioma,1,0.05911686706046263,0.9404385288556417,0.00044460051382581395
1267,"[[77]
 [82]
 [48]
 [52]
 [57]
 [48]
 [49]
 [57]
 [71]]",0,1,glioma,1,0.02347200099999706,0.9762386083602905,0.0002894256904255599
1268,"[[49]
 [48]
 [48]
 [51]
 [54]
 [48]]",2,0,meningioma,0,0.5089444816112518,0.4822758237520854,0.008779681753367186
1269,"[[77]
 [82]
 [48]
 [52]
 [57]
 [48]
 [49]
 [57]
 [71]]",0,1,glioma,1,0.3019343813260396,0.697173019250234,0.0008926345326472074
1270,"[[77]
 [82]
 [48]
 [51]
 [49]
 [52]
 [48]
 [57]
 [66]]",3,1,glioma,1,0.08569938565293948,0.9142873287200928,1.3296745047834216e-05
1271,"[[77]
 [82]
 [48]
 [51]
 [49]
 [52]
 [48]
 [57]
 [66]]",3,1,glioma,1,0.05159486752624313,0.9484034578005472,1.6796906739576418e-06
1272,"[[77]
 [82]
 [48]
 [51]
 [49]
 [52]
 [48]
 [57]
 [66]]",3,1,glioma,1,0.2301204800605774,0.7698785265286764,9.95084054415211e-07
1273,"[[77]
 [82]
 [48]
 [50]
 [52]
 [55]
 [56]
 [48]
 [68]]",4,1,glioma,1,5.245429806300291e-06,0.9999533494313558,4.141040982171459e-05
1274,"[[77]
 [82]
 [48]
 [50]
 [52]
 [55]
 [56]
 [48]
 [68]]",4,1,glioma,1,6.280314041617885e-05,0.9998191396395365,0.00011805155279083952
1275,"[[77]
 [82]
 [48]
 [51]
 [56]
 [52]
 [54]
 [57]]",4,1,glioma,1,0.06532079198708136,0.9321807424227396,0.0024984672927530482
1276,"[[77]
 [82]
 [48]
 [51]
 [56]
 [52]
 [54]
 [57]]",4,1,glioma,1,0.0069976613522158004,0.9896547396977743,0.003347600657283086
1277,"[[77]
 [82]
 [48]
 [51]
 [56]
 [52]
 [54]
 [57]]",4,1,glioma,1,0.1296591435869535,0.8643710811932882,0.005969758369853177
1278,"[[77]
 [82]
 [48]
 [51]
 [56]
 [52]
 [54]
 [57]]",4,1,glioma,1,0.0030491676297970116,0.9958339929580688,0.001116855392713963
1279,"[[49]
 [48]
 [48]
 [51]
 [54]
 [48]]",2,0,meningioma,0,0.6037931243578593,0.3751450429360072,0.021061805387338
1280,"[[77]
 [82]
 [48]
 [51]
 [56]
 [52]
 [54]
 [57]]",4,1,glioma,1,0.00030825270738432664,0.9992608825365702,0.00043084309208533494
1281,"[[77]
 [82]
 [48]
 [51]
 [56]
 [52]
 [54]
 [57]]",4,1,glioma,1,0.0004372961478414557,0.998871386051178,0.0006913342354929833
1282,"[[77]
 [82]
 [48]
 [51]
 [56]
 [52]
 [54]
 [57]]",4,1,glioma,1,0.0007577097508904748,0.9977893233299255,0.0014529870260654814
1283,"[[77]
 [82]
 [48]
 [51]
 [50]
 [51]
 [50]
 [50]
 [67]]",0,1,glioma,1,0.01311234524473548,0.9866240620613098,0.0002636104485039444
1284,"[[77]
 [82]
 [48]
 [51]
 [50]
 [51]
 [50]
 [50]
 [67]]",0,1,glioma,1,0.017051170424868662,0.9794924457867941,0.0034564121548707285
1285,"[[77]
 [82]
 [48]
 [51]
 [50]
 [51]
 [50]
 [50]
 [67]]",0,1,glioma,1,0.007087848032824695,0.9926531116167704,0.00025899055556995637
1286,"[[77]
 [82]
 [48]
 [51]
 [50]
 [51]
 [50]
 [50]
 [67]]",0,1,glioma,1,0.00263852688173453,0.9973040421803793,5.742545393635131e-05
1287,"[[77]
 [82]
 [48]
 [51]
 [50]
 [51]
 [50]
 [50]
 [67]]",0,1,glioma,1,0.012438205924505988,0.9874429901440939,0.0001188311395405132
1288,"[[77]
 [82]
 [48]
 [51]
 [50]
 [51]
 [50]
 [50]
 [67]]",0,1,glioma,1,0.006215536772894363,0.9930946628252665,0.0006898272937784592
1289,"[[77]
 [82]
 [48]
 [51]
 [50]
 [51]
 [50]
 [50]
 [67]]",0,1,glioma,1,0.006960918505986531,0.9924384156862894,0.0006007459984781841
1290,"[[49]
 [48]
 [48]
 [51]
 [54]
 [48]]",2,0,meningioma,0,0.731757382551829,0.03104664074877898,0.23719598849614462
1291,"[[77]
 [82]
 [48]
 [51]
 [50]
 [51]
 [50]
 [50]
 [67]]",0,1,glioma,1,0.0026980750820560693,0.9970980485280355,0.00020389816594009366
1292,"[[77]
 [82]
 [48]
 [51]
 [50]
 [51]
 [50]
 [50]
 [67]]",0,1,glioma,1,0.0033230493597026602,0.9958295424779257,0.0008474175016696487
1293,"[[77]
 [82]
 [48]
 [51]
 [50]
 [51]
 [50]
 [50]
 [67]]",0,1,glioma,1,0.016840166024242837,0.9812196493148804,0.0019401711421475436
1294,"[[77]
 [82]
 [48]
 [51]
 [50]
 [51]
 [50]
 [50]
 [67]]",0,1,glioma,1,0.010076120068940023,0.98907870054245,0.0008451634679052707
1295,"[[77]
 [82]
 [48]
 [51]
 [50]
 [51]
 [50]
 [50]
 [67]]",0,1,glioma,1,0.002423925558105111,0.9973030686378479,0.0002730387507957251
1296,"[[77]
 [82]
 [48]
 [51]
 [50]
 [51]
 [50]
 [50]
 [67]]",0,1,glioma,1,0.005930949371152868,0.9934572180112203,0.0006118004627448196
1297,"[[77]
 [82]
 [48]
 [51]
 [55]
 [52]
 [53]
 [56]
 [66]]",3,1,glioma,1,0.13422245780626932,0.8346338868141174,0.031143682698408764
1298,"[[77]
 [82]
 [48]
 [51]
 [55]
 [52]
 [53]
 [56]
 [66]]",3,1,glioma,1,0.19575831604500613,0.8029989997545878,0.0012426664422188576
1299,"[[77]
 [82]
 [48]
 [51]
 [55]
 [52]
 [53]
 [56]
 [66]]",3,1,glioma,1,0.44692546129226685,0.5351903637250265,0.017884188642104466
1300,"[[77]
 [82]
 [48]
 [51]
 [55]
 [52]
 [53]
 [56]
 [66]]",3,1,glioma,1,0.4685681362946828,0.4927196800708771,0.03871219977736473
1301,"[[49]
 [48]
 [48]
 [51]
 [54]
 [48]]",2,0,meningioma,0,0.7493729591369629,0.13709895561138788,0.11352810139457385
1302,"[[77]
 [82]
 [48]
 [51]
 [55]
 [52]
 [53]
 [56]
 [66]]",3,1,glioma,1,0.2564355134963989,0.7434029777844747,0.00016143993131360426
1303,"[[77]
 [82]
 [48]
 [51]
 [55]
 [52]
 [53]
 [56]
 [66]]",3,1,glioma,0,0.6498635907967886,0.3501139183839162,2.248905491342157e-05
1304,"[[77]
 [82]
 [48]
 [51]
 [55]
 [52]
 [53]
 [56]
 [66]]",3,1,glioma,0,0.5370439365506172,0.46272942423820496,0.00022667487701255595
1305,"[[77]
 [82]
 [48]
 [51]
 [55]
 [52]
 [53]
 [56]
 [66]]",3,1,glioma,0,0.5396577169497808,0.46027015646298725,7.210566370000986e-05
1306,"[[77]
 [82]
 [48]
 [51]
 [57]
 [52]
 [55]
 [51]]",2,1,glioma,1,0.03242328390479088,0.856783370176951,0.11079340055584908
1307,"[[77]
 [82]
 [48]
 [51]
 [57]
 [52]
 [55]
 [51]]",2,1,glioma,1,0.0015857531689107418,0.9973090092341105,0.0011052386253140867
1308,"[[77]
 [82]
 [48]
 [51]
 [57]
 [52]
 [55]
 [51]]",2,1,glioma,1,0.0024349308029438057,0.9971228043238322,0.000442233703021581
1309,"[[77]
 [82]
 [48]
 [51]
 [57]
 [52]
 [55]
 [51]]",2,1,glioma,1,0.0004008235506868611,0.9993262688318888,0.0002729026843250419
1310,"[[77]
 [82]
 [48]
 [51]
 [57]
 [52]
 [55]
 [51]]",2,1,glioma,1,0.0008251408386665086,0.9991467793782552,2.804468325242245e-05
1311,"[[77]
 [82]
 [48]
 [51]
 [57]
 [52]
 [55]
 [51]
 [66]]",0,1,glioma,1,0.025424014776945114,0.9704915285110474,0.004084414521154637
1312,"[[49]
 [48]
 [48]
 [53]
 [55]
 [50]]",4,0,meningioma,0,0.9235296050707499,0.05452666121224562,0.021943742913814884
1313,"[[77]
 [82]
 [48]
 [51]
 [57]
 [52]
 [55]
 [51]
 [66]]",0,1,glioma,1,0.020479585975408554,0.9664925734202067,0.013027785811573267
1314,"[[77]
 [82]
 [48]
 [51]
 [57]
 [52]
 [55]
 [51]
 [66]]",0,1,glioma,1,0.018093013515075047,0.9692930976549784,0.01261388681208094
1315,"[[77]
 [82]
 [48]
 [51]
 [57]
 [52]
 [55]
 [51]
 [66]]",0,1,glioma,1,0.0060676802531816065,0.9902296463648478,0.0037026575106816986
1316,"[[77]
 [82]
 [48]
 [51]
 [57]
 [52]
 [55]
 [51]
 [66]]",0,1,glioma,1,0.00139920953612697,0.9984745979309082,0.00012618098541376335
1317,"[[77]
 [82]
 [48]
 [51]
 [57]
 [52]
 [55]
 [51]
 [66]]",0,1,glioma,1,0.006386197676571707,0.9930879275004069,0.0005258587480057031
1318,"[[77]
 [82]
 [48]
 [51]
 [57]
 [52]
 [55]
 [51]
 [66]]",0,1,glioma,1,0.010011537175159901,0.9897592067718506,0.00022924453787709353
1319,"[[77]
 [82]
 [48]
 [51]
 [55]
 [52]
 [53]
 [56]
 [67]]",2,1,glioma,1,0.04334281881650289,0.8961332440376282,0.060523977503180504
1320,"[[77]
 [82]
 [48]
 [51]
 [55]
 [52]
 [53]
 [56]
 [67]]",2,1,glioma,1,0.0006083158659748733,0.9993816614151001,9.995945219998248e-06
1321,"[[77]
 [82]
 [48]
 [51]
 [55]
 [52]
 [53]
 [56]
 [67]]",2,1,glioma,1,0.002025144834381839,0.9979278047879537,4.707491158721192e-05
1322,"[[77]
 [82]
 [48]
 [51]
 [55]
 [52]
 [53]
 [56]
 [67]]",2,1,glioma,1,0.00014731679160225516,0.9995692372322083,0.00028351747945028666
1323,"[[49]
 [48]
 [48]
 [53]
 [55]
 [50]]",4,0,meningioma,0,0.9331294894218445,0.03553356292347113,0.031336916998649635
1324,"[[77]
 [82]
 [48]
 [51]
 [55]
 [52]
 [53]
 [56]
 [67]]",2,1,glioma,1,0.002414184195610384,0.9836334784825643,0.013952328668286404
1325,"[[77]
 [82]
 [48]
 [51]
 [55]
 [52]
 [53]
 [56]
 [67]]",2,1,glioma,1,8.697217829952326e-05,0.9999023278554281,1.0686414043448167e-05
1326,"[[77]
 [82]
 [48]
 [51]
 [55]
 [52]
 [53]
 [56]
 [67]]",2,1,glioma,1,0.013797402071456114,0.9860372543334961,0.00016534210105116168
1327,"[[77]
 [82]
 [48]
 [51]
 [55]
 [52]
 [53]
 [56]
 [67]]",2,1,glioma,1,6.81880834842256e-05,0.999930183092753,1.5979161579101249e-06
1328,"[[77]
 [82]
 [48]
 [51]
 [55]
 [52]
 [53]
 [56]
 [67]]",2,1,glioma,1,0.02511687142153581,0.9747313658396403,0.00015171281120274216
1329,"[[77]
 [82]
 [48]
 [51]
 [55]
 [52]
 [53]
 [56]
 [67]]",2,1,glioma,1,0.0009083941695280373,0.999082108338674,9.482036830377183e-06
1330,"[[77]
 [82]
 [48]
 [52]
 [48]
 [50]
 [52]
 [48]]",3,1,glioma,1,0.0020810835994780064,0.9957484205563863,0.0021704756824571327
1331,"[[77]
 [82]
 [48]
 [52]
 [48]
 [50]
 [52]
 [48]]",3,1,glioma,1,0.0006186155369505286,0.9978648026784261,0.0015166389445463817
1332,"[[77]
 [82]
 [48]
 [52]
 [48]
 [50]
 [52]
 [48]]",3,1,glioma,1,0.00028674303757725284,0.9990418950716654,0.0006713754846714437
1333,"[[77]
 [82]
 [48]
 [52]
 [48]
 [50]
 [52]
 [48]]",3,1,glioma,1,0.0005899816557454566,0.9989774227142334,0.0004325794385901342
1334,"[[49]
 [48]
 [49]
 [55]
 [57]
 [55]]",3,0,meningioma,0,0.9497589270273844,0.05023694162567457,4.176596372455303e-06
1335,"[[49]
 [48]
 [48]
 [53]
 [55]
 [50]]",4,0,meningioma,0,0.7464505434036255,0.1057288758456707,0.14782055839896202
1336,"[[77]
 [82]
 [48]
 [52]
 [48]
 [50]
 [52]
 [48]]",3,1,glioma,1,0.04019972247382005,0.9553806384404501,0.004419691006963451
1337,"[[77]
 [82]
 [48]
 [52]
 [48]
 [50]
 [52]
 [48]]",3,1,glioma,1,3.710399490349422e-05,0.999961773554484,1.059952353443805e-06
1338,"[[77]
 [82]
 [48]
 [52]
 [48]
 [50]
 [52]
 [48]]",3,1,glioma,1,0.00039872254274087027,0.9995953440666199,5.962496932928237e-06
1339,"[[77]
 [82]
 [48]
 [52]
 [48]
 [50]
 [52]
 [48]]",3,1,glioma,1,0.00025928513302157324,0.9997302691141764,1.0436107440151924e-05
1340,"[[77]
 [82]
 [48]
 [52]
 [48]
 [50]
 [52]
 [48]]",3,1,glioma,1,0.0003032360133753779,0.9996504584948221,4.632254497967855e-05
1341,"[[77]
 [82]
 [48]
 [52]
 [48]
 [50]
 [52]
 [48]]",3,1,glioma,1,0.00020159725681878626,0.9997477928797404,5.0590493022658244e-05
1342,"[[77]
 [82]
 [48]
 [52]
 [48]
 [50]
 [52]
 [48]
 [66]]",3,1,glioma,1,0.0020052811596542597,0.9968805313110352,0.001114191106656411
1343,"[[77]
 [82]
 [48]
 [52]
 [48]
 [50]
 [52]
 [48]
 [66]]",3,1,glioma,1,0.0002887082858554398,0.9996816913286845,2.9584333674392838e-05
1344,"[[77]
 [82]
 [48]
 [52]
 [48]
 [50]
 [52]
 [48]
 [66]]",3,1,glioma,1,4.834063095889481e-06,0.9999943176905314,8.861151685006045e-07
1345,"[[77]
 [82]
 [48]
 [52]
 [48]
 [50]
 [52]
 [48]
 [66]]",3,1,glioma,1,1.829841524643901e-05,0.9999793370564779,2.3841395204726723e-06
1346,"[[49]
 [48]
 [49]
 [48]
 [49]
 [54]]",1,0,meningioma,0,0.9677695035934448,0.027432014234364033,0.004798430406178038
1347,"[[77]
 [82]
 [48]
 [52]
 [48]
 [50]
 [52]
 [48]
 [66]]",3,1,glioma,1,8.700180311886166e-06,0.9999911387761434,1.7482347539991375e-07
1348,"[[77]
 [82]
 [48]
 [52]
 [48]
 [50]
 [52]
 [48]
 [66]]",3,1,glioma,1,0.000599043705733493,0.9993928074836731,8.196498659647963e-06
1349,"[[77]
 [82]
 [48]
 [52]
 [48]
 [50]
 [52]
 [48]
 [66]]",3,1,glioma,1,0.0010640090137409668,0.9989344080289205,1.5458319921890507e-06
1350,"[[77]
 [82]
 [48]
 [52]
 [48]
 [50]
 [52]
 [48]
 [66]]",3,1,glioma,1,1.0788394503672787e-07,0.9999998807907104,1.3726490721843732e-08
1351,"[[77]
 [82]
 [48]
 [52]
 [48]
 [50]
 [52]
 [48]
 [66]]",3,1,glioma,1,1.0365563791007542e-06,0.9999988873799642,1.1201375826885851e-07
1352,"[[77]
 [82]
 [48]
 [52]
 [48]
 [50]
 [52]
 [48]
 [66]]",3,1,glioma,1,5.2103725519299836e-08,0.9999999602635702,1.0939204810507993e-08
1353,"[[77]
 [82]
 [48]
 [50]
 [57]
 [50]
 [48]
 [57]
 [71]]",1,1,glioma,1,8.410989084950415e-05,0.9997916221618652,0.00012421331757650478
1354,"[[77]
 [82]
 [48]
 [50]
 [57]
 [50]
 [48]
 [57]
 [71]]",1,1,glioma,1,1.1552024299366082e-06,0.999997615814209,1.2375404948213504e-06
1355,"[[77]
 [82]
 [48]
 [50]
 [57]
 [50]
 [48]
 [57]
 [71]]",1,1,glioma,1,9.47091929681676e-06,0.999990185101827,3.437473079700067e-07
1356,"[[77]
 [82]
 [48]
 [50]
 [57]
 [50]
 [48]
 [57]
 [71]]",1,1,glioma,1,1.0652825975417575e-06,0.9999978939692179,1.084101063290414e-06
1357,"[[49]
 [48]
 [49]
 [48]
 [49]
 [54]]",1,0,meningioma,0,0.933694044748942,0.015815015144956607,0.05049092570940653
1358,"[[77]
 [82]
 [48]
 [50]
 [57]
 [50]
 [48]
 [57]
 [71]]",1,1,glioma,1,4.466355958262132e-06,0.9999933242797852,2.20747483995846e-06
1359,"[[77]
 [82]
 [48]
 [50]
 [57]
 [50]
 [48]
 [57]
 [71]]",1,1,glioma,1,9.672512883677578e-06,0.9999896685282389,6.390128774273288e-07
1360,"[[77]
 [82]
 [48]
 [50]
 [57]
 [50]
 [48]
 [57]
 [71]]",1,1,glioma,1,7.558811860993349e-05,0.9999239842096964,4.3340797587868945e-07
1361,"[[77]
 [82]
 [48]
 [50]
 [57]
 [50]
 [48]
 [57]
 [71]]",1,1,glioma,1,0.020332536349693935,0.9796638488769531,3.6712983941811217e-06
1362,"[[77]
 [82]
 [48]
 [51]
 [54]
 [52]
 [57]
 [54]
 [66]]",4,1,glioma,1,2.139416007018724e-05,0.9999740521113077,4.545285475155564e-06
1363,"[[77]
 [82]
 [48]
 [51]
 [54]
 [52]
 [57]
 [54]
 [66]]",4,1,glioma,1,0.00017183190396963255,0.9998171528180441,1.1056268199131913e-05
1364,"[[77]
 [82]
 [48]
 [51]
 [54]
 [52]
 [57]
 [54]
 [66]]",4,1,glioma,1,9.361395056028954e-05,0.9999003609021505,6.0490647158980915e-06
1365,"[[77]
 [82]
 [48]
 [51]
 [54]
 [52]
 [57]
 [54]
 [66]]",4,1,glioma,1,0.0006116019290611044,0.9993676940600077,2.073435512493724e-05
1366,"[[77]
 [82]
 [48]
 [51]
 [54]
 [52]
 [57]
 [54]
 [66]]",4,1,glioma,1,0.0010703495022994503,0.9989198644955953,9.769945886272703e-06
1367,"[[77]
 [82]
 [48]
 [51]
 [54]
 [52]
 [57]
 [54]
 [66]]",4,1,glioma,1,0.0015784173723621582,0.9984119137128195,9.642500425488835e-06
1368,"[[49]
 [48]
 [49]
 [48]
 [49]
 [54]]",1,0,meningioma,0,0.8051028450330099,0.19440287041167417,0.0004943115770098908
1369,"[[77]
 [82]
 [48]
 [51]
 [51]
 [52]
 [50]
 [48]]",0,1,glioma,1,0.0023507424775743857,0.9970389008522034,0.0006103515964544689
1370,"[[77]
 [82]
 [48]
 [51]
 [51]
 [52]
 [50]
 [48]]",0,1,glioma,1,0.001009231411444489,0.99888147910436,0.0001093071744738457
1371,"[[77]
 [82]
 [48]
 [51]
 [51]
 [52]
 [50]
 [48]]",0,1,glioma,1,0.002436083096351164,0.9971524675687155,0.0004114372859476134
1372,"[[77]
 [82]
 [48]
 [51]
 [51]
 [52]
 [50]
 [48]]",0,1,glioma,1,0.0011455440229231801,0.9987805684407552,7.389850816252874e-05
1373,"[[77]
 [82]
 [48]
 [51]
 [51]
 [52]
 [50]
 [48]]",0,1,glioma,1,0.0014713696800754406,0.9983954230944315,0.0001332199996492515
1374,"[[77]
 [82]
 [48]
 [51]
 [51]
 [52]
 [50]
 [48]]",0,1,glioma,1,0.0026778590496784696,0.9970480799674988,0.00027405072857315343
1375,"[[77]
 [82]
 [48]
 [51]
 [51]
 [52]
 [50]
 [48]]",0,1,glioma,1,0.0012667238203600089,0.9987146457036337,1.8666553141126013e-05
1376,"[[77]
 [82]
 [48]
 [50]
 [52]
 [55]
 [56]
 [48]
 [66]]",0,1,glioma,1,0.0010151727104433423,0.9989272753397623,5.7499160599642586e-05
1377,"[[77]
 [82]
 [48]
 [50]
 [52]
 [55]
 [56]
 [48]
 [66]]",0,1,glioma,1,0.0024957014538813382,0.9974427819252014,6.145858030019251e-05
1378,"[[77]
 [82]
 [48]
 [50]
 [52]
 [55]
 [56]
 [48]
 [66]]",0,1,glioma,1,0.0028212251393900565,0.997095783551534,8.297123713418841e-05
1379,"[[49]
 [48]
 [49]
 [48]
 [49]
 [54]]",1,0,meningioma,0,0.9957080483436584,0.0042563762205342455,3.5613807976157354e-05
1380,"[[77]
 [82]
 [48]
 [50]
 [52]
 [55]
 [56]
 [48]
 [66]]",0,1,glioma,1,0.008042542904149741,0.9917535980542501,0.00020383287240595868
1381,"[[77]
 [82]
 [48]
 [51]
 [51]
 [51]
 [56]
 [57]
 [66]]",3,1,glioma,1,9.293409097832495e-09,1.0,4.192969412069221e-09
1382,"[[77]
 [82]
 [48]
 [52]
 [56]
 [57]
 [57]
 [52]]",1,1,glioma,1,0.04991998756304383,0.9500072399775187,7.275713371276045e-05
1383,"[[77]
 [82]
 [48]
 [52]
 [56]
 [57]
 [57]
 [52]]",1,1,glioma,1,0.21519443889458975,0.783486525217692,0.0013190091170448188
1384,"[[77]
 [82]
 [48]
 [52]
 [57]
 [49]
 [48]
 [52]]",3,1,glioma,1,6.088078165097007e-05,0.9999343156814575,4.797880504744019e-06
1385,"[[77]
 [82]
 [48]
 [52]
 [57]
 [49]
 [48]
 [52]]",3,1,glioma,1,0.0002532418923995768,0.9997406800587972,6.105558446970842e-06
1386,"[[77]
 [82]
 [48]
 [52]
 [57]
 [49]
 [48]
 [52]]",3,1,glioma,1,0.00017120247624310045,0.9998114705085754,1.7299313564459833e-05
1387,"[[77]
 [82]
 [48]
 [52]
 [57]
 [49]
 [52]
 [50]]",2,1,glioma,0,0.48600102961063385,0.44143638014793396,0.07256256540616353
1388,"[[77]
 [82]
 [48]
 [52]
 [57]
 [49]
 [52]
 [50]]",2,1,glioma,0,0.4979926447073619,0.490268349647522,0.01173900238548716
1389,"[[77]
 [82]
 [48]
 [52]
 [57]
 [49]
 [52]
 [50]]",2,1,glioma,1,0.20935660103956857,0.7825661500295004,0.00807730279241999
1390,"[[49]
 [48]
 [49]
 [48]
 [49]
 [54]]",1,0,meningioma,0,0.8846853772799174,0.1145390768845876,0.0007755556580377743
1391,"[[77]
 [82]
 [48]
 [52]
 [56]
 [57]
 [57]
 [52]
 [66]]",3,1,glioma,1,3.460591202989841e-05,0.9999493757883707,1.6027002781508298e-05
1392,"[[77]
 [82]
 [48]
 [52]
 [56]
 [57]
 [57]
 [52]
 [66]]",3,1,glioma,1,4.3070515706252387e-05,0.9998468557993571,0.00011004064860268652
1393,"[[77]
 [82]
 [48]
 [52]
 [56]
 [57]
 [57]
 [52]
 [66]]",3,1,glioma,1,8.906236104166965e-08,0.9999986489613851,1.2951352618510252e-06
1394,"[[77]
 [82]
 [48]
 [52]
 [56]
 [57]
 [57]
 [52]
 [66]]",3,1,glioma,1,2.0351744497067634e-07,0.9999993244806925,4.801688365437448e-07
1395,"[[77]
 [82]
 [48]
 [52]
 [56]
 [57]
 [52]
 [52]
 [66]]",1,1,glioma,1,1.407369126127378e-06,0.9999831120173136,1.548776942901971e-05
1396,"[[77]
 [82]
 [48]
 [52]
 [56]
 [57]
 [52]
 [52]
 [66]]",1,1,glioma,1,0.00013480187681125244,0.9998305638631185,3.4591584665122355e-05
1397,"[[77]
 [82]
 [48]
 [52]
 [56]
 [57]
 [52]
 [52]
 [66]]",1,1,glioma,1,7.363177759363756e-07,0.9999976952870687,1.6147502141331909e-06
1398,"[[77]
 [82]
 [48]
 [52]
 [56]
 [57]
 [52]
 [52]
 [66]]",1,1,glioma,1,5.659984599522734e-06,0.9993788798650106,0.0006154934305110752
1399,"[[77]
 [82]
 [48]
 [52]
 [56]
 [57]
 [52]
 [52]
 [66]]",1,1,glioma,1,3.4126207708595757e-06,0.9999798933664957,1.6652880390211067e-05
1400,"[[77]
 [82]
 [48]
 [52]
 [56]
 [57]
 [52]
 [52]
 [66]]",1,1,glioma,1,1.3267832760751238e-05,0.9998778502146403,0.00010889051308519508
1401,"[[49]
 [48]
 [49]
 [48]
 [49]
 [54]]",1,0,meningioma,1,0.46238833169142407,0.5370152692000071,0.0005963815759362964
1402,"[[77]
 [82]
 [48]
 [52]
 [56]
 [57]
 [52]
 [52]
 [66]]",1,1,glioma,1,1.583679568284424e-05,0.9999754031499227,8.814881943190281e-06
1403,"[[77]
 [82]
 [48]
 [52]
 [57]
 [51]
 [53]
 [56]]",2,1,glioma,1,0.003315407782793045,0.9966261386871338,5.849228303607864e-05
1404,"[[77]
 [82]
 [48]
 [52]
 [57]
 [51]
 [53]
 [56]]",2,1,glioma,1,0.003401247590469817,0.9962925314903259,0.00030622732447227463
1405,"[[77]
 [82]
 [48]
 [52]
 [57]
 [51]
 [53]
 [56]]",2,1,glioma,1,0.002787129895295948,0.9971639116605123,4.901739309085921e-05
1406,"[[77]
 [82]
 [48]
 [52]
 [57]
 [51]
 [53]
 [56]]",2,1,glioma,1,0.0011833395692519844,0.9986281991004944,0.00018839564290829003
1407,"[[77]
 [82]
 [48]
 [52]
 [57]
 [51]
 [53]
 [56]]",2,1,glioma,1,0.010674103007962307,0.9831512769063314,0.006174585161109765
1408,"[[77]
 [82]
 [48]
 [52]
 [57]
 [51]
 [53]
 [56]]",2,1,glioma,1,0.12312757720549901,0.868493934472402,0.008378525264561176
1409,"[[77]
 [82]
 [48]
 [52]
 [57]
 [51]
 [53]
 [56]]",2,1,glioma,1,0.00532380355677257,0.9930708805720011,0.0016053318977355957
1410,"[[77]
 [82]
 [48]
 [52]
 [57]
 [51]
 [53]
 [56]]",2,1,glioma,1,0.22525901844104132,0.7493266860644022,0.025414254050701857
1411,"[[77]
 [82]
 [48]
 [52]
 [57]
 [51]
 [53]
 [56]]",2,1,glioma,1,0.3689344624678294,0.6300165255864462,0.001049010083079338
1412,"[[49]
 [48]
 [49]
 [49]
 [50]
 [55]]",1,0,meningioma,0,0.6834151148796082,0.04720739554613829,0.2693774700164795
1413,"[[77]
 [82]
 [48]
 [52]
 [57]
 [52]
 [53]
 [51]]",1,1,glioma,1,0.00016129688447108492,0.9998202721277872,1.8382830565618253e-05
1414,"[[77]
 [82]
 [48]
 [52]
 [57]
 [52]
 [53]
 [51]]",1,1,glioma,1,1.7312004606158855e-06,0.9999980926513672,1.6214402499016103e-07
1415,"[[77]
 [82]
 [48]
 [52]
 [57]
 [52]
 [53]
 [51]]",1,1,glioma,1,0.0001608324716168378,0.9997710386912028,6.81568158142909e-05
1416,"[[77]
 [82]
 [48]
 [52]
 [57]
 [52]
 [53]
 [51]]",1,1,glioma,1,1.5264147956865298e-05,0.9999776681264242,7.06928001174371e-06
1417,"[[77]
 [82]
 [48]
 [52]
 [57]
 [52]
 [53]
 [51]]",1,1,glioma,1,9.165122613315664e-05,0.999898374080658,9.950995377039362e-06
1418,"[[77]
 [82]
 [48]
 [52]
 [57]
 [52]
 [53]
 [51]]",1,1,glioma,1,0.00018692870222973093,0.9997947812080383,1.831464590414574e-05
1419,"[[77]
 [82]
 [48]
 [52]
 [57]
 [52]
 [53]
 [51]]",1,1,glioma,1,0.00014314928769939192,0.9997963110605875,6.0493208176618886e-05
1420,"[[77]
 [82]
 [48]
 [52]
 [57]
 [52]
 [53]
 [51]]",1,1,glioma,1,0.0001589356294668202,0.9997552633285522,8.576358512376221e-05
1421,"[[77]
 [82]
 [48]
 [52]
 [57]
 [52]
 [53]
 [51]]",1,1,glioma,1,0.0010016529880279752,0.99899822473526,1.3270904394383867e-07
1422,"[[77]
 [82]
 [48]
 [50]
 [52]
 [55]
 [56]
 [48]
 [71]]",4,1,glioma,1,0.004258159789363465,0.9943754474322001,0.0013663646823260933
1423,"[[49]
 [48]
 [49]
 [49]
 [50]
 [55]]",1,0,meningioma,0,0.8136959671974182,0.1147745947043101,0.07152942443887393
1424,"[[77]
 [82]
 [48]
 [50]
 [52]
 [55]
 [56]
 [48]
 [71]]",4,1,glioma,1,0.002194765487293656,0.9965820908546448,0.0012231523011791978
1425,"[[77]
 [82]
 [48]
 [50]
 [52]
 [55]
 [56]
 [48]
 [71]]",4,1,glioma,1,0.003118818248064296,0.9943333069483439,0.002547906020481605
1426,"[[77]
 [82]
 [48]
 [50]
 [52]
 [55]
 [56]
 [48]
 [71]]",4,1,glioma,1,0.0014844974815180951,0.9981060028076172,0.0004094872709477689
1427,"[[77]
 [82]
 [48]
 [50]
 [52]
 [55]
 [56]
 [48]
 [71]]",4,1,glioma,1,0.0002186151388059443,0.9997104207674662,7.098254885799331e-05
1428,"[[77]
 [82]
 [48]
 [50]
 [52]
 [55]
 [56]
 [48]
 [71]]",4,1,glioma,1,0.0004743810885656785,0.9994416038195292,8.402425977275622e-05
1429,"[[77]
 [82]
 [48]
 [50]
 [52]
 [55]
 [56]
 [48]
 [71]]",4,1,glioma,1,0.0005741321657808385,0.9992643793423971,0.00016146325936006178
1430,"[[77]
 [82]
 [48]
 [52]
 [57]
 [52]
 [53]
 [51]
 [66]]",2,1,glioma,1,0.004168664764923354,0.9958280523618063,3.277298655272413e-06
1431,"[[77]
 [82]
 [48]
 [52]
 [57]
 [52]
 [53]
 [51]
 [66]]",2,1,glioma,1,0.11118656645218532,0.8884150783220927,0.0003983263159170747
1432,"[[77]
 [82]
 [48]
 [52]
 [57]
 [52]
 [53]
 [51]
 [66]]",2,1,glioma,1,0.0008370421807436893,0.9989234010378519,0.0002395811267585183
1433,"[[77]
 [82]
 [48]
 [52]
 [57]
 [52]
 [53]
 [51]
 [66]]",2,1,glioma,1,0.00014980259099199125,0.9997141559918722,0.00013608591325464658
1434,"[[49]
 [48]
 [49]
 [49]
 [50]
 [55]]",1,0,meningioma,0,0.7377590934435526,0.1554327638198932,0.1068082017203172
1435,"[[77]
 [82]
 [48]
 [52]
 [57]
 [52]
 [53]
 [51]
 [66]]",2,1,glioma,1,0.00018953874435586235,0.9994140267372131,0.00039641643767633167
1436,"[[77]
 [82]
 [48]
 [52]
 [57]
 [52]
 [53]
 [51]
 [66]]",2,1,glioma,1,0.016065210724870365,0.9661878546079,0.017746955156326294
1437,"[[77]
 [82]
 [48]
 [52]
 [57]
 [52]
 [53]
 [51]
 [66]]",2,1,glioma,0,0.6643377939860026,0.3250882774591446,0.010573921259492636
1438,"[[77]
 [82]
 [48]
 [52]
 [57]
 [52]
 [53]
 [51]
 [66]]",2,1,glioma,0,0.7548590898513794,0.24278560280799866,0.002355313083777825
1439,"[[77]
 [82]
 [48]
 [52]
 [57]
 [52]
 [53]
 [51]
 [66]]",2,1,glioma,1,0.0733580452700456,0.9244802395502726,0.002161734465820094
1440,"[[77]
 [82]
 [48]
 [52]
 [57]
 [52]
 [53]
 [51]
 [66]]",2,1,glioma,1,0.07024719752371311,0.9053000609079996,0.02445279946550727
1441,"[[77]
 [82]
 [48]
 [52]
 [57]
 [52]
 [53]
 [51]
 [66]]",2,1,glioma,1,0.022549215083320934,0.9758676886558533,0.001583082174571852
1442,"[[77]
 [82]
 [48]
 [52]
 [57]
 [52]
 [53]
 [51]
 [66]]",2,1,glioma,1,0.00549255187312762,0.9888964692751566,0.005610966977352898
1443,"[[77]
 [82]
 [48]
 [52]
 [57]
 [52]
 [53]
 [51]
 [66]]",2,1,glioma,1,0.004055828088894486,0.9937191009521484,0.0022250409238040447
1444,"[[77]
 [82]
 [48]
 [52]
 [57]
 [52]
 [53]
 [51]
 [66]]",2,1,glioma,1,0.00035489394213072956,0.9994520942370096,0.00019301288314939788
1445,"[[49]
 [48]
 [49]
 [55]
 [57]
 [55]]",3,0,meningioma,1,0.2798960655927658,0.7200871308644613,1.682302044988167e-05
1446,"[[49]
 [48]
 [49]
 [49]
 [50]
 [55]]",1,0,meningioma,0,0.9133510589599609,0.052704349625855684,0.033944582721839346
1447,"[[77]
 [82]
 [48]
 [53]
 [48]
 [49]
 [51]
 [53]
 [66]]",3,1,glioma,1,0.004801169658700625,0.9950666824976603,0.00013214005396851766
1448,"[[77]
 [82]
 [48]
 [53]
 [48]
 [49]
 [51]
 [53]
 [66]]",3,1,glioma,1,0.00011338924120233666,0.9998857975006104,7.753967984728641e-07
1449,"[[77]
 [82]
 [48]
 [53]
 [48]
 [49]
 [51]
 [53]
 [66]]",3,1,glioma,1,1.670200758023081e-05,0.9999686082204183,1.4716946433660874e-05
1450,"[[77]
 [82]
 [48]
 [53]
 [48]
 [49]
 [51]
 [53]
 [66]]",3,1,glioma,1,9.742462699099027e-06,0.9999898672103882,3.751585860486036e-07
1451,"[[77]
 [82]
 [48]
 [53]
 [48]
 [49]
 [51]
 [53]
 [66]]",3,1,glioma,1,3.646561926492116e-07,0.9999982118606567,1.4673003979244943e-06
1452,"[[77]
 [82]
 [48]
 [53]
 [48]
 [49]
 [51]
 [53]
 [66]]",3,1,glioma,1,3.2263183129543904e-06,0.9999958674112955,9.119889507284521e-07
1453,"[[77]
 [82]
 [48]
 [53]
 [48]
 [49]
 [51]
 [53]
 [66]]",3,1,glioma,1,0.00013264403484451273,0.9996254841486613,0.00024186805603676476
1454,"[[77]
 [82]
 [48]
 [53]
 [48]
 [49]
 [51]
 [53]
 [66]]",3,1,glioma,1,3.245034592206745e-05,0.9999533891677856,1.421919769957943e-05
1455,"[[77]
 [82]
 [48]
 [53]
 [48]
 [49]
 [51]
 [53]
 [66]]",3,1,glioma,1,0.00035556107468437403,0.9994937181472778,0.00015071083422905454
1456,"[[77]
 [82]
 [48]
 [53]
 [48]
 [49]
 [51]
 [53]
 [66]]",3,1,glioma,1,0.00037090287272197503,0.9993136127789816,0.000315464706242589
1457,"[[49]
 [48]
 [49]
 [55]
 [57]
 [55]]",3,0,meningioma,1,0.04316233719388644,0.9563978314399719,0.00043983426212435006
1458,"[[77]
 [82]
 [48]
 [53]
 [48]
 [49]
 [51]
 [53]
 [66]]",3,1,glioma,1,2.2441616257159087e-05,0.9999753634134928,2.1558250438147297e-06
1459,"[[77]
 [82]
 [48]
 [53]
 [48]
 [54]
 [56]
 [55]]",3,1,glioma,1,0.01708302926272154,0.9826870958010355,0.00022987315120796362
1460,"[[77]
 [82]
 [48]
 [53]
 [48]
 [54]
 [56]
 [55]]",3,1,glioma,1,0.003781695384532213,0.9961787462234497,3.9571297899480364e-05
1461,"[[77]
 [82]
 [48]
 [53]
 [48]
 [54]
 [56]
 [55]]",3,1,glioma,1,0.0005379774132355427,0.9994566043217977,5.398234804943058e-06
1462,"[[77]
 [82]
 [48]
 [53]
 [48]
 [54]
 [56]
 [55]]",3,1,glioma,1,0.007099812384694815,0.992750902970632,0.0001492821371963752
1463,"[[77]
 [82]
 [48]
 [53]
 [48]
 [54]
 [56]
 [55]]",3,1,glioma,1,0.22951680918534598,0.7698111335436503,0.0006720759774907492
1464,"[[77]
 [82]
 [48]
 [53]
 [48]
 [54]
 [56]
 [55]]",3,1,glioma,1,0.009090551873669028,0.9908339381217957,7.551983132240518e-05
1465,"[[77]
 [82]
 [48]
 [53]
 [48]
 [55]
 [57]
 [49]
 [66]]",4,1,glioma,1,0.08313603823383649,0.9143946170806885,0.002469371655024588
1466,"[[77]
 [82]
 [48]
 [53]
 [48]
 [55]
 [57]
 [49]
 [66]]",4,1,glioma,1,0.018921932205557823,0.9803803364435831,0.0006977403487932557
1467,"[[77]
 [82]
 [48]
 [53]
 [48]
 [55]
 [57]
 [49]
 [66]]",4,1,glioma,1,0.045432313034931816,0.9536762833595276,0.0008914041239525735
1468,"[[49]
 [48]
 [49]
 [55]
 [57]
 [55]]",3,0,meningioma,0,0.9418720006942749,0.04933949559926987,0.00878847788165634
1469,"[[77]
 [82]
 [48]
 [53]
 [48]
 [55]
 [57]
 [49]
 [66]]",4,1,glioma,1,0.0010070114706953366,0.998962938785553,3.0010949284786648e-05
1470,"[[77]
 [82]
 [48]
 [52]
 [57]
 [48]
 [49]
 [57]
 [67]]",4,1,glioma,1,0.001893130355407872,0.9812066555023193,0.016900197447588045
1471,"[[77]
 [82]
 [48]
 [52]
 [57]
 [48]
 [49]
 [57]
 [67]]",4,1,glioma,1,0.006607250868304011,0.8939817150433859,0.09941105172038078
1472,"[[77]
 [82]
 [48]
 [52]
 [57]
 [48]
 [49]
 [57]
 [67]]",4,1,glioma,1,0.009886471554636955,0.653993566830953,0.33611997961997986
1473,"[[77]
 [82]
 [48]
 [52]
 [57]
 [48]
 [49]
 [57]
 [67]]",4,1,glioma,1,0.0005344845856332844,0.9887684384981791,0.01069708630287399
1474,"[[77]
 [82]
 [48]
 [52]
 [57]
 [48]
 [49]
 [57]
 [67]]",4,1,glioma,1,0.0003666852812216348,0.9946276545524597,0.005005694431019947
1475,"[[77]
 [82]
 [48]
 [50]
 [54]
 [49]
 [55]
 [53]
 [67]]",4,1,glioma,1,0.11772816721349955,0.881240705649058,0.00103114307209277
1476,"[[77]
 [82]
 [48]
 [50]
 [54]
 [49]
 [55]
 [53]
 [67]]",4,1,glioma,1,0.09987655964990456,0.8993858496348063,0.0007375573375914731
1477,"[[77]
 [82]
 [48]
 [50]
 [54]
 [49]
 [55]
 [53]
 [67]]",4,1,glioma,1,0.09470785781741142,0.9038986365000407,0.0013934827535801257
1478,"[[77]
 [82]
 [48]
 [50]
 [54]
 [49]
 [55]
 [53]
 [67]]",4,1,glioma,1,0.19048512975374857,0.8039934039115906,0.005521473377787818
1479,"[[49]
 [48]
 [49]
 [55]
 [57]
 [55]]",3,0,meningioma,0,0.8110752900441488,0.18884487946828207,7.987700443360761e-05
1480,"[[77]
 [82]
 [48]
 [50]
 [54]
 [49]
 [55]
 [53]
 [67]]",4,1,glioma,1,0.024569218046963215,0.9746050437291464,0.0008257316300538756
1481,"[[77]
 [82]
 [48]
 [50]
 [54]
 [49]
 [55]
 [53]
 [67]]",4,1,glioma,1,0.055564142763614655,0.9433537324269613,0.0010821665491675958
1482,"[[77]
 [82]
 [48]
 [50]
 [54]
 [49]
 [55]
 [53]
 [67]]",4,1,glioma,1,0.04793604711691538,0.9488375782966614,0.0032263637288754885
1483,"[[77]
 [82]
 [48]
 [53]
 [49]
 [52]
 [54]
 [49]]",2,1,glioma,1,0.0291111512730519,0.9707717299461365,0.00011713811060568939
1484,"[[77]
 [82]
 [48]
 [53]
 [49]
 [52]
 [54]
 [49]]",2,1,glioma,1,0.03470150878032049,0.9651892185211182,0.00010925693641183898
1485,"[[77]
 [82]
 [48]
 [53]
 [49]
 [52]
 [54]
 [49]]",2,1,glioma,1,0.03662752235929171,0.9627111951510111,0.0006612837702656785
1486,"[[77]
 [82]
 [48]
 [53]
 [49]
 [52]
 [54]
 [49]]",2,1,glioma,1,0.003994880709797144,0.99540776014328,0.0005973604954003046
1487,"[[77]
 [82]
 [48]
 [53]
 [49]
 [52]
 [54]
 [49]]",2,1,glioma,1,0.012582497671246529,0.9862247308095297,0.0011928115660945575
1488,"[[77]
 [82]
 [48]
 [53]
 [49]
 [52]
 [54]
 [49]]",2,1,glioma,1,0.0027511836184809604,0.9965376257896423,0.0007111928037678202
1489,"[[77]
 [82]
 [48]
 [53]
 [49]
 [52]
 [54]
 [49]]",2,1,glioma,1,0.0006750691682100296,0.9992221395174662,0.00010281135231101264
1490,"[[49]
 [48]
 [49]
 [55]
 [57]
 [55]]",3,0,meningioma,0,0.9963564276695251,0.003608489797140161,3.508206979555931e-05
1491,"[[77]
 [82]
 [48]
 [53]
 [49]
 [52]
 [54]
 [49]]",2,1,glioma,1,0.0020177269664903483,0.997951606909434,3.067955367441755e-05
1492,"[[77]
 [82]
 [48]
 [53]
 [49]
 [52]
 [54]
 [49]]",2,1,glioma,1,0.0016649418200055759,0.9982866446177164,4.840013449817585e-05
1493,"[[77]
 [82]
 [48]
 [53]
 [49]
 [53]
 [56]
 [54]]",1,1,glioma,1,0.0004995539238734636,0.9990536173184713,0.0004468296988685931
1494,"[[77]
 [82]
 [48]
 [53]
 [49]
 [53]
 [56]
 [54]]",1,1,glioma,1,0.016154789559853572,0.9791254003842672,0.0047198378160828725
1495,"[[77]
 [82]
 [48]
 [51]
 [51]
 [51]
 [56]
 [57]
 [66]]",3,1,glioma,1,2.708839190290746e-06,0.9999971389770508,1.9378610568073404e-07
1496,"[[77]
 [82]
 [48]
 [51]
 [51]
 [51]
 [56]
 [57]
 [66]]",3,1,glioma,1,2.0748847025705194e-07,0.9999998013178507,5.559846556453876e-09
1497,"[[77]
 [82]
 [48]
 [51]
 [51]
 [51]
 [56]
 [57]
 [66]]",3,1,glioma,1,3.6244883124444033e-07,0.9999996423721313,1.8981629766796383e-09
1498,"[[77]
 [82]
 [48]
 [51]
 [51]
 [51]
 [56]
 [57]
 [66]]",3,1,glioma,1,1.3382934914337359e-06,0.9999986886978149,1.3761817017696418e-08
1499,"[[77]
 [82]
 [48]
 [51]
 [51]
 [51]
 [56]
 [57]
 [66]]",3,1,glioma,1,0.00014846843419036304,0.9998512069384257,3.3642127678784606e-07
1500,"[[77]
 [82]
 [48]
 [50]
 [52]
 [55]
 [56]
 [48]
 [69]]",1,1,glioma,1,3.10634392097775e-08,0.9999999205271403,4.679329968411879e-08
1501,"[[49]
 [48]
 [49]
 [55]
 [57]
 [55]]",3,0,meningioma,0,0.9744442900021871,0.025551664022107918,4.046934388194738e-06
1502,"[[77]
 [82]
 [48]
 [50]
 [54]
 [49]
 [55]
 [53]
 [69]]",4,1,glioma,1,0.0015039500258353655,0.9970778624216715,0.001418152447816586
1503,"[[77]
 [82]
 [48]
 [50]
 [54]
 [49]
 [55]
 [53]
 [69]]",4,1,glioma,1,0.00016043685247761155,0.9997799595197042,5.96048701351215e-05
1504,"[[77]
 [82]
 [48]
 [50]
 [54]
 [49]
 [55]
 [53]
 [69]]",4,1,glioma,1,7.149202529399545e-05,0.9999099373817444,1.8547963240955295e-05
1505,"[[77]
 [82]
 [48]
 [50]
 [54]
 [49]
 [55]
 [53]
 [69]]",4,1,glioma,1,0.0012979086059961749,0.9985807538032532,0.00012129392169346609
1506,"[[77]
 [82]
 [48]
 [50]
 [54]
 [49]
 [55]
 [53]
 [69]]",4,1,glioma,1,0.00024999412388145476,0.9996667305628458,8.326018074633623e-05
1507,"[[77]
 [82]
 [48]
 [50]
 [54]
 [49]
 [55]
 [53]
 [69]]",4,1,glioma,1,0.0002896639527799986,0.9995735287666321,0.00013682537991558755
1508,"[[77]
 [82]
 [48]
 [50]
 [54]
 [49]
 [55]
 [53]
 [69]]",4,1,glioma,1,0.00010763210129027811,0.9996629357337952,0.00022941610253764585
1509,"[[77]
 [82]
 [48]
 [50]
 [54]
 [49]
 [55]
 [53]
 [69]]",4,1,glioma,1,0.00013268809990070926,0.9997472961743673,0.00012000992817876958
1510,"[[77]
 [82]
 [48]
 [50]
 [54]
 [49]
 [55]
 [53]
 [69]]",4,1,glioma,1,0.00022968176017457154,0.9996853073438009,8.506421130327624e-05
1511,"[[77]
 [82]
 [48]
 [50]
 [54]
 [49]
 [55]
 [53]
 [69]]",4,1,glioma,1,8.404328819001014e-06,0.9999842643737793,7.347749556015776e-06
1512,"[[49]
 [48]
 [50]
 [52]
 [50]
 [48]]",0,0,meningioma,0,0.7515714963277181,0.06690007820725441,0.1815283919374148
1513,"[[77]
 [82]
 [48]
 [50]
 [54]
 [49]
 [55]
 [53]
 [69]]",4,1,glioma,1,3.436766734480715e-05,0.999955972035726,9.646342054867954e-06
1514,"[[77]
 [82]
 [48]
 [50]
 [54]
 [49]
 [55]
 [53]
 [69]]",4,1,glioma,1,5.571540224854251e-05,0.9999300837516785,1.4185897442661743e-05
1515,"[[77]
 [82]
 [48]
 [52]
 [48]
 [50]
 [52]
 [48]
 [67]]",4,1,glioma,1,0.002699415138825619,0.9926695227622986,0.004631083800632041
1516,"[[77]
 [82]
 [48]
 [52]
 [48]
 [50]
 [52]
 [48]
 [67]]",4,1,glioma,1,0.001322594087772207,0.9969219962755839,0.0017553519210954012
1517,"[[77]
 [82]
 [48]
 [52]
 [48]
 [50]
 [52]
 [48]
 [67]]",4,1,glioma,1,0.005403693470725557,0.9936078190803528,0.0009885177143497497
1518,"[[77]
 [82]
 [48]
 [52]
 [48]
 [50]
 [52]
 [48]
 [67]]",4,1,glioma,1,0.0033515168446077346,0.940219779809316,0.05642872610284636
1519,"[[77]
 [82]
 [48]
 [52]
 [48]
 [50]
 [52]
 [48]
 [67]]",4,1,glioma,1,0.0003716731489475933,0.9988441864649454,0.0007840860204548031
1520,"[[77]
 [82]
 [48]
 [52]
 [48]
 [50]
 [52]
 [48]
 [67]]",4,1,glioma,1,0.0002655762604059457,0.9987067778905233,0.0010276717241026745
1521,"[[77]
 [82]
 [48]
 [52]
 [48]
 [50]
 [52]
 [48]
 [67]]",4,1,glioma,1,0.003591721717687809,0.9915256500244141,0.004882662621488028
1522,"[[77]
 [82]
 [48]
 [52]
 [48]
 [50]
 [52]
 [48]
 [67]]",4,1,glioma,1,0.0009638788606025628,0.9980675379435221,0.0009685538383716145
1523,"[[49]
 [48]
 [50]
 [52]
 [50]
 [48]]",0,0,meningioma,0,0.7610014875729879,0.06848469500740369,0.1705138385295868
1524,"[[77]
 [82]
 [48]
 [52]
 [48]
 [50]
 [52]
 [48]
 [67]]",4,1,glioma,1,0.0009218933491865755,0.99784388144811,0.001234204425297018
1525,"[[77]
 [82]
 [48]
 [52]
 [48]
 [50]
 [52]
 [48]
 [67]]",4,1,glioma,1,0.0036852557095699012,0.9958233038584391,0.0004914112258802561
1526,"[[77]
 [82]
 [48]
 [52]
 [48]
 [50]
 [52]
 [48]
 [67]]",4,1,glioma,1,0.0010633877658013564,0.9985745549201965,0.00036211881654650097
1527,"[[77]
 [82]
 [48]
 [52]
 [48]
 [50]
 [52]
 [48]
 [68]]",4,1,glioma,1,0.009321080055087805,0.951685627301534,0.03899330956240495
1528,"[[77]
 [82]
 [48]
 [52]
 [48]
 [50]
 [52]
 [48]
 [68]]",4,1,glioma,1,0.0007827557432733556,0.9986916184425354,0.0005256718800220975
1529,"[[77]
 [82]
 [48]
 [52]
 [48]
 [50]
 [52]
 [48]
 [68]]",4,1,glioma,1,0.0001765445942029468,0.9993587732315063,0.00046466439057768483
1530,"[[77]
 [82]
 [48]
 [52]
 [48]
 [50]
 [52]
 [48]
 [68]]",4,1,glioma,1,0.0002182958237160193,0.999045173327128,0.000736566899437463
1531,"[[77]
 [82]
 [48]
 [52]
 [48]
 [50]
 [52]
 [48]
 [68]]",4,1,glioma,1,0.00022043809461891328,0.999688466389974,9.110853088452793e-05
1532,"[[77]
 [82]
 [48]
 [52]
 [48]
 [50]
 [52]
 [48]
 [68]]",4,1,glioma,1,0.0002063924113630359,0.9996305306752523,0.00016304023929277397
1533,"[[77]
 [82]
 [48]
 [52]
 [48]
 [50]
 [52]
 [48]
 [68]]",4,1,glioma,1,7.45401397035661e-05,0.9997800787289938,0.0001453855051775412
1534,"[[49]
 [48]
 [50]
 [52]
 [50]
 [48]]",0,0,meningioma,0,0.7201982935269674,0.1262535254160563,0.1535481462876002
1535,"[[77]
 [82]
 [48]
 [52]
 [48]
 [50]
 [52]
 [48]
 [68]]",4,1,glioma,1,5.981595073067947e-05,0.999869724114736,7.04743532155457e-05
1536,"[[77]
 [82]
 [48]
 [52]
 [48]
 [50]
 [52]
 [48]
 [68]]",4,1,glioma,1,0.00011050212410642264,0.9994874199231466,0.0004020971706371057
1537,"[[77]
 [82]
 [48]
 [52]
 [48]
 [50]
 [52]
 [48]
 [68]]",4,1,glioma,1,0.00020077129974538366,0.9996711810429891,0.0001280374930455371
1538,"[[77]
 [82]
 [48]
 [52]
 [48]
 [50]
 [52]
 [48]
 [68]]",4,1,glioma,1,0.0006844103374987753,0.9953874945640564,0.003928072548736357
1539,"[[77]
 [82]
 [48]
 [49]
 [55]
 [50]
 [54]
 [48]
 [70]]",1,1,glioma,1,0.006374780719246094,0.98969038327535,0.003934860338025222
1540,"[[77]
 [82]
 [48]
 [49]
 [55]
 [50]
 [54]
 [48]
 [70]]",1,1,glioma,1,0.00015125167434841083,0.999713400999705,0.0001352915105599095
1541,"[[77]
 [82]
 [48]
 [49]
 [55]
 [50]
 [54]
 [48]
 [70]]",1,1,glioma,1,5.621908818890612e-05,0.9999335606892904,1.0190031308828415e-05
1542,"[[77]
 [82]
 [48]
 [49]
 [55]
 [50]
 [54]
 [48]
 [70]]",1,1,glioma,1,2.2450201981882856e-05,0.9999710321426392,6.49559378966084e-06
1543,"[[77]
 [82]
 [48]
 [49]
 [55]
 [50]
 [54]
 [48]
 [70]]",1,1,glioma,1,0.0036987994559846507,0.9962995648384094,1.6647309652266056e-06
1544,"[[77]
 [82]
 [48]
 [49]
 [55]
 [50]
 [54]
 [48]
 [70]]",1,1,glioma,1,1.4799522129275525e-05,0.9999850591023763,1.1380007300387796e-07
1545,"[[49]
 [48]
 [50]
 [52]
 [52]
 [54]]",4,0,meningioma,0,0.9715913732846578,0.026590689551085234,0.0018178966999424044
1546,"[[77]
 [82]
 [48]
 [49]
 [55]
 [50]
 [54]
 [48]
 [70]]",1,1,glioma,1,2.1737752111524362e-05,0.9999778270721436,4.515161773355203e-07
1547,"[[77]
 [82]
 [48]
 [49]
 [55]
 [50]
 [54]
 [48]
 [70]]",1,1,glioma,1,3.05591977204737e-07,0.9999997218449911,9.44336325687615e-09
1548,"[[77]
 [82]
 [48]
 [49]
 [55]
 [50]
 [54]
 [48]
 [70]]",1,1,glioma,1,8.871501323189553e-07,0.9999991257985433,1.1270731025553316e-08
1549,"[[77]
 [82]
 [48]
 [49]
 [55]
 [50]
 [54]
 [48]
 [70]]",1,1,glioma,1,0.0003250858026149217,0.9996744394302368,4.7317995743867414e-07
1550,"[[77]
 [82]
 [48]
 [50]
 [57]
 [50]
 [48]
 [57]
 [73]]",4,1,glioma,1,1.288778661330999e-05,0.9998117486635844,0.000175335722452985
1551,"[[77]
 [82]
 [48]
 [50]
 [57]
 [50]
 [48]
 [57]
 [73]]",4,1,glioma,1,4.863252197040424e-05,0.9998341798782349,0.00011723703827530112
1552,"[[77]
 [82]
 [48]
 [50]
 [57]
 [50]
 [48]
 [57]
 [73]]",4,1,glioma,1,0.00011832592290753989,0.9997160037358602,0.00016566025443864874
1553,"[[77]
 [82]
 [48]
 [50]
 [57]
 [50]
 [48]
 [57]
 [73]]",4,1,glioma,1,2.7884151679794893e-05,0.9999268651008606,4.530098092003776e-05
1554,"[[77]
 [82]
 [48]
 [50]
 [57]
 [50]
 [48]
 [57]
 [73]]",4,1,glioma,1,3.387594445847242e-05,0.9999186396598816,4.7467235983959334e-05
1555,"[[77]
 [82]
 [48]
 [50]
 [57]
 [50]
 [48]
 [57]
 [73]]",4,1,glioma,1,4.877088348701856e-05,0.9997880657513937,0.00016317849646381907
1556,"[[49]
 [48]
 [50]
 [52]
 [50]
 [48]]",0,0,meningioma,1,0.45318567256132763,0.49533310035864514,0.05148125191529592
1557,"[[49]
 [48]
 [50]
 [54]
 [55]
 [53]]",2,0,meningioma,1,0.4359208146731059,0.5638998647530874,0.00017929191744769923
1558,"[[77]
 [82]
 [48]
 [50]
 [57]
 [50]
 [48]
 [57]
 [73]]",4,1,glioma,1,0.0007745646316834609,0.9991547664006551,7.065656934549895e-05
1559,"[[77]
 [82]
 [48]
 [50]
 [57]
 [50]
 [48]
 [57]
 [73]]",4,1,glioma,1,0.0024958441620886638,0.9974748293558756,2.9309800151831877e-05
1560,"[[77]
 [82]
 [48]
 [50]
 [57]
 [50]
 [48]
 [57]
 [73]]",4,1,glioma,1,0.009233974909875542,0.9906934301058451,7.260604694013055e-05
1561,"[[77]
 [82]
 [48]
 [52]
 [56]
 [50]
 [57]
 [52]]",0,1,glioma,1,0.012611926378061375,0.9840834140777588,0.003304645884782076
1562,"[[77]
 [82]
 [48]
 [52]
 [56]
 [50]
 [57]
 [52]]",0,1,glioma,1,0.03372502761582533,0.779092033704122,0.18718296041091284
1563,"[[77]
 [82]
 [48]
 [52]
 [56]
 [50]
 [57]
 [52]]",0,1,glioma,1,0.031687832127014794,0.7855336666107178,0.1827784813940525
1564,"[[77]
 [82]
 [48]
 [52]
 [56]
 [50]
 [57]
 [52]]",0,1,glioma,1,0.013890863784278432,0.9291468063990275,0.05696230257550875
1565,"[[77]
 [82]
 [48]
 [52]
 [56]
 [50]
 [57]
 [52]]",0,1,glioma,2,0.0834852997213602,0.3274389108022054,0.5890757789214452
1566,"[[77]
 [82]
 [48]
 [52]
 [56]
 [50]
 [57]
 [52]]",0,1,glioma,1,0.0037131561742474637,0.9907635052998861,0.005523331414830561
1567,"[[77]
 [82]
 [48]
 [52]
 [56]
 [50]
 [57]
 [52]]",0,1,glioma,1,0.06849002962311108,0.9228266477584839,0.008683292971303066
1568,"[[49]
 [48]
 [50]
 [54]
 [55]
 [53]]",2,0,meningioma,0,0.7963699102401733,0.20333308478196463,0.00029702952936834964
1569,"[[77]
 [82]
 [48]
 [52]
 [56]
 [50]
 [57]
 [55]]",4,1,glioma,1,0.00021330843168243518,0.9986456433931986,0.0011410712222262494
1570,"[[77]
 [82]
 [48]
 [52]
 [56]
 [50]
 [57]
 [55]]",4,1,glioma,1,6.488110506334503e-05,0.9996116360028585,0.00032346796372924774
1571,"[[77]
 [82]
 [48]
 [52]
 [56]
 [50]
 [57]
 [55]]",4,1,glioma,1,0.0016484761478447278,0.9958530863126119,0.0024984873640884566
1572,"[[77]
 [82]
 [48]
 [52]
 [56]
 [50]
 [57]
 [55]]",4,1,glioma,1,0.00021867104515630822,0.9965701699256897,0.0032111348834102196
1573,"[[77]
 [82]
 [48]
 [52]
 [56]
 [50]
 [57]
 [55]]",4,1,glioma,1,0.00010031135106847167,0.9993249972661337,0.0005746373229934912
1574,"[[77]
 [82]
 [48]
 [52]
 [56]
 [50]
 [57]
 [52]
 [66]]",4,1,glioma,1,0.002684557483462413,0.9902551770210266,0.007060321047902107
1575,"[[77]
 [82]
 [48]
 [52]
 [56]
 [50]
 [57]
 [52]
 [66]]",4,1,glioma,1,0.0028557575885012434,0.9815113147099813,0.015632912516593933
1576,"[[77]
 [82]
 [48]
 [52]
 [56]
 [50]
 [57]
 [52]
 [66]]",4,1,glioma,1,0.00030130328202441586,0.9987727602322897,0.0009258861937269103
1577,"[[77]
 [82]
 [48]
 [52]
 [56]
 [50]
 [57]
 [52]
 [66]]",4,1,glioma,1,0.0007531777696385689,0.9968240261077881,0.002422809189435308
1578,"[[77]
 [82]
 [48]
 [52]
 [56]
 [50]
 [57]
 [52]
 [66]]",4,1,glioma,1,0.008976262461753018,0.9873841802279154,0.0036395667912074714
1579,"[[49]
 [48]
 [50]
 [55]
 [49]
 [52]]",4,0,meningioma,0,0.936200757821401,0.052902664678792156,0.010896524724860987
1580,"[[77]
 [82]
 [48]
 [52]
 [56]
 [54]
 [50]
 [49]
 [66]]",0,1,glioma,1,0.2528596520423889,0.7275327444076538,0.019607626212139923
1581,"[[77]
 [82]
 [48]
 [52]
 [56]
 [54]
 [50]
 [49]
 [66]]",0,1,glioma,1,0.23436280091603598,0.738813062508901,0.026824122294783592
1582,"[[77]
 [82]
 [48]
 [52]
 [56]
 [54]
 [50]
 [49]
 [66]]",0,1,glioma,1,0.016320574407776196,0.9780270854632059,0.005652326159179211
1583,"[[77]
 [82]
 [48]
 [52]
 [56]
 [54]
 [50]
 [49]
 [66]]",0,1,glioma,1,0.009346214588731527,0.9821889797846476,0.008464759448543191
1584,"[[77]
 [82]
 [48]
 [52]
 [56]
 [54]
 [50]
 [49]
 [66]]",0,1,glioma,1,0.014623942784965038,0.983005424340566,0.002370628392479072
1585,"[[77]
 [82]
 [48]
 [52]
 [56]
 [54]
 [50]
 [49]
 [66]]",0,1,glioma,1,0.0010839087335625663,0.998846153418223,6.991386908339337e-05
1586,"[[77]
 [82]
 [48]
 [52]
 [56]
 [57]
 [52]
 [52]]",4,1,glioma,1,0.06913939801355203,0.9213398893674215,0.009520717569102999
1587,"[[77]
 [82]
 [48]
 [52]
 [56]
 [57]
 [52]
 [52]]",4,1,glioma,1,0.0018242733785882592,0.997645914554596,0.0005297970759177891
1588,"[[77]
 [82]
 [48]
 [52]
 [56]
 [57]
 [52]
 [52]]",4,1,glioma,1,0.0020942225334389755,0.9975808461507162,0.00032496466822825215
1589,"[[77]
 [82]
 [48]
 [52]
 [56]
 [57]
 [52]
 [52]]",4,1,glioma,1,0.043818245021005474,0.9493815700213114,0.0068001881584981065
1590,"[[49]
 [48]
 [50]
 [55]
 [49]
 [52]]",4,0,meningioma,0,0.8384373386700948,0.15062973896662393,0.010932952204408744
1591,"[[77]
 [82]
 [48]
 [52]
 [56]
 [57]
 [52]
 [52]]",4,1,glioma,1,0.05782534833997488,0.9375912547111511,0.0045833856747776736
1592,"[[77]
 [82]
 [48]
 [52]
 [56]
 [57]
 [52]
 [52]]",4,1,glioma,1,0.009369395750885209,0.9896416862805685,0.000988922091588999
1593,"[[77]
 [82]
 [48]
 [52]
 [56]
 [57]
 [52]
 [52]]",4,1,glioma,1,0.01175944476077954,0.9873917500178019,0.0008487958065946563
1594,"[[77]
 [82]
 [48]
 [52]
 [56]
 [57]
 [52]
 [52]]",4,1,glioma,1,0.005494072635580475,0.9929840366045634,0.0015219280636908177
1595,"[[77]
 [82]
 [48]
 [52]
 [56]
 [57]
 [52]
 [52]]",4,1,glioma,1,0.0004502036885133028,0.9990509748458862,0.0004987928354770096
1596,"[[77]
 [82]
 [48]
 [52]
 [56]
 [57]
 [57]
 [52]]",1,1,glioma,0,0.6742861966292063,0.32564041018486023,7.340894929560211e-05
1597,"[[77]
 [82]
 [48]
 [52]
 [56]
 [57]
 [57]
 [52]]",1,1,glioma,1,0.12660915466646352,0.8733670910199484,2.374706218688516e-05
1598,"[[77]
 [82]
 [48]
 [52]
 [56]
 [57]
 [57]
 [52]]",1,1,glioma,0,0.5148427883783976,0.4851442178090413,1.300204194383999e-05
1599,"[[77]
 [82]
 [48]
 [52]
 [56]
 [57]
 [57]
 [52]]",1,1,glioma,1,0.34864540584385395,0.6507415672143301,0.0006130575249396012
1600,"[[77]
 [82]
 [48]
 [52]
 [56]
 [57]
 [57]
 [52]]",1,1,glioma,0,0.8793399135271708,0.11956826597452164,0.0010918423746867727
1601,"[[49]
 [48]
 [50]
 [55]
 [49]
 [52]]",4,0,meningioma,0,0.8530185421307882,0.13881064454714456,0.008170810722125074
1602,"[[77]
 [82]
 [48]
 [52]
 [56]
 [57]
 [57]
 [52]]",1,1,glioma,1,0.04929163337995609,0.9506691892941793,3.913657917564706e-05
1603,"[[77]
 [82]
 [48]
 [52]
 [56]
 [57]
 [57]
 [52]]",1,1,glioma,1,0.48500315845012665,0.513686016201973,0.0013108203323402752
1604,"[[77]
 [82]
 [48]
 [51]
 [55]
 [52]
 [53]
 [56]
 [67]]",2,1,glioma,1,0.03139249297479788,0.9676447908083597,0.0009627185839538773
1605,"[[77]
 [82]
 [48]
 [52]
 [48]
 [50]
 [52]
 [48]]",3,1,glioma,1,0.010669254697859287,0.9891326228777567,0.00019812282410687962
1606,"[[77]
 [82]
 [48]
 [52]
 [48]
 [50]
 [52]
 [48]]",3,1,glioma,1,0.0004381051621749066,0.9995478590329488,1.4004736745694876e-05
1607,"[[77]
 [82]
 [48]
 [52]
 [48]
 [50]
 [52]
 [48]]",3,1,glioma,1,0.0024834275148653737,0.9973071217536926,0.00020942981867240937
1608,"[[77]
 [82]
 [48]
 [52]
 [48]
 [50]
 [52]
 [48]]",3,1,glioma,1,0.0007346332616483172,0.9991980195045471,6.736229101989011e-05
1609,"[[77]
 [82]
 [48]
 [52]
 [48]
 [50]
 [52]
 [48]]",3,1,glioma,1,0.010373024269938469,0.9895567297935486,7.023208778870564e-05
1610,"[[77]
 [82]
 [48]
 [52]
 [48]
 [50]
 [52]
 [48]]",3,1,glioma,1,0.07368091245492299,0.8774598638216654,0.04885920040154209
1611,"[[77]
 [82]
 [48]
 [52]
 [48]
 [50]
 [52]
 [48]]",3,1,glioma,1,0.0012587929644117442,0.9986215631167094,0.0001196091696632114
1612,"[[49]
 [48]
 [50]
 [55]
 [49]
 [52]]",4,0,meningioma,0,0.8498434821764628,0.14276723812023798,0.007389265617045264
1613,"[[77]
 [82]
 [48]
 [52]
 [48]
 [50]
 [52]
 [48]]",3,1,glioma,1,0.004417758900672197,0.9953221281369528,0.0002601321481658185
1614,"[[77]
 [82]
 [48]
 [52]
 [48]
 [50]
 [52]
 [48]]",3,1,glioma,1,0.003997617556403081,0.995734175046285,0.00026823296563331195
1615,"[[77]
 [82]
 [48]
 [52]
 [48]
 [50]
 [52]
 [48]]",3,1,glioma,1,0.00041108589599995565,0.9995599786440531,2.8897710005063953e-05
1616,"[[77]
 [82]
 [48]
 [52]
 [48]
 [50]
 [52]
 [48]
 [66]]",3,1,glioma,1,0.11639805634816487,0.8644585808118185,0.019143363926559687
1617,"[[77]
 [82]
 [48]
 [52]
 [48]
 [50]
 [52]
 [48]
 [66]]",3,1,glioma,1,0.00016246671536161253,0.9998238881429037,1.3657104136181411e-05
1618,"[[77]
 [82]
 [48]
 [52]
 [48]
 [50]
 [52]
 [48]
 [66]]",3,1,glioma,1,0.011377367035796246,0.9882854223251343,0.0003372345816690843
1619,"[[77]
 [82]
 [48]
 [52]
 [48]
 [50]
 [52]
 [48]
 [66]]",3,1,glioma,1,0.005552204791456461,0.9938951929410299,0.0005525774846925439
1620,"[[77]
 [82]
 [48]
 [52]
 [48]
 [50]
 [52]
 [48]
 [66]]",3,1,glioma,1,0.0006608354475853654,0.999215304851532,0.0001238295855425046
1621,"[[77]
 [82]
 [48]
 [52]
 [48]
 [50]
 [52]
 [48]
 [66]]",3,1,glioma,1,0.00011594612927486499,0.9988226493199667,0.001061437321671595
1622,"[[77]
 [82]
 [48]
 [52]
 [48]
 [50]
 [52]
 [48]
 [66]]",3,1,glioma,1,0.0016213265480473638,0.9983619848887125,1.6661706013110233e-05
1623,"[[49]
 [48]
 [50]
 [57]
 [50]
 [57]]",0,0,meningioma,2,0.039298305714813374,0.0035582275595515966,0.9571434656778971
1624,"[[77]
 [82]
 [48]
 [52]
 [48]
 [50]
 [52]
 [48]
 [66]]",3,1,glioma,1,0.00031707307304410887,0.9995783964792887,0.00010455941192806979
1625,"[[77]
 [82]
 [48]
 [52]
 [48]
 [50]
 [52]
 [48]
 [66]]",3,1,glioma,1,0.00029655249818461016,0.9996326168378195,7.085097786330152e-05
1626,"[[77]
 [82]
 [48]
 [52]
 [48]
 [50]
 [52]
 [48]
 [66]]",3,1,glioma,1,4.227348095279619e-07,0.9999990860621134,5.107782428126484e-07
1627,"[[77]
 [82]
 [48]
 [50]
 [57]
 [50]
 [48]
 [57]
 [71]]",1,1,glioma,1,0.3931180437405904,0.6048179070154825,0.0020640603858434283
1628,"[[77]
 [82]
 [48]
 [50]
 [57]
 [50]
 [48]
 [57]
 [71]]",1,1,glioma,1,0.07765298460920651,0.893991748491923,0.028355294295276206
1629,"[[77]
 [82]
 [48]
 [50]
 [57]
 [50]
 [48]
 [57]
 [71]]",1,1,glioma,1,0.44137006004651386,0.5136399666468302,0.04498997998113433
1630,"[[77]
 [82]
 [48]
 [50]
 [57]
 [50]
 [48]
 [57]
 [71]]",1,1,glioma,1,0.007123678689822555,0.9923708041508993,0.0005055150298479324
1631,"[[77]
 [82]
 [48]
 [50]
 [57]
 [50]
 [48]
 [57]
 [71]]",1,1,glioma,1,0.00015277143029379658,0.9998401204744974,7.1559765532451065e-06
1632,"[[77]
 [82]
 [48]
 [50]
 [57]
 [50]
 [48]
 [57]
 [71]]",1,1,glioma,1,0.002792983864007207,0.9971817135810852,2.532027554735805e-05
1633,"[[77]
 [82]
 [48]
 [50]
 [57]
 [50]
 [48]
 [57]
 [71]]",1,1,glioma,1,0.023750532263269026,0.9762076934178671,4.181395125139412e-05
1634,"[[49]
 [48]
 [50]
 [57]
 [50]
 [57]]",0,0,meningioma,2,0.003711243519016231,7.516712594224373e-05,0.9962135950724283
1635,"[[77]
 [82]
 [48]
 [51]
 [54]
 [52]
 [57]
 [54]
 [66]]",4,1,glioma,1,0.0002079477497124079,0.9995961387952169,0.00019584275716984698
1636,"[[77]
 [82]
 [48]
 [51]
 [54]
 [52]
 [57]
 [54]
 [66]]",4,1,glioma,1,0.0002548930197718846,0.99968554576238,5.9587645831508475e-05
1637,"[[77]
 [82]
 [48]
 [51]
 [54]
 [52]
 [57]
 [54]
 [66]]",4,1,glioma,1,0.0013991906970052999,0.9985421895980835,5.866373098643388e-05
1638,"[[77]
 [82]
 [48]
 [51]
 [54]
 [52]
 [57]
 [54]
 [66]]",4,1,glioma,1,0.005395637766923755,0.9944225748380026,0.00018177154328213874
1639,"[[77]
 [82]
 [48]
 [51]
 [54]
 [52]
 [57]
 [54]
 [66]]",4,1,glioma,1,0.15623996406793594,0.8436366120974222,0.00012343125329531782
1640,"[[77]
 [82]
 [48]
 [51]
 [54]
 [52]
 [57]
 [54]
 [66]]",4,1,glioma,1,0.03219761839136481,0.9656880497932434,0.002114351126086452
1641,"[[77]
 [82]
 [48]
 [51]
 [51]
 [52]
 [50]
 [48]]",0,1,glioma,1,0.3429434324304263,0.652655690908432,0.004400923954866205
1642,"[[77]
 [82]
 [48]
 [51]
 [51]
 [52]
 [50]
 [48]]",0,1,glioma,1,0.42701455950737,0.5707454681396484,0.0022399853235886744
1643,"[[77]
 [82]
 [48]
 [51]
 [51]
 [52]
 [50]
 [48]]",0,1,glioma,1,0.005416214272069435,0.993996798992157,0.0005869559148171296
1644,"[[77]
 [82]
 [48]
 [51]
 [51]
 [52]
 [50]
 [48]]",0,1,glioma,1,0.3975236713886261,0.5970798929532369,0.005396440314749877
1645,"[[49]
 [48]
 [50]
 [57]
 [50]
 [57]]",0,0,meningioma,2,0.11070241096119086,0.005894676200114191,0.8834029237429301
1646,"[[77]
 [82]
 [48]
 [51]
 [51]
 [52]
 [50]
 [48]]",0,1,glioma,1,0.043127880742152534,0.9563008546829224,0.0005712538162091126
1647,"[[77]
 [82]
 [48]
 [51]
 [51]
 [52]
 [50]
 [48]]",0,1,glioma,1,0.07605232919255893,0.9233523607254028,0.0005953037980361842
1648,"[[77]
 [82]
 [48]
 [51]
 [51]
 [52]
 [50]
 [48]]",0,1,glioma,1,0.24866106112798056,0.7284005880355835,0.022938398411497474
1649,"[[77]
 [82]
 [48]
 [51]
 [51]
 [52]
 [50]
 [48]]",0,1,glioma,1,0.06919290746251743,0.9300586382548014,0.0007484126399504021
1650,"[[77]
 [82]
 [48]
 [51]
 [51]
 [52]
 [50]
 [48]]",0,1,glioma,1,0.02834138150016467,0.9683157801628113,0.0033427829815385244
1651,"[[77]
 [82]
 [48]
 [51]
 [51]
 [52]
 [50]
 [48]]",0,1,glioma,1,0.020884853166838486,0.9784795045852661,0.0006356317899189889
1652,"[[77]
 [82]
 [48]
 [51]
 [51]
 [52]
 [50]
 [48]]",0,1,glioma,1,0.0028517052608852587,0.996146023273468,0.001002308485719065
1653,"[[77]
 [82]
 [48]
 [51]
 [51]
 [51]
 [56]
 [57]
 [66]]",3,1,glioma,1,2.889340630455687e-06,0.999997059504191,5.818773631445969e-08
1654,"[[77]
 [82]
 [48]
 [51]
 [51]
 [51]
 [56]
 [57]
 [66]]",3,1,glioma,1,1.001406375659523e-05,0.9999884764353434,1.5341770841873863e-06
1655,"[[77]
 [82]
 [48]
 [51]
 [51]
 [51]
 [56]
 [57]
 [66]]",3,1,glioma,1,0.0006458183925133198,0.9993058443069458,4.8363347678067235e-05
1656,"[[49]
 [48]
 [50]
 [57]
 [50]
 [57]]",0,0,meningioma,2,0.029929110120671492,0.0012268197751836851,0.9688440759976705
1657,"[[77]
 [82]
 [48]
 [51]
 [51]
 [51]
 [56]
 [57]
 [66]]",3,1,glioma,1,0.013039702627186974,0.9869594176610311,9.016414512045637e-07
1658,"[[77]
 [82]
 [48]
 [51]
 [51]
 [51]
 [56]
 [57]
 [66]]",3,1,glioma,1,5.9449126032025866e-05,0.9999393224716187,1.2146679514065302e-06
1659,"[[77]
 [82]
 [48]
 [51]
 [51]
 [51]
 [56]
 [57]
 [66]]",3,1,glioma,1,0.0003862053417833522,0.9996100664138794,3.733043589804197e-06
1660,"[[77]
 [82]
 [48]
 [51]
 [51]
 [51]
 [56]
 [57]
 [66]]",3,1,glioma,1,0.00014453074860891016,0.9998505115509033,4.97527358452506e-06
1661,"[[77]
 [82]
 [48]
 [51]
 [51]
 [51]
 [56]
 [57]
 [66]]",3,1,glioma,1,6.349183119406614e-05,0.99993367989858,2.8494782563133945e-06
1662,"[[77]
 [82]
 [48]
 [51]
 [51]
 [51]
 [56]
 [57]
 [66]]",3,1,glioma,1,1.191079943415237e-06,0.9999986489613851,1.6559392218562508e-07
1663,"[[77]
 [82]
 [48]
 [50]
 [52]
 [55]
 [56]
 [48]
 [69]]",1,1,glioma,1,5.038842330880774e-05,0.9990180929501852,0.0009315165583151005
1664,"[[77]
 [82]
 [48]
 [50]
 [52]
 [55]
 [56]
 [48]
 [69]]",1,1,glioma,1,5.580770448432304e-06,0.9997655153274536,0.00022889372970288
1665,"[[77]
 [82]
 [48]
 [50]
 [52]
 [55]
 [56]
 [48]
 [69]]",1,1,glioma,1,1.051294402050947e-06,0.9999205867449442,7.834175642074115e-05
1666,"[[77]
 [82]
 [48]
 [50]
 [54]
 [49]
 [55]
 [53]
 [69]]",4,1,glioma,1,0.048731714428868145,0.9508459568023682,0.0004223426060387207
1667,"[[49]
 [48]
 [50]
 [52]
 [50]
 [48]]",0,0,meningioma,0,0.6265652179718018,0.17991846799850464,0.1935163214802742
1668,"[[49]
 [48]
 [50]
 [57]
 [50]
 [57]]",0,0,meningioma,2,0.2757417807976405,0.01086729074207445,0.7133909364541372
1669,"[[77]
 [82]
 [48]
 [50]
 [54]
 [49]
 [55]
 [53]
 [69]]",4,1,glioma,1,0.04136323319592824,0.9583446383476257,0.0002921345312619413
1670,"[[77]
 [82]
 [48]
 [50]
 [54]
 [49]
 [55]
 [53]
 [69]]",4,1,glioma,1,0.09151025054355462,0.9081943035125732,0.0002954285471806391
1671,"[[77]
 [82]
 [48]
 [50]
 [54]
 [49]
 [55]
 [53]
 [69]]",4,1,glioma,1,0.018360062647843733,0.9809191226959229,0.0007207844637378003
1672,"[[77]
 [82]
 [48]
 [50]
 [54]
 [49]
 [55]
 [53]
 [69]]",4,1,glioma,1,0.015333071467466652,0.9836762150128683,0.000990626370063789
1673,"[[77]
 [82]
 [48]
 [50]
 [54]
 [49]
 [55]
 [53]
 [69]]",4,1,glioma,1,0.0039156582206487656,0.9957979718844095,0.00028634027376028826
1674,"[[77]
 [82]
 [48]
 [50]
 [54]
 [49]
 [55]
 [53]
 [69]]",4,1,glioma,1,0.023699487171446283,0.9743061463038126,0.0019943412092591948
1675,"[[77]
 [82]
 [48]
 [50]
 [54]
 [49]
 [55]
 [53]
 [69]]",4,1,glioma,1,0.049392874663074814,0.9496529301007589,0.0009541763243229676
1676,"[[77]
 [82]
 [48]
 [50]
 [54]
 [49]
 [55]
 [53]
 [69]]",4,1,glioma,1,0.006879442124045454,0.992621918519338,0.0004986242284606609
1677,"[[77]
 [82]
 [48]
 [50]
 [54]
 [49]
 [55]
 [53]
 [69]]",4,1,glioma,1,0.007201137137599289,0.9926033218701681,0.0001955459794681739
1678,"[[77]
 [82]
 [48]
 [52]
 [48]
 [50]
 [52]
 [48]
 [67]]",4,1,glioma,1,0.009759473624095941,0.9836844007174174,0.006556061503943056
1679,"[[49]
 [48]
 [50]
 [57]
 [50]
 [57]]",0,0,meningioma,0,0.8245475093523661,0.027448557938138645,0.14800390601158142
1680,"[[77]
 [82]
 [48]
 [52]
 [48]
 [50]
 [52]
 [48]
 [67]]",4,1,glioma,1,0.021165265042024355,0.9280626972516378,0.05077205024038752
1681,"[[77]
 [82]
 [48]
 [52]
 [48]
 [50]
 [52]
 [48]
 [67]]",4,1,glioma,1,0.013600062355787182,0.980841596921285,0.005558306139694953
1682,"[[77]
 [82]
 [48]
 [52]
 [48]
 [50]
 [52]
 [48]
 [67]]",4,1,glioma,1,0.29151587188243866,0.6647848089536031,0.043699333405432604
1683,"[[77]
 [82]
 [48]
 [52]
 [48]
 [50]
 [52]
 [48]
 [67]]",4,1,glioma,0,0.9086589018503824,0.05494201617936293,0.03639907389879227
1684,"[[77]
 [82]
 [48]
 [52]
 [48]
 [50]
 [52]
 [48]
 [67]]",4,1,glioma,0,0.8560292522112528,0.14237238466739655,0.0015983843504727702
1685,"[[77]
 [82]
 [48]
 [52]
 [48]
 [50]
 [52]
 [48]
 [67]]",4,1,glioma,1,0.4937252787252267,0.5047806898752848,0.0014940427875250368
1686,"[[77]
 [82]
 [48]
 [52]
 [48]
 [50]
 [52]
 [48]
 [67]]",4,1,glioma,1,0.009566306175353626,0.9747716188430786,0.015662023334395297
1687,"[[77]
 [82]
 [48]
 [52]
 [48]
 [50]
 [52]
 [48]
 [67]]",4,1,glioma,1,0.008197542247216916,0.9875582456588745,0.004244223031643439
1688,"[[77]
 [82]
 [48]
 [52]
 [48]
 [50]
 [52]
 [48]
 [67]]",4,1,glioma,1,0.011532578500919044,0.9545757373174032,0.03389170148875564
1689,"[[77]
 [82]
 [48]
 [52]
 [48]
 [50]
 [52]
 [48]
 [67]]",4,1,glioma,1,0.011084503671251392,0.9049439231554667,0.08397157358316083
1690,"[[49]
 [48]
 [50]
 [57]
 [51]
 [53]]",0,0,meningioma,0,0.7692206104596456,0.227326400578022,0.0034530114110869667
1691,"[[77]
 [82]
 [48]
 [52]
 [48]
 [50]
 [52]
 [48]
 [67]]",4,1,glioma,1,0.06356324876348178,0.9185321927070618,0.0179045852952792
1692,"[[77]
 [82]
 [48]
 [52]
 [48]
 [50]
 [52]
 [48]
 [67]]",4,1,glioma,1,0.07009661414970954,0.9266611735026041,0.003242211892825253
1693,"[[77]
 [82]
 [48]
 [52]
 [48]
 [50]
 [52]
 [48]
 [67]]",4,1,glioma,1,0.0017078284290619195,0.9891548355420431,0.009137282594262311
1694,"[[77]
 [82]
 [48]
 [52]
 [48]
 [50]
 [52]
 [48]
 [67]]",4,1,glioma,1,0.0022400006849541874,0.9936944047609965,0.004065558752131437
1695,"[[77]
 [82]
 [48]
 [49]
 [55]
 [50]
 [54]
 [48]
 [70]]",1,1,glioma,0,0.9590484102567037,0.04086571093648672,8.591630880043037e-05
1696,"[[77]
 [82]
 [48]
 [49]
 [55]
 [50]
 [54]
 [48]
 [70]]",1,1,glioma,0,0.5127933422724406,0.48697429895401,0.00023233535648614634
1697,"[[77]
 [82]
 [48]
 [49]
 [55]
 [50]
 [54]
 [48]
 [70]]",1,1,glioma,1,0.4272787868976593,0.5702374676863352,0.0024837252810054147
1698,"[[77]
 [82]
 [48]
 [49]
 [55]
 [50]
 [54]
 [48]
 [70]]",1,1,glioma,0,0.8043625156084696,0.19500132650136948,0.0006361702010811617
1699,"[[77]
 [82]
 [48]
 [49]
 [55]
 [50]
 [54]
 [48]
 [70]]",1,1,glioma,1,0.001690744919566593,0.9982930620511373,1.620624317884752e-05
1700,"[[77]
 [82]
 [48]
 [49]
 [55]
 [50]
 [54]
 [48]
 [70]]",1,1,glioma,1,0.13719751282284656,0.8523614803949991,0.010441032752472287
1701,"[[49]
 [48]
 [50]
 [57]
 [56]
 [53]]",3,0,meningioma,0,0.9736425479253134,0.02635641520222028,1.0493615813326567e-06
1702,"[[77]
 [82]
 [48]
 [50]
 [57]
 [50]
 [48]
 [57]
 [73]]",4,1,glioma,1,0.0003130046597779786,0.9995352824529012,0.00015173113194559087
1703,"[[77]
 [82]
 [48]
 [50]
 [57]
 [50]
 [48]
 [57]
 [73]]",4,1,glioma,1,0.0056320558990895124,0.9927058219909668,0.0016621208792457765
1704,"[[77]
 [82]
 [48]
 [50]
 [57]
 [50]
 [48]
 [57]
 [73]]",4,1,glioma,1,0.025179167045280337,0.973575234413147,0.0012455605047610636
1705,"[[77]
 [82]
 [48]
 [50]
 [57]
 [50]
 [48]
 [57]
 [73]]",4,1,glioma,1,0.026157300647658605,0.9711623986562093,0.0026802601854190775
1706,"[[77]
 [82]
 [48]
 [50]
 [57]
 [50]
 [48]
 [57]
 [73]]",4,1,glioma,1,0.061260308449467026,0.9348276654879252,0.003912032612182277
1707,"[[77]
 [82]
 [48]
 [50]
 [57]
 [50]
 [48]
 [57]
 [73]]",4,1,glioma,1,0.002677040645115388,0.9940231045087179,0.0032998690633879355
1708,"[[77]
 [82]
 [48]
 [50]
 [57]
 [50]
 [48]
 [57]
 [73]]",4,1,glioma,1,0.0015351368538176757,0.9964300592740377,0.0020348284529063676
1709,"[[77]
 [82]
 [48]
 [50]
 [57]
 [50]
 [48]
 [57]
 [73]]",4,1,glioma,1,0.00478736298585621,0.9937439759572347,0.001468672424077037
1710,"[[77]
 [82]
 [48]
 [50]
 [57]
 [50]
 [48]
 [57]
 [73]]",4,1,glioma,1,0.0009892920338643307,0.9983214139938354,0.0006893006484058143
1711,"[[77]
 [82]
 [48]
 [50]
 [57]
 [50]
 [48]
 [57]
 [73]]",4,1,glioma,1,0.018654778599739075,0.9793886343638102,0.001956590519209082
1712,"[[49]
 [48]
 [51]
 [54]
 [55]
 [51]]",0,0,meningioma,2,0.03504844716129204,0.0030302791274152696,0.9619212547938029
1713,"[[77]
 [82]
 [48]
 [52]
 [56]
 [50]
 [57]
 [52]]",0,1,glioma,1,0.013546891044825315,0.9864242275555929,2.882177098702717e-05
1714,"[[77]
 [82]
 [48]
 [52]
 [56]
 [50]
 [57]
 [52]]",0,1,glioma,1,0.13510410487651825,0.8647779822349548,0.00011788448682636954
1715,"[[77]
 [82]
 [48]
 [52]
 [56]
 [50]
 [57]
 [52]]",0,1,glioma,1,0.1915062516927719,0.8067577878634135,0.0017359602885941665
1716,"[[77]
 [82]
 [48]
 [52]
 [56]
 [50]
 [57]
 [52]]",0,1,glioma,1,0.04473148596783479,0.954397181669871,0.0008713395703428736
1717,"[[77]
 [82]
 [48]
 [52]
 [56]
 [50]
 [57]
 [52]]",0,1,glioma,1,0.05580488281945387,0.9432158470153809,0.0009792758307109277
1718,"[[77]
 [82]
 [48]
 [52]
 [56]
 [50]
 [57]
 [52]]",0,1,glioma,1,0.1820754880706469,0.8109253843625387,0.006999138742685318
1719,"[[77]
 [82]
 [48]
 [53]
 [49]
 [53]
 [56]
 [54]]",1,1,glioma,1,0.08017963403835893,0.9193959434827169,0.00042438393635772326
1720,"[[77]
 [82]
 [48]
 [53]
 [49]
 [53]
 [56]
 [54]]",1,1,glioma,1,0.083795132736365,0.9154394070307413,0.0007654638854243482
1721,"[[77]
 [82]
 [48]
 [53]
 [49]
 [53]
 [56]
 [54]]",1,1,glioma,1,0.11998105049133301,0.8749422232309977,0.005076722824014723
1722,"[[77]
 [82]
 [48]
 [53]
 [49]
 [53]
 [56]
 [54]]",1,1,glioma,1,0.318368303279082,0.6802509526411692,0.001380712242583589
1723,"[[49]
 [48]
 [51]
 [54]
 [55]
 [51]]",0,0,meningioma,2,0.009966802007208267,0.00037959093363800395,0.9896535873413086
1724,"[[77]
 [82]
 [48]
 [53]
 [49]
 [52]
 [54]
 [49]
 [66]]",1,1,glioma,1,0.008305954145422826,0.9915063778559366,0.00018767356575703312
1725,"[[77]
 [82]
 [48]
 [53]
 [49]
 [52]
 [54]
 [49]
 [66]]",1,1,glioma,1,0.3267618219057719,0.6715507010618845,0.0016874940144286181
1726,"[[77]
 [82]
 [48]
 [53]
 [49]
 [52]
 [54]
 [49]
 [66]]",1,1,glioma,1,0.1246039339651664,0.8711305658022562,0.004265473777195439
1727,"[[77]
 [82]
 [48]
 [53]
 [49]
 [52]
 [54]
 [49]
 [66]]",1,1,glioma,1,0.021065898433638115,0.9779937863349915,0.0009402871573911398
1728,"[[77]
 [82]
 [48]
 [53]
 [49]
 [54]
 [52]
 [52]]",1,1,glioma,1,0.003929091787237364,0.9957468310991923,0.0003240495619441693
1729,"[[77]
 [82]
 [48]
 [53]
 [49]
 [54]
 [52]
 [52]]",1,1,glioma,1,0.004105320379797679,0.9943627715110779,0.0015318788937292993
1730,"[[77]
 [82]
 [48]
 [53]
 [49]
 [54]
 [52]
 [52]]",1,1,glioma,1,0.0023765276030947766,0.9976183772087097,5.1320929088660705e-06
1731,"[[77]
 [82]
 [48]
 [53]
 [49]
 [54]
 [52]
 [52]]",1,1,glioma,1,0.0002839970208394031,0.9997004469235738,1.5554565057603515e-05
1732,"[[77]
 [82]
 [48]
 [53]
 [49]
 [54]
 [52]
 [52]]",1,1,glioma,1,0.0021492504553558924,0.997744639714559,0.00010615463740274815
1733,"[[77]
 [82]
 [48]
 [53]
 [49]
 [54]
 [52]
 [52]]",1,1,glioma,1,0.0024805787834338844,0.9973887801170349,0.00013063528786005918
1734,"[[49]
 [48]
 [51]
 [54]
 [55]
 [51]]",0,0,meningioma,2,0.006305061833700165,0.0006671764591980415,0.9930277268091837
1735,"[[77]
 [82]
 [48]
 [53]
 [49]
 [54]
 [52]
 [52]]",1,1,glioma,1,0.00141841681185421,0.9981502095858256,0.00043139046787625074
1736,"[[77]
 [82]
 [48]
 [53]
 [49]
 [54]
 [52]
 [52]]",1,1,glioma,1,0.008979442102524141,0.990796426932017,0.0002241407746623736
1737,"[[77]
 [82]
 [48]
 [53]
 [49]
 [54]
 [52]
 [52]]",1,1,glioma,1,0.0013442606444489986,0.9983714818954468,0.0002842638528666915
1738,"[[77]
 [82]
 [48]
 [53]
 [49]
 [54]
 [52]
 [52]]",1,1,glioma,1,0.00041116021626900573,0.9995858271916708,3.0403423328569565e-06
1739,"[[77]
 [82]
 [48]
 [53]
 [49]
 [54]
 [52]
 [52]]",1,1,glioma,1,0.0008269489529387405,0.9991519252459208,2.1134575736899326e-05
1740,"[[77]
 [82]
 [48]
 [53]
 [49]
 [54]
 [52]
 [52]]",1,1,glioma,1,0.002505412014822165,0.9974857568740845,8.866922314609837e-06
1741,"[[77]
 [82]
 [48]
 [53]
 [49]
 [54]
 [53]
 [49]]",2,1,glioma,1,0.005048499054585894,0.994942307472229,9.165681755500069e-06
1742,"[[77]
 [82]
 [48]
 [53]
 [49]
 [54]
 [53]
 [49]]",2,1,glioma,1,0.21999319394429526,0.7795806924502054,0.000426155582924063
1743,"[[77]
 [82]
 [48]
 [53]
 [49]
 [54]
 [53]
 [49]]",2,1,glioma,1,0.011955599300563335,0.9880144397417704,2.9946595532237552e-05
1744,"[[77]
 [82]
 [48]
 [53]
 [49]
 [54]
 [53]
 [49]]",2,1,glioma,1,0.020185789093375206,0.9796615640322367,0.00015268291220612204
1745,"[[49]
 [48]
 [51]
 [54]
 [55]
 [51]]",0,0,meningioma,2,0.00362534262239933,0.0018029220421643306,0.9945717255274454
1746,"[[77]
 [82]
 [48]
 [53]
 [49]
 [54]
 [53]
 [49]]",2,1,glioma,1,0.3175815939903259,0.6770596305529276,0.005358770101641615
1747,"[[77]
 [82]
 [48]
 [53]
 [49]
 [54]
 [53]
 [49]]",2,1,glioma,1,0.007276516252507766,0.9907982548077902,0.0019252017761270206
1748,"[[77]
 [82]
 [48]
 [53]
 [49]
 [54]
 [53]
 [49]]",2,1,glioma,1,0.016956358527143795,0.9769049485524496,0.006138700448597471
1749,"[[77]
 [82]
 [48]
 [53]
 [49]
 [55]
 [57]
 [54]]",4,1,glioma,1,0.005428962316121518,0.9833533565203348,0.011217677747481503
1750,"[[77]
 [82]
 [48]
 [53]
 [49]
 [55]
 [57]
 [54]]",4,1,glioma,1,0.0012377774091874016,0.9927264054616293,0.0060358728126933174
1751,"[[77]
 [82]
 [48]
 [53]
 [49]
 [55]
 [57]
 [54]]",4,1,glioma,1,0.00016056041392253917,0.9992534319559733,0.000586008911038031
1752,"[[77]
 [82]
 [48]
 [53]
 [49]
 [55]
 [57]
 [54]]",4,1,glioma,1,0.04040563882639011,0.6058269093434016,0.3537674794594447
1753,"[[77]
 [82]
 [48]
 [53]
 [49]
 [55]
 [57]
 [54]]",4,1,glioma,1,0.016089173635312665,0.9802623987197876,0.003648408513981849
1754,"[[77]
 [82]
 [48]
 [53]
 [49]
 [55]
 [57]
 [54]]",4,1,glioma,1,0.01720131638770302,0.9807088971138,0.0020897687257577977
1755,"[[77]
 [82]
 [48]
 [53]
 [49]
 [54]
 [53]
 [49]
 [66]]",0,1,glioma,1,0.10851229541003704,0.891034722328186,0.00045296841077894595
1756,"[[49]
 [48]
 [51]
 [54]
 [55]
 [51]]",0,0,meningioma,2,0.00044654796844649053,6.955841598710322e-06,0.999546488126119
1757,"[[77]
 [82]
 [48]
 [53]
 [49]
 [54]
 [53]
 [49]
 [66]]",0,1,glioma,1,0.22810574869314829,0.771217147509257,0.0006771026904364893
1758,"[[77]
 [82]
 [48]
 [53]
 [49]
 [54]
 [53]
 [49]
 [66]]",0,1,glioma,1,0.12455045183499654,0.8734683990478516,0.001981224699799592
1759,"[[77]
 [82]
 [48]
 [53]
 [49]
 [54]
 [53]
 [49]
 [66]]",0,1,glioma,1,0.3648291925589244,0.6245469848314921,0.01062381500378251
1760,"[[77]
 [82]
 [48]
 [53]
 [49]
 [54]
 [53]
 [49]
 [66]]",0,1,glioma,1,0.35628998279571533,0.6218412518501282,0.02186876457805435
1761,"[[77]
 [82]
 [48]
 [53]
 [49]
 [54]
 [53]
 [49]
 [66]]",0,1,glioma,0,0.7025030851364136,0.27014292279879254,0.027353997497508924
1762,"[[77]
 [82]
 [48]
 [53]
 [49]
 [54]
 [53]
 [49]
 [66]]",0,1,glioma,0,0.703754723072052,0.25926170746485394,0.03698356201251348
1763,"[[77]
 [82]
 [48]
 [53]
 [49]
 [55]
 [57]
 [54]
 [66]]",4,1,glioma,1,0.000570599331178793,0.9993812441825867,4.816011823264669e-05
1764,"[[77]
 [82]
 [48]
 [53]
 [49]
 [55]
 [57]
 [54]
 [66]]",4,1,glioma,1,0.00024181182253357747,0.9997139175732931,4.429604285564418e-05
1765,"[[77]
 [82]
 [48]
 [53]
 [49]
 [55]
 [57]
 [54]
 [66]]",4,1,glioma,1,2.8242027495462008e-05,0.9999061226844788,6.561402722127241e-05
1766,"[[77]
 [82]
 [48]
 [53]
 [50]
 [53]
 [53]
 [48]]",0,1,glioma,1,0.003869077879547452,0.9957282940546671,0.0004025987194230159
1767,"[[49]
 [48]
 [51]
 [54]
 [55]
 [51]]",0,0,meningioma,2,0.00023205138313642237,3.5038872852055647e-06,0.9997644225756327
1768,"[[77]
 [82]
 [48]
 [53]
 [50]
 [53]
 [53]
 [48]]",0,1,glioma,1,0.005906877204931031,0.9937313993771871,0.0003617303106390561
1769,"[[77]
 [82]
 [48]
 [53]
 [50]
 [53]
 [53]
 [48]]",0,1,glioma,1,0.0019276746291628417,0.9980146090189616,5.771548664294338e-05
1770,"[[77]
 [82]
 [48]
 [53]
 [50]
 [53]
 [53]
 [48]]",0,1,glioma,1,0.006699616477514307,0.9920555750528971,0.0012447946743729215
1771,"[[77]
 [82]
 [48]
 [53]
 [50]
 [53]
 [53]
 [48]]",0,1,glioma,1,0.0015628062562124494,0.9983646472295126,7.251985092201114e-05
1772,"[[77]
 [82]
 [48]
 [53]
 [50]
 [53]
 [53]
 [48]]",0,1,glioma,1,0.02416849493359526,0.9751239021619161,0.0007075775113965695
1773,"[[77]
 [82]
 [48]
 [53]
 [49]
 [54]
 [52]
 [52]
 [67]]",2,1,glioma,1,0.002339350564094881,0.9975807269414266,7.991010109738757e-05
1774,"[[77]
 [82]
 [48]
 [53]
 [49]
 [54]
 [52]
 [52]
 [67]]",2,1,glioma,1,0.001601127286752065,0.9983946084976196,4.266272715843418e-06
1775,"[[77]
 [82]
 [48]
 [53]
 [49]
 [54]
 [52]
 [52]
 [67]]",2,1,glioma,1,0.009504472060749928,0.9902368187904358,0.0002586940099718049
1776,"[[77]
 [82]
 [48]
 [53]
 [49]
 [54]
 [52]
 [52]
 [67]]",2,1,glioma,1,0.003920319955796003,0.9957035382588705,0.00037618954956997186
1777,"[[77]
 [82]
 [48]
 [53]
 [49]
 [54]
 [52]
 [52]
 [67]]",2,1,glioma,1,0.0013709680060856044,0.9984093507130941,0.0002196504695651432
1778,"[[49]
 [48]
 [50]
 [52]
 [52]
 [54]]",4,0,meningioma,1,0.2764325588941574,0.6150496403376261,0.10851778322830796
1779,"[[49]
 [48]
 [51]
 [54]
 [55]
 [51]]",0,0,meningioma,2,0.005381124753815432,0.0003387730782075475,0.9942800601323446
1780,"[[77]
 [82]
 [48]
 [53]
 [49]
 [54]
 [52]
 [52]
 [67]]",2,1,glioma,1,0.005516639134536187,0.9943167765935262,0.00016656626151719442
1781,"[[77]
 [82]
 [48]
 [53]
 [49]
 [54]
 [52]
 [52]
 [67]]",2,1,glioma,1,0.002922017980987827,0.9970758159955343,2.168148133326516e-06
1782,"[[77]
 [82]
 [48]
 [53]
 [49]
 [54]
 [52]
 [52]
 [67]]",2,1,glioma,1,0.00023367848674145839,0.9997510313987732,1.529452401882736e-05
1783,"[[77]
 [82]
 [48]
 [53]
 [49]
 [54]
 [52]
 [52]
 [67]]",2,1,glioma,1,0.00014035018102731556,0.9998566309611002,2.9757159912454276e-06
1784,"[[77]
 [82]
 [48]
 [53]
 [49]
 [54]
 [52]
 [52]
 [67]]",2,1,glioma,1,0.000750832676809902,0.9992349743843079,1.4213999520507059e-05
1785,"[[77]
 [82]
 [48]
 [53]
 [49]
 [54]
 [52]
 [52]
 [67]]",2,1,glioma,1,0.00021565088051526496,0.9997474153836569,3.691259068242895e-05
1786,"[[77]
 [82]
 [48]
 [53]
 [49]
 [54]
 [52]
 [52]
 [67]]",2,1,glioma,1,0.0019319112179800868,0.9977777600288391,0.0002903848556646456
1787,"[[77]
 [82]
 [48]
 [53]
 [49]
 [54]
 [52]
 [52]
 [67]]",2,1,glioma,1,0.0008861820485132436,0.9984614650408427,0.000652377629497399
1788,"[[77]
 [82]
 [48]
 [52]
 [57]
 [57]
 [52]
 [50]
 [66]]",3,1,glioma,1,1.7023602344086914e-06,0.9995208581288656,0.000477443103591213
1789,"[[77]
 [82]
 [48]
 [52]
 [57]
 [57]
 [52]
 [50]
 [66]]",3,1,glioma,1,1.0270992371867274e-05,0.9992634455362955,0.0007262823540562143
1790,"[[49]
 [48]
 [51]
 [57]
 [50]
 [53]]",1,0,meningioma,1,0.25505102177460987,0.7421431243419647,0.0028058923586892584
1791,"[[77]
 [82]
 [48]
 [52]
 [57]
 [57]
 [52]
 [50]
 [66]]",3,1,glioma,1,4.779696996592975e-05,0.9965373476346334,0.0034148169991870723
1792,"[[77]
 [82]
 [48]
 [52]
 [57]
 [57]
 [52]
 [50]
 [66]]",3,1,glioma,1,2.682122133279563e-07,0.999953548113505,4.618725718804247e-05
1793,"[[77]
 [82]
 [48]
 [52]
 [55]
 [57]
 [53]
 [51]
 [67]]",2,1,glioma,1,0.26888727645079297,0.3972586890061696,0.3338540345430374
1794,"[[77]
 [82]
 [48]
 [52]
 [55]
 [57]
 [53]
 [51]
 [67]]",2,1,glioma,1,0.039390907933314644,0.9218360980351766,0.03877296453962723
1795,"[[77]
 [82]
 [48]
 [52]
 [55]
 [57]
 [53]
 [51]
 [67]]",2,1,glioma,1,0.2771421770254771,0.6906316677729288,0.03222615706423918
1796,"[[77]
 [82]
 [48]
 [52]
 [55]
 [57]
 [53]
 [51]
 [67]]",2,1,glioma,0,0.6951821943124136,0.2244065205256144,0.0804113174478213
1797,"[[77]
 [82]
 [48]
 [52]
 [55]
 [57]
 [53]
 [51]
 [67]]",2,1,glioma,1,0.060672421008348465,0.9058624108632406,0.033465215004980564
1798,"[[77]
 [82]
 [48]
 [53]
 [51]
 [49]
 [49]
 [48]
 [66]]",3,1,glioma,1,3.7553506141800125e-07,0.9999981721242269,1.3960015555388357e-06
1799,"[[77]
 [82]
 [48]
 [53]
 [51]
 [49]
 [49]
 [48]
 [66]]",3,1,glioma,1,2.092060003633378e-05,0.9999761581420898,2.896475384280469e-06
1800,"[[77]
 [82]
 [48]
 [53]
 [51]
 [49]
 [49]
 [48]
 [66]]",3,1,glioma,1,1.7589191353787708e-06,0.9999972979227701,9.514353635312981e-07
1801,"[[49]
 [48]
 [51]
 [57]
 [50]
 [53]]",1,0,meningioma,0,0.5006784945726395,0.4839422255754471,0.015379249739150206
1802,"[[77]
 [82]
 [48]
 [53]
 [51]
 [49]
 [49]
 [48]
 [66]]",3,1,glioma,1,5.5623599208113696e-08,0.9999998013178507,1.8696721874415326e-07
1803,"[[77]
 [82]
 [48]
 [53]
 [51]
 [49]
 [49]
 [48]
 [66]]",3,1,glioma,1,3.442048667542016e-05,0.9998486240704855,0.00011693527054982648
1804,"[[77]
 [82]
 [48]
 [53]
 [51]
 [49]
 [49]
 [48]
 [66]]",3,1,glioma,1,1.4066123223225684e-06,0.999998410542806,1.3112301898432488e-07
1805,"[[77]
 [82]
 [48]
 [53]
 [51]
 [49]
 [49]
 [48]
 [66]]",3,1,glioma,1,3.718350133870748e-06,0.9999088446299235,8.742381288584511e-05
1806,"[[77]
 [82]
 [48]
 [51]
 [52]
 [54]
 [57]
 [52]]",2,1,glioma,1,7.446608409130324e-05,0.9998785257339478,4.699178922843809e-05
1807,"[[77]
 [82]
 [48]
 [51]
 [52]
 [54]
 [57]
 [52]]",2,1,glioma,1,0.0025260596303269267,0.9968965848286947,0.0005773424636572599
1808,"[[77]
 [82]
 [48]
 [51]
 [52]
 [54]
 [57]
 [52]]",2,1,glioma,1,0.001412820575448374,0.998532255490621,5.4933147718353816e-05
1809,"[[77]
 [82]
 [48]
 [51]
 [52]
 [54]
 [57]
 [52]]",2,1,glioma,1,0.0020085484332715473,0.997912605603536,7.888728578109294e-05
1810,"[[77]
 [82]
 [48]
 [51]
 [52]
 [54]
 [57]
 [52]]",2,1,glioma,1,0.001574283776183923,0.99641881386439,0.002006846353954946
1811,"[[77]
 [82]
 [48]
 [51]
 [52]
 [54]
 [57]
 [52]]",2,1,glioma,1,0.00010745170948212035,0.9998841087023417,8.399324618342993e-06
1812,"[[49]
 [48]
 [51]
 [57]
 [50]
 [53]]",1,0,meningioma,1,0.11480410924802224,0.8807896971702576,0.0044062115472722025
1813,"[[77]
 [82]
 [48]
 [51]
 [52]
 [54]
 [57]
 [52]]",2,1,glioma,1,0.0003882672608597204,0.9996019800504049,9.783115274331067e-06
1814,"[[77]
 [82]
 [48]
 [53]
 [52]
 [54]
 [56]
 [51]]",3,1,glioma,1,5.169477195939484e-07,0.999994158744812,5.285473198076336e-06
1815,"[[77]
 [82]
 [48]
 [53]
 [52]
 [54]
 [56]
 [51]]",3,1,glioma,1,1.892876783434379e-05,0.9995473225911459,0.00043377247129683383
1816,"[[77]
 [82]
 [48]
 [53]
 [52]
 [54]
 [56]
 [51]]",3,1,glioma,1,0.00010447555905557238,0.9990042249361674,0.0008913076708267909
1817,"[[77]
 [82]
 [48]
 [53]
 [48]
 [54]
 [56]
 [55]
 [67]]",1,1,glioma,1,0.0002856639575838926,0.9929354190826416,0.0067789228426894015
1818,"[[77]
 [82]
 [48]
 [53]
 [48]
 [54]
 [56]
 [55]
 [67]]",1,1,glioma,1,0.000361123404824563,0.9884064793586731,0.011232351559253098
1819,"[[77]
 [82]
 [48]
 [53]
 [48]
 [54]
 [56]
 [55]
 [67]]",1,1,glioma,1,0.000183129792882634,0.9985967675844828,0.001220099366037175
1820,"[[77]
 [82]
 [48]
 [53]
 [48]
 [54]
 [56]
 [55]
 [67]]",1,1,glioma,1,7.025013352783087e-05,0.9998547236124674,7.505502723385386e-05
1821,"[[77]
 [82]
 [48]
 [53]
 [48]
 [54]
 [56]
 [55]
 [67]]",1,1,glioma,1,0.01094217726495117,0.9834240277608236,0.005633790967597936
1822,"[[77]
 [82]
 [48]
 [53]
 [48]
 [54]
 [56]
 [55]
 [67]]",1,1,glioma,1,0.00627689288618664,0.9907084902127584,0.0030146375065669417
1823,"[[49]
 [48]
 [51]
 [57]
 [50]
 [53]]",1,0,meningioma,0,0.4998902479807536,0.4984818920493126,0.0016279067591919254
1824,"[[77]
 [82]
 [48]
 [53]
 [48]
 [54]
 [56]
 [55]
 [67]]",1,1,glioma,1,0.1403177666167418,0.8416198094685873,0.01806245030214389
1825,"[[77]
 [82]
 [48]
 [52]
 [57]
 [50]
 [52]
 [50]
 [67]]",0,1,glioma,1,0.004339527532768746,0.9948743383089701,0.0007860870488608877
1826,"[[77]
 [82]
 [48]
 [52]
 [57]
 [50]
 [52]
 [50]
 [67]]",0,1,glioma,1,0.002655575163468408,0.9971203207969666,0.00022407070233991058
1827,"[[77]
 [82]
 [48]
 [52]
 [57]
 [50]
 [52]
 [50]
 [67]]",0,1,glioma,1,0.0009582509883330204,0.9989412625630697,0.00010048722227414449
1828,"[[77]
 [82]
 [48]
 [52]
 [57]
 [50]
 [52]
 [50]
 [67]]",0,1,glioma,1,0.002100979482444624,0.9976171851158142,0.0002818613417427211
1829,"[[77]
 [82]
 [48]
 [52]
 [57]
 [50]
 [52]
 [50]
 [67]]",0,1,glioma,1,0.004930878872983158,0.9947081009546915,0.0003610541037536071
1830,"[[77]
 [82]
 [48]
 [53]
 [51]
 [50]
 [52]
 [49]
 [67]]",0,1,glioma,1,0.0024249881777601936,0.9974952936172485,7.966760707252736e-05
1831,"[[77]
 [82]
 [48]
 [53]
 [51]
 [50]
 [52]
 [49]
 [67]]",0,1,glioma,1,0.005734771878148119,0.9941620429356893,0.00010316960833733901
1832,"[[77]
 [82]
 [48]
 [53]
 [51]
 [50]
 [52]
 [49]
 [67]]",0,1,glioma,1,0.007675824298833807,0.9920936226844788,0.0002305072939634556
1833,"[[77]
 [82]
 [48]
 [53]
 [51]
 [50]
 [52]
 [49]
 [67]]",0,1,glioma,1,0.0093439023476094,0.9904058575630188,0.0002502380733252115
1834,"[[49]
 [48]
 [51]
 [57]
 [50]
 [53]]",1,0,meningioma,0,0.7872087160746256,0.166005564853549,0.04678574514885744
1835,"[[77]
 [82]
 [48]
 [51]
 [52]
 [57]
 [57]
 [55]]",0,1,glioma,1,0.004918629730430742,0.9940985639890035,0.00098281954221117
1836,"[[77]
 [82]
 [48]
 [51]
 [52]
 [57]
 [57]
 [55]]",0,1,glioma,1,0.002181696666715046,0.9976767301559448,0.0001415566002833657
1837,"[[77]
 [82]
 [48]
 [51]
 [52]
 [57]
 [57]
 [55]]",0,1,glioma,1,0.004441446779916684,0.9952873984972636,0.0002711260094656609
1838,"[[77]
 [82]
 [48]
 [51]
 [52]
 [57]
 [57]
 [55]]",0,1,glioma,1,0.00575022934935987,0.9938730200131735,0.0003766979231537941
1839,"[[77]
 [82]
 [48]
 [51]
 [52]
 [57]
 [57]
 [55]]",0,1,glioma,1,0.04819850871960322,0.9425369501113892,0.009264521766453981
1840,"[[77]
 [82]
 [48]
 [51]
 [52]
 [57]
 [57]
 [55]]",0,1,glioma,1,0.031064798434575398,0.9667843381563822,0.00215083992225118
1841,"[[77]
 [82]
 [48]
 [51]
 [52]
 [57]
 [57]
 [55]]",0,1,glioma,1,0.015890113078057766,0.9838502804438273,0.0002596388997820516
1842,"[[77]
 [82]
 [48]
 [50]
 [57]
 [50]
 [48]
 [57]
 [69]]",4,1,glioma,1,0.013258278214683136,0.9841262499491373,0.0026154576965685314
1843,"[[77]
 [82]
 [48]
 [50]
 [57]
 [50]
 [48]
 [57]
 [69]]",4,1,glioma,1,0.012630474074588468,0.9710068305333456,0.01636268252817293
1844,"[[77]
 [82]
 [48]
 [50]
 [57]
 [50]
 [48]
 [57]
 [69]]",4,1,glioma,1,0.09918257594108582,0.8448591629664103,0.05595827133705219
1845,"[[49]
 [48]
 [51]
 [57]
 [50]
 [53]]",1,0,meningioma,0,0.5089355409145355,0.4237096806367238,0.06735477813829978
1846,"[[77]
 [82]
 [48]
 [50]
 [57]
 [50]
 [48]
 [57]
 [69]]",4,1,glioma,1,0.001379853461003222,0.9981242020924886,0.0004959358271889869
1847,"[[77]
 [82]
 [48]
 [50]
 [57]
 [50]
 [48]
 [57]
 [69]]",4,1,glioma,1,0.0013487344076565932,0.9983169635136923,0.0003343441305136234
1848,"[[77]
 [82]
 [48]
 [50]
 [57]
 [50]
 [48]
 [57]
 [69]]",4,1,glioma,1,0.008972757263109088,0.9899115562438965,0.0011156397455730864
1849,"[[77]
 [82]
 [48]
 [50]
 [57]
 [50]
 [48]
 [57]
 [69]]",4,1,glioma,1,0.057172518223524094,0.9418653647104899,0.0009621434158664973
1850,"[[77]
 [82]
 [48]
 [53]
 [51]
 [49]
 [49]
 [48]
 [69]]",3,1,glioma,1,0.0024080988174925246,0.9941892027854919,0.0034026619881236306
1851,"[[77]
 [82]
 [48]
 [53]
 [51]
 [49]
 [49]
 [48]
 [69]]",3,1,glioma,1,0.0008351661478324482,0.9984184304873148,0.0007463831292019071
1852,"[[77]
 [82]
 [48]
 [53]
 [51]
 [49]
 [49]
 [48]
 [69]]",3,1,glioma,1,0.038098582377036415,0.9573694864908854,0.00453193394059781
1853,"[[77]
 [82]
 [48]
 [53]
 [51]
 [49]
 [49]
 [48]
 [69]]",3,1,glioma,1,0.008245425764471292,0.9105105996131897,0.08124397074182828
1854,"[[77]
 [82]
 [48]
 [53]
 [51]
 [49]
 [49]
 [48]
 [69]]",3,1,glioma,1,0.010244820111741623,0.935744841893514,0.054010393718878426
1855,"[[77]
 [82]
 [48]
 [53]
 [51]
 [49]
 [49]
 [48]
 [69]]",3,1,glioma,1,0.00042075803503394127,0.9972559213638306,0.0023232546858101464
1856,"[[49]
 [48]
 [51]
 [57]
 [50]
 [53]]",1,0,meningioma,0,0.6973788936932882,0.23155965159336725,0.07106146030128002
1857,"[[77]
 [82]
 [48]
 [53]
 [51]
 [49]
 [49]
 [48]
 [69]]",3,1,glioma,1,0.005795466480776668,0.9789331952730814,0.015271377090054253
1858,"[[77]
 [82]
 [48]
 [53]
 [51]
 [49]
 [49]
 [48]
 [69]]",3,1,glioma,1,0.003675601522748669,0.9952105283737183,0.001113918731183124
1859,"[[77]
 [82]
 [48]
 [53]
 [51]
 [49]
 [49]
 [48]
 [69]]",3,1,glioma,1,0.0008683474879944697,0.9976183772087097,0.0015132588559936266
1860,"[[77]
 [82]
 [48]
 [53]
 [51]
 [49]
 [49]
 [48]
 [69]]",3,1,glioma,1,0.09512840087215106,0.8973406751950582,0.0075309001161561655
1861,"[[77]
 [82]
 [48]
 [53]
 [51]
 [49]
 [49]
 [48]
 [69]]",3,1,glioma,1,0.013312476376692453,0.9543571670850118,0.03233040782409565
1862,"[[77]
 [82]
 [48]
 [52]
 [57]
 [48]
 [49]
 [57]
 [71]]",0,1,glioma,1,0.0011244732595514506,0.9986337820688883,0.0002418172419614469
1863,"[[77]
 [82]
 [48]
 [52]
 [57]
 [48]
 [49]
 [57]
 [71]]",0,1,glioma,1,0.0006273752296692692,0.9992640018463135,0.00010861342161661014
1864,"[[77]
 [82]
 [48]
 [52]
 [57]
 [48]
 [49]
 [57]
 [71]]",0,1,glioma,1,0.0012231020276279498,0.9983737071355184,0.00040317641105502844
1865,"[[77]
 [82]
 [48]
 [51]
 [49]
 [52]
 [48]
 [57]
 [66]]",3,1,glioma,1,4.686983569020716e-05,0.9934091170628866,0.006544023829822739
1866,"[[77]
 [82]
 [48]
 [51]
 [49]
 [52]
 [48]
 [57]
 [66]]",3,1,glioma,1,8.986912992744086e-06,0.9999222556749979,6.874893369968049e-05
1867,"[[49]
 [48]
 [51]
 [57]
 [50]
 [53]]",1,0,meningioma,1,0.2663346976041794,0.6166165272394816,0.11704880930483341
1868,"[[77]
 [82]
 [48]
 [50]
 [52]
 [55]
 [56]
 [48]
 [68]]",4,1,glioma,1,0.0010339688947169634,0.9963603218396505,0.002605692142727397
1869,"[[77]
 [82]
 [48]
 [50]
 [52]
 [55]
 [56]
 [48]
 [68]]",4,1,glioma,1,0.00013554926989911564,0.9994578957557678,0.00040656557462170895
1870,"[[77]
 [82]
 [48]
 [51]
 [56]
 [52]
 [54]
 [57]]",4,1,glioma,1,0.009919204196194187,0.9824894269307455,0.007591327923970918
1871,"[[77]
 [82]
 [48]
 [51]
 [56]
 [52]
 [54]
 [57]]",4,1,glioma,1,0.009257896260047952,0.986657460530599,0.004084621759830043
1872,"[[77]
 [82]
 [48]
 [51]
 [56]
 [52]
 [54]
 [57]]",4,1,glioma,1,0.005512778323463863,0.9889463384946188,0.005540855971048586
1873,"[[77]
 [82]
 [48]
 [51]
 [56]
 [52]
 [54]
 [57]]",4,1,glioma,1,0.015578930343811711,0.9825019836425781,0.0019190999685937034
1874,"[[77]
 [82]
 [48]
 [51]
 [56]
 [52]
 [54]
 [57]]",4,1,glioma,1,0.0011941521152039059,0.9942217667897543,0.004584052958913769
1875,"[[77]
 [82]
 [48]
 [51]
 [56]
 [52]
 [54]
 [57]]",4,1,glioma,1,0.0013367950687097618,0.977622906366984,0.02104031914495863
1876,"[[77]
 [82]
 [48]
 [51]
 [50]
 [51]
 [50]
 [50]
 [67]]",0,1,glioma,1,0.0011078372384266306,0.9987724423408508,0.00011975058873758826
1877,"[[77]
 [82]
 [48]
 [51]
 [50]
 [51]
 [50]
 [50]
 [67]]",0,1,glioma,1,0.0046166796431255834,0.9953164259592692,6.687242633537001e-05
1878,"[[49]
 [48]
 [52]
 [49]
 [54]
 [55]]",4,0,meningioma,1,0.42834941546122235,0.5603666603565216,0.01128388890841355
1879,"[[77]
 [82]
 [48]
 [51]
 [50]
 [51]
 [50]
 [50]
 [67]]",0,1,glioma,1,0.005809897071837137,0.9941743016242981,1.5782428709106473e-05
1880,"[[77]
 [82]
 [48]
 [51]
 [50]
 [51]
 [50]
 [50]
 [67]]",0,1,glioma,1,0.05833551241084933,0.9414981404940287,0.00016639805501957502
1881,"[[77]
 [82]
 [48]
 [51]
 [50]
 [51]
 [50]
 [50]
 [67]]",0,1,glioma,1,0.13133513554930687,0.8682699799537659,0.0003948721884322974
1882,"[[77]
 [82]
 [48]
 [51]
 [50]
 [51]
 [50]
 [50]
 [67]]",0,1,glioma,0,0.6856066187222799,0.3142698643108209,0.00012346332831233062
1883,"[[77]
 [82]
 [48]
 [51]
 [50]
 [51]
 [50]
 [50]
 [67]]",0,1,glioma,1,0.008638729186107716,0.9872409701347351,0.004120345945314814
1884,"[[77]
 [82]
 [48]
 [51]
 [50]
 [51]
 [50]
 [50]
 [67]]",0,1,glioma,1,0.014404566725715995,0.9844760100046793,0.001119434111994148
1885,"[[77]
 [82]
 [48]
 [51]
 [50]
 [51]
 [50]
 [50]
 [67]]",0,1,glioma,1,0.02254664245992899,0.9768079916636149,0.0006453514882499197
1886,"[[77]
 [82]
 [48]
 [51]
 [50]
 [51]
 [50]
 [50]
 [67]]",0,1,glioma,1,0.013746935408562422,0.9860424598058065,0.00021058514115187185
1887,"[[77]
 [82]
 [48]
 [51]
 [50]
 [51]
 [50]
 [50]
 [67]]",0,1,glioma,1,0.002439108163040752,0.9975078105926514,5.3057219777959595e-05
1888,"[[77]
 [82]
 [48]
 [51]
 [50]
 [51]
 [50]
 [50]
 [67]]",0,1,glioma,1,0.00995531010751923,0.9895230333010355,0.0005216768877289724
1889,"[[49]
 [48]
 [50]
 [54]
 [55]
 [53]]",2,0,meningioma,0,0.9546170035998026,0.04475074261426926,0.0006322101204811285
1890,"[[49]
 [48]
 [52]
 [49]
 [54]
 [55]]",4,0,meningioma,0,0.6963335474332174,0.2764118015766144,0.027254636244227488
1891,"[[77]
 [82]
 [48]
 [51]
 [50]
 [51]
 [50]
 [50]
 [67]]",0,1,glioma,1,0.002469135409531494,0.9974527756373087,7.811683250717276e-05
1892,"[[77]
 [82]
 [48]
 [51]
 [50]
 [51]
 [50]
 [50]
 [67]]",0,1,glioma,1,0.0009945178365645309,0.9989976286888123,7.889830991795558e-06
1893,"[[77]
 [82]
 [48]
 [51]
 [55]
 [52]
 [53]
 [56]
 [66]]",3,1,glioma,0,0.754526158173879,0.2453551267584165,0.0001187236724338921
1894,"[[77]
 [82]
 [48]
 [51]
 [55]
 [52]
 [53]
 [56]
 [66]]",3,1,glioma,1,0.47033488750457764,0.5292583306630453,0.000406760347080611
1895,"[[77]
 [82]
 [48]
 [51]
 [55]
 [52]
 [53]
 [56]
 [66]]",3,1,glioma,1,0.4012669622898102,0.5979004303614298,0.0008325812535379858
1896,"[[77]
 [82]
 [48]
 [51]
 [55]
 [52]
 [53]
 [56]
 [66]]",3,1,glioma,0,0.8887660106023153,0.08877804378668468,0.0224559442140162
1897,"[[77]
 [82]
 [48]
 [51]
 [55]
 [52]
 [53]
 [56]
 [66]]",3,1,glioma,0,0.9517626365025839,0.04774966153005759,0.0004877195290949506
1898,"[[77]
 [82]
 [48]
 [51]
 [55]
 [52]
 [53]
 [56]
 [66]]",3,1,glioma,0,0.7943359216054281,0.20557479560375214,8.925290694605792e-05
1899,"[[77]
 [82]
 [48]
 [51]
 [55]
 [52]
 [53]
 [56]
 [66]]",3,1,glioma,0,0.6698658267656962,0.3300958623488744,3.829419044147168e-05
1900,"[[77]
 [82]
 [48]
 [51]
 [55]
 [52]
 [53]
 [56]
 [66]]",3,1,glioma,1,0.29350896428028744,0.7064852515856425,5.759305201043692e-06
1901,"[[49]
 [48]
 [52]
 [49]
 [54]
 [55]]",4,0,meningioma,0,0.7241053779919943,0.2626654878258705,0.013229127779292563
1902,"[[77]
 [82]
 [48]
 [51]
 [57]
 [52]
 [55]
 [51]]",2,1,glioma,1,0.0013283663817370932,0.9985752105712891,9.648326279905935e-05
1903,"[[77]
 [82]
 [48]
 [51]
 [57]
 [52]
 [55]
 [51]]",2,1,glioma,1,0.0006267916275343547,0.9992576837539673,0.00011547558218201932
1904,"[[77]
 [82]
 [48]
 [51]
 [57]
 [52]
 [55]
 [51]]",2,1,glioma,1,0.0010344744853985806,0.9988508423169454,0.00011472500530847658
1905,"[[77]
 [82]
 [48]
 [51]
 [57]
 [52]
 [55]
 [51]]",2,1,glioma,1,0.02620573031405608,0.9736892580986023,0.00010506137399109623
1906,"[[77]
 [82]
 [48]
 [51]
 [57]
 [52]
 [55]
 [51]
 [66]]",0,1,glioma,1,0.002385133790085092,0.9975793560345968,3.558509494420529e-05
1907,"[[77]
 [82]
 [48]
 [51]
 [57]
 [52]
 [55]
 [51]
 [66]]",0,1,glioma,1,0.002835269745749732,0.9968408544858297,0.0003238847226991008
1908,"[[77]
 [82]
 [48]
 [51]
 [57]
 [52]
 [55]
 [51]
 [66]]",0,1,glioma,1,0.001074889306134234,0.9986037214597067,0.0003214142974078034
1909,"[[77]
 [82]
 [48]
 [51]
 [57]
 [52]
 [55]
 [51]
 [66]]",0,1,glioma,1,0.0007457714358073039,0.9991707801818848,8.346207323484123e-05
1910,"[[77]
 [82]
 [48]
 [51]
 [57]
 [52]
 [55]
 [51]
 [66]]",0,1,glioma,1,0.0018412194670721267,0.9974102973937988,0.0007484702315802375
1911,"[[77]
 [82]
 [48]
 [51]
 [57]
 [52]
 [55]
 [51]
 [66]]",0,1,glioma,1,0.0006206011967151426,0.9993007580439249,7.865002347292223e-05
1912,"[[49]
 [48]
 [52]
 [49]
 [54]
 [55]]",4,0,meningioma,1,0.21400039394696554,0.7101760109265646,0.07582356967031956
1913,"[[77]
 [82]
 [48]
 [51]
 [57]
 [52]
 [55]
 [51]
 [66]]",0,1,glioma,1,0.0023350090050371364,0.9974053303400675,0.00025967764061836834
1914,"[[77]
 [82]
 [48]
 [51]
 [57]
 [52]
 [55]
 [51]
 [66]]",0,1,glioma,1,0.0020445515983738005,0.9978501995404562,0.00010522452582032808
1915,"[[77]
 [82]
 [48]
 [51]
 [57]
 [52]
 [55]
 [51]
 [66]]",0,1,glioma,1,0.0015044563818567742,0.9984386364618937,5.6855566981539596e-05
1916,"[[77]
 [82]
 [48]
 [51]
 [55]
 [52]
 [53]
 [56]
 [67]]",2,1,glioma,1,0.00797464077671369,0.983901580174764,0.008123738147939244
1917,"[[77]
 [82]
 [48]
 [51]
 [55]
 [52]
 [53]
 [56]
 [67]]",2,1,glioma,1,0.0045776514646907645,0.9944843649864197,0.0009380171347099046
1918,"[[77]
 [82]
 [48]
 [51]
 [55]
 [52]
 [53]
 [56]
 [67]]",2,1,glioma,1,0.03640062672396501,0.9558164278666178,0.00778294843621552
1919,"[[77]
 [82]
 [48]
 [51]
 [55]
 [52]
 [53]
 [56]
 [67]]",2,1,glioma,1,0.028841599822044373,0.8413892785708109,0.12976916568974653
1920,"[[77]
 [82]
 [48]
 [51]
 [55]
 [52]
 [53]
 [56]
 [67]]",2,1,glioma,1,0.012149867601692677,0.9725205302238464,0.015329595344762007
1921,"[[77]
 [82]
 [48]
 [51]
 [55]
 [52]
 [53]
 [56]
 [67]]",2,1,glioma,1,0.003236160962842405,0.996379534403483,0.00038425536088955897
1922,"[[77]
 [82]
 [48]
 [51]
 [55]
 [52]
 [53]
 [56]
 [67]]",2,1,glioma,1,0.029757395386695862,0.9636186162630717,0.006624030104527871
1923,"[[49]
 [48]
 [52]
 [49]
 [54]
 [55]]",4,0,meningioma,0,0.8650420506795248,0.0926562175154686,0.04230174173911413
1924,"[[77]
 [82]
 [48]
 [51]
 [55]
 [52]
 [53]
 [56]
 [67]]",2,1,glioma,1,0.08195712541540463,0.9150148232777914,0.0030280354355151453
1925,"[[77]
 [82]
 [48]
 [50]
 [57]
 [50]
 [48]
 [57]
 [69]]",4,1,glioma,1,0.00196111212062533,0.9980359474817911,2.961782347862818e-06
1926,"[[77]
 [82]
 [48]
 [50]
 [57]
 [50]
 [48]
 [57]
 [69]]",4,1,glioma,1,0.0026829605437039086,0.9972789883613586,3.806093935487809e-05
1927,"[[77]
 [82]
 [48]
 [50]
 [57]
 [50]
 [48]
 [57]
 [69]]",4,1,glioma,1,0.003637298046669457,0.9960997303326925,0.00026301781751196057
1928,"[[77]
 [82]
 [48]
 [50]
 [57]
 [50]
 [48]
 [57]
 [69]]",4,1,glioma,1,0.007905419362941757,0.9895495971043905,0.002544952934840694
1929,"[[77]
 [82]
 [48]
 [50]
 [57]
 [50]
 [48]
 [57]
 [69]]",4,1,glioma,1,0.011263040699608004,0.9871025880177816,0.0016343669431080343
1930,"[[77]
 [82]
 [48]
 [50]
 [57]
 [50]
 [48]
 [57]
 [69]]",4,1,glioma,1,0.00312636846016782,0.9966296950976054,0.00024393592196088795
1931,"[[77]
 [82]
 [48]
 [50]
 [57]
 [50]
 [48]
 [57]
 [69]]",4,1,glioma,1,0.055638626838723816,0.943354606628418,0.0010067324255942367
1932,"[[77]
 [82]
 [48]
 [53]
 [51]
 [49]
 [49]
 [48]
 [69]]",3,1,glioma,1,0.0017917780205607414,0.9979273676872253,0.0002808314387342155
1933,"[[77]
 [82]
 [48]
 [53]
 [51]
 [49]
 [49]
 [48]
 [69]]",3,1,glioma,1,0.09964379668235779,0.8970186710357666,0.0033375580484668412
1934,"[[49]
 [48]
 [52]
 [49]
 [54]
 [55]]",4,0,meningioma,1,0.491742879152298,0.4947864313920339,0.01347071297156314
1935,"[[77]
 [82]
 [48]
 [53]
 [51]
 [49]
 [49]
 [48]
 [69]]",3,1,glioma,1,0.029887293310215075,0.9698270757993063,0.00028564394544143096
1936,"[[77]
 [82]
 [48]
 [53]
 [51]
 [49]
 [49]
 [48]
 [69]]",3,1,glioma,1,0.07961247861385345,0.9195354779561361,0.0008520919000147842
1937,"[[77]
 [82]
 [48]
 [53]
 [51]
 [49]
 [49]
 [48]
 [69]]",3,1,glioma,1,0.012465376988984644,0.9875279466311137,6.6835593581042e-06
1938,"[[77]
 [82]
 [48]
 [52]
 [57]
 [48]
 [49]
 [57]
 [71]]",0,1,glioma,1,0.0017479202651884407,0.9981100956598917,0.00014200142807870483
1939,"[[77]
 [82]
 [48]
 [52]
 [57]
 [48]
 [49]
 [57]
 [71]]",0,1,glioma,1,0.03069276176393032,0.9660011529922485,0.0033060726321612797
1940,"[[77]
 [82]
 [48]
 [52]
 [57]
 [48]
 [49]
 [57]
 [71]]",0,1,glioma,1,0.012621817023803791,0.6670750975608826,0.3203031172355016
1941,"[[77]
 [82]
 [48]
 [52]
 [57]
 [48]
 [49]
 [57]
 [71]]",0,1,glioma,2,0.026404795236885548,0.4389292001724243,0.534665991862615
1942,"[[77]
 [82]
 [48]
 [52]
 [57]
 [48]
 [49]
 [57]
 [71]]",0,1,glioma,1,0.02344610169529915,0.7853568196296692,0.1911971097191175
1943,"[[77]
 [82]
 [48]
 [51]
 [49]
 [52]
 [48]
 [57]
 [66]]",3,1,glioma,1,0.00016391451936215162,0.999757707118988,7.839557412125941e-05
1944,"[[77]
 [82]
 [48]
 [51]
 [49]
 [52]
 [48]
 [57]
 [66]]",3,1,glioma,1,0.00038184049481060356,0.9972486098607382,0.0023695804423671993
1945,"[[49]
 [48]
 [52]
 [50]
 [56]
 [49]]",3,0,meningioma,0,0.757865826288859,0.24188230435053507,0.0002519056332251542
1946,"[[77]
 [82]
 [48]
 [50]
 [52]
 [55]
 [56]
 [48]
 [68]]",4,1,glioma,1,0.026500046175594132,0.9719465573628744,0.001553351057130688
1947,"[[77]
 [82]
 [48]
 [50]
 [52]
 [55]
 [56]
 [48]
 [68]]",4,1,glioma,1,0.024702128643790882,0.9709686040878296,0.004329262689376871
1948,"[[77]
 [82]
 [48]
 [50]
 [52]
 [55]
 [56]
 [48]
 [68]]",4,1,glioma,1,0.007764263699452083,0.9920189579327902,0.00021678523592072452
1949,"[[77]
 [82]
 [48]
 [51]
 [56]
 [52]
 [54]
 [57]]",4,1,glioma,0,0.6456829508145651,0.13677329818407694,0.21754374789694944
1950,"[[77]
 [82]
 [48]
 [51]
 [56]
 [52]
 [54]
 [57]]",4,1,glioma,1,0.24953080217043558,0.6211983561515808,0.12927085688958564
1951,"[[77]
 [82]
 [48]
 [51]
 [56]
 [52]
 [54]
 [57]]",4,1,glioma,1,0.07555213073889415,0.8954383333524069,0.02900955593213439
1952,"[[77]
 [82]
 [48]
 [51]
 [56]
 [52]
 [54]
 [57]]",4,1,glioma,1,0.043008800595998764,0.9405478636423746,0.016443321578359853
1953,"[[77]
 [82]
 [48]
 [51]
 [56]
 [52]
 [54]
 [57]]",4,1,glioma,1,0.2714262654383977,0.7273468772570292,0.001226827140574945
1954,"[[77]
 [82]
 [48]
 [51]
 [50]
 [51]
 [50]
 [50]
 [67]]",0,1,glioma,1,0.004136084161776428,0.995858371257782,5.552689547272394e-06
1955,"[[77]
 [82]
 [48]
 [51]
 [50]
 [51]
 [50]
 [50]
 [67]]",0,1,glioma,1,0.015196708807100853,0.9847825765609741,2.0785263302514068e-05
1956,"[[49]
 [48]
 [52]
 [50]
 [56]
 [49]]",3,0,meningioma,0,0.9099851846694946,0.08738965665300687,0.0026251593371853232
1957,"[[77]
 [82]
 [48]
 [51]
 [50]
 [51]
 [50]
 [50]
 [67]]",0,1,glioma,1,0.040008900997539364,0.9575395385424296,0.002451559315280368
1958,"[[77]
 [82]
 [48]
 [51]
 [50]
 [51]
 [50]
 [50]
 [67]]",0,1,glioma,1,0.157954973479112,0.8373388250668844,0.004706219498378535
1959,"[[77]
 [82]
 [48]
 [51]
 [50]
 [51]
 [50]
 [50]
 [67]]",0,1,glioma,1,0.19855926434199014,0.7805585861206055,0.02088213711977005
1960,"[[77]
 [82]
 [48]
 [51]
 [50]
 [51]
 [50]
 [50]
 [67]]",0,1,glioma,1,0.04516425232092539,0.9475387334823608,0.007297049819802244
1961,"[[77]
 [82]
 [48]
 [51]
 [50]
 [51]
 [50]
 [50]
 [67]]",0,1,glioma,1,0.03264397010207176,0.8187382221221924,0.14861778790752092
1962,"[[77]
 [82]
 [48]
 [51]
 [50]
 [51]
 [50]
 [50]
 [67]]",0,1,glioma,1,0.0008799267804230718,0.9989745616912842,0.00014551102746433267
1963,"[[77]
 [82]
 [48]
 [51]
 [50]
 [51]
 [50]
 [50]
 [67]]",0,1,glioma,1,0.0058748173372199135,0.992344876130422,0.0017803112762824942
1964,"[[77]
 [82]
 [48]
 [51]
 [50]
 [51]
 [50]
 [50]
 [67]]",0,1,glioma,1,0.002073112273743997,0.9976187944412231,0.00030811234076585
1965,"[[77]
 [82]
 [48]
 [51]
 [50]
 [51]
 [50]
 [50]
 [67]]",0,1,glioma,1,0.020785024700065453,0.9767411152521769,0.00247389409923926
1966,"[[77]
 [82]
 [48]
 [51]
 [55]
 [52]
 [53]
 [56]
 [66]]",3,1,glioma,1,0.07275738691290219,0.9272337754567465,8.87593436023811e-06
1967,"[[49]
 [48]
 [52]
 [50]
 [56]
 [49]]",3,0,meningioma,0,0.9763599038124084,0.01710023544728756,0.006539840290012459
1968,"[[77]
 [82]
 [48]
 [51]
 [55]
 [52]
 [53]
 [56]
 [66]]",3,1,glioma,1,0.1259337179362774,0.8739900787671407,7.624317403080265e-05
1969,"[[77]
 [82]
 [48]
 [51]
 [55]
 [52]
 [53]
 [56]
 [66]]",3,1,glioma,1,0.4326193829377492,0.5672247310479482,0.00015585513316788516
1970,"[[77]
 [82]
 [48]
 [51]
 [55]
 [52]
 [53]
 [56]
 [66]]",3,1,glioma,1,0.4463887910048167,0.5534823536872864,0.00012885440916458416
1971,"[[77]
 [82]
 [48]
 [51]
 [55]
 [52]
 [53]
 [56]
 [66]]",3,1,glioma,0,0.7626724243164062,0.2350290318330129,0.0022985159545593583
1972,"[[77]
 [82]
 [48]
 [51]
 [57]
 [52]
 [55]
 [51]]",2,1,glioma,1,0.3547730992237727,0.6411701242129008,0.004056723982406159
1973,"[[77]
 [82]
 [48]
 [51]
 [57]
 [52]
 [55]
 [51]]",2,1,glioma,1,0.001043503638356924,0.99866783618927,0.00028872037849699456
1974,"[[77]
 [82]
 [48]
 [51]
 [57]
 [52]
 [55]
 [51]]",2,1,glioma,1,0.015549664696057638,0.9673721392949423,0.017078259804596502
1975,"[[77]
 [82]
 [48]
 [51]
 [57]
 [52]
 [55]
 [51]]",2,1,glioma,1,0.00041170923699003953,0.998808761437734,0.0007795646185210595
1976,"[[77]
 [82]
 [48]
 [51]
 [57]
 [52]
 [55]
 [51]]",2,1,glioma,1,0.002110952123378714,0.9929784933725992,0.004910574430444588
1977,"[[77]
 [82]
 [48]
 [51]
 [57]
 [52]
 [55]
 [51]]",2,1,glioma,1,0.06297286289433639,0.8588783343633016,0.07814880227670074
1978,"[[49]
 [48]
 [52]
 [50]
 [56]
 [49]]",3,0,meningioma,0,0.8060846328735352,0.19343188405036926,0.0004835185391129926
1979,"[[77]
 [82]
 [48]
 [51]
 [57]
 [52]
 [55]
 [51]
 [66]]",0,1,glioma,1,0.040770346919695534,0.9579597314198812,0.0012699350675878425
1980,"[[77]
 [82]
 [48]
 [51]
 [57]
 [52]
 [55]
 [51]
 [66]]",0,1,glioma,1,0.018187154705325764,0.9800848166147867,0.001728046025770406
1981,"[[77]
 [82]
 [48]
 [51]
 [57]
 [52]
 [55]
 [51]
 [66]]",0,1,glioma,1,0.02502080410098036,0.9701740344365438,0.004805197784056266
1982,"[[77]
 [82]
 [48]
 [51]
 [57]
 [52]
 [55]
 [51]
 [66]]",0,1,glioma,1,0.02855486919482549,0.9666356841723124,0.004809452686458826
1983,"[[77]
 [82]
 [48]
 [51]
 [57]
 [52]
 [55]
 [51]
 [66]]",0,1,glioma,1,0.00431703170761466,0.9932548403739929,0.0024280667615433535
1984,"[[77]
 [82]
 [48]
 [51]
 [57]
 [52]
 [55]
 [51]
 [66]]",0,1,glioma,1,0.052551547065377235,0.6542773246765137,0.2931711326042811
1985,"[[77]
 [82]
 [48]
 [51]
 [57]
 [52]
 [55]
 [51]
 [66]]",0,1,glioma,1,0.023093041653434437,0.9752638737360636,0.0016430673034240801
1986,"[[77]
 [82]
 [48]
 [52]
 [48]
 [50]
 [52]
 [48]]",3,1,glioma,1,0.04463333279515306,0.9420522252718607,0.01331441787381967
1987,"[[77]
 [82]
 [48]
 [52]
 [48]
 [50]
 [52]
 [48]]",3,1,glioma,1,0.02353257903208335,0.9630148808161417,0.01345254659342269
1988,"[[77]
 [82]
 [48]
 [52]
 [48]
 [50]
 [52]
 [48]]",3,1,glioma,1,0.23553451895713806,0.72724316517512,0.03722234535962343
1989,"[[49]
 [48]
 [52]
 [50]
 [56]
 [49]]",3,0,meningioma,0,0.9946938951810201,0.00529032697280248,1.5773099524570473e-05
1990,"[[77]
 [82]
 [48]
 [52]
 [48]
 [50]
 [52]
 [48]]",3,1,glioma,1,0.015829818633695442,0.9751438498497009,0.00902638152668563
1991,"[[77]
 [82]
 [48]
 [52]
 [48]
 [50]
 [52]
 [48]]",3,1,glioma,1,0.03006778160730998,0.9671827952067057,0.0027494336900417693
1992,"[[77]
 [82]
 [48]
 [52]
 [48]
 [50]
 [52]
 [48]]",3,1,glioma,1,0.39456912875175476,0.6026479601860046,0.002782900109499072
1993,"[[77]
 [82]
 [48]
 [52]
 [48]
 [50]
 [52]
 [48]]",3,1,glioma,1,0.4003813664118449,0.5877508819103241,0.011867757304571569
1994,"[[77]
 [82]
 [48]
 [52]
 [48]
 [50]
 [52]
 [48]]",3,1,glioma,1,0.04933680004129807,0.9490447441736857,0.0016184153525197569
1995,"[[77]
 [82]
 [48]
 [52]
 [48]
 [50]
 [52]
 [48]
 [66]]",3,1,glioma,1,1.7662966304972844e-05,0.999647835890452,0.0003345386342819741
1996,"[[77]
 [82]
 [48]
 [52]
 [48]
 [50]
 [52]
 [48]
 [66]]",3,1,glioma,1,7.339818451631193e-05,0.9998358885447184,9.07105297377105e-05
1997,"[[77]
 [82]
 [48]
 [52]
 [48]
 [50]
 [52]
 [48]
 [66]]",3,1,glioma,1,0.01716098701581359,0.9710114995638529,0.0118274585402105
1998,"[[77]
 [82]
 [48]
 [52]
 [48]
 [50]
 [52]
 [48]
 [66]]",3,1,glioma,1,0.0239505631228288,0.9749711751937866,0.0010782594072225038
1999,"[[77]
 [82]
 [48]
 [52]
 [48]
 [50]
 [52]
 [48]
 [66]]",3,1,glioma,1,0.009005845058709383,0.9883445700009664,0.002649605623446405
2000,"[[49]
 [48]
 [50]
 [55]
 [49]
 [52]]",4,0,meningioma,1,0.302167609333992,0.6079532901446024,0.08987908562024434
2001,"[[49]
 [48]
 [52]
 [50]
 [56]
 [49]]",3,0,meningioma,0,0.8792454401652018,0.11624547590812047,0.004509074497036636
2002,"[[77]
 [82]
 [48]
 [50]
 [57]
 [50]
 [48]
 [57]
 [71]]",1,1,glioma,1,7.48003709910942e-05,0.9998600085576376,6.522922996055058e-05
2003,"[[77]
 [82]
 [48]
 [50]
 [57]
 [50]
 [48]
 [57]
 [71]]",1,1,glioma,1,0.0003583285288186744,0.999495267868042,0.00014637389798129638
2004,"[[77]
 [82]
 [48]
 [50]
 [57]
 [50]
 [48]
 [57]
 [71]]",1,1,glioma,1,0.004616847222981353,0.9953564008076986,2.677323179038164e-05
2005,"[[77]
 [82]
 [48]
 [50]
 [57]
 [50]
 [48]
 [57]
 [71]]",1,1,glioma,1,0.0016199595605333645,0.9983401894569397,3.978519498559763e-05
2006,"[[77]
 [82]
 [48]
 [50]
 [57]
 [50]
 [48]
 [57]
 [71]]",1,1,glioma,1,0.003641992613362769,0.9651047388712565,0.03125325730070472
2007,"[[77]
 [82]
 [48]
 [51]
 [54]
 [52]
 [57]
 [54]
 [66]]",4,1,glioma,1,0.0003205150068576283,0.9995632767677307,0.0001162162475528324
2008,"[[77]
 [82]
 [48]
 [51]
 [54]
 [52]
 [57]
 [54]
 [66]]",4,1,glioma,1,0.00031938805022946326,0.9996021588643392,7.847668034817919e-05
2009,"[[77]
 [82]
 [48]
 [51]
 [54]
 [52]
 [57]
 [54]
 [66]]",4,1,glioma,1,0.00045000778178897843,0.9995196859041849,3.030857635148247e-05
2010,"[[77]
 [82]
 [48]
 [51]
 [54]
 [52]
 [57]
 [54]
 [66]]",4,1,glioma,1,0.0012868370067735668,0.9986733198165894,3.9797016505360716e-05
2011,"[[77]
 [82]
 [48]
 [51]
 [51]
 [52]
 [50]
 [48]]",0,1,glioma,1,0.0043554978134731455,0.9955291350682577,0.00011537177548840798
2012,"[[49]
 [48]
 [53]
 [51]
 [55]
 [52]]",3,0,meningioma,0,0.7841508388519287,0.20606539398431778,0.009783777097860972
2013,"[[77]
 [82]
 [48]
 [51]
 [51]
 [52]
 [50]
 [48]]",0,1,glioma,1,0.002020376482202361,0.9979271491368612,5.245941641381554e-05
2014,"[[77]
 [82]
 [48]
 [51]
 [51]
 [52]
 [50]
 [48]]",0,1,glioma,1,0.0009679990301568372,0.9990142583847046,1.775358176322091e-05
2015,"[[77]
 [82]
 [48]
 [51]
 [51]
 [52]
 [50]
 [48]]",0,1,glioma,1,0.024945808574557304,0.9737314581871033,0.0013228262735841174
2016,"[[77]
 [82]
 [48]
 [51]
 [51]
 [52]
 [50]
 [48]]",0,1,glioma,1,0.03956185777982076,0.9414442777633667,0.018993848624328773
2017,"[[77]
 [82]
 [48]
 [51]
 [51]
 [52]
 [50]
 [48]]",0,1,glioma,1,0.18787835041681925,0.6616100072860718,0.1505116249124209
2018,"[[77]
 [82]
 [48]
 [51]
 [51]
 [52]
 [50]
 [48]]",0,1,glioma,1,0.012761803421502313,0.9850380023320516,0.0022001334776480994
2019,"[[77]
 [82]
 [48]
 [51]
 [51]
 [52]
 [50]
 [48]]",0,1,glioma,1,0.004229597184651841,0.9955654342969259,0.0002049554077530047
2020,"[[77]
 [82]
 [48]
 [50]
 [52]
 [55]
 [56]
 [48]
 [66]]",0,1,glioma,1,0.021351502432177465,0.9766441583633423,0.0020043328016375503
2021,"[[77]
 [82]
 [48]
 [50]
 [52]
 [55]
 [56]
 [48]
 [66]]",0,1,glioma,1,0.02073420366893212,0.979011595249176,0.00025418581693278003
2022,"[[77]
 [82]
 [48]
 [50]
 [52]
 [55]
 [56]
 [48]
 [66]]",0,1,glioma,1,0.01230165253703793,0.9876179297765096,8.04185880648826e-05
2023,"[[49]
 [48]
 [53]
 [51]
 [55]
 [52]]",3,0,meningioma,0,0.8787161707878113,0.10472595691680908,0.01655785188389321
2024,"[[77]
 [82]
 [48]
 [50]
 [52]
 [55]
 [56]
 [48]
 [66]]",0,1,glioma,1,0.0160817791086932,0.9838866392771403,3.161536432116918e-05
2025,"[[77]
 [82]
 [48]
 [51]
 [51]
 [51]
 [56]
 [57]
 [66]]",3,1,glioma,1,9.798586537120476e-06,0.999990185101827,3.550472340536787e-08
2026,"[[77]
 [82]
 [48]
 [52]
 [56]
 [50]
 [57]
 [52]]",0,1,glioma,1,0.01266862234721581,0.98675004641215,0.0005813171834840128
2027,"[[77]
 [82]
 [48]
 [52]
 [56]
 [50]
 [57]
 [55]]",4,1,glioma,1,0.09806815659006436,0.9018277327219645,0.00010412485734778709
2028,"[[77]
 [82]
 [48]
 [52]
 [56]
 [50]
 [57]
 [55]]",4,1,glioma,1,0.004995930047395329,0.9949779907862345,2.6090406277508766e-05
2029,"[[77]
 [82]
 [48]
 [52]
 [56]
 [50]
 [57]
 [55]]",4,1,glioma,1,0.0006697863930943034,0.9993184606234232,1.173911482799106e-05
2030,"[[77]
 [82]
 [48]
 [52]
 [56]
 [50]
 [57]
 [55]]",4,1,glioma,1,0.0015792241947565344,0.9982675512631735,0.00015321399682477477
2031,"[[77]
 [82]
 [48]
 [52]
 [56]
 [50]
 [57]
 [55]]",4,1,glioma,1,0.010938977124169469,0.9884848197301229,0.0005761427360084781
2032,"[[77]
 [82]
 [48]
 [52]
 [56]
 [50]
 [57]
 [55]]",4,1,glioma,1,0.0020086872924972945,0.9979124069213867,7.891403869090634e-05
2033,"[[77]
 [82]
 [48]
 [52]
 [56]
 [50]
 [57]
 [55]]",4,1,glioma,1,0.00011424487438442081,0.9998158812522888,6.986892695692859e-05
2034,"[[49]
 [48]
 [53]
 [53]
 [53]
 [53]]",2,0,meningioma,1,0.4564984341462453,0.5429800351460775,0.0005215433678434541
2035,"[[77]
 [82]
 [48]
 [52]
 [56]
 [50]
 [57]
 [55]]",4,1,glioma,1,2.6216110618149102e-05,0.9999358852704366,3.7906490673552305e-05
2036,"[[77]
 [82]
 [48]
 [52]
 [56]
 [50]
 [57]
 [52]
 [66]]",4,1,glioma,1,0.004154257980796198,0.9958344101905823,1.133065744829409e-05
2037,"[[77]
 [82]
 [48]
 [52]
 [56]
 [50]
 [57]
 [52]
 [66]]",4,1,glioma,1,0.0005058891147200484,0.9994609753290812,3.3155449229364344e-05
2038,"[[77]
 [82]
 [48]
 [52]
 [56]
 [50]
 [57]
 [52]
 [66]]",4,1,glioma,1,0.0013300411762126412,0.9986071785291036,6.276093916331622e-05
2039,"[[77]
 [82]
 [48]
 [52]
 [56]
 [50]
 [57]
 [52]
 [66]]",4,1,glioma,1,4.68489810453813e-05,0.999891479810079,6.167618957893713e-05
2040,"[[77]
 [82]
 [48]
 [52]
 [56]
 [50]
 [57]
 [52]
 [66]]",4,1,glioma,1,0.00029935770680822316,0.9994392792383829,0.0002613890977348395
2041,"[[77]
 [82]
 [48]
 [52]
 [56]
 [50]
 [57]
 [52]
 [66]]",4,1,glioma,1,0.002970067552269029,0.963817278544108,0.03321264734646926
2042,"[[77]
 [82]
 [48]
 [52]
 [56]
 [54]
 [50]
 [49]
 [66]]",0,1,glioma,1,0.03311948850750923,0.9642345507939657,0.002645985863637179
2043,"[[77]
 [82]
 [48]
 [52]
 [56]
 [54]
 [50]
 [49]
 [66]]",0,1,glioma,1,0.01332256153303509,0.9862700700759888,0.0004073502738416816
2044,"[[77]
 [82]
 [48]
 [52]
 [56]
 [54]
 [50]
 [49]
 [66]]",0,1,glioma,1,0.002496033033821732,0.9974355498949686,6.841688536951551e-05
2045,"[[49]
 [48]
 [53]
 [53]
 [53]
 [53]]",2,0,meningioma,0,0.7566834489504496,0.2239273339509964,0.019389198472102482
2046,"[[77]
 [82]
 [48]
 [52]
 [56]
 [57]
 [52]
 [52]]",4,1,glioma,1,0.0067692650482058525,0.9927636782328287,0.00046706153079867363
2047,"[[77]
 [82]
 [48]
 [52]
 [56]
 [57]
 [52]
 [52]]",4,1,glioma,1,0.011251219761713097,0.9809766809145609,0.00777208788349526
2048,"[[77]
 [82]
 [48]
 [52]
 [56]
 [57]
 [52]
 [52]]",4,1,glioma,1,0.0021406997002486605,0.9974881807963053,0.000371129149148904
2049,"[[77]
 [82]
 [48]
 [52]
 [56]
 [57]
 [52]
 [52]]",4,1,glioma,1,0.00023886935590174593,0.9996082782745361,0.00015281770284521676
2050,"[[77]
 [82]
 [48]
 [52]
 [56]
 [57]
 [52]
 [52]]",4,1,glioma,1,0.012379176875886818,0.9709983070691427,0.016622487809703063
2051,"[[77]
 [82]
 [48]
 [52]
 [56]
 [57]
 [52]
 [52]]",4,1,glioma,1,0.002603735241185253,0.9921596646308899,0.005236552407344182
2052,"[[77]
 [82]
 [48]
 [52]
 [56]
 [57]
 [57]
 [52]]",1,1,glioma,1,0.1797636623183886,0.42297719419002533,0.397259126106898
2053,"[[77]
 [82]
 [48]
 [52]
 [56]
 [57]
 [57]
 [52]]",1,1,glioma,1,0.4082343876361847,0.46321967244148254,0.12854592502117157
2054,"[[77]
 [82]
 [48]
 [52]
 [56]
 [57]
 [57]
 [52]]",1,1,glioma,0,0.6232228378454844,0.20063905169566473,0.17613809555768967
2055,"[[77]
 [82]
 [48]
 [52]
 [56]
 [57]
 [57]
 [52]]",1,1,glioma,0,0.8434188365936279,0.1401126909380158,0.01646849016348521
2056,"[[49]
 [48]
 [53]
 [53]
 [53]
 [53]]",2,0,meningioma,0,0.5026693542798361,0.4969450831413269,0.00038555865224528435
2057,"[[77]
 [82]
 [48]
 [52]
 [56]
 [57]
 [57]
 [52]]",1,1,glioma,0,0.7465831637382507,0.2530995383858681,0.0003173177453087798
2058,"[[77]
 [82]
 [48]
 [52]
 [56]
 [57]
 [57]
 [52]]",1,1,glioma,0,0.8372206886609396,0.16276094069083533,1.8331793967263366e-05
2059,"[[77]
 [82]
 [48]
 [52]
 [56]
 [57]
 [57]
 [52]]",1,1,glioma,1,0.2957524706919988,0.7040648659070333,0.00018263367959055662
2060,"[[77]
 [82]
 [48]
 [52]
 [56]
 [57]
 [57]
 [52]]",1,1,glioma,1,0.08389101301630338,0.916039228439331,6.973631396552567e-05
2061,"[[77]
 [82]
 [48]
 [52]
 [57]
 [49]
 [48]
 [52]]",3,1,glioma,1,0.0041620521030078335,0.6533833717306455,0.34245456630984944
2062,"[[77]
 [82]
 [48]
 [52]
 [57]
 [49]
 [48]
 [52]]",3,1,glioma,1,1.1069071736831878e-05,0.9961943825085958,0.003794548324852561
2063,"[[77]
 [82]
 [48]
 [52]
 [57]
 [49]
 [48]
 [52]]",3,1,glioma,1,0.041625616140663624,0.8662146925926208,0.09215968703695883
2064,"[[77]
 [82]
 [48]
 [52]
 [57]
 [49]
 [48]
 [52]]",3,1,glioma,1,0.0005479694858271008,0.9992913405100504,0.00016063995379530147
2065,"[[77]
 [82]
 [48]
 [52]
 [57]
 [49]
 [52]
 [50]]",2,1,glioma,0,0.5907233357429504,0.018179181963205338,0.3910974363485972
2066,"[[77]
 [82]
 [48]
 [52]
 [57]
 [49]
 [52]
 [50]]",2,1,glioma,0,0.9289234677950541,0.06660719215869904,0.004469374311156571
2067,"[[49]
 [48]
 [53]
 [57]
 [51]
 [55]]",2,0,meningioma,0,0.5213592747847239,0.07210904732346535,0.406531701485316
2068,"[[77]
 [82]
 [48]
 [52]
 [57]
 [49]
 [52]
 [50]]",2,1,glioma,0,0.793097714583079,0.1421955699721972,0.0647067092359066
2069,"[[77]
 [82]
 [48]
 [52]
 [56]
 [57]
 [57]
 [52]
 [66]]",3,1,glioma,1,4.748717340892957e-05,0.9995532433191935,0.00039925994497025385
2070,"[[77]
 [82]
 [48]
 [52]
 [56]
 [57]
 [57]
 [52]
 [66]]",3,1,glioma,1,0.0006611158217613896,0.9947815338770548,0.004557390037613611
2071,"[[77]
 [82]
 [48]
 [52]
 [56]
 [57]
 [57]
 [52]
 [66]]",3,1,glioma,1,3.293130187861001e-05,0.9999551773071289,1.185327948860504e-05
2072,"[[77]
 [82]
 [48]
 [52]
 [56]
 [57]
 [57]
 [52]
 [66]]",3,1,glioma,1,0.0005288973237232616,0.9994242191314697,4.693614528150647e-05
2073,"[[77]
 [82]
 [48]
 [52]
 [56]
 [57]
 [57]
 [52]
 [66]]",3,1,glioma,1,0.04089271525541941,0.9510764678319296,0.008030799372742573
2074,"[[77]
 [82]
 [48]
 [52]
 [57]
 [51]
 [53]
 [56]]",2,1,glioma,1,0.027807055972516537,0.9721823533376058,1.0621691217238549e-05
2075,"[[77]
 [82]
 [48]
 [52]
 [57]
 [51]
 [53]
 [56]]",2,1,glioma,1,0.01158448588103056,0.9883792400360107,3.625622503022896e-05
2076,"[[77]
 [82]
 [48]
 [52]
 [57]
 [51]
 [53]
 [56]]",2,1,glioma,1,0.010496788813422123,0.9892854690551758,0.0002176931690579901
2077,"[[77]
 [82]
 [48]
 [52]
 [57]
 [51]
 [53]
 [56]]",2,1,glioma,1,0.020624018895129364,0.9790436426798502,0.0003323350683785975
2078,"[[49]
 [48]
 [53]
 [57]
 [51]
 [55]]",2,0,meningioma,0,0.8459864656130472,0.00901408726349473,0.14499942834178606
2079,"[[77]
 [82]
 [48]
 [52]
 [57]
 [51]
 [53]
 [56]]",2,1,glioma,1,0.14304479211568832,0.8334270517031351,0.023528131966789562
2080,"[[77]
 [82]
 [48]
 [52]
 [57]
 [51]
 [53]
 [56]]",2,1,glioma,1,0.05489817882577578,0.920358677705129,0.024743140675127506
2081,"[[77]
 [82]
 [48]
 [52]
 [57]
 [51]
 [53]
 [56]]",2,1,glioma,1,0.008345019072294235,0.9874716401100159,0.004183321706174563
2082,"[[77]
 [82]
 [48]
 [52]
 [57]
 [49]
 [48]
 [52]
 [66]]",4,1,glioma,1,0.00016390155117089003,0.9993903636932373,0.0004457312980813792
2083,"[[77]
 [82]
 [48]
 [52]
 [57]
 [49]
 [48]
 [52]
 [66]]",4,1,glioma,1,0.00012204637376574586,0.9995683630307516,0.0003095676873575333
2084,"[[77]
 [82]
 [48]
 [52]
 [57]
 [49]
 [48]
 [52]
 [66]]",4,1,glioma,1,0.00029789254328231135,0.9993279774983724,0.0003741428251184213
2085,"[[77]
 [82]
 [48]
 [52]
 [57]
 [52]
 [53]
 [51]]",1,1,glioma,1,0.006831736885942519,0.9110632936159769,0.08210497039059798
2086,"[[77]
 [82]
 [48]
 [52]
 [57]
 [52]
 [53]
 [51]]",1,1,glioma,1,0.002904954473099982,0.9322071075439453,0.06488798349164426
2087,"[[77]
 [82]
 [48]
 [52]
 [57]
 [52]
 [53]
 [51]]",1,1,glioma,1,0.00021532670507440343,0.9997766812642416,8.022855373231627e-06
2088,"[[77]
 [82]
 [48]
 [52]
 [57]
 [52]
 [53]
 [51]]",1,1,glioma,1,0.012217944022268057,0.9876680175463358,0.00011405982938110053
2089,"[[49]
 [48]
 [53]
 [57]
 [51]
 [55]]",2,0,meningioma,0,0.7922948002815247,0.01626044511795044,0.19144474218289056
2090,"[[77]
 [82]
 [48]
 [52]
 [57]
 [52]
 [53]
 [51]]",1,1,glioma,1,0.05028135267396768,0.9406807025273641,0.009037961640084783
2091,"[[77]
 [82]
 [48]
 [52]
 [57]
 [52]
 [53]
 [51]]",1,1,glioma,1,0.006169792575140794,0.9924597144126892,0.0013704726588912308
2092,"[[77]
 [82]
 [48]
 [52]
 [57]
 [52]
 [53]
 [51]]",1,1,glioma,1,0.00975973547125856,0.9891554713249207,0.0010847571102203801
2093,"[[77]
 [82]
 [48]
 [52]
 [57]
 [52]
 [53]
 [51]]",1,1,glioma,1,0.403549258907636,0.5959127942721049,0.0005379492892340446
2094,"[[77]
 [82]
 [48]
 [52]
 [57]
 [52]
 [53]
 [51]]",1,1,glioma,1,0.0069714947215591865,0.9930237929026285,4.707308169334586e-06
2095,"[[77]
 [82]
 [48]
 [50]
 [52]
 [55]
 [56]
 [48]
 [71]]",4,1,glioma,1,0.00022206605177643723,0.9994959235191345,0.00028196588899239333
2096,"[[77]
 [82]
 [48]
 [50]
 [52]
 [55]
 [56]
 [48]
 [71]]",4,1,glioma,1,0.00756919733248651,0.9901306629180908,0.0023001927426472926
2097,"[[77]
 [82]
 [48]
 [50]
 [52]
 [55]
 [56]
 [48]
 [71]]",4,1,glioma,1,0.00037901885931053886,0.9995273152987162,9.363772647930091e-05
2098,"[[77]
 [82]
 [48]
 [50]
 [52]
 [55]
 [56]
 [48]
 [71]]",4,1,glioma,1,0.0010350009133617277,0.9987858335177103,0.00017914644589230497
2099,"[[77]
 [82]
 [48]
 [50]
 [52]
 [55]
 [56]
 [48]
 [71]]",4,1,glioma,1,0.01046422787476331,0.9894960721333822,3.968731138570547e-05
2100,"[[49]
 [48]
 [53]
 [57]
 [51]
 [55]]",2,0,meningioma,0,0.8209200104077657,0.03072979301214218,0.14835021396478018
2101,"[[77]
 [82]
 [48]
 [50]
 [52]
 [55]
 [56]
 [48]
 [71]]",4,1,glioma,1,0.008530556806363165,0.9914518197377523,1.765436853418123e-05
2102,"[[77]
 [82]
 [48]
 [53]
 [48]
 [49]
 [51]
 [53]
 [66]]",3,1,glioma,1,0.00012122046003545013,0.9998747507731119,4.0707839895996285e-06
2103,"[[77]
 [82]
 [48]
 [53]
 [48]
 [49]
 [51]
 [53]
 [66]]",3,1,glioma,1,0.002114179893396795,0.997563362121582,0.0003224322766376038
2104,"[[77]
 [82]
 [48]
 [53]
 [48]
 [49]
 [51]
 [53]
 [66]]",3,1,glioma,1,0.007969063241034746,0.9911263982454935,0.0009045547776622698
2105,"[[77]
 [82]
 [48]
 [53]
 [48]
 [49]
 [51]
 [53]
 [66]]",3,1,glioma,1,0.0038947632225851216,0.9961025516192118,2.6608790572405874e-06
2106,"[[77]
 [82]
 [48]
 [53]
 [48]
 [49]
 [51]
 [53]
 [66]]",3,1,glioma,1,4.4741446193559874e-05,0.9999535878499349,1.6761349831047785e-06
2107,"[[77]
 [82]
 [48]
 [53]
 [48]
 [49]
 [51]
 [53]
 [66]]",3,1,glioma,1,2.70910990517829e-05,0.9998382329940796,0.00013466835783522887
2108,"[[77]
 [82]
 [48]
 [53]
 [48]
 [49]
 [51]
 [53]
 [66]]",3,1,glioma,1,0.013765563800310096,0.9735900561014811,0.012644405011087656
2109,"[[77]
 [82]
 [48]
 [53]
 [48]
 [49]
 [51]
 [53]
 [66]]",3,1,glioma,1,0.03498899765933553,0.8689849177996317,0.09602612877885501
2110,"[[77]
 [82]
 [48]
 [53]
 [48]
 [49]
 [51]
 [53]
 [66]]",3,1,glioma,1,0.01159566012211144,0.9854318102200826,0.002972524700453505
2111,"[[49]
 [48]
 [50]
 [55]
 [49]
 [52]]",4,0,meningioma,0,0.736583282550176,0.010481664290030798,0.25293510407209396
2112,"[[49]
 [48]
 [54]
 [50]
 [56]
 [52]]",2,0,meningioma,0,0.8662801583607992,0.1330008606115977,0.0007189707054446141
2113,"[[77]
 [82]
 [48]
 [53]
 [48]
 [54]
 [56]
 [55]]",3,1,glioma,1,0.21620516975720724,0.7837843497594198,1.0465240639708403e-05
2114,"[[77]
 [82]
 [48]
 [53]
 [48]
 [54]
 [56]
 [55]]",3,1,glioma,1,6.168751618436848e-05,0.999937097231547,1.247963739755183e-06
2115,"[[77]
 [82]
 [48]
 [53]
 [48]
 [54]
 [56]
 [55]]",3,1,glioma,1,0.004094902464809517,0.9958318670590719,7.322354745535146e-05
2116,"[[77]
 [82]
 [48]
 [53]
 [48]
 [54]
 [56]
 [55]]",3,1,glioma,1,0.001134963458753191,0.9988641738891602,8.761333184133709e-07
2117,"[[77]
 [82]
 [48]
 [53]
 [48]
 [54]
 [56]
 [55]]",3,1,glioma,1,9.242048690794036e-05,0.9999040166536967,3.5830260560013962e-06
2118,"[[77]
 [82]
 [48]
 [53]
 [48]
 [54]
 [56]
 [55]]",3,1,glioma,1,0.0013050009050251294,0.9986655314763387,2.948023406664409e-05
2119,"[[77]
 [82]
 [48]
 [53]
 [48]
 [55]
 [57]
 [49]
 [66]]",4,1,glioma,1,0.019339395260127883,0.9806446035703024,1.5957934768070132e-05
2120,"[[77]
 [82]
 [48]
 [53]
 [48]
 [55]
 [57]
 [49]
 [66]]",4,1,glioma,1,0.023369169017920893,0.976597249507904,3.362164821899919e-05
2121,"[[77]
 [82]
 [48]
 [53]
 [48]
 [55]
 [57]
 [49]
 [66]]",4,1,glioma,1,0.010485512282078465,0.9894161621729533,9.828674030742945e-05
2122,"[[77]
 [82]
 [48]
 [53]
 [48]
 [55]
 [57]
 [49]
 [66]]",4,1,glioma,1,0.2259012907743454,0.7734513481458029,0.0006473386201832909
2123,"[[49]
 [48]
 [54]
 [50]
 [56]
 [52]]",2,0,meningioma,1,0.3513476103544235,0.6477023164431254,0.0009500796246963242
2124,"[[77]
 [82]
 [48]
 [53]
 [48]
 [55]
 [57]
 [49]
 [66]]",4,1,glioma,0,0.6537563602129618,0.34513936936855316,0.0011042301831973116
2125,"[[77]
 [82]
 [48]
 [53]
 [48]
 [55]
 [57]
 [49]
 [66]]",4,1,glioma,1,0.2985550214846929,0.7007693449656168,0.0006756367180666226
2126,"[[77]
 [82]
 [48]
 [53]
 [48]
 [55]
 [57]
 [49]
 [66]]",4,1,glioma,0,0.6342702706654867,0.35796568791071576,0.007764001085888594
2127,"[[77]
 [82]
 [48]
 [53]
 [48]
 [55]
 [57]
 [49]
 [66]]",4,1,glioma,0,0.7454446156819662,0.23385700583457947,0.020698384226610262
2128,"[[77]
 [82]
 [48]
 [52]
 [57]
 [48]
 [49]
 [57]
 [67]]",4,1,glioma,1,0.010711903531046119,0.7612968683242798,0.22799121836821237
2129,"[[77]
 [82]
 [48]
 [52]
 [57]
 [48]
 [49]
 [57]
 [67]]",4,1,glioma,1,0.06582797784358263,0.8971651395161947,0.03700687907015284
2130,"[[77]
 [82]
 [48]
 [52]
 [57]
 [48]
 [49]
 [57]
 [67]]",4,1,glioma,1,0.028989447290465858,0.9479998747507731,0.023010653133193653
2131,"[[77]
 [82]
 [48]
 [52]
 [57]
 [48]
 [49]
 [57]
 [67]]",4,1,glioma,2,0.027666575430581968,0.3125273833672206,0.6598060528437296
2132,"[[77]
 [82]
 [48]
 [53]
 [49]
 [52]
 [54]
 [49]]",2,1,glioma,1,0.007273453210170071,0.9921382268269857,0.0005883135211964449
2133,"[[77]
 [82]
 [48]
 [53]
 [49]
 [52]
 [54]
 [49]]",2,1,glioma,1,0.010374717181548476,0.9895827571551005,4.251158679835498e-05
2134,"[[49]
 [48]
 [54]
 [50]
 [56]
 [52]]",2,0,meningioma,1,0.4081908663113912,0.5907371739546458,0.0010719707158083718
2135,"[[77]
 [82]
 [48]
 [53]
 [49]
 [52]
 [54]
 [49]]",2,1,glioma,1,0.031247269983092945,0.9684217770894369,0.000330955483756649
2136,"[[77]
 [82]
 [48]
 [53]
 [49]
 [52]
 [54]
 [49]]",2,1,glioma,1,0.0010950934374704957,0.998900294303894,4.586160533411506e-06
2137,"[[77]
 [82]
 [48]
 [53]
 [49]
 [52]
 [54]
 [49]]",2,1,glioma,1,0.0008220035427560409,0.9991752107938131,2.7846745069837198e-06
2138,"[[77]
 [82]
 [48]
 [53]
 [49]
 [52]
 [54]
 [49]]",2,1,glioma,1,0.0011187430548792083,0.9988361597061157,4.511784572969191e-05
2139,"[[77]
 [82]
 [48]
 [53]
 [49]
 [52]
 [54]
 [49]]",2,1,glioma,1,0.001907682007489105,0.9980780482292175,1.429650637874147e-05
2140,"[[77]
 [82]
 [48]
 [53]
 [49]
 [53]
 [56]
 [54]]",1,1,glioma,1,0.012079289183020592,0.9879206816355387,4.128580780952499e-08
2141,"[[77]
 [82]
 [48]
 [53]
 [49]
 [53]
 [56]
 [54]]",1,1,glioma,1,0.0001005986535650057,0.99989914894104,2.526876446233099e-07
2142,"[[77]
 [82]
 [48]
 [53]
 [49]
 [53]
 [56]
 [54]]",1,1,glioma,1,0.056002279122670494,0.9439019362131754,9.579814710984162e-05
2143,"[[77]
 [82]
 [48]
 [53]
 [49]
 [53]
 [56]
 [54]]",1,1,glioma,1,0.04149107184881965,0.958088755607605,0.00042018643641010084
2144,"[[77]
 [82]
 [48]
 [53]
 [49]
 [53]
 [56]
 [54]]",1,1,glioma,1,0.3988037059704463,0.5969889809687933,0.004207266113856652
2145,"[[49]
 [48]
 [54]
 [50]
 [56]
 [52]]",2,0,meningioma,0,0.8826849261919657,0.10638358071446419,0.010931491075704495
2146,"[[77]
 [82]
 [48]
 [53]
 [49]
 [53]
 [56]
 [54]]",1,1,glioma,1,0.05336504833151897,0.9448098341623942,0.0018251425062771887
2147,"[[77]
 [82]
 [48]
 [53]
 [49]
 [53]
 [56]
 [54]]",1,1,glioma,1,0.009907199069857597,0.9899915655454,0.00010119814396603033
2148,"[[77]
 [82]
 [48]
 [53]
 [49]
 [53]
 [56]
 [54]]",1,1,glioma,1,1.92834528813061e-05,0.9999226927757263,5.8095294813635214e-05
2149,"[[77]
 [82]
 [48]
 [53]
 [49]
 [53]
 [56]
 [54]]",1,1,glioma,1,2.901482662309718e-05,0.9982102513313293,0.0017607257608081757
2150,"[[77]
 [82]
 [48]
 [53]
 [49]
 [54]
 [52]
 [52]]",1,1,glioma,1,0.038874815528591476,0.9606064955393473,0.0005186890921322629
2151,"[[77]
 [82]
 [48]
 [53]
 [49]
 [54]
 [52]
 [52]]",1,1,glioma,1,0.014180864052226147,0.967045783996582,0.018773368132921558
2152,"[[77]
 [82]
 [48]
 [53]
 [49]
 [54]
 [52]
 [52]]",1,1,glioma,1,0.007456569544350107,0.956717054049174,0.03582637539754311
2153,"[[77]
 [82]
 [48]
 [53]
 [49]
 [54]
 [52]
 [52]]",1,1,glioma,1,0.01853774751846989,0.9801215926806132,0.001340649518169812
2154,"[[77]
 [82]
 [48]
 [53]
 [49]
 [54]
 [52]
 [52]]",1,1,glioma,1,0.0371021485577027,0.9628069400787354,9.097234889547205e-05
2155,"[[77]
 [82]
 [48]
 [53]
 [49]
 [54]
 [52]
 [52]]",1,1,glioma,0,0.5922882258892059,0.40066637098789215,0.0070454040154193836
2156,"[[49]
 [48]
 [54]
 [52]
 [52]
 [50]]",2,0,meningioma,0,0.5676771501700083,0.4318147699038188,0.0005080450694852819
2157,"[[77]
 [82]
 [48]
 [53]
 [49]
 [54]
 [52]
 [52]]",1,1,glioma,1,0.06564080948010087,0.9171029726664225,0.01725617574993521
2158,"[[77]
 [82]
 [48]
 [53]
 [49]
 [54]
 [52]
 [52]]",1,1,glioma,1,0.07633158564567566,0.9216524759928385,0.0020159509828469404
2159,"[[77]
 [82]
 [48]
 [53]
 [49]
 [54]
 [52]
 [52]]",1,1,glioma,1,0.02511004723298053,0.9748820662498474,7.897054265034361e-06
2160,"[[77]
 [82]
 [48]
 [53]
 [49]
 [54]
 [52]
 [52]]",1,1,glioma,1,0.0010004798435450841,0.9989966154098511,2.8999593955821488e-06
2161,"[[77]
 [82]
 [48]
 [53]
 [49]
 [54]
 [53]
 [49]]",2,1,glioma,1,0.04110815438131491,0.9579599102338155,0.0009318564504307384
2162,"[[77]
 [82]
 [48]
 [53]
 [49]
 [54]
 [53]
 [49]]",2,1,glioma,1,0.02228689845651388,0.9776095151901245,0.000103552702057641
2163,"[[77]
 [82]
 [48]
 [53]
 [49]
 [54]
 [53]
 [49]]",2,1,glioma,1,0.005059924830372135,0.9947967529296875,0.00014331503916764632
2164,"[[77]
 [82]
 [48]
 [53]
 [49]
 [54]
 [53]
 [49]]",2,1,glioma,1,0.007220708454648654,0.9927363793055216,4.2950143324560486e-05
2165,"[[77]
 [82]
 [48]
 [53]
 [49]
 [55]
 [57]
 [54]]",4,1,glioma,2,0.018500207302471,0.3991921941439311,0.5823076069355011
2166,"[[77]
 [82]
 [48]
 [53]
 [49]
 [55]
 [57]
 [54]]",4,1,glioma,1,0.0004506555281598897,0.9970759153366089,0.0024734402541071177
2167,"[[49]
 [48]
 [54]
 [52]
 [52]
 [50]]",2,0,meningioma,0,0.8638398845990499,0.13596312577525774,0.00019692482843917483
2168,"[[77]
 [82]
 [48]
 [53]
 [49]
 [55]
 [57]
 [54]]",4,1,glioma,1,0.09566313276688258,0.8887023329734802,0.015634534376052518
2169,"[[77]
 [82]
 [48]
 [53]
 [49]
 [55]
 [57]
 [54]]",4,1,glioma,1,0.10709479140738647,0.767725427945455,0.1251797949274381
2170,"[[77]
 [82]
 [48]
 [53]
 [49]
 [55]
 [57]
 [54]]",4,1,glioma,2,0.18728626519441605,0.2399607797463735,0.5727529525756836
2171,"[[77]
 [82]
 [48]
 [53]
 [49]
 [55]
 [57]
 [54]]",4,1,glioma,1,0.057017170591279864,0.7877033750216166,0.1552794724702835
2172,"[[77]
 [82]
 [48]
 [53]
 [49]
 [55]
 [57]
 [54]]",4,1,glioma,1,0.13784294140835604,0.7702457507451376,0.09191128766785066
2173,"[[77]
 [82]
 [48]
 [53]
 [49]
 [54]
 [53]
 [49]
 [66]]",0,1,glioma,2,0.4517058879137039,0.04515938585003217,0.5031347274780273
2174,"[[77]
 [82]
 [48]
 [53]
 [49]
 [54]
 [53]
 [49]
 [66]]",0,1,glioma,1,0.4018581012884776,0.5602447787920634,0.03789711076145371
2175,"[[77]
 [82]
 [48]
 [53]
 [49]
 [54]
 [53]
 [49]
 [66]]",0,1,glioma,1,0.1935684954126676,0.411224901676178,0.3952065904935201
2176,"[[77]
 [82]
 [48]
 [53]
 [49]
 [54]
 [53]
 [49]
 [66]]",0,1,glioma,1,0.2174806942542394,0.7782156864802042,0.004303638027825703
2177,"[[77]
 [82]
 [48]
 [53]
 [49]
 [54]
 [53]
 [49]
 [66]]",0,1,glioma,1,0.0689462460577488,0.9304348230361938,0.0006189244437943368
2178,"[[49]
 [48]
 [54]
 [52]
 [52]
 [50]]",2,0,meningioma,0,0.7652535637219747,0.2347313699622949,1.5033264730845985e-05
2179,"[[77]
 [82]
 [48]
 [53]
 [49]
 [54]
 [53]
 [49]
 [66]]",0,1,glioma,1,0.022834016631046932,0.9755563735961914,0.0016096026762776698
2180,"[[77]
 [82]
 [48]
 [53]
 [49]
 [54]
 [52]
 [52]
 [66]]",2,1,glioma,1,9.34624883181338e-05,0.9976065357526144,0.002299984684213996
2181,"[[77]
 [82]
 [48]
 [53]
 [49]
 [54]
 [52]
 [52]
 [66]]",2,1,glioma,1,0.0006610758961566413,0.9882948795954386,0.01104408308553199
2182,"[[77]
 [82]
 [48]
 [53]
 [49]
 [54]
 [52]
 [52]
 [66]]",2,1,glioma,1,0.0063654371770098805,0.9514999389648438,0.04213458423813184
2183,"[[77]
 [82]
 [48]
 [53]
 [49]
 [54]
 [52]
 [52]
 [66]]",2,1,glioma,1,0.0023624772826830545,0.9917449752489725,0.0058925459161400795
2184,"[[77]
 [82]
 [48]
 [53]
 [49]
 [54]
 [52]
 [52]
 [66]]",2,1,glioma,1,0.00024868979623230797,0.9820075432459513,0.017743760875115793
2185,"[[77]
 [82]
 [48]
 [53]
 [49]
 [54]
 [52]
 [52]
 [66]]",2,1,glioma,1,0.0003248287927514563,0.9933143655459086,0.00636077718809247
2186,"[[77]
 [82]
 [48]
 [53]
 [49]
 [54]
 [52]
 [52]
 [66]]",2,1,glioma,1,0.0002463778995055084,0.9823728799819946,0.01738072729979952
2187,"[[77]
 [82]
 [48]
 [53]
 [49]
 [54]
 [52]
 [52]
 [66]]",2,1,glioma,1,0.00011875263104836146,0.9980092843373617,0.0018719105088772874
2188,"[[77]
 [82]
 [48]
 [53]
 [49]
 [54]
 [52]
 [52]
 [66]]",2,1,glioma,1,0.010360195146252712,0.9202308456103007,0.06940893518428008
2189,"[[49]
 [48]
 [54]
 [53]
 [51]
 [52]]",3,0,meningioma,0,0.9983097513516744,0.0016740055289119482,1.6237504496530164e-05
2190,"[[77]
 [82]
 [48]
 [53]
 [49]
 [55]
 [57]
 [54]
 [66]]",4,1,glioma,1,0.0005779502316727303,0.9716620842615763,0.02775992932341372
2191,"[[77]
 [82]
 [48]
 [53]
 [49]
 [55]
 [57]
 [54]
 [66]]",4,1,glioma,1,0.00029646153423830884,0.9785229365030924,0.02118055064541598
2192,"[[77]
 [82]
 [48]
 [53]
 [49]
 [55]
 [57]
 [54]
 [66]]",4,1,glioma,1,0.00018733947748235855,0.998818576335907,0.0009940771609156702
2193,"[[77]
 [82]
 [48]
 [53]
 [49]
 [55]
 [57]
 [54]
 [66]]",4,1,glioma,1,0.0023319916096321927,0.9916030168533325,0.006064971908926964
2194,"[[77]
 [82]
 [48]
 [53]
 [49]
 [55]
 [57]
 [54]
 [66]]",4,1,glioma,1,0.0008114185197882762,0.993045707543691,0.006142892760787315
2195,"[[77]
 [82]
 [48]
 [53]
 [50]
 [53]
 [53]
 [48]]",0,1,glioma,1,0.03627148518959681,0.9598176876703898,0.0039107702517261105
2196,"[[77]
 [82]
 [48]
 [53]
 [50]
 [53]
 [53]
 [48]]",0,1,glioma,1,0.026167530100792646,0.9702381292978922,0.0035943391849286854
2197,"[[77]
 [82]
 [48]
 [53]
 [50]
 [53]
 [53]
 [48]]",0,1,glioma,1,0.0013374997458110254,0.9985193808873495,0.00014305149670690298
2198,"[[77]
 [82]
 [48]
 [53]
 [50]
 [53]
 [53]
 [48]]",0,1,glioma,1,0.0025046369943690174,0.9967689911524454,0.0007264183077495545
2199,"[[77]
 [82]
 [48]
 [53]
 [50]
 [53]
 [53]
 [48]]",0,1,glioma,1,0.013024837244302034,0.982698897520701,0.004276288071802507
2200,"[[49]
 [48]
 [54]
 [53]
 [51]
 [52]]",3,0,meningioma,0,0.9840368032455444,0.01596312876790762,8.259035529552723e-08
2201,"[[77]
 [82]
 [48]
 [53]
 [50]
 [53]
 [53]
 [48]]",0,1,glioma,1,0.07316970204313596,0.918330729007721,0.00849954861526688
2202,"[[77]
 [82]
 [48]
 [53]
 [50]
 [53]
 [53]
 [48]]",0,1,glioma,1,0.026171884809931118,0.9668804009755453,0.006947736566265424
2203,"[[77]
 [82]
 [48]
 [53]
 [50]
 [53]
 [53]
 [48]]",0,1,glioma,1,0.0227757403627038,0.9660808245340983,0.011143503555407127
2204,"[[77]
 [82]
 [48]
 [53]
 [49]
 [54]
 [52]
 [52]
 [67]]",2,1,glioma,1,0.009704685925195614,0.9900875091552734,0.00020780701015610248
2205,"[[77]
 [82]
 [48]
 [53]
 [49]
 [54]
 [52]
 [52]
 [67]]",2,1,glioma,1,5.5666434491286054e-05,0.9997697869936625,0.000174514110161302
2206,"[[77]
 [82]
 [48]
 [53]
 [49]
 [54]
 [52]
 [52]
 [67]]",2,1,glioma,1,0.0033401635009795427,0.9450743198394775,0.051585509131352104
2207,"[[77]
 [82]
 [48]
 [53]
 [49]
 [54]
 [52]
 [52]
 [67]]",2,1,glioma,1,0.006770881203313668,0.9856661359469095,0.007563039970894654
2208,"[[77]
 [82]
 [48]
 [53]
 [49]
 [54]
 [52]
 [52]
 [67]]",2,1,glioma,1,0.00556460158744206,0.9572018186251322,0.03723360504955053
2209,"[[77]
 [82]
 [48]
 [53]
 [49]
 [54]
 [52]
 [52]
 [67]]",2,1,glioma,1,0.002838918997440487,0.9828917384147644,0.014269355063637098
2210,"[[77]
 [82]
 [48]
 [53]
 [49]
 [54]
 [52]
 [52]
 [67]]",2,1,glioma,1,0.1560644507408142,0.7612329522768656,0.0827025795976321
2211,"[[49]
 [48]
 [54]
 [54]
 [54]
 [53]]",1,0,meningioma,0,0.9909055233001709,0.008886782142023245,0.00020767240403074538
2212,"[[77]
 [82]
 [48]
 [53]
 [49]
 [54]
 [52]
 [52]
 [67]]",2,1,glioma,1,0.28167368471622467,0.7059360345204672,0.012390315067023039
2213,"[[77]
 [82]
 [48]
 [53]
 [49]
 [54]
 [52]
 [52]
 [67]]",2,1,glioma,1,0.08940042741596699,0.901920477549235,0.00867906934581697
2214,"[[77]
 [82]
 [48]
 [53]
 [49]
 [54]
 [52]
 [52]
 [67]]",2,1,glioma,1,0.009717754864444336,0.98896857102712,0.0013136393778646986
2215,"[[77]
 [82]
 [48]
 [52]
 [57]
 [57]
 [52]
 [50]
 [66]]",3,1,glioma,1,2.1537361362788943e-05,0.9831890265146891,0.016789402269447844
2216,"[[77]
 [82]
 [48]
 [52]
 [57]
 [57]
 [52]
 [50]
 [66]]",3,1,glioma,1,0.00019465365706613133,0.6279487311840057,0.37185661991437274
2217,"[[77]
 [82]
 [48]
 [52]
 [57]
 [57]
 [52]
 [50]
 [66]]",3,1,glioma,1,0.0012218292443625007,0.9705377419789633,0.028240508555124205
2218,"[[77]
 [82]
 [48]
 [53]
 [50]
 [53]
 [56]
 [53]
 [66]]",1,1,glioma,1,0.04565097360561291,0.7622902592023214,0.19205876191457114
2219,"[[77]
 [82]
 [48]
 [53]
 [50]
 [53]
 [56]
 [53]
 [66]]",1,1,glioma,1,0.005551027832552791,0.6284733712673187,0.36597555379072827
2220,"[[77]
 [82]
 [48]
 [53]
 [50]
 [53]
 [56]
 [53]
 [66]]",1,1,glioma,1,0.0024086019257083535,0.9065459767977396,0.0910453920563062
2221,"[[77]
 [82]
 [48]
 [53]
 [51]
 [49]
 [49]
 [48]
 [66]]",3,1,glioma,1,2.486116497853648e-07,0.999971071879069,2.8679094612016343e-05
2222,"[[49]
 [48]
 [48]
 [51]
 [54]
 [48]]",2,0,meningioma,1,0.26206401487191516,0.7164513270060221,0.021484655638535816
2223,"[[49]
 [48]
 [50]
 [55]
 [49]
 [52]]",4,0,meningioma,0,0.8420285781224569,0.018770574902494747,0.1392008475959301
2224,"[[49]
 [48]
 [54]
 [54]
 [54]
 [53]]",1,0,meningioma,0,0.9728667736053467,0.026874474249780178,0.0002587059886233571
2225,"[[77]
 [82]
 [48]
 [53]
 [51]
 [49]
 [49]
 [48]
 [66]]",3,1,glioma,1,1.7921489927630319e-06,0.9998449285825094,0.00015326040632620183
2226,"[[77]
 [82]
 [48]
 [53]
 [51]
 [49]
 [49]
 [48]
 [66]]",3,1,glioma,1,1.710819096463941e-05,0.999845008055369,0.00013787674674858863
2227,"[[77]
 [82]
 [48]
 [53]
 [51]
 [49]
 [49]
 [48]
 [66]]",3,1,glioma,1,0.00026470815525196184,0.9996176958084106,0.0001175972908716479
2228,"[[77]
 [82]
 [48]
 [53]
 [51]
 [49]
 [49]
 [48]
 [66]]",3,1,glioma,1,0.016856160402918857,0.9831083615620931,3.546327510169552e-05
2229,"[[77]
 [82]
 [48]
 [53]
 [51]
 [49]
 [49]
 [48]
 [66]]",3,1,glioma,1,0.016615632300575573,0.9833808143933614,3.512426564119172e-06
2230,"[[77]
 [82]
 [48]
 [51]
 [52]
 [54]
 [57]
 [52]]",2,1,glioma,1,0.007076064745585124,0.8689531087875366,0.12397085751096408
2231,"[[77]
 [82]
 [48]
 [51]
 [52]
 [54]
 [57]
 [52]]",2,1,glioma,1,0.025662163893381756,0.6654830773671468,0.30885473887125653
2232,"[[77]
 [82]
 [48]
 [51]
 [52]
 [54]
 [57]
 [52]]",2,1,glioma,1,0.017292141914367676,0.9788423180580139,0.003865485622858008
2233,"[[77]
 [82]
 [48]
 [51]
 [52]
 [54]
 [57]
 [52]]",2,1,glioma,1,0.016146080878873665,0.9791524211565653,0.004701473323317866
2234,"[[77]
 [82]
 [48]
 [53]
 [52]
 [56]
 [55]
 [53]]",0,1,glioma,2,0.08377044275403023,0.2338633139928182,0.6823662320772806
2235,"[[49]
 [48]
 [54]
 [54]
 [54]
 [53]]",1,0,meningioma,0,0.5339639186859131,0.443082516392072,0.022953581685821216
2236,"[[77]
 [82]
 [48]
 [53]
 [52]
 [56]
 [55]
 [53]]",0,1,glioma,1,0.13779018570979437,0.808163046836853,0.05404681029419104
2237,"[[77]
 [82]
 [48]
 [53]
 [52]
 [56]
 [55]
 [53]]",0,1,glioma,1,0.14543195317188898,0.6414854725201925,0.2130825718243917
2238,"[[77]
 [82]
 [48]
 [53]
 [52]
 [56]
 [55]
 [53]]",0,1,glioma,1,0.43617082635561627,0.5285452306270599,0.035283959160248436
2239,"[[77]
 [82]
 [48]
 [53]
 [52]
 [56]
 [55]
 [53]]",0,1,glioma,1,0.26283224175373715,0.7254689534505209,0.011698823266973099
2240,"[[77]
 [82]
 [48]
 [53]
 [48]
 [54]
 [56]
 [55]
 [67]]",1,1,glioma,1,0.00898895637753109,0.9910107254981995,3.4040679193954776e-07
2241,"[[77]
 [82]
 [48]
 [53]
 [48]
 [54]
 [56]
 [55]
 [67]]",1,1,glioma,1,0.2293673058350881,0.769588033358256,0.0010446902403297524
2242,"[[77]
 [82]
 [48]
 [53]
 [48]
 [54]
 [56]
 [55]
 [67]]",1,1,glioma,1,0.0325878510872523,0.9664844671885172,0.0009276890972008308
2243,"[[77]
 [82]
 [48]
 [53]
 [48]
 [54]
 [56]
 [55]
 [67]]",1,1,glioma,0,0.8269287347793579,0.17137833187977472,0.0016929272533161566
2244,"[[77]
 [82]
 [48]
 [53]
 [48]
 [54]
 [56]
 [55]
 [67]]",1,1,glioma,1,0.0021021861660604677,0.9978493849436442,4.841478221351281e-05
2245,"[[77]
 [82]
 [48]
 [53]
 [48]
 [54]
 [56]
 [55]
 [67]]",1,1,glioma,1,0.021601558352510136,0.9783327778180441,6.564617600209506e-05
2246,"[[49]
 [48]
 [54]
 [54]
 [54]
 [53]]",1,0,meningioma,0,0.8914352258046468,0.09428368570903937,0.014281106957544884
2247,"[[77]
 [82]
 [48]
 [53]
 [54]
 [49]
 [52]
 [52]]",1,1,glioma,1,0.003657229884993285,0.9962199926376343,0.0001227726434080978
2248,"[[77]
 [82]
 [48]
 [53]
 [54]
 [49]
 [52]
 [52]]",1,1,glioma,1,0.00021275118585132682,0.9982077876726786,0.0015794443449218913
2249,"[[77]
 [82]
 [48]
 [51]
 [52]
 [57]
 [57]
 [55]]",0,1,glioma,1,0.015709572937339544,0.9842647910118103,2.562703969033464e-05
2250,"[[77]
 [82]
 [48]
 [51]
 [52]
 [57]
 [57]
 [55]]",0,1,glioma,1,0.10998833427826564,0.8893915216128031,0.0006201250628995089
2251,"[[77]
 [82]
 [48]
 [51]
 [52]
 [57]
 [57]
 [55]]",0,1,glioma,1,0.08787781124313672,0.907910426457723,0.004211813453972961
2252,"[[77]
 [82]
 [48]
 [51]
 [52]
 [57]
 [57]
 [55]]",0,1,glioma,1,0.01363664686990281,0.9855471650759379,0.0008161923857793832
2253,"[[77]
 [82]
 [48]
 [51]
 [52]
 [57]
 [57]
 [55]]",0,1,glioma,1,0.05208538534740607,0.9468271533648173,0.0010874904971084713
2254,"[[77]
 [82]
 [48]
 [51]
 [52]
 [57]
 [57]
 [55]]",0,1,glioma,1,0.010078500490635633,0.9896815419197083,0.00023996337646773705
2255,"[[77]
 [82]
 [48]
 [51]
 [52]
 [57]
 [57]
 [55]]",0,1,glioma,1,0.00861407129559666,0.9876148700714111,0.003771060728468001
2256,"[[77]
 [82]
 [48]
 [50]
 [57]
 [50]
 [48]
 [57]
 [69]]",4,1,glioma,1,0.013475507400774708,0.9865168531735738,7.635852724915035e-06
2257,"[[49]
 [48]
 [54]
 [54]
 [54]
 [53]]",1,0,meningioma,0,0.8248146176338196,0.11175363386670749,0.06343171993891399
2258,"[[53]
 [51]
 [54]
 [54]
 [57]]",2,0,meningioma,0,0.9759593605995178,0.018205524732669193,0.005835166123385231
2259,"[[77]
 [82]
 [48]
 [51]
 [51]
 [51]
 [56]
 [57]
 [66]]",3,1,glioma,1,0.007449112638520698,0.9925381739934286,1.2664809678616015e-05
2260,"[[77]
 [82]
 [48]
 [51]
 [51]
 [51]
 [56]
 [57]
 [66]]",3,1,glioma,1,2.964237167664881e-05,0.9999659856160482,4.39079011253322e-06
2261,"[[77]
 [82]
 [48]
 [51]
 [51]
 [51]
 [56]
 [57]
 [66]]",3,1,glioma,1,0.001135700896459942,0.9988245765368143,3.976751738340075e-05
2262,"[[77]
 [82]
 [48]
 [51]
 [51]
 [51]
 [56]
 [57]
 [66]]",3,1,glioma,1,4.490623875123371e-05,0.9999529123306274,2.1659705883673532e-06
2263,"[[77]
 [82]
 [48]
 [51]
 [51]
 [51]
 [56]
 [57]
 [66]]",3,1,glioma,1,5.120667253777356e-06,0.9997442166010538,0.0002506618669334178
2264,"[[77]
 [82]
 [48]
 [51]
 [51]
 [51]
 [56]
 [57]
 [66]]",3,1,glioma,1,8.650296194900875e-06,0.9995927015940348,0.0003986271403846331
2265,"[[77]
 [82]
 [48]
 [51]
 [51]
 [51]
 [56]
 [57]
 [66]]",3,1,glioma,1,0.00010668846152839251,0.9998505512873331,4.2746350914057984e-05
2266,"[[77]
 [82]
 [48]
 [51]
 [51]
 [51]
 [56]
 [57]
 [66]]",3,1,glioma,1,0.17756550883253416,0.8210104505221049,0.0014240172022255138
2267,"[[77]
 [82]
 [48]
 [50]
 [52]
 [55]
 [56]
 [48]
 [69]]",1,1,glioma,1,0.1490074892838796,0.848151425520579,0.0028410344772661724
2268,"[[49]
 [48]
 [54]
 [55]
 [50]
 [48]]",4,0,meningioma,0,0.8991106351216634,0.003458585667734345,0.09743079543113708
2269,"[[77]
 [82]
 [48]
 [50]
 [52]
 [55]
 [56]
 [48]
 [69]]",1,1,glioma,1,0.004290960496291518,0.9949195981025696,0.0007894858208601363
2270,"[[77]
 [82]
 [48]
 [50]
 [52]
 [55]
 [56]
 [48]
 [69]]",1,1,glioma,1,0.003278815265124043,0.9966256618499756,9.54362981246959e-05
2271,"[[77]
 [82]
 [48]
 [52]
 [48]
 [50]
 [52]
 [48]
 [67]]",4,1,glioma,1,0.017256136673192184,0.9582433104515076,0.024500528738523524
2272,"[[77]
 [82]
 [48]
 [52]
 [48]
 [50]
 [52]
 [48]
 [67]]",4,1,glioma,1,0.10765541282792886,0.5349556306997935,0.35738896826903027
2273,"[[77]
 [82]
 [48]
 [52]
 [48]
 [50]
 [52]
 [48]
 [67]]",4,1,glioma,1,0.2346743792295456,0.742422858874003,0.0229027579674342
2274,"[[77]
 [82]
 [48]
 [52]
 [48]
 [50]
 [52]
 [48]
 [67]]",4,1,glioma,1,0.44765495260556537,0.5365330576896667,0.01581199959521958
2275,"[[77]
 [82]
 [48]
 [52]
 [48]
 [50]
 [52]
 [48]
 [67]]",4,1,glioma,0,0.637688398361206,0.3438972234725952,0.018414370929046225
2276,"[[77]
 [82]
 [48]
 [52]
 [48]
 [50]
 [52]
 [48]
 [68]]",4,1,glioma,1,0.00010424735668686698,0.9980204701423645,0.0018753343612540145
2277,"[[77]
 [82]
 [48]
 [52]
 [48]
 [50]
 [52]
 [48]
 [68]]",4,1,glioma,1,1.799035339256072e-05,0.9999379913012186,4.402159733037555e-05
2278,"[[77]
 [82]
 [48]
 [49]
 [55]
 [50]
 [54]
 [48]
 [70]]",1,1,glioma,1,0.010116674782087406,0.9897264838218689,0.00015681629580891845
2279,"[[49]
 [48]
 [54]
 [55]
 [50]
 [48]]",4,0,meningioma,0,0.7821249961853027,0.21037029723326364,0.0075047197557675345
2280,"[[77]
 [82]
 [48]
 [49]
 [55]
 [50]
 [54]
 [48]
 [70]]",1,1,glioma,1,0.0702630306283633,0.9296481013298035,8.891281042148573e-05
2281,"[[77]
 [82]
 [48]
 [49]
 [55]
 [50]
 [54]
 [48]
 [70]]",1,1,glioma,1,0.0489289096246163,0.9505734841028849,0.000497655843597992
2282,"[[77]
 [82]
 [48]
 [49]
 [55]
 [50]
 [54]
 [48]
 [70]]",1,1,glioma,1,0.005101318393523495,0.9948717157046,2.695660507849122e-05
2283,"[[77]
 [82]
 [48]
 [49]
 [55]
 [50]
 [54]
 [48]
 [70]]",1,1,glioma,1,0.001997418391207854,0.9979746143023173,2.7944411234178308e-05
2284,"[[77]
 [82]
 [48]
 [49]
 [55]
 [50]
 [54]
 [48]
 [70]]",1,1,glioma,1,0.1357847253481547,0.6324576139450073,0.23175766070683798
2285,"[[77]
 [82]
 [48]
 [49]
 [55]
 [50]
 [54]
 [48]
 [70]]",1,1,glioma,1,0.011250215582549572,0.9035464525222778,0.08520333220561345
2286,"[[77]
 [82]
 [48]
 [50]
 [57]
 [50]
 [48]
 [57]
 [73]]",4,1,glioma,1,0.00902064588929837,0.9909671545028687,1.2218811558439846e-05
2287,"[[77]
 [82]
 [48]
 [50]
 [57]
 [50]
 [48]
 [57]
 [73]]",4,1,glioma,1,0.002989491244079545,0.9969164729118347,9.400198254401933e-05
2288,"[[77]
 [82]
 [48]
 [50]
 [57]
 [50]
 [48]
 [57]
 [73]]",4,1,glioma,1,9.510756070429949e-05,0.9998667041460673,3.817636305184872e-05
2289,"[[77]
 [82]
 [48]
 [50]
 [57]
 [50]
 [48]
 [57]
 [73]]",4,1,glioma,1,0.0024098724801054536,0.9972496231396993,0.0003405495426704874
2290,"[[49]
 [48]
 [54]
 [55]
 [50]
 [48]]",4,0,meningioma,0,0.8064896663029989,0.0659663708259662,0.1275439877063036
2291,"[[77]
 [82]
 [48]
 [50]
 [57]
 [50]
 [48]
 [57]
 [73]]",4,1,glioma,1,0.0015566221536573721,0.998073935508728,0.00036946991516136524
2292,"[[77]
 [82]
 [48]
 [50]
 [57]
 [50]
 [48]
 [57]
 [73]]",4,1,glioma,1,0.0006862779358319434,0.9991411765416464,0.00017249890527182288
2293,"[[77]
 [82]
 [48]
 [50]
 [57]
 [50]
 [48]
 [57]
 [73]]",4,1,glioma,1,0.00016452535150316786,0.999201496442159,0.0006339867765442856
2294,"[[57]
 [53]
 [57]
 [54]
 [57]]",2,0,meningioma,1,0.05048354466756185,0.9494683146476746,4.8151432565646246e-05
2295,"[[56]
 [56]
 [53]
 [49]
 [48]]",1,0,meningioma,1,0.3828122913837433,0.6166730920473734,0.0005146234796787515
2296,"[[49]
 [48]
 [54]
 [55]
 [50]
 [48]]",4,0,meningioma,0,0.8912059267361959,0.00047988270671339706,0.1083141837734729
2297,"[[49]
 [48]
 [54]
 [55]
 [50]
 [48]]",4,0,meningioma,0,0.7891853551069895,0.0024847144765468934,0.2083299575994412
2298,"[[49]
 [48]
 [54]
 [55]
 [50]
 [48]]",4,0,meningioma,1,0.44686733682950336,0.5171326100826263,0.03600006985167662
2299,"[[49]
 [48]
 [50]
 [55]
 [49]
 [52]]",4,0,meningioma,0,0.6602227886517843,0.24405792852242789,0.09571930036569636
2300,"[[49]
 [48]
 [54]
 [55]
 [50]
 [48]]",4,0,meningioma,1,0.13270758092403412,0.8573607802391052,0.009931647296374043
2301,"[[49]
 [48]
 [54]
 [57]
 [49]
 [52]]",3,0,meningioma,0,0.4963759382565816,0.4694828788439433,0.034141206492980324
2302,"[[49]
 [48]
 [54]
 [57]
 [49]
 [52]]",3,0,meningioma,0,0.9940153559048971,0.00563588422179843,0.00034877643823468435
2303,"[[49]
 [48]
 [54]
 [57]
 [49]
 [52]]",3,0,meningioma,0,0.9873968760172526,0.012426619728406271,0.00017646705964580178
2304,"[[49]
 [48]
 [54]
 [57]
 [49]
 [52]]",3,0,meningioma,0,0.9957337578137716,0.0042536450394739704,1.2635845905606402e-05
2305,"[[49]
 [48]
 [55]
 [49]
 [57]
 [48]]",2,0,meningioma,0,0.8287469943364462,0.13486801832914352,0.03638500161468983
2306,"[[49]
 [48]
 [55]
 [50]
 [52]
 [56]]",4,0,meningioma,0,0.5141013860702515,0.4425395627816518,0.04335905238986015
2307,"[[49]
 [48]
 [55]
 [50]
 [52]
 [56]]",4,0,meningioma,1,0.2952106123169263,0.6775866548220316,0.02720275455309699
2308,"[[49]
 [48]
 [55]
 [50]
 [52]
 [56]]",4,0,meningioma,1,0.18296867609024048,0.7118036051591238,0.10522772868474324
2309,"[[49]
 [48]
 [55]
 [50]
 [52]
 [56]]",4,0,meningioma,1,0.05661329875389735,0.938330868879954,0.005055826215539128
2310,"[[49]
 [48]
 [50]
 [57]
 [50]
 [57]]",0,0,meningioma,0,0.7808448870976766,0.20616120348374048,0.01299393285686771
2311,"[[49]
 [48]
 [55]
 [52]
 [57]
 [52]]",1,0,meningioma,0,0.8074327707290649,0.18384324510892233,0.00872397426671038
2312,"[[49]
 [48]
 [55]
 [52]
 [57]
 [52]]",1,0,meningioma,1,0.37859637041886646,0.6094692746798197,0.011934347722368935
2313,"[[49]
 [48]
 [55]
 [52]
 [57]
 [52]]",1,0,meningioma,1,0.24218151966730753,0.7475393215815226,0.01027915192147096
2314,"[[49]
 [48]
 [55]
 [52]
 [57]
 [52]]",1,0,meningioma,0,0.7195715506871542,0.1553365926568707,0.12509186565876007
2315,"[[49]
 [48]
 [55]
 [52]
 [57]
 [52]]",1,0,meningioma,0,0.8537704944610596,0.10555099075039227,0.04067849616209666
2316,"[[49]
 [48]
 [55]
 [52]
 [57]
 [52]]",1,0,meningioma,0,0.7263624767462412,0.24096522107720375,0.032672253476145365
2317,"[[49]
 [48]
 [56]
 [53]
 [49]
 [52]]",2,0,meningioma,0,0.8970714807510376,0.0984295941889286,0.004498930958410104
2318,"[[49]
 [48]
 [56]
 [53]
 [49]
 [52]]",2,0,meningioma,0,0.9276649951934814,0.07144031176964442,0.0008946630793313185
2319,"[[49]
 [48]
 [56]
 [53]
 [49]
 [52]]",2,0,meningioma,0,0.9499489267667135,0.04617932438850403,0.003871780509750048
2320,"[[49]
 [48]
 [56]
 [53]
 [49]
 [52]]",2,0,meningioma,0,0.9517617424329122,0.02453070568541686,0.02370752301067114
2321,"[[49]
 [48]
 [50]
 [57]
 [50]
 [57]]",0,0,meningioma,0,0.8753877480824789,0.08164851740002632,0.04296373141308626
2322,"[[49]
 [48]
 [56]
 [53]
 [49]
 [52]]",2,0,meningioma,0,0.9866330822308859,0.01275879330933094,0.0006081605921887482
2323,"[[49]
 [48]
 [56]
 [53]
 [49]
 [52]]",2,0,meningioma,0,0.8681979775428772,0.1310094085832437,0.0007926059091308465
2324,"[[49]
 [48]
 [56]
 [53]
 [53]
 [48]]",0,0,meningioma,0,0.9081605275472006,0.08671925216913223,0.005120219041903813
2325,"[[49]
 [48]
 [56]
 [53]
 [53]
 [48]]",0,0,meningioma,0,0.7204335530598959,0.2702546914418538,0.009311737027019262
2326,"[[49]
 [48]
 [56]
 [53]
 [57]
 [48]]",1,0,meningioma,0,0.953234851360321,0.04665129724889994,0.0001138862723261506
2327,"[[49]
 [48]
 [56]
 [53]
 [57]
 [48]]",1,0,meningioma,0,0.9910237391789755,0.008782033362270644,0.00019419900127104484
2328,"[[49]
 [48]
 [56]
 [57]
 [52]
 [53]]",3,0,meningioma,0,0.9016541639963785,0.09789583583672841,0.00045004227043439943
2329,"[[49]
 [48]
 [56]
 [57]
 [52]
 [53]]",3,0,meningioma,0,0.896729032198588,0.10323270534475644,3.82740912148923e-05
2330,"[[49]
 [48]
 [56]
 [57]
 [52]
 [53]]",3,0,meningioma,1,0.22832859307527542,0.7713753382364908,0.00029603659398465726
2331,"[[49]
 [48]
 [56]
 [57]
 [52]
 [53]]",3,0,meningioma,0,0.8453023831049601,0.1533919150630633,0.0013056999547795083
2332,"[[49]
 [48]
 [50]
 [57]
 [51]
 [53]]",0,0,meningioma,0,0.6790644327799479,0.30964770913124084,0.011287867402036985
2333,"[[49]
 [48]
 [57]
 [52]
 [49]
 [49]]",2,0,meningioma,0,0.8107149203618368,0.12740973383188248,0.06187528123458227
2334,"[[49]
 [48]
 [57]
 [57]
 [54]
 [56]]",2,0,meningioma,0,0.7075189749399821,0.277147779862086,0.015333230451991161
2335,"[[49]
 [48]
 [57]
 [57]
 [54]
 [56]]",2,0,meningioma,0,0.849904457728068,0.11302311221758525,0.03707243626316389
2336,"[[49]
 [48]
 [57]
 [57]
 [54]
 [56]]",2,0,meningioma,0,0.7713502446810404,0.15142556031545004,0.07722420121232669
2337,"[[49]
 [48]
 [57]
 [57]
 [54]
 [56]]",2,0,meningioma,1,0.24276081720987955,0.7488954067230225,0.008343736485888561
2338,"[[49]
 [49]
 [48]
 [49]
 [49]
 [54]]",2,0,meningioma,2,0.039617871244748436,0.005668240211283167,0.9547138810157776
2339,"[[49]
 [49]
 [48]
 [49]
 [49]
 [54]]",2,0,meningioma,2,0.08250346469382445,0.005591082270257175,0.9119054675102234
2340,"[[49]
 [49]
 [48]
 [49]
 [49]
 [54]]",2,0,meningioma,2,0.19623835136493048,0.00870601343922317,0.795055627822876
2341,"[[49]
 [49]
 [48]
 [49]
 [49]
 [54]]",2,0,meningioma,2,0.03220853287105759,0.0010196421256599326,0.9667718013127645
2342,"[[49]
 [49]
 [49]
 [48]
 [55]
 [55]]",3,0,meningioma,0,0.9680131276448568,0.011909650095428029,0.020077214886744816
2343,"[[49]
 [48]
 [50]
 [57]
 [56]
 [53]]",3,0,meningioma,0,0.9665330648422241,0.03337933712949356,8.760221317061223e-05
2344,"[[49]
 [49]
 [49]
 [48]
 [55]
 [55]]",3,0,meningioma,0,0.9885066151618958,0.00996212832008799,0.0015312516382740189
2345,"[[49]
 [49]
 [49]
 [48]
 [55]
 [55]]",3,0,meningioma,0,0.5930768748124441,0.028787124902009964,0.3781360189119975
2346,"[[49]
 [49]
 [49]
 [48]
 [55]
 [55]]",3,0,meningioma,2,0.036739785224199295,0.0006373034242036132,0.962622880935669
2347,"[[49]
 [49]
 [49]
 [51]
 [54]
 [54]]",0,0,meningioma,0,0.8269319732983907,0.16853837172190347,0.004529599895856033
2348,"[[49]
 [49]
 [49]
 [51]
 [54]
 [54]]",0,0,meningioma,0,0.5712109208106995,0.3730303843816121,0.05575871219237646
2349,"[[49]
 [49]
 [49]
 [51]
 [54]
 [54]]",0,0,meningioma,0,0.8258171876271566,0.10422385483980179,0.06995899602770805
2350,"[[49]
 [49]
 [49]
 [51]
 [54]
 [54]]",0,0,meningioma,0,0.6729116837183634,0.13084628681341806,0.19624205430348715
2351,"[[49]
 [49]
 [49]
 [53]
 [51]
 [50]]",4,0,meningioma,0,0.864336887995402,0.11483436077833176,0.020828742572727304
2352,"[[49]
 [49]
 [49]
 [53]
 [51]
 [50]]",4,0,meningioma,0,0.9275793433189392,0.042898385475079216,0.029522227947988238
2353,"[[49]
 [49]
 [49]
 [53]
 [51]
 [50]]",4,0,meningioma,0,0.7806350588798523,0.19028057157993317,0.029084341367706656
2354,"[[49]
 [48]
 [51]
 [54]
 [55]
 [51]]",0,0,meningioma,2,0.00026414295067903976,2.682063397211702e-05,0.9997090498606364
2355,"[[49]
 [49]
 [49]
 [53]
 [51]
 [50]]",4,0,meningioma,0,0.8093436161677042,0.1681286245584488,0.022527787698588025
2356,"[[49]
 [49]
 [49]
 [53]
 [51]
 [50]]",4,0,meningioma,0,0.9586152036984762,0.0276175900362432,0.01376719154844371
2357,"[[49]
 [49]
 [50]
 [48]
 [48]
 [50]]",3,0,meningioma,0,0.5400587220986685,0.45960983633995056,0.0003314759584706432
2358,"[[49]
 [49]
 [50]
 [48]
 [48]
 [50]]",3,0,meningioma,0,0.8938171863555908,0.10585494339466095,0.0003278232373607655
2359,"[[49]
 [49]
 [50]
 [48]
 [48]
 [50]]",3,0,meningioma,1,0.3343839844067891,0.6649884978930155,0.0006274917759583332
2360,"[[49]
 [49]
 [50]
 [48]
 [48]
 [50]]",3,0,meningioma,0,0.8696678082148234,0.04354233294725418,0.08678984269499779
2361,"[[49]
 [49]
 [50]
 [48]
 [54]
 [50]]",4,0,meningioma,0,0.6161452929178873,0.37995196878910065,0.00390271238150793
2362,"[[49]
 [49]
 [50]
 [48]
 [54]
 [50]]",4,0,meningioma,0,0.7643706997235616,0.2345412274201711,0.0010880564953102596
2363,"[[49]
 [49]
 [50]
 [48]
 [54]
 [50]]",4,0,meningioma,0,0.8605154951413473,0.13878092418114343,0.0007035534830078424
2364,"[[49]
 [49]
 [50]
 [48]
 [54]
 [50]]",4,0,meningioma,1,0.4150512218475342,0.5846140583356222,0.0003347293853247872
2365,"[[49]
 [48]
 [51]
 [54]
 [55]
 [51]]",0,0,meningioma,2,0.0003169538861887607,5.37371268668115e-05,0.9996293187141418
2366,"[[49]
 [49]
 [50]
 [50]
 [53]
 [50]]",4,0,meningioma,1,0.3346470718582471,0.6062246163686117,0.05912831996101886
2367,"[[49]
 [49]
 [50]
 [50]
 [53]
 [50]]",4,0,meningioma,0,0.9324758052825928,0.041806003699700035,0.025718212554541726
2368,"[[49]
 [49]
 [50]
 [53]
 [53]
 [50]]",4,0,meningioma,1,0.026505411602556705,0.9713995456695557,0.0020950211122302185
2369,"[[49]
 [49]
 [50]
 [53]
 [53]
 [50]]",4,0,meningioma,1,0.18556150359412035,0.7850866218407949,0.02935189336615925
2370,"[[49]
 [49]
 [50]
 [53]
 [53]
 [50]]",4,0,meningioma,0,0.46730553607145947,0.29851197203000385,0.23418249438206354
2371,"[[49]
 [49]
 [50]
 [53]
 [53]
 [50]]",4,0,meningioma,2,0.3791188063720862,0.03813003686567148,0.5827511847019196
2372,"[[49]
 [49]
 [50]
 [53]
 [53]
 [50]]",4,0,meningioma,0,0.48650066057840985,0.32536499698956806,0.18813436230023703
2373,"[[49]
 [49]
 [50]
 [53]
 [53]
 [50]]",4,0,meningioma,1,0.1859518364071846,0.5750299046436945,0.2390182837843895
2374,"[[49]
 [49]
 [50]
 [53]
 [53]
 [50]]",4,0,meningioma,0,0.6821877161661783,0.19297199696302414,0.12484033033251762
2375,"[[49]
 [49]
 [50]
 [54]
 [52]
 [56]]",0,0,meningioma,0,0.9178708791732788,0.021491592129071552,0.06063753180205822
2376,"[[49]
 [48]
 [51]
 [54]
 [55]
 [51]]",0,0,meningioma,2,0.0007804950898086341,0.00010908778699558752,0.9991104602813721
2377,"[[49]
 [49]
 [50]
 [54]
 [52]
 [56]]",0,0,meningioma,0,0.7471195956071218,0.006338829485078652,0.24654154976209006
2378,"[[49]
 [49]
 [50]
 [54]
 [52]
 [56]]",0,0,meningioma,0,0.616076777378718,0.012374719760070244,0.37154851853847504
2379,"[[49]
 [49]
 [51]
 [52]
 [51]
 [53]]",1,0,meningioma,1,0.2213180586695671,0.7659147381782532,0.01276720903115347
2380,"[[49]
 [49]
 [51]
 [52]
 [51]
 [53]]",1,0,meningioma,0,0.9154664476712545,0.06081862561404705,0.023714933699617784
2381,"[[49]
 [49]
 [51]
 [52]
 [51]
 [53]]",1,0,meningioma,1,0.1840203491350015,0.8059888283411661,0.00999082219398891
2382,"[[49]
 [49]
 [51]
 [52]
 [51]
 [53]]",1,0,meningioma,1,0.19811144719521204,0.7949293851852417,0.006959190558215293
2383,"[[49]
 [49]
 [51]
 [52]
 [51]
 [53]]",1,0,meningioma,1,0.2513654828071594,0.6938751737276713,0.05475931505983075
2384,"[[49]
 [49]
 [51]
 [52]
 [51]
 [53]]",1,0,meningioma,0,0.5002550880114237,0.4652378459771474,0.03450709364066521
2385,"[[49]
 [49]
 [51]
 [52]
 [51]
 [53]]",1,0,meningioma,0,0.8124993443489075,0.18480384225646654,0.002696813016276186
2386,"[[49]
 [49]
 [51]
 [52]
 [51]
 [53]]",1,0,meningioma,0,0.7190271615982056,0.28078847130139667,0.00018436098010473265
2387,"[[49]
 [48]
 [51]
 [54]
 [55]
 [51]]",0,0,meningioma,2,0.0023123869347424866,0.0007458080781361787,0.9969418048858643
2388,"[[49]
 [49]
 [51]
 [53]
 [53]
 [52]]",0,0,meningioma,0,0.8115047216415405,0.1336067815621694,0.054888530323902764
2389,"[[49]
 [49]
 [51]
 [53]
 [53]
 [52]]",0,0,meningioma,0,0.9235381682713827,0.04158378144105276,0.03487807853768269
2390,"[[49]
 [49]
 [51]
 [53]
 [53]
 [52]]",0,0,meningioma,0,0.9075480898221334,0.07666327183445294,0.015788677944025647
2391,"[[49]
 [49]
 [51]
 [56]
 [48]
 [53]]",3,0,meningioma,0,0.6918643514315287,0.3077714790900548,0.00036417992669157684
2392,"[[49]
 [49]
 [51]
 [56]
 [48]
 [53]]",3,0,meningioma,0,0.654513955116272,0.31211280326048535,0.03337324348588785
2393,"[[49]
 [49]
 [52]
 [48]
 [49]
 [56]]",0,0,meningioma,2,0.01469609832080702,0.00026618521102742915,0.9850377241770426
2394,"[[49]
 [49]
 [52]
 [48]
 [49]
 [56]]",0,0,meningioma,2,0.1760824074347814,0.01145491050556302,0.8124626676241556
2395,"[[49]
 [49]
 [52]
 [48]
 [49]
 [56]]",0,0,meningioma,2,0.022215745023762185,0.0009127972152782604,0.9768714706103007
2396,"[[49]
 [49]
 [52]
 [48]
 [49]
 [56]]",0,0,meningioma,2,0.09732385228077571,0.003941434784792364,0.8987347086270651
2397,"[[49]
 [49]
 [52]
 [51]
 [53]
 [57]]",3,0,meningioma,1,0.1948036551475525,0.8051608800888062,3.544352572741142e-05
2398,"[[49]
 [48]
 [48]
 [51]
 [54]
 [48]]",2,0,meningioma,0,0.45232222477595013,0.43339239557584125,0.114285409450531
2399,"[[49]
 [48]
 [51]
 [54]
 [55]
 [51]]",0,0,meningioma,2,0.018732945473554235,0.008372922563770166,0.9728941122690836
2400,"[[49]
 [49]
 [52]
 [51]
 [53]
 [57]]",3,0,meningioma,1,0.1860274001955986,0.8139123519261678,6.020831278874539e-05
2401,"[[49]
 [49]
 [52]
 [51]
 [53]
 [57]]",3,0,meningioma,1,0.04930298620214065,0.9506760040918986,2.1028474899746168e-05
2402,"[[49]
 [49]
 [52]
 [51]
 [53]
 [57]]",3,0,meningioma,0,0.8633577426274618,0.13528870542844137,0.0013535710459109396
2403,"[[49]
 [49]
 [52]
 [51]
 [53]
 [57]]",3,0,meningioma,1,0.4529358744621277,0.5442215700944265,0.0028425615552502372
2404,"[[49]
 [49]
 [52]
 [51]
 [53]
 [57]]",3,0,meningioma,1,0.23372702300548553,0.7609418431917826,0.005331111960307074
2405,"[[57]
 [55]
 [54]
 [48]
 [55]]",2,0,meningioma,0,0.9760917822519938,0.00884616638844212,0.015061993772784868
2406,"[[57]
 [55]
 [54]
 [48]
 [55]]",2,0,meningioma,0,0.970405379931132,0.02028561073044936,0.009309036191552877
2407,"[[57]
 [55]
 [54]
 [48]
 [55]]",2,0,meningioma,0,0.9851266543070475,0.014367863380660614,0.000505500880535692
2408,"[[57]
 [55]
 [55]
 [51]
 [55]]",1,0,meningioma,0,0.9785382946332296,0.020951918015877407,0.0005097938895535966
2409,"[[57]
 [55]
 [55]
 [51]
 [55]]",1,0,meningioma,0,0.9538525740305582,0.004747850704006851,0.04139953479170799
2410,"[[49]
 [48]
 [51]
 [54]
 [55]
 [51]]",0,0,meningioma,2,0.00710125263625135,0.0016525761190375003,0.9912461837132772
2411,"[[57]
 [55]
 [55]
 [51]
 [55]]",1,0,meningioma,0,0.9819379846254984,0.0017782111244741827,0.01628381184612711
2412,"[[57]
 [55]
 [55]
 [51]
 [55]]",1,0,meningioma,0,0.985776940981547,0.005244523131599029,0.008978545355300108
2413,"[[57]
 [55]
 [55]
 [51]
 [55]]",1,0,meningioma,0,0.9869233965873718,0.005952290181691448,0.0071243114459017915
2414,"[[57]
 [55]
 [55]
 [51]
 [55]]",1,0,meningioma,0,0.9356382091840109,0.06427861998478572,8.322939053565885e-05
2415,"[[57]
 [55]
 [56]
 [55]
 [53]]",3,0,meningioma,0,0.9710204402605692,0.006505478600350519,0.02247410244308412
2416,"[[57]
 [55]
 [56]
 [55]
 [53]]",3,0,meningioma,0,0.8600984613100687,0.0007447676956265544,0.1391567625105381
2417,"[[57]
 [55]
 [56]
 [55]
 [53]]",3,0,meningioma,0,0.7671331763267517,0.04393217650552591,0.1889346738656362
2418,"[[57]
 [55]
 [56]
 [55]
 [53]]",3,0,meningioma,0,0.8557607332865397,0.012042821384966373,0.1321964499851068
2419,"[[57]
 [55]
 [57]
 [52]
 [51]]",1,0,meningioma,0,0.9989206393559774,0.0005720540527060317,0.0005073531113642579
2420,"[[57]
 [55]
 [57]
 [52]
 [51]]",1,0,meningioma,0,0.9983740448951721,0.0016099481144919991,1.5971971417153934e-05
2421,"[[49]
 [48]
 [51]
 [57]
 [50]
 [53]]",1,0,meningioma,2,0.3451626201470693,0.034021022419134773,0.6208163499832153
2422,"[[57]
 [55]
 [57]
 [52]
 [51]]",1,0,meningioma,0,0.9975157976150513,0.002482241611384476,1.9851985169812756e-06
2423,"[[57]
 [55]
 [57]
 [52]
 [51]]",1,0,meningioma,0,0.5312237739562988,0.46877587338288623,3.716208910968059e-07
2424,"[[57]
 [55]
 [57]
 [52]
 [51]]",1,0,meningioma,1,0.18184798707564673,0.8181503415107727,1.6966765704988045e-06
2425,"[[57]
 [56]
 [50]
 [52]
 [49]]",1,0,meningioma,0,0.9233866532643636,0.05705849795291821,0.019554843039562304
2426,"[[57]
 [56]
 [50]
 [52]
 [49]]",1,0,meningioma,0,0.9788071314493815,0.009826421194399396,0.011366410103316108
2427,"[[57]
 [56]
 [50]
 [52]
 [49]]",1,0,meningioma,0,0.9964715441068014,0.0028808641945943236,0.0006475743988024382
2428,"[[57]
 [56]
 [50]
 [52]
 [49]]",1,0,meningioma,0,0.9720872640609741,0.012254623308156928,0.015658097807317972
2429,"[[57]
 [56]
 [50]
 [52]
 [49]]",1,0,meningioma,0,0.9373652537663778,0.01612640304180483,0.046508315950632095
2430,"[[57]
 [56]
 [50]
 [52]
 [49]]",1,0,meningioma,0,0.9654809832572937,0.024331148403386276,0.010187886383694908
2431,"[[57]
 [56]
 [50]
 [52]
 [49]]",1,0,meningioma,0,0.9686333338419596,0.02835289916644494,0.0030137010229130587
2432,"[[49]
 [48]
 [51]
 [57]
 [50]
 [53]]",1,0,meningioma,2,0.06690304478009541,0.0013571558326172333,0.9317398071289062
2433,"[[57]
 [57]
 [48]
 [49]
 [55]]",0,0,meningioma,0,0.769530196984609,0.02017852881302436,0.21029121180375418
2434,"[[57]
 [57]
 [48]
 [49]
 [55]]",0,0,meningioma,0,0.9135646224021912,0.031130221982796986,0.055305156856775284
2435,"[[57]
 [57]
 [48]
 [56]
 [57]]",0,0,meningioma,0,0.7610538403193156,0.020043882230917614,0.21890226503213248
2436,"[[57]
 [57]
 [48]
 [56]
 [57]]",0,0,meningioma,0,0.8327869176864624,0.019442042025427025,0.14777101700504622
2437,"[[57]
 [57]
 [48]
 [56]
 [57]]",0,0,meningioma,0,0.8480671246846517,0.04522185524304708,0.1067110225558281
2438,"[[57]
 [57]
 [48]
 [56]
 [57]]",0,0,meningioma,0,0.8611020843187968,0.03585015175243219,0.10304776020348072
2439,"[[57]
 [57]
 [48]
 [56]
 [57]]",0,0,meningioma,0,0.7666268944740295,0.2164323776960373,0.016940709358702104
2440,"[[57]
 [57]
 [50]
 [56]
 [56]]",1,0,meningioma,0,0.9595904350280762,0.04038632599016031,2.320566492623281e-05
2441,"[[57]
 [57]
 [51]
 [48]
 [56]]",3,0,meningioma,1,0.4013116657733917,0.5982007185618082,0.00048759982746560127
2442,"[[57]
 [57]
 [51]
 [48]
 [56]]",3,0,meningioma,0,0.9157164295514425,0.08424678693215053,3.677433263267934e-05
2443,"[[49]
 [48]
 [51]
 [57]
 [50]
 [53]]",1,0,meningioma,2,0.17093055446942648,0.0014310048524445544,0.8276384472846985
2444,"[[57]
 [57]
 [51]
 [48]
 [56]]",3,0,meningioma,0,0.9678889711697897,0.0312976206963261,0.0008133842299381892
2445,"[[57]
 [57]
 [51]
 [48]
 [56]]",3,0,meningioma,1,0.4311336080233256,0.5688055555025736,6.0797122083992385e-05
2446,"[[49]
 [48]
 [48]
 [51]
 [54]
 [48]]",2,0,meningioma,1,0.4738319516181946,0.5219793220361074,0.0041887161787599325
2447,"[[49]
 [48]
 [48]
 [51]
 [54]
 [48]]",2,0,meningioma,0,0.7263221144676208,0.2693368047475815,0.0043410729461659985
2448,"[[49]
 [48]
 [48]
 [51]
 [54]
 [48]]",2,0,meningioma,0,0.7351027528444926,0.2614790201187134,0.0034182240876058736
2449,"[[49]
 [48]
 [48]
 [51]
 [54]
 [48]]",2,0,meningioma,0,0.9194400111834208,0.057668693363666534,0.022891301040848095
2450,"[[49]
 [48]
 [48]
 [51]
 [54]
 [48]]",2,0,meningioma,0,0.8237309257189432,0.1747026120622953,0.0015664751796672742
2451,"[[49]
 [48]
 [48]
 [51]
 [54]
 [48]]",2,0,meningioma,0,0.7209435105323792,0.2390461564064026,0.0400103305776914
2452,"[[49]
 [48]
 [48]
 [53]
 [55]
 [50]]",4,0,meningioma,2,0.07675383053719997,0.0049979497368137045,0.918248196442922
2453,"[[49]
 [48]
 [48]
 [53]
 [55]
 [50]]",4,0,meningioma,2,0.06428057514131069,0.0033427500942101083,0.9323766430219015
2454,"[[49]
 [48]
 [52]
 [49]
 [54]
 [55]]",4,0,meningioma,1,0.3922678033510844,0.600926419099172,0.0068057684184168465
2455,"[[49]
 [48]
 [48]
 [54]
 [51]
 [57]]",0,0,meningioma,0,0.7645399967829386,0.22360306481520334,0.011856941933122775
2456,"[[49]
 [48]
 [48]
 [54]
 [51]
 [57]]",0,0,meningioma,0,0.6115875442822775,0.020637882873415947,0.3677745908498764
2457,"[[49]
 [48]
 [48]
 [57]
 [50]
 [48]]",2,0,meningioma,0,0.5722974340120951,0.4273080825805664,0.00039446430552440387
2458,"[[49]
 [48]
 [48]
 [57]
 [50]
 [48]]",2,0,meningioma,0,0.9547501802444458,0.044242589424053826,0.0010072751708018284
2459,"[[49]
 [48]
 [48]
 [57]
 [50]
 [48]]",2,0,meningioma,0,0.8540662527084351,0.11465530594189961,0.03127842334409555
2460,"[[49]
 [48]
 [49]
 [48]
 [49]
 [54]]",1,0,meningioma,0,0.7986696163813273,0.17879346509774527,0.02253685953716437
2461,"[[49]
 [48]
 [49]
 [48]
 [49]
 [54]]",1,0,meningioma,0,0.9943738579750061,0.005487751652253792,0.0001383474924902354
2462,"[[49]
 [48]
 [49]
 [48]
 [49]
 [54]]",1,0,meningioma,0,0.9892599781354269,0.010663998235637942,7.601855895700282e-05
2463,"[[49]
 [48]
 [49]
 [48]
 [49]
 [54]]",1,0,meningioma,0,0.928649365901947,0.07064422871917486,0.000706437179663529
2464,"[[49]
 [48]
 [49]
 [48]
 [56]
 [50]]",1,0,meningioma,0,0.8773608605066935,0.11412401124835014,0.008515176984171072
2465,"[[49]
 [48]
 [52]
 [49]
 [54]
 [55]]",4,0,meningioma,0,0.9904088775316874,0.008387294597923756,0.0012038623630322338
2466,"[[49]
 [48]
 [49]
 [48]
 [56]
 [50]]",1,0,meningioma,0,0.9608739813168844,0.025114362904181082,0.01401169264378647
2467,"[[49]
 [48]
 [49]
 [49]
 [50]
 [55]]",1,0,meningioma,0,0.7667126059532166,0.10184003661076228,0.13144730031490326
2468,"[[49]
 [48]
 [49]
 [49]
 [50]
 [55]]",1,0,meningioma,2,0.25071902573108673,0.21645837152997652,0.5328225543101629
2469,"[[49]
 [48]
 [49]
 [49]
 [50]
 [55]]",1,0,meningioma,2,0.27216821412245434,0.03401579583684603,0.6938159664471945
2470,"[[49]
 [48]
 [49]
 [49]
 [50]
 [55]]",1,0,meningioma,2,0.263733372092247,0.06602242899437745,0.6702442367871603
2471,"[[49]
 [48]
 [49]
 [55]
 [57]
 [55]]",3,0,meningioma,0,0.8375473221143087,0.15008827298879623,0.012364382409335425
2472,"[[49]
 [48]
 [49]
 [55]
 [57]
 [55]]",3,0,meningioma,0,0.6621416906515757,0.008795332939674457,0.3290629908442497
2473,"[[49]
 [48]
 [49]
 [55]
 [57]
 [55]]",3,0,meningioma,0,0.7634467482566833,0.2005729302763939,0.0359803344666337
2474,"[[49]
 [48]
 [49]
 [55]
 [57]
 [55]]",3,0,meningioma,0,0.825742224852244,0.01998160220682621,0.1542761903256178
2475,"[[49]
 [48]
 [49]
 [55]
 [57]
 [55]]",3,0,meningioma,0,0.9327648282051086,0.06566564242045085,0.0015695405115062993
2476,"[[49]
 [48]
 [52]
 [49]
 [54]
 [55]]",4,0,meningioma,0,0.9454540610313416,0.051773857325315475,0.0027721006985454246
2477,"[[49]
 [48]
 [49]
 [55]
 [57]
 [55]]",3,0,meningioma,0,0.9823132753372192,0.016615223760406177,0.0010715231959087153
2478,"[[49]
 [48]
 [49]
 [56]
 [48]
 [49]]",3,0,meningioma,0,0.9435377915700277,0.012558388213316599,0.04390381167953213
2479,"[[49]
 [48]
 [49]
 [56]
 [48]
 [49]]",3,0,meningioma,0,0.6747166117032369,0.22499976555506387,0.10028363640109698
2480,"[[49]
 [48]
 [49]
 [56]
 [48]
 [49]]",3,0,meningioma,0,0.7598646680514017,0.2059730440378189,0.03416227192307512
2481,"[[49]
 [48]
 [50]
 [52]
 [50]
 [48]]",0,0,meningioma,0,0.7040831645329794,0.2039357473452886,0.09198110053936641
2482,"[[49]
 [48]
 [50]
 [52]
 [50]
 [48]]",0,0,meningioma,2,0.4604795177777608,0.052171857406695686,0.48734865585962933
2483,"[[49]
 [48]
 [50]
 [52]
 [52]
 [54]]",4,0,meningioma,0,0.9777920444806417,0.014065974566619843,0.008141978760477286
2484,"[[49]
 [48]
 [50]
 [52]
 [52]
 [54]]",4,0,meningioma,0,0.9287429650624593,0.015371169041221341,0.05588585014144579
2485,"[[49]
 [48]
 [50]
 [54]
 [55]
 [53]]",2,0,meningioma,0,0.9797185659408569,0.018980147317051888,0.0013012857913660507
2486,"[[49]
 [48]
 [50]
 [54]
 [55]
 [53]]",2,0,meningioma,0,0.8959407011667887,0.10271050035953522,0.0013487914111465216
2487,"[[49]
 [48]
 [52]
 [49]
 [54]
 [55]]",4,0,meningioma,0,0.9074090321858724,0.09180141325729589,0.0007895900319425664
2488,"[[49]
 [48]
 [50]
 [55]
 [49]
 [52]]",4,0,meningioma,1,0.3677203270296256,0.6305190523465475,0.0017606017538203862
2489,"[[49]
 [48]
 [50]
 [55]
 [49]
 [52]]",4,0,meningioma,0,0.855617622534434,0.14318894719084105,0.0011934276931242493
2490,"[[49]
 [48]
 [50]
 [55]
 [49]
 [52]]",4,0,meningioma,0,0.8581096331278483,0.1220271959900856,0.019863188732415438
2491,"[[49]
 [48]
 [50]
 [55]
 [49]
 [52]]",4,0,meningioma,0,0.9259445865948995,0.02950556327899297,0.0445498280848066
2492,"[[49]
 [48]
 [50]
 [55]
 [49]
 [52]]",4,0,meningioma,0,0.7714451948801676,0.19327034056186676,0.03528447827557102
2493,"[[49]
 [48]
 [50]
 [56]
 [49]
 [56]]",0,0,meningioma,0,0.8546167810757955,0.1432572454214096,0.0021260069916024804
2494,"[[49]
 [48]
 [50]
 [56]
 [49]
 [56]]",0,0,meningioma,0,0.8841710885365804,0.10568851480881374,0.010140400379896164
2495,"[[49]
 [48]
 [50]
 [56]
 [49]
 [56]]",0,0,meningioma,0,0.5541083017985026,0.06169126679499944,0.3842004636923472
2496,"[[49]
 [48]
 [50]
 [56]
 [49]
 [56]]",0,0,meningioma,0,0.5932575265566508,0.228952685991923,0.17778983215490976
2497,"[[49]
 [48]
 [50]
 [57]
 [51]
 [53]]",0,0,meningioma,0,0.5451087752978007,0.03487489279359579,0.4200163533290227
2498,"[[49]
 [48]
 [52]
 [50]
 [56]
 [49]]",3,0,meningioma,0,0.631277859210968,0.3667690356572469,0.0019531052482003968
2499,"[[49]
 [48]
 [50]
 [57]
 [54]
 [48]]",1,0,meningioma,0,0.5753657718499502,0.4243137240409851,0.0003205091112855977
2500,"[[49]
 [48]
 [50]
 [57]
 [54]
 [48]]",1,0,meningioma,1,0.45445196827252704,0.5380252103010813,0.007522793544922024
2501,"[[49]
 [48]
 [50]
 [57]
 [54]
 [48]]",1,0,meningioma,0,0.7611461877822876,0.06559011153876781,0.17326374848683676
2502,"[[49]
 [48]
 [50]
 [57]
 [54]
 [48]]",1,0,meningioma,0,0.6272245645523071,0.3219253309071064,0.0508501244088014
2503,"[[49]
 [48]
 [50]
 [57]
 [54]
 [48]]",1,0,meningioma,0,0.6813206473986307,0.273284653822581,0.045394735100368656
2504,"[[49]
 [48]
 [50]
 [57]
 [56]
 [53]]",3,0,meningioma,0,0.46680275599161786,0.15165485938390097,0.3815423895915349
2505,"[[49]
 [48]
 [51]
 [54]
 [55]
 [51]]",0,0,meningioma,2,0.001199455582536757,0.0002814885859455292,0.9985190828641256
2506,"[[49]
 [48]
 [51]
 [54]
 [55]
 [51]]",0,0,meningioma,2,0.0039028466756766043,0.001552050409372896,0.994545062383016
2507,"[[49]
 [48]
 [51]
 [54]
 [55]
 [51]]",0,0,meningioma,2,0.012142552722555896,0.010634206157798568,0.977223257223765
2508,"[[49]
 [48]
 [51]
 [54]
 [55]
 [51]]",0,0,meningioma,2,0.008298261789605021,0.0009959475913395484,0.9907058080037435
2509,"[[49]
 [48]
 [48]
 [51]
 [54]
 [48]]",2,0,meningioma,1,0.10153056929508845,0.8927491108576456,0.005720320235316952
2510,"[[49]
 [48]
 [52]
 [50]
 [56]
 [49]]",3,0,meningioma,0,0.8676399191220602,0.1322954719265302,6.463776056383115e-05
2511,"[[49]
 [48]
 [51]
 [54]
 [55]
 [51]]",0,0,meningioma,2,0.004827589145861566,0.0018996424138701211,0.9932728012402853
2512,"[[49]
 [48]
 [51]
 [57]
 [50]
 [53]]",1,0,meningioma,2,0.2496624415119489,0.002339334459975362,0.7479981978734335
2513,"[[49]
 [48]
 [51]
 [57]
 [50]
 [53]]",1,0,meningioma,0,0.9859299063682556,0.010970285550380746,0.003099791045921544
2514,"[[49]
 [48]
 [51]
 [57]
 [50]
 [53]]",1,0,meningioma,0,0.7575840751330057,0.09128609548012416,0.15112985173861185
2515,"[[49]
 [48]
 [51]
 [57]
 [50]
 [53]]",1,0,meningioma,0,0.9755300084749857,0.010486190129692355,0.013983843809304139
2516,"[[49]
 [48]
 [52]
 [49]
 [54]
 [55]]",4,0,meningioma,0,0.5173877875010172,0.48240136603514355,0.00021082696363568706
2517,"[[49]
 [48]
 [52]
 [49]
 [54]
 [55]]",4,0,meningioma,0,0.949424127737681,0.029135390495260555,0.021440500665145617
2518,"[[49]
 [48]
 [52]
 [49]
 [54]
 [55]]",4,0,meningioma,0,0.944115420182546,0.04228606012960275,0.01359848614083603
2519,"[[49]
 [48]
 [52]
 [49]
 [54]
 [55]]",4,0,meningioma,0,0.9801381429036459,0.007697073742747307,0.012164742826522948
2520,"[[49]
 [48]
 [52]
 [49]
 [54]
 [55]]",4,0,meningioma,0,0.9626596172650655,0.0025730820392103246,0.03476729696315791
2521,"[[49]
 [48]
 [52]
 [50]
 [56]
 [49]]",3,0,meningioma,0,0.9877481857935587,0.012249043366561333,2.731406501273644e-06
2522,"[[49]
 [48]
 [52]
 [50]
 [56]
 [49]]",3,0,meningioma,1,0.38025789459546405,0.619737833738327,4.2764183755631775e-06
2523,"[[49]
 [48]
 [52]
 [50]
 [56]
 [49]]",3,0,meningioma,0,0.9966440796852112,0.0033544363686814904,1.4904199048260125e-06
2524,"[[49]
 [48]
 [52]
 [50]
 [56]
 [49]]",3,0,meningioma,0,0.9624377687772115,0.03755343953768412,8.7504578611212e-06
2525,"[[49]
 [48]
 [52]
 [50]
 [56]
 [49]]",3,0,meningioma,0,0.9619998137156168,0.037792870153983436,0.00020727138447303636
2526,"[[49]
 [48]
 [52]
 [54]
 [57]
 [53]]",4,0,meningioma,1,0.2979912708202998,0.6998123427232107,0.0021964016763528584
2527,"[[49]
 [48]
 [52]
 [54]
 [57]
 [53]]",4,0,meningioma,1,0.13367879639069238,0.8593729734420776,0.006948231633335429
2528,"[[49]
 [48]
 [52]
 [54]
 [57]
 [53]]",4,0,meningioma,0,0.6232357621192932,0.3091759830713272,0.06758823857914346
2529,"[[49]
 [48]
 [53]
 [51]
 [55]
 [52]]",3,0,meningioma,0,0.9877218008041382,0.012268828848997751,9.314397052169928e-06
2530,"[[49]
 [48]
 [53]
 [53]
 [53]
 [53]]",2,0,meningioma,0,0.8352927565574646,0.16231595228115717,0.0023913088953122497
2531,"[[49]
 [48]
 [53]
 [53]
 [53]
 [53]]",2,0,meningioma,0,0.8450910250345866,0.14338927467664084,0.011519702151417732
2532,"[[49]
 [48]
 [52]
 [50]
 [56]
 [49]]",3,0,meningioma,0,0.9735372265179952,0.026460539549589157,2.2723576194039197e-06
2533,"[[49]
 [48]
 [53]
 [57]
 [51]
 [55]]",2,0,meningioma,2,0.48858970403671265,0.0095990599753956,0.5018112460772196
2534,"[[49]
 [48]
 [53]
 [57]
 [51]
 [55]]",2,0,meningioma,0,0.7471016844113668,0.017506177071481943,0.2353921296695868
2535,"[[49]
 [48]
 [53]
 [57]
 [51]
 [55]]",2,0,meningioma,0,0.9014980594317118,0.006143809451411168,0.09235812351107597
2536,"[[49]
 [48]
 [54]
 [50]
 [56]
 [52]]",2,0,meningioma,0,0.8276122212409973,0.001743326506887873,0.17064443603157997
2537,"[[49]
 [48]
 [54]
 [50]
 [56]
 [52]]",2,0,meningioma,0,0.7464801768461863,0.005023684585466981,0.24849613507588705
2538,"[[49]
 [48]
 [54]
 [50]
 [56]
 [52]]",2,0,meningioma,0,0.6309991677602133,0.04611466825008392,0.3228861590226491
2539,"[[49]
 [48]
 [54]
 [50]
 [56]
 [52]]",2,0,meningioma,0,0.968473215897878,0.022147875279188156,0.009378887169683972
2540,"[[49]
 [48]
 [54]
 [52]
 [52]
 [50]]",2,0,meningioma,0,0.5699939628442129,0.4276822010676066,0.002323853647491584
2541,"[[49]
 [48]
 [54]
 [52]
 [52]
 [50]]",2,0,meningioma,0,0.87093053261439,0.08165542036294937,0.04741408210247755
2542,"[[49]
 [48]
 [54]
 [52]
 [52]
 [50]]",2,0,meningioma,0,0.9794482390085856,0.019262841902673244,0.0012889288870307307
2543,"[[49]
 [48]
 [52]
 [50]
 [56]
 [49]]",3,0,meningioma,1,0.22320329770445824,0.7767082452774048,8.845147992057416e-05
2544,"[[49]
 [48]
 [54]
 [53]
 [51]
 [52]]",3,0,meningioma,0,0.9812182386716207,0.0065606570181747275,0.012221149789790312
2545,"[[49]
 [48]
 [54]
 [53]
 [51]
 [52]]",3,0,meningioma,0,0.9861921469370524,0.013690716897447905,0.00011711040709390848
2546,"[[49]
 [48]
 [54]
 [53]
 [57]
 [50]]",3,0,meningioma,0,0.6005759537220001,0.39941904445489246,4.992497470842257e-06
2547,"[[49]
 [48]
 [54]
 [54]
 [54]
 [53]]",1,0,meningioma,0,0.7472264965375265,0.24986683328946432,0.0029066539524743953
2548,"[[49]
 [48]
 [54]
 [54]
 [54]
 [53]]",1,0,meningioma,0,0.9536589582761129,0.046303807447353997,3.724884042336877e-05
2549,"[[49]
 [48]
 [54]
 [54]
 [54]
 [53]]",1,0,meningioma,0,0.9470741152763367,0.0497436181952556,0.0031822623423067853
2550,"[[49]
 [48]
 [54]
 [54]
 [54]
 [53]]",1,0,meningioma,0,0.9058135747909546,0.09149934475620587,0.0026870704896282405
2551,"[[49]
 [48]
 [54]
 [54]
 [54]
 [53]]",1,0,meningioma,0,0.9532990654309591,0.04378229503830274,0.0029185996051334464
2552,"[[49]
 [48]
 [54]
 [54]
 [54]
 [53]]",1,0,meningioma,0,0.9237619439760844,0.051583571980396904,0.024654516018927097
2553,"[[49]
 [48]
 [54]
 [54]
 [54]
 [53]]",1,0,meningioma,0,0.81948850552241,0.1016559066871802,0.07885559772451718
2554,"[[49]
 [48]
 [52]
 [50]
 [56]
 [49]]",3,0,meningioma,0,0.9210063417752584,0.07891780883073807,7.586725647949304e-05
2555,"[[49]
 [48]
 [54]
 [55]
 [50]
 [48]]",4,0,meningioma,0,0.9411863088607788,0.05841749681470295,0.00039622795271861594
2556,"[[49]
 [48]
 [54]
 [55]
 [50]
 [48]]",4,0,meningioma,1,0.17350118855635324,0.8264496525128683,4.913220537143085e-05
2557,"[[49]
 [48]
 [54]
 [55]
 [50]
 [48]]",4,0,meningioma,1,0.1273479461669922,0.8676754633585612,0.004976549341032903
2558,"[[49]
 [48]
 [54]
 [57]
 [49]
 [52]]",3,0,meningioma,0,0.9648654659589132,0.0007620758454625806,0.03437242453219369
2559,"[[49]
 [48]
 [54]
 [57]
 [49]
 [52]]",3,0,meningioma,0,0.829396923383077,0.0006770590650072942,0.16992601550494632
2560,"[[49]
 [48]
 [54]
 [57]
 [49]
 [52]]",3,0,meningioma,0,0.8001764615376791,0.19970501710971197,0.0001185346788285339
2561,"[[49]
 [48]
 [54]
 [57]
 [49]
 [52]]",3,0,meningioma,0,0.9759891827901205,0.02195243164896965,0.0020583881511508175
2562,"[[49]
 [48]
 [54]
 [57]
 [49]
 [52]]",3,0,meningioma,0,0.8520342906316122,0.14752697944641113,0.00043873038521269336
2563,"[[49]
 [48]
 [54]
 [57]
 [49]
 [52]]",3,0,meningioma,0,0.9748701055844625,0.025059815496206284,7.011579115593729e-05
2564,"[[49]
 [48]
 [54]
 [57]
 [49]
 [52]]",3,0,meningioma,0,0.9954773982365926,0.004491332879600425,3.1283573775908735e-05
2565,"[[49]
 [48]
 [52]
 [50]
 [56]
 [49]]",3,0,meningioma,0,0.8654723962148031,0.13379626224438348,0.0007313234188283483
2566,"[[49]
 [48]
 [55]
 [49]
 [57]
 [48]]",2,0,meningioma,0,0.9106539686520895,0.04549399142464002,0.043852055445313454
2567,"[[49]
 [48]
 [55]
 [50]
 [52]
 [56]]",4,0,meningioma,0,0.5245077808698019,0.4171501745780309,0.058342039585113525
2568,"[[49]
 [48]
 [55]
 [50]
 [52]
 [56]]",4,0,meningioma,0,0.9363653461138407,0.00987053227921327,0.05376413185149431
2569,"[[49]
 [48]
 [55]
 [50]
 [52]
 [56]]",4,0,meningioma,0,0.8511616388956705,0.015787548385560513,0.13305083212132254
2570,"[[49]
 [48]
 [55]
 [50]
 [52]
 [56]]",4,0,meningioma,1,0.32359732687473297,0.45373400549093884,0.2226686328649521
2571,"[[49]
 [48]
 [55]
 [50]
 [52]
 [56]]",4,0,meningioma,0,0.4711437026659648,0.4492365022500356,0.07961981495221455
2572,"[[49]
 [48]
 [55]
 [52]
 [57]
 [52]]",1,0,meningioma,0,0.9789783557256063,0.020964295292894047,5.738124029145789e-05
2573,"[[49]
 [48]
 [55]
 [52]
 [57]
 [52]]",1,0,meningioma,0,0.9723203182220459,0.026484412451585133,0.0011952587422759582
2574,"[[49]
 [48]
 [55]
 [52]
 [57]
 [52]]",1,0,meningioma,0,0.9670819441477457,0.030818906612694263,0.002099145397854348
2575,"[[49]
 [48]
 [55]
 [52]
 [57]
 [52]]",1,0,meningioma,0,0.6223115622997284,0.08697339768211047,0.2907150586446126
2576,"[[49]
 [48]
 [53]
 [51]
 [55]
 [52]]",3,0,meningioma,1,0.36051324009895325,0.5477121373017629,0.09177463439603646
2577,"[[49]
 [48]
 [55]
 [57]
 [52]
 [54]]",0,0,meningioma,0,0.7550575534502665,0.24448921283086142,0.00045320093583238
2578,"[[49]
 [48]
 [55]
 [57]
 [52]
 [54]]",0,0,meningioma,1,0.04552059123913447,0.954306443532308,0.00017292976220536124
2579,"[[49]
 [48]
 [55]
 [57]
 [52]
 [54]]",0,0,meningioma,1,0.09157303969065349,0.9078371524810791,0.0005898373528907541
2580,"[[49]
 [48]
 [55]
 [57]
 [52]
 [54]]",0,0,meningioma,1,0.15740992377201715,0.8420109748840332,0.000579069111457405
2581,"[[49]
 [48]
 [56]
 [53]
 [49]
 [52]]",2,0,meningioma,0,0.9474822878837585,0.05248531186953187,3.2392367074862705e-05
2582,"[[49]
 [48]
 [56]
 [53]
 [49]
 [52]]",2,0,meningioma,0,0.7276981075604757,0.2722299223144849,7.197459281845416e-05
2583,"[[49]
 [48]
 [56]
 [53]
 [49]
 [52]]",2,0,meningioma,0,0.9670214851697286,0.032753415405750275,0.0002250926960793246
2584,"[[49]
 [48]
 [56]
 [53]
 [49]
 [52]]",2,0,meningioma,0,0.7657457987467448,0.23402986427148184,0.0002243441840619198
2585,"[[49]
 [48]
 [56]
 [53]
 [49]
 [52]]",2,0,meningioma,1,0.28299976388613385,0.7138412793477377,0.0031589812909563384
2586,"[[49]
 [48]
 [56]
 [53]
 [53]
 [48]]",0,0,meningioma,0,0.9133376876513163,0.08373073736826579,0.002931548132134291
2587,"[[49]
 [48]
 [53]
 [51]
 [55]
 [52]]",3,0,meningioma,0,0.605137879649798,0.030424954369664192,0.3644372175137202
2588,"[[49]
 [48]
 [56]
 [53]
 [53]
 [48]]",0,0,meningioma,0,0.838614821434021,0.0883801318705082,0.07300506097575028
2589,"[[49]
 [48]
 [56]
 [53]
 [57]
 [48]]",1,0,meningioma,0,0.752274751663208,0.21415058026711145,0.033574687937895455
2590,"[[49]
 [48]
 [56]
 [53]
 [57]
 [48]]",1,0,meningioma,0,0.9667564034461975,0.032658821592728295,0.0005847698945823746
2591,"[[49]
 [48]
 [56]
 [57]
 [52]
 [53]]",3,0,meningioma,0,0.7735366821289062,0.2264335403839747,2.9800402103319357e-05
2592,"[[49]
 [48]
 [56]
 [57]
 [52]
 [53]]",3,0,meningioma,0,0.969041128953298,0.030957799482469756,1.0768826612661542e-06
2593,"[[49]
 [48]
 [56]
 [57]
 [52]
 [53]]",3,0,meningioma,0,0.9690323074658712,0.02542215585708618,0.005545527053376039
2594,"[[49]
 [48]
 [56]
 [57]
 [52]
 [53]]",3,0,meningioma,0,0.9223731954892477,0.06838252395391464,0.009244284107505033
2595,"[[49]
 [48]
 [57]
 [51]
 [53]
 [48]]",0,0,meningioma,0,0.541859894990921,0.006321804753194253,0.4518183171749115
2596,"[[49]
 [48]
 [57]
 [51]
 [53]
 [48]]",0,0,meningioma,0,0.7141902446746826,0.022521087899804115,0.263288676738739
2597,"[[49]
 [48]
 [57]
 [52]
 [49]
 [49]]",2,0,meningioma,0,0.9368446270624796,0.05951490749915441,0.0036404901184141636
2598,"[[49]
 [48]
 [53]
 [53]
 [53]
 [53]]",2,0,meningioma,0,0.5367709795633951,0.4628867010275523,0.00034233692470782745
2599,"[[49]
 [48]
 [57]
 [57]
 [54]
 [56]]",2,0,meningioma,0,0.9225858251253763,0.07639644294977188,0.0010177511139772832
2600,"[[49]
 [48]
 [57]
 [57]
 [54]
 [56]]",2,0,meningioma,0,0.8477525313695272,0.11950465167562167,0.03274279863884052
2601,"[[49]
 [48]
 [57]
 [57]
 [54]
 [56]]",2,0,meningioma,0,0.8929417133331299,0.09878612061341603,0.008272146030018726
2602,"[[49]
 [48]
 [57]
 [57]
 [54]
 [56]]",2,0,meningioma,0,0.9627681175867716,0.001009917837412407,0.03622195667897662
2603,"[[49]
 [49]
 [48]
 [56]
 [48]
 [56]]",3,0,meningioma,1,0.04051707281420628,0.9594774047533671,5.5462415957663325e-06
2604,"[[49]
 [49]
 [48]
 [56]
 [48]
 [56]]",3,0,meningioma,0,0.855110764503479,0.14488667249679565,2.552516171760999e-06
2605,"[[49]
 [49]
 [49]
 [48]
 [55]
 [55]]",3,0,meningioma,0,0.9604116479555765,0.03949119088550409,9.717995605266576e-05
2606,"[[49]
 [49]
 [49]
 [48]
 [55]
 [55]]",3,0,meningioma,0,0.9759805202484131,0.0240043462254107,1.514472758875248e-05
2607,"[[49]
 [49]
 [49]
 [48]
 [55]
 [55]]",3,0,meningioma,0,0.8346142570177714,0.16518964866797128,0.0001961006904214931
2608,"[[49]
 [49]
 [49]
 [51]
 [54]
 [54]]",0,0,meningioma,0,0.7004517118136088,0.29697489241758984,0.0025733614650865397
2609,"[[53]
 [56]
 [51]
 [57]
 [50]]",4,2,pituitary,2,0.02906336720722417,0.0007162419788073748,0.9702203671137491
2610,"[[49]
 [49]
 [49]
 [51]
 [54]
 [54]]",0,0,meningioma,0,0.7286945382754008,0.2698843429485957,0.0014211279194569215
2611,"[[49]
 [49]
 [49]
 [51]
 [54]
 [54]]",0,0,meningioma,0,0.6335728367169698,0.3629514276981354,0.00347573965943108
2612,"[[49]
 [49]
 [49]
 [51]
 [54]
 [54]]",0,0,meningioma,0,0.8624093135197958,0.13322413712739944,0.004366569696382309
2613,"[[49]
 [49]
 [49]
 [53]
 [51]
 [50]]",4,0,meningioma,0,0.9008893370628357,0.09534827961275975,0.003762340237472017
2614,"[[49]
 [49]
 [49]
 [53]
 [51]
 [50]]",4,0,meningioma,0,0.9560844898223877,0.01695421151816845,0.026961290580099256
2615,"[[49]
 [49]
 [49]
 [53]
 [51]
 [50]]",4,0,meningioma,0,0.8244590957959493,0.019212885449330013,0.15632799341498563
2616,"[[49]
 [49]
 [49]
 [54]
 [57]
 [54]]",1,0,meningioma,0,0.8932313919067383,0.06408196811874707,0.04268665860096613
2617,"[[49]
 [49]
 [49]
 [55]
 [49]
 [48]]",1,0,meningioma,0,0.8467996716499329,0.15294542784492174,0.0002548837219364941
2618,"[[49]
 [49]
 [49]
 [55]
 [49]
 [48]]",1,0,meningioma,0,0.6902736028035482,0.3096533666054408,7.300406559807016e-05
2619,"[[49]
 [49]
 [50]
 [48]
 [48]
 [50]]",3,0,meningioma,0,0.9006495674451193,0.06373765443762143,0.0356127992272377
2620,"[[49]
 [48]
 [48]
 [53]
 [55]
 [50]]",4,0,meningioma,2,0.03528809485336145,0.0009542315528960899,0.9637576738993326
2621,"[[49]
 [48]
 [53]
 [57]
 [51]
 [55]]",2,0,meningioma,0,0.9056968887646993,0.08792211736241977,0.0063809785060584545
2622,"[[49]
 [49]
 [50]
 [48]
 [48]
 [50]]",3,0,meningioma,0,0.7530328631401062,0.24389152973890305,0.0030756002912918725
2623,"[[49]
 [49]
 [50]
 [48]
 [48]
 [50]]",3,0,meningioma,0,0.9125383098920187,0.05967821553349495,0.027783508839396138
2624,"[[49]
 [49]
 [50]
 [48]
 [48]
 [50]]",3,0,meningioma,0,0.8013179103533427,0.06009227099517981,0.1385898276542624
2625,"[[49]
 [49]
 [50]
 [48]
 [54]
 [50]]",4,0,meningioma,0,0.8573140899340311,0.14032809684673944,0.0023578327109892903
2626,"[[49]
 [49]
 [50]
 [48]
 [54]
 [50]]",4,0,meningioma,0,0.975245992342631,0.012049051467329264,0.012704971702381348
2627,"[[49]
 [49]
 [50]
 [48]
 [54]
 [50]]",4,0,meningioma,0,0.4146702786286672,0.2862510134776433,0.29907870292663574
2628,"[[49]
 [49]
 [50]
 [50]
 [53]
 [50]]",4,0,meningioma,0,0.9139535228411356,0.017586654362579186,0.06845983117818832
2629,"[[49]
 [49]
 [50]
 [50]
 [53]
 [50]]",4,0,meningioma,0,0.5835595726966858,0.27947689096132916,0.13696349412202835
2630,"[[49]
 [49]
 [50]
 [53]
 [53]
 [50]]",4,0,meningioma,0,0.6453909675280253,0.1455849731961886,0.20902410646279654
2631,"[[49]
 [49]
 [50]
 [53]
 [53]
 [50]]",4,0,meningioma,0,0.6256620983282725,0.3230857898791631,0.05125214656194051
2632,"[[49]
 [48]
 [53]
 [57]
 [51]
 [55]]",2,0,meningioma,0,0.9676263729731241,0.031526777893304825,0.0008468785672448575
2633,"[[49]
 [49]
 [50]
 [53]
 [53]
 [50]]",4,0,meningioma,1,0.17774041990439096,0.7373378674189249,0.08492172385255496
2634,"[[49]
 [49]
 [50]
 [53]
 [53]
 [50]]",4,0,meningioma,0,0.5105466941992441,0.4484500586986542,0.04100325734664997
2635,"[[49]
 [49]
 [50]
 [53]
 [53]
 [50]]",4,0,meningioma,0,0.9110751549402872,0.07911404284338157,0.009810830750211608
2636,"[[49]
 [49]
 [50]
 [53]
 [53]
 [50]]",4,0,meningioma,1,0.12356138229370117,0.8748035828272501,0.0016350566769081827
2637,"[[49]
 [49]
 [50]
 [53]
 [53]
 [50]]",4,0,meningioma,1,0.03542204946279526,0.9644398887952169,0.00013809732209324466
2638,"[[49]
 [49]
 [50]
 [54]
 [52]
 [56]]",0,0,meningioma,0,0.9515201052029928,0.041141085947553314,0.007338791775206725
2639,"[[49]
 [49]
 [50]
 [54]
 [52]
 [56]]",0,0,meningioma,0,0.7741605639457703,0.018252579029649496,0.2075868621468544
2640,"[[49]
 [49]
 [50]
 [54]
 [52]
 [56]]",0,0,meningioma,1,0.45371707280476886,0.4817245701948802,0.06455835700035095
2641,"[[49]
 [49]
 [50]
 [54]
 [52]
 [56]]",0,0,meningioma,0,0.6336856881777445,0.16636955738067627,0.19994475692510605
2642,"[[49]
 [49]
 [50]
 [54]
 [53]
 [48]]",0,0,meningioma,1,0.1411117191116015,0.8587009906768799,0.00018728277548992386
2643,"[[49]
 [48]
 [54]
 [50]
 [56]
 [52]]",2,0,meningioma,0,0.6936096350351969,0.14543080081542334,0.16095956911643347
2644,"[[49]
 [49]
 [50]
 [54]
 [53]
 [48]]",0,0,meningioma,0,0.8535329302151998,0.14455301811297736,0.0019140798443307478
2645,"[[49]
 [49]
 [51]
 [48]
 [57]
 [56]]",2,0,meningioma,0,0.935343861579895,0.060381745298703514,0.004274407246460517
2646,"[[49]
 [49]
 [51]
 [48]
 [57]
 [56]]",2,0,meningioma,0,0.746345063050588,0.2515916128953298,0.00206332333618775
2647,"[[49]
 [49]
 [51]
 [48]
 [57]
 [56]]",2,0,meningioma,0,0.6383408308029175,0.34250708917776745,0.019152121618390083
2648,"[[49]
 [49]
 [51]
 [48]
 [57]
 [56]]",2,0,meningioma,1,0.13865835219621658,0.861147423585256,0.00019421690619007373
2649,"[[49]
 [49]
 [51]
 [52]
 [51]
 [53]]",1,0,meningioma,1,0.3453836441040039,0.6506698032220205,0.003946548531530425
2650,"[[49]
 [49]
 [51]
 [52]
 [51]
 [53]]",1,0,meningioma,0,0.7334039012591044,0.2552999407052994,0.011296181551491221
2651,"[[49]
 [49]
 [51]
 [52]
 [51]
 [53]]",1,0,meningioma,1,0.46927910546461743,0.5171306828657786,0.013590253346289197
2652,"[[49]
 [49]
 [51]
 [52]
 [51]
 [53]]",1,0,meningioma,1,0.32054156561692554,0.5389306743939718,0.14052771714826426
2653,"[[49]
 [49]
 [51]
 [52]
 [51]
 [53]]",1,0,meningioma,0,0.4850226044654846,0.4436005751291911,0.07137680302063625
2654,"[[49]
 [48]
 [54]
 [50]
 [56]
 [52]]",2,0,meningioma,0,0.9066799879074097,0.038226308301091194,0.055093687027692795
2655,"[[49]
 [49]
 [51]
 [52]
 [51]
 [53]]",1,0,meningioma,0,0.8070244193077087,0.18638144433498383,0.006594128111222138
2656,"[[49]
 [49]
 [51]
 [53]
 [53]
 [52]]",0,0,meningioma,0,0.9010657469431559,0.05553697422146797,0.043397292805214725
2657,"[[49]
 [49]
 [51]
 [53]
 [53]
 [52]]",0,0,meningioma,0,0.5314989586671194,0.013784365418056646,0.45471667249997455
2658,"[[49]
 [49]
 [51]
 [53]
 [53]
 [52]]",0,0,meningioma,0,0.4520679811636607,0.11373248075445493,0.4341995219389598
2659,"[[49]
 [49]
 [51]
 [53]
 [53]
 [52]]",0,0,meningioma,0,0.6305859287579855,0.07636074100931485,0.29305333147446316
2660,"[[49]
 [49]
 [51]
 [54]
 [49]
 [52]]",1,0,meningioma,1,0.26561689128478366,0.7341229319572449,0.0002601899280610572
2661,"[[49]
 [49]
 [51]
 [54]
 [49]
 [52]]",1,0,meningioma,0,0.9751909772555033,0.024807572054366272,1.4965084946065115e-06
2662,"[[49]
 [49]
 [51]
 [54]
 [49]
 [52]]",1,0,meningioma,0,0.9941833813985189,0.00581615852812926,5.051711831072225e-07
2663,"[[49]
 [49]
 [51]
 [54]
 [49]
 [52]]",1,0,meningioma,1,0.20389333367347717,0.7961060206095377,6.209143397957936e-07
2664,"[[49]
 [49]
 [51]
 [56]
 [48]
 [53]]",3,0,meningioma,0,0.9089406728744507,0.09039774040381114,0.0006616136646092249
2665,"[[49]
 [48]
 [54]
 [50]
 [56]
 [52]]",2,0,meningioma,0,0.9458865920702616,0.0484857310851415,0.005627674128239353
2666,"[[49]
 [49]
 [51]
 [57]
 [55]
 [49]]",4,0,meningioma,1,0.09344944854577382,0.8895439306894938,0.017006629146635532
2667,"[[49]
 [49]
 [51]
 [57]
 [55]
 [49]]",4,0,meningioma,0,0.8687942226727804,0.05047586187720299,0.08072986205418904
2668,"[[49]
 [49]
 [52]
 [48]
 [49]
 [56]]",0,0,meningioma,2,0.2832840333382289,0.14182650546232858,0.5748894611994425
2669,"[[49]
 [49]
 [52]
 [48]
 [49]
 [56]]",0,0,meningioma,0,0.6140827834606171,0.08683495968580246,0.2990822692712148
2670,"[[49]
 [49]
 [52]
 [48]
 [49]
 [56]]",0,0,meningioma,0,0.5998864273230234,0.017893750841418903,0.3822198112805684
2671,"[[49]
 [49]
 [52]
 [48]
 [49]
 [56]]",0,0,meningioma,2,0.31448278824488324,0.008486019913107157,0.6770311594009399
2672,"[[49]
 [49]
 [52]
 [48]
 [49]
 [56]]",0,0,meningioma,2,0.09249988198280334,0.023782586368421715,0.8837175170580546
2673,"[[49]
 [49]
 [52]
 [48]
 [49]
 [56]]",0,0,meningioma,2,0.1669036994377772,0.27725766599178314,0.5558386147022247
2674,"[[49]
 [49]
 [52]
 [51]
 [53]
 [57]]",3,0,meningioma,0,0.8789680401484171,0.12103167300422986,2.943778696362642e-07
2675,"[[49]
 [49]
 [52]
 [51]
 [53]
 [57]]",3,0,meningioma,1,0.45428910851478577,0.5457103848457336,5.130919085161167e-07
2676,"[[49]
 [48]
 [54]
 [50]
 [56]
 [52]]",2,0,meningioma,0,0.9508342345555624,0.034649836675574384,0.014515941496938467
2677,"[[49]
 [49]
 [52]
 [51]
 [53]
 [57]]",3,0,meningioma,0,0.9927661220232645,0.007233119414498408,7.620005995079282e-07
2678,"[[49]
 [49]
 [52]
 [51]
 [53]
 [57]]",3,0,meningioma,0,0.9853661855061849,0.014619999565184116,1.3794930737276445e-05
2679,"[[49]
 [49]
 [52]
 [51]
 [53]
 [57]]",3,0,meningioma,0,0.9089082280794779,0.09106738865375519,2.4346224790861015e-05
2680,"[[49]
 [49]
 [52]
 [51]
 [53]
 [57]]",3,0,meningioma,0,0.9838787913322449,0.011446804894755283,0.004674452570422242
2681,"[[49]
 [49]
 [52]
 [51]
 [53]
 [57]]",3,0,meningioma,0,0.9122229218482971,0.07889719555775325,0.008879929470519224
2682,"[[49]
 [49]
 [52]
 [52]
 [49]
 [55]]",3,0,meningioma,1,0.02738858200609684,0.9726058840751648,5.518203587702904e-06
2683,"[[49]
 [49]
 [52]
 [52]
 [49]
 [55]]",3,0,meningioma,0,0.5672948956489563,0.43261731664339703,8.780174630373949e-05
2684,"[[49]
 [49]
 [52]
 [52]
 [49]
 [55]]",3,0,meningioma,1,0.34332333008448285,0.6554219027360281,0.001254810219203743
2685,"[[49]
 [49]
 [52]
 [52]
 [49]
 [55]]",3,0,meningioma,0,0.9616584976514181,0.026741032022982836,0.011600485032734772
2686,"[[57]
 [55]
 [51]
 [55]
 [52]]",3,0,meningioma,1,0.3728526532649994,0.6144682566324869,0.01267908827867359
2687,"[[49]
 [48]
 [54]
 [50]
 [56]
 [52]]",2,0,meningioma,0,0.8465807437896729,0.15161803488930067,0.0018011583015322685
2688,"[[57]
 [55]
 [51]
 [55]
 [52]]",3,0,meningioma,1,0.44975748658180237,0.5492001473903656,0.001042369755547649
2689,"[[57]
 [55]
 [51]
 [55]
 [52]]",3,0,meningioma,1,0.43571028113365173,0.5634280542532603,0.0008616948192260073
2690,"[[57]
 [55]
 [51]
 [55]
 [52]]",3,0,meningioma,1,0.24115039904912314,0.7585676511128744,0.00028197159811801004
2691,"[[57]
 [55]
 [51]
 [55]
 [52]]",3,0,meningioma,1,0.24781077106793722,0.7521503369013468,3.888759344287488e-05
2692,"[[57]
 [55]
 [54]
 [48]
 [55]]",2,0,meningioma,0,0.8852365215619405,0.11348505566517512,0.001278418213284264
2693,"[[57]
 [55]
 [54]
 [48]
 [55]]",2,0,meningioma,0,0.9598820408185323,0.02869484635690848,0.011423071846365929
2694,"[[57]
 [55]
 [54]
 [48]
 [55]]",2,0,meningioma,2,0.2724071741104126,0.03931481298059225,0.6882780194282532
2695,"[[57]
 [55]
 [54]
 [48]
 [55]]",2,0,meningioma,0,0.7190044323603312,0.2614684998989105,0.019527124240994453
2696,"[[57]
 [55]
 [55]
 [51]
 [55]]",1,0,meningioma,0,0.9882388512293497,0.010968237154884264,0.000792958278907463
2697,"[[57]
 [55]
 [55]
 [51]
 [55]]",1,0,meningioma,0,0.965416431427002,0.03275140328332782,0.0018321685881043475
2698,"[[49]
 [48]
 [54]
 [52]
 [52]
 [50]]",2,0,meningioma,1,0.3621196448802948,0.6357402006785074,0.0021401457488536835
2699,"[[57]
 [55]
 [55]
 [51]
 [55]]",1,0,meningioma,0,0.9688006440798441,0.009327869969032085,0.021871494129300117
2700,"[[57]
 [55]
 [55]
 [51]
 [55]]",1,0,meningioma,0,0.8051068584124247,0.11952878596882026,0.07536434878905614
2701,"[[57]
 [55]
 [55]
 [51]
 [55]]",1,0,meningioma,0,0.8330922524134318,0.1376999026785294,0.029207852048178513
2702,"[[57]
 [55]
 [55]
 [57]
 [51]]",3,0,meningioma,0,0.9720320900281271,0.027814388896028202,0.000153494042630579
2703,"[[57]
 [55]
 [56]
 [55]
 [53]]",3,0,meningioma,0,0.9572256207466125,0.016474540966252487,0.02629987127147615
2704,"[[57]
 [55]
 [57]
 [52]
 [51]]",1,0,meningioma,0,0.7232052087783813,0.27226464450359344,0.004530145321041346
2705,"[[57]
 [55]
 [57]
 [52]
 [51]]",1,0,meningioma,0,0.713282306989034,0.28279664119084674,0.003921025296828399
2706,"[[57]
 [55]
 [57]
 [52]
 [51]]",1,0,meningioma,0,0.9666357636451721,0.031843506110211216,0.00152068516278329
2707,"[[57]
 [55]
 [57]
 [52]
 [51]]",1,0,meningioma,0,0.8863760431607565,0.11018633469939232,0.0034375933270591
2708,"[[57]
 [55]
 [57]
 [52]
 [51]]",1,0,meningioma,0,0.42539379994074505,0.23279007524251938,0.34181611984968185
2709,"[[49]
 [48]
 [54]
 [52]
 [52]
 [50]]",2,0,meningioma,0,0.5618840555349985,0.43283719817797345,0.005278781832506259
2710,"[[57]
 [56]
 [50]
 [52]
 [49]]",1,0,meningioma,0,0.9918606877326965,0.007944386530046662,0.0001949517394071639
2711,"[[57]
 [56]
 [50]
 [52]
 [49]]",1,0,meningioma,0,0.994830846786499,0.003863593388814479,0.0013055066616895299
2712,"[[57]
 [56]
 [50]
 [52]
 [49]]",1,0,meningioma,0,0.9935936530431112,0.005649065598845482,0.0007572512161762764
2713,"[[57]
 [56]
 [50]
 [52]
 [49]]",1,0,meningioma,0,0.8969821135203043,0.10297757604469855,4.030825865205164e-05
2714,"[[57]
 [56]
 [50]
 [52]
 [49]]",1,0,meningioma,0,0.8598655462265015,0.13002313487231731,0.010111342805127302
2715,"[[57]
 [56]
 [50]
 [52]
 [49]]",1,0,meningioma,1,0.25110257665316266,0.6948999961217245,0.05399744321281711
2716,"[[57]
 [57]
 [48]
 [49]
 [55]]",0,0,meningioma,0,0.8235488335291544,0.17156981925169626,0.004881380242295563
2717,"[[57]
 [57]
 [48]
 [49]
 [55]]",0,0,meningioma,0,0.9523555437723795,0.03985484999914964,0.007789626766073828
2718,"[[57]
 [57]
 [48]
 [56]
 [57]]",0,0,meningioma,2,0.1556092525521914,0.025149506827195484,0.8192412257194519
2719,"[[57]
 [57]
 [48]
 [56]
 [57]]",0,0,meningioma,2,0.4142679075400035,0.010833936122556528,0.5748981535434723
2720,"[[49]
 [48]
 [54]
 [52]
 [52]
 [50]]",2,0,meningioma,0,0.8325540820757548,0.1672624076406161,0.00018350073272207132
2721,"[[57]
 [57]
 [48]
 [56]
 [57]]",0,0,meningioma,0,0.639740655819575,0.0374271497130394,0.32283222178618115
2722,"[[57]
 [57]
 [48]
 [56]
 [57]]",0,0,meningioma,0,0.7305414080619812,0.11907504002253215,0.15038354446490607
2723,"[[57]
 [57]
 [48]
 [56]
 [57]]",0,0,meningioma,0,0.843478798866272,0.09094711765646935,0.0655740996201833
2724,"[[57]
 [57]
 [49]
 [54]
 [50]]",0,0,meningioma,0,0.7183536489804586,0.26980731387933093,0.011839017427215973
2725,"[[57]
 [57]
 [49]
 [54]
 [50]]",0,0,meningioma,0,0.6295086542765299,0.33855391542116803,0.0319374625881513
2726,"[[57]
 [57]
 [49]
 [54]
 [50]]",0,0,meningioma,2,0.27454930047194165,0.1357839653889338,0.5896667242050171
2727,"[[57]
 [57]
 [50]
 [56]
 [56]]",1,0,meningioma,0,0.7027073502540588,0.2659950405359268,0.031297567610939346
2728,"[[57]
 [57]
 [51]
 [48]
 [56]]",3,0,meningioma,0,0.8364193240801493,0.015326639171689749,0.148254024485747
2729,"[[57]
 [57]
 [51]
 [48]
 [56]]",3,0,meningioma,0,0.9859992265701294,0.013260893213252226,0.0007398675588774495
2730,"[[57]
 [57]
 [51]
 [48]
 [56]]",3,0,meningioma,0,0.8852173686027527,0.11469527333974838,8.738715428080468e-05
2731,"[[49]
 [48]
 [48]
 [53]
 [55]
 [50]]",4,0,meningioma,2,0.004308529198169708,0.0003715986567840446,0.9953198830286661
2732,"[[49]
 [48]
 [54]
 [52]
 [52]
 [50]]",2,0,meningioma,0,0.6312445998191833,0.3676418165365855,0.001113592724626263
2733,"[[57]
 [57]
 [51]
 [48]
 [56]]",3,0,meningioma,0,0.8924495180447897,0.10754850010077159,1.981807191242524e-06
2734,"[[57]
 [57]
 [51]
 [48]
 [56]]",3,0,meningioma,0,0.9271214405695597,0.07287534326314926,3.192562208672219e-06
2735,"[[57]
 [57]
 [51]
 [48]
 [56]]",3,0,meningioma,0,0.8888461788495382,0.11112129067381223,3.253198989720355e-05
2736,"[[57]
 [57]
 [56]
 [49]
 [53]]",2,0,meningioma,1,0.3562926749388377,0.6368663410345713,0.006840953991437952
2737,"[[57]
 [57]
 [56]
 [49]
 [53]]",2,0,meningioma,0,0.7884432077407837,0.21085916459560394,0.0006976404207913826
2738,"[[57]
 [57]
 [56]
 [49]
 [53]]",2,0,meningioma,0,0.9343192378679911,0.05844488615791003,0.007235880320270856
2739,"[[57]
 [57]
 [56]
 [49]
 [53]]",2,0,meningioma,0,0.853922704855601,0.14167259136835733,0.0044047043193131685
2740,"[[57]
 [57]
 [56]
 [49]
 [53]]",2,0,meningioma,1,0.4358801295359929,0.5639724135398865,0.0001474653775706732
2741,"[[57]
 [57]
 [56]
 [49]
 [53]]",2,0,meningioma,0,0.6781147718429565,0.3218081494172414,7.708073265651667e-05
2742,"[[49]
 [48]
 [53]
 [57]
 [51]
 [54]]",1,2,pituitary,2,0.000790614557142059,2.631357946351424e-07,0.9992090861002604
2743,"[[49]
 [48]
 [54]
 [53]
 [51]
 [52]]",3,0,meningioma,0,0.5581638912359873,0.4403114815553029,0.0015246185939759016
2744,"[[49]
 [48]
 [53]
 [57]
 [51]
 [54]]",1,2,pituitary,2,6.612951377367911e-05,2.1802739539703946e-08,0.9999338388442993
2745,"[[49]
 [48]
 [53]
 [57]
 [51]
 [54]]",1,2,pituitary,2,7.349044972215779e-05,5.170537553667032e-08,0.999926487604777
2746,"[[49]
 [48]
 [54]
 [48]
 [54]
 [50]]",2,2,pituitary,2,0.0003954916901420802,3.286310129624326e-05,0.9995716214179993
2747,"[[49]
 [48]
 [54]
 [48]
 [54]
 [50]]",2,2,pituitary,2,0.00382734004718562,0.0699352752417326,0.9262373844782511
2748,"[[49]
 [48]
 [54]
 [48]
 [54]
 [50]]",2,2,pituitary,2,0.013003393697241942,0.001924670204365005,0.9850719571113586
2749,"[[49]
 [48]
 [48]
 [56]
 [50]
 [48]]",3,1,glioma,0,0.8423289060592651,0.1576156367858251,5.547636556002544e-05
2750,"[[49]
 [48]
 [48]
 [56]
 [50]
 [48]]",3,1,glioma,0,0.908263365427653,0.09170461570223172,3.202391144441208e-05
2751,"[[49]
 [48]
 [48]
 [56]
 [50]
 [48]]",3,1,glioma,0,0.8713200688362122,0.1281305874387423,0.0005493444526412835
2752,"[[49]
 [48]
 [49]
 [48]
 [50]
 [48]]",4,1,glioma,1,0.04806634938965241,0.9438954790433248,0.008038173919582428
2753,"[[49]
 [48]
 [49]
 [48]
 [50]
 [48]]",4,1,glioma,1,0.19783049325148264,0.794936736424764,0.007232791491939376
2754,"[[49]
 [48]
 [54]
 [53]
 [51]
 [52]]",3,0,meningioma,0,0.9837037920951843,0.015851852173606556,0.00044434895971789956
2755,"[[49]
 [48]
 [49]
 [48]
 [50]
 [48]]",4,1,glioma,1,0.2029299239317576,0.779353121916453,0.01771693428357442
2756,"[[49]
 [48]
 [49]
 [48]
 [50]
 [48]]",4,1,glioma,1,0.12013454486926396,0.8553329308827718,0.024532536587988336
2757,"[[49]
 [48]
 [50]
 [48]
 [55]
 [53]]",1,1,glioma,2,0.1534457802772522,0.08160360778371493,0.7649506330490112
2758,"[[49]
 [48]
 [50]
 [48]
 [55]
 [53]]",1,1,glioma,1,0.05911008734256029,0.48990459243456524,0.45098534723122913
2759,"[[49]
 [48]
 [50]
 [48]
 [55]
 [53]]",1,1,glioma,0,0.6157545944054922,0.26601837078730267,0.11822706212600072
2760,"[[49]
 [48]
 [51]
 [49]
 [52]
 [56]]",2,1,glioma,1,0.17637573182582855,0.8196762601534525,0.003947964170947671
2761,"[[49]
 [48]
 [51]
 [49]
 [52]
 [56]]",2,1,glioma,1,0.09817677860458691,0.9006471832593282,0.0011760549580988784
2762,"[[49]
 [48]
 [51]
 [49]
 [52]
 [56]]",2,1,glioma,1,0.012081924825906754,0.9877637426058451,0.00015437947634685165
2763,"[[49]
 [48]
 [51]
 [49]
 [52]
 [56]]",2,1,glioma,1,0.12459197640419006,0.8747350772221884,0.0006729351007379591
2764,"[[49]
 [48]
 [54]
 [52]
 [57]
 [52]]",3,1,glioma,0,0.6239501635233561,0.12075876196225484,0.25529107203086215
2765,"[[49]
 [48]
 [54]
 [54]
 [54]
 [53]]",1,0,meningioma,1,0.2759406218926112,0.719193696975708,0.004865698477563758
2766,"[[49]
 [48]
 [54]
 [52]
 [57]
 [52]]",3,1,glioma,1,0.14635567118724188,0.7358203132947286,0.11782400185863177
2767,"[[49]
 [48]
 [54]
 [52]
 [57]
 [52]]",3,1,glioma,1,0.20747638245423636,0.7746722102165222,0.01785141120975216
2768,"[[49]
 [48]
 [54]
 [52]
 [57]
 [52]]",3,1,glioma,0,0.6522565186023712,0.3322691172361374,0.015474368973324696
2769,"[[49]
 [48]
 [54]
 [52]
 [57]
 [52]]",3,1,glioma,0,0.8484803239504496,0.1479848970969518,0.003534799558110535
2770,"[[49]
 [48]
 [54]
 [52]
 [57]
 [52]]",3,1,glioma,0,0.9715643525123596,0.027819636277854443,0.0006160064028032745
2771,"[[49]
 [48]
 [55]
 [55]
 [52]
 [55]]",3,1,glioma,0,0.5357626676559448,0.4641858637332916,5.147441379449447e-05
2772,"[[49]
 [48]
 [55]
 [55]
 [52]
 [55]]",3,1,glioma,1,0.17058754060417414,0.8294051289558411,7.3465782476726344e-06
2773,"[[49]
 [48]
 [55]
 [55]
 [52]
 [55]]",3,1,glioma,1,0.2551218780378501,0.7448592782020569,1.8867232900750725e-05
2774,"[[49]
 [48]
 [55]
 [55]
 [52]
 [55]]",3,1,glioma,1,0.25272658467292786,0.7472703655560812,3.05348293257642e-06
2775,"[[49]
 [48]
 [55]
 [55]
 [52]
 [55]]",3,1,glioma,0,0.803824782371521,0.1961618810892105,1.3340433990075931e-05
2776,"[[49]
 [48]
 [54]
 [54]
 [54]
 [53]]",1,0,meningioma,0,0.9416996439297994,0.05736522190272808,0.0009351355450538298
2777,"[[49]
 [49]
 [50]
 [49]
 [48]
 [53]]",1,1,glioma,1,0.30777418116728467,0.642382929722468,0.049842883522311844
2778,"[[49]
 [49]
 [50]
 [49]
 [48]
 [53]]",1,1,glioma,2,0.14677292170623937,0.4009324113527934,0.4522946973641713
2779,"[[49]
 [49]
 [50]
 [49]
 [48]
 [53]]",1,1,glioma,1,0.12692267385621867,0.5708522399266561,0.30222509304682416
2780,"[[49]
 [49]
 [50]
 [49]
 [48]
 [53]]",1,1,glioma,2,0.15542583167552948,0.19617860019207,0.6483955581982931
2781,"[[49]
 [49]
 [50]
 [49]
 [48]
 [53]]",1,1,glioma,0,0.7621319890022278,0.22202196220556894,0.0158460745587945
2782,"[[49]
 [49]
 [50]
 [49]
 [48]
 [53]]",1,1,glioma,1,0.25096216797828674,0.742874264717102,0.00616353548442324
2783,"[[49]
 [49]
 [50]
 [49]
 [48]
 [53]]",1,1,glioma,0,0.675326387087504,0.3242617944876353,0.0004117718538812672
2784,"[[49]
 [48]
 [48]
 [56]
 [50]
 [48]]",3,1,glioma,0,0.9814805388450623,0.017845692889144022,0.0006737988975752766
2785,"[[49]
 [48]
 [48]
 [56]
 [50]
 [48]]",3,1,glioma,0,0.9870773553848267,0.011592684546485543,0.0013300027349032462
2786,"[[49]
 [48]
 [48]
 [56]
 [50]
 [48]]",3,1,glioma,0,0.7795994480450948,0.21992992982268333,0.0004706146513247707
2787,"[[49]
 [48]
 [54]
 [54]
 [54]
 [53]]",1,0,meningioma,0,0.9954442580540975,0.0045048058576261,5.0916683297449104e-05
2788,"[[49]
 [48]
 [48]
 [56]
 [50]
 [48]]",3,1,glioma,0,0.9088752071062723,0.0508216954767704,0.04030309710651636
2789,"[[49]
 [48]
 [48]
 [56]
 [50]
 [48]]",3,1,glioma,0,0.9918737014134725,0.005294196307659149,0.002832134002043555
2790,"[[49]
 [48]
 [48]
 [56]
 [50]
 [48]]",3,1,glioma,0,0.6023337443669637,0.3975333670775096,0.0001329106602270258
2791,"[[49]
 [48]
 [49]
 [48]
 [50]
 [48]]",4,1,glioma,0,0.5198367834091187,0.4765025774637858,0.003660613983811345
2792,"[[49]
 [48]
 [49]
 [48]
 [50]
 [48]]",4,1,glioma,1,0.16637421399354935,0.8233851989110311,0.01024061980569968
2793,"[[49]
 [48]
 [49]
 [48]
 [50]
 [48]]",4,1,glioma,1,0.2022963066895803,0.7761761148770651,0.02152756619034335
2794,"[[49]
 [48]
 [49]
 [48]
 [50]
 [48]]",4,1,glioma,1,0.16986673697829247,0.8224842747052511,0.007648971191277572
2795,"[[49]
 [48]
 [49]
 [48]
 [50]
 [48]]",4,1,glioma,0,0.6893378098805746,0.3057774007320404,0.004884803394399266
2796,"[[49]
 [48]
 [49]
 [48]
 [50]
 [48]]",4,1,glioma,0,0.852514366308848,0.1460639868552486,0.0014216433536660134
2797,"[[49]
 [48]
 [49]
 [48]
 [50]
 [48]]",4,1,glioma,1,0.08497447396318118,0.9148968855539957,0.00012860318229949522
2798,"[[49]
 [48]
 [54]
 [54]
 [54]
 [53]]",1,0,meningioma,0,0.7668199340502421,0.2330862134695053,9.381326193154867e-05
2799,"[[49]
 [48]
 [49]
 [48]
 [50]
 [48]]",4,1,glioma,0,0.7914770642916361,0.2084632615248362,5.970849404054087e-05
2800,"[[49]
 [48]
 [50]
 [48]
 [55]
 [53]]",1,1,glioma,0,0.8010670940081278,0.19322056571642557,0.005712369631510228
2801,"[[49]
 [48]
 [50]
 [48]
 [55]
 [53]]",1,1,glioma,0,0.7590375741322836,0.2394277403752009,0.0015346872860391159
2802,"[[49]
 [48]
 [50]
 [48]
 [55]
 [53]]",1,1,glioma,0,0.9538926283518473,0.04383291428287824,0.00227445284933007
2803,"[[49]
 [48]
 [51]
 [49]
 [52]
 [56]]",2,1,glioma,1,0.01416817462692658,0.9850676655769348,0.0007641408689475308
2804,"[[49]
 [48]
 [51]
 [49]
 [52]
 [56]]",2,1,glioma,0,0.5742060939470927,0.3695904811223348,0.05620342493057251
2805,"[[49]
 [48]
 [51]
 [49]
 [52]
 [56]]",2,1,glioma,0,0.5022864441076914,0.4912787278493245,0.006434819505860408
2806,"[[49]
 [48]
 [51]
 [49]
 [52]
 [56]]",2,1,glioma,0,0.8857018351554871,0.04142559816439947,0.07287260827918847
2807,"[[49]
 [48]
 [54]
 [52]
 [57]
 [52]]",3,1,glioma,1,0.23361612359682718,0.7634429335594177,0.0029409361304715276
2808,"[[49]
 [48]
 [54]
 [52]
 [57]
 [52]]",3,1,glioma,1,0.3378700464963913,0.6613067189852396,0.000823238156347846
2809,"[[49]
 [48]
 [54]
 [54]
 [54]
 [53]]",1,0,meningioma,0,0.655079185962677,0.3449055055777232,1.5304912873640813e-05
2810,"[[49]
 [48]
 [54]
 [52]
 [57]
 [52]]",3,1,glioma,1,0.06392976641654968,0.9244214495023092,0.011648783343844116
2811,"[[49]
 [48]
 [54]
 [52]
 [57]
 [52]]",3,1,glioma,1,0.251578855017821,0.7482512394587199,0.00016991475710407636
2812,"[[49]
 [48]
 [54]
 [52]
 [57]
 [52]]",3,1,glioma,0,0.6885010600090027,0.3070186028877894,0.004480366779413695
2813,"[[49]
 [48]
 [55]
 [55]
 [52]
 [55]]",3,1,glioma,0,0.5638525386651357,0.4111126760641734,0.02503479536001881
2814,"[[49]
 [48]
 [55]
 [55]
 [52]
 [55]]",3,1,glioma,0,0.9511156678199768,0.023595473729074,0.02528883470222354
2815,"[[49]
 [48]
 [55]
 [55]
 [52]
 [55]]",3,1,glioma,1,0.04495663568377495,0.9374234080314636,0.017619942237312596
2816,"[[49]
 [48]
 [55]
 [55]
 [52]
 [55]]",3,1,glioma,1,0.2789541681607564,0.701347549756368,0.019698297216867406
2817,"[[49]
 [48]
 [55]
 [55]
 [52]
 [55]]",3,1,glioma,1,0.030609996989369392,0.9692661364873251,0.0001238567562419727
2818,"[[49]
 [48]
 [55]
 [55]
 [52]
 [55]]",3,1,glioma,0,0.5066645493110021,0.19742615272601446,0.2959092892706394
2819,"[[49]
 [49]
 [50]
 [48]
 [50]
 [55]]",2,1,glioma,0,0.7221736709276835,0.2763914167881012,0.001434916155024742
2820,"[[49]
 [48]
 [54]
 [54]
 [54]
 [53]]",1,0,meningioma,1,0.35893668234348297,0.6410487691561381,1.45250976402167e-05
2821,"[[49]
 [49]
 [50]
 [48]
 [50]
 [55]]",2,1,glioma,1,0.4667642613252004,0.5276372333367666,0.005598464437449972
2822,"[[49]
 [49]
 [50]
 [49]
 [48]
 [53]]",1,1,glioma,0,0.7669211228688558,0.23248818765083948,0.0005907065011948968
2823,"[[49]
 [49]
 [50]
 [49]
 [48]
 [53]]",1,1,glioma,1,0.18524676809708276,0.813530961672465,0.0012222939027803175
2824,"[[49]
 [49]
 [50]
 [49]
 [48]
 [53]]",1,1,glioma,1,0.12345981101195018,0.8737020691235861,0.0028381731341748186
2825,"[[49]
 [49]
 [50]
 [49]
 [48]
 [53]]",1,1,glioma,1,0.26035717005530995,0.739455113808314,0.00018769851279406188
2826,"[[49]
 [49]
 [50]
 [49]
 [48]
 [53]]",1,1,glioma,0,0.868754247824351,0.12618539730707803,0.005060378035220007
2827,"[[49]
 [49]
 [50]
 [49]
 [48]
 [53]]",1,1,glioma,0,0.5062031149864197,0.4893137613932292,0.004483104227498795
2828,"[[49]
 [49]
 [50]
 [49]
 [48]
 [53]]",1,1,glioma,1,0.11920352280139923,0.873603105545044,0.0071933680058767395
2829,"[[49]
 [49]
 [50]
 [49]
 [48]
 [53]]",1,1,glioma,0,0.45984340210755664,0.4544084469477336,0.08574816212058067
2830,"[[49]
 [49]
 [50]
 [49]
 [48]
 [53]]",1,1,glioma,1,0.3373618572950363,0.6192704737186432,0.04336767767866453
2831,"[[49]
 [48]
 [54]
 [54]
 [54]
 [53]]",1,0,meningioma,0,0.9936831990877787,0.006312853346268336,3.981055139471816e-06
2832,"[[49]
 [49]
 [50]
 [49]
 [48]
 [53]]",1,1,glioma,0,0.6403806110223135,0.31282663096984226,0.04679275086770455
2833,"[[49]
 [49]
 [50]
 [49]
 [48]
 [53]]",1,1,glioma,0,0.5897536675135294,0.4060678606232007,0.004178479119824867
2834,"[[56]
 [56]
 [54]
 [55]
 [48]]",0,1,glioma,0,0.7662227153778076,0.2294799486796061,0.0042973560048267245
2835,"[[56]
 [56]
 [54]
 [55]
 [48]]",0,1,glioma,1,0.1530327101548513,0.8451375762621561,0.0018296627871071298
2836,"[[56]
 [56]
 [54]
 [55]
 [48]]",0,1,glioma,0,0.7569292386372884,0.1848642627398173,0.058206518491109215
2837,"[[56]
 [56]
 [54]
 [55]
 [48]]",0,1,glioma,1,0.056046221405267715,0.9428656101226807,0.0010882076542960324
2838,"[[56]
 [56]
 [54]
 [55]
 [48]]",0,1,glioma,1,0.14027965317169824,0.8517350951830546,0.007985296271120509
2839,"[[56]
 [56]
 [54]
 [55]
 [48]]",0,1,glioma,0,0.9165845314661661,0.07013108332951863,0.013284440152347088
2840,"[[56]
 [56]
 [54]
 [55]
 [48]]",0,1,glioma,0,0.4994606375694275,0.4547596375147502,0.04577973981698354
2841,"[[57]
 [48]
 [50]
 [56]
 [52]]",4,1,glioma,1,0.2987217167392373,0.6378834247589111,0.06339486387635891
2842,"[[49]
 [48]
 [48]
 [53]
 [55]
 [50]]",4,0,meningioma,2,0.008275257423520088,5.517692958771173e-05,0.9916695356369019
2843,"[[49]
 [48]
 [54]
 [55]
 [50]
 [48]]",4,0,meningioma,0,0.946333090464274,0.03469094408986469,0.01897596611767464
2844,"[[57]
 [48]
 [50]
 [56]
 [52]]",4,1,glioma,1,0.15398292616009712,0.8334355155626932,0.012581559118795363
2845,"[[57]
 [48]
 [50]
 [56]
 [52]]",4,1,glioma,1,0.34514284630616504,0.644938588142395,0.009918522303754193
2846,"[[57]
 [48]
 [50]
 [56]
 [52]]",4,1,glioma,1,0.37577317158381146,0.3801155785719554,0.24411125481128693
2847,"[[57]
 [48]
 [50]
 [56]
 [52]]",4,1,glioma,0,0.6215199728806814,0.2901649537185828,0.08831506719191869
2848,"[[57]
 [48]
 [50]
 [56]
 [52]]",4,1,glioma,2,0.1909067506591479,0.23838118960460028,0.570712074637413
2849,"[[57]
 [48]
 [50]
 [56]
 [52]]",4,1,glioma,1,0.049664623802527785,0.8918882807095846,0.05844708722239981
2850,"[[57]
 [48]
 [50]
 [56]
 [52]]",4,1,glioma,1,0.16775027414162955,0.7788270513216654,0.05342270170028011
2851,"[[57]
 [50]
 [56]
 [57]
 [55]]",4,1,glioma,0,0.6858144799868265,0.26674991101026535,0.04743559627483288
2852,"[[57]
 [50]
 [56]
 [57]
 [55]]",4,1,glioma,0,0.5093286832173666,0.45884741097688675,0.03182391170412302
2853,"[[57]
 [51]
 [56]
 [50]
 [53]]",1,1,glioma,0,0.5647818446159363,0.43379053473472595,0.0014275911998993251
2854,"[[49]
 [48]
 [54]
 [55]
 [50]
 [48]]",4,0,meningioma,0,0.497877836227417,0.4817204475402832,0.020401726476848125
2855,"[[57]
 [51]
 [56]
 [50]
 [53]]",1,1,glioma,0,0.9612003962198893,0.03851491088668505,0.0002846752577170264
2856,"[[57]
 [51]
 [56]
 [50]
 [53]]",1,1,glioma,1,0.3126493841409683,0.6870973606904348,0.00025327137655040133
2857,"[[57]
 [55]
 [54]
 [48]
 [57]]",2,1,glioma,1,0.18084360162417093,0.818938692410787,0.00021768871617193022
2858,"[[57]
 [55]
 [54]
 [48]
 [57]]",2,1,glioma,1,0.04007934220135212,0.9598140716552734,0.00010659863983164541
2859,"[[57]
 [55]
 [54]
 [48]
 [57]]",2,1,glioma,1,0.45317016045252484,0.5439098278681437,0.002920032769907266
2860,"[[57]
 [55]
 [54]
 [48]
 [57]]",2,1,glioma,1,0.11892341574033101,0.880517303943634,0.000559298491377073
2861,"[[57]
 [55]
 [54]
 [48]
 [57]]",2,1,glioma,1,0.10387177517016728,0.8942949175834656,0.0018333151432064672
2862,"[[57]
 [55]
 [54]
 [48]
 [57]]",2,1,glioma,0,0.7450390259424845,0.24618225793043771,0.008778690670927366
2863,"[[49]
 [48]
 [48]
 [52]
 [49]
 [54]]",1,1,glioma,1,0.26046913613875705,0.7387799620628357,0.0007509158167522401
2864,"[[49]
 [48]
 [48]
 [52]
 [49]
 [54]]",1,1,glioma,0,0.542549709479014,0.4558122009038925,0.0016381093688930075
2865,"[[49]
 [48]
 [54]
 [55]
 [50]
 [48]]",4,0,meningioma,0,0.9212930997212728,0.057496548940738045,0.021210321535666782
2866,"[[49]
 [48]
 [48]
 [52]
 [49]
 [54]]",1,1,glioma,0,0.7938820521036783,0.20606297751267752,5.496235974078445e-05
2867,"[[49]
 [48]
 [48]
 [52]
 [49]
 [54]]",1,1,glioma,0,0.6403982440630595,0.35939817627271015,0.00020356853383418638
2868,"[[49]
 [48]
 [48]
 [56]
 [50]
 [48]]",3,1,glioma,0,0.8817571401596069,0.11818284417192142,6.0039917116228025e-05
2869,"[[49]
 [48]
 [48]
 [56]
 [50]
 [48]]",3,1,glioma,0,0.888749877611796,0.11051494628190994,0.000735177146755935
2870,"[[49]
 [48]
 [48]
 [56]
 [50]
 [48]]",3,1,glioma,0,0.5867291887601217,0.4127853314081828,0.00048547482341139886
2871,"[[49]
 [48]
 [48]
 [56]
 [50]
 [48]]",3,1,glioma,0,0.9932588934898376,0.006540629469479124,0.00020052649718612278
2872,"[[49]
 [48]
 [48]
 [56]
 [50]
 [48]]",3,1,glioma,0,0.860158363978068,0.002029182040132582,0.13781242538243532
2873,"[[49]
 [48]
 [48]
 [56]
 [50]
 [48]]",3,1,glioma,0,0.889457106590271,0.019128963972131412,0.09141390584409237
2874,"[[49]
 [48]
 [49]
 [48]
 [50]
 [48]]",4,1,glioma,0,0.8150052229563395,0.14557786782582602,0.03941692924126983
2875,"[[49]
 [48]
 [49]
 [48]
 [50]
 [48]]",4,1,glioma,0,0.6031425992647806,0.39555229743321735,0.001305119968795528
2876,"[[49]
 [48]
 [54]
 [55]
 [50]
 [48]]",4,0,meningioma,0,0.8963188926378886,0.0765060018748045,0.02717509393308622
2877,"[[49]
 [48]
 [49]
 [48]
 [50]
 [48]]",4,1,glioma,1,0.057573478668928146,0.9402531385421753,0.0021734119793563877
2878,"[[49]
 [48]
 [49]
 [48]
 [50]
 [48]]",4,1,glioma,0,0.6836809317270914,0.3106837173302968,0.00563533949025441
2879,"[[49]
 [48]
 [49]
 [48]
 [50]
 [48]]",4,1,glioma,0,0.985690196355184,0.013986550892392794,0.0003232395671564821
2880,"[[49]
 [48]
 [49]
 [48]
 [50]
 [48]]",4,1,glioma,1,0.014165675112356743,0.9857358336448669,9.850680595964907e-05
2881,"[[49]
 [48]
 [49]
 [51]
 [56]
 [52]]",4,1,glioma,1,0.008580333669669926,0.9887685179710388,0.0026511312365376702
2882,"[[49]
 [48]
 [49]
 [51]
 [56]
 [52]]",4,1,glioma,1,0.22842192649841309,0.7645864288012186,0.006991600637168934
2883,"[[49]
 [48]
 [49]
 [51]
 [56]
 [52]]",4,1,glioma,1,0.07023025086770456,0.9273962577184042,0.002373490295023354
2884,"[[49]
 [48]
 [50]
 [48]
 [55]
 [53]]",1,1,glioma,1,0.4582745134830475,0.5417247712612152,7.324639579309178e-07
2885,"[[49]
 [48]
 [50]
 [48]
 [55]
 [53]]",1,1,glioma,0,0.8894213438034058,0.10979883310695489,0.0007798246515449136
2886,"[[49]
 [48]
 [50]
 [48]
 [55]
 [53]]",1,1,glioma,0,0.7438275615374247,0.25544458876053494,0.0007278874836629257
2887,"[[49]
 [48]
 [54]
 [55]
 [50]
 [48]]",4,0,meningioma,0,0.9566099047660828,0.03951178925732771,0.0038782845025101174
2888,"[[49]
 [48]
 [51]
 [49]
 [52]
 [56]]",2,1,glioma,1,0.21974525352319083,0.7799339095751444,0.00032083796395454556
2889,"[[49]
 [48]
 [51]
 [49]
 [52]
 [56]]",2,1,glioma,0,0.7674190203348795,0.22121309985717139,0.011367890207717815
2890,"[[49]
 [48]
 [51]
 [49]
 [52]
 [56]]",2,1,glioma,0,0.9260135690371195,0.07305662085612614,0.0009298037427167097
2891,"[[49]
 [48]
 [51]
 [49]
 [52]
 [56]]",2,1,glioma,0,0.9189768433570862,0.06645682826638222,0.014566342501590649
2892,"[[49]
 [48]
 [53]
 [54]
 [53]
 [51]]",2,1,glioma,0,0.8994043469429016,0.07165408134460449,0.02894160399834315
2893,"[[49]
 [48]
 [53]
 [54]
 [53]
 [51]]",2,1,glioma,2,0.32175883650779724,0.007831426492581764,0.6704097588857015
2894,"[[49]
 [48]
 [54]
 [52]
 [57]
 [52]]",3,1,glioma,0,0.9712048967679342,0.028774307419856388,2.076076168577856e-05
2895,"[[49]
 [48]
 [54]
 [52]
 [57]
 [52]]",3,1,glioma,1,0.3329478477438291,0.6664720078309377,0.0005801815113954945
2896,"[[49]
 [48]
 [54]
 [52]
 [57]
 [52]]",3,1,glioma,0,0.977172831694285,0.019188167061656713,0.0036390325597797832
2897,"[[49]
 [48]
 [54]
 [52]
 [57]
 [52]]",3,1,glioma,0,0.9255056778589884,0.06478111073374748,0.009713162629244229
2898,"[[49]
 [48]
 [54]
 [55]
 [50]
 [48]]",4,0,meningioma,0,0.9633349776268005,0.03629862082501253,0.0003664320415831905
2899,"[[49]
 [48]
 [54]
 [52]
 [57]
 [52]]",3,1,glioma,0,0.6620024641354879,0.029275474448998768,0.30872208376725513
2900,"[[49]
 [48]
 [54]
 [52]
 [57]
 [52]]",3,1,glioma,0,0.967511792977651,0.03217262153824171,0.00031559162486397935
2901,"[[49]
 [48]
 [54]
 [52]
 [57]
 [52]]",3,1,glioma,0,0.8209378918011984,0.15683433040976524,0.022227792729002733
2902,"[[49]
 [48]
 [55]
 [55]
 [52]
 [55]]",3,1,glioma,0,0.7074041565259298,0.2923521151145299,0.00024371942102637453
2903,"[[49]
 [48]
 [55]
 [55]
 [52]
 [55]]",3,1,glioma,1,0.356578528881073,0.44435327251752216,0.1990682470301787
2904,"[[49]
 [48]
 [55]
 [55]
 [52]
 [55]]",3,1,glioma,0,0.5396791299184164,0.2762232373158137,0.1840976153810819
2905,"[[49]
 [48]
 [55]
 [55]
 [52]
 [55]]",3,1,glioma,0,0.4373098611831665,0.3328889012336731,0.22980126117666563
2906,"[[49]
 [48]
 [56]
 [52]
 [55]
 [57]]",3,1,glioma,0,0.43894651035467785,0.191055898865064,0.36999758581320447
2907,"[[49]
 [48]
 [56]
 [52]
 [55]
 [57]]",3,1,glioma,0,0.6383337179819742,0.2825080156326294,0.07915821143736441
2908,"[[49]
 [49]
 [50]
 [49]
 [48]
 [53]]",1,1,glioma,1,0.20273306220769882,0.7971559762954712,0.00011095366941541822
2909,"[[49]
 [48]
 [54]
 [55]
 [50]
 [48]]",4,0,meningioma,0,0.9478402137756348,0.05173439563562473,0.0004253954624893197
2910,"[[49]
 [49]
 [50]
 [49]
 [48]
 [53]]",1,1,glioma,1,0.09303913886348407,0.9062993923823038,0.0006614393338774486
2911,"[[49]
 [49]
 [50]
 [49]
 [48]
 [53]]",1,1,glioma,0,0.9287693699200948,0.0694526880979538,0.00177791699146231
2912,"[[49]
 [49]
 [50]
 [49]
 [48]
 [53]]",1,1,glioma,0,0.975081185499827,0.024916299308339756,2.492677452892167e-06
2913,"[[49]
 [49]
 [50]
 [49]
 [48]
 [53]]",1,1,glioma,1,0.2058424912393093,0.7941271265347799,3.0383167389421335e-05
2914,"[[49]
 [49]
 [50]
 [49]
 [48]
 [53]]",1,1,glioma,1,0.15475371479988098,0.8343102733294169,0.010936024909218153
2915,"[[56]
 [56]
 [54]
 [55]
 [48]]",0,1,glioma,0,0.5414429605007172,0.4584643244743347,9.270000691685709e-05
2916,"[[56]
 [56]
 [54]
 [55]
 [48]]",0,1,glioma,0,0.7815390030543009,0.21779080231984457,0.0006701939531315778
2917,"[[56]
 [56]
 [54]
 [55]
 [48]]",0,1,glioma,1,0.31984008351961773,0.6783266365528107,0.0018332767164489876
2918,"[[56]
 [56]
 [54]
 [55]
 [48]]",0,1,glioma,0,0.651044507821401,0.34602073828379315,0.002934775606263429
2919,"[[56]
 [56]
 [54]
 [55]
 [48]]",0,1,glioma,0,0.9007182518641154,0.09436197951436043,0.0049197934664941085
2920,"[[49]
 [48]
 [54]
 [57]
 [49]
 [52]]",3,0,meningioma,0,0.9144927263259888,0.08301875864466031,0.00248850898060482
2921,"[[57]
 [48]
 [50]
 [56]
 [52]]",4,1,glioma,0,0.4497828135887782,0.21825953076283136,0.3319576382637024
2922,"[[57]
 [48]
 [50]
 [56]
 [52]]",4,1,glioma,2,0.432015523314476,0.02521610415230195,0.542768361667792
2923,"[[57]
 [48]
 [50]
 [56]
 [52]]",4,1,glioma,1,0.006824277981650084,0.9930737217267355,0.00010201555998416249
2924,"[[57]
 [48]
 [50]
 [56]
 [52]]",4,1,glioma,0,0.39270712435245514,0.37124598274628323,0.23604686806599298
2925,"[[57]
 [48]
 [50]
 [56]
 [52]]",4,1,glioma,2,0.11796029781301816,0.1850507209698359,0.6969889998435974
2926,"[[57]
 [48]
 [50]
 [56]
 [52]]",4,1,glioma,0,0.5741298198699951,0.16450182907283306,0.26136838644742966
2927,"[[57]
 [48]
 [50]
 [56]
 [52]]",4,1,glioma,1,0.14339861770470938,0.6793459753195444,0.17725535978873572
2928,"[[57]
 [48]
 [50]
 [56]
 [52]]",4,1,glioma,1,0.12382923734063904,0.6844914456208547,0.191679360345006
2929,"[[57]
 [48]
 [50]
 [56]
 [52]]",4,1,glioma,0,0.5613808532555898,0.40866758426030475,0.02995161444414407
2930,"[[57]
 [48]
 [50]
 [56]
 [52]]",4,1,glioma,1,0.44316670298576355,0.4685575067996979,0.08827579533681273
2931,"[[49]
 [48]
 [54]
 [57]
 [49]
 [52]]",3,0,meningioma,0,0.8078141609827677,0.1902211233973503,0.0019646885824234537
2932,"[[57]
 [48]
 [50]
 [56]
 [52]]",4,1,glioma,1,0.49065566062927246,0.4911274313926697,0.01821692466425399
2933,"[[57]
 [50]
 [56]
 [57]
 [55]]",4,1,glioma,0,0.8363792896270752,0.04208912389973799,0.12153159889082114
2934,"[[57]
 [50]
 [56]
 [57]
 [55]]",4,1,glioma,0,0.49745647112528485,0.4591776331265767,0.04336594107250372
2935,"[[57]
 [51]
 [51]
 [50]
 [57]]",4,1,glioma,0,0.7344525257746378,0.25920971234639484,0.006337715269182809
2936,"[[57]
 [51]
 [51]
 [50]
 [57]]",4,1,glioma,0,0.8857184251149496,0.10375926395257314,0.010522349427143732
2937,"[[57]
 [51]
 [51]
 [50]
 [57]]",4,1,glioma,1,0.282145415743192,0.6813761393229166,0.03647842817008495
2938,"[[57]
 [51]
 [51]
 [50]
 [57]]",4,1,glioma,0,0.6749270459016165,0.10788994530836742,0.21718299140532812
2939,"[[57]
 [51]
 [51]
 [50]
 [57]]",4,1,glioma,0,0.8797540267308553,0.04145894447962443,0.0787870556426545
2940,"[[57]
 [51]
 [56]
 [50]
 [53]]",1,1,glioma,0,0.6075226863225301,0.34622855981191,0.04624875821173191
2941,"[[57]
 [51]
 [56]
 [50]
 [53]]",1,1,glioma,1,0.3421001583337784,0.6572500467300415,0.0006498033762909472
2942,"[[49]
 [48]
 [54]
 [57]
 [49]
 [52]]",3,0,meningioma,0,0.8735471367835999,0.032660819900532566,0.09379204362630844
2943,"[[57]
 [51]
 [56]
 [50]
 [53]]",1,1,glioma,1,0.02367801529665788,0.976119875907898,0.000202104167935128
2944,"[[57]
 [51]
 [56]
 [50]
 [53]]",1,1,glioma,1,0.28208159406979877,0.7177422046661377,0.00017619434947846457
2945,"[[57]
 [52]
 [55]
 [51]
 [49]]",4,1,glioma,0,0.6046330332756042,0.3153514464696248,0.0800155233591795
2946,"[[57]
 [52]
 [55]
 [51]
 [49]]",4,1,glioma,0,0.9388634959856669,0.049331563214461006,0.011804924967388311
2947,"[[57]
 [52]
 [55]
 [51]
 [49]]",4,1,glioma,0,0.9680388768513998,0.030490174423903227,0.0014709069797618213
2948,"[[57]
 [53]
 [49]
 [52]
 [50]]",4,1,glioma,0,0.6602162222067515,0.060776131227612495,0.2790076658129692
2949,"[[57]
 [53]
 [49]
 [52]
 [50]]",4,1,glioma,2,0.4211617360512416,0.027861366979777813,0.5509768923123678
2950,"[[57]
 [53]
 [49]
 [52]
 [50]]",4,1,glioma,1,0.2923337022463481,0.46373790378371876,0.2439283827940623
2951,"[[57]
 [53]
 [49]
 [52]
 [50]]",4,1,glioma,1,0.32213299969832104,0.6661304235458374,0.011736558207000295
2952,"[[57]
 [53]
 [49]
 [52]
 [50]]",4,1,glioma,0,0.57296950618426,0.42593637108802795,0.0010941148094995394
2953,"[[49]
 [48]
 [49]
 [48]
 [49]
 [54]]",1,0,meningioma,0,0.7541448076566061,0.24414803584416708,0.0017071826732717454
2954,"[[49]
 [48]
 [54]
 [57]
 [49]
 [52]]",3,0,meningioma,0,0.8582992355028788,0.08135894437630971,0.060341826329628624
2955,"[[57]
 [53]
 [49]
 [52]
 [50]]",4,1,glioma,1,0.08075134704510371,0.918450117111206,0.0007984809008879287
2956,"[[57]
 [53]
 [49]
 [52]
 [50]]",4,1,glioma,1,0.300540030002594,0.6968821783860525,0.002577780989364934
2957,"[[57]
 [53]
 [49]
 [52]
 [50]]",4,1,glioma,1,0.12261893848578136,0.8769561648368835,0.00042492083180907986
2958,"[[57]
 [53]
 [49]
 [52]
 [50]]",4,1,glioma,1,0.10166239490111668,0.8980481823285421,0.0002894309628989807
2959,"[[57]
 [54]
 [53]
 [56]
 [55]]",4,1,glioma,1,0.025575930252671242,0.9743697047233582,5.433221008151653e-05
2960,"[[57]
 [54]
 [53]
 [56]
 [55]]",4,1,glioma,1,0.023634473482767742,0.9762311180432638,0.00013443251947364843
2961,"[[57]
 [54]
 [53]
 [56]
 [55]]",4,1,glioma,1,0.053831821928421654,0.9460612535476685,0.00010692332229685537
2962,"[[57]
 [54]
 [53]
 [56]
 [55]]",4,1,glioma,1,0.4219449857870738,0.5773978034655253,0.000657199868025297
2963,"[[57]
 [55]
 [54]
 [48]
 [57]]",2,1,glioma,1,0.35028626521428424,0.6494544943173727,0.00025925615045707673
2964,"[[57]
 [55]
 [54]
 [48]
 [57]]",2,1,glioma,1,0.12194058174888293,0.8760620752970377,0.0019973260544550917
2965,"[[49]
 [48]
 [55]
 [49]
 [57]
 [48]]",2,0,meningioma,0,0.9489467740058899,0.05103246991833051,2.0762008489327854e-05
2966,"[[57]
 [55]
 [54]
 [48]
 [57]]",2,1,glioma,0,0.5499227941036224,0.44712673624356586,0.0029504731840764484
2967,"[[57]
 [55]
 [54]
 [48]
 [57]]",2,1,glioma,0,0.7918381293614706,0.10059385125835736,0.10756804173191388
2968,"[[57]
 [56]
 [56]
 [56]
 [57]]",4,1,glioma,1,0.01418467021236817,0.985810120900472,5.2633748446329065e-06
2969,"[[57]
 [56]
 [56]
 [56]
 [57]]",4,1,glioma,1,0.004888841571907203,0.9950902660687765,2.0886618579870248e-05
2970,"[[57]
 [56]
 [56]
 [56]
 [57]]",4,1,glioma,1,0.1540332759420077,0.8455925782521566,0.00037420450364796426
2971,"[[57]
 [56]
 [56]
 [56]
 [57]]",4,1,glioma,1,0.09086089643339317,0.908728837966919,0.0004103327245369807
2972,"[[57]
 [56]
 [56]
 [56]
 [57]]",4,1,glioma,1,0.05733053960526983,0.942220667997996,0.0004487760888878256
2973,"[[57]
 [56]
 [56]
 [56]
 [57]]",4,1,glioma,1,0.06669913946340482,0.9292758703231812,0.004025009366159793
2974,"[[49]
 [48]
 [53]
 [57]
 [51]
 [54]]",1,2,pituitary,2,0.0003435903417994268,4.38207181711429e-06,0.9996520678202311
2975,"[[49]
 [48]
 [53]
 [57]
 [51]
 [54]]",1,2,pituitary,2,0.004405149336283405,4.7984790095749e-05,0.9955468773841858
2976,"[[49]
 [48]
 [55]
 [49]
 [57]
 [48]]",2,0,meningioma,0,0.9955625136693319,0.0044054036649564905,3.20706064182256e-05
2977,"[[49]
 [48]
 [53]
 [57]
 [51]
 [54]]",1,2,pituitary,2,0.0012895775046975662,1.7444741047256684e-06,0.9987086852391561
2978,"[[49]
 [48]
 [53]
 [57]
 [51]
 [54]]",1,2,pituitary,2,0.00012443742040583553,5.253248939555514e-08,0.999875525633494
2979,"[[49]
 [48]
 [54]
 [48]
 [54]
 [50]]",2,2,pituitary,2,0.032216208366056286,0.008960620228511592,0.9588231643040975
2980,"[[49]
 [48]
 [54]
 [48]
 [54]
 [50]]",2,2,pituitary,2,0.08964938670396805,0.003647405440763881,0.9067032138506571
2981,"[[49]
 [48]
 [54]
 [48]
 [54]
 [50]]",2,2,pituitary,2,0.16898831725120544,0.006337069363022844,0.8246746261914571
2982,"[[49]
 [48]
 [54]
 [48]
 [54]
 [50]]",2,2,pituitary,2,0.06198693191011747,0.0030802686233073473,0.934932808081309
2983,"[[49]
 [48]
 [55]
 [52]
 [57]
 [53]]",3,2,pituitary,2,0.0001844185268661628,3.1029588861327305e-08,0.9998155236244202
2984,"[[49]
 [48]
 [55]
 [52]
 [57]
 [53]]",3,2,pituitary,2,0.0002860363698952521,7.059003733396925e-09,0.9997139771779379
2985,"[[49]
 [48]
 [55]
 [52]
 [57]
 [53]]",3,2,pituitary,2,5.7586973222593464e-05,2.667813922367183e-07,0.9999421437581381
2986,"[[49]
 [48]
 [55]
 [52]
 [57]
 [53]]",3,2,pituitary,2,0.0004589584811280171,1.8382495881041905e-07,0.9995408455530802
2987,"[[49]
 [48]
 [55]
 [50]
 [52]
 [56]]",4,0,meningioma,1,0.13961337010065714,0.8429819345474243,0.017404685417811077
2988,"[[49]
 [48]
 [55]
 [52]
 [57]
 [53]]",3,2,pituitary,2,0.0023497132351621985,2.041009044736105e-06,0.9976482590039571
2989,"[[49]
 [48]
 [55]
 [52]
 [57]
 [53]]",3,2,pituitary,2,0.0010886849098217983,5.982540490852746e-06,0.998905340830485
2990,"[[49]
 [48]
 [55]
 [52]
 [57]
 [53]]",3,2,pituitary,2,0.001859948233080407,4.332010454769867e-05,0.9980966846148173
2991,"[[49]
 [48]
 [55]
 [52]
 [50]
 [57]]",3,2,pituitary,2,0.14430871854225794,0.07705178360144298,0.7786394556363424
2992,"[[49]
 [48]
 [55]
 [52]
 [50]
 [57]]",3,2,pituitary,2,0.006139058891373376,8.249597522080876e-05,0.9937784274419149
2993,"[[49]
 [48]
 [55]
 [52]
 [50]
 [57]]",3,2,pituitary,2,0.11417529421548049,0.0003820558158622589,0.8854426542917887
2994,"[[49]
 [48]
 [55]
 [52]
 [50]
 [57]]",3,2,pituitary,2,0.15640478829542795,0.00034347194802345865,0.8432517449061075
2995,"[[49]
 [48]
 [55]
 [52]
 [50]
 [57]]",3,2,pituitary,2,0.01488398613097767,0.0008529096224568397,0.9842631022135416
2996,"[[49]
 [48]
 [55]
 [52]
 [50]
 [57]]",3,2,pituitary,2,0.012158148533975085,0.000291599840844962,0.9875502387682596
2997,"[[49]
 [48]
 [55]
 [53]
 [48]
 [53]]",2,2,pituitary,2,0.006358550240596135,0.0010284685413353145,0.9926129778226217
2998,"[[49]
 [48]
 [55]
 [50]
 [52]
 [56]]",4,0,meningioma,2,0.12378439866006374,0.3063443601131439,0.5698712368806204
2999,"[[49]
 [48]
 [55]
 [53]
 [48]
 [53]]",2,2,pituitary,2,0.019224397217233975,0.0004494005455247437,0.9803261955579122
3000,"[[49]
 [48]
 [55]
 [53]
 [48]
 [53]]",2,2,pituitary,2,0.00636725810666879,0.00021638890029862523,0.9934163490931193
3001,"[[49]
 [48]
 [55]
 [53]
 [48]
 [53]]",2,2,pituitary,2,0.004429749911651015,0.00011909445311175659,0.9954511721928915
3002,"[[49]
 [48]
 [55]
 [53]
 [48]
 [53]]",2,2,pituitary,2,0.003044600443293651,0.001630108105018735,0.9953252871831259
3003,"[[49]
 [48]
 [55]
 [53]
 [48]
 [53]]",2,2,pituitary,2,0.002903418925901254,0.0010276502192330856,0.9960688948631287
3004,"[[49]
 [48]
 [55]
 [53]
 [48]
 [53]]",2,2,pituitary,2,0.005374017870053649,0.001043406281193408,0.9935826063156128
3005,"[[49]
 [48]
 [55]
 [55]
 [52]
 [51]]",2,2,pituitary,2,0.004353616929923494,2.962788857985288e-05,0.9956167340278625
3006,"[[49]
 [48]
 [55]
 [55]
 [52]
 [51]]",2,2,pituitary,2,0.002200520713813603,2.489663150602913e-06,0.9977969924608866
3007,"[[49]
 [48]
 [55]
 [55]
 [52]
 [51]]",2,2,pituitary,2,0.0021598997991532087,1.104652672741698e-05,0.9978290398915609
3008,"[[49]
 [48]
 [55]
 [55]
 [52]
 [51]]",2,2,pituitary,2,0.0011293056692617636,1.0079232614164843e-05,0.9988606174786886
3009,"[[49]
 [48]
 [55]
 [50]
 [52]
 [56]]",4,0,meningioma,2,0.019644241624822218,0.00038430621013200533,0.9799714287122091
3010,"[[49]
 [48]
 [56]
 [56]
 [53]
 [56]]",2,2,pituitary,2,0.01819545527299245,0.0002236974044838765,0.9815808534622192
3011,"[[49]
 [48]
 [56]
 [56]
 [53]
 [56]]",2,2,pituitary,2,0.06008702081938585,0.0002779352944344282,0.9396350383758545
3012,"[[49]
 [48]
 [56]
 [56]
 [53]
 [56]]",2,2,pituitary,2,0.032404595986008644,0.00031229780385425937,0.9672830899556478
3013,"[[49]
 [48]
 [56]
 [56]
 [53]
 [56]]",2,2,pituitary,2,0.028113536536693573,0.0006812982028350234,0.9712051749229431
3014,"[[49]
 [48]
 [56]
 [56]
 [53]
 [56]]",2,2,pituitary,2,0.14580168575048447,0.019267589474717777,0.8349307378133138
3015,"[[49]
 [48]
 [56]
 [57]
 [51]
 [49]]",4,2,pituitary,2,2.5559211650261204e-05,4.9591222402722845e-06,0.9999694426854452
3016,"[[49]
 [48]
 [56]
 [57]
 [51]
 [49]]",4,2,pituitary,2,1.8674673370355777e-05,1.0531489620380086e-05,0.9999707539876302
3017,"[[49]
 [48]
 [56]
 [57]
 [51]
 [49]]",4,2,pituitary,2,1.060333324787166e-05,1.4014370004875968e-05,0.9999754031499227
3018,"[[49]
 [48]
 [57]
 [52]
 [55]
 [49]]",0,2,pituitary,2,0.052429468681414924,0.0018354368609531473,0.9457350770632426
3019,"[[49]
 [48]
 [57]
 [52]
 [55]
 [49]]",0,2,pituitary,2,0.00821521010948345,0.00025586770667966147,0.9915289084116617
3020,"[[49]
 [48]
 [55]
 [50]
 [52]
 [56]]",4,0,meningioma,2,0.267963374654452,0.04290537846585115,0.6891312201817831
3021,"[[49]
 [48]
 [57]
 [52]
 [55]
 [49]]",0,2,pituitary,2,0.19829801811526218,0.041319277292738356,0.7603827317555746
3022,"[[49]
 [48]
 [57]
 [52]
 [55]
 [49]]",0,2,pituitary,2,0.2369642729560534,0.07011707313358784,0.6929186383883158
3023,"[[49]
 [48]
 [57]
 [55]
 [54]
 [57]]",3,2,pituitary,2,0.0032911839274068675,3.131594598452618e-07,0.9967085123062134
3024,"[[49]
 [48]
 [57]
 [55]
 [54]
 [57]]",3,2,pituitary,2,0.00029768287398231524,2.8269169642195874e-07,0.9997020363807678
3025,"[[49]
 [48]
 [57]
 [55]
 [54]
 [57]]",3,2,pituitary,2,0.00041981688506590825,4.974502883688577e-08,0.9995801250139872
3026,"[[49]
 [48]
 [57]
 [55]
 [54]
 [57]]",3,2,pituitary,2,0.0007841445816059908,2.4574063968903676e-08,0.999215841293335
3027,"[[49]
 [48]
 [57]
 [56]
 [57]
 [56]]",1,2,pituitary,2,0.013104586551586786,1.5745936858972225e-05,0.9868796865145365
3028,"[[49]
 [48]
 [57]
 [56]
 [57]
 [56]]",1,2,pituitary,2,0.01536176074296236,9.298507848143345e-06,0.9846289157867432
3029,"[[49]
 [48]
 [57]
 [56]
 [57]
 [56]]",1,2,pituitary,2,0.0019665335615475974,6.794923497939938e-08,0.9980334242184957
3030,"[[49]
 [48]
 [57]
 [56]
 [57]
 [56]]",1,2,pituitary,2,0.003570555398861567,4.042040094039597e-06,0.9964253703753153
3031,"[[49]
 [48]
 [55]
 [50]
 [52]
 [56]]",4,0,meningioma,2,0.40939895808696747,0.10102418685952823,0.489576851328214
3032,"[[49]
 [48]
 [57]
 [56]
 [57]
 [56]]",1,2,pituitary,2,0.021047966399540503,0.001057697683184718,0.9778943061828613
3033,"[[49]
 [48]
 [57]
 [56]
 [57]
 [56]]",1,2,pituitary,2,0.0632502684990565,0.05648263171315193,0.8802671233812968
3034,"[[49]
 [49]
 [48]
 [53]
 [49]
 [56]]",4,2,pituitary,0,0.3771304289499919,0.31606712689002353,0.3068024516105652
3035,"[[49]
 [49]
 [48]
 [53]
 [49]
 [56]]",4,2,pituitary,1,0.08174096047878265,0.7135764956474304,0.20468254387378693
3036,"[[49]
 [49]
 [48]
 [53]
 [51]
 [55]]",0,2,pituitary,2,0.028457777729878824,0.004611491885346671,0.9669307470321655
3037,"[[49]
 [49]
 [48]
 [53]
 [51]
 [55]]",0,2,pituitary,2,0.002954037995853772,0.00014820507036953737,0.9968977570533752
3038,"[[49]
 [49]
 [48]
 [57]
 [57]
 [51]]",1,2,pituitary,2,0.024906660119692486,0.00041269986346984905,0.9746806224187216
3039,"[[49]
 [49]
 [48]
 [57]
 [57]
 [51]]",1,2,pituitary,2,0.016457723608861368,0.0007542793464381248,0.9827879865964254
3040,"[[49]
 [49]
 [48]
 [57]
 [57]
 [51]]",1,2,pituitary,2,0.007657856680452824,0.0021337508612001934,0.9902084072430929
3041,"[[49]
 [49]
 [48]
 [57]
 [57]
 [51]]",1,2,pituitary,2,0.003838506333219508,0.00033320835306464386,0.9958282907803854
3042,"[[49]
 [48]
 [55]
 [50]
 [52]
 [56]]",4,0,meningioma,2,0.0844939046849807,0.006851753025936584,0.9086543321609497
3043,"[[49]
 [49]
 [49]
 [48]
 [55]
 [53]]",0,2,pituitary,2,0.002283206874077829,0.001377491353196092,0.9963392814000448
3044,"[[49]
 [49]
 [49]
 [48]
 [55]
 [53]]",0,2,pituitary,2,0.004660274154351403,0.00065595678218718,0.9946837425231934
3045,"[[49]
 [49]
 [49]
 [48]
 [55]
 [53]]",0,2,pituitary,2,0.0030405570675308504,0.00020040275618763795,0.9967590570449829
3046,"[[49]
 [49]
 [49]
 [48]
 [55]
 [53]]",0,2,pituitary,2,0.006224836688488722,0.0003036065027117729,0.9934715628623962
3047,"[[49]
 [49]
 [49]
 [48]
 [55]
 [53]]",0,2,pituitary,2,0.001704015953388686,3.723142109871939e-05,0.9982587893803915
3048,"[[49]
 [49]
 [49]
 [48]
 [55]
 [53]]",0,2,pituitary,2,0.002570824096134553,0.000404890950145879,0.9970242778460184
3049,"[[49]
 [49]
 [49]
 [49]
 [50]
 [53]]",3,2,pituitary,2,0.0104897350538522,3.474587799701112e-06,0.9895067811012268
3050,"[[49]
 [49]
 [49]
 [49]
 [50]
 [53]]",3,2,pituitary,2,0.0014798332510205607,5.396465357539645e-07,0.9985195994377136
3051,"[[49]
 [49]
 [49]
 [49]
 [50]
 [53]]",3,2,pituitary,2,0.01373958121985197,1.7311023195058322e-05,0.9862431287765503
3052,"[[49]
 [49]
 [49]
 [49]
 [50]
 [53]]",3,2,pituitary,2,0.00026790256379172206,5.763067741545077e-08,0.9997320572535197
3053,"[[49]
 [48]
 [55]
 [52]
 [57]
 [52]]",1,0,meningioma,0,0.5495527386665344,0.3420750250418981,0.1083722369124492
3054,"[[49]
 [49]
 [49]
 [55]
 [56]
 [53]]",0,2,pituitary,2,0.003814550155463318,0.00034279320971108973,0.9958426554997762
3055,"[[49]
 [49]
 [49]
 [55]
 [56]
 [53]]",0,2,pituitary,2,0.0019431121181696653,0.00027266047315303393,0.9977842370669047
3056,"[[49]
 [49]
 [49]
 [55]
 [56]
 [53]]",0,2,pituitary,2,0.0008347697172818395,0.00016327352310933443,0.9990019599596659
3057,"[[49]
 [49]
 [49]
 [55]
 [56]
 [53]]",0,2,pituitary,2,0.0035845651485336325,0.00012639025582454147,0.996289054552714
3058,"[[49]
 [49]
 [50]
 [48]
 [55]
 [52]]",2,2,pituitary,2,0.17702103654543558,0.2768259396155675,0.5461530188719431
3059,"[[49]
 [49]
 [50]
 [48]
 [55]
 [52]]",2,2,pituitary,2,0.08390942588448524,0.005299786222167313,0.910790761311849
3060,"[[49]
 [49]
 [50]
 [48]
 [55]
 [52]]",2,2,pituitary,2,0.1401571383078893,0.01076374746238192,0.8490791122118632
3061,"[[49]
 [49]
 [50]
 [48]
 [55]
 [52]]",2,2,pituitary,0,0.5418059329191843,0.07558377707997958,0.382610281308492
3062,"[[49]
 [49]
 [50]
 [54]
 [52]
 [57]]",0,2,pituitary,2,0.05279035493731499,0.038597886761029564,0.9086117545763651
3063,"[[49]
 [49]
 [50]
 [54]
 [52]
 [57]]",0,2,pituitary,2,0.005546122299468455,0.0003895081760371492,0.9940643509229025
