benchmark_path,external_path,external_class,hamming_distance
/kaggle/input/datasets/rm1000/brain-tumor-mri-scans/pituitary/0375.jpg,"/kaggle/input/datasets/souaadrahmoun/brnetval/Multi-Class Brain Tumor MRI Dataset Glioma, Health/Brain Cancer MRI Dataset/Brain Cancer MRI Dataset/Brain Cancer MRI Dataset/Pituitary Macroadenoma/186.jpg",Pituitary Macroadenoma,0
/kaggle/input/datasets/rm1000/brain-tumor-mri-scans/pituitary/1700.jpg,"/kaggle/input/datasets/souaadrahmoun/brnetval/Multi-Class Brain Tumor MRI Dataset Glioma, Health/Brain Cancer MRI Dataset/Brain Cancer MRI Dataset/Brain Cancer MRI Dataset/Pituitary Macroadenoma/94.jpg",Pituitary Macroadenoma,2
/kaggle/input/datasets/rm1000/brain-tumor-mri-scans/pituitary/0799.jpg,"/kaggle/input/datasets/souaadrahmoun/brnetval/Multi-Class Brain Tumor MRI Dataset Glioma, Health/Brain Cancer MRI Dataset/Brain Cancer MRI Dataset/Brain Cancer MRI Dataset/Pituitary Macroadenoma/154.jpg",Pituitary Macroadenoma,0
/kaggle/input/datasets/rm1000/brain-tumor-mri-scans/pituitary/0074.jpg,"/kaggle/input/datasets/souaadrahmoun/brnetval/Multi-Class Brain Tumor MRI Dataset Glioma, Health/Brain Cancer MRI Dataset/Brain Cancer MRI Dataset/Brain Cancer MRI Dataset/Pituitary Macroadenoma/130.jpg",Pituitary Macroadenoma,0
/kaggle/input/datasets/rm1000/brain-tumor-mri-scans/pituitary/1501.jpg,"/kaggle/input/datasets/souaadrahmoun/brnetval/Multi-Class Brain Tumor MRI Dataset Glioma, Health/Brain Cancer MRI Dataset/Brain Cancer MRI Dataset/Brain Cancer MRI Dataset/Pituitary Macroadenoma/192.jpg",Pituitary Macroadenoma,0
/kaggle/input/datasets/rm1000/brain-tumor-mri-scans/pituitary/0617.jpg,"/kaggle/input/datasets/souaadrahmoun/brnetval/Multi-Class Brain Tumor MRI Dataset Glioma, Health/Brain Cancer MRI Dataset/Brain Cancer MRI Dataset/Brain Cancer MRI Dataset/Pituitary Macroadenoma/139.jpg",Pituitary Macroadenoma,0
/kaggle/input/datasets/rm1000/brain-tumor-mri-scans/pituitary/0989.jpg,"/kaggle/input/datasets/souaadrahmoun/brnetval/Multi-Class Brain Tumor MRI Dataset Glioma, Health/Brain Cancer MRI Dataset/Brain Cancer MRI Dataset/Brain Cancer MRI Dataset/Pituitary Macroadenoma/31.jpg",Pituitary Macroadenoma,0
/kaggle/input/datasets/rm1000/brain-tumor-mri-scans/pituitary/0235.jpg,"/kaggle/input/datasets/souaadrahmoun/brnetval/Multi-Class Brain Tumor MRI Dataset Glioma, Health/Brain Cancer MRI Dataset/Brain Cancer MRI Dataset/Brain Cancer MRI Dataset/Pituitary Macroadenoma/294.jpg",Pituitary Macroadenoma,0
/kaggle/input/datasets/rm1000/brain-tumor-mri-scans/pituitary/1339.jpg,"/kaggle/input/datasets/souaadrahmoun/brnetval/Multi-Class Brain Tumor MRI Dataset Glioma, Health/Brain Cancer MRI Dataset/Brain Cancer MRI Dataset/Brain Cancer MRI Dataset/Pituitary Macroadenoma/90.jpg",Pituitary Macroadenoma,0
/kaggle/input/datasets/rm1000/brain-tumor-mri-scans/pituitary/1211.jpg,"/kaggle/input/datasets/souaadrahmoun/brnetval/Multi-Class Brain Tumor MRI Dataset Glioma, Health/Brain Cancer MRI Dataset/Brain Cancer MRI Dataset/Brain Cancer MRI Dataset/Pituitary Macroadenoma/233.jpg",Pituitary Macroadenoma,2
/kaggle/input/datasets/rm1000/brain-tumor-mri-scans/pituitary/1565.jpg,"/kaggle/input/datasets/souaadrahmoun/brnetval/Multi-Class Brain Tumor MRI Dataset Glioma, Health/Brain Cancer MRI Dataset/Brain Cancer MRI Dataset/Brain Cancer MRI Dataset/Pituitary Macroadenoma/176.jpg",Pituitary Macroadenoma,0
/kaggle/input/datasets/rm1000/brain-tumor-mri-scans/pituitary/0208.jpg,"/kaggle/input/datasets/souaadrahmoun/brnetval/Multi-Class Brain Tumor MRI Dataset Glioma, Health/Brain Cancer MRI Dataset/Brain Cancer MRI Dataset/Brain Cancer MRI Dataset/Pituitary Macroadenoma/215.jpg",Pituitary Macroadenoma,0
/kaggle/input/datasets/rm1000/brain-tumor-mri-scans/pituitary/0680.jpg,"/kaggle/input/datasets/souaadrahmoun/brnetval/Multi-Class Brain Tumor MRI Dataset Glioma, Health/Brain Cancer MRI Dataset/Brain Cancer MRI Dataset/Brain Cancer MRI Dataset/Pituitary Macroadenoma/232.jpg",Pituitary Macroadenoma,2
/kaggle/input/datasets/rm1000/brain-tumor-mri-scans/pituitary/0970.jpg,"/kaggle/input/datasets/souaadrahmoun/brnetval/Multi-Class Brain Tumor MRI Dataset Glioma, Health/Brain Cancer MRI Dataset/Brain Cancer MRI Dataset/Brain Cancer MRI Dataset/Pituitary Macroadenoma/43.jpg",Pituitary Macroadenoma,0
/kaggle/input/datasets/rm1000/brain-tumor-mri-scans/pituitary/1025.jpg,"/kaggle/input/datasets/souaadrahmoun/brnetval/Multi-Class Brain Tumor MRI Dataset Glioma, Health/Brain Cancer MRI Dataset/Brain Cancer MRI Dataset/Brain Cancer MRI Dataset/Pituitary Macroadenoma/82.jpg",Pituitary Macroadenoma,0
/kaggle/input/datasets/rm1000/brain-tumor-mri-scans/pituitary/1343.jpg,"/kaggle/input/datasets/souaadrahmoun/brnetval/Multi-Class Brain Tumor MRI Dataset Glioma, Health/Brain Cancer MRI Dataset/Brain Cancer MRI Dataset/Brain Cancer MRI Dataset/Pituitary Macroadenoma/38.jpg",Pituitary Macroadenoma,0
/kaggle/input/datasets/rm1000/brain-tumor-mri-scans/pituitary/0436.jpg,"/kaggle/input/datasets/souaadrahmoun/brnetval/Multi-Class Brain Tumor MRI Dataset Glioma, Health/Brain Cancer MRI Dataset/Brain Cancer MRI Dataset/Brain Cancer MRI Dataset/Pituitary Macroadenoma/254.jpg",Pituitary Macroadenoma,0
/kaggle/input/datasets/rm1000/brain-tumor-mri-scans/pituitary/0710.jpg,"/kaggle/input/datasets/souaadrahmoun/brnetval/Multi-Class Brain Tumor MRI Dataset Glioma, Health/Brain Cancer MRI Dataset/Brain Cancer MRI Dataset/Brain Cancer MRI Dataset/Pituitary Macroadenoma/16.jpg",Pituitary Macroadenoma,2
/kaggle/input/datasets/rm1000/brain-tumor-mri-scans/pituitary/0699.jpg,"/kaggle/input/datasets/souaadrahmoun/brnetval/Multi-Class Brain Tumor MRI Dataset Glioma, Health/Brain Cancer MRI Dataset/Brain Cancer MRI Dataset/Brain Cancer MRI Dataset/Pituitary Macroadenoma/229.jpg",Pituitary Macroadenoma,0
/kaggle/input/datasets/rm1000/brain-tumor-mri-scans/pituitary/0654.jpg,"/kaggle/input/datasets/souaadrahmoun/brnetval/Multi-Class Brain Tumor MRI Dataset Glioma, Health/Brain Cancer MRI Dataset/Brain Cancer MRI Dataset/Brain Cancer MRI Dataset/Pituitary Macroadenoma/148.jpg",Pituitary Macroadenoma,2
/kaggle/input/datasets/rm1000/brain-tumor-mri-scans/pituitary/0410.jpg,"/kaggle/input/datasets/souaadrahmoun/brnetval/Multi-Class Brain Tumor MRI Dataset Glioma, Health/Brain Cancer MRI Dataset/Brain Cancer MRI Dataset/Brain Cancer MRI Dataset/Pituitary Macroadenoma/118.jpg",Pituitary Macroadenoma,2
/kaggle/input/datasets/rm1000/brain-tumor-mri-scans/pituitary/0061.jpg,"/kaggle/input/datasets/souaadrahmoun/brnetval/Multi-Class Brain Tumor MRI Dataset Glioma, Health/Brain Cancer MRI Dataset/Brain Cancer MRI Dataset/Brain Cancer MRI Dataset/Pituitary Macroadenoma/108.jpg",Pituitary Macroadenoma,0
/kaggle/input/datasets/rm1000/brain-tumor-mri-scans/pituitary/0875.jpg,"/kaggle/input/datasets/souaadrahmoun/brnetval/Multi-Class Brain Tumor MRI Dataset Glioma, Health/Brain Cancer MRI Dataset/Brain Cancer MRI Dataset/Brain Cancer MRI Dataset/Pituitary Macroadenoma/66.jpg",Pituitary Macroadenoma,0
/kaggle/input/datasets/rm1000/brain-tumor-mri-scans/pituitary/0082.jpg,"/kaggle/input/datasets/souaadrahmoun/brnetval/Multi-Class Brain Tumor MRI Dataset Glioma, Health/Brain Cancer MRI Dataset/Brain Cancer MRI Dataset/Brain Cancer MRI Dataset/Pituitary Macroadenoma/201.jpg",Pituitary Macroadenoma,0
/kaggle/input/datasets/rm1000/brain-tumor-mri-scans/pituitary/0817.jpg,"/kaggle/input/datasets/souaadrahmoun/brnetval/Multi-Class Brain Tumor MRI Dataset Glioma, Health/Brain Cancer MRI Dataset/Brain Cancer MRI Dataset/Brain Cancer MRI Dataset/Pituitary Macroadenoma/275.jpg",Pituitary Macroadenoma,2
/kaggle/input/datasets/rm1000/brain-tumor-mri-scans/pituitary/1134.jpg,"/kaggle/input/datasets/souaadrahmoun/brnetval/Multi-Class Brain Tumor MRI Dataset Glioma, Health/Brain Cancer MRI Dataset/Brain Cancer MRI Dataset/Brain Cancer MRI Dataset/Pituitary Macroadenoma/136.jpg",Pituitary Macroadenoma,2
/kaggle/input/datasets/rm1000/brain-tumor-mri-scans/pituitary/0626.jpg,"/kaggle/input/datasets/souaadrahmoun/brnetval/Multi-Class Brain Tumor MRI Dataset Glioma, Health/Brain Cancer MRI Dataset/Brain Cancer MRI Dataset/Brain Cancer MRI Dataset/Pituitary Macroadenoma/218.jpg",Pituitary Macroadenoma,0
/kaggle/input/datasets/rm1000/brain-tumor-mri-scans/pituitary/0887.jpg,"/kaggle/input/datasets/souaadrahmoun/brnetval/Multi-Class Brain Tumor MRI Dataset Glioma, Health/Brain Cancer MRI Dataset/Brain Cancer MRI Dataset/Brain Cancer MRI Dataset/Pituitary Macroadenoma/105.jpg",Pituitary Macroadenoma,0
/kaggle/input/datasets/rm1000/brain-tumor-mri-scans/pituitary/0027.jpg,"/kaggle/input/datasets/souaadrahmoun/brnetval/Multi-Class Brain Tumor MRI Dataset Glioma, Health/Brain Cancer MRI Dataset/Brain Cancer MRI Dataset/Brain Cancer MRI Dataset/Pituitary Macroadenoma/123.jpg",Pituitary Macroadenoma,2
/kaggle/input/datasets/rm1000/brain-tumor-mri-scans/pituitary/0076.jpg,"/kaggle/input/datasets/souaadrahmoun/brnetval/Multi-Class Brain Tumor MRI Dataset Glioma, Health/Brain Cancer MRI Dataset/Brain Cancer MRI Dataset/Brain Cancer MRI Dataset/Pituitary Macroadenoma/268.jpg",Pituitary Macroadenoma,0
/kaggle/input/datasets/rm1000/brain-tumor-mri-scans/pituitary/0901.jpg,"/kaggle/input/datasets/souaadrahmoun/brnetval/Multi-Class Brain Tumor MRI Dataset Glioma, Health/Brain Cancer MRI Dataset/Brain Cancer MRI Dataset/Brain Cancer MRI Dataset/Pituitary Macroadenoma/162.jpg",Pituitary Macroadenoma,0
/kaggle/input/datasets/rm1000/brain-tumor-mri-scans/pituitary/0331.jpg,"/kaggle/input/datasets/souaadrahmoun/brnetval/Multi-Class Brain Tumor MRI Dataset Glioma, Health/Brain Cancer MRI Dataset/Brain Cancer MRI Dataset/Brain Cancer MRI Dataset/Pituitary Macroadenoma/147.jpg",Pituitary Macroadenoma,0
/kaggle/input/datasets/rm1000/brain-tumor-mri-scans/pituitary/0021.jpg,"/kaggle/input/datasets/souaadrahmoun/brnetval/Multi-Class Brain Tumor MRI Dataset Glioma, Health/Brain Cancer MRI Dataset/Brain Cancer MRI Dataset/Brain Cancer MRI Dataset/Pituitary Macroadenoma/198.jpg",Pituitary Macroadenoma,0
/kaggle/input/datasets/rm1000/brain-tumor-mri-scans/pituitary/1727.jpg,"/kaggle/input/datasets/souaadrahmoun/brnetval/Multi-Class Brain Tumor MRI Dataset Glioma, Health/Brain Cancer MRI Dataset/Brain Cancer MRI Dataset/Brain Cancer MRI Dataset/Pituitary Macroadenoma/100.jpg",Pituitary Macroadenoma,4
/kaggle/input/datasets/rm1000/brain-tumor-mri-scans/pituitary/0252.jpg,"/kaggle/input/datasets/souaadrahmoun/brnetval/Multi-Class Brain Tumor MRI Dataset Glioma, Health/Brain Cancer MRI Dataset/Brain Cancer MRI Dataset/Brain Cancer MRI Dataset/Pituitary Macroadenoma/286.jpg",Pituitary Macroadenoma,0
/kaggle/input/datasets/rm1000/brain-tumor-mri-scans/pituitary/0791.jpg,"/kaggle/input/datasets/souaadrahmoun/brnetval/Multi-Class Brain Tumor MRI Dataset Glioma, Health/Brain Cancer MRI Dataset/Brain Cancer MRI Dataset/Brain Cancer MRI Dataset/Pituitary Macroadenoma/252.jpg",Pituitary Macroadenoma,0
/kaggle/input/datasets/rm1000/brain-tumor-mri-scans/pituitary/0674.jpg,"/kaggle/input/datasets/souaadrahmoun/brnetval/Multi-Class Brain Tumor MRI Dataset Glioma, Health/Brain Cancer MRI Dataset/Brain Cancer MRI Dataset/Brain Cancer MRI Dataset/Pituitary Macroadenoma/244.jpg",Pituitary Macroadenoma,2
/kaggle/input/datasets/rm1000/brain-tumor-mri-scans/pituitary/0882.jpg,"/kaggle/input/datasets/souaadrahmoun/brnetval/Multi-Class Brain Tumor MRI Dataset Glioma, Health/Brain Cancer MRI Dataset/Brain Cancer MRI Dataset/Brain Cancer MRI Dataset/Pituitary Macroadenoma/291.jpg",Pituitary Macroadenoma,2
/kaggle/input/datasets/rm1000/brain-tumor-mri-scans/pituitary/0943.jpg,"/kaggle/input/datasets/souaadrahmoun/brnetval/Multi-Class Brain Tumor MRI Dataset Glioma, Health/Brain Cancer MRI Dataset/Brain Cancer MRI Dataset/Brain Cancer MRI Dataset/Pituitary Macroadenoma/32.jpg",Pituitary Macroadenoma,0
/kaggle/input/datasets/rm1000/brain-tumor-mri-scans/pituitary/1660.jpg,"/kaggle/input/datasets/souaadrahmoun/brnetval/Multi-Class Brain Tumor MRI Dataset Glioma, Health/Brain Cancer MRI Dataset/Brain Cancer MRI Dataset/Brain Cancer MRI Dataset/Pituitary Macroadenoma/208.jpg",Pituitary Macroadenoma,2
/kaggle/input/datasets/rm1000/brain-tumor-mri-scans/pituitary/0271.jpg,"/kaggle/input/datasets/souaadrahmoun/brnetval/Multi-Class Brain Tumor MRI Dataset Glioma, Health/Brain Cancer MRI Dataset/Brain Cancer MRI Dataset/Brain Cancer MRI Dataset/Pituitary Macroadenoma/45.jpg",Pituitary Macroadenoma,0
/kaggle/input/datasets/rm1000/brain-tumor-mri-scans/pituitary/0599.jpg,"/kaggle/input/datasets/souaadrahmoun/brnetval/Multi-Class Brain Tumor MRI Dataset Glioma, Health/Brain Cancer MRI Dataset/Brain Cancer MRI Dataset/Brain Cancer MRI Dataset/Pituitary Macroadenoma/19.jpg",Pituitary Macroadenoma,2
/kaggle/input/datasets/rm1000/brain-tumor-mri-scans/pituitary/0000.jpg,"/kaggle/input/datasets/souaadrahmoun/brnetval/Multi-Class Brain Tumor MRI Dataset Glioma, Health/Brain Cancer MRI Dataset/Brain Cancer MRI Dataset/Brain Cancer MRI Dataset/Pituitary Macroadenoma/168.jpg",Pituitary Macroadenoma,0
/kaggle/input/datasets/rm1000/brain-tumor-mri-scans/pituitary/1295.jpg,"/kaggle/input/datasets/souaadrahmoun/brnetval/Multi-Class Brain Tumor MRI Dataset Glioma, Health/Brain Cancer MRI Dataset/Brain Cancer MRI Dataset/Brain Cancer MRI Dataset/Pituitary Macroadenoma/238.jpg",Pituitary Macroadenoma,2
/kaggle/input/datasets/rm1000/brain-tumor-mri-scans/pituitary/0794.jpg,"/kaggle/input/datasets/souaadrahmoun/brnetval/Multi-Class Brain Tumor MRI Dataset Glioma, Health/Brain Cancer MRI Dataset/Brain Cancer MRI Dataset/Brain Cancer MRI Dataset/Pituitary Macroadenoma/236.jpg",Pituitary Macroadenoma,0
/kaggle/input/datasets/rm1000/brain-tumor-mri-scans/pituitary/0684.jpg,"/kaggle/input/datasets/souaadrahmoun/brnetval/Multi-Class Brain Tumor MRI Dataset Glioma, Health/Brain Cancer MRI Dataset/Brain Cancer MRI Dataset/Brain Cancer MRI Dataset/Pituitary Macroadenoma/75.jpg",Pituitary Macroadenoma,0
/kaggle/input/datasets/rm1000/brain-tumor-mri-scans/pituitary/0289.jpg,"/kaggle/input/datasets/souaadrahmoun/brnetval/Multi-Class Brain Tumor MRI Dataset Glioma, Health/Brain Cancer MRI Dataset/Brain Cancer MRI Dataset/Brain Cancer MRI Dataset/Pituitary Macroadenoma/188.jpg",Pituitary Macroadenoma,0
/kaggle/input/datasets/rm1000/brain-tumor-mri-scans/pituitary/1708.jpg,"/kaggle/input/datasets/souaadrahmoun/brnetval/Multi-Class Brain Tumor MRI Dataset Glioma, Health/Brain Cancer MRI Dataset/Brain Cancer MRI Dataset/Brain Cancer MRI Dataset/Pituitary Macroadenoma/263.jpg",Pituitary Macroadenoma,4
/kaggle/input/datasets/rm1000/brain-tumor-mri-scans/pituitary/0646.jpg,"/kaggle/input/datasets/souaadrahmoun/brnetval/Multi-Class Brain Tumor MRI Dataset Glioma, Health/Brain Cancer MRI Dataset/Brain Cancer MRI Dataset/Brain Cancer MRI Dataset/Pituitary Macroadenoma/287.jpg",Pituitary Macroadenoma,0
/kaggle/input/datasets/rm1000/brain-tumor-mri-scans/pituitary/1738.jpg,"/kaggle/input/datasets/souaadrahmoun/brnetval/Multi-Class Brain Tumor MRI Dataset Glioma, Health/Brain Cancer MRI Dataset/Brain Cancer MRI Dataset/Brain Cancer MRI Dataset/Pituitary Macroadenoma/42.jpg",Pituitary Macroadenoma,2
/kaggle/input/datasets/rm1000/brain-tumor-mri-scans/pituitary/0555.jpg,"/kaggle/input/datasets/souaadrahmoun/brnetval/Multi-Class Brain Tumor MRI Dataset Glioma, Health/Brain Cancer MRI Dataset/Brain Cancer MRI Dataset/Brain Cancer MRI Dataset/Pituitary Macroadenoma/175.jpg",Pituitary Macroadenoma,0
/kaggle/input/datasets/rm1000/brain-tumor-mri-scans/pituitary/0517.jpg,"/kaggle/input/datasets/souaadrahmoun/brnetval/Multi-Class Brain Tumor MRI Dataset Glioma, Health/Brain Cancer MRI Dataset/Brain Cancer MRI Dataset/Brain Cancer MRI Dataset/Pituitary Macroadenoma/174.jpg",Pituitary Macroadenoma,0
/kaggle/input/datasets/rm1000/brain-tumor-mri-scans/pituitary/0023.jpg,"/kaggle/input/datasets/souaadrahmoun/brnetval/Multi-Class Brain Tumor MRI Dataset Glioma, Health/Brain Cancer MRI Dataset/Brain Cancer MRI Dataset/Brain Cancer MRI Dataset/Pituitary Macroadenoma/60.jpg",Pituitary Macroadenoma,0
/kaggle/input/datasets/rm1000/brain-tumor-mri-scans/pituitary/0535.jpg,"/kaggle/input/datasets/souaadrahmoun/brnetval/Multi-Class Brain Tumor MRI Dataset Glioma, Health/Brain Cancer MRI Dataset/Brain Cancer MRI Dataset/Brain Cancer MRI Dataset/Pituitary Macroadenoma/152.jpg",Pituitary Macroadenoma,0
/kaggle/input/datasets/rm1000/brain-tumor-mri-scans/pituitary/1328.jpg,"/kaggle/input/datasets/souaadrahmoun/brnetval/Multi-Class Brain Tumor MRI Dataset Glioma, Health/Brain Cancer MRI Dataset/Brain Cancer MRI Dataset/Brain Cancer MRI Dataset/Pituitary Macroadenoma/141.jpg",Pituitary Macroadenoma,0
/kaggle/input/datasets/rm1000/brain-tumor-mri-scans/pituitary/1034.jpg,"/kaggle/input/datasets/souaadrahmoun/brnetval/Multi-Class Brain Tumor MRI Dataset Glioma, Health/Brain Cancer MRI Dataset/Brain Cancer MRI Dataset/Brain Cancer MRI Dataset/Pituitary Macroadenoma/76.jpg",Pituitary Macroadenoma,0
/kaggle/input/datasets/rm1000/brain-tumor-mri-scans/pituitary/1084.jpg,"/kaggle/input/datasets/souaadrahmoun/brnetval/Multi-Class Brain Tumor MRI Dataset Glioma, Health/Brain Cancer MRI Dataset/Brain Cancer MRI Dataset/Brain Cancer MRI Dataset/Pituitary Macroadenoma/129.jpg",Pituitary Macroadenoma,0
/kaggle/input/datasets/rm1000/brain-tumor-mri-scans/pituitary/0694.jpg,"/kaggle/input/datasets/souaadrahmoun/brnetval/Multi-Class Brain Tumor MRI Dataset Glioma, Health/Brain Cancer MRI Dataset/Brain Cancer MRI Dataset/Brain Cancer MRI Dataset/Pituitary Macroadenoma/110.jpg",Pituitary Macroadenoma,4
/kaggle/input/datasets/rm1000/brain-tumor-mri-scans/pituitary/1095.jpg,"/kaggle/input/datasets/souaadrahmoun/brnetval/Multi-Class Brain Tumor MRI Dataset Glioma, Health/Brain Cancer MRI Dataset/Brain Cancer MRI Dataset/Brain Cancer MRI Dataset/Pituitary Macroadenoma/86.jpg",Pituitary Macroadenoma,4
/kaggle/input/datasets/rm1000/brain-tumor-mri-scans/pituitary/1054.jpg,"/kaggle/input/datasets/souaadrahmoun/brnetval/Multi-Class Brain Tumor MRI Dataset Glioma, Health/Brain Cancer MRI Dataset/Brain Cancer MRI Dataset/Brain Cancer MRI Dataset/Pituitary Macroadenoma/191.jpg",Pituitary Macroadenoma,0
/kaggle/input/datasets/rm1000/brain-tumor-mri-scans/pituitary/1017.jpg,"/kaggle/input/datasets/souaadrahmoun/brnetval/Multi-Class Brain Tumor MRI Dataset Glioma, Health/Brain Cancer MRI Dataset/Brain Cancer MRI Dataset/Brain Cancer MRI Dataset/Pituitary Macroadenoma/202.jpg",Pituitary Macroadenoma,4
/kaggle/input/datasets/rm1000/brain-tumor-mri-scans/pituitary/1324.jpg,"/kaggle/input/datasets/souaadrahmoun/brnetval/Multi-Class Brain Tumor MRI Dataset Glioma, Health/Brain Cancer MRI Dataset/Brain Cancer MRI Dataset/Brain Cancer MRI Dataset/Pituitary Macroadenoma/27.jpg",Pituitary Macroadenoma,0
/kaggle/input/datasets/rm1000/brain-tumor-mri-scans/pituitary/0537.jpg,"/kaggle/input/datasets/souaadrahmoun/brnetval/Multi-Class Brain Tumor MRI Dataset Glioma, Health/Brain Cancer MRI Dataset/Brain Cancer MRI Dataset/Brain Cancer MRI Dataset/Pituitary Macroadenoma/284.jpg",Pituitary Macroadenoma,2
/kaggle/input/datasets/rm1000/brain-tumor-mri-scans/pituitary/0370.jpg,"/kaggle/input/datasets/souaadrahmoun/brnetval/Multi-Class Brain Tumor MRI Dataset Glioma, Health/Brain Cancer MRI Dataset/Brain Cancer MRI Dataset/Brain Cancer MRI Dataset/Pituitary Macroadenoma/253.jpg",Pituitary Macroadenoma,2
/kaggle/input/datasets/rm1000/brain-tumor-mri-scans/pituitary/0708.jpg,"/kaggle/input/datasets/souaadrahmoun/brnetval/Multi-Class Brain Tumor MRI Dataset Glioma, Health/Brain Cancer MRI Dataset/Brain Cancer MRI Dataset/Brain Cancer MRI Dataset/Pituitary Macroadenoma/177.jpg",Pituitary Macroadenoma,0
/kaggle/input/datasets/rm1000/brain-tumor-mri-scans/pituitary/0994.jpg,"/kaggle/input/datasets/souaadrahmoun/brnetval/Multi-Class Brain Tumor MRI Dataset Glioma, Health/Brain Cancer MRI Dataset/Brain Cancer MRI Dataset/Brain Cancer MRI Dataset/Pituitary Macroadenoma/99.jpg",Pituitary Macroadenoma,2
/kaggle/input/datasets/rm1000/brain-tumor-mri-scans/pituitary/1511.jpg,"/kaggle/input/datasets/souaadrahmoun/brnetval/Multi-Class Brain Tumor MRI Dataset Glioma, Health/Brain Cancer MRI Dataset/Brain Cancer MRI Dataset/Brain Cancer MRI Dataset/Pituitary Macroadenoma/121.jpg",Pituitary Macroadenoma,0
/kaggle/input/datasets/rm1000/brain-tumor-mri-scans/pituitary/1287.jpg,"/kaggle/input/datasets/souaadrahmoun/brnetval/Multi-Class Brain Tumor MRI Dataset Glioma, Health/Brain Cancer MRI Dataset/Brain Cancer MRI Dataset/Brain Cancer MRI Dataset/Pituitary Macroadenoma/55.jpg",Pituitary Macroadenoma,0
/kaggle/input/datasets/rm1000/brain-tumor-mri-scans/pituitary/0018.jpg,"/kaggle/input/datasets/souaadrahmoun/brnetval/Multi-Class Brain Tumor MRI Dataset Glioma, Health/Brain Cancer MRI Dataset/Brain Cancer MRI Dataset/Brain Cancer MRI Dataset/Pituitary Macroadenoma/163.jpg",Pituitary Macroadenoma,2
/kaggle/input/datasets/rm1000/brain-tumor-mri-scans/pituitary/0348.jpg,"/kaggle/input/datasets/souaadrahmoun/brnetval/Multi-Class Brain Tumor MRI Dataset Glioma, Health/Brain Cancer MRI Dataset/Brain Cancer MRI Dataset/Brain Cancer MRI Dataset/Pituitary Macroadenoma/7.jpg",Pituitary Macroadenoma,0
/kaggle/input/datasets/rm1000/brain-tumor-mri-scans/pituitary/0816.jpg,"/kaggle/input/datasets/souaadrahmoun/brnetval/Multi-Class Brain Tumor MRI Dataset Glioma, Health/Brain Cancer MRI Dataset/Brain Cancer MRI Dataset/Brain Cancer MRI Dataset/Pituitary Macroadenoma/220.jpg",Pituitary Macroadenoma,2
/kaggle/input/datasets/rm1000/brain-tumor-mri-scans/pituitary/0312.jpg,"/kaggle/input/datasets/souaadrahmoun/brnetval/Multi-Class Brain Tumor MRI Dataset Glioma, Health/Brain Cancer MRI Dataset/Brain Cancer MRI Dataset/Brain Cancer MRI Dataset/Pituitary Macroadenoma/251.jpg",Pituitary Macroadenoma,0
/kaggle/input/datasets/rm1000/brain-tumor-mri-scans/pituitary/0476.jpg,"/kaggle/input/datasets/souaadrahmoun/brnetval/Multi-Class Brain Tumor MRI Dataset Glioma, Health/Brain Cancer MRI Dataset/Brain Cancer MRI Dataset/Brain Cancer MRI Dataset/Pituitary Macroadenoma/282.jpg",Pituitary Macroadenoma,0
/kaggle/input/datasets/rm1000/brain-tumor-mri-scans/pituitary/0003.jpg,"/kaggle/input/datasets/souaadrahmoun/brnetval/Multi-Class Brain Tumor MRI Dataset Glioma, Health/Brain Cancer MRI Dataset/Brain Cancer MRI Dataset/Brain Cancer MRI Dataset/Pituitary Macroadenoma/196.jpg",Pituitary Macroadenoma,0
/kaggle/input/datasets/rm1000/brain-tumor-mri-scans/pituitary/0390.jpg,"/kaggle/input/datasets/souaadrahmoun/brnetval/Multi-Class Brain Tumor MRI Dataset Glioma, Health/Brain Cancer MRI Dataset/Brain Cancer MRI Dataset/Brain Cancer MRI Dataset/Pituitary Macroadenoma/221.jpg",Pituitary Macroadenoma,2
/kaggle/input/datasets/rm1000/brain-tumor-mri-scans/pituitary/0760.jpg,"/kaggle/input/datasets/souaadrahmoun/brnetval/Multi-Class Brain Tumor MRI Dataset Glioma, Health/Brain Cancer MRI Dataset/Brain Cancer MRI Dataset/Brain Cancer MRI Dataset/Pituitary Macroadenoma/173.jpg",Pituitary Macroadenoma,2
/kaggle/input/datasets/rm1000/brain-tumor-mri-scans/pituitary/0497.jpg,"/kaggle/input/datasets/souaadrahmoun/brnetval/Multi-Class Brain Tumor MRI Dataset Glioma, Health/Brain Cancer MRI Dataset/Brain Cancer MRI Dataset/Brain Cancer MRI Dataset/Pituitary Macroadenoma/160.jpg",Pituitary Macroadenoma,0
/kaggle/input/datasets/rm1000/brain-tumor-mri-scans/pituitary/1518.jpg,"/kaggle/input/datasets/souaadrahmoun/brnetval/Multi-Class Brain Tumor MRI Dataset Glioma, Health/Brain Cancer MRI Dataset/Brain Cancer MRI Dataset/Brain Cancer MRI Dataset/Pituitary Macroadenoma/54.jpg",Pituitary Macroadenoma,2
/kaggle/input/datasets/rm1000/brain-tumor-mri-scans/pituitary/1404.jpg,"/kaggle/input/datasets/souaadrahmoun/brnetval/Multi-Class Brain Tumor MRI Dataset Glioma, Health/Brain Cancer MRI Dataset/Brain Cancer MRI Dataset/Brain Cancer MRI Dataset/Pituitary Macroadenoma/40.jpg",Pituitary Macroadenoma,4
/kaggle/input/datasets/rm1000/brain-tumor-mri-scans/pituitary/1042.jpg,"/kaggle/input/datasets/souaadrahmoun/brnetval/Multi-Class Brain Tumor MRI Dataset Glioma, Health/Brain Cancer MRI Dataset/Brain Cancer MRI Dataset/Brain Cancer MRI Dataset/Pituitary Macroadenoma/22.jpg",Pituitary Macroadenoma,2
/kaggle/input/datasets/rm1000/brain-tumor-mri-scans/pituitary/0884.jpg,"/kaggle/input/datasets/souaadrahmoun/brnetval/Multi-Class Brain Tumor MRI Dataset Glioma, Health/Brain Cancer MRI Dataset/Brain Cancer MRI Dataset/Brain Cancer MRI Dataset/Pituitary Macroadenoma/228.jpg",Pituitary Macroadenoma,0
/kaggle/input/datasets/rm1000/brain-tumor-mri-scans/pituitary/0562.jpg,"/kaggle/input/datasets/souaadrahmoun/brnetval/Multi-Class Brain Tumor MRI Dataset Glioma, Health/Brain Cancer MRI Dataset/Brain Cancer MRI Dataset/Brain Cancer MRI Dataset/Pituitary Macroadenoma/246.jpg",Pituitary Macroadenoma,4
/kaggle/input/datasets/rm1000/brain-tumor-mri-scans/pituitary/0119.jpg,"/kaggle/input/datasets/souaadrahmoun/brnetval/Multi-Class Brain Tumor MRI Dataset Glioma, Health/Brain Cancer MRI Dataset/Brain Cancer MRI Dataset/Brain Cancer MRI Dataset/Pituitary Macroadenoma/101.jpg",Pituitary Macroadenoma,2
/kaggle/input/datasets/rm1000/brain-tumor-mri-scans/pituitary/0595.jpg,"/kaggle/input/datasets/souaadrahmoun/brnetval/Multi-Class Brain Tumor MRI Dataset Glioma, Health/Brain Cancer MRI Dataset/Brain Cancer MRI Dataset/Brain Cancer MRI Dataset/Pituitary Macroadenoma/194.jpg",Pituitary Macroadenoma,0
/kaggle/input/datasets/rm1000/brain-tumor-mri-scans/pituitary/0920.jpg,"/kaggle/input/datasets/souaadrahmoun/brnetval/Multi-Class Brain Tumor MRI Dataset Glioma, Health/Brain Cancer MRI Dataset/Brain Cancer MRI Dataset/Brain Cancer MRI Dataset/Pituitary Macroadenoma/222.jpg",Pituitary Macroadenoma,0
/kaggle/input/datasets/rm1000/brain-tumor-mri-scans/pituitary/0334.jpg,"/kaggle/input/datasets/souaadrahmoun/brnetval/Multi-Class Brain Tumor MRI Dataset Glioma, Health/Brain Cancer MRI Dataset/Brain Cancer MRI Dataset/Brain Cancer MRI Dataset/Pituitary Macroadenoma/127.jpg",Pituitary Macroadenoma,0
/kaggle/input/datasets/rm1000/brain-tumor-mri-scans/pituitary/0523.jpg,"/kaggle/input/datasets/souaadrahmoun/brnetval/Multi-Class Brain Tumor MRI Dataset Glioma, Health/Brain Cancer MRI Dataset/Brain Cancer MRI Dataset/Brain Cancer MRI Dataset/Pituitary Macroadenoma/165.jpg",Pituitary Macroadenoma,0
/kaggle/input/datasets/rm1000/brain-tumor-mri-scans/pituitary/1672.jpg,"/kaggle/input/datasets/souaadrahmoun/brnetval/Multi-Class Brain Tumor MRI Dataset Glioma, Health/Brain Cancer MRI Dataset/Brain Cancer MRI Dataset/Brain Cancer MRI Dataset/Pituitary Macroadenoma/128.jpg",Pituitary Macroadenoma,0
/kaggle/input/datasets/rm1000/brain-tumor-mri-scans/pituitary/0528.jpg,"/kaggle/input/datasets/souaadrahmoun/brnetval/Multi-Class Brain Tumor MRI Dataset Glioma, Health/Brain Cancer MRI Dataset/Brain Cancer MRI Dataset/Brain Cancer MRI Dataset/Pituitary Macroadenoma/258.jpg",Pituitary Macroadenoma,2
/kaggle/input/datasets/rm1000/brain-tumor-mri-scans/pituitary/0796.jpg,"/kaggle/input/datasets/souaadrahmoun/brnetval/Multi-Class Brain Tumor MRI Dataset Glioma, Health/Brain Cancer MRI Dataset/Brain Cancer MRI Dataset/Brain Cancer MRI Dataset/Pituitary Macroadenoma/51.jpg",Pituitary Macroadenoma,2
/kaggle/input/datasets/rm1000/brain-tumor-mri-scans/pituitary/0151.jpg,"/kaggle/input/datasets/souaadrahmoun/brnetval/Multi-Class Brain Tumor MRI Dataset Glioma, Health/Brain Cancer MRI Dataset/Brain Cancer MRI Dataset/Brain Cancer MRI Dataset/Pituitary Macroadenoma/65.jpg",Pituitary Macroadenoma,2
/kaggle/input/datasets/rm1000/brain-tumor-mri-scans/pituitary/0763.jpg,"/kaggle/input/datasets/souaadrahmoun/brnetval/Multi-Class Brain Tumor MRI Dataset Glioma, Health/Brain Cancer MRI Dataset/Brain Cancer MRI Dataset/Brain Cancer MRI Dataset/Pituitary Macroadenoma/30.jpg",Pituitary Macroadenoma,0
/kaggle/input/datasets/rm1000/brain-tumor-mri-scans/pituitary/0468.jpg,"/kaggle/input/datasets/souaadrahmoun/brnetval/Multi-Class Brain Tumor MRI Dataset Glioma, Health/Brain Cancer MRI Dataset/Brain Cancer MRI Dataset/Brain Cancer MRI Dataset/Pituitary Macroadenoma/15.jpg",Pituitary Macroadenoma,0
/kaggle/input/datasets/rm1000/brain-tumor-mri-scans/pituitary/1668.jpg,"/kaggle/input/datasets/souaadrahmoun/brnetval/Multi-Class Brain Tumor MRI Dataset Glioma, Health/Brain Cancer MRI Dataset/Brain Cancer MRI Dataset/Brain Cancer MRI Dataset/Pituitary Macroadenoma/98.jpg",Pituitary Macroadenoma,0
/kaggle/input/datasets/rm1000/brain-tumor-mri-scans/pituitary/0829.jpg,"/kaggle/input/datasets/souaadrahmoun/brnetval/Multi-Class Brain Tumor MRI Dataset Glioma, Health/Brain Cancer MRI Dataset/Brain Cancer MRI Dataset/Brain Cancer MRI Dataset/Pituitary Macroadenoma/93.jpg",Pituitary Macroadenoma,0
/kaggle/input/datasets/rm1000/brain-tumor-mri-scans/pituitary/1421.jpg,"/kaggle/input/datasets/souaadrahmoun/brnetval/Multi-Class Brain Tumor MRI Dataset Glioma, Health/Brain Cancer MRI Dataset/Brain Cancer MRI Dataset/Brain Cancer MRI Dataset/Pituitary Macroadenoma/299.jpg",Pituitary Macroadenoma,0
/kaggle/input/datasets/rm1000/brain-tumor-mri-scans/pituitary/1541.jpg,"/kaggle/input/datasets/souaadrahmoun/brnetval/Multi-Class Brain Tumor MRI Dataset Glioma, Health/Brain Cancer MRI Dataset/Brain Cancer MRI Dataset/Brain Cancer MRI Dataset/Pituitary Macroadenoma/70.jpg",Pituitary Macroadenoma,2
/kaggle/input/datasets/rm1000/brain-tumor-mri-scans/pituitary/1225.jpg,"/kaggle/input/datasets/souaadrahmoun/brnetval/Multi-Class Brain Tumor MRI Dataset Glioma, Health/Brain Cancer MRI Dataset/Brain Cancer MRI Dataset/Brain Cancer MRI Dataset/Pituitary Macroadenoma/41.jpg",Pituitary Macroadenoma,2
/kaggle/input/datasets/rm1000/brain-tumor-mri-scans/pituitary/1151.jpg,"/kaggle/input/datasets/souaadrahmoun/brnetval/Multi-Class Brain Tumor MRI Dataset Glioma, Health/Brain Cancer MRI Dataset/Brain Cancer MRI Dataset/Brain Cancer MRI Dataset/Pituitary Macroadenoma/36.jpg",Pituitary Macroadenoma,0
/kaggle/input/datasets/rm1000/brain-tumor-mri-scans/pituitary/1613.jpg,"/kaggle/input/datasets/souaadrahmoun/brnetval/Multi-Class Brain Tumor MRI Dataset Glioma, Health/Brain Cancer MRI Dataset/Brain Cancer MRI Dataset/Brain Cancer MRI Dataset/Pituitary Macroadenoma/77.jpg",Pituitary Macroadenoma,0
/kaggle/input/datasets/rm1000/brain-tumor-mri-scans/pituitary/0838.jpg,"/kaggle/input/datasets/souaadrahmoun/brnetval/Multi-Class Brain Tumor MRI Dataset Glioma, Health/Brain Cancer MRI Dataset/Brain Cancer MRI Dataset/Brain Cancer MRI Dataset/Pituitary Macroadenoma/35.jpg",Pituitary Macroadenoma,0
/kaggle/input/datasets/rm1000/brain-tumor-mri-scans/pituitary/1028.jpg,"/kaggle/input/datasets/souaadrahmoun/brnetval/Multi-Class Brain Tumor MRI Dataset Glioma, Health/Brain Cancer MRI Dataset/Brain Cancer MRI Dataset/Brain Cancer MRI Dataset/Pituitary Macroadenoma/71.jpg",Pituitary Macroadenoma,2
/kaggle/input/datasets/rm1000/brain-tumor-mri-scans/pituitary/0785.jpg,"/kaggle/input/datasets/souaadrahmoun/brnetval/Multi-Class Brain Tumor MRI Dataset Glioma, Health/Brain Cancer MRI Dataset/Brain Cancer MRI Dataset/Brain Cancer MRI Dataset/Pituitary Macroadenoma/74.jpg",Pituitary Macroadenoma,2
/kaggle/input/datasets/rm1000/brain-tumor-mri-scans/pituitary/0049.jpg,"/kaggle/input/datasets/souaadrahmoun/brnetval/Multi-Class Brain Tumor MRI Dataset Glioma, Health/Brain Cancer MRI Dataset/Brain Cancer MRI Dataset/Brain Cancer MRI Dataset/Pituitary Macroadenoma/189.jpg",Pituitary Macroadenoma,2
/kaggle/input/datasets/rm1000/brain-tumor-mri-scans/pituitary/0769.jpg,"/kaggle/input/datasets/souaadrahmoun/brnetval/Multi-Class Brain Tumor MRI Dataset Glioma, Health/Brain Cancer MRI Dataset/Brain Cancer MRI Dataset/Brain Cancer MRI Dataset/Pituitary Macroadenoma/279.jpg",Pituitary Macroadenoma,2
/kaggle/input/datasets/rm1000/brain-tumor-mri-scans/pituitary/0618.jpg,"/kaggle/input/datasets/souaadrahmoun/brnetval/Multi-Class Brain Tumor MRI Dataset Glioma, Health/Brain Cancer MRI Dataset/Brain Cancer MRI Dataset/Brain Cancer MRI Dataset/Pituitary Macroadenoma/79.jpg",Pituitary Macroadenoma,0
/kaggle/input/datasets/rm1000/brain-tumor-mri-scans/pituitary/1684.jpg,"/kaggle/input/datasets/souaadrahmoun/brnetval/Multi-Class Brain Tumor MRI Dataset Glioma, Health/Brain Cancer MRI Dataset/Brain Cancer MRI Dataset/Brain Cancer MRI Dataset/Pituitary Macroadenoma/240.jpg",Pituitary Macroadenoma,0
/kaggle/input/datasets/rm1000/brain-tumor-mri-scans/pituitary/1420.jpg,"/kaggle/input/datasets/souaadrahmoun/brnetval/Multi-Class Brain Tumor MRI Dataset Glioma, Health/Brain Cancer MRI Dataset/Brain Cancer MRI Dataset/Brain Cancer MRI Dataset/Pituitary Macroadenoma/73.jpg",Pituitary Macroadenoma,0
/kaggle/input/datasets/rm1000/brain-tumor-mri-scans/pituitary/0984.jpg,"/kaggle/input/datasets/souaadrahmoun/brnetval/Multi-Class Brain Tumor MRI Dataset Glioma, Health/Brain Cancer MRI Dataset/Brain Cancer MRI Dataset/Brain Cancer MRI Dataset/Pituitary Macroadenoma/138.jpg",Pituitary Macroadenoma,0
/kaggle/input/datasets/rm1000/brain-tumor-mri-scans/pituitary/1022.jpg,"/kaggle/input/datasets/souaadrahmoun/brnetval/Multi-Class Brain Tumor MRI Dataset Glioma, Health/Brain Cancer MRI Dataset/Brain Cancer MRI Dataset/Brain Cancer MRI Dataset/Pituitary Macroadenoma/261.jpg",Pituitary Macroadenoma,0
/kaggle/input/datasets/rm1000/brain-tumor-mri-scans/pituitary/1247.jpg,"/kaggle/input/datasets/souaadrahmoun/brnetval/Multi-Class Brain Tumor MRI Dataset Glioma, Health/Brain Cancer MRI Dataset/Brain Cancer MRI Dataset/Brain Cancer MRI Dataset/Pituitary Macroadenoma/13.jpg",Pituitary Macroadenoma,0
/kaggle/input/datasets/rm1000/brain-tumor-mri-scans/pituitary/1326.jpg,"/kaggle/input/datasets/souaadrahmoun/brnetval/Multi-Class Brain Tumor MRI Dataset Glioma, Health/Brain Cancer MRI Dataset/Brain Cancer MRI Dataset/Brain Cancer MRI Dataset/Pituitary Macroadenoma/132.jpg",Pituitary Macroadenoma,0
/kaggle/input/datasets/rm1000/brain-tumor-mri-scans/pituitary/0869.jpg,"/kaggle/input/datasets/souaadrahmoun/brnetval/Multi-Class Brain Tumor MRI Dataset Glioma, Health/Brain Cancer MRI Dataset/Brain Cancer MRI Dataset/Brain Cancer MRI Dataset/Pituitary Macroadenoma/270.jpg",Pituitary Macroadenoma,2
/kaggle/input/datasets/rm1000/brain-tumor-mri-scans/pituitary/1238.jpg,"/kaggle/input/datasets/souaadrahmoun/brnetval/Multi-Class Brain Tumor MRI Dataset Glioma, Health/Brain Cancer MRI Dataset/Brain Cancer MRI Dataset/Brain Cancer MRI Dataset/Pituitary Macroadenoma/271.jpg",Pituitary Macroadenoma,0
/kaggle/input/datasets/rm1000/brain-tumor-mri-scans/pituitary/0832.jpg,"/kaggle/input/datasets/souaadrahmoun/brnetval/Multi-Class Brain Tumor MRI Dataset Glioma, Health/Brain Cancer MRI Dataset/Brain Cancer MRI Dataset/Brain Cancer MRI Dataset/Pituitary Macroadenoma/235.jpg",Pituitary Macroadenoma,2
/kaggle/input/datasets/rm1000/brain-tumor-mri-scans/pituitary/0172.jpg,"/kaggle/input/datasets/souaadrahmoun/brnetval/Multi-Class Brain Tumor MRI Dataset Glioma, Health/Brain Cancer MRI Dataset/Brain Cancer MRI Dataset/Brain Cancer MRI Dataset/Pituitary Macroadenoma/37.jpg",Pituitary Macroadenoma,0
/kaggle/input/datasets/rm1000/brain-tumor-mri-scans/pituitary/1616.jpg,"/kaggle/input/datasets/souaadrahmoun/brnetval/Multi-Class Brain Tumor MRI Dataset Glioma, Health/Brain Cancer MRI Dataset/Brain Cancer MRI Dataset/Brain Cancer MRI Dataset/Pituitary Macroadenoma/111.jpg",Pituitary Macroadenoma,2
/kaggle/input/datasets/rm1000/brain-tumor-mri-scans/pituitary/0913.jpg,"/kaggle/input/datasets/souaadrahmoun/brnetval/Multi-Class Brain Tumor MRI Dataset Glioma, Health/Brain Cancer MRI Dataset/Brain Cancer MRI Dataset/Brain Cancer MRI Dataset/Pituitary Macroadenoma/199.jpg",Pituitary Macroadenoma,0
/kaggle/input/datasets/rm1000/brain-tumor-mri-scans/pituitary/0083.jpg,"/kaggle/input/datasets/souaadrahmoun/brnetval/Multi-Class Brain Tumor MRI Dataset Glioma, Health/Brain Cancer MRI Dataset/Brain Cancer MRI Dataset/Brain Cancer MRI Dataset/Pituitary Macroadenoma/72.jpg",Pituitary Macroadenoma,0
/kaggle/input/datasets/rm1000/brain-tumor-mri-scans/pituitary/1189.jpg,"/kaggle/input/datasets/souaadrahmoun/brnetval/Multi-Class Brain Tumor MRI Dataset Glioma, Health/Brain Cancer MRI Dataset/Brain Cancer MRI Dataset/Brain Cancer MRI Dataset/Pituitary Macroadenoma/49.jpg",Pituitary Macroadenoma,0
/kaggle/input/datasets/rm1000/brain-tumor-mri-scans/pituitary/1627.jpg,"/kaggle/input/datasets/souaadrahmoun/brnetval/Multi-Class Brain Tumor MRI Dataset Glioma, Health/Brain Cancer MRI Dataset/Brain Cancer MRI Dataset/Brain Cancer MRI Dataset/Pituitary Macroadenoma/1.jpg",Pituitary Macroadenoma,2
/kaggle/input/datasets/rm1000/brain-tumor-mri-scans/pituitary/0043.jpg,"/kaggle/input/datasets/souaadrahmoun/brnetval/Multi-Class Brain Tumor MRI Dataset Glioma, Health/Brain Cancer MRI Dataset/Brain Cancer MRI Dataset/Brain Cancer MRI Dataset/Pituitary Macroadenoma/96.jpg",Pituitary Macroadenoma,2
/kaggle/input/datasets/rm1000/brain-tumor-mri-scans/pituitary/1214.jpg,"/kaggle/input/datasets/souaadrahmoun/brnetval/Multi-Class Brain Tumor MRI Dataset Glioma, Health/Brain Cancer MRI Dataset/Brain Cancer MRI Dataset/Brain Cancer MRI Dataset/Pituitary Macroadenoma/114.jpg",Pituitary Macroadenoma,2
/kaggle/input/datasets/rm1000/brain-tumor-mri-scans/pituitary/0470.jpg,"/kaggle/input/datasets/souaadrahmoun/brnetval/Multi-Class Brain Tumor MRI Dataset Glioma, Health/Brain Cancer MRI Dataset/Brain Cancer MRI Dataset/Brain Cancer MRI Dataset/Pituitary Macroadenoma/267.jpg",Pituitary Macroadenoma,0
/kaggle/input/datasets/rm1000/brain-tumor-mri-scans/pituitary/0940.jpg,"/kaggle/input/datasets/souaadrahmoun/brnetval/Multi-Class Brain Tumor MRI Dataset Glioma, Health/Brain Cancer MRI Dataset/Brain Cancer MRI Dataset/Brain Cancer MRI Dataset/Pituitary Macroadenoma/167.jpg",Pituitary Macroadenoma,0
/kaggle/input/datasets/rm1000/brain-tumor-mri-scans/pituitary/1198.jpg,"/kaggle/input/datasets/souaadrahmoun/brnetval/Multi-Class Brain Tumor MRI Dataset Glioma, Health/Brain Cancer MRI Dataset/Brain Cancer MRI Dataset/Brain Cancer MRI Dataset/Pituitary Macroadenoma/52.jpg",Pituitary Macroadenoma,4
/kaggle/input/datasets/rm1000/brain-tumor-mri-scans/pituitary/1414.jpg,"/kaggle/input/datasets/souaadrahmoun/brnetval/Multi-Class Brain Tumor MRI Dataset Glioma, Health/Brain Cancer MRI Dataset/Brain Cancer MRI Dataset/Brain Cancer MRI Dataset/Pituitary Macroadenoma/256.jpg",Pituitary Macroadenoma,0
/kaggle/input/datasets/rm1000/brain-tumor-mri-scans/pituitary/0907.jpg,"/kaggle/input/datasets/souaadrahmoun/brnetval/Multi-Class Brain Tumor MRI Dataset Glioma, Health/Brain Cancer MRI Dataset/Brain Cancer MRI Dataset/Brain Cancer MRI Dataset/Pituitary Macroadenoma/242.jpg",Pituitary Macroadenoma,0
/kaggle/input/datasets/rm1000/brain-tumor-mri-scans/pituitary/1696.jpg,"/kaggle/input/datasets/souaadrahmoun/brnetval/Multi-Class Brain Tumor MRI Dataset Glioma, Health/Brain Cancer MRI Dataset/Brain Cancer MRI Dataset/Brain Cancer MRI Dataset/Pituitary Macroadenoma/285.jpg",Pituitary Macroadenoma,0
/kaggle/input/datasets/rm1000/brain-tumor-mri-scans/pituitary/1314.jpg,"/kaggle/input/datasets/souaadrahmoun/brnetval/Multi-Class Brain Tumor MRI Dataset Glioma, Health/Brain Cancer MRI Dataset/Brain Cancer MRI Dataset/Brain Cancer MRI Dataset/Pituitary Macroadenoma/297.jpg",Pituitary Macroadenoma,0
/kaggle/input/datasets/rm1000/brain-tumor-mri-scans/pituitary/0352.jpg,"/kaggle/input/datasets/souaadrahmoun/brnetval/Multi-Class Brain Tumor MRI Dataset Glioma, Health/Brain Cancer MRI Dataset/Brain Cancer MRI Dataset/Brain Cancer MRI Dataset/Pituitary Macroadenoma/248.jpg",Pituitary Macroadenoma,2
/kaggle/input/datasets/rm1000/brain-tumor-mri-scans/pituitary/1386.jpg,"/kaggle/input/datasets/souaadrahmoun/brnetval/Multi-Class Brain Tumor MRI Dataset Glioma, Health/Brain Cancer MRI Dataset/Brain Cancer MRI Dataset/Brain Cancer MRI Dataset/Pituitary Macroadenoma/227.jpg",Pituitary Macroadenoma,2
/kaggle/input/datasets/rm1000/brain-tumor-mri-scans/pituitary/0516.jpg,"/kaggle/input/datasets/souaadrahmoun/brnetval/Multi-Class Brain Tumor MRI Dataset Glioma, Health/Brain Cancer MRI Dataset/Brain Cancer MRI Dataset/Brain Cancer MRI Dataset/Pituitary Macroadenoma/264.jpg",Pituitary Macroadenoma,2
/kaggle/input/datasets/rm1000/brain-tumor-mri-scans/pituitary/0081.jpg,"/kaggle/input/datasets/souaadrahmoun/brnetval/Multi-Class Brain Tumor MRI Dataset Glioma, Health/Brain Cancer MRI Dataset/Brain Cancer MRI Dataset/Brain Cancer MRI Dataset/Pituitary Macroadenoma/89.jpg",Pituitary Macroadenoma,0
/kaggle/input/datasets/rm1000/brain-tumor-mri-scans/pituitary/0665.jpg,"/kaggle/input/datasets/souaadrahmoun/brnetval/Multi-Class Brain Tumor MRI Dataset Glioma, Health/Brain Cancer MRI Dataset/Brain Cancer MRI Dataset/Brain Cancer MRI Dataset/Pituitary Macroadenoma/91.jpg",Pituitary Macroadenoma,0
/kaggle/input/datasets/rm1000/brain-tumor-mri-scans/pituitary/0321.jpg,"/kaggle/input/datasets/souaadrahmoun/brnetval/Multi-Class Brain Tumor MRI Dataset Glioma, Health/Brain Cancer MRI Dataset/Brain Cancer MRI Dataset/Brain Cancer MRI Dataset/Pituitary Macroadenoma/21.jpg",Pituitary Macroadenoma,0
/kaggle/input/datasets/rm1000/brain-tumor-mri-scans/pituitary/1104.jpg,"/kaggle/input/datasets/souaadrahmoun/brnetval/Multi-Class Brain Tumor MRI Dataset Glioma, Health/Brain Cancer MRI Dataset/Brain Cancer MRI Dataset/Brain Cancer MRI Dataset/Pituitary Macroadenoma/182.jpg",Pituitary Macroadenoma,0
/kaggle/input/datasets/rm1000/brain-tumor-mri-scans/pituitary/1370.jpg,"/kaggle/input/datasets/souaadrahmoun/brnetval/Multi-Class Brain Tumor MRI Dataset Glioma, Health/Brain Cancer MRI Dataset/Brain Cancer MRI Dataset/Brain Cancer MRI Dataset/Pituitary Macroadenoma/300.jpg",Pituitary Macroadenoma,0
/kaggle/input/datasets/rm1000/brain-tumor-mri-scans/pituitary/0059.jpg,"/kaggle/input/datasets/souaadrahmoun/brnetval/Multi-Class Brain Tumor MRI Dataset Glioma, Health/Brain Cancer MRI Dataset/Brain Cancer MRI Dataset/Brain Cancer MRI Dataset/Pituitary Macroadenoma/266.jpg",Pituitary Macroadenoma,0
/kaggle/input/datasets/rm1000/brain-tumor-mri-scans/pituitary/1260.jpg,"/kaggle/input/datasets/souaadrahmoun/brnetval/Multi-Class Brain Tumor MRI Dataset Glioma, Health/Brain Cancer MRI Dataset/Brain Cancer MRI Dataset/Brain Cancer MRI Dataset/Pituitary Macroadenoma/206.jpg",Pituitary Macroadenoma,2
/kaggle/input/datasets/rm1000/brain-tumor-mri-scans/pituitary/1273.jpg,"/kaggle/input/datasets/souaadrahmoun/brnetval/Multi-Class Brain Tumor MRI Dataset Glioma, Health/Brain Cancer MRI Dataset/Brain Cancer MRI Dataset/Brain Cancer MRI Dataset/Pituitary Macroadenoma/61.jpg",Pituitary Macroadenoma,0
/kaggle/input/datasets/rm1000/brain-tumor-mri-scans/pituitary/0477.jpg,"/kaggle/input/datasets/souaadrahmoun/brnetval/Multi-Class Brain Tumor MRI Dataset Glioma, Health/Brain Cancer MRI Dataset/Brain Cancer MRI Dataset/Brain Cancer MRI Dataset/Pituitary Macroadenoma/24.jpg",Pituitary Macroadenoma,0
/kaggle/input/datasets/rm1000/brain-tumor-mri-scans/pituitary/1319.jpg,"/kaggle/input/datasets/souaadrahmoun/brnetval/Multi-Class Brain Tumor MRI Dataset Glioma, Health/Brain Cancer MRI Dataset/Brain Cancer MRI Dataset/Brain Cancer MRI Dataset/Pituitary Macroadenoma/146.jpg",Pituitary Macroadenoma,2
/kaggle/input/datasets/rm1000/brain-tumor-mri-scans/pituitary/1586.jpg,"/kaggle/input/datasets/souaadrahmoun/brnetval/Multi-Class Brain Tumor MRI Dataset Glioma, Health/Brain Cancer MRI Dataset/Brain Cancer MRI Dataset/Brain Cancer MRI Dataset/Pituitary Macroadenoma/280.jpg",Pituitary Macroadenoma,2
/kaggle/input/datasets/rm1000/brain-tumor-mri-scans/pituitary/1175.jpg,"/kaggle/input/datasets/souaadrahmoun/brnetval/Multi-Class Brain Tumor MRI Dataset Glioma, Health/Brain Cancer MRI Dataset/Brain Cancer MRI Dataset/Brain Cancer MRI Dataset/Pituitary Macroadenoma/80.jpg",Pituitary Macroadenoma,0
/kaggle/input/datasets/rm1000/brain-tumor-mri-scans/pituitary/1435.jpg,"/kaggle/input/datasets/souaadrahmoun/brnetval/Multi-Class Brain Tumor MRI Dataset Glioma, Health/Brain Cancer MRI Dataset/Brain Cancer MRI Dataset/Brain Cancer MRI Dataset/Pituitary Macroadenoma/57.jpg",Pituitary Macroadenoma,0
/kaggle/input/datasets/rm1000/brain-tumor-mri-scans/pituitary/0204.jpg,"/kaggle/input/datasets/souaadrahmoun/brnetval/Multi-Class Brain Tumor MRI Dataset Glioma, Health/Brain Cancer MRI Dataset/Brain Cancer MRI Dataset/Brain Cancer MRI Dataset/Pituitary Macroadenoma/292.jpg",Pituitary Macroadenoma,2
/kaggle/input/datasets/rm1000/brain-tumor-mri-scans/pituitary/1006.jpg,"/kaggle/input/datasets/souaadrahmoun/brnetval/Multi-Class Brain Tumor MRI Dataset Glioma, Health/Brain Cancer MRI Dataset/Brain Cancer MRI Dataset/Brain Cancer MRI Dataset/Pituitary Macroadenoma/224.jpg",Pituitary Macroadenoma,0
/kaggle/input/datasets/rm1000/brain-tumor-mri-scans/pituitary/0692.jpg,"/kaggle/input/datasets/souaadrahmoun/brnetval/Multi-Class Brain Tumor MRI Dataset Glioma, Health/Brain Cancer MRI Dataset/Brain Cancer MRI Dataset/Brain Cancer MRI Dataset/Pituitary Macroadenoma/262.jpg",Pituitary Macroadenoma,2
/kaggle/input/datasets/rm1000/brain-tumor-mri-scans/pituitary/0930.jpg,"/kaggle/input/datasets/souaadrahmoun/brnetval/Multi-Class Brain Tumor MRI Dataset Glioma, Health/Brain Cancer MRI Dataset/Brain Cancer MRI Dataset/Brain Cancer MRI Dataset/Pituitary Macroadenoma/225.jpg",Pituitary Macroadenoma,0
/kaggle/input/datasets/rm1000/brain-tumor-mri-scans/pituitary/0903.jpg,"/kaggle/input/datasets/souaadrahmoun/brnetval/Multi-Class Brain Tumor MRI Dataset Glioma, Health/Brain Cancer MRI Dataset/Brain Cancer MRI Dataset/Brain Cancer MRI Dataset/Pituitary Macroadenoma/217.jpg",Pituitary Macroadenoma,0
/kaggle/input/datasets/rm1000/brain-tumor-mri-scans/pituitary/1007.jpg,"/kaggle/input/datasets/souaadrahmoun/brnetval/Multi-Class Brain Tumor MRI Dataset Glioma, Health/Brain Cancer MRI Dataset/Brain Cancer MRI Dataset/Brain Cancer MRI Dataset/Pituitary Macroadenoma/149.jpg",Pituitary Macroadenoma,0
/kaggle/input/datasets/rm1000/brain-tumor-mri-scans/pituitary/0793.jpg,"/kaggle/input/datasets/souaadrahmoun/brnetval/Multi-Class Brain Tumor MRI Dataset Glioma, Health/Brain Cancer MRI Dataset/Brain Cancer MRI Dataset/Brain Cancer MRI Dataset/Pituitary Macroadenoma/81.jpg",Pituitary Macroadenoma,2
/kaggle/input/datasets/rm1000/brain-tumor-mri-scans/pituitary/1027.jpg,"/kaggle/input/datasets/souaadrahmoun/brnetval/Multi-Class Brain Tumor MRI Dataset Glioma, Health/Brain Cancer MRI Dataset/Brain Cancer MRI Dataset/Brain Cancer MRI Dataset/Pituitary Macroadenoma/59.jpg",Pituitary Macroadenoma,2
/kaggle/input/datasets/rm1000/brain-tumor-mri-scans/pituitary/1228.jpg,"/kaggle/input/datasets/souaadrahmoun/brnetval/Multi-Class Brain Tumor MRI Dataset Glioma, Health/Brain Cancer MRI Dataset/Brain Cancer MRI Dataset/Brain Cancer MRI Dataset/Pituitary Macroadenoma/48.jpg",Pituitary Macroadenoma,0
/kaggle/input/datasets/rm1000/brain-tumor-mri-scans/pituitary/0860.jpg,"/kaggle/input/datasets/souaadrahmoun/brnetval/Multi-Class Brain Tumor MRI Dataset Glioma, Health/Brain Cancer MRI Dataset/Brain Cancer MRI Dataset/Brain Cancer MRI Dataset/Pituitary Macroadenoma/10.jpg",Pituitary Macroadenoma,0
/kaggle/input/datasets/rm1000/brain-tumor-mri-scans/pituitary/0522.jpg,"/kaggle/input/datasets/souaadrahmoun/brnetval/Multi-Class Brain Tumor MRI Dataset Glioma, Health/Brain Cancer MRI Dataset/Brain Cancer MRI Dataset/Brain Cancer MRI Dataset/Pituitary Macroadenoma/23.jpg",Pituitary Macroadenoma,0
/kaggle/input/datasets/rm1000/brain-tumor-mri-scans/pituitary/0993.jpg,"/kaggle/input/datasets/souaadrahmoun/brnetval/Multi-Class Brain Tumor MRI Dataset Glioma, Health/Brain Cancer MRI Dataset/Brain Cancer MRI Dataset/Brain Cancer MRI Dataset/Pituitary Macroadenoma/46.jpg",Pituitary Macroadenoma,2
/kaggle/input/datasets/rm1000/brain-tumor-mri-scans/pituitary/1137.jpg,"/kaggle/input/datasets/souaadrahmoun/brnetval/Multi-Class Brain Tumor MRI Dataset Glioma, Health/Brain Cancer MRI Dataset/Brain Cancer MRI Dataset/Brain Cancer MRI Dataset/Pituitary Macroadenoma/134.jpg",Pituitary Macroadenoma,0
/kaggle/input/datasets/rm1000/brain-tumor-mri-scans/pituitary/0166.jpg,"/kaggle/input/datasets/souaadrahmoun/brnetval/Multi-Class Brain Tumor MRI Dataset Glioma, Health/Brain Cancer MRI Dataset/Brain Cancer MRI Dataset/Brain Cancer MRI Dataset/Pituitary Macroadenoma/44.jpg",Pituitary Macroadenoma,2
/kaggle/input/datasets/rm1000/brain-tumor-mri-scans/pituitary/0982.jpg,"/kaggle/input/datasets/souaadrahmoun/brnetval/Multi-Class Brain Tumor MRI Dataset Glioma, Health/Brain Cancer MRI Dataset/Brain Cancer MRI Dataset/Brain Cancer MRI Dataset/Pituitary Macroadenoma/187.jpg",Pituitary Macroadenoma,2
/kaggle/input/datasets/rm1000/brain-tumor-mri-scans/pituitary/0792.jpg,"/kaggle/input/datasets/souaadrahmoun/brnetval/Multi-Class Brain Tumor MRI Dataset Glioma, Health/Brain Cancer MRI Dataset/Brain Cancer MRI Dataset/Brain Cancer MRI Dataset/Pituitary Macroadenoma/12.jpg",Pituitary Macroadenoma,0
/kaggle/input/datasets/rm1000/brain-tumor-mri-scans/pituitary/0461.jpg,"/kaggle/input/datasets/souaadrahmoun/brnetval/Multi-Class Brain Tumor MRI Dataset Glioma, Health/Brain Cancer MRI Dataset/Brain Cancer MRI Dataset/Brain Cancer MRI Dataset/Pituitary Macroadenoma/185.jpg",Pituitary Macroadenoma,2
/kaggle/input/datasets/rm1000/brain-tumor-mri-scans/pituitary/0929.jpg,"/kaggle/input/datasets/souaadrahmoun/brnetval/Multi-Class Brain Tumor MRI Dataset Glioma, Health/Brain Cancer MRI Dataset/Brain Cancer MRI Dataset/Brain Cancer MRI Dataset/Pituitary Macroadenoma/25.jpg",Pituitary Macroadenoma,2
/kaggle/input/datasets/rm1000/brain-tumor-mri-scans/pituitary/0885.jpg,"/kaggle/input/datasets/souaadrahmoun/brnetval/Multi-Class Brain Tumor MRI Dataset Glioma, Health/Brain Cancer MRI Dataset/Brain Cancer MRI Dataset/Brain Cancer MRI Dataset/Pituitary Macroadenoma/274.jpg",Pituitary Macroadenoma,0
/kaggle/input/datasets/rm1000/brain-tumor-mri-scans/pituitary/1059.jpg,"/kaggle/input/datasets/souaadrahmoun/brnetval/Multi-Class Brain Tumor MRI Dataset Glioma, Health/Brain Cancer MRI Dataset/Brain Cancer MRI Dataset/Brain Cancer MRI Dataset/Pituitary Macroadenoma/62.jpg",Pituitary Macroadenoma,0
/kaggle/input/datasets/rm1000/brain-tumor-mri-scans/pituitary/0251.jpg,"/kaggle/input/datasets/souaadrahmoun/brnetval/Multi-Class Brain Tumor MRI Dataset Glioma, Health/Brain Cancer MRI Dataset/Brain Cancer MRI Dataset/Brain Cancer MRI Dataset/Pituitary Macroadenoma/69.jpg",Pituitary Macroadenoma,2
/kaggle/input/datasets/rm1000/brain-tumor-mri-scans/pituitary/1637.jpg,"/kaggle/input/datasets/souaadrahmoun/brnetval/Multi-Class Brain Tumor MRI Dataset Glioma, Health/Brain Cancer MRI Dataset/Brain Cancer MRI Dataset/Brain Cancer MRI Dataset/Pituitary Macroadenoma/216.jpg",Pituitary Macroadenoma,0
/kaggle/input/datasets/rm1000/brain-tumor-mri-scans/pituitary/0736.jpg,"/kaggle/input/datasets/souaadrahmoun/brnetval/Multi-Class Brain Tumor MRI Dataset Glioma, Health/Brain Cancer MRI Dataset/Brain Cancer MRI Dataset/Brain Cancer MRI Dataset/Pituitary Macroadenoma/103.jpg",Pituitary Macroadenoma,0
/kaggle/input/datasets/rm1000/brain-tumor-mri-scans/pituitary/1588.jpg,"/kaggle/input/datasets/souaadrahmoun/brnetval/Multi-Class Brain Tumor MRI Dataset Glioma, Health/Brain Cancer MRI Dataset/Brain Cancer MRI Dataset/Brain Cancer MRI Dataset/Pituitary Macroadenoma/265.jpg",Pituitary Macroadenoma,2
/kaggle/input/datasets/rm1000/brain-tumor-mri-scans/pituitary/1301.jpg,"/kaggle/input/datasets/souaadrahmoun/brnetval/Multi-Class Brain Tumor MRI Dataset Glioma, Health/Brain Cancer MRI Dataset/Brain Cancer MRI Dataset/Brain Cancer MRI Dataset/Pituitary Macroadenoma/122.jpg",Pituitary Macroadenoma,2
/kaggle/input/datasets/rm1000/brain-tumor-mri-scans/pituitary/1063.jpg,"/kaggle/input/datasets/souaadrahmoun/brnetval/Multi-Class Brain Tumor MRI Dataset Glioma, Health/Brain Cancer MRI Dataset/Brain Cancer MRI Dataset/Brain Cancer MRI Dataset/Pituitary Macroadenoma/2.jpg",Pituitary Macroadenoma,0
/kaggle/input/datasets/rm1000/brain-tumor-mri-scans/pituitary/0689.jpg,"/kaggle/input/datasets/souaadrahmoun/brnetval/Multi-Class Brain Tumor MRI Dataset Glioma, Health/Brain Cancer MRI Dataset/Brain Cancer MRI Dataset/Brain Cancer MRI Dataset/Pituitary Macroadenoma/272.jpg",Pituitary Macroadenoma,2
/kaggle/input/datasets/rm1000/brain-tumor-mri-scans/pituitary/0472.jpg,"/kaggle/input/datasets/souaadrahmoun/brnetval/Multi-Class Brain Tumor MRI Dataset Glioma, Health/Brain Cancer MRI Dataset/Brain Cancer MRI Dataset/Brain Cancer MRI Dataset/Pituitary Macroadenoma/164.jpg",Pituitary Macroadenoma,0
/kaggle/input/datasets/rm1000/brain-tumor-mri-scans/pituitary/1103.jpg,"/kaggle/input/datasets/souaadrahmoun/brnetval/Multi-Class Brain Tumor MRI Dataset Glioma, Health/Brain Cancer MRI Dataset/Brain Cancer MRI Dataset/Brain Cancer MRI Dataset/Pituitary Macroadenoma/120.jpg",Pituitary Macroadenoma,0
/kaggle/input/datasets/rm1000/brain-tumor-mri-scans/pituitary/1207.jpg,"/kaggle/input/datasets/souaadrahmoun/brnetval/Multi-Class Brain Tumor MRI Dataset Glioma, Health/Brain Cancer MRI Dataset/Brain Cancer MRI Dataset/Brain Cancer MRI Dataset/Pituitary Macroadenoma/83.jpg",Pituitary Macroadenoma,0
/kaggle/input/datasets/rm1000/brain-tumor-mri-scans/pituitary/1645.jpg,"/kaggle/input/datasets/souaadrahmoun/brnetval/Multi-Class Brain Tumor MRI Dataset Glioma, Health/Brain Cancer MRI Dataset/Brain Cancer MRI Dataset/Brain Cancer MRI Dataset/Pituitary Macroadenoma/190.jpg",Pituitary Macroadenoma,2
/kaggle/input/datasets/rm1000/brain-tumor-mri-scans/pituitary/0112.jpg,"/kaggle/input/datasets/souaadrahmoun/brnetval/Multi-Class Brain Tumor MRI Dataset Glioma, Health/Brain Cancer MRI Dataset/Brain Cancer MRI Dataset/Brain Cancer MRI Dataset/Pituitary Macroadenoma/249.jpg",Pituitary Macroadenoma,0
/kaggle/input/datasets/rm1000/brain-tumor-mri-scans/pituitary/1272.jpg,"/kaggle/input/datasets/souaadrahmoun/brnetval/Multi-Class Brain Tumor MRI Dataset Glioma, Health/Brain Cancer MRI Dataset/Brain Cancer MRI Dataset/Brain Cancer MRI Dataset/Pituitary Macroadenoma/269.jpg",Pituitary Macroadenoma,2
/kaggle/input/datasets/rm1000/brain-tumor-mri-scans/pituitary/1215.jpg,"/kaggle/input/datasets/souaadrahmoun/brnetval/Multi-Class Brain Tumor MRI Dataset Glioma, Health/Brain Cancer MRI Dataset/Brain Cancer MRI Dataset/Brain Cancer MRI Dataset/Pituitary Macroadenoma/143.jpg",Pituitary Macroadenoma,0
/kaggle/input/datasets/rm1000/brain-tumor-mri-scans/pituitary/0683.jpg,"/kaggle/input/datasets/souaadrahmoun/brnetval/Multi-Class Brain Tumor MRI Dataset Glioma, Health/Brain Cancer MRI Dataset/Brain Cancer MRI Dataset/Brain Cancer MRI Dataset/Pituitary Macroadenoma/47.jpg",Pituitary Macroadenoma,2
/kaggle/input/datasets/rm1000/brain-tumor-mri-scans/pituitary/0971.jpg,"/kaggle/input/datasets/souaadrahmoun/brnetval/Multi-Class Brain Tumor MRI Dataset Glioma, Health/Brain Cancer MRI Dataset/Brain Cancer MRI Dataset/Brain Cancer MRI Dataset/Pituitary Macroadenoma/296.jpg",Pituitary Macroadenoma,0
/kaggle/input/datasets/rm1000/brain-tumor-mri-scans/pituitary/0322.jpg,"/kaggle/input/datasets/souaadrahmoun/brnetval/Multi-Class Brain Tumor MRI Dataset Glioma, Health/Brain Cancer MRI Dataset/Brain Cancer MRI Dataset/Brain Cancer MRI Dataset/Pituitary Macroadenoma/231.jpg",Pituitary Macroadenoma,0
/kaggle/input/datasets/rm1000/brain-tumor-mri-scans/pituitary/0677.jpg,"/kaggle/input/datasets/souaadrahmoun/brnetval/Multi-Class Brain Tumor MRI Dataset Glioma, Health/Brain Cancer MRI Dataset/Brain Cancer MRI Dataset/Brain Cancer MRI Dataset/Pituitary Macroadenoma/281.jpg",Pituitary Macroadenoma,0
/kaggle/input/datasets/rm1000/brain-tumor-mri-scans/pituitary/0414.jpg,"/kaggle/input/datasets/souaadrahmoun/brnetval/Multi-Class Brain Tumor MRI Dataset Glioma, Health/Brain Cancer MRI Dataset/Brain Cancer MRI Dataset/Brain Cancer MRI Dataset/Pituitary Macroadenoma/170.jpg",Pituitary Macroadenoma,0
/kaggle/input/datasets/rm1000/brain-tumor-mri-scans/pituitary/0783.jpg,"/kaggle/input/datasets/souaadrahmoun/brnetval/Multi-Class Brain Tumor MRI Dataset Glioma, Health/Brain Cancer MRI Dataset/Brain Cancer MRI Dataset/Brain Cancer MRI Dataset/Pituitary Macroadenoma/135.jpg",Pituitary Macroadenoma,0
/kaggle/input/datasets/rm1000/brain-tumor-mri-scans/pituitary/1110.jpg,"/kaggle/input/datasets/souaadrahmoun/brnetval/Multi-Class Brain Tumor MRI Dataset Glioma, Health/Brain Cancer MRI Dataset/Brain Cancer MRI Dataset/Brain Cancer MRI Dataset/Pituitary Macroadenoma/213.jpg",Pituitary Macroadenoma,0
/kaggle/input/datasets/rm1000/brain-tumor-mri-scans/pituitary/0911.jpg,"/kaggle/input/datasets/souaadrahmoun/brnetval/Multi-Class Brain Tumor MRI Dataset Glioma, Health/Brain Cancer MRI Dataset/Brain Cancer MRI Dataset/Brain Cancer MRI Dataset/Pituitary Macroadenoma/159.jpg",Pituitary Macroadenoma,0
/kaggle/input/datasets/rm1000/brain-tumor-mri-scans/pituitary/1412.jpg,"/kaggle/input/datasets/souaadrahmoun/brnetval/Multi-Class Brain Tumor MRI Dataset Glioma, Health/Brain Cancer MRI Dataset/Brain Cancer MRI Dataset/Brain Cancer MRI Dataset/Pituitary Macroadenoma/11.jpg",Pituitary Macroadenoma,0
/kaggle/input/datasets/rm1000/brain-tumor-mri-scans/pituitary/1622.jpg,"/kaggle/input/datasets/souaadrahmoun/brnetval/Multi-Class Brain Tumor MRI Dataset Glioma, Health/Brain Cancer MRI Dataset/Brain Cancer MRI Dataset/Brain Cancer MRI Dataset/Pituitary Macroadenoma/64.jpg",Pituitary Macroadenoma,0
/kaggle/input/datasets/rm1000/brain-tumor-mri-scans/pituitary/1117.jpg,"/kaggle/input/datasets/souaadrahmoun/brnetval/Multi-Class Brain Tumor MRI Dataset Glioma, Health/Brain Cancer MRI Dataset/Brain Cancer MRI Dataset/Brain Cancer MRI Dataset/Pituitary Macroadenoma/33.jpg",Pituitary Macroadenoma,0
/kaggle/input/datasets/rm1000/brain-tumor-mri-scans/pituitary/1433.jpg,"/kaggle/input/datasets/souaadrahmoun/brnetval/Multi-Class Brain Tumor MRI Dataset Glioma, Health/Brain Cancer MRI Dataset/Brain Cancer MRI Dataset/Brain Cancer MRI Dataset/Pituitary Macroadenoma/4.jpg",Pituitary Macroadenoma,2
/kaggle/input/datasets/rm1000/brain-tumor-mri-scans/pituitary/1128.jpg,"/kaggle/input/datasets/souaadrahmoun/brnetval/Multi-Class Brain Tumor MRI Dataset Glioma, Health/Brain Cancer MRI Dataset/Brain Cancer MRI Dataset/Brain Cancer MRI Dataset/Pituitary Macroadenoma/166.jpg",Pituitary Macroadenoma,2
/kaggle/input/datasets/rm1000/brain-tumor-mri-scans/pituitary/0012.jpg,"/kaggle/input/datasets/souaadrahmoun/brnetval/Multi-Class Brain Tumor MRI Dataset Glioma, Health/Brain Cancer MRI Dataset/Brain Cancer MRI Dataset/Brain Cancer MRI Dataset/Pituitary Macroadenoma/28.jpg",Pituitary Macroadenoma,0
/kaggle/input/datasets/rm1000/brain-tumor-mri-scans/pituitary/1408.jpg,"/kaggle/input/datasets/souaadrahmoun/brnetval/Multi-Class Brain Tumor MRI Dataset Glioma, Health/Brain Cancer MRI Dataset/Brain Cancer MRI Dataset/Brain Cancer MRI Dataset/Pituitary Macroadenoma/276.jpg",Pituitary Macroadenoma,4
/kaggle/input/datasets/rm1000/brain-tumor-mri-scans/pituitary/0326.jpg,"/kaggle/input/datasets/souaadrahmoun/brnetval/Multi-Class Brain Tumor MRI Dataset Glioma, Health/Brain Cancer MRI Dataset/Brain Cancer MRI Dataset/Brain Cancer MRI Dataset/Pituitary Macroadenoma/3.jpg",Pituitary Macroadenoma,0
/kaggle/input/datasets/rm1000/brain-tumor-mri-scans/pituitary/0719.jpg,"/kaggle/input/datasets/souaadrahmoun/brnetval/Multi-Class Brain Tumor MRI Dataset Glioma, Health/Brain Cancer MRI Dataset/Brain Cancer MRI Dataset/Brain Cancer MRI Dataset/Pituitary Macroadenoma/295.jpg",Pituitary Macroadenoma,0
/kaggle/input/datasets/rm1000/brain-tumor-mri-scans/pituitary/1092.jpg,"/kaggle/input/datasets/souaadrahmoun/brnetval/Multi-Class Brain Tumor MRI Dataset Glioma, Health/Brain Cancer MRI Dataset/Brain Cancer MRI Dataset/Brain Cancer MRI Dataset/Pituitary Macroadenoma/53.jpg",Pituitary Macroadenoma,0
/kaggle/input/datasets/rm1000/brain-tumor-mri-scans/pituitary/0828.jpg,"/kaggle/input/datasets/souaadrahmoun/brnetval/Multi-Class Brain Tumor MRI Dataset Glioma, Health/Brain Cancer MRI Dataset/Brain Cancer MRI Dataset/Brain Cancer MRI Dataset/Pituitary Macroadenoma/97.jpg",Pituitary Macroadenoma,2
/kaggle/input/datasets/rm1000/brain-tumor-mri-scans/pituitary/0910.jpg,"/kaggle/input/datasets/souaadrahmoun/brnetval/Multi-Class Brain Tumor MRI Dataset Glioma, Health/Brain Cancer MRI Dataset/Brain Cancer MRI Dataset/Brain Cancer MRI Dataset/Pituitary Macroadenoma/115.jpg",Pituitary Macroadenoma,2
/kaggle/input/datasets/rm1000/brain-tumor-mri-scans/pituitary/1388.jpg,"/kaggle/input/datasets/souaadrahmoun/brnetval/Multi-Class Brain Tumor MRI Dataset Glioma, Health/Brain Cancer MRI Dataset/Brain Cancer MRI Dataset/Brain Cancer MRI Dataset/Pituitary Macroadenoma/223.jpg",Pituitary Macroadenoma,0
/kaggle/input/datasets/rm1000/brain-tumor-mri-scans/pituitary/0463.jpg,"/kaggle/input/datasets/souaadrahmoun/brnetval/Multi-Class Brain Tumor MRI Dataset Glioma, Health/Brain Cancer MRI Dataset/Brain Cancer MRI Dataset/Brain Cancer MRI Dataset/Pituitary Macroadenoma/156.jpg",Pituitary Macroadenoma,0
/kaggle/input/datasets/rm1000/brain-tumor-mri-scans/pituitary/1695.jpg,"/kaggle/input/datasets/souaadrahmoun/brnetval/Multi-Class Brain Tumor MRI Dataset Glioma, Health/Brain Cancer MRI Dataset/Brain Cancer MRI Dataset/Brain Cancer MRI Dataset/Pituitary Macroadenoma/209.jpg",Pituitary Macroadenoma,0
/kaggle/input/datasets/rm1000/brain-tumor-mri-scans/pituitary/1185.jpg,"/kaggle/input/datasets/souaadrahmoun/brnetval/Multi-Class Brain Tumor MRI Dataset Glioma, Health/Brain Cancer MRI Dataset/Brain Cancer MRI Dataset/Brain Cancer MRI Dataset/Pituitary Macroadenoma/119.jpg",Pituitary Macroadenoma,0
/kaggle/input/datasets/rm1000/brain-tumor-mri-scans/pituitary/0384.jpg,"/kaggle/input/datasets/souaadrahmoun/brnetval/Multi-Class Brain Tumor MRI Dataset Glioma, Health/Brain Cancer MRI Dataset/Brain Cancer MRI Dataset/Brain Cancer MRI Dataset/Pituitary Macroadenoma/125.jpg",Pituitary Macroadenoma,0
/kaggle/input/datasets/rm1000/brain-tumor-mri-scans/pituitary/0550.jpg,"/kaggle/input/datasets/souaadrahmoun/brnetval/Multi-Class Brain Tumor MRI Dataset Glioma, Health/Brain Cancer MRI Dataset/Brain Cancer MRI Dataset/Brain Cancer MRI Dataset/Pituitary Macroadenoma/169.jpg",Pituitary Macroadenoma,0
/kaggle/input/datasets/rm1000/brain-tumor-mri-scans/pituitary/0751.jpg,"/kaggle/input/datasets/souaadrahmoun/brnetval/Multi-Class Brain Tumor MRI Dataset Glioma, Health/Brain Cancer MRI Dataset/Brain Cancer MRI Dataset/Brain Cancer MRI Dataset/Pituitary Macroadenoma/84.jpg",Pituitary Macroadenoma,0
/kaggle/input/datasets/rm1000/brain-tumor-mri-scans/pituitary/0966.jpg,"/kaggle/input/datasets/souaadrahmoun/brnetval/Multi-Class Brain Tumor MRI Dataset Glioma, Health/Brain Cancer MRI Dataset/Brain Cancer MRI Dataset/Brain Cancer MRI Dataset/Pituitary Macroadenoma/63.jpg",Pituitary Macroadenoma,0
/kaggle/input/datasets/rm1000/brain-tumor-mri-scans/pituitary/1477.jpg,"/kaggle/input/datasets/souaadrahmoun/brnetval/Multi-Class Brain Tumor MRI Dataset Glioma, Health/Brain Cancer MRI Dataset/Brain Cancer MRI Dataset/Brain Cancer MRI Dataset/Pituitary Macroadenoma/298.jpg",Pituitary Macroadenoma,2
/kaggle/input/datasets/rm1000/brain-tumor-mri-scans/pituitary/1427.jpg,"/kaggle/input/datasets/souaadrahmoun/brnetval/Multi-Class Brain Tumor MRI Dataset Glioma, Health/Brain Cancer MRI Dataset/Brain Cancer MRI Dataset/Brain Cancer MRI Dataset/Pituitary Macroadenoma/181.jpg",Pituitary Macroadenoma,2
/kaggle/input/datasets/rm1000/brain-tumor-mri-scans/pituitary/1712.jpg,"/kaggle/input/datasets/souaadrahmoun/brnetval/Multi-Class Brain Tumor MRI Dataset Glioma, Health/Brain Cancer MRI Dataset/Brain Cancer MRI Dataset/Brain Cancer MRI Dataset/Pituitary Macroadenoma/207.jpg",Pituitary Macroadenoma,0
/kaggle/input/datasets/rm1000/brain-tumor-mri-scans/pituitary/1691.jpg,"/kaggle/input/datasets/souaadrahmoun/brnetval/Multi-Class Brain Tumor MRI Dataset Glioma, Health/Brain Cancer MRI Dataset/Brain Cancer MRI Dataset/Brain Cancer MRI Dataset/Pituitary Macroadenoma/212.jpg",Pituitary Macroadenoma,2
/kaggle/input/datasets/rm1000/brain-tumor-mri-scans/pituitary/1049.jpg,"/kaggle/input/datasets/souaadrahmoun/brnetval/Multi-Class Brain Tumor MRI Dataset Glioma, Health/Brain Cancer MRI Dataset/Brain Cancer MRI Dataset/Brain Cancer MRI Dataset/Pituitary Macroadenoma/237.jpg",Pituitary Macroadenoma,0
/kaggle/input/datasets/rm1000/brain-tumor-mri-scans/pituitary/0418.jpg,"/kaggle/input/datasets/souaadrahmoun/brnetval/Multi-Class Brain Tumor MRI Dataset Glioma, Health/Brain Cancer MRI Dataset/Brain Cancer MRI Dataset/Brain Cancer MRI Dataset/Pituitary Macroadenoma/247.jpg",Pituitary Macroadenoma,0
/kaggle/input/datasets/rm1000/brain-tumor-mri-scans/pituitary/0298.jpg,"/kaggle/input/datasets/souaadrahmoun/brnetval/Multi-Class Brain Tumor MRI Dataset Glioma, Health/Brain Cancer MRI Dataset/Brain Cancer MRI Dataset/Brain Cancer MRI Dataset/Pituitary Macroadenoma/131.jpg",Pituitary Macroadenoma,0
/kaggle/input/datasets/rm1000/brain-tumor-mri-scans/pituitary/1177.jpg,"/kaggle/input/datasets/souaadrahmoun/brnetval/Multi-Class Brain Tumor MRI Dataset Glioma, Health/Brain Cancer MRI Dataset/Brain Cancer MRI Dataset/Brain Cancer MRI Dataset/Pituitary Macroadenoma/124.jpg",Pituitary Macroadenoma,0
/kaggle/input/datasets/rm1000/brain-tumor-mri-scans/pituitary/0730.jpg,"/kaggle/input/datasets/souaadrahmoun/brnetval/Multi-Class Brain Tumor MRI Dataset Glioma, Health/Brain Cancer MRI Dataset/Brain Cancer MRI Dataset/Brain Cancer MRI Dataset/Pituitary Macroadenoma/172.jpg",Pituitary Macroadenoma,0
/kaggle/input/datasets/rm1000/brain-tumor-mri-scans/pituitary/0983.jpg,"/kaggle/input/datasets/souaadrahmoun/brnetval/Multi-Class Brain Tumor MRI Dataset Glioma, Health/Brain Cancer MRI Dataset/Brain Cancer MRI Dataset/Brain Cancer MRI Dataset/Pituitary Macroadenoma/112.jpg",Pituitary Macroadenoma,0
/kaggle/input/datasets/rm1000/brain-tumor-mri-scans/pituitary/1030.jpg,"/kaggle/input/datasets/souaadrahmoun/brnetval/Multi-Class Brain Tumor MRI Dataset Glioma, Health/Brain Cancer MRI Dataset/Brain Cancer MRI Dataset/Brain Cancer MRI Dataset/Pituitary Macroadenoma/137.jpg",Pituitary Macroadenoma,2
/kaggle/input/datasets/rm1000/brain-tumor-mri-scans/pituitary/0704.jpg,"/kaggle/input/datasets/souaadrahmoun/brnetval/Multi-Class Brain Tumor MRI Dataset Glioma, Health/Brain Cancer MRI Dataset/Brain Cancer MRI Dataset/Brain Cancer MRI Dataset/Pituitary Macroadenoma/197.jpg",Pituitary Macroadenoma,0
/kaggle/input/datasets/rm1000/brain-tumor-mri-scans/pituitary/1753.jpg,"/kaggle/input/datasets/souaadrahmoun/brnetval/Multi-Class Brain Tumor MRI Dataset Glioma, Health/Brain Cancer MRI Dataset/Brain Cancer MRI Dataset/Brain Cancer MRI Dataset/Pituitary Macroadenoma/300.jpg",Pituitary Macroadenoma,0
/kaggle/input/datasets/rm1000/brain-tumor-mri-scans/pituitary/1245.jpg,"/kaggle/input/datasets/souaadrahmoun/brnetval/Multi-Class Brain Tumor MRI Dataset Glioma, Health/Brain Cancer MRI Dataset/Brain Cancer MRI Dataset/Brain Cancer MRI Dataset/Pituitary Macroadenoma/157.jpg",Pituitary Macroadenoma,0
/kaggle/input/datasets/rm1000/brain-tumor-mri-scans/pituitary/0676.jpg,"/kaggle/input/datasets/souaadrahmoun/brnetval/Multi-Class Brain Tumor MRI Dataset Glioma, Health/Brain Cancer MRI Dataset/Brain Cancer MRI Dataset/Brain Cancer MRI Dataset/Pituitary Macroadenoma/277.jpg",Pituitary Macroadenoma,4
/kaggle/input/datasets/rm1000/brain-tumor-mri-scans/pituitary/1699.jpg,"/kaggle/input/datasets/souaadrahmoun/brnetval/Multi-Class Brain Tumor MRI Dataset Glioma, Health/Brain Cancer MRI Dataset/Brain Cancer MRI Dataset/Brain Cancer MRI Dataset/Pituitary Macroadenoma/278.jpg",Pituitary Macroadenoma,0
/kaggle/input/datasets/rm1000/brain-tumor-mri-scans/pituitary/0880.jpg,"/kaggle/input/datasets/souaadrahmoun/brnetval/Multi-Class Brain Tumor MRI Dataset Glioma, Health/Brain Cancer MRI Dataset/Brain Cancer MRI Dataset/Brain Cancer MRI Dataset/Pituitary Macroadenoma/92.jpg",Pituitary Macroadenoma,0
/kaggle/input/datasets/rm1000/brain-tumor-mri-scans/pituitary/0896.jpg,"/kaggle/input/datasets/souaadrahmoun/brnetval/Multi-Class Brain Tumor MRI Dataset Glioma, Health/Brain Cancer MRI Dataset/Brain Cancer MRI Dataset/Brain Cancer MRI Dataset/Pituitary Macroadenoma/144.jpg",Pituitary Macroadenoma,2
/kaggle/input/datasets/rm1000/brain-tumor-mri-scans/pituitary/1231.jpg,"/kaggle/input/datasets/souaadrahmoun/brnetval/Multi-Class Brain Tumor MRI Dataset Glioma, Health/Brain Cancer MRI Dataset/Brain Cancer MRI Dataset/Brain Cancer MRI Dataset/Pituitary Macroadenoma/234.jpg",Pituitary Macroadenoma,0
/kaggle/input/datasets/rm1000/brain-tumor-mri-scans/pituitary/1306.jpg,"/kaggle/input/datasets/souaadrahmoun/brnetval/Multi-Class Brain Tumor MRI Dataset Glioma, Health/Brain Cancer MRI Dataset/Brain Cancer MRI Dataset/Brain Cancer MRI Dataset/Pituitary Macroadenoma/78.jpg",Pituitary Macroadenoma,2
/kaggle/input/datasets/rm1000/brain-tumor-mri-scans/pituitary/0317.jpg,"/kaggle/input/datasets/souaadrahmoun/brnetval/Multi-Class Brain Tumor MRI Dataset Glioma, Health/Brain Cancer MRI Dataset/Brain Cancer MRI Dataset/Brain Cancer MRI Dataset/Pituitary Macroadenoma/219.jpg",Pituitary Macroadenoma,4
/kaggle/input/datasets/rm1000/brain-tumor-mri-scans/pituitary/0957.jpg,"/kaggle/input/datasets/souaadrahmoun/brnetval/Multi-Class Brain Tumor MRI Dataset Glioma, Health/Brain Cancer MRI Dataset/Brain Cancer MRI Dataset/Brain Cancer MRI Dataset/Pituitary Macroadenoma/109.jpg",Pituitary Macroadenoma,0
/kaggle/input/datasets/rm1000/brain-tumor-mri-scans/pituitary/0779.jpg,"/kaggle/input/datasets/souaadrahmoun/brnetval/Multi-Class Brain Tumor MRI Dataset Glioma, Health/Brain Cancer MRI Dataset/Brain Cancer MRI Dataset/Brain Cancer MRI Dataset/Pituitary Macroadenoma/34.jpg",Pituitary Macroadenoma,4
/kaggle/input/datasets/rm1000/brain-tumor-mri-scans/pituitary/0382.jpg,"/kaggle/input/datasets/souaadrahmoun/brnetval/Multi-Class Brain Tumor MRI Dataset Glioma, Health/Brain Cancer MRI Dataset/Brain Cancer MRI Dataset/Brain Cancer MRI Dataset/Pituitary Macroadenoma/29.jpg",Pituitary Macroadenoma,2
/kaggle/input/datasets/rm1000/brain-tumor-mri-scans/pituitary/1441.jpg,"/kaggle/input/datasets/souaadrahmoun/brnetval/Multi-Class Brain Tumor MRI Dataset Glioma, Health/Brain Cancer MRI Dataset/Brain Cancer MRI Dataset/Brain Cancer MRI Dataset/Pituitary Macroadenoma/205.jpg",Pituitary Macroadenoma,0
/kaggle/input/datasets/rm1000/brain-tumor-mri-scans/pituitary/0744.jpg,"/kaggle/input/datasets/souaadrahmoun/brnetval/Multi-Class Brain Tumor MRI Dataset Glioma, Health/Brain Cancer MRI Dataset/Brain Cancer MRI Dataset/Brain Cancer MRI Dataset/Pituitary Macroadenoma/241.jpg",Pituitary Macroadenoma,2
/kaggle/input/datasets/rm1000/brain-tumor-mri-scans/pituitary/0924.jpg,"/kaggle/input/datasets/souaadrahmoun/brnetval/Multi-Class Brain Tumor MRI Dataset Glioma, Health/Brain Cancer MRI Dataset/Brain Cancer MRI Dataset/Brain Cancer MRI Dataset/Pituitary Macroadenoma/56.jpg",Pituitary Macroadenoma,0
/kaggle/input/datasets/rm1000/brain-tumor-mri-scans/pituitary/0339.jpg,"/kaggle/input/datasets/souaadrahmoun/brnetval/Multi-Class Brain Tumor MRI Dataset Glioma, Health/Brain Cancer MRI Dataset/Brain Cancer MRI Dataset/Brain Cancer MRI Dataset/Pituitary Macroadenoma/288.jpg",Pituitary Macroadenoma,2
/kaggle/input/datasets/rm1000/brain-tumor-mri-scans/pituitary/1602.jpg,"/kaggle/input/datasets/souaadrahmoun/brnetval/Multi-Class Brain Tumor MRI Dataset Glioma, Health/Brain Cancer MRI Dataset/Brain Cancer MRI Dataset/Brain Cancer MRI Dataset/Pituitary Macroadenoma/183.jpg",Pituitary Macroadenoma,2
/kaggle/input/datasets/rm1000/brain-tumor-mri-scans/pituitary/0263.jpg,"/kaggle/input/datasets/souaadrahmoun/brnetval/Multi-Class Brain Tumor MRI Dataset Glioma, Health/Brain Cancer MRI Dataset/Brain Cancer MRI Dataset/Brain Cancer MRI Dataset/Pituitary Macroadenoma/113.jpg",Pituitary Macroadenoma,0
/kaggle/input/datasets/rm1000/brain-tumor-mri-scans/pituitary/0836.jpg,"/kaggle/input/datasets/souaadrahmoun/brnetval/Multi-Class Brain Tumor MRI Dataset Glioma, Health/Brain Cancer MRI Dataset/Brain Cancer MRI Dataset/Brain Cancer MRI Dataset/Pituitary Macroadenoma/239.jpg",Pituitary Macroadenoma,0
/kaggle/input/datasets/rm1000/brain-tumor-mri-scans/pituitary/1179.jpg,"/kaggle/input/datasets/souaadrahmoun/brnetval/Multi-Class Brain Tumor MRI Dataset Glioma, Health/Brain Cancer MRI Dataset/Brain Cancer MRI Dataset/Brain Cancer MRI Dataset/Pituitary Macroadenoma/211.jpg",Pituitary Macroadenoma,0
/kaggle/input/datasets/rm1000/brain-tumor-mri-scans/pituitary/0036.jpg,"/kaggle/input/datasets/souaadrahmoun/brnetval/Multi-Class Brain Tumor MRI Dataset Glioma, Health/Brain Cancer MRI Dataset/Brain Cancer MRI Dataset/Brain Cancer MRI Dataset/Pituitary Macroadenoma/50.jpg",Pituitary Macroadenoma,0
/kaggle/input/datasets/rm1000/brain-tumor-mri-scans/pituitary/1338.jpg,"/kaggle/input/datasets/souaadrahmoun/brnetval/Multi-Class Brain Tumor MRI Dataset Glioma, Health/Brain Cancer MRI Dataset/Brain Cancer MRI Dataset/Brain Cancer MRI Dataset/Pituitary Macroadenoma/95.jpg",Pituitary Macroadenoma,0
/kaggle/input/datasets/rm1000/brain-tumor-mri-scans/pituitary/0297.jpg,"/kaggle/input/datasets/souaadrahmoun/brnetval/Multi-Class Brain Tumor MRI Dataset Glioma, Health/Brain Cancer MRI Dataset/Brain Cancer MRI Dataset/Brain Cancer MRI Dataset/Pituitary Macroadenoma/150.jpg",Pituitary Macroadenoma,2
/kaggle/input/datasets/rm1000/brain-tumor-mri-scans/pituitary/0589.jpg,"/kaggle/input/datasets/souaadrahmoun/brnetval/Multi-Class Brain Tumor MRI Dataset Glioma, Health/Brain Cancer MRI Dataset/Brain Cancer MRI Dataset/Brain Cancer MRI Dataset/Pituitary Macroadenoma/210.jpg",Pituitary Macroadenoma,0
/kaggle/input/datasets/rm1000/brain-tumor-mri-scans/pituitary/1195.jpg,"/kaggle/input/datasets/souaadrahmoun/brnetval/Multi-Class Brain Tumor MRI Dataset Glioma, Health/Brain Cancer MRI Dataset/Brain Cancer MRI Dataset/Brain Cancer MRI Dataset/Pituitary Macroadenoma/179.jpg",Pituitary Macroadenoma,2
/kaggle/input/datasets/rm1000/brain-tumor-mri-scans/pituitary/0701.jpg,"/kaggle/input/datasets/souaadrahmoun/brnetval/Multi-Class Brain Tumor MRI Dataset Glioma, Health/Brain Cancer MRI Dataset/Brain Cancer MRI Dataset/Brain Cancer MRI Dataset/Pituitary Macroadenoma/142.jpg",Pituitary Macroadenoma,0
/kaggle/input/datasets/rm1000/brain-tumor-mri-scans/pituitary/0803.jpg,"/kaggle/input/datasets/souaadrahmoun/brnetval/Multi-Class Brain Tumor MRI Dataset Glioma, Health/Brain Cancer MRI Dataset/Brain Cancer MRI Dataset/Brain Cancer MRI Dataset/Pituitary Macroadenoma/140.jpg",Pituitary Macroadenoma,0
/kaggle/input/datasets/rm1000/brain-tumor-mri-scans/pituitary/0400.jpg,"/kaggle/input/datasets/souaadrahmoun/brnetval/Multi-Class Brain Tumor MRI Dataset Glioma, Health/Brain Cancer MRI Dataset/Brain Cancer MRI Dataset/Brain Cancer MRI Dataset/Pituitary Macroadenoma/171.jpg",Pituitary Macroadenoma,0
/kaggle/input/datasets/rm1000/brain-tumor-mri-scans/pituitary/0892.jpg,"/kaggle/input/datasets/souaadrahmoun/brnetval/Multi-Class Brain Tumor MRI Dataset Glioma, Health/Brain Cancer MRI Dataset/Brain Cancer MRI Dataset/Brain Cancer MRI Dataset/Pituitary Macroadenoma/153.jpg",Pituitary Macroadenoma,0
/kaggle/input/datasets/rm1000/brain-tumor-mri-scans/pituitary/0284.jpg,"/kaggle/input/datasets/souaadrahmoun/brnetval/Multi-Class Brain Tumor MRI Dataset Glioma, Health/Brain Cancer MRI Dataset/Brain Cancer MRI Dataset/Brain Cancer MRI Dataset/Pituitary Macroadenoma/85.jpg",Pituitary Macroadenoma,0
/kaggle/input/datasets/rm1000/brain-tumor-mri-scans/pituitary/1046.jpg,"/kaggle/input/datasets/souaadrahmoun/brnetval/Multi-Class Brain Tumor MRI Dataset Glioma, Health/Brain Cancer MRI Dataset/Brain Cancer MRI Dataset/Brain Cancer MRI Dataset/Pituitary Macroadenoma/230.jpg",Pituitary Macroadenoma,2
/kaggle/input/datasets/rm1000/brain-tumor-mri-scans/pituitary/0448.jpg,"/kaggle/input/datasets/souaadrahmoun/brnetval/Multi-Class Brain Tumor MRI Dataset Glioma, Health/Brain Cancer MRI Dataset/Brain Cancer MRI Dataset/Brain Cancer MRI Dataset/Pituitary Macroadenoma/161.jpg",Pituitary Macroadenoma,0
/kaggle/input/datasets/rm1000/brain-tumor-mri-scans/pituitary/1467.jpg,"/kaggle/input/datasets/souaadrahmoun/brnetval/Multi-Class Brain Tumor MRI Dataset Glioma, Health/Brain Cancer MRI Dataset/Brain Cancer MRI Dataset/Brain Cancer MRI Dataset/Pituitary Macroadenoma/8.jpg",Pituitary Macroadenoma,2
/kaggle/input/datasets/rm1000/brain-tumor-mri-scans/pituitary/1594.jpg,"/kaggle/input/datasets/souaadrahmoun/brnetval/Multi-Class Brain Tumor MRI Dataset Glioma, Health/Brain Cancer MRI Dataset/Brain Cancer MRI Dataset/Brain Cancer MRI Dataset/Pituitary Macroadenoma/58.jpg",Pituitary Macroadenoma,0
/kaggle/input/datasets/rm1000/brain-tumor-mri-scans/pituitary/0202.jpg,"/kaggle/input/datasets/souaadrahmoun/brnetval/Multi-Class Brain Tumor MRI Dataset Glioma, Health/Brain Cancer MRI Dataset/Brain Cancer MRI Dataset/Brain Cancer MRI Dataset/Pituitary Macroadenoma/195.jpg",Pituitary Macroadenoma,0
/kaggle/input/datasets/rm1000/brain-tumor-mri-scans/pituitary/0272.jpg,"/kaggle/input/datasets/souaadrahmoun/brnetval/Multi-Class Brain Tumor MRI Dataset Glioma, Health/Brain Cancer MRI Dataset/Brain Cancer MRI Dataset/Brain Cancer MRI Dataset/Pituitary Macroadenoma/213.jpg",Pituitary Macroadenoma,0
/kaggle/input/datasets/rm1000/brain-tumor-mri-scans/pituitary/1612.jpg,"/kaggle/input/datasets/souaadrahmoun/brnetval/Multi-Class Brain Tumor MRI Dataset Glioma, Health/Brain Cancer MRI Dataset/Brain Cancer MRI Dataset/Brain Cancer MRI Dataset/Pituitary Macroadenoma/151.jpg",Pituitary Macroadenoma,0
/kaggle/input/datasets/rm1000/brain-tumor-mri-scans/pituitary/0168.jpg,"/kaggle/input/datasets/souaadrahmoun/brnetval/Multi-Class Brain Tumor MRI Dataset Glioma, Health/Brain Cancer MRI Dataset/Brain Cancer MRI Dataset/Brain Cancer MRI Dataset/Pituitary Macroadenoma/39.jpg",Pituitary Macroadenoma,0
/kaggle/input/datasets/rm1000/brain-tumor-mri-scans/pituitary/0627.jpg,"/kaggle/input/datasets/souaadrahmoun/brnetval/Multi-Class Brain Tumor MRI Dataset Glioma, Health/Brain Cancer MRI Dataset/Brain Cancer MRI Dataset/Brain Cancer MRI Dataset/Pituitary Macroadenoma/107.jpg",Pituitary Macroadenoma,2
/kaggle/input/datasets/rm1000/brain-tumor-mri-scans/pituitary/1265.jpg,"/kaggle/input/datasets/souaadrahmoun/brnetval/Multi-Class Brain Tumor MRI Dataset Glioma, Health/Brain Cancer MRI Dataset/Brain Cancer MRI Dataset/Brain Cancer MRI Dataset/Pituitary Macroadenoma/250.jpg",Pituitary Macroadenoma,0
/kaggle/input/datasets/rm1000/brain-tumor-mri-scans/pituitary/1165.jpg,"/kaggle/input/datasets/souaadrahmoun/brnetval/Multi-Class Brain Tumor MRI Dataset Glioma, Health/Brain Cancer MRI Dataset/Brain Cancer MRI Dataset/Brain Cancer MRI Dataset/Pituitary Macroadenoma/18.jpg",Pituitary Macroadenoma,2
/kaggle/input/datasets/rm1000/brain-tumor-mri-scans/pituitary/1379.jpg,"/kaggle/input/datasets/souaadrahmoun/brnetval/Multi-Class Brain Tumor MRI Dataset Glioma, Health/Brain Cancer MRI Dataset/Brain Cancer MRI Dataset/Brain Cancer MRI Dataset/Pituitary Macroadenoma/259.jpg",Pituitary Macroadenoma,0
/kaggle/input/datasets/rm1000/brain-tumor-mri-scans/pituitary/1090.jpg,"/kaggle/input/datasets/souaadrahmoun/brnetval/Multi-Class Brain Tumor MRI Dataset Glioma, Health/Brain Cancer MRI Dataset/Brain Cancer MRI Dataset/Brain Cancer MRI Dataset/Pituitary Macroadenoma/204.jpg",Pituitary Macroadenoma,0
/kaggle/input/datasets/rm1000/brain-tumor-mri-scans/pituitary/1323.jpg,"/kaggle/input/datasets/souaadrahmoun/brnetval/Multi-Class Brain Tumor MRI Dataset Glioma, Health/Brain Cancer MRI Dataset/Brain Cancer MRI Dataset/Brain Cancer MRI Dataset/Pituitary Macroadenoma/9.jpg",Pituitary Macroadenoma,0
/kaggle/input/datasets/rm1000/brain-tumor-mri-scans/pituitary/1016.jpg,"/kaggle/input/datasets/souaadrahmoun/brnetval/Multi-Class Brain Tumor MRI Dataset Glioma, Health/Brain Cancer MRI Dataset/Brain Cancer MRI Dataset/Brain Cancer MRI Dataset/Pituitary Macroadenoma/88.jpg",Pituitary Macroadenoma,2
/kaggle/input/datasets/rm1000/brain-tumor-mri-scans/pituitary/0371.jpg,"/kaggle/input/datasets/souaadrahmoun/brnetval/Multi-Class Brain Tumor MRI Dataset Glioma, Health/Brain Cancer MRI Dataset/Brain Cancer MRI Dataset/Brain Cancer MRI Dataset/Pituitary Macroadenoma/180.jpg",Pituitary Macroadenoma,2
/kaggle/input/datasets/rm1000/brain-tumor-mri-scans/pituitary/1283.jpg,"/kaggle/input/datasets/souaadrahmoun/brnetval/Multi-Class Brain Tumor MRI Dataset Glioma, Health/Brain Cancer MRI Dataset/Brain Cancer MRI Dataset/Brain Cancer MRI Dataset/Pituitary Macroadenoma/106.jpg",Pituitary Macroadenoma,0
/kaggle/input/datasets/rm1000/brain-tumor-mri-scans/pituitary/1538.jpg,"/kaggle/input/datasets/souaadrahmoun/brnetval/Multi-Class Brain Tumor MRI Dataset Glioma, Health/Brain Cancer MRI Dataset/Brain Cancer MRI Dataset/Brain Cancer MRI Dataset/Pituitary Macroadenoma/6.jpg",Pituitary Macroadenoma,0
/kaggle/input/datasets/rm1000/brain-tumor-mri-scans/pituitary/0843.jpg,"/kaggle/input/datasets/souaadrahmoun/brnetval/Multi-Class Brain Tumor MRI Dataset Glioma, Health/Brain Cancer MRI Dataset/Brain Cancer MRI Dataset/Brain Cancer MRI Dataset/Pituitary Macroadenoma/243.jpg",Pituitary Macroadenoma,2
/kaggle/input/datasets/rm1000/brain-tumor-mri-scans/pituitary/0870.jpg,"/kaggle/input/datasets/souaadrahmoun/brnetval/Multi-Class Brain Tumor MRI Dataset Glioma, Health/Brain Cancer MRI Dataset/Brain Cancer MRI Dataset/Brain Cancer MRI Dataset/Pituitary Macroadenoma/245.jpg",Pituitary Macroadenoma,2
/kaggle/input/datasets/rm1000/brain-tumor-mri-scans/pituitary/0556.jpg,"/kaggle/input/datasets/souaadrahmoun/brnetval/Multi-Class Brain Tumor MRI Dataset Glioma, Health/Brain Cancer MRI Dataset/Brain Cancer MRI Dataset/Brain Cancer MRI Dataset/Pituitary Macroadenoma/290.jpg",Pituitary Macroadenoma,0
/kaggle/input/datasets/rm1000/brain-tumor-mri-scans/healthy/0074.jpg,"/kaggle/input/datasets/souaadrahmoun/brnetval/Multi-Class Brain Tumor MRI Dataset Glioma, Health/Brain Cancer MRI Dataset/Brain Cancer MRI Dataset/Brain Cancer MRI Dataset/Healthy/205.jpg",Healthy,0
/kaggle/input/datasets/rm1000/brain-tumor-mri-scans/healthy/1749.jpg,"/kaggle/input/datasets/souaadrahmoun/brnetval/Multi-Class Brain Tumor MRI Dataset Glioma, Health/Brain Cancer MRI Dataset/Brain Cancer MRI Dataset/Brain Cancer MRI Dataset/Healthy/238.jpg",Healthy,2
/kaggle/input/datasets/rm1000/brain-tumor-mri-scans/healthy/1971.jpg,"/kaggle/input/datasets/souaadrahmoun/brnetval/Multi-Class Brain Tumor MRI Dataset Glioma, Health/Brain Cancer MRI Dataset/Brain Cancer MRI Dataset/Brain Cancer MRI Dataset/Healthy/255.jpg",Healthy,2
/kaggle/input/datasets/rm1000/brain-tumor-mri-scans/healthy/0426.jpg,"/kaggle/input/datasets/souaadrahmoun/brnetval/Multi-Class Brain Tumor MRI Dataset Glioma, Health/Brain Cancer MRI Dataset/Brain Cancer MRI Dataset/Brain Cancer MRI Dataset/Healthy/149.jpg",Healthy,0
/kaggle/input/datasets/rm1000/brain-tumor-mri-scans/healthy/0989.jpg,"/kaggle/input/datasets/souaadrahmoun/brnetval/Multi-Class Brain Tumor MRI Dataset Glioma, Health/Brain Cancer MRI Dataset/Brain Cancer MRI Dataset/Brain Cancer MRI Dataset/Healthy/262.jpg",Healthy,2
/kaggle/input/datasets/rm1000/brain-tumor-mri-scans/healthy/0058.jpg,"/kaggle/input/datasets/souaadrahmoun/brnetval/Multi-Class Brain Tumor MRI Dataset Glioma, Health/Brain Cancer MRI Dataset/Brain Cancer MRI Dataset/Brain Cancer MRI Dataset/Healthy/22.jpg",Healthy,0
/kaggle/input/datasets/rm1000/brain-tumor-mri-scans/healthy/1340.jpg,"/kaggle/input/datasets/souaadrahmoun/brnetval/Multi-Class Brain Tumor MRI Dataset Glioma, Health/Brain Cancer MRI Dataset/Brain Cancer MRI Dataset/Brain Cancer MRI Dataset/Healthy/218.jpg",Healthy,6
/kaggle/input/datasets/rm1000/brain-tumor-mri-scans/healthy/1790.jpg,"/kaggle/input/datasets/souaadrahmoun/brnetval/Multi-Class Brain Tumor MRI Dataset Glioma, Health/Brain Cancer MRI Dataset/Brain Cancer MRI Dataset/Brain Cancer MRI Dataset/Healthy/295.jpg",Healthy,6
/kaggle/input/datasets/rm1000/brain-tumor-mri-scans/healthy/0680.jpg,"/kaggle/input/datasets/souaadrahmoun/brnetval/Multi-Class Brain Tumor MRI Dataset Glioma, Health/Brain Cancer MRI Dataset/Brain Cancer MRI Dataset/Brain Cancer MRI Dataset/Healthy/149.jpg",Healthy,0
/kaggle/input/datasets/rm1000/brain-tumor-mri-scans/healthy/0932.jpg,"/kaggle/input/datasets/souaadrahmoun/brnetval/Multi-Class Brain Tumor MRI Dataset Glioma, Health/Brain Cancer MRI Dataset/Brain Cancer MRI Dataset/Brain Cancer MRI Dataset/Healthy/284.jpg",Healthy,2
/kaggle/input/datasets/rm1000/brain-tumor-mri-scans/healthy/1715.jpg,"/kaggle/input/datasets/souaadrahmoun/brnetval/Multi-Class Brain Tumor MRI Dataset Glioma, Health/Brain Cancer MRI Dataset/Brain Cancer MRI Dataset/Brain Cancer MRI Dataset/Healthy/72.jpg",Healthy,8
/kaggle/input/datasets/rm1000/brain-tumor-mri-scans/healthy/0095.jpg,"/kaggle/input/datasets/souaadrahmoun/brnetval/Multi-Class Brain Tumor MRI Dataset Glioma, Health/Brain Cancer MRI Dataset/Brain Cancer MRI Dataset/Brain Cancer MRI Dataset/Healthy/56.jpg",Healthy,2
/kaggle/input/datasets/rm1000/brain-tumor-mri-scans/healthy/1010.jpg,"/kaggle/input/datasets/souaadrahmoun/brnetval/Multi-Class Brain Tumor MRI Dataset Glioma, Health/Brain Cancer MRI Dataset/Brain Cancer MRI Dataset/Brain Cancer MRI Dataset/Healthy/298.jpg",Healthy,2
/kaggle/input/datasets/rm1000/brain-tumor-mri-scans/healthy/1343.jpg,"/kaggle/input/datasets/souaadrahmoun/brnetval/Multi-Class Brain Tumor MRI Dataset Glioma, Health/Brain Cancer MRI Dataset/Brain Cancer MRI Dataset/Brain Cancer MRI Dataset/Healthy/298.jpg",Healthy,2
/kaggle/input/datasets/rm1000/brain-tumor-mri-scans/healthy/1473.jpg,"/kaggle/input/datasets/souaadrahmoun/brnetval/Multi-Class Brain Tumor MRI Dataset Glioma, Health/Brain Cancer MRI Dataset/Brain Cancer MRI Dataset/Brain Cancer MRI Dataset/Healthy/292.jpg",Healthy,10
/kaggle/input/datasets/rm1000/brain-tumor-mri-scans/healthy/0814.jpg,"/kaggle/input/datasets/souaadrahmoun/brnetval/Multi-Class Brain Tumor MRI Dataset Glioma, Health/Brain Cancer MRI Dataset/Brain Cancer MRI Dataset/Brain Cancer MRI Dataset/Healthy/102.jpg",Healthy,4
/kaggle/input/datasets/rm1000/brain-tumor-mri-scans/healthy/0506.jpg,"/kaggle/input/datasets/souaadrahmoun/brnetval/Multi-Class Brain Tumor MRI Dataset Glioma, Health/Brain Cancer MRI Dataset/Brain Cancer MRI Dataset/Brain Cancer MRI Dataset/Healthy/153.jpg",Healthy,6
/kaggle/input/datasets/rm1000/brain-tumor-mri-scans/healthy/0410.jpg,"/kaggle/input/datasets/souaadrahmoun/brnetval/Multi-Class Brain Tumor MRI Dataset Glioma, Health/Brain Cancer MRI Dataset/Brain Cancer MRI Dataset/Brain Cancer MRI Dataset/Healthy/132.jpg",Healthy,0
/kaggle/input/datasets/rm1000/brain-tumor-mri-scans/healthy/1297.jpg,"/kaggle/input/datasets/souaadrahmoun/brnetval/Multi-Class Brain Tumor MRI Dataset Glioma, Health/Brain Cancer MRI Dataset/Brain Cancer MRI Dataset/Brain Cancer MRI Dataset/Healthy/176.jpg",Healthy,6
/kaggle/input/datasets/rm1000/brain-tumor-mri-scans/healthy/0154.jpg,"/kaggle/input/datasets/souaadrahmoun/brnetval/Multi-Class Brain Tumor MRI Dataset Glioma, Health/Brain Cancer MRI Dataset/Brain Cancer MRI Dataset/Brain Cancer MRI Dataset/Healthy/149.jpg",Healthy,4
/kaggle/input/datasets/rm1000/brain-tumor-mri-scans/healthy/1032.jpg,"/kaggle/input/datasets/souaadrahmoun/brnetval/Multi-Class Brain Tumor MRI Dataset Glioma, Health/Brain Cancer MRI Dataset/Brain Cancer MRI Dataset/Brain Cancer MRI Dataset/Healthy/193.jpg",Healthy,10
/kaggle/input/datasets/rm1000/brain-tumor-mri-scans/healthy/0207.jpg,"/kaggle/input/datasets/souaadrahmoun/brnetval/Multi-Class Brain Tumor MRI Dataset Glioma, Health/Brain Cancer MRI Dataset/Brain Cancer MRI Dataset/Brain Cancer MRI Dataset/Healthy/218.jpg",Healthy,6
/kaggle/input/datasets/rm1000/brain-tumor-mri-scans/healthy/0107.jpg,"/kaggle/input/datasets/souaadrahmoun/brnetval/Multi-Class Brain Tumor MRI Dataset Glioma, Health/Brain Cancer MRI Dataset/Brain Cancer MRI Dataset/Brain Cancer MRI Dataset/Healthy/238.jpg",Healthy,2
/kaggle/input/datasets/rm1000/brain-tumor-mri-scans/healthy/0027.jpg,"/kaggle/input/datasets/souaadrahmoun/brnetval/Multi-Class Brain Tumor MRI Dataset Glioma, Health/Brain Cancer MRI Dataset/Brain Cancer MRI Dataset/Brain Cancer MRI Dataset/Healthy/298.jpg",Healthy,2
/kaggle/input/datasets/rm1000/brain-tumor-mri-scans/healthy/1401.jpg,"/kaggle/input/datasets/souaadrahmoun/brnetval/Multi-Class Brain Tumor MRI Dataset Glioma, Health/Brain Cancer MRI Dataset/Brain Cancer MRI Dataset/Brain Cancer MRI Dataset/Healthy/217.jpg",Healthy,2
/kaggle/input/datasets/rm1000/brain-tumor-mri-scans/healthy/0021.jpg,"/kaggle/input/datasets/souaadrahmoun/brnetval/Multi-Class Brain Tumor MRI Dataset Glioma, Health/Brain Cancer MRI Dataset/Brain Cancer MRI Dataset/Brain Cancer MRI Dataset/Healthy/218.jpg",Healthy,0
/kaggle/input/datasets/rm1000/brain-tumor-mri-scans/healthy/1603.jpg,"/kaggle/input/datasets/souaadrahmoun/brnetval/Multi-Class Brain Tumor MRI Dataset Glioma, Health/Brain Cancer MRI Dataset/Brain Cancer MRI Dataset/Brain Cancer MRI Dataset/Healthy/128.jpg",Healthy,6
/kaggle/input/datasets/rm1000/brain-tumor-mri-scans/healthy/0808.jpg,"/kaggle/input/datasets/souaadrahmoun/brnetval/Multi-Class Brain Tumor MRI Dataset Glioma, Health/Brain Cancer MRI Dataset/Brain Cancer MRI Dataset/Brain Cancer MRI Dataset/Healthy/205.jpg",Healthy,0
/kaggle/input/datasets/rm1000/brain-tumor-mri-scans/healthy/0094.jpg,"/kaggle/input/datasets/souaadrahmoun/brnetval/Multi-Class Brain Tumor MRI Dataset Glioma, Health/Brain Cancer MRI Dataset/Brain Cancer MRI Dataset/Brain Cancer MRI Dataset/Healthy/18.jpg",Healthy,10
/kaggle/input/datasets/rm1000/brain-tumor-mri-scans/healthy/0247.jpg,"/kaggle/input/datasets/souaadrahmoun/brnetval/Multi-Class Brain Tumor MRI Dataset Glioma, Health/Brain Cancer MRI Dataset/Brain Cancer MRI Dataset/Brain Cancer MRI Dataset/Healthy/78.jpg",Healthy,0
/kaggle/input/datasets/rm1000/brain-tumor-mri-scans/healthy/1708.jpg,"/kaggle/input/datasets/souaadrahmoun/brnetval/Multi-Class Brain Tumor MRI Dataset Glioma, Health/Brain Cancer MRI Dataset/Brain Cancer MRI Dataset/Brain Cancer MRI Dataset/Healthy/40.jpg",Healthy,2
/kaggle/input/datasets/rm1000/brain-tumor-mri-scans/healthy/1310.jpg,"/kaggle/input/datasets/souaadrahmoun/brnetval/Multi-Class Brain Tumor MRI Dataset Glioma, Health/Brain Cancer MRI Dataset/Brain Cancer MRI Dataset/Brain Cancer MRI Dataset/Healthy/284.jpg",Healthy,8
/kaggle/input/datasets/rm1000/brain-tumor-mri-scans/healthy/0555.jpg,"/kaggle/input/datasets/souaadrahmoun/brnetval/Multi-Class Brain Tumor MRI Dataset Glioma, Health/Brain Cancer MRI Dataset/Brain Cancer MRI Dataset/Brain Cancer MRI Dataset/Healthy/92.jpg",Healthy,4
/kaggle/input/datasets/rm1000/brain-tumor-mri-scans/healthy/0023.jpg,"/kaggle/input/datasets/souaadrahmoun/brnetval/Multi-Class Brain Tumor MRI Dataset Glioma, Health/Brain Cancer MRI Dataset/Brain Cancer MRI Dataset/Brain Cancer MRI Dataset/Healthy/149.jpg",Healthy,0
/kaggle/input/datasets/rm1000/brain-tumor-mri-scans/healthy/0787.jpg,"/kaggle/input/datasets/souaadrahmoun/brnetval/Multi-Class Brain Tumor MRI Dataset Glioma, Health/Brain Cancer MRI Dataset/Brain Cancer MRI Dataset/Brain Cancer MRI Dataset/Healthy/40.jpg",Healthy,0
/kaggle/input/datasets/rm1000/brain-tumor-mri-scans/healthy/1799.jpg,"/kaggle/input/datasets/souaadrahmoun/brnetval/Multi-Class Brain Tumor MRI Dataset Glioma, Health/Brain Cancer MRI Dataset/Brain Cancer MRI Dataset/Brain Cancer MRI Dataset/Healthy/70.jpg",Healthy,8
/kaggle/input/datasets/rm1000/brain-tumor-mri-scans/healthy/0596.jpg,"/kaggle/input/datasets/souaadrahmoun/brnetval/Multi-Class Brain Tumor MRI Dataset Glioma, Health/Brain Cancer MRI Dataset/Brain Cancer MRI Dataset/Brain Cancer MRI Dataset/Healthy/292.jpg",Healthy,8
/kaggle/input/datasets/rm1000/brain-tumor-mri-scans/healthy/1710.jpg,"/kaggle/input/datasets/souaadrahmoun/brnetval/Multi-Class Brain Tumor MRI Dataset Glioma, Health/Brain Cancer MRI Dataset/Brain Cancer MRI Dataset/Brain Cancer MRI Dataset/Healthy/187.jpg",Healthy,6
/kaggle/input/datasets/rm1000/brain-tumor-mri-scans/healthy/1551.jpg,"/kaggle/input/datasets/souaadrahmoun/brnetval/Multi-Class Brain Tumor MRI Dataset Glioma, Health/Brain Cancer MRI Dataset/Brain Cancer MRI Dataset/Brain Cancer MRI Dataset/Healthy/295.jpg",Healthy,0
/kaggle/input/datasets/rm1000/brain-tumor-mri-scans/healthy/1629.jpg,"/kaggle/input/datasets/souaadrahmoun/brnetval/Multi-Class Brain Tumor MRI Dataset Glioma, Health/Brain Cancer MRI Dataset/Brain Cancer MRI Dataset/Brain Cancer MRI Dataset/Healthy/72.jpg",Healthy,4
/kaggle/input/datasets/rm1000/brain-tumor-mri-scans/healthy/0146.jpg,"/kaggle/input/datasets/souaadrahmoun/brnetval/Multi-Class Brain Tumor MRI Dataset Glioma, Health/Brain Cancer MRI Dataset/Brain Cancer MRI Dataset/Brain Cancer MRI Dataset/Healthy/31.jpg",Healthy,2
/kaggle/input/datasets/rm1000/brain-tumor-mri-scans/healthy/1562.jpg,"/kaggle/input/datasets/souaadrahmoun/brnetval/Multi-Class Brain Tumor MRI Dataset Glioma, Health/Brain Cancer MRI Dataset/Brain Cancer MRI Dataset/Brain Cancer MRI Dataset/Healthy/72.jpg",Healthy,2
/kaggle/input/datasets/rm1000/brain-tumor-mri-scans/healthy/1919.jpg,"/kaggle/input/datasets/souaadrahmoun/brnetval/Multi-Class Brain Tumor MRI Dataset Glioma, Health/Brain Cancer MRI Dataset/Brain Cancer MRI Dataset/Brain Cancer MRI Dataset/Healthy/128.jpg",Healthy,2
/kaggle/input/datasets/rm1000/brain-tumor-mri-scans/healthy/0292.jpg,"/kaggle/input/datasets/souaadrahmoun/brnetval/Multi-Class Brain Tumor MRI Dataset Glioma, Health/Brain Cancer MRI Dataset/Brain Cancer MRI Dataset/Brain Cancer MRI Dataset/Healthy/176.jpg",Healthy,4
/kaggle/input/datasets/rm1000/brain-tumor-mri-scans/healthy/0532.jpg,"/kaggle/input/datasets/souaadrahmoun/brnetval/Multi-Class Brain Tumor MRI Dataset Glioma, Health/Brain Cancer MRI Dataset/Brain Cancer MRI Dataset/Brain Cancer MRI Dataset/Healthy/176.jpg",Healthy,4
/kaggle/input/datasets/rm1000/brain-tumor-mri-scans/healthy/1854.jpg,"/kaggle/input/datasets/souaadrahmoun/brnetval/Multi-Class Brain Tumor MRI Dataset Glioma, Health/Brain Cancer MRI Dataset/Brain Cancer MRI Dataset/Brain Cancer MRI Dataset/Healthy/205.jpg",Healthy,0
/kaggle/input/datasets/rm1000/brain-tumor-mri-scans/healthy/1737.jpg,"/kaggle/input/datasets/souaadrahmoun/brnetval/Multi-Class Brain Tumor MRI Dataset Glioma, Health/Brain Cancer MRI Dataset/Brain Cancer MRI Dataset/Brain Cancer MRI Dataset/Healthy/280.jpg",Healthy,6
/kaggle/input/datasets/rm1000/brain-tumor-mri-scans/healthy/0093.jpg,"/kaggle/input/datasets/souaadrahmoun/brnetval/Multi-Class Brain Tumor MRI Dataset Glioma, Health/Brain Cancer MRI Dataset/Brain Cancer MRI Dataset/Brain Cancer MRI Dataset/Healthy/193.jpg",Healthy,0
/kaggle/input/datasets/rm1000/brain-tumor-mri-scans/healthy/0454.jpg,"/kaggle/input/datasets/souaadrahmoun/brnetval/Multi-Class Brain Tumor MRI Dataset Glioma, Health/Brain Cancer MRI Dataset/Brain Cancer MRI Dataset/Brain Cancer MRI Dataset/Healthy/284.jpg",Healthy,2
/kaggle/input/datasets/rm1000/brain-tumor-mri-scans/healthy/1099.jpg,"/kaggle/input/datasets/souaadrahmoun/brnetval/Multi-Class Brain Tumor MRI Dataset Glioma, Health/Brain Cancer MRI Dataset/Brain Cancer MRI Dataset/Brain Cancer MRI Dataset/Healthy/218.jpg",Healthy,0
/kaggle/input/datasets/rm1000/brain-tumor-mri-scans/healthy/0402.jpg,"/kaggle/input/datasets/souaadrahmoun/brnetval/Multi-Class Brain Tumor MRI Dataset Glioma, Health/Brain Cancer MRI Dataset/Brain Cancer MRI Dataset/Brain Cancer MRI Dataset/Healthy/295.jpg",Healthy,8
/kaggle/input/datasets/rm1000/brain-tumor-mri-scans/healthy/1733.jpg,"/kaggle/input/datasets/souaadrahmoun/brnetval/Multi-Class Brain Tumor MRI Dataset Glioma, Health/Brain Cancer MRI Dataset/Brain Cancer MRI Dataset/Brain Cancer MRI Dataset/Healthy/72.jpg",Healthy,10
/kaggle/input/datasets/rm1000/brain-tumor-mri-scans/healthy/0195.jpg,"/kaggle/input/datasets/souaadrahmoun/brnetval/Multi-Class Brain Tumor MRI Dataset Glioma, Health/Brain Cancer MRI Dataset/Brain Cancer MRI Dataset/Brain Cancer MRI Dataset/Healthy/187.jpg",Healthy,8
/kaggle/input/datasets/rm1000/brain-tumor-mri-scans/healthy/0350.jpg,"/kaggle/input/datasets/souaadrahmoun/brnetval/Multi-Class Brain Tumor MRI Dataset Glioma, Health/Brain Cancer MRI Dataset/Brain Cancer MRI Dataset/Brain Cancer MRI Dataset/Healthy/284.jpg",Healthy,8
/kaggle/input/datasets/rm1000/brain-tumor-mri-scans/healthy/0524.jpg,"/kaggle/input/datasets/souaadrahmoun/brnetval/Multi-Class Brain Tumor MRI Dataset Glioma, Health/Brain Cancer MRI Dataset/Brain Cancer MRI Dataset/Brain Cancer MRI Dataset/Healthy/298.jpg",Healthy,2
/kaggle/input/datasets/rm1000/brain-tumor-mri-scans/healthy/1281.jpg,"/kaggle/input/datasets/souaadrahmoun/brnetval/Multi-Class Brain Tumor MRI Dataset Glioma, Health/Brain Cancer MRI Dataset/Brain Cancer MRI Dataset/Brain Cancer MRI Dataset/Healthy/295.jpg",Healthy,0
/kaggle/input/datasets/rm1000/brain-tumor-mri-scans/healthy/1686.jpg,"/kaggle/input/datasets/souaadrahmoun/brnetval/Multi-Class Brain Tumor MRI Dataset Glioma, Health/Brain Cancer MRI Dataset/Brain Cancer MRI Dataset/Brain Cancer MRI Dataset/Healthy/218.jpg",Healthy,6
/kaggle/input/datasets/rm1000/brain-tumor-mri-scans/healthy/1462.jpg,"/kaggle/input/datasets/souaadrahmoun/brnetval/Multi-Class Brain Tumor MRI Dataset Glioma, Health/Brain Cancer MRI Dataset/Brain Cancer MRI Dataset/Brain Cancer MRI Dataset/Healthy/74.jpg",Healthy,0
/kaggle/input/datasets/rm1000/brain-tumor-mri-scans/healthy/1457.jpg,"/kaggle/input/datasets/souaadrahmoun/brnetval/Multi-Class Brain Tumor MRI Dataset Glioma, Health/Brain Cancer MRI Dataset/Brain Cancer MRI Dataset/Brain Cancer MRI Dataset/Healthy/280.jpg",Healthy,2
/kaggle/input/datasets/rm1000/brain-tumor-mri-scans/healthy/1466.jpg,"/kaggle/input/datasets/souaadrahmoun/brnetval/Multi-Class Brain Tumor MRI Dataset Glioma, Health/Brain Cancer MRI Dataset/Brain Cancer MRI Dataset/Brain Cancer MRI Dataset/Healthy/187.jpg",Healthy,8
/kaggle/input/datasets/rm1000/brain-tumor-mri-scans/healthy/1278.jpg,"/kaggle/input/datasets/souaadrahmoun/brnetval/Multi-Class Brain Tumor MRI Dataset Glioma, Health/Brain Cancer MRI Dataset/Brain Cancer MRI Dataset/Brain Cancer MRI Dataset/Healthy/72.jpg",Healthy,0
/kaggle/input/datasets/rm1000/brain-tumor-mri-scans/healthy/1824.jpg,"/kaggle/input/datasets/souaadrahmoun/brnetval/Multi-Class Brain Tumor MRI Dataset Glioma, Health/Brain Cancer MRI Dataset/Brain Cancer MRI Dataset/Brain Cancer MRI Dataset/Healthy/115.jpg",Healthy,6
/kaggle/input/datasets/rm1000/brain-tumor-mri-scans/healthy/0884.jpg,"/kaggle/input/datasets/souaadrahmoun/brnetval/Multi-Class Brain Tumor MRI Dataset Glioma, Health/Brain Cancer MRI Dataset/Brain Cancer MRI Dataset/Brain Cancer MRI Dataset/Healthy/152.jpg",Healthy,4
/kaggle/input/datasets/rm1000/brain-tumor-mri-scans/healthy/0341.jpg,"/kaggle/input/datasets/souaadrahmoun/brnetval/Multi-Class Brain Tumor MRI Dataset Glioma, Health/Brain Cancer MRI Dataset/Brain Cancer MRI Dataset/Brain Cancer MRI Dataset/Healthy/40.jpg",Healthy,6
/kaggle/input/datasets/rm1000/brain-tumor-mri-scans/healthy/0025.jpg,"/kaggle/input/datasets/souaadrahmoun/brnetval/Multi-Class Brain Tumor MRI Dataset Glioma, Health/Brain Cancer MRI Dataset/Brain Cancer MRI Dataset/Brain Cancer MRI Dataset/Healthy/153.jpg",Healthy,6
/kaggle/input/datasets/rm1000/brain-tumor-mri-scans/healthy/1605.jpg,"/kaggle/input/datasets/souaadrahmoun/brnetval/Multi-Class Brain Tumor MRI Dataset Glioma, Health/Brain Cancer MRI Dataset/Brain Cancer MRI Dataset/Brain Cancer MRI Dataset/Healthy/128.jpg",Healthy,4
/kaggle/input/datasets/rm1000/brain-tumor-mri-scans/healthy/1261.jpg,"/kaggle/input/datasets/souaadrahmoun/brnetval/Multi-Class Brain Tumor MRI Dataset Glioma, Health/Brain Cancer MRI Dataset/Brain Cancer MRI Dataset/Brain Cancer MRI Dataset/Healthy/78.jpg",Healthy,0
/kaggle/input/datasets/rm1000/brain-tumor-mri-scans/healthy/0603.jpg,"/kaggle/input/datasets/souaadrahmoun/brnetval/Multi-Class Brain Tumor MRI Dataset Glioma, Health/Brain Cancer MRI Dataset/Brain Cancer MRI Dataset/Brain Cancer MRI Dataset/Healthy/176.jpg",Healthy,2
/kaggle/input/datasets/rm1000/brain-tumor-mri-scans/healthy/1988.jpg,"/kaggle/input/datasets/souaadrahmoun/brnetval/Multi-Class Brain Tumor MRI Dataset Glioma, Health/Brain Cancer MRI Dataset/Brain Cancer MRI Dataset/Brain Cancer MRI Dataset/Healthy/18.jpg",Healthy,2
/kaggle/input/datasets/rm1000/brain-tumor-mri-scans/healthy/1887.jpg,"/kaggle/input/datasets/souaadrahmoun/brnetval/Multi-Class Brain Tumor MRI Dataset Glioma, Health/Brain Cancer MRI Dataset/Brain Cancer MRI Dataset/Brain Cancer MRI Dataset/Healthy/238.jpg",Healthy,2
/kaggle/input/datasets/rm1000/brain-tumor-mri-scans/healthy/1158.jpg,"/kaggle/input/datasets/souaadrahmoun/brnetval/Multi-Class Brain Tumor MRI Dataset Glioma, Health/Brain Cancer MRI Dataset/Brain Cancer MRI Dataset/Brain Cancer MRI Dataset/Healthy/18.jpg",Healthy,6
/kaggle/input/datasets/rm1000/brain-tumor-mri-scans/healthy/1589.jpg,"/kaggle/input/datasets/souaadrahmoun/brnetval/Multi-Class Brain Tumor MRI Dataset Glioma, Health/Brain Cancer MRI Dataset/Brain Cancer MRI Dataset/Brain Cancer MRI Dataset/Healthy/22.jpg",Healthy,2
/kaggle/input/datasets/rm1000/brain-tumor-mri-scans/healthy/0262.jpg,"/kaggle/input/datasets/souaadrahmoun/brnetval/Multi-Class Brain Tumor MRI Dataset Glioma, Health/Brain Cancer MRI Dataset/Brain Cancer MRI Dataset/Brain Cancer MRI Dataset/Healthy/40.jpg",Healthy,6
/kaggle/input/datasets/rm1000/brain-tumor-mri-scans/healthy/0314.jpg,"/kaggle/input/datasets/souaadrahmoun/brnetval/Multi-Class Brain Tumor MRI Dataset Glioma, Health/Brain Cancer MRI Dataset/Brain Cancer MRI Dataset/Brain Cancer MRI Dataset/Healthy/176.jpg",Healthy,4
/kaggle/input/datasets/rm1000/brain-tumor-mri-scans/healthy/1613.jpg,"/kaggle/input/datasets/souaadrahmoun/brnetval/Multi-Class Brain Tumor MRI Dataset Glioma, Health/Brain Cancer MRI Dataset/Brain Cancer MRI Dataset/Brain Cancer MRI Dataset/Healthy/177.jpg",Healthy,0
/kaggle/input/datasets/rm1000/brain-tumor-mri-scans/healthy/1570.jpg,"/kaggle/input/datasets/souaadrahmoun/brnetval/Multi-Class Brain Tumor MRI Dataset Glioma, Health/Brain Cancer MRI Dataset/Brain Cancer MRI Dataset/Brain Cancer MRI Dataset/Healthy/218.jpg",Healthy,4
/kaggle/input/datasets/rm1000/brain-tumor-mri-scans/healthy/0673.jpg,"/kaggle/input/datasets/souaadrahmoun/brnetval/Multi-Class Brain Tumor MRI Dataset Glioma, Health/Brain Cancer MRI Dataset/Brain Cancer MRI Dataset/Brain Cancer MRI Dataset/Healthy/138.jpg",Healthy,0
/kaggle/input/datasets/rm1000/brain-tumor-mri-scans/healthy/0984.jpg,"/kaggle/input/datasets/souaadrahmoun/brnetval/Multi-Class Brain Tumor MRI Dataset Glioma, Health/Brain Cancer MRI Dataset/Brain Cancer MRI Dataset/Brain Cancer MRI Dataset/Healthy/72.jpg",Healthy,8
/kaggle/input/datasets/rm1000/brain-tumor-mri-scans/healthy/1611.jpg,"/kaggle/input/datasets/souaadrahmoun/brnetval/Multi-Class Brain Tumor MRI Dataset Glioma, Health/Brain Cancer MRI Dataset/Brain Cancer MRI Dataset/Brain Cancer MRI Dataset/Healthy/149.jpg",Healthy,6
/kaggle/input/datasets/rm1000/brain-tumor-mri-scans/healthy/0563.jpg,"/kaggle/input/datasets/souaadrahmoun/brnetval/Multi-Class Brain Tumor MRI Dataset Glioma, Health/Brain Cancer MRI Dataset/Brain Cancer MRI Dataset/Brain Cancer MRI Dataset/Healthy/161.jpg",Healthy,2
/kaggle/input/datasets/rm1000/brain-tumor-mri-scans/healthy/0660.jpg,"/kaggle/input/datasets/souaadrahmoun/brnetval/Multi-Class Brain Tumor MRI Dataset Glioma, Health/Brain Cancer MRI Dataset/Brain Cancer MRI Dataset/Brain Cancer MRI Dataset/Healthy/18.jpg",Healthy,0
/kaggle/input/datasets/rm1000/brain-tumor-mri-scans/healthy/1949.jpg,"/kaggle/input/datasets/souaadrahmoun/brnetval/Multi-Class Brain Tumor MRI Dataset Glioma, Health/Brain Cancer MRI Dataset/Brain Cancer MRI Dataset/Brain Cancer MRI Dataset/Healthy/255.jpg",Healthy,2
/kaggle/input/datasets/rm1000/brain-tumor-mri-scans/healthy/0645.jpg,"/kaggle/input/datasets/souaadrahmoun/brnetval/Multi-Class Brain Tumor MRI Dataset Glioma, Health/Brain Cancer MRI Dataset/Brain Cancer MRI Dataset/Brain Cancer MRI Dataset/Healthy/292.jpg",Healthy,4
/kaggle/input/datasets/rm1000/brain-tumor-mri-scans/healthy/0807.jpg,"/kaggle/input/datasets/souaadrahmoun/brnetval/Multi-Class Brain Tumor MRI Dataset Glioma, Health/Brain Cancer MRI Dataset/Brain Cancer MRI Dataset/Brain Cancer MRI Dataset/Healthy/56.jpg",Healthy,2
/kaggle/input/datasets/rm1000/brain-tumor-mri-scans/healthy/0182.jpg,"/kaggle/input/datasets/souaadrahmoun/brnetval/Multi-Class Brain Tumor MRI Dataset Glioma, Health/Brain Cancer MRI Dataset/Brain Cancer MRI Dataset/Brain Cancer MRI Dataset/Healthy/72.jpg",Healthy,2
/kaggle/input/datasets/rm1000/brain-tumor-mri-scans/healthy/0409.jpg,"/kaggle/input/datasets/souaadrahmoun/brnetval/Multi-Class Brain Tumor MRI Dataset Glioma, Health/Brain Cancer MRI Dataset/Brain Cancer MRI Dataset/Brain Cancer MRI Dataset/Healthy/167.jpg",Healthy,0
/kaggle/input/datasets/rm1000/brain-tumor-mri-scans/healthy/0547.jpg,"/kaggle/input/datasets/souaadrahmoun/brnetval/Multi-Class Brain Tumor MRI Dataset Glioma, Health/Brain Cancer MRI Dataset/Brain Cancer MRI Dataset/Brain Cancer MRI Dataset/Healthy/239.jpg",Healthy,8
/kaggle/input/datasets/rm1000/brain-tumor-mri-scans/healthy/0308.jpg,"/kaggle/input/datasets/souaadrahmoun/brnetval/Multi-Class Brain Tumor MRI Dataset Glioma, Health/Brain Cancer MRI Dataset/Brain Cancer MRI Dataset/Brain Cancer MRI Dataset/Healthy/292.jpg",Healthy,8
/kaggle/input/datasets/rm1000/brain-tumor-mri-scans/healthy/1170.jpg,"/kaggle/input/datasets/souaadrahmoun/brnetval/Multi-Class Brain Tumor MRI Dataset Glioma, Health/Brain Cancer MRI Dataset/Brain Cancer MRI Dataset/Brain Cancer MRI Dataset/Healthy/18.jpg",Healthy,4
/kaggle/input/datasets/rm1000/brain-tumor-mri-scans/healthy/0064.jpg,"/kaggle/input/datasets/souaadrahmoun/brnetval/Multi-Class Brain Tumor MRI Dataset Glioma, Health/Brain Cancer MRI Dataset/Brain Cancer MRI Dataset/Brain Cancer MRI Dataset/Healthy/149.jpg",Healthy,0
/kaggle/input/datasets/rm1000/brain-tumor-mri-scans/healthy/0097.jpg,"/kaggle/input/datasets/souaadrahmoun/brnetval/Multi-Class Brain Tumor MRI Dataset Glioma, Health/Brain Cancer MRI Dataset/Brain Cancer MRI Dataset/Brain Cancer MRI Dataset/Healthy/167.jpg",Healthy,0
/kaggle/input/datasets/rm1000/brain-tumor-mri-scans/healthy/0644.jpg,"/kaggle/input/datasets/souaadrahmoun/brnetval/Multi-Class Brain Tumor MRI Dataset Glioma, Health/Brain Cancer MRI Dataset/Brain Cancer MRI Dataset/Brain Cancer MRI Dataset/Healthy/92.jpg",Healthy,2
/kaggle/input/datasets/rm1000/brain-tumor-mri-scans/healthy/1658.jpg,"/kaggle/input/datasets/souaadrahmoun/brnetval/Multi-Class Brain Tumor MRI Dataset Glioma, Health/Brain Cancer MRI Dataset/Brain Cancer MRI Dataset/Brain Cancer MRI Dataset/Healthy/187.jpg",Healthy,2
/kaggle/input/datasets/rm1000/brain-tumor-mri-scans/healthy/0081.jpg,"/kaggle/input/datasets/souaadrahmoun/brnetval/Multi-Class Brain Tumor MRI Dataset Glioma, Health/Brain Cancer MRI Dataset/Brain Cancer MRI Dataset/Brain Cancer MRI Dataset/Healthy/285.jpg",Healthy,2
/kaggle/input/datasets/rm1000/brain-tumor-mri-scans/healthy/0451.jpg,"/kaggle/input/datasets/souaadrahmoun/brnetval/Multi-Class Brain Tumor MRI Dataset Glioma, Health/Brain Cancer MRI Dataset/Brain Cancer MRI Dataset/Brain Cancer MRI Dataset/Healthy/133.jpg",Healthy,6
/kaggle/input/datasets/rm1000/brain-tumor-mri-scans/healthy/1370.jpg,"/kaggle/input/datasets/souaadrahmoun/brnetval/Multi-Class Brain Tumor MRI Dataset Glioma, Health/Brain Cancer MRI Dataset/Brain Cancer MRI Dataset/Brain Cancer MRI Dataset/Healthy/238.jpg",Healthy,2
/kaggle/input/datasets/rm1000/brain-tumor-mri-scans/healthy/1618.jpg,"/kaggle/input/datasets/souaadrahmoun/brnetval/Multi-Class Brain Tumor MRI Dataset Glioma, Health/Brain Cancer MRI Dataset/Brain Cancer MRI Dataset/Brain Cancer MRI Dataset/Healthy/18.jpg",Healthy,8
/kaggle/input/datasets/rm1000/brain-tumor-mri-scans/healthy/0839.jpg,"/kaggle/input/datasets/souaadrahmoun/brnetval/Multi-Class Brain Tumor MRI Dataset Glioma, Health/Brain Cancer MRI Dataset/Brain Cancer MRI Dataset/Brain Cancer MRI Dataset/Healthy/2.jpg",Healthy,2
/kaggle/input/datasets/rm1000/brain-tumor-mri-scans/healthy/1260.jpg,"/kaggle/input/datasets/souaadrahmoun/brnetval/Multi-Class Brain Tumor MRI Dataset Glioma, Health/Brain Cancer MRI Dataset/Brain Cancer MRI Dataset/Brain Cancer MRI Dataset/Healthy/283.jpg",Healthy,0
/kaggle/input/datasets/rm1000/brain-tumor-mri-scans/healthy/0608.jpg,"/kaggle/input/datasets/souaadrahmoun/brnetval/Multi-Class Brain Tumor MRI Dataset Glioma, Health/Brain Cancer MRI Dataset/Brain Cancer MRI Dataset/Brain Cancer MRI Dataset/Healthy/22.jpg",Healthy,2
/kaggle/input/datasets/rm1000/brain-tumor-mri-scans/healthy/0681.jpg,"/kaggle/input/datasets/souaadrahmoun/brnetval/Multi-Class Brain Tumor MRI Dataset Glioma, Health/Brain Cancer MRI Dataset/Brain Cancer MRI Dataset/Brain Cancer MRI Dataset/Healthy/176.jpg",Healthy,4
/kaggle/input/datasets/rm1000/brain-tumor-mri-scans/healthy/1701.jpg,"/kaggle/input/datasets/souaadrahmoun/brnetval/Multi-Class Brain Tumor MRI Dataset Glioma, Health/Brain Cancer MRI Dataset/Brain Cancer MRI Dataset/Brain Cancer MRI Dataset/Healthy/218.jpg",Healthy,4
/kaggle/input/datasets/rm1000/brain-tumor-mri-scans/healthy/0447.jpg,"/kaggle/input/datasets/souaadrahmoun/brnetval/Multi-Class Brain Tumor MRI Dataset Glioma, Health/Brain Cancer MRI Dataset/Brain Cancer MRI Dataset/Brain Cancer MRI Dataset/Healthy/31.jpg",Healthy,2
/kaggle/input/datasets/rm1000/brain-tumor-mri-scans/healthy/0133.jpg,"/kaggle/input/datasets/souaadrahmoun/brnetval/Multi-Class Brain Tumor MRI Dataset Glioma, Health/Brain Cancer MRI Dataset/Brain Cancer MRI Dataset/Brain Cancer MRI Dataset/Healthy/72.jpg",Healthy,8
/kaggle/input/datasets/rm1000/brain-tumor-mri-scans/healthy/0509.jpg,"/kaggle/input/datasets/souaadrahmoun/brnetval/Multi-Class Brain Tumor MRI Dataset Glioma, Health/Brain Cancer MRI Dataset/Brain Cancer MRI Dataset/Brain Cancer MRI Dataset/Healthy/187.jpg",Healthy,2
/kaggle/input/datasets/rm1000/brain-tumor-mri-scans/healthy/1325.jpg,"/kaggle/input/datasets/souaadrahmoun/brnetval/Multi-Class Brain Tumor MRI Dataset Glioma, Health/Brain Cancer MRI Dataset/Brain Cancer MRI Dataset/Brain Cancer MRI Dataset/Healthy/149.jpg",Healthy,4
/kaggle/input/datasets/rm1000/brain-tumor-mri-scans/healthy/1742.jpg,"/kaggle/input/datasets/souaadrahmoun/brnetval/Multi-Class Brain Tumor MRI Dataset Glioma, Health/Brain Cancer MRI Dataset/Brain Cancer MRI Dataset/Brain Cancer MRI Dataset/Healthy/284.jpg",Healthy,2
/kaggle/input/datasets/rm1000/brain-tumor-mri-scans/healthy/1810.jpg,"/kaggle/input/datasets/souaadrahmoun/brnetval/Multi-Class Brain Tumor MRI Dataset Glioma, Health/Brain Cancer MRI Dataset/Brain Cancer MRI Dataset/Brain Cancer MRI Dataset/Healthy/217.jpg",Healthy,2
/kaggle/input/datasets/rm1000/brain-tumor-mri-scans/healthy/1855.jpg,"/kaggle/input/datasets/souaadrahmoun/brnetval/Multi-Class Brain Tumor MRI Dataset Glioma, Health/Brain Cancer MRI Dataset/Brain Cancer MRI Dataset/Brain Cancer MRI Dataset/Healthy/255.jpg",Healthy,2
/kaggle/input/datasets/rm1000/brain-tumor-mri-scans/healthy/0161.jpg,"/kaggle/input/datasets/souaadrahmoun/brnetval/Multi-Class Brain Tumor MRI Dataset Glioma, Health/Brain Cancer MRI Dataset/Brain Cancer MRI Dataset/Brain Cancer MRI Dataset/Healthy/72.jpg",Healthy,2
/kaggle/input/datasets/rm1000/brain-tumor-mri-scans/healthy/0621.jpg,"/kaggle/input/datasets/souaadrahmoun/brnetval/Multi-Class Brain Tumor MRI Dataset Glioma, Health/Brain Cancer MRI Dataset/Brain Cancer MRI Dataset/Brain Cancer MRI Dataset/Healthy/278.jpg",Healthy,4
/kaggle/input/datasets/rm1000/brain-tumor-mri-scans/healthy/1759.jpg,"/kaggle/input/datasets/souaadrahmoun/brnetval/Multi-Class Brain Tumor MRI Dataset Glioma, Health/Brain Cancer MRI Dataset/Brain Cancer MRI Dataset/Brain Cancer MRI Dataset/Healthy/31.jpg",Healthy,2
/kaggle/input/datasets/rm1000/brain-tumor-mri-scans/healthy/1707.jpg,"/kaggle/input/datasets/souaadrahmoun/brnetval/Multi-Class Brain Tumor MRI Dataset Glioma, Health/Brain Cancer MRI Dataset/Brain Cancer MRI Dataset/Brain Cancer MRI Dataset/Healthy/149.jpg",Healthy,10
/kaggle/input/datasets/rm1000/brain-tumor-mri-scans/healthy/0930.jpg,"/kaggle/input/datasets/souaadrahmoun/brnetval/Multi-Class Brain Tumor MRI Dataset Glioma, Health/Brain Cancer MRI Dataset/Brain Cancer MRI Dataset/Brain Cancer MRI Dataset/Healthy/299.jpg",Healthy,2
/kaggle/input/datasets/rm1000/brain-tumor-mri-scans/healthy/1422.jpg,"/kaggle/input/datasets/souaadrahmoun/brnetval/Multi-Class Brain Tumor MRI Dataset Glioma, Health/Brain Cancer MRI Dataset/Brain Cancer MRI Dataset/Brain Cancer MRI Dataset/Healthy/295.jpg",Healthy,6
/kaggle/input/datasets/rm1000/brain-tumor-mri-scans/healthy/1448.jpg,"/kaggle/input/datasets/souaadrahmoun/brnetval/Multi-Class Brain Tumor MRI Dataset Glioma, Health/Brain Cancer MRI Dataset/Brain Cancer MRI Dataset/Brain Cancer MRI Dataset/Healthy/128.jpg",Healthy,6
/kaggle/input/datasets/rm1000/brain-tumor-mri-scans/healthy/0642.jpg,"/kaggle/input/datasets/souaadrahmoun/brnetval/Multi-Class Brain Tumor MRI Dataset Glioma, Health/Brain Cancer MRI Dataset/Brain Cancer MRI Dataset/Brain Cancer MRI Dataset/Healthy/128.jpg",Healthy,0
/kaggle/input/datasets/rm1000/brain-tumor-mri-scans/healthy/0637.jpg,"/kaggle/input/datasets/souaadrahmoun/brnetval/Multi-Class Brain Tumor MRI Dataset Glioma, Health/Brain Cancer MRI Dataset/Brain Cancer MRI Dataset/Brain Cancer MRI Dataset/Healthy/218.jpg",Healthy,2
/kaggle/input/datasets/rm1000/brain-tumor-mri-scans/healthy/0671.jpg,"/kaggle/input/datasets/souaadrahmoun/brnetval/Multi-Class Brain Tumor MRI Dataset Glioma, Health/Brain Cancer MRI Dataset/Brain Cancer MRI Dataset/Brain Cancer MRI Dataset/Healthy/187.jpg",Healthy,4
/kaggle/input/datasets/rm1000/brain-tumor-mri-scans/healthy/1838.jpg,"/kaggle/input/datasets/souaadrahmoun/brnetval/Multi-Class Brain Tumor MRI Dataset Glioma, Health/Brain Cancer MRI Dataset/Brain Cancer MRI Dataset/Brain Cancer MRI Dataset/Healthy/193.jpg",Healthy,2
/kaggle/input/datasets/rm1000/brain-tumor-mri-scans/healthy/0510.jpg,"/kaggle/input/datasets/souaadrahmoun/brnetval/Multi-Class Brain Tumor MRI Dataset Glioma, Health/Brain Cancer MRI Dataset/Brain Cancer MRI Dataset/Brain Cancer MRI Dataset/Healthy/193.jpg",Healthy,2
/kaggle/input/datasets/rm1000/brain-tumor-mri-scans/healthy/0114.jpg,"/kaggle/input/datasets/souaadrahmoun/brnetval/Multi-Class Brain Tumor MRI Dataset Glioma, Health/Brain Cancer MRI Dataset/Brain Cancer MRI Dataset/Brain Cancer MRI Dataset/Healthy/26.jpg",Healthy,0
/kaggle/input/datasets/rm1000/brain-tumor-mri-scans/healthy/0201.jpg,"/kaggle/input/datasets/souaadrahmoun/brnetval/Multi-Class Brain Tumor MRI Dataset Glioma, Health/Brain Cancer MRI Dataset/Brain Cancer MRI Dataset/Brain Cancer MRI Dataset/Healthy/58.jpg",Healthy,2
/kaggle/input/datasets/rm1000/brain-tumor-mri-scans/healthy/1924.jpg,"/kaggle/input/datasets/souaadrahmoun/brnetval/Multi-Class Brain Tumor MRI Dataset Glioma, Health/Brain Cancer MRI Dataset/Brain Cancer MRI Dataset/Brain Cancer MRI Dataset/Healthy/26.jpg",Healthy,0
/kaggle/input/datasets/rm1000/brain-tumor-mri-scans/healthy/0037.jpg,"/kaggle/input/datasets/souaadrahmoun/brnetval/Multi-Class Brain Tumor MRI Dataset Glioma, Health/Brain Cancer MRI Dataset/Brain Cancer MRI Dataset/Brain Cancer MRI Dataset/Healthy/176.jpg",Healthy,2
/kaggle/input/datasets/rm1000/brain-tumor-mri-scans/healthy/0873.jpg,"/kaggle/input/datasets/souaadrahmoun/brnetval/Multi-Class Brain Tumor MRI Dataset Glioma, Health/Brain Cancer MRI Dataset/Brain Cancer MRI Dataset/Brain Cancer MRI Dataset/Healthy/22.jpg",Healthy,0
/kaggle/input/datasets/rm1000/brain-tumor-mri-scans/healthy/0703.jpg,"/kaggle/input/datasets/souaadrahmoun/brnetval/Multi-Class Brain Tumor MRI Dataset Glioma, Health/Brain Cancer MRI Dataset/Brain Cancer MRI Dataset/Brain Cancer MRI Dataset/Healthy/103.jpg",Healthy,2
/kaggle/input/datasets/rm1000/brain-tumor-mri-scans/healthy/0792.jpg,"/kaggle/input/datasets/souaadrahmoun/brnetval/Multi-Class Brain Tumor MRI Dataset Glioma, Health/Brain Cancer MRI Dataset/Brain Cancer MRI Dataset/Brain Cancer MRI Dataset/Healthy/128.jpg",Healthy,6
/kaggle/input/datasets/rm1000/brain-tumor-mri-scans/healthy/1178.jpg,"/kaggle/input/datasets/souaadrahmoun/brnetval/Multi-Class Brain Tumor MRI Dataset Glioma, Health/Brain Cancer MRI Dataset/Brain Cancer MRI Dataset/Brain Cancer MRI Dataset/Healthy/292.jpg",Healthy,8
/kaggle/input/datasets/rm1000/brain-tumor-mri-scans/healthy/0461.jpg,"/kaggle/input/datasets/souaadrahmoun/brnetval/Multi-Class Brain Tumor MRI Dataset Glioma, Health/Brain Cancer MRI Dataset/Brain Cancer MRI Dataset/Brain Cancer MRI Dataset/Healthy/115.jpg",Healthy,4
/kaggle/input/datasets/rm1000/brain-tumor-mri-scans/healthy/1825.jpg,"/kaggle/input/datasets/souaadrahmoun/brnetval/Multi-Class Brain Tumor MRI Dataset Glioma, Health/Brain Cancer MRI Dataset/Brain Cancer MRI Dataset/Brain Cancer MRI Dataset/Healthy/128.jpg",Healthy,0
/kaggle/input/datasets/rm1000/brain-tumor-mri-scans/healthy/0790.jpg,"/kaggle/input/datasets/souaadrahmoun/brnetval/Multi-Class Brain Tumor MRI Dataset Glioma, Health/Brain Cancer MRI Dataset/Brain Cancer MRI Dataset/Brain Cancer MRI Dataset/Healthy/92.jpg",Healthy,2
/kaggle/input/datasets/rm1000/brain-tumor-mri-scans/healthy/1881.jpg,"/kaggle/input/datasets/souaadrahmoun/brnetval/Multi-Class Brain Tumor MRI Dataset Glioma, Health/Brain Cancer MRI Dataset/Brain Cancer MRI Dataset/Brain Cancer MRI Dataset/Healthy/298.jpg",Healthy,2
/kaggle/input/datasets/rm1000/brain-tumor-mri-scans/healthy/1436.jpg,"/kaggle/input/datasets/souaadrahmoun/brnetval/Multi-Class Brain Tumor MRI Dataset Glioma, Health/Brain Cancer MRI Dataset/Brain Cancer MRI Dataset/Brain Cancer MRI Dataset/Healthy/128.jpg",Healthy,2
/kaggle/input/datasets/rm1000/brain-tumor-mri-scans/healthy/0224.jpg,"/kaggle/input/datasets/souaadrahmoun/brnetval/Multi-Class Brain Tumor MRI Dataset Glioma, Health/Brain Cancer MRI Dataset/Brain Cancer MRI Dataset/Brain Cancer MRI Dataset/Healthy/72.jpg",Healthy,2
/kaggle/input/datasets/rm1000/brain-tumor-mri-scans/healthy/1900.jpg,"/kaggle/input/datasets/souaadrahmoun/brnetval/Multi-Class Brain Tumor MRI Dataset Glioma, Health/Brain Cancer MRI Dataset/Brain Cancer MRI Dataset/Brain Cancer MRI Dataset/Healthy/149.jpg",Healthy,4
/kaggle/input/datasets/rm1000/brain-tumor-mri-scans/healthy/0270.jpg,"/kaggle/input/datasets/souaadrahmoun/brnetval/Multi-Class Brain Tumor MRI Dataset Glioma, Health/Brain Cancer MRI Dataset/Brain Cancer MRI Dataset/Brain Cancer MRI Dataset/Healthy/149.jpg",Healthy,4
/kaggle/input/datasets/rm1000/brain-tumor-mri-scans/healthy/1472.jpg,"/kaggle/input/datasets/souaadrahmoun/brnetval/Multi-Class Brain Tumor MRI Dataset Glioma, Health/Brain Cancer MRI Dataset/Brain Cancer MRI Dataset/Brain Cancer MRI Dataset/Healthy/219.jpg",Healthy,2
/kaggle/input/datasets/rm1000/brain-tumor-mri-scans/healthy/1637.jpg,"/kaggle/input/datasets/souaadrahmoun/brnetval/Multi-Class Brain Tumor MRI Dataset Glioma, Health/Brain Cancer MRI Dataset/Brain Cancer MRI Dataset/Brain Cancer MRI Dataset/Healthy/187.jpg",Healthy,6
/kaggle/input/datasets/rm1000/brain-tumor-mri-scans/healthy/0157.jpg,"/kaggle/input/datasets/souaadrahmoun/brnetval/Multi-Class Brain Tumor MRI Dataset Glioma, Health/Brain Cancer MRI Dataset/Brain Cancer MRI Dataset/Brain Cancer MRI Dataset/Healthy/128.jpg",Healthy,6
/kaggle/input/datasets/rm1000/brain-tumor-mri-scans/healthy/0778.jpg,"/kaggle/input/datasets/souaadrahmoun/brnetval/Multi-Class Brain Tumor MRI Dataset Glioma, Health/Brain Cancer MRI Dataset/Brain Cancer MRI Dataset/Brain Cancer MRI Dataset/Healthy/177.jpg",Healthy,0
/kaggle/input/datasets/rm1000/brain-tumor-mri-scans/healthy/1588.jpg,"/kaggle/input/datasets/souaadrahmoun/brnetval/Multi-Class Brain Tumor MRI Dataset Glioma, Health/Brain Cancer MRI Dataset/Brain Cancer MRI Dataset/Brain Cancer MRI Dataset/Healthy/176.jpg",Healthy,4
/kaggle/input/datasets/rm1000/brain-tumor-mri-scans/healthy/0810.jpg,"/kaggle/input/datasets/souaadrahmoun/brnetval/Multi-Class Brain Tumor MRI Dataset Glioma, Health/Brain Cancer MRI Dataset/Brain Cancer MRI Dataset/Brain Cancer MRI Dataset/Healthy/128.jpg",Healthy,2
/kaggle/input/datasets/rm1000/brain-tumor-mri-scans/healthy/0662.jpg,"/kaggle/input/datasets/souaadrahmoun/brnetval/Multi-Class Brain Tumor MRI Dataset Glioma, Health/Brain Cancer MRI Dataset/Brain Cancer MRI Dataset/Brain Cancer MRI Dataset/Healthy/218.jpg",Healthy,0
/kaggle/input/datasets/rm1000/brain-tumor-mri-scans/healthy/0575.jpg,"/kaggle/input/datasets/souaadrahmoun/brnetval/Multi-Class Brain Tumor MRI Dataset Glioma, Health/Brain Cancer MRI Dataset/Brain Cancer MRI Dataset/Brain Cancer MRI Dataset/Healthy/66.jpg",Healthy,0
/kaggle/input/datasets/rm1000/brain-tumor-mri-scans/healthy/0449.jpg,"/kaggle/input/datasets/souaadrahmoun/brnetval/Multi-Class Brain Tumor MRI Dataset Glioma, Health/Brain Cancer MRI Dataset/Brain Cancer MRI Dataset/Brain Cancer MRI Dataset/Healthy/292.jpg",Healthy,8
/kaggle/input/datasets/rm1000/brain-tumor-mri-scans/healthy/0822.jpg,"/kaggle/input/datasets/souaadrahmoun/brnetval/Multi-Class Brain Tumor MRI Dataset Glioma, Health/Brain Cancer MRI Dataset/Brain Cancer MRI Dataset/Brain Cancer MRI Dataset/Healthy/280.jpg",Healthy,8
/kaggle/input/datasets/rm1000/brain-tumor-mri-scans/healthy/1574.jpg,"/kaggle/input/datasets/souaadrahmoun/brnetval/Multi-Class Brain Tumor MRI Dataset Glioma, Health/Brain Cancer MRI Dataset/Brain Cancer MRI Dataset/Brain Cancer MRI Dataset/Healthy/217.jpg",Healthy,2
/kaggle/input/datasets/rm1000/brain-tumor-mri-scans/healthy/0035.jpg,"/kaggle/input/datasets/souaadrahmoun/brnetval/Multi-Class Brain Tumor MRI Dataset Glioma, Health/Brain Cancer MRI Dataset/Brain Cancer MRI Dataset/Brain Cancer MRI Dataset/Healthy/218.jpg",Healthy,0
/kaggle/input/datasets/rm1000/brain-tumor-mri-scans/healthy/0511.jpg,"/kaggle/input/datasets/souaadrahmoun/brnetval/Multi-Class Brain Tumor MRI Dataset Glioma, Health/Brain Cancer MRI Dataset/Brain Cancer MRI Dataset/Brain Cancer MRI Dataset/Healthy/278.jpg",Healthy,2
/kaggle/input/datasets/rm1000/brain-tumor-mri-scans/healthy/0530.jpg,"/kaggle/input/datasets/souaadrahmoun/brnetval/Multi-Class Brain Tumor MRI Dataset Glioma, Health/Brain Cancer MRI Dataset/Brain Cancer MRI Dataset/Brain Cancer MRI Dataset/Healthy/292.jpg",Healthy,8
/kaggle/input/datasets/rm1000/brain-tumor-mri-scans/healthy/0623.jpg,"/kaggle/input/datasets/souaadrahmoun/brnetval/Multi-Class Brain Tumor MRI Dataset Glioma, Health/Brain Cancer MRI Dataset/Brain Cancer MRI Dataset/Brain Cancer MRI Dataset/Healthy/280.jpg",Healthy,4
/kaggle/input/datasets/rm1000/brain-tumor-mri-scans/healthy/0118.jpg,"/kaggle/input/datasets/souaadrahmoun/brnetval/Multi-Class Brain Tumor MRI Dataset Glioma, Health/Brain Cancer MRI Dataset/Brain Cancer MRI Dataset/Brain Cancer MRI Dataset/Healthy/284.jpg",Healthy,2
/kaggle/input/datasets/rm1000/brain-tumor-mri-scans/healthy/0978.jpg,"/kaggle/input/datasets/souaadrahmoun/brnetval/Multi-Class Brain Tumor MRI Dataset Glioma, Health/Brain Cancer MRI Dataset/Brain Cancer MRI Dataset/Brain Cancer MRI Dataset/Healthy/238.jpg",Healthy,2
/kaggle/input/datasets/rm1000/brain-tumor-mri-scans/healthy/0777.jpg,"/kaggle/input/datasets/souaadrahmoun/brnetval/Multi-Class Brain Tumor MRI Dataset Glioma, Health/Brain Cancer MRI Dataset/Brain Cancer MRI Dataset/Brain Cancer MRI Dataset/Healthy/161.jpg",Healthy,6
/kaggle/input/datasets/rm1000/brain-tumor-mri-scans/healthy/0677.jpg,"/kaggle/input/datasets/souaadrahmoun/brnetval/Multi-Class Brain Tumor MRI Dataset Glioma, Health/Brain Cancer MRI Dataset/Brain Cancer MRI Dataset/Brain Cancer MRI Dataset/Healthy/70.jpg",Healthy,0
/kaggle/input/datasets/rm1000/brain-tumor-mri-scans/healthy/0783.jpg,"/kaggle/input/datasets/souaadrahmoun/brnetval/Multi-Class Brain Tumor MRI Dataset Glioma, Health/Brain Cancer MRI Dataset/Brain Cancer MRI Dataset/Brain Cancer MRI Dataset/Healthy/22.jpg",Healthy,2
/kaggle/input/datasets/rm1000/brain-tumor-mri-scans/healthy/0152.jpg,"/kaggle/input/datasets/souaadrahmoun/brnetval/Multi-Class Brain Tumor MRI Dataset Glioma, Health/Brain Cancer MRI Dataset/Brain Cancer MRI Dataset/Brain Cancer MRI Dataset/Healthy/125.jpg",Healthy,0
/kaggle/input/datasets/rm1000/brain-tumor-mri-scans/healthy/1622.jpg,"/kaggle/input/datasets/souaadrahmoun/brnetval/Multi-Class Brain Tumor MRI Dataset Glioma, Health/Brain Cancer MRI Dataset/Brain Cancer MRI Dataset/Brain Cancer MRI Dataset/Healthy/72.jpg",Healthy,8
/kaggle/input/datasets/rm1000/brain-tumor-mri-scans/healthy/1914.jpg,"/kaggle/input/datasets/souaadrahmoun/brnetval/Multi-Class Brain Tumor MRI Dataset Glioma, Health/Brain Cancer MRI Dataset/Brain Cancer MRI Dataset/Brain Cancer MRI Dataset/Healthy/299.jpg",Healthy,2
/kaggle/input/datasets/rm1000/brain-tumor-mri-scans/healthy/0634.jpg,"/kaggle/input/datasets/souaadrahmoun/brnetval/Multi-Class Brain Tumor MRI Dataset Glioma, Health/Brain Cancer MRI Dataset/Brain Cancer MRI Dataset/Brain Cancer MRI Dataset/Healthy/18.jpg",Healthy,6
/kaggle/input/datasets/rm1000/brain-tumor-mri-scans/healthy/0060.jpg,"/kaggle/input/datasets/souaadrahmoun/brnetval/Multi-Class Brain Tumor MRI Dataset Glioma, Health/Brain Cancer MRI Dataset/Brain Cancer MRI Dataset/Brain Cancer MRI Dataset/Healthy/72.jpg",Healthy,2
/kaggle/input/datasets/rm1000/brain-tumor-mri-scans/healthy/0305.jpg,"/kaggle/input/datasets/souaadrahmoun/brnetval/Multi-Class Brain Tumor MRI Dataset Glioma, Health/Brain Cancer MRI Dataset/Brain Cancer MRI Dataset/Brain Cancer MRI Dataset/Healthy/128.jpg",Healthy,6
/kaggle/input/datasets/rm1000/brain-tumor-mri-scans/healthy/0945.jpg,"/kaggle/input/datasets/souaadrahmoun/brnetval/Multi-Class Brain Tumor MRI Dataset Glioma, Health/Brain Cancer MRI Dataset/Brain Cancer MRI Dataset/Brain Cancer MRI Dataset/Healthy/283.jpg",Healthy,0
/kaggle/input/datasets/rm1000/brain-tumor-mri-scans/healthy/0624.jpg,"/kaggle/input/datasets/souaadrahmoun/brnetval/Multi-Class Brain Tumor MRI Dataset Glioma, Health/Brain Cancer MRI Dataset/Brain Cancer MRI Dataset/Brain Cancer MRI Dataset/Healthy/238.jpg",Healthy,2
/kaggle/input/datasets/rm1000/brain-tumor-mri-scans/healthy/0717.jpg,"/kaggle/input/datasets/souaadrahmoun/brnetval/Multi-Class Brain Tumor MRI Dataset Glioma, Health/Brain Cancer MRI Dataset/Brain Cancer MRI Dataset/Brain Cancer MRI Dataset/Healthy/152.jpg",Healthy,4
/kaggle/input/datasets/rm1000/brain-tumor-mri-scans/healthy/1480.jpg,"/kaggle/input/datasets/souaadrahmoun/brnetval/Multi-Class Brain Tumor MRI Dataset Glioma, Health/Brain Cancer MRI Dataset/Brain Cancer MRI Dataset/Brain Cancer MRI Dataset/Healthy/133.jpg",Healthy,6
/kaggle/input/datasets/rm1000/brain-tumor-mri-scans/healthy/0004.jpg,"/kaggle/input/datasets/souaadrahmoun/brnetval/Multi-Class Brain Tumor MRI Dataset Glioma, Health/Brain Cancer MRI Dataset/Brain Cancer MRI Dataset/Brain Cancer MRI Dataset/Healthy/176.jpg",Healthy,10
/kaggle/input/datasets/rm1000/brain-tumor-mri-scans/healthy/1474.jpg,"/kaggle/input/datasets/souaadrahmoun/brnetval/Multi-Class Brain Tumor MRI Dataset Glioma, Health/Brain Cancer MRI Dataset/Brain Cancer MRI Dataset/Brain Cancer MRI Dataset/Healthy/72.jpg",Healthy,10
/kaggle/input/datasets/rm1000/brain-tumor-mri-scans/healthy/0738.jpg,"/kaggle/input/datasets/souaadrahmoun/brnetval/Multi-Class Brain Tumor MRI Dataset Glioma, Health/Brain Cancer MRI Dataset/Brain Cancer MRI Dataset/Brain Cancer MRI Dataset/Healthy/128.jpg",Healthy,2
/kaggle/input/datasets/rm1000/brain-tumor-mri-scans/healthy/0463.jpg,"/kaggle/input/datasets/souaadrahmoun/brnetval/Multi-Class Brain Tumor MRI Dataset Glioma, Health/Brain Cancer MRI Dataset/Brain Cancer MRI Dataset/Brain Cancer MRI Dataset/Healthy/161.jpg",Healthy,4
/kaggle/input/datasets/rm1000/brain-tumor-mri-scans/healthy/1867.jpg,"/kaggle/input/datasets/souaadrahmoun/brnetval/Multi-Class Brain Tumor MRI Dataset Glioma, Health/Brain Cancer MRI Dataset/Brain Cancer MRI Dataset/Brain Cancer MRI Dataset/Healthy/285.jpg",Healthy,2
/kaggle/input/datasets/rm1000/brain-tumor-mri-scans/healthy/0908.jpg,"/kaggle/input/datasets/souaadrahmoun/brnetval/Multi-Class Brain Tumor MRI Dataset Glioma, Health/Brain Cancer MRI Dataset/Brain Cancer MRI Dataset/Brain Cancer MRI Dataset/Healthy/283.jpg",Healthy,0
/kaggle/input/datasets/rm1000/brain-tumor-mri-scans/healthy/1187.jpg,"/kaggle/input/datasets/souaadrahmoun/brnetval/Multi-Class Brain Tumor MRI Dataset Glioma, Health/Brain Cancer MRI Dataset/Brain Cancer MRI Dataset/Brain Cancer MRI Dataset/Healthy/149.jpg",Healthy,4
/kaggle/input/datasets/rm1000/brain-tumor-mri-scans/healthy/0518.jpg,"/kaggle/input/datasets/souaadrahmoun/brnetval/Multi-Class Brain Tumor MRI Dataset Glioma, Health/Brain Cancer MRI Dataset/Brain Cancer MRI Dataset/Brain Cancer MRI Dataset/Healthy/219.jpg",Healthy,4
/kaggle/input/datasets/rm1000/brain-tumor-mri-scans/healthy/0586.jpg,"/kaggle/input/datasets/souaadrahmoun/brnetval/Multi-Class Brain Tumor MRI Dataset Glioma, Health/Brain Cancer MRI Dataset/Brain Cancer MRI Dataset/Brain Cancer MRI Dataset/Healthy/218.jpg",Healthy,2
/kaggle/input/datasets/rm1000/brain-tumor-mri-scans/healthy/0384.jpg,"/kaggle/input/datasets/souaadrahmoun/brnetval/Multi-Class Brain Tumor MRI Dataset Glioma, Health/Brain Cancer MRI Dataset/Brain Cancer MRI Dataset/Brain Cancer MRI Dataset/Healthy/115.jpg",Healthy,2
/kaggle/input/datasets/rm1000/brain-tumor-mri-scans/healthy/0365.jpg,"/kaggle/input/datasets/souaadrahmoun/brnetval/Multi-Class Brain Tumor MRI Dataset Glioma, Health/Brain Cancer MRI Dataset/Brain Cancer MRI Dataset/Brain Cancer MRI Dataset/Healthy/218.jpg",Healthy,4
/kaggle/input/datasets/rm1000/brain-tumor-mri-scans/healthy/1769.jpg,"/kaggle/input/datasets/souaadrahmoun/brnetval/Multi-Class Brain Tumor MRI Dataset Glioma, Health/Brain Cancer MRI Dataset/Brain Cancer MRI Dataset/Brain Cancer MRI Dataset/Healthy/149.jpg",Healthy,10
/kaggle/input/datasets/rm1000/brain-tumor-mri-scans/healthy/1337.jpg,"/kaggle/input/datasets/souaadrahmoun/brnetval/Multi-Class Brain Tumor MRI Dataset Glioma, Health/Brain Cancer MRI Dataset/Brain Cancer MRI Dataset/Brain Cancer MRI Dataset/Healthy/176.jpg",Healthy,2
/kaggle/input/datasets/rm1000/brain-tumor-mri-scans/healthy/1566.jpg,"/kaggle/input/datasets/souaadrahmoun/brnetval/Multi-Class Brain Tumor MRI Dataset Glioma, Health/Brain Cancer MRI Dataset/Brain Cancer MRI Dataset/Brain Cancer MRI Dataset/Healthy/18.jpg",Healthy,10
/kaggle/input/datasets/rm1000/brain-tumor-mri-scans/healthy/0980.jpg,"/kaggle/input/datasets/souaadrahmoun/brnetval/Multi-Class Brain Tumor MRI Dataset Glioma, Health/Brain Cancer MRI Dataset/Brain Cancer MRI Dataset/Brain Cancer MRI Dataset/Healthy/143.jpg",Healthy,10
/kaggle/input/datasets/rm1000/brain-tumor-mri-scans/healthy/1255.jpg,"/kaggle/input/datasets/souaadrahmoun/brnetval/Multi-Class Brain Tumor MRI Dataset Glioma, Health/Brain Cancer MRI Dataset/Brain Cancer MRI Dataset/Brain Cancer MRI Dataset/Healthy/27.jpg",Healthy,2
/kaggle/input/datasets/rm1000/brain-tumor-mri-scans/healthy/0847.jpg,"/kaggle/input/datasets/souaadrahmoun/brnetval/Multi-Class Brain Tumor MRI Dataset Glioma, Health/Brain Cancer MRI Dataset/Brain Cancer MRI Dataset/Brain Cancer MRI Dataset/Healthy/285.jpg",Healthy,2
/kaggle/input/datasets/rm1000/brain-tumor-mri-scans/healthy/0852.jpg,"/kaggle/input/datasets/souaadrahmoun/brnetval/Multi-Class Brain Tumor MRI Dataset Glioma, Health/Brain Cancer MRI Dataset/Brain Cancer MRI Dataset/Brain Cancer MRI Dataset/Healthy/70.jpg",Healthy,10
/kaggle/input/datasets/rm1000/brain-tumor-mri-scans/healthy/1001.jpg,"/kaggle/input/datasets/souaadrahmoun/brnetval/Multi-Class Brain Tumor MRI Dataset Glioma, Health/Brain Cancer MRI Dataset/Brain Cancer MRI Dataset/Brain Cancer MRI Dataset/Healthy/161.jpg",Healthy,6
/kaggle/input/datasets/rm1000/brain-tumor-mri-scans/healthy/0730.jpg,"/kaggle/input/datasets/souaadrahmoun/brnetval/Multi-Class Brain Tumor MRI Dataset Glioma, Health/Brain Cancer MRI Dataset/Brain Cancer MRI Dataset/Brain Cancer MRI Dataset/Healthy/295.jpg",Healthy,2
/kaggle/input/datasets/rm1000/brain-tumor-mri-scans/healthy/0983.jpg,"/kaggle/input/datasets/souaadrahmoun/brnetval/Multi-Class Brain Tumor MRI Dataset Glioma, Health/Brain Cancer MRI Dataset/Brain Cancer MRI Dataset/Brain Cancer MRI Dataset/Healthy/72.jpg",Healthy,2
/kaggle/input/datasets/rm1000/brain-tumor-mri-scans/healthy/0385.jpg,"/kaggle/input/datasets/souaadrahmoun/brnetval/Multi-Class Brain Tumor MRI Dataset Glioma, Health/Brain Cancer MRI Dataset/Brain Cancer MRI Dataset/Brain Cancer MRI Dataset/Healthy/209.jpg",Healthy,4
/kaggle/input/datasets/rm1000/brain-tumor-mri-scans/healthy/0715.jpg,"/kaggle/input/datasets/souaadrahmoun/brnetval/Multi-Class Brain Tumor MRI Dataset Glioma, Health/Brain Cancer MRI Dataset/Brain Cancer MRI Dataset/Brain Cancer MRI Dataset/Healthy/31.jpg",Healthy,2
/kaggle/input/datasets/rm1000/brain-tumor-mri-scans/healthy/1753.jpg,"/kaggle/input/datasets/souaadrahmoun/brnetval/Multi-Class Brain Tumor MRI Dataset Glioma, Health/Brain Cancer MRI Dataset/Brain Cancer MRI Dataset/Brain Cancer MRI Dataset/Healthy/72.jpg",Healthy,0
/kaggle/input/datasets/rm1000/brain-tumor-mri-scans/healthy/1723.jpg,"/kaggle/input/datasets/souaadrahmoun/brnetval/Multi-Class Brain Tumor MRI Dataset Glioma, Health/Brain Cancer MRI Dataset/Brain Cancer MRI Dataset/Brain Cancer MRI Dataset/Healthy/153.jpg",Healthy,6
/kaggle/input/datasets/rm1000/brain-tumor-mri-scans/healthy/0090.jpg,"/kaggle/input/datasets/souaadrahmoun/brnetval/Multi-Class Brain Tumor MRI Dataset Glioma, Health/Brain Cancer MRI Dataset/Brain Cancer MRI Dataset/Brain Cancer MRI Dataset/Healthy/172.jpg",Healthy,2
/kaggle/input/datasets/rm1000/brain-tumor-mri-scans/healthy/1623.jpg,"/kaggle/input/datasets/souaadrahmoun/brnetval/Multi-Class Brain Tumor MRI Dataset Glioma, Health/Brain Cancer MRI Dataset/Brain Cancer MRI Dataset/Brain Cancer MRI Dataset/Healthy/152.jpg",Healthy,4
/kaggle/input/datasets/rm1000/brain-tumor-mri-scans/healthy/1073.jpg,"/kaggle/input/datasets/souaadrahmoun/brnetval/Multi-Class Brain Tumor MRI Dataset Glioma, Health/Brain Cancer MRI Dataset/Brain Cancer MRI Dataset/Brain Cancer MRI Dataset/Healthy/120.jpg",Healthy,2
/kaggle/input/datasets/rm1000/brain-tumor-mri-scans/healthy/0453.jpg,"/kaggle/input/datasets/souaadrahmoun/brnetval/Multi-Class Brain Tumor MRI Dataset Glioma, Health/Brain Cancer MRI Dataset/Brain Cancer MRI Dataset/Brain Cancer MRI Dataset/Healthy/72.jpg",Healthy,2
/kaggle/input/datasets/rm1000/brain-tumor-mri-scans/healthy/1306.jpg,"/kaggle/input/datasets/souaadrahmoun/brnetval/Multi-Class Brain Tumor MRI Dataset Glioma, Health/Brain Cancer MRI Dataset/Brain Cancer MRI Dataset/Brain Cancer MRI Dataset/Healthy/72.jpg",Healthy,2
/kaggle/input/datasets/rm1000/brain-tumor-mri-scans/healthy/1113.jpg,"/kaggle/input/datasets/souaadrahmoun/brnetval/Multi-Class Brain Tumor MRI Dataset Glioma, Health/Brain Cancer MRI Dataset/Brain Cancer MRI Dataset/Brain Cancer MRI Dataset/Healthy/92.jpg",Healthy,2
/kaggle/input/datasets/rm1000/brain-tumor-mri-scans/healthy/0248.jpg,"/kaggle/input/datasets/souaadrahmoun/brnetval/Multi-Class Brain Tumor MRI Dataset Glioma, Health/Brain Cancer MRI Dataset/Brain Cancer MRI Dataset/Brain Cancer MRI Dataset/Healthy/176.jpg",Healthy,2
/kaggle/input/datasets/rm1000/brain-tumor-mri-scans/healthy/0342.jpg,"/kaggle/input/datasets/souaadrahmoun/brnetval/Multi-Class Brain Tumor MRI Dataset Glioma, Health/Brain Cancer MRI Dataset/Brain Cancer MRI Dataset/Brain Cancer MRI Dataset/Healthy/128.jpg",Healthy,2
/kaggle/input/datasets/rm1000/brain-tumor-mri-scans/healthy/0084.jpg,"/kaggle/input/datasets/souaadrahmoun/brnetval/Multi-Class Brain Tumor MRI Dataset Glioma, Health/Brain Cancer MRI Dataset/Brain Cancer MRI Dataset/Brain Cancer MRI Dataset/Healthy/187.jpg",Healthy,6
/kaggle/input/datasets/rm1000/brain-tumor-mri-scans/healthy/0851.jpg,"/kaggle/input/datasets/souaadrahmoun/brnetval/Multi-Class Brain Tumor MRI Dataset Glioma, Health/Brain Cancer MRI Dataset/Brain Cancer MRI Dataset/Brain Cancer MRI Dataset/Healthy/239.jpg",Healthy,8
/kaggle/input/datasets/rm1000/brain-tumor-mri-scans/healthy/0167.jpg,"/kaggle/input/datasets/souaadrahmoun/brnetval/Multi-Class Brain Tumor MRI Dataset Glioma, Health/Brain Cancer MRI Dataset/Brain Cancer MRI Dataset/Brain Cancer MRI Dataset/Healthy/176.jpg",Healthy,0
/kaggle/input/datasets/rm1000/brain-tumor-mri-scans/healthy/0339.jpg,"/kaggle/input/datasets/souaadrahmoun/brnetval/Multi-Class Brain Tumor MRI Dataset Glioma, Health/Brain Cancer MRI Dataset/Brain Cancer MRI Dataset/Brain Cancer MRI Dataset/Healthy/278.jpg",Healthy,0
/kaggle/input/datasets/rm1000/brain-tumor-mri-scans/healthy/0985.jpg,"/kaggle/input/datasets/souaadrahmoun/brnetval/Multi-Class Brain Tumor MRI Dataset Glioma, Health/Brain Cancer MRI Dataset/Brain Cancer MRI Dataset/Brain Cancer MRI Dataset/Healthy/70.jpg",Healthy,2
/kaggle/input/datasets/rm1000/brain-tumor-mri-scans/healthy/1456.jpg,"/kaggle/input/datasets/souaadrahmoun/brnetval/Multi-Class Brain Tumor MRI Dataset Glioma, Health/Brain Cancer MRI Dataset/Brain Cancer MRI Dataset/Brain Cancer MRI Dataset/Healthy/145.jpg",Healthy,4
/kaggle/input/datasets/rm1000/brain-tumor-mri-scans/healthy/0893.jpg,"/kaggle/input/datasets/souaadrahmoun/brnetval/Multi-Class Brain Tumor MRI Dataset Glioma, Health/Brain Cancer MRI Dataset/Brain Cancer MRI Dataset/Brain Cancer MRI Dataset/Healthy/70.jpg",Healthy,8
/kaggle/input/datasets/rm1000/brain-tumor-mri-scans/healthy/1115.jpg,"/kaggle/input/datasets/souaadrahmoun/brnetval/Multi-Class Brain Tumor MRI Dataset Glioma, Health/Brain Cancer MRI Dataset/Brain Cancer MRI Dataset/Brain Cancer MRI Dataset/Healthy/218.jpg",Healthy,0
/kaggle/input/datasets/rm1000/brain-tumor-mri-scans/healthy/0836.jpg,"/kaggle/input/datasets/souaadrahmoun/brnetval/Multi-Class Brain Tumor MRI Dataset Glioma, Health/Brain Cancer MRI Dataset/Brain Cancer MRI Dataset/Brain Cancer MRI Dataset/Healthy/217.jpg",Healthy,2
/kaggle/input/datasets/rm1000/brain-tumor-mri-scans/healthy/1226.jpg,"/kaggle/input/datasets/souaadrahmoun/brnetval/Multi-Class Brain Tumor MRI Dataset Glioma, Health/Brain Cancer MRI Dataset/Brain Cancer MRI Dataset/Brain Cancer MRI Dataset/Healthy/218.jpg",Healthy,6
/kaggle/input/datasets/rm1000/brain-tumor-mri-scans/healthy/0615.jpg,"/kaggle/input/datasets/souaadrahmoun/brnetval/Multi-Class Brain Tumor MRI Dataset Glioma, Health/Brain Cancer MRI Dataset/Brain Cancer MRI Dataset/Brain Cancer MRI Dataset/Healthy/218.jpg",Healthy,0
/kaggle/input/datasets/rm1000/brain-tumor-mri-scans/healthy/1229.jpg,"/kaggle/input/datasets/souaadrahmoun/brnetval/Multi-Class Brain Tumor MRI Dataset Glioma, Health/Brain Cancer MRI Dataset/Brain Cancer MRI Dataset/Brain Cancer MRI Dataset/Healthy/149.jpg",Healthy,4
/kaggle/input/datasets/rm1000/brain-tumor-mri-scans/healthy/0749.jpg,"/kaggle/input/datasets/souaadrahmoun/brnetval/Multi-Class Brain Tumor MRI Dataset Glioma, Health/Brain Cancer MRI Dataset/Brain Cancer MRI Dataset/Brain Cancer MRI Dataset/Healthy/187.jpg",Healthy,8
/kaggle/input/datasets/rm1000/brain-tumor-mri-scans/healthy/0129.jpg,"/kaggle/input/datasets/souaadrahmoun/brnetval/Multi-Class Brain Tumor MRI Dataset Glioma, Health/Brain Cancer MRI Dataset/Brain Cancer MRI Dataset/Brain Cancer MRI Dataset/Healthy/218.jpg",Healthy,2
/kaggle/input/datasets/rm1000/brain-tumor-mri-scans/healthy/1509.jpg,"/kaggle/input/datasets/souaadrahmoun/brnetval/Multi-Class Brain Tumor MRI Dataset Glioma, Health/Brain Cancer MRI Dataset/Brain Cancer MRI Dataset/Brain Cancer MRI Dataset/Healthy/283.jpg",Healthy,0
/kaggle/input/datasets/rm1000/brain-tumor-mri-scans/healthy/1969.jpg,"/kaggle/input/datasets/souaadrahmoun/brnetval/Multi-Class Brain Tumor MRI Dataset Glioma, Health/Brain Cancer MRI Dataset/Brain Cancer MRI Dataset/Brain Cancer MRI Dataset/Healthy/92.jpg",Healthy,10
/kaggle/input/datasets/rm1000/brain-tumor-mri-scans/healthy/1516.jpg,"/kaggle/input/datasets/souaadrahmoun/brnetval/Multi-Class Brain Tumor MRI Dataset Glioma, Health/Brain Cancer MRI Dataset/Brain Cancer MRI Dataset/Brain Cancer MRI Dataset/Healthy/72.jpg",Healthy,0
/kaggle/input/datasets/rm1000/brain-tumor-mri-scans/healthy/0824.jpg,"/kaggle/input/datasets/souaadrahmoun/brnetval/Multi-Class Brain Tumor MRI Dataset Glioma, Health/Brain Cancer MRI Dataset/Brain Cancer MRI Dataset/Brain Cancer MRI Dataset/Healthy/72.jpg",Healthy,8
/kaggle/input/datasets/rm1000/brain-tumor-mri-scans/healthy/1752.jpg,"/kaggle/input/datasets/souaadrahmoun/brnetval/Multi-Class Brain Tumor MRI Dataset Glioma, Health/Brain Cancer MRI Dataset/Brain Cancer MRI Dataset/Brain Cancer MRI Dataset/Healthy/295.jpg",Healthy,6
/kaggle/input/datasets/rm1000/brain-tumor-mri-scans/healthy/0701.jpg,"/kaggle/input/datasets/souaadrahmoun/brnetval/Multi-Class Brain Tumor MRI Dataset Glioma, Health/Brain Cancer MRI Dataset/Brain Cancer MRI Dataset/Brain Cancer MRI Dataset/Healthy/84.jpg",Healthy,4
/kaggle/input/datasets/rm1000/brain-tumor-mri-scans/healthy/0576.jpg,"/kaggle/input/datasets/souaadrahmoun/brnetval/Multi-Class Brain Tumor MRI Dataset Glioma, Health/Brain Cancer MRI Dataset/Brain Cancer MRI Dataset/Brain Cancer MRI Dataset/Healthy/176.jpg",Healthy,2
/kaggle/input/datasets/rm1000/brain-tumor-mri-scans/healthy/1220.jpg,"/kaggle/input/datasets/souaadrahmoun/brnetval/Multi-Class Brain Tumor MRI Dataset Glioma, Health/Brain Cancer MRI Dataset/Brain Cancer MRI Dataset/Brain Cancer MRI Dataset/Healthy/92.jpg",Healthy,2
/kaggle/input/datasets/rm1000/brain-tumor-mri-scans/healthy/0400.jpg,"/kaggle/input/datasets/souaadrahmoun/brnetval/Multi-Class Brain Tumor MRI Dataset Glioma, Health/Brain Cancer MRI Dataset/Brain Cancer MRI Dataset/Brain Cancer MRI Dataset/Healthy/103.jpg",Healthy,0
/kaggle/input/datasets/rm1000/brain-tumor-mri-scans/healthy/1659.jpg,"/kaggle/input/datasets/souaadrahmoun/brnetval/Multi-Class Brain Tumor MRI Dataset Glioma, Health/Brain Cancer MRI Dataset/Brain Cancer MRI Dataset/Brain Cancer MRI Dataset/Healthy/172.jpg",Healthy,2
/kaggle/input/datasets/rm1000/brain-tumor-mri-scans/healthy/1953.jpg,"/kaggle/input/datasets/souaadrahmoun/brnetval/Multi-Class Brain Tumor MRI Dataset Glioma, Health/Brain Cancer MRI Dataset/Brain Cancer MRI Dataset/Brain Cancer MRI Dataset/Healthy/238.jpg",Healthy,2
/kaggle/input/datasets/rm1000/brain-tumor-mri-scans/healthy/1647.jpg,"/kaggle/input/datasets/souaadrahmoun/brnetval/Multi-Class Brain Tumor MRI Dataset Glioma, Health/Brain Cancer MRI Dataset/Brain Cancer MRI Dataset/Brain Cancer MRI Dataset/Healthy/40.jpg",Healthy,0
/kaggle/input/datasets/rm1000/brain-tumor-mri-scans/healthy/1230.jpg,"/kaggle/input/datasets/souaadrahmoun/brnetval/Multi-Class Brain Tumor MRI Dataset Glioma, Health/Brain Cancer MRI Dataset/Brain Cancer MRI Dataset/Brain Cancer MRI Dataset/Healthy/285.jpg",Healthy,0
/kaggle/input/datasets/rm1000/brain-tumor-mri-scans/healthy/1578.jpg,"/kaggle/input/datasets/souaadrahmoun/brnetval/Multi-Class Brain Tumor MRI Dataset Glioma, Health/Brain Cancer MRI Dataset/Brain Cancer MRI Dataset/Brain Cancer MRI Dataset/Healthy/217.jpg",Healthy,2
/kaggle/input/datasets/rm1000/brain-tumor-mri-scans/healthy/1467.jpg,"/kaggle/input/datasets/souaadrahmoun/brnetval/Multi-Class Brain Tumor MRI Dataset Glioma, Health/Brain Cancer MRI Dataset/Brain Cancer MRI Dataset/Brain Cancer MRI Dataset/Healthy/298.jpg",Healthy,4
/kaggle/input/datasets/rm1000/brain-tumor-mri-scans/healthy/1681.jpg,"/kaggle/input/datasets/souaadrahmoun/brnetval/Multi-Class Brain Tumor MRI Dataset Glioma, Health/Brain Cancer MRI Dataset/Brain Cancer MRI Dataset/Brain Cancer MRI Dataset/Healthy/92.jpg",Healthy,2
/kaggle/input/datasets/rm1000/brain-tumor-mri-scans/healthy/0858.jpg,"/kaggle/input/datasets/souaadrahmoun/brnetval/Multi-Class Brain Tumor MRI Dataset Glioma, Health/Brain Cancer MRI Dataset/Brain Cancer MRI Dataset/Brain Cancer MRI Dataset/Healthy/72.jpg",Healthy,0
/kaggle/input/datasets/rm1000/brain-tumor-mri-scans/healthy/1204.jpg,"/kaggle/input/datasets/souaadrahmoun/brnetval/Multi-Class Brain Tumor MRI Dataset Glioma, Health/Brain Cancer MRI Dataset/Brain Cancer MRI Dataset/Brain Cancer MRI Dataset/Healthy/218.jpg",Healthy,2
/kaggle/input/datasets/rm1000/brain-tumor-mri-scans/healthy/0726.jpg,"/kaggle/input/datasets/souaadrahmoun/brnetval/Multi-Class Brain Tumor MRI Dataset Glioma, Health/Brain Cancer MRI Dataset/Brain Cancer MRI Dataset/Brain Cancer MRI Dataset/Healthy/153.jpg",Healthy,0
/kaggle/input/datasets/rm1000/brain-tumor-mri-scans/healthy/0513.jpg,"/kaggle/input/datasets/souaadrahmoun/brnetval/Multi-Class Brain Tumor MRI Dataset Glioma, Health/Brain Cancer MRI Dataset/Brain Cancer MRI Dataset/Brain Cancer MRI Dataset/Healthy/149.jpg",Healthy,4
/kaggle/input/datasets/rm1000/brain-tumor-mri-scans/healthy/1994.jpg,"/kaggle/input/datasets/souaadrahmoun/brnetval/Multi-Class Brain Tumor MRI Dataset Glioma, Health/Brain Cancer MRI Dataset/Brain Cancer MRI Dataset/Brain Cancer MRI Dataset/Healthy/31.jpg",Healthy,2
/kaggle/input/datasets/rm1000/brain-tumor-mri-scans/healthy/1323.jpg,"/kaggle/input/datasets/souaadrahmoun/brnetval/Multi-Class Brain Tumor MRI Dataset Glioma, Health/Brain Cancer MRI Dataset/Brain Cancer MRI Dataset/Brain Cancer MRI Dataset/Healthy/177.jpg",Healthy,0
/kaggle/input/datasets/rm1000/brain-tumor-mri-scans/healthy/0200.jpg,"/kaggle/input/datasets/souaadrahmoun/brnetval/Multi-Class Brain Tumor MRI Dataset Glioma, Health/Brain Cancer MRI Dataset/Brain Cancer MRI Dataset/Brain Cancer MRI Dataset/Healthy/40.jpg",Healthy,6
/kaggle/input/datasets/rm1000/brain-tumor-mri-scans/healthy/0764.jpg,"/kaggle/input/datasets/souaadrahmoun/brnetval/Multi-Class Brain Tumor MRI Dataset Glioma, Health/Brain Cancer MRI Dataset/Brain Cancer MRI Dataset/Brain Cancer MRI Dataset/Healthy/120.jpg",Healthy,2
/kaggle/input/datasets/rm1000/brain-tumor-mri-scans/healthy/1252.jpg,"/kaggle/input/datasets/souaadrahmoun/brnetval/Multi-Class Brain Tumor MRI Dataset Glioma, Health/Brain Cancer MRI Dataset/Brain Cancer MRI Dataset/Brain Cancer MRI Dataset/Healthy/153.jpg",Healthy,6
/kaggle/input/datasets/rm1000/brain-tumor-mri-scans/meningioma/0617.jpg,"/kaggle/input/datasets/souaadrahmoun/brnetval/Multi-Class Brain Tumor MRI Dataset Glioma, Health/Brain Cancer MRI Dataset/Brain Cancer MRI Dataset/Brain Cancer MRI Dataset/Meningioma/161.jpg",Meningioma,0
/kaggle/input/datasets/rm1000/brain-tumor-mri-scans/meningioma/1354.jpg,"/kaggle/input/datasets/souaadrahmoun/brnetval/Multi-Class Brain Tumor MRI Dataset Glioma, Health/Brain Cancer MRI Dataset/Brain Cancer MRI Dataset/Brain Cancer MRI Dataset/Meningioma/181.jpg",Meningioma,0
/kaggle/input/datasets/rm1000/brain-tumor-mri-scans/meningioma/1380.jpg,"/kaggle/input/datasets/souaadrahmoun/brnetval/Multi-Class Brain Tumor MRI Dataset Glioma, Health/Brain Cancer MRI Dataset/Brain Cancer MRI Dataset/Brain Cancer MRI Dataset/Meningioma/277.jpg",Meningioma,0
/kaggle/input/datasets/rm1000/brain-tumor-mri-scans/meningioma/1340.jpg,"/kaggle/input/datasets/souaadrahmoun/brnetval/Multi-Class Brain Tumor MRI Dataset Glioma, Health/Brain Cancer MRI Dataset/Brain Cancer MRI Dataset/Brain Cancer MRI Dataset/Meningioma/209.jpg",Meningioma,0
/kaggle/input/datasets/rm1000/brain-tumor-mri-scans/meningioma/0364.jpg,"/kaggle/input/datasets/souaadrahmoun/brnetval/Multi-Class Brain Tumor MRI Dataset Glioma, Health/Brain Cancer MRI Dataset/Brain Cancer MRI Dataset/Brain Cancer MRI Dataset/Meningioma/253.jpg",Meningioma,0
/kaggle/input/datasets/rm1000/brain-tumor-mri-scans/meningioma/0337.jpg,"/kaggle/input/datasets/souaadrahmoun/brnetval/Multi-Class Brain Tumor MRI Dataset Glioma, Health/Brain Cancer MRI Dataset/Brain Cancer MRI Dataset/Brain Cancer MRI Dataset/Meningioma/97.jpg",Meningioma,2
/kaggle/input/datasets/rm1000/brain-tumor-mri-scans/meningioma/1124.jpg,"/kaggle/input/datasets/souaadrahmoun/brnetval/Multi-Class Brain Tumor MRI Dataset Glioma, Health/Brain Cancer MRI Dataset/Brain Cancer MRI Dataset/Brain Cancer MRI Dataset/Meningioma/109.jpg",Meningioma,4
/kaggle/input/datasets/rm1000/brain-tumor-mri-scans/meningioma/0141.jpg,"/kaggle/input/datasets/souaadrahmoun/brnetval/Multi-Class Brain Tumor MRI Dataset Glioma, Health/Brain Cancer MRI Dataset/Brain Cancer MRI Dataset/Brain Cancer MRI Dataset/Meningioma/216.jpg",Meningioma,0
/kaggle/input/datasets/rm1000/brain-tumor-mri-scans/meningioma/1055.jpg,"/kaggle/input/datasets/souaadrahmoun/brnetval/Multi-Class Brain Tumor MRI Dataset Glioma, Health/Brain Cancer MRI Dataset/Brain Cancer MRI Dataset/Brain Cancer MRI Dataset/Meningioma/240.jpg",Meningioma,0
/kaggle/input/datasets/rm1000/brain-tumor-mri-scans/meningioma/0970.jpg,"/kaggle/input/datasets/souaadrahmoun/brnetval/Multi-Class Brain Tumor MRI Dataset Glioma, Health/Brain Cancer MRI Dataset/Brain Cancer MRI Dataset/Brain Cancer MRI Dataset/Meningioma/188.jpg",Meningioma,2
/kaggle/input/datasets/rm1000/brain-tumor-mri-scans/meningioma/0355.jpg,"/kaggle/input/datasets/souaadrahmoun/brnetval/Multi-Class Brain Tumor MRI Dataset Glioma, Health/Brain Cancer MRI Dataset/Brain Cancer MRI Dataset/Brain Cancer MRI Dataset/Meningioma/164.jpg",Meningioma,0
/kaggle/input/datasets/rm1000/brain-tumor-mri-scans/meningioma/0705.jpg,"/kaggle/input/datasets/souaadrahmoun/brnetval/Multi-Class Brain Tumor MRI Dataset Glioma, Health/Brain Cancer MRI Dataset/Brain Cancer MRI Dataset/Brain Cancer MRI Dataset/Meningioma/174.jpg",Meningioma,2
/kaggle/input/datasets/rm1000/brain-tumor-mri-scans/meningioma/1025.jpg,"/kaggle/input/datasets/souaadrahmoun/brnetval/Multi-Class Brain Tumor MRI Dataset Glioma, Health/Brain Cancer MRI Dataset/Brain Cancer MRI Dataset/Brain Cancer MRI Dataset/Meningioma/272.jpg",Meningioma,0
/kaggle/input/datasets/rm1000/brain-tumor-mri-scans/meningioma/0057.jpg,"/kaggle/input/datasets/souaadrahmoun/brnetval/Multi-Class Brain Tumor MRI Dataset Glioma, Health/Brain Cancer MRI Dataset/Brain Cancer MRI Dataset/Brain Cancer MRI Dataset/Meningioma/4.jpg",Meningioma,2
/kaggle/input/datasets/rm1000/brain-tumor-mri-scans/meningioma/1443.jpg,"/kaggle/input/datasets/souaadrahmoun/brnetval/Multi-Class Brain Tumor MRI Dataset Glioma, Health/Brain Cancer MRI Dataset/Brain Cancer MRI Dataset/Brain Cancer MRI Dataset/Meningioma/196.jpg",Meningioma,2
/kaggle/input/datasets/rm1000/brain-tumor-mri-scans/meningioma/0429.jpg,"/kaggle/input/datasets/souaadrahmoun/brnetval/Multi-Class Brain Tumor MRI Dataset Glioma, Health/Brain Cancer MRI Dataset/Brain Cancer MRI Dataset/Brain Cancer MRI Dataset/Meningioma/117.jpg",Meningioma,0
/kaggle/input/datasets/rm1000/brain-tumor-mri-scans/meningioma/0879.jpg,"/kaggle/input/datasets/souaadrahmoun/brnetval/Multi-Class Brain Tumor MRI Dataset Glioma, Health/Brain Cancer MRI Dataset/Brain Cancer MRI Dataset/Brain Cancer MRI Dataset/Meningioma/183.jpg",Meningioma,0
/kaggle/input/datasets/rm1000/brain-tumor-mri-scans/meningioma/1401.jpg,"/kaggle/input/datasets/souaadrahmoun/brnetval/Multi-Class Brain Tumor MRI Dataset Glioma, Health/Brain Cancer MRI Dataset/Brain Cancer MRI Dataset/Brain Cancer MRI Dataset/Meningioma/40.jpg",Meningioma,4
/kaggle/input/datasets/rm1000/brain-tumor-mri-scans/meningioma/0403.jpg,"/kaggle/input/datasets/souaadrahmoun/brnetval/Multi-Class Brain Tumor MRI Dataset Glioma, Health/Brain Cancer MRI Dataset/Brain Cancer MRI Dataset/Brain Cancer MRI Dataset/Meningioma/291.jpg",Meningioma,0
/kaggle/input/datasets/rm1000/brain-tumor-mri-scans/meningioma/0026.jpg,"/kaggle/input/datasets/souaadrahmoun/brnetval/Multi-Class Brain Tumor MRI Dataset Glioma, Health/Brain Cancer MRI Dataset/Brain Cancer MRI Dataset/Brain Cancer MRI Dataset/Meningioma/204.jpg",Meningioma,0
/kaggle/input/datasets/rm1000/brain-tumor-mri-scans/meningioma/1371.jpg,"/kaggle/input/datasets/souaadrahmoun/brnetval/Multi-Class Brain Tumor MRI Dataset Glioma, Health/Brain Cancer MRI Dataset/Brain Cancer MRI Dataset/Brain Cancer MRI Dataset/Meningioma/232.jpg",Meningioma,0
/kaggle/input/datasets/rm1000/brain-tumor-mri-scans/meningioma/0542.jpg,"/kaggle/input/datasets/souaadrahmoun/brnetval/Multi-Class Brain Tumor MRI Dataset Glioma, Health/Brain Cancer MRI Dataset/Brain Cancer MRI Dataset/Brain Cancer MRI Dataset/Meningioma/48.jpg",Meningioma,2
/kaggle/input/datasets/rm1000/brain-tumor-mri-scans/meningioma/0065.jpg,"/kaggle/input/datasets/souaadrahmoun/brnetval/Multi-Class Brain Tumor MRI Dataset Glioma, Health/Brain Cancer MRI Dataset/Brain Cancer MRI Dataset/Brain Cancer MRI Dataset/Meningioma/229.jpg",Meningioma,2
/kaggle/input/datasets/rm1000/brain-tumor-mri-scans/meningioma/0564.jpg,"/kaggle/input/datasets/souaadrahmoun/brnetval/Multi-Class Brain Tumor MRI Dataset Glioma, Health/Brain Cancer MRI Dataset/Brain Cancer MRI Dataset/Brain Cancer MRI Dataset/Meningioma/299.jpg",Meningioma,2
/kaggle/input/datasets/rm1000/brain-tumor-mri-scans/meningioma/0271.jpg,"/kaggle/input/datasets/souaadrahmoun/brnetval/Multi-Class Brain Tumor MRI Dataset Glioma, Health/Brain Cancer MRI Dataset/Brain Cancer MRI Dataset/Brain Cancer MRI Dataset/Meningioma/278.jpg",Meningioma,0
/kaggle/input/datasets/rm1000/brain-tumor-mri-scans/meningioma/0042.jpg,"/kaggle/input/datasets/souaadrahmoun/brnetval/Multi-Class Brain Tumor MRI Dataset Glioma, Health/Brain Cancer MRI Dataset/Brain Cancer MRI Dataset/Brain Cancer MRI Dataset/Meningioma/91.jpg",Meningioma,0
/kaggle/input/datasets/rm1000/brain-tumor-mri-scans/meningioma/0000.jpg,"/kaggle/input/datasets/souaadrahmoun/brnetval/Multi-Class Brain Tumor MRI Dataset Glioma, Health/Brain Cancer MRI Dataset/Brain Cancer MRI Dataset/Brain Cancer MRI Dataset/Meningioma/156.jpg",Meningioma,0
/kaggle/input/datasets/rm1000/brain-tumor-mri-scans/meningioma/0794.jpg,"/kaggle/input/datasets/souaadrahmoun/brnetval/Multi-Class Brain Tumor MRI Dataset Glioma, Health/Brain Cancer MRI Dataset/Brain Cancer MRI Dataset/Brain Cancer MRI Dataset/Meningioma/273.jpg",Meningioma,0
/kaggle/input/datasets/rm1000/brain-tumor-mri-scans/meningioma/0289.jpg,"/kaggle/input/datasets/souaadrahmoun/brnetval/Multi-Class Brain Tumor MRI Dataset Glioma, Health/Brain Cancer MRI Dataset/Brain Cancer MRI Dataset/Brain Cancer MRI Dataset/Meningioma/222.jpg",Meningioma,0
/kaggle/input/datasets/rm1000/brain-tumor-mri-scans/meningioma/1197.jpg,"/kaggle/input/datasets/souaadrahmoun/brnetval/Multi-Class Brain Tumor MRI Dataset Glioma, Health/Brain Cancer MRI Dataset/Brain Cancer MRI Dataset/Brain Cancer MRI Dataset/Meningioma/227.jpg",Meningioma,2
/kaggle/input/datasets/rm1000/brain-tumor-mri-scans/meningioma/0555.jpg,"/kaggle/input/datasets/souaadrahmoun/brnetval/Multi-Class Brain Tumor MRI Dataset Glioma, Health/Brain Cancer MRI Dataset/Brain Cancer MRI Dataset/Brain Cancer MRI Dataset/Meningioma/58.jpg",Meningioma,0
/kaggle/input/datasets/rm1000/brain-tumor-mri-scans/meningioma/0424.jpg,"/kaggle/input/datasets/souaadrahmoun/brnetval/Multi-Class Brain Tumor MRI Dataset Glioma, Health/Brain Cancer MRI Dataset/Brain Cancer MRI Dataset/Brain Cancer MRI Dataset/Meningioma/296.jpg",Meningioma,2
/kaggle/input/datasets/rm1000/brain-tumor-mri-scans/meningioma/0438.jpg,"/kaggle/input/datasets/souaadrahmoun/brnetval/Multi-Class Brain Tumor MRI Dataset Glioma, Health/Brain Cancer MRI Dataset/Brain Cancer MRI Dataset/Brain Cancer MRI Dataset/Meningioma/7.jpg",Meningioma,0
/kaggle/input/datasets/rm1000/brain-tumor-mri-scans/meningioma/1580.jpg,"/kaggle/input/datasets/souaadrahmoun/brnetval/Multi-Class Brain Tumor MRI Dataset Glioma, Health/Brain Cancer MRI Dataset/Brain Cancer MRI Dataset/Brain Cancer MRI Dataset/Meningioma/147.jpg",Meningioma,2
/kaggle/input/datasets/rm1000/brain-tumor-mri-scans/meningioma/0237.jpg,"/kaggle/input/datasets/souaadrahmoun/brnetval/Multi-Class Brain Tumor MRI Dataset Glioma, Health/Brain Cancer MRI Dataset/Brain Cancer MRI Dataset/Brain Cancer MRI Dataset/Meningioma/212.jpg",Meningioma,0
/kaggle/input/datasets/rm1000/brain-tumor-mri-scans/meningioma/0694.jpg,"/kaggle/input/datasets/souaadrahmoun/brnetval/Multi-Class Brain Tumor MRI Dataset Glioma, Health/Brain Cancer MRI Dataset/Brain Cancer MRI Dataset/Brain Cancer MRI Dataset/Meningioma/68.jpg",Meningioma,0
/kaggle/input/datasets/rm1000/brain-tumor-mri-scans/meningioma/0780.jpg,"/kaggle/input/datasets/souaadrahmoun/brnetval/Multi-Class Brain Tumor MRI Dataset Glioma, Health/Brain Cancer MRI Dataset/Brain Cancer MRI Dataset/Brain Cancer MRI Dataset/Meningioma/37.jpg",Meningioma,0
/kaggle/input/datasets/rm1000/brain-tumor-mri-scans/meningioma/1289.jpg,"/kaggle/input/datasets/souaadrahmoun/brnetval/Multi-Class Brain Tumor MRI Dataset Glioma, Health/Brain Cancer MRI Dataset/Brain Cancer MRI Dataset/Brain Cancer MRI Dataset/Meningioma/260.jpg",Meningioma,2
/kaggle/input/datasets/rm1000/brain-tumor-mri-scans/meningioma/1095.jpg,"/kaggle/input/datasets/souaadrahmoun/brnetval/Multi-Class Brain Tumor MRI Dataset Glioma, Health/Brain Cancer MRI Dataset/Brain Cancer MRI Dataset/Brain Cancer MRI Dataset/Meningioma/34.jpg",Meningioma,2
/kaggle/input/datasets/rm1000/brain-tumor-mri-scans/meningioma/0093.jpg,"/kaggle/input/datasets/souaadrahmoun/brnetval/Multi-Class Brain Tumor MRI Dataset Glioma, Health/Brain Cancer MRI Dataset/Brain Cancer MRI Dataset/Brain Cancer MRI Dataset/Meningioma/225.jpg",Meningioma,2
/kaggle/input/datasets/rm1000/brain-tumor-mri-scans/meningioma/0454.jpg,"/kaggle/input/datasets/souaadrahmoun/brnetval/Multi-Class Brain Tumor MRI Dataset Glioma, Health/Brain Cancer MRI Dataset/Brain Cancer MRI Dataset/Brain Cancer MRI Dataset/Meningioma/203.jpg",Meningioma,0
/kaggle/input/datasets/rm1000/brain-tumor-mri-scans/meningioma/1434.jpg,"/kaggle/input/datasets/souaadrahmoun/brnetval/Multi-Class Brain Tumor MRI Dataset Glioma, Health/Brain Cancer MRI Dataset/Brain Cancer MRI Dataset/Brain Cancer MRI Dataset/Meningioma/162.jpg",Meningioma,0
/kaggle/input/datasets/rm1000/brain-tumor-mri-scans/meningioma/1099.jpg,"/kaggle/input/datasets/souaadrahmoun/brnetval/Multi-Class Brain Tumor MRI Dataset Glioma, Health/Brain Cancer MRI Dataset/Brain Cancer MRI Dataset/Brain Cancer MRI Dataset/Meningioma/70.jpg",Meningioma,2
/kaggle/input/datasets/rm1000/brain-tumor-mri-scans/meningioma/1017.jpg,"/kaggle/input/datasets/souaadrahmoun/brnetval/Multi-Class Brain Tumor MRI Dataset Glioma, Health/Brain Cancer MRI Dataset/Brain Cancer MRI Dataset/Brain Cancer MRI Dataset/Meningioma/102.jpg",Meningioma,0
/kaggle/input/datasets/rm1000/brain-tumor-mri-scans/meningioma/0110.jpg,"/kaggle/input/datasets/souaadrahmoun/brnetval/Multi-Class Brain Tumor MRI Dataset Glioma, Health/Brain Cancer MRI Dataset/Brain Cancer MRI Dataset/Brain Cancer MRI Dataset/Meningioma/228.jpg",Meningioma,2
/kaggle/input/datasets/rm1000/brain-tumor-mri-scans/meningioma/0032.jpg,"/kaggle/input/datasets/souaadrahmoun/brnetval/Multi-Class Brain Tumor MRI Dataset Glioma, Health/Brain Cancer MRI Dataset/Brain Cancer MRI Dataset/Brain Cancer MRI Dataset/Meningioma/172.jpg",Meningioma,0
/kaggle/input/datasets/rm1000/brain-tumor-mri-scans/meningioma/1557.jpg,"/kaggle/input/datasets/souaadrahmoun/brnetval/Multi-Class Brain Tumor MRI Dataset Glioma, Health/Brain Cancer MRI Dataset/Brain Cancer MRI Dataset/Brain Cancer MRI Dataset/Meningioma/163.jpg",Meningioma,0
/kaggle/input/datasets/rm1000/brain-tumor-mri-scans/meningioma/0111.jpg,"/kaggle/input/datasets/souaadrahmoun/brnetval/Multi-Class Brain Tumor MRI Dataset Glioma, Health/Brain Cancer MRI Dataset/Brain Cancer MRI Dataset/Brain Cancer MRI Dataset/Meningioma/138.jpg",Meningioma,0
/kaggle/input/datasets/rm1000/brain-tumor-mri-scans/meningioma/1642.jpg,"/kaggle/input/datasets/souaadrahmoun/brnetval/Multi-Class Brain Tumor MRI Dataset Glioma, Health/Brain Cancer MRI Dataset/Brain Cancer MRI Dataset/Brain Cancer MRI Dataset/Meningioma/87.jpg",Meningioma,0
/kaggle/input/datasets/rm1000/brain-tumor-mri-scans/meningioma/0999.jpg,"/kaggle/input/datasets/souaadrahmoun/brnetval/Multi-Class Brain Tumor MRI Dataset Glioma, Health/Brain Cancer MRI Dataset/Brain Cancer MRI Dataset/Brain Cancer MRI Dataset/Meningioma/220.jpg",Meningioma,0
/kaggle/input/datasets/rm1000/brain-tumor-mri-scans/meningioma/0018.jpg,"/kaggle/input/datasets/souaadrahmoun/brnetval/Multi-Class Brain Tumor MRI Dataset Glioma, Health/Brain Cancer MRI Dataset/Brain Cancer MRI Dataset/Brain Cancer MRI Dataset/Meningioma/300.jpg",Meningioma,0
/kaggle/input/datasets/rm1000/brain-tumor-mri-scans/meningioma/0348.jpg,"/kaggle/input/datasets/souaadrahmoun/brnetval/Multi-Class Brain Tumor MRI Dataset Glioma, Health/Brain Cancer MRI Dataset/Brain Cancer MRI Dataset/Brain Cancer MRI Dataset/Meningioma/10.jpg",Meningioma,2
/kaggle/input/datasets/rm1000/brain-tumor-mri-scans/meningioma/1164.jpg,"/kaggle/input/datasets/souaadrahmoun/brnetval/Multi-Class Brain Tumor MRI Dataset Glioma, Health/Brain Cancer MRI Dataset/Brain Cancer MRI Dataset/Brain Cancer MRI Dataset/Meningioma/248.jpg",Meningioma,0
/kaggle/input/datasets/rm1000/brain-tumor-mri-scans/meningioma/0619.jpg,"/kaggle/input/datasets/souaadrahmoun/brnetval/Multi-Class Brain Tumor MRI Dataset Glioma, Health/Brain Cancer MRI Dataset/Brain Cancer MRI Dataset/Brain Cancer MRI Dataset/Meningioma/103.jpg",Meningioma,2
/kaggle/input/datasets/rm1000/brain-tumor-mri-scans/meningioma/1638.jpg,"/kaggle/input/datasets/souaadrahmoun/brnetval/Multi-Class Brain Tumor MRI Dataset Glioma, Health/Brain Cancer MRI Dataset/Brain Cancer MRI Dataset/Brain Cancer MRI Dataset/Meningioma/131.jpg",Meningioma,0
/kaggle/input/datasets/rm1000/brain-tumor-mri-scans/meningioma/0052.jpg,"/kaggle/input/datasets/souaadrahmoun/brnetval/Multi-Class Brain Tumor MRI Dataset Glioma, Health/Brain Cancer MRI Dataset/Brain Cancer MRI Dataset/Brain Cancer MRI Dataset/Meningioma/289.jpg",Meningioma,0
/kaggle/input/datasets/rm1000/brain-tumor-mri-scans/meningioma/0333.jpg,"/kaggle/input/datasets/souaadrahmoun/brnetval/Multi-Class Brain Tumor MRI Dataset Glioma, Health/Brain Cancer MRI Dataset/Brain Cancer MRI Dataset/Brain Cancer MRI Dataset/Meningioma/281.jpg",Meningioma,0
/kaggle/input/datasets/rm1000/brain-tumor-mri-scans/meningioma/0258.jpg,"/kaggle/input/datasets/souaadrahmoun/brnetval/Multi-Class Brain Tumor MRI Dataset Glioma, Health/Brain Cancer MRI Dataset/Brain Cancer MRI Dataset/Brain Cancer MRI Dataset/Meningioma/250.jpg",Meningioma,2
/kaggle/input/datasets/rm1000/brain-tumor-mri-scans/meningioma/0416.jpg,"/kaggle/input/datasets/souaadrahmoun/brnetval/Multi-Class Brain Tumor MRI Dataset Glioma, Health/Brain Cancer MRI Dataset/Brain Cancer MRI Dataset/Brain Cancer MRI Dataset/Meningioma/165.jpg",Meningioma,0
/kaggle/input/datasets/rm1000/brain-tumor-mri-scans/meningioma/0809.jpg,"/kaggle/input/datasets/souaadrahmoun/brnetval/Multi-Class Brain Tumor MRI Dataset Glioma, Health/Brain Cancer MRI Dataset/Brain Cancer MRI Dataset/Brain Cancer MRI Dataset/Meningioma/275.jpg",Meningioma,0
/kaggle/input/datasets/rm1000/brain-tumor-mri-scans/meningioma/0441.jpg,"/kaggle/input/datasets/souaadrahmoun/brnetval/Multi-Class Brain Tumor MRI Dataset Glioma, Health/Brain Cancer MRI Dataset/Brain Cancer MRI Dataset/Brain Cancer MRI Dataset/Meningioma/145.jpg",Meningioma,0
/kaggle/input/datasets/rm1000/brain-tumor-mri-scans/meningioma/0538.jpg,"/kaggle/input/datasets/souaadrahmoun/brnetval/Multi-Class Brain Tumor MRI Dataset Glioma, Health/Brain Cancer MRI Dataset/Brain Cancer MRI Dataset/Brain Cancer MRI Dataset/Meningioma/261.jpg",Meningioma,2
/kaggle/input/datasets/rm1000/brain-tumor-mri-scans/meningioma/0595.jpg,"/kaggle/input/datasets/souaadrahmoun/brnetval/Multi-Class Brain Tumor MRI Dataset Glioma, Health/Brain Cancer MRI Dataset/Brain Cancer MRI Dataset/Brain Cancer MRI Dataset/Meningioma/114.jpg",Meningioma,0
/kaggle/input/datasets/rm1000/brain-tumor-mri-scans/meningioma/1313.jpg,"/kaggle/input/datasets/souaadrahmoun/brnetval/Multi-Class Brain Tumor MRI Dataset Glioma, Health/Brain Cancer MRI Dataset/Brain Cancer MRI Dataset/Brain Cancer MRI Dataset/Meningioma/36.jpg",Meningioma,2
/kaggle/input/datasets/rm1000/brain-tumor-mri-scans/meningioma/1038.jpg,"/kaggle/input/datasets/souaadrahmoun/brnetval/Multi-Class Brain Tumor MRI Dataset Glioma, Health/Brain Cancer MRI Dataset/Brain Cancer MRI Dataset/Brain Cancer MRI Dataset/Meningioma/184.jpg",Meningioma,0
/kaggle/input/datasets/rm1000/brain-tumor-mri-scans/meningioma/0920.jpg,"/kaggle/input/datasets/souaadrahmoun/brnetval/Multi-Class Brain Tumor MRI Dataset Glioma, Health/Brain Cancer MRI Dataset/Brain Cancer MRI Dataset/Brain Cancer MRI Dataset/Meningioma/54.jpg",Meningioma,0
/kaggle/input/datasets/rm1000/brain-tumor-mri-scans/meningioma/1039.jpg,"/kaggle/input/datasets/souaadrahmoun/brnetval/Multi-Class Brain Tumor MRI Dataset Glioma, Health/Brain Cancer MRI Dataset/Brain Cancer MRI Dataset/Brain Cancer MRI Dataset/Meningioma/239.jpg",Meningioma,0
/kaggle/input/datasets/rm1000/brain-tumor-mri-scans/meningioma/0866.jpg,"/kaggle/input/datasets/souaadrahmoun/brnetval/Multi-Class Brain Tumor MRI Dataset Glioma, Health/Brain Cancer MRI Dataset/Brain Cancer MRI Dataset/Brain Cancer MRI Dataset/Meningioma/185.jpg",Meningioma,0
/kaggle/input/datasets/rm1000/brain-tumor-mri-scans/meningioma/1133.jpg,"/kaggle/input/datasets/souaadrahmoun/brnetval/Multi-Class Brain Tumor MRI Dataset Glioma, Health/Brain Cancer MRI Dataset/Brain Cancer MRI Dataset/Brain Cancer MRI Dataset/Meningioma/115.jpg",Meningioma,2
/kaggle/input/datasets/rm1000/brain-tumor-mri-scans/meningioma/0796.jpg,"/kaggle/input/datasets/souaadrahmoun/brnetval/Multi-Class Brain Tumor MRI Dataset Glioma, Health/Brain Cancer MRI Dataset/Brain Cancer MRI Dataset/Brain Cancer MRI Dataset/Meningioma/171.jpg",Meningioma,0
/kaggle/input/datasets/rm1000/brain-tumor-mri-scans/meningioma/0763.jpg,"/kaggle/input/datasets/souaadrahmoun/brnetval/Multi-Class Brain Tumor MRI Dataset Glioma, Health/Brain Cancer MRI Dataset/Brain Cancer MRI Dataset/Brain Cancer MRI Dataset/Meningioma/3.jpg",Meningioma,0
/kaggle/input/datasets/rm1000/brain-tumor-mri-scans/meningioma/1109.jpg,"/kaggle/input/datasets/souaadrahmoun/brnetval/Multi-Class Brain Tumor MRI Dataset Glioma, Health/Brain Cancer MRI Dataset/Brain Cancer MRI Dataset/Brain Cancer MRI Dataset/Meningioma/233.jpg",Meningioma,0
/kaggle/input/datasets/rm1000/brain-tumor-mri-scans/meningioma/1074.jpg,"/kaggle/input/datasets/souaadrahmoun/brnetval/Multi-Class Brain Tumor MRI Dataset Glioma, Health/Brain Cancer MRI Dataset/Brain Cancer MRI Dataset/Brain Cancer MRI Dataset/Meningioma/295.jpg",Meningioma,0
/kaggle/input/datasets/rm1000/brain-tumor-mri-scans/meningioma/0905.jpg,"/kaggle/input/datasets/souaadrahmoun/brnetval/Multi-Class Brain Tumor MRI Dataset Glioma, Health/Brain Cancer MRI Dataset/Brain Cancer MRI Dataset/Brain Cancer MRI Dataset/Meningioma/69.jpg",Meningioma,0
/kaggle/input/datasets/rm1000/brain-tumor-mri-scans/meningioma/0514.jpg,"/kaggle/input/datasets/souaadrahmoun/brnetval/Multi-Class Brain Tumor MRI Dataset Glioma, Health/Brain Cancer MRI Dataset/Brain Cancer MRI Dataset/Brain Cancer MRI Dataset/Meningioma/15.jpg",Meningioma,0
/kaggle/input/datasets/rm1000/brain-tumor-mri-scans/meningioma/1088.jpg,"/kaggle/input/datasets/souaadrahmoun/brnetval/Multi-Class Brain Tumor MRI Dataset Glioma, Health/Brain Cancer MRI Dataset/Brain Cancer MRI Dataset/Brain Cancer MRI Dataset/Meningioma/104.jpg",Meningioma,2
/kaggle/input/datasets/rm1000/brain-tumor-mri-scans/meningioma/1181.jpg,"/kaggle/input/datasets/souaadrahmoun/brnetval/Multi-Class Brain Tumor MRI Dataset Glioma, Health/Brain Cancer MRI Dataset/Brain Cancer MRI Dataset/Brain Cancer MRI Dataset/Meningioma/89.jpg",Meningioma,2
/kaggle/input/datasets/rm1000/brain-tumor-mri-scans/meningioma/0314.jpg,"/kaggle/input/datasets/souaadrahmoun/brnetval/Multi-Class Brain Tumor MRI Dataset Glioma, Health/Brain Cancer MRI Dataset/Brain Cancer MRI Dataset/Brain Cancer MRI Dataset/Meningioma/235.jpg",Meningioma,0
/kaggle/input/datasets/rm1000/brain-tumor-mri-scans/meningioma/1151.jpg,"/kaggle/input/datasets/souaadrahmoun/brnetval/Multi-Class Brain Tumor MRI Dataset Glioma, Health/Brain Cancer MRI Dataset/Brain Cancer MRI Dataset/Brain Cancer MRI Dataset/Meningioma/139.jpg",Meningioma,0
/kaggle/input/datasets/rm1000/brain-tumor-mri-scans/meningioma/1446.jpg,"/kaggle/input/datasets/souaadrahmoun/brnetval/Multi-Class Brain Tumor MRI Dataset Glioma, Health/Brain Cancer MRI Dataset/Brain Cancer MRI Dataset/Brain Cancer MRI Dataset/Meningioma/212.jpg",Meningioma,0
/kaggle/input/datasets/rm1000/brain-tumor-mri-scans/meningioma/1493.jpg,"/kaggle/input/datasets/souaadrahmoun/brnetval/Multi-Class Brain Tumor MRI Dataset Glioma, Health/Brain Cancer MRI Dataset/Brain Cancer MRI Dataset/Brain Cancer MRI Dataset/Meningioma/190.jpg",Meningioma,2
/kaggle/input/datasets/rm1000/brain-tumor-mri-scans/meningioma/0134.jpg,"/kaggle/input/datasets/souaadrahmoun/brnetval/Multi-Class Brain Tumor MRI Dataset Glioma, Health/Brain Cancer MRI Dataset/Brain Cancer MRI Dataset/Brain Cancer MRI Dataset/Meningioma/198.jpg",Meningioma,0
/kaggle/input/datasets/rm1000/brain-tumor-mri-scans/meningioma/0996.jpg,"/kaggle/input/datasets/souaadrahmoun/brnetval/Multi-Class Brain Tumor MRI Dataset Glioma, Health/Brain Cancer MRI Dataset/Brain Cancer MRI Dataset/Brain Cancer MRI Dataset/Meningioma/134.jpg",Meningioma,0
/kaggle/input/datasets/rm1000/brain-tumor-mri-scans/meningioma/1100.jpg,"/kaggle/input/datasets/souaadrahmoun/brnetval/Multi-Class Brain Tumor MRI Dataset Glioma, Health/Brain Cancer MRI Dataset/Brain Cancer MRI Dataset/Brain Cancer MRI Dataset/Meningioma/254.jpg",Meningioma,2
/kaggle/input/datasets/rm1000/brain-tumor-mri-scans/meningioma/1332.jpg,"/kaggle/input/datasets/souaadrahmoun/brnetval/Multi-Class Brain Tumor MRI Dataset Glioma, Health/Brain Cancer MRI Dataset/Brain Cancer MRI Dataset/Brain Cancer MRI Dataset/Meningioma/25.jpg",Meningioma,2
/kaggle/input/datasets/rm1000/brain-tumor-mri-scans/meningioma/0029.jpg,"/kaggle/input/datasets/souaadrahmoun/brnetval/Multi-Class Brain Tumor MRI Dataset Glioma, Health/Brain Cancer MRI Dataset/Brain Cancer MRI Dataset/Brain Cancer MRI Dataset/Meningioma/31.jpg",Meningioma,0
/kaggle/input/datasets/rm1000/brain-tumor-mri-scans/meningioma/1294.jpg,"/kaggle/input/datasets/souaadrahmoun/brnetval/Multi-Class Brain Tumor MRI Dataset Glioma, Health/Brain Cancer MRI Dataset/Brain Cancer MRI Dataset/Brain Cancer MRI Dataset/Meningioma/123.jpg",Meningioma,0
/kaggle/input/datasets/rm1000/brain-tumor-mri-scans/meningioma/0919.jpg,"/kaggle/input/datasets/souaadrahmoun/brnetval/Multi-Class Brain Tumor MRI Dataset Glioma, Health/Brain Cancer MRI Dataset/Brain Cancer MRI Dataset/Brain Cancer MRI Dataset/Meningioma/243.jpg",Meningioma,2
/kaggle/input/datasets/rm1000/brain-tumor-mri-scans/meningioma/0144.jpg,"/kaggle/input/datasets/souaadrahmoun/brnetval/Multi-Class Brain Tumor MRI Dataset Glioma, Health/Brain Cancer MRI Dataset/Brain Cancer MRI Dataset/Brain Cancer MRI Dataset/Meningioma/1.jpg",Meningioma,8
/kaggle/input/datasets/rm1000/brain-tumor-mri-scans/meningioma/1468.jpg,"/kaggle/input/datasets/souaadrahmoun/brnetval/Multi-Class Brain Tumor MRI Dataset Glioma, Health/Brain Cancer MRI Dataset/Brain Cancer MRI Dataset/Brain Cancer MRI Dataset/Meningioma/56.jpg",Meningioma,2
/kaggle/input/datasets/rm1000/brain-tumor-mri-scans/meningioma/0687.jpg,"/kaggle/input/datasets/souaadrahmoun/brnetval/Multi-Class Brain Tumor MRI Dataset Glioma, Health/Brain Cancer MRI Dataset/Brain Cancer MRI Dataset/Brain Cancer MRI Dataset/Meningioma/202.jpg",Meningioma,0
/kaggle/input/datasets/rm1000/brain-tumor-mri-scans/meningioma/0097.jpg,"/kaggle/input/datasets/souaadrahmoun/brnetval/Multi-Class Brain Tumor MRI Dataset Glioma, Health/Brain Cancer MRI Dataset/Brain Cancer MRI Dataset/Brain Cancer MRI Dataset/Meningioma/155.jpg",Meningioma,0
/kaggle/input/datasets/rm1000/brain-tumor-mri-scans/meningioma/1043.jpg,"/kaggle/input/datasets/souaadrahmoun/brnetval/Multi-Class Brain Tumor MRI Dataset Glioma, Health/Brain Cancer MRI Dataset/Brain Cancer MRI Dataset/Brain Cancer MRI Dataset/Meningioma/162.jpg",Meningioma,0
/kaggle/input/datasets/rm1000/brain-tumor-mri-scans/meningioma/1614.jpg,"/kaggle/input/datasets/souaadrahmoun/brnetval/Multi-Class Brain Tumor MRI Dataset Glioma, Health/Brain Cancer MRI Dataset/Brain Cancer MRI Dataset/Brain Cancer MRI Dataset/Meningioma/242.jpg",Meningioma,2
/kaggle/input/datasets/rm1000/brain-tumor-mri-scans/meningioma/0946.jpg,"/kaggle/input/datasets/souaadrahmoun/brnetval/Multi-Class Brain Tumor MRI Dataset Glioma, Health/Brain Cancer MRI Dataset/Brain Cancer MRI Dataset/Brain Cancer MRI Dataset/Meningioma/193.jpg",Meningioma,2
/kaggle/input/datasets/rm1000/brain-tumor-mri-scans/meningioma/0811.jpg,"/kaggle/input/datasets/souaadrahmoun/brnetval/Multi-Class Brain Tumor MRI Dataset Glioma, Health/Brain Cancer MRI Dataset/Brain Cancer MRI Dataset/Brain Cancer MRI Dataset/Meningioma/237.jpg",Meningioma,0
/kaggle/input/datasets/rm1000/brain-tumor-mri-scans/meningioma/1087.jpg,"/kaggle/input/datasets/souaadrahmoun/brnetval/Multi-Class Brain Tumor MRI Dataset Glioma, Health/Brain Cancer MRI Dataset/Brain Cancer MRI Dataset/Brain Cancer MRI Dataset/Meningioma/40.jpg",Meningioma,4
/kaggle/input/datasets/rm1000/brain-tumor-mri-scans/meningioma/1535.jpg,"/kaggle/input/datasets/souaadrahmoun/brnetval/Multi-Class Brain Tumor MRI Dataset Glioma, Health/Brain Cancer MRI Dataset/Brain Cancer MRI Dataset/Brain Cancer MRI Dataset/Meningioma/106.jpg",Meningioma,0
/kaggle/input/datasets/rm1000/brain-tumor-mri-scans/meningioma/1175.jpg,"/kaggle/input/datasets/souaadrahmoun/brnetval/Multi-Class Brain Tumor MRI Dataset Glioma, Health/Brain Cancer MRI Dataset/Brain Cancer MRI Dataset/Brain Cancer MRI Dataset/Meningioma/175.jpg",Meningioma,2
/kaggle/input/datasets/rm1000/brain-tumor-mri-scans/meningioma/0133.jpg,"/kaggle/input/datasets/souaadrahmoun/brnetval/Multi-Class Brain Tumor MRI Dataset Glioma, Health/Brain Cancer MRI Dataset/Brain Cancer MRI Dataset/Brain Cancer MRI Dataset/Meningioma/32.jpg",Meningioma,0
/kaggle/input/datasets/rm1000/brain-tumor-mri-scans/meningioma/1303.jpg,"/kaggle/input/datasets/souaadrahmoun/brnetval/Multi-Class Brain Tumor MRI Dataset Glioma, Health/Brain Cancer MRI Dataset/Brain Cancer MRI Dataset/Brain Cancer MRI Dataset/Meningioma/170.jpg",Meningioma,0
/kaggle/input/datasets/rm1000/brain-tumor-mri-scans/meningioma/1435.jpg,"/kaggle/input/datasets/souaadrahmoun/brnetval/Multi-Class Brain Tumor MRI Dataset Glioma, Health/Brain Cancer MRI Dataset/Brain Cancer MRI Dataset/Brain Cancer MRI Dataset/Meningioma/93.jpg",Meningioma,0
/kaggle/input/datasets/rm1000/brain-tumor-mri-scans/meningioma/0621.jpg,"/kaggle/input/datasets/souaadrahmoun/brnetval/Multi-Class Brain Tumor MRI Dataset Glioma, Health/Brain Cancer MRI Dataset/Brain Cancer MRI Dataset/Brain Cancer MRI Dataset/Meningioma/297.jpg",Meningioma,0
/kaggle/input/datasets/rm1000/brain-tumor-mri-scans/meningioma/0692.jpg,"/kaggle/input/datasets/souaadrahmoun/brnetval/Multi-Class Brain Tumor MRI Dataset Glioma, Health/Brain Cancer MRI Dataset/Brain Cancer MRI Dataset/Brain Cancer MRI Dataset/Meningioma/189.jpg",Meningioma,0
/kaggle/input/datasets/rm1000/brain-tumor-mri-scans/meningioma/0221.jpg,"/kaggle/input/datasets/souaadrahmoun/brnetval/Multi-Class Brain Tumor MRI Dataset Glioma, Health/Brain Cancer MRI Dataset/Brain Cancer MRI Dataset/Brain Cancer MRI Dataset/Meningioma/8.jpg",Meningioma,0
/kaggle/input/datasets/rm1000/brain-tumor-mri-scans/meningioma/0015.jpg,"/kaggle/input/datasets/souaadrahmoun/brnetval/Multi-Class Brain Tumor MRI Dataset Glioma, Health/Brain Cancer MRI Dataset/Brain Cancer MRI Dataset/Brain Cancer MRI Dataset/Meningioma/208.jpg",Meningioma,0
/kaggle/input/datasets/rm1000/brain-tumor-mri-scans/meningioma/0713.jpg,"/kaggle/input/datasets/souaadrahmoun/brnetval/Multi-Class Brain Tumor MRI Dataset Glioma, Health/Brain Cancer MRI Dataset/Brain Cancer MRI Dataset/Brain Cancer MRI Dataset/Meningioma/41.jpg",Meningioma,0
/kaggle/input/datasets/rm1000/brain-tumor-mri-scans/meningioma/0848.jpg,"/kaggle/input/datasets/souaadrahmoun/brnetval/Multi-Class Brain Tumor MRI Dataset Glioma, Health/Brain Cancer MRI Dataset/Brain Cancer MRI Dataset/Brain Cancer MRI Dataset/Meningioma/55.jpg",Meningioma,0
/kaggle/input/datasets/rm1000/brain-tumor-mri-scans/meningioma/0047.jpg,"/kaggle/input/datasets/souaadrahmoun/brnetval/Multi-Class Brain Tumor MRI Dataset Glioma, Health/Brain Cancer MRI Dataset/Brain Cancer MRI Dataset/Brain Cancer MRI Dataset/Meningioma/210.jpg",Meningioma,2
/kaggle/input/datasets/rm1000/brain-tumor-mri-scans/meningioma/0510.jpg,"/kaggle/input/datasets/souaadrahmoun/brnetval/Multi-Class Brain Tumor MRI Dataset Glioma, Health/Brain Cancer MRI Dataset/Brain Cancer MRI Dataset/Brain Cancer MRI Dataset/Meningioma/241.jpg",Meningioma,2
/kaggle/input/datasets/rm1000/brain-tumor-mri-scans/meningioma/0201.jpg,"/kaggle/input/datasets/souaadrahmoun/brnetval/Multi-Class Brain Tumor MRI Dataset Glioma, Health/Brain Cancer MRI Dataset/Brain Cancer MRI Dataset/Brain Cancer MRI Dataset/Meningioma/215.jpg",Meningioma,2
/kaggle/input/datasets/rm1000/brain-tumor-mri-scans/meningioma/0993.jpg,"/kaggle/input/datasets/souaadrahmoun/brnetval/Multi-Class Brain Tumor MRI Dataset Glioma, Health/Brain Cancer MRI Dataset/Brain Cancer MRI Dataset/Brain Cancer MRI Dataset/Meningioma/73.jpg",Meningioma,0
/kaggle/input/datasets/rm1000/brain-tumor-mri-scans/meningioma/0166.jpg,"/kaggle/input/datasets/souaadrahmoun/brnetval/Multi-Class Brain Tumor MRI Dataset Glioma, Health/Brain Cancer MRI Dataset/Brain Cancer MRI Dataset/Brain Cancer MRI Dataset/Meningioma/45.jpg",Meningioma,0
/kaggle/input/datasets/rm1000/brain-tumor-mri-scans/meningioma/0582.jpg,"/kaggle/input/datasets/souaadrahmoun/brnetval/Multi-Class Brain Tumor MRI Dataset Glioma, Health/Brain Cancer MRI Dataset/Brain Cancer MRI Dataset/Brain Cancer MRI Dataset/Meningioma/6.jpg",Meningioma,0
/kaggle/input/datasets/rm1000/brain-tumor-mri-scans/meningioma/1069.jpg,"/kaggle/input/datasets/souaadrahmoun/brnetval/Multi-Class Brain Tumor MRI Dataset Glioma, Health/Brain Cancer MRI Dataset/Brain Cancer MRI Dataset/Brain Cancer MRI Dataset/Meningioma/274.jpg",Meningioma,0
/kaggle/input/datasets/rm1000/brain-tumor-mri-scans/meningioma/1631.jpg,"/kaggle/input/datasets/souaadrahmoun/brnetval/Multi-Class Brain Tumor MRI Dataset Glioma, Health/Brain Cancer MRI Dataset/Brain Cancer MRI Dataset/Brain Cancer MRI Dataset/Meningioma/8.jpg",Meningioma,0
/kaggle/input/datasets/rm1000/brain-tumor-mri-scans/meningioma/0346.jpg,"/kaggle/input/datasets/souaadrahmoun/brnetval/Multi-Class Brain Tumor MRI Dataset Glioma, Health/Brain Cancer MRI Dataset/Brain Cancer MRI Dataset/Brain Cancer MRI Dataset/Meningioma/64.jpg",Meningioma,2
/kaggle/input/datasets/rm1000/brain-tumor-mri-scans/meningioma/0194.jpg,"/kaggle/input/datasets/souaadrahmoun/brnetval/Multi-Class Brain Tumor MRI Dataset Glioma, Health/Brain Cancer MRI Dataset/Brain Cancer MRI Dataset/Brain Cancer MRI Dataset/Meningioma/263.jpg",Meningioma,0
/kaggle/input/datasets/rm1000/brain-tumor-mri-scans/meningioma/0270.jpg,"/kaggle/input/datasets/souaadrahmoun/brnetval/Multi-Class Brain Tumor MRI Dataset Glioma, Health/Brain Cancer MRI Dataset/Brain Cancer MRI Dataset/Brain Cancer MRI Dataset/Meningioma/24.jpg",Meningioma,2
/kaggle/input/datasets/rm1000/brain-tumor-mri-scans/meningioma/0157.jpg,"/kaggle/input/datasets/souaadrahmoun/brnetval/Multi-Class Brain Tumor MRI Dataset Glioma, Health/Brain Cancer MRI Dataset/Brain Cancer MRI Dataset/Brain Cancer MRI Dataset/Meningioma/53.jpg",Meningioma,0
/kaggle/input/datasets/rm1000/brain-tumor-mri-scans/meningioma/0566.jpg,"/kaggle/input/datasets/souaadrahmoun/brnetval/Multi-Class Brain Tumor MRI Dataset Glioma, Health/Brain Cancer MRI Dataset/Brain Cancer MRI Dataset/Brain Cancer MRI Dataset/Meningioma/50.jpg",Meningioma,0
/kaggle/input/datasets/rm1000/brain-tumor-mri-scans/meningioma/1047.jpg,"/kaggle/input/datasets/souaadrahmoun/brnetval/Multi-Class Brain Tumor MRI Dataset Glioma, Health/Brain Cancer MRI Dataset/Brain Cancer MRI Dataset/Brain Cancer MRI Dataset/Meningioma/258.jpg",Meningioma,2
/kaggle/input/datasets/rm1000/brain-tumor-mri-scans/meningioma/0163.jpg,"/kaggle/input/datasets/souaadrahmoun/brnetval/Multi-Class Brain Tumor MRI Dataset Glioma, Health/Brain Cancer MRI Dataset/Brain Cancer MRI Dataset/Brain Cancer MRI Dataset/Meningioma/119.jpg",Meningioma,0
/kaggle/input/datasets/rm1000/brain-tumor-mri-scans/meningioma/1194.jpg,"/kaggle/input/datasets/souaadrahmoun/brnetval/Multi-Class Brain Tumor MRI Dataset Glioma, Health/Brain Cancer MRI Dataset/Brain Cancer MRI Dataset/Brain Cancer MRI Dataset/Meningioma/124.jpg",Meningioma,2
/kaggle/input/datasets/rm1000/brain-tumor-mri-scans/meningioma/0662.jpg,"/kaggle/input/datasets/souaadrahmoun/brnetval/Multi-Class Brain Tumor MRI Dataset Glioma, Health/Brain Cancer MRI Dataset/Brain Cancer MRI Dataset/Brain Cancer MRI Dataset/Meningioma/152.jpg",Meningioma,0
/kaggle/input/datasets/rm1000/brain-tumor-mri-scans/meningioma/0459.jpg,"/kaggle/input/datasets/souaadrahmoun/brnetval/Multi-Class Brain Tumor MRI Dataset Glioma, Health/Brain Cancer MRI Dataset/Brain Cancer MRI Dataset/Brain Cancer MRI Dataset/Meningioma/112.jpg",Meningioma,2
/kaggle/input/datasets/rm1000/brain-tumor-mri-scans/meningioma/0035.jpg,"/kaggle/input/datasets/souaadrahmoun/brnetval/Multi-Class Brain Tumor MRI Dataset Glioma, Health/Brain Cancer MRI Dataset/Brain Cancer MRI Dataset/Brain Cancer MRI Dataset/Meningioma/130.jpg",Meningioma,2
/kaggle/input/datasets/rm1000/brain-tumor-mri-scans/meningioma/0604.jpg,"/kaggle/input/datasets/souaadrahmoun/brnetval/Multi-Class Brain Tumor MRI Dataset Glioma, Health/Brain Cancer MRI Dataset/Brain Cancer MRI Dataset/Brain Cancer MRI Dataset/Meningioma/173.jpg",Meningioma,0
/kaggle/input/datasets/rm1000/brain-tumor-mri-scans/meningioma/1102.jpg,"/kaggle/input/datasets/souaadrahmoun/brnetval/Multi-Class Brain Tumor MRI Dataset Glioma, Health/Brain Cancer MRI Dataset/Brain Cancer MRI Dataset/Brain Cancer MRI Dataset/Meningioma/157.jpg",Meningioma,2
/kaggle/input/datasets/rm1000/brain-tumor-mri-scans/meningioma/0530.jpg,"/kaggle/input/datasets/souaadrahmoun/brnetval/Multi-Class Brain Tumor MRI Dataset Glioma, Health/Brain Cancer MRI Dataset/Brain Cancer MRI Dataset/Brain Cancer MRI Dataset/Meningioma/191.jpg",Meningioma,0
/kaggle/input/datasets/rm1000/brain-tumor-mri-scans/meningioma/1447.jpg,"/kaggle/input/datasets/souaadrahmoun/brnetval/Multi-Class Brain Tumor MRI Dataset Glioma, Health/Brain Cancer MRI Dataset/Brain Cancer MRI Dataset/Brain Cancer MRI Dataset/Meningioma/101.jpg",Meningioma,0
/kaggle/input/datasets/rm1000/brain-tumor-mri-scans/meningioma/0322.jpg,"/kaggle/input/datasets/souaadrahmoun/brnetval/Multi-Class Brain Tumor MRI Dataset Glioma, Health/Brain Cancer MRI Dataset/Brain Cancer MRI Dataset/Brain Cancer MRI Dataset/Meningioma/251.jpg",Meningioma,0
/kaggle/input/datasets/rm1000/brain-tumor-mri-scans/meningioma/0677.jpg,"/kaggle/input/datasets/souaadrahmoun/brnetval/Multi-Class Brain Tumor MRI Dataset Glioma, Health/Brain Cancer MRI Dataset/Brain Cancer MRI Dataset/Brain Cancer MRI Dataset/Meningioma/197.jpg",Meningioma,2
/kaggle/input/datasets/rm1000/brain-tumor-mri-scans/meningioma/0552.jpg,"/kaggle/input/datasets/souaadrahmoun/brnetval/Multi-Class Brain Tumor MRI Dataset Glioma, Health/Brain Cancer MRI Dataset/Brain Cancer MRI Dataset/Brain Cancer MRI Dataset/Meningioma/33.jpg",Meningioma,0
/kaggle/input/datasets/rm1000/brain-tumor-mri-scans/meningioma/1622.jpg,"/kaggle/input/datasets/souaadrahmoun/brnetval/Multi-Class Brain Tumor MRI Dataset Glioma, Health/Brain Cancer MRI Dataset/Brain Cancer MRI Dataset/Brain Cancer MRI Dataset/Meningioma/108.jpg",Meningioma,2
/kaggle/input/datasets/rm1000/brain-tumor-mri-scans/meningioma/0634.jpg,"/kaggle/input/datasets/souaadrahmoun/brnetval/Multi-Class Brain Tumor MRI Dataset Glioma, Health/Brain Cancer MRI Dataset/Brain Cancer MRI Dataset/Brain Cancer MRI Dataset/Meningioma/221.jpg",Meningioma,0
/kaggle/input/datasets/rm1000/brain-tumor-mri-scans/meningioma/1347.jpg,"/kaggle/input/datasets/souaadrahmoun/brnetval/Multi-Class Brain Tumor MRI Dataset Glioma, Health/Brain Cancer MRI Dataset/Brain Cancer MRI Dataset/Brain Cancer MRI Dataset/Meningioma/299.jpg",Meningioma,2
/kaggle/input/datasets/rm1000/brain-tumor-mri-scans/meningioma/0624.jpg,"/kaggle/input/datasets/souaadrahmoun/brnetval/Multi-Class Brain Tumor MRI Dataset Glioma, Health/Brain Cancer MRI Dataset/Brain Cancer MRI Dataset/Brain Cancer MRI Dataset/Meningioma/257.jpg",Meningioma,0
/kaggle/input/datasets/rm1000/brain-tumor-mri-scans/meningioma/0724.jpg,"/kaggle/input/datasets/souaadrahmoun/brnetval/Multi-Class Brain Tumor MRI Dataset Glioma, Health/Brain Cancer MRI Dataset/Brain Cancer MRI Dataset/Brain Cancer MRI Dataset/Meningioma/287.jpg",Meningioma,2
/kaggle/input/datasets/rm1000/brain-tumor-mri-scans/meningioma/1153.jpg,"/kaggle/input/datasets/souaadrahmoun/brnetval/Multi-Class Brain Tumor MRI Dataset Glioma, Health/Brain Cancer MRI Dataset/Brain Cancer MRI Dataset/Brain Cancer MRI Dataset/Meningioma/79.jpg",Meningioma,0
/kaggle/input/datasets/rm1000/brain-tumor-mri-scans/meningioma/0004.jpg,"/kaggle/input/datasets/souaadrahmoun/brnetval/Multi-Class Brain Tumor MRI Dataset Glioma, Health/Brain Cancer MRI Dataset/Brain Cancer MRI Dataset/Brain Cancer MRI Dataset/Meningioma/148.jpg",Meningioma,2
/kaggle/input/datasets/rm1000/brain-tumor-mri-scans/meningioma/0580.jpg,"/kaggle/input/datasets/souaadrahmoun/brnetval/Multi-Class Brain Tumor MRI Dataset Glioma, Health/Brain Cancer MRI Dataset/Brain Cancer MRI Dataset/Brain Cancer MRI Dataset/Meningioma/293.jpg",Meningioma,0
/kaggle/input/datasets/rm1000/brain-tumor-mri-scans/meningioma/0561.jpg,"/kaggle/input/datasets/souaadrahmoun/brnetval/Multi-Class Brain Tumor MRI Dataset Glioma, Health/Brain Cancer MRI Dataset/Brain Cancer MRI Dataset/Brain Cancer MRI Dataset/Meningioma/40.jpg",Meningioma,0
/kaggle/input/datasets/rm1000/brain-tumor-mri-scans/meningioma/1127.jpg,"/kaggle/input/datasets/souaadrahmoun/brnetval/Multi-Class Brain Tumor MRI Dataset Glioma, Health/Brain Cancer MRI Dataset/Brain Cancer MRI Dataset/Brain Cancer MRI Dataset/Meningioma/27.jpg",Meningioma,0
/kaggle/input/datasets/rm1000/brain-tumor-mri-scans/meningioma/0518.jpg,"/kaggle/input/datasets/souaadrahmoun/brnetval/Multi-Class Brain Tumor MRI Dataset Glioma, Health/Brain Cancer MRI Dataset/Brain Cancer MRI Dataset/Brain Cancer MRI Dataset/Meningioma/83.jpg",Meningioma,2
/kaggle/input/datasets/rm1000/brain-tumor-mri-scans/meningioma/0359.jpg,"/kaggle/input/datasets/souaadrahmoun/brnetval/Multi-Class Brain Tumor MRI Dataset Glioma, Health/Brain Cancer MRI Dataset/Brain Cancer MRI Dataset/Brain Cancer MRI Dataset/Meningioma/20.jpg",Meningioma,2
/kaggle/input/datasets/rm1000/brain-tumor-mri-scans/meningioma/1477.jpg,"/kaggle/input/datasets/souaadrahmoun/brnetval/Multi-Class Brain Tumor MRI Dataset Glioma, Health/Brain Cancer MRI Dataset/Brain Cancer MRI Dataset/Brain Cancer MRI Dataset/Meningioma/40.jpg",Meningioma,0
/kaggle/input/datasets/rm1000/brain-tumor-mri-scans/meningioma/1526.jpg,"/kaggle/input/datasets/souaadrahmoun/brnetval/Multi-Class Brain Tumor MRI Dataset Glioma, Health/Brain Cancer MRI Dataset/Brain Cancer MRI Dataset/Brain Cancer MRI Dataset/Meningioma/41.jpg",Meningioma,0
/kaggle/input/datasets/rm1000/brain-tumor-mri-scans/meningioma/0462.jpg,"/kaggle/input/datasets/souaadrahmoun/brnetval/Multi-Class Brain Tumor MRI Dataset Glioma, Health/Brain Cancer MRI Dataset/Brain Cancer MRI Dataset/Brain Cancer MRI Dataset/Meningioma/236.jpg",Meningioma,0
/kaggle/input/datasets/rm1000/brain-tumor-mri-scans/meningioma/0682.jpg,"/kaggle/input/datasets/souaadrahmoun/brnetval/Multi-Class Brain Tumor MRI Dataset Glioma, Health/Brain Cancer MRI Dataset/Brain Cancer MRI Dataset/Brain Cancer MRI Dataset/Meningioma/252.jpg",Meningioma,0
/kaggle/input/datasets/rm1000/brain-tumor-mri-scans/meningioma/0482.jpg,"/kaggle/input/datasets/souaadrahmoun/brnetval/Multi-Class Brain Tumor MRI Dataset Glioma, Health/Brain Cancer MRI Dataset/Brain Cancer MRI Dataset/Brain Cancer MRI Dataset/Meningioma/192.jpg",Meningioma,0
/kaggle/input/datasets/rm1000/brain-tumor-mri-scans/meningioma/1240.jpg,"/kaggle/input/datasets/souaadrahmoun/brnetval/Multi-Class Brain Tumor MRI Dataset Glioma, Health/Brain Cancer MRI Dataset/Brain Cancer MRI Dataset/Brain Cancer MRI Dataset/Meningioma/59.jpg",Meningioma,0
/kaggle/input/datasets/rm1000/brain-tumor-mri-scans/meningioma/1375.jpg,"/kaggle/input/datasets/souaadrahmoun/brnetval/Multi-Class Brain Tumor MRI Dataset Glioma, Health/Brain Cancer MRI Dataset/Brain Cancer MRI Dataset/Brain Cancer MRI Dataset/Meningioma/65.jpg",Meningioma,0
/kaggle/input/datasets/rm1000/brain-tumor-mri-scans/meningioma/0833.jpg,"/kaggle/input/datasets/souaadrahmoun/brnetval/Multi-Class Brain Tumor MRI Dataset Glioma, Health/Brain Cancer MRI Dataset/Brain Cancer MRI Dataset/Brain Cancer MRI Dataset/Meningioma/213.jpg",Meningioma,2
/kaggle/input/datasets/rm1000/brain-tumor-mri-scans/meningioma/0730.jpg,"/kaggle/input/datasets/souaadrahmoun/brnetval/Multi-Class Brain Tumor MRI Dataset Glioma, Health/Brain Cancer MRI Dataset/Brain Cancer MRI Dataset/Brain Cancer MRI Dataset/Meningioma/46.jpg",Meningioma,2
/kaggle/input/datasets/rm1000/brain-tumor-mri-scans/meningioma/0488.jpg,"/kaggle/input/datasets/souaadrahmoun/brnetval/Multi-Class Brain Tumor MRI Dataset Glioma, Health/Brain Cancer MRI Dataset/Brain Cancer MRI Dataset/Brain Cancer MRI Dataset/Meningioma/201.jpg",Meningioma,2
/kaggle/input/datasets/rm1000/brain-tumor-mri-scans/meningioma/1464.jpg,"/kaggle/input/datasets/souaadrahmoun/brnetval/Multi-Class Brain Tumor MRI Dataset Glioma, Health/Brain Cancer MRI Dataset/Brain Cancer MRI Dataset/Brain Cancer MRI Dataset/Meningioma/5.jpg",Meningioma,0
/kaggle/input/datasets/rm1000/brain-tumor-mri-scans/meningioma/0138.jpg,"/kaggle/input/datasets/souaadrahmoun/brnetval/Multi-Class Brain Tumor MRI Dataset Glioma, Health/Brain Cancer MRI Dataset/Brain Cancer MRI Dataset/Brain Cancer MRI Dataset/Meningioma/209.jpg",Meningioma,0
/kaggle/input/datasets/rm1000/brain-tumor-mri-scans/meningioma/1073.jpg,"/kaggle/input/datasets/souaadrahmoun/brnetval/Multi-Class Brain Tumor MRI Dataset Glioma, Health/Brain Cancer MRI Dataset/Brain Cancer MRI Dataset/Brain Cancer MRI Dataset/Meningioma/245.jpg",Meningioma,0
/kaggle/input/datasets/rm1000/brain-tumor-mri-scans/meningioma/0084.jpg,"/kaggle/input/datasets/souaadrahmoun/brnetval/Multi-Class Brain Tumor MRI Dataset Glioma, Health/Brain Cancer MRI Dataset/Brain Cancer MRI Dataset/Brain Cancer MRI Dataset/Meningioma/136.jpg",Meningioma,0
/kaggle/input/datasets/rm1000/brain-tumor-mri-scans/meningioma/0197.jpg,"/kaggle/input/datasets/souaadrahmoun/brnetval/Multi-Class Brain Tumor MRI Dataset Glioma, Health/Brain Cancer MRI Dataset/Brain Cancer MRI Dataset/Brain Cancer MRI Dataset/Meningioma/61.jpg",Meningioma,0
/kaggle/input/datasets/rm1000/brain-tumor-mri-scans/meningioma/1193.jpg,"/kaggle/input/datasets/souaadrahmoun/brnetval/Multi-Class Brain Tumor MRI Dataset Glioma, Health/Brain Cancer MRI Dataset/Brain Cancer MRI Dataset/Brain Cancer MRI Dataset/Meningioma/168.jpg",Meningioma,0
/kaggle/input/datasets/rm1000/brain-tumor-mri-scans/meningioma/0797.jpg,"/kaggle/input/datasets/souaadrahmoun/brnetval/Multi-Class Brain Tumor MRI Dataset Glioma, Health/Brain Cancer MRI Dataset/Brain Cancer MRI Dataset/Brain Cancer MRI Dataset/Meningioma/72.jpg",Meningioma,0
/kaggle/input/datasets/rm1000/brain-tumor-mri-scans/meningioma/1530.jpg,"/kaggle/input/datasets/souaadrahmoun/brnetval/Multi-Class Brain Tumor MRI Dataset Glioma, Health/Brain Cancer MRI Dataset/Brain Cancer MRI Dataset/Brain Cancer MRI Dataset/Meningioma/95.jpg",Meningioma,0
/kaggle/input/datasets/rm1000/brain-tumor-mri-scans/meningioma/0389.jpg,"/kaggle/input/datasets/souaadrahmoun/brnetval/Multi-Class Brain Tumor MRI Dataset Glioma, Health/Brain Cancer MRI Dataset/Brain Cancer MRI Dataset/Brain Cancer MRI Dataset/Meningioma/159.jpg",Meningioma,2
/kaggle/input/datasets/rm1000/brain-tumor-mri-scans/meningioma/1229.jpg,"/kaggle/input/datasets/souaadrahmoun/brnetval/Multi-Class Brain Tumor MRI Dataset Glioma, Health/Brain Cancer MRI Dataset/Brain Cancer MRI Dataset/Brain Cancer MRI Dataset/Meningioma/76.jpg",Meningioma,0
/kaggle/input/datasets/rm1000/brain-tumor-mri-scans/meningioma/0036.jpg,"/kaggle/input/datasets/souaadrahmoun/brnetval/Multi-Class Brain Tumor MRI Dataset Glioma, Health/Brain Cancer MRI Dataset/Brain Cancer MRI Dataset/Brain Cancer MRI Dataset/Meningioma/179.jpg",Meningioma,0
/kaggle/input/datasets/rm1000/brain-tumor-mri-scans/meningioma/1553.jpg,"/kaggle/input/datasets/souaadrahmoun/brnetval/Multi-Class Brain Tumor MRI Dataset Glioma, Health/Brain Cancer MRI Dataset/Brain Cancer MRI Dataset/Brain Cancer MRI Dataset/Meningioma/62.jpg",Meningioma,2
/kaggle/input/datasets/rm1000/brain-tumor-mri-scans/meningioma/0749.jpg,"/kaggle/input/datasets/souaadrahmoun/brnetval/Multi-Class Brain Tumor MRI Dataset Glioma, Health/Brain Cancer MRI Dataset/Brain Cancer MRI Dataset/Brain Cancer MRI Dataset/Meningioma/137.jpg",Meningioma,0
/kaggle/input/datasets/rm1000/brain-tumor-mri-scans/meningioma/0129.jpg,"/kaggle/input/datasets/souaadrahmoun/brnetval/Multi-Class Brain Tumor MRI Dataset Glioma, Health/Brain Cancer MRI Dataset/Brain Cancer MRI Dataset/Brain Cancer MRI Dataset/Meningioma/39.jpg",Meningioma,0
/kaggle/input/datasets/rm1000/brain-tumor-mri-scans/meningioma/0962.jpg,"/kaggle/input/datasets/souaadrahmoun/brnetval/Multi-Class Brain Tumor MRI Dataset Glioma, Health/Brain Cancer MRI Dataset/Brain Cancer MRI Dataset/Brain Cancer MRI Dataset/Meningioma/154.jpg",Meningioma,2
/kaggle/input/datasets/rm1000/brain-tumor-mri-scans/meningioma/1111.jpg,"/kaggle/input/datasets/souaadrahmoun/brnetval/Multi-Class Brain Tumor MRI Dataset Glioma, Health/Brain Cancer MRI Dataset/Brain Cancer MRI Dataset/Brain Cancer MRI Dataset/Meningioma/111.jpg",Meningioma,0
/kaggle/input/datasets/rm1000/brain-tumor-mri-scans/meningioma/0667.jpg,"/kaggle/input/datasets/souaadrahmoun/brnetval/Multi-Class Brain Tumor MRI Dataset Glioma, Health/Brain Cancer MRI Dataset/Brain Cancer MRI Dataset/Brain Cancer MRI Dataset/Meningioma/22.jpg",Meningioma,0
/kaggle/input/datasets/rm1000/brain-tumor-mri-scans/meningioma/0747.jpg,"/kaggle/input/datasets/souaadrahmoun/brnetval/Multi-Class Brain Tumor MRI Dataset Glioma, Health/Brain Cancer MRI Dataset/Brain Cancer MRI Dataset/Brain Cancer MRI Dataset/Meningioma/271.jpg",Meningioma,0
/kaggle/input/datasets/rm1000/brain-tumor-mri-scans/meningioma/1367.jpg,"/kaggle/input/datasets/souaadrahmoun/brnetval/Multi-Class Brain Tumor MRI Dataset Glioma, Health/Brain Cancer MRI Dataset/Brain Cancer MRI Dataset/Brain Cancer MRI Dataset/Meningioma/113.jpg",Meningioma,0
/kaggle/input/datasets/rm1000/brain-tumor-mri-scans/meningioma/0378.jpg,"/kaggle/input/datasets/souaadrahmoun/brnetval/Multi-Class Brain Tumor MRI Dataset Glioma, Health/Brain Cancer MRI Dataset/Brain Cancer MRI Dataset/Brain Cancer MRI Dataset/Meningioma/141.jpg",Meningioma,0
/kaggle/input/datasets/rm1000/brain-tumor-mri-scans/meningioma/0408.jpg,"/kaggle/input/datasets/souaadrahmoun/brnetval/Multi-Class Brain Tumor MRI Dataset Glioma, Health/Brain Cancer MRI Dataset/Brain Cancer MRI Dataset/Brain Cancer MRI Dataset/Meningioma/286.jpg",Meningioma,0
/kaggle/input/datasets/rm1000/brain-tumor-mri-scans/meningioma/0803.jpg,"/kaggle/input/datasets/souaadrahmoun/brnetval/Multi-Class Brain Tumor MRI Dataset Glioma, Health/Brain Cancer MRI Dataset/Brain Cancer MRI Dataset/Brain Cancer MRI Dataset/Meningioma/176.jpg",Meningioma,0
/kaggle/input/datasets/rm1000/brain-tumor-mri-scans/meningioma/1542.jpg,"/kaggle/input/datasets/souaadrahmoun/brnetval/Multi-Class Brain Tumor MRI Dataset Glioma, Health/Brain Cancer MRI Dataset/Brain Cancer MRI Dataset/Brain Cancer MRI Dataset/Meningioma/14.jpg",Meningioma,2
/kaggle/input/datasets/rm1000/brain-tumor-mri-scans/meningioma/1552.jpg,"/kaggle/input/datasets/souaadrahmoun/brnetval/Multi-Class Brain Tumor MRI Dataset Glioma, Health/Brain Cancer MRI Dataset/Brain Cancer MRI Dataset/Brain Cancer MRI Dataset/Meningioma/234.jpg",Meningioma,0
/kaggle/input/datasets/rm1000/brain-tumor-mri-scans/meningioma/0406.jpg,"/kaggle/input/datasets/souaadrahmoun/brnetval/Multi-Class Brain Tumor MRI Dataset Glioma, Health/Brain Cancer MRI Dataset/Brain Cancer MRI Dataset/Brain Cancer MRI Dataset/Meningioma/270.jpg",Meningioma,0
/kaggle/input/datasets/rm1000/brain-tumor-mri-scans/meningioma/0284.jpg,"/kaggle/input/datasets/souaadrahmoun/brnetval/Multi-Class Brain Tumor MRI Dataset Glioma, Health/Brain Cancer MRI Dataset/Brain Cancer MRI Dataset/Brain Cancer MRI Dataset/Meningioma/166.jpg",Meningioma,0
/kaggle/input/datasets/rm1000/brain-tumor-mri-scans/meningioma/1184.jpg,"/kaggle/input/datasets/souaadrahmoun/brnetval/Multi-Class Brain Tumor MRI Dataset Glioma, Health/Brain Cancer MRI Dataset/Brain Cancer MRI Dataset/Brain Cancer MRI Dataset/Meningioma/288.jpg",Meningioma,0
/kaggle/input/datasets/rm1000/brain-tumor-mri-scans/meningioma/0757.jpg,"/kaggle/input/datasets/souaadrahmoun/brnetval/Multi-Class Brain Tumor MRI Dataset Glioma, Health/Brain Cancer MRI Dataset/Brain Cancer MRI Dataset/Brain Cancer MRI Dataset/Meningioma/110.jpg",Meningioma,2
/kaggle/input/datasets/rm1000/brain-tumor-mri-scans/meningioma/0627.jpg,"/kaggle/input/datasets/souaadrahmoun/brnetval/Multi-Class Brain Tumor MRI Dataset Glioma, Health/Brain Cancer MRI Dataset/Brain Cancer MRI Dataset/Brain Cancer MRI Dataset/Meningioma/256.jpg",Meningioma,0
/kaggle/input/datasets/rm1000/brain-tumor-mri-scans/meningioma/0726.jpg,"/kaggle/input/datasets/souaadrahmoun/brnetval/Multi-Class Brain Tumor MRI Dataset Glioma, Health/Brain Cancer MRI Dataset/Brain Cancer MRI Dataset/Brain Cancer MRI Dataset/Meningioma/158.jpg",Meningioma,2
/kaggle/input/datasets/rm1000/brain-tumor-mri-scans/meningioma/0513.jpg,"/kaggle/input/datasets/souaadrahmoun/brnetval/Multi-Class Brain Tumor MRI Dataset Glioma, Health/Brain Cancer MRI Dataset/Brain Cancer MRI Dataset/Brain Cancer MRI Dataset/Meningioma/126.jpg",Meningioma,0
/kaggle/input/datasets/rm1000/brain-tumor-mri-scans/meningioma/1252.jpg,"/kaggle/input/datasets/souaadrahmoun/brnetval/Multi-Class Brain Tumor MRI Dataset Glioma, Health/Brain Cancer MRI Dataset/Brain Cancer MRI Dataset/Brain Cancer MRI Dataset/Meningioma/135.jpg",Meningioma,0
/kaggle/input/datasets/rm1000/brain-tumor-mri-scans/glioma/0733.jpg,"/kaggle/input/datasets/souaadrahmoun/brnetval/Multi-Class Brain Tumor MRI Dataset Glioma, Health/Brain Cancer MRI Dataset/Brain Cancer MRI Dataset/Brain Cancer MRI Dataset/Glioma/90.jpg",Glioma,0
/kaggle/input/datasets/rm1000/brain-tumor-mri-scans/glioma/1411.jpg,"/kaggle/input/datasets/souaadrahmoun/brnetval/Multi-Class Brain Tumor MRI Dataset Glioma, Health/Brain Cancer MRI Dataset/Brain Cancer MRI Dataset/Brain Cancer MRI Dataset/Glioma/28.jpg",Glioma,2
/kaggle/input/datasets/rm1000/brain-tumor-mri-scans/glioma/0617.jpg,"/kaggle/input/datasets/souaadrahmoun/brnetval/Multi-Class Brain Tumor MRI Dataset Glioma, Health/Brain Cancer MRI Dataset/Brain Cancer MRI Dataset/Brain Cancer MRI Dataset/Glioma/260.jpg",Glioma,2
/kaggle/input/datasets/rm1000/brain-tumor-mri-scans/glioma/0426.jpg,"/kaggle/input/datasets/souaadrahmoun/brnetval/Multi-Class Brain Tumor MRI Dataset Glioma, Health/Brain Cancer MRI Dataset/Brain Cancer MRI Dataset/Brain Cancer MRI Dataset/Glioma/35.jpg",Glioma,0
/kaggle/input/datasets/rm1000/brain-tumor-mri-scans/glioma/0748.jpg,"/kaggle/input/datasets/souaadrahmoun/brnetval/Multi-Class Brain Tumor MRI Dataset Glioma, Health/Brain Cancer MRI Dataset/Brain Cancer MRI Dataset/Brain Cancer MRI Dataset/Glioma/217.jpg",Glioma,0
/kaggle/input/datasets/rm1000/brain-tumor-mri-scans/glioma/1304.jpg,"/kaggle/input/datasets/souaadrahmoun/brnetval/Multi-Class Brain Tumor MRI Dataset Glioma, Health/Brain Cancer MRI Dataset/Brain Cancer MRI Dataset/Brain Cancer MRI Dataset/Glioma/160.jpg",Glioma,0
/kaggle/input/datasets/rm1000/brain-tumor-mri-scans/glioma/1340.jpg,"/kaggle/input/datasets/souaadrahmoun/brnetval/Multi-Class Brain Tumor MRI Dataset Glioma, Health/Brain Cancer MRI Dataset/Brain Cancer MRI Dataset/Brain Cancer MRI Dataset/Glioma/123.jpg",Glioma,0
/kaggle/input/datasets/rm1000/brain-tumor-mri-scans/glioma/1409.jpg,"/kaggle/input/datasets/souaadrahmoun/brnetval/Multi-Class Brain Tumor MRI Dataset Glioma, Health/Brain Cancer MRI Dataset/Brain Cancer MRI Dataset/Brain Cancer MRI Dataset/Glioma/44.jpg",Glioma,0
/kaggle/input/datasets/rm1000/brain-tumor-mri-scans/glioma/0165.jpg,"/kaggle/input/datasets/souaadrahmoun/brnetval/Multi-Class Brain Tumor MRI Dataset Glioma, Health/Brain Cancer MRI Dataset/Brain Cancer MRI Dataset/Brain Cancer MRI Dataset/Glioma/214.jpg",Glioma,0
/kaggle/input/datasets/rm1000/brain-tumor-mri-scans/glioma/0355.jpg,"/kaggle/input/datasets/souaadrahmoun/brnetval/Multi-Class Brain Tumor MRI Dataset Glioma, Health/Brain Cancer MRI Dataset/Brain Cancer MRI Dataset/Brain Cancer MRI Dataset/Glioma/81.jpg",Glioma,0
/kaggle/input/datasets/rm1000/brain-tumor-mri-scans/glioma/0705.jpg,"/kaggle/input/datasets/souaadrahmoun/brnetval/Multi-Class Brain Tumor MRI Dataset Glioma, Health/Brain Cancer MRI Dataset/Brain Cancer MRI Dataset/Brain Cancer MRI Dataset/Glioma/116.jpg",Glioma,2
/kaggle/input/datasets/rm1000/brain-tumor-mri-scans/glioma/1484.jpg,"/kaggle/input/datasets/souaadrahmoun/brnetval/Multi-Class Brain Tumor MRI Dataset Glioma, Health/Brain Cancer MRI Dataset/Brain Cancer MRI Dataset/Brain Cancer MRI Dataset/Glioma/277.jpg",Glioma,0
/kaggle/input/datasets/rm1000/brain-tumor-mri-scans/glioma/1601.jpg,"/kaggle/input/datasets/souaadrahmoun/brnetval/Multi-Class Brain Tumor MRI Dataset Glioma, Health/Brain Cancer MRI Dataset/Brain Cancer MRI Dataset/Brain Cancer MRI Dataset/Glioma/295.jpg",Glioma,0
/kaggle/input/datasets/rm1000/brain-tumor-mri-scans/glioma/0011.jpg,"/kaggle/input/datasets/souaadrahmoun/brnetval/Multi-Class Brain Tumor MRI Dataset Glioma, Health/Brain Cancer MRI Dataset/Brain Cancer MRI Dataset/Brain Cancer MRI Dataset/Glioma/32.jpg",Glioma,0
/kaggle/input/datasets/rm1000/brain-tumor-mri-scans/glioma/0410.jpg,"/kaggle/input/datasets/souaadrahmoun/brnetval/Multi-Class Brain Tumor MRI Dataset Glioma, Health/Brain Cancer MRI Dataset/Brain Cancer MRI Dataset/Brain Cancer MRI Dataset/Glioma/96.jpg",Glioma,0
/kaggle/input/datasets/rm1000/brain-tumor-mri-scans/glioma/0318.jpg,"/kaggle/input/datasets/souaadrahmoun/brnetval/Multi-Class Brain Tumor MRI Dataset Glioma, Health/Brain Cancer MRI Dataset/Brain Cancer MRI Dataset/Brain Cancer MRI Dataset/Glioma/279.jpg",Glioma,0
/kaggle/input/datasets/rm1000/brain-tumor-mri-scans/glioma/0958.jpg,"/kaggle/input/datasets/souaadrahmoun/brnetval/Multi-Class Brain Tumor MRI Dataset Glioma, Health/Brain Cancer MRI Dataset/Brain Cancer MRI Dataset/Brain Cancer MRI Dataset/Glioma/117.jpg",Glioma,2
/kaggle/input/datasets/rm1000/brain-tumor-mri-scans/glioma/0879.jpg,"/kaggle/input/datasets/souaadrahmoun/brnetval/Multi-Class Brain Tumor MRI Dataset Glioma, Health/Brain Cancer MRI Dataset/Brain Cancer MRI Dataset/Brain Cancer MRI Dataset/Glioma/164.jpg",Glioma,0
/kaggle/input/datasets/rm1000/brain-tumor-mri-scans/glioma/1424.jpg,"/kaggle/input/datasets/souaadrahmoun/brnetval/Multi-Class Brain Tumor MRI Dataset Glioma, Health/Brain Cancer MRI Dataset/Brain Cancer MRI Dataset/Brain Cancer MRI Dataset/Glioma/19.jpg",Glioma,0
/kaggle/input/datasets/rm1000/brain-tumor-mri-scans/glioma/1089.jpg,"/kaggle/input/datasets/souaadrahmoun/brnetval/Multi-Class Brain Tumor MRI Dataset Glioma, Health/Brain Cancer MRI Dataset/Brain Cancer MRI Dataset/Brain Cancer MRI Dataset/Glioma/139.jpg",Glioma,0
/kaggle/input/datasets/rm1000/brain-tumor-mri-scans/glioma/0178.jpg,"/kaggle/input/datasets/souaadrahmoun/brnetval/Multi-Class Brain Tumor MRI Dataset Glioma, Health/Brain Cancer MRI Dataset/Brain Cancer MRI Dataset/Brain Cancer MRI Dataset/Glioma/191.jpg",Glioma,0
/kaggle/input/datasets/rm1000/brain-tumor-mri-scans/glioma/0107.jpg,"/kaggle/input/datasets/souaadrahmoun/brnetval/Multi-Class Brain Tumor MRI Dataset Glioma, Health/Brain Cancer MRI Dataset/Brain Cancer MRI Dataset/Brain Cancer MRI Dataset/Glioma/284.jpg",Glioma,0
/kaggle/input/datasets/rm1000/brain-tumor-mri-scans/glioma/0887.jpg,"/kaggle/input/datasets/souaadrahmoun/brnetval/Multi-Class Brain Tumor MRI Dataset Glioma, Health/Brain Cancer MRI Dataset/Brain Cancer MRI Dataset/Brain Cancer MRI Dataset/Glioma/291.jpg",Glioma,4
/kaggle/input/datasets/rm1000/brain-tumor-mri-scans/glioma/0027.jpg,"/kaggle/input/datasets/souaadrahmoun/brnetval/Multi-Class Brain Tumor MRI Dataset Glioma, Health/Brain Cancer MRI Dataset/Brain Cancer MRI Dataset/Brain Cancer MRI Dataset/Glioma/290.jpg",Glioma,0
/kaggle/input/datasets/rm1000/brain-tumor-mri-scans/glioma/1575.jpg,"/kaggle/input/datasets/souaadrahmoun/brnetval/Multi-Class Brain Tumor MRI Dataset Glioma, Health/Brain Cancer MRI Dataset/Brain Cancer MRI Dataset/Brain Cancer MRI Dataset/Glioma/15.jpg",Glioma,0
/kaggle/input/datasets/rm1000/brain-tumor-mri-scans/glioma/0403.jpg,"/kaggle/input/datasets/souaadrahmoun/brnetval/Multi-Class Brain Tumor MRI Dataset Glioma, Health/Brain Cancer MRI Dataset/Brain Cancer MRI Dataset/Brain Cancer MRI Dataset/Glioma/270.jpg",Glioma,0
/kaggle/input/datasets/rm1000/brain-tumor-mri-scans/glioma/0727.jpg,"/kaggle/input/datasets/souaadrahmoun/brnetval/Multi-Class Brain Tumor MRI Dataset Glioma, Health/Brain Cancer MRI Dataset/Brain Cancer MRI Dataset/Brain Cancer MRI Dataset/Glioma/12.jpg",Glioma,0
/kaggle/input/datasets/rm1000/brain-tumor-mri-scans/glioma/0882.jpg,"/kaggle/input/datasets/souaadrahmoun/brnetval/Multi-Class Brain Tumor MRI Dataset Glioma, Health/Brain Cancer MRI Dataset/Brain Cancer MRI Dataset/Brain Cancer MRI Dataset/Glioma/287.jpg",Glioma,0
/kaggle/input/datasets/rm1000/brain-tumor-mri-scans/glioma/0065.jpg,"/kaggle/input/datasets/souaadrahmoun/brnetval/Multi-Class Brain Tumor MRI Dataset Glioma, Health/Brain Cancer MRI Dataset/Brain Cancer MRI Dataset/Brain Cancer MRI Dataset/Glioma/204.jpg",Glioma,0
/kaggle/input/datasets/rm1000/brain-tumor-mri-scans/glioma/1118.jpg,"/kaggle/input/datasets/souaadrahmoun/brnetval/Multi-Class Brain Tumor MRI Dataset Glioma, Health/Brain Cancer MRI Dataset/Brain Cancer MRI Dataset/Brain Cancer MRI Dataset/Glioma/98.jpg",Glioma,0
/kaggle/input/datasets/rm1000/brain-tumor-mri-scans/glioma/0500.jpg,"/kaggle/input/datasets/souaadrahmoun/brnetval/Multi-Class Brain Tumor MRI Dataset Glioma, Health/Brain Cancer MRI Dataset/Brain Cancer MRI Dataset/Brain Cancer MRI Dataset/Glioma/47.jpg",Glioma,0
/kaggle/input/datasets/rm1000/brain-tumor-mri-scans/glioma/0490.jpg,"/kaggle/input/datasets/souaadrahmoun/brnetval/Multi-Class Brain Tumor MRI Dataset Glioma, Health/Brain Cancer MRI Dataset/Brain Cancer MRI Dataset/Brain Cancer MRI Dataset/Glioma/269.jpg",Glioma,2
/kaggle/input/datasets/rm1000/brain-tumor-mri-scans/glioma/1241.jpg,"/kaggle/input/datasets/souaadrahmoun/brnetval/Multi-Class Brain Tumor MRI Dataset Glioma, Health/Brain Cancer MRI Dataset/Brain Cancer MRI Dataset/Brain Cancer MRI Dataset/Glioma/182.jpg",Glioma,0
/kaggle/input/datasets/rm1000/brain-tumor-mri-scans/glioma/1200.jpg,"/kaggle/input/datasets/souaadrahmoun/brnetval/Multi-Class Brain Tumor MRI Dataset Glioma, Health/Brain Cancer MRI Dataset/Brain Cancer MRI Dataset/Brain Cancer MRI Dataset/Glioma/273.jpg",Glioma,2
/kaggle/input/datasets/rm1000/brain-tumor-mri-scans/glioma/0369.jpg,"/kaggle/input/datasets/souaadrahmoun/brnetval/Multi-Class Brain Tumor MRI Dataset Glioma, Health/Brain Cancer MRI Dataset/Brain Cancer MRI Dataset/Brain Cancer MRI Dataset/Glioma/202.jpg",Glioma,0
/kaggle/input/datasets/rm1000/brain-tumor-mri-scans/glioma/0555.jpg,"/kaggle/input/datasets/souaadrahmoun/brnetval/Multi-Class Brain Tumor MRI Dataset Glioma, Health/Brain Cancer MRI Dataset/Brain Cancer MRI Dataset/Brain Cancer MRI Dataset/Glioma/143.jpg",Glioma,0
/kaggle/input/datasets/rm1000/brain-tumor-mri-scans/glioma/0653.jpg,"/kaggle/input/datasets/souaadrahmoun/brnetval/Multi-Class Brain Tumor MRI Dataset Glioma, Health/Brain Cancer MRI Dataset/Brain Cancer MRI Dataset/Brain Cancer MRI Dataset/Glioma/194.jpg",Glioma,2
/kaggle/input/datasets/rm1000/brain-tumor-mri-scans/glioma/0424.jpg,"/kaggle/input/datasets/souaadrahmoun/brnetval/Multi-Class Brain Tumor MRI Dataset Glioma, Health/Brain Cancer MRI Dataset/Brain Cancer MRI Dataset/Brain Cancer MRI Dataset/Glioma/189.jpg",Glioma,0
/kaggle/input/datasets/rm1000/brain-tumor-mri-scans/glioma/0009.jpg,"/kaggle/input/datasets/souaadrahmoun/brnetval/Multi-Class Brain Tumor MRI Dataset Glioma, Health/Brain Cancer MRI Dataset/Brain Cancer MRI Dataset/Brain Cancer MRI Dataset/Glioma/234.jpg",Glioma,2
/kaggle/input/datasets/rm1000/brain-tumor-mri-scans/glioma/0279.jpg,"/kaggle/input/datasets/souaadrahmoun/brnetval/Multi-Class Brain Tumor MRI Dataset Glioma, Health/Brain Cancer MRI Dataset/Brain Cancer MRI Dataset/Brain Cancer MRI Dataset/Glioma/282.jpg",Glioma,0
/kaggle/input/datasets/rm1000/brain-tumor-mri-scans/glioma/0268.jpg,"/kaggle/input/datasets/souaadrahmoun/brnetval/Multi-Class Brain Tumor MRI Dataset Glioma, Health/Brain Cancer MRI Dataset/Brain Cancer MRI Dataset/Brain Cancer MRI Dataset/Glioma/161.jpg",Glioma,0
/kaggle/input/datasets/rm1000/brain-tumor-mri-scans/glioma/0922.jpg,"/kaggle/input/datasets/souaadrahmoun/brnetval/Multi-Class Brain Tumor MRI Dataset Glioma, Health/Brain Cancer MRI Dataset/Brain Cancer MRI Dataset/Brain Cancer MRI Dataset/Glioma/266.jpg",Glioma,2
/kaggle/input/datasets/rm1000/brain-tumor-mri-scans/glioma/0579.jpg,"/kaggle/input/datasets/souaadrahmoun/brnetval/Multi-Class Brain Tumor MRI Dataset Glioma, Health/Brain Cancer MRI Dataset/Brain Cancer MRI Dataset/Brain Cancer MRI Dataset/Glioma/247.jpg",Glioma,0
/kaggle/input/datasets/rm1000/brain-tumor-mri-scans/glioma/1440.jpg,"/kaggle/input/datasets/souaadrahmoun/brnetval/Multi-Class Brain Tumor MRI Dataset Glioma, Health/Brain Cancer MRI Dataset/Brain Cancer MRI Dataset/Brain Cancer MRI Dataset/Glioma/210.jpg",Glioma,0
/kaggle/input/datasets/rm1000/brain-tumor-mri-scans/glioma/0967.jpg,"/kaggle/input/datasets/souaadrahmoun/brnetval/Multi-Class Brain Tumor MRI Dataset Glioma, Health/Brain Cancer MRI Dataset/Brain Cancer MRI Dataset/Brain Cancer MRI Dataset/Glioma/172.jpg",Glioma,0
/kaggle/input/datasets/rm1000/brain-tumor-mri-scans/glioma/0421.jpg,"/kaggle/input/datasets/souaadrahmoun/brnetval/Multi-Class Brain Tumor MRI Dataset Glioma, Health/Brain Cancer MRI Dataset/Brain Cancer MRI Dataset/Brain Cancer MRI Dataset/Glioma/280.jpg",Glioma,0
/kaggle/input/datasets/rm1000/brain-tumor-mri-scans/glioma/1544.jpg,"/kaggle/input/datasets/souaadrahmoun/brnetval/Multi-Class Brain Tumor MRI Dataset Glioma, Health/Brain Cancer MRI Dataset/Brain Cancer MRI Dataset/Brain Cancer MRI Dataset/Glioma/240.jpg",Glioma,2
/kaggle/input/datasets/rm1000/brain-tumor-mri-scans/glioma/1324.jpg,"/kaggle/input/datasets/souaadrahmoun/brnetval/Multi-Class Brain Tumor MRI Dataset Glioma, Health/Brain Cancer MRI Dataset/Brain Cancer MRI Dataset/Brain Cancer MRI Dataset/Glioma/175.jpg",Glioma,2
/kaggle/input/datasets/rm1000/brain-tumor-mri-scans/glioma/0805.jpg,"/kaggle/input/datasets/souaadrahmoun/brnetval/Multi-Class Brain Tumor MRI Dataset Glioma, Health/Brain Cancer MRI Dataset/Brain Cancer MRI Dataset/Brain Cancer MRI Dataset/Glioma/213.jpg",Glioma,2
/kaggle/input/datasets/rm1000/brain-tumor-mri-scans/glioma/0987.jpg,"/kaggle/input/datasets/souaadrahmoun/brnetval/Multi-Class Brain Tumor MRI Dataset Glioma, Health/Brain Cancer MRI Dataset/Brain Cancer MRI Dataset/Brain Cancer MRI Dataset/Glioma/120.jpg",Glioma,0
/kaggle/input/datasets/rm1000/brain-tumor-mri-scans/glioma/0537.jpg,"/kaggle/input/datasets/souaadrahmoun/brnetval/Multi-Class Brain Tumor MRI Dataset Glioma, Health/Brain Cancer MRI Dataset/Brain Cancer MRI Dataset/Brain Cancer MRI Dataset/Glioma/199.jpg",Glioma,0
/kaggle/input/datasets/rm1000/brain-tumor-mri-scans/glioma/0457.jpg,"/kaggle/input/datasets/souaadrahmoun/brnetval/Multi-Class Brain Tumor MRI Dataset Glioma, Health/Brain Cancer MRI Dataset/Brain Cancer MRI Dataset/Brain Cancer MRI Dataset/Glioma/300.jpg",Glioma,0
/kaggle/input/datasets/rm1000/brain-tumor-mri-scans/glioma/0997.jpg,"/kaggle/input/datasets/souaadrahmoun/brnetval/Multi-Class Brain Tumor MRI Dataset Glioma, Health/Brain Cancer MRI Dataset/Brain Cancer MRI Dataset/Brain Cancer MRI Dataset/Glioma/224.jpg",Glioma,0
/kaggle/input/datasets/rm1000/brain-tumor-mri-scans/glioma/0135.jpg,"/kaggle/input/datasets/souaadrahmoun/brnetval/Multi-Class Brain Tumor MRI Dataset Glioma, Health/Brain Cancer MRI Dataset/Brain Cancer MRI Dataset/Brain Cancer MRI Dataset/Glioma/267.jpg",Glioma,0
/kaggle/input/datasets/rm1000/brain-tumor-mri-scans/glioma/0351.jpg,"/kaggle/input/datasets/souaadrahmoun/brnetval/Multi-Class Brain Tumor MRI Dataset Glioma, Health/Brain Cancer MRI Dataset/Brain Cancer MRI Dataset/Brain Cancer MRI Dataset/Glioma/77.jpg",Glioma,0
/kaggle/input/datasets/rm1000/brain-tumor-mri-scans/glioma/1507.jpg,"/kaggle/input/datasets/souaadrahmoun/brnetval/Multi-Class Brain Tumor MRI Dataset Glioma, Health/Brain Cancer MRI Dataset/Brain Cancer MRI Dataset/Brain Cancer MRI Dataset/Glioma/250.jpg",Glioma,0
/kaggle/input/datasets/rm1000/brain-tumor-mri-scans/glioma/1274.jpg,"/kaggle/input/datasets/souaadrahmoun/brnetval/Multi-Class Brain Tumor MRI Dataset Glioma, Health/Brain Cancer MRI Dataset/Brain Cancer MRI Dataset/Brain Cancer MRI Dataset/Glioma/95.jpg",Glioma,2
/kaggle/input/datasets/rm1000/brain-tumor-mri-scans/glioma/0435.jpg,"/kaggle/input/datasets/souaadrahmoun/brnetval/Multi-Class Brain Tumor MRI Dataset Glioma, Health/Brain Cancer MRI Dataset/Brain Cancer MRI Dataset/Brain Cancer MRI Dataset/Glioma/294.jpg",Glioma,2
/kaggle/input/datasets/rm1000/brain-tumor-mri-scans/glioma/0584.jpg,"/kaggle/input/datasets/souaadrahmoun/brnetval/Multi-Class Brain Tumor MRI Dataset Glioma, Health/Brain Cancer MRI Dataset/Brain Cancer MRI Dataset/Brain Cancer MRI Dataset/Glioma/88.jpg",Glioma,0
/kaggle/input/datasets/rm1000/brain-tumor-mri-scans/glioma/0685.jpg,"/kaggle/input/datasets/souaadrahmoun/brnetval/Multi-Class Brain Tumor MRI Dataset Glioma, Health/Brain Cancer MRI Dataset/Brain Cancer MRI Dataset/Brain Cancer MRI Dataset/Glioma/200.jpg",Glioma,2
/kaggle/input/datasets/rm1000/brain-tumor-mri-scans/glioma/0259.jpg,"/kaggle/input/datasets/souaadrahmoun/brnetval/Multi-Class Brain Tumor MRI Dataset Glioma, Health/Brain Cancer MRI Dataset/Brain Cancer MRI Dataset/Brain Cancer MRI Dataset/Glioma/30.jpg",Glioma,0
/kaggle/input/datasets/rm1000/brain-tumor-mri-scans/glioma/1404.jpg,"/kaggle/input/datasets/souaadrahmoun/brnetval/Multi-Class Brain Tumor MRI Dataset Glioma, Health/Brain Cancer MRI Dataset/Brain Cancer MRI Dataset/Brain Cancer MRI Dataset/Glioma/11.jpg",Glioma,0
/kaggle/input/datasets/rm1000/brain-tumor-mri-scans/glioma/0972.jpg,"/kaggle/input/datasets/souaadrahmoun/brnetval/Multi-Class Brain Tumor MRI Dataset Glioma, Health/Brain Cancer MRI Dataset/Brain Cancer MRI Dataset/Brain Cancer MRI Dataset/Glioma/122.jpg",Glioma,2
/kaggle/input/datasets/rm1000/brain-tumor-mri-scans/glioma/0209.jpg,"/kaggle/input/datasets/souaadrahmoun/brnetval/Multi-Class Brain Tumor MRI Dataset Glioma, Health/Brain Cancer MRI Dataset/Brain Cancer MRI Dataset/Brain Cancer MRI Dataset/Glioma/244.jpg",Glioma,0
/kaggle/input/datasets/rm1000/brain-tumor-mri-scans/glioma/0595.jpg,"/kaggle/input/datasets/souaadrahmoun/brnetval/Multi-Class Brain Tumor MRI Dataset Glioma, Health/Brain Cancer MRI Dataset/Brain Cancer MRI Dataset/Brain Cancer MRI Dataset/Glioma/84.jpg",Glioma,2
/kaggle/input/datasets/rm1000/brain-tumor-mri-scans/glioma/0942.jpg,"/kaggle/input/datasets/souaadrahmoun/brnetval/Multi-Class Brain Tumor MRI Dataset Glioma, Health/Brain Cancer MRI Dataset/Brain Cancer MRI Dataset/Brain Cancer MRI Dataset/Glioma/100.jpg",Glioma,0
/kaggle/input/datasets/rm1000/brain-tumor-mri-scans/glioma/0920.jpg,"/kaggle/input/datasets/souaadrahmoun/brnetval/Multi-Class Brain Tumor MRI Dataset Glioma, Health/Brain Cancer MRI Dataset/Brain Cancer MRI Dataset/Brain Cancer MRI Dataset/Glioma/151.jpg",Glioma,0
/kaggle/input/datasets/rm1000/brain-tumor-mri-scans/glioma/0891.jpg,"/kaggle/input/datasets/souaadrahmoun/brnetval/Multi-Class Brain Tumor MRI Dataset Glioma, Health/Brain Cancer MRI Dataset/Brain Cancer MRI Dataset/Brain Cancer MRI Dataset/Glioma/85.jpg",Glioma,2
/kaggle/input/datasets/rm1000/brain-tumor-mri-scans/glioma/0334.jpg,"/kaggle/input/datasets/souaadrahmoun/brnetval/Multi-Class Brain Tumor MRI Dataset Glioma, Health/Brain Cancer MRI Dataset/Brain Cancer MRI Dataset/Brain Cancer MRI Dataset/Glioma/252.jpg",Glioma,0
/kaggle/input/datasets/rm1000/brain-tumor-mri-scans/glioma/0523.jpg,"/kaggle/input/datasets/souaadrahmoun/brnetval/Multi-Class Brain Tumor MRI Dataset Glioma, Health/Brain Cancer MRI Dataset/Brain Cancer MRI Dataset/Brain Cancer MRI Dataset/Glioma/180.jpg",Glioma,0
/kaggle/input/datasets/rm1000/brain-tumor-mri-scans/glioma/0668.jpg,"/kaggle/input/datasets/souaadrahmoun/brnetval/Multi-Class Brain Tumor MRI Dataset Glioma, Health/Brain Cancer MRI Dataset/Brain Cancer MRI Dataset/Brain Cancer MRI Dataset/Glioma/271.jpg",Glioma,2
/kaggle/input/datasets/rm1000/brain-tumor-mri-scans/glioma/0264.jpg,"/kaggle/input/datasets/souaadrahmoun/brnetval/Multi-Class Brain Tumor MRI Dataset Glioma, Health/Brain Cancer MRI Dataset/Brain Cancer MRI Dataset/Brain Cancer MRI Dataset/Glioma/54.jpg",Glioma,0
/kaggle/input/datasets/rm1000/brain-tumor-mri-scans/glioma/1158.jpg,"/kaggle/input/datasets/souaadrahmoun/brnetval/Multi-Class Brain Tumor MRI Dataset Glioma, Health/Brain Cancer MRI Dataset/Brain Cancer MRI Dataset/Brain Cancer MRI Dataset/Glioma/1.jpg",Glioma,0
/kaggle/input/datasets/rm1000/brain-tumor-mri-scans/glioma/0796.jpg,"/kaggle/input/datasets/souaadrahmoun/brnetval/Multi-Class Brain Tumor MRI Dataset Glioma, Health/Brain Cancer MRI Dataset/Brain Cancer MRI Dataset/Brain Cancer MRI Dataset/Glioma/58.jpg",Glioma,0
/kaggle/input/datasets/rm1000/brain-tumor-mri-scans/glioma/0262.jpg,"/kaggle/input/datasets/souaadrahmoun/brnetval/Multi-Class Brain Tumor MRI Dataset Glioma, Health/Brain Cancer MRI Dataset/Brain Cancer MRI Dataset/Brain Cancer MRI Dataset/Glioma/16.jpg",Glioma,2
/kaggle/input/datasets/rm1000/brain-tumor-mri-scans/glioma/0568.jpg,"/kaggle/input/datasets/souaadrahmoun/brnetval/Multi-Class Brain Tumor MRI Dataset Glioma, Health/Brain Cancer MRI Dataset/Brain Cancer MRI Dataset/Brain Cancer MRI Dataset/Glioma/177.jpg",Glioma,0
/kaggle/input/datasets/rm1000/brain-tumor-mri-scans/glioma/1570.jpg,"/kaggle/input/datasets/souaadrahmoun/brnetval/Multi-Class Brain Tumor MRI Dataset Glioma, Health/Brain Cancer MRI Dataset/Brain Cancer MRI Dataset/Brain Cancer MRI Dataset/Glioma/228.jpg",Glioma,2
/kaggle/input/datasets/rm1000/brain-tumor-mri-scans/glioma/0126.jpg,"/kaggle/input/datasets/souaadrahmoun/brnetval/Multi-Class Brain Tumor MRI Dataset Glioma, Health/Brain Cancer MRI Dataset/Brain Cancer MRI Dataset/Brain Cancer MRI Dataset/Glioma/232.jpg",Glioma,2
/kaggle/input/datasets/rm1000/brain-tumor-mri-scans/glioma/1011.jpg,"/kaggle/input/datasets/souaadrahmoun/brnetval/Multi-Class Brain Tumor MRI Dataset Glioma, Health/Brain Cancer MRI Dataset/Brain Cancer MRI Dataset/Brain Cancer MRI Dataset/Glioma/179.jpg",Glioma,0
/kaggle/input/datasets/rm1000/brain-tumor-mri-scans/glioma/1247.jpg,"/kaggle/input/datasets/souaadrahmoun/brnetval/Multi-Class Brain Tumor MRI Dataset Glioma, Health/Brain Cancer MRI Dataset/Brain Cancer MRI Dataset/Brain Cancer MRI Dataset/Glioma/70.jpg",Glioma,2
/kaggle/input/datasets/rm1000/brain-tumor-mri-scans/glioma/1023.jpg,"/kaggle/input/datasets/souaadrahmoun/brnetval/Multi-Class Brain Tumor MRI Dataset Glioma, Health/Brain Cancer MRI Dataset/Brain Cancer MRI Dataset/Brain Cancer MRI Dataset/Glioma/205.jpg",Glioma,0
/kaggle/input/datasets/rm1000/brain-tumor-mri-scans/glioma/1616.jpg,"/kaggle/input/datasets/souaadrahmoun/brnetval/Multi-Class Brain Tumor MRI Dataset Glioma, Health/Brain Cancer MRI Dataset/Brain Cancer MRI Dataset/Brain Cancer MRI Dataset/Glioma/149.jpg",Glioma,0
/kaggle/input/datasets/rm1000/brain-tumor-mri-scans/glioma/1066.jpg,"/kaggle/input/datasets/souaadrahmoun/brnetval/Multi-Class Brain Tumor MRI Dataset Glioma, Health/Brain Cancer MRI Dataset/Brain Cancer MRI Dataset/Brain Cancer MRI Dataset/Glioma/4.jpg",Glioma,0
/kaggle/input/datasets/rm1000/brain-tumor-mri-scans/glioma/0818.jpg,"/kaggle/input/datasets/souaadrahmoun/brnetval/Multi-Class Brain Tumor MRI Dataset Glioma, Health/Brain Cancer MRI Dataset/Brain Cancer MRI Dataset/Brain Cancer MRI Dataset/Glioma/131.jpg",Glioma,0
/kaggle/input/datasets/rm1000/brain-tumor-mri-scans/glioma/1482.jpg,"/kaggle/input/datasets/souaadrahmoun/brnetval/Multi-Class Brain Tumor MRI Dataset Glioma, Health/Brain Cancer MRI Dataset/Brain Cancer MRI Dataset/Brain Cancer MRI Dataset/Glioma/130.jpg",Glioma,2
/kaggle/input/datasets/rm1000/brain-tumor-mri-scans/glioma/0854.jpg,"/kaggle/input/datasets/souaadrahmoun/brnetval/Multi-Class Brain Tumor MRI Dataset Glioma, Health/Brain Cancer MRI Dataset/Brain Cancer MRI Dataset/Brain Cancer MRI Dataset/Glioma/157.jpg",Glioma,0
/kaggle/input/datasets/rm1000/brain-tumor-mri-scans/glioma/0718.jpg,"/kaggle/input/datasets/souaadrahmoun/brnetval/Multi-Class Brain Tumor MRI Dataset Glioma, Health/Brain Cancer MRI Dataset/Brain Cancer MRI Dataset/Brain Cancer MRI Dataset/Glioma/108.jpg",Glioma,0
/kaggle/input/datasets/rm1000/brain-tumor-mri-scans/glioma/0702.jpg,"/kaggle/input/datasets/souaadrahmoun/brnetval/Multi-Class Brain Tumor MRI Dataset Glioma, Health/Brain Cancer MRI Dataset/Brain Cancer MRI Dataset/Brain Cancer MRI Dataset/Glioma/167.jpg",Glioma,0
/kaggle/input/datasets/rm1000/brain-tumor-mri-scans/glioma/0554.jpg,"/kaggle/input/datasets/souaadrahmoun/brnetval/Multi-Class Brain Tumor MRI Dataset Glioma, Health/Brain Cancer MRI Dataset/Brain Cancer MRI Dataset/Brain Cancer MRI Dataset/Glioma/2.jpg",Glioma,2
/kaggle/input/datasets/rm1000/brain-tumor-mri-scans/glioma/1348.jpg,"/kaggle/input/datasets/souaadrahmoun/brnetval/Multi-Class Brain Tumor MRI Dataset Glioma, Health/Brain Cancer MRI Dataset/Brain Cancer MRI Dataset/Brain Cancer MRI Dataset/Glioma/34.jpg",Glioma,0
/kaggle/input/datasets/rm1000/brain-tumor-mri-scans/glioma/0313.jpg,"/kaggle/input/datasets/souaadrahmoun/brnetval/Multi-Class Brain Tumor MRI Dataset Glioma, Health/Brain Cancer MRI Dataset/Brain Cancer MRI Dataset/Brain Cancer MRI Dataset/Glioma/292.jpg",Glioma,2
/kaggle/input/datasets/rm1000/brain-tumor-mri-scans/glioma/0466.jpg,"/kaggle/input/datasets/souaadrahmoun/brnetval/Multi-Class Brain Tumor MRI Dataset Glioma, Health/Brain Cancer MRI Dataset/Brain Cancer MRI Dataset/Brain Cancer MRI Dataset/Glioma/106.jpg",Glioma,0
/kaggle/input/datasets/rm1000/brain-tumor-mri-scans/glioma/1369.jpg,"/kaggle/input/datasets/souaadrahmoun/brnetval/Multi-Class Brain Tumor MRI Dataset Glioma, Health/Brain Cancer MRI Dataset/Brain Cancer MRI Dataset/Brain Cancer MRI Dataset/Glioma/153.jpg",Glioma,2
/kaggle/input/datasets/rm1000/brain-tumor-mri-scans/glioma/0515.jpg,"/kaggle/input/datasets/souaadrahmoun/brnetval/Multi-Class Brain Tumor MRI Dataset Glioma, Health/Brain Cancer MRI Dataset/Brain Cancer MRI Dataset/Brain Cancer MRI Dataset/Glioma/185.jpg",Glioma,0
/kaggle/input/datasets/rm1000/brain-tumor-mri-scans/glioma/0969.jpg,"/kaggle/input/datasets/souaadrahmoun/brnetval/Multi-Class Brain Tumor MRI Dataset Glioma, Health/Brain Cancer MRI Dataset/Brain Cancer MRI Dataset/Brain Cancer MRI Dataset/Glioma/93.jpg",Glioma,2
/kaggle/input/datasets/rm1000/brain-tumor-mri-scans/glioma/1373.jpg,"/kaggle/input/datasets/souaadrahmoun/brnetval/Multi-Class Brain Tumor MRI Dataset Glioma, Health/Brain Cancer MRI Dataset/Brain Cancer MRI Dataset/Brain Cancer MRI Dataset/Glioma/86.jpg",Glioma,0
/kaggle/input/datasets/rm1000/brain-tumor-mri-scans/glioma/1273.jpg,"/kaggle/input/datasets/souaadrahmoun/brnetval/Multi-Class Brain Tumor MRI Dataset Glioma, Health/Brain Cancer MRI Dataset/Brain Cancer MRI Dataset/Brain Cancer MRI Dataset/Glioma/133.jpg",Glioma,0
/kaggle/input/datasets/rm1000/brain-tumor-mri-scans/glioma/0505.jpg,"/kaggle/input/datasets/souaadrahmoun/brnetval/Multi-Class Brain Tumor MRI Dataset Glioma, Health/Brain Cancer MRI Dataset/Brain Cancer MRI Dataset/Brain Cancer MRI Dataset/Glioma/195.jpg",Glioma,2
/kaggle/input/datasets/rm1000/brain-tumor-mri-scans/glioma/0725.jpg,"/kaggle/input/datasets/souaadrahmoun/brnetval/Multi-Class Brain Tumor MRI Dataset Glioma, Health/Brain Cancer MRI Dataset/Brain Cancer MRI Dataset/Brain Cancer MRI Dataset/Glioma/222.jpg",Glioma,2
/kaggle/input/datasets/rm1000/brain-tumor-mri-scans/glioma/0353.jpg,"/kaggle/input/datasets/souaadrahmoun/brnetval/Multi-Class Brain Tumor MRI Dataset Glioma, Health/Brain Cancer MRI Dataset/Brain Cancer MRI Dataset/Brain Cancer MRI Dataset/Glioma/80.jpg",Glioma,0
/kaggle/input/datasets/rm1000/brain-tumor-mri-scans/glioma/1398.jpg,"/kaggle/input/datasets/souaadrahmoun/brnetval/Multi-Class Brain Tumor MRI Dataset Glioma, Health/Brain Cancer MRI Dataset/Brain Cancer MRI Dataset/Brain Cancer MRI Dataset/Glioma/198.jpg",Glioma,0
/kaggle/input/datasets/rm1000/brain-tumor-mri-scans/glioma/0366.jpg,"/kaggle/input/datasets/souaadrahmoun/brnetval/Multi-Class Brain Tumor MRI Dataset Glioma, Health/Brain Cancer MRI Dataset/Brain Cancer MRI Dataset/Brain Cancer MRI Dataset/Glioma/264.jpg",Glioma,2
/kaggle/input/datasets/rm1000/brain-tumor-mri-scans/glioma/0222.jpg,"/kaggle/input/datasets/souaadrahmoun/brnetval/Multi-Class Brain Tumor MRI Dataset Glioma, Health/Brain Cancer MRI Dataset/Brain Cancer MRI Dataset/Brain Cancer MRI Dataset/Glioma/251.jpg",Glioma,0
/kaggle/input/datasets/rm1000/brain-tumor-mri-scans/glioma/0265.jpg,"/kaggle/input/datasets/souaadrahmoun/brnetval/Multi-Class Brain Tumor MRI Dataset Glioma, Health/Brain Cancer MRI Dataset/Brain Cancer MRI Dataset/Brain Cancer MRI Dataset/Glioma/163.jpg",Glioma,0
/kaggle/input/datasets/rm1000/brain-tumor-mri-scans/glioma/0993.jpg,"/kaggle/input/datasets/souaadrahmoun/brnetval/Multi-Class Brain Tumor MRI Dataset Glioma, Health/Brain Cancer MRI Dataset/Brain Cancer MRI Dataset/Brain Cancer MRI Dataset/Glioma/283.jpg",Glioma,0
/kaggle/input/datasets/rm1000/brain-tumor-mri-scans/glioma/0507.jpg,"/kaggle/input/datasets/souaadrahmoun/brnetval/Multi-Class Brain Tumor MRI Dataset Glioma, Health/Brain Cancer MRI Dataset/Brain Cancer MRI Dataset/Brain Cancer MRI Dataset/Glioma/83.jpg",Glioma,2
/kaggle/input/datasets/rm1000/brain-tumor-mri-scans/glioma/0640.jpg,"/kaggle/input/datasets/souaadrahmoun/brnetval/Multi-Class Brain Tumor MRI Dataset Glioma, Health/Brain Cancer MRI Dataset/Brain Cancer MRI Dataset/Brain Cancer MRI Dataset/Glioma/237.jpg",Glioma,0
/kaggle/input/datasets/rm1000/brain-tumor-mri-scans/glioma/0373.jpg,"/kaggle/input/datasets/souaadrahmoun/brnetval/Multi-Class Brain Tumor MRI Dataset Glioma, Health/Brain Cancer MRI Dataset/Brain Cancer MRI Dataset/Brain Cancer MRI Dataset/Glioma/62.jpg",Glioma,2
/kaggle/input/datasets/rm1000/brain-tumor-mri-scans/glioma/0820.jpg,"/kaggle/input/datasets/souaadrahmoun/brnetval/Multi-Class Brain Tumor MRI Dataset Glioma, Health/Brain Cancer MRI Dataset/Brain Cancer MRI Dataset/Brain Cancer MRI Dataset/Glioma/144.jpg",Glioma,2
/kaggle/input/datasets/rm1000/brain-tumor-mri-scans/glioma/1393.jpg,"/kaggle/input/datasets/souaadrahmoun/brnetval/Multi-Class Brain Tumor MRI Dataset Glioma, Health/Brain Cancer MRI Dataset/Brain Cancer MRI Dataset/Brain Cancer MRI Dataset/Glioma/159.jpg",Glioma,2
/kaggle/input/datasets/rm1000/brain-tumor-mri-scans/glioma/0392.jpg,"/kaggle/input/datasets/souaadrahmoun/brnetval/Multi-Class Brain Tumor MRI Dataset Glioma, Health/Brain Cancer MRI Dataset/Brain Cancer MRI Dataset/Brain Cancer MRI Dataset/Glioma/142.jpg",Glioma,2
/kaggle/input/datasets/rm1000/brain-tumor-mri-scans/glioma/0417.jpg,"/kaggle/input/datasets/souaadrahmoun/brnetval/Multi-Class Brain Tumor MRI Dataset Glioma, Health/Brain Cancer MRI Dataset/Brain Cancer MRI Dataset/Brain Cancer MRI Dataset/Glioma/181.jpg",Glioma,0
/kaggle/input/datasets/rm1000/brain-tumor-mri-scans/glioma/0449.jpg,"/kaggle/input/datasets/souaadrahmoun/brnetval/Multi-Class Brain Tumor MRI Dataset Glioma, Health/Brain Cancer MRI Dataset/Brain Cancer MRI Dataset/Brain Cancer MRI Dataset/Glioma/124.jpg",Glioma,0
/kaggle/input/datasets/rm1000/brain-tumor-mri-scans/glioma/1585.jpg,"/kaggle/input/datasets/souaadrahmoun/brnetval/Multi-Class Brain Tumor MRI Dataset Glioma, Health/Brain Cancer MRI Dataset/Brain Cancer MRI Dataset/Brain Cancer MRI Dataset/Glioma/201.jpg",Glioma,0
/kaggle/input/datasets/rm1000/brain-tumor-mri-scans/glioma/0479.jpg,"/kaggle/input/datasets/souaadrahmoun/brnetval/Multi-Class Brain Tumor MRI Dataset Glioma, Health/Brain Cancer MRI Dataset/Brain Cancer MRI Dataset/Brain Cancer MRI Dataset/Glioma/296.jpg",Glioma,2
/kaggle/input/datasets/rm1000/brain-tumor-mri-scans/glioma/0306.jpg,"/kaggle/input/datasets/souaadrahmoun/brnetval/Multi-Class Brain Tumor MRI Dataset Glioma, Health/Brain Cancer MRI Dataset/Brain Cancer MRI Dataset/Brain Cancer MRI Dataset/Glioma/141.jpg",Glioma,0
/kaggle/input/datasets/rm1000/brain-tumor-mri-scans/glioma/0746.jpg,"/kaggle/input/datasets/souaadrahmoun/brnetval/Multi-Class Brain Tumor MRI Dataset Glioma, Health/Brain Cancer MRI Dataset/Brain Cancer MRI Dataset/Brain Cancer MRI Dataset/Glioma/55.jpg",Glioma,0
/kaggle/input/datasets/rm1000/brain-tumor-mri-scans/glioma/0683.jpg,"/kaggle/input/datasets/souaadrahmoun/brnetval/Multi-Class Brain Tumor MRI Dataset Glioma, Health/Brain Cancer MRI Dataset/Brain Cancer MRI Dataset/Brain Cancer MRI Dataset/Glioma/216.jpg",Glioma,0
/kaggle/input/datasets/rm1000/brain-tumor-mri-scans/glioma/1410.jpg,"/kaggle/input/datasets/souaadrahmoun/brnetval/Multi-Class Brain Tumor MRI Dataset Glioma, Health/Brain Cancer MRI Dataset/Brain Cancer MRI Dataset/Brain Cancer MRI Dataset/Glioma/242.jpg",Glioma,2
/kaggle/input/datasets/rm1000/brain-tumor-mri-scans/glioma/1106.jpg,"/kaggle/input/datasets/souaadrahmoun/brnetval/Multi-Class Brain Tumor MRI Dataset Glioma, Health/Brain Cancer MRI Dataset/Brain Cancer MRI Dataset/Brain Cancer MRI Dataset/Glioma/38.jpg",Glioma,0
/kaggle/input/datasets/rm1000/brain-tumor-mri-scans/glioma/1458.jpg,"/kaggle/input/datasets/souaadrahmoun/brnetval/Multi-Class Brain Tumor MRI Dataset Glioma, Health/Brain Cancer MRI Dataset/Brain Cancer MRI Dataset/Brain Cancer MRI Dataset/Glioma/65.jpg",Glioma,2
/kaggle/input/datasets/rm1000/brain-tumor-mri-scans/glioma/0361.jpg,"/kaggle/input/datasets/souaadrahmoun/brnetval/Multi-Class Brain Tumor MRI Dataset Glioma, Health/Brain Cancer MRI Dataset/Brain Cancer MRI Dataset/Brain Cancer MRI Dataset/Glioma/170.jpg",Glioma,0
/kaggle/input/datasets/rm1000/brain-tumor-mri-scans/glioma/1481.jpg,"/kaggle/input/datasets/souaadrahmoun/brnetval/Multi-Class Brain Tumor MRI Dataset Glioma, Health/Brain Cancer MRI Dataset/Brain Cancer MRI Dataset/Brain Cancer MRI Dataset/Glioma/67.jpg",Glioma,2
/kaggle/input/datasets/rm1000/brain-tumor-mri-scans/glioma/1307.jpg,"/kaggle/input/datasets/souaadrahmoun/brnetval/Multi-Class Brain Tumor MRI Dataset Glioma, Health/Brain Cancer MRI Dataset/Brain Cancer MRI Dataset/Brain Cancer MRI Dataset/Glioma/169.jpg",Glioma,2
/kaggle/input/datasets/rm1000/brain-tumor-mri-scans/glioma/0253.jpg,"/kaggle/input/datasets/souaadrahmoun/brnetval/Multi-Class Brain Tumor MRI Dataset Glioma, Health/Brain Cancer MRI Dataset/Brain Cancer MRI Dataset/Brain Cancer MRI Dataset/Glioma/89.jpg",Glioma,2
/kaggle/input/datasets/rm1000/brain-tumor-mri-scans/glioma/0241.jpg,"/kaggle/input/datasets/souaadrahmoun/brnetval/Multi-Class Brain Tumor MRI Dataset Glioma, Health/Brain Cancer MRI Dataset/Brain Cancer MRI Dataset/Brain Cancer MRI Dataset/Glioma/223.jpg",Glioma,2
/kaggle/input/datasets/rm1000/brain-tumor-mri-scans/glioma/1433.jpg,"/kaggle/input/datasets/souaadrahmoun/brnetval/Multi-Class Brain Tumor MRI Dataset Glioma, Health/Brain Cancer MRI Dataset/Brain Cancer MRI Dataset/Brain Cancer MRI Dataset/Glioma/140.jpg",Glioma,2
/kaggle/input/datasets/rm1000/brain-tumor-mri-scans/glioma/0045.jpg,"/kaggle/input/datasets/souaadrahmoun/brnetval/Multi-Class Brain Tumor MRI Dataset Glioma, Health/Brain Cancer MRI Dataset/Brain Cancer MRI Dataset/Brain Cancer MRI Dataset/Glioma/235.jpg",Glioma,0
/kaggle/input/datasets/rm1000/brain-tumor-mri-scans/glioma/0501.jpg,"/kaggle/input/datasets/souaadrahmoun/brnetval/Multi-Class Brain Tumor MRI Dataset Glioma, Health/Brain Cancer MRI Dataset/Brain Cancer MRI Dataset/Brain Cancer MRI Dataset/Glioma/25.jpg",Glioma,2
/kaggle/input/datasets/rm1000/brain-tumor-mri-scans/glioma/1347.jpg,"/kaggle/input/datasets/souaadrahmoun/brnetval/Multi-Class Brain Tumor MRI Dataset Glioma, Health/Brain Cancer MRI Dataset/Brain Cancer MRI Dataset/Brain Cancer MRI Dataset/Glioma/3.jpg",Glioma,0
/kaggle/input/datasets/rm1000/brain-tumor-mri-scans/glioma/1182.jpg,"/kaggle/input/datasets/souaadrahmoun/brnetval/Multi-Class Brain Tumor MRI Dataset Glioma, Health/Brain Cancer MRI Dataset/Brain Cancer MRI Dataset/Brain Cancer MRI Dataset/Glioma/299.jpg",Glioma,0
/kaggle/input/datasets/rm1000/brain-tumor-mri-scans/glioma/0539.jpg,"/kaggle/input/datasets/souaadrahmoun/brnetval/Multi-Class Brain Tumor MRI Dataset Glioma, Health/Brain Cancer MRI Dataset/Brain Cancer MRI Dataset/Brain Cancer MRI Dataset/Glioma/231.jpg",Glioma,0
/kaggle/input/datasets/rm1000/brain-tumor-mri-scans/glioma/1583.jpg,"/kaggle/input/datasets/souaadrahmoun/brnetval/Multi-Class Brain Tumor MRI Dataset Glioma, Health/Brain Cancer MRI Dataset/Brain Cancer MRI Dataset/Brain Cancer MRI Dataset/Glioma/203.jpg",Glioma,2
/kaggle/input/datasets/rm1000/brain-tumor-mri-scans/glioma/0326.jpg,"/kaggle/input/datasets/souaadrahmoun/brnetval/Multi-Class Brain Tumor MRI Dataset Glioma, Health/Brain Cancer MRI Dataset/Brain Cancer MRI Dataset/Brain Cancer MRI Dataset/Glioma/23.jpg",Glioma,0
/kaggle/input/datasets/rm1000/brain-tumor-mri-scans/glioma/0828.jpg,"/kaggle/input/datasets/souaadrahmoun/brnetval/Multi-Class Brain Tumor MRI Dataset Glioma, Health/Brain Cancer MRI Dataset/Brain Cancer MRI Dataset/Brain Cancer MRI Dataset/Glioma/246.jpg",Glioma,2
/kaggle/input/datasets/rm1000/brain-tumor-mri-scans/glioma/0384.jpg,"/kaggle/input/datasets/souaadrahmoun/brnetval/Multi-Class Brain Tumor MRI Dataset Glioma, Health/Brain Cancer MRI Dataset/Brain Cancer MRI Dataset/Brain Cancer MRI Dataset/Glioma/127.jpg",Glioma,0
/kaggle/input/datasets/rm1000/brain-tumor-mri-scans/glioma/1536.jpg,"/kaggle/input/datasets/souaadrahmoun/brnetval/Multi-Class Brain Tumor MRI Dataset Glioma, Health/Brain Cancer MRI Dataset/Brain Cancer MRI Dataset/Brain Cancer MRI Dataset/Glioma/114.jpg",Glioma,0
/kaggle/input/datasets/rm1000/brain-tumor-mri-scans/glioma/1477.jpg,"/kaggle/input/datasets/souaadrahmoun/brnetval/Multi-Class Brain Tumor MRI Dataset Glioma, Health/Brain Cancer MRI Dataset/Brain Cancer MRI Dataset/Brain Cancer MRI Dataset/Glioma/8.jpg",Glioma,0
/kaggle/input/datasets/rm1000/brain-tumor-mri-scans/glioma/1526.jpg,"/kaggle/input/datasets/souaadrahmoun/brnetval/Multi-Class Brain Tumor MRI Dataset Glioma, Health/Brain Cancer MRI Dataset/Brain Cancer MRI Dataset/Brain Cancer MRI Dataset/Glioma/135.jpg",Glioma,0
/kaggle/input/datasets/rm1000/brain-tumor-mri-scans/glioma/0534.jpg,"/kaggle/input/datasets/souaadrahmoun/brnetval/Multi-Class Brain Tumor MRI Dataset Glioma, Health/Brain Cancer MRI Dataset/Brain Cancer MRI Dataset/Brain Cancer MRI Dataset/Glioma/50.jpg",Glioma,0
/kaggle/input/datasets/rm1000/brain-tumor-mri-scans/glioma/1049.jpg,"/kaggle/input/datasets/souaadrahmoun/brnetval/Multi-Class Brain Tumor MRI Dataset Glioma, Health/Brain Cancer MRI Dataset/Brain Cancer MRI Dataset/Brain Cancer MRI Dataset/Glioma/241.jpg",Glioma,0
/kaggle/input/datasets/rm1000/brain-tumor-mri-scans/glioma/1213.jpg,"/kaggle/input/datasets/souaadrahmoun/brnetval/Multi-Class Brain Tumor MRI Dataset Glioma, Health/Brain Cancer MRI Dataset/Brain Cancer MRI Dataset/Brain Cancer MRI Dataset/Glioma/243.jpg",Glioma,0
/kaggle/input/datasets/rm1000/brain-tumor-mri-scans/glioma/0712.jpg,"/kaggle/input/datasets/souaadrahmoun/brnetval/Multi-Class Brain Tumor MRI Dataset Glioma, Health/Brain Cancer MRI Dataset/Brain Cancer MRI Dataset/Brain Cancer MRI Dataset/Glioma/249.jpg",Glioma,0
/kaggle/input/datasets/rm1000/brain-tumor-mri-scans/glioma/1375.jpg,"/kaggle/input/datasets/souaadrahmoun/brnetval/Multi-Class Brain Tumor MRI Dataset Glioma, Health/Brain Cancer MRI Dataset/Brain Cancer MRI Dataset/Brain Cancer MRI Dataset/Glioma/78.jpg",Glioma,4
/kaggle/input/datasets/rm1000/brain-tumor-mri-scans/glioma/0833.jpg,"/kaggle/input/datasets/souaadrahmoun/brnetval/Multi-Class Brain Tumor MRI Dataset Glioma, Health/Brain Cancer MRI Dataset/Brain Cancer MRI Dataset/Brain Cancer MRI Dataset/Glioma/36.jpg",Glioma,0
/kaggle/input/datasets/rm1000/brain-tumor-mri-scans/glioma/0730.jpg,"/kaggle/input/datasets/souaadrahmoun/brnetval/Multi-Class Brain Tumor MRI Dataset Glioma, Health/Brain Cancer MRI Dataset/Brain Cancer MRI Dataset/Brain Cancer MRI Dataset/Glioma/137.jpg",Glioma,2
/kaggle/input/datasets/rm1000/brain-tumor-mri-scans/glioma/0090.jpg,"/kaggle/input/datasets/souaadrahmoun/brnetval/Multi-Class Brain Tumor MRI Dataset Glioma, Health/Brain Cancer MRI Dataset/Brain Cancer MRI Dataset/Brain Cancer MRI Dataset/Glioma/31.jpg",Glioma,0
/kaggle/input/datasets/rm1000/brain-tumor-mri-scans/glioma/0138.jpg,"/kaggle/input/datasets/souaadrahmoun/brnetval/Multi-Class Brain Tumor MRI Dataset Glioma, Health/Brain Cancer MRI Dataset/Brain Cancer MRI Dataset/Brain Cancer MRI Dataset/Glioma/69.jpg",Glioma,2
/kaggle/input/datasets/rm1000/brain-tumor-mri-scans/glioma/1073.jpg,"/kaggle/input/datasets/souaadrahmoun/brnetval/Multi-Class Brain Tumor MRI Dataset Glioma, Health/Brain Cancer MRI Dataset/Brain Cancer MRI Dataset/Brain Cancer MRI Dataset/Glioma/57.jpg",Glioma,2
/kaggle/input/datasets/rm1000/brain-tumor-mri-scans/glioma/0343.jpg,"/kaggle/input/datasets/souaadrahmoun/brnetval/Multi-Class Brain Tumor MRI Dataset Glioma, Health/Brain Cancer MRI Dataset/Brain Cancer MRI Dataset/Brain Cancer MRI Dataset/Glioma/288.jpg",Glioma,0
/kaggle/input/datasets/rm1000/brain-tumor-mri-scans/glioma/0342.jpg,"/kaggle/input/datasets/souaadrahmoun/brnetval/Multi-Class Brain Tumor MRI Dataset Glioma, Health/Brain Cancer MRI Dataset/Brain Cancer MRI Dataset/Brain Cancer MRI Dataset/Glioma/118.jpg",Glioma,0
/kaggle/input/datasets/rm1000/brain-tumor-mri-scans/glioma/0374.jpg,"/kaggle/input/datasets/souaadrahmoun/brnetval/Multi-Class Brain Tumor MRI Dataset Glioma, Health/Brain Cancer MRI Dataset/Brain Cancer MRI Dataset/Brain Cancer MRI Dataset/Glioma/197.jpg",Glioma,0
/kaggle/input/datasets/rm1000/brain-tumor-mri-scans/glioma/0658.jpg,"/kaggle/input/datasets/souaadrahmoun/brnetval/Multi-Class Brain Tumor MRI Dataset Glioma, Health/Brain Cancer MRI Dataset/Brain Cancer MRI Dataset/Brain Cancer MRI Dataset/Glioma/24.jpg",Glioma,0
/kaggle/input/datasets/rm1000/brain-tumor-mri-scans/glioma/0325.jpg,"/kaggle/input/datasets/souaadrahmoun/brnetval/Multi-Class Brain Tumor MRI Dataset Glioma, Health/Brain Cancer MRI Dataset/Brain Cancer MRI Dataset/Brain Cancer MRI Dataset/Glioma/132.jpg",Glioma,2
/kaggle/input/datasets/rm1000/brain-tumor-mri-scans/glioma/1193.jpg,"/kaggle/input/datasets/souaadrahmoun/brnetval/Multi-Class Brain Tumor MRI Dataset Glioma, Health/Brain Cancer MRI Dataset/Brain Cancer MRI Dataset/Brain Cancer MRI Dataset/Glioma/174.jpg",Glioma,4
/kaggle/input/datasets/rm1000/brain-tumor-mri-scans/glioma/1065.jpg,"/kaggle/input/datasets/souaadrahmoun/brnetval/Multi-Class Brain Tumor MRI Dataset Glioma, Health/Brain Cancer MRI Dataset/Brain Cancer MRI Dataset/Brain Cancer MRI Dataset/Glioma/112.jpg",Glioma,2
/kaggle/input/datasets/rm1000/brain-tumor-mri-scans/glioma/0797.jpg,"/kaggle/input/datasets/souaadrahmoun/brnetval/Multi-Class Brain Tumor MRI Dataset Glioma, Health/Brain Cancer MRI Dataset/Brain Cancer MRI Dataset/Brain Cancer MRI Dataset/Glioma/76.jpg",Glioma,0
/kaggle/input/datasets/rm1000/brain-tumor-mri-scans/glioma/0531.jpg,"/kaggle/input/datasets/souaadrahmoun/brnetval/Multi-Class Brain Tumor MRI Dataset Glioma, Health/Brain Cancer MRI Dataset/Brain Cancer MRI Dataset/Brain Cancer MRI Dataset/Glioma/71.jpg",Glioma,0
/kaggle/input/datasets/rm1000/brain-tumor-mri-scans/glioma/1115.jpg,"/kaggle/input/datasets/souaadrahmoun/brnetval/Multi-Class Brain Tumor MRI Dataset Glioma, Health/Brain Cancer MRI Dataset/Brain Cancer MRI Dataset/Brain Cancer MRI Dataset/Glioma/286.jpg",Glioma,0
/kaggle/input/datasets/rm1000/brain-tumor-mri-scans/glioma/0275.jpg,"/kaggle/input/datasets/souaadrahmoun/brnetval/Multi-Class Brain Tumor MRI Dataset Glioma, Health/Brain Cancer MRI Dataset/Brain Cancer MRI Dataset/Brain Cancer MRI Dataset/Glioma/219.jpg",Glioma,0
/kaggle/input/datasets/rm1000/brain-tumor-mri-scans/glioma/0565.jpg,"/kaggle/input/datasets/souaadrahmoun/brnetval/Multi-Class Brain Tumor MRI Dataset Glioma, Health/Brain Cancer MRI Dataset/Brain Cancer MRI Dataset/Brain Cancer MRI Dataset/Glioma/218.jpg",Glioma,0
/kaggle/input/datasets/rm1000/brain-tumor-mri-scans/glioma/1338.jpg,"/kaggle/input/datasets/souaadrahmoun/brnetval/Multi-Class Brain Tumor MRI Dataset Glioma, Health/Brain Cancer MRI Dataset/Brain Cancer MRI Dataset/Brain Cancer MRI Dataset/Glioma/190.jpg",Glioma,4
/kaggle/input/datasets/rm1000/brain-tumor-mri-scans/glioma/0039.jpg,"/kaggle/input/datasets/souaadrahmoun/brnetval/Multi-Class Brain Tumor MRI Dataset Glioma, Health/Brain Cancer MRI Dataset/Brain Cancer MRI Dataset/Brain Cancer MRI Dataset/Glioma/14.jpg",Glioma,0
/kaggle/input/datasets/rm1000/brain-tumor-mri-scans/glioma/0589.jpg,"/kaggle/input/datasets/souaadrahmoun/brnetval/Multi-Class Brain Tumor MRI Dataset Glioma, Health/Brain Cancer MRI Dataset/Brain Cancer MRI Dataset/Brain Cancer MRI Dataset/Glioma/293.jpg",Glioma,4
/kaggle/input/datasets/rm1000/brain-tumor-mri-scans/glioma/0570.jpg,"/kaggle/input/datasets/souaadrahmoun/brnetval/Multi-Class Brain Tumor MRI Dataset Glioma, Health/Brain Cancer MRI Dataset/Brain Cancer MRI Dataset/Brain Cancer MRI Dataset/Glioma/87.jpg",Glioma,2
/kaggle/input/datasets/rm1000/brain-tumor-mri-scans/glioma/0976.jpg,"/kaggle/input/datasets/souaadrahmoun/brnetval/Multi-Class Brain Tumor MRI Dataset Glioma, Health/Brain Cancer MRI Dataset/Brain Cancer MRI Dataset/Brain Cancer MRI Dataset/Glioma/107.jpg",Glioma,2
/kaggle/input/datasets/rm1000/brain-tumor-mri-scans/glioma/0400.jpg,"/kaggle/input/datasets/souaadrahmoun/brnetval/Multi-Class Brain Tumor MRI Dataset Glioma, Health/Brain Cancer MRI Dataset/Brain Cancer MRI Dataset/Brain Cancer MRI Dataset/Glioma/75.jpg",Glioma,0
/kaggle/input/datasets/rm1000/brain-tumor-mri-scans/glioma/0406.jpg,"/kaggle/input/datasets/souaadrahmoun/brnetval/Multi-Class Brain Tumor MRI Dataset Glioma, Health/Brain Cancer MRI Dataset/Brain Cancer MRI Dataset/Brain Cancer MRI Dataset/Glioma/255.jpg",Glioma,0
/kaggle/input/datasets/rm1000/brain-tumor-mri-scans/glioma/1587.jpg,"/kaggle/input/datasets/souaadrahmoun/brnetval/Multi-Class Brain Tumor MRI Dataset Glioma, Health/Brain Cancer MRI Dataset/Brain Cancer MRI Dataset/Brain Cancer MRI Dataset/Glioma/238.jpg",Glioma,2
/kaggle/input/datasets/rm1000/brain-tumor-mri-scans/glioma/0284.jpg,"/kaggle/input/datasets/souaadrahmoun/brnetval/Multi-Class Brain Tumor MRI Dataset Glioma, Health/Brain Cancer MRI Dataset/Brain Cancer MRI Dataset/Brain Cancer MRI Dataset/Glioma/171.jpg",Glioma,0
/kaggle/input/datasets/rm1000/brain-tumor-mri-scans/glioma/1046.jpg,"/kaggle/input/datasets/souaadrahmoun/brnetval/Multi-Class Brain Tumor MRI Dataset Glioma, Health/Brain Cancer MRI Dataset/Brain Cancer MRI Dataset/Brain Cancer MRI Dataset/Glioma/9.jpg",Glioma,2
/kaggle/input/datasets/rm1000/brain-tumor-mri-scans/glioma/1407.jpg,"/kaggle/input/datasets/souaadrahmoun/brnetval/Multi-Class Brain Tumor MRI Dataset Glioma, Health/Brain Cancer MRI Dataset/Brain Cancer MRI Dataset/Brain Cancer MRI Dataset/Glioma/49.jpg",Glioma,2
/kaggle/input/datasets/rm1000/brain-tumor-mri-scans/glioma/0448.jpg,"/kaggle/input/datasets/souaadrahmoun/brnetval/Multi-Class Brain Tumor MRI Dataset Glioma, Health/Brain Cancer MRI Dataset/Brain Cancer MRI Dataset/Brain Cancer MRI Dataset/Glioma/148.jpg",Glioma,0
/kaggle/input/datasets/rm1000/brain-tumor-mri-scans/glioma/1425.jpg,"/kaggle/input/datasets/souaadrahmoun/brnetval/Multi-Class Brain Tumor MRI Dataset Glioma, Health/Brain Cancer MRI Dataset/Brain Cancer MRI Dataset/Brain Cancer MRI Dataset/Glioma/230.jpg",Glioma,0
/kaggle/input/datasets/rm1000/brain-tumor-mri-scans/glioma/1321.jpg,"/kaggle/input/datasets/souaadrahmoun/brnetval/Multi-Class Brain Tumor MRI Dataset Glioma, Health/Brain Cancer MRI Dataset/Brain Cancer MRI Dataset/Brain Cancer MRI Dataset/Glioma/233.jpg",Glioma,2
/kaggle/input/datasets/rm1000/brain-tumor-mri-scans/glioma/1322.jpg,"/kaggle/input/datasets/souaadrahmoun/brnetval/Multi-Class Brain Tumor MRI Dataset Glioma, Health/Brain Cancer MRI Dataset/Brain Cancer MRI Dataset/Brain Cancer MRI Dataset/Glioma/110.jpg",Glioma,2
/kaggle/input/datasets/rm1000/brain-tumor-mri-scans/glioma/0627.jpg,"/kaggle/input/datasets/souaadrahmoun/brnetval/Multi-Class Brain Tumor MRI Dataset Glioma, Health/Brain Cancer MRI Dataset/Brain Cancer MRI Dataset/Brain Cancer MRI Dataset/Glioma/105.jpg",Glioma,0
/kaggle/input/datasets/rm1000/brain-tumor-mri-scans/glioma/0560.jpg,"/kaggle/input/datasets/souaadrahmoun/brnetval/Multi-Class Brain Tumor MRI Dataset Glioma, Health/Brain Cancer MRI Dataset/Brain Cancer MRI Dataset/Brain Cancer MRI Dataset/Glioma/5.jpg",Glioma,2
/kaggle/input/datasets/rm1000/brain-tumor-mri-scans/glioma/1155.jpg,"/kaggle/input/datasets/souaadrahmoun/brnetval/Multi-Class Brain Tumor MRI Dataset Glioma, Health/Brain Cancer MRI Dataset/Brain Cancer MRI Dataset/Brain Cancer MRI Dataset/Glioma/113.jpg",Glioma,0
/kaggle/input/datasets/rm1000/brain-tumor-mri-scans/glioma/0170.jpg,"/kaggle/input/datasets/souaadrahmoun/brnetval/Multi-Class Brain Tumor MRI Dataset Glioma, Health/Brain Cancer MRI Dataset/Brain Cancer MRI Dataset/Brain Cancer MRI Dataset/Glioma/188.jpg",Glioma,0
/kaggle/input/datasets/rm1000/brain-tumor-mri-scans/glioma/0176.jpg,"/kaggle/input/datasets/souaadrahmoun/brnetval/Multi-Class Brain Tumor MRI Dataset Glioma, Health/Brain Cancer MRI Dataset/Brain Cancer MRI Dataset/Brain Cancer MRI Dataset/Glioma/92.jpg",Glioma,2
/kaggle/input/datasets/rm1000/brain-tumor-mri-scans/glioma/1201.jpg,"/kaggle/input/datasets/souaadrahmoun/brnetval/Multi-Class Brain Tumor MRI Dataset Glioma, Health/Brain Cancer MRI Dataset/Brain Cancer MRI Dataset/Brain Cancer MRI Dataset/Glioma/257.jpg",Glioma,0
