image_idx,patient_id,fold,class,correct,pointing_hit,saliency_mass,chance_hit,center_hit,brain_region_hit,iou@0.3,iou@0.5,iou@0.7
3,"[[49]
 [49]
 [50]
 [54]
 [52]
 [57]]",0,pituitary,True,0,0.008138676,0,0,0,0.00839206231454006,0.0,0.0
4,"[[49]
 [49]
 [50]
 [54]
 [52]
 [57]]",0,pituitary,True,0,0.0058671897,0,0,1,0.0,0.0,0.0
5,"[[49]
 [49]
 [50]
 [54]
 [52]
 [57]]",0,pituitary,True,0,0.003210722,0,0,0,0.0,0.0,0.0
87,"[[49]
 [48]
 [57]
 [52]
 [55]
 [49]]",0,pituitary,True,0,0.004541669,0,1,0,0.0,0.0,0.0
88,"[[49]
 [48]
 [57]
 [52]
 [55]
 [49]]",0,pituitary,True,0,0.016160397,0,1,0,0.027546588202325906,0.0,0.0
89,"[[49]
 [48]
 [57]
 [52]
 [55]
 [49]]",0,pituitary,True,0,0.02180066,0,1,0,0.028904109589041094,0.009531296059742556,0.0
91,"[[49]
 [48]
 [57]
 [52]
 [55]
 [49]]",0,pituitary,True,0,0.01881565,0,1,0,0.016335026813434943,0.0,0.0
92,"[[49]
 [48]
 [57]
 [52]
 [55]
 [49]]",0,pituitary,True,0,0.020510085,0,1,0,0.03684418665963617,0.0,0.0
93,"[[49]
 [48]
 [57]
 [52]
 [55]
 [49]]",0,pituitary,True,0,0.0063149277,0,1,0,0.0066414658476400485,0.02046306081275819,0.0
114,"[[49]
 [49]
 [48]
 [53]
 [51]
 [55]]",0,pituitary,True,0,0.0049138865,0,1,0,0.007817460317460317,0.0012315270935960591,0.0
115,"[[49]
 [49]
 [48]
 [53]
 [51]
 [55]]",0,pituitary,True,0,0.004302913,0,1,0,0.006683002895967922,0.0,0.0
116,"[[49]
 [49]
 [48]
 [53]
 [51]
 [55]]",0,pituitary,True,0,0.0060550906,0,1,0,0.00889128384750101,0.0,0.0
117,"[[49]
 [49]
 [48]
 [53]
 [51]
 [55]]",0,pituitary,True,0,0.0128446175,0,1,0,0.009690108414084237,0.0,0.0
118,"[[49]
 [49]
 [48]
 [53]
 [51]
 [55]]",0,pituitary,True,0,0.0313708,0,1,0,0.03547044129891757,0.040100842984322066,0.0
119,"[[49]
 [49]
 [48]
 [53]
 [51]
 [55]]",0,pituitary,True,0,0.022876782,0,0,0,0.00875687414620477,0.0,0.0
120,"[[49]
 [49]
 [48]
 [53]
 [51]
 [55]]",0,pituitary,True,0,0.023304693,0,0,0,0.007997539218701938,0.0,0.0
124,"[[49]
 [48]
 [56]
 [53]
 [53]
 [48]]",0,meningioma,True,0,0.0025301448,0,0,0,0.0,0.0,0.0
127,"[[49]
 [49]
 [49]
 [48]
 [55]
 [53]]",0,pituitary,True,0,0.010418776,0,0,0,0.014384008541431877,0.0,0.0
128,"[[49]
 [49]
 [49]
 [48]
 [55]
 [53]]",0,pituitary,True,0,0.01200241,0,0,0,0.015455454026270703,0.024643785285419842,0.0011890606420927466
129,"[[49]
 [49]
 [49]
 [48]
 [55]
 [53]]",0,pituitary,True,0,0.014924826,0,0,0,0.02322376128454276,0.0,0.0
130,"[[49]
 [49]
 [49]
 [48]
 [55]
 [53]]",0,pituitary,True,0,0.0028381066,0,0,0,0.005581434386671702,0.0,0.0
131,"[[49]
 [49]
 [49]
 [48]
 [55]
 [53]]",0,pituitary,True,0,0.0051961658,0,0,0,0.007594250067805804,0.0,0.0
132,"[[49]
 [49]
 [49]
 [48]
 [55]
 [53]]",0,pituitary,True,0,0.0014351399,0,0,0,0.0,0.0,0.0
135,"[[49]
 [48]
 [56]
 [53]
 [53]
 [48]]",0,meningioma,True,0,0.018698717,0,0,0,0.018523309359962745,0.0,0.0
140,"[[49]
 [49]
 [49]
 [55]
 [56]
 [53]]",0,pituitary,True,0,0.01313837,0,1,0,0.015864947295200386,0.011039743075070253,0.0
141,"[[49]
 [49]
 [49]
 [55]
 [56]
 [53]]",0,pituitary,True,0,0.01706369,0,1,0,0.019405558640441887,0.03489101458366003,0.0
142,"[[49]
 [49]
 [49]
 [55]
 [56]
 [53]]",0,pituitary,True,0,0.015678883,0,1,0,0.015600277585010409,0.04551022331103364,0.0
143,"[[49]
 [49]
 [49]
 [55]
 [56]
 [53]]",0,pituitary,True,0,0.014318949,0,1,0,0.016379553798362045,0.0351173256187721,0.0
144,"[[49]
 [49]
 [49]
 [55]
 [56]
 [53]]",0,pituitary,True,0,0.010708094,0,1,0,0.016078204386134158,0.004026413271058142,0.0
151,"[[49]
 [49]
 [50]
 [54]
 [52]
 [57]]",0,pituitary,False,0,0.0,0,1,0,0.0,0.0,0.0
152,"[[49]
 [49]
 [50]
 [54]
 [52]
 [57]]",0,pituitary,True,0,0.012656185,0,1,0,0.025492997999428408,0.0938722294654498,0.0
153,"[[49]
 [49]
 [50]
 [54]
 [52]
 [57]]",0,pituitary,True,0,0.016183395,0,1,0,0.03038309114927345,0.13547706905640486,0.0
154,"[[49]
 [49]
 [50]
 [54]
 [52]
 [57]]",0,pituitary,True,0,0.019554824,0,1,0,0.027145315957708385,0.19700876740587933,0.0
155,"[[49]
 [49]
 [50]
 [54]
 [52]
 [57]]",0,pituitary,True,0,0.011906102,0,1,0,0.011923196035924434,0.121787267694741,0.23167848699763594
156,"[[49]
 [49]
 [50]
 [54]
 [52]
 [57]]",0,pituitary,True,1,0.011175853,0,1,0,0.015976195925841152,0.07943262411347518,0.015957446808510637
233,"[[49]
 [48]
 [57]
 [52]
 [55]
 [49]]",0,pituitary,True,0,0.0049095633,0,0,0,0.004291555435407022,0.0,0.0
234,"[[49]
 [48]
 [57]
 [52]
 [55]
 [49]]",0,pituitary,True,0,0.011308349,0,0,0,0.0,0.0,0.0
236,"[[49]
 [48]
 [57]
 [52]
 [55]
 [49]]",0,pituitary,True,0,0.012546675,0,0,0,0.0008936151199678299,0.0,0.0
237,"[[49]
 [48]
 [57]
 [52]
 [55]
 [49]]",0,pituitary,True,0,0.012726386,0,0,0,0.0,0.0,0.0
238,"[[49]
 [48]
 [57]
 [52]
 [55]
 [49]]",0,pituitary,True,0,0.011037509,0,0,0,0.0,0.0,0.0
239,"[[49]
 [48]
 [57]
 [52]
 [55]
 [49]]",0,pituitary,True,0,0.010238634,0,0,0,0.00227312467214548,0.0,0.0
253,"[[49]
 [49]
 [48]
 [53]
 [51]
 [55]]",0,pituitary,True,0,0.002036048,0,0,0,0.0,0.0,0.0
254,"[[49]
 [49]
 [48]
 [53]
 [51]
 [55]]",0,pituitary,True,0,0.003283228,0,0,0,0.0005317936640583453,0.0,0.0
255,"[[49]
 [49]
 [48]
 [53]
 [51]
 [55]]",0,pituitary,True,0,0.0029702794,0,0,0,0.0044753853804077575,0.0,0.0
256,"[[49]
 [49]
 [48]
 [53]
 [51]
 [55]]",0,pituitary,True,0,0.0019017126,0,0,0,0.0,0.0,0.0
261,"[[49]
 [49]
 [49]
 [48]
 [55]
 [53]]",0,pituitary,True,0,0.004620014,0,0,0,0.0,0.0,0.0
262,"[[49]
 [49]
 [49]
 [48]
 [55]
 [53]]",0,pituitary,True,0,0.0032104298,0,0,0,0.0,0.0,0.0
263,"[[49]
 [49]
 [49]
 [48]
 [55]
 [53]]",0,pituitary,True,0,0.004845148,0,0,0,0.0,0.0,0.0
264,"[[49]
 [49]
 [49]
 [48]
 [55]
 [53]]",0,pituitary,True,0,0.004955199,0,0,0,0.0,0.0,0.0
265,"[[49]
 [49]
 [49]
 [48]
 [55]
 [53]]",0,pituitary,True,0,0.0023244116,0,0,0,0.0,0.0,0.0
271,"[[49]
 [49]
 [49]
 [55]
 [56]
 [53]]",0,pituitary,True,0,0.009771033,0,0,0,0.019350065448750783,0.014188422247446084,0.0
272,"[[49]
 [49]
 [49]
 [55]
 [56]
 [53]]",0,pituitary,True,0,0.011153299,0,0,0,0.026515674630575886,0.0,0.0
273,"[[49]
 [49]
 [49]
 [55]
 [56]
 [53]]",0,pituitary,True,0,0.013114306,0,0,0,0.03731730071524826,0.0,0.0
274,"[[49]
 [49]
 [49]
 [55]
 [56]
 [53]]",0,pituitary,True,0,0.007187653,0,0,0,0.016178681365881596,0.0,0.0
281,"[[49]
 [49]
 [50]
 [54]
 [52]
 [57]]",0,pituitary,True,0,0.0054132966,0,0,0,0.0,0.0,0.0
282,"[[49]
 [49]
 [50]
 [54]
 [52]
 [57]]",0,pituitary,True,0,0.0087087145,0,0,0,0.02545564090977557,0.0,0.0
283,"[[49]
 [49]
 [50]
 [54]
 [52]
 [57]]",0,pituitary,True,0,0.008375034,0,1,0,0.016129032258064516,0.0,0.0
284,"[[49]
 [49]
 [50]
 [54]
 [52]
 [57]]",0,pituitary,True,0,0.008890113,0,1,0,0.018754988028731046,0.0,0.0
285,"[[49]
 [49]
 [50]
 [54]
 [52]
 [57]]",0,pituitary,True,0,0.0056134597,0,0,0,0.012145382035711048,0.0,0.0
312,"[[49]
 [49]
 [49]
 [51]
 [54]
 [54]]",0,meningioma,False,0,0.00021399595,0,0,0,0.0,0.0,0.0
323,"[[49]
 [49]
 [49]
 [51]
 [54]
 [54]]",0,meningioma,True,0,0.034048162,0,0,1,0.018722917177663313,0.0,0.0
327,"[[49]
 [48]
 [49]
 [55]
 [50]
 [52]]",0,pituitary,True,0,0.005860405,0,0,0,0.004079329948357419,0.0,0.0
328,"[[49]
 [48]
 [49]
 [55]
 [50]
 [52]]",0,pituitary,True,0,0.004722733,0,0,0,0.0,0.0,0.0
329,"[[49]
 [48]
 [50]
 [54]
 [52]
 [56]]",0,pituitary,False,0,0.00016122588,0,0,0,0.0,0.0,0.0
330,"[[49]
 [48]
 [50]
 [54]
 [52]
 [56]]",0,pituitary,False,0,0.0011386946,0,0,0,0.0,0.0,0.0
331,"[[49]
 [48]
 [50]
 [54]
 [52]
 [56]]",0,pituitary,False,0,0.0010261482,0,0,0,0.0,0.0,0.0
332,"[[49]
 [48]
 [50]
 [54]
 [52]
 [56]]",0,pituitary,False,0,0.0010550334,0,0,0,0.0,0.0,0.0
333,"[[49]
 [48]
 [50]
 [54]
 [52]
 [56]]",0,pituitary,True,0,0.0052115903,0,0,0,0.0013581865867366054,0.0,0.0
335,"[[49]
 [49]
 [49]
 [51]
 [54]
 [54]]",0,meningioma,False,0,0.00089609326,0,0,0,0.0,0.0,0.0
336,"[[49]
 [48]
 [50]
 [54]
 [52]
 [56]]",0,pituitary,True,0,0.003667268,0,0,0,0.002211013611552546,0.0,0.0
337,"[[49]
 [48]
 [51]
 [48]
 [52]
 [54]]",0,pituitary,True,0,0.0030452681,0,0,0,0.0,0.0,0.0
338,"[[49]
 [48]
 [51]
 [48]
 [52]
 [54]]",0,pituitary,True,0,0.0047163325,0,0,0,0.010717042822760092,0.0,0.0
339,"[[49]
 [48]
 [51]
 [48]
 [52]
 [54]]",0,pituitary,True,0,0.003337456,0,0,0,0.0,0.0,0.0
346,"[[49]
 [49]
 [49]
 [51]
 [54]
 [54]]",0,meningioma,False,0,0.0006440265,0,0,0,0.0,0.0,0.0
364,"[[49]
 [48]
 [51]
 [54]
 [55]
 [49]]",0,pituitary,True,0,0.012017778,0,0,0,0.016977563827043754,0.02412140575079872,0.0
365,"[[49]
 [48]
 [51]
 [54]
 [55]
 [49]]",0,pituitary,True,0,0.008700588,0,0,0,0.013116013609922072,0.004335532516493873,0.0
366,"[[49]
 [48]
 [51]
 [54]
 [55]
 [49]]",0,pituitary,True,0,0.0110393725,0,0,0,0.018427583293732508,0.0330402344790834,0.0
367,"[[49]
 [48]
 [51]
 [54]
 [55]
 [49]]",0,pituitary,True,1,0.012121866,0,0,0,0.017978994837714354,0.02658418324694867,0.08779443254817987
380,"[[49]
 [48]
 [51]
 [56]
 [51]
 [55]]",0,pituitary,True,0,0.0044409893,0,0,0,0.0,0.0,0.0
381,"[[49]
 [48]
 [51]
 [56]
 [51]
 [55]]",0,pituitary,True,0,0.007145033,0,0,1,0.0,0.0,0.0
382,"[[49]
 [48]
 [51]
 [56]
 [51]
 [55]]",0,pituitary,True,0,0.007918784,0,0,0,0.0,0.0,0.0
383,"[[49]
 [48]
 [51]
 [56]
 [51]
 [55]]",0,pituitary,True,0,0.0042247423,0,0,0,0.0,0.0,0.0
384,"[[49]
 [48]
 [51]
 [56]
 [51]
 [55]]",0,pituitary,True,0,0.00305364,0,0,0,0.0,0.0,0.0
385,"[[49]
 [48]
 [51]
 [56]
 [51]
 [55]]",0,pituitary,True,0,0.0060470304,0,0,0,0.0,0.0,0.0
386,"[[49]
 [48]
 [51]
 [56]
 [51]
 [55]]",0,pituitary,True,0,0.00282368,0,0,0,0.0,0.0,0.0
387,"[[49]
 [48]
 [51]
 [56]
 [51]
 [55]]",0,pituitary,True,0,0.0029078922,0,0,0,0.0,0.0,0.0
393,"[[49]
 [48]
 [52]
 [53]
 [53]
 [56]]",0,pituitary,True,0,0.009324605,0,0,0,0.0,0.0,0.0
394,"[[49]
 [48]
 [52]
 [53]
 [53]
 [56]]",0,pituitary,True,0,0.020138614,0,0,0,0.03360107658017578,0.0,0.0
395,"[[49]
 [48]
 [52]
 [53]
 [53]
 [56]]",0,pituitary,True,0,0.027545545,0,0,0,0.041243209283417716,0.0,0.0
396,"[[49]
 [48]
 [52]
 [53]
 [53]
 [56]]",0,pituitary,True,0,0.019275894,0,0,0,0.0,0.0,0.0
397,"[[49]
 [48]
 [52]
 [53]
 [53]
 [56]]",0,pituitary,True,0,0.03150307,0,0,0,0.03888339106053109,0.008488964346349746,0.0
398,"[[49]
 [48]
 [52]
 [53]
 [53]
 [56]]",0,pituitary,True,0,0.038958963,0,0,0,0.0452418096723869,0.06658404686795855,0.07783018867924528
399,"[[49]
 [48]
 [52]
 [53]
 [53]
 [56]]",0,pituitary,True,0,0.03522409,0,0,1,0.05676097899670196,0.002303705125743905,0.0
400,"[[49]
 [48]
 [52]
 [53]
 [53]
 [56]]",0,pituitary,True,0,0.023277799,0,0,0,0.04509918889866119,0.0,0.0
417,"[[49]
 [48]
 [53]
 [49]
 [56]
 [55]]",0,pituitary,True,0,0.005042502,0,0,0,0.006588909351340291,0.0,0.0
418,"[[49]
 [48]
 [53]
 [49]
 [56]
 [55]]",0,pituitary,True,0,0.006955472,0,0,0,0.009184481393507521,0.0017260316962184215,0.0
419,"[[49]
 [48]
 [53]
 [49]
 [56]
 [55]]",0,pituitary,True,0,0.005934039,0,0,0,0.008323276041449914,0.011434016198189614,0.0
420,"[[49]
 [48]
 [53]
 [49]
 [56]
 [55]]",0,pituitary,True,0,0.0013483966,0,0,0,0.0,0.0,0.0
440,"[[57]
 [55]
 [52]
 [54]
 [49]]",0,pituitary,True,0,0.009033664,0,0,0,0.011154988037932724,0.008859082629574433,0.0
441,"[[57]
 [55]
 [52]
 [54]
 [49]]",0,pituitary,True,0,0.01327741,0,0,0,0.014544869042507513,0.020250466293631763,0.0
442,"[[57]
 [55]
 [52]
 [54]
 [49]]",0,pituitary,True,0,0.019500365,0,0,0,0.022768526556704284,0.0,0.0
443,"[[57]
 [55]
 [52]
 [54]
 [49]]",0,pituitary,True,0,0.01984454,0,0,0,0.01656025538707103,0.0,0.0
444,"[[57]
 [55]
 [52]
 [54]
 [49]]",0,pituitary,True,0,0.014200775,0,0,0,0.0,0.0,0.0
447,"[[57]
 [55]
 [52]
 [54]
 [49]]",0,pituitary,True,0,0.010818946,0,0,0,0.0014183338309943267,0.0,0.0
448,"[[57]
 [55]
 [52]
 [54]
 [49]]",0,pituitary,True,0,0.010030371,0,0,0,0.01746384872080089,0.0,0.0
449,"[[57]
 [55]
 [52]
 [54]
 [49]]",0,pituitary,True,0,0.006683069,0,0,0,0.009640274926359011,0.0,0.0
450,"[[57]
 [55]
 [52]
 [54]
 [49]]",0,pituitary,True,0,0.0036796764,0,0,0,0.0,0.0,0.0
451,"[[57]
 [55]
 [52]
 [56]
 [49]]",0,pituitary,True,0,0.010816922,0,0,0,0.01242766087953703,0.00984251968503937,0.0
452,"[[57]
 [55]
 [52]
 [56]
 [49]]",0,pituitary,True,0,0.008407893,0,0,0,0.010692464358452138,0.0,0.0
453,"[[57]
 [55]
 [52]
 [56]
 [49]]",0,pituitary,True,0,0.0069621336,0,0,0,0.012747311114061877,0.0,0.0
454,"[[57]
 [55]
 [52]
 [56]
 [49]]",0,pituitary,True,0,0.0055940757,0,0,0,0.009166666666666667,0.0,0.0
498,"[[57]
 [57]
 [50]
 [50]
 [51]]",0,pituitary,False,0,0.0035898262,0,0,0,0.0033910937208869014,0.0,0.0
499,"[[57]
 [57]
 [50]
 [50]
 [51]]",0,pituitary,False,0,0.00020245856,0,0,0,0.0,0.0,0.0
500,"[[57]
 [57]
 [50]
 [50]
 [51]]",0,pituitary,True,0,0.010958543,0,0,0,0.01433679433404387,0.012649413949170244,0.0
502,"[[57]
 [57]
 [50]
 [50]
 [51]]",0,pituitary,False,0,1.8539919e-05,0,0,0,0.0,0.0,0.0
503,"[[57]
 [57]
 [50]
 [50]
 [51]]",0,pituitary,True,0,0.007563472,0,0,0,0.002862071669411119,0.0,0.0
504,"[[57]
 [57]
 [50]
 [50]
 [51]]",0,pituitary,True,0,0.011296465,0,0,0,0.020865883776019355,0.0,0.0
505,"[[57]
 [57]
 [50]
 [50]
 [51]]",0,pituitary,True,0,0.0071506253,0,0,0,0.007740711146624051,0.0,0.0
506,"[[57]
 [57]
 [50]
 [50]
 [51]]",0,pituitary,True,0,0.006735518,0,0,0,0.011846689895470384,0.0,0.0
507,"[[57]
 [57]
 [50]
 [50]
 [51]]",0,pituitary,True,0,0.0054166373,0,0,0,0.011377133212477339,0.0,0.0
535,"[[49]
 [48]
 [49]
 [55]
 [50]
 [52]]",0,pituitary,True,0,0.0074553266,0,0,0,0.013551062283589108,0.0,0.0
536,"[[49]
 [48]
 [49]
 [55]
 [50]
 [52]]",0,pituitary,True,0,0.0076436456,0,0,0,0.012095752000869155,0.0,0.0
537,"[[49]
 [48]
 [49]
 [55]
 [50]
 [52]]",0,pituitary,True,0,0.0084534995,0,0,0,0.0107773925393709,0.0,0.0
538,"[[49]
 [48]
 [50]
 [54]
 [52]
 [56]]",0,pituitary,True,0,0.01601346,0,0,0,0.034051470106738264,0.10873664362036455,0.0
539,"[[49]
 [48]
 [50]
 [54]
 [52]
 [56]]",0,pituitary,True,0,0.010233894,0,0,0,0.02269861286254729,0.0,0.0
540,"[[49]
 [48]
 [50]
 [54]
 [52]
 [56]]",0,pituitary,True,0,0.009452948,0,0,0,0.014502923976608188,0.0,0.0
541,"[[49]
 [48]
 [50]
 [54]
 [52]
 [56]]",0,pituitary,True,0,0.0095816795,0,0,0,0.024444117213959653,0.020168067226890758,0.0
544,"[[49]
 [48]
 [51]
 [48]
 [52]
 [54]]",0,pituitary,True,0,0.003504019,0,0,0,0.006730024064934535,0.0,0.0
546,"[[49]
 [48]
 [51]
 [48]
 [52]
 [54]]",0,pituitary,True,0,0.0064745443,0,0,0,0.010005501306560308,0.0,0.0
547,"[[49]
 [48]
 [51]
 [48]
 [52]
 [54]]",0,pituitary,True,0,0.0023380355,0,0,0,0.0,0.0,0.0
548,"[[49]
 [48]
 [51]
 [48]
 [52]
 [54]]",0,pituitary,True,0,0.003076423,0,0,0,0.005836641894872578,0.0,0.0
568,"[[49]
 [49]
 [50]
 [54]
 [52]
 [56]]",0,meningioma,True,0,0.018778216,0,0,0,0.02568726456680292,0.009433962264150943,0.0
574,"[[49]
 [48]
 [51]
 [54]
 [55]
 [49]]",0,pituitary,True,0,0.005296393,0,0,0,0.0,0.0,0.0
575,"[[49]
 [48]
 [51]
 [54]
 [55]
 [49]]",0,pituitary,True,0,0.008202089,0,0,0,0.010711419699242873,0.0,0.0
576,"[[49]
 [48]
 [51]
 [54]
 [55]
 [49]]",0,pituitary,True,0,0.009789715,0,0,0,0.012418324248222087,0.0,0.0
577,"[[49]
 [48]
 [51]
 [54]
 [55]
 [49]]",0,pituitary,True,0,0.007808773,0,0,0,0.00029162170831996734,0.0,0.0
578,"[[49]
 [48]
 [51]
 [54]
 [55]
 [49]]",0,pituitary,True,0,0.005734384,0,0,0,0.0001175951785976775,0.0,0.0
579,"[[49]
 [49]
 [50]
 [54]
 [52]
 [56]]",0,meningioma,True,0,0.01867776,0,0,0,0.00879996497526378,0.0,0.0
580,"[[49]
 [48]
 [51]
 [54]
 [55]
 [49]]",0,pituitary,True,0,0.0033569345,0,0,0,0.00017170329670329672,0.0,0.0
588,"[[49]
 [48]
 [51]
 [56]
 [51]
 [55]]",0,pituitary,False,0,0.0002800984,0,1,0,0.0,0.0,0.0
589,"[[49]
 [48]
 [51]
 [56]
 [51]
 [55]]",0,pituitary,True,0,0.0084027,0,1,0,0.009516338085817587,0.0,0.0
590,"[[49]
 [49]
 [50]
 [54]
 [52]
 [56]]",0,meningioma,True,0,0.022599677,0,0,0,0.04913630425315721,0.0,0.0
591,"[[49]
 [48]
 [51]
 [56]
 [51]
 [55]]",0,pituitary,True,0,0.013320592,0,1,0,0.020882094792276186,0.0,0.0
592,"[[49]
 [48]
 [51]
 [56]
 [51]
 [55]]",0,pituitary,True,0,0.014653948,0,1,0,0.022609498118832966,0.0,0.0
593,"[[49]
 [48]
 [51]
 [56]
 [51]
 [55]]",0,pituitary,True,0,0.012166569,0,1,0,0.01938705571330657,0.0,0.0
599,"[[49]
 [48]
 [52]
 [53]
 [53]
 [56]]",0,pituitary,True,0,0.048203807,0,1,0,0.051564149580485635,0.10475276044167067,0.0
600,"[[49]
 [48]
 [52]
 [53]
 [53]
 [56]]",0,pituitary,True,0,0.06122223,0,1,0,0.061753711971757864,0.1341998946074126,0.0
602,"[[49]
 [48]
 [52]
 [53]
 [53]
 [56]]",0,pituitary,True,0,0.07068306,0,1,0,0.0747624517072152,0.16803005008347247,0.0
603,"[[49]
 [48]
 [52]
 [53]
 [53]
 [56]]",0,pituitary,True,0,0.0662123,0,1,0,0.0628464089422787,0.14980096375445212,0.0
604,"[[49]
 [48]
 [52]
 [53]
 [53]
 [56]]",0,pituitary,True,0,0.06599194,0,1,0,0.07706045182605589,0.1741738969909544,0.0
605,"[[49]
 [48]
 [52]
 [53]
 [53]
 [56]]",0,pituitary,True,1,0.047535192,0,1,0,0.04634414158377471,0.10457468036360949,0.23060796645702306
606,"[[49]
 [48]
 [52]
 [53]
 [53]
 [56]]",0,pituitary,True,0,0.017706355,0,1,0,0.025559646227413142,0.028044391121775643,0.0
620,"[[49]
 [48]
 [53]
 [49]
 [56]
 [55]]",0,pituitary,True,0,0.0008405467,0,0,0,0.0,0.0,0.0
621,"[[49]
 [48]
 [53]
 [49]
 [56]
 [55]]",0,pituitary,True,0,0.0020775977,0,0,0,0.0,0.0,0.0
622,"[[49]
 [48]
 [53]
 [49]
 [56]
 [55]]",0,pituitary,True,0,0.007715242,0,0,0,0.014065896594348067,0.0,0.0
624,"[[49]
 [48]
 [53]
 [49]
 [56]
 [55]]",0,pituitary,True,0,0.010567315,0,1,0,0.015654148754967963,0.04198031268094962,0.0
625,"[[49]
 [48]
 [53]
 [49]
 [56]
 [55]]",0,pituitary,True,0,0.012351637,0,0,0,0.012577417818008576,0.0698782424563261,0.029767441860465118
626,"[[49]
 [48]
 [53]
 [49]
 [56]
 [55]]",0,pituitary,True,0,0.0087747425,0,0,0,0.013248304666097813,0.04872779644743159,0.0
647,"[[57]
 [55]
 [52]
 [54]
 [49]]",0,pituitary,True,0,0.0069982684,0,0,0,0.010883034319271592,0.0,0.0
648,"[[57]
 [55]
 [52]
 [54]
 [49]]",0,pituitary,True,0,0.011243041,0,0,0,0.01026803913575214,0.0,0.0
649,"[[57]
 [55]
 [52]
 [54]
 [49]]",0,pituitary,True,0,0.017539077,0,0,0,0.004557755305512035,0.0,0.0
650,"[[57]
 [55]
 [52]
 [54]
 [49]]",0,pituitary,True,0,0.013946441,0,0,0,0.02345866291039116,0.0,0.0
651,"[[57]
 [55]
 [52]
 [54]
 [49]]",0,pituitary,True,0,0.014372215,0,1,0,0.0,0.0,0.0
652,"[[57]
 [55]
 [52]
 [54]
 [49]]",0,pituitary,True,0,0.014817136,0,1,0,0.0,0.0,0.0
653,"[[57]
 [55]
 [52]
 [54]
 [49]]",0,pituitary,True,0,0.031126415,0,1,0,0.03948683772075975,0.01772853185595568,0.0
654,"[[57]
 [55]
 [52]
 [54]
 [49]]",0,pituitary,True,0,0.02920087,0,0,0,0.022784451295134827,0.0,0.0
655,"[[57]
 [55]
 [52]
 [56]
 [49]]",0,pituitary,True,0,0.0037923339,0,0,0,0.0,0.0,0.0
657,"[[57]
 [55]
 [52]
 [56]
 [49]]",0,pituitary,True,0,0.0048080115,0,0,0,0.0,0.0,0.0
658,"[[57]
 [55]
 [52]
 [56]
 [49]]",0,pituitary,True,0,0.009439316,0,0,0,0.01650310434608452,0.0,0.0
659,"[[57]
 [55]
 [52]
 [56]
 [49]]",0,pituitary,True,0,0.0037894235,0,0,0,0.0,0.0,0.0
660,"[[57]
 [55]
 [52]
 [56]
 [49]]",0,pituitary,True,0,0.011094329,0,0,0,0.014283005751121784,0.028131576032783254,0.0
668,"[[49]
 [49]
 [51]
 [53]
 [53]
 [52]]",0,meningioma,False,0,0.0001115217,0,0,0,0.0,0.0,0.0
679,"[[49]
 [49]
 [51]
 [53]
 [53]
 [52]]",0,meningioma,False,0,0.00021903112,0,0,0,0.0,0.0,0.0
690,"[[49]
 [49]
 [51]
 [53]
 [53]
 [52]]",0,meningioma,False,0,1.0349337e-09,0,0,0,0.0,0.0,0.0
706,"[[57]
 [57]
 [50]
 [50]
 [51]]",0,pituitary,True,0,0.0017428711,0,0,0,0.0,0.0,0.0
707,"[[57]
 [57]
 [50]
 [50]
 [51]]",0,pituitary,True,0,0.009781492,0,0,0,0.015504807692307693,0.0,0.0
708,"[[57]
 [57]
 [50]
 [50]
 [51]]",0,pituitary,True,0,0.01773019,0,0,0,0.03053489195890896,0.0018462571332661967,0.0
709,"[[57]
 [57]
 [50]
 [50]
 [51]]",0,pituitary,True,0,0.017108886,0,0,0,0.02187431642761164,0.005055179779280883,0.0
710,"[[57]
 [57]
 [50]
 [50]
 [51]]",0,pituitary,True,0,0.02237721,0,0,0,0.0284646001688578,0.042900391346082846,0.0
711,"[[57]
 [57]
 [50]
 [50]
 [51]]",0,pituitary,True,0,0.009744465,0,0,1,0.0017574692442882249,0.0,0.0
712,"[[49]
 [49]
 [52]
 [48]
 [49]
 [56]]",0,meningioma,False,0,0.029829485,0,1,1,0.04796628311479797,0.11683168316831684,0.0
723,"[[49]
 [49]
 [52]
 [48]
 [49]
 [56]]",0,meningioma,False,1,0.051632095,0,1,0,0.07216806468676792,0.28318219291014013,0.0
733,"[[49]
 [48]
 [49]
 [55]
 [50]
 [52]]",0,pituitary,True,0,0.002145954,0,0,0,0.0,0.0,0.0
734,"[[49]
 [49]
 [52]
 [48]
 [49]
 [56]]",0,meningioma,False,1,0.081373654,0,1,0,0.15015265056897031,0.38198529411764703,0.0
735,"[[49]
 [48]
 [49]
 [55]
 [50]
 [52]]",0,pituitary,True,0,0.0018120365,0,0,0,0.0,0.0,0.0
736,"[[49]
 [48]
 [49]
 [55]
 [50]
 [52]]",0,pituitary,True,0,0.0020420316,0,0,0,0.0,0.0,0.0
737,"[[49]
 [48]
 [49]
 [55]
 [50]
 [52]]",0,pituitary,True,0,0.0012402412,0,0,0,0.0,0.0,0.0
738,"[[49]
 [48]
 [49]
 [55]
 [50]
 [52]]",0,pituitary,True,0,0.0021281955,0,0,0,0.0,0.0,0.0
739,"[[49]
 [48]
 [49]
 [55]
 [50]
 [52]]",0,pituitary,True,0,0.0021928253,0,0,0,0.0,0.0,0.0
740,"[[49]
 [48]
 [50]
 [54]
 [52]
 [56]]",0,pituitary,True,1,0.009029586,0,1,0,0.01822259601906364,0.13142437591776798,0.05128205128205128
741,"[[49]
 [48]
 [50]
 [54]
 [52]
 [56]]",0,pituitary,True,0,0.007083063,0,0,0,0.010243700950020652,0.04007847533632287,0.038876889848812095
742,"[[49]
 [48]
 [50]
 [54]
 [52]
 [56]]",0,pituitary,True,0,0.010403805,0,0,0,0.016224730900498818,0.09610389610389611,0.0
743,"[[49]
 [48]
 [50]
 [54]
 [52]
 [56]]",0,pituitary,True,1,0.012604619,0,0,0,0.03772823565015636,0.3603305785123967,0.0
744,"[[49]
 [48]
 [50]
 [54]
 [52]
 [56]]",0,pituitary,True,0,0.009564407,0,0,0,0.01596071209330878,0.07671107028020212,0.0
745,"[[49]
 [49]
 [52]
 [48]
 [49]
 [56]]",0,meningioma,False,0,1.8276957e-06,0,0,0,0.0,0.0,0.0
746,"[[49]
 [48]
 [50]
 [54]
 [52]
 [56]]",0,pituitary,True,1,0.012019145,0,0,0,0.01896046414259226,0.10019329896907217,0.028391167192429023
747,"[[49]
 [48]
 [50]
 [54]
 [52]
 [56]]",0,pituitary,True,0,0.008963198,0,0,0,0.01704323352357126,0.0824,0.05555555555555555
749,"[[49]
 [48]
 [51]
 [48]
 [52]
 [54]]",0,pituitary,True,0,0.0034511676,0,0,0,0.0,0.0,0.0
750,"[[49]
 [48]
 [51]
 [48]
 [52]
 [54]]",0,pituitary,True,0,0.0048540216,0,0,0,0.0,0.0,0.0
751,"[[49]
 [48]
 [51]
 [48]
 [52]
 [54]]",0,pituitary,True,0,0.002746684,0,0,0,0.0,0.0,0.0
752,"[[49]
 [48]
 [51]
 [48]
 [52]
 [54]]",0,pituitary,True,0,0.003475242,0,0,0,0.0,0.0,0.0
756,"[[49]
 [49]
 [52]
 [48]
 [49]
 [56]]",0,meningioma,False,1,0.034777194,0,0,0,0.08336005129849311,0.13151927437641722,0.0
784,"[[49]
 [48]
 [51]
 [54]
 [55]
 [49]]",0,pituitary,True,0,0.0057345973,0,0,0,0.0014111338460452974,0.0,0.0
785,"[[49]
 [48]
 [51]
 [54]
 [55]
 [49]]",0,pituitary,True,0,0.009054874,0,0,0,0.013010204081632653,0.0,0.0
786,"[[49]
 [48]
 [51]
 [54]
 [55]
 [49]]",0,pituitary,True,0,0.010408767,0,0,0,0.019059156067030084,0.0,0.0
787,"[[49]
 [48]
 [51]
 [54]
 [55]
 [49]]",0,pituitary,True,0,0.006629772,0,0,0,0.001962832810966537,0.0,0.0
788,"[[49]
 [48]
 [51]
 [54]
 [55]
 [49]]",0,pituitary,True,0,0.004845406,0,0,0,0.005661732213875387,0.0,0.0
795,"[[49]
 [48]
 [51]
 [56]
 [51]
 [55]]",0,pituitary,True,0,0.0037465452,0,0,0,0.0,0.0,0.0
796,"[[49]
 [48]
 [51]
 [56]
 [51]
 [55]]",0,pituitary,True,0,0.00866335,0,0,0,0.021094734535093966,0.0,0.0
797,"[[49]
 [48]
 [51]
 [56]
 [51]
 [55]]",0,pituitary,True,0,0.0076377643,0,0,0,0.00038419670871486203,0.0,0.0
798,"[[49]
 [48]
 [51]
 [56]
 [51]
 [55]]",0,pituitary,True,0,0.01082196,0,0,0,0.00024723916268336906,0.0,0.0
799,"[[49]
 [48]
 [51]
 [56]
 [51]
 [55]]",0,pituitary,True,0,0.01179262,0,0,0,0.008125577100646353,0.0,0.0
800,"[[49]
 [48]
 [51]
 [56]
 [51]
 [55]]",0,pituitary,True,0,0.010885718,0,0,0,0.023564226216571678,0.0,0.0
802,"[[49]
 [48]
 [51]
 [56]
 [51]
 [55]]",0,pituitary,True,0,0.002900688,0,0,0,0.0015947467166979362,0.0,0.0
807,"[[49]
 [48]
 [52]
 [53]
 [53]
 [56]]",0,pituitary,True,0,0.012346155,0,0,0,0.016256414984173812,0.0,0.0
808,"[[49]
 [48]
 [52]
 [53]
 [53]
 [56]]",0,pituitary,True,0,0.031116731,0,0,0,0.025570380460019193,0.03433707174681211,0.01897447481364355
809,"[[49]
 [48]
 [52]
 [53]
 [53]
 [56]]",0,pituitary,True,0,0.052985813,0,1,0,0.07867103494623656,0.042720139494333044,0.0
810,"[[49]
 [48]
 [52]
 [53]
 [53]
 [56]]",0,pituitary,True,0,0.052903097,0,1,1,0.05553717641220743,0.04441453566621804,0.0
811,"[[49]
 [48]
 [52]
 [53]
 [53]
 [56]]",0,pituitary,True,0,0.061137658,0,1,0,0.07988907080089545,0.09364620165005894,0.0012628920227320563
813,"[[49]
 [48]
 [52]
 [53]
 [53]
 [56]]",0,pituitary,True,0,0.060605533,0,0,0,0.08054549328787555,0.12537883039622855,0.0
814,"[[49]
 [48]
 [52]
 [53]
 [53]
 [56]]",0,pituitary,True,0,0.045050863,0,0,0,0.05424563722103746,0.04719535783365571,0.0
815,"[[49]
 [48]
 [52]
 [53]
 [53]
 [56]]",0,pituitary,True,0,0.024083635,0,0,0,0.03329844924364951,0.06220525488434763,0.0
816,"[[49]
 [48]
 [52]
 [53]
 [53]
 [56]]",0,pituitary,True,0,0.01092117,0,0,0,0.013797960301520645,0.0003858520900321543,0.0
832,"[[49]
 [48]
 [53]
 [49]
 [56]
 [55]]",0,pituitary,True,0,0.0018428944,0,0,0,0.0,0.0,0.0
833,"[[49]
 [48]
 [53]
 [49]
 [56]
 [55]]",0,pituitary,True,0,0.0027419175,0,0,0,0.0,0.0,0.0
835,"[[49]
 [48]
 [53]
 [49]
 [56]
 [55]]",0,pituitary,True,0,0.0048134187,0,0,0,0.0,0.0,0.0
836,"[[49]
 [48]
 [53]
 [49]
 [56]
 [55]]",0,pituitary,True,0,0.0022959886,0,0,0,0.0,0.0,0.0
837,"[[49]
 [48]
 [53]
 [49]
 [56]
 [55]]",0,pituitary,True,0,0.006227837,0,0,0,0.007045561296383279,0.0,0.0
838,"[[49]
 [48]
 [53]
 [49]
 [56]
 [55]]",0,pituitary,True,0,0.00378254,0,0,0,0.009972801450589302,0.0,0.0
860,"[[57]
 [55]
 [52]
 [54]
 [49]]",0,pituitary,True,0,0.014737896,0,0,0,0.022726771253944088,0.0,0.0
861,"[[57]
 [55]
 [52]
 [54]
 [49]]",0,pituitary,True,0,0.009475182,0,0,0,0.008130301634190628,0.0,0.0
862,"[[57]
 [55]
 [52]
 [54]
 [49]]",0,pituitary,True,0,0.01489947,0,0,0,0.026014540647719762,0.0,0.0
863,"[[57]
 [55]
 [52]
 [54]
 [49]]",0,pituitary,True,0,0.018233428,0,0,0,0.027537693268030346,0.0,0.0
864,"[[57]
 [55]
 [52]
 [54]
 [49]]",0,pituitary,True,0,0.015278424,0,0,0,0.0005537290188613947,0.0,0.0
865,"[[57]
 [55]
 [52]
 [54]
 [49]]",0,pituitary,True,0,0.010467118,0,0,0,0.004294794708812919,0.0,0.0
866,"[[57]
 [55]
 [52]
 [54]
 [49]]",0,pituitary,True,0,0.0110562,0,0,0,0.017263777822685414,0.0,0.0
868,"[[57]
 [55]
 [52]
 [54]
 [49]]",0,pituitary,True,0,0.00550331,0,0,0,0.005443851730269457,0.0,0.0
869,"[[57]
 [55]
 [52]
 [56]
 [49]]",0,pituitary,True,0,0.0021007035,0,0,0,0.0001983438290276194,0.0,0.0
870,"[[57]
 [55]
 [52]
 [56]
 [49]]",0,pituitary,True,0,0.0069609066,0,0,0,0.011156685808039376,0.0,0.0
871,"[[57]
 [55]
 [52]
 [56]
 [49]]",0,pituitary,True,0,0.008009556,0,0,0,0.007407952510609071,0.0,0.0
872,"[[57]
 [55]
 [52]
 [56]
 [49]]",0,pituitary,True,0,0.0052354787,0,0,0,0.0,0.0,0.0
873,"[[57]
 [55]
 [52]
 [56]
 [49]]",0,pituitary,True,0,0.0027115,0,0,0,0.00011514104778353483,0.0,0.0
929,"[[57]
 [57]
 [50]
 [50]
 [51]]",0,pituitary,True,0,0.008685235,0,0,0,0.014154849394472622,0.0005476076391265658,0.0
930,"[[57]
 [57]
 [50]
 [50]
 [51]]",0,pituitary,True,0,0.010286683,0,0,0,0.011302657161373946,0.0022130421953378576,0.0
931,"[[57]
 [57]
 [50]
 [50]
 [51]]",0,pituitary,True,0,0.014477036,0,0,0,0.017258183374141253,0.015157171656835661,0.0
932,"[[57]
 [57]
 [50]
 [50]
 [51]]",0,pituitary,True,0,0.011878494,0,0,0,0.018708971553610503,0.0,0.0
933,"[[57]
 [57]
 [50]
 [50]
 [51]]",0,pituitary,True,0,0.008842332,0,0,0,0.013186561174177273,0.0,0.0
935,"[[57]
 [57]
 [50]
 [50]
 [51]]",0,pituitary,True,0,0.0028754438,0,0,0,0.0,0.0,0.0
936,"[[77]
 [82]
 [48]
 [52]
 [56]
 [50]
 [57]
 [52]]",0,glioma,True,0,0.00029145833,0,0,0,0.0,0.0,0.0
937,"[[77]
 [82]
 [48]
 [52]
 [56]
 [50]
 [57]
 [52]]",0,glioma,True,0,0.00032458061,0,0,0,0.0,0.0,0.0
938,"[[77]
 [82]
 [48]
 [52]
 [56]
 [50]
 [57]
 [52]]",0,glioma,True,0,5.732187e-05,0,0,0,0.0,0.0,0.0
939,"[[77]
 [82]
 [48]
 [52]
 [56]
 [50]
 [57]
 [52]]",0,glioma,True,0,0.00055820233,0,0,0,0.0,0.0,0.0
940,"[[77]
 [82]
 [48]
 [52]
 [56]
 [50]
 [57]
 [52]]",0,glioma,True,0,0.00014995069,0,0,0,0.0,0.0,0.0
941,"[[77]
 [82]
 [48]
 [52]
 [56]
 [50]
 [57]
 [52]]",0,glioma,True,0,0.00019752148,0,0,0,0.0,0.0,0.0
942,"[[77]
 [82]
 [48]
 [52]
 [56]
 [50]
 [57]
 [52]]",0,glioma,True,0,0.00093603873,0,0,0,0.0,0.0,0.0
943,"[[77]
 [82]
 [48]
 [52]
 [56]
 [50]
 [57]
 [52]]",0,glioma,True,0,0.00041065709,0,0,0,0.0,0.0,0.0
950,"[[77]
 [82]
 [48]
 [52]
 [56]
 [54]
 [50]
 [49]
 [66]]",0,glioma,True,0,0.0008354986,0,0,0,0.0,0.0,0.0
951,"[[77]
 [82]
 [48]
 [52]
 [56]
 [54]
 [50]
 [49]
 [66]]",0,glioma,True,0,0.0010269567,0,0,0,0.0,0.0,0.0
952,"[[77]
 [82]
 [48]
 [52]
 [56]
 [54]
 [50]
 [49]
 [66]]",0,glioma,True,0,0.00035194046,0,0,0,0.0,0.0,0.0
953,"[[77]
 [82]
 [48]
 [52]
 [56]
 [54]
 [50]
 [49]
 [66]]",0,glioma,True,0,0.0013433963,0,0,0,0.0,0.0,0.0
954,"[[77]
 [82]
 [48]
 [52]
 [56]
 [54]
 [50]
 [49]
 [66]]",0,glioma,True,0,0.0029340163,0,0,0,0.0,0.0,0.0
955,"[[77]
 [82]
 [48]
 [52]
 [56]
 [54]
 [50]
 [49]
 [66]]",0,glioma,True,0,0.0026452865,0,0,0,0.0,0.0,0.0
957,"[[77]
 [82]
 [48]
 [52]
 [56]
 [54]
 [50]
 [49]
 [66]]",0,glioma,True,0,0.002050988,0,0,0,0.0,0.0,0.0
958,"[[77]
 [82]
 [48]
 [52]
 [56]
 [54]
 [50]
 [49]
 [66]]",0,glioma,True,0,0.00040230216,0,0,0,0.0,0.0,0.0
1054,"[[77]
 [82]
 [48]
 [52]
 [56]
 [54]
 [50]
 [49]
 [66]]",0,glioma,True,0,0.00035947788,0,0,0,0.0,0.0,0.0
1055,"[[77]
 [82]
 [48]
 [52]
 [56]
 [54]
 [50]
 [49]
 [66]]",0,glioma,False,0,0.020423586,0,0,0,0.0,0.0,0.0
1089,"[[57]
 [57]
 [48]
 [49]
 [55]]",0,meningioma,True,0,0.006438003,0,0,0,0.0,0.0,0.0
1100,"[[57]
 [57]
 [48]
 [49]
 [55]]",0,meningioma,False,0,0.0002720957,0,0,0,0.0,0.0,0.0
1113,"[[57]
 [57]
 [48]
 [56]
 [57]]",0,meningioma,False,0,1.0355633e-06,0,0,0,0.0,0.0,0.0
1124,"[[57]
 [57]
 [48]
 [56]
 [57]]",0,meningioma,True,0,0.026317384,0,0,0,0.028607165913492577,0.01589418695120596,0.0
1135,"[[57]
 [57]
 [48]
 [56]
 [57]]",0,meningioma,True,0,0.03133896,0,0,0,0.03203255925305243,0.048223350253807105,0.0
1163,"[[77]
 [82]
 [48]
 [53]
 [49]
 [54]
 [53]
 [49]
 [66]]",0,glioma,True,0,0.00044904364,0,0,0,0.0,0.0,0.0
1164,"[[77]
 [82]
 [48]
 [53]
 [49]
 [54]
 [53]
 [49]
 [66]]",0,glioma,True,0,0.00043204913,0,0,0,0.0,0.0,0.0
1165,"[[77]
 [82]
 [48]
 [53]
 [49]
 [54]
 [53]
 [49]
 [66]]",0,glioma,True,0,0.000839479,0,0,0,0.0,0.0,0.0
1166,"[[77]
 [82]
 [48]
 [53]
 [49]
 [54]
 [53]
 [49]
 [66]]",0,glioma,True,0,0.0004449547,0,0,0,0.0,0.0,0.0
1167,"[[77]
 [82]
 [48]
 [53]
 [49]
 [54]
 [53]
 [49]
 [66]]",0,glioma,True,0,0.0006451444,0,0,1,0.0,0.0,0.0
1169,"[[77]
 [82]
 [48]
 [53]
 [49]
 [54]
 [53]
 [49]
 [66]]",0,glioma,True,0,6.765311e-09,0,0,0,0.0,0.0,0.0
1181,"[[77]
 [82]
 [48]
 [53]
 [50]
 [53]
 [53]
 [48]]",0,glioma,True,0,9.990625e-07,0,0,1,0.0,0.0,0.0
1182,"[[77]
 [82]
 [48]
 [53]
 [50]
 [53]
 [53]
 [48]]",0,glioma,True,0,0.0006389134,0,0,0,0.0,0.0,0.0
1183,"[[77]
 [82]
 [48]
 [53]
 [50]
 [53]
 [53]
 [48]]",0,glioma,True,0,0.00012517061,0,0,0,0.0,0.0,0.0
1184,"[[77]
 [82]
 [48]
 [53]
 [50]
 [53]
 [53]
 [48]]",0,glioma,True,0,4.794347e-05,0,0,0,0.0,0.0,0.0
1225,"[[77]
 [82]
 [48]
 [53]
 [52]
 [56]
 [55]
 [53]]",0,glioma,True,0,0.0002510984,0,0,0,0.0,0.0,0.0
1226,"[[77]
 [82]
 [48]
 [53]
 [52]
 [56]
 [55]
 [53]]",0,glioma,True,0,1.961878e-06,0,0,0,0.0,0.0,0.0
1227,"[[77]
 [82]
 [48]
 [53]
 [52]
 [56]
 [55]
 [53]]",0,glioma,True,0,0.00032025675,0,0,0,0.0,0.0,0.0
1228,"[[77]
 [82]
 [48]
 [53]
 [52]
 [56]
 [55]
 [53]]",0,glioma,True,0,0.000119290446,0,0,0,0.0,0.0,0.0
1238,"[[77]
 [82]
 [48]
 [51]
 [52]
 [57]
 [57]
 [55]]",0,glioma,True,0,0.00026597737,0,0,0,0.0,0.0,0.0
1239,"[[77]
 [82]
 [48]
 [51]
 [52]
 [57]
 [57]
 [55]]",0,glioma,True,0,0.0001543294,0,0,0,0.0,0.0,0.0
1240,"[[77]
 [82]
 [48]
 [51]
 [52]
 [57]
 [57]
 [55]]",0,glioma,True,0,0.00023944135,0,0,0,0.0,0.0,0.0
1241,"[[77]
 [82]
 [48]
 [51]
 [52]
 [57]
 [57]
 [55]]",0,glioma,True,0,0.0010615862,0,0,0,0.0,0.0,0.0
1242,"[[77]
 [82]
 [48]
 [51]
 [52]
 [57]
 [57]
 [55]]",0,glioma,True,0,0.00019168685,0,0,1,0.0,0.0,0.0
1243,"[[77]
 [82]
 [48]
 [51]
 [52]
 [57]
 [57]
 [55]]",0,glioma,True,0,0.00036959382,0,0,0,0.0,0.0,0.0
1244,"[[77]
 [82]
 [48]
 [51]
 [52]
 [57]
 [57]
 [55]]",0,glioma,True,0,0.0002779917,0,0,0,0.0,0.0,0.0
1262,"[[77]
 [82]
 [48]
 [52]
 [57]
 [48]
 [49]
 [57]
 [71]]",0,glioma,True,0,0.0020401266,0,0,0,0.0,0.0,0.0
1263,"[[77]
 [82]
 [48]
 [52]
 [57]
 [48]
 [49]
 [57]
 [71]]",0,glioma,True,0,0.005301753,1,0,0,0.0,0.0,0.0
1264,"[[77]
 [82]
 [48]
 [52]
 [57]
 [48]
 [49]
 [57]
 [71]]",0,glioma,True,0,0.0015367373,0,0,0,0.0,0.0,0.0
1265,"[[77]
 [82]
 [48]
 [52]
 [57]
 [48]
 [49]
 [57]
 [71]]",0,glioma,True,0,0.0014186171,0,0,0,0.0,0.0,0.0
1266,"[[77]
 [82]
 [48]
 [52]
 [57]
 [48]
 [49]
 [57]
 [71]]",0,glioma,True,0,0.001866417,0,0,0,0.0,0.0,0.0
1267,"[[77]
 [82]
 [48]
 [52]
 [57]
 [48]
 [49]
 [57]
 [71]]",0,glioma,True,0,0.00023425404,0,0,0,0.0,0.0,0.0
1269,"[[77]
 [82]
 [48]
 [52]
 [57]
 [48]
 [49]
 [57]
 [71]]",0,glioma,True,0,0.0011570251,0,0,0,0.0,0.0,0.0
1283,"[[77]
 [82]
 [48]
 [51]
 [50]
 [51]
 [50]
 [50]
 [67]]",0,glioma,True,0,2.3803559e-05,0,0,0,0.0,0.0,0.0
1284,"[[77]
 [82]
 [48]
 [51]
 [50]
 [51]
 [50]
 [50]
 [67]]",0,glioma,True,0,0.0002585354,0,0,0,0.0,0.0,0.0
1285,"[[77]
 [82]
 [48]
 [51]
 [50]
 [51]
 [50]
 [50]
 [67]]",0,glioma,True,0,0.00078055554,0,0,0,0.0,0.0,0.0
1286,"[[77]
 [82]
 [48]
 [51]
 [50]
 [51]
 [50]
 [50]
 [67]]",0,glioma,True,0,0.001539132,0,0,0,0.0,0.0,0.0
1287,"[[77]
 [82]
 [48]
 [51]
 [50]
 [51]
 [50]
 [50]
 [67]]",0,glioma,True,0,5.500208e-05,0,0,0,0.0,0.0,0.0
1288,"[[77]
 [82]
 [48]
 [51]
 [50]
 [51]
 [50]
 [50]
 [67]]",0,glioma,True,0,9.109152e-06,0,0,0,0.0,0.0,0.0
1289,"[[77]
 [82]
 [48]
 [51]
 [50]
 [51]
 [50]
 [50]
 [67]]",0,glioma,True,0,0.00026711437,0,0,0,0.0,0.0,0.0
1291,"[[77]
 [82]
 [48]
 [51]
 [50]
 [51]
 [50]
 [50]
 [67]]",0,glioma,True,0,0.0004346564,0,0,0,0.0,0.0,0.0
1292,"[[77]
 [82]
 [48]
 [51]
 [50]
 [51]
 [50]
 [50]
 [67]]",0,glioma,True,0,0.0018779528,0,0,0,0.0,0.0,0.0
1293,"[[77]
 [82]
 [48]
 [51]
 [50]
 [51]
 [50]
 [50]
 [67]]",0,glioma,True,0,0.005294797,1,0,0,0.0,0.0,0.0
1294,"[[77]
 [82]
 [48]
 [51]
 [50]
 [51]
 [50]
 [50]
 [67]]",0,glioma,True,0,0.0060946783,0,0,0,0.0,0.0,0.0
1295,"[[77]
 [82]
 [48]
 [51]
 [50]
 [51]
 [50]
 [50]
 [67]]",0,glioma,True,0,0.005415501,0,0,0,0.0,0.0,0.0
1296,"[[77]
 [82]
 [48]
 [51]
 [50]
 [51]
 [50]
 [50]
 [67]]",0,glioma,True,0,0.0020354432,0,0,1,0.0,0.0,0.0
1311,"[[77]
 [82]
 [48]
 [51]
 [57]
 [52]
 [55]
 [51]
 [66]]",0,glioma,True,0,0.0011912656,0,0,0,0.0,0.0,0.0
1313,"[[77]
 [82]
 [48]
 [51]
 [57]
 [52]
 [55]
 [51]
 [66]]",0,glioma,True,0,0.0014006792,0,0,0,0.0,0.0,0.0
1314,"[[77]
 [82]
 [48]
 [51]
 [57]
 [52]
 [55]
 [51]
 [66]]",0,glioma,True,0,0.0019508962,0,0,0,0.0,0.0,0.0
1315,"[[77]
 [82]
 [48]
 [51]
 [57]
 [52]
 [55]
 [51]
 [66]]",0,glioma,True,0,0.0020386078,0,0,0,0.0,0.0,0.0
1316,"[[77]
 [82]
 [48]
 [51]
 [57]
 [52]
 [55]
 [51]
 [66]]",0,glioma,True,0,0.005883107,0,0,0,0.0,0.0,0.0
1317,"[[77]
 [82]
 [48]
 [51]
 [57]
 [52]
 [55]
 [51]
 [66]]",0,glioma,True,0,0.0040349504,0,0,0,0.0,0.0,0.0
1318,"[[77]
 [82]
 [48]
 [51]
 [57]
 [52]
 [55]
 [51]
 [66]]",0,glioma,True,0,0.0011976213,0,0,0,0.0,0.0,0.0
1369,"[[77]
 [82]
 [48]
 [51]
 [51]
 [52]
 [50]
 [48]]",0,glioma,True,0,0.0037816644,0,1,0,0.0,0.0,0.0
1370,"[[77]
 [82]
 [48]
 [51]
 [51]
 [52]
 [50]
 [48]]",0,glioma,True,0,0.0023008692,0,0,0,0.0,0.0,0.0
1371,"[[77]
 [82]
 [48]
 [51]
 [51]
 [52]
 [50]
 [48]]",0,glioma,True,0,0.0016550884,0,0,0,0.0,0.0,0.0
1372,"[[77]
 [82]
 [48]
 [51]
 [51]
 [52]
 [50]
 [48]]",0,glioma,True,0,0.00082350394,0,0,0,0.0,0.0,0.0
1373,"[[77]
 [82]
 [48]
 [51]
 [51]
 [52]
 [50]
 [48]]",0,glioma,True,0,0.001098343,0,0,0,0.0,0.0,0.0
1374,"[[77]
 [82]
 [48]
 [51]
 [51]
 [52]
 [50]
 [48]]",0,glioma,True,0,0.0017342253,0,1,1,0.0,0.0,0.0
1375,"[[77]
 [82]
 [48]
 [51]
 [51]
 [52]
 [50]
 [48]]",0,glioma,True,0,0.0024491746,0,1,0,0.0,0.0,0.0
1376,"[[77]
 [82]
 [48]
 [50]
 [52]
 [55]
 [56]
 [48]
 [66]]",0,glioma,True,0,0.0007469958,0,0,0,0.0,0.0,0.0
1377,"[[77]
 [82]
 [48]
 [50]
 [52]
 [55]
 [56]
 [48]
 [66]]",0,glioma,True,0,0.0021494206,0,0,0,0.0,0.0,0.0
1378,"[[77]
 [82]
 [48]
 [50]
 [52]
 [55]
 [56]
 [48]
 [66]]",0,glioma,True,0,0.0017029585,0,0,0,0.0,0.0,0.0
1380,"[[77]
 [82]
 [48]
 [50]
 [52]
 [55]
 [56]
 [48]
 [66]]",0,glioma,True,0,0.00076024095,0,0,0,0.0,0.0,0.0
1512,"[[49]
 [48]
 [50]
 [52]
 [50]
 [48]]",0,meningioma,False,0,0.00062810094,1,0,0,0.0,0.0,0.0
1523,"[[49]
 [48]
 [50]
 [52]
 [50]
 [48]]",0,meningioma,True,0,0.0111005455,0,0,0,0.00727036676403765,0.005595007531740908,0.0
1534,"[[49]
 [48]
 [50]
 [52]
 [50]
 [48]]",0,meningioma,False,0,0.00013496376,0,0,0,0.0,0.0,0.0
1556,"[[49]
 [48]
 [50]
 [52]
 [50]
 [48]]",0,meningioma,False,0,0.0006676533,0,0,0,0.0,0.0,0.0
1561,"[[77]
 [82]
 [48]
 [52]
 [56]
 [50]
 [57]
 [52]]",0,glioma,True,0,0.00048233723,0,0,0,0.0,0.0,0.0
1562,"[[77]
 [82]
 [48]
 [52]
 [56]
 [50]
 [57]
 [52]]",0,glioma,True,0,0.0008646973,0,0,0,0.0,0.0,0.0
1563,"[[77]
 [82]
 [48]
 [52]
 [56]
 [50]
 [57]
 [52]]",0,glioma,True,0,0.00024052689,0,0,0,0.0,0.0,0.0
1564,"[[77]
 [82]
 [48]
 [52]
 [56]
 [50]
 [57]
 [52]]",0,glioma,True,0,0.0013993598,0,0,0,0.0,0.0,0.0
1565,"[[77]
 [82]
 [48]
 [52]
 [56]
 [50]
 [57]
 [52]]",0,glioma,True,0,0.00024818492,0,0,0,0.0,0.0,0.0
1566,"[[77]
 [82]
 [48]
 [52]
 [56]
 [50]
 [57]
 [52]]",0,glioma,True,0,0.00023991485,0,0,0,0.0,0.0,0.0
1567,"[[77]
 [82]
 [48]
 [52]
 [56]
 [50]
 [57]
 [52]]",0,glioma,True,0,2.4394914e-05,0,0,0,0.0,0.0,0.0
1580,"[[77]
 [82]
 [48]
 [52]
 [56]
 [54]
 [50]
 [49]
 [66]]",0,glioma,True,0,0.000118771575,0,0,0,0.0,0.0,0.0
1581,"[[77]
 [82]
 [48]
 [52]
 [56]
 [54]
 [50]
 [49]
 [66]]",0,glioma,True,0,0.0007002986,0,0,0,0.0,0.0,0.0
1582,"[[77]
 [82]
 [48]
 [52]
 [56]
 [54]
 [50]
 [49]
 [66]]",0,glioma,True,0,0.0007499607,0,0,0,0.0,0.0,0.0
1583,"[[77]
 [82]
 [48]
 [52]
 [56]
 [54]
 [50]
 [49]
 [66]]",0,glioma,True,0,0.0001467888,0,0,0,0.0,0.0,0.0
1584,"[[77]
 [82]
 [48]
 [52]
 [56]
 [54]
 [50]
 [49]
 [66]]",0,glioma,True,0,0.00088135264,0,0,0,0.0,0.0,0.0
1585,"[[77]
 [82]
 [48]
 [52]
 [56]
 [54]
 [50]
 [49]
 [66]]",0,glioma,True,0,0.0024941668,0,0,0,0.0,0.0,0.0
1623,"[[49]
 [48]
 [50]
 [57]
 [50]
 [57]]",0,meningioma,False,0,0.004606328,0,0,0,0.00039301739101955263,0.0,0.0
1634,"[[49]
 [48]
 [50]
 [57]
 [50]
 [57]]",0,meningioma,False,0,0.005411389,0,0,0,7.295276308590188e-05,0.0,0.0
1641,"[[77]
 [82]
 [48]
 [51]
 [51]
 [52]
 [50]
 [48]]",0,glioma,True,0,3.5244596e-09,0,0,0,0.0,0.0,0.0
1642,"[[77]
 [82]
 [48]
 [51]
 [51]
 [52]
 [50]
 [48]]",0,glioma,True,0,0.0,0,0,0,0.0,0.0,0.0
1643,"[[77]
 [82]
 [48]
 [51]
 [51]
 [52]
 [50]
 [48]]",0,glioma,True,0,0.00039751717,0,0,0,0.0,0.0,0.0
1644,"[[77]
 [82]
 [48]
 [51]
 [51]
 [52]
 [50]
 [48]]",0,glioma,True,0,5.7406993e-05,0,0,0,0.0,0.0,0.0
1645,"[[49]
 [48]
 [50]
 [57]
 [50]
 [57]]",0,meningioma,False,0,0.010706699,0,0,0,0.014829116003943477,0.0,0.0
1646,"[[77]
 [82]
 [48]
 [51]
 [51]
 [52]
 [50]
 [48]]",0,glioma,True,0,3.6382775e-05,0,0,0,0.0,0.0,0.0
1647,"[[77]
 [82]
 [48]
 [51]
 [51]
 [52]
 [50]
 [48]]",0,glioma,True,0,0.00047056025,0,0,0,0.0,0.0,0.0
1648,"[[77]
 [82]
 [48]
 [51]
 [51]
 [52]
 [50]
 [48]]",0,glioma,True,0,0.0005518486,0,0,0,0.0,0.0,0.0
1649,"[[77]
 [82]
 [48]
 [51]
 [51]
 [52]
 [50]
 [48]]",0,glioma,True,0,0.00041066422,0,0,0,0.0,0.0,0.0
1650,"[[77]
 [82]
 [48]
 [51]
 [51]
 [52]
 [50]
 [48]]",0,glioma,True,0,0.0006092899,1,0,0,0.0,0.0,0.0
1651,"[[77]
 [82]
 [48]
 [51]
 [51]
 [52]
 [50]
 [48]]",0,glioma,True,0,0.00075178564,0,0,0,0.0,0.0,0.0
1652,"[[77]
 [82]
 [48]
 [51]
 [51]
 [52]
 [50]
 [48]]",0,glioma,True,0,0.00041829995,0,0,0,0.0,0.0,0.0
1656,"[[49]
 [48]
 [50]
 [57]
 [50]
 [57]]",0,meningioma,False,0,0.017377634,0,0,0,0.023595793793280327,0.04414210128495843,0.0
1667,"[[49]
 [48]
 [50]
 [52]
 [50]
 [48]]",0,meningioma,True,1,0.031397242,0,0,0,0.050928347280334726,0.23041825095057034,0.0196078431372549
1668,"[[49]
 [48]
 [50]
 [57]
 [50]
 [57]]",0,meningioma,False,0,0.012365929,0,0,0,0.016120193624988583,0.01757647456481325,0.0
1679,"[[49]
 [48]
 [50]
 [57]
 [50]
 [57]]",0,meningioma,False,0,0.003965992,0,0,0,0.0,0.0,0.0
1690,"[[49]
 [48]
 [50]
 [57]
 [51]
 [53]]",0,meningioma,True,0,0.00320114,0,0,0,0.0,0.0,0.0
1712,"[[49]
 [48]
 [51]
 [54]
 [55]
 [51]]",0,meningioma,False,1,0.0126433475,0,0,0,0.033439192975901366,0.27835051546391754,0.0
1713,"[[77]
 [82]
 [48]
 [52]
 [56]
 [50]
 [57]
 [52]]",0,glioma,False,0,0.0019985712,0,0,0,0.0028076558051249607,0.0,0.0
1714,"[[77]
 [82]
 [48]
 [52]
 [56]
 [50]
 [57]
 [52]]",0,glioma,True,0,2.2425664e-07,0,0,0,0.0,0.0,0.0
1715,"[[77]
 [82]
 [48]
 [52]
 [56]
 [50]
 [57]
 [52]]",0,glioma,False,0,0.018525885,0,0,0,0.022726403183226843,0.02403495994173343,0.0
1716,"[[77]
 [82]
 [48]
 [52]
 [56]
 [50]
 [57]
 [52]]",0,glioma,False,0,0.0139243975,0,0,0,0.0062134012784408384,0.0,0.0
1717,"[[77]
 [82]
 [48]
 [52]
 [56]
 [50]
 [57]
 [52]]",0,glioma,False,1,0.038998067,0,0,0,0.04351112070827035,0.20575757575757575,0.37354988399071926
1718,"[[77]
 [82]
 [48]
 [52]
 [56]
 [50]
 [57]
 [52]]",0,glioma,False,1,0.03348329,0,0,0,0.04019049831571611,0.27042628774422733,0.28
1723,"[[49]
 [48]
 [51]
 [54]
 [55]
 [51]]",0,meningioma,False,0,0.016163157,0,1,0,0.027283859906931177,0.019320843091334895,0.0
1734,"[[49]
 [48]
 [51]
 [54]
 [55]
 [51]]",0,meningioma,False,1,0.03246183,0,1,0,0.047711571675302246,0.4135297326786688,0.0
1745,"[[49]
 [48]
 [51]
 [54]
 [55]
 [51]]",0,meningioma,False,0,0.025028285,0,1,0,0.038964266189553204,0.05716963448922212,0.038640906062624915
1755,"[[77]
 [82]
 [48]
 [53]
 [49]
 [54]
 [53]
 [49]
 [66]]",0,glioma,True,0,3.3990204e-06,0,0,0,0.0,0.0,0.0
1756,"[[49]
 [48]
 [51]
 [54]
 [55]
 [51]]",0,meningioma,False,0,0.025764946,0,1,0,0.06346511439890047,0.17745415318230853,0.0027906976744186047
1757,"[[77]
 [82]
 [48]
 [53]
 [49]
 [54]
 [53]
 [49]
 [66]]",0,glioma,True,0,0.00031217912,0,0,0,0.0,0.0,0.0
1758,"[[77]
 [82]
 [48]
 [53]
 [49]
 [54]
 [53]
 [49]
 [66]]",0,glioma,True,0,5.7587076e-05,0,0,0,0.0,0.0,0.0
1759,"[[77]
 [82]
 [48]
 [53]
 [49]
 [54]
 [53]
 [49]
 [66]]",0,glioma,True,0,0.0005112984,0,0,0,0.0,0.0,0.0
1760,"[[77]
 [82]
 [48]
 [53]
 [49]
 [54]
 [53]
 [49]
 [66]]",0,glioma,True,0,7.858235e-05,0,0,0,0.0,0.0,0.0
1761,"[[77]
 [82]
 [48]
 [53]
 [49]
 [54]
 [53]
 [49]
 [66]]",0,glioma,True,0,0.00022288371,0,0,0,0.0,0.0,0.0
1762,"[[77]
 [82]
 [48]
 [53]
 [49]
 [54]
 [53]
 [49]
 [66]]",0,glioma,True,0,0.00030905008,0,0,0,0.0,0.0,0.0
1766,"[[77]
 [82]
 [48]
 [53]
 [50]
 [53]
 [53]
 [48]]",0,glioma,True,0,0.0005019654,0,0,0,0.0,0.0,0.0
1767,"[[49]
 [48]
 [51]
 [54]
 [55]
 [51]]",0,meningioma,False,0,0.019990567,0,0,0,0.048627570915207585,0.1286654697785757,0.014959723820483314
1768,"[[77]
 [82]
 [48]
 [53]
 [50]
 [53]
 [53]
 [48]]",0,glioma,True,0,0.0013403407,0,0,0,0.0,0.0,0.0
1769,"[[77]
 [82]
 [48]
 [53]
 [50]
 [53]
 [53]
 [48]]",0,glioma,True,0,0.000844259,0,1,0,0.0,0.0,0.0
1770,"[[77]
 [82]
 [48]
 [53]
 [50]
 [53]
 [53]
 [48]]",0,glioma,True,0,0.0008122044,0,1,0,0.0,0.0,0.0
1771,"[[77]
 [82]
 [48]
 [53]
 [50]
 [53]
 [53]
 [48]]",0,glioma,True,0,0.0011193501,0,1,0,0.0,0.0,0.0
1772,"[[77]
 [82]
 [48]
 [53]
 [50]
 [53]
 [53]
 [48]]",0,glioma,True,0,0.00023401278,0,0,0,0.0,0.0,0.0
1779,"[[49]
 [48]
 [51]
 [54]
 [55]
 [51]]",0,meningioma,False,1,0.018806284,0,0,0,0.02912621359223301,0.28426395939086296,0.45738636363636365
1825,"[[77]
 [82]
 [48]
 [52]
 [57]
 [50]
 [52]
 [50]
 [67]]",0,glioma,True,0,0.0006239136,0,0,0,0.0,0.0,0.0
1826,"[[77]
 [82]
 [48]
 [52]
 [57]
 [50]
 [52]
 [50]
 [67]]",0,glioma,True,0,0.000360157,0,0,0,0.0,0.0,0.0
1827,"[[77]
 [82]
 [48]
 [52]
 [57]
 [50]
 [52]
 [50]
 [67]]",0,glioma,True,0,0.0009704561,0,0,0,0.0,0.0,0.0
1828,"[[77]
 [82]
 [48]
 [52]
 [57]
 [50]
 [52]
 [50]
 [67]]",0,glioma,True,0,0.000635558,0,0,0,0.0,0.0,0.0
1829,"[[77]
 [82]
 [48]
 [52]
 [57]
 [50]
 [52]
 [50]
 [67]]",0,glioma,True,0,0.0011128028,0,0,0,0.0,0.0,0.0
1830,"[[77]
 [82]
 [48]
 [53]
 [51]
 [50]
 [52]
 [49]
 [67]]",0,glioma,True,0,0.0002417905,0,0,0,0.0,0.0,0.0
1831,"[[77]
 [82]
 [48]
 [53]
 [51]
 [50]
 [52]
 [49]
 [67]]",0,glioma,True,0,0.00054733787,0,0,0,0.0,0.0,0.0
1832,"[[77]
 [82]
 [48]
 [53]
 [51]
 [50]
 [52]
 [49]
 [67]]",0,glioma,True,0,0.0006941255,0,0,0,0.0,0.0,0.0
1833,"[[77]
 [82]
 [48]
 [53]
 [51]
 [50]
 [52]
 [49]
 [67]]",0,glioma,True,0,0.000584969,0,0,0,0.0,0.0,0.0
1835,"[[77]
 [82]
 [48]
 [51]
 [52]
 [57]
 [57]
 [55]]",0,glioma,True,0,0.00016479615,0,0,0,0.0,0.0,0.0
1836,"[[77]
 [82]
 [48]
 [51]
 [52]
 [57]
 [57]
 [55]]",0,glioma,True,0,0.0012213761,0,0,0,0.0,0.0,0.0
1837,"[[77]
 [82]
 [48]
 [51]
 [52]
 [57]
 [57]
 [55]]",0,glioma,True,0,3.9872877e-05,0,0,0,0.0,0.0,0.0
1838,"[[77]
 [82]
 [48]
 [51]
 [52]
 [57]
 [57]
 [55]]",0,glioma,True,0,0.0009168426,0,0,0,0.0,0.0,0.0
1839,"[[77]
 [82]
 [48]
 [51]
 [52]
 [57]
 [57]
 [55]]",0,glioma,True,0,0.0014826074,0,0,0,0.0,0.0,0.0
1840,"[[77]
 [82]
 [48]
 [51]
 [52]
 [57]
 [57]
 [55]]",0,glioma,True,0,0.0014212424,0,0,0,0.0,0.0,0.0
1841,"[[77]
 [82]
 [48]
 [51]
 [52]
 [57]
 [57]
 [55]]",0,glioma,True,0,0.00036672724,0,0,0,0.0,0.0,0.0
1862,"[[77]
 [82]
 [48]
 [52]
 [57]
 [48]
 [49]
 [57]
 [71]]",0,glioma,True,0,0.0013921626,0,0,0,0.0,0.0,0.0
1863,"[[77]
 [82]
 [48]
 [52]
 [57]
 [48]
 [49]
 [57]
 [71]]",0,glioma,True,0,0.0006206077,0,0,0,0.0,0.0,0.0
1864,"[[77]
 [82]
 [48]
 [52]
 [57]
 [48]
 [49]
 [57]
 [71]]",0,glioma,True,0,0.002843049,0,0,0,0.0,0.0,0.0
1876,"[[77]
 [82]
 [48]
 [51]
 [50]
 [51]
 [50]
 [50]
 [67]]",0,glioma,True,0,0.00127713,0,0,0,0.0,0.0,0.0
1877,"[[77]
 [82]
 [48]
 [51]
 [50]
 [51]
 [50]
 [50]
 [67]]",0,glioma,True,0,0.0005371412,0,0,0,0.0,0.0,0.0
1879,"[[77]
 [82]
 [48]
 [51]
 [50]
 [51]
 [50]
 [50]
 [67]]",0,glioma,True,0,0.0036650577,0,0,1,0.0,0.0,0.0
1880,"[[77]
 [82]
 [48]
 [51]
 [50]
 [51]
 [50]
 [50]
 [67]]",0,glioma,True,0,0.0009756408,0,0,0,0.0,0.0,0.0
1881,"[[77]
 [82]
 [48]
 [51]
 [50]
 [51]
 [50]
 [50]
 [67]]",0,glioma,True,0,0.00024780747,0,0,1,0.0,0.0,0.0
1882,"[[77]
 [82]
 [48]
 [51]
 [50]
 [51]
 [50]
 [50]
 [67]]",0,glioma,True,0,0.0,0,0,0,0.0,0.0,0.0
1883,"[[77]
 [82]
 [48]
 [51]
 [50]
 [51]
 [50]
 [50]
 [67]]",0,glioma,True,0,0.001658717,0,0,0,0.0,0.0,0.0
1884,"[[77]
 [82]
 [48]
 [51]
 [50]
 [51]
 [50]
 [50]
 [67]]",0,glioma,True,0,0.0011485047,0,0,0,0.0,0.0,0.0
1885,"[[77]
 [82]
 [48]
 [51]
 [50]
 [51]
 [50]
 [50]
 [67]]",0,glioma,True,0,0.006649749,0,0,0,0.0,0.0,0.0
1886,"[[77]
 [82]
 [48]
 [51]
 [50]
 [51]
 [50]
 [50]
 [67]]",0,glioma,True,0,0.0022963958,0,0,0,0.0,0.0,0.0
1887,"[[77]
 [82]
 [48]
 [51]
 [50]
 [51]
 [50]
 [50]
 [67]]",0,glioma,True,0,0.0031755,0,1,0,0.0,0.0,0.0
1888,"[[77]
 [82]
 [48]
 [51]
 [50]
 [51]
 [50]
 [50]
 [67]]",0,glioma,True,0,0.0018910476,0,1,0,0.0,0.0,0.0
1891,"[[77]
 [82]
 [48]
 [51]
 [50]
 [51]
 [50]
 [50]
 [67]]",0,glioma,True,0,0.0020592115,0,0,0,0.0,0.0,0.0
1892,"[[77]
 [82]
 [48]
 [51]
 [50]
 [51]
 [50]
 [50]
 [67]]",0,glioma,True,0,0.0007674163,0,0,0,0.0,0.0,0.0
1906,"[[77]
 [82]
 [48]
 [51]
 [57]
 [52]
 [55]
 [51]
 [66]]",0,glioma,True,0,0.00014662862,0,0,0,0.0,0.0,0.0
1907,"[[77]
 [82]
 [48]
 [51]
 [57]
 [52]
 [55]
 [51]
 [66]]",0,glioma,True,0,5.1439067e-05,0,0,0,0.0,0.0,0.0
1908,"[[77]
 [82]
 [48]
 [51]
 [57]
 [52]
 [55]
 [51]
 [66]]",0,glioma,True,0,0.00074010546,0,1,0,0.0,0.0,0.0
1909,"[[77]
 [82]
 [48]
 [51]
 [57]
 [52]
 [55]
 [51]
 [66]]",0,glioma,True,0,0.00053820806,0,1,0,0.0,0.0,0.0
1910,"[[77]
 [82]
 [48]
 [51]
 [57]
 [52]
 [55]
 [51]
 [66]]",0,glioma,True,0,0.00034578893,0,1,0,0.0,0.0,0.0
1911,"[[77]
 [82]
 [48]
 [51]
 [57]
 [52]
 [55]
 [51]
 [66]]",0,glioma,True,0,0.00045287327,0,1,0,0.0,0.0,0.0
1913,"[[77]
 [82]
 [48]
 [51]
 [57]
 [52]
 [55]
 [51]
 [66]]",0,glioma,True,0,5.177296e-05,0,1,0,0.0,0.0,0.0
1914,"[[77]
 [82]
 [48]
 [51]
 [57]
 [52]
 [55]
 [51]
 [66]]",0,glioma,True,0,1.1234199e-05,0,1,0,0.0,0.0,0.0
1915,"[[77]
 [82]
 [48]
 [51]
 [57]
 [52]
 [55]
 [51]
 [66]]",0,glioma,True,0,0.00010788408,1,1,0,0.0,0.0,0.0
1938,"[[77]
 [82]
 [48]
 [52]
 [57]
 [48]
 [49]
 [57]
 [71]]",0,glioma,True,0,0.002491061,0,0,0,0.0,0.0,0.0
1939,"[[77]
 [82]
 [48]
 [52]
 [57]
 [48]
 [49]
 [57]
 [71]]",0,glioma,True,0,0.0008030332,0,0,0,0.0,0.0,0.0
1940,"[[77]
 [82]
 [48]
 [52]
 [57]
 [48]
 [49]
 [57]
 [71]]",0,glioma,True,0,0.0077412687,0,0,0,0.0,0.0,0.0
1941,"[[77]
 [82]
 [48]
 [52]
 [57]
 [48]
 [49]
 [57]
 [71]]",0,glioma,False,0,0.025881557,0,0,0,0.022148916116870875,0.0,0.0
1942,"[[77]
 [82]
 [48]
 [52]
 [57]
 [48]
 [49]
 [57]
 [71]]",0,glioma,False,0,0.0038573088,0,0,0,0.0,0.0,0.0
1954,"[[77]
 [82]
 [48]
 [51]
 [50]
 [51]
 [50]
 [50]
 [67]]",0,glioma,False,0,0.01964447,0,0,0,0.001942788236082267,0.0,0.0
1955,"[[77]
 [82]
 [48]
 [51]
 [50]
 [51]
 [50]
 [50]
 [67]]",0,glioma,False,0,0.042372007,0,0,1,0.0,0.0,0.0
1957,"[[77]
 [82]
 [48]
 [51]
 [50]
 [51]
 [50]
 [50]
 [67]]",0,glioma,True,0,0.0062214513,0,0,0,0.0,0.0,0.0
1958,"[[77]
 [82]
 [48]
 [51]
 [50]
 [51]
 [50]
 [50]
 [67]]",0,glioma,True,0,0.0086572,0,0,0,0.0,0.0,0.0
1959,"[[77]
 [82]
 [48]
 [51]
 [50]
 [51]
 [50]
 [50]
 [67]]",0,glioma,False,0,0.062033754,0,0,0,0.0010154525386313466,0.0,0.0
1960,"[[77]
 [82]
 [48]
 [51]
 [50]
 [51]
 [50]
 [50]
 [67]]",0,glioma,True,0,0.059035122,1,0,0,0.0,0.0,0.0
1961,"[[77]
 [82]
 [48]
 [51]
 [50]
 [51]
 [50]
 [50]
 [67]]",0,glioma,False,0,0.030887965,0,0,0,0.0,0.0,0.0
1962,"[[77]
 [82]
 [48]
 [51]
 [50]
 [51]
 [50]
 [50]
 [67]]",0,glioma,False,0,0.054511607,0,1,0,0.01259765625,0.0,0.0
1963,"[[77]
 [82]
 [48]
 [51]
 [50]
 [51]
 [50]
 [50]
 [67]]",0,glioma,False,0,0.021024553,0,0,0,0.0,0.0,0.0
1964,"[[77]
 [82]
 [48]
 [51]
 [50]
 [51]
 [50]
 [50]
 [67]]",0,glioma,False,0,0.03542628,0,0,0,0.0,0.0,0.0
1965,"[[77]
 [82]
 [48]
 [51]
 [50]
 [51]
 [50]
 [50]
 [67]]",0,glioma,False,0,0.04672423,0,0,0,0.014557724752952519,0.0,0.0
1979,"[[77]
 [82]
 [48]
 [51]
 [57]
 [52]
 [55]
 [51]
 [66]]",0,glioma,True,0,0.0018312045,0,0,0,0.0,0.0,0.0
1980,"[[77]
 [82]
 [48]
 [51]
 [57]
 [52]
 [55]
 [51]
 [66]]",0,glioma,True,0,0.001236911,0,0,0,0.0,0.0,0.0
1981,"[[77]
 [82]
 [48]
 [51]
 [57]
 [52]
 [55]
 [51]
 [66]]",0,glioma,False,0,0.01505055,0,0,0,0.0,0.0,0.0
1982,"[[77]
 [82]
 [48]
 [51]
 [57]
 [52]
 [55]
 [51]
 [66]]",0,glioma,False,0,0.02481047,0,0,0,0.031248938555076253,0.0,0.0
1983,"[[77]
 [82]
 [48]
 [51]
 [57]
 [52]
 [55]
 [51]
 [66]]",0,glioma,True,0,0.0023422635,0,0,0,0.0,0.0,0.0
1984,"[[77]
 [82]
 [48]
 [51]
 [57]
 [52]
 [55]
 [51]
 [66]]",0,glioma,False,0,0.018560726,0,0,0,0.017909635274904735,0.0,0.0
1985,"[[77]
 [82]
 [48]
 [51]
 [57]
 [52]
 [55]
 [51]
 [66]]",0,glioma,False,0,0.0212084,0,0,0,0.005809827922653894,0.0,0.0
2011,"[[77]
 [82]
 [48]
 [51]
 [51]
 [52]
 [50]
 [48]]",0,glioma,False,0,0.012658484,0,0,0,0.0,0.0,0.0
2013,"[[77]
 [82]
 [48]
 [51]
 [51]
 [52]
 [50]
 [48]]",0,glioma,False,0,0.016797714,0,0,0,0.023082409388575503,0.0,0.0
2014,"[[77]
 [82]
 [48]
 [51]
 [51]
 [52]
 [50]
 [48]]",0,glioma,False,0,0.027834544,0,0,0,0.012360750801159774,0.0,0.0
2015,"[[77]
 [82]
 [48]
 [51]
 [51]
 [52]
 [50]
 [48]]",0,glioma,True,0,0.0029980612,0,0,0,0.0,0.0,0.0
2016,"[[77]
 [82]
 [48]
 [51]
 [51]
 [52]
 [50]
 [48]]",0,glioma,True,0,0.004739769,0,0,0,0.0,0.0,0.0
2017,"[[77]
 [82]
 [48]
 [51]
 [51]
 [52]
 [50]
 [48]]",0,glioma,True,0,0.004895275,0,0,0,0.0,0.0,0.0
2018,"[[77]
 [82]
 [48]
 [51]
 [51]
 [52]
 [50]
 [48]]",0,glioma,True,0,0.009393241,0,0,0,0.0,0.0,0.0
2019,"[[77]
 [82]
 [48]
 [51]
 [51]
 [52]
 [50]
 [48]]",0,glioma,True,0,0.0044070343,0,0,0,0.0,0.0,0.0
2020,"[[77]
 [82]
 [48]
 [50]
 [52]
 [55]
 [56]
 [48]
 [66]]",0,glioma,False,0,0.016804721,0,0,0,0.0,0.0,0.0
2021,"[[77]
 [82]
 [48]
 [50]
 [52]
 [55]
 [56]
 [48]
 [66]]",0,glioma,False,0,0.010880865,0,0,0,0.01614043355325165,0.0007654037504783774,0.0
2022,"[[77]
 [82]
 [48]
 [50]
 [52]
 [55]
 [56]
 [48]
 [66]]",0,glioma,False,0,0.0108467955,0,0,0,0.009749547550937007,0.0,0.0
2024,"[[77]
 [82]
 [48]
 [50]
 [52]
 [55]
 [56]
 [48]
 [66]]",0,glioma,True,0,0.00025054894,0,0,0,0.0,0.0,0.0
2026,"[[77]
 [82]
 [48]
 [52]
 [56]
 [50]
 [57]
 [52]]",0,glioma,True,0,0.00082529685,0,0,0,0.0,0.0,0.0
2042,"[[77]
 [82]
 [48]
 [52]
 [56]
 [54]
 [50]
 [49]
 [66]]",0,glioma,False,0,0.0030703857,0,0,0,0.0,0.0,0.0
2043,"[[77]
 [82]
 [48]
 [52]
 [56]
 [54]
 [50]
 [49]
 [66]]",0,glioma,False,0,0.0002422199,0,0,0,0.0,0.0,0.0
2044,"[[77]
 [82]
 [48]
 [52]
 [56]
 [54]
 [50]
 [49]
 [66]]",0,glioma,False,0,0.008405829,1,1,0,0.0005095108695652174,0.0,0.0
2173,"[[77]
 [82]
 [48]
 [53]
 [49]
 [54]
 [53]
 [49]
 [66]]",0,glioma,False,0,0.008155715,0,0,0,0.0,0.0,0.0
2174,"[[77]
 [82]
 [48]
 [53]
 [49]
 [54]
 [53]
 [49]
 [66]]",0,glioma,False,0,0.022766115,0,0,0,0.0,0.0,0.0
2175,"[[77]
 [82]
 [48]
 [53]
 [49]
 [54]
 [53]
 [49]
 [66]]",0,glioma,False,0,0.037187073,0,0,0,0.0,0.0,0.0
2176,"[[77]
 [82]
 [48]
 [53]
 [49]
 [54]
 [53]
 [49]
 [66]]",0,glioma,False,0,0.023055429,0,0,0,0.0,0.0,0.0
2177,"[[77]
 [82]
 [48]
 [53]
 [49]
 [54]
 [53]
 [49]
 [66]]",0,glioma,False,0,0.01778367,0,0,0,0.0,0.0,0.0
2179,"[[77]
 [82]
 [48]
 [53]
 [49]
 [54]
 [53]
 [49]
 [66]]",0,glioma,False,0,0.013285431,0,0,0,0.0,0.0,0.0
2195,"[[77]
 [82]
 [48]
 [53]
 [50]
 [53]
 [53]
 [48]]",0,glioma,False,0,0.003026533,0,0,0,0.0,0.0,0.0
2196,"[[77]
 [82]
 [48]
 [53]
 [50]
 [53]
 [53]
 [48]]",0,glioma,False,0,0.00058904546,0,0,0,0.0,0.0,0.0
2197,"[[77]
 [82]
 [48]
 [53]
 [50]
 [53]
 [53]
 [48]]",0,glioma,True,0,0.00063502515,0,0,0,0.0,0.0,0.0
2198,"[[77]
 [82]
 [48]
 [53]
 [50]
 [53]
 [53]
 [48]]",0,glioma,True,0,0.00135875,0,0,0,0.0,0.0,0.0
2199,"[[77]
 [82]
 [48]
 [53]
 [50]
 [53]
 [53]
 [48]]",0,glioma,True,0,0.0015560073,0,0,0,0.0,0.0,0.0
2201,"[[77]
 [82]
 [48]
 [53]
 [50]
 [53]
 [53]
 [48]]",0,glioma,True,0,0.002253996,0,0,0,0.0,0.0,0.0
2202,"[[77]
 [82]
 [48]
 [53]
 [50]
 [53]
 [53]
 [48]]",0,glioma,True,0,0.00051619584,0,0,0,0.0,0.0,0.0
2203,"[[77]
 [82]
 [48]
 [53]
 [50]
 [53]
 [53]
 [48]]",0,glioma,True,0,0.0010236265,0,0,0,0.0,0.0,0.0
2234,"[[77]
 [82]
 [48]
 [53]
 [52]
 [56]
 [55]
 [53]]",0,glioma,False,0,0.019796014,0,0,0,0.026110811737618183,0.224112056028014,0.0
2236,"[[77]
 [82]
 [48]
 [53]
 [52]
 [56]
 [55]
 [53]]",0,glioma,False,1,0.020455804,0,0,0,0.02441550165292548,0.16002530044275776,0.026016260162601626
2237,"[[77]
 [82]
 [48]
 [53]
 [52]
 [56]
 [55]
 [53]]",0,glioma,True,0,0.0008448513,0,0,0,0.0,0.0,0.0
2238,"[[77]
 [82]
 [48]
 [53]
 [52]
 [56]
 [55]
 [53]]",0,glioma,False,0,0.014381982,0,0,0,0.0,0.0,0.0
2239,"[[77]
 [82]
 [48]
 [53]
 [52]
 [56]
 [55]
 [53]]",0,glioma,False,0,0.008684334,0,0,0,0.006366423013440227,0.0,0.0
2249,"[[77]
 [82]
 [48]
 [51]
 [52]
 [57]
 [57]
 [55]]",0,glioma,False,0,0.010638216,0,0,0,0.01750943396226415,0.0,0.0
2250,"[[77]
 [82]
 [48]
 [51]
 [52]
 [57]
 [57]
 [55]]",0,glioma,False,0,0.037961945,0,0,0,0.0,0.0,0.0
2251,"[[77]
 [82]
 [48]
 [51]
 [52]
 [57]
 [57]
 [55]]",0,glioma,False,0,0.050007265,0,1,0,0.0427463875230022,0.14320536258379038,0.3282051282051282
2252,"[[77]
 [82]
 [48]
 [51]
 [52]
 [57]
 [57]
 [55]]",0,glioma,False,1,0.05491511,0,1,0,0.05224889003281642,0.21145107543168737,0.3021880544056771
2253,"[[77]
 [82]
 [48]
 [51]
 [52]
 [57]
 [57]
 [55]]",0,glioma,False,1,0.036268465,0,1,0,0.03635878448247106,0.16936936936936936,0.14661921708185052
2254,"[[77]
 [82]
 [48]
 [51]
 [52]
 [57]
 [57]
 [55]]",0,glioma,False,0,0.021726366,0,0,0,0.04247669773635153,0.0,0.0
2255,"[[77]
 [82]
 [48]
 [51]
 [52]
 [57]
 [57]
 [55]]",0,glioma,False,0,0.0022651756,0,0,0,0.0,0.0,0.0
2310,"[[49]
 [48]
 [50]
 [57]
 [50]
 [57]]",0,meningioma,True,1,0.032219984,0,0,0,0.05170172084130019,0.3265044814340589,0.0
2321,"[[49]
 [48]
 [50]
 [57]
 [50]
 [57]]",0,meningioma,True,0,0.01683899,0,0,0,0.019650457303269038,0.0,0.0
2324,"[[49]
 [48]
 [56]
 [53]
 [53]
 [48]]",0,meningioma,True,0,0.017994734,0,0,1,0.024932380886330537,0.014002667174699944,0.0
2325,"[[49]
 [48]
 [56]
 [53]
 [53]
 [48]]",0,meningioma,True,0,0.0072778226,0,0,0,0.012310659783287003,0.0,0.0
2332,"[[49]
 [48]
 [50]
 [57]
 [51]
 [53]]",0,meningioma,True,0,0.002006061,0,0,0,0.0,0.0,0.0
2347,"[[49]
 [49]
 [49]
 [51]
 [54]
 [54]]",0,meningioma,True,0,0.009116676,0,0,0,0.012570195990925657,0.0013528748590755355,0.0
2348,"[[49]
 [49]
 [49]
 [51]
 [54]
 [54]]",0,meningioma,True,0,0.030581756,0,0,0,0.034265445278600454,0.08549002969876962,0.0
2349,"[[49]
 [49]
 [49]
 [51]
 [54]
 [54]]",0,meningioma,True,0,0.02382336,0,0,0,0.015881359113947814,0.0,0.0
2350,"[[49]
 [49]
 [49]
 [51]
 [54]
 [54]]",0,meningioma,False,0,0.00032856184,0,0,0,0.0,0.0,0.0
2354,"[[49]
 [48]
 [51]
 [54]
 [55]
 [51]]",0,meningioma,False,0,0.0056266733,0,0,0,0.0020138203356367228,0.0,0.0
2365,"[[49]
 [48]
 [51]
 [54]
 [55]
 [51]]",0,meningioma,False,0,0.020381404,0,0,0,0.024052044609665427,0.04444931026932341,0.119281045751634
2375,"[[49]
 [49]
 [50]
 [54]
 [52]
 [56]]",0,meningioma,False,0,0.00071435,0,0,0,0.0,0.0,0.0
2376,"[[49]
 [48]
 [51]
 [54]
 [55]
 [51]]",0,meningioma,False,0,0.02245919,0,0,0,0.032476786871086155,0.15058561070831009,0.0
2377,"[[49]
 [49]
 [50]
 [54]
 [52]
 [56]]",0,meningioma,True,0,0.018157432,0,0,0,0.014331469518484338,0.0,0.0
2378,"[[49]
 [49]
 [50]
 [54]
 [52]
 [56]]",0,meningioma,True,0,0.01114056,0,0,0,0.006090322580645161,0.0,0.0
2387,"[[49]
 [48]
 [51]
 [54]
 [55]
 [51]]",0,meningioma,False,0,0.016355468,0,0,1,0.01995771234077665,0.0,0.0
2388,"[[49]
 [49]
 [51]
 [53]
 [53]
 [52]]",0,meningioma,False,0,4.1979565e-05,0,0,0,0.0,0.0,0.0
2389,"[[49]
 [49]
 [51]
 [53]
 [53]
 [52]]",0,meningioma,False,0,2.4331222e-05,0,0,0,0.0,0.0,0.0
2390,"[[49]
 [49]
 [51]
 [53]
 [53]
 [52]]",0,meningioma,False,0,1.2828191e-07,0,0,0,0.0,0.0,0.0
2393,"[[49]
 [49]
 [52]
 [48]
 [49]
 [56]]",0,meningioma,False,1,0.03262934,0,0,0,0.035079088776205254,0.08212355621489881,0.23582995951417005
2394,"[[49]
 [49]
 [52]
 [48]
 [49]
 [56]]",0,meningioma,False,0,0.04027483,0,0,0,0.04552482391341694,0.06769344277414,0.14258095698405027
2395,"[[49]
 [49]
 [52]
 [48]
 [49]
 [56]]",0,meningioma,False,0,0.033885315,0,0,0,0.029929004103432553,0.04554057251005441,0.053563111318118306
2396,"[[49]
 [49]
 [52]
 [48]
 [49]
 [56]]",0,meningioma,False,0,0.02015789,0,0,0,0.016662602617247824,0.0,0.0
2399,"[[49]
 [48]
 [51]
 [54]
 [55]
 [51]]",0,meningioma,False,0,0.011818936,0,0,0,0.0023647050874940883,0.0,0.0
2410,"[[49]
 [48]
 [51]
 [54]
 [55]
 [51]]",0,meningioma,False,0,0.013286929,0,0,0,0.01833772405599463,0.0,0.0
2433,"[[57]
 [57]
 [48]
 [49]
 [55]]",0,meningioma,True,0,0.007846719,0,0,0,0.0,0.0,0.0
2434,"[[57]
 [57]
 [48]
 [49]
 [55]]",0,meningioma,True,0,0.011925077,0,0,0,0.008606395578365575,0.0,0.0
2435,"[[57]
 [57]
 [48]
 [56]
 [57]]",0,meningioma,True,0,0.012849549,0,0,0,0.022193789675704935,0.0,0.0
2436,"[[57]
 [57]
 [48]
 [56]
 [57]]",0,meningioma,False,0,0.00040952917,0,0,0,0.0,0.0,0.0
2437,"[[57]
 [57]
 [48]
 [56]
 [57]]",0,meningioma,False,0,2.4526998e-05,0,0,0,0.0,0.0,0.0
2438,"[[57]
 [57]
 [48]
 [56]
 [57]]",0,meningioma,False,0,3.0084198e-05,0,0,0,0.0,0.0,0.0
2439,"[[57]
 [57]
 [48]
 [56]
 [57]]",0,meningioma,True,0,0.011853379,0,0,0,0.02103604220912704,0.0007763975155279503,0.0
2455,"[[49]
 [48]
 [48]
 [54]
 [51]
 [57]]",0,meningioma,True,0,0.010979749,0,0,0,0.0,0.0,0.0
2456,"[[49]
 [48]
 [48]
 [54]
 [51]
 [57]]",0,meningioma,True,0,0.00023821958,0,0,0,0.0,0.0,0.0
2481,"[[49]
 [48]
 [50]
 [52]
 [50]
 [48]]",0,meningioma,True,0,0.007086875,0,0,0,0.0,0.0,0.0
2482,"[[49]
 [48]
 [50]
 [52]
 [50]
 [48]]",0,meningioma,True,0,0.0074970555,0,0,0,0.0056410256410256415,0.0,0.0
2493,"[[49]
 [48]
 [50]
 [56]
 [49]
 [56]]",0,meningioma,True,0,0.0,0,0,0,0.0,0.0,0.0
2494,"[[49]
 [48]
 [50]
 [56]
 [49]
 [56]]",0,meningioma,True,0,0.0004804059,0,0,0,0.0,0.0,0.0
2495,"[[49]
 [48]
 [50]
 [56]
 [49]
 [56]]",0,meningioma,False,0,0.018321266,0,0,0,0.031287343834872354,0.023036649214659685,0.0
2496,"[[49]
 [48]
 [50]
 [56]
 [49]
 [56]]",0,meningioma,False,0,0.011185477,0,0,0,0.00889884028016994,0.0,0.0
2497,"[[49]
 [48]
 [50]
 [57]
 [51]
 [53]]",0,meningioma,True,0,0.0010194138,0,0,0,0.0,0.0,0.0
2505,"[[49]
 [48]
 [51]
 [54]
 [55]
 [51]]",0,meningioma,False,1,0.03836563,0,1,0,0.1435631913391386,0.5369738339021616,0.20655737704918034
2506,"[[49]
 [48]
 [51]
 [54]
 [55]
 [51]]",0,meningioma,False,1,0.044527035,0,1,0,0.16008537886872998,0.6471291866028708,0.24834874504623514
2507,"[[49]
 [48]
 [51]
 [54]
 [55]
 [51]]",0,meningioma,False,1,0.05096894,0,1,0,0.15441327053041162,0.37513513513513513,0.0
2508,"[[49]
 [48]
 [51]
 [54]
 [55]
 [51]]",0,meningioma,False,1,0.033676118,0,1,0,0.13346228239845262,0.3333333333333333,0.0
2511,"[[49]
 [48]
 [51]
 [54]
 [55]
 [51]]",0,meningioma,False,1,0.050998908,1,1,0,0.2345679012345679,0.5984555984555985,0.12077922077922078
2577,"[[49]
 [48]
 [55]
 [57]
 [52]
 [54]]",0,meningioma,True,0,0.058035716,0,0,0,0.06785298519873607,0.09542888362775451,0.0
2578,"[[49]
 [48]
 [55]
 [57]
 [52]
 [54]]",0,meningioma,True,0,0.054851707,0,0,0,0.05252858568030082,0.0,0.0
2579,"[[49]
 [48]
 [55]
 [57]
 [52]
 [54]]",0,meningioma,True,0,0.040717788,0,0,0,0.04228597764719438,0.0,0.0
2580,"[[49]
 [48]
 [55]
 [57]
 [52]
 [54]]",0,meningioma,True,0,0.039701793,0,0,0,0.06472541507024265,0.0,0.0
2586,"[[49]
 [48]
 [56]
 [53]
 [53]
 [48]]",0,meningioma,True,0,6.4070664e-06,0,0,0,0.0,0.0,0.0
2588,"[[49]
 [48]
 [56]
 [53]
 [53]
 [48]]",0,meningioma,True,0,0.007976557,0,0,0,0.0,0.0,0.0
2595,"[[49]
 [48]
 [57]
 [51]
 [53]
 [48]]",0,meningioma,True,0,0.00089658337,0,0,0,0.0,0.0,0.0
2596,"[[49]
 [48]
 [57]
 [51]
 [53]
 [48]]",0,meningioma,True,0,0.0016363098,0,0,0,0.0,0.0,0.0
2608,"[[49]
 [49]
 [49]
 [51]
 [54]
 [54]]",0,meningioma,False,0,6.648973e-05,0,0,0,0.0,0.0,0.0
2610,"[[49]
 [49]
 [49]
 [51]
 [54]
 [54]]",0,meningioma,False,0,0.00017628178,0,0,0,0.0,0.0,0.0
2611,"[[49]
 [49]
 [49]
 [51]
 [54]
 [54]]",0,meningioma,False,0,4.463846e-05,0,0,0,0.0,0.0,0.0
2612,"[[49]
 [49]
 [49]
 [51]
 [54]
 [54]]",0,meningioma,True,0,0.025074521,0,0,0,0.030354634084039336,0.07396186063090358,0.0
2638,"[[49]
 [49]
 [50]
 [54]
 [52]
 [56]]",0,meningioma,True,0,0.013338686,0,0,0,0.01910171977901932,0.0,0.0
2639,"[[49]
 [49]
 [50]
 [54]
 [52]
 [56]]",0,meningioma,True,0,0.013590672,0,0,0,0.009290354979441952,0.0003051261187957689,0.0
2640,"[[49]
 [49]
 [50]
 [54]
 [52]
 [56]]",0,meningioma,True,0,0.009182833,0,0,0,0.000440392830404721,0.0,0.0
2641,"[[49]
 [49]
 [50]
 [54]
 [52]
 [56]]",0,meningioma,True,0,0.00707252,0,0,0,0.0,0.0,0.0
2642,"[[49]
 [49]
 [50]
 [54]
 [53]
 [48]]",0,meningioma,True,0,0.03343591,0,0,0,0.031435030681451176,0.06207324643078833,0.1210762331838565
2644,"[[49]
 [49]
 [50]
 [54]
 [53]
 [48]]",0,meningioma,True,0,0.018667372,1,0,0,0.023118997646759523,0.009331538806639748,0.0
2656,"[[49]
 [49]
 [51]
 [53]
 [53]
 [52]]",0,meningioma,True,0,0.0006655499,0,0,0,0.0,0.0,0.0
2657,"[[49]
 [49]
 [51]
 [53]
 [53]
 [52]]",0,meningioma,True,0,0.011518471,0,0,0,0.0,0.0,0.0
2658,"[[49]
 [49]
 [51]
 [53]
 [53]
 [52]]",0,meningioma,True,0,0.0033313537,1,0,0,0.0,0.0,0.0
2659,"[[49]
 [49]
 [51]
 [53]
 [53]
 [52]]",0,meningioma,True,0,9.785696e-05,0,0,0,0.0,0.0,0.0
2668,"[[49]
 [49]
 [52]
 [48]
 [49]
 [56]]",0,meningioma,False,0,0.0,0,1,0,0.0,0.0,0.0
2669,"[[49]
 [49]
 [52]
 [48]
 [49]
 [56]]",0,meningioma,False,1,0.032527424,0,1,0,0.03449202995966968,0.11835920809001567,0.22210414452709884
2670,"[[49]
 [49]
 [52]
 [48]
 [49]
 [56]]",0,meningioma,False,0,0.0448363,0,1,0,0.0375406601610409,0.1873154268035438,0.24234234234234234
2671,"[[49]
 [49]
 [52]
 [48]
 [49]
 [56]]",0,meningioma,False,0,0.041622225,0,1,0,0.05652908918484311,0.11555060559654741,0.07514450867052024
2672,"[[49]
 [49]
 [52]
 [48]
 [49]
 [56]]",0,meningioma,False,0,0.053075843,0,1,0,0.08323768651130296,0.1811357074109721,0.0
2673,"[[49]
 [49]
 [52]
 [48]
 [49]
 [56]]",0,meningioma,False,0,0.027750902,0,1,0,0.05966397671649689,0.054525862068965515,0.0
2716,"[[57]
 [57]
 [48]
 [49]
 [55]]",0,meningioma,True,0,0.008095293,0,0,0,0.0,0.0,0.0
2717,"[[57]
 [57]
 [48]
 [49]
 [55]]",0,meningioma,True,0,0.0,0,0,0,0.0,0.0,0.0
2718,"[[57]
 [57]
 [48]
 [56]
 [57]]",0,meningioma,True,0,0.00793419,0,0,1,0.0,0.0,0.0
2719,"[[57]
 [57]
 [48]
 [56]
 [57]]",0,meningioma,True,0,0.0023506968,0,0,0,0.0,0.0,0.0
2721,"[[57]
 [57]
 [48]
 [56]
 [57]]",0,meningioma,True,0,0.010130072,0,0,0,0.0,0.0,0.0
2722,"[[57]
 [57]
 [48]
 [56]
 [57]]",0,meningioma,True,0,0.011553708,0,0,0,0.0,0.0,0.0
2723,"[[57]
 [57]
 [48]
 [56]
 [57]]",0,meningioma,True,0,0.008551838,0,0,0,0.003847734319548732,0.0,0.0
2724,"[[57]
 [57]
 [49]
 [54]
 [50]]",0,meningioma,True,0,0.005875294,0,0,0,0.0,0.0,0.0
2725,"[[57]
 [57]
 [49]
 [54]
 [50]]",0,meningioma,True,0,0.00721526,0,0,0,0.0,0.0,0.0
2726,"[[57]
 [57]
 [49]
 [54]
 [50]]",0,meningioma,True,0,0.0005019853,0,0,0,0.0,0.0,0.0
2834,"[[56]
 [56]
 [54]
 [55]
 [48]]",0,glioma,True,0,0.00028198608,0,0,0,0.0,0.0,0.0
2835,"[[56]
 [56]
 [54]
 [55]
 [48]]",0,glioma,False,0,0.09078101,0,1,0,0.09685406812482143,0.00023476015337663353,0.0
2836,"[[56]
 [56]
 [54]
 [55]
 [48]]",0,glioma,False,0,0.060223464,0,0,0,0.018963295781162244,0.0,0.0
2837,"[[56]
 [56]
 [54]
 [55]
 [48]]",0,glioma,False,0,0.06851868,0,0,0,0.005926544240400668,0.0,0.0
2838,"[[56]
 [56]
 [54]
 [55]
 [48]]",0,glioma,False,0,0.07475457,0,0,1,0.0,0.0,0.0
2839,"[[56]
 [56]
 [54]
 [55]
 [48]]",0,glioma,False,0,0.04407248,0,0,0,0.0035126386114746194,0.0,0.0
2840,"[[56]
 [56]
 [54]
 [55]
 [48]]",0,glioma,True,0,0.00025318202,0,0,0,0.0,0.0,0.0
2915,"[[56]
 [56]
 [54]
 [55]
 [48]]",0,glioma,False,0,0.039230872,0,0,0,0.0315671502397111,0.0,0.0
2916,"[[56]
 [56]
 [54]
 [55]
 [48]]",0,glioma,False,0,0.07277491,0,0,0,0.06477467486641798,0.0,0.0
2917,"[[56]
 [56]
 [54]
 [55]
 [48]]",0,glioma,False,0,0.06936375,0,0,0,0.0,0.0,0.0
2918,"[[56]
 [56]
 [54]
 [55]
 [48]]",0,glioma,False,0,0.054776475,0,0,0,0.0,0.0,0.0
2919,"[[56]
 [56]
 [54]
 [55]
 [48]]",0,glioma,False,0,0.0025426636,0,0,1,0.0,0.0,0.0
3018,"[[49]
 [48]
 [57]
 [52]
 [55]
 [49]]",0,pituitary,True,0,0.008691907,0,0,0,0.015098549646708814,0.0,0.0
3019,"[[49]
 [48]
 [57]
 [52]
 [55]
 [49]]",0,pituitary,True,0,0.008975723,0,0,0,0.016091458153580672,0.0,0.0
3021,"[[49]
 [48]
 [57]
 [52]
 [55]
 [49]]",0,pituitary,True,0,0.007838982,0,0,0,0.0,0.0,0.0
3022,"[[49]
 [48]
 [57]
 [52]
 [55]
 [49]]",0,pituitary,True,0,0.0083411345,0,0,0,0.0,0.0,0.0
3036,"[[49]
 [49]
 [48]
 [53]
 [51]
 [55]]",0,pituitary,True,0,0.002553069,0,0,0,0.0016678323559477053,0.0,0.0
3037,"[[49]
 [49]
 [48]
 [53]
 [51]
 [55]]",0,pituitary,True,0,0.009559943,0,0,0,0.014004639573846551,0.0,0.0
3043,"[[49]
 [49]
 [49]
 [48]
 [55]
 [53]]",0,pituitary,True,0,0.0073884833,0,0,0,0.00835509138381201,0.009630082543564658,0.0
3044,"[[49]
 [49]
 [49]
 [48]
 [55]
 [53]]",0,pituitary,True,0,0.013469083,0,0,0,0.016616968064640247,0.004812861604628539,0.0
3045,"[[49]
 [49]
 [49]
 [48]
 [55]
 [53]]",0,pituitary,True,0,0.00958306,0,0,0,0.0,0.0,0.0
3046,"[[49]
 [49]
 [49]
 [48]
 [55]
 [53]]",0,pituitary,True,0,0.0046276534,0,0,0,0.0006239860227130913,0.0,0.0
3047,"[[49]
 [49]
 [49]
 [48]
 [55]
 [53]]",0,pituitary,True,0,0.0048156637,0,0,0,0.005738308579845342,0.0,0.0
3048,"[[49]
 [49]
 [49]
 [48]
 [55]
 [53]]",0,pituitary,True,0,0.0057746987,0,0,0,0.005887026870846576,0.0,0.0
3054,"[[49]
 [49]
 [49]
 [55]
 [56]
 [53]]",0,pituitary,True,0,0.0070035015,0,0,0,0.0,0.0,0.0
3055,"[[49]
 [49]
 [49]
 [55]
 [56]
 [53]]",0,pituitary,True,0,0.004020626,0,0,0,0.0,0.0,0.0
3056,"[[49]
 [49]
 [49]
 [55]
 [56]
 [53]]",0,pituitary,True,0,0.0040491335,0,0,0,0.0,0.0,0.0
3057,"[[49]
 [49]
 [49]
 [55]
 [56]
 [53]]",0,pituitary,True,0,0.003378623,0,0,0,0.0,0.0,0.0
3062,"[[49]
 [49]
 [50]
 [54]
 [52]
 [57]]",0,pituitary,True,0,0.009612787,0,0,0,0.014173477042125626,0.001483679525222552,0.0
3063,"[[49]
 [49]
 [50]
 [54]
 [52]
 [57]]",0,pituitary,True,0,0.010187066,0,0,0,0.01502092050209205,0.004049363671423062,0.0
1,"[[49]
 [48]
 [49]
 [48]
 [49]
 [54]]",1,meningioma,True,1,0.1270769,0,1,0,0.3923941227312014,0.015086206896551725,0.0
2,"[[49]
 [48]
 [55]
 [52]
 [57]
 [52]]",1,meningioma,False,0,0.0021738745,0,0,0,0.0,0.0,0.0
13,"[[49]
 [48]
 [55]
 [52]
 [57]
 [52]]",1,meningioma,False,0,0.006411542,0,0,0,0.0,0.0,0.0
19,"[[49]
 [49]
 [52]
 [48]
 [52]
 [48]]",1,pituitary,True,0,0.010890487,0,0,0,0.01820830298616169,0.0,0.0
20,"[[49]
 [49]
 [52]
 [48]
 [52]
 [48]]",1,pituitary,True,0,0.0015491534,0,0,0,0.0,0.0,0.0
21,"[[49]
 [49]
 [52]
 [48]
 [52]
 [48]]",1,pituitary,True,0,0.0049166176,0,0,0,0.0,0.0,0.0
22,"[[49]
 [49]
 [52]
 [51]
 [54]
 [49]]",1,pituitary,True,0,0.033148702,0,0,0,0.0547945205479452,0.0,0.0
23,"[[49]
 [49]
 [52]
 [51]
 [54]
 [49]]",1,pituitary,True,0,0.02580195,0,0,0,0.0,0.0,0.0
24,"[[49]
 [48]
 [55]
 [52]
 [57]
 [52]]",1,meningioma,False,0,0.0010071292,0,0,0,0.0,0.0,0.0
25,"[[49]
 [49]
 [52]
 [51]
 [54]
 [49]]",1,pituitary,True,0,0.006706529,0,0,0,0.0,0.0,0.0
26,"[[49]
 [49]
 [52]
 [48]
 [57]
 [52]]",1,pituitary,True,0,0.02866313,0,0,0,0.0010683760683760685,0.0,0.0
27,"[[49]
 [49]
 [52]
 [48]
 [57]
 [52]]",1,pituitary,True,0,0.0053818384,0,0,0,0.0,0.0,0.0
28,"[[49]
 [49]
 [52]
 [48]
 [57]
 [52]]",1,pituitary,True,0,0.0066761044,0,0,0,0.0,0.0,0.0
29,"[[49]
 [49]
 [52]
 [48]
 [57]
 [52]]",1,pituitary,True,0,2.0042512e-06,0,0,1,0.0,0.0,0.0
35,"[[49]
 [48]
 [55]
 [52]
 [57]
 [52]]",1,meningioma,True,1,0.047177397,0,0,0,0.20709491850431447,0.0,0.0
40,"[[49]
 [48]
 [53]
 [57]
 [51]
 [54]]",1,pituitary,True,0,0.00043940355,0,0,0,0.0,0.0,0.0
99,"[[49]
 [48]
 [57]
 [56]
 [57]
 [56]]",1,pituitary,True,0,0.041754477,0,1,0,0.08188153310104529,0.0,0.0
100,"[[49]
 [48]
 [57]
 [56]
 [57]
 [56]]",1,pituitary,True,1,0.036771063,0,1,0,0.06555090655509066,0.0038910505836575876,0.0
102,"[[49]
 [48]
 [57]
 [56]
 [57]
 [56]]",1,pituitary,True,1,0.095813,0,1,0,0.45723684210526316,0.23098330241187384,0.0
103,"[[49]
 [48]
 [57]
 [56]
 [57]
 [56]]",1,pituitary,True,1,0.093580194,0,1,0,0.5467625899280576,0.2785515320334262,0.10306406685236769
104,"[[49]
 [48]
 [57]
 [56]
 [57]
 [56]]",1,pituitary,True,0,0.022432908,0,1,0,0.014856081708449397,0.0,0.0
105,"[[49]
 [48]
 [57]
 [56]
 [57]
 [56]]",1,pituitary,True,0,0.013392355,0,1,0,0.012585812356979404,0.0,0.0
112,"[[49]
 [48]
 [49]
 [48]
 [49]
 [54]]",1,meningioma,True,1,0.0841086,0,1,0,0.2754098360655738,0.0,0.0
121,"[[49]
 [49]
 [48]
 [57]
 [57]
 [51]]",1,pituitary,True,0,0.006377886,0,0,0,0.0,0.0,0.0
122,"[[49]
 [49]
 [48]
 [57]
 [57]
 [51]]",1,pituitary,True,0,0.012964521,0,0,0,0.01532033426183844,0.0,0.0
123,"[[49]
 [49]
 [48]
 [57]
 [57]
 [51]]",1,pituitary,True,0,0.009518126,0,1,0,0.0,0.0,0.0
125,"[[49]
 [49]
 [48]
 [57]
 [57]
 [51]]",1,pituitary,True,0,0.014383613,0,1,0,0.058385093167701865,0.0,0.0
126,"[[49]
 [49]
 [48]
 [57]
 [57]
 [51]]",1,pituitary,True,0,0.011593563,0,0,0,0.023732470334412083,0.0,0.0
146,"[[49]
 [48]
 [56]
 [53]
 [57]
 [48]]",1,meningioma,True,0,0.0061852285,0,0,0,0.0,0.0,0.0
157,"[[49]
 [48]
 [56]
 [53]
 [57]
 [48]]",1,meningioma,True,0,0.0030909004,0,0,0,0.0,0.0,0.0
173,"[[49]
 [49]
 [52]
 [48]
 [52]
 [48]]",1,pituitary,True,0,0.008194254,0,1,0,0.0,0.0,0.0
174,"[[49]
 [49]
 [52]
 [48]
 [52]
 [48]]",1,pituitary,True,0,0.014717552,0,1,0,0.0,0.0,0.0
175,"[[49]
 [49]
 [52]
 [48]
 [52]
 [48]]",1,pituitary,True,0,0.016698044,0,1,0,0.06224899598393574,0.0,0.0
176,"[[49]
 [49]
 [52]
 [51]
 [54]
 [49]]",1,pituitary,True,0,0.0014007438,0,0,0,0.0,0.0,0.0
177,"[[49]
 [49]
 [52]
 [51]
 [54]
 [49]]",1,pituitary,True,0,0.03720858,0,1,0,0.0,0.0,0.0
178,"[[49]
 [49]
 [52]
 [51]
 [54]
 [49]]",1,pituitary,True,0,0.054502957,0,1,0,0.06234335839598997,0.0,0.0
180,"[[49]
 [49]
 [52]
 [51]
 [54]
 [49]]",1,pituitary,True,0,0.024598744,0,1,0,0.020118343195266272,0.0,0.0
181,"[[49]
 [49]
 [52]
 [48]
 [57]
 [52]]",1,pituitary,True,0,0.002203192,0,0,0,0.0,0.0,0.0
182,"[[49]
 [49]
 [52]
 [48]
 [57]
 [52]]",1,pituitary,True,0,0.001413546,0,0,0,0.0,0.0,0.0
183,"[[49]
 [49]
 [52]
 [48]
 [57]
 [52]]",1,pituitary,True,0,0.005481297,0,0,0,0.0,0.0,0.0
184,"[[49]
 [49]
 [52]
 [48]
 [57]
 [52]]",1,pituitary,True,0,0.023542,0,0,0,0.0,0.0,0.0
185,"[[49]
 [49]
 [52]
 [48]
 [57]
 [52]]",1,pituitary,True,0,0.0139235165,0,0,0,0.0,0.0,0.0
186,"[[49]
 [48]
 [53]
 [57]
 [51]
 [54]]",1,pituitary,True,0,0.0051271697,0,0,0,0.0,0.0,0.0
187,"[[49]
 [48]
 [53]
 [57]
 [51]
 [54]]",1,pituitary,True,0,0.0033210737,0,0,0,0.0,0.0,0.0
188,"[[49]
 [48]
 [53]
 [57]
 [51]
 [54]]",1,pituitary,True,0,0.0077908863,0,0,0,0.0,0.0,0.0
223,"[[49]
 [48]
 [49]
 [48]
 [49]
 [54]]",1,meningioma,True,1,0.12800375,0,1,0,0.3978091669068896,0.36705336426914154,0.024134312696747113
245,"[[49]
 [48]
 [57]
 [56]
 [57]
 [56]]",1,pituitary,True,0,0.004503126,0,0,0,0.0,0.0,0.0
247,"[[49]
 [48]
 [57]
 [56]
 [57]
 [56]]",1,pituitary,True,0,0.0024290115,0,0,0,0.0,0.0,0.0
248,"[[49]
 [48]
 [57]
 [56]
 [57]
 [56]]",1,pituitary,True,0,0.005839434,0,0,0,0.0,0.0,0.0
258,"[[49]
 [49]
 [48]
 [57]
 [57]
 [51]]",1,pituitary,True,0,0.007288596,0,0,0,0.0,0.0,0.0
259,"[[49]
 [49]
 [48]
 [57]
 [57]
 [51]]",1,pituitary,True,0,0.0059697893,0,0,0,0.0,0.0,0.0
260,"[[49]
 [49]
 [48]
 [57]
 [57]
 [51]]",1,pituitary,True,0,0.0026980229,0,0,0,0.0,0.0,0.0
305,"[[49]
 [49]
 [52]
 [48]
 [52]
 [48]]",1,pituitary,True,0,0.0041037453,0,0,0,0.0,0.0,0.0
306,"[[49]
 [49]
 [52]
 [48]
 [52]
 [48]]",1,pituitary,True,0,0.008599684,0,0,0,0.0,0.0,0.0
307,"[[49]
 [49]
 [52]
 [48]
 [52]
 [48]]",1,pituitary,True,0,0.005921446,0,0,0,0.0,0.0,0.0
308,"[[49]
 [49]
 [52]
 [51]
 [54]
 [49]]",1,pituitary,True,0,0.0030611386,0,0,0,0.0,0.0,0.0
309,"[[49]
 [49]
 [52]
 [51]
 [54]
 [49]]",1,pituitary,True,0,0.027261565,0,0,0,0.011005135730007337,0.0,0.0
310,"[[49]
 [49]
 [52]
 [51]
 [54]
 [49]]",1,pituitary,True,0,0.0039579654,0,0,0,0.0,0.0,0.0
311,"[[49]
 [49]
 [52]
 [48]
 [57]
 [52]]",1,pituitary,True,0,0.010729304,0,0,0,0.0,0.0,0.0
313,"[[49]
 [49]
 [52]
 [48]
 [57]
 [52]]",1,pituitary,True,0,0.035123296,0,0,0,0.0,0.0,0.0
314,"[[49]
 [49]
 [52]
 [48]
 [57]
 [52]]",1,pituitary,True,0,0.0008770217,0,0,0,0.0,0.0,0.0
315,"[[49]
 [49]
 [52]
 [48]
 [57]
 [52]]",1,pituitary,False,0,0.0070480667,0,0,0,0.0,0.0,0.0
322,"[[49]
 [48]
 [49]
 [51]
 [48]
 [53]]",1,pituitary,True,0,0.0035131713,0,0,0,0.0,0.0,0.0
324,"[[49]
 [48]
 [49]
 [51]
 [48]
 [53]]",1,pituitary,True,0,0.0077482066,0,0,0,0.0,0.0,0.0
325,"[[49]
 [48]
 [49]
 [51]
 [48]
 [53]]",1,pituitary,True,0,0.013879788,0,0,0,0.0,0.0,0.0
326,"[[49]
 [48]
 [49]
 [51]
 [48]
 [53]]",1,pituitary,True,0,0.002641035,0,0,0,0.0,0.0,0.0
334,"[[49]
 [48]
 [49]
 [48]
 [49]
 [54]]",1,meningioma,True,1,0.1435316,0,1,0,0.2032122905027933,0.07357357357357357,0.0
340,"[[49]
 [48]
 [51]
 [50]
 [53]
 [55]]",1,pituitary,True,0,0.009214078,0,0,0,0.0,0.0,0.0
341,"[[49]
 [48]
 [51]
 [50]
 [53]
 [55]]",1,pituitary,True,0,0.0073083085,0,0,0,0.0,0.0,0.0
342,"[[49]
 [48]
 [51]
 [50]
 [53]
 [55]]",1,pituitary,True,0,0.0032728731,0,0,0,0.0,0.0,0.0
343,"[[49]
 [48]
 [51]
 [50]
 [53]
 [55]]",1,pituitary,True,0,0.0013347209,0,0,0,0.0,0.0,0.0
344,"[[49]
 [48]
 [51]
 [50]
 [53]
 [55]]",1,pituitary,True,0,0.008200325,0,0,0,0.0,0.0,0.0
345,"[[49]
 [48]
 [51]
 [50]
 [53]
 [55]]",1,pituitary,True,0,0.0022992226,0,0,0,0.0,0.0,0.0
361,"[[49]
 [48]
 [51]
 [54]
 [55]
 [48]]",1,pituitary,True,0,0.0014340659,0,0,0,0.0,0.0,0.0
362,"[[49]
 [48]
 [51]
 [54]
 [55]
 [48]]",1,pituitary,True,0,0.00341109,0,0,0,0.0,0.0,0.0
363,"[[49]
 [48]
 [51]
 [54]
 [55]
 [48]]",1,pituitary,True,0,0.00027389257,0,0,0,0.0,0.0,0.0
369,"[[49]
 [48]
 [51]
 [55]
 [51]
 [49]]",1,pituitary,True,0,0.0028420012,0,0,0,0.0,0.0,0.0
370,"[[49]
 [48]
 [51]
 [55]
 [51]
 [49]]",1,pituitary,True,0,0.007415067,0,0,0,0.0,0.0,0.0
371,"[[49]
 [48]
 [51]
 [55]
 [51]
 [49]]",1,pituitary,True,0,0.0013655121,0,0,0,0.0,0.0,0.0
372,"[[49]
 [48]
 [51]
 [55]
 [51]
 [49]]",1,pituitary,True,0,0.0015157472,0,0,0,0.0,0.0,0.0
373,"[[49]
 [48]
 [51]
 [55]
 [51]
 [49]]",1,pituitary,True,0,0.00048948696,0,0,0,0.0,0.0,0.0
374,"[[49]
 [48]
 [51]
 [55]
 [51]
 [49]]",1,pituitary,True,0,0.0069563603,0,0,0,0.0,0.0,0.0
375,"[[49]
 [48]
 [51]
 [55]
 [51]
 [49]]",1,pituitary,True,0,0.0021380198,0,0,0,0.0,0.0,0.0
376,"[[49]
 [48]
 [51]
 [55]
 [51]
 [49]]",1,pituitary,True,0,0.0050677177,0,0,0,0.0,0.0,0.0
377,"[[49]
 [48]
 [51]
 [55]
 [51]
 [49]]",1,pituitary,False,0,0.004836588,0,0,0,0.0,0.0,0.0
378,"[[49]
 [48]
 [51]
 [55]
 [51]
 [49]]",1,pituitary,False,0,0.009091505,0,0,0,0.0005467468562055768,0.0,0.0
388,"[[49]
 [48]
 [52]
 [48]
 [49]
 [57]]",1,pituitary,True,0,0.0012049207,0,0,0,0.0,0.0,0.0
389,"[[49]
 [48]
 [52]
 [48]
 [49]
 [57]]",1,pituitary,True,0,0.0035347717,0,0,0,0.0,0.0,0.0
391,"[[49]
 [48]
 [52]
 [48]
 [49]
 [57]]",1,pituitary,True,0,0.0012037467,0,0,0,0.0,0.0,0.0
392,"[[49]
 [48]
 [52]
 [48]
 [49]
 [57]]",1,pituitary,True,0,0.00266319,0,0,0,0.0,0.0,0.0
445,"[[49]
 [48]
 [49]
 [48]
 [49]
 [54]]",1,meningioma,True,1,0.08962909,0,1,0,0.24524714828897337,0.06913106096975516,0.0
462,"[[57]
 [56]
 [52]
 [55]
 [50]]",1,pituitary,True,0,0.003417356,0,0,0,0.0,0.0,0.0
463,"[[57]
 [56]
 [52]
 [55]
 [50]]",1,pituitary,True,0,0.007166494,0,0,0,0.0,0.0,0.0
464,"[[57]
 [56]
 [52]
 [55]
 [50]]",1,pituitary,True,0,0.00030253993,0,0,0,0.0,0.0,0.0
465,"[[57]
 [56]
 [52]
 [55]
 [50]]",1,pituitary,True,0,0.000477113,0,0,0,0.0,0.0,0.0
466,"[[57]
 [56]
 [52]
 [55]
 [50]]",1,pituitary,True,0,0.002588767,0,0,0,0.0,0.0,0.0
467,"[[57]
 [56]
 [52]
 [55]
 [50]]",1,pituitary,True,0,0.00044282243,0,0,0,0.0,0.0,0.0
469,"[[57]
 [56]
 [52]
 [55]
 [50]]",1,pituitary,True,0,0.0027291651,0,0,0,0.0,0.0,0.0
493,"[[57]
 [56]
 [57]
 [57]
 [53]]",1,pituitary,True,0,0.005464186,0,0,0,0.0,0.0,0.0
494,"[[57]
 [56]
 [57]
 [57]
 [53]]",1,pituitary,True,1,0.02936467,0,0,0,0.11182336182336182,0.017673048600883652,0.0
495,"[[57]
 [56]
 [57]
 [57]
 [53]]",1,pituitary,True,0,0.014374959,0,0,0,0.0,0.0,0.0
496,"[[57]
 [56]
 [57]
 [57]
 [53]]",1,pituitary,True,1,0.015969384,0,0,0,0.08882235528942116,0.0,0.0
497,"[[57]
 [56]
 [57]
 [57]
 [53]]",1,pituitary,True,0,0.0060455995,0,0,0,0.0,0.0,0.0
526,"[[49]
 [48]
 [49]
 [51]
 [48]
 [53]]",1,pituitary,True,0,0.0035093983,0,1,0,0.0,0.0,0.0
527,"[[49]
 [48]
 [49]
 [51]
 [48]
 [53]]",1,pituitary,True,0,0.0060845613,0,1,0,0.0,0.0,0.0
528,"[[49]
 [48]
 [49]
 [51]
 [48]
 [53]]",1,pituitary,True,0,0.0087208655,0,1,0,0.07900677200902935,0.0,0.0
529,"[[49]
 [48]
 [49]
 [51]
 [48]
 [53]]",1,pituitary,True,1,0.0053080283,0,1,0,0.0642781875658588,0.03773584905660377,0.0
530,"[[49]
 [48]
 [49]
 [51]
 [48]
 [53]]",1,pituitary,False,0,0.0003173828,0,1,0,0.0,0.0,0.0
531,"[[49]
 [48]
 [49]
 [51]
 [48]
 [53]]",1,pituitary,False,0,0.00015618226,0,1,0,0.0,0.0,0.0
532,"[[49]
 [48]
 [49]
 [51]
 [48]
 [53]]",1,pituitary,True,0,0.0018704281,0,1,0,0.0,0.0,0.0
533,"[[49]
 [48]
 [49]
 [51]
 [48]
 [53]]",1,pituitary,True,0,0.002861188,0,1,0,0.0,0.0,0.0
542,"[[49]
 [48]
 [50]
 [54]
 [54]
 [57]]",1,pituitary,True,0,0.00078002946,0,0,0,0.0,0.0,0.0
543,"[[49]
 [48]
 [50]
 [54]
 [54]
 [57]]",1,pituitary,True,0,0.0012776819,0,0,0,0.0,0.0,0.0
549,"[[49]
 [48]
 [51]
 [50]
 [53]
 [55]]",1,pituitary,True,0,0.005143197,0,1,0,0.0,0.0,0.0
550,"[[49]
 [48]
 [51]
 [50]
 [53]
 [55]]",1,pituitary,True,0,0.009460603,0,1,0,0.0,0.0,0.0
551,"[[49]
 [48]
 [51]
 [50]
 [53]
 [55]]",1,pituitary,True,0,0.009145103,0,1,0,0.0,0.0,0.0
552,"[[49]
 [48]
 [51]
 [50]
 [53]
 [55]]",1,pituitary,True,0,0.0121290125,0,0,0,0.0,0.0,0.0
553,"[[49]
 [48]
 [51]
 [50]
 [53]
 [55]]",1,pituitary,True,0,0.0077056107,0,1,0,0.0,0.0,0.0
556,"[[49]
 [48]
 [49]
 [48]
 [49]
 [54]]",1,meningioma,True,0,0.045319214,0,0,0,0.05024255024255024,0.0,0.0
570,"[[49]
 [48]
 [51]
 [54]
 [55]
 [48]]",1,pituitary,True,0,0.0021904423,0,1,0,0.0,0.0,0.0
571,"[[49]
 [48]
 [51]
 [54]
 [55]
 [48]]",1,pituitary,True,0,0.008962635,0,1,0,0.0,0.0,0.0
572,"[[49]
 [48]
 [51]
 [54]
 [55]
 [48]]",1,pituitary,True,0,0.006818097,0,1,0,0.0,0.0,0.0
573,"[[49]
 [48]
 [51]
 [54]
 [55]
 [48]]",1,pituitary,True,0,0.006383234,0,1,0,0.005684754521963824,0.0,0.0
581,"[[49]
 [48]
 [51]
 [55]
 [51]
 [49]]",1,pituitary,True,0,0.0019307717,0,1,0,0.0,0.0,0.0
582,"[[49]
 [48]
 [51]
 [55]
 [51]
 [49]]",1,pituitary,True,0,0.013099424,0,1,0,0.0,0.0,0.0
583,"[[49]
 [48]
 [51]
 [55]
 [51]
 [49]]",1,pituitary,True,0,0.0117596295,0,1,0,0.0,0.0,0.0
584,"[[49]
 [48]
 [51]
 [55]
 [51]
 [49]]",1,pituitary,True,0,0.019165352,0,1,0,0.0,0.0,0.0
585,"[[49]
 [48]
 [51]
 [55]
 [51]
 [49]]",1,pituitary,True,0,0.025383469,0,1,0,0.0013029315960912053,0.0,0.0
586,"[[49]
 [48]
 [51]
 [55]
 [51]
 [49]]",1,pituitary,True,0,0.011494518,0,1,0,0.0,0.0,0.0
587,"[[49]
 [48]
 [51]
 [55]
 [51]
 [49]]",1,pituitary,True,0,0.0057078223,0,0,0,0.0,0.0,0.0
594,"[[49]
 [48]
 [52]
 [48]
 [49]
 [57]]",1,pituitary,True,0,0.0024174678,0,0,0,0.0,0.0,0.0
595,"[[49]
 [48]
 [52]
 [48]
 [49]
 [57]]",1,pituitary,True,0,0.007013297,0,0,0,0.0,0.0,0.0
596,"[[49]
 [48]
 [52]
 [48]
 [49]
 [57]]",1,pituitary,True,0,0.0036249063,0,0,0,0.0,0.0,0.0
597,"[[49]
 [48]
 [52]
 [48]
 [49]
 [57]]",1,pituitary,True,0,0.0064671095,0,0,0,0.0,0.0,0.0
598,"[[49]
 [48]
 [52]
 [48]
 [49]
 [57]]",1,pituitary,True,0,0.0070831515,0,0,0,0.0,0.0,0.0
601,"[[49]
 [49]
 [51]
 [52]
 [51]
 [53]]",1,meningioma,True,0,0.053754423,0,0,0,0.0,0.0,0.0
612,"[[49]
 [49]
 [51]
 [52]
 [51]
 [53]]",1,meningioma,True,0,0.02957369,0,0,0,0.0,0.0,0.0
623,"[[49]
 [49]
 [51]
 [52]
 [51]
 [53]]",1,meningioma,True,0,0.08206589,0,0,1,0.04067796610169491,0.0,0.0
634,"[[49]
 [49]
 [51]
 [52]
 [51]
 [53]]",1,meningioma,True,0,0.12753645,0,0,0,0.14081038728453102,0.0,0.0
645,"[[49]
 [49]
 [51]
 [52]
 [51]
 [53]]",1,meningioma,True,0,0.1492339,0,0,0,0.3166712441636913,0.014967637540453074,0.0
656,"[[49]
 [49]
 [51]
 [52]
 [51]
 [53]]",1,meningioma,True,0,0.046621926,0,0,0,0.04941126997476871,0.04365904365904366,0.0
667,"[[49]
 [48]
 [49]
 [49]
 [50]
 [55]]",1,meningioma,True,0,0.004307712,0,0,0,0.0,0.0,0.0
669,"[[57]
 [56]
 [52]
 [55]
 [50]]",1,pituitary,True,0,0.016069617,0,1,0,0.0,0.0,0.0
670,"[[57]
 [56]
 [52]
 [55]
 [50]]",1,pituitary,True,1,0.02626761,0,1,0,0.1551155115511551,0.03231939163498099,0.0
671,"[[57]
 [56]
 [52]
 [55]
 [50]]",1,pituitary,True,0,0.021225533,0,1,0,0.037547892720306515,0.0,0.0
672,"[[57]
 [56]
 [52]
 [55]
 [50]]",1,pituitary,True,0,0.015877204,0,1,0,0.03287279656979514,0.0,0.0
673,"[[57]
 [56]
 [52]
 [55]
 [50]]",1,pituitary,True,0,0.0033293257,0,0,0,0.0,0.0,0.0
699,"[[57]
 [56]
 [57]
 [57]
 [53]]",1,pituitary,True,0,0.004002908,0,1,0,0.0,0.0,0.0
700,"[[57]
 [56]
 [57]
 [57]
 [53]]",1,pituitary,True,0,0.01676707,0,1,0,0.004333694474539545,0.0,0.0
702,"[[57]
 [56]
 [57]
 [57]
 [53]]",1,pituitary,True,1,0.08628338,0,1,0,0.38495575221238937,0.23228803716608595,0.025551684088269456
703,"[[57]
 [56]
 [57]
 [57]
 [53]]",1,pituitary,True,1,0.06331012,0,1,0,0.19900497512437812,0.17438692098092642,0.08434959349593496
704,"[[57]
 [56]
 [57]
 [57]
 [53]]",1,pituitary,True,1,0.10083668,0,1,0,0.34475806451612906,0.1237037037037037,0.014074074074074074
705,"[[57]
 [56]
 [57]
 [57]
 [53]]",1,pituitary,True,0,0.016934322,0,1,0,0.0,0.0,0.0
729,"[[49]
 [48]
 [49]
 [51]
 [48]
 [53]]",1,pituitary,True,0,0.0009526502,0,0,0,0.0,0.0,0.0
730,"[[49]
 [48]
 [49]
 [51]
 [48]
 [53]]",1,pituitary,True,0,0.002119828,0,0,0,0.0,0.0,0.0
731,"[[49]
 [48]
 [49]
 [51]
 [48]
 [53]]",1,pituitary,True,0,0.0019646902,0,0,0,0.0,0.0,0.0
732,"[[49]
 [48]
 [49]
 [51]
 [48]
 [53]]",1,pituitary,True,0,0.0018934928,0,0,0,0.0,0.0,0.0
748,"[[49]
 [48]
 [50]
 [54]
 [54]
 [57]]",1,pituitary,True,0,0.0008474942,0,0,0,0.0,0.0,0.0
753,"[[49]
 [48]
 [51]
 [50]
 [53]
 [55]]",1,pituitary,True,0,0.0054396135,0,0,0,0.0,0.0,0.0
754,"[[49]
 [48]
 [51]
 [50]
 [53]
 [55]]",1,pituitary,True,0,0.0057287505,0,0,0,0.0,0.0,0.0
755,"[[49]
 [48]
 [51]
 [50]
 [53]
 [55]]",1,pituitary,True,0,0.009119465,0,0,0,0.0,0.0,0.0
757,"[[49]
 [48]
 [51]
 [50]
 [53]
 [55]]",1,pituitary,True,0,0.014972694,0,0,0,0.0,0.0,0.0
758,"[[49]
 [48]
 [51]
 [50]
 [53]
 [55]]",1,pituitary,True,0,0.008146472,0,0,0,0.0,0.0,0.0
759,"[[49]
 [48]
 [51]
 [50]
 [53]
 [55]]",1,pituitary,True,0,0.0034295886,0,0,0,0.0,0.0,0.0
760,"[[49]
 [48]
 [51]
 [50]
 [53]
 [55]]",1,pituitary,True,0,0.0036531454,0,0,0,0.0,0.0,0.0
778,"[[49]
 [48]
 [49]
 [49]
 [50]
 [55]]",1,meningioma,True,0,0.014215659,0,0,0,0.0,0.0,0.0
780,"[[49]
 [48]
 [51]
 [54]
 [55]
 [48]]",1,pituitary,True,0,0.0038365396,0,0,0,0.0,0.0,0.0
781,"[[49]
 [48]
 [51]
 [54]
 [55]
 [48]]",1,pituitary,True,0,0.0049128244,0,0,0,0.0,0.0,0.0
782,"[[49]
 [48]
 [51]
 [54]
 [55]
 [48]]",1,pituitary,True,0,0.0034466106,0,0,0,0.0,0.0,0.0
783,"[[49]
 [48]
 [51]
 [54]
 [55]
 [48]]",1,pituitary,True,0,0.004948153,0,0,0,0.0,0.0,0.0
789,"[[49]
 [48]
 [51]
 [55]
 [51]
 [49]]",1,pituitary,True,0,0.00857936,0,0,0,0.0,0.0,0.0
791,"[[49]
 [48]
 [51]
 [55]
 [51]
 [49]]",1,pituitary,True,0,0.014751248,0,0,0,0.0,0.0,0.0
792,"[[49]
 [48]
 [51]
 [55]
 [51]
 [49]]",1,pituitary,True,0,0.01142033,0,0,0,0.0,0.0,0.0
793,"[[49]
 [48]
 [51]
 [55]
 [51]
 [49]]",1,pituitary,True,0,0.008850821,0,0,0,0.0,0.0,0.0
794,"[[49]
 [48]
 [51]
 [55]
 [51]
 [49]]",1,pituitary,True,0,0.008005766,0,0,0,0.0,0.0,0.0
803,"[[49]
 [48]
 [52]
 [48]
 [49]
 [57]]",1,pituitary,True,0,0.0035726912,0,0,0,0.0,0.0,0.0
804,"[[49]
 [48]
 [52]
 [48]
 [49]
 [57]]",1,pituitary,True,0,0.016354747,0,0,0,0.0,0.0,0.0
805,"[[49]
 [48]
 [52]
 [48]
 [49]
 [57]]",1,pituitary,True,0,0.007495694,0,0,0,0.0,0.0,0.0
806,"[[49]
 [48]
 [52]
 [48]
 [49]
 [57]]",1,pituitary,True,0,0.00018636168,0,0,0,0.0,0.0,0.0
884,"[[57]
 [56]
 [52]
 [55]
 [50]]",1,pituitary,True,0,0.005605707,0,0,0,0.0,0.0,0.0
885,"[[57]
 [56]
 [52]
 [55]
 [50]]",1,pituitary,True,0,0.0026005935,0,0,0,0.0,0.0,0.0
886,"[[57]
 [56]
 [52]
 [55]
 [50]]",1,pituitary,True,0,0.0073776473,0,0,0,0.0,0.0,0.0
887,"[[57]
 [56]
 [52]
 [55]
 [50]]",1,pituitary,True,0,0.006584407,0,0,0,0.0,0.0,0.0
888,"[[57]
 [56]
 [52]
 [55]
 [50]]",1,pituitary,True,0,0.004838529,0,0,0,0.0,0.0,0.0
889,"[[49]
 [48]
 [49]
 [49]
 [50]
 [55]]",1,meningioma,True,0,0.015601343,0,0,0,0.0,0.0,0.0
890,"[[57]
 [55]
 [55]
 [51]
 [55]]",1,meningioma,True,0,0.086349875,0,0,0,0.11636971046770601,0.0,0.0
891,"[[57]
 [56]
 [52]
 [55]
 [50]]",1,pituitary,True,0,0.0035040507,0,0,0,0.0,0.0,0.0
901,"[[57]
 [55]
 [55]
 [51]
 [55]]",1,meningioma,True,0,0.06634589,0,0,0,0.11942517343904856,0.0,0.0
912,"[[57]
 [55]
 [55]
 [51]
 [55]]",1,meningioma,True,0,0.028532702,0,0,0,0.020927799093128707,0.0,0.0
923,"[[57]
 [55]
 [55]
 [51]
 [55]]",1,meningioma,True,0,0.016845642,0,0,0,0.0086989893821159,0.0,0.0
924,"[[57]
 [56]
 [57]
 [57]
 [53]]",1,pituitary,True,0,0.0034644476,0,0,0,0.0,0.0,0.0
925,"[[57]
 [56]
 [57]
 [57]
 [53]]",1,pituitary,True,0,0.026670227,0,0,0,0.054954204829308906,0.0,0.0
926,"[[57]
 [56]
 [57]
 [57]
 [53]]",1,pituitary,True,0,0.029119443,0,0,0,0.03962101636520241,0.0,0.0
927,"[[57]
 [56]
 [57]
 [57]
 [53]]",1,pituitary,True,0,0.016958285,0,0,0,0.002871500358937545,0.0,0.0
928,"[[57]
 [56]
 [57]
 [57]
 [53]]",1,pituitary,True,0,0.010341481,0,0,0,0.0,0.0,0.0
967,"[[57]
 [55]
 [57]
 [52]
 [51]]",1,meningioma,True,0,0.020467665,0,0,0,0.0,0.0,0.0
968,"[[77]
 [82]
 [48]
 [52]
 [56]
 [57]
 [57]
 [52]]",1,glioma,True,0,0.0072717685,0,0,0,0.0,0.0,0.0
969,"[[77]
 [82]
 [48]
 [52]
 [56]
 [57]
 [57]
 [52]]",1,glioma,True,0,0.012982611,0,0,0,0.001234796567265543,0.0,0.0
970,"[[77]
 [82]
 [48]
 [52]
 [56]
 [57]
 [57]
 [52]]",1,glioma,True,0,0.0083163725,0,0,0,0.0,0.0,0.0
971,"[[77]
 [82]
 [48]
 [52]
 [56]
 [57]
 [57]
 [52]]",1,glioma,True,0,0.020316564,0,0,0,0.0,0.0,0.0
972,"[[77]
 [82]
 [48]
 [52]
 [56]
 [57]
 [57]
 [52]]",1,glioma,True,0,0.015727622,0,0,0,0.0012921232168699606,0.0,0.0
973,"[[77]
 [82]
 [48]
 [52]
 [56]
 [57]
 [57]
 [52]]",1,glioma,True,0,0.0090113925,0,0,0,0.0,0.0,0.0
974,"[[77]
 [82]
 [48]
 [52]
 [56]
 [57]
 [57]
 [52]]",1,glioma,True,0,0.0069082277,0,0,0,0.0,0.0,0.0
975,"[[77]
 [82]
 [48]
 [52]
 [56]
 [57]
 [57]
 [52]]",1,glioma,False,0,0.049225207,0,0,0,0.0026292725679228747,0.0,0.0
976,"[[77]
 [82]
 [48]
 [52]
 [56]
 [57]
 [57]
 [52]]",1,glioma,False,0,0.011822577,0,0,0,0.0,0.0,0.0
978,"[[57]
 [55]
 [57]
 [52]
 [51]]",1,meningioma,True,1,0.05888935,0,0,0,0.12582781456953643,0.0009891196834817012,0.0
989,"[[57]
 [55]
 [57]
 [52]
 [51]]",1,meningioma,False,0,0.00042583828,0,0,0,0.0,0.0,0.0
993,"[[77]
 [82]
 [48]
 [52]
 [56]
 [57]
 [52]
 [52]
 [66]]",1,glioma,True,0,0.00479601,0,0,0,0.0,0.0,0.0
994,"[[77]
 [82]
 [48]
 [52]
 [56]
 [57]
 [52]
 [52]
 [66]]",1,glioma,True,0,0.002384924,0,1,0,0.0,0.0,0.0
995,"[[77]
 [82]
 [48]
 [52]
 [56]
 [57]
 [52]
 [52]
 [66]]",1,glioma,True,0,0.0037233615,0,1,0,0.0,0.0,0.0
996,"[[77]
 [82]
 [48]
 [52]
 [56]
 [57]
 [52]
 [52]
 [66]]",1,glioma,True,0,0.0052953367,0,1,0,0.0,0.0,0.0
997,"[[77]
 [82]
 [48]
 [52]
 [56]
 [57]
 [52]
 [52]
 [66]]",1,glioma,True,0,0.0075467085,0,0,0,0.0,0.0,0.0
998,"[[77]
 [82]
 [48]
 [52]
 [56]
 [57]
 [52]
 [52]
 [66]]",1,glioma,True,0,0.0012453812,0,0,0,0.0,0.0,0.0
1000,"[[49]
 [48]
 [49]
 [49]
 [50]
 [55]]",1,meningioma,False,0,0.00065813964,0,0,1,0.0,0.0,0.0
1001,"[[57]
 [55]
 [57]
 [52]
 [51]]",1,meningioma,False,0,0.0061207716,0,0,0,0.00047308165389346203,0.0,0.0
1012,"[[57]
 [55]
 [57]
 [52]
 [51]]",1,meningioma,False,0,0.0037400406,0,0,1,0.0,0.0,0.0
1017,"[[77]
 [82]
 [48]
 [52]
 [57]
 [52]
 [53]
 [51]]",1,glioma,True,0,0.020947289,0,0,0,0.0,0.0,0.0
1018,"[[77]
 [82]
 [48]
 [52]
 [57]
 [52]
 [53]
 [51]]",1,glioma,True,0,0.024966508,0,0,0,0.0,0.0,0.0
1019,"[[77]
 [82]
 [48]
 [52]
 [57]
 [52]
 [53]
 [51]]",1,glioma,True,1,0.06548104,0,0,0,0.038268506900878296,0.0,0.0
1020,"[[77]
 [82]
 [48]
 [52]
 [57]
 [52]
 [53]
 [51]]",1,glioma,True,0,0.021385446,0,0,0,0.0,0.0,0.0
1021,"[[77]
 [82]
 [48]
 [52]
 [57]
 [52]
 [53]
 [51]]",1,glioma,True,0,0.050750952,0,0,0,0.0,0.0,0.0
1022,"[[77]
 [82]
 [48]
 [52]
 [57]
 [52]
 [53]
 [51]]",1,glioma,True,0,0.03752833,0,0,0,0.0,0.0,0.0
1023,"[[57]
 [56]
 [50]
 [52]
 [49]]",1,meningioma,False,0,0.011090775,0,0,0,0.0,0.0,0.0
1024,"[[77]
 [82]
 [48]
 [52]
 [57]
 [52]
 [53]
 [51]]",1,glioma,True,0,0.035582285,0,0,0,0.0,0.0,0.0
1034,"[[57]
 [56]
 [50]
 [52]
 [49]]",1,meningioma,False,0,0.014507942,0,0,1,0.0,0.0,0.0
1045,"[[57]
 [56]
 [50]
 [52]
 [49]]",1,meningioma,True,1,0.18474239,0,0,0,0.3589519650655022,0.007475365273530411,0.0
1056,"[[57]
 [56]
 [50]
 [52]
 [49]]",1,meningioma,True,1,0.17720857,0,0,0,0.5700397702165267,0.04812989272252827,0.0
1067,"[[57]
 [56]
 [50]
 [52]
 [49]]",1,meningioma,True,1,0.17794654,0,0,0,0.28996549741230593,0.12754212667054038,0.0024457352491592784
1078,"[[57]
 [56]
 [50]
 [52]
 [49]]",1,meningioma,True,0,0.0744811,0,0,0,0.0488122962272939,0.001289213579716373,0.0
1119,"[[77]
 [82]
 [48]
 [53]
 [49]
 [53]
 [56]
 [54]]",1,glioma,True,0,0.013808809,0,0,0,0.0,0.0,0.0
1120,"[[77]
 [82]
 [48]
 [53]
 [49]
 [53]
 [56]
 [54]]",1,glioma,True,0,0.028874993,0,0,0,0.0,0.0,0.0
1121,"[[77]
 [82]
 [48]
 [53]
 [49]
 [53]
 [56]
 [54]]",1,glioma,True,0,0.03960253,0,0,1,0.0,0.0,0.0
1122,"[[77]
 [82]
 [48]
 [53]
 [49]
 [53]
 [56]
 [54]]",1,glioma,True,0,0.043557916,0,0,0,0.0,0.0,0.0
1123,"[[77]
 [82]
 [48]
 [53]
 [49]
 [53]
 [56]
 [54]]",1,glioma,True,0,0.056705594,0,0,0,0.0,0.0,0.0
1125,"[[77]
 [82]
 [48]
 [53]
 [49]
 [53]
 [56]
 [54]]",1,glioma,True,0,0.05112779,0,0,0,0.0,0.0,0.0
1126,"[[77]
 [82]
 [48]
 [53]
 [49]
 [53]
 [56]
 [54]]",1,glioma,True,0,0.025049437,0,0,0,0.0,0.0,0.0
1127,"[[77]
 [82]
 [48]
 [53]
 [49]
 [52]
 [54]
 [49]
 [66]]",1,glioma,True,0,0.018675484,0,0,0,0.0,0.0,0.0
1128,"[[77]
 [82]
 [48]
 [53]
 [49]
 [52]
 [54]
 [49]
 [66]]",1,glioma,True,0,0.011616319,0,0,0,0.0,0.0,0.0
1129,"[[77]
 [82]
 [48]
 [53]
 [49]
 [52]
 [54]
 [49]
 [66]]",1,glioma,True,0,0.0330548,0,0,0,0.0,0.0,0.0
1130,"[[77]
 [82]
 [48]
 [53]
 [49]
 [52]
 [54]
 [49]
 [66]]",1,glioma,True,0,0.0037104,0,0,0,0.0,0.0,0.0
1131,"[[77]
 [82]
 [48]
 [53]
 [49]
 [52]
 [54]
 [49]
 [66]]",1,glioma,True,0,0.010524435,0,0,1,0.0005492619292825266,0.0,0.0
1132,"[[77]
 [82]
 [48]
 [53]
 [49]
 [54]
 [52]
 [52]]",1,glioma,True,0,0.0023708276,0,0,0,0.0,0.0,0.0
1133,"[[77]
 [82]
 [48]
 [53]
 [49]
 [54]
 [52]
 [52]]",1,glioma,True,0,0.00040295918,0,0,0,0.0,0.0,0.0
1134,"[[77]
 [82]
 [48]
 [53]
 [49]
 [54]
 [52]
 [52]]",1,glioma,True,0,0.0059163515,1,0,0,0.0,0.0,0.0
1136,"[[77]
 [82]
 [48]
 [53]
 [49]
 [54]
 [52]
 [52]]",1,glioma,True,0,0.002295814,0,0,0,0.0,0.0,0.0
1137,"[[77]
 [82]
 [48]
 [53]
 [49]
 [54]
 [52]
 [52]]",1,glioma,True,0,0.00019126303,0,0,0,0.0,0.0,0.0
1138,"[[77]
 [82]
 [48]
 [53]
 [49]
 [54]
 [52]
 [52]]",1,glioma,True,0,0.0020634949,0,0,0,0.0,0.0,0.0
1139,"[[77]
 [82]
 [48]
 [53]
 [49]
 [54]
 [52]
 [52]]",1,glioma,False,0,0.020983541,0,0,0,0.001008471157724889,0.0,0.0
1140,"[[77]
 [82]
 [48]
 [53]
 [49]
 [54]
 [52]
 [52]]",1,glioma,True,0,0.0012380013,0,0,0,0.0,0.0,0.0
1141,"[[77]
 [82]
 [48]
 [53]
 [49]
 [54]
 [52]
 [52]]",1,glioma,False,0,0.028508425,0,0,0,0.015789473684210527,0.0,0.0
1142,"[[77]
 [82]
 [48]
 [53]
 [49]
 [54]
 [52]
 [52]]",1,glioma,True,0,0.0014917977,0,0,0,0.0,0.0,0.0
1143,"[[77]
 [82]
 [48]
 [53]
 [49]
 [54]
 [52]
 [52]]",1,glioma,True,0,0.004192482,0,0,1,0.0,0.0,0.0
1144,"[[77]
 [82]
 [48]
 [53]
 [49]
 [54]
 [52]
 [52]]",1,glioma,True,0,0.0062303874,0,0,0,0.0,0.0,0.0
1145,"[[77]
 [82]
 [48]
 [53]
 [49]
 [54]
 [52]
 [52]]",1,glioma,True,0,0.003675475,0,0,0,0.0,0.0,0.0
1146,"[[57]
 [57]
 [50]
 [56]
 [56]]",1,meningioma,True,0,0.0009234767,0,0,0,0.0,0.0,0.0
1147,"[[77]
 [82]
 [48]
 [53]
 [49]
 [54]
 [52]
 [52]]",1,glioma,True,0,0.00914857,0,0,0,0.0,0.0,0.0
1148,"[[77]
 [82]
 [48]
 [53]
 [49]
 [54]
 [52]
 [52]]",1,glioma,True,0,0.009016287,0,0,0,0.0,0.0,0.0
1202,"[[77]
 [82]
 [48]
 [53]
 [50]
 [53]
 [56]
 [53]
 [66]]",1,glioma,True,0,0.00064928306,0,0,0,0.0,0.0,0.0
1203,"[[77]
 [82]
 [48]
 [53]
 [50]
 [53]
 [56]
 [53]
 [66]]",1,glioma,True,0,0.0029423991,0,0,0,0.0,0.0,0.0
1204,"[[77]
 [82]
 [48]
 [53]
 [50]
 [53]
 [56]
 [53]
 [66]]",1,glioma,True,0,0.0075952024,0,0,1,0.0,0.0,0.0
1229,"[[77]
 [82]
 [48]
 [53]
 [48]
 [54]
 [56]
 [55]
 [67]]",1,glioma,True,0,0.006573659,0,0,0,0.0,0.0,0.0
1230,"[[77]
 [82]
 [48]
 [53]
 [48]
 [54]
 [56]
 [55]
 [67]]",1,glioma,True,0,0.01334374,0,0,0,0.0,0.0,0.0
1231,"[[77]
 [82]
 [48]
 [53]
 [48]
 [54]
 [56]
 [55]
 [67]]",1,glioma,True,0,0.023727078,0,0,0,0.0,0.0,0.0
1232,"[[77]
 [82]
 [48]
 [53]
 [48]
 [54]
 [56]
 [55]
 [67]]",1,glioma,True,0,0.023093866,0,0,0,0.0,0.0,0.0
1233,"[[77]
 [82]
 [48]
 [53]
 [48]
 [54]
 [56]
 [55]
 [67]]",1,glioma,True,0,0.013730548,0,0,0,0.0,0.0,0.0
1234,"[[77]
 [82]
 [48]
 [53]
 [54]
 [49]
 [52]
 [52]]",1,glioma,True,0,0.0030953584,0,0,0,0.0,0.0,0.0
1236,"[[77]
 [82]
 [48]
 [53]
 [54]
 [49]
 [52]
 [52]]",1,glioma,True,0,0.0047628093,0,0,0,0.0,0.0,0.0
1237,"[[77]
 [82]
 [48]
 [53]
 [54]
 [49]
 [52]
 [52]]",1,glioma,True,0,0.0025393253,0,0,0,0.0,0.0,0.0
1346,"[[49]
 [48]
 [49]
 [48]
 [49]
 [54]]",1,meningioma,True,0,0.008936512,0,0,0,0.0,0.0,0.0
1353,"[[77]
 [82]
 [48]
 [50]
 [57]
 [50]
 [48]
 [57]
 [71]]",1,glioma,True,0,0.022403326,0,0,0,0.0,0.0,0.0
1354,"[[77]
 [82]
 [48]
 [50]
 [57]
 [50]
 [48]
 [57]
 [71]]",1,glioma,True,0,0.02857763,0,0,0,0.007646276595744681,0.0,0.0
1355,"[[77]
 [82]
 [48]
 [50]
 [57]
 [50]
 [48]
 [57]
 [71]]",1,glioma,True,0,0.016478796,0,0,0,0.0,0.0,0.0
1356,"[[77]
 [82]
 [48]
 [50]
 [57]
 [50]
 [48]
 [57]
 [71]]",1,glioma,True,0,0.036438853,0,0,0,0.0,0.0,0.0
1357,"[[49]
 [48]
 [49]
 [48]
 [49]
 [54]]",1,meningioma,True,0,0.008387176,0,0,0,0.0,0.0,0.0
1358,"[[77]
 [82]
 [48]
 [50]
 [57]
 [50]
 [48]
 [57]
 [71]]",1,glioma,True,0,0.032351464,0,0,0,0.0,0.0,0.0
1359,"[[77]
 [82]
 [48]
 [50]
 [57]
 [50]
 [48]
 [57]
 [71]]",1,glioma,True,0,0.00644304,0,0,0,0.0,0.0,0.0
1360,"[[77]
 [82]
 [48]
 [50]
 [57]
 [50]
 [48]
 [57]
 [71]]",1,glioma,True,0,0.011750851,0,0,0,0.0,0.0,0.0
1361,"[[77]
 [82]
 [48]
 [50]
 [57]
 [50]
 [48]
 [57]
 [71]]",1,glioma,True,0,0.007722947,0,0,0,0.0,0.0,0.0
1368,"[[49]
 [48]
 [49]
 [48]
 [49]
 [54]]",1,meningioma,True,0,0.017574914,0,0,0,0.0,0.0,0.0
1379,"[[49]
 [48]
 [49]
 [48]
 [49]
 [54]]",1,meningioma,True,0,0.061120335,0,0,0,0.02112908550676791,0.0,0.0
1382,"[[77]
 [82]
 [48]
 [52]
 [56]
 [57]
 [57]
 [52]]",1,glioma,True,0,0.017365703,0,0,0,0.0,0.0,0.0
1383,"[[77]
 [82]
 [48]
 [52]
 [56]
 [57]
 [57]
 [52]]",1,glioma,True,0,0.0071575018,0,0,0,0.0,0.0,0.0
1390,"[[49]
 [48]
 [49]
 [48]
 [49]
 [54]]",1,meningioma,True,0,0.07518123,0,0,0,0.060777957860615885,0.0,0.0
1395,"[[77]
 [82]
 [48]
 [52]
 [56]
 [57]
 [52]
 [52]
 [66]]",1,glioma,True,0,0.00882249,0,0,0,0.0,0.0,0.0
1396,"[[77]
 [82]
 [48]
 [52]
 [56]
 [57]
 [52]
 [52]
 [66]]",1,glioma,True,0,0.032177284,0,0,0,0.0046602362631407825,0.0,0.0
1397,"[[77]
 [82]
 [48]
 [52]
 [56]
 [57]
 [52]
 [52]
 [66]]",1,glioma,True,0,0.01305189,0,0,0,0.0,0.0,0.0
1398,"[[77]
 [82]
 [48]
 [52]
 [56]
 [57]
 [52]
 [52]
 [66]]",1,glioma,True,0,0.007607915,0,0,0,0.0,0.0,0.0
1399,"[[77]
 [82]
 [48]
 [52]
 [56]
 [57]
 [52]
 [52]
 [66]]",1,glioma,True,0,0.021105919,0,0,0,0.01145952703406605,0.0,0.0
1400,"[[77]
 [82]
 [48]
 [52]
 [56]
 [57]
 [52]
 [52]
 [66]]",1,glioma,True,0,0.008564152,0,0,0,0.0,0.0,0.0
1401,"[[49]
 [48]
 [49]
 [48]
 [49]
 [54]]",1,meningioma,True,0,0.035777044,0,0,0,0.008915304606240713,0.0,0.0
1402,"[[77]
 [82]
 [48]
 [52]
 [56]
 [57]
 [52]
 [52]
 [66]]",1,glioma,True,0,0.003723438,0,0,0,0.0,0.0,0.0
1412,"[[49]
 [48]
 [49]
 [49]
 [50]
 [55]]",1,meningioma,True,0,0.0076136645,0,0,0,0.006071118820468344,0.0,0.0
1413,"[[77]
 [82]
 [48]
 [52]
 [57]
 [52]
 [53]
 [51]]",1,glioma,True,0,0.00416415,0,0,0,0.0,0.0,0.0
1414,"[[77]
 [82]
 [48]
 [52]
 [57]
 [52]
 [53]
 [51]]",1,glioma,True,0,0.017233325,0,0,0,0.0,0.0,0.0
1415,"[[77]
 [82]
 [48]
 [52]
 [57]
 [52]
 [53]
 [51]]",1,glioma,True,0,0.020891868,0,0,0,0.0,0.0,0.0
1416,"[[77]
 [82]
 [48]
 [52]
 [57]
 [52]
 [53]
 [51]]",1,glioma,True,1,0.04427529,0,0,0,0.03741496598639456,0.0,0.0
1417,"[[77]
 [82]
 [48]
 [52]
 [57]
 [52]
 [53]
 [51]]",1,glioma,True,0,0.0428543,0,0,0,0.00508992195453003,0.0,0.0
1418,"[[77]
 [82]
 [48]
 [52]
 [57]
 [52]
 [53]
 [51]]",1,glioma,True,0,0.031871434,0,0,0,0.01038843721770551,0.0,0.0
1419,"[[77]
 [82]
 [48]
 [52]
 [57]
 [52]
 [53]
 [51]]",1,glioma,True,0,0.016011257,0,0,0,0.0,0.0,0.0
1420,"[[77]
 [82]
 [48]
 [52]
 [57]
 [52]
 [53]
 [51]]",1,glioma,True,0,0.0022184583,0,0,0,0.0,0.0,0.0
1421,"[[77]
 [82]
 [48]
 [52]
 [57]
 [52]
 [53]
 [51]]",1,glioma,True,0,0.00089589943,0,0,0,0.0,0.0,0.0
1423,"[[49]
 [48]
 [49]
 [49]
 [50]
 [55]]",1,meningioma,True,0,0.0057388605,0,0,0,0.0,0.0,0.0
1434,"[[49]
 [48]
 [49]
 [49]
 [50]
 [55]]",1,meningioma,False,0,0.01192605,0,1,0,0.00016191709844559586,0.0,0.0
1446,"[[49]
 [48]
 [49]
 [49]
 [50]
 [55]]",1,meningioma,False,0,0.006777254,0,1,0,0.0,0.0,0.0
1493,"[[77]
 [82]
 [48]
 [53]
 [49]
 [53]
 [56]
 [54]]",1,glioma,True,0,0.009617148,0,0,0,0.0,0.0,0.0
1494,"[[77]
 [82]
 [48]
 [53]
 [49]
 [53]
 [56]
 [54]]",1,glioma,True,0,0.01098565,1,0,0,0.0,0.0,0.0
1500,"[[77]
 [82]
 [48]
 [50]
 [52]
 [55]
 [56]
 [48]
 [69]]",1,glioma,True,0,0.0072028763,0,0,0,0.0,0.0,0.0
1539,"[[77]
 [82]
 [48]
 [49]
 [55]
 [50]
 [54]
 [48]
 [70]]",1,glioma,True,0,0.009394422,0,0,0,0.0,0.0,0.0
1540,"[[77]
 [82]
 [48]
 [49]
 [55]
 [50]
 [54]
 [48]
 [70]]",1,glioma,True,0,0.019021593,0,0,0,0.0,0.0,0.0
1541,"[[77]
 [82]
 [48]
 [49]
 [55]
 [50]
 [54]
 [48]
 [70]]",1,glioma,True,0,0.025456091,0,0,0,0.0036653532484193165,0.0,0.0
1542,"[[77]
 [82]
 [48]
 [49]
 [55]
 [50]
 [54]
 [48]
 [70]]",1,glioma,True,0,0.035284057,0,0,0,0.005121638924455826,0.0,0.0
1543,"[[77]
 [82]
 [48]
 [49]
 [55]
 [50]
 [54]
 [48]
 [70]]",1,glioma,True,0,0.044420525,0,0,0,0.0,0.0,0.0
1544,"[[77]
 [82]
 [48]
 [49]
 [55]
 [50]
 [54]
 [48]
 [70]]",1,glioma,True,0,0.05692967,0,0,0,0.0016196954972465176,0.0,0.0
1546,"[[77]
 [82]
 [48]
 [49]
 [55]
 [50]
 [54]
 [48]
 [70]]",1,glioma,True,0,0.041113734,0,0,0,0.007171886206072197,0.0,0.0
1547,"[[77]
 [82]
 [48]
 [49]
 [55]
 [50]
 [54]
 [48]
 [70]]",1,glioma,True,0,0.022439877,0,0,0,0.0,0.0,0.0
1548,"[[77]
 [82]
 [48]
 [49]
 [55]
 [50]
 [54]
 [48]
 [70]]",1,glioma,True,0,0.016920628,0,0,0,0.0,0.0,0.0
1549,"[[77]
 [82]
 [48]
 [49]
 [55]
 [50]
 [54]
 [48]
 [70]]",1,glioma,True,0,0.006436656,0,0,0,0.0,0.0,0.0
1596,"[[77]
 [82]
 [48]
 [52]
 [56]
 [57]
 [57]
 [52]]",1,glioma,True,0,0.00053534756,0,0,0,0.0,0.0,0.0
1597,"[[77]
 [82]
 [48]
 [52]
 [56]
 [57]
 [57]
 [52]]",1,glioma,True,0,0.005849666,0,0,0,0.0,0.0,0.0
1598,"[[77]
 [82]
 [48]
 [52]
 [56]
 [57]
 [57]
 [52]]",1,glioma,True,0,0.013902328,0,0,0,0.0,0.0,0.0
1599,"[[77]
 [82]
 [48]
 [52]
 [56]
 [57]
 [57]
 [52]]",1,glioma,True,0,0.0091286795,0,0,0,0.0,0.0,0.0
1600,"[[77]
 [82]
 [48]
 [52]
 [56]
 [57]
 [57]
 [52]]",1,glioma,True,0,0.02604629,0,0,0,0.000749063670411985,0.0,0.0
1602,"[[77]
 [82]
 [48]
 [52]
 [56]
 [57]
 [57]
 [52]]",1,glioma,True,0,0.006404636,0,0,1,0.0,0.0,0.0
1603,"[[77]
 [82]
 [48]
 [52]
 [56]
 [57]
 [57]
 [52]]",1,glioma,True,0,0.012730798,0,0,0,0.0,0.0,0.0
1627,"[[77]
 [82]
 [48]
 [50]
 [57]
 [50]
 [48]
 [57]
 [71]]",1,glioma,True,0,0.0030241965,0,0,0,0.0,0.0,0.0
1628,"[[77]
 [82]
 [48]
 [50]
 [57]
 [50]
 [48]
 [57]
 [71]]",1,glioma,True,0,0.007990868,0,0,0,0.0,0.0,0.0
1629,"[[77]
 [82]
 [48]
 [50]
 [57]
 [50]
 [48]
 [57]
 [71]]",1,glioma,True,0,0.009352869,0,0,0,0.0,0.0,0.0
1630,"[[77]
 [82]
 [48]
 [50]
 [57]
 [50]
 [48]
 [57]
 [71]]",1,glioma,True,0,0.00677301,0,0,0,0.0,0.0,0.0
1631,"[[77]
 [82]
 [48]
 [50]
 [57]
 [50]
 [48]
 [57]
 [71]]",1,glioma,True,0,0.0011919421,0,0,0,0.0,0.0,0.0
1632,"[[77]
 [82]
 [48]
 [50]
 [57]
 [50]
 [48]
 [57]
 [71]]",1,glioma,True,0,0.004673391,0,0,0,0.0,0.0,0.0
1633,"[[77]
 [82]
 [48]
 [50]
 [57]
 [50]
 [48]
 [57]
 [71]]",1,glioma,True,0,0.0045776917,0,0,0,0.0,0.0,0.0
1663,"[[77]
 [82]
 [48]
 [50]
 [52]
 [55]
 [56]
 [48]
 [69]]",1,glioma,True,0,0.0068667047,0,0,0,0.02654867256637168,0.0,0.0
1664,"[[77]
 [82]
 [48]
 [50]
 [52]
 [55]
 [56]
 [48]
 [69]]",1,glioma,True,0,0.0013954699,0,0,0,0.0,0.0,0.0
1665,"[[77]
 [82]
 [48]
 [50]
 [52]
 [55]
 [56]
 [48]
 [69]]",1,glioma,True,0,0.00726778,1,0,0,0.0,0.0,0.0
1695,"[[77]
 [82]
 [48]
 [49]
 [55]
 [50]
 [54]
 [48]
 [70]]",1,glioma,True,0,0.0028476706,0,0,0,0.0,0.0,0.0
1696,"[[77]
 [82]
 [48]
 [49]
 [55]
 [50]
 [54]
 [48]
 [70]]",1,glioma,True,0,0.00105252,0,0,0,0.0,0.0,0.0
1697,"[[77]
 [82]
 [48]
 [49]
 [55]
 [50]
 [54]
 [48]
 [70]]",1,glioma,True,0,0.003078225,0,0,0,0.0,0.0,0.0
1698,"[[77]
 [82]
 [48]
 [49]
 [55]
 [50]
 [54]
 [48]
 [70]]",1,glioma,True,0,0.008745269,0,0,0,0.0,0.0,0.0
1699,"[[77]
 [82]
 [48]
 [49]
 [55]
 [50]
 [54]
 [48]
 [70]]",1,glioma,True,0,0.007961547,0,0,0,0.0,0.0,0.0
1700,"[[77]
 [82]
 [48]
 [49]
 [55]
 [50]
 [54]
 [48]
 [70]]",1,glioma,True,0,0.0042630807,0,0,0,0.0,0.0,0.0
1719,"[[77]
 [82]
 [48]
 [53]
 [49]
 [53]
 [56]
 [54]]",1,glioma,True,0,0.014176151,0,0,0,0.00014388489208633093,0.0,0.0
1720,"[[77]
 [82]
 [48]
 [53]
 [49]
 [53]
 [56]
 [54]]",1,glioma,True,0,0.00084341737,0,0,0,0.0,0.0,0.0
1721,"[[77]
 [82]
 [48]
 [53]
 [49]
 [53]
 [56]
 [54]]",1,glioma,True,0,0.0010960316,0,0,0,0.0,0.0,0.0
1722,"[[77]
 [82]
 [48]
 [53]
 [49]
 [53]
 [56]
 [54]]",1,glioma,True,0,0.0024658302,1,0,0,0.0,0.0,0.0
1724,"[[77]
 [82]
 [48]
 [53]
 [49]
 [52]
 [54]
 [49]
 [66]]",1,glioma,True,0,0.004543104,0,0,0,0.0,0.0,0.0
1725,"[[77]
 [82]
 [48]
 [53]
 [49]
 [52]
 [54]
 [49]
 [66]]",1,glioma,True,0,0.0021842208,0,0,0,0.0,0.0,0.0
1726,"[[77]
 [82]
 [48]
 [53]
 [49]
 [52]
 [54]
 [49]
 [66]]",1,glioma,True,0,0.00192539,0,0,0,0.0,0.0,0.0
1727,"[[77]
 [82]
 [48]
 [53]
 [49]
 [52]
 [54]
 [49]
 [66]]",1,glioma,True,0,0.0022842598,0,0,0,0.0,0.0,0.0
1728,"[[77]
 [82]
 [48]
 [53]
 [49]
 [54]
 [52]
 [52]]",1,glioma,True,0,0.001695532,0,0,0,0.0,0.0,0.0
1729,"[[77]
 [82]
 [48]
 [53]
 [49]
 [54]
 [52]
 [52]]",1,glioma,True,0,0.0032972917,0,0,0,0.0,0.0,0.0
1730,"[[77]
 [82]
 [48]
 [53]
 [49]
 [54]
 [52]
 [52]]",1,glioma,True,0,0.02464308,0,0,0,0.0010998075336816058,0.0,0.0
1731,"[[77]
 [82]
 [48]
 [53]
 [49]
 [54]
 [52]
 [52]]",1,glioma,True,0,0.017219516,0,0,0,0.0,0.0,0.0
1732,"[[77]
 [82]
 [48]
 [53]
 [49]
 [54]
 [52]
 [52]]",1,glioma,True,0,0.003015725,0,1,0,0.0,0.0,0.0
1733,"[[77]
 [82]
 [48]
 [53]
 [49]
 [54]
 [52]
 [52]]",1,glioma,True,0,0.007717504,0,1,0,0.0,0.0,0.0
1735,"[[77]
 [82]
 [48]
 [53]
 [49]
 [54]
 [52]
 [52]]",1,glioma,True,0,0.0074042156,0,1,0,0.0,0.0,0.0
1736,"[[77]
 [82]
 [48]
 [53]
 [49]
 [54]
 [52]
 [52]]",1,glioma,True,0,0.0059308843,0,1,0,0.0,0.0,0.0
1737,"[[77]
 [82]
 [48]
 [53]
 [49]
 [54]
 [52]
 [52]]",1,glioma,True,0,0.014706935,0,1,0,0.0,0.0,0.0
1738,"[[77]
 [82]
 [48]
 [53]
 [49]
 [54]
 [52]
 [52]]",1,glioma,True,0,0.0367782,0,1,0,0.0,0.0,0.0
1739,"[[77]
 [82]
 [48]
 [53]
 [49]
 [54]
 [52]
 [52]]",1,glioma,True,1,0.06683037,0,1,1,0.013243243243243243,0.0,0.0
1740,"[[77]
 [82]
 [48]
 [53]
 [49]
 [54]
 [52]
 [52]]",1,glioma,True,0,0.04056005,0,1,0,0.0,0.0,0.0
1790,"[[49]
 [48]
 [51]
 [57]
 [50]
 [53]]",1,meningioma,True,0,0.020747311,0,0,0,0.05768194070080863,0.01891891891891892,0.0
1801,"[[49]
 [48]
 [51]
 [57]
 [50]
 [53]]",1,meningioma,True,1,0.048739772,0,0,0,0.25940996948118006,0.0,0.0
1812,"[[49]
 [48]
 [51]
 [57]
 [50]
 [53]]",1,meningioma,True,0,0.022347733,1,0,0,0.01880674448767834,0.0,0.0
1817,"[[77]
 [82]
 [48]
 [53]
 [48]
 [54]
 [56]
 [55]
 [67]]",1,glioma,True,0,0.009836133,0,0,0,0.0,0.0,0.0
1818,"[[77]
 [82]
 [48]
 [53]
 [48]
 [54]
 [56]
 [55]
 [67]]",1,glioma,True,0,0.021687618,0,0,0,0.0,0.0,0.0
1819,"[[77]
 [82]
 [48]
 [53]
 [48]
 [54]
 [56]
 [55]
 [67]]",1,glioma,True,0,0.005264587,0,0,0,0.0,0.0,0.0
1820,"[[77]
 [82]
 [48]
 [53]
 [48]
 [54]
 [56]
 [55]
 [67]]",1,glioma,True,0,0.023924813,0,0,0,0.010006455777921239,0.0,0.0
1821,"[[77]
 [82]
 [48]
 [53]
 [48]
 [54]
 [56]
 [55]
 [67]]",1,glioma,True,0,0.01555941,0,0,0,0.0,0.0,0.0
1822,"[[77]
 [82]
 [48]
 [53]
 [48]
 [54]
 [56]
 [55]
 [67]]",1,glioma,True,0,0.006730725,1,0,0,0.0,0.0,0.0
1823,"[[49]
 [48]
 [51]
 [57]
 [50]
 [53]]",1,meningioma,True,1,0.047767635,0,0,0,0.03824626865671642,0.0,0.0
1824,"[[77]
 [82]
 [48]
 [53]
 [48]
 [54]
 [56]
 [55]
 [67]]",1,glioma,True,0,0.008186242,0,0,0,0.0,0.0,0.0
1834,"[[49]
 [48]
 [51]
 [57]
 [50]
 [53]]",1,meningioma,True,0,0.013705349,0,0,0,0.0,0.0,0.0
1845,"[[49]
 [48]
 [51]
 [57]
 [50]
 [53]]",1,meningioma,True,0,0.024096372,0,0,0,0.07247494217424827,0.01643835616438356,0.0
1856,"[[49]
 [48]
 [51]
 [57]
 [50]
 [53]]",1,meningioma,True,0,0.0060502826,0,0,0,0.0,0.0,0.0
1867,"[[49]
 [48]
 [51]
 [57]
 [50]
 [53]]",1,meningioma,True,0,0.008111661,0,0,0,0.0,0.0,0.0
2002,"[[77]
 [82]
 [48]
 [50]
 [57]
 [50]
 [48]
 [57]
 [71]]",1,glioma,True,0,0.01248948,0,0,0,0.0,0.0,0.0
2003,"[[77]
 [82]
 [48]
 [50]
 [57]
 [50]
 [48]
 [57]
 [71]]",1,glioma,True,0,0.029846245,0,0,0,0.0908316775475447,0.0,0.0
2004,"[[77]
 [82]
 [48]
 [50]
 [57]
 [50]
 [48]
 [57]
 [71]]",1,glioma,True,0,0.011471792,0,0,0,0.0,0.0,0.0
2005,"[[77]
 [82]
 [48]
 [50]
 [57]
 [50]
 [48]
 [57]
 [71]]",1,glioma,True,0,0.019854559,0,0,0,0.02028917910447761,0.0,0.0
2006,"[[77]
 [82]
 [48]
 [50]
 [57]
 [50]
 [48]
 [57]
 [71]]",1,glioma,True,0,0.00774744,0,0,0,0.001134301270417423,0.0,0.0
2052,"[[77]
 [82]
 [48]
 [52]
 [56]
 [57]
 [57]
 [52]]",1,glioma,True,0,0.0042186324,0,0,0,0.0,0.0,0.0
2053,"[[77]
 [82]
 [48]
 [52]
 [56]
 [57]
 [57]
 [52]]",1,glioma,True,0,0.032121304,0,0,0,0.0,0.0,0.0
2054,"[[77]
 [82]
 [48]
 [52]
 [56]
 [57]
 [57]
 [52]]",1,glioma,False,0,0.0155683225,0,0,1,0.0,0.0,0.0
2055,"[[77]
 [82]
 [48]
 [52]
 [56]
 [57]
 [57]
 [52]]",1,glioma,False,0,0.049191583,0,0,0,0.0,0.0,0.0
2057,"[[77]
 [82]
 [48]
 [52]
 [56]
 [57]
 [57]
 [52]]",1,glioma,False,0,0.19482425,0,0,0,0.09187655196878326,0.03887605850654349,0.0
2058,"[[77]
 [82]
 [48]
 [52]
 [56]
 [57]
 [57]
 [52]]",1,glioma,False,0,0.06972435,0,0,0,0.0,0.0,0.0
2059,"[[77]
 [82]
 [48]
 [52]
 [56]
 [57]
 [57]
 [52]]",1,glioma,False,0,0.031963717,0,0,0,0.0,0.0,0.0
2060,"[[77]
 [82]
 [48]
 [52]
 [56]
 [57]
 [57]
 [52]]",1,glioma,False,0,0.0030208572,0,0,0,0.0,0.0,0.0
2085,"[[77]
 [82]
 [48]
 [52]
 [57]
 [52]
 [53]
 [51]]",1,glioma,True,0,0.005535017,0,0,0,0.0,0.0,0.0
2086,"[[77]
 [82]
 [48]
 [52]
 [57]
 [52]
 [53]
 [51]]",1,glioma,False,0,0.0039114114,0,0,0,0.0,0.0,0.0
2087,"[[77]
 [82]
 [48]
 [52]
 [57]
 [52]
 [53]
 [51]]",1,glioma,True,0,0.041831248,0,0,0,0.0005535566011624688,0.0,0.0
2088,"[[77]
 [82]
 [48]
 [52]
 [57]
 [52]
 [53]
 [51]]",1,glioma,True,0,0.031116076,1,0,0,0.0,0.0,0.0
2090,"[[77]
 [82]
 [48]
 [52]
 [57]
 [52]
 [53]
 [51]]",1,glioma,True,0,0.05036249,0,0,0,0.0,0.0,0.0
2091,"[[77]
 [82]
 [48]
 [52]
 [57]
 [52]
 [53]
 [51]]",1,glioma,True,0,0.021730153,0,0,0,0.0,0.0,0.0
2092,"[[77]
 [82]
 [48]
 [52]
 [57]
 [52]
 [53]
 [51]]",1,glioma,True,0,0.02095784,0,0,0,0.0,0.0,0.0
2093,"[[77]
 [82]
 [48]
 [52]
 [57]
 [52]
 [53]
 [51]]",1,glioma,True,0,0.0024782596,0,0,0,0.0,0.0,0.0
2094,"[[77]
 [82]
 [48]
 [52]
 [57]
 [52]
 [53]
 [51]]",1,glioma,True,0,0.0050500515,0,0,0,0.009620523784072688,0.0022222222222222222,0.0
2140,"[[77]
 [82]
 [48]
 [53]
 [49]
 [53]
 [56]
 [54]]",1,glioma,True,0,0.00025229246,0,0,0,0.0,0.0,0.0
2141,"[[77]
 [82]
 [48]
 [53]
 [49]
 [53]
 [56]
 [54]]",1,glioma,True,0,0.0023574207,0,0,0,0.0,0.0,0.0
2142,"[[77]
 [82]
 [48]
 [53]
 [49]
 [53]
 [56]
 [54]]",1,glioma,True,0,0.0056677707,0,0,0,0.0,0.0,0.0
2143,"[[77]
 [82]
 [48]
 [53]
 [49]
 [53]
 [56]
 [54]]",1,glioma,True,0,0.012929232,0,0,0,0.0,0.0,0.0
2144,"[[77]
 [82]
 [48]
 [53]
 [49]
 [53]
 [56]
 [54]]",1,glioma,True,0,0.01013656,0,0,0,0.0010720986330742428,0.0,0.0
2146,"[[77]
 [82]
 [48]
 [53]
 [49]
 [53]
 [56]
 [54]]",1,glioma,True,0,0.018566487,0,0,0,0.0,0.0,0.0
2147,"[[77]
 [82]
 [48]
 [53]
 [49]
 [53]
 [56]
 [54]]",1,glioma,True,0,0.016108774,0,0,0,0.0,0.0,0.0
2148,"[[77]
 [82]
 [48]
 [53]
 [49]
 [53]
 [56]
 [54]]",1,glioma,True,0,0.021987904,0,0,0,0.050258337247534056,0.0,0.0
2149,"[[77]
 [82]
 [48]
 [53]
 [49]
 [53]
 [56]
 [54]]",1,glioma,True,0,0.012505481,0,0,0,0.0,0.0,0.0
2150,"[[77]
 [82]
 [48]
 [53]
 [49]
 [54]
 [52]
 [52]]",1,glioma,True,0,0.014188358,0,0,0,0.0,0.0,0.0
2151,"[[77]
 [82]
 [48]
 [53]
 [49]
 [54]
 [52]
 [52]]",1,glioma,True,0,0.010971488,0,1,0,0.0,0.0,0.0
2152,"[[77]
 [82]
 [48]
 [53]
 [49]
 [54]
 [52]
 [52]]",1,glioma,True,0,0.006309756,0,1,0,0.0,0.0,0.0
2153,"[[77]
 [82]
 [48]
 [53]
 [49]
 [54]
 [52]
 [52]]",1,glioma,True,0,0.020670345,0,1,0,0.0067226890756302525,0.0,0.0
2154,"[[77]
 [82]
 [48]
 [53]
 [49]
 [54]
 [52]
 [52]]",1,glioma,True,0,0.029034592,0,0,0,0.0,0.0,0.0
2155,"[[77]
 [82]
 [48]
 [53]
 [49]
 [54]
 [52]
 [52]]",1,glioma,True,0,0.053882085,0,0,1,0.0,0.0,0.0
2157,"[[77]
 [82]
 [48]
 [53]
 [49]
 [54]
 [52]
 [52]]",1,glioma,True,0,0.060581572,0,0,0,0.0017006802721088435,0.0,0.0
2158,"[[77]
 [82]
 [48]
 [53]
 [49]
 [54]
 [52]
 [52]]",1,glioma,True,0,0.03909813,1,0,0,0.014669926650366748,0.0005688282138794084,0.0
2159,"[[77]
 [82]
 [48]
 [53]
 [49]
 [54]
 [52]
 [52]]",1,glioma,True,0,0.012861183,0,0,0,0.0,0.0,0.0
2160,"[[77]
 [82]
 [48]
 [53]
 [49]
 [54]
 [52]
 [52]]",1,glioma,True,0,0.004458323,0,0,0,0.0,0.0,0.0
2211,"[[49]
 [48]
 [54]
 [54]
 [54]
 [53]]",1,meningioma,True,0,0.01584658,0,0,0,0.0,0.0,0.0
2218,"[[77]
 [82]
 [48]
 [53]
 [50]
 [53]
 [56]
 [53]
 [66]]",1,glioma,True,0,0.0038938676,0,0,0,0.0,0.0,0.0
2219,"[[77]
 [82]
 [48]
 [53]
 [50]
 [53]
 [56]
 [53]
 [66]]",1,glioma,True,0,0.0052119,0,0,0,0.0,0.0,0.0
2220,"[[77]
 [82]
 [48]
 [53]
 [50]
 [53]
 [56]
 [53]
 [66]]",1,glioma,True,0,0.02862695,0,0,0,0.04032258064516129,0.0,0.0
2224,"[[49]
 [48]
 [54]
 [54]
 [54]
 [53]]",1,meningioma,True,0,0.14754218,0,0,0,0.1901175052726725,0.0,0.0
2235,"[[49]
 [48]
 [54]
 [54]
 [54]
 [53]]",1,meningioma,True,0,0.035668787,1,0,1,0.009679500967950097,0.0,0.0
2240,"[[77]
 [82]
 [48]
 [53]
 [48]
 [54]
 [56]
 [55]
 [67]]",1,glioma,True,0,0.01844736,0,1,0,0.0,0.0,0.0
2241,"[[77]
 [82]
 [48]
 [53]
 [48]
 [54]
 [56]
 [55]
 [67]]",1,glioma,True,0,0.024845248,0,1,0,0.0,0.0,0.0
2242,"[[77]
 [82]
 [48]
 [53]
 [48]
 [54]
 [56]
 [55]
 [67]]",1,glioma,True,0,0.025670819,0,1,1,0.0,0.0,0.0
2243,"[[77]
 [82]
 [48]
 [53]
 [48]
 [54]
 [56]
 [55]
 [67]]",1,glioma,True,0,0.018543307,0,1,0,0.0,0.0,0.0
2244,"[[77]
 [82]
 [48]
 [53]
 [48]
 [54]
 [56]
 [55]
 [67]]",1,glioma,True,0,0.031808004,0,0,0,0.0,0.0,0.0
2245,"[[77]
 [82]
 [48]
 [53]
 [48]
 [54]
 [56]
 [55]
 [67]]",1,glioma,True,0,0.007332243,0,0,0,0.0,0.0,0.0
2246,"[[49]
 [48]
 [54]
 [54]
 [54]
 [53]]",1,meningioma,True,0,0.058232255,1,0,0,0.03763049283806749,0.005917159763313609,0.0
2247,"[[77]
 [82]
 [48]
 [53]
 [54]
 [49]
 [52]
 [52]]",1,glioma,True,0,0.0067984588,0,0,0,0.0,0.0,0.0
2248,"[[77]
 [82]
 [48]
 [53]
 [54]
 [49]
 [52]
 [52]]",1,glioma,True,0,0.0051573887,0,0,0,0.0,0.0,0.0
2257,"[[49]
 [48]
 [54]
 [54]
 [54]
 [53]]",1,meningioma,True,0,0.04121396,0,0,0,0.003356831151393085,0.0,0.0
2267,"[[77]
 [82]
 [48]
 [50]
 [52]
 [55]
 [56]
 [48]
 [69]]",1,glioma,True,0,0.0024083117,0,0,0,0.007629427792915531,0.0,0.0
2269,"[[77]
 [82]
 [48]
 [50]
 [52]
 [55]
 [56]
 [48]
 [69]]",1,glioma,True,0,0.0005922657,0,0,0,0.0,0.0,0.0
2270,"[[77]
 [82]
 [48]
 [50]
 [52]
 [55]
 [56]
 [48]
 [69]]",1,glioma,True,0,0.0039573563,0,0,0,0.0,0.0,0.0
2278,"[[77]
 [82]
 [48]
 [49]
 [55]
 [50]
 [54]
 [48]
 [70]]",1,glioma,True,0,0.0067136134,0,0,0,0.0,0.0,0.0
2280,"[[77]
 [82]
 [48]
 [49]
 [55]
 [50]
 [54]
 [48]
 [70]]",1,glioma,False,0,0.015420475,0,0,0,0.0,0.0,0.0
2281,"[[77]
 [82]
 [48]
 [49]
 [55]
 [50]
 [54]
 [48]
 [70]]",1,glioma,False,0,0.013646536,0,0,0,0.0,0.0,0.0
2282,"[[77]
 [82]
 [48]
 [49]
 [55]
 [50]
 [54]
 [48]
 [70]]",1,glioma,True,0,0.026366118,0,0,0,0.004980434009249377,0.0,0.0
2283,"[[77]
 [82]
 [48]
 [49]
 [55]
 [50]
 [54]
 [48]
 [70]]",1,glioma,True,0,0.0335211,0,0,0,0.0,0.0,0.0
2284,"[[77]
 [82]
 [48]
 [49]
 [55]
 [50]
 [54]
 [48]
 [70]]",1,glioma,True,0,0.02191205,0,0,0,0.0,0.0,0.0
2285,"[[77]
 [82]
 [48]
 [49]
 [55]
 [50]
 [54]
 [48]
 [70]]",1,glioma,True,0,0.009459499,0,0,0,0.0,0.0,0.0
2295,"[[56]
 [56]
 [53]
 [49]
 [48]]",1,meningioma,True,0,0.043476135,0,0,0,0.19984012789768185,0.0,0.0
2311,"[[49]
 [48]
 [55]
 [52]
 [57]
 [52]]",1,meningioma,False,0,2.6846597e-05,0,0,0,0.0,0.0,0.0
2312,"[[49]
 [48]
 [55]
 [52]
 [57]
 [52]]",1,meningioma,False,0,0.00052291487,0,1,0,0.0,0.0,0.0
2313,"[[49]
 [48]
 [55]
 [52]
 [57]
 [52]]",1,meningioma,False,0,0.00041721886,0,1,0,0.0,0.0,0.0
2314,"[[49]
 [48]
 [55]
 [52]
 [57]
 [52]]",1,meningioma,True,0,0.0213233,0,0,0,0.04497041420118343,0.0,0.0
2315,"[[49]
 [48]
 [55]
 [52]
 [57]
 [52]]",1,meningioma,True,0,0.030800378,0,0,0,0.12960893854748604,0.0,0.0
2316,"[[49]
 [48]
 [55]
 [52]
 [57]
 [52]]",1,meningioma,True,0,0.017970387,0,0,0,0.015479876160990712,0.0,0.0
2326,"[[49]
 [48]
 [56]
 [53]
 [57]
 [48]]",1,meningioma,True,0,0.003944746,0,0,0,0.0,0.0,0.0
2327,"[[49]
 [48]
 [56]
 [53]
 [57]
 [48]]",1,meningioma,True,0,0.00501486,0,0,0,0.0,0.0,0.0
2379,"[[49]
 [49]
 [51]
 [52]
 [51]
 [53]]",1,meningioma,False,0,0.0037761186,0,0,0,0.0,0.0,0.0
2380,"[[49]
 [49]
 [51]
 [52]
 [51]
 [53]]",1,meningioma,True,0,0.034368765,0,0,0,0.0,0.0,0.0
2381,"[[49]
 [49]
 [51]
 [52]
 [51]
 [53]]",1,meningioma,True,0,0.022396551,0,0,0,0.0,0.0,0.0
2382,"[[49]
 [49]
 [51]
 [52]
 [51]
 [53]]",1,meningioma,False,0,0.006709228,0,0,0,0.0,0.0,0.0
2383,"[[49]
 [49]
 [51]
 [52]
 [51]
 [53]]",1,meningioma,False,0,0.009531754,0,0,0,0.0,0.0,0.0
2384,"[[49]
 [49]
 [51]
 [52]
 [51]
 [53]]",1,meningioma,False,0,0.018737372,0,0,0,0.0,0.0,0.0
2385,"[[49]
 [49]
 [51]
 [52]
 [51]
 [53]]",1,meningioma,True,0,0.04841827,0,0,0,0.0,0.0,0.0
2386,"[[49]
 [49]
 [51]
 [52]
 [51]
 [53]]",1,meningioma,True,1,0.103387974,0,0,0,0.30052440500201694,0.0,0.0
2408,"[[57]
 [55]
 [55]
 [51]
 [55]]",1,meningioma,True,0,0.061701592,0,0,0,0.013636363636363636,0.0,0.0
2409,"[[57]
 [55]
 [55]
 [51]
 [55]]",1,meningioma,True,0,0.020810392,0,0,0,0.0011474469305794606,0.0,0.0
2411,"[[57]
 [55]
 [55]
 [51]
 [55]]",1,meningioma,True,0,0.023040645,0,0,0,0.0,0.0,0.0
2412,"[[57]
 [55]
 [55]
 [51]
 [55]]",1,meningioma,True,0,0.01850613,0,0,0,0.0,0.0,0.0
2413,"[[57]
 [55]
 [55]
 [51]
 [55]]",1,meningioma,True,0,0.038804695,0,0,0,0.019550342130987292,0.0,0.0
2414,"[[57]
 [55]
 [55]
 [51]
 [55]]",1,meningioma,True,0,0.009620203,0,0,0,0.004271678769756515,0.0,0.0
2419,"[[57]
 [55]
 [57]
 [52]
 [51]]",1,meningioma,True,1,0.07740764,0,0,0,0.26120162932790225,0.2448690728945506,0.16425531914893618
2420,"[[57]
 [55]
 [57]
 [52]
 [51]]",1,meningioma,True,0,0.044851236,0,0,0,0.008874357776739842,0.0,0.0
2421,"[[49]
 [48]
 [51]
 [57]
 [50]
 [53]]",1,meningioma,False,1,0.061045922,0,0,0,0.10971524288107203,0.0,0.0
2422,"[[57]
 [55]
 [57]
 [52]
 [51]]",1,meningioma,True,0,0.071949296,0,0,0,0.15660165041260315,0.007776049766718507,0.0
2423,"[[57]
 [55]
 [57]
 [52]
 [51]]",1,meningioma,True,0,0.07604807,0,0,0,0.17402190923317684,0.05603448275862069,0.0
2424,"[[57]
 [55]
 [57]
 [52]
 [51]]",1,meningioma,True,1,0.02565548,0,0,0,0.04497867390461419,0.13049095607235142,0.0
2425,"[[57]
 [56]
 [50]
 [52]
 [49]]",1,meningioma,False,0,0.007889121,0,0,0,0.0,0.0,0.0
2426,"[[57]
 [56]
 [50]
 [52]
 [49]]",1,meningioma,False,0,0.013134697,1,0,0,0.0,0.0,0.0
2427,"[[57]
 [56]
 [50]
 [52]
 [49]]",1,meningioma,False,0,0.011121317,0,0,0,0.0,0.0,0.0
2428,"[[57]
 [56]
 [50]
 [52]
 [49]]",1,meningioma,True,0,0.07879941,0,0,0,0.07597535934291581,0.00945179584120983,0.0
2429,"[[57]
 [56]
 [50]
 [52]
 [49]]",1,meningioma,True,0,0.049903475,0,0,0,0.043455901259964,0.0,0.0
2430,"[[57]
 [56]
 [50]
 [52]
 [49]]",1,meningioma,True,0,0.03435812,0,0,1,0.012236286919831224,0.0,0.0
2431,"[[57]
 [56]
 [50]
 [52]
 [49]]",1,meningioma,True,0,0.02063243,0,0,0,0.0,0.0,0.0
2432,"[[49]
 [48]
 [51]
 [57]
 [50]
 [53]]",1,meningioma,False,0,0.022188397,0,0,0,0.0,0.0,0.0
2440,"[[57]
 [57]
 [50]
 [56]
 [56]]",1,meningioma,True,0,0.0003449054,0,0,0,0.0,0.0,0.0
2443,"[[49]
 [48]
 [51]
 [57]
 [50]
 [53]]",1,meningioma,False,1,0.04355495,0,0,0,0.17893401015228427,0.007029876977152899,0.0
2460,"[[49]
 [48]
 [49]
 [48]
 [49]
 [54]]",1,meningioma,True,0,0.020332443,0,0,0,0.0,0.0,0.0
2461,"[[49]
 [48]
 [49]
 [48]
 [49]
 [54]]",1,meningioma,True,0,0.09876191,0,0,0,0.10327811068029609,0.0013698630136986301,0.0
2462,"[[49]
 [48]
 [49]
 [48]
 [49]
 [54]]",1,meningioma,True,0,0.027328165,1,0,0,0.00022158209616662973,0.0,0.0
2463,"[[49]
 [48]
 [49]
 [48]
 [49]
 [54]]",1,meningioma,False,0,0.029033992,0,0,0,0.025883838383838384,0.0,0.0
2464,"[[49]
 [48]
 [49]
 [48]
 [56]
 [50]]",1,meningioma,True,0,0.010958825,0,0,0,0.0,0.0,0.0
2466,"[[49]
 [48]
 [49]
 [48]
 [56]
 [50]]",1,meningioma,True,0,0.03168582,0,0,0,0.022284122562674095,0.0,0.0
2467,"[[49]
 [48]
 [49]
 [49]
 [50]
 [55]]",1,meningioma,True,0,0.017170465,0,0,0,0.0,0.0,0.0
2468,"[[49]
 [48]
 [49]
 [49]
 [50]
 [55]]",1,meningioma,True,0,0.029409831,0,0,0,0.04267161410018553,0.0,0.0
2469,"[[49]
 [48]
 [49]
 [49]
 [50]
 [55]]",1,meningioma,True,1,0.02480499,0,0,0,0.23690773067331672,0.14450867052023122,0.0
2470,"[[49]
 [48]
 [49]
 [49]
 [50]
 [55]]",1,meningioma,True,1,0.011801431,0,0,0,0.16299559471365638,0.0,0.0
2499,"[[49]
 [48]
 [50]
 [57]
 [54]
 [48]]",1,meningioma,False,0,0.0041748364,0,0,0,0.0,0.0,0.0
2500,"[[49]
 [48]
 [50]
 [57]
 [54]
 [48]]",1,meningioma,False,0,0.0054189833,0,0,0,0.0,0.0,0.0
2501,"[[49]
 [48]
 [50]
 [57]
 [54]
 [48]]",1,meningioma,True,0,0.009633528,0,0,0,0.0,0.0,0.0
2502,"[[49]
 [48]
 [50]
 [57]
 [54]
 [48]]",1,meningioma,True,0,0.1046942,0,0,0,0.23524844720496896,0.0,0.0
2503,"[[49]
 [48]
 [50]
 [57]
 [54]
 [48]]",1,meningioma,False,0,0.0022077153,0,0,0,0.0,0.0,0.0
2512,"[[49]
 [48]
 [51]
 [57]
 [50]
 [53]]",1,meningioma,False,0,0.010495663,0,0,0,0.0,0.0,0.0
2513,"[[49]
 [48]
 [51]
 [57]
 [50]
 [53]]",1,meningioma,True,1,0.028086303,0,0,0,0.06727480045610035,0.0,0.0
2514,"[[49]
 [48]
 [51]
 [57]
 [50]
 [53]]",1,meningioma,True,0,0.0056936597,0,0,0,0.0,0.0,0.0
2515,"[[49]
 [48]
 [51]
 [57]
 [50]
 [53]]",1,meningioma,True,0,0.009696296,0,0,0,0.0,0.0,0.0
2547,"[[49]
 [48]
 [54]
 [54]
 [54]
 [53]]",1,meningioma,True,0,0.008945614,0,0,0,0.0,0.0,0.0
2548,"[[49]
 [48]
 [54]
 [54]
 [54]
 [53]]",1,meningioma,True,0,0.024634643,0,0,0,0.0,0.0,0.0
2549,"[[49]
 [48]
 [54]
 [54]
 [54]
 [53]]",1,meningioma,False,0,0.018414713,0,0,0,0.0,0.0,0.0
2550,"[[49]
 [48]
 [54]
 [54]
 [54]
 [53]]",1,meningioma,True,0,0.029489188,0,0,0,0.0,0.0,0.0
2551,"[[49]
 [48]
 [54]
 [54]
 [54]
 [53]]",1,meningioma,True,0,0.042929914,0,0,0,0.005275498241500586,0.0,0.0
2552,"[[49]
 [48]
 [54]
 [54]
 [54]
 [53]]",1,meningioma,True,0,0.01789596,0,0,0,0.0,0.0,0.0
2553,"[[49]
 [48]
 [54]
 [54]
 [54]
 [53]]",1,meningioma,True,0,0.024899222,0,0,0,0.0,0.0,0.0
2572,"[[49]
 [48]
 [55]
 [52]
 [57]
 [52]]",1,meningioma,True,0,0.038015053,0,0,0,0.0,0.0,0.0
2573,"[[49]
 [48]
 [55]
 [52]
 [57]
 [52]]",1,meningioma,True,0,0.024207698,0,0,0,0.0,0.0,0.0
2574,"[[49]
 [48]
 [55]
 [52]
 [57]
 [52]]",1,meningioma,True,0,0.0006371055,0,0,0,0.0,0.0,0.0
2575,"[[49]
 [48]
 [55]
 [52]
 [57]
 [52]]",1,meningioma,True,0,0.0005562989,1,0,0,0.0,0.0,0.0
2589,"[[49]
 [48]
 [56]
 [53]
 [57]
 [48]]",1,meningioma,True,0,0.0007500543,0,0,0,0.0,0.0,0.0
2590,"[[49]
 [48]
 [56]
 [53]
 [57]
 [48]]",1,meningioma,True,0,0.01339383,0,0,0,0.0,0.0,0.0
2616,"[[49]
 [49]
 [49]
 [54]
 [57]
 [54]]",1,meningioma,True,0,2.5587336e-05,0,0,0,0.0,0.0,0.0
2617,"[[49]
 [49]
 [49]
 [55]
 [49]
 [48]]",1,meningioma,True,0,0.0020981291,0,0,0,0.0,0.0,0.0
2618,"[[49]
 [49]
 [49]
 [55]
 [49]
 [48]]",1,meningioma,True,0,0.0001522435,0,0,0,0.0,0.0,0.0
2649,"[[49]
 [49]
 [51]
 [52]
 [51]
 [53]]",1,meningioma,False,0,0.010017965,0,0,0,0.0,0.0,0.0
2650,"[[49]
 [49]
 [51]
 [52]
 [51]
 [53]]",1,meningioma,True,0,0.10080776,0,0,0,0.0,0.0,0.0
2651,"[[49]
 [49]
 [51]
 [52]
 [51]
 [53]]",1,meningioma,False,0,0.040074896,0,0,1,0.0,0.0,0.0
2652,"[[49]
 [49]
 [51]
 [52]
 [51]
 [53]]",1,meningioma,True,0,0.070271164,0,0,0,0.0,0.0,0.0
2653,"[[49]
 [49]
 [51]
 [52]
 [51]
 [53]]",1,meningioma,True,1,0.086901836,0,0,0,0.007079101261926747,0.0,0.0
2655,"[[49]
 [49]
 [51]
 [52]
 [51]
 [53]]",1,meningioma,True,0,0.02225179,1,0,0,0.0,0.0,0.0
2660,"[[49]
 [49]
 [51]
 [54]
 [49]
 [52]]",1,meningioma,False,0,0.008198657,0,1,0,0.0,0.0,0.0
2661,"[[49]
 [49]
 [51]
 [54]
 [49]
 [52]]",1,meningioma,False,0,0.010354195,0,1,0,0.0,0.0,0.0
2662,"[[49]
 [49]
 [51]
 [54]
 [49]
 [52]]",1,meningioma,True,1,0.14865737,0,1,0,0.41083916083916083,0.3732227488151659,0.048426150121065374
2663,"[[49]
 [49]
 [51]
 [54]
 [49]
 [52]]",1,meningioma,True,0,0.07424015,0,1,0,0.07339449541284404,0.09232148192411115,0.03368034292712799
2696,"[[57]
 [55]
 [55]
 [51]
 [55]]",1,meningioma,False,0,0.004617645,0,0,0,0.0,0.0,0.0
2697,"[[57]
 [55]
 [55]
 [51]
 [55]]",1,meningioma,False,0,0.006042639,0,0,0,0.0,0.0,0.0
2699,"[[57]
 [55]
 [55]
 [51]
 [55]]",1,meningioma,False,0,0.0065022265,0,0,0,0.0,0.0,0.0
2700,"[[57]
 [55]
 [55]
 [51]
 [55]]",1,meningioma,True,0,0.0033837538,0,0,0,0.0,0.0,0.0
2701,"[[57]
 [55]
 [55]
 [51]
 [55]]",1,meningioma,True,0,0.006326865,0,0,0,0.0,0.0,0.0
2704,"[[57]
 [55]
 [57]
 [52]
 [51]]",1,meningioma,True,0,0.040093336,0,0,0,0.06260869565217392,0.0,0.0
2705,"[[57]
 [55]
 [57]
 [52]
 [51]]",1,meningioma,True,1,0.09340191,0,0,0,0.34665905197030267,0.015993907083015995,0.0
2706,"[[57]
 [55]
 [57]
 [52]
 [51]]",1,meningioma,True,1,0.09363909,0,0,0,0.11088295687885011,0.0,0.0
2707,"[[57]
 [55]
 [57]
 [52]
 [51]]",1,meningioma,True,0,0.047227953,0,0,0,0.004341534008683068,0.0,0.0
2708,"[[57]
 [55]
 [57]
 [52]
 [51]]",1,meningioma,True,0,0.03805165,0,0,0,0.006261180679785331,0.0,0.0
2710,"[[57]
 [56]
 [50]
 [52]
 [49]]",1,meningioma,False,0,0.015332083,0,0,0,0.0,0.0,0.0
2711,"[[57]
 [56]
 [50]
 [52]
 [49]]",1,meningioma,False,0,0.037528016,0,0,0,0.0035879036391594054,0.0,0.0
2712,"[[57]
 [56]
 [50]
 [52]
 [49]]",1,meningioma,False,0,0.017337147,0,0,0,0.0,0.0,0.0
2713,"[[57]
 [56]
 [50]
 [52]
 [49]]",1,meningioma,False,0,0.025079561,0,0,0,0.0,0.0,0.0
2714,"[[57]
 [56]
 [50]
 [52]
 [49]]",1,meningioma,False,0,0.031517364,0,0,0,0.0,0.0,0.0
2715,"[[57]
 [56]
 [50]
 [52]
 [49]]",1,meningioma,False,0,0.023589488,1,0,0,0.0,0.0,0.0
2727,"[[57]
 [57]
 [50]
 [56]
 [56]]",1,meningioma,True,0,0.0021420398,0,0,0,0.0,0.0,0.0
2742,"[[49]
 [48]
 [53]
 [57]
 [51]
 [54]]",1,pituitary,True,0,0.0034147894,0,0,0,0.0,0.0,0.0
2744,"[[49]
 [48]
 [53]
 [57]
 [51]
 [54]]",1,pituitary,True,0,0.00875307,0,0,0,0.0,0.0,0.0
2745,"[[49]
 [48]
 [53]
 [57]
 [51]
 [54]]",1,pituitary,True,0,0.002115098,0,0,0,0.0,0.0,0.0
2757,"[[49]
 [48]
 [50]
 [48]
 [55]
 [53]]",1,glioma,False,0,0.005409639,0,0,0,0.0,0.0,0.0
2758,"[[49]
 [48]
 [50]
 [48]
 [55]
 [53]]",1,glioma,False,0,0.0046715382,0,0,0,0.0,0.0,0.0
2759,"[[49]
 [48]
 [50]
 [48]
 [55]
 [53]]",1,glioma,True,0,0.0018814518,0,0,0,0.0,0.0,0.0
2765,"[[49]
 [48]
 [54]
 [54]
 [54]
 [53]]",1,meningioma,True,1,0.12259276,0,1,0,0.21379310344827587,0.09403063919704173,0.0
2776,"[[49]
 [48]
 [54]
 [54]
 [54]
 [53]]",1,meningioma,True,1,0.11343449,0,1,0,0.24912978617603182,0.14226415094339623,0.0026425066062665155
2777,"[[49]
 [49]
 [50]
 [49]
 [48]
 [53]]",1,glioma,False,0,7.74582e-05,0,0,0,0.0,0.0,0.0
2778,"[[49]
 [49]
 [50]
 [49]
 [48]
 [53]]",1,glioma,False,0,0.046552308,0,1,0,0.0,0.0,0.0
2779,"[[49]
 [49]
 [50]
 [49]
 [48]
 [53]]",1,glioma,True,0,0.034399666,0,1,0,0.0,0.0,0.0
2780,"[[49]
 [49]
 [50]
 [49]
 [48]
 [53]]",1,glioma,True,0,0.04797232,0,1,0,0.0,0.0,0.0
2781,"[[49]
 [49]
 [50]
 [49]
 [48]
 [53]]",1,glioma,True,0,0.026666956,0,1,0,0.0,0.0,0.0
2782,"[[49]
 [49]
 [50]
 [49]
 [48]
 [53]]",1,glioma,True,0,0.038576014,0,0,1,0.0,0.0,0.0
2783,"[[49]
 [49]
 [50]
 [49]
 [48]
 [53]]",1,glioma,True,0,0.03576114,0,0,0,0.0,0.0,0.0
2787,"[[49]
 [48]
 [54]
 [54]
 [54]
 [53]]",1,meningioma,True,1,0.19032879,0,1,0,0.2647702407002188,0.0862129144851658,0.0
2798,"[[49]
 [48]
 [54]
 [54]
 [54]
 [53]]",1,meningioma,True,1,0.134217,0,1,0,0.2566560170394036,0.10868733256792958,0.0
2800,"[[49]
 [48]
 [50]
 [48]
 [55]
 [53]]",1,glioma,True,0,0.0025636028,0,0,0,0.0,0.0,0.0
2801,"[[49]
 [48]
 [50]
 [48]
 [55]
 [53]]",1,glioma,True,0,0.0009839984,0,0,0,0.0,0.0,0.0
2802,"[[49]
 [48]
 [50]
 [48]
 [55]
 [53]]",1,glioma,False,0,0.004723908,0,0,0,0.0,0.0,0.0
2809,"[[49]
 [48]
 [54]
 [54]
 [54]
 [53]]",1,meningioma,True,1,0.16875722,0,1,0,0.4391821946169772,0.375704989154013,0.13895543842836608
2820,"[[49]
 [48]
 [54]
 [54]
 [54]
 [53]]",1,meningioma,True,1,0.0631491,0,1,0,0.10028116213683223,0.07981989357347523,0.038262668045501554
2822,"[[49]
 [49]
 [50]
 [49]
 [48]
 [53]]",1,glioma,False,0,0.039421294,0,0,0,0.0,0.0,0.0
2823,"[[49]
 [49]
 [50]
 [49]
 [48]
 [53]]",1,glioma,True,0,0.009120198,0,0,0,0.0,0.0,0.0
2824,"[[49]
 [49]
 [50]
 [49]
 [48]
 [53]]",1,glioma,True,0,0.0015329666,0,0,0,0.0,0.0,0.0
2825,"[[49]
 [49]
 [50]
 [49]
 [48]
 [53]]",1,glioma,True,0,0.011710253,0,0,0,0.0,0.0,0.0
2826,"[[49]
 [49]
 [50]
 [49]
 [48]
 [53]]",1,glioma,True,0,0.021746736,0,0,1,0.0,0.0,0.0
2827,"[[49]
 [49]
 [50]
 [49]
 [48]
 [53]]",1,glioma,True,0,0.022439916,0,1,0,0.0,0.0,0.0
2828,"[[49]
 [49]
 [50]
 [49]
 [48]
 [53]]",1,glioma,False,0,0.019922435,0,1,0,0.0,0.0,0.0
2829,"[[49]
 [49]
 [50]
 [49]
 [48]
 [53]]",1,glioma,True,0,0.034881603,0,0,0,0.0,0.0,0.0
2830,"[[49]
 [49]
 [50]
 [49]
 [48]
 [53]]",1,glioma,True,0,0.03688027,0,1,0,0.011178777008425794,0.0,0.0
2831,"[[49]
 [48]
 [54]
 [54]
 [54]
 [53]]",1,meningioma,True,0,0.03973645,0,0,0,0.08760833918950574,0.21333333333333335,0.0
2832,"[[49]
 [49]
 [50]
 [49]
 [48]
 [53]]",1,glioma,True,0,0.021226354,0,0,0,0.0023486708658054874,0.0,0.0
2833,"[[49]
 [49]
 [50]
 [49]
 [48]
 [53]]",1,glioma,True,0,0.0036276288,0,0,0,0.0,0.0,0.0
2853,"[[57]
 [51]
 [56]
 [50]
 [53]]",1,glioma,False,0,0.010319505,0,0,0,0.0,0.0,0.0
2855,"[[57]
 [51]
 [56]
 [50]
 [53]]",1,glioma,False,0,0.007997512,0,0,0,0.0,0.0,0.0
2856,"[[57]
 [51]
 [56]
 [50]
 [53]]",1,glioma,True,0,0.0013188453,0,0,0,0.0,0.0,0.0
2863,"[[49]
 [48]
 [48]
 [52]
 [49]
 [54]]",1,glioma,True,0,0.0022651476,0,0,0,0.0,0.0,0.0
2864,"[[49]
 [48]
 [48]
 [52]
 [49]
 [54]]",1,glioma,True,0,0.013906029,0,0,0,0.015302727877578177,0.0,0.0
2866,"[[49]
 [48]
 [48]
 [52]
 [49]
 [54]]",1,glioma,True,0,0.0186825,0,0,0,0.004536082474226804,0.0,0.0
2867,"[[49]
 [48]
 [48]
 [52]
 [49]
 [54]]",1,glioma,True,0,0.009570297,0,0,0,0.008544921875,0.0,0.0
2884,"[[49]
 [48]
 [50]
 [48]
 [55]
 [53]]",1,glioma,True,0,0.000557572,0,0,0,0.0,0.0,0.0
2885,"[[49]
 [48]
 [50]
 [48]
 [55]
 [53]]",1,glioma,True,0,0.00032373244,0,0,0,0.0,0.0,0.0
2886,"[[49]
 [48]
 [50]
 [48]
 [55]
 [53]]",1,glioma,True,0,0.004643718,0,0,0,0.0,0.0,0.0
2908,"[[49]
 [49]
 [50]
 [49]
 [48]
 [53]]",1,glioma,True,0,0.03822731,0,1,0,0.0011106175033318525,0.0,0.0
2910,"[[49]
 [49]
 [50]
 [49]
 [48]
 [53]]",1,glioma,False,0,0.03584931,0,1,0,0.0,0.0,0.0
2911,"[[49]
 [49]
 [50]
 [49]
 [48]
 [53]]",1,glioma,False,0,0.023522153,0,1,1,0.0,0.0,0.0
2912,"[[49]
 [49]
 [50]
 [49]
 [48]
 [53]]",1,glioma,False,0,0.075402066,0,1,0,0.0,0.0,0.0
2913,"[[49]
 [49]
 [50]
 [49]
 [48]
 [53]]",1,glioma,True,0,0.08044589,0,1,0,0.051949751373985865,0.0,0.0
2914,"[[49]
 [49]
 [50]
 [49]
 [48]
 [53]]",1,glioma,True,0,0.051531665,0,1,0,0.0,0.0,0.0
2940,"[[57]
 [51]
 [56]
 [50]
 [53]]",1,glioma,False,0,0.004124428,0,0,0,0.0,0.0,0.0
2941,"[[57]
 [51]
 [56]
 [50]
 [53]]",1,glioma,False,0,0.016849907,0,1,0,0.0,0.0,0.0
2943,"[[57]
 [51]
 [56]
 [50]
 [53]]",1,glioma,True,0,0.023531698,0,1,0,0.03317393903167962,0.0,0.0
2944,"[[57]
 [51]
 [56]
 [50]
 [53]]",1,glioma,True,0,0.006633621,0,0,0,0.0,0.0,0.0
2953,"[[49]
 [48]
 [49]
 [48]
 [49]
 [54]]",1,meningioma,False,0,0.00418884,0,1,0,0.0,0.0,0.0
2974,"[[49]
 [48]
 [53]
 [57]
 [51]
 [54]]",1,pituitary,True,0,0.0024841838,0,0,0,0.0,0.0,0.0
2975,"[[49]
 [48]
 [53]
 [57]
 [51]
 [54]]",1,pituitary,True,0,0.002465733,0,0,0,0.0,0.0,0.0
2977,"[[49]
 [48]
 [53]
 [57]
 [51]
 [54]]",1,pituitary,True,0,0.0018308032,0,0,0,0.0,0.0,0.0
2978,"[[49]
 [48]
 [53]
 [57]
 [51]
 [54]]",1,pituitary,True,0,0.002422023,0,0,0,0.0,0.0,0.0
3027,"[[49]
 [48]
 [57]
 [56]
 [57]
 [56]]",1,pituitary,True,0,0.0037813624,0,0,0,0.0,0.0,0.0
3028,"[[49]
 [48]
 [57]
 [56]
 [57]
 [56]]",1,pituitary,True,0,0.0029380596,0,0,0,0.0,0.0,0.0
3029,"[[49]
 [48]
 [57]
 [56]
 [57]
 [56]]",1,pituitary,True,0,0.019568175,0,0,0,0.0,0.0,0.0
3030,"[[49]
 [48]
 [57]
 [56]
 [57]
 [56]]",1,pituitary,True,0,0.005985373,0,0,0,0.0,0.0,0.0
3032,"[[49]
 [48]
 [57]
 [56]
 [57]
 [56]]",1,pituitary,True,0,0.000981395,0,0,0,0.0,0.0,0.0
3033,"[[49]
 [48]
 [57]
 [56]
 [57]
 [56]]",1,pituitary,True,0,0.0,0,0,0,0.0,0.0,0.0
3038,"[[49]
 [49]
 [48]
 [57]
 [57]
 [51]]",1,pituitary,True,0,0.00078867533,0,0,0,0.0,0.0,0.0
3039,"[[49]
 [49]
 [48]
 [57]
 [57]
 [51]]",1,pituitary,True,0,0.0010715212,0,0,0,0.0,0.0,0.0
3040,"[[49]
 [49]
 [48]
 [57]
 [57]
 [51]]",1,pituitary,True,0,0.0068836794,0,0,0,0.0,0.0,0.0
3041,"[[49]
 [49]
 [48]
 [57]
 [57]
 [51]]",1,pituitary,True,0,0.006954837,0,0,0,0.0,0.0,0.0
3053,"[[49]
 [48]
 [55]
 [52]
 [57]
 [52]]",1,meningioma,True,0,0.018503768,0,0,0,0.07235528942115768,0.02734375,0.0
0,"[[49]
 [48]
 [48]
 [51]
 [54]
 [48]]",2,meningioma,True,1,0.1151844,0,0,0,0.3299065420560748,0.5255639097744361,0.2565674255691769
6,"[[49]
 [49]
 [50]
 [55]
 [52]
 [54]]",2,pituitary,True,0,0.002785109,0,0,0,0.0,0.0,0.0
7,"[[49]
 [49]
 [50]
 [55]
 [52]
 [54]]",2,pituitary,True,0,0.0029139093,0,0,0,0.0,0.0,0.0
8,"[[49]
 [49]
 [50]
 [55]
 [52]
 [54]]",2,pituitary,True,0,0.003329734,0,0,0,0.0,0.0,0.0
30,"[[49]
 [48]
 [49]
 [48]
 [49]
 [55]]",2,pituitary,True,0,0.0058088633,0,0,0,0.0,0.0,0.0
31,"[[49]
 [48]
 [49]
 [48]
 [49]
 [55]]",2,pituitary,True,0,0.01473269,0,0,0,0.0421455938697318,0.0,0.0
32,"[[49]
 [48]
 [49]
 [48]
 [49]
 [55]]",2,pituitary,True,0,0.009776052,0,0,0,0.012488849241748439,0.0,0.0
33,"[[49]
 [48]
 [49]
 [48]
 [49]
 [55]]",2,pituitary,True,0,0.006355099,0,0,0,0.025423728813559324,0.0,0.0
34,"[[49]
 [48]
 [49]
 [48]
 [49]
 [55]]",2,pituitary,True,0,0.0025919813,0,0,0,0.0,0.0,0.0
36,"[[49]
 [48]
 [49]
 [48]
 [50]
 [57]]",2,pituitary,True,0,0.010060347,0,0,0,0.0,0.0,0.0
37,"[[49]
 [48]
 [49]
 [48]
 [50]
 [57]]",2,pituitary,True,0,0.014966892,0,0,0,0.0,0.0,0.0
38,"[[49]
 [48]
 [49]
 [48]
 [50]
 [57]]",2,pituitary,True,0,0.018913854,0,0,0,0.0,0.0,0.0
39,"[[49]
 [48]
 [49]
 [48]
 [50]
 [57]]",2,pituitary,True,0,0.015962759,0,0,0,0.0,0.0,0.0
41,"[[49]
 [48]
 [54]
 [48]
 [54]
 [50]]",2,pituitary,True,0,0.031068057,0,1,0,0.0902200488997555,0.0,0.0
42,"[[49]
 [48]
 [54]
 [48]
 [54]
 [50]]",2,pituitary,True,0,0.041136507,0,1,0,0.07119529719137818,0.0,0.0
43,"[[49]
 [48]
 [54]
 [48]
 [54]
 [50]]",2,pituitary,True,0,0.039973497,0,1,0,0.05046664362253716,0.0,0.0
44,"[[49]
 [48]
 [54]
 [48]
 [54]
 [50]]",2,pituitary,True,1,0.059398387,0,1,0,0.22597344136844474,0.08692933083176986,0.0
45,"[[49]
 [48]
 [54]
 [48]
 [54]
 [50]]",2,pituitary,True,0,0.03808135,0,1,0,0.11139747995418099,0.0,0.0
46,"[[49]
 [48]
 [56]
 [53]
 [49]
 [52]]",2,meningioma,True,0,0.00490982,0,0,0,0.0,0.0,0.0
47,"[[49]
 [48]
 [54]
 [48]
 [54]
 [50]]",2,pituitary,True,1,0.0439485,0,1,0,0.19806763285024154,0.042735042735042736,0.0
48,"[[49]
 [48]
 [54]
 [48]
 [54]
 [50]]",2,pituitary,True,1,0.024042958,0,1,0,0.19047619047619047,0.22098214285714285,0.0
57,"[[49]
 [48]
 [56]
 [53]
 [49]
 [52]]",2,meningioma,True,0,0.063155256,0,0,0,0.06788940596769778,0.0,0.0
62,"[[49]
 [48]
 [55]
 [53]
 [48]
 [53]]",2,pituitary,True,0,0.021732803,0,1,0,0.04472091459314055,0.0,0.0
63,"[[49]
 [48]
 [55]
 [53]
 [48]
 [53]]",2,pituitary,True,0,0.035642248,0,1,0,0.2680878552971576,0.0,0.0
64,"[[49]
 [48]
 [55]
 [53]
 [48]
 [53]]",2,pituitary,True,1,0.040517174,0,1,0,0.08848235952958745,0.08223429014740109,0.0
65,"[[49]
 [48]
 [55]
 [53]
 [48]
 [53]]",2,pituitary,True,0,0.016705962,0,1,0,0.0,0.0,0.0
66,"[[49]
 [48]
 [55]
 [53]
 [48]
 [53]]",2,pituitary,False,0,9.9033045e-05,0,0,0,0.0,0.0,0.0
67,"[[49]
 [48]
 [55]
 [55]
 [52]
 [51]]",2,pituitary,True,0,0.017640578,0,1,0,0.004329941545789132,0.0,0.0
68,"[[49]
 [48]
 [56]
 [53]
 [49]
 [52]]",2,meningioma,True,0,0.048392273,0,0,0,0.0,0.0,0.0
69,"[[49]
 [48]
 [55]
 [55]
 [52]
 [51]]",2,pituitary,True,0,0.022248233,0,1,0,0.014526201466196036,0.0,0.0
70,"[[49]
 [48]
 [55]
 [55]
 [52]
 [51]]",2,pituitary,True,0,0.011358251,0,1,0,0.0,0.0,0.0
71,"[[49]
 [48]
 [55]
 [55]
 [52]
 [51]]",2,pituitary,True,1,0.022925597,0,1,0,0.06816976127320955,0.00911854103343465,0.0
72,"[[49]
 [48]
 [55]
 [55]
 [52]
 [51]]",2,pituitary,True,0,0.020822193,0,1,0,0.04389420371412493,0.0,0.0
73,"[[49]
 [48]
 [55]
 [55]
 [52]
 [51]]",2,pituitary,True,0,0.0059480444,0,0,0,0.04482758620689655,0.0,0.0
74,"[[49]
 [48]
 [56]
 [56]
 [53]
 [56]]",2,pituitary,True,0,0.013938096,0,1,0,0.0,0.0,0.0
75,"[[49]
 [48]
 [56]
 [56]
 [53]
 [56]]",2,pituitary,True,0,0.010879256,0,1,0,0.0,0.0,0.0
76,"[[49]
 [48]
 [56]
 [56]
 [53]
 [56]]",2,pituitary,True,0,0.017260112,0,1,0,0.04195205479452055,0.0,0.0
77,"[[49]
 [48]
 [56]
 [56]
 [53]
 [56]]",2,pituitary,True,0,0.0067150667,0,0,0,0.032357473035439135,0.0,0.0
78,"[[49]
 [48]
 [56]
 [56]
 [53]
 [56]]",2,pituitary,True,0,0.004940717,0,1,0,0.0,0.0,0.0
79,"[[49]
 [48]
 [56]
 [53]
 [49]
 [52]]",2,meningioma,True,1,0.1486497,0,0,0,0.47745013009540327,0.1423712342079689,0.0
90,"[[49]
 [48]
 [56]
 [53]
 [49]
 [52]]",2,meningioma,True,0,0.030618591,0,0,0,0.003337612323491656,0.0,0.0
101,"[[49]
 [48]
 [56]
 [53]
 [49]
 [52]]",2,meningioma,True,0,0.020308644,0,0,0,0.0,0.0,0.0
113,"[[49]
 [48]
 [56]
 [53]
 [49]
 [52]]",2,meningioma,True,0,0.007039226,0,0,0,0.00028768699654775604,0.0,0.0
145,"[[49]
 [49]
 [50]
 [48]
 [55]
 [52]]",2,pituitary,False,0,0.00010128476,0,1,0,0.0,0.0,0.0
147,"[[49]
 [49]
 [50]
 [48]
 [55]
 [52]]",2,pituitary,False,0,9.027684e-05,0,1,0,0.0,0.0,0.0
148,"[[49]
 [49]
 [50]
 [48]
 [55]
 [52]]",2,pituitary,False,0,2.1904003e-05,0,1,0,0.0,0.0,0.0
149,"[[49]
 [49]
 [50]
 [48]
 [55]
 [52]]",2,pituitary,False,0,3.5938614e-05,0,1,1,0.0,0.0,0.0
150,"[[49]
 [49]
 [50]
 [48]
 [55]
 [52]]",2,pituitary,False,0,1.6713759e-05,0,1,0,0.0,0.0,0.0
158,"[[49]
 [49]
 [50]
 [55]
 [52]
 [54]]",2,pituitary,True,0,0.013069166,0,1,0,0.04095826893353941,0.0,0.0
159,"[[49]
 [49]
 [50]
 [55]
 [52]
 [54]]",2,pituitary,True,0,0.009100813,0,1,0,0.0,0.0,0.0
160,"[[49]
 [49]
 [50]
 [55]
 [52]
 [54]]",2,pituitary,True,0,0.010630855,0,1,0,0.044514388489208634,0.0,0.0
161,"[[49]
 [49]
 [50]
 [55]
 [52]
 [54]]",2,pituitary,True,0,0.029225834,0,1,0,0.1032069970845481,0.0,0.0
189,"[[49]
 [48]
 [54]
 [48]
 [54]
 [50]]",2,pituitary,True,0,0.012997204,0,0,0,0.011516314779270634,0.0,0.0
191,"[[49]
 [48]
 [54]
 [48]
 [54]
 [50]]",2,pituitary,True,0,0.013446279,0,0,0,0.0,0.0,0.0
192,"[[49]
 [48]
 [54]
 [48]
 [54]
 [50]]",2,pituitary,True,0,0.013625495,0,0,0,0.0,0.0,0.0
193,"[[49]
 [48]
 [54]
 [48]
 [54]
 [50]]",2,pituitary,True,0,0.013092941,0,0,0,0.0,0.0,0.0
194,"[[49]
 [48]
 [54]
 [48]
 [54]
 [50]]",2,pituitary,True,0,0.014519873,0,0,0,0.0,0.0,0.0
195,"[[49]
 [48]
 [54]
 [48]
 [54]
 [50]]",2,pituitary,True,0,0.011792495,0,0,1,0.0,0.0,0.0
196,"[[49]
 [48]
 [54]
 [48]
 [54]
 [50]]",2,pituitary,True,0,0.011514464,0,0,0,0.000715307582260372,0.0,0.0
211,"[[49]
 [48]
 [55]
 [53]
 [48]
 [53]]",2,pituitary,True,0,0.007479688,0,0,0,0.0,0.0,0.0
212,"[[49]
 [48]
 [57]
 [52]
 [49]
 [49]]",2,meningioma,True,0,0.0010582212,0,0,0,0.0,0.0,0.0
213,"[[49]
 [48]
 [55]
 [53]
 [48]
 [53]]",2,pituitary,True,0,0.013247491,0,0,0,0.0006765899864682003,0.0,0.0
214,"[[49]
 [48]
 [55]
 [53]
 [48]
 [53]]",2,pituitary,True,0,0.007564635,0,0,0,0.0,0.0,0.0
215,"[[49]
 [48]
 [55]
 [53]
 [48]
 [53]]",2,pituitary,True,0,0.009526726,0,0,0,0.0,0.0,0.0
216,"[[49]
 [48]
 [55]
 [53]
 [48]
 [53]]",2,pituitary,True,0,0.008224667,0,0,0,0.0,0.0,0.0
217,"[[49]
 [48]
 [55]
 [55]
 [52]
 [51]]",2,pituitary,True,0,0.008649441,0,0,0,0.002602472348731295,0.0,0.0
218,"[[49]
 [48]
 [55]
 [55]
 [52]
 [51]]",2,pituitary,True,0,0.0077814045,0,0,0,0.0,0.0,0.0
219,"[[49]
 [48]
 [55]
 [55]
 [52]
 [51]]",2,pituitary,True,0,0.005668966,0,0,0,0.0,0.0,0.0
220,"[[49]
 [48]
 [55]
 [55]
 [52]
 [51]]",2,pituitary,True,0,0.009528113,0,0,0,0.0,0.0,0.0
221,"[[49]
 [48]
 [56]
 [56]
 [53]
 [56]]",2,pituitary,True,0,0.01027173,0,0,0,0.04784688995215311,0.061855670103092786,0.0
222,"[[49]
 [48]
 [56]
 [56]
 [53]
 [56]]",2,pituitary,True,0,0.0066022924,0,0,0,0.0,0.0,0.0
224,"[[49]
 [48]
 [57]
 [57]
 [54]
 [56]]",2,meningioma,True,0,0.0361519,0,0,0,0.04045484364749617,0.0,0.0
225,"[[49]
 [48]
 [56]
 [56]
 [53]
 [56]]",2,pituitary,True,0,0.0075542326,0,0,0,0.0,0.0,0.0
226,"[[49]
 [48]
 [56]
 [56]
 [53]
 [56]]",2,pituitary,True,0,0.010402802,0,0,0,0.03824521934758155,0.0,0.0
227,"[[49]
 [48]
 [56]
 [56]
 [53]
 [56]]",2,pituitary,True,0,0.00735466,0,0,0,0.01940755873340143,0.0,0.0
235,"[[49]
 [48]
 [57]
 [57]
 [54]
 [56]]",2,meningioma,False,0,0.0010995393,0,0,0,0.0,0.0,0.0
246,"[[49]
 [48]
 [57]
 [57]
 [54]
 [56]]",2,meningioma,False,0,0.000653633,0,0,0,0.0,0.0,0.0
257,"[[49]
 [48]
 [57]
 [57]
 [54]
 [56]]",2,meningioma,True,0,0.018885346,0,0,0,0.0,0.0,0.0
268,"[[49]
 [49]
 [48]
 [49]
 [49]
 [54]]",2,meningioma,False,1,0.04534884,0,0,0,0.07033639143730887,0.0,0.0
275,"[[49]
 [49]
 [50]
 [48]
 [55]
 [52]]",2,pituitary,False,0,0.0025370442,0,0,0,0.0,0.0,0.0
276,"[[49]
 [49]
 [50]
 [48]
 [55]
 [52]]",2,pituitary,False,0,0.015127708,0,0,0,0.01179245283018868,0.0,0.0
277,"[[49]
 [49]
 [50]
 [48]
 [55]
 [52]]",2,pituitary,False,0,0.0060485527,0,0,0,0.0,0.0,0.0
278,"[[49]
 [49]
 [50]
 [48]
 [55]
 [52]]",2,pituitary,False,0,0.012946504,0,0,0,0.0,0.0,0.0
280,"[[49]
 [49]
 [50]
 [48]
 [55]
 [52]]",2,pituitary,False,0,0.0027169723,0,0,0,0.0,0.0,0.0
286,"[[49]
 [49]
 [50]
 [55]
 [52]
 [54]]",2,pituitary,True,0,0.0049170293,0,0,0,0.007760962359332557,0.0,0.0
287,"[[49]
 [49]
 [50]
 [55]
 [52]
 [54]]",2,pituitary,True,0,0.003123364,0,0,0,0.0,0.0,0.0
288,"[[49]
 [49]
 [50]
 [55]
 [52]
 [54]]",2,pituitary,True,0,0.0029754564,0,0,0,0.0,0.0,0.0
289,"[[49]
 [49]
 [50]
 [55]
 [52]
 [54]]",2,pituitary,True,0,0.0031909226,0,0,0,0.0,0.0,0.0
291,"[[49]
 [49]
 [50]
 [55]
 [52]
 [54]]",2,pituitary,True,0,0.0041306615,0,0,0,0.0,0.0,0.0
316,"[[49]
 [48]
 [49]
 [48]
 [50]
 [57]]",2,pituitary,True,0,0.0054737516,0,0,0,0.0,0.0,0.0
317,"[[49]
 [48]
 [49]
 [48]
 [50]
 [57]]",2,pituitary,True,0,0.007246237,0,0,0,0.0,0.0,0.0
347,"[[49]
 [48]
 [51]
 [52]
 [55]
 [56]]",2,pituitary,True,0,0.0109475525,0,0,0,0.0,0.0,0.0
348,"[[49]
 [48]
 [51]
 [52]
 [55]
 [56]]",2,pituitary,True,0,0.039780874,0,0,0,0.12968299711815562,0.0,0.0
349,"[[49]
 [48]
 [51]
 [52]
 [55]
 [56]]",2,pituitary,True,0,0.007949674,1,0,0,0.0,0.0,0.0
350,"[[49]
 [48]
 [51]
 [52]
 [55]
 [56]]",2,pituitary,True,0,0.009191488,0,0,0,0.0,0.0,0.0
351,"[[49]
 [48]
 [51]
 [52]
 [55]
 [56]]",2,pituitary,True,0,0.006113749,0,0,0,0.0,0.0,0.0
352,"[[49]
 [48]
 [51]
 [52]
 [55]
 [56]]",2,pituitary,True,0,0.012897455,0,0,0,0.0,0.0,0.0
353,"[[49]
 [48]
 [51]
 [52]
 [55]
 [56]]",2,pituitary,True,0,0.0069419546,0,0,0,0.0,0.0,0.0
411,"[[49]
 [48]
 [52]
 [57]
 [49]
 [50]]",2,pituitary,True,0,0.0018184497,0,0,0,0.0,0.0,0.0
413,"[[49]
 [48]
 [52]
 [57]
 [49]
 [50]]",2,pituitary,True,0,0.007966713,0,0,0,0.0,0.0,0.0
414,"[[49]
 [48]
 [52]
 [57]
 [49]
 [50]]",2,pituitary,True,0,0.0019312041,0,0,0,0.0,0.0,0.0
415,"[[49]
 [48]
 [52]
 [57]
 [49]
 [50]]",2,pituitary,True,0,0.004038027,0,0,0,0.0,0.0,0.0
416,"[[49]
 [48]
 [52]
 [57]
 [49]
 [50]]",2,pituitary,True,0,0.0058386037,0,0,0,0.0,0.0,0.0
424,"[[49]
 [48]
 [53]
 [53]
 [51]
 [56]]",2,pituitary,False,0,0.00034046746,0,1,0,0.0,0.0,0.0
425,"[[49]
 [48]
 [53]
 [53]
 [51]
 [56]]",2,pituitary,False,0,0.000103066195,0,0,0,0.0,0.0,0.0
426,"[[49]
 [48]
 [53]
 [53]
 [51]
 [56]]",2,pituitary,False,0,0.005721443,0,0,0,0.0,0.0,0.0
430,"[[57]
 [55]
 [52]
 [49]
 [54]]",2,pituitary,True,0,0.0034030946,0,0,0,0.0,0.0,0.0
431,"[[57]
 [55]
 [52]
 [49]
 [54]]",2,pituitary,True,0,0.0021435881,0,0,0,0.0,0.0,0.0
432,"[[57]
 [55]
 [52]
 [49]
 [54]]",2,pituitary,True,0,0.0036542895,0,0,0,0.0,0.0,0.0
433,"[[57]
 [55]
 [52]
 [49]
 [54]]",2,pituitary,True,0,0.0058577326,0,0,0,0.0,0.0,0.0
435,"[[57]
 [55]
 [52]
 [49]
 [54]]",2,pituitary,True,0,0.014033979,0,0,0,0.0,0.0,0.0
436,"[[57]
 [55]
 [52]
 [49]
 [54]]",2,pituitary,True,0,0.019017845,0,0,0,0.0,0.0,0.0
437,"[[57]
 [55]
 [52]
 [49]
 [54]]",2,pituitary,True,0,0.007270914,0,0,0,0.0,0.0,0.0
438,"[[57]
 [55]
 [52]
 [49]
 [54]]",2,pituitary,True,0,0.007881473,0,0,0,0.0,0.0,0.0
439,"[[57]
 [55]
 [52]
 [49]
 [54]]",2,pituitary,True,0,0.0018374192,0,0,0,0.0,0.0,0.0
455,"[[57]
 [55]
 [53]
 [57]
 [57]]",2,pituitary,False,0,4.72776e-06,0,0,0,0.0,0.0,0.0
456,"[[57]
 [55]
 [53]
 [57]
 [57]]",2,pituitary,False,0,0.0017267512,0,0,0,0.0,0.0,0.0
473,"[[57]
 [56]
 [56]
 [55]
 [49]]",2,pituitary,True,0,0.0013555059,0,0,0,0.0,0.0,0.0
474,"[[57]
 [56]
 [56]
 [55]
 [49]]",2,pituitary,True,0,0.0063239397,0,0,0,0.0,0.0,0.0
475,"[[57]
 [56]
 [56]
 [55]
 [49]]",2,pituitary,True,0,0.01536774,0,0,0,0.0,0.0,0.0
476,"[[57]
 [56]
 [56]
 [55]
 [49]]",2,pituitary,True,0,0.01339212,0,0,0,0.0,0.0,0.0
477,"[[57]
 [56]
 [56]
 [55]
 [49]]",2,pituitary,True,0,0.015626388,0,0,0,0.0059508408796895215,0.0,0.0
478,"[[57]
 [56]
 [56]
 [55]
 [49]]",2,pituitary,True,0,0.0027431971,0,0,0,0.0,0.0,0.0
485,"[[57]
 [56]
 [57]
 [57]
 [50]]",2,pituitary,True,0,0.039630584,0,0,0,0.15512353179424868,0.001095290251916758,0.0
486,"[[57]
 [56]
 [57]
 [57]
 [50]]",2,pituitary,True,1,0.04030809,0,0,0,0.057794273594909865,0.0010152284263959391,0.0
487,"[[57]
 [56]
 [57]
 [57]
 [50]]",2,pituitary,True,0,0.019173596,0,0,0,0.028488652824722356,0.0,0.0
488,"[[57]
 [56]
 [57]
 [57]
 [50]]",2,pituitary,True,0,0.031943507,0,0,0,0.07839595375722544,0.013793103448275862,0.0
489,"[[57]
 [56]
 [57]
 [57]
 [50]]",2,pituitary,True,0,0.037212126,0,0,0,0.0,0.0,0.0
491,"[[57]
 [56]
 [57]
 [57]
 [50]]",2,pituitary,True,0,0.006075188,0,0,0,0.0,0.0,0.0
492,"[[57]
 [56]
 [57]
 [57]
 [50]]",2,pituitary,True,0,0.0034141203,0,0,0,0.0,0.0,0.0
508,"[[49]
 [48]
 [49]
 [48]
 [49]
 [55]]",2,pituitary,True,0,0.0048358403,0,1,0,0.0,0.0,0.0
509,"[[49]
 [48]
 [49]
 [48]
 [49]
 [55]]",2,pituitary,True,0,0.004482319,0,0,0,0.0,0.0,0.0
510,"[[49]
 [48]
 [49]
 [48]
 [49]
 [55]]",2,pituitary,True,0,0.0073505365,0,0,0,0.0,0.0,0.0
511,"[[49]
 [48]
 [49]
 [48]
 [49]
 [55]]",2,pituitary,True,0,0.007460553,0,0,0,0.0,0.0,0.0
513,"[[49]
 [48]
 [49]
 [48]
 [49]
 [55]]",2,pituitary,True,0,0.005456439,0,1,0,0.0,0.0,0.0
514,"[[49]
 [48]
 [49]
 [48]
 [49]
 [55]]",2,pituitary,True,0,0.02046847,0,0,0,0.11964038727524205,0.0,0.0
515,"[[49]
 [48]
 [49]
 [48]
 [50]
 [57]]",2,pituitary,True,1,0.018605273,0,1,0,0.0627526806117068,0.12887438825448613,0.0
516,"[[49]
 [48]
 [49]
 [48]
 [50]
 [57]]",2,pituitary,True,1,0.036846187,0,1,0,0.17242217898832685,0.2986857825567503,0.0
517,"[[49]
 [48]
 [49]
 [48]
 [50]
 [57]]",2,pituitary,True,1,0.036602106,0,1,0,0.0842911877394636,0.493576017130621,0.08053691275167785
518,"[[49]
 [48]
 [49]
 [48]
 [50]
 [57]]",2,pituitary,True,1,0.021802057,0,1,0,0.020736971939562133,0.05678537054860443,0.021649484536082474
519,"[[49]
 [48]
 [49]
 [48]
 [50]
 [57]]",2,pituitary,True,0,0.016443133,0,1,0,0.031198686371100164,0.0,0.0
520,"[[49]
 [48]
 [49]
 [48]
 [50]
 [57]]",2,pituitary,True,0,0.009031473,0,0,0,0.0,0.0,0.0
554,"[[49]
 [48]
 [51]
 [52]
 [55]
 [56]]",2,pituitary,True,0,0.010030206,1,0,0,0.0014566642388929353,0.0,0.0
555,"[[49]
 [48]
 [51]
 [52]
 [55]
 [56]]",2,pituitary,True,0,0.021521516,0,1,0,0.0,0.0,0.0
558,"[[49]
 [48]
 [51]
 [52]
 [55]
 [56]]",2,pituitary,True,0,0.030899053,0,1,0,0.045335658238884045,0.0,0.0
559,"[[49]
 [48]
 [51]
 [52]
 [55]
 [56]]",2,pituitary,True,0,0.022275627,0,1,0,0.0,0.0,0.0
560,"[[49]
 [48]
 [51]
 [52]
 [55]
 [56]]",2,pituitary,True,0,0.027744602,0,1,0,0.005877413937867338,0.0,0.0
561,"[[49]
 [48]
 [51]
 [52]
 [55]
 [56]]",2,pituitary,True,0,0.024172224,0,1,0,0.0,0.0,0.0
562,"[[49]
 [48]
 [51]
 [52]
 [55]
 [56]]",2,pituitary,True,0,0.02548903,0,1,0,0.0,0.0,0.0
563,"[[49]
 [48]
 [51]
 [52]
 [55]
 [56]]",2,pituitary,True,0,0.017158052,0,1,0,0.0,0.0,0.0
615,"[[49]
 [48]
 [52]
 [57]
 [49]
 [50]]",2,pituitary,False,0,0.002824378,0,1,0,0.0,0.0,0.0
616,"[[49]
 [48]
 [52]
 [57]
 [49]
 [50]]",2,pituitary,True,0,0.015480271,0,1,0,0.021739130434782608,0.0,0.0
617,"[[49]
 [48]
 [52]
 [57]
 [49]
 [50]]",2,pituitary,True,0,0.017735444,0,1,0,0.05041064854148966,0.0,0.0
618,"[[49]
 [48]
 [52]
 [57]
 [49]
 [50]]",2,pituitary,True,0,0.018550148,0,1,0,0.09952324195470799,0.0,0.0
619,"[[49]
 [48]
 [52]
 [57]
 [49]
 [50]]",2,pituitary,True,0,0.0067318133,0,1,0,0.0,0.0,0.0
630,"[[49]
 [48]
 [53]
 [53]
 [51]
 [56]]",2,pituitary,False,0,0.00059159513,0,0,0,0.0,0.0,0.0
631,"[[49]
 [48]
 [53]
 [53]
 [51]
 [56]]",2,pituitary,False,0,0.0003188182,0,1,0,0.0,0.0,0.0
638,"[[57]
 [55]
 [52]
 [49]
 [54]]",2,pituitary,True,0,0.002532412,0,0,0,0.0,0.0,0.0
639,"[[57]
 [55]
 [52]
 [49]
 [54]]",2,pituitary,True,0,0.014089198,0,1,0,0.000882223202470225,0.0,0.0
640,"[[57]
 [55]
 [52]
 [49]
 [54]]",2,pituitary,True,0,0.024679706,0,1,0,0.02697342324474415,0.0,0.0
641,"[[57]
 [55]
 [52]
 [49]
 [54]]",2,pituitary,True,0,0.018810645,0,1,0,0.03130622526088521,0.0,0.0
642,"[[57]
 [55]
 [52]
 [49]
 [54]]",2,pituitary,True,0,0.028619744,0,1,0,0.14910921766072813,0.0,0.0
643,"[[57]
 [55]
 [52]
 [49]
 [54]]",2,pituitary,True,1,0.04056147,0,1,0,0.18262586377097728,0.07897934386391252,0.0
644,"[[57]
 [55]
 [52]
 [49]
 [54]]",2,pituitary,True,1,0.027290104,0,1,0,0.14739884393063585,0.011363636363636364,0.0
646,"[[57]
 [55]
 [52]
 [49]
 [54]]",2,pituitary,True,0,0.03101873,0,1,0,0.06218905472636816,0.0,0.0
661,"[[57]
 [55]
 [53]
 [57]
 [57]]",2,pituitary,True,0,0.0033594104,0,1,0,0.0,0.0,0.0
662,"[[57]
 [55]
 [53]
 [57]
 [57]]",2,pituitary,True,0,0.0026975784,0,1,0,0.0,0.0,0.0
678,"[[57]
 [56]
 [56]
 [55]
 [49]]",2,pituitary,True,0,0.003210947,0,0,0,0.0,0.0,0.0
680,"[[57]
 [56]
 [56]
 [55]
 [49]]",2,pituitary,True,0,0.00950666,0,1,0,0.0,0.0,0.0
681,"[[57]
 [56]
 [56]
 [55]
 [49]]",2,pituitary,True,0,0.016062101,0,0,0,0.0068308838749741255,0.0,0.0
682,"[[57]
 [56]
 [56]
 [55]
 [49]]",2,pituitary,True,0,0.019784242,0,1,0,0.0,0.0,0.0
683,"[[57]
 [56]
 [56]
 [55]
 [49]]",2,pituitary,True,0,0.014431657,0,0,0,0.043218265833106825,0.0,0.0
684,"[[57]
 [56]
 [56]
 [55]
 [49]]",2,pituitary,True,0,0.016772421,0,0,0,0.0,0.0,0.0
685,"[[57]
 [56]
 [56]
 [55]
 [49]]",2,pituitary,True,0,0.01792178,0,0,0,0.0,0.0,0.0
692,"[[57]
 [56]
 [57]
 [57]
 [50]]",2,pituitary,True,0,0.011426373,0,1,0,0.00046882325363338024,0.0,0.0
693,"[[57]
 [56]
 [57]
 [57]
 [50]]",2,pituitary,True,0,0.020100472,0,1,0,0.012799109627156371,0.0,0.0
694,"[[57]
 [56]
 [57]
 [57]
 [50]]",2,pituitary,True,0,0.028996987,0,1,0,0.03078677309007982,0.0,0.0
695,"[[57]
 [56]
 [57]
 [57]
 [50]]",2,pituitary,True,0,0.068904296,0,1,0,0.06257631257631258,0.0,0.0
696,"[[57]
 [56]
 [57]
 [57]
 [50]]",2,pituitary,True,0,0.07484139,0,1,0,0.13857112022447657,0.0,0.0
697,"[[57]
 [56]
 [57]
 [57]
 [50]]",2,pituitary,True,0,0.034852505,0,1,0,0.01313969571230982,0.0,0.0
698,"[[57]
 [56]
 [57]
 [57]
 [50]]",2,pituitary,True,0,0.02052732,0,1,0,0.0,0.0,0.0
713,"[[49]
 [48]
 [49]
 [48]
 [49]
 [55]]",2,pituitary,True,0,0.0043678167,0,0,0,0.0,0.0,0.0
714,"[[49]
 [48]
 [49]
 [48]
 [49]
 [55]]",2,pituitary,True,0,0.011033031,0,0,0,0.0,0.0,0.0
715,"[[49]
 [48]
 [49]
 [48]
 [49]
 [55]]",2,pituitary,True,0,0.008273451,0,0,0,0.0,0.0,0.0
716,"[[49]
 [48]
 [49]
 [48]
 [49]
 [55]]",2,pituitary,True,0,0.006359982,0,0,0,0.0,0.0,0.0
717,"[[49]
 [48]
 [49]
 [48]
 [50]
 [57]]",2,pituitary,True,0,0.008415841,0,0,0,0.0,0.0,0.0
718,"[[49]
 [48]
 [49]
 [48]
 [50]
 [57]]",2,pituitary,True,0,0.0060241725,0,0,0,0.0,0.0,0.0
719,"[[49]
 [48]
 [49]
 [48]
 [50]
 [57]]",2,pituitary,True,0,0.0063604317,0,0,0,0.0,0.0,0.0
720,"[[49]
 [48]
 [49]
 [48]
 [50]
 [57]]",2,pituitary,True,0,0.0050724167,1,0,0,0.0,0.0,0.0
721,"[[49]
 [48]
 [49]
 [48]
 [50]
 [57]]",2,pituitary,True,0,0.007921828,0,0,0,0.0,0.0,0.0
722,"[[49]
 [48]
 [49]
 [48]
 [50]
 [57]]",2,pituitary,True,0,0.006282411,0,0,0,0.0,0.0,0.0
724,"[[49]
 [48]
 [49]
 [48]
 [50]
 [57]]",2,pituitary,True,0,0.006512012,0,0,0,0.0,0.0,0.0
761,"[[49]
 [48]
 [51]
 [52]
 [55]
 [56]]",2,pituitary,True,0,0.0051768827,0,0,0,0.0,0.0,0.0
762,"[[49]
 [48]
 [51]
 [52]
 [55]
 [56]]",2,pituitary,True,0,0.016137619,0,0,0,0.006013229104028864,0.0,0.0
763,"[[49]
 [48]
 [51]
 [52]
 [55]
 [56]]",2,pituitary,True,0,0.023492537,0,0,0,0.0,0.0,0.0
764,"[[49]
 [48]
 [51]
 [52]
 [55]
 [56]]",2,pituitary,True,0,0.020957557,0,0,1,0.016443361753958587,0.0,0.0
765,"[[49]
 [48]
 [51]
 [52]
 [55]
 [56]]",2,pituitary,True,0,0.021764927,0,0,0,0.0,0.0,0.0
766,"[[49]
 [48]
 [51]
 [52]
 [55]
 [56]]",2,pituitary,True,0,0.009888398,0,0,0,0.0,0.0,0.0
768,"[[49]
 [48]
 [51]
 [52]
 [55]
 [56]]",2,pituitary,True,0,0.008238004,0,0,0,0.005312868949232586,0.0,0.0
769,"[[49]
 [48]
 [51]
 [52]
 [55]
 [56]]",2,pituitary,True,0,0.0035332257,0,0,0,0.0,0.0,0.0
825,"[[49]
 [48]
 [52]
 [57]
 [49]
 [50]]",2,pituitary,True,0,0.0018362816,0,0,0,0.0,0.0,0.0
826,"[[49]
 [48]
 [52]
 [57]
 [49]
 [50]]",2,pituitary,True,0,0.0027255148,0,0,0,0.0,0.0,0.0
827,"[[49]
 [48]
 [52]
 [57]
 [49]
 [50]]",2,pituitary,True,0,0.003685794,0,0,0,0.0,0.0,0.0
828,"[[49]
 [48]
 [52]
 [57]
 [49]
 [50]]",2,pituitary,True,0,0.0038954075,0,0,0,0.0,0.0,0.0
829,"[[49]
 [48]
 [52]
 [57]
 [49]
 [50]]",2,pituitary,True,0,0.004978405,0,0,0,0.0,0.0,0.0
830,"[[49]
 [48]
 [52]
 [57]
 [49]
 [50]]",2,pituitary,True,0,0.003664307,0,0,0,0.0,0.0,0.0
831,"[[49]
 [48]
 [52]
 [57]
 [49]
 [50]]",2,pituitary,True,0,0.003324604,0,0,0,0.0,0.0,0.0
834,"[[57]
 [55]
 [54]
 [48]
 [55]]",2,meningioma,True,0,0.0035319645,0,0,0,0.0,0.0,0.0
844,"[[49]
 [48]
 [53]
 [53]
 [51]
 [56]]",2,pituitary,False,0,0.0016174671,0,0,0,0.0,0.0,0.0
845,"[[57]
 [55]
 [54]
 [48]
 [55]]",2,meningioma,True,0,0.03477765,0,0,0,0.0,0.0,0.0
846,"[[49]
 [48]
 [53]
 [53]
 [51]
 [56]]",2,pituitary,False,0,0.0057083736,0,0,0,0.0,0.0,0.0
852,"[[57]
 [55]
 [52]
 [49]
 [54]]",2,pituitary,True,0,0.0069457847,0,0,0,0.0,0.0,0.0
853,"[[57]
 [55]
 [52]
 [49]
 [54]]",2,pituitary,False,0,0.0034852924,0,0,0,0.0,0.0,0.0
854,"[[57]
 [55]
 [52]
 [49]
 [54]]",2,pituitary,True,0,0.021346744,0,0,0,0.04852320675105485,0.0,0.0
855,"[[57]
 [55]
 [52]
 [49]
 [54]]",2,pituitary,True,0,0.014759741,0,0,0,0.0,0.0,0.0
856,"[[57]
 [55]
 [54]
 [48]
 [55]]",2,meningioma,True,0,0.009016029,0,0,0,0.0,0.0,0.0
857,"[[57]
 [55]
 [52]
 [49]
 [54]]",2,pituitary,True,0,0.027237846,0,0,0,0.039870190078813164,0.0,0.0
858,"[[57]
 [55]
 [52]
 [49]
 [54]]",2,pituitary,True,0,0.010600885,0,0,0,0.0,0.0,0.0
859,"[[57]
 [55]
 [52]
 [49]
 [54]]",2,pituitary,True,0,0.0044990634,0,0,0,0.0,0.0,0.0
867,"[[57]
 [55]
 [54]
 [48]
 [55]]",2,meningioma,True,1,0.08276112,0,0,0,0.12907939600584512,0.29209896249002393,0.0
874,"[[57]
 [55]
 [53]
 [57]
 [57]]",2,pituitary,True,0,0.0013329048,0,1,0,0.0,0.0,0.0
875,"[[57]
 [55]
 [53]
 [57]
 [57]]",2,pituitary,True,0,0.0017645861,0,1,0,0.0,0.0,0.0
876,"[[57]
 [55]
 [53]
 [57]
 [57]]",2,pituitary,True,0,0.0030037009,0,1,0,0.0,0.0,0.0
878,"[[57]
 [55]
 [54]
 [48]
 [55]]",2,meningioma,True,0,0.012071453,0,0,0,0.016266596324628506,0.003991219317501496,0.0
897,"[[57]
 [56]
 [56]
 [55]
 [49]]",2,pituitary,True,0,0.004447258,0,0,0,0.0,0.0,0.0
898,"[[57]
 [56]
 [56]
 [55]
 [49]]",2,pituitary,True,0,0.002710931,0,0,0,0.0,0.0,0.0
899,"[[57]
 [56]
 [56]
 [55]
 [49]]",2,pituitary,True,0,0.0069701727,0,0,0,0.003097345132743363,0.0,0.0
900,"[[57]
 [56]
 [56]
 [55]
 [49]]",2,pituitary,True,0,0.0038257951,0,0,0,0.0,0.0,0.0
902,"[[57]
 [56]
 [56]
 [55]
 [49]]",2,pituitary,True,0,0.004714535,0,0,0,0.0,0.0,0.0
903,"[[57]
 [56]
 [56]
 [55]
 [49]]",2,pituitary,True,0,0.0066036475,0,0,0,0.0015048908954100827,0.0,0.0
904,"[[57]
 [56]
 [56]
 [55]
 [49]]",2,pituitary,True,0,0.0029713444,0,0,0,0.0,0.0,0.0
911,"[[57]
 [56]
 [57]
 [57]
 [50]]",2,pituitary,True,0,0.01107439,0,0,0,0.0,0.0,0.0
913,"[[57]
 [56]
 [57]
 [57]
 [50]]",2,pituitary,True,0,0.006302199,0,0,0,0.0,0.0,0.0
914,"[[57]
 [56]
 [57]
 [57]
 [50]]",2,pituitary,True,0,0.0029665008,0,0,0,0.0,0.0,0.0
915,"[[57]
 [56]
 [57]
 [57]
 [50]]",2,pituitary,True,0,0.004115665,0,0,0,0.0,0.0,0.0
916,"[[57]
 [56]
 [57]
 [57]
 [50]]",2,pituitary,True,0,0.010046599,0,0,0,0.0,0.0,0.0
917,"[[57]
 [56]
 [57]
 [57]
 [50]]",2,pituitary,True,0,0.019583348,0,0,0,0.0,0.0,0.0
918,"[[57]
 [56]
 [57]
 [57]
 [50]]",2,pituitary,True,0,0.036363974,0,0,0,0.046104928457869634,0.0,0.0
919,"[[57]
 [56]
 [57]
 [57]
 [50]]",2,pituitary,True,0,0.035021003,0,0,0,0.0,0.0,0.0
920,"[[57]
 [56]
 [57]
 [57]
 [50]]",2,pituitary,True,0,0.034271438,0,0,0,0.042986425339366516,0.0,0.0
921,"[[57]
 [56]
 [57]
 [57]
 [50]]",2,pituitary,True,0,0.022841685,0,0,0,0.027688345138441726,0.0,0.0
922,"[[57]
 [56]
 [57]
 [57]
 [50]]",2,pituitary,True,0,0.012929191,0,0,0,0.0,0.0,0.0
980,"[[77]
 [82]
 [48]
 [52]
 [57]
 [49]
 [52]
 [50]]",2,glioma,True,0,1.921682e-05,0,0,0,0.0,0.0,0.0
981,"[[77]
 [82]
 [48]
 [52]
 [57]
 [49]
 [52]
 [50]]",2,glioma,True,0,0.00050783507,0,0,0,0.0,0.0,0.0
982,"[[77]
 [82]
 [48]
 [52]
 [57]
 [49]
 [52]
 [50]]",2,glioma,True,0,0.0003783715,0,0,0,0.0,0.0,0.0
983,"[[77]
 [82]
 [48]
 [52]
 [57]
 [49]
 [52]
 [50]]",2,glioma,True,0,0.0003266811,0,0,0,0.0,0.0,0.0
999,"[[77]
 [82]
 [48]
 [52]
 [57]
 [51]
 [53]
 [56]]",2,glioma,True,0,7.922963e-05,0,0,0,0.0,0.0,0.0
1002,"[[77]
 [82]
 [48]
 [52]
 [57]
 [51]
 [53]
 [56]]",2,glioma,True,0,0.0012329215,0,0,0,0.0,0.0,0.0
1003,"[[77]
 [82]
 [48]
 [52]
 [57]
 [51]
 [53]
 [56]]",2,glioma,True,0,0.0010349763,0,0,0,0.0,0.0,0.0
1004,"[[77]
 [82]
 [48]
 [52]
 [57]
 [51]
 [53]
 [56]]",2,glioma,True,0,0.006987805,0,0,0,0.0,0.0,0.0
1005,"[[77]
 [82]
 [48]
 [52]
 [57]
 [51]
 [53]
 [56]]",2,glioma,True,0,0.010627427,0,0,0,0.0,0.0,0.0
1006,"[[77]
 [82]
 [48]
 [52]
 [57]
 [51]
 [53]
 [56]]",2,glioma,True,0,0.009304909,0,0,0,0.0,0.0,0.0
1007,"[[77]
 [82]
 [48]
 [52]
 [57]
 [51]
 [53]
 [56]]",2,glioma,True,0,0.009235596,0,0,0,0.0,0.0,0.0
1008,"[[77]
 [82]
 [48]
 [52]
 [57]
 [51]
 [53]
 [56]]",2,glioma,True,0,0.0051778653,0,0,1,0.0,0.0,0.0
1009,"[[77]
 [82]
 [48]
 [52]
 [57]
 [51]
 [53]
 [56]]",2,glioma,True,0,0.0047448147,0,0,0,0.0,0.0,0.0
1010,"[[77]
 [82]
 [48]
 [52]
 [57]
 [51]
 [53]
 [56]]",2,glioma,True,0,0.0022061307,0,0,0,0.0,0.0,0.0
1042,"[[77]
 [82]
 [48]
 [52]
 [57]
 [52]
 [53]
 [51]
 [66]]",2,glioma,True,0,0.02744818,0,0,0,0.0,0.0,0.0
1043,"[[77]
 [82]
 [48]
 [52]
 [57]
 [52]
 [53]
 [51]
 [66]]",2,glioma,True,0,0.021862373,0,0,0,0.0,0.0,0.0
1044,"[[77]
 [82]
 [48]
 [52]
 [57]
 [52]
 [53]
 [51]
 [66]]",2,glioma,True,0,0.012957163,0,0,0,0.0,0.0,0.0
1046,"[[77]
 [82]
 [48]
 [52]
 [57]
 [52]
 [53]
 [51]
 [66]]",2,glioma,True,0,0.01647711,0,0,0,0.0,0.0,0.0
1047,"[[77]
 [82]
 [48]
 [52]
 [57]
 [52]
 [53]
 [51]
 [66]]",2,glioma,True,0,0.008977007,0,0,0,0.0,0.0,0.0
1048,"[[77]
 [82]
 [48]
 [52]
 [57]
 [52]
 [53]
 [51]
 [66]]",2,glioma,True,0,0.008159993,0,0,0,0.0,0.0,0.0
1049,"[[77]
 [82]
 [48]
 [52]
 [57]
 [52]
 [53]
 [51]
 [66]]",2,glioma,True,0,0.0071805934,0,0,0,0.0,0.0,0.0
1050,"[[77]
 [82]
 [48]
 [52]
 [57]
 [52]
 [53]
 [51]
 [66]]",2,glioma,True,0,0.002345069,0,0,0,0.0,0.0,0.0
1109,"[[77]
 [82]
 [48]
 [53]
 [49]
 [52]
 [54]
 [49]]",2,glioma,True,0,0.0019760898,0,0,0,0.0,0.0,0.0
1110,"[[77]
 [82]
 [48]
 [53]
 [49]
 [52]
 [54]
 [49]]",2,glioma,True,0,0.0049942797,0,0,0,0.0,0.0,0.0
1111,"[[49]
 [48]
 [48]
 [51]
 [54]
 [48]]",2,meningioma,True,0,0.062142495,0,0,0,0.088468720821662,0.0,0.0
1114,"[[77]
 [82]
 [48]
 [53]
 [49]
 [52]
 [54]
 [49]]",2,glioma,True,0,0.007876313,0,0,0,0.0,0.0,0.0
1115,"[[77]
 [82]
 [48]
 [53]
 [49]
 [52]
 [54]
 [49]]",2,glioma,True,0,0.008043525,0,0,0,0.0,0.0,0.0
1116,"[[77]
 [82]
 [48]
 [53]
 [49]
 [52]
 [54]
 [49]]",2,glioma,True,0,0.004259493,1,0,0,0.0,0.0,0.0
1117,"[[77]
 [82]
 [48]
 [53]
 [49]
 [52]
 [54]
 [49]]",2,glioma,True,0,0.0033168863,0,0,0,0.0,0.0,0.0
1118,"[[77]
 [82]
 [48]
 [53]
 [49]
 [52]
 [54]
 [49]]",2,glioma,True,0,0.0015505443,0,0,0,0.0,0.0,0.0
1149,"[[77]
 [82]
 [48]
 [53]
 [49]
 [54]
 [53]
 [49]]",2,glioma,True,0,2.6928206e-05,0,0,0,0.0,0.0,0.0
1150,"[[77]
 [82]
 [48]
 [53]
 [49]
 [54]
 [53]
 [49]]",2,glioma,True,0,8.788292e-05,0,0,0,0.0,0.0,0.0
1151,"[[77]
 [82]
 [48]
 [53]
 [49]
 [54]
 [53]
 [49]]",2,glioma,True,0,0.00086083036,0,0,0,0.0,0.0,0.0
1152,"[[77]
 [82]
 [48]
 [53]
 [49]
 [54]
 [53]
 [49]]",2,glioma,True,0,0.00044600017,0,0,0,0.0,0.0,0.0
1153,"[[77]
 [82]
 [48]
 [53]
 [49]
 [54]
 [53]
 [49]]",2,glioma,True,0,6.303617e-05,0,0,0,0.0,0.0,0.0
1154,"[[77]
 [82]
 [48]
 [53]
 [49]
 [54]
 [53]
 [49]]",2,glioma,True,0,0.00031298154,0,0,0,0.0,0.0,0.0
1170,"[[77]
 [82]
 [48]
 [53]
 [49]
 [54]
 [52]
 [52]
 [66]]",2,glioma,True,0,0.018467605,0,1,0,0.0,0.0,0.0
1171,"[[77]
 [82]
 [48]
 [53]
 [49]
 [54]
 [52]
 [52]
 [66]]",2,glioma,True,0,0.0105427625,0,1,0,0.0,0.0,0.0
1172,"[[77]
 [82]
 [48]
 [53]
 [49]
 [54]
 [52]
 [52]
 [66]]",2,glioma,True,0,0.0116148675,0,1,0,0.0,0.0,0.0
1173,"[[77]
 [82]
 [48]
 [53]
 [49]
 [54]
 [52]
 [52]
 [66]]",2,glioma,True,0,0.014966707,0,1,1,0.0,0.0,0.0
1174,"[[77]
 [82]
 [48]
 [53]
 [49]
 [54]
 [52]
 [52]
 [66]]",2,glioma,True,0,0.0070913443,0,0,0,0.0,0.0,0.0
1175,"[[77]
 [82]
 [48]
 [53]
 [49]
 [54]
 [52]
 [52]
 [66]]",2,glioma,True,0,0.0067076758,0,0,0,0.0,0.0,0.0
1176,"[[77]
 [82]
 [48]
 [53]
 [49]
 [54]
 [52]
 [52]
 [66]]",2,glioma,True,0,0.0017197742,0,0,1,0.0,0.0,0.0
1185,"[[77]
 [82]
 [48]
 [53]
 [49]
 [54]
 [52]
 [52]
 [67]]",2,glioma,True,0,0.0017443562,0,0,0,0.0,0.0,0.0
1186,"[[77]
 [82]
 [48]
 [53]
 [49]
 [54]
 [52]
 [52]
 [67]]",2,glioma,True,0,0.003917102,0,0,0,0.0,0.0,0.0
1187,"[[77]
 [82]
 [48]
 [53]
 [49]
 [54]
 [52]
 [52]
 [67]]",2,glioma,True,0,0.003391352,0,0,0,0.0,0.0,0.0
1188,"[[77]
 [82]
 [48]
 [53]
 [49]
 [54]
 [52]
 [52]
 [67]]",2,glioma,True,0,0.0030807997,0,0,0,0.0,0.0,0.0
1189,"[[77]
 [82]
 [48]
 [53]
 [49]
 [54]
 [52]
 [52]
 [67]]",2,glioma,True,0,0.0038687463,0,0,0,0.0,0.0,0.0
1191,"[[77]
 [82]
 [48]
 [53]
 [49]
 [54]
 [52]
 [52]
 [67]]",2,glioma,True,0,0.004707333,0,0,0,0.0,0.0,0.0
1192,"[[77]
 [82]
 [48]
 [53]
 [49]
 [54]
 [52]
 [52]
 [67]]",2,glioma,True,0,0.004212516,0,0,0,0.0,0.0,0.0
1193,"[[77]
 [82]
 [48]
 [53]
 [49]
 [54]
 [52]
 [52]
 [67]]",2,glioma,True,0,0.0036725807,0,0,0,0.0,0.0,0.0
1194,"[[77]
 [82]
 [48]
 [53]
 [49]
 [54]
 [52]
 [52]
 [67]]",2,glioma,True,0,0.008739583,0,0,0,0.0,0.0,0.0
1195,"[[77]
 [82]
 [48]
 [53]
 [49]
 [54]
 [52]
 [52]
 [67]]",2,glioma,True,0,0.02314977,0,1,0,0.0,0.0,0.0
1196,"[[77]
 [82]
 [48]
 [53]
 [49]
 [54]
 [52]
 [52]
 [67]]",2,glioma,True,0,0.020450693,0,1,1,0.0,0.0,0.0
1197,"[[77]
 [82]
 [48]
 [53]
 [49]
 [54]
 [52]
 [52]
 [67]]",2,glioma,True,0,0.013622076,0,1,0,0.0,0.0,0.0
1205,"[[77]
 [82]
 [48]
 [52]
 [55]
 [57]
 [53]
 [51]
 [67]]",2,glioma,True,0,0.0019298072,0,0,0,0.0,0.0,0.0
1206,"[[77]
 [82]
 [48]
 [52]
 [55]
 [57]
 [53]
 [51]
 [67]]",2,glioma,True,0,0.014657305,0,0,0,0.0,0.0,0.0
1207,"[[77]
 [82]
 [48]
 [52]
 [55]
 [57]
 [53]
 [51]
 [67]]",2,glioma,True,0,0.0060568773,0,0,0,0.0,0.0,0.0
1208,"[[77]
 [82]
 [48]
 [52]
 [55]
 [57]
 [53]
 [51]
 [67]]",2,glioma,True,0,0.002474368,0,0,0,0.0,0.0,0.0
1216,"[[77]
 [82]
 [48]
 [51]
 [52]
 [54]
 [57]
 [52]]",2,glioma,True,0,0.0013694606,0,0,0,0.0,0.0,0.0
1217,"[[77]
 [82]
 [48]
 [51]
 [52]
 [54]
 [57]
 [52]]",2,glioma,True,0,0.0052977824,0,0,0,0.0,0.0,0.0
1218,"[[77]
 [82]
 [48]
 [51]
 [52]
 [54]
 [57]
 [52]]",2,glioma,True,0,0.009729595,0,1,0,0.0,0.0,0.0
1219,"[[77]
 [82]
 [48]
 [51]
 [52]
 [54]
 [57]
 [52]]",2,glioma,True,0,0.0020390484,0,0,0,0.0,0.0,0.0
1235,"[[49]
 [48]
 [48]
 [51]
 [54]
 [48]]",2,meningioma,True,0,0.03592223,0,0,0,0.061241970021413274,0.0,0.0
1246,"[[49]
 [48]
 [48]
 [51]
 [54]
 [48]]",2,meningioma,True,0,0.060012426,0,0,0,0.12231100184388445,0.022357723577235773,0.0
1257,"[[49]
 [48]
 [48]
 [51]
 [54]
 [48]]",2,meningioma,True,1,0.13974816,0,0,0,0.4111531190926276,0.20896902450300509,0.0
1268,"[[49]
 [48]
 [48]
 [51]
 [54]
 [48]]",2,meningioma,True,0,0.02817462,0,0,1,0.013989387361312108,0.0,0.0
1279,"[[49]
 [48]
 [48]
 [51]
 [54]
 [48]]",2,meningioma,True,0,0.09020338,0,0,0,0.19713886950453594,0.0,0.0
1290,"[[49]
 [48]
 [48]
 [51]
 [54]
 [48]]",2,meningioma,True,0,0.020867648,0,0,0,0.0,0.0,0.0
1301,"[[49]
 [48]
 [48]
 [51]
 [54]
 [48]]",2,meningioma,True,1,0.032453235,1,0,0,0.15992102665350444,0.04314720812182741,0.0
1306,"[[77]
 [82]
 [48]
 [51]
 [57]
 [52]
 [55]
 [51]]",2,glioma,True,0,0.00572319,0,1,0,0.0,0.0,0.0
1307,"[[77]
 [82]
 [48]
 [51]
 [57]
 [52]
 [55]
 [51]]",2,glioma,True,0,0.0041976785,0,0,0,0.0,0.0,0.0
1308,"[[77]
 [82]
 [48]
 [51]
 [57]
 [52]
 [55]
 [51]]",2,glioma,True,0,0.0035933177,0,0,0,0.0,0.0,0.0
1309,"[[77]
 [82]
 [48]
 [51]
 [57]
 [52]
 [55]
 [51]]",2,glioma,True,0,0.003679787,0,0,0,0.0,0.0,0.0
1310,"[[77]
 [82]
 [48]
 [51]
 [57]
 [52]
 [55]
 [51]]",2,glioma,True,0,0.010753371,1,0,0,0.0,0.0,0.0
1319,"[[77]
 [82]
 [48]
 [51]
 [55]
 [52]
 [53]
 [56]
 [67]]",2,glioma,True,0,0.0010247844,0,0,0,0.0,0.0,0.0
1320,"[[77]
 [82]
 [48]
 [51]
 [55]
 [52]
 [53]
 [56]
 [67]]",2,glioma,True,0,0.0025286824,0,0,0,0.0,0.0,0.0
1321,"[[77]
 [82]
 [48]
 [51]
 [55]
 [52]
 [53]
 [56]
 [67]]",2,glioma,True,0,0.0016672142,0,0,0,0.0,0.0,0.0
1322,"[[77]
 [82]
 [48]
 [51]
 [55]
 [52]
 [53]
 [56]
 [67]]",2,glioma,True,0,0.0050951405,0,0,0,0.0,0.0,0.0
1324,"[[77]
 [82]
 [48]
 [51]
 [55]
 [52]
 [53]
 [56]
 [67]]",2,glioma,True,0,0.006049836,0,0,0,0.0,0.0,0.0
1325,"[[77]
 [82]
 [48]
 [51]
 [55]
 [52]
 [53]
 [56]
 [67]]",2,glioma,True,0,0.0038011419,1,0,0,0.0,0.0,0.0
1326,"[[77]
 [82]
 [48]
 [51]
 [55]
 [52]
 [53]
 [56]
 [67]]",2,glioma,True,0,0.0015478933,0,0,0,0.0,0.0,0.0
1327,"[[77]
 [82]
 [48]
 [51]
 [55]
 [52]
 [53]
 [56]
 [67]]",2,glioma,True,0,0.004115413,0,0,0,0.0,0.0,0.0
1328,"[[77]
 [82]
 [48]
 [51]
 [55]
 [52]
 [53]
 [56]
 [67]]",2,glioma,True,0,0.0008101329,0,0,0,0.0,0.0,0.0
1329,"[[77]
 [82]
 [48]
 [51]
 [55]
 [52]
 [53]
 [56]
 [67]]",2,glioma,True,0,0.0014584102,0,0,0,0.0,0.0,0.0
1387,"[[77]
 [82]
 [48]
 [52]
 [57]
 [49]
 [52]
 [50]]",2,glioma,True,0,0.0005062748,0,0,0,0.0,0.0,0.0
1388,"[[77]
 [82]
 [48]
 [52]
 [57]
 [49]
 [52]
 [50]]",2,glioma,True,0,0.0008504163,0,0,0,0.0,0.0,0.0
1389,"[[77]
 [82]
 [48]
 [52]
 [57]
 [49]
 [52]
 [50]]",2,glioma,True,0,0.004251039,0,0,0,0.0,0.0,0.0
1403,"[[77]
 [82]
 [48]
 [52]
 [57]
 [51]
 [53]
 [56]]",2,glioma,True,0,0.0017904115,0,0,0,0.0,0.0,0.0
1404,"[[77]
 [82]
 [48]
 [52]
 [57]
 [51]
 [53]
 [56]]",2,glioma,True,0,0.0028109006,0,0,0,0.0,0.0,0.0
1405,"[[77]
 [82]
 [48]
 [52]
 [57]
 [51]
 [53]
 [56]]",2,glioma,True,0,0.004494226,0,0,0,0.0,0.0,0.0
1406,"[[77]
 [82]
 [48]
 [52]
 [57]
 [51]
 [53]
 [56]]",2,glioma,True,0,0.008083832,0,0,0,0.0,0.0,0.0
1407,"[[77]
 [82]
 [48]
 [52]
 [57]
 [51]
 [53]
 [56]]",2,glioma,True,0,0.0069000307,0,0,0,0.0,0.0,0.0
1408,"[[77]
 [82]
 [48]
 [52]
 [57]
 [51]
 [53]
 [56]]",2,glioma,True,0,0.0014762955,0,0,1,0.0,0.0,0.0
1409,"[[77]
 [82]
 [48]
 [52]
 [57]
 [51]
 [53]
 [56]]",2,glioma,True,0,0.0021969809,0,0,0,0.0,0.0,0.0
1410,"[[77]
 [82]
 [48]
 [52]
 [57]
 [51]
 [53]
 [56]]",2,glioma,True,0,0.0015293331,0,0,0,0.0,0.0,0.0
1411,"[[77]
 [82]
 [48]
 [52]
 [57]
 [51]
 [53]
 [56]]",2,glioma,True,0,0.00047520906,0,0,0,0.0,0.0,0.0
1430,"[[77]
 [82]
 [48]
 [52]
 [57]
 [52]
 [53]
 [51]
 [66]]",2,glioma,True,0,0.0004998511,0,0,0,0.0,0.0,0.0
1431,"[[77]
 [82]
 [48]
 [52]
 [57]
 [52]
 [53]
 [51]
 [66]]",2,glioma,True,0,0.00042468336,0,0,0,0.0,0.0,0.0
1432,"[[77]
 [82]
 [48]
 [52]
 [57]
 [52]
 [53]
 [51]
 [66]]",2,glioma,True,0,0.01310542,0,0,0,0.0,0.0,0.0
1433,"[[77]
 [82]
 [48]
 [52]
 [57]
 [52]
 [53]
 [51]
 [66]]",2,glioma,True,0,0.008775419,0,0,0,0.0,0.0,0.0
1435,"[[77]
 [82]
 [48]
 [52]
 [57]
 [52]
 [53]
 [51]
 [66]]",2,glioma,True,0,0.007922796,0,0,0,0.0,0.0,0.0
1436,"[[77]
 [82]
 [48]
 [52]
 [57]
 [52]
 [53]
 [51]
 [66]]",2,glioma,True,0,0.009552921,0,0,0,0.0,0.0,0.0
1437,"[[77]
 [82]
 [48]
 [52]
 [57]
 [52]
 [53]
 [51]
 [66]]",2,glioma,True,0,0.0010730069,0,0,0,0.0,0.0,0.0
1438,"[[77]
 [82]
 [48]
 [52]
 [57]
 [52]
 [53]
 [51]
 [66]]",2,glioma,True,0,0.0009948296,0,0,0,0.0,0.0,0.0
1439,"[[77]
 [82]
 [48]
 [52]
 [57]
 [52]
 [53]
 [51]
 [66]]",2,glioma,True,0,0.00020912895,0,0,0,0.0,0.0,0.0
1440,"[[77]
 [82]
 [48]
 [52]
 [57]
 [52]
 [53]
 [51]
 [66]]",2,glioma,True,0,0.0052089486,1,0,0,0.0,0.0,0.0
1441,"[[77]
 [82]
 [48]
 [52]
 [57]
 [52]
 [53]
 [51]
 [66]]",2,glioma,True,0,0.004391199,0,0,0,0.0,0.0,0.0
1442,"[[77]
 [82]
 [48]
 [52]
 [57]
 [52]
 [53]
 [51]
 [66]]",2,glioma,True,0,0.008665683,0,0,0,0.0,0.0,0.0
1443,"[[77]
 [82]
 [48]
 [52]
 [57]
 [52]
 [53]
 [51]
 [66]]",2,glioma,True,0,0.008372637,0,0,1,0.0,0.0,0.0
1444,"[[77]
 [82]
 [48]
 [52]
 [57]
 [52]
 [53]
 [51]
 [66]]",2,glioma,True,0,0.012705278,0,0,0,0.0,0.0,0.0
1483,"[[77]
 [82]
 [48]
 [53]
 [49]
 [52]
 [54]
 [49]]",2,glioma,True,0,0.002421249,0,0,0,0.0,0.0,0.0
1484,"[[77]
 [82]
 [48]
 [53]
 [49]
 [52]
 [54]
 [49]]",2,glioma,True,0,0.0016567197,0,0,0,0.0,0.0,0.0
1485,"[[77]
 [82]
 [48]
 [53]
 [49]
 [52]
 [54]
 [49]]",2,glioma,True,0,0.002874098,0,0,0,0.0,0.0,0.0
1486,"[[77]
 [82]
 [48]
 [53]
 [49]
 [52]
 [54]
 [49]]",2,glioma,True,0,0.0028403036,0,0,0,0.0,0.0,0.0
1487,"[[77]
 [82]
 [48]
 [53]
 [49]
 [52]
 [54]
 [49]]",2,glioma,True,0,0.0008891313,0,0,0,0.0,0.0,0.0
1488,"[[77]
 [82]
 [48]
 [53]
 [49]
 [52]
 [54]
 [49]]",2,glioma,True,0,0.002576241,0,0,0,0.0,0.0,0.0
1489,"[[77]
 [82]
 [48]
 [53]
 [49]
 [52]
 [54]
 [49]]",2,glioma,True,0,0.0014119511,0,0,0,0.0,0.0,0.0
1491,"[[77]
 [82]
 [48]
 [53]
 [49]
 [52]
 [54]
 [49]]",2,glioma,True,0,0.0068670614,1,0,0,0.0,0.0,0.0
1492,"[[77]
 [82]
 [48]
 [53]
 [49]
 [52]
 [54]
 [49]]",2,glioma,True,0,0.0014386424,0,0,0,0.0,0.0,0.0
1557,"[[49]
 [48]
 [50]
 [54]
 [55]
 [53]]",2,meningioma,True,0,0.00423201,0,0,0,0.0,0.0,0.0
1568,"[[49]
 [48]
 [50]
 [54]
 [55]
 [53]]",2,meningioma,True,0,0.004425283,0,0,0,0.0,0.0,0.0
1604,"[[77]
 [82]
 [48]
 [51]
 [55]
 [52]
 [53]
 [56]
 [67]]",2,glioma,True,0,0.003665688,0,0,0,0.0,0.0,0.0
1741,"[[77]
 [82]
 [48]
 [53]
 [49]
 [54]
 [53]
 [49]]",2,glioma,True,0,0.00019912425,0,0,0,0.0,0.0,0.0
1742,"[[77]
 [82]
 [48]
 [53]
 [49]
 [54]
 [53]
 [49]]",2,glioma,True,0,0.0016739215,0,0,0,0.0,0.0,0.0
1743,"[[77]
 [82]
 [48]
 [53]
 [49]
 [54]
 [53]
 [49]]",2,glioma,True,0,0.0007438338,0,0,0,0.0,0.0,0.0
1744,"[[77]
 [82]
 [48]
 [53]
 [49]
 [54]
 [53]
 [49]]",2,glioma,True,0,0.0067059756,0,0,0,0.0,0.0,0.0
1746,"[[77]
 [82]
 [48]
 [53]
 [49]
 [54]
 [53]
 [49]]",2,glioma,True,0,0.0034870254,0,0,0,0.0,0.0,0.0
1747,"[[77]
 [82]
 [48]
 [53]
 [49]
 [54]
 [53]
 [49]]",2,glioma,True,0,0.0004353083,0,0,0,0.0,0.0,0.0
1748,"[[77]
 [82]
 [48]
 [53]
 [49]
 [54]
 [53]
 [49]]",2,glioma,True,0,0.000520421,0,0,0,0.0,0.0,0.0
1773,"[[77]
 [82]
 [48]
 [53]
 [49]
 [54]
 [52]
 [52]
 [67]]",2,glioma,True,0,0.0024595293,0,0,0,0.0,0.0,0.0
1774,"[[77]
 [82]
 [48]
 [53]
 [49]
 [54]
 [52]
 [52]
 [67]]",2,glioma,True,0,0.0011698403,0,0,0,0.0,0.0,0.0
1775,"[[77]
 [82]
 [48]
 [53]
 [49]
 [54]
 [52]
 [52]
 [67]]",2,glioma,True,0,0.001562759,1,0,0,0.0,0.0,0.0
1776,"[[77]
 [82]
 [48]
 [53]
 [49]
 [54]
 [52]
 [52]
 [67]]",2,glioma,True,0,0.0019923977,0,0,0,0.0,0.0,0.0
1777,"[[77]
 [82]
 [48]
 [53]
 [49]
 [54]
 [52]
 [52]
 [67]]",2,glioma,True,0,0.001325664,0,0,0,0.0,0.0,0.0
1780,"[[77]
 [82]
 [48]
 [53]
 [49]
 [54]
 [52]
 [52]
 [67]]",2,glioma,True,0,0.01517872,0,0,0,0.0,0.0,0.0
1781,"[[77]
 [82]
 [48]
 [53]
 [49]
 [54]
 [52]
 [52]
 [67]]",2,glioma,True,0,0.013636741,0,0,0,0.0,0.0,0.0
1782,"[[77]
 [82]
 [48]
 [53]
 [49]
 [54]
 [52]
 [52]
 [67]]",2,glioma,True,0,0.0019260688,0,0,0,0.0,0.0,0.0
1783,"[[77]
 [82]
 [48]
 [53]
 [49]
 [54]
 [52]
 [52]
 [67]]",2,glioma,True,0,0.0020324339,0,0,0,0.0,0.0,0.0
1784,"[[77]
 [82]
 [48]
 [53]
 [49]
 [54]
 [52]
 [52]
 [67]]",2,glioma,True,0,0.0026125167,0,0,0,0.0,0.0,0.0
1785,"[[77]
 [82]
 [48]
 [53]
 [49]
 [54]
 [52]
 [52]
 [67]]",2,glioma,True,0,0.0053154677,0,0,0,0.0,0.0,0.0
1786,"[[77]
 [82]
 [48]
 [53]
 [49]
 [54]
 [52]
 [52]
 [67]]",2,glioma,True,0,0.0065548182,0,0,0,0.0,0.0,0.0
1787,"[[77]
 [82]
 [48]
 [53]
 [49]
 [54]
 [52]
 [52]
 [67]]",2,glioma,True,0,0.011065299,0,0,0,0.0,0.0,0.0
1793,"[[77]
 [82]
 [48]
 [52]
 [55]
 [57]
 [53]
 [51]
 [67]]",2,glioma,True,0,0.00033414358,0,0,0,0.0,0.0,0.0
1794,"[[77]
 [82]
 [48]
 [52]
 [55]
 [57]
 [53]
 [51]
 [67]]",2,glioma,True,0,0.0016884991,0,0,0,0.0,0.0,0.0
1795,"[[77]
 [82]
 [48]
 [52]
 [55]
 [57]
 [53]
 [51]
 [67]]",2,glioma,True,0,0.00042848752,0,0,0,0.0,0.0,0.0
1796,"[[77]
 [82]
 [48]
 [52]
 [55]
 [57]
 [53]
 [51]
 [67]]",2,glioma,True,0,0.00047045536,0,0,0,0.0,0.0,0.0
1797,"[[77]
 [82]
 [48]
 [52]
 [55]
 [57]
 [53]
 [51]
 [67]]",2,glioma,True,0,0.00035372988,0,0,0,0.0,0.0,0.0
1806,"[[77]
 [82]
 [48]
 [51]
 [52]
 [54]
 [57]
 [52]]",2,glioma,True,0,0.0059157526,0,0,0,0.0,0.0,0.0
1807,"[[77]
 [82]
 [48]
 [51]
 [52]
 [54]
 [57]
 [52]]",2,glioma,True,0,0.0027890494,0,0,0,0.0,0.0,0.0
1808,"[[77]
 [82]
 [48]
 [51]
 [52]
 [54]
 [57]
 [52]]",2,glioma,True,0,0.004881922,0,0,0,0.0,0.0,0.0
1809,"[[77]
 [82]
 [48]
 [51]
 [52]
 [54]
 [57]
 [52]]",2,glioma,True,0,0.003504577,0,0,0,0.0,0.0,0.0
1810,"[[77]
 [82]
 [48]
 [51]
 [52]
 [54]
 [57]
 [52]]",2,glioma,True,0,0.002754584,0,0,0,0.0,0.0,0.0
1811,"[[77]
 [82]
 [48]
 [51]
 [52]
 [54]
 [57]
 [52]]",2,glioma,True,0,0.0011043006,0,0,0,0.0,0.0,0.0
1813,"[[77]
 [82]
 [48]
 [51]
 [52]
 [54]
 [57]
 [52]]",2,glioma,True,0,0.002238622,0,0,0,0.0,0.0,0.0
1889,"[[49]
 [48]
 [50]
 [54]
 [55]
 [53]]",2,meningioma,True,0,0.0029794443,0,0,0,0.0,0.0,0.0
1902,"[[77]
 [82]
 [48]
 [51]
 [57]
 [52]
 [55]
 [51]]",2,glioma,True,0,0.008309577,0,1,0,0.0,0.0,0.0
1903,"[[77]
 [82]
 [48]
 [51]
 [57]
 [52]
 [55]
 [51]]",2,glioma,True,0,0.0049046357,0,1,0,0.0,0.0,0.0
1904,"[[77]
 [82]
 [48]
 [51]
 [57]
 [52]
 [55]
 [51]]",2,glioma,True,0,0.0071572037,0,1,0,0.0,0.0,0.0
1905,"[[77]
 [82]
 [48]
 [51]
 [57]
 [52]
 [55]
 [51]]",2,glioma,True,0,0.0050265435,0,1,0,0.0,0.0,0.0
1916,"[[77]
 [82]
 [48]
 [51]
 [55]
 [52]
 [53]
 [56]
 [67]]",2,glioma,True,0,0.0038260203,0,0,0,0.0,0.0,0.0
1917,"[[77]
 [82]
 [48]
 [51]
 [55]
 [52]
 [53]
 [56]
 [67]]",2,glioma,True,0,0.007046204,0,0,0,0.0,0.0,0.0
1918,"[[77]
 [82]
 [48]
 [51]
 [55]
 [52]
 [53]
 [56]
 [67]]",2,glioma,True,0,0.00080103695,0,0,0,0.0,0.0,0.0
1919,"[[77]
 [82]
 [48]
 [51]
 [55]
 [52]
 [53]
 [56]
 [67]]",2,glioma,True,0,0.010165655,0,0,0,0.0,0.0,0.0
1920,"[[77]
 [82]
 [48]
 [51]
 [55]
 [52]
 [53]
 [56]
 [67]]",2,glioma,True,0,0.005664697,0,0,0,0.0,0.0,0.0
1921,"[[77]
 [82]
 [48]
 [51]
 [55]
 [52]
 [53]
 [56]
 [67]]",2,glioma,True,0,0.005807221,0,0,0,0.0,0.0,0.0
1922,"[[77]
 [82]
 [48]
 [51]
 [55]
 [52]
 [53]
 [56]
 [67]]",2,glioma,True,0,0.011035886,0,0,0,0.0,0.0,0.0
1924,"[[77]
 [82]
 [48]
 [51]
 [55]
 [52]
 [53]
 [56]
 [67]]",2,glioma,True,0,0.0038671873,0,0,0,0.0,0.0,0.0
1972,"[[77]
 [82]
 [48]
 [51]
 [57]
 [52]
 [55]
 [51]]",2,glioma,True,0,0.00056363776,0,0,0,0.0,0.0,0.0
1973,"[[77]
 [82]
 [48]
 [51]
 [57]
 [52]
 [55]
 [51]]",2,glioma,True,0,0.0025522688,0,0,0,0.0,0.0,0.0
1974,"[[77]
 [82]
 [48]
 [51]
 [57]
 [52]
 [55]
 [51]]",2,glioma,True,0,0.006137934,0,0,0,0.0,0.0,0.0
1975,"[[77]
 [82]
 [48]
 [51]
 [57]
 [52]
 [55]
 [51]]",2,glioma,True,0,0.003030993,0,0,0,0.0,0.0,0.0
1976,"[[77]
 [82]
 [48]
 [51]
 [57]
 [52]
 [55]
 [51]]",2,glioma,True,0,0.015410133,0,0,0,0.0,0.0,0.0
1977,"[[77]
 [82]
 [48]
 [51]
 [57]
 [52]
 [55]
 [51]]",2,glioma,True,0,0.012713919,0,0,0,0.0,0.0,0.0
2034,"[[49]
 [48]
 [53]
 [53]
 [53]
 [53]]",2,meningioma,False,0,6.255406e-05,0,0,0,0.0,0.0,0.0
2045,"[[49]
 [48]
 [53]
 [53]
 [53]
 [53]]",2,meningioma,False,0,0.00039472288,0,0,0,0.0,0.0,0.0
2056,"[[49]
 [48]
 [53]
 [53]
 [53]
 [53]]",2,meningioma,False,0,0.0021149355,0,0,0,0.0,0.0,0.0
2065,"[[77]
 [82]
 [48]
 [52]
 [57]
 [49]
 [52]
 [50]]",2,glioma,False,0,0.0020974185,0,0,0,0.0,0.0,0.0
2066,"[[77]
 [82]
 [48]
 [52]
 [57]
 [49]
 [52]
 [50]]",2,glioma,True,0,0.00055326463,0,0,0,0.0,0.0,0.0
2067,"[[49]
 [48]
 [53]
 [57]
 [51]
 [55]]",2,meningioma,True,0,0.00414748,0,0,0,0.0,0.0,0.0
2068,"[[77]
 [82]
 [48]
 [52]
 [57]
 [49]
 [52]
 [50]]",2,glioma,True,0,0.003056723,0,0,0,0.0,0.0,0.0
2074,"[[77]
 [82]
 [48]
 [52]
 [57]
 [51]
 [53]
 [56]]",2,glioma,False,0,0.0029021385,0,0,0,0.0,0.0,0.0
2075,"[[77]
 [82]
 [48]
 [52]
 [57]
 [51]
 [53]
 [56]]",2,glioma,True,0,0.03504739,0,1,0,0.03957886527588224,0.0,0.0
2076,"[[77]
 [82]
 [48]
 [52]
 [57]
 [51]
 [53]
 [56]]",2,glioma,True,0,0.02654461,0,1,0,0.0,0.0,0.0
2077,"[[77]
 [82]
 [48]
 [52]
 [57]
 [51]
 [53]
 [56]]",2,glioma,True,0,0.021070726,0,1,0,0.0,0.0,0.0
2078,"[[49]
 [48]
 [53]
 [57]
 [51]
 [55]]",2,meningioma,True,0,0.02985167,0,0,0,0.00028563267637817766,0.0,0.0
2079,"[[77]
 [82]
 [48]
 [52]
 [57]
 [51]
 [53]
 [56]]",2,glioma,True,0,0.039272074,0,0,0,0.0,0.0,0.0
2080,"[[77]
 [82]
 [48]
 [52]
 [57]
 [51]
 [53]
 [56]]",2,glioma,True,0,0.021356732,0,0,0,0.0,0.0,0.0
2081,"[[77]
 [82]
 [48]
 [52]
 [57]
 [51]
 [53]
 [56]]",2,glioma,True,0,0.0035197628,0,0,0,0.0,0.0,0.0
2089,"[[49]
 [48]
 [53]
 [57]
 [51]
 [55]]",2,meningioma,False,0,0.002196699,0,0,0,0.0,0.0,0.0
2100,"[[49]
 [48]
 [53]
 [57]
 [51]
 [55]]",2,meningioma,False,0,0.015766194,0,0,0,0.0,0.0,0.0
2112,"[[49]
 [48]
 [54]
 [50]
 [56]
 [52]]",2,meningioma,True,0,0.010674265,0,0,0,0.0,0.0,0.0
2123,"[[49]
 [48]
 [54]
 [50]
 [56]
 [52]]",2,meningioma,True,0,0.04384806,0,0,0,0.0,0.0,0.0
2132,"[[77]
 [82]
 [48]
 [53]
 [49]
 [52]
 [54]
 [49]]",2,glioma,True,0,0.013489977,0,0,1,0.0,0.0,0.0
2133,"[[77]
 [82]
 [48]
 [53]
 [49]
 [52]
 [54]
 [49]]",2,glioma,True,0,0.023943095,0,0,0,0.0,0.0,0.0
2134,"[[49]
 [48]
 [54]
 [50]
 [56]
 [52]]",2,meningioma,True,0,0.016603328,0,0,0,0.0,0.0,0.0
2135,"[[77]
 [82]
 [48]
 [53]
 [49]
 [52]
 [54]
 [49]]",2,glioma,True,0,0.014350837,0,0,0,0.0,0.0,0.0
2136,"[[77]
 [82]
 [48]
 [53]
 [49]
 [52]
 [54]
 [49]]",2,glioma,True,0,0.012655374,0,0,0,0.0,0.0,0.0
2137,"[[77]
 [82]
 [48]
 [53]
 [49]
 [52]
 [54]
 [49]]",2,glioma,True,0,0.010521492,1,0,0,0.0,0.0,0.0
2138,"[[77]
 [82]
 [48]
 [53]
 [49]
 [52]
 [54]
 [49]]",2,glioma,True,0,0.007512128,0,0,0,0.0,0.0,0.0
2139,"[[77]
 [82]
 [48]
 [53]
 [49]
 [52]
 [54]
 [49]]",2,glioma,True,0,0.003725919,0,0,0,0.0,0.0,0.0
2145,"[[49]
 [48]
 [54]
 [50]
 [56]
 [52]]",2,meningioma,True,0,0.0051679155,0,0,0,0.0,0.0,0.0
2156,"[[49]
 [48]
 [54]
 [52]
 [52]
 [50]]",2,meningioma,True,0,0.015186252,0,0,1,0.0,0.0,0.0
2161,"[[77]
 [82]
 [48]
 [53]
 [49]
 [54]
 [53]
 [49]]",2,glioma,True,0,0.009242821,0,0,0,0.0,0.0,0.0
2162,"[[77]
 [82]
 [48]
 [53]
 [49]
 [54]
 [53]
 [49]]",2,glioma,True,0,0.015076416,0,0,0,0.0,0.0,0.0
2163,"[[77]
 [82]
 [48]
 [53]
 [49]
 [54]
 [53]
 [49]]",2,glioma,True,0,0.010207048,0,0,0,0.0,0.0,0.0
2164,"[[77]
 [82]
 [48]
 [53]
 [49]
 [54]
 [53]
 [49]]",2,glioma,True,0,0.00416378,0,0,0,0.0,0.0,0.0
2167,"[[49]
 [48]
 [54]
 [52]
 [52]
 [50]]",2,meningioma,True,0,0.045188375,0,0,0,0.06862745098039216,0.0,0.0
2178,"[[49]
 [48]
 [54]
 [52]
 [52]
 [50]]",2,meningioma,True,0,0.04678558,0,0,0,0.08608247422680412,0.0,0.0
2180,"[[77]
 [82]
 [48]
 [53]
 [49]
 [54]
 [52]
 [52]
 [66]]",2,glioma,False,0,0.011030309,0,0,0,0.0,0.0,0.0
2181,"[[77]
 [82]
 [48]
 [53]
 [49]
 [54]
 [52]
 [52]
 [66]]",2,glioma,False,0,0.009602693,0,0,0,0.0,0.0,0.0
2182,"[[77]
 [82]
 [48]
 [53]
 [49]
 [54]
 [52]
 [52]
 [66]]",2,glioma,False,0,0.026527828,0,0,0,0.0,0.0,0.0
2183,"[[77]
 [82]
 [48]
 [53]
 [49]
 [54]
 [52]
 [52]
 [66]]",2,glioma,False,0,0.048517648,0,0,0,0.0,0.0,0.0
2184,"[[77]
 [82]
 [48]
 [53]
 [49]
 [54]
 [52]
 [52]
 [66]]",2,glioma,False,0,0.019399717,0,0,0,0.0,0.0,0.0
2185,"[[77]
 [82]
 [48]
 [53]
 [49]
 [54]
 [52]
 [52]
 [66]]",2,glioma,False,0,0.0049576005,0,0,0,0.0,0.0,0.0
2186,"[[77]
 [82]
 [48]
 [53]
 [49]
 [54]
 [52]
 [52]
 [66]]",2,glioma,True,0,0.0065075424,0,0,0,0.0,0.0,0.0
2187,"[[77]
 [82]
 [48]
 [53]
 [49]
 [54]
 [52]
 [52]
 [66]]",2,glioma,True,0,0.008458909,1,0,0,0.0,0.0,0.0
2188,"[[77]
 [82]
 [48]
 [53]
 [49]
 [54]
 [52]
 [52]
 [66]]",2,glioma,False,0,0.0055763633,0,0,0,0.0,0.0,0.0
2204,"[[77]
 [82]
 [48]
 [53]
 [49]
 [54]
 [52]
 [52]
 [67]]",2,glioma,True,0,0.0035378693,0,0,0,0.0,0.0,0.0
2205,"[[77]
 [82]
 [48]
 [53]
 [49]
 [54]
 [52]
 [52]
 [67]]",2,glioma,True,0,0.0055609173,0,0,0,0.0,0.0,0.0
2206,"[[77]
 [82]
 [48]
 [53]
 [49]
 [54]
 [52]
 [52]
 [67]]",2,glioma,True,0,0.0102657,0,0,0,0.0,0.0,0.0
2207,"[[77]
 [82]
 [48]
 [53]
 [49]
 [54]
 [52]
 [52]
 [67]]",2,glioma,True,0,0.009337179,0,0,0,0.0,0.0,0.0
2208,"[[77]
 [82]
 [48]
 [53]
 [49]
 [54]
 [52]
 [52]
 [67]]",2,glioma,True,0,0.023419928,0,0,0,0.0,0.0,0.0
2209,"[[77]
 [82]
 [48]
 [53]
 [49]
 [54]
 [52]
 [52]
 [67]]",2,glioma,True,0,0.0108811995,0,0,0,0.0,0.0,0.0
2210,"[[77]
 [82]
 [48]
 [53]
 [49]
 [54]
 [52]
 [52]
 [67]]",2,glioma,True,0,0.0135653205,0,0,1,0.0,0.0,0.0
2212,"[[77]
 [82]
 [48]
 [53]
 [49]
 [54]
 [52]
 [52]
 [67]]",2,glioma,True,0,0.017817684,1,1,0,0.0,0.0,0.0
2213,"[[77]
 [82]
 [48]
 [53]
 [49]
 [54]
 [52]
 [52]
 [67]]",2,glioma,True,0,0.023064299,0,1,1,0.0,0.0,0.0
2214,"[[77]
 [82]
 [48]
 [53]
 [49]
 [54]
 [52]
 [52]
 [67]]",2,glioma,True,0,0.021187486,0,1,0,0.0,0.0,0.0
2222,"[[49]
 [48]
 [48]
 [51]
 [54]
 [48]]",2,meningioma,True,1,0.14064518,0,0,1,0.4094123384540356,0.1111954459203036,0.0
2230,"[[77]
 [82]
 [48]
 [51]
 [52]
 [54]
 [57]
 [52]]",2,glioma,True,0,0.0052552265,0,0,0,0.0,0.0,0.0
2231,"[[77]
 [82]
 [48]
 [51]
 [52]
 [54]
 [57]
 [52]]",2,glioma,True,0,0.0060571716,0,0,0,0.0,0.0,0.0
2232,"[[77]
 [82]
 [48]
 [51]
 [52]
 [54]
 [57]
 [52]]",2,glioma,True,0,0.02010167,0,0,0,0.0,0.0,0.0
2233,"[[77]
 [82]
 [48]
 [51]
 [52]
 [54]
 [57]
 [52]]",2,glioma,True,0,0.0110152885,0,0,0,0.0,0.0,0.0
2258,"[[53]
 [51]
 [54]
 [54]
 [57]]",2,meningioma,True,0,0.007608242,0,0,0,0.0,0.0,0.0
2294,"[[57]
 [53]
 [57]
 [54]
 [57]]",2,meningioma,False,0,0.0022038121,0,0,0,0.0,0.0,0.0
2305,"[[49]
 [48]
 [55]
 [49]
 [57]
 [48]]",2,meningioma,False,0,1.4816541e-05,0,0,0,0.0,0.0,0.0
2317,"[[49]
 [48]
 [56]
 [53]
 [49]
 [52]]",2,meningioma,True,0,0.0056011146,0,0,0,0.0,0.0,0.0
2318,"[[49]
 [48]
 [56]
 [53]
 [49]
 [52]]",2,meningioma,True,1,0.08244862,0,0,0,0.08175824175824176,0.0,0.0
2319,"[[49]
 [48]
 [56]
 [53]
 [49]
 [52]]",2,meningioma,True,0,0.06783035,0,0,0,0.024943310657596373,0.0,0.0
2320,"[[49]
 [48]
 [56]
 [53]
 [49]
 [52]]",2,meningioma,True,0,0.035106465,0,0,0,0.0288559235927657,0.0019755037534571317,0.0
2322,"[[49]
 [48]
 [56]
 [53]
 [49]
 [52]]",2,meningioma,True,0,0.03883112,0,0,0,0.0,0.0,0.0
2323,"[[49]
 [48]
 [56]
 [53]
 [49]
 [52]]",2,meningioma,True,0,0.037619937,0,0,0,0.02096694622594968,0.0,0.0
2333,"[[49]
 [48]
 [57]
 [52]
 [49]
 [49]]",2,meningioma,True,0,0.0008811322,0,0,0,0.0,0.0,0.0
2334,"[[49]
 [48]
 [57]
 [57]
 [54]
 [56]]",2,meningioma,True,0,0.018907359,0,0,0,0.0,0.0,0.0
2335,"[[49]
 [48]
 [57]
 [57]
 [54]
 [56]]",2,meningioma,True,0,0.0125311855,0,0,0,0.0,0.0,0.0
2336,"[[49]
 [48]
 [57]
 [57]
 [54]
 [56]]",2,meningioma,True,0,0.040134244,0,0,0,0.014322916666666666,0.0,0.0
2337,"[[49]
 [48]
 [57]
 [57]
 [54]
 [56]]",2,meningioma,True,0,0.04456893,0,0,0,0.06099226217569413,0.0,0.0
2338,"[[49]
 [49]
 [48]
 [49]
 [49]
 [54]]",2,meningioma,False,0,0.047639325,0,0,0,0.12561947856065503,0.0,0.0
2339,"[[49]
 [49]
 [48]
 [49]
 [49]
 [54]]",2,meningioma,False,0,0.017340736,0,0,0,0.021774455638609035,0.0,0.0
2340,"[[49]
 [49]
 [48]
 [49]
 [49]
 [54]]",2,meningioma,False,0,0.013612791,0,0,0,0.0,0.0,0.0
2341,"[[49]
 [49]
 [48]
 [49]
 [49]
 [54]]",2,meningioma,False,0,0.007364841,0,0,0,0.0,0.0,0.0
2398,"[[49]
 [48]
 [48]
 [51]
 [54]
 [48]]",2,meningioma,True,0,0.0824342,0,0,0,0.12700228832951946,0.0,0.0
2405,"[[57]
 [55]
 [54]
 [48]
 [55]]",2,meningioma,True,0,0.009816624,0,0,0,0.0,0.0,0.0
2406,"[[57]
 [55]
 [54]
 [48]
 [55]]",2,meningioma,True,1,0.074082695,0,0,0,0.3129610115911486,0.002555366269165247,0.0
2407,"[[57]
 [55]
 [54]
 [48]
 [55]]",2,meningioma,True,0,0.05922425,0,0,0,0.1509069857197993,0.13636363636363635,0.0
2446,"[[49]
 [48]
 [48]
 [51]
 [54]
 [48]]",2,meningioma,True,1,0.09366864,0,1,0,0.2366658970214731,0.40055632823365783,0.04317548746518106
2447,"[[49]
 [48]
 [48]
 [51]
 [54]
 [48]]",2,meningioma,False,0,0.0017180691,0,1,0,0.0,0.0,0.0
2448,"[[49]
 [48]
 [48]
 [51]
 [54]
 [48]]",2,meningioma,False,0,0.009022865,0,1,0,0.0,0.0,0.0
2449,"[[49]
 [48]
 [48]
 [51]
 [54]
 [48]]",2,meningioma,False,0,0.0018082834,0,1,0,0.0,0.0,0.0
2450,"[[49]
 [48]
 [48]
 [51]
 [54]
 [48]]",2,meningioma,False,0,0.001774562,0,0,0,0.0,0.0,0.0
2451,"[[49]
 [48]
 [48]
 [51]
 [54]
 [48]]",2,meningioma,False,0,0.0025706298,0,0,0,0.0,0.0,0.0
2457,"[[49]
 [48]
 [48]
 [57]
 [50]
 [48]]",2,meningioma,True,0,0.019312453,0,0,0,0.00842612097502257,0.0,0.0
2458,"[[49]
 [48]
 [48]
 [57]
 [50]
 [48]]",2,meningioma,True,0,0.038967464,0,0,0,0.0628286014721346,0.0,0.0
2459,"[[49]
 [48]
 [48]
 [57]
 [50]
 [48]]",2,meningioma,True,0,0.011177869,0,0,0,0.0,0.0,0.0
2485,"[[49]
 [48]
 [50]
 [54]
 [55]
 [53]]",2,meningioma,True,0,0.00463548,0,0,0,0.0,0.0,0.0
2486,"[[49]
 [48]
 [50]
 [54]
 [55]
 [53]]",2,meningioma,False,0,0.0011172825,0,0,0,0.0,0.0,0.0
2509,"[[49]
 [48]
 [48]
 [51]
 [54]
 [48]]",2,meningioma,True,0,0.021489952,1,0,0,0.0,0.0,0.0
2530,"[[49]
 [48]
 [53]
 [53]
 [53]
 [53]]",2,meningioma,False,0,0.0018232581,0,0,0,0.0,0.0,0.0
2531,"[[49]
 [48]
 [53]
 [53]
 [53]
 [53]]",2,meningioma,False,0,0.0011971479,0,0,0,0.0,0.0,0.0
2533,"[[49]
 [48]
 [53]
 [57]
 [51]
 [55]]",2,meningioma,True,0,0.005294488,0,0,0,0.0,0.0,0.0
2534,"[[49]
 [48]
 [53]
 [57]
 [51]
 [55]]",2,meningioma,True,0,0.0062926062,0,0,0,0.0,0.0,0.0
2535,"[[49]
 [48]
 [53]
 [57]
 [51]
 [55]]",2,meningioma,True,0,0.012150186,0,0,0,0.0,0.0,0.0
2536,"[[49]
 [48]
 [54]
 [50]
 [56]
 [52]]",2,meningioma,False,0,0.02795517,0,0,0,0.0,0.0,0.0
2537,"[[49]
 [48]
 [54]
 [50]
 [56]
 [52]]",2,meningioma,False,0,0.03276973,0,0,0,0.0,0.0,0.0
2538,"[[49]
 [48]
 [54]
 [50]
 [56]
 [52]]",2,meningioma,False,0,0.013829383,0,0,0,0.0,0.0,0.0
2539,"[[49]
 [48]
 [54]
 [50]
 [56]
 [52]]",2,meningioma,False,0,0.0042139636,0,0,0,0.0,0.0,0.0
2540,"[[49]
 [48]
 [54]
 [52]
 [52]
 [50]]",2,meningioma,False,0,0.0014678315,0,0,0,0.0,0.0,0.0
2541,"[[49]
 [48]
 [54]
 [52]
 [52]
 [50]]",2,meningioma,False,0,0.00038827158,0,0,0,0.0,0.0,0.0
2542,"[[49]
 [48]
 [54]
 [52]
 [52]
 [50]]",2,meningioma,True,0,0.0007834666,0,0,0,0.0,0.0,0.0
2566,"[[49]
 [48]
 [55]
 [49]
 [57]
 [48]]",2,meningioma,True,0,0.0020541751,0,0,0,0.0,0.0,0.0
2581,"[[49]
 [48]
 [56]
 [53]
 [49]
 [52]]",2,meningioma,False,0,0.0026255792,0,0,0,0.0,0.0,0.0
2582,"[[49]
 [48]
 [56]
 [53]
 [49]
 [52]]",2,meningioma,False,0,0.006988953,0,0,0,0.0,0.0,0.0
2583,"[[49]
 [48]
 [56]
 [53]
 [49]
 [52]]",2,meningioma,True,0,0.04218306,0,0,0,0.007215619694397283,0.0,0.0
2584,"[[49]
 [48]
 [56]
 [53]
 [49]
 [52]]",2,meningioma,True,0,0.023729144,0,0,0,0.0,0.0,0.0
2585,"[[49]
 [48]
 [56]
 [53]
 [49]
 [52]]",2,meningioma,True,0,0.0193392,0,0,0,0.0,0.0,0.0
2597,"[[49]
 [48]
 [57]
 [52]
 [49]
 [49]]",2,meningioma,False,0,0.00014685991,0,0,0,0.0,0.0,0.0
2598,"[[49]
 [48]
 [53]
 [53]
 [53]
 [53]]",2,meningioma,False,0,2.368615e-05,0,0,0,0.0,0.0,0.0
2599,"[[49]
 [48]
 [57]
 [57]
 [54]
 [56]]",2,meningioma,True,0,0.009572852,0,0,0,0.0,0.0,0.0
2600,"[[49]
 [48]
 [57]
 [57]
 [54]
 [56]]",2,meningioma,True,0,0.07066347,0,0,0,0.09927140255009108,0.0,0.0
2601,"[[49]
 [48]
 [57]
 [57]
 [54]
 [56]]",2,meningioma,True,0,0.052359793,0,0,0,0.010641949879848954,0.0,0.0
2602,"[[49]
 [48]
 [57]
 [57]
 [54]
 [56]]",2,meningioma,True,0,0.039032575,0,0,0,0.026902059688944935,0.0,0.0
2621,"[[49]
 [48]
 [53]
 [57]
 [51]
 [55]]",2,meningioma,True,1,0.0364741,0,1,0,0.07094517527184245,0.18334409296320206,0.024922118380062305
2632,"[[49]
 [48]
 [53]
 [57]
 [51]
 [55]]",2,meningioma,True,1,0.05300189,0,1,0,0.0747122822463996,0.18992654774396642,0.16925592804578904
2643,"[[49]
 [48]
 [54]
 [50]
 [56]
 [52]]",2,meningioma,True,1,0.050729994,0,0,0,0.4294032023289665,0.1548154815481548,0.0
2645,"[[49]
 [49]
 [51]
 [48]
 [57]
 [56]]",2,meningioma,False,0,0.0009806311,0,1,0,0.0,0.0,0.0
2646,"[[49]
 [49]
 [51]
 [48]
 [57]
 [56]]",2,meningioma,False,0,0.0048501235,0,1,1,0.0,0.0,0.0
2647,"[[49]
 [49]
 [51]
 [48]
 [57]
 [56]]",2,meningioma,False,0,0.0026321749,0,1,0,0.0,0.0,0.0
2648,"[[49]
 [49]
 [51]
 [48]
 [57]
 [56]]",2,meningioma,True,0,0.01995306,0,0,0,0.0,0.0,0.0
2654,"[[49]
 [48]
 [54]
 [50]
 [56]
 [52]]",2,meningioma,True,1,0.053603474,0,0,0,0.17788642346746897,0.0,0.0
2665,"[[49]
 [48]
 [54]
 [50]
 [56]
 [52]]",2,meningioma,True,0,0.019940509,0,0,0,0.0,0.0,0.0
2676,"[[49]
 [48]
 [54]
 [50]
 [56]
 [52]]",2,meningioma,True,0,0.038531728,0,0,1,0.011988304093567251,0.0,0.0
2687,"[[49]
 [48]
 [54]
 [50]
 [56]
 [52]]",2,meningioma,True,0,0.01259773,0,0,0,0.008264462809917356,0.0,0.0
2692,"[[57]
 [55]
 [54]
 [48]
 [55]]",2,meningioma,True,0,0.016720159,0,0,0,0.0,0.0,0.0
2693,"[[57]
 [55]
 [54]
 [48]
 [55]]",2,meningioma,True,0,0.012497399,0,0,0,0.0,0.0,0.0
2694,"[[57]
 [55]
 [54]
 [48]
 [55]]",2,meningioma,True,0,0.004523766,0,0,0,0.0,0.0,0.0
2695,"[[57]
 [55]
 [54]
 [48]
 [55]]",2,meningioma,True,0,0.0050651846,0,0,0,0.0,0.0,0.0
2698,"[[49]
 [48]
 [54]
 [52]
 [52]
 [50]]",2,meningioma,False,0,0.0025757963,0,0,0,0.0,0.0,0.0
2709,"[[49]
 [48]
 [54]
 [52]
 [52]
 [50]]",2,meningioma,True,0,0.011077467,0,0,1,0.0,0.0,0.0
2720,"[[49]
 [48]
 [54]
 [52]
 [52]
 [50]]",2,meningioma,False,0,0.002073901,0,0,0,0.0,0.0,0.0
2732,"[[49]
 [48]
 [54]
 [52]
 [52]
 [50]]",2,meningioma,False,0,0.00066714507,0,0,0,0.0,0.0,0.0
2736,"[[57]
 [57]
 [56]
 [49]
 [53]]",2,meningioma,True,1,0.122713365,0,0,0,0.42125,0.22056384742951907,0.0
2737,"[[57]
 [57]
 [56]
 [49]
 [53]]",2,meningioma,False,0,0.0071339896,0,0,0,0.0,0.0,0.0
2738,"[[57]
 [57]
 [56]
 [49]
 [53]]",2,meningioma,True,0,0.06644349,0,0,0,0.06367924528301887,0.005790645879732739,0.0
2739,"[[57]
 [57]
 [56]
 [49]
 [53]]",2,meningioma,False,0,0.0075897165,0,0,0,0.0,0.0,0.0
2740,"[[57]
 [57]
 [56]
 [49]
 [53]]",2,meningioma,True,0,0.09950569,0,0,0,0.031852848811126065,0.0,0.0
2741,"[[57]
 [57]
 [56]
 [49]
 [53]]",2,meningioma,True,1,0.20765875,0,0,0,0.3761904761904762,0.2871143375680581,0.107085346215781
2746,"[[49]
 [48]
 [54]
 [48]
 [54]
 [50]]",2,pituitary,True,0,0.010316685,0,0,0,0.0,0.0,0.0
2747,"[[49]
 [48]
 [54]
 [48]
 [54]
 [50]]",2,pituitary,True,0,0.011715761,0,0,0,0.0,0.0,0.0
2748,"[[49]
 [48]
 [54]
 [48]
 [54]
 [50]]",2,pituitary,True,0,0.0088921795,0,0,0,0.0,0.0,0.0
2760,"[[49]
 [48]
 [51]
 [49]
 [52]
 [56]]",2,glioma,True,0,0.0019754665,0,0,0,0.0,0.0,0.0
2761,"[[49]
 [48]
 [51]
 [49]
 [52]
 [56]]",2,glioma,True,0,0.0019926857,0,0,1,0.0,0.0,0.0
2762,"[[49]
 [48]
 [51]
 [49]
 [52]
 [56]]",2,glioma,True,0,0.0005770124,0,1,0,0.0,0.0,0.0
2763,"[[49]
 [48]
 [51]
 [49]
 [52]
 [56]]",2,glioma,True,0,0.003998391,0,1,0,0.0,0.0,0.0
2803,"[[49]
 [48]
 [51]
 [49]
 [52]
 [56]]",2,glioma,False,0,0.021625957,0,0,0,0.0,0.0,0.0
2804,"[[49]
 [48]
 [51]
 [49]
 [52]
 [56]]",2,glioma,False,0,0.029287515,0,0,0,0.019837232960325534,0.0,0.0
2805,"[[49]
 [48]
 [51]
 [49]
 [52]
 [56]]",2,glioma,True,0,0.0016039188,0,0,0,0.0,0.0,0.0
2806,"[[49]
 [48]
 [51]
 [49]
 [52]
 [56]]",2,glioma,True,0,0.0012454494,0,0,0,0.0,0.0,0.0
2819,"[[49]
 [49]
 [50]
 [48]
 [50]
 [55]]",2,glioma,False,0,0.0062049152,0,1,0,0.0,0.0,0.0
2821,"[[49]
 [49]
 [50]
 [48]
 [50]
 [55]]",2,glioma,False,0,0.0012097001,0,0,0,0.0,0.0,0.0
2857,"[[57]
 [55]
 [54]
 [48]
 [57]]",2,glioma,True,0,0.0015601187,0,0,1,0.0,0.0,0.0
2858,"[[57]
 [55]
 [54]
 [48]
 [57]]",2,glioma,True,0,0.0037760818,0,0,0,0.0,0.0,0.0
2859,"[[57]
 [55]
 [54]
 [48]
 [57]]",2,glioma,True,0,0.0030646534,0,0,0,0.0,0.0,0.0
2860,"[[57]
 [55]
 [54]
 [48]
 [57]]",2,glioma,True,0,0.0027061526,0,0,0,0.0,0.0,0.0
2861,"[[57]
 [55]
 [54]
 [48]
 [57]]",2,glioma,True,0,0.009476741,0,0,0,0.0,0.0,0.0
2862,"[[57]
 [55]
 [54]
 [48]
 [57]]",2,glioma,True,0,0.0031033654,0,0,0,0.0,0.0,0.0
2888,"[[49]
 [48]
 [51]
 [49]
 [52]
 [56]]",2,glioma,True,0,0.0077157035,0,0,0,0.0,0.0,0.0
2889,"[[49]
 [48]
 [51]
 [49]
 [52]
 [56]]",2,glioma,True,0,0.0030139987,0,1,0,0.0,0.0,0.0
2890,"[[49]
 [48]
 [51]
 [49]
 [52]
 [56]]",2,glioma,True,0,0.001767656,0,1,0,0.0,0.0,0.0
2891,"[[49]
 [48]
 [51]
 [49]
 [52]
 [56]]",2,glioma,False,0,0.009861414,0,1,0,0.0,0.0,0.0
2892,"[[49]
 [48]
 [53]
 [54]
 [53]
 [51]]",2,glioma,False,0,0.002664865,0,0,0,0.0,0.0,0.0
2893,"[[49]
 [48]
 [53]
 [54]
 [53]
 [51]]",2,glioma,False,0,1.5695295e-07,0,0,0,0.0,0.0,0.0
2963,"[[57]
 [55]
 [54]
 [48]
 [57]]",2,glioma,True,0,0.022160955,0,0,0,0.0003589375448671931,0.0,0.0
2964,"[[57]
 [55]
 [54]
 [48]
 [57]]",2,glioma,True,0,0.030456973,0,0,0,0.0,0.0,0.0
2965,"[[49]
 [48]
 [55]
 [49]
 [57]
 [48]]",2,meningioma,True,0,0.00025353578,0,0,0,0.0,0.0,0.0
2966,"[[57]
 [55]
 [54]
 [48]
 [57]]",2,glioma,False,0,0.01483223,0,0,0,0.0,0.0,0.0
2967,"[[57]
 [55]
 [54]
 [48]
 [57]]",2,glioma,False,0,0.054906324,0,0,0,0.0,0.0,0.0
2976,"[[49]
 [48]
 [55]
 [49]
 [57]
 [48]]",2,meningioma,True,0,0.0049568736,0,0,0,0.007418930238123729,0.0,0.0
2979,"[[49]
 [48]
 [54]
 [48]
 [54]
 [50]]",2,pituitary,True,0,0.012211659,0,0,0,0.0,0.0,0.0
2980,"[[49]
 [48]
 [54]
 [48]
 [54]
 [50]]",2,pituitary,True,0,0.015326872,0,0,0,0.0,0.0,0.0
2981,"[[49]
 [48]
 [54]
 [48]
 [54]
 [50]]",2,pituitary,True,0,0.010113663,0,0,0,0.0,0.0,0.0
2982,"[[49]
 [48]
 [54]
 [48]
 [54]
 [50]]",2,pituitary,True,0,0.016469589,0,0,0,0.0,0.0,0.0
2997,"[[49]
 [48]
 [55]
 [53]
 [48]
 [53]]",2,pituitary,True,0,0.0046831677,0,0,0,0.0,0.0,0.0
2999,"[[49]
 [48]
 [55]
 [53]
 [48]
 [53]]",2,pituitary,True,0,0.004886167,0,0,0,0.0,0.0,0.0
3000,"[[49]
 [48]
 [55]
 [53]
 [48]
 [53]]",2,pituitary,True,0,0.017106794,0,0,0,0.0077156241388812346,0.0,0.0
3001,"[[49]
 [48]
 [55]
 [53]
 [48]
 [53]]",2,pituitary,True,0,0.010000552,0,0,0,0.0,0.0,0.0
3002,"[[49]
 [48]
 [55]
 [53]
 [48]
 [53]]",2,pituitary,True,0,0.00650177,0,0,0,0.0,0.0,0.0
3003,"[[49]
 [48]
 [55]
 [53]
 [48]
 [53]]",2,pituitary,True,0,0.0009913425,0,0,0,0.0,0.0,0.0
3004,"[[49]
 [48]
 [55]
 [53]
 [48]
 [53]]",2,pituitary,True,0,0.0008057395,0,0,0,0.0,0.0,0.0
3005,"[[49]
 [48]
 [55]
 [55]
 [52]
 [51]]",2,pituitary,True,0,0.005805331,0,0,0,0.0,0.0,0.0
3006,"[[49]
 [48]
 [55]
 [55]
 [52]
 [51]]",2,pituitary,True,0,0.0052477154,0,0,0,0.0,0.0,0.0
3007,"[[49]
 [48]
 [55]
 [55]
 [52]
 [51]]",2,pituitary,True,0,0.01762337,0,0,0,0.0,0.0,0.0
3008,"[[49]
 [48]
 [55]
 [55]
 [52]
 [51]]",2,pituitary,True,0,0.0042909235,0,0,0,0.0,0.0,0.0
3010,"[[49]
 [48]
 [56]
 [56]
 [53]
 [56]]",2,pituitary,True,0,0.0036854113,0,0,0,0.0,0.0,0.0
3011,"[[49]
 [48]
 [56]
 [56]
 [53]
 [56]]",2,pituitary,True,0,0.010289546,0,0,0,0.0,0.0,0.0
3012,"[[49]
 [48]
 [56]
 [56]
 [53]
 [56]]",2,pituitary,True,0,0.0077422396,0,0,0,0.0,0.0,0.0
3013,"[[49]
 [48]
 [56]
 [56]
 [53]
 [56]]",2,pituitary,True,0,0.0020142167,0,0,0,0.0,0.0,0.0
3014,"[[49]
 [48]
 [56]
 [56]
 [53]
 [56]]",2,pituitary,True,0,0.0039167097,0,0,0,0.0,0.0,0.0
3058,"[[49]
 [49]
 [50]
 [48]
 [55]
 [52]]",2,pituitary,False,0,0.00015724172,0,0,0,0.0,0.0,0.0
3059,"[[49]
 [49]
 [50]
 [48]
 [55]
 [52]]",2,pituitary,False,0,0.0010737942,0,0,0,0.0,0.0,0.0
3060,"[[49]
 [49]
 [50]
 [48]
 [55]
 [52]]",2,pituitary,False,0,0.00026441828,0,0,0,0.0,0.0,0.0
3061,"[[49]
 [49]
 [50]
 [48]
 [55]
 [52]]",2,pituitary,False,0,0.00034700677,0,0,0,0.0,0.0,0.0
17,"[[49]
 [49]
 [51]
 [55]
 [52]
 [49]]",3,pituitary,True,0,0.0051277494,0,0,0,0.0,0.0,0.0
18,"[[49]
 [49]
 [51]
 [55]
 [52]
 [49]]",3,pituitary,True,0,0.0018839996,0,0,0,0.0,0.0,0.0
49,"[[49]
 [48]
 [55]
 [52]
 [57]
 [53]]",3,pituitary,True,0,0.015818594,0,1,0,0.002331002331002331,0.0,0.0
50,"[[49]
 [48]
 [55]
 [52]
 [57]
 [53]]",3,pituitary,True,0,0.017157655,0,1,0,0.04001702852277565,0.016930022573363433,0.0
51,"[[49]
 [48]
 [55]
 [52]
 [57]
 [53]]",3,pituitary,True,0,0.028764846,0,1,0,0.10678907948779899,0.08038585209003216,0.0
52,"[[49]
 [48]
 [55]
 [52]
 [57]
 [53]]",3,pituitary,True,1,0.044631425,0,1,0,0.22513524760715772,0.3745541022592152,0.16101694915254236
53,"[[49]
 [48]
 [55]
 [52]
 [57]
 [53]]",3,pituitary,True,0,0.02699281,0,1,0,0.14096185737976782,0.0,0.0
54,"[[49]
 [48]
 [55]
 [52]
 [50]
 [57]]",3,pituitary,True,0,0.03744536,0,1,0,0.2185089974293059,0.015810276679841896,0.0
55,"[[49]
 [48]
 [55]
 [52]
 [50]
 [57]]",3,pituitary,True,1,0.09073878,0,1,0,0.5199034981905911,0.34831460674157305,0.1018867924528302
56,"[[49]
 [48]
 [55]
 [52]
 [50]
 [57]]",3,pituitary,True,1,0.06784741,0,1,0,0.19002728851401637,0.14110787172011663,0.0076832151300236405
58,"[[49]
 [48]
 [55]
 [52]
 [50]
 [57]]",3,pituitary,True,0,0.05412043,0,1,1,0.1168505516549649,0.0,0.0
59,"[[49]
 [48]
 [55]
 [52]
 [50]
 [57]]",3,pituitary,True,0,0.088185534,0,1,0,0.3246544519447123,0.11255862428348098,0.0
60,"[[49]
 [48]
 [55]
 [52]
 [50]
 [57]]",3,pituitary,True,1,0.08951179,0,1,0,0.45442536327608984,0.2438136826783115,0.024017467248908297
61,"[[49]
 [48]
 [55]
 [52]
 [50]
 [57]]",3,pituitary,True,0,0.011401922,0,0,0,0.0,0.0,0.0
94,"[[49]
 [48]
 [57]
 [55]
 [54]
 [57]]",3,pituitary,True,0,0.013166767,0,1,0,0.031055900621118012,0.0,0.0
95,"[[49]
 [48]
 [57]
 [55]
 [54]
 [57]]",3,pituitary,True,0,0.0053852736,0,1,0,0.0,0.0,0.0
96,"[[49]
 [48]
 [57]
 [55]
 [54]
 [57]]",3,pituitary,True,0,0.010363043,0,1,0,0.0,0.0,0.0
97,"[[49]
 [48]
 [57]
 [55]
 [54]
 [57]]",3,pituitary,True,0,0.010672367,0,1,0,0.015552099533437015,0.0,0.0
98,"[[49]
 [48]
 [57]
 [55]
 [54]
 [57]]",3,pituitary,True,0,0.02286217,0,0,0,0.01895011979960793,0.0,0.0
133,"[[49]
 [49]
 [49]
 [49]
 [50]
 [53]]",3,pituitary,True,0,0.0103906775,0,0,0,0.03682170542635659,0.0,0.0
134,"[[49]
 [49]
 [49]
 [49]
 [50]
 [53]]",3,pituitary,True,0,0.0120915705,0,0,0,0.02454728370221328,0.0,0.0
136,"[[49]
 [49]
 [49]
 [49]
 [50]
 [53]]",3,pituitary,True,0,0.012650074,0,0,0,0.008527310440193593,0.0,0.0
137,"[[49]
 [49]
 [49]
 [49]
 [50]
 [53]]",3,pituitary,True,0,0.0031418933,0,0,0,0.0,0.0,0.0
138,"[[49]
 [49]
 [49]
 [49]
 [50]
 [53]]",3,pituitary,True,0,0.020372787,0,1,0,0.04764890282131661,0.0,0.0
139,"[[49]
 [49]
 [49]
 [49]
 [50]
 [53]]",3,pituitary,True,0,0.01295733,0,1,0,0.010844561288202431,0.0,0.0
168,"[[49]
 [48]
 [56]
 [57]
 [52]
 [53]]",3,meningioma,True,0,0.030838555,0,0,0,0.13643858202802966,0.0,0.0
170,"[[49]
 [49]
 [51]
 [55]
 [52]
 [49]]",3,pituitary,True,0,0.0044568735,0,0,0,0.0,0.0,0.0
171,"[[49]
 [49]
 [51]
 [55]
 [52]
 [49]]",3,pituitary,True,0,0.0050001806,0,1,0,0.0,0.0,0.0
172,"[[49]
 [49]
 [51]
 [55]
 [52]
 [49]]",3,pituitary,True,0,0.012237283,0,1,0,0.0,0.0,0.0
179,"[[49]
 [48]
 [56]
 [57]
 [52]
 [53]]",3,meningioma,True,0,0.043347012,0,0,0,0.13127413127413126,0.05621301775147929,0.0
190,"[[49]
 [48]
 [56]
 [57]
 [52]
 [53]]",3,meningioma,True,1,0.16013509,0,0,0,0.22993882691615689,0.043646195442255696,0.0
197,"[[49]
 [48]
 [55]
 [52]
 [57]
 [53]]",3,pituitary,True,0,0.0044561345,0,0,0,0.0,0.0,0.0
198,"[[49]
 [48]
 [55]
 [52]
 [57]
 [53]]",3,pituitary,True,0,0.0102377245,0,0,0,0.0,0.0,0.0
199,"[[49]
 [48]
 [55]
 [52]
 [57]
 [53]]",3,pituitary,True,0,0.009544756,0,0,0,0.0,0.0,0.0
200,"[[49]
 [48]
 [55]
 [52]
 [57]
 [53]]",3,pituitary,True,0,0.009708462,0,0,0,0.0,0.0,0.0
201,"[[49]
 [48]
 [56]
 [57]
 [52]
 [53]]",3,meningioma,True,1,0.061148807,0,0,0,0.4624681933842239,0.3739495798319328,0.0
202,"[[49]
 [48]
 [55]
 [52]
 [57]
 [53]]",3,pituitary,True,0,0.005987647,0,0,0,0.0,0.0,0.0
203,"[[49]
 [48]
 [55]
 [52]
 [57]
 [53]]",3,pituitary,True,0,0.00331827,0,0,0,0.0,0.0,0.0
204,"[[49]
 [48]
 [55]
 [52]
 [50]
 [57]]",3,pituitary,True,0,0.011773795,0,0,0,0.0,0.0,0.0
205,"[[49]
 [48]
 [55]
 [52]
 [50]
 [57]]",3,pituitary,True,0,0.015118174,0,0,0,0.010065127294256957,0.0,0.0
206,"[[49]
 [48]
 [55]
 [52]
 [50]
 [57]]",3,pituitary,True,0,0.03544101,0,0,0,0.05018050541516245,0.0,0.0
207,"[[49]
 [48]
 [55]
 [52]
 [50]
 [57]]",3,pituitary,True,1,0.04713427,0,0,0,0.2510690287110568,0.0,0.0
208,"[[49]
 [48]
 [55]
 [52]
 [50]
 [57]]",3,pituitary,True,0,0.019855814,0,0,0,0.0,0.0,0.0
209,"[[49]
 [48]
 [55]
 [52]
 [50]
 [57]]",3,pituitary,True,0,0.03626577,0,0,0,0.013426736719206071,0.0,0.0
210,"[[49]
 [48]
 [55]
 [52]
 [50]
 [57]]",3,pituitary,True,0,0.023866657,0,0,0,0.024351924587588374,0.0,0.0
240,"[[49]
 [48]
 [57]
 [55]
 [54]
 [57]]",3,pituitary,True,0,0.007739356,0,0,0,0.0017929179740026895,0.0,0.0
241,"[[49]
 [48]
 [57]
 [55]
 [54]
 [57]]",3,pituitary,True,0,0.006726182,0,0,0,0.000550357732526142,0.0,0.0
242,"[[49]
 [48]
 [57]
 [55]
 [54]
 [57]]",3,pituitary,True,0,0.008534168,0,0,0,0.03641732283464567,0.0,0.0
243,"[[49]
 [48]
 [57]
 [55]
 [54]
 [57]]",3,pituitary,True,0,0.0063535236,0,0,0,0.0,0.0,0.0
244,"[[49]
 [48]
 [57]
 [55]
 [54]
 [57]]",3,pituitary,True,0,0.0046046455,0,0,0,0.000968054211035818,0.0,0.0
266,"[[49]
 [49]
 [49]
 [49]
 [50]
 [53]]",3,pituitary,True,0,0.005658598,0,0,0,0.0,0.0,0.0
267,"[[49]
 [49]
 [49]
 [49]
 [50]
 [53]]",3,pituitary,True,0,0.0026646042,0,0,0,0.0,0.0,0.0
269,"[[49]
 [49]
 [49]
 [49]
 [50]
 [53]]",3,pituitary,True,0,0.0070402687,0,0,0,0.0,0.0,0.0
270,"[[49]
 [49]
 [49]
 [49]
 [50]
 [53]]",3,pituitary,True,0,0.004538809,0,0,0,0.0,0.0,0.0
279,"[[49]
 [49]
 [49]
 [48]
 [55]
 [55]]",3,meningioma,True,0,0.0048269397,0,0,0,0.0,0.0,0.0
290,"[[49]
 [49]
 [49]
 [48]
 [55]
 [55]]",3,meningioma,True,0,0.0029270074,0,0,0,0.0,0.0,0.0
301,"[[49]
 [49]
 [49]
 [48]
 [55]
 [55]]",3,meningioma,True,0,0.00083898846,0,0,0,0.0,0.0,0.0
302,"[[49]
 [49]
 [51]
 [55]
 [52]
 [49]]",3,pituitary,True,0,0.002480546,0,0,0,0.0,0.0,0.0
303,"[[49]
 [49]
 [51]
 [55]
 [52]
 [49]]",3,pituitary,True,0,0.00077742874,0,0,0,0.0,0.0,0.0
304,"[[49]
 [49]
 [51]
 [55]
 [52]
 [49]]",3,pituitary,True,0,0.0012737137,0,0,0,0.0,0.0,0.0
318,"[[49]
 [48]
 [49]
 [49]
 [52]
 [53]]",3,pituitary,True,0,0.0027917968,0,0,0,0.0,0.0,0.0
319,"[[49]
 [48]
 [49]
 [49]
 [52]
 [53]]",3,pituitary,True,0,0.0009807209,0,0,0,0.0,0.0,0.0
320,"[[49]
 [48]
 [49]
 [49]
 [52]
 [53]]",3,pituitary,True,0,0.0005486677,0,0,0,0.0,0.0,0.0
321,"[[49]
 [48]
 [49]
 [49]
 [52]
 [53]]",3,pituitary,True,0,0.0010786041,0,0,0,0.0,0.0,0.0
390,"[[49]
 [49]
 [50]
 [48]
 [48]
 [50]]",3,meningioma,True,0,0.019212686,0,0,0,0.0,0.0,0.0
401,"[[49]
 [49]
 [50]
 [48]
 [48]
 [50]]",3,meningioma,True,0,0.017685387,0,0,0,0.0,0.0,0.0
402,"[[49]
 [48]
 [52]
 [54]
 [56]
 [52]]",3,pituitary,True,0,0.010707707,0,0,0,0.012618296529968454,0.0,0.0
403,"[[49]
 [48]
 [52]
 [54]
 [56]
 [52]]",3,pituitary,True,0,0.007595914,0,0,0,0.0,0.0,0.0
404,"[[49]
 [48]
 [52]
 [54]
 [56]
 [52]]",3,pituitary,True,0,0.0098929675,0,0,0,0.0,0.0,0.0
405,"[[49]
 [48]
 [52]
 [54]
 [56]
 [52]]",3,pituitary,True,0,0.025242021,1,0,0,0.08310055865921788,0.0,0.0
406,"[[49]
 [48]
 [52]
 [54]
 [56]
 [52]]",3,pituitary,True,0,0.008144008,0,0,0,0.0,0.0,0.0
407,"[[49]
 [48]
 [52]
 [54]
 [56]
 [52]]",3,pituitary,True,0,0.0059192665,0,0,0,0.0,0.0,0.0
408,"[[49]
 [48]
 [52]
 [54]
 [56]
 [52]]",3,pituitary,True,0,0.014954663,0,0,0,0.0,0.0,0.0
409,"[[49]
 [48]
 [52]
 [54]
 [56]
 [52]]",3,pituitary,True,0,0.0053960616,0,0,0,0.0,0.0,0.0
410,"[[49]
 [48]
 [52]
 [54]
 [56]
 [52]]",3,pituitary,True,0,0.0071902047,0,0,0,0.0,0.0,0.0
412,"[[49]
 [49]
 [50]
 [48]
 [48]
 [50]]",3,meningioma,True,0,0.012284222,0,0,0,0.0,0.0,0.0
421,"[[49]
 [48]
 [53]
 [52]
 [55]
 [53]]",3,pituitary,True,0,0.0025773058,0,0,1,0.0,0.0,0.0
422,"[[49]
 [48]
 [53]
 [52]
 [55]
 [53]]",3,pituitary,True,0,0.0012082407,0,0,0,0.0,0.0,0.0
423,"[[49]
 [49]
 [50]
 [48]
 [48]
 [50]]",3,meningioma,True,0,0.008572546,0,0,0,0.0,0.0,0.0
427,"[[49]
 [48]
 [53]
 [54]
 [51]
 [56]]",3,pituitary,True,0,0.003797828,0,0,0,0.0,0.0,0.0
428,"[[49]
 [48]
 [53]
 [54]
 [51]
 [56]]",3,pituitary,True,0,0.006290333,0,0,0,0.0,0.0,0.0
429,"[[49]
 [48]
 [53]
 [54]
 [51]
 [56]]",3,pituitary,True,0,0.0013883609,0,0,0,0.0,0.0,0.0
470,"[[57]
 [56]
 [54]
 [53]
 [50]]",3,pituitary,True,0,0.00799453,0,0,0,0.0,0.0,0.0
471,"[[57]
 [56]
 [54]
 [53]
 [50]]",3,pituitary,True,0,0.0032952016,0,0,0,0.0,0.0,0.0
472,"[[57]
 [56]
 [54]
 [53]
 [50]]",3,pituitary,True,0,0.005187819,0,0,0,0.0,0.0,0.0
480,"[[57]
 [56]
 [56]
 [55]
 [52]]",3,pituitary,True,0,0.0037468318,0,0,0,0.0,0.0,0.0
481,"[[57]
 [56]
 [56]
 [55]
 [52]]",3,pituitary,True,0,0.003441886,0,0,0,0.0,0.0,0.0
482,"[[57]
 [56]
 [56]
 [55]
 [52]]",3,pituitary,True,0,0.0051439693,0,0,0,0.0,0.0,0.0
483,"[[57]
 [56]
 [56]
 [55]
 [52]]",3,pituitary,True,0,0.004039381,0,0,0,0.0,0.0,0.0
484,"[[57]
 [56]
 [56]
 [55]
 [52]]",3,pituitary,True,0,0.0019635258,0,0,0,0.0,0.0,0.0
521,"[[49]
 [48]
 [49]
 [49]
 [52]
 [53]]",3,pituitary,True,0,0.006082999,0,0,0,0.0,0.0,0.0
522,"[[49]
 [48]
 [49]
 [49]
 [52]
 [53]]",3,pituitary,True,0,0.0013968848,0,0,0,0.0,0.0,0.0
524,"[[49]
 [48]
 [49]
 [49]
 [52]
 [53]]",3,pituitary,True,0,0.002338618,0,0,0,0.0,0.0,0.0
525,"[[49]
 [48]
 [49]
 [49]
 [52]
 [53]]",3,pituitary,True,0,0.00064990856,0,0,0,0.0,0.0,0.0
607,"[[49]
 [48]
 [52]
 [54]
 [56]
 [52]]",3,pituitary,True,0,0.012222766,0,1,0,0.0,0.0,0.0
608,"[[49]
 [48]
 [52]
 [54]
 [56]
 [52]]",3,pituitary,True,0,0.024382547,0,1,0,0.04465819306080385,0.0,0.0
609,"[[49]
 [48]
 [52]
 [54]
 [56]
 [52]]",3,pituitary,True,0,0.037140153,0,1,0,0.11755424063116371,0.0,0.0
610,"[[49]
 [48]
 [52]
 [54]
 [56]
 [52]]",3,pituitary,True,0,0.036708202,0,1,0,0.13759933082392303,0.0,0.0
611,"[[49]
 [48]
 [52]
 [54]
 [56]
 [52]]",3,pituitary,True,1,0.050641026,0,1,0,0.24274809160305344,0.2465753424657534,0.0
613,"[[49]
 [48]
 [52]
 [54]
 [56]
 [52]]",3,pituitary,True,0,0.032514118,0,1,0,0.12306438467807661,0.036231884057971016,0.0
614,"[[49]
 [48]
 [52]
 [54]
 [56]
 [52]]",3,pituitary,True,0,0.01782021,0,1,0,0.005897219882055603,0.0,0.0
627,"[[49]
 [48]
 [53]
 [52]
 [55]
 [53]]",3,pituitary,True,0,0.0009781066,0,0,0,0.0,0.0,0.0
628,"[[49]
 [48]
 [53]
 [52]
 [55]
 [53]]",3,pituitary,True,0,0.002343974,0,0,0,0.0,0.0,0.0
629,"[[49]
 [48]
 [53]
 [52]
 [55]
 [53]]",3,pituitary,True,0,0.0007377174,0,0,0,0.0,0.0,0.0
632,"[[49]
 [48]
 [53]
 [54]
 [51]
 [56]]",3,pituitary,True,0,0.0021030912,0,1,0,0.0,0.0,0.0
633,"[[49]
 [48]
 [53]
 [54]
 [51]
 [56]]",3,pituitary,True,0,0.007813559,0,1,0,0.04963314630988347,0.0,0.0
635,"[[49]
 [48]
 [53]
 [54]
 [51]
 [56]]",3,pituitary,True,0,0.007311058,0,1,0,0.027357392316647265,0.0,0.0
636,"[[49]
 [48]
 [53]
 [54]
 [51]
 [56]]",3,pituitary,True,0,0.008387569,0,1,0,0.03896920175989944,0.0,0.0
637,"[[49]
 [48]
 [53]
 [54]
 [51]
 [56]]",3,pituitary,True,0,0.0016241334,0,1,0,0.0,0.0,0.0
674,"[[57]
 [56]
 [54]
 [53]
 [50]]",3,pituitary,True,0,0.0024730559,0,0,0,0.0004579803068468056,0.0,0.0
675,"[[57]
 [56]
 [54]
 [53]
 [50]]",3,pituitary,True,0,0.0060091005,0,0,0,0.016126007875492218,0.0,0.0
676,"[[57]
 [56]
 [54]
 [53]
 [50]]",3,pituitary,True,0,0.0068096584,0,0,0,0.0,0.0,0.0
677,"[[57]
 [56]
 [54]
 [53]
 [50]]",3,pituitary,True,0,0.05634129,0,1,0,0.06074498567335244,0.0,0.0
686,"[[57]
 [56]
 [56]
 [55]
 [52]]",3,pituitary,False,0,0.0002991001,0,0,0,0.0,0.0,0.0
687,"[[57]
 [56]
 [56]
 [55]
 [52]]",3,pituitary,True,0,0.010931265,0,1,0,0.0,0.0,0.0
688,"[[57]
 [56]
 [56]
 [55]
 [52]]",3,pituitary,True,0,0.017539253,0,1,0,0.0,0.0,0.0
689,"[[57]
 [56]
 [56]
 [55]
 [52]]",3,pituitary,True,0,0.013959461,0,1,0,0.0031859816806053365,0.0,0.0
691,"[[57]
 [56]
 [56]
 [55]
 [52]]",3,pituitary,True,0,0.01522746,0,1,0,0.024883784522832922,0.0,0.0
701,"[[49]
 [49]
 [51]
 [56]
 [48]
 [53]]",3,meningioma,True,0,0.0020231646,0,0,0,0.0,0.0,0.0
725,"[[49]
 [48]
 [49]
 [49]
 [52]
 [53]]",3,pituitary,True,0,0.0013267902,0,0,0,0.0,0.0,0.0
726,"[[49]
 [48]
 [49]
 [49]
 [52]
 [53]]",3,pituitary,True,0,0.0005496504,0,0,0,0.0,0.0,0.0
727,"[[49]
 [48]
 [49]
 [49]
 [52]
 [53]]",3,pituitary,False,0,0.00048709434,0,0,0,0.0,0.0,0.0
728,"[[49]
 [48]
 [49]
 [49]
 [52]
 [53]]",3,pituitary,True,0,0.0004964451,0,0,0,0.0,0.0,0.0
767,"[[49]
 [49]
 [52]
 [51]
 [53]
 [57]]",3,meningioma,False,0,0.0010785869,0,0,0,0.0,0.0,0.0
779,"[[49]
 [49]
 [52]
 [51]
 [53]
 [57]]",3,meningioma,False,0,0.012516751,0,0,0,0.0,0.0,0.0
790,"[[49]
 [49]
 [52]
 [51]
 [53]
 [57]]",3,meningioma,False,0,0.010390392,0,0,0,0.0,0.0,0.0
801,"[[49]
 [49]
 [52]
 [51]
 [53]
 [57]]",3,meningioma,True,0,0.048386697,0,0,0,0.0007810466024472793,0.0,0.0
812,"[[49]
 [49]
 [52]
 [51]
 [53]
 [57]]",3,meningioma,True,1,0.096497074,0,0,0,0.18010291595197256,0.02040816326530612,0.0
817,"[[49]
 [48]
 [52]
 [54]
 [56]
 [52]]",3,pituitary,True,0,0.010262854,0,0,0,0.0,0.0,0.0
818,"[[49]
 [48]
 [52]
 [54]
 [56]
 [52]]",3,pituitary,True,0,0.0154313445,0,0,0,0.0,0.0,0.0
819,"[[49]
 [48]
 [52]
 [54]
 [56]
 [52]]",3,pituitary,True,0,0.011926273,0,0,0,0.0,0.0,0.0
820,"[[49]
 [48]
 [52]
 [54]
 [56]
 [52]]",3,pituitary,True,0,0.007515977,0,0,0,0.0,0.0,0.0
821,"[[49]
 [48]
 [52]
 [54]
 [56]
 [52]]",3,pituitary,True,0,0.009242993,0,0,0,0.0,0.0,0.0
822,"[[49]
 [48]
 [52]
 [54]
 [56]
 [52]]",3,pituitary,True,0,0.003884823,0,0,0,0.0,0.0,0.0
823,"[[49]
 [49]
 [52]
 [51]
 [53]
 [57]]",3,meningioma,True,0,0.04741844,0,0,0,0.059191329720716966,0.0,0.0
824,"[[49]
 [48]
 [52]
 [54]
 [56]
 [52]]",3,pituitary,True,0,0.004765848,0,0,0,0.0,0.0,0.0
839,"[[49]
 [48]
 [53]
 [52]
 [55]
 [53]]",3,pituitary,True,0,0.0007484569,0,0,0,0.0,0.0,0.0
840,"[[49]
 [48]
 [53]
 [52]
 [55]
 [53]]",3,pituitary,True,0,0.000541928,0,0,0,0.0,0.0,0.0
841,"[[49]
 [48]
 [53]
 [52]
 [55]
 [53]]",3,pituitary,True,0,0.00059470296,0,0,0,0.0,0.0,0.0
842,"[[49]
 [48]
 [53]
 [52]
 [55]
 [53]]",3,pituitary,True,0,0.0030198963,0,0,0,0.0,0.0,0.0
843,"[[49]
 [48]
 [53]
 [52]
 [55]
 [53]]",3,pituitary,True,0,0.0007621103,0,0,0,0.0,0.0,0.0
847,"[[49]
 [48]
 [53]
 [54]
 [51]
 [56]]",3,pituitary,True,0,0.002740962,0,0,0,0.0,0.0,0.0
848,"[[49]
 [48]
 [53]
 [54]
 [51]
 [56]]",3,pituitary,True,0,0.007485837,0,0,0,0.04010462074978204,0.0,0.0
849,"[[49]
 [48]
 [53]
 [54]
 [51]
 [56]]",3,pituitary,True,0,0.0032441798,0,0,0,0.0,0.0,0.0
850,"[[49]
 [48]
 [53]
 [54]
 [51]
 [56]]",3,pituitary,True,0,0.004197734,0,0,0,0.03890784982935153,0.0,0.0
851,"[[49]
 [48]
 [53]
 [54]
 [51]
 [56]]",3,pituitary,True,0,0.002073627,0,0,0,0.0033269129749606023,0.0,0.0
892,"[[57]
 [56]
 [54]
 [53]
 [50]]",3,pituitary,True,0,0.0041654683,0,1,0,0.0,0.0,0.0
893,"[[57]
 [56]
 [54]
 [53]
 [50]]",3,pituitary,True,0,0.0044357562,0,1,0,0.0,0.0,0.0
894,"[[57]
 [56]
 [54]
 [53]
 [50]]",3,pituitary,True,0,0.0032461823,0,0,0,0.0044782803403493054,0.0,0.0
895,"[[57]
 [56]
 [54]
 [53]
 [50]]",3,pituitary,True,0,0.001061743,0,0,0,0.0,0.0,0.0
896,"[[57]
 [56]
 [54]
 [53]
 [50]]",3,pituitary,True,0,0.0019128312,0,1,0,0.0,0.0,0.0
905,"[[57]
 [56]
 [56]
 [55]
 [52]]",3,pituitary,True,0,0.0034709144,0,0,0,0.0,0.0,0.0
906,"[[57]
 [56]
 [56]
 [55]
 [52]]",3,pituitary,True,0,0.0015709259,0,0,0,0.0,0.0,0.0
907,"[[57]
 [56]
 [56]
 [55]
 [52]]",3,pituitary,True,0,0.0034733748,0,0,0,0.0,0.0,0.0
908,"[[57]
 [56]
 [56]
 [55]
 [52]]",3,pituitary,True,0,0.0046955743,0,0,0,0.0,0.0,0.0
909,"[[57]
 [56]
 [56]
 [55]
 [52]]",3,pituitary,True,0,0.00809716,0,0,0,0.0,0.0,0.0
910,"[[57]
 [56]
 [56]
 [55]
 [52]]",3,pituitary,True,0,0.007590129,0,0,0,0.0,0.0,0.0
934,"[[57]
 [55]
 [56]
 [55]
 [53]]",3,meningioma,True,1,0.011843704,0,0,0,0.01748455530947663,0.0,0.0
945,"[[57]
 [55]
 [56]
 [55]
 [53]]",3,meningioma,True,0,0.024351437,0,0,0,0.12005856515373353,0.0,0.0
956,"[[57]
 [55]
 [56]
 [55]
 [53]]",3,meningioma,True,0,0.0017814059,0,0,0,0.0,0.0,0.0
977,"[[77]
 [82]
 [48]
 [52]
 [57]
 [49]
 [48]
 [52]]",3,glioma,True,0,0.0027337067,0,1,0,0.0,0.0,0.0
979,"[[77]
 [82]
 [48]
 [52]
 [57]
 [49]
 [48]
 [52]]",3,glioma,True,0,0.0017343768,0,0,0,0.0,0.0,0.0
984,"[[77]
 [82]
 [48]
 [52]
 [56]
 [57]
 [57]
 [52]
 [66]]",3,glioma,True,0,0.0015886371,0,0,0,0.0,0.0,0.0
985,"[[77]
 [82]
 [48]
 [52]
 [56]
 [57]
 [57]
 [52]
 [66]]",3,glioma,True,0,0.0011982637,0,0,0,0.0,0.0,0.0
986,"[[77]
 [82]
 [48]
 [52]
 [56]
 [57]
 [57]
 [52]
 [66]]",3,glioma,True,0,0.0026228433,0,0,0,0.0,0.0,0.0
987,"[[77]
 [82]
 [48]
 [52]
 [56]
 [57]
 [57]
 [52]
 [66]]",3,glioma,True,0,0.00059601135,0,0,0,0.0,0.0,0.0
988,"[[77]
 [82]
 [48]
 [52]
 [56]
 [57]
 [57]
 [52]
 [66]]",3,glioma,True,0,0.01529916,0,0,0,0.0,0.0,0.0
990,"[[77]
 [82]
 [48]
 [52]
 [56]
 [57]
 [57]
 [52]
 [66]]",3,glioma,True,0,0.020027773,0,0,0,0.0,0.0,0.0
991,"[[77]
 [82]
 [48]
 [52]
 [56]
 [57]
 [57]
 [52]
 [66]]",3,glioma,True,0,0.020679928,0,0,0,0.0,0.0,0.0
992,"[[77]
 [82]
 [48]
 [52]
 [56]
 [57]
 [57]
 [52]
 [66]]",3,glioma,True,0,0.010743463,0,0,1,9.858044164037855e-05,0.0,0.0
1057,"[[77]
 [82]
 [48]
 [53]
 [48]
 [49]
 [51]
 [53]
 [66]]",3,glioma,True,0,0.00061386934,0,0,0,0.0,0.0,0.0
1058,"[[77]
 [82]
 [48]
 [53]
 [48]
 [49]
 [51]
 [53]
 [66]]",3,glioma,True,0,0.00055760046,0,1,0,0.0,0.0,0.0
1059,"[[77]
 [82]
 [48]
 [53]
 [48]
 [49]
 [51]
 [53]
 [66]]",3,glioma,True,0,0.0100159,0,0,0,0.0,0.0,0.0
1060,"[[77]
 [82]
 [48]
 [53]
 [48]
 [49]
 [51]
 [53]
 [66]]",3,glioma,True,0,0.0072989305,0,0,0,0.0,0.0,0.0
1061,"[[77]
 [82]
 [48]
 [53]
 [48]
 [49]
 [51]
 [53]
 [66]]",3,glioma,True,0,0.0023162533,0,0,0,0.0,0.0,0.0
1062,"[[77]
 [82]
 [48]
 [53]
 [48]
 [49]
 [51]
 [53]
 [66]]",3,glioma,True,0,0.007101295,0,0,0,0.0,0.0,0.0
1063,"[[77]
 [82]
 [48]
 [53]
 [48]
 [49]
 [51]
 [53]
 [66]]",3,glioma,True,0,0.0017514292,0,1,0,0.0,0.0,0.0
1064,"[[77]
 [82]
 [48]
 [53]
 [48]
 [49]
 [51]
 [53]
 [66]]",3,glioma,True,0,0.004882334,0,1,1,0.0,0.0,0.0
1065,"[[77]
 [82]
 [48]
 [53]
 [48]
 [49]
 [51]
 [53]
 [66]]",3,glioma,True,0,0.004621618,0,0,0,0.0,0.0,0.0
1066,"[[77]
 [82]
 [48]
 [53]
 [48]
 [49]
 [51]
 [53]
 [66]]",3,glioma,True,0,0.0011607702,0,0,0,0.0,0.0,0.0
1068,"[[77]
 [82]
 [48]
 [53]
 [48]
 [49]
 [51]
 [53]
 [66]]",3,glioma,True,0,0.012258913,0,0,0,0.0,0.0,0.0
1069,"[[77]
 [82]
 [48]
 [53]
 [48]
 [49]
 [51]
 [53]
 [66]]",3,glioma,True,0,0.017618006,0,0,0,0.0,0.0,0.0
1070,"[[77]
 [82]
 [48]
 [53]
 [48]
 [49]
 [51]
 [53]
 [66]]",3,glioma,True,0,0.021951945,0,0,0,0.0,0.0,0.0
1071,"[[77]
 [82]
 [48]
 [53]
 [48]
 [49]
 [51]
 [53]
 [66]]",3,glioma,True,0,0.019845674,0,0,0,0.0020842379504993486,0.0,0.0
1072,"[[77]
 [82]
 [48]
 [53]
 [48]
 [54]
 [56]
 [55]]",3,glioma,False,0,0.020460038,0,0,0,0.0,0.0,0.0
1073,"[[77]
 [82]
 [48]
 [53]
 [48]
 [54]
 [56]
 [55]]",3,glioma,True,0,0.004527498,0,0,0,0.0,0.0,0.0
1074,"[[77]
 [82]
 [48]
 [53]
 [48]
 [54]
 [56]
 [55]]",3,glioma,True,0,0.0067310343,0,0,0,0.0,0.0,0.0
1075,"[[77]
 [82]
 [48]
 [53]
 [48]
 [54]
 [56]
 [55]]",3,glioma,True,0,0.0058404813,0,0,0,0.0,0.0,0.0
1076,"[[77]
 [82]
 [48]
 [53]
 [48]
 [54]
 [56]
 [55]]",3,glioma,True,0,0.007932791,0,0,0,0.0014561339643247178,0.0,0.0
1077,"[[77]
 [82]
 [48]
 [53]
 [48]
 [54]
 [56]
 [55]]",3,glioma,True,0,0.0024758582,0,0,0,0.0,0.0,0.0
1079,"[[77]
 [82]
 [48]
 [53]
 [48]
 [54]
 [56]
 [55]]",3,glioma,True,0,0.015248605,0,0,0,0.0,0.0,0.0
1080,"[[77]
 [82]
 [48]
 [53]
 [48]
 [54]
 [56]
 [55]]",3,glioma,True,0,0.002080418,0,0,0,0.0,0.0,0.0
1081,"[[77]
 [82]
 [48]
 [53]
 [48]
 [54]
 [56]
 [55]]",3,glioma,True,0,0.0018616708,0,0,0,0.0,0.0,0.0
1082,"[[77]
 [82]
 [48]
 [53]
 [48]
 [54]
 [56]
 [55]]",3,glioma,True,0,0.0011009047,0,0,0,0.0,0.0,0.0
1112,"[[49]
 [48]
 [49]
 [55]
 [57]
 [55]]",3,meningioma,True,0,0.019426398,0,0,0,0.0,0.0,0.0
1157,"[[57]
 [57]
 [51]
 [48]
 [56]]",3,meningioma,True,1,0.031148043,0,0,1,0.039713182570325425,0.0,0.0
1168,"[[57]
 [57]
 [51]
 [48]
 [56]]",3,meningioma,True,1,0.110907555,0,0,0,0.14768413059984814,0.030181979582778518,0.0
1179,"[[57]
 [57]
 [51]
 [48]
 [56]]",3,meningioma,True,0,0.07271498,0,0,0,0.037914691943127965,0.0009033423667570009,0.0
1190,"[[57]
 [57]
 [51]
 [48]
 [56]]",3,meningioma,True,0,0.045877673,0,0,0,0.03622286741324485,0.0,0.0
1198,"[[77]
 [82]
 [48]
 [52]
 [57]
 [57]
 [52]
 [50]
 [66]]",3,glioma,True,0,0.011434379,0,0,0,0.0,0.0,0.0
1199,"[[77]
 [82]
 [48]
 [52]
 [57]
 [57]
 [52]
 [50]
 [66]]",3,glioma,True,0,0.016822238,0,0,0,0.0,0.0,0.0
1200,"[[77]
 [82]
 [48]
 [52]
 [57]
 [57]
 [52]
 [50]
 [66]]",3,glioma,True,0,0.009739846,0,0,0,0.0,0.0,0.0
1201,"[[57]
 [57]
 [51]
 [48]
 [56]]",3,meningioma,True,0,0.025699284,0,0,0,0.0,0.0,0.0
1209,"[[77]
 [82]
 [48]
 [53]
 [51]
 [49]
 [49]
 [48]
 [66]]",3,glioma,True,0,0.01648929,0,0,0,0.0,0.0,0.0
1210,"[[77]
 [82]
 [48]
 [53]
 [51]
 [49]
 [49]
 [48]
 [66]]",3,glioma,True,0,0.01611409,0,0,0,0.005368074085700832,0.0,0.0
1211,"[[77]
 [82]
 [48]
 [53]
 [51]
 [49]
 [49]
 [48]
 [66]]",3,glioma,True,0,0.03738674,0,0,0,0.0,0.0,0.0
1212,"[[49]
 [48]
 [48]
 [56]
 [50]
 [48]]",3,glioma,False,0,0.05771465,0,0,0,0.0,0.0,0.0
1213,"[[77]
 [82]
 [48]
 [53]
 [51]
 [49]
 [49]
 [48]
 [66]]",3,glioma,True,0,0.033048436,0,0,0,0.0,0.0,0.0
1214,"[[77]
 [82]
 [48]
 [53]
 [51]
 [49]
 [49]
 [48]
 [66]]",3,glioma,True,0,0.034833413,0,0,0,0.0,0.0,0.0
1215,"[[77]
 [82]
 [48]
 [53]
 [51]
 [49]
 [49]
 [48]
 [66]]",3,glioma,True,0,0.013843935,0,0,0,0.0,0.0,0.0
1220,"[[77]
 [82]
 [48]
 [53]
 [52]
 [54]
 [56]
 [51]]",3,glioma,True,0,0.0011465795,0,0,0,0.0,0.0,0.0
1221,"[[77]
 [82]
 [48]
 [53]
 [52]
 [54]
 [56]
 [51]]",3,glioma,True,0,0.00917264,0,0,0,0.0017812611328820805,0.0,0.0
1222,"[[77]
 [82]
 [48]
 [53]
 [52]
 [54]
 [56]
 [51]]",3,glioma,True,0,0.0012044866,0,0,0,0.0,0.0,0.0
1223,"[[49]
 [48]
 [49]
 [55]
 [57]
 [55]]",3,meningioma,True,1,0.175097,0,0,0,0.3308707124010554,0.0034482758620689655,0.0
1224,"[[49]
 [48]
 [48]
 [56]
 [50]
 [48]]",3,glioma,False,0,0.07243141,0,0,0,0.0,0.0,0.0
1255,"[[77]
 [82]
 [48]
 [53]
 [51]
 [49]
 [49]
 [48]
 [69]]",3,glioma,True,0,0.011318137,0,0,0,0.0,0.0,0.0
1256,"[[77]
 [82]
 [48]
 [53]
 [51]
 [49]
 [49]
 [48]
 [69]]",3,glioma,True,0,0.018706508,0,0,0,0.002327901563019621,0.0,0.0
1258,"[[77]
 [82]
 [48]
 [53]
 [51]
 [49]
 [49]
 [48]
 [69]]",3,glioma,True,0,0.030505015,0,0,1,0.00010651896037494674,0.0,0.0
1259,"[[77]
 [82]
 [48]
 [53]
 [51]
 [49]
 [49]
 [48]
 [69]]",3,glioma,True,0,0.029162344,0,0,0,0.018053865631885296,0.0,0.0
1260,"[[77]
 [82]
 [48]
 [53]
 [51]
 [49]
 [49]
 [48]
 [69]]",3,glioma,True,0,0.05696929,1,0,0,0.012445524639624539,0.0005503913894324853,0.0
1261,"[[77]
 [82]
 [48]
 [53]
 [51]
 [49]
 [49]
 [48]
 [69]]",3,glioma,True,0,0.012094624,0,0,0,0.0,0.0,0.0
1270,"[[77]
 [82]
 [48]
 [51]
 [49]
 [52]
 [48]
 [57]
 [66]]",3,glioma,True,0,0.0027674122,0,0,0,0.0,0.0,0.0
1271,"[[77]
 [82]
 [48]
 [51]
 [49]
 [52]
 [48]
 [57]
 [66]]",3,glioma,True,0,0.0029524253,0,0,0,0.0,0.0,0.0
1272,"[[77]
 [82]
 [48]
 [51]
 [49]
 [52]
 [48]
 [57]
 [66]]",3,glioma,True,0,0.0049339095,0,0,0,0.0,0.0,0.0
1297,"[[77]
 [82]
 [48]
 [51]
 [55]
 [52]
 [53]
 [56]
 [66]]",3,glioma,True,0,0.0018984198,0,0,0,0.0,0.0,0.0
1298,"[[77]
 [82]
 [48]
 [51]
 [55]
 [52]
 [53]
 [56]
 [66]]",3,glioma,True,0,0.010359892,0,0,0,0.00577230976657959,0.0,0.0
1299,"[[77]
 [82]
 [48]
 [51]
 [55]
 [52]
 [53]
 [56]
 [66]]",3,glioma,True,0,6.059293e-05,0,0,0,0.0,0.0,0.0
1300,"[[77]
 [82]
 [48]
 [51]
 [55]
 [52]
 [53]
 [56]
 [66]]",3,glioma,True,0,0.0016154889,0,0,0,0.0,0.0,0.0
1302,"[[77]
 [82]
 [48]
 [51]
 [55]
 [52]
 [53]
 [56]
 [66]]",3,glioma,True,0,0.00097364513,0,0,0,0.0,0.0,0.0
1303,"[[77]
 [82]
 [48]
 [51]
 [55]
 [52]
 [53]
 [56]
 [66]]",3,glioma,True,0,0.0041101477,0,0,0,0.0,0.0,0.0
1304,"[[77]
 [82]
 [48]
 [51]
 [55]
 [52]
 [53]
 [56]
 [66]]",3,glioma,True,0,0.0015611163,0,0,0,0.0,0.0,0.0
1305,"[[77]
 [82]
 [48]
 [51]
 [55]
 [52]
 [53]
 [56]
 [66]]",3,glioma,True,0,0.0030395028,0,0,0,0.0,0.0,0.0
1330,"[[77]
 [82]
 [48]
 [52]
 [48]
 [50]
 [52]
 [48]]",3,glioma,True,0,0.00084771134,0,0,0,0.0,0.0,0.0
1331,"[[77]
 [82]
 [48]
 [52]
 [48]
 [50]
 [52]
 [48]]",3,glioma,True,0,0.0014392888,0,1,0,0.0,0.0,0.0
1332,"[[77]
 [82]
 [48]
 [52]
 [48]
 [50]
 [52]
 [48]]",3,glioma,True,0,0.0071241166,0,1,0,0.0,0.0,0.0
1333,"[[77]
 [82]
 [48]
 [52]
 [48]
 [50]
 [52]
 [48]]",3,glioma,True,0,0.008608835,0,1,0,0.0,0.0,0.0
1334,"[[49]
 [48]
 [49]
 [55]
 [57]
 [55]]",3,meningioma,True,0,0.044799864,0,0,0,0.0867651235444476,0.03787047200878156,0.0
1336,"[[77]
 [82]
 [48]
 [52]
 [48]
 [50]
 [52]
 [48]]",3,glioma,True,0,0.006233475,0,1,0,0.0,0.0,0.0
1337,"[[77]
 [82]
 [48]
 [52]
 [48]
 [50]
 [52]
 [48]]",3,glioma,True,0,0.0053073363,0,0,0,0.0,0.0,0.0
1338,"[[77]
 [82]
 [48]
 [52]
 [48]
 [50]
 [52]
 [48]]",3,glioma,True,0,0.019176522,0,1,0,0.00030753853842309614,0.0,0.0
1339,"[[77]
 [82]
 [48]
 [52]
 [48]
 [50]
 [52]
 [48]]",3,glioma,True,0,0.011158016,0,1,0,9.202595131827176e-05,0.0,0.0
1340,"[[77]
 [82]
 [48]
 [52]
 [48]
 [50]
 [52]
 [48]]",3,glioma,True,0,0.0044831713,0,1,0,0.0,0.0,0.0
1341,"[[77]
 [82]
 [48]
 [52]
 [48]
 [50]
 [52]
 [48]]",3,glioma,True,0,0.0018871328,0,0,0,0.0,0.0,0.0
1342,"[[77]
 [82]
 [48]
 [52]
 [48]
 [50]
 [52]
 [48]
 [66]]",3,glioma,True,0,0.0020689026,0,0,0,0.0,0.0,0.0
1343,"[[77]
 [82]
 [48]
 [52]
 [48]
 [50]
 [52]
 [48]
 [66]]",3,glioma,True,0,0.0005838441,0,0,0,0.0,0.0,0.0
1344,"[[77]
 [82]
 [48]
 [52]
 [48]
 [50]
 [52]
 [48]
 [66]]",3,glioma,True,0,0.00560954,0,1,0,0.0,0.0,0.0
1345,"[[77]
 [82]
 [48]
 [52]
 [48]
 [50]
 [52]
 [48]
 [66]]",3,glioma,True,0,0.010617405,0,0,0,0.0,0.0,0.0
1347,"[[77]
 [82]
 [48]
 [52]
 [48]
 [50]
 [52]
 [48]
 [66]]",3,glioma,True,0,0.017233523,0,1,0,0.0,0.0,0.0
1348,"[[77]
 [82]
 [48]
 [52]
 [48]
 [50]
 [52]
 [48]
 [66]]",3,glioma,True,0,0.0118153235,0,1,0,0.0,0.0,0.0
1349,"[[77]
 [82]
 [48]
 [52]
 [48]
 [50]
 [52]
 [48]
 [66]]",3,glioma,True,0,0.012724044,1,1,0,0.0,0.0,0.0
1350,"[[77]
 [82]
 [48]
 [52]
 [48]
 [50]
 [52]
 [48]
 [66]]",3,glioma,True,0,0.006325991,0,1,0,0.0,0.0,0.0
1351,"[[77]
 [82]
 [48]
 [52]
 [48]
 [50]
 [52]
 [48]
 [66]]",3,glioma,True,0,0.005423345,0,1,0,0.00021214306928592642,0.0,0.0
1352,"[[77]
 [82]
 [48]
 [52]
 [48]
 [50]
 [52]
 [48]
 [66]]",3,glioma,True,0,0.0028047627,0,0,0,0.0,0.0,0.0
1381,"[[77]
 [82]
 [48]
 [51]
 [51]
 [51]
 [56]
 [57]
 [66]]",3,glioma,True,0,0.0090571465,0,0,0,0.0,0.0,0.0
1384,"[[77]
 [82]
 [48]
 [52]
 [57]
 [49]
 [48]
 [52]]",3,glioma,True,0,0.001988315,0,0,0,0.0,0.0,0.0
1385,"[[77]
 [82]
 [48]
 [52]
 [57]
 [49]
 [48]
 [52]]",3,glioma,True,0,0.0038872089,0,0,0,0.0,0.0,0.0
1386,"[[77]
 [82]
 [48]
 [52]
 [57]
 [49]
 [48]
 [52]]",3,glioma,True,0,0.0038409883,0,0,0,0.0,0.0,0.0
1391,"[[77]
 [82]
 [48]
 [52]
 [56]
 [57]
 [57]
 [52]
 [66]]",3,glioma,True,0,0.010265461,0,0,0,0.0,0.0,0.0
1392,"[[77]
 [82]
 [48]
 [52]
 [56]
 [57]
 [57]
 [52]
 [66]]",3,glioma,True,0,0.008244374,0,0,0,0.0,0.0,0.0
1393,"[[77]
 [82]
 [48]
 [52]
 [56]
 [57]
 [57]
 [52]
 [66]]",3,glioma,True,0,0.007872849,0,0,0,0.0,0.0,0.0
1394,"[[77]
 [82]
 [48]
 [52]
 [56]
 [57]
 [57]
 [52]
 [66]]",3,glioma,True,0,0.003160751,0,0,0,0.0,0.0,0.0
1445,"[[49]
 [48]
 [49]
 [55]
 [57]
 [55]]",3,meningioma,True,0,0.02174443,0,0,0,0.010677618069815195,0.0,0.0
1447,"[[77]
 [82]
 [48]
 [53]
 [48]
 [49]
 [51]
 [53]
 [66]]",3,glioma,True,0,0.0014079124,0,0,0,0.0,0.0,0.0
1448,"[[77]
 [82]
 [48]
 [53]
 [48]
 [49]
 [51]
 [53]
 [66]]",3,glioma,True,0,0.007493581,0,0,0,0.0,0.0,0.0
1449,"[[77]
 [82]
 [48]
 [53]
 [48]
 [49]
 [51]
 [53]
 [66]]",3,glioma,True,0,0.0038502223,0,1,0,0.0,0.0,0.0
1450,"[[77]
 [82]
 [48]
 [53]
 [48]
 [49]
 [51]
 [53]
 [66]]",3,glioma,True,0,0.0020405322,0,0,0,0.0,0.0,0.0
1451,"[[77]
 [82]
 [48]
 [53]
 [48]
 [49]
 [51]
 [53]
 [66]]",3,glioma,True,0,0.012030669,0,0,0,0.0,0.0,0.0
1452,"[[77]
 [82]
 [48]
 [53]
 [48]
 [49]
 [51]
 [53]
 [66]]",3,glioma,True,0,0.0063223955,0,0,0,0.0,0.0,0.0
1453,"[[77]
 [82]
 [48]
 [53]
 [48]
 [49]
 [51]
 [53]
 [66]]",3,glioma,True,0,0.010538433,0,0,0,0.0,0.0,0.0
1454,"[[77]
 [82]
 [48]
 [53]
 [48]
 [49]
 [51]
 [53]
 [66]]",3,glioma,True,0,0.0013019311,0,1,0,0.0,0.0,0.0
1455,"[[77]
 [82]
 [48]
 [53]
 [48]
 [49]
 [51]
 [53]
 [66]]",3,glioma,True,0,0.0040595788,0,1,0,0.0,0.0,0.0
1456,"[[77]
 [82]
 [48]
 [53]
 [48]
 [49]
 [51]
 [53]
 [66]]",3,glioma,True,0,0.007356796,0,1,0,0.0022373218428902884,0.0,0.0
1457,"[[49]
 [48]
 [49]
 [55]
 [57]
 [55]]",3,meningioma,True,1,0.08049736,0,0,0,0.27499042512447336,0.29889669007021064,0.0
1458,"[[77]
 [82]
 [48]
 [53]
 [48]
 [49]
 [51]
 [53]
 [66]]",3,glioma,True,0,0.008479288,0,1,0,0.0018252933507170795,0.0,0.0
1459,"[[77]
 [82]
 [48]
 [53]
 [48]
 [54]
 [56]
 [55]]",3,glioma,True,0,0.016029269,0,0,0,0.0,0.0,0.0
1460,"[[77]
 [82]
 [48]
 [53]
 [48]
 [54]
 [56]
 [55]]",3,glioma,True,0,0.005145634,0,0,0,0.0,0.0,0.0
1461,"[[77]
 [82]
 [48]
 [53]
 [48]
 [54]
 [56]
 [55]]",3,glioma,True,0,0.0067669665,0,0,0,0.0,0.0,0.0
1462,"[[77]
 [82]
 [48]
 [53]
 [48]
 [54]
 [56]
 [55]]",3,glioma,True,0,0.009155849,0,0,0,0.0,0.0,0.0
1463,"[[77]
 [82]
 [48]
 [53]
 [48]
 [54]
 [56]
 [55]]",3,glioma,True,0,0.0056308075,0,0,0,0.0,0.0,0.0
1464,"[[77]
 [82]
 [48]
 [53]
 [48]
 [54]
 [56]
 [55]]",3,glioma,True,0,0.0065794685,0,0,0,0.0,0.0,0.0
1468,"[[49]
 [48]
 [49]
 [55]
 [57]
 [55]]",3,meningioma,True,0,0.031040339,0,0,0,0.07554479418886198,0.0,0.0
1479,"[[49]
 [48]
 [49]
 [55]
 [57]
 [55]]",3,meningioma,True,0,0.07726525,0,0,0,0.11452224905139703,0.0,0.0
1490,"[[49]
 [48]
 [49]
 [55]
 [57]
 [55]]",3,meningioma,True,0,0.061607346,0,0,0,0.1043910521955261,0.0018359853121175031,0.0
1495,"[[77]
 [82]
 [48]
 [51]
 [51]
 [51]
 [56]
 [57]
 [66]]",3,glioma,True,0,0.023985254,0,0,0,0.0,0.0,0.0
1496,"[[77]
 [82]
 [48]
 [51]
 [51]
 [51]
 [56]
 [57]
 [66]]",3,glioma,True,0,0.023013534,0,0,0,0.0,0.0,0.0
1497,"[[77]
 [82]
 [48]
 [51]
 [51]
 [51]
 [56]
 [57]
 [66]]",3,glioma,True,0,0.0069665434,0,0,0,0.0,0.0,0.0
1498,"[[77]
 [82]
 [48]
 [51]
 [51]
 [51]
 [56]
 [57]
 [66]]",3,glioma,True,0,0.0046264855,0,0,0,0.0,0.0,0.0
1499,"[[77]
 [82]
 [48]
 [51]
 [51]
 [51]
 [56]
 [57]
 [66]]",3,glioma,True,0,0.0023503473,0,0,0,0.0,0.0,0.0
1501,"[[49]
 [48]
 [49]
 [55]
 [57]
 [55]]",3,meningioma,True,0,0.030064082,0,0,0,0.0,0.0,0.0
1605,"[[77]
 [82]
 [48]
 [52]
 [48]
 [50]
 [52]
 [48]]",3,glioma,True,0,0.009153382,0,0,0,0.0,0.0,0.0
1606,"[[77]
 [82]
 [48]
 [52]
 [48]
 [50]
 [52]
 [48]]",3,glioma,True,0,0.02226846,0,1,0,0.004139562389118865,0.0,0.0
1607,"[[77]
 [82]
 [48]
 [52]
 [48]
 [50]
 [52]
 [48]]",3,glioma,True,0,0.015720313,0,0,0,0.0,0.0,0.0
1608,"[[77]
 [82]
 [48]
 [52]
 [48]
 [50]
 [52]
 [48]]",3,glioma,True,0,0.014904508,0,1,0,0.0,0.0,0.0
1609,"[[77]
 [82]
 [48]
 [52]
 [48]
 [50]
 [52]
 [48]]",3,glioma,True,0,0.006401687,0,1,0,0.0,0.0,0.0
1610,"[[77]
 [82]
 [48]
 [52]
 [48]
 [50]
 [52]
 [48]]",3,glioma,True,0,0.011611376,0,1,0,0.0,0.0,0.0
1611,"[[77]
 [82]
 [48]
 [52]
 [48]
 [50]
 [52]
 [48]]",3,glioma,True,0,0.008287634,0,1,0,0.0,0.0,0.0
1613,"[[77]
 [82]
 [48]
 [52]
 [48]
 [50]
 [52]
 [48]]",3,glioma,True,0,0.030161934,0,1,0,0.0006996064713598601,0.0,0.0
1614,"[[77]
 [82]
 [48]
 [52]
 [48]
 [50]
 [52]
 [48]]",3,glioma,True,0,0.020564368,0,1,0,0.0,0.0,0.0
1615,"[[77]
 [82]
 [48]
 [52]
 [48]
 [50]
 [52]
 [48]]",3,glioma,True,0,0.0027437997,0,0,0,0.0,0.0,0.0
1616,"[[77]
 [82]
 [48]
 [52]
 [48]
 [50]
 [52]
 [48]
 [66]]",3,glioma,True,0,0.0031505995,0,0,0,0.0,0.0,0.0
1617,"[[77]
 [82]
 [48]
 [52]
 [48]
 [50]
 [52]
 [48]
 [66]]",3,glioma,True,0,0.013836643,0,1,0,0.0,0.0,0.0
1618,"[[77]
 [82]
 [48]
 [52]
 [48]
 [50]
 [52]
 [48]
 [66]]",3,glioma,True,0,0.010967927,0,1,0,0.0,0.0,0.0
1619,"[[77]
 [82]
 [48]
 [52]
 [48]
 [50]
 [52]
 [48]
 [66]]",3,glioma,True,0,0.021960527,0,1,0,0.0009328902104833537,0.0,0.0
1620,"[[77]
 [82]
 [48]
 [52]
 [48]
 [50]
 [52]
 [48]
 [66]]",3,glioma,True,0,0.020620596,0,1,0,0.0,0.0,0.0
1621,"[[77]
 [82]
 [48]
 [52]
 [48]
 [50]
 [52]
 [48]
 [66]]",3,glioma,True,0,0.023415253,0,1,0,0.00033647375504710633,0.0,0.0
1622,"[[77]
 [82]
 [48]
 [52]
 [48]
 [50]
 [52]
 [48]
 [66]]",3,glioma,True,0,0.026444275,0,1,0,0.0,0.0,0.0
1624,"[[77]
 [82]
 [48]
 [52]
 [48]
 [50]
 [52]
 [48]
 [66]]",3,glioma,True,0,0.045074444,0,1,0,0.021670892188820477,0.012260127931769723,0.0
1625,"[[77]
 [82]
 [48]
 [52]
 [48]
 [50]
 [52]
 [48]
 [66]]",3,glioma,True,0,0.013218816,0,1,0,0.0009379983116030392,0.0,0.0
1626,"[[77]
 [82]
 [48]
 [52]
 [48]
 [50]
 [52]
 [48]
 [66]]",3,glioma,True,0,0.009256226,0,0,0,0.0,0.0,0.0
1653,"[[77]
 [82]
 [48]
 [51]
 [51]
 [51]
 [56]
 [57]
 [66]]",3,glioma,True,0,0.005088615,0,0,0,0.0,0.0,0.0
1654,"[[77]
 [82]
 [48]
 [51]
 [51]
 [51]
 [56]
 [57]
 [66]]",3,glioma,True,0,0.026238883,0,0,0,0.0,0.0,0.0
1655,"[[77]
 [82]
 [48]
 [51]
 [51]
 [51]
 [56]
 [57]
 [66]]",3,glioma,True,0,0.012300043,0,0,1,0.0,0.0,0.0
1657,"[[77]
 [82]
 [48]
 [51]
 [51]
 [51]
 [56]
 [57]
 [66]]",3,glioma,True,0,0.036072686,0,0,0,0.0007763975155279503,0.0,0.0
1658,"[[77]
 [82]
 [48]
 [51]
 [51]
 [51]
 [56]
 [57]
 [66]]",3,glioma,True,0,0.02144514,0,0,0,0.0,0.0,0.0
1659,"[[77]
 [82]
 [48]
 [51]
 [51]
 [51]
 [56]
 [57]
 [66]]",3,glioma,True,0,0.02916359,0,0,1,0.009239051360395751,0.0,0.0
1660,"[[77]
 [82]
 [48]
 [51]
 [51]
 [51]
 [56]
 [57]
 [66]]",3,glioma,True,0,0.02160021,0,0,0,0.0,0.0,0.0
1661,"[[77]
 [82]
 [48]
 [51]
 [51]
 [51]
 [56]
 [57]
 [66]]",3,glioma,True,0,0.005019269,0,0,0,0.0,0.0,0.0
1662,"[[77]
 [82]
 [48]
 [51]
 [51]
 [51]
 [56]
 [57]
 [66]]",3,glioma,True,0,0.003367073,0,0,0,0.0,0.0,0.0
1701,"[[49]
 [48]
 [50]
 [57]
 [56]
 [53]]",3,meningioma,True,0,0.0019773024,0,0,0,0.0,0.0,0.0
1788,"[[77]
 [82]
 [48]
 [52]
 [57]
 [57]
 [52]
 [50]
 [66]]",3,glioma,True,0,0.020243123,0,0,0,0.0025967498743508124,0.0,0.0
1789,"[[77]
 [82]
 [48]
 [52]
 [57]
 [57]
 [52]
 [50]
 [66]]",3,glioma,True,0,0.01119119,0,0,0,0.0,0.0,0.0
1791,"[[77]
 [82]
 [48]
 [52]
 [57]
 [57]
 [52]
 [50]
 [66]]",3,glioma,True,0,0.0168275,0,0,0,0.00043091065785693766,0.0,0.0
1792,"[[77]
 [82]
 [48]
 [52]
 [57]
 [57]
 [52]
 [50]
 [66]]",3,glioma,True,0,0.0069743246,0,0,0,0.0,0.0,0.0
1798,"[[77]
 [82]
 [48]
 [53]
 [51]
 [49]
 [49]
 [48]
 [66]]",3,glioma,True,0,0.008518287,1,0,0,0.0,0.0,0.0
1799,"[[77]
 [82]
 [48]
 [53]
 [51]
 [49]
 [49]
 [48]
 [66]]",3,glioma,True,0,0.010778901,0,0,0,0.0,0.0,0.0
1800,"[[77]
 [82]
 [48]
 [53]
 [51]
 [49]
 [49]
 [48]
 [66]]",3,glioma,True,0,0.012974925,0,0,0,0.0,0.0,0.0
1802,"[[77]
 [82]
 [48]
 [53]
 [51]
 [49]
 [49]
 [48]
 [66]]",3,glioma,True,0,0.024812395,0,0,0,0.0,0.0,0.0
1803,"[[77]
 [82]
 [48]
 [53]
 [51]
 [49]
 [49]
 [48]
 [66]]",3,glioma,True,0,0.010715558,0,0,0,0.0,0.0,0.0
1804,"[[77]
 [82]
 [48]
 [53]
 [51]
 [49]
 [49]
 [48]
 [66]]",3,glioma,True,0,0.01664547,0,0,0,0.0,0.0,0.0
1805,"[[77]
 [82]
 [48]
 [53]
 [51]
 [49]
 [49]
 [48]
 [66]]",3,glioma,True,0,0.023139572,0,0,0,0.012156998957971519,0.0,0.0
1814,"[[77]
 [82]
 [48]
 [53]
 [52]
 [54]
 [56]
 [51]]",3,glioma,True,0,0.0037513818,0,0,0,0.0,0.0,0.0
1815,"[[77]
 [82]
 [48]
 [53]
 [52]
 [54]
 [56]
 [51]]",3,glioma,True,0,0.0053449455,0,0,0,0.0,0.0,0.0
1816,"[[77]
 [82]
 [48]
 [53]
 [52]
 [54]
 [56]
 [51]]",3,glioma,True,0,0.0034445075,0,0,0,0.0,0.0,0.0
1850,"[[77]
 [82]
 [48]
 [53]
 [51]
 [49]
 [49]
 [48]
 [69]]",3,glioma,True,0,0.0060770274,0,0,0,0.0,0.0,0.0
1851,"[[77]
 [82]
 [48]
 [53]
 [51]
 [49]
 [49]
 [48]
 [69]]",3,glioma,True,0,0.010245773,0,0,0,0.0,0.0,0.0
1852,"[[77]
 [82]
 [48]
 [53]
 [51]
 [49]
 [49]
 [48]
 [69]]",3,glioma,True,0,0.015592884,0,0,0,0.0,0.0,0.0
1853,"[[77]
 [82]
 [48]
 [53]
 [51]
 [49]
 [49]
 [48]
 [69]]",3,glioma,True,0,0.015730036,0,0,0,0.00046962136777223366,0.0,0.0
1854,"[[77]
 [82]
 [48]
 [53]
 [51]
 [49]
 [49]
 [48]
 [69]]",3,glioma,True,0,0.0025094633,0,0,0,0.0,0.0,0.0
1855,"[[77]
 [82]
 [48]
 [53]
 [51]
 [49]
 [49]
 [48]
 [69]]",3,glioma,True,0,0.00902319,0,0,0,0.0,0.0,0.0
1857,"[[77]
 [82]
 [48]
 [53]
 [51]
 [49]
 [49]
 [48]
 [69]]",3,glioma,True,0,0.011051567,0,0,0,0.0,0.0,0.0
1858,"[[77]
 [82]
 [48]
 [53]
 [51]
 [49]
 [49]
 [48]
 [69]]",3,glioma,True,0,0.01496017,0,0,0,0.0,0.0,0.0
1859,"[[77]
 [82]
 [48]
 [53]
 [51]
 [49]
 [49]
 [48]
 [69]]",3,glioma,True,0,0.03790798,0,0,0,0.024589050400760766,0.0,0.0
1860,"[[77]
 [82]
 [48]
 [53]
 [51]
 [49]
 [49]
 [48]
 [69]]",3,glioma,True,0,0.036528636,0,0,1,0.031560636182902585,0.0,0.0
1861,"[[77]
 [82]
 [48]
 [53]
 [51]
 [49]
 [49]
 [48]
 [69]]",3,glioma,True,0,0.019352999,0,0,0,0.0,0.0,0.0
1865,"[[77]
 [82]
 [48]
 [51]
 [49]
 [52]
 [48]
 [57]
 [66]]",3,glioma,True,0,0.0003085372,0,0,0,0.0,0.0,0.0
1866,"[[77]
 [82]
 [48]
 [51]
 [49]
 [52]
 [48]
 [57]
 [66]]",3,glioma,True,0,0.0028648127,0,0,0,0.0,0.0,0.0
1893,"[[77]
 [82]
 [48]
 [51]
 [55]
 [52]
 [53]
 [56]
 [66]]",3,glioma,True,0,0.00026895513,0,0,0,0.0,0.0,0.0
1894,"[[77]
 [82]
 [48]
 [51]
 [55]
 [52]
 [53]
 [56]
 [66]]",3,glioma,True,0,0.0021174653,0,0,0,0.0,0.0,0.0
1895,"[[77]
 [82]
 [48]
 [51]
 [55]
 [52]
 [53]
 [56]
 [66]]",3,glioma,True,0,0.002946179,0,0,0,0.0,0.0,0.0
1896,"[[77]
 [82]
 [48]
 [51]
 [55]
 [52]
 [53]
 [56]
 [66]]",3,glioma,True,0,0.0034474966,0,0,0,0.0,0.0,0.0
1897,"[[77]
 [82]
 [48]
 [51]
 [55]
 [52]
 [53]
 [56]
 [66]]",3,glioma,True,0,0.0019600648,0,0,0,0.0,0.0,0.0
1898,"[[77]
 [82]
 [48]
 [51]
 [55]
 [52]
 [53]
 [56]
 [66]]",3,glioma,True,0,0.0012819258,0,0,0,0.0,0.0,0.0
1899,"[[77]
 [82]
 [48]
 [51]
 [55]
 [52]
 [53]
 [56]
 [66]]",3,glioma,True,0,0.00067220215,0,0,0,0.0,0.0,0.0
1900,"[[77]
 [82]
 [48]
 [51]
 [55]
 [52]
 [53]
 [56]
 [66]]",3,glioma,True,0,0.0009199243,0,0,0,0.0,0.0,0.0
1932,"[[77]
 [82]
 [48]
 [53]
 [51]
 [49]
 [49]
 [48]
 [69]]",3,glioma,True,0,0.037708685,0,0,0,0.009843811523822023,0.0,0.0
1933,"[[77]
 [82]
 [48]
 [53]
 [51]
 [49]
 [49]
 [48]
 [69]]",3,glioma,True,0,0.032269277,0,1,0,0.0,0.0,0.0
1935,"[[77]
 [82]
 [48]
 [53]
 [51]
 [49]
 [49]
 [48]
 [69]]",3,glioma,True,0,0.03989553,0,1,0,0.0,0.0,0.0
1936,"[[77]
 [82]
 [48]
 [53]
 [51]
 [49]
 [49]
 [48]
 [69]]",3,glioma,True,0,0.064123556,0,1,0,0.10886699507389162,0.004979253112033195,0.0
1937,"[[77]
 [82]
 [48]
 [53]
 [51]
 [49]
 [49]
 [48]
 [69]]",3,glioma,True,0,0.02240934,0,1,0,0.018318352486062124,0.0,0.0
1943,"[[77]
 [82]
 [48]
 [51]
 [49]
 [52]
 [48]
 [57]
 [66]]",3,glioma,True,0,0.0016119897,0,0,0,0.0,0.0,0.0
1944,"[[77]
 [82]
 [48]
 [51]
 [49]
 [52]
 [48]
 [57]
 [66]]",3,glioma,True,0,0.00223721,0,0,0,0.0,0.0,0.0
1945,"[[49]
 [48]
 [52]
 [50]
 [56]
 [49]]",3,meningioma,True,0,0.03911813,0,0,0,0.006666666666666667,0.0,0.0
1956,"[[49]
 [48]
 [52]
 [50]
 [56]
 [49]]",3,meningioma,True,1,0.06962481,0,0,0,0.38945518453427064,0.30780243378668576,0.04438081603435934
1966,"[[77]
 [82]
 [48]
 [51]
 [55]
 [52]
 [53]
 [56]
 [66]]",3,glioma,True,0,0.0046875635,0,0,0,0.0,0.0,0.0
1967,"[[49]
 [48]
 [52]
 [50]
 [56]
 [49]]",3,meningioma,True,0,0.01482888,0,0,0,0.0,0.0,0.0
1968,"[[77]
 [82]
 [48]
 [51]
 [55]
 [52]
 [53]
 [56]
 [66]]",3,glioma,True,0,0.003460898,0,0,0,0.0,0.0,0.0
1969,"[[77]
 [82]
 [48]
 [51]
 [55]
 [52]
 [53]
 [56]
 [66]]",3,glioma,True,0,0.009282978,0,0,0,0.0,0.0,0.0
1970,"[[77]
 [82]
 [48]
 [51]
 [55]
 [52]
 [53]
 [56]
 [66]]",3,glioma,True,0,0.010086085,0,0,0,0.0,0.0,0.0
1971,"[[77]
 [82]
 [48]
 [51]
 [55]
 [52]
 [53]
 [56]
 [66]]",3,glioma,False,0,0.017825374,0,0,0,0.0,0.0,0.0
1978,"[[49]
 [48]
 [52]
 [50]
 [56]
 [49]]",3,meningioma,True,0,0.040997725,0,0,0,0.013215859030837005,0.0,0.0
1986,"[[77]
 [82]
 [48]
 [52]
 [48]
 [50]
 [52]
 [48]]",3,glioma,True,0,0.025886452,0,0,1,0.01465302737074924,0.0,0.0
1987,"[[77]
 [82]
 [48]
 [52]
 [48]
 [50]
 [52]
 [48]]",3,glioma,True,0,0.0120548755,0,1,0,0.0,0.0,0.0
1988,"[[77]
 [82]
 [48]
 [52]
 [48]
 [50]
 [52]
 [48]]",3,glioma,True,0,0.044121403,0,1,0,0.0018315018315018315,0.0,0.0
1989,"[[49]
 [48]
 [52]
 [50]
 [56]
 [49]]",3,meningioma,True,0,0.033590093,0,0,0,0.028368794326241134,0.0,0.0
1990,"[[77]
 [82]
 [48]
 [52]
 [48]
 [50]
 [52]
 [48]]",3,glioma,True,0,0.04019775,0,1,0,0.0,0.0,0.0
1991,"[[77]
 [82]
 [48]
 [52]
 [48]
 [50]
 [52]
 [48]]",3,glioma,True,0,0.018216884,0,1,0,0.0,0.0,0.0
1992,"[[77]
 [82]
 [48]
 [52]
 [48]
 [50]
 [52]
 [48]]",3,glioma,True,0,0.006835443,0,1,0,0.0,0.0,0.0
1993,"[[77]
 [82]
 [48]
 [52]
 [48]
 [50]
 [52]
 [48]]",3,glioma,True,0,0.011994011,0,1,0,0.00032954358213873783,0.0,0.0
1994,"[[77]
 [82]
 [48]
 [52]
 [48]
 [50]
 [52]
 [48]]",3,glioma,True,0,0.0024129779,0,1,0,0.0,0.0,0.0
1995,"[[77]
 [82]
 [48]
 [52]
 [48]
 [50]
 [52]
 [48]
 [66]]",3,glioma,True,0,0.039123677,0,1,0,0.0,0.0,0.0
1996,"[[77]
 [82]
 [48]
 [52]
 [48]
 [50]
 [52]
 [48]
 [66]]",3,glioma,True,0,0.02080661,0,1,0,0.0,0.0,0.0
1997,"[[77]
 [82]
 [48]
 [52]
 [48]
 [50]
 [52]
 [48]
 [66]]",3,glioma,True,0,0.027828477,0,1,0,0.0042367894551018,0.0,0.0
1998,"[[77]
 [82]
 [48]
 [52]
 [48]
 [50]
 [52]
 [48]
 [66]]",3,glioma,True,0,0.0041301395,0,0,0,0.0,0.0,0.0
1999,"[[77]
 [82]
 [48]
 [52]
 [48]
 [50]
 [52]
 [48]
 [66]]",3,glioma,True,0,0.00948684,0,0,0,0.0,0.0,0.0
2001,"[[49]
 [48]
 [52]
 [50]
 [56]
 [49]]",3,meningioma,True,0,0.005649153,0,0,0,0.0,0.0,0.0
2012,"[[49]
 [48]
 [53]
 [51]
 [55]
 [52]]",3,meningioma,True,0,0.0010696157,0,0,0,0.0,0.0,0.0
2023,"[[49]
 [48]
 [53]
 [51]
 [55]
 [52]]",3,meningioma,True,0,0.0015812663,0,0,0,0.0,0.0,0.0
2025,"[[77]
 [82]
 [48]
 [51]
 [51]
 [51]
 [56]
 [57]
 [66]]",3,glioma,True,0,0.052123416,0,0,0,0.005633802816901409,0.0,0.0
2061,"[[77]
 [82]
 [48]
 [52]
 [57]
 [49]
 [48]
 [52]]",3,glioma,True,0,0.004556123,0,0,0,0.0,0.0,0.0
2062,"[[77]
 [82]
 [48]
 [52]
 [57]
 [49]
 [48]
 [52]]",3,glioma,True,0,0.0041234605,0,0,0,0.0,0.0,0.0
2063,"[[77]
 [82]
 [48]
 [52]
 [57]
 [49]
 [48]
 [52]]",3,glioma,True,0,0.007167007,0,0,0,0.02156411730879816,0.0,0.0
2064,"[[77]
 [82]
 [48]
 [52]
 [57]
 [49]
 [48]
 [52]]",3,glioma,True,0,0.0030489815,0,0,0,0.0,0.0,0.0
2069,"[[77]
 [82]
 [48]
 [52]
 [56]
 [57]
 [57]
 [52]
 [66]]",3,glioma,True,0,0.0067718886,0,0,0,0.0,0.0,0.0
2070,"[[77]
 [82]
 [48]
 [52]
 [56]
 [57]
 [57]
 [52]
 [66]]",3,glioma,True,0,0.005644366,0,0,0,0.0,0.0,0.0
2071,"[[77]
 [82]
 [48]
 [52]
 [56]
 [57]
 [57]
 [52]
 [66]]",3,glioma,True,0,0.014094276,0,0,0,0.0,0.0,0.0
2072,"[[77]
 [82]
 [48]
 [52]
 [56]
 [57]
 [57]
 [52]
 [66]]",3,glioma,True,0,0.0070150457,0,0,0,0.0,0.0,0.0
2073,"[[77]
 [82]
 [48]
 [52]
 [56]
 [57]
 [57]
 [52]
 [66]]",3,glioma,True,0,0.000755478,0,0,0,0.0,0.0,0.0
2102,"[[77]
 [82]
 [48]
 [53]
 [48]
 [49]
 [51]
 [53]
 [66]]",3,glioma,True,0,0.0057173083,0,0,0,0.0,0.0,0.0
2103,"[[77]
 [82]
 [48]
 [53]
 [48]
 [49]
 [51]
 [53]
 [66]]",3,glioma,True,0,0.00564816,0,0,0,0.0,0.0,0.0
2104,"[[77]
 [82]
 [48]
 [53]
 [48]
 [49]
 [51]
 [53]
 [66]]",3,glioma,True,0,0.01990024,0,0,0,0.011273559978862075,0.0,0.0
2105,"[[77]
 [82]
 [48]
 [53]
 [48]
 [49]
 [51]
 [53]
 [66]]",3,glioma,True,0,0.02175897,0,0,0,0.0,0.0,0.0
2106,"[[77]
 [82]
 [48]
 [53]
 [48]
 [49]
 [51]
 [53]
 [66]]",3,glioma,True,0,0.0025646973,0,0,0,0.0,0.0,0.0
2107,"[[77]
 [82]
 [48]
 [53]
 [48]
 [49]
 [51]
 [53]
 [66]]",3,glioma,True,0,0.0043010577,0,1,0,0.0,0.0,0.0
2108,"[[77]
 [82]
 [48]
 [53]
 [48]
 [49]
 [51]
 [53]
 [66]]",3,glioma,True,0,0.018880786,0,1,0,0.016810540663334848,0.0,0.0
2109,"[[77]
 [82]
 [48]
 [53]
 [48]
 [49]
 [51]
 [53]
 [66]]",3,glioma,True,0,0.0074863075,0,0,0,0.0,0.0,0.0
2110,"[[77]
 [82]
 [48]
 [53]
 [48]
 [49]
 [51]
 [53]
 [66]]",3,glioma,True,0,0.0020720514,0,0,0,0.0,0.0,0.0
2113,"[[77]
 [82]
 [48]
 [53]
 [48]
 [54]
 [56]
 [55]]",3,glioma,True,0,0.0068264646,0,0,0,0.004091653027823241,0.0,0.0
2114,"[[77]
 [82]
 [48]
 [53]
 [48]
 [54]
 [56]
 [55]]",3,glioma,True,0,0.02220222,0,1,0,0.0007747733787867049,0.0,0.0
2115,"[[77]
 [82]
 [48]
 [53]
 [48]
 [54]
 [56]
 [55]]",3,glioma,True,0,0.017052813,0,1,0,0.0,0.0,0.0
2116,"[[77]
 [82]
 [48]
 [53]
 [48]
 [54]
 [56]
 [55]]",3,glioma,True,0,0.015070303,0,1,0,0.0,0.0,0.0
2117,"[[77]
 [82]
 [48]
 [53]
 [48]
 [54]
 [56]
 [55]]",3,glioma,True,0,0.0046443962,0,1,0,0.0,0.0,0.0
2118,"[[77]
 [82]
 [48]
 [53]
 [48]
 [54]
 [56]
 [55]]",3,glioma,True,0,0.009571148,0,1,0,0.0,0.0,0.0
2189,"[[49]
 [48]
 [54]
 [53]
 [51]
 [52]]",3,meningioma,True,0,0.0038730924,0,0,0,0.0,0.0,0.0
2200,"[[49]
 [48]
 [54]
 [53]
 [51]
 [52]]",3,meningioma,True,0,0.004011249,0,0,0,0.0,0.0,0.0
2215,"[[77]
 [82]
 [48]
 [52]
 [57]
 [57]
 [52]
 [50]
 [66]]",3,glioma,True,0,0.016937783,0,0,0,0.0,0.0,0.0
2216,"[[77]
 [82]
 [48]
 [52]
 [57]
 [57]
 [52]
 [50]
 [66]]",3,glioma,True,0,0.0067226216,0,0,0,0.0,0.0,0.0
2217,"[[77]
 [82]
 [48]
 [52]
 [57]
 [57]
 [52]
 [50]
 [66]]",3,glioma,True,0,0.027077949,0,0,0,0.0,0.0,0.0
2221,"[[77]
 [82]
 [48]
 [53]
 [51]
 [49]
 [49]
 [48]
 [66]]",3,glioma,True,0,0.011953819,0,1,0,0.0,0.0,0.0
2225,"[[77]
 [82]
 [48]
 [53]
 [51]
 [49]
 [49]
 [48]
 [66]]",3,glioma,True,0,0.02698718,0,1,0,0.017562254259501964,0.0,0.0
2226,"[[77]
 [82]
 [48]
 [53]
 [51]
 [49]
 [49]
 [48]
 [66]]",3,glioma,True,0,0.034985844,0,1,0,0.007545426547582384,0.0,0.0
2227,"[[77]
 [82]
 [48]
 [53]
 [51]
 [49]
 [49]
 [48]
 [66]]",3,glioma,True,0,0.03265078,0,1,0,0.0,0.0,0.0
2228,"[[77]
 [82]
 [48]
 [53]
 [51]
 [49]
 [49]
 [48]
 [66]]",3,glioma,True,0,0.02196956,0,1,0,0.0007265681763138775,0.0,0.0
2229,"[[77]
 [82]
 [48]
 [53]
 [51]
 [49]
 [49]
 [48]
 [66]]",3,glioma,True,0,6.6842044e-06,0,0,0,0.0,0.0,0.0
2259,"[[77]
 [82]
 [48]
 [51]
 [51]
 [51]
 [56]
 [57]
 [66]]",3,glioma,True,0,0.08637801,0,0,0,0.0471105527638191,0.0,0.0
2260,"[[77]
 [82]
 [48]
 [51]
 [51]
 [51]
 [56]
 [57]
 [66]]",3,glioma,True,0,0.12247897,0,0,0,0.01226905311778291,0.0,0.0
2261,"[[77]
 [82]
 [48]
 [51]
 [51]
 [51]
 [56]
 [57]
 [66]]",3,glioma,True,0,0.12920475,0,0,0,0.015714519561302997,0.0,0.0
2262,"[[77]
 [82]
 [48]
 [51]
 [51]
 [51]
 [56]
 [57]
 [66]]",3,glioma,True,0,0.07076602,0,0,0,0.0,0.0,0.0
2263,"[[77]
 [82]
 [48]
 [51]
 [51]
 [51]
 [56]
 [57]
 [66]]",3,glioma,False,0,0.012843091,0,0,0,0.0,0.0,0.0
2264,"[[77]
 [82]
 [48]
 [51]
 [51]
 [51]
 [56]
 [57]
 [66]]",3,glioma,True,0,0.014090945,0,0,0,0.0,0.0,0.0
2265,"[[77]
 [82]
 [48]
 [51]
 [51]
 [51]
 [56]
 [57]
 [66]]",3,glioma,True,0,0.007770528,0,0,0,0.0,0.0,0.0
2266,"[[77]
 [82]
 [48]
 [51]
 [51]
 [51]
 [56]
 [57]
 [66]]",3,glioma,True,0,0.012540621,0,0,0,0.011030679076180628,0.0,0.0
2301,"[[49]
 [48]
 [54]
 [57]
 [49]
 [52]]",3,meningioma,True,0,0.06949665,0,0,0,0.2844478216818642,0.04807692307692308,0.0
2302,"[[49]
 [48]
 [54]
 [57]
 [49]
 [52]]",3,meningioma,True,0,0.040870424,0,0,0,0.023457862728062554,0.0,0.0
2303,"[[49]
 [48]
 [54]
 [57]
 [49]
 [52]]",3,meningioma,True,0,0.01617806,0,0,0,0.00014954389113204725,0.0,0.0
2304,"[[49]
 [48]
 [54]
 [57]
 [49]
 [52]]",3,meningioma,True,0,0.013055657,0,0,0,0.0020126509488211618,0.0,0.0
2328,"[[49]
 [48]
 [56]
 [57]
 [52]
 [53]]",3,meningioma,True,0,0.013144383,0,0,0,0.0,0.0,0.0
2329,"[[49]
 [48]
 [56]
 [57]
 [52]
 [53]]",3,meningioma,True,0,0.048057646,0,0,0,0.0645765091249415,0.0,0.0
2330,"[[49]
 [48]
 [56]
 [57]
 [52]
 [53]]",3,meningioma,True,0,0.035116877,0,0,0,0.034,0.0,0.0
2331,"[[49]
 [48]
 [56]
 [57]
 [52]
 [53]]",3,meningioma,True,0,0.028365964,0,0,0,0.08208020050125313,0.0,0.0
2342,"[[49]
 [49]
 [49]
 [48]
 [55]
 [55]]",3,meningioma,True,0,0.014060426,0,0,0,0.018544935805991442,0.0,0.0
2343,"[[49]
 [48]
 [50]
 [57]
 [56]
 [53]]",3,meningioma,True,0,0.00037916936,0,0,0,0.0,0.0,0.0
2344,"[[49]
 [49]
 [49]
 [48]
 [55]
 [55]]",3,meningioma,True,0,0.0063937255,0,0,0,0.0,0.0,0.0
2345,"[[49]
 [49]
 [49]
 [48]
 [55]
 [55]]",3,meningioma,True,0,0.0034919414,0,0,0,0.0,0.0,0.0
2346,"[[49]
 [49]
 [49]
 [48]
 [55]
 [55]]",3,meningioma,True,0,0.015267246,0,0,0,0.00936663693131133,0.0,0.0
2357,"[[49]
 [49]
 [50]
 [48]
 [48]
 [50]]",3,meningioma,True,0,0.011486675,0,0,0,0.0,0.0,0.0
2358,"[[49]
 [49]
 [50]
 [48]
 [48]
 [50]]",3,meningioma,True,0,0.02447029,0,0,0,0.020787319734961673,0.001850709438618137,0.0
2359,"[[49]
 [49]
 [50]
 [48]
 [48]
 [50]]",3,meningioma,True,0,0.01999341,0,0,0,0.0,0.0,0.0
2360,"[[49]
 [49]
 [50]
 [48]
 [48]
 [50]]",3,meningioma,True,0,0.0052331486,0,0,0,0.0,0.0,0.0
2391,"[[49]
 [49]
 [51]
 [56]
 [48]
 [53]]",3,meningioma,False,0,0.0011477642,0,0,0,0.0,0.0,0.0
2392,"[[49]
 [49]
 [51]
 [56]
 [48]
 [53]]",3,meningioma,True,0,0.0011075471,0,0,0,0.0,0.0,0.0
2397,"[[49]
 [49]
 [52]
 [51]
 [53]
 [57]]",3,meningioma,False,0,0.0074614724,0,0,0,0.0,0.0,0.0
2400,"[[49]
 [49]
 [52]
 [51]
 [53]
 [57]]",3,meningioma,False,0,0.008923557,0,0,0,0.0,0.0,0.0
2401,"[[49]
 [49]
 [52]
 [51]
 [53]
 [57]]",3,meningioma,True,0,0.036839057,0,0,0,0.0020016012810248197,0.0,0.0
2402,"[[49]
 [49]
 [52]
 [51]
 [53]
 [57]]",3,meningioma,True,0,0.06356117,0,0,0,0.022851207478576992,0.0,0.0
2403,"[[49]
 [49]
 [52]
 [51]
 [53]
 [57]]",3,meningioma,True,1,0.08885248,0,0,0,0.12428977272727272,0.03177570093457944,0.0
2404,"[[49]
 [49]
 [52]
 [51]
 [53]
 [57]]",3,meningioma,False,0,0.001550116,0,0,0,0.0,0.0,0.0
2415,"[[57]
 [55]
 [56]
 [55]
 [53]]",3,meningioma,True,0,0.011519533,0,0,0,0.024516129032258065,0.0,0.0
2416,"[[57]
 [55]
 [56]
 [55]
 [53]]",3,meningioma,True,1,0.013121946,0,0,0,0.01660795168595873,0.015873015873015872,0.0
2417,"[[57]
 [55]
 [56]
 [55]
 [53]]",3,meningioma,True,0,0.010026346,0,0,0,0.015441630636195183,0.0,0.0
2418,"[[57]
 [55]
 [56]
 [55]
 [53]]",3,meningioma,True,0,0.0053519774,0,0,0,0.0010910082734794072,0.0,0.0
2441,"[[57]
 [57]
 [51]
 [48]
 [56]]",3,meningioma,False,0,0.009212936,0,0,0,0.0,0.0,0.0
2442,"[[57]
 [57]
 [51]
 [48]
 [56]]",3,meningioma,True,0,0.06730167,0,0,1,0.06433978132884777,0.0,0.0
2444,"[[57]
 [57]
 [51]
 [48]
 [56]]",3,meningioma,True,1,0.06336675,0,0,0,0.005649717514124294,0.0,0.0
2445,"[[57]
 [57]
 [51]
 [48]
 [56]]",3,meningioma,True,0,0.089451954,0,0,0,0.03086085544125609,0.0,0.0
2471,"[[49]
 [48]
 [49]
 [55]
 [57]
 [55]]",3,meningioma,True,0,0.0104590915,0,0,0,0.0,0.0,0.0
2472,"[[49]
 [48]
 [49]
 [55]
 [57]
 [55]]",3,meningioma,True,0,0.019296693,0,0,0,0.0,0.0,0.0
2473,"[[49]
 [48]
 [49]
 [55]
 [57]
 [55]]",3,meningioma,False,0,0.00271052,0,0,0,0.0,0.0,0.0
2474,"[[49]
 [48]
 [49]
 [55]
 [57]
 [55]]",3,meningioma,False,0,0.006239348,0,0,0,0.0,0.0,0.0
2475,"[[49]
 [48]
 [49]
 [55]
 [57]
 [55]]",3,meningioma,False,0,0.0071458877,0,0,0,0.0,0.0,0.0
2477,"[[49]
 [48]
 [49]
 [55]
 [57]
 [55]]",3,meningioma,True,0,0.05313676,0,0,0,0.02247191011235955,0.0,0.0
2478,"[[49]
 [48]
 [49]
 [56]
 [48]
 [49]]",3,meningioma,True,0,0.011518105,0,0,0,0.0,0.0,0.0
2479,"[[49]
 [48]
 [49]
 [56]
 [48]
 [49]]",3,meningioma,True,0,0.01422166,0,0,0,0.04257767548906789,0.0,0.0
2480,"[[49]
 [48]
 [49]
 [56]
 [48]
 [49]]",3,meningioma,True,0,0.0018961659,0,0,0,0.0,0.0,0.0
2498,"[[49]
 [48]
 [52]
 [50]
 [56]
 [49]]",3,meningioma,False,0,0.0013160707,0,0,0,0.0,0.0,0.0
2504,"[[49]
 [48]
 [50]
 [57]
 [56]
 [53]]",3,meningioma,False,0,0.0015361648,0,0,0,0.0,0.0,0.0
2510,"[[49]
 [48]
 [52]
 [50]
 [56]
 [49]]",3,meningioma,True,0,0.034178775,0,0,0,0.004466098254161592,0.0,0.0
2521,"[[49]
 [48]
 [52]
 [50]
 [56]
 [49]]",3,meningioma,True,0,0.07116862,0,0,1,0.057666666666666665,0.0,0.0
2522,"[[49]
 [48]
 [52]
 [50]
 [56]
 [49]]",3,meningioma,False,0,0.010415194,0,0,0,0.0,0.0,0.0
2523,"[[49]
 [48]
 [52]
 [50]
 [56]
 [49]]",3,meningioma,True,0,0.017851327,0,0,1,0.0,0.0,0.0
2524,"[[49]
 [48]
 [52]
 [50]
 [56]
 [49]]",3,meningioma,True,0,0.008881691,0,0,0,0.0,0.0,0.0
2525,"[[49]
 [48]
 [52]
 [50]
 [56]
 [49]]",3,meningioma,True,0,0.0124098435,0,0,0,0.0,0.0,0.0
2529,"[[49]
 [48]
 [53]
 [51]
 [55]
 [52]]",3,meningioma,True,0,0.0019089964,0,0,0,0.0,0.0,0.0
2532,"[[49]
 [48]
 [52]
 [50]
 [56]
 [49]]",3,meningioma,True,0,0.045584,0,0,0,0.024495677233429394,0.0,0.0
2543,"[[49]
 [48]
 [52]
 [50]
 [56]
 [49]]",3,meningioma,True,0,0.029950727,0,0,0,0.0,0.0,0.0
2544,"[[49]
 [48]
 [54]
 [53]
 [51]
 [52]]",3,meningioma,True,0,0.0033420874,0,0,0,0.0,0.0,0.0
2545,"[[49]
 [48]
 [54]
 [53]
 [51]
 [52]]",3,meningioma,True,0,0.0022088028,0,0,0,0.0,0.0,0.0
2546,"[[49]
 [48]
 [54]
 [53]
 [57]
 [50]]",3,meningioma,False,0,0.0007294688,0,0,0,0.0,0.0,0.0
2554,"[[49]
 [48]
 [52]
 [50]
 [56]
 [49]]",3,meningioma,True,0,0.0075512026,0,0,0,0.0,0.0,0.0
2558,"[[49]
 [48]
 [54]
 [57]
 [49]
 [52]]",3,meningioma,True,0,0.012010044,0,0,0,0.0,0.0,0.0
2559,"[[49]
 [48]
 [54]
 [57]
 [49]
 [52]]",3,meningioma,True,0,0.023855394,0,0,0,0.0037938665823585203,0.0,0.0
2560,"[[49]
 [48]
 [54]
 [57]
 [49]
 [52]]",3,meningioma,True,0,0.04842413,0,0,1,0.09197124026363092,0.0,0.0
2561,"[[49]
 [48]
 [54]
 [57]
 [49]
 [52]]",3,meningioma,True,0,0.027338125,0,0,0,0.015549076773566569,0.0,0.0
2562,"[[49]
 [48]
 [54]
 [57]
 [49]
 [52]]",3,meningioma,True,0,0.008716638,0,0,0,0.0,0.0,0.0
2563,"[[49]
 [48]
 [54]
 [57]
 [49]
 [52]]",3,meningioma,True,0,0.005673176,0,0,0,0.0,0.0,0.0
2564,"[[49]
 [48]
 [54]
 [57]
 [49]
 [52]]",3,meningioma,False,0,0.0031185665,0,0,0,0.0,0.0,0.0
2565,"[[49]
 [48]
 [52]
 [50]
 [56]
 [49]]",3,meningioma,True,0,0.0049582184,0,0,0,0.0,0.0,0.0
2576,"[[49]
 [48]
 [53]
 [51]
 [55]
 [52]]",3,meningioma,True,0,0.006098134,0,0,0,0.0,0.0,0.0
2587,"[[49]
 [48]
 [53]
 [51]
 [55]
 [52]]",3,meningioma,True,0,0.0022232474,0,0,0,0.0,0.0,0.0
2591,"[[49]
 [48]
 [56]
 [57]
 [52]
 [53]]",3,meningioma,True,0,0.030830964,0,0,0,0.05682656826568266,0.014900662251655629,0.0
2592,"[[49]
 [48]
 [56]
 [57]
 [52]
 [53]]",3,meningioma,False,0,0.0032824161,0,0,0,0.0,0.0,0.0
2593,"[[49]
 [48]
 [56]
 [57]
 [52]
 [53]]",3,meningioma,True,1,0.05375257,0,0,0,0.14777816052359627,0.0,0.0
2594,"[[49]
 [48]
 [56]
 [57]
 [52]
 [53]]",3,meningioma,True,0,0.009366594,0,0,0,0.0,0.0,0.0
2603,"[[49]
 [49]
 [48]
 [56]
 [48]
 [56]]",3,meningioma,False,0,0.00233939,0,0,0,0.0,0.0,0.0
2604,"[[49]
 [49]
 [48]
 [56]
 [48]
 [56]]",3,meningioma,False,0,0.0002915717,0,0,0,0.0,0.0,0.0
2605,"[[49]
 [49]
 [49]
 [48]
 [55]
 [55]]",3,meningioma,True,0,0.0023956895,0,0,0,0.0,0.0,0.0
2606,"[[49]
 [49]
 [49]
 [48]
 [55]
 [55]]",3,meningioma,False,1,0.017126443,0,0,0,0.01973119816985988,0.0,0.0
2607,"[[49]
 [49]
 [49]
 [48]
 [55]
 [55]]",3,meningioma,True,0,0.015137231,0,0,0,0.0029193801931282283,0.0,0.0
2619,"[[49]
 [49]
 [50]
 [48]
 [48]
 [50]]",3,meningioma,False,0,0.013695373,0,0,0,0.0,0.0,0.0
2622,"[[49]
 [49]
 [50]
 [48]
 [48]
 [50]]",3,meningioma,False,0,0.007343462,0,0,0,0.0,0.0,0.0
2623,"[[49]
 [49]
 [50]
 [48]
 [48]
 [50]]",3,meningioma,False,1,0.033875957,0,0,0,0.05139138240574506,0.02490842490842491,0.0
2624,"[[49]
 [49]
 [50]
 [48]
 [48]
 [50]]",3,meningioma,False,0,0.011894045,0,0,0,0.0,0.0,0.0
2664,"[[49]
 [49]
 [51]
 [56]
 [48]
 [53]]",3,meningioma,False,0,7.129785e-05,0,0,0,0.0,0.0,0.0
2674,"[[49]
 [49]
 [52]
 [51]
 [53]
 [57]]",3,meningioma,True,0,0.037810475,0,0,0,0.03503081414206941,0.0,0.0
2675,"[[49]
 [49]
 [52]
 [51]
 [53]
 [57]]",3,meningioma,True,0,0.03519258,0,0,0,0.0,0.0,0.0
2677,"[[49]
 [49]
 [52]
 [51]
 [53]
 [57]]",3,meningioma,True,0,0.07419108,0,0,0,0.0,0.0,0.0
2678,"[[49]
 [49]
 [52]
 [51]
 [53]
 [57]]",3,meningioma,False,0,0.011608261,0,0,0,0.0,0.0,0.0
2679,"[[49]
 [49]
 [52]
 [51]
 [53]
 [57]]",3,meningioma,False,0,0.030600889,0,0,0,0.015516763646439457,0.0,0.0
2680,"[[49]
 [49]
 [52]
 [51]
 [53]
 [57]]",3,meningioma,False,0,0.007639051,0,0,0,0.0,0.0,0.0
2681,"[[49]
 [49]
 [52]
 [51]
 [53]
 [57]]",3,meningioma,False,0,0.007743295,0,0,0,0.0,0.0,0.0
2682,"[[49]
 [49]
 [52]
 [52]
 [49]
 [55]]",3,meningioma,False,0,0.003002484,0,0,0,0.0,0.0,0.0
2683,"[[49]
 [49]
 [52]
 [52]
 [49]
 [55]]",3,meningioma,True,0,0.049083207,0,0,0,0.05844155844155844,0.0,0.0
2684,"[[49]
 [49]
 [52]
 [52]
 [49]
 [55]]",3,meningioma,False,0,0.0013243534,0,0,0,0.0,0.0,0.0
2685,"[[49]
 [49]
 [52]
 [52]
 [49]
 [55]]",3,meningioma,False,0,0.0035621242,0,0,0,0.0,0.0,0.0
2686,"[[57]
 [55]
 [51]
 [55]
 [52]]",3,meningioma,True,0,0.009814998,0,0,0,0.0,0.0,0.0
2688,"[[57]
 [55]
 [51]
 [55]
 [52]]",3,meningioma,True,0,0.043901864,0,0,0,0.0,0.0,0.0
2689,"[[57]
 [55]
 [51]
 [55]
 [52]]",3,meningioma,True,0,0.046958104,0,0,0,0.0018437427978796957,0.0,0.0
2690,"[[57]
 [55]
 [51]
 [55]
 [52]]",3,meningioma,True,0,0.014711899,0,0,0,0.0,0.0,0.0
2691,"[[57]
 [55]
 [51]
 [55]
 [52]]",3,meningioma,True,0,0.03925616,0,0,0,0.06732976281560826,0.030047443331576173,0.0
2702,"[[57]
 [55]
 [55]
 [57]
 [51]]",3,meningioma,True,0,0.004897265,0,0,0,0.0,0.0,0.0
2703,"[[57]
 [55]
 [56]
 [55]
 [53]]",3,meningioma,True,1,0.02689502,0,0,0,0.15722469764481223,0.10817941952506596,0.0
2728,"[[57]
 [57]
 [51]
 [48]
 [56]]",3,meningioma,True,0,0.003279233,0,0,0,0.0,0.0,0.0
2729,"[[57]
 [57]
 [51]
 [48]
 [56]]",3,meningioma,False,0,0.04183107,0,0,0,0.00017132088401576153,0.0,0.0
2730,"[[57]
 [57]
 [51]
 [48]
 [56]]",3,meningioma,False,0,0.020708894,0,0,0,0.00026928773394371884,0.0,0.0
2733,"[[57]
 [57]
 [51]
 [48]
 [56]]",3,meningioma,False,0,0.014278719,0,0,0,0.003459286854709952,0.0,0.0
2734,"[[57]
 [57]
 [51]
 [48]
 [56]]",3,meningioma,True,0,0.0064801364,0,0,0,0.0,0.0,0.0
2735,"[[57]
 [57]
 [51]
 [48]
 [56]]",3,meningioma,False,0,0.0014970939,0,0,0,0.0,0.0,0.0
2743,"[[49]
 [48]
 [54]
 [53]
 [51]
 [52]]",3,meningioma,True,0,0.0021183162,0,0,0,0.0,0.0,0.0
2749,"[[49]
 [48]
 [48]
 [56]
 [50]
 [48]]",3,glioma,False,0,0.013160429,0,0,1,0.0003487358326068004,0.0,0.0
2750,"[[49]
 [48]
 [48]
 [56]
 [50]
 [48]]",3,glioma,False,0,0.048025873,0,0,0,0.0032865252464893933,0.0,0.0
2751,"[[49]
 [48]
 [48]
 [56]
 [50]
 [48]]",3,glioma,True,0,0.013564623,0,0,0,0.0,0.0,0.0
2754,"[[49]
 [48]
 [54]
 [53]
 [51]
 [52]]",3,meningioma,True,0,0.003156446,0,0,0,0.0,0.0,0.0
2764,"[[49]
 [48]
 [54]
 [52]
 [57]
 [52]]",3,glioma,False,0,0.00595321,0,0,0,0.0,0.0,0.0
2766,"[[49]
 [48]
 [54]
 [52]
 [57]
 [52]]",3,glioma,True,0,0.0029784425,0,0,0,0.0,0.0,0.0
2767,"[[49]
 [48]
 [54]
 [52]
 [57]
 [52]]",3,glioma,True,0,0.014584922,0,0,0,0.0,0.0,0.0
2768,"[[49]
 [48]
 [54]
 [52]
 [57]
 [52]]",3,glioma,True,0,0.018382825,0,0,0,0.0026568392183750427,0.0,0.0
2769,"[[49]
 [48]
 [54]
 [52]
 [57]
 [52]]",3,glioma,False,0,0.006255092,0,0,0,0.0,0.0,0.0
2770,"[[49]
 [48]
 [54]
 [52]
 [57]
 [52]]",3,glioma,False,0,0.01070987,0,0,0,0.0006764374295377678,0.0,0.0
2771,"[[49]
 [48]
 [55]
 [55]
 [52]
 [55]]",3,glioma,False,0,0.014937576,0,0,0,0.0002519526329050139,0.0,0.0
2772,"[[49]
 [48]
 [55]
 [55]
 [52]
 [55]]",3,glioma,False,0,0.013004662,0,1,0,0.0,0.0,0.0
2773,"[[49]
 [48]
 [55]
 [55]
 [52]
 [55]]",3,glioma,False,0,0.013651692,0,1,0,0.0,0.0,0.0
2774,"[[49]
 [48]
 [55]
 [55]
 [52]
 [55]]",3,glioma,False,0,0.0083623715,0,1,0,0.0,0.0,0.0
2775,"[[49]
 [48]
 [55]
 [55]
 [52]
 [55]]",3,glioma,False,0,0.004342481,0,1,0,0.0,0.0,0.0
2784,"[[49]
 [48]
 [48]
 [56]
 [50]
 [48]]",3,glioma,False,1,0.1996802,0,0,0,0.30748422001803427,0.19117647058823528,0.08216364258815474
2785,"[[49]
 [48]
 [48]
 [56]
 [50]
 [48]]",3,glioma,False,0,0.092463724,0,0,0,0.04355608591885442,0.0,0.0
2786,"[[49]
 [48]
 [48]
 [56]
 [50]
 [48]]",3,glioma,False,0,0.04197224,0,0,0,0.0,0.0,0.0
2788,"[[49]
 [48]
 [48]
 [56]
 [50]
 [48]]",3,glioma,False,0,0.042116966,0,0,0,0.0,0.0,0.0
2789,"[[49]
 [48]
 [48]
 [56]
 [50]
 [48]]",3,glioma,False,1,0.029393356,1,0,0,0.03705917513448894,0.0,0.0
2790,"[[49]
 [48]
 [48]
 [56]
 [50]
 [48]]",3,glioma,False,0,0.04282685,0,0,0,0.0010256410256410256,0.0,0.0
2807,"[[49]
 [48]
 [54]
 [52]
 [57]
 [52]]",3,glioma,False,0,0.009557362,0,0,0,0.0,0.0,0.0
2808,"[[49]
 [48]
 [54]
 [52]
 [57]
 [52]]",3,glioma,False,0,0.02824604,0,0,0,0.009736896623161384,0.0,0.0
2810,"[[49]
 [48]
 [54]
 [52]
 [57]
 [52]]",3,glioma,True,0,0.0030123224,1,0,1,0.0,0.0,0.0
2811,"[[49]
 [48]
 [54]
 [52]
 [57]
 [52]]",3,glioma,False,0,0.022648228,0,0,0,0.0040012311480455524,0.0,0.0
2812,"[[49]
 [48]
 [54]
 [52]
 [57]
 [52]]",3,glioma,False,0,0.008079571,0,0,0,0.0,0.0,0.0
2813,"[[49]
 [48]
 [55]
 [55]
 [52]
 [55]]",3,glioma,False,0,0.013215012,0,0,0,0.0,0.0,0.0
2814,"[[49]
 [48]
 [55]
 [55]
 [52]
 [55]]",3,glioma,True,0,0.010405311,0,0,0,0.0,0.0,0.0
2815,"[[49]
 [48]
 [55]
 [55]
 [52]
 [55]]",3,glioma,True,0,0.0047282563,0,0,0,0.0,0.0,0.0
2816,"[[49]
 [48]
 [55]
 [55]
 [52]
 [55]]",3,glioma,True,0,0.01030782,0,0,0,0.0,0.0,0.0
2817,"[[49]
 [48]
 [55]
 [55]
 [52]
 [55]]",3,glioma,True,0,0.0027997505,0,0,0,0.0,0.0,0.0
2818,"[[49]
 [48]
 [55]
 [55]
 [52]
 [55]]",3,glioma,False,0,0.011584938,0,0,0,0.0,0.0,0.0
2868,"[[49]
 [48]
 [48]
 [56]
 [50]
 [48]]",3,glioma,False,0,0.0031226457,0,0,0,0.0,0.0,0.0
2869,"[[49]
 [48]
 [48]
 [56]
 [50]
 [48]]",3,glioma,False,0,0.0038520126,0,0,0,0.0,0.0,0.0
2870,"[[49]
 [48]
 [48]
 [56]
 [50]
 [48]]",3,glioma,False,0,0.058215067,0,0,0,0.02072310405643739,0.0,0.0
2871,"[[49]
 [48]
 [48]
 [56]
 [50]
 [48]]",3,glioma,False,0,0.031896826,0,0,0,0.06945481702763256,0.0,0.0
2872,"[[49]
 [48]
 [48]
 [56]
 [50]
 [48]]",3,glioma,False,0,0.032363836,0,0,0,0.13545953360768176,0.1668460710441335,0.0
2873,"[[49]
 [48]
 [48]
 [56]
 [50]
 [48]]",3,glioma,False,0,0.008279167,0,0,0,0.0013550135501355014,0.0,0.0
2894,"[[49]
 [48]
 [54]
 [52]
 [57]
 [52]]",3,glioma,True,0,0.0016833169,0,0,0,0.0,0.0,0.0
2895,"[[49]
 [48]
 [54]
 [52]
 [57]
 [52]]",3,glioma,True,1,0.015635425,0,0,0,0.05852842809364549,0.034934497816593885,0.0
2896,"[[49]
 [48]
 [54]
 [52]
 [57]
 [52]]",3,glioma,True,0,0.030526008,0,0,0,0.03918824352694192,0.0,0.0
2897,"[[49]
 [48]
 [54]
 [52]
 [57]
 [52]]",3,glioma,True,0,0.022405218,0,0,0,0.0,0.0,0.0
2899,"[[49]
 [48]
 [54]
 [52]
 [57]
 [52]]",3,glioma,True,0,0.032922056,0,0,0,0.0021269053527118043,0.0,0.0
2900,"[[49]
 [48]
 [54]
 [52]
 [57]
 [52]]",3,glioma,False,0,0.0034217292,0,0,0,0.0,0.0,0.0
2901,"[[49]
 [48]
 [54]
 [52]
 [57]
 [52]]",3,glioma,False,0,0.005083277,0,0,0,0.0,0.0,0.0
2902,"[[49]
 [48]
 [55]
 [55]
 [52]
 [55]]",3,glioma,False,0,0.008100325,0,0,0,0.0,0.0,0.0
2903,"[[49]
 [48]
 [55]
 [55]
 [52]
 [55]]",3,glioma,False,0,0.036568455,0,0,0,0.0006770480704129993,0.0,0.0
2904,"[[49]
 [48]
 [55]
 [55]
 [52]
 [55]]",3,glioma,False,0,0.014648436,0,0,0,0.0,0.0,0.0
2905,"[[49]
 [48]
 [55]
 [55]
 [52]
 [55]]",3,glioma,False,0,0.0063032242,0,0,0,0.0,0.0,0.0
2906,"[[49]
 [48]
 [56]
 [52]
 [55]
 [57]]",3,glioma,False,0,0.024472352,0,0,0,0.0,0.0,0.0
2907,"[[49]
 [48]
 [56]
 [52]
 [55]
 [57]]",3,glioma,True,0,0.016440315,0,0,0,0.0,0.0,0.0
2920,"[[49]
 [48]
 [54]
 [57]
 [49]
 [52]]",3,meningioma,True,1,0.051617816,0,0,0,0.10847719659881473,0.09539473684210527,0.0
2931,"[[49]
 [48]
 [54]
 [57]
 [49]
 [52]]",3,meningioma,True,0,0.028741559,0,0,0,0.0,0.0,0.0
2942,"[[49]
 [48]
 [54]
 [57]
 [49]
 [52]]",3,meningioma,True,0,0.014617979,0,0,0,0.0,0.0,0.0
2954,"[[49]
 [48]
 [54]
 [57]
 [49]
 [52]]",3,meningioma,True,0,0.017198084,0,0,0,0.0,0.0,0.0
2983,"[[49]
 [48]
 [55]
 [52]
 [57]
 [53]]",3,pituitary,True,0,0.006647026,0,0,0,0.0,0.0,0.0
2984,"[[49]
 [48]
 [55]
 [52]
 [57]
 [53]]",3,pituitary,True,0,0.010990858,0,0,0,0.0,0.0,0.0
2985,"[[49]
 [48]
 [55]
 [52]
 [57]
 [53]]",3,pituitary,True,0,0.0024919568,0,0,0,0.0,0.0,0.0
2986,"[[49]
 [48]
 [55]
 [52]
 [57]
 [53]]",3,pituitary,True,0,0.0040215068,0,0,0,0.0,0.0,0.0
2988,"[[49]
 [48]
 [55]
 [52]
 [57]
 [53]]",3,pituitary,True,0,0.008901632,0,0,0,0.010680907877169559,0.0,0.0
2989,"[[49]
 [48]
 [55]
 [52]
 [57]
 [53]]",3,pituitary,True,0,0.0029822506,0,0,0,0.0,0.0,0.0
2990,"[[49]
 [48]
 [55]
 [52]
 [57]
 [53]]",3,pituitary,True,0,0.001190725,0,0,0,0.0,0.0,0.0
2991,"[[49]
 [48]
 [55]
 [52]
 [50]
 [57]]",3,pituitary,True,0,0.019523118,0,0,1,0.01764705882352941,0.0,0.0
2992,"[[49]
 [48]
 [55]
 [52]
 [50]
 [57]]",3,pituitary,True,0,0.03787362,0,0,0,0.0,0.0,0.0
2993,"[[49]
 [48]
 [55]
 [52]
 [50]
 [57]]",3,pituitary,True,0,0.07825655,0,0,0,0.036490008688097306,0.0,0.0
2994,"[[49]
 [48]
 [55]
 [52]
 [50]
 [57]]",3,pituitary,True,0,0.049875386,0,0,0,0.01037344398340249,0.0,0.0
2995,"[[49]
 [48]
 [55]
 [52]
 [50]
 [57]]",3,pituitary,True,0,0.001687723,0,0,0,0.0,0.0,0.0
2996,"[[49]
 [48]
 [55]
 [52]
 [50]
 [57]]",3,pituitary,True,0,0.0010716513,0,0,0,0.0,0.0,0.0
3023,"[[49]
 [48]
 [57]
 [55]
 [54]
 [57]]",3,pituitary,True,0,0.006667005,0,0,0,0.0,0.0,0.0
3024,"[[49]
 [48]
 [57]
 [55]
 [54]
 [57]]",3,pituitary,True,0,0.010273396,0,0,0,0.0,0.0,0.0
3025,"[[49]
 [48]
 [57]
 [55]
 [54]
 [57]]",3,pituitary,True,0,0.0065255836,0,0,0,0.0,0.0,0.0
3026,"[[49]
 [48]
 [57]
 [55]
 [54]
 [57]]",3,pituitary,True,0,0.0015891007,0,0,0,0.0,0.0,0.0
3049,"[[49]
 [49]
 [49]
 [49]
 [50]
 [53]]",3,pituitary,True,0,0.0017281196,0,0,0,0.0,0.0,0.0
3050,"[[49]
 [49]
 [49]
 [49]
 [50]
 [53]]",3,pituitary,True,0,0.0027751972,0,0,0,0.0,0.0,0.0
3051,"[[49]
 [49]
 [49]
 [49]
 [50]
 [53]]",3,pituitary,True,0,0.0031975007,0,0,0,0.0,0.0,0.0
3052,"[[49]
 [49]
 [49]
 [49]
 [50]
 [53]]",3,pituitary,True,0,0.005682115,0,0,0,0.0,0.0,0.0
9,"[[49]
 [49]
 [50]
 [56]
 [52]
 [55]]",4,pituitary,True,0,0.0007209082,0,0,0,0.0,0.0,0.0
10,"[[49]
 [49]
 [50]
 [56]
 [52]
 [55]]",4,pituitary,True,0,0.0069742776,0,0,0,0.0,0.0,0.0
11,"[[49]
 [49]
 [50]
 [56]
 [52]
 [55]]",4,pituitary,True,0,0.00034469884,0,0,0,0.0,0.0,0.0
12,"[[49]
 [49]
 [50]
 [56]
 [52]
 [55]]",4,pituitary,True,0,9.686715e-05,0,0,0,0.0,0.0,0.0
14,"[[49]
 [49]
 [51]
 [50]
 [55]
 [52]]",4,pituitary,True,0,0.004302761,0,0,0,0.0,0.0,0.0
15,"[[49]
 [49]
 [51]
 [50]
 [55]
 [52]]",4,pituitary,True,0,0.0012012755,0,0,0,0.0,0.0,0.0
16,"[[49]
 [49]
 [51]
 [50]
 [55]
 [52]]",4,pituitary,True,0,0.0064836363,0,0,0,0.0,0.0,0.0
80,"[[49]
 [48]
 [56]
 [57]
 [51]
 [49]]",4,pituitary,True,1,0.01696161,0,0,1,0.10102095647501344,0.16551724137931034,0.0
81,"[[49]
 [48]
 [56]
 [57]
 [51]
 [49]]",4,pituitary,True,0,0.007958613,0,0,0,0.0,0.0,0.0
82,"[[49]
 [48]
 [56]
 [57]
 [51]
 [49]]",4,pituitary,True,0,0.016308516,0,0,0,0.10874938210578348,0.08237986270022883,0.0
83,"[[49]
 [48]
 [56]
 [57]
 [51]
 [49]]",4,pituitary,True,0,0.0069299415,0,0,0,0.0,0.0,0.0
84,"[[49]
 [48]
 [56]
 [57]
 [51]
 [49]]",4,pituitary,False,0,0.00314111,0,0,0,0.0,0.0,0.0
85,"[[49]
 [48]
 [56]
 [57]
 [51]
 [49]]",4,pituitary,False,0,0.012949645,0,0,0,0.0,0.0,0.0
86,"[[49]
 [48]
 [56]
 [57]
 [51]
 [49]]",4,pituitary,True,0,0.046759773,0,0,0,0.023412698412698413,0.0,0.0
106,"[[49]
 [49]
 [48]
 [53]
 [49]
 [56]]",4,pituitary,True,0,0.0048493505,0,1,0,0.0,0.0,0.0
107,"[[49]
 [49]
 [48]
 [53]
 [49]
 [56]]",4,pituitary,True,0,0.012442786,0,0,0,0.0,0.0,0.0
108,"[[49]
 [49]
 [48]
 [53]
 [49]
 [56]]",4,pituitary,True,0,0.017258825,0,0,0,0.07154835103409726,0.03156708004509583,0.0
109,"[[49]
 [49]
 [48]
 [53]
 [49]
 [56]]",4,pituitary,True,0,0.02119007,0,1,0,0.18620178041543026,0.12435233160621761,0.0
110,"[[49]
 [49]
 [48]
 [53]
 [49]
 [56]]",4,pituitary,True,0,0.015248814,0,1,0,0.1068075117370892,0.0,0.0
111,"[[49]
 [49]
 [48]
 [53]
 [49]
 [56]]",4,pituitary,True,0,0.013183859,0,1,0,0.0,0.0,0.0
162,"[[49]
 [49]
 [50]
 [56]
 [52]
 [55]]",4,pituitary,True,0,0.011794187,0,0,0,0.006289308176100629,0.0,0.0
163,"[[49]
 [49]
 [50]
 [56]
 [52]
 [55]]",4,pituitary,True,0,0.0073128347,0,0,0,0.0,0.0,0.0
164,"[[49]
 [49]
 [50]
 [56]
 [52]
 [55]]",4,pituitary,True,0,0.008276015,0,0,0,0.0,0.0,0.0
165,"[[49]
 [49]
 [50]
 [56]
 [52]
 [55]]",4,pituitary,True,1,0.02095655,0,0,0,0.10919540229885058,0.05251141552511415,0.0
166,"[[49]
 [49]
 [51]
 [50]
 [55]
 [52]]",4,pituitary,True,0,0.005114988,0,0,0,0.0,0.0,0.0
167,"[[49]
 [49]
 [51]
 [50]
 [55]
 [52]]",4,pituitary,True,0,0.006519483,0,0,0,0.0,0.0,0.0
169,"[[49]
 [49]
 [51]
 [50]
 [55]
 [52]]",4,pituitary,True,0,0.0005758524,0,0,0,0.0,0.0,0.0
228,"[[49]
 [48]
 [56]
 [57]
 [51]
 [49]]",4,pituitary,True,0,0.0048438627,0,0,0,0.0,0.0,0.0
229,"[[49]
 [48]
 [56]
 [57]
 [51]
 [49]]",4,pituitary,True,0,0.0033685488,0,0,0,0.0,0.0,0.0
230,"[[49]
 [48]
 [56]
 [57]
 [51]
 [49]]",4,pituitary,True,0,0.0062273657,0,0,0,0.0,0.0,0.0
231,"[[49]
 [48]
 [56]
 [57]
 [51]
 [49]]",4,pituitary,True,0,0.0026642107,0,0,0,0.0,0.0,0.0
232,"[[49]
 [48]
 [56]
 [57]
 [51]
 [49]]",4,pituitary,True,0,0.0037288093,0,0,0,0.0,0.0,0.0
249,"[[49]
 [49]
 [48]
 [53]
 [49]
 [56]]",4,pituitary,True,0,0.01264508,0,1,0,0.017168449863150036,0.0,0.0
250,"[[49]
 [49]
 [48]
 [53]
 [49]
 [56]]",4,pituitary,True,0,0.015252187,0,1,0,0.012838306731436502,0.0,0.0
251,"[[49]
 [49]
 [48]
 [53]
 [49]
 [56]]",4,pituitary,True,1,0.023386633,0,0,0,0.367601246105919,0.0,0.0
252,"[[49]
 [49]
 [48]
 [53]
 [49]
 [56]]",4,pituitary,True,0,0.006830361,0,0,0,0.0,0.0,0.0
292,"[[49]
 [49]
 [50]
 [56]
 [52]
 [55]]",4,pituitary,True,0,0.010494798,0,0,0,0.02391304347826087,0.0,0.0
293,"[[49]
 [49]
 [50]
 [56]
 [52]
 [55]]",4,pituitary,True,0,0.02404267,0,0,0,0.1830065359477124,0.005813953488372093,0.0
294,"[[49]
 [49]
 [50]
 [56]
 [52]
 [55]]",4,pituitary,True,0,0.009491963,0,0,0,0.0,0.0,0.0
295,"[[49]
 [49]
 [50]
 [56]
 [52]
 [55]]",4,pituitary,True,0,0.0013549979,0,0,0,0.0,0.0,0.0
296,"[[49]
 [49]
 [50]
 [56]
 [52]
 [55]]",4,pituitary,True,0,0.0029881136,0,0,0,0.0,0.0,0.0
297,"[[49]
 [49]
 [51]
 [50]
 [55]
 [52]]",4,pituitary,False,0,0.00038221685,0,0,0,0.0,0.0,0.0
298,"[[49]
 [49]
 [51]
 [50]
 [55]
 [52]]",4,pituitary,False,0,0.0011351374,0,0,0,0.0,0.0,0.0
299,"[[49]
 [49]
 [51]
 [50]
 [55]
 [52]]",4,pituitary,False,0,0.0015572946,0,0,0,0.0,0.0,0.0
300,"[[49]
 [49]
 [51]
 [50]
 [55]
 [52]]",4,pituitary,True,0,0.001360885,0,0,0,0.0,0.0,0.0
354,"[[49]
 [48]
 [51]
 [53]
 [56]
 [50]]",4,pituitary,True,0,0.009251516,0,0,0,0.0,0.0,0.0
355,"[[49]
 [48]
 [51]
 [53]
 [56]
 [50]]",4,pituitary,True,0,0.01528839,0,0,1,0.031525851197982346,0.0,0.0
356,"[[49]
 [48]
 [51]
 [53]
 [56]
 [50]]",4,pituitary,True,0,0.0015507361,0,0,0,0.0,0.0,0.0
357,"[[49]
 [49]
 [49]
 [53]
 [51]
 [50]]",4,meningioma,True,1,0.13447917,0,1,1,0.3029568589432865,0.24967490247074123,0.10292887029288703
358,"[[49]
 [48]
 [51]
 [53]
 [56]
 [50]]",4,pituitary,True,0,6.0318805e-05,0,0,0,0.0,0.0,0.0
359,"[[49]
 [48]
 [51]
 [53]
 [56]
 [50]]",4,pituitary,False,0,0.0016409719,0,0,0,0.0,0.0,0.0
360,"[[49]
 [48]
 [51]
 [53]
 [56]
 [50]]",4,pituitary,False,0,0.0025186052,0,0,0,0.0,0.0,0.0
368,"[[49]
 [49]
 [49]
 [53]
 [51]
 [50]]",4,meningioma,True,1,0.17328262,0,1,0,0.4597544338335607,0.4572704081632653,0.1820098383696416
379,"[[49]
 [49]
 [49]
 [53]
 [51]
 [50]]",4,meningioma,True,0,0.116957985,0,1,0,0.2498433256736996,0.04075425790754258,0.0
434,"[[49]
 [49]
 [50]
 [48]
 [54]
 [50]]",4,meningioma,True,0,0.006468489,0,0,0,0.0,0.0,0.0
446,"[[49]
 [49]
 [50]
 [48]
 [54]
 [50]]",4,meningioma,True,0,0.018297574,0,0,0,0.011356045424181697,0.0,0.0
457,"[[49]
 [49]
 [50]
 [48]
 [54]
 [50]]",4,meningioma,True,0,0.016853593,0,0,0,0.0031052191568135675,0.0,0.0
458,"[[57]
 [55]
 [56]
 [57]
 [48]]",4,pituitary,True,0,0.006372549,0,0,0,0.0,0.0,0.0
459,"[[57]
 [55]
 [56]
 [57]
 [48]]",4,pituitary,True,0,0.006890244,0,0,0,0.0,0.0,0.0
460,"[[57]
 [55]
 [56]
 [57]
 [48]]",4,pituitary,True,0,0.0036879869,0,0,0,0.0,0.0,0.0
461,"[[57]
 [55]
 [56]
 [57]
 [48]]",4,pituitary,True,0,0.0009845603,0,0,0,0.0,0.0,0.0
468,"[[49]
 [49]
 [50]
 [50]
 [53]
 [50]]",4,meningioma,True,1,0.04108492,0,1,0,0.07387456714120816,0.5623721881390593,0.1725
479,"[[49]
 [49]
 [50]
 [50]
 [53]
 [50]]",4,meningioma,True,1,0.029020676,0,1,0,0.05273229853285137,0.006696428571428571,0.0
490,"[[49]
 [49]
 [50]
 [53]
 [53]
 [50]]",4,meningioma,True,0,0.019542955,0,0,0,0.03915035401915869,0.0032751091703056767,0.0
501,"[[49]
 [49]
 [50]
 [53]
 [53]
 [50]]",4,meningioma,True,0,0.12028736,0,0,0,0.10185558693021379,0.0,0.0
512,"[[49]
 [49]
 [50]
 [53]
 [53]
 [50]]",4,meningioma,True,0,0.07312002,0,0,0,0.0,0.0,0.0
523,"[[49]
 [49]
 [50]
 [53]
 [53]
 [50]]",4,meningioma,True,0,0.08489111,0,0,0,0.0,0.0,0.0
534,"[[49]
 [49]
 [50]
 [53]
 [53]
 [50]]",4,meningioma,True,0,0.09096203,0,0,0,0.046203037569944046,0.0,0.0
545,"[[49]
 [49]
 [50]
 [53]
 [53]
 [50]]",4,meningioma,True,0,0.06449491,0,0,0,0.011968503937007874,0.0,0.0
557,"[[49]
 [49]
 [50]
 [53]
 [53]
 [50]]",4,meningioma,True,0,0.048310257,0,0,0,0.030965256685680422,0.0009213759213759214,0.0
564,"[[49]
 [48]
 [51]
 [53]
 [56]
 [50]]",4,pituitary,False,0,0.004746942,0,0,0,0.0,0.0,0.0
565,"[[49]
 [48]
 [51]
 [53]
 [56]
 [50]]",4,pituitary,True,0,0.013167513,0,0,0,0.0,0.0,0.0
566,"[[49]
 [48]
 [51]
 [53]
 [56]
 [50]]",4,pituitary,True,0,0.020444902,0,0,0,0.05060422960725076,0.004920049200492005,0.0
567,"[[49]
 [48]
 [51]
 [53]
 [56]
 [50]]",4,pituitary,True,0,0.020877382,0,0,0,0.0718232044198895,0.009174311926605505,0.0
569,"[[49]
 [48]
 [51]
 [53]
 [56]
 [50]]",4,pituitary,True,0,0.0075363345,0,0,0,0.0,0.0,0.0
663,"[[57]
 [55]
 [56]
 [57]
 [48]]",4,pituitary,True,0,0.0060348012,0,0,0,0.0,0.0,0.0
664,"[[57]
 [55]
 [56]
 [57]
 [48]]",4,pituitary,True,0,0.005389747,0,0,0,0.0007370554634236226,0.0,0.0
665,"[[57]
 [55]
 [56]
 [57]
 [48]]",4,pituitary,True,0,0.0051512076,0,0,0,0.0,0.0,0.0
666,"[[57]
 [55]
 [56]
 [57]
 [48]]",4,pituitary,True,0,0.0013026001,0,0,0,0.0,0.0,0.0
770,"[[49]
 [48]
 [51]
 [53]
 [56]
 [50]]",4,pituitary,True,0,0.0025683243,0,0,0,0.0,0.0,0.0
771,"[[49]
 [48]
 [51]
 [53]
 [56]
 [50]]",4,pituitary,True,1,0.03839946,0,0,0,0.1997780244173141,0.0,0.0
772,"[[49]
 [48]
 [51]
 [53]
 [56]
 [50]]",4,pituitary,True,1,0.06315787,0,0,0,0.18196994991652754,0.0,0.0
773,"[[49]
 [48]
 [51]
 [53]
 [56]
 [50]]",4,pituitary,True,0,0.02151774,0,0,0,0.0,0.0,0.0
774,"[[49]
 [48]
 [51]
 [53]
 [56]
 [50]]",4,pituitary,True,0,0.01306813,0,0,0,0.0,0.0,0.0
775,"[[49]
 [48]
 [51]
 [53]
 [56]
 [50]]",4,pituitary,True,0,0.0015461316,0,0,0,0.0,0.0,0.0
776,"[[49]
 [48]
 [51]
 [53]
 [56]
 [50]]",4,pituitary,True,0,0.0006439576,0,0,0,0.0,0.0,0.0
777,"[[49]
 [48]
 [51]
 [53]
 [56]
 [50]]",4,pituitary,True,0,0.00035612928,0,0,0,0.0,0.0,0.0
877,"[[57]
 [55]
 [56]
 [57]
 [48]]",4,pituitary,True,0,0.002355061,0,0,0,0.0,0.0,0.0
879,"[[57]
 [55]
 [56]
 [57]
 [48]]",4,pituitary,True,0,0.001873968,0,0,0,0.0,0.0,0.0
880,"[[57]
 [55]
 [56]
 [57]
 [48]]",4,pituitary,True,0,0.003568955,0,0,1,0.0,0.0,0.0
881,"[[57]
 [55]
 [56]
 [57]
 [48]]",4,pituitary,False,0,0.0014764566,0,0,0,0.0,0.0,0.0
882,"[[57]
 [55]
 [56]
 [57]
 [48]]",4,pituitary,True,0,0.00013920017,0,0,0,0.0,0.0,0.0
883,"[[57]
 [55]
 [56]
 [57]
 [48]]",4,pituitary,True,0,0.0010229056,0,0,0,0.0,0.0,0.0
944,"[[77]
 [82]
 [48]
 [52]
 [56]
 [50]
 [57]
 [55]]",4,glioma,True,0,0.002573588,0,0,0,0.0,0.0,0.0
946,"[[77]
 [82]
 [48]
 [52]
 [56]
 [50]
 [57]
 [55]]",4,glioma,True,0,0.004884899,0,0,0,0.0,0.0,0.0
947,"[[77]
 [82]
 [48]
 [52]
 [56]
 [50]
 [57]
 [55]]",4,glioma,True,0,0.0040720026,0,0,0,0.0,0.0,0.0
948,"[[77]
 [82]
 [48]
 [52]
 [56]
 [50]
 [57]
 [55]]",4,glioma,True,0,0.0018452145,0,0,0,0.0,0.0,0.0
949,"[[77]
 [82]
 [48]
 [52]
 [56]
 [50]
 [57]
 [52]
 [66]]",4,glioma,True,0,0.008281893,0,0,0,0.0,0.0,0.0
959,"[[77]
 [82]
 [48]
 [52]
 [56]
 [57]
 [52]
 [52]]",4,glioma,True,0,0.00042526168,0,0,0,0.0,0.0,0.0
960,"[[77]
 [82]
 [48]
 [52]
 [56]
 [57]
 [52]
 [52]]",4,glioma,True,0,0.00509748,0,1,0,0.0,0.0,0.0
961,"[[77]
 [82]
 [48]
 [52]
 [56]
 [57]
 [52]
 [52]]",4,glioma,True,0,0.0014680099,0,1,0,0.0,0.0,0.0
962,"[[77]
 [82]
 [48]
 [52]
 [56]
 [57]
 [52]
 [52]]",4,glioma,True,0,0.009126005,0,1,0,0.0,0.0,0.0
963,"[[77]
 [82]
 [48]
 [52]
 [56]
 [57]
 [52]
 [52]]",4,glioma,True,0,0.005518143,0,1,0,0.0,0.0,0.0
964,"[[77]
 [82]
 [48]
 [52]
 [56]
 [57]
 [52]
 [52]]",4,glioma,True,0,0.0016409801,0,0,0,0.0,0.0,0.0
965,"[[77]
 [82]
 [48]
 [52]
 [56]
 [57]
 [52]
 [52]]",4,glioma,True,0,0.0007892425,0,0,0,0.0,0.0,0.0
966,"[[77]
 [82]
 [48]
 [52]
 [56]
 [57]
 [52]
 [52]]",4,glioma,True,0,2.8339882e-05,0,0,1,0.0,0.0,0.0
1011,"[[77]
 [82]
 [48]
 [52]
 [57]
 [49]
 [48]
 [52]
 [66]]",4,glioma,True,0,0.0018884663,0,1,0,0.0,0.0,0.0
1013,"[[77]
 [82]
 [48]
 [52]
 [57]
 [49]
 [48]
 [52]
 [66]]",4,glioma,True,0,0.0015720143,0,1,0,0.0,0.0,0.0
1014,"[[77]
 [82]
 [48]
 [52]
 [57]
 [49]
 [48]
 [52]
 [66]]",4,glioma,True,0,0.00083456404,0,1,0,0.0,0.0,0.0
1015,"[[77]
 [82]
 [48]
 [52]
 [57]
 [49]
 [48]
 [52]
 [66]]",4,glioma,True,0,0.022112727,0,0,1,0.0,0.0,0.0
1016,"[[77]
 [82]
 [48]
 [52]
 [57]
 [49]
 [48]
 [52]
 [66]]",4,glioma,True,0,0.010623169,0,0,0,0.0,0.0,0.0
1025,"[[77]
 [82]
 [48]
 [50]
 [52]
 [55]
 [56]
 [48]
 [71]]",4,glioma,True,0,0.003686295,0,0,0,0.0,0.0,0.0
1026,"[[77]
 [82]
 [48]
 [50]
 [52]
 [55]
 [56]
 [48]
 [71]]",4,glioma,True,0,0.0049880235,0,0,0,0.0,0.0,0.0
1027,"[[77]
 [82]
 [48]
 [50]
 [52]
 [55]
 [56]
 [48]
 [71]]",4,glioma,True,0,0.017501138,0,0,0,0.0,0.0,0.0
1028,"[[77]
 [82]
 [48]
 [50]
 [52]
 [55]
 [56]
 [48]
 [71]]",4,glioma,True,0,0.017573172,0,0,0,0.0,0.0,0.0
1029,"[[77]
 [82]
 [48]
 [50]
 [52]
 [55]
 [56]
 [48]
 [71]]",4,glioma,True,0,0.006920854,0,0,0,0.0,0.0,0.0
1030,"[[77]
 [82]
 [48]
 [50]
 [52]
 [55]
 [56]
 [48]
 [71]]",4,glioma,True,0,0.0053620785,0,0,0,0.0,0.0,0.0
1031,"[[77]
 [82]
 [48]
 [50]
 [52]
 [55]
 [56]
 [48]
 [71]]",4,glioma,True,0,0.0022072762,0,0,0,0.0,0.0,0.0
1032,"[[77]
 [82]
 [48]
 [50]
 [52]
 [55]
 [56]
 [48]
 [71]]",4,glioma,True,0,0.00014826976,0,0,0,0.0,0.0,0.0
1033,"[[77]
 [82]
 [48]
 [50]
 [52]
 [55]
 [56]
 [48]
 [71]]",4,glioma,True,0,0.006550335,0,0,0,0.0,0.0,0.0
1035,"[[77]
 [82]
 [48]
 [50]
 [52]
 [55]
 [56]
 [48]
 [71]]",4,glioma,True,0,0.032678533,0,0,0,0.0,0.0,0.0
1036,"[[77]
 [82]
 [48]
 [50]
 [52]
 [55]
 [56]
 [48]
 [71]]",4,glioma,True,0,0.006258135,0,0,0,0.0,0.0,0.0
1037,"[[77]
 [82]
 [48]
 [50]
 [52]
 [55]
 [56]
 [48]
 [71]]",4,glioma,True,0,0.005274,0,0,0,0.0,0.0,0.0
1038,"[[77]
 [82]
 [48]
 [50]
 [52]
 [55]
 [56]
 [48]
 [71]]",4,glioma,True,0,0.0131039675,0,0,0,0.0,0.0,0.0
1039,"[[77]
 [82]
 [48]
 [50]
 [52]
 [55]
 [56]
 [48]
 [71]]",4,glioma,True,0,0.009109055,0,0,0,0.0,0.0,0.0
1040,"[[77]
 [82]
 [48]
 [50]
 [52]
 [55]
 [56]
 [48]
 [71]]",4,glioma,True,0,0.016300255,0,0,1,0.0,0.0,0.0
1041,"[[77]
 [82]
 [48]
 [50]
 [52]
 [55]
 [56]
 [48]
 [71]]",4,glioma,True,0,0.01883623,0,0,0,0.0,0.0,0.0
1051,"[[77]
 [82]
 [48]
 [52]
 [56]
 [50]
 [57]
 [52]
 [66]]",4,glioma,True,0,0.019937884,0,0,0,0.0,0.0,0.0
1052,"[[77]
 [82]
 [48]
 [52]
 [56]
 [50]
 [57]
 [52]
 [66]]",4,glioma,True,0,0.013214768,0,0,0,0.0,0.0,0.0
1053,"[[77]
 [82]
 [48]
 [52]
 [56]
 [50]
 [57]
 [52]
 [66]]",4,glioma,True,0,0.012582156,1,0,0,0.0,0.0,0.0
1083,"[[77]
 [82]
 [48]
 [53]
 [48]
 [55]
 [57]
 [49]
 [66]]",4,glioma,True,0,0.00012345005,0,0,0,0.0,0.0,0.0
1084,"[[77]
 [82]
 [48]
 [53]
 [48]
 [55]
 [57]
 [49]
 [66]]",4,glioma,True,0,3.7383234e-05,0,0,0,0.0,0.0,0.0
1085,"[[77]
 [82]
 [48]
 [53]
 [48]
 [55]
 [57]
 [49]
 [66]]",4,glioma,True,0,0.0012063722,0,0,0,0.0,0.0,0.0
1086,"[[77]
 [82]
 [48]
 [53]
 [48]
 [55]
 [57]
 [49]
 [66]]",4,glioma,True,0,0.0057381233,0,0,0,0.0,0.0,0.0
1087,"[[77]
 [82]
 [48]
 [53]
 [48]
 [55]
 [57]
 [49]
 [66]]",4,glioma,True,0,0.0033470031,0,0,1,0.0,0.0,0.0
1088,"[[77]
 [82]
 [48]
 [53]
 [48]
 [55]
 [57]
 [49]
 [66]]",4,glioma,True,0,0.0027317074,0,0,0,0.0,0.0,0.0
1090,"[[77]
 [82]
 [48]
 [53]
 [48]
 [55]
 [57]
 [49]
 [66]]",4,glioma,True,0,0.0012261855,0,0,0,0.0,0.0,0.0
1091,"[[77]
 [82]
 [48]
 [53]
 [48]
 [55]
 [57]
 [49]
 [66]]",4,glioma,True,0,0.0019047244,0,0,0,0.0,0.0,0.0
1092,"[[77]
 [82]
 [48]
 [53]
 [48]
 [55]
 [57]
 [49]
 [66]]",4,glioma,True,0,0.0006892153,0,0,0,0.0,0.0,0.0
1093,"[[77]
 [82]
 [48]
 [53]
 [48]
 [55]
 [57]
 [49]
 [66]]",4,glioma,True,0,0.00085165194,1,0,0,0.0,0.0,0.0
1094,"[[77]
 [82]
 [48]
 [52]
 [57]
 [48]
 [49]
 [57]
 [67]]",4,glioma,True,0,0.00071165356,0,0,0,0.0,0.0,0.0
1095,"[[77]
 [82]
 [48]
 [52]
 [57]
 [48]
 [49]
 [57]
 [67]]",4,glioma,True,0,2.9989471e-05,0,0,0,0.0,0.0,0.0
1096,"[[77]
 [82]
 [48]
 [52]
 [57]
 [48]
 [49]
 [57]
 [67]]",4,glioma,True,0,0.0026167359,0,0,0,0.0,0.0,0.0
1097,"[[77]
 [82]
 [48]
 [50]
 [54]
 [49]
 [55]
 [53]
 [67]]",4,glioma,True,0,0.0042781653,0,0,0,0.0,0.0,0.0
1098,"[[77]
 [82]
 [48]
 [50]
 [54]
 [49]
 [55]
 [53]
 [67]]",4,glioma,True,0,0.004273461,0,0,1,0.0,0.0,0.0
1099,"[[77]
 [82]
 [48]
 [50]
 [54]
 [49]
 [55]
 [53]
 [67]]",4,glioma,True,0,0.0070899576,0,0,1,0.0,0.0,0.0
1101,"[[77]
 [82]
 [48]
 [50]
 [54]
 [49]
 [55]
 [53]
 [67]]",4,glioma,True,0,0.024271179,0,0,0,0.0,0.0,0.0
1102,"[[77]
 [82]
 [48]
 [50]
 [54]
 [49]
 [55]
 [53]
 [67]]",4,glioma,True,0,0.0106496485,0,0,0,0.0,0.0,0.0
1103,"[[77]
 [82]
 [48]
 [50]
 [54]
 [49]
 [55]
 [53]
 [67]]",4,glioma,True,0,0.013953379,0,0,1,0.0,0.0,0.0
1104,"[[77]
 [82]
 [48]
 [50]
 [54]
 [49]
 [55]
 [53]
 [67]]",4,glioma,True,0,0.009156897,0,0,0,0.0,0.0,0.0
1105,"[[77]
 [82]
 [48]
 [50]
 [54]
 [49]
 [55]
 [53]
 [67]]",4,glioma,True,0,0.008813041,0,0,0,0.0,0.0,0.0
1106,"[[77]
 [82]
 [48]
 [50]
 [54]
 [49]
 [55]
 [53]
 [67]]",4,glioma,True,0,0.0073152203,0,0,0,0.0,0.0,0.0
1107,"[[77]
 [82]
 [48]
 [50]
 [54]
 [49]
 [55]
 [53]
 [67]]",4,glioma,True,0,0.0075195907,0,0,0,0.0,0.0,0.0
1108,"[[77]
 [82]
 [48]
 [50]
 [54]
 [49]
 [55]
 [53]
 [67]]",4,glioma,True,0,0.0072328793,0,0,0,0.0,0.0,0.0
1155,"[[77]
 [82]
 [48]
 [53]
 [49]
 [55]
 [57]
 [54]]",4,glioma,True,0,0.006698297,0,0,0,0.0,0.0,0.0
1156,"[[77]
 [82]
 [48]
 [53]
 [49]
 [55]
 [57]
 [54]]",4,glioma,True,0,0.011365594,0,0,0,0.0,0.0,0.0
1158,"[[77]
 [82]
 [48]
 [53]
 [49]
 [55]
 [57]
 [54]]",4,glioma,True,0,0.017286748,0,0,0,0.0,0.0,0.0
1159,"[[77]
 [82]
 [48]
 [53]
 [49]
 [55]
 [57]
 [54]]",4,glioma,True,0,0.018361943,0,0,0,0.0,0.0,0.0
1160,"[[77]
 [82]
 [48]
 [53]
 [49]
 [55]
 [57]
 [54]]",4,glioma,True,0,0.0030088678,0,0,0,0.0,0.0,0.0
1161,"[[77]
 [82]
 [48]
 [53]
 [49]
 [55]
 [57]
 [54]]",4,glioma,True,0,0.006322085,0,0,0,0.0,0.0,0.0
1162,"[[77]
 [82]
 [48]
 [53]
 [49]
 [55]
 [57]
 [54]]",4,glioma,True,0,0.001856988,0,0,1,0.0,0.0,0.0
1177,"[[77]
 [82]
 [48]
 [53]
 [49]
 [55]
 [57]
 [54]
 [66]]",4,glioma,True,0,0.0005323708,0,0,0,0.0,0.0,0.0
1178,"[[77]
 [82]
 [48]
 [53]
 [49]
 [55]
 [57]
 [54]
 [66]]",4,glioma,True,0,0.003029378,0,0,0,0.0,0.0,0.0
1180,"[[77]
 [82]
 [48]
 [53]
 [49]
 [55]
 [57]
 [54]
 [66]]",4,glioma,True,0,0.004831449,0,0,0,0.0,0.0,0.0
1245,"[[77]
 [82]
 [48]
 [50]
 [57]
 [50]
 [48]
 [57]
 [69]]",4,glioma,True,0,0.002182534,0,0,0,0.0,0.0,0.0
1247,"[[77]
 [82]
 [48]
 [50]
 [57]
 [50]
 [48]
 [57]
 [69]]",4,glioma,True,0,0.0025826364,0,0,0,0.0,0.0,0.0
1248,"[[77]
 [82]
 [48]
 [50]
 [57]
 [50]
 [48]
 [57]
 [69]]",4,glioma,True,0,0.00071750156,0,0,0,0.0,0.0,0.0
1249,"[[77]
 [82]
 [48]
 [50]
 [57]
 [50]
 [48]
 [57]
 [69]]",4,glioma,True,0,0.011485929,0,0,0,0.0,0.0,0.0
1250,"[[77]
 [82]
 [48]
 [50]
 [57]
 [50]
 [48]
 [57]
 [69]]",4,glioma,True,0,0.016041791,0,0,0,0.0,0.0,0.0
1251,"[[77]
 [82]
 [48]
 [50]
 [57]
 [50]
 [48]
 [57]
 [69]]",4,glioma,True,0,0.013712863,1,0,0,0.0,0.0,0.0
1252,"[[77]
 [82]
 [48]
 [50]
 [57]
 [50]
 [48]
 [57]
 [69]]",4,glioma,True,0,0.011224791,0,0,0,0.0,0.0,0.0
1253,"[[77]
 [82]
 [48]
 [50]
 [57]
 [50]
 [48]
 [57]
 [69]]",4,glioma,True,0,0.016184544,1,0,0,0.0,0.0,0.0
1254,"[[77]
 [82]
 [48]
 [50]
 [57]
 [50]
 [48]
 [57]
 [69]]",4,glioma,True,0,0.01227802,0,0,0,0.0,0.0,0.0
1273,"[[77]
 [82]
 [48]
 [50]
 [52]
 [55]
 [56]
 [48]
 [68]]",4,glioma,True,0,0.003252022,0,0,0,0.0,0.0,0.0
1274,"[[77]
 [82]
 [48]
 [50]
 [52]
 [55]
 [56]
 [48]
 [68]]",4,glioma,True,0,0.004317462,0,0,0,0.0,0.0,0.0
1275,"[[77]
 [82]
 [48]
 [51]
 [56]
 [52]
 [54]
 [57]]",4,glioma,True,0,3.2612596e-05,0,0,0,0.0,0.0,0.0
1276,"[[77]
 [82]
 [48]
 [51]
 [56]
 [52]
 [54]
 [57]]",4,glioma,True,0,0.0006306197,0,1,0,0.0,0.0,0.0
1277,"[[77]
 [82]
 [48]
 [51]
 [56]
 [52]
 [54]
 [57]]",4,glioma,True,0,0.00013237218,0,0,0,0.0,0.0,0.0
1278,"[[77]
 [82]
 [48]
 [51]
 [56]
 [52]
 [54]
 [57]]",4,glioma,True,0,0.0005920038,0,0,0,0.0,0.0,0.0
1280,"[[77]
 [82]
 [48]
 [51]
 [56]
 [52]
 [54]
 [57]]",4,glioma,True,0,0.0009180577,0,0,1,0.0,0.0,0.0
1281,"[[77]
 [82]
 [48]
 [51]
 [56]
 [52]
 [54]
 [57]]",4,glioma,True,0,0.001699243,0,0,0,0.0,0.0,0.0
1282,"[[77]
 [82]
 [48]
 [51]
 [56]
 [52]
 [54]
 [57]]",4,glioma,True,0,0.0016447539,0,0,0,0.0,0.0,0.0
1312,"[[49]
 [48]
 [48]
 [53]
 [55]
 [50]]",4,meningioma,False,0,0.0025901597,0,1,0,0.0,0.0,0.0
1323,"[[49]
 [48]
 [48]
 [53]
 [55]
 [50]]",4,meningioma,False,0,0.012269705,0,0,0,0.0,0.0,0.0
1335,"[[49]
 [48]
 [48]
 [53]
 [55]
 [50]]",4,meningioma,True,0,0.020502944,0,0,0,0.007462686567164179,0.0,0.0
1362,"[[77]
 [82]
 [48]
 [51]
 [54]
 [52]
 [57]
 [54]
 [66]]",4,glioma,True,0,0.0041148383,0,0,0,0.0,0.0,0.0
1363,"[[77]
 [82]
 [48]
 [51]
 [54]
 [52]
 [57]
 [54]
 [66]]",4,glioma,True,0,0.009605125,0,0,0,0.0,0.0,0.0
1364,"[[77]
 [82]
 [48]
 [51]
 [54]
 [52]
 [57]
 [54]
 [66]]",4,glioma,True,0,0.011060694,0,0,0,0.0,0.0,0.0
1365,"[[77]
 [82]
 [48]
 [51]
 [54]
 [52]
 [57]
 [54]
 [66]]",4,glioma,True,0,0.0022869962,0,0,0,0.0,0.0,0.0
1366,"[[77]
 [82]
 [48]
 [51]
 [54]
 [52]
 [57]
 [54]
 [66]]",4,glioma,True,0,0.003077496,0,0,0,0.0,0.0,0.0
1367,"[[77]
 [82]
 [48]
 [51]
 [54]
 [52]
 [57]
 [54]
 [66]]",4,glioma,True,0,0.00054773275,0,0,0,0.0,0.0,0.0
1422,"[[77]
 [82]
 [48]
 [50]
 [52]
 [55]
 [56]
 [48]
 [71]]",4,glioma,True,0,0.005533634,0,0,0,0.0,0.0,0.0
1424,"[[77]
 [82]
 [48]
 [50]
 [52]
 [55]
 [56]
 [48]
 [71]]",4,glioma,True,0,0.0071664387,0,0,0,0.0,0.0,0.0
1425,"[[77]
 [82]
 [48]
 [50]
 [52]
 [55]
 [56]
 [48]
 [71]]",4,glioma,True,0,0.0024519323,0,0,0,0.0,0.0,0.0
1426,"[[77]
 [82]
 [48]
 [50]
 [52]
 [55]
 [56]
 [48]
 [71]]",4,glioma,True,0,0.006472364,0,0,0,0.0,0.0,0.0
1427,"[[77]
 [82]
 [48]
 [50]
 [52]
 [55]
 [56]
 [48]
 [71]]",4,glioma,True,0,0.008087563,0,0,0,0.0,0.0,0.0
1428,"[[77]
 [82]
 [48]
 [50]
 [52]
 [55]
 [56]
 [48]
 [71]]",4,glioma,True,0,0.0056637824,0,0,0,0.0,0.0,0.0
1429,"[[77]
 [82]
 [48]
 [50]
 [52]
 [55]
 [56]
 [48]
 [71]]",4,glioma,True,0,0.007965237,0,0,0,0.0,0.0,0.0
1465,"[[77]
 [82]
 [48]
 [53]
 [48]
 [55]
 [57]
 [49]
 [66]]",4,glioma,True,0,0.0066429954,0,1,0,0.0,0.0,0.0
1466,"[[77]
 [82]
 [48]
 [53]
 [48]
 [55]
 [57]
 [49]
 [66]]",4,glioma,True,0,0.011499023,0,1,0,0.0,0.0,0.0
1467,"[[77]
 [82]
 [48]
 [53]
 [48]
 [55]
 [57]
 [49]
 [66]]",4,glioma,True,0,0.010543613,0,1,0,0.0,0.0,0.0
1469,"[[77]
 [82]
 [48]
 [53]
 [48]
 [55]
 [57]
 [49]
 [66]]",4,glioma,True,0,0.0064915936,0,0,0,0.0,0.0,0.0
1470,"[[77]
 [82]
 [48]
 [52]
 [57]
 [48]
 [49]
 [57]
 [67]]",4,glioma,True,0,0.0028391473,0,0,0,0.0,0.0,0.0
1471,"[[77]
 [82]
 [48]
 [52]
 [57]
 [48]
 [49]
 [57]
 [67]]",4,glioma,True,0,0.002804381,0,0,0,0.0,0.0,0.0
1472,"[[77]
 [82]
 [48]
 [52]
 [57]
 [48]
 [49]
 [57]
 [67]]",4,glioma,True,0,0.00287225,0,0,0,0.0,0.0,0.0
1473,"[[77]
 [82]
 [48]
 [52]
 [57]
 [48]
 [49]
 [57]
 [67]]",4,glioma,True,0,0.0012894649,0,0,0,0.0,0.0,0.0
1474,"[[77]
 [82]
 [48]
 [52]
 [57]
 [48]
 [49]
 [57]
 [67]]",4,glioma,True,0,0.0032493728,0,0,0,0.0,0.0,0.0
1475,"[[77]
 [82]
 [48]
 [50]
 [54]
 [49]
 [55]
 [53]
 [67]]",4,glioma,True,0,0.0012339124,0,0,0,0.0,0.0,0.0
1476,"[[77]
 [82]
 [48]
 [50]
 [54]
 [49]
 [55]
 [53]
 [67]]",4,glioma,True,0,0.0047603366,0,0,0,0.0,0.0,0.0
1477,"[[77]
 [82]
 [48]
 [50]
 [54]
 [49]
 [55]
 [53]
 [67]]",4,glioma,True,0,0.011086934,0,0,0,0.0,0.0,0.0
1478,"[[77]
 [82]
 [48]
 [50]
 [54]
 [49]
 [55]
 [53]
 [67]]",4,glioma,True,0,0.0053778407,0,0,0,0.0,0.0,0.0
1480,"[[77]
 [82]
 [48]
 [50]
 [54]
 [49]
 [55]
 [53]
 [67]]",4,glioma,True,0,0.010245796,0,0,0,0.0,0.0,0.0
1481,"[[77]
 [82]
 [48]
 [50]
 [54]
 [49]
 [55]
 [53]
 [67]]",4,glioma,True,0,0.011210853,0,0,0,0.0,0.0,0.0
1482,"[[77]
 [82]
 [48]
 [50]
 [54]
 [49]
 [55]
 [53]
 [67]]",4,glioma,True,0,0.009799759,0,0,0,0.0,0.0,0.0
1502,"[[77]
 [82]
 [48]
 [50]
 [54]
 [49]
 [55]
 [53]
 [69]]",4,glioma,True,0,0.0028585983,0,0,0,0.0,0.0,0.0
1503,"[[77]
 [82]
 [48]
 [50]
 [54]
 [49]
 [55]
 [53]
 [69]]",4,glioma,True,0,0.0077303625,0,0,0,0.0,0.0,0.0
1504,"[[77]
 [82]
 [48]
 [50]
 [54]
 [49]
 [55]
 [53]
 [69]]",4,glioma,True,0,0.0072607296,0,0,0,0.0,0.0,0.0
1505,"[[77]
 [82]
 [48]
 [50]
 [54]
 [49]
 [55]
 [53]
 [69]]",4,glioma,True,0,0.0034938315,0,0,0,0.0,0.0,0.0
1506,"[[77]
 [82]
 [48]
 [50]
 [54]
 [49]
 [55]
 [53]
 [69]]",4,glioma,True,0,0.0227083,0,0,0,0.0,0.0,0.0
1507,"[[77]
 [82]
 [48]
 [50]
 [54]
 [49]
 [55]
 [53]
 [69]]",4,glioma,True,0,0.02624609,0,0,0,0.0,0.0,0.0
1508,"[[77]
 [82]
 [48]
 [50]
 [54]
 [49]
 [55]
 [53]
 [69]]",4,glioma,True,0,0.021098437,0,0,0,0.0,0.0,0.0
1509,"[[77]
 [82]
 [48]
 [50]
 [54]
 [49]
 [55]
 [53]
 [69]]",4,glioma,True,0,0.02799675,0,0,1,0.0,0.0,0.0
1510,"[[77]
 [82]
 [48]
 [50]
 [54]
 [49]
 [55]
 [53]
 [69]]",4,glioma,True,0,0.02219494,0,0,0,0.0,0.0,0.0
1511,"[[77]
 [82]
 [48]
 [50]
 [54]
 [49]
 [55]
 [53]
 [69]]",4,glioma,True,0,0.01009958,0,0,0,0.0,0.0,0.0
1513,"[[77]
 [82]
 [48]
 [50]
 [54]
 [49]
 [55]
 [53]
 [69]]",4,glioma,True,0,0.01635101,0,0,0,0.0,0.0,0.0
1514,"[[77]
 [82]
 [48]
 [50]
 [54]
 [49]
 [55]
 [53]
 [69]]",4,glioma,True,0,0.0161191,0,0,1,0.0,0.0,0.0
1515,"[[77]
 [82]
 [48]
 [52]
 [48]
 [50]
 [52]
 [48]
 [67]]",4,glioma,True,0,0.001982274,0,0,0,0.0,0.0,0.0
1516,"[[77]
 [82]
 [48]
 [52]
 [48]
 [50]
 [52]
 [48]
 [67]]",4,glioma,True,0,0.0019289455,0,0,0,0.0,0.0,0.0
1517,"[[77]
 [82]
 [48]
 [52]
 [48]
 [50]
 [52]
 [48]
 [67]]",4,glioma,True,0,0.000980559,0,0,0,0.0,0.0,0.0
1518,"[[77]
 [82]
 [48]
 [52]
 [48]
 [50]
 [52]
 [48]
 [67]]",4,glioma,True,0,0.0031559486,0,1,0,0.0,0.0,0.0
1519,"[[77]
 [82]
 [48]
 [52]
 [48]
 [50]
 [52]
 [48]
 [67]]",4,glioma,True,0,0.0058525186,0,0,0,0.0,0.0,0.0
1520,"[[77]
 [82]
 [48]
 [52]
 [48]
 [50]
 [52]
 [48]
 [67]]",4,glioma,True,0,0.018706935,0,1,0,0.0,0.0,0.0
1521,"[[77]
 [82]
 [48]
 [52]
 [48]
 [50]
 [52]
 [48]
 [67]]",4,glioma,True,0,0.0289002,0,0,0,0.0,0.0,0.0
1522,"[[77]
 [82]
 [48]
 [52]
 [48]
 [50]
 [52]
 [48]
 [67]]",4,glioma,True,0,0.022388,0,0,0,0.0,0.0,0.0
1524,"[[77]
 [82]
 [48]
 [52]
 [48]
 [50]
 [52]
 [48]
 [67]]",4,glioma,True,0,0.03202422,1,1,0,0.0,0.0,0.0
1525,"[[77]
 [82]
 [48]
 [52]
 [48]
 [50]
 [52]
 [48]
 [67]]",4,glioma,True,0,0.020101413,0,1,1,0.0,0.0,0.0
1526,"[[77]
 [82]
 [48]
 [52]
 [48]
 [50]
 [52]
 [48]
 [67]]",4,glioma,True,0,0.0038344944,0,1,0,0.0,0.0,0.0
1527,"[[77]
 [82]
 [48]
 [52]
 [48]
 [50]
 [52]
 [48]
 [68]]",4,glioma,True,0,0.0011058225,0,0,0,0.0,0.0,0.0
1528,"[[77]
 [82]
 [48]
 [52]
 [48]
 [50]
 [52]
 [48]
 [68]]",4,glioma,True,0,0.00097348617,0,0,0,0.0,0.0,0.0
1529,"[[77]
 [82]
 [48]
 [52]
 [48]
 [50]
 [52]
 [48]
 [68]]",4,glioma,True,0,0.0006200884,0,0,0,0.0,0.0,0.0
1530,"[[77]
 [82]
 [48]
 [52]
 [48]
 [50]
 [52]
 [48]
 [68]]",4,glioma,True,0,0.007791901,0,1,0,0.0,0.0,0.0
1531,"[[77]
 [82]
 [48]
 [52]
 [48]
 [50]
 [52]
 [48]
 [68]]",4,glioma,True,0,0.010748783,0,1,0,0.0,0.0,0.0
1532,"[[77]
 [82]
 [48]
 [52]
 [48]
 [50]
 [52]
 [48]
 [68]]",4,glioma,True,0,0.009723184,0,1,0,0.0,0.0,0.0
1533,"[[77]
 [82]
 [48]
 [52]
 [48]
 [50]
 [52]
 [48]
 [68]]",4,glioma,True,0,0.027433438,0,1,0,0.0,0.0,0.0
1535,"[[77]
 [82]
 [48]
 [52]
 [48]
 [50]
 [52]
 [48]
 [68]]",4,glioma,True,0,0.025956454,0,1,0,0.0,0.0,0.0
1536,"[[77]
 [82]
 [48]
 [52]
 [48]
 [50]
 [52]
 [48]
 [68]]",4,glioma,True,0,0.02636075,0,1,0,0.0,0.0,0.0
1537,"[[77]
 [82]
 [48]
 [52]
 [48]
 [50]
 [52]
 [48]
 [68]]",4,glioma,True,0,0.021415845,0,1,0,0.0,0.0,0.0
1538,"[[77]
 [82]
 [48]
 [52]
 [48]
 [50]
 [52]
 [48]
 [68]]",4,glioma,True,0,0.0018876337,0,0,0,0.0,0.0,0.0
1545,"[[49]
 [48]
 [50]
 [52]
 [52]
 [54]]",4,meningioma,True,0,0.0060922443,0,0,0,0.015511237733459955,0.0,0.0
1550,"[[77]
 [82]
 [48]
 [50]
 [57]
 [50]
 [48]
 [57]
 [73]]",4,glioma,True,0,0.0119201,0,1,0,0.0,0.0,0.0
1551,"[[77]
 [82]
 [48]
 [50]
 [57]
 [50]
 [48]
 [57]
 [73]]",4,glioma,True,0,0.014501372,0,0,0,0.0,0.0,0.0
1552,"[[77]
 [82]
 [48]
 [50]
 [57]
 [50]
 [48]
 [57]
 [73]]",4,glioma,True,0,0.015676148,0,1,0,0.0,0.0,0.0
1553,"[[77]
 [82]
 [48]
 [50]
 [57]
 [50]
 [48]
 [57]
 [73]]",4,glioma,True,0,0.009451253,0,0,0,0.0,0.0,0.0
1554,"[[77]
 [82]
 [48]
 [50]
 [57]
 [50]
 [48]
 [57]
 [73]]",4,glioma,True,0,0.019860175,0,0,0,0.0,0.0,0.0
1555,"[[77]
 [82]
 [48]
 [50]
 [57]
 [50]
 [48]
 [57]
 [73]]",4,glioma,True,0,0.022236211,0,0,1,0.0,0.0,0.0
1558,"[[77]
 [82]
 [48]
 [50]
 [57]
 [50]
 [48]
 [57]
 [73]]",4,glioma,True,0,0.0055554663,0,0,0,0.0,0.0,0.0
1559,"[[77]
 [82]
 [48]
 [50]
 [57]
 [50]
 [48]
 [57]
 [73]]",4,glioma,True,0,0.0003972657,0,0,0,0.0,0.0,0.0
1560,"[[77]
 [82]
 [48]
 [50]
 [57]
 [50]
 [48]
 [57]
 [73]]",4,glioma,True,0,0.0011695861,0,0,0,0.0,0.0,0.0
1569,"[[77]
 [82]
 [48]
 [52]
 [56]
 [50]
 [57]
 [55]]",4,glioma,True,0,0.004136756,0,0,0,0.0,0.0,0.0
1570,"[[77]
 [82]
 [48]
 [52]
 [56]
 [50]
 [57]
 [55]]",4,glioma,True,0,0.008683423,0,0,0,0.0,0.0,0.0
1571,"[[77]
 [82]
 [48]
 [52]
 [56]
 [50]
 [57]
 [55]]",4,glioma,True,0,0.006449304,0,0,0,0.0,0.0,0.0
1572,"[[77]
 [82]
 [48]
 [52]
 [56]
 [50]
 [57]
 [55]]",4,glioma,True,0,0.004210936,0,0,0,0.0,0.0,0.0
1573,"[[77]
 [82]
 [48]
 [52]
 [56]
 [50]
 [57]
 [55]]",4,glioma,True,0,0.0015921349,0,0,0,0.0,0.0,0.0
1574,"[[77]
 [82]
 [48]
 [52]
 [56]
 [50]
 [57]
 [52]
 [66]]",4,glioma,True,0,0.0065782717,0,0,0,0.0,0.0,0.0
1575,"[[77]
 [82]
 [48]
 [52]
 [56]
 [50]
 [57]
 [52]
 [66]]",4,glioma,True,0,0.003420693,0,0,0,0.0,0.0,0.0
1576,"[[77]
 [82]
 [48]
 [52]
 [56]
 [50]
 [57]
 [52]
 [66]]",4,glioma,True,0,0.0047533824,0,0,0,0.0,0.0,0.0
1577,"[[77]
 [82]
 [48]
 [52]
 [56]
 [50]
 [57]
 [52]
 [66]]",4,glioma,True,0,0.0066634435,0,0,0,0.0,0.0,0.0
1578,"[[77]
 [82]
 [48]
 [52]
 [56]
 [50]
 [57]
 [52]
 [66]]",4,glioma,True,0,0.004725941,0,0,0,0.0,0.0,0.0
1579,"[[49]
 [48]
 [50]
 [55]
 [49]
 [52]]",4,meningioma,True,0,0.021190863,0,0,0,0.0,0.0,0.0
1586,"[[77]
 [82]
 [48]
 [52]
 [56]
 [57]
 [52]
 [52]]",4,glioma,True,0,0.0009028767,0,1,0,0.0,0.0,0.0
1587,"[[77]
 [82]
 [48]
 [52]
 [56]
 [57]
 [52]
 [52]]",4,glioma,True,0,0.0012673412,0,1,0,0.0,0.0,0.0
1588,"[[77]
 [82]
 [48]
 [52]
 [56]
 [57]
 [52]
 [52]]",4,glioma,True,0,0.0009936468,0,1,1,0.0,0.0,0.0
1589,"[[77]
 [82]
 [48]
 [52]
 [56]
 [57]
 [52]
 [52]]",4,glioma,True,0,0.005139679,0,1,0,0.0,0.0,0.0
1590,"[[49]
 [48]
 [50]
 [55]
 [49]
 [52]]",4,meningioma,True,0,0.07418132,0,0,1,0.1493317838466008,0.08080808080808081,0.0
1591,"[[77]
 [82]
 [48]
 [52]
 [56]
 [57]
 [52]
 [52]]",4,glioma,True,0,0.0069257524,0,0,0,0.0,0.0,0.0
1592,"[[77]
 [82]
 [48]
 [52]
 [56]
 [57]
 [52]
 [52]]",4,glioma,True,0,0.003379545,0,1,0,0.0,0.0,0.0
1593,"[[77]
 [82]
 [48]
 [52]
 [56]
 [57]
 [52]
 [52]]",4,glioma,True,0,0.0038920117,0,0,0,0.0,0.0,0.0
1594,"[[77]
 [82]
 [48]
 [52]
 [56]
 [57]
 [52]
 [52]]",4,glioma,True,0,0.007803872,0,0,0,0.0,0.0,0.0
1595,"[[77]
 [82]
 [48]
 [52]
 [56]
 [57]
 [52]
 [52]]",4,glioma,True,0,0.008447655,0,0,0,0.0,0.0,0.0
1601,"[[49]
 [48]
 [50]
 [55]
 [49]
 [52]]",4,meningioma,True,0,0.08672254,0,0,0,0.05964467005076142,0.0,0.0
1612,"[[49]
 [48]
 [50]
 [55]
 [49]
 [52]]",4,meningioma,False,0,0.0007756877,0,0,0,0.0,0.0,0.0
1635,"[[77]
 [82]
 [48]
 [51]
 [54]
 [52]
 [57]
 [54]
 [66]]",4,glioma,True,0,0.0016422403,0,0,0,0.0,0.0,0.0
1636,"[[77]
 [82]
 [48]
 [51]
 [54]
 [52]
 [57]
 [54]
 [66]]",4,glioma,True,0,0.003510305,0,0,0,0.0,0.0,0.0
1637,"[[77]
 [82]
 [48]
 [51]
 [54]
 [52]
 [57]
 [54]
 [66]]",4,glioma,True,0,0.00065006607,0,0,0,0.0,0.0,0.0
1638,"[[77]
 [82]
 [48]
 [51]
 [54]
 [52]
 [57]
 [54]
 [66]]",4,glioma,True,0,0.004402457,0,0,0,0.0,0.0,0.0
1639,"[[77]
 [82]
 [48]
 [51]
 [54]
 [52]
 [57]
 [54]
 [66]]",4,glioma,True,0,0.0053375307,0,0,0,0.0,0.0,0.0
1640,"[[77]
 [82]
 [48]
 [51]
 [54]
 [52]
 [57]
 [54]
 [66]]",4,glioma,True,0,0.0015458438,0,0,0,0.0,0.0,0.0
1666,"[[77]
 [82]
 [48]
 [50]
 [54]
 [49]
 [55]
 [53]
 [69]]",4,glioma,True,0,0.0007553354,0,0,0,0.0,0.0,0.0
1669,"[[77]
 [82]
 [48]
 [50]
 [54]
 [49]
 [55]
 [53]
 [69]]",4,glioma,True,0,0.0010153648,0,0,0,0.0,0.0,0.0
1670,"[[77]
 [82]
 [48]
 [50]
 [54]
 [49]
 [55]
 [53]
 [69]]",4,glioma,True,0,0.0008031791,0,0,0,0.0,0.0,0.0
1671,"[[77]
 [82]
 [48]
 [50]
 [54]
 [49]
 [55]
 [53]
 [69]]",4,glioma,True,0,0.003017924,0,0,0,0.0,0.0,0.0
1672,"[[77]
 [82]
 [48]
 [50]
 [54]
 [49]
 [55]
 [53]
 [69]]",4,glioma,True,0,0.0032572085,0,0,0,0.0,0.0,0.0
1673,"[[77]
 [82]
 [48]
 [50]
 [54]
 [49]
 [55]
 [53]
 [69]]",4,glioma,True,0,0.006645766,0,0,0,0.0,0.0,0.0
1674,"[[77]
 [82]
 [48]
 [50]
 [54]
 [49]
 [55]
 [53]
 [69]]",4,glioma,True,0,0.0004815305,0,0,0,0.0,0.0,0.0
1675,"[[77]
 [82]
 [48]
 [50]
 [54]
 [49]
 [55]
 [53]
 [69]]",4,glioma,True,0,0.0013399548,0,0,0,0.0,0.0,0.0
1676,"[[77]
 [82]
 [48]
 [50]
 [54]
 [49]
 [55]
 [53]
 [69]]",4,glioma,True,0,0.00047850164,0,0,0,0.0,0.0,0.0
1677,"[[77]
 [82]
 [48]
 [50]
 [54]
 [49]
 [55]
 [53]
 [69]]",4,glioma,True,0,0.0011429117,0,0,0,0.0,0.0,0.0
1678,"[[77]
 [82]
 [48]
 [52]
 [48]
 [50]
 [52]
 [48]
 [67]]",4,glioma,True,0,0.0056950296,0,1,0,0.0,0.0,0.0
1680,"[[77]
 [82]
 [48]
 [52]
 [48]
 [50]
 [52]
 [48]
 [67]]",4,glioma,True,0,0.0009024465,0,1,0,0.0,0.0,0.0
1681,"[[77]
 [82]
 [48]
 [52]
 [48]
 [50]
 [52]
 [48]
 [67]]",4,glioma,True,0,0.0004510984,0,0,0,0.0,0.0,0.0
1682,"[[77]
 [82]
 [48]
 [52]
 [48]
 [50]
 [52]
 [48]
 [67]]",4,glioma,True,0,0.0022897897,0,0,0,0.0,0.0,0.0
1683,"[[77]
 [82]
 [48]
 [52]
 [48]
 [50]
 [52]
 [48]
 [67]]",4,glioma,True,0,0.0031777879,0,0,0,0.0,0.0,0.0
1684,"[[77]
 [82]
 [48]
 [52]
 [48]
 [50]
 [52]
 [48]
 [67]]",4,glioma,True,0,0.0018181633,0,0,0,0.0,0.0,0.0
1685,"[[77]
 [82]
 [48]
 [52]
 [48]
 [50]
 [52]
 [48]
 [67]]",4,glioma,True,0,0.0011168212,0,0,0,0.0,0.0,0.0
1686,"[[77]
 [82]
 [48]
 [52]
 [48]
 [50]
 [52]
 [48]
 [67]]",4,glioma,True,0,0.009922454,0,1,0,0.0,0.0,0.0
1687,"[[77]
 [82]
 [48]
 [52]
 [48]
 [50]
 [52]
 [48]
 [67]]",4,glioma,True,0,0.006136416,0,1,0,0.0,0.0,0.0
1688,"[[77]
 [82]
 [48]
 [52]
 [48]
 [50]
 [52]
 [48]
 [67]]",4,glioma,True,0,0.00080294505,0,1,0,0.0,0.0,0.0
1689,"[[77]
 [82]
 [48]
 [52]
 [48]
 [50]
 [52]
 [48]
 [67]]",4,glioma,True,0,0.002034134,0,1,0,0.0,0.0,0.0
1691,"[[77]
 [82]
 [48]
 [52]
 [48]
 [50]
 [52]
 [48]
 [67]]",4,glioma,True,0,0.02133395,0,1,0,0.0,0.0,0.0
1692,"[[77]
 [82]
 [48]
 [52]
 [48]
 [50]
 [52]
 [48]
 [67]]",4,glioma,True,0,0.00707401,0,0,0,0.0,0.0,0.0
1693,"[[77]
 [82]
 [48]
 [52]
 [48]
 [50]
 [52]
 [48]
 [67]]",4,glioma,True,0,0.0030804481,0,0,0,0.0,0.0,0.0
1694,"[[77]
 [82]
 [48]
 [52]
 [48]
 [50]
 [52]
 [48]
 [67]]",4,glioma,True,0,0.0032571694,0,0,0,0.0,0.0,0.0
1702,"[[77]
 [82]
 [48]
 [50]
 [57]
 [50]
 [48]
 [57]
 [73]]",4,glioma,True,0,0.002729012,0,0,1,0.0,0.0,0.0
1703,"[[77]
 [82]
 [48]
 [50]
 [57]
 [50]
 [48]
 [57]
 [73]]",4,glioma,True,0,0.0041937246,0,0,0,0.0,0.0,0.0
1704,"[[77]
 [82]
 [48]
 [50]
 [57]
 [50]
 [48]
 [57]
 [73]]",4,glioma,True,0,0.010872909,0,0,0,0.0,0.0,0.0
1705,"[[77]
 [82]
 [48]
 [50]
 [57]
 [50]
 [48]
 [57]
 [73]]",4,glioma,True,0,0.008497644,0,0,0,0.0,0.0,0.0
1706,"[[77]
 [82]
 [48]
 [50]
 [57]
 [50]
 [48]
 [57]
 [73]]",4,glioma,True,0,0.0148685565,0,0,0,0.0,0.0,0.0
1707,"[[77]
 [82]
 [48]
 [50]
 [57]
 [50]
 [48]
 [57]
 [73]]",4,glioma,True,0,0.00071018253,0,0,0,0.0,0.0,0.0
1708,"[[77]
 [82]
 [48]
 [50]
 [57]
 [50]
 [48]
 [57]
 [73]]",4,glioma,True,0,0.014756682,0,0,0,0.0,0.0,0.0
1709,"[[77]
 [82]
 [48]
 [50]
 [57]
 [50]
 [48]
 [57]
 [73]]",4,glioma,True,0,0.0035856364,0,0,0,0.0,0.0,0.0
1710,"[[77]
 [82]
 [48]
 [50]
 [57]
 [50]
 [48]
 [57]
 [73]]",4,glioma,True,0,0.0069157355,0,0,0,0.0,0.0,0.0
1711,"[[77]
 [82]
 [48]
 [50]
 [57]
 [50]
 [48]
 [57]
 [73]]",4,glioma,True,0,0.0021224453,0,0,0,0.0,0.0,0.0
1749,"[[77]
 [82]
 [48]
 [53]
 [49]
 [55]
 [57]
 [54]]",4,glioma,True,0,0.00992882,0,0,0,0.0,0.0,0.0
1750,"[[77]
 [82]
 [48]
 [53]
 [49]
 [55]
 [57]
 [54]]",4,glioma,True,0,0.005646995,0,0,0,0.0,0.0,0.0
1751,"[[77]
 [82]
 [48]
 [53]
 [49]
 [55]
 [57]
 [54]]",4,glioma,True,0,0.013248154,0,0,0,0.0,0.0,0.0
1752,"[[77]
 [82]
 [48]
 [53]
 [49]
 [55]
 [57]
 [54]]",4,glioma,True,0,0.008013504,0,0,1,0.0,0.0,0.0
1753,"[[77]
 [82]
 [48]
 [53]
 [49]
 [55]
 [57]
 [54]]",4,glioma,True,0,0.009331349,0,0,0,0.0,0.0,0.0
1754,"[[77]
 [82]
 [48]
 [53]
 [49]
 [55]
 [57]
 [54]]",4,glioma,True,0,0.0014137547,0,0,0,0.0,0.0,0.0
1763,"[[77]
 [82]
 [48]
 [53]
 [49]
 [55]
 [57]
 [54]
 [66]]",4,glioma,True,0,0.00038818805,0,0,0,0.0,0.0,0.0
1764,"[[77]
 [82]
 [48]
 [53]
 [49]
 [55]
 [57]
 [54]
 [66]]",4,glioma,True,0,0.004365363,0,0,0,0.0,0.0,0.0
1765,"[[77]
 [82]
 [48]
 [53]
 [49]
 [55]
 [57]
 [54]
 [66]]",4,glioma,True,0,0.003397375,0,0,0,0.0,0.0,0.0
1778,"[[49]
 [48]
 [50]
 [52]
 [52]
 [54]]",4,meningioma,False,0,0.0007779758,0,0,0,0.0,0.0,0.0
1842,"[[77]
 [82]
 [48]
 [50]
 [57]
 [50]
 [48]
 [57]
 [69]]",4,glioma,True,0,0.0172868,0,0,0,0.0,0.0,0.0
1843,"[[77]
 [82]
 [48]
 [50]
 [57]
 [50]
 [48]
 [57]
 [69]]",4,glioma,True,0,0.012311141,0,0,0,0.0,0.0,0.0
1844,"[[77]
 [82]
 [48]
 [50]
 [57]
 [50]
 [48]
 [57]
 [69]]",4,glioma,True,0,0.009427145,0,0,0,0.0,0.0,0.0
1846,"[[77]
 [82]
 [48]
 [50]
 [57]
 [50]
 [48]
 [57]
 [69]]",4,glioma,True,0,0.0053524934,0,0,0,0.0,0.0,0.0
1847,"[[77]
 [82]
 [48]
 [50]
 [57]
 [50]
 [48]
 [57]
 [69]]",4,glioma,True,0,0.0057681524,0,0,0,0.0,0.0,0.0
1848,"[[77]
 [82]
 [48]
 [50]
 [57]
 [50]
 [48]
 [57]
 [69]]",4,glioma,True,0,0.0009797298,0,0,0,0.0,0.0,0.0
1849,"[[77]
 [82]
 [48]
 [50]
 [57]
 [50]
 [48]
 [57]
 [69]]",4,glioma,True,0,0.002153897,0,0,0,0.0,0.0,0.0
1868,"[[77]
 [82]
 [48]
 [50]
 [52]
 [55]
 [56]
 [48]
 [68]]",4,glioma,True,0,0.0022024433,0,0,0,0.0,0.0,0.0
1869,"[[77]
 [82]
 [48]
 [50]
 [52]
 [55]
 [56]
 [48]
 [68]]",4,glioma,True,0,0.0022949758,0,0,0,0.0,0.0,0.0
1870,"[[77]
 [82]
 [48]
 [51]
 [56]
 [52]
 [54]
 [57]]",4,glioma,True,0,0.00489745,0,0,0,0.0,0.0,0.0
1871,"[[77]
 [82]
 [48]
 [51]
 [56]
 [52]
 [54]
 [57]]",4,glioma,True,0,0.005982956,0,0,0,0.0,0.0,0.0
1872,"[[77]
 [82]
 [48]
 [51]
 [56]
 [52]
 [54]
 [57]]",4,glioma,True,0,0.0026979824,0,0,0,0.0,0.0,0.0
1873,"[[77]
 [82]
 [48]
 [51]
 [56]
 [52]
 [54]
 [57]]",4,glioma,True,0,0.003393447,0,0,0,0.0,0.0,0.0
1874,"[[77]
 [82]
 [48]
 [51]
 [56]
 [52]
 [54]
 [57]]",4,glioma,True,0,0.0029090238,0,0,0,0.0,0.0,0.0
1875,"[[77]
 [82]
 [48]
 [51]
 [56]
 [52]
 [54]
 [57]]",4,glioma,True,0,0.000514301,0,0,0,0.0,0.0,0.0
1878,"[[49]
 [48]
 [52]
 [49]
 [54]
 [55]]",4,meningioma,True,0,0.005807422,0,0,1,0.0,0.0,0.0
1890,"[[49]
 [48]
 [52]
 [49]
 [54]
 [55]]",4,meningioma,True,0,0.0111516975,0,0,0,0.0,0.0,0.0
1901,"[[49]
 [48]
 [52]
 [49]
 [54]
 [55]]",4,meningioma,True,0,0.027137525,0,0,0,0.0,0.0,0.0
1912,"[[49]
 [48]
 [52]
 [49]
 [54]
 [55]]",4,meningioma,True,0,0.015367068,0,0,0,0.0,0.0,0.0
1923,"[[49]
 [48]
 [52]
 [49]
 [54]
 [55]]",4,meningioma,True,0,0.014290465,0,0,0,0.0,0.0,0.0
1925,"[[77]
 [82]
 [48]
 [50]
 [57]
 [50]
 [48]
 [57]
 [69]]",4,glioma,True,0,0.0002836238,0,0,0,0.0,0.0,0.0
1926,"[[77]
 [82]
 [48]
 [50]
 [57]
 [50]
 [48]
 [57]
 [69]]",4,glioma,True,0,0.0016658591,0,0,0,0.0,0.0,0.0
1927,"[[77]
 [82]
 [48]
 [50]
 [57]
 [50]
 [48]
 [57]
 [69]]",4,glioma,True,0,0.004482382,0,0,0,0.0,0.0,0.0
1928,"[[77]
 [82]
 [48]
 [50]
 [57]
 [50]
 [48]
 [57]
 [69]]",4,glioma,True,0,0.0036452971,0,0,0,0.0,0.0,0.0
1929,"[[77]
 [82]
 [48]
 [50]
 [57]
 [50]
 [48]
 [57]
 [69]]",4,glioma,True,0,0.012844228,0,0,0,0.0,0.0,0.0
1930,"[[77]
 [82]
 [48]
 [50]
 [57]
 [50]
 [48]
 [57]
 [69]]",4,glioma,True,0,0.02895456,1,0,0,0.0,0.0,0.0
1931,"[[77]
 [82]
 [48]
 [50]
 [57]
 [50]
 [48]
 [57]
 [69]]",4,glioma,True,0,0.00499224,0,0,0,0.0,0.0,0.0
1934,"[[49]
 [48]
 [52]
 [49]
 [54]
 [55]]",4,meningioma,False,0,0.0045483303,0,0,0,0.0,0.0,0.0
1946,"[[77]
 [82]
 [48]
 [50]
 [52]
 [55]
 [56]
 [48]
 [68]]",4,glioma,True,0,0.003504682,0,0,0,0.0,0.0,0.0
1947,"[[77]
 [82]
 [48]
 [50]
 [52]
 [55]
 [56]
 [48]
 [68]]",4,glioma,True,0,0.0034054222,0,0,0,0.0,0.0,0.0
1948,"[[77]
 [82]
 [48]
 [50]
 [52]
 [55]
 [56]
 [48]
 [68]]",4,glioma,True,0,0.0012865204,0,0,0,0.0,0.0,0.0
1949,"[[77]
 [82]
 [48]
 [51]
 [56]
 [52]
 [54]
 [57]]",4,glioma,True,0,0.003064053,0,0,0,0.0,0.0,0.0
1950,"[[77]
 [82]
 [48]
 [51]
 [56]
 [52]
 [54]
 [57]]",4,glioma,True,0,0.0017774609,0,0,0,0.0,0.0,0.0
1951,"[[77]
 [82]
 [48]
 [51]
 [56]
 [52]
 [54]
 [57]]",4,glioma,True,0,0.00043497182,0,0,0,0.0,0.0,0.0
1952,"[[77]
 [82]
 [48]
 [51]
 [56]
 [52]
 [54]
 [57]]",4,glioma,True,0,0.0025937008,0,0,0,0.0,0.0,0.0
1953,"[[77]
 [82]
 [48]
 [51]
 [56]
 [52]
 [54]
 [57]]",4,glioma,True,0,0.0010764304,0,0,0,0.0,0.0,0.0
2000,"[[49]
 [48]
 [50]
 [55]
 [49]
 [52]]",4,meningioma,True,0,0.011691451,0,0,0,0.0007947019867549669,0.0,0.0
2007,"[[77]
 [82]
 [48]
 [51]
 [54]
 [52]
 [57]
 [54]
 [66]]",4,glioma,True,0,0.0073030777,0,0,0,0.0,0.0,0.0
2008,"[[77]
 [82]
 [48]
 [51]
 [54]
 [52]
 [57]
 [54]
 [66]]",4,glioma,True,0,0.018846802,0,0,0,0.0,0.0,0.0
2009,"[[77]
 [82]
 [48]
 [51]
 [54]
 [52]
 [57]
 [54]
 [66]]",4,glioma,True,0,0.0037313849,0,0,0,0.0,0.0,0.0
2010,"[[77]
 [82]
 [48]
 [51]
 [54]
 [52]
 [57]
 [54]
 [66]]",4,glioma,True,0,0.0026751917,0,0,0,0.0,0.0,0.0
2027,"[[77]
 [82]
 [48]
 [52]
 [56]
 [50]
 [57]
 [55]]",4,glioma,True,0,1.6004673e-06,0,0,0,0.0,0.0,0.0
2028,"[[77]
 [82]
 [48]
 [52]
 [56]
 [50]
 [57]
 [55]]",4,glioma,True,0,0.00028614048,0,0,0,0.0,0.0,0.0
2029,"[[77]
 [82]
 [48]
 [52]
 [56]
 [50]
 [57]
 [55]]",4,glioma,True,0,0.0028372004,0,0,0,0.0,0.0,0.0
2030,"[[77]
 [82]
 [48]
 [52]
 [56]
 [50]
 [57]
 [55]]",4,glioma,True,0,0.0046620322,0,0,0,0.0,0.0,0.0
2031,"[[77]
 [82]
 [48]
 [52]
 [56]
 [50]
 [57]
 [55]]",4,glioma,False,0,0.030724723,0,0,0,0.0,0.0,0.0
2032,"[[77]
 [82]
 [48]
 [52]
 [56]
 [50]
 [57]
 [55]]",4,glioma,True,0,0.0035168128,0,0,0,0.0,0.0,0.0
2033,"[[77]
 [82]
 [48]
 [52]
 [56]
 [50]
 [57]
 [55]]",4,glioma,True,0,0.00012028758,0,0,0,0.0,0.0,0.0
2035,"[[77]
 [82]
 [48]
 [52]
 [56]
 [50]
 [57]
 [55]]",4,glioma,True,0,0.002666033,0,0,0,0.0,0.0,0.0
2036,"[[77]
 [82]
 [48]
 [52]
 [56]
 [50]
 [57]
 [52]
 [66]]",4,glioma,False,0,0.030765908,0,0,0,0.03463302752293578,0.0,0.0
2037,"[[77]
 [82]
 [48]
 [52]
 [56]
 [50]
 [57]
 [52]
 [66]]",4,glioma,True,0,0.0017662598,0,0,0,0.0,0.0,0.0
2038,"[[77]
 [82]
 [48]
 [52]
 [56]
 [50]
 [57]
 [52]
 [66]]",4,glioma,True,0,0.0064660204,0,0,0,0.0,0.0,0.0
2039,"[[77]
 [82]
 [48]
 [52]
 [56]
 [50]
 [57]
 [52]
 [66]]",4,glioma,True,0,0.0023873132,0,0,0,0.0,0.0,0.0
2040,"[[77]
 [82]
 [48]
 [52]
 [56]
 [50]
 [57]
 [52]
 [66]]",4,glioma,True,0,0.0015949006,0,0,0,0.0,0.0,0.0
2041,"[[77]
 [82]
 [48]
 [52]
 [56]
 [50]
 [57]
 [52]
 [66]]",4,glioma,True,0,0.004317677,0,0,0,0.0029411764705882353,0.0,0.0
2046,"[[77]
 [82]
 [48]
 [52]
 [56]
 [57]
 [52]
 [52]]",4,glioma,True,0,0.0068901544,0,0,0,0.0,0.0,0.0
2047,"[[77]
 [82]
 [48]
 [52]
 [56]
 [57]
 [52]
 [52]]",4,glioma,True,0,0.043251436,0,0,0,0.0009109127345600292,0.0,0.0
2048,"[[77]
 [82]
 [48]
 [52]
 [56]
 [57]
 [52]
 [52]]",4,glioma,True,0,0.018859137,0,1,1,0.0,0.0,0.0
2049,"[[77]
 [82]
 [48]
 [52]
 [56]
 [57]
 [52]
 [52]]",4,glioma,True,0,0.013761701,0,1,0,0.0,0.0,0.0
2050,"[[77]
 [82]
 [48]
 [52]
 [56]
 [57]
 [52]
 [52]]",4,glioma,True,0,0.005997943,0,1,0,0.0,0.0,0.0
2051,"[[77]
 [82]
 [48]
 [52]
 [56]
 [57]
 [52]
 [52]]",4,glioma,True,0,0.0020019312,0,0,0,0.0,0.0,0.0
2082,"[[77]
 [82]
 [48]
 [52]
 [57]
 [49]
 [48]
 [52]
 [66]]",4,glioma,True,0,0.0013385337,0,0,0,0.0,0.0,0.0
2083,"[[77]
 [82]
 [48]
 [52]
 [57]
 [49]
 [48]
 [52]
 [66]]",4,glioma,True,0,0.0056781443,0,1,0,0.0,0.0,0.0
2084,"[[77]
 [82]
 [48]
 [52]
 [57]
 [49]
 [48]
 [52]
 [66]]",4,glioma,True,0,0.0041773603,0,1,0,0.0,0.0,0.0
2095,"[[77]
 [82]
 [48]
 [50]
 [52]
 [55]
 [56]
 [48]
 [71]]",4,glioma,True,0,0.004777319,0,0,0,0.0,0.0,0.0
2096,"[[77]
 [82]
 [48]
 [50]
 [52]
 [55]
 [56]
 [48]
 [71]]",4,glioma,True,0,0.011644765,0,0,0,0.0,0.0,0.0
2097,"[[77]
 [82]
 [48]
 [50]
 [52]
 [55]
 [56]
 [48]
 [71]]",4,glioma,True,0,0.016286895,0,0,0,0.0,0.0,0.0
2098,"[[77]
 [82]
 [48]
 [50]
 [52]
 [55]
 [56]
 [48]
 [71]]",4,glioma,True,0,0.0064530983,0,0,0,0.0,0.0,0.0
2099,"[[77]
 [82]
 [48]
 [50]
 [52]
 [55]
 [56]
 [48]
 [71]]",4,glioma,True,0,0.0007468868,0,0,0,0.0,0.0,0.0
2101,"[[77]
 [82]
 [48]
 [50]
 [52]
 [55]
 [56]
 [48]
 [71]]",4,glioma,True,0,0.004633823,0,1,0,0.0,0.0,0.0
2111,"[[49]
 [48]
 [50]
 [55]
 [49]
 [52]]",4,meningioma,True,0,0.014952817,0,0,0,0.02801336417373426,0.026022304832713755,0.0
2119,"[[77]
 [82]
 [48]
 [53]
 [48]
 [55]
 [57]
 [49]
 [66]]",4,glioma,True,0,0.0002081393,0,0,0,0.0,0.0,0.0
2120,"[[77]
 [82]
 [48]
 [53]
 [48]
 [55]
 [57]
 [49]
 [66]]",4,glioma,True,0,0.0004458206,0,0,0,0.0,0.0,0.0
2121,"[[77]
 [82]
 [48]
 [53]
 [48]
 [55]
 [57]
 [49]
 [66]]",4,glioma,False,0,0.020845983,0,0,0,0.0,0.0,0.0
2122,"[[77]
 [82]
 [48]
 [53]
 [48]
 [55]
 [57]
 [49]
 [66]]",4,glioma,False,0,0.025297219,0,0,0,0.0,0.0,0.0
2124,"[[77]
 [82]
 [48]
 [53]
 [48]
 [55]
 [57]
 [49]
 [66]]",4,glioma,False,0,0.019122906,0,0,0,0.0,0.0,0.0
2125,"[[77]
 [82]
 [48]
 [53]
 [48]
 [55]
 [57]
 [49]
 [66]]",4,glioma,False,0,0.009532268,0,0,0,0.0,0.0,0.0
2126,"[[77]
 [82]
 [48]
 [53]
 [48]
 [55]
 [57]
 [49]
 [66]]",4,glioma,False,0,0.015761692,0,0,0,0.0,0.0,0.0
2127,"[[77]
 [82]
 [48]
 [53]
 [48]
 [55]
 [57]
 [49]
 [66]]",4,glioma,True,0,0.004076784,0,0,0,0.0,0.0,0.0
2128,"[[77]
 [82]
 [48]
 [52]
 [57]
 [48]
 [49]
 [57]
 [67]]",4,glioma,True,0,0.0026624901,0,0,0,0.0,0.0,0.0
2129,"[[77]
 [82]
 [48]
 [52]
 [57]
 [48]
 [49]
 [57]
 [67]]",4,glioma,True,0,0.0021207493,0,0,0,0.0,0.0,0.0
2130,"[[77]
 [82]
 [48]
 [52]
 [57]
 [48]
 [49]
 [57]
 [67]]",4,glioma,True,0,0.0061796717,0,0,0,0.0,0.0,0.0
2131,"[[77]
 [82]
 [48]
 [52]
 [57]
 [48]
 [49]
 [57]
 [67]]",4,glioma,True,0,0.009532573,0,0,0,0.0,0.0,0.0
2165,"[[77]
 [82]
 [48]
 [53]
 [49]
 [55]
 [57]
 [54]]",4,glioma,False,0,0.028607698,0,0,0,0.0,0.0,0.0
2166,"[[77]
 [82]
 [48]
 [53]
 [49]
 [55]
 [57]
 [54]]",4,glioma,False,0,0.06033196,0,0,0,0.018592677345537757,0.0,0.0
2168,"[[77]
 [82]
 [48]
 [53]
 [49]
 [55]
 [57]
 [54]]",4,glioma,True,0,0.049802233,0,0,0,0.009962049335863378,0.0,0.0
2169,"[[77]
 [82]
 [48]
 [53]
 [49]
 [55]
 [57]
 [54]]",4,glioma,True,0,0.03443248,0,0,0,0.0,0.0,0.0
2170,"[[77]
 [82]
 [48]
 [53]
 [49]
 [55]
 [57]
 [54]]",4,glioma,True,0,0.024154592,0,0,0,0.0,0.0,0.0
2171,"[[77]
 [82]
 [48]
 [53]
 [49]
 [55]
 [57]
 [54]]",4,glioma,True,0,0.005393625,0,0,0,0.0,0.0,0.0
2172,"[[77]
 [82]
 [48]
 [53]
 [49]
 [55]
 [57]
 [54]]",4,glioma,True,0,0.0037989188,0,0,0,0.0,0.0,0.0
2190,"[[77]
 [82]
 [48]
 [53]
 [49]
 [55]
 [57]
 [54]
 [66]]",4,glioma,True,0,0.02064655,0,0,0,0.0,0.0,0.0
2191,"[[77]
 [82]
 [48]
 [53]
 [49]
 [55]
 [57]
 [54]
 [66]]",4,glioma,True,0,0.012550069,0,0,0,0.0,0.0,0.0
2192,"[[77]
 [82]
 [48]
 [53]
 [49]
 [55]
 [57]
 [54]
 [66]]",4,glioma,True,0,0.0035348542,0,0,0,0.0,0.0,0.0
2193,"[[77]
 [82]
 [48]
 [53]
 [49]
 [55]
 [57]
 [54]
 [66]]",4,glioma,True,0,0.0037419726,0,0,0,0.0,0.0,0.0
2194,"[[77]
 [82]
 [48]
 [53]
 [49]
 [55]
 [57]
 [54]
 [66]]",4,glioma,True,0,0.0035008471,0,0,0,0.0,0.0,0.0
2223,"[[49]
 [48]
 [50]
 [55]
 [49]
 [52]]",4,meningioma,True,0,0.012252098,0,0,0,0.011127854410571462,0.020887728459530026,0.0
2256,"[[77]
 [82]
 [48]
 [50]
 [57]
 [50]
 [48]
 [57]
 [69]]",4,glioma,True,0,0.0014883596,0,0,0,0.0,0.0,0.0
2268,"[[49]
 [48]
 [54]
 [55]
 [50]
 [48]]",4,meningioma,False,0,0.0033968093,0,0,0,0.0,0.0,0.0
2271,"[[77]
 [82]
 [48]
 [52]
 [48]
 [50]
 [52]
 [48]
 [67]]",4,glioma,True,0,0.01726841,1,0,0,0.0,0.0,0.0
2272,"[[77]
 [82]
 [48]
 [52]
 [48]
 [50]
 [52]
 [48]
 [67]]",4,glioma,True,0,0.007658178,0,0,0,0.0,0.0,0.0
2273,"[[77]
 [82]
 [48]
 [52]
 [48]
 [50]
 [52]
 [48]
 [67]]",4,glioma,True,0,0.014059235,0,0,0,0.0,0.0,0.0
2274,"[[77]
 [82]
 [48]
 [52]
 [48]
 [50]
 [52]
 [48]
 [67]]",4,glioma,True,0,0.012727351,0,0,0,0.0,0.0,0.0
2275,"[[77]
 [82]
 [48]
 [52]
 [48]
 [50]
 [52]
 [48]
 [67]]",4,glioma,True,0,0.0069736447,0,0,0,0.0,0.0,0.0
2276,"[[77]
 [82]
 [48]
 [52]
 [48]
 [50]
 [52]
 [48]
 [68]]",4,glioma,True,0,0.0023736663,0,0,0,0.0,0.0,0.0
2277,"[[77]
 [82]
 [48]
 [52]
 [48]
 [50]
 [52]
 [48]
 [68]]",4,glioma,True,0,0.004674158,0,0,0,0.0,0.0,0.0
2279,"[[49]
 [48]
 [54]
 [55]
 [50]
 [48]]",4,meningioma,False,0,0.006118374,0,0,0,0.0,0.0,0.0
2286,"[[77]
 [82]
 [48]
 [50]
 [57]
 [50]
 [48]
 [57]
 [73]]",4,glioma,True,0,0.0029704324,0,0,0,0.0,0.0,0.0
2287,"[[77]
 [82]
 [48]
 [50]
 [57]
 [50]
 [48]
 [57]
 [73]]",4,glioma,True,0,0.00849442,0,0,0,0.0,0.0,0.0
2288,"[[77]
 [82]
 [48]
 [50]
 [57]
 [50]
 [48]
 [57]
 [73]]",4,glioma,True,0,0.016325371,0,0,0,0.0,0.0,0.0
2289,"[[77]
 [82]
 [48]
 [50]
 [57]
 [50]
 [48]
 [57]
 [73]]",4,glioma,False,0,0.036378175,0,0,0,0.0,0.0,0.0
2290,"[[49]
 [48]
 [54]
 [55]
 [50]
 [48]]",4,meningioma,False,0,0.0031936548,0,0,0,0.0,0.0,0.0
2291,"[[77]
 [82]
 [48]
 [50]
 [57]
 [50]
 [48]
 [57]
 [73]]",4,glioma,True,0,0.01636972,0,0,0,0.0010085728693898135,0.0,0.0
2292,"[[77]
 [82]
 [48]
 [50]
 [57]
 [50]
 [48]
 [57]
 [73]]",4,glioma,True,0,0.0070769694,0,0,0,0.0,0.0,0.0
2293,"[[77]
 [82]
 [48]
 [50]
 [57]
 [50]
 [48]
 [57]
 [73]]",4,glioma,True,0,0.0017172408,0,0,0,0.0,0.0,0.0
2296,"[[49]
 [48]
 [54]
 [55]
 [50]
 [48]]",4,meningioma,False,0,0.008472797,0,0,0,0.0,0.0,0.0
2297,"[[49]
 [48]
 [54]
 [55]
 [50]
 [48]]",4,meningioma,False,0,0.003145633,0,0,0,0.0,0.0,0.0
2298,"[[49]
 [48]
 [54]
 [55]
 [50]
 [48]]",4,meningioma,False,0,0.005448683,0,0,0,0.0,0.0,0.0
2299,"[[49]
 [48]
 [50]
 [55]
 [49]
 [52]]",4,meningioma,True,0,0.042289507,0,0,0,0.11128048780487805,0.06661379857256146,0.0
2300,"[[49]
 [48]
 [54]
 [55]
 [50]
 [48]]",4,meningioma,False,0,0.00110064,0,0,0,0.0,0.0,0.0
2306,"[[49]
 [48]
 [55]
 [50]
 [52]
 [56]]",4,meningioma,True,0,0.018036313,0,0,0,0.00317227916056613,0.0,0.0
2307,"[[49]
 [48]
 [55]
 [50]
 [52]
 [56]]",4,meningioma,False,0,0.0015568876,0,0,0,0.0,0.0,0.0
2308,"[[49]
 [48]
 [55]
 [50]
 [52]
 [56]]",4,meningioma,True,0,0.017616091,0,0,0,0.028897756983624606,0.0,0.0
2309,"[[49]
 [48]
 [55]
 [50]
 [52]
 [56]]",4,meningioma,False,0,0.012999309,0,0,0,0.0,0.0,0.0
2351,"[[49]
 [49]
 [49]
 [53]
 [51]
 [50]]",4,meningioma,True,0,0.015019254,0,0,0,0.0,0.0,0.0
2352,"[[49]
 [49]
 [49]
 [53]
 [51]
 [50]]",4,meningioma,True,0,0.0358326,0,0,0,0.0,0.0,0.0
2353,"[[49]
 [49]
 [49]
 [53]
 [51]
 [50]]",4,meningioma,True,0,0.07118544,0,0,0,0.010948905109489052,0.0,0.0
2355,"[[49]
 [49]
 [49]
 [53]
 [51]
 [50]]",4,meningioma,False,0,0.0032721276,0,0,0,0.0,0.0,0.0
2356,"[[49]
 [49]
 [49]
 [53]
 [51]
 [50]]",4,meningioma,False,0,0.0037016692,0,0,0,0.0,0.0,0.0
2361,"[[49]
 [49]
 [50]
 [48]
 [54]
 [50]]",4,meningioma,True,0,0.00431299,0,0,0,0.0,0.0,0.0
2362,"[[49]
 [49]
 [50]
 [48]
 [54]
 [50]]",4,meningioma,True,0,0.006110043,0,0,0,0.0,0.0,0.0
2363,"[[49]
 [49]
 [50]
 [48]
 [54]
 [50]]",4,meningioma,False,0,0.0022550593,0,0,0,0.0,0.0,0.0
2364,"[[49]
 [49]
 [50]
 [48]
 [54]
 [50]]",4,meningioma,True,0,0.012347808,0,0,0,0.0,0.0,0.0
2366,"[[49]
 [49]
 [50]
 [50]
 [53]
 [50]]",4,meningioma,True,0,0.0040039383,0,0,0,0.0002554278416347382,0.0,0.0
2367,"[[49]
 [49]
 [50]
 [50]
 [53]
 [50]]",4,meningioma,False,0,0.00032944034,0,0,0,0.0,0.0,0.0
2368,"[[49]
 [49]
 [50]
 [53]
 [53]
 [50]]",4,meningioma,False,0,0.00049703405,0,0,0,0.0,0.0,0.0
2369,"[[49]
 [49]
 [50]
 [53]
 [53]
 [50]]",4,meningioma,True,0,0.07464132,0,0,0,0.014677103718199608,0.0,0.0
2370,"[[49]
 [49]
 [50]
 [53]
 [53]
 [50]]",4,meningioma,False,0,0.00058337604,0,0,0,0.0,0.0,0.0
2371,"[[49]
 [49]
 [50]
 [53]
 [53]
 [50]]",4,meningioma,True,0,0.053301003,0,0,0,0.0,0.0,0.0
2372,"[[49]
 [49]
 [50]
 [53]
 [53]
 [50]]",4,meningioma,False,0,0.0021447605,0,0,0,0.0,0.0,0.0
2373,"[[49]
 [49]
 [50]
 [53]
 [53]
 [50]]",4,meningioma,True,0,0.015571504,0,0,0,0.0004437049362174154,0.0,0.0
2374,"[[49]
 [49]
 [50]
 [53]
 [53]
 [50]]",4,meningioma,True,0,0.026651632,0,0,0,0.009883720930232558,0.0,0.0
2452,"[[49]
 [48]
 [48]
 [53]
 [55]
 [50]]",4,meningioma,False,0,0.015635662,0,0,0,0.04647713226205192,0.014022787028921999,0.0
2453,"[[49]
 [48]
 [48]
 [53]
 [55]
 [50]]",4,meningioma,False,0,0.0070823594,0,0,0,0.0,0.0,0.0
2454,"[[49]
 [48]
 [52]
 [49]
 [54]
 [55]]",4,meningioma,True,0,0.06775106,0,0,0,0.17876344086021506,0.0,0.0
2465,"[[49]
 [48]
 [52]
 [49]
 [54]
 [55]]",4,meningioma,True,1,0.14319892,0,0,0,0.4794188861985472,0.6230234029095509,0.13060428849902533
2476,"[[49]
 [48]
 [52]
 [49]
 [54]
 [55]]",4,meningioma,True,1,0.04979811,0,0,1,0.06835404668081237,0.11952714535901926,0.080078125
2483,"[[49]
 [48]
 [50]
 [52]
 [52]
 [54]]",4,meningioma,True,0,0.002766347,0,0,0,0.0,0.0,0.0
2484,"[[49]
 [48]
 [50]
 [52]
 [52]
 [54]]",4,meningioma,True,0,0.0004485443,0,0,0,0.0,0.0,0.0
2487,"[[49]
 [48]
 [52]
 [49]
 [54]
 [55]]",4,meningioma,True,0,0.03343912,0,0,0,0.05325443786982249,0.0,0.0
2488,"[[49]
 [48]
 [50]
 [55]
 [49]
 [52]]",4,meningioma,False,0,0.0004066775,0,0,0,0.0,0.0,0.0
2489,"[[49]
 [48]
 [50]
 [55]
 [49]
 [52]]",4,meningioma,True,0,0.003678707,0,0,0,0.0,0.0,0.0
2490,"[[49]
 [48]
 [50]
 [55]
 [49]
 [52]]",4,meningioma,True,0,0.075240985,0,0,0,0.03801478352692714,0.0,0.0
2491,"[[49]
 [48]
 [50]
 [55]
 [49]
 [52]]",4,meningioma,False,0,0.011505415,0,0,0,0.0,0.0,0.0
2492,"[[49]
 [48]
 [50]
 [55]
 [49]
 [52]]",4,meningioma,False,0,0.0051893843,0,0,0,0.0,0.0,0.0
2516,"[[49]
 [48]
 [52]
 [49]
 [54]
 [55]]",4,meningioma,False,0,0.002123926,0,0,0,0.0,0.0,0.0
2517,"[[49]
 [48]
 [52]
 [49]
 [54]
 [55]]",4,meningioma,False,0,0.009453152,0,0,0,0.0,0.0,0.0
2518,"[[49]
 [48]
 [52]
 [49]
 [54]
 [55]]",4,meningioma,False,0,0.0027721997,0,0,0,0.0,0.0,0.0
2519,"[[49]
 [48]
 [52]
 [49]
 [54]
 [55]]",4,meningioma,False,0,0.0067469478,0,0,0,0.0,0.0,0.0
2520,"[[49]
 [48]
 [52]
 [49]
 [54]
 [55]]",4,meningioma,False,0,0.008842734,0,0,0,0.003496992586375717,0.0,0.0
2526,"[[49]
 [48]
 [52]
 [54]
 [57]
 [53]]",4,meningioma,True,0,0.008926133,0,0,0,0.0,0.0,0.0
2527,"[[49]
 [48]
 [52]
 [54]
 [57]
 [53]]",4,meningioma,True,0,0.02563224,0,0,0,0.0,0.0,0.0
2528,"[[49]
 [48]
 [52]
 [54]
 [57]
 [53]]",4,meningioma,True,0,0.011284388,0,0,0,0.0,0.0,0.0
2555,"[[49]
 [48]
 [54]
 [55]
 [50]
 [48]]",4,meningioma,True,1,0.23825754,0,0,0,0.23276752767527675,0.24059937800395817,0.0
2556,"[[49]
 [48]
 [54]
 [55]
 [50]
 [48]]",4,meningioma,True,0,0.05410503,0,0,0,0.0,0.0,0.0
2557,"[[49]
 [48]
 [54]
 [55]
 [50]
 [48]]",4,meningioma,True,0,0.02715197,0,0,0,0.0,0.0,0.0
2567,"[[49]
 [48]
 [55]
 [50]
 [52]
 [56]]",4,meningioma,True,0,0.010025281,0,0,0,0.0,0.0,0.0
2568,"[[49]
 [48]
 [55]
 [50]
 [52]
 [56]]",4,meningioma,True,0,0.005248661,0,0,0,0.0,0.0,0.0
2569,"[[49]
 [48]
 [55]
 [50]
 [52]
 [56]]",4,meningioma,True,0,0.0051697227,0,0,0,0.0,0.0,0.0
2570,"[[49]
 [48]
 [55]
 [50]
 [52]
 [56]]",4,meningioma,True,1,0.10281356,0,0,0,0.35861182519280205,0.21258503401360543,0.0
2571,"[[49]
 [48]
 [55]
 [50]
 [52]
 [56]]",4,meningioma,True,0,0.029795274,0,0,0,0.001710863986313088,0.0,0.0
2609,"[[53]
 [56]
 [51]
 [57]
 [50]]",4,pituitary,True,1,0.025007775,0,1,0,0.05898633454419651,0.05277401894451962,0.0
2613,"[[49]
 [49]
 [49]
 [53]
 [51]
 [50]]",4,meningioma,True,0,0.063031845,0,0,0,0.07731481481481481,0.0,0.0
2614,"[[49]
 [49]
 [49]
 [53]
 [51]
 [50]]",4,meningioma,True,0,0.04104659,0,0,0,0.002936857562408223,0.0,0.0
2615,"[[49]
 [49]
 [49]
 [53]
 [51]
 [50]]",4,meningioma,True,0,0.02260914,0,0,1,0.0,0.0,0.0
2620,"[[49]
 [48]
 [48]
 [53]
 [55]
 [50]]",4,meningioma,False,0,0.009697995,0,0,0,0.0,0.0,0.0
2625,"[[49]
 [49]
 [50]
 [48]
 [54]
 [50]]",4,meningioma,True,0,0.010530363,0,0,0,0.0,0.0,0.0
2626,"[[49]
 [49]
 [50]
 [48]
 [54]
 [50]]",4,meningioma,True,1,0.031476166,0,0,0,0.11601423487544484,0.051094890510948905,0.0
2627,"[[49]
 [49]
 [50]
 [48]
 [54]
 [50]]",4,meningioma,False,0,0.004034794,0,0,0,0.0,0.0,0.0
2628,"[[49]
 [49]
 [50]
 [50]
 [53]
 [50]]",4,meningioma,True,0,0.0018440334,0,0,0,0.0,0.0,0.0
2629,"[[49]
 [49]
 [50]
 [50]
 [53]
 [50]]",4,meningioma,False,0,0.0007628392,0,0,0,0.0,0.0,0.0
2630,"[[49]
 [49]
 [50]
 [53]
 [53]
 [50]]",4,meningioma,False,0,0.017964145,0,0,0,0.0,0.0,0.0
2631,"[[49]
 [49]
 [50]
 [53]
 [53]
 [50]]",4,meningioma,False,0,0.02556722,0,0,0,0.0,0.0,0.0
2633,"[[49]
 [49]
 [50]
 [53]
 [53]
 [50]]",4,meningioma,False,0,0.019398248,0,0,0,0.0,0.0,0.0
2634,"[[49]
 [49]
 [50]
 [53]
 [53]
 [50]]",4,meningioma,True,0,0.0856259,0,0,1,0.0,0.0,0.0
2635,"[[49]
 [49]
 [50]
 [53]
 [53]
 [50]]",4,meningioma,False,0,0.00059505634,1,0,0,0.0,0.0,0.0
2636,"[[49]
 [49]
 [50]
 [53]
 [53]
 [50]]",4,meningioma,False,0,0.004130564,0,0,0,0.0,0.0,0.0
2637,"[[49]
 [49]
 [50]
 [53]
 [53]
 [50]]",4,meningioma,True,0,0.016400982,0,0,0,0.0,0.0,0.0
2666,"[[49]
 [49]
 [51]
 [57]
 [55]
 [49]]",4,meningioma,False,0,0.009852599,0,0,0,0.022579244463742945,0.0,0.0
2667,"[[49]
 [49]
 [51]
 [57]
 [55]
 [49]]",4,meningioma,False,0,0.0017003617,0,0,0,0.0,0.0,0.0
2731,"[[49]
 [48]
 [48]
 [53]
 [55]
 [50]]",4,meningioma,False,0,0.028883172,0,0,0,0.007134363852556481,0.0,0.0
2752,"[[49]
 [48]
 [49]
 [48]
 [50]
 [48]]",4,glioma,False,0,0.016256474,0,0,0,0.0011092623405435386,0.0,0.0
2753,"[[49]
 [48]
 [49]
 [48]
 [50]
 [48]]",4,glioma,False,0,0.046596505,0,0,0,0.015838339705079193,0.0,0.0
2755,"[[49]
 [48]
 [49]
 [48]
 [50]
 [48]]",4,glioma,False,0,0.052977704,0,0,0,0.015011547344110854,0.0,0.0
2756,"[[49]
 [48]
 [49]
 [48]
 [50]
 [48]]",4,glioma,False,0,0.07516342,0,0,0,0.0583301563095692,0.0,0.0
2791,"[[49]
 [48]
 [49]
 [48]
 [50]
 [48]]",4,glioma,False,1,0.023913262,0,0,0,0.09045848822800495,0.0,0.0
2792,"[[49]
 [48]
 [49]
 [48]
 [50]
 [48]]",4,glioma,False,0,0.008232886,0,0,0,0.0,0.0,0.0
2793,"[[49]
 [48]
 [49]
 [48]
 [50]
 [48]]",4,glioma,False,0,0.018559573,0,0,0,0.0,0.0,0.0
2794,"[[49]
 [48]
 [49]
 [48]
 [50]
 [48]]",4,glioma,False,0,0.038470276,0,0,0,0.024173027989821884,0.0,0.0
2795,"[[49]
 [48]
 [49]
 [48]
 [50]
 [48]]",4,glioma,False,1,0.06300471,0,0,0,0.23641304347826086,0.11491442542787286,0.0
2796,"[[49]
 [48]
 [49]
 [48]
 [50]
 [48]]",4,glioma,False,0,0.047211237,0,0,0,0.06892477353288697,0.0,0.0
2797,"[[49]
 [48]
 [49]
 [48]
 [50]
 [48]]",4,glioma,True,0,0.0046562077,0,0,0,0.0,0.0,0.0
2799,"[[49]
 [48]
 [49]
 [48]
 [50]
 [48]]",4,glioma,False,0,0.015413298,0,0,0,0.01696969696969697,0.0,0.0
2841,"[[57]
 [48]
 [50]
 [56]
 [52]]",4,glioma,True,0,0.0014589826,0,0,0,0.0,0.0,0.0
2842,"[[49]
 [48]
 [48]
 [53]
 [55]
 [50]]",4,meningioma,False,0,0.0032769442,0,0,0,0.0,0.0,0.0
2843,"[[49]
 [48]
 [54]
 [55]
 [50]
 [48]]",4,meningioma,False,0,0.004654406,0,0,0,0.0,0.0,0.0
2844,"[[57]
 [48]
 [50]
 [56]
 [52]]",4,glioma,True,0,0.0018476221,0,0,1,0.0,0.0,0.0
2845,"[[57]
 [48]
 [50]
 [56]
 [52]]",4,glioma,True,0,0.0042744195,0,0,0,0.0,0.0,0.0
2846,"[[57]
 [48]
 [50]
 [56]
 [52]]",4,glioma,True,0,0.00796782,0,1,0,0.0,0.0,0.0
2847,"[[57]
 [48]
 [50]
 [56]
 [52]]",4,glioma,True,0,0.0019028261,0,0,0,0.0,0.0,0.0
2848,"[[57]
 [48]
 [50]
 [56]
 [52]]",4,glioma,False,0,0.018720342,0,1,0,0.0,0.0,0.0
2849,"[[57]
 [48]
 [50]
 [56]
 [52]]",4,glioma,True,0,0.00083590636,1,0,0,0.0,0.0,0.0
2850,"[[57]
 [48]
 [50]
 [56]
 [52]]",4,glioma,True,0,0.0008421673,0,0,0,0.0,0.0,0.0
2851,"[[57]
 [50]
 [56]
 [57]
 [55]]",4,glioma,False,0,0.0026796637,0,0,0,0.0,0.0,0.0
2852,"[[57]
 [50]
 [56]
 [57]
 [55]]",4,glioma,False,0,0.0010692538,0,0,0,0.0,0.0,0.0
2854,"[[49]
 [48]
 [54]
 [55]
 [50]
 [48]]",4,meningioma,False,0,0.0055011627,0,0,0,0.0,0.0,0.0
2865,"[[49]
 [48]
 [54]
 [55]
 [50]
 [48]]",4,meningioma,True,0,0.11928638,0,0,0,0.015851752623353428,0.0,0.0
2874,"[[49]
 [48]
 [49]
 [48]
 [50]
 [48]]",4,glioma,False,0,0.00020188467,0,0,0,0.0,0.0,0.0
2875,"[[49]
 [48]
 [49]
 [48]
 [50]
 [48]]",4,glioma,False,0,0.11302913,0,0,0,0.0007089684509039348,0.0,0.0
2876,"[[49]
 [48]
 [54]
 [55]
 [50]
 [48]]",4,meningioma,True,1,0.15696526,0,0,0,0.17138975155279504,0.09832338732594487,0.0
2877,"[[49]
 [48]
 [49]
 [48]
 [50]
 [48]]",4,glioma,False,0,0.01084145,0,0,0,0.0,0.0,0.0
2878,"[[49]
 [48]
 [49]
 [48]
 [50]
 [48]]",4,glioma,False,0,0.08224675,0,0,0,0.15080527086383602,0.0,0.0
2879,"[[49]
 [48]
 [49]
 [48]
 [50]
 [48]]",4,glioma,False,0,0.036404736,0,0,0,0.0031645569620253164,0.0,0.0
2880,"[[49]
 [48]
 [49]
 [48]
 [50]
 [48]]",4,glioma,True,0,0.004915583,0,0,0,0.000314911037631869,0.0,0.0
2881,"[[49]
 [48]
 [49]
 [51]
 [56]
 [52]]",4,glioma,False,0,0.009601363,0,0,0,0.0,0.0,0.0
2882,"[[49]
 [48]
 [49]
 [51]
 [56]
 [52]]",4,glioma,False,0,0.040240217,1,0,0,0.0,0.0,0.0
2883,"[[49]
 [48]
 [49]
 [51]
 [56]
 [52]]",4,glioma,True,0,0.0065739974,0,0,0,0.0,0.0,0.0
2887,"[[49]
 [48]
 [54]
 [55]
 [50]
 [48]]",4,meningioma,True,0,0.16663834,0,0,0,0.18661667147389674,0.0,0.0
2898,"[[49]
 [48]
 [54]
 [55]
 [50]
 [48]]",4,meningioma,True,0,0.16322999,0,0,0,0.2741687979539642,0.3812477198102882,0.0
2909,"[[49]
 [48]
 [54]
 [55]
 [50]
 [48]]",4,meningioma,True,0,0.06938163,0,0,0,0.09080762987012987,0.1362349610757254,0.033268101761252444
2921,"[[57]
 [48]
 [50]
 [56]
 [52]]",4,glioma,True,0,0.0010206715,0,0,0,0.0,0.0,0.0
2922,"[[57]
 [48]
 [50]
 [56]
 [52]]",4,glioma,False,0,0.0019099785,0,0,0,0.0,0.0,0.0
2923,"[[57]
 [48]
 [50]
 [56]
 [52]]",4,glioma,True,0,0.0013255326,0,0,0,0.0,0.0,0.0
2924,"[[57]
 [48]
 [50]
 [56]
 [52]]",4,glioma,True,0,0.005226056,0,0,0,0.0,0.0,0.0
2925,"[[57]
 [48]
 [50]
 [56]
 [52]]",4,glioma,True,0,0.005610043,0,0,0,0.0,0.0,0.0
2926,"[[57]
 [48]
 [50]
 [56]
 [52]]",4,glioma,False,0,0.016350875,0,0,0,0.0,0.0,0.0
2927,"[[57]
 [48]
 [50]
 [56]
 [52]]",4,glioma,False,0,0.00866527,0,0,0,0.0,0.0,0.0
2928,"[[57]
 [48]
 [50]
 [56]
 [52]]",4,glioma,True,0,0.01510463,0,0,0,0.0,0.0,0.0
2929,"[[57]
 [48]
 [50]
 [56]
 [52]]",4,glioma,True,0,0.0026711642,0,0,0,0.0,0.0,0.0
2930,"[[57]
 [48]
 [50]
 [56]
 [52]]",4,glioma,True,0,0.0029824448,0,0,0,0.0,0.0,0.0
2932,"[[57]
 [48]
 [50]
 [56]
 [52]]",4,glioma,True,0,0.0008395317,0,0,0,0.0,0.0,0.0
2933,"[[57]
 [50]
 [56]
 [57]
 [55]]",4,glioma,True,0,0.0051055807,0,0,0,0.0,0.0,0.0
2934,"[[57]
 [50]
 [56]
 [57]
 [55]]",4,glioma,True,0,0.014546598,0,0,0,0.0,0.0,0.0
2935,"[[57]
 [51]
 [51]
 [50]
 [57]]",4,glioma,True,0,0.010175473,0,0,0,0.0,0.0,0.0
2936,"[[57]
 [51]
 [51]
 [50]
 [57]]",4,glioma,True,0,0.021483637,1,0,0,0.0,0.0,0.0
2937,"[[57]
 [51]
 [51]
 [50]
 [57]]",4,glioma,True,0,0.041757405,0,0,0,0.0513416099319183,0.0,0.0
2938,"[[57]
 [51]
 [51]
 [50]
 [57]]",4,glioma,True,0,0.014998209,0,0,0,0.0,0.0,0.0
2939,"[[57]
 [51]
 [51]
 [50]
 [57]]",4,glioma,True,0,0.024951048,0,0,0,0.01845396760303465,0.0,0.0
2945,"[[57]
 [52]
 [55]
 [51]
 [49]]",4,glioma,True,0,0.0026841261,0,0,0,0.0,0.0,0.0
2946,"[[57]
 [52]
 [55]
 [51]
 [49]]",4,glioma,True,0,0.0008327401,0,0,0,0.0,0.0,0.0
2947,"[[57]
 [52]
 [55]
 [51]
 [49]]",4,glioma,True,0,0.00245419,0,0,0,0.0,0.0,0.0
2948,"[[57]
 [53]
 [49]
 [52]
 [50]]",4,glioma,False,0,0.0076903766,0,0,0,0.0,0.0,0.0
2949,"[[57]
 [53]
 [49]
 [52]
 [50]]",4,glioma,False,0,0.013113398,0,0,0,0.0035959463877084014,0.0,0.0
2950,"[[57]
 [53]
 [49]
 [52]
 [50]]",4,glioma,False,0,0.0035550692,0,0,0,0.0,0.0,0.0
2951,"[[57]
 [53]
 [49]
 [52]
 [50]]",4,glioma,False,0,0.046612788,0,0,0,0.02403058438012015,0.0,0.0
2952,"[[57]
 [53]
 [49]
 [52]
 [50]]",4,glioma,True,0,0.0074680718,0,0,0,0.0,0.0,0.0
2955,"[[57]
 [53]
 [49]
 [52]
 [50]]",4,glioma,True,0,0.013207465,0,0,0,0.0,0.0,0.0
2956,"[[57]
 [53]
 [49]
 [52]
 [50]]",4,glioma,True,0,0.010658446,0,0,1,0.0,0.0,0.0
2957,"[[57]
 [53]
 [49]
 [52]
 [50]]",4,glioma,True,0,0.015790526,0,0,0,0.0,0.0,0.0
2958,"[[57]
 [53]
 [49]
 [52]
 [50]]",4,glioma,True,0,0.017526243,0,0,0,0.0,0.0,0.0
2959,"[[57]
 [54]
 [53]
 [56]
 [55]]",4,glioma,False,0,0.016355556,0,0,0,0.0,0.0,0.0
2960,"[[57]
 [54]
 [53]
 [56]
 [55]]",4,glioma,False,0,0.010645616,0,0,0,0.0,0.0,0.0
2961,"[[57]
 [54]
 [53]
 [56]
 [55]]",4,glioma,False,0,0.04417591,0,0,0,0.0,0.0,0.0
2962,"[[57]
 [54]
 [53]
 [56]
 [55]]",4,glioma,False,0,0.042970903,0,0,0,0.0,0.0,0.0
2968,"[[57]
 [56]
 [56]
 [56]
 [57]]",4,glioma,True,0,0.00052274443,0,0,0,0.0,0.0,0.0
2969,"[[57]
 [56]
 [56]
 [56]
 [57]]",4,glioma,True,0,0.0051923324,0,1,0,0.0,0.0,0.0
2970,"[[57]
 [56]
 [56]
 [56]
 [57]]",4,glioma,True,0,0.006021318,0,1,0,0.0,0.0,0.0
2971,"[[57]
 [56]
 [56]
 [56]
 [57]]",4,glioma,True,0,0.025276989,0,1,0,0.0,0.0,0.0
2972,"[[57]
 [56]
 [56]
 [56]
 [57]]",4,glioma,True,0,0.010831922,1,1,0,0.0,0.0,0.0
2973,"[[57]
 [56]
 [56]
 [56]
 [57]]",4,glioma,True,0,0.0103872195,0,1,0,0.0,0.0,0.0
2987,"[[49]
 [48]
 [55]
 [50]
 [52]
 [56]]",4,meningioma,True,0,0.033991396,0,0,0,0.06220095693779904,0.0,0.0
2998,"[[49]
 [48]
 [55]
 [50]
 [52]
 [56]]",4,meningioma,False,0,0.0031980462,0,0,0,0.0,0.0,0.0
3009,"[[49]
 [48]
 [55]
 [50]
 [52]
 [56]]",4,meningioma,False,0,0.013396622,0,0,0,0.0,0.0,0.0
3015,"[[49]
 [48]
 [56]
 [57]
 [51]
 [49]]",4,pituitary,True,0,0.0051627755,0,0,0,0.0,0.0,0.0
3016,"[[49]
 [48]
 [56]
 [57]
 [51]
 [49]]",4,pituitary,True,0,0.0062518436,0,0,0,0.0,0.0,0.0
3017,"[[49]
 [48]
 [56]
 [57]
 [51]
 [49]]",4,pituitary,True,0,0.012244067,0,0,0,0.0,0.0,0.0
3020,"[[49]
 [48]
 [55]
 [50]
 [52]
 [56]]",4,meningioma,False,0,0.0027881875,0,0,0,0.0,0.0,0.0
3031,"[[49]
 [48]
 [55]
 [50]
 [52]
 [56]]",4,meningioma,True,0,0.006645642,0,0,0,0.0,0.0,0.0
3034,"[[49]
 [49]
 [48]
 [53]
 [49]
 [56]]",4,pituitary,False,0,2.7109889e-05,0,0,0,0.0,0.0,0.0
3035,"[[49]
 [49]
 [48]
 [53]
 [49]
 [56]]",4,pituitary,False,0,1.677926e-05,0,0,0,0.0,0.0,0.0
3042,"[[49]
 [48]
 [55]
 [50]
 [52]
 [56]]",4,meningioma,False,0,0.00013110448,0,0,0,0.0,0.0,0.0
