path,true_class,excluded_as_duplicate
"/kaggle/input/datasets/souaadrahmoun/brnetval/Multi-Class Brain Tumor MRI Dataset Glioma, Health/Brain Cancer MRI Dataset/Brain Cancer MRI Dataset/Brain Cancer MRI Dataset/Glioma/1.jpg",glioma,True
"/kaggle/input/datasets/souaadrahmoun/brnetval/Multi-Class Brain Tumor MRI Dataset Glioma, Health/Brain Cancer MRI Dataset/Brain Cancer MRI Dataset/Brain Cancer MRI Dataset/Glioma/100.jpg",glioma,True
"/kaggle/input/datasets/souaadrahmoun/brnetval/Multi-Class Brain Tumor MRI Dataset Glioma, Health/Brain Cancer MRI Dataset/Brain Cancer MRI Dataset/Brain Cancer MRI Dataset/Glioma/102.jpg",glioma,False
"/kaggle/input/datasets/souaadrahmoun/brnetval/Multi-Class Brain Tumor MRI Dataset Glioma, Health/Brain Cancer MRI Dataset/Brain Cancer MRI Dataset/Brain Cancer MRI Dataset/Glioma/103.jpg",glioma,False
"/kaggle/input/datasets/souaadrahmoun/brnetval/Multi-Class Brain Tumor MRI Dataset Glioma, Health/Brain Cancer MRI Dataset/Brain Cancer MRI Dataset/Brain Cancer MRI Dataset/Glioma/104.jpg",glioma,False
"/kaggle/input/datasets/souaadrahmoun/brnetval/Multi-Class Brain Tumor MRI Dataset Glioma, Health/Brain Cancer MRI Dataset/Brain Cancer MRI Dataset/Brain Cancer MRI Dataset/Glioma/105.jpg",glioma,True
"/kaggle/input/datasets/souaadrahmoun/brnetval/Multi-Class Brain Tumor MRI Dataset Glioma, Health/Brain Cancer MRI Dataset/Brain Cancer MRI Dataset/Brain Cancer MRI Dataset/Glioma/106.jpg",glioma,True
"/kaggle/input/datasets/souaadrahmoun/brnetval/Multi-Class Brain Tumor MRI Dataset Glioma, Health/Brain Cancer MRI Dataset/Brain Cancer MRI Dataset/Brain Cancer MRI Dataset/Glioma/107.jpg",glioma,True
"/kaggle/input/datasets/souaadrahmoun/brnetval/Multi-Class Brain Tumor MRI Dataset Glioma, Health/Brain Cancer MRI Dataset/Brain Cancer MRI Dataset/Brain Cancer MRI Dataset/Glioma/108.jpg",glioma,True
"/kaggle/input/datasets/souaadrahmoun/brnetval/Multi-Class Brain Tumor MRI Dataset Glioma, Health/Brain Cancer MRI Dataset/Brain Cancer MRI Dataset/Brain Cancer MRI Dataset/Glioma/109.jpg",glioma,False
"/kaggle/input/datasets/souaadrahmoun/brnetval/Multi-Class Brain Tumor MRI Dataset Glioma, Health/Brain Cancer MRI Dataset/Brain Cancer MRI Dataset/Brain Cancer MRI Dataset/Glioma/11.jpg",glioma,True
"/kaggle/input/datasets/souaadrahmoun/brnetval/Multi-Class Brain Tumor MRI Dataset Glioma, Health/Brain Cancer MRI Dataset/Brain Cancer MRI Dataset/Brain Cancer MRI Dataset/Glioma/110.jpg",glioma,True
"/kaggle/input/datasets/souaadrahmoun/brnetval/Multi-Class Brain Tumor MRI Dataset Glioma, Health/Brain Cancer MRI Dataset/Brain Cancer MRI Dataset/Brain Cancer MRI Dataset/Glioma/111.jpg",glioma,False
"/kaggle/input/datasets/souaadrahmoun/brnetval/Multi-Class Brain Tumor MRI Dataset Glioma, Health/Brain Cancer MRI Dataset/Brain Cancer MRI Dataset/Brain Cancer MRI Dataset/Glioma/112.jpg",glioma,True
"/kaggle/input/datasets/souaadrahmoun/brnetval/Multi-Class Brain Tumor MRI Dataset Glioma, Health/Brain Cancer MRI Dataset/Brain Cancer MRI Dataset/Brain Cancer MRI Dataset/Glioma/113.jpg",glioma,True
"/kaggle/input/datasets/souaadrahmoun/brnetval/Multi-Class Brain Tumor MRI Dataset Glioma, Health/Brain Cancer MRI Dataset/Brain Cancer MRI Dataset/Brain Cancer MRI Dataset/Glioma/114.jpg",glioma,True
"/kaggle/input/datasets/souaadrahmoun/brnetval/Multi-Class Brain Tumor MRI Dataset Glioma, Health/Brain Cancer MRI Dataset/Brain Cancer MRI Dataset/Brain Cancer MRI Dataset/Glioma/115.jpg",glioma,False
"/kaggle/input/datasets/souaadrahmoun/brnetval/Multi-Class Brain Tumor MRI Dataset Glioma, Health/Brain Cancer MRI Dataset/Brain Cancer MRI Dataset/Brain Cancer MRI Dataset/Glioma/116.jpg",glioma,True
"/kaggle/input/datasets/souaadrahmoun/brnetval/Multi-Class Brain Tumor MRI Dataset Glioma, Health/Brain Cancer MRI Dataset/Brain Cancer MRI Dataset/Brain Cancer MRI Dataset/Glioma/117.jpg",glioma,True
"/kaggle/input/datasets/souaadrahmoun/brnetval/Multi-Class Brain Tumor MRI Dataset Glioma, Health/Brain Cancer MRI Dataset/Brain Cancer MRI Dataset/Brain Cancer MRI Dataset/Glioma/118.jpg",glioma,True
"/kaggle/input/datasets/souaadrahmoun/brnetval/Multi-Class Brain Tumor MRI Dataset Glioma, Health/Brain Cancer MRI Dataset/Brain Cancer MRI Dataset/Brain Cancer MRI Dataset/Glioma/119.jpg",glioma,False
"/kaggle/input/datasets/souaadrahmoun/brnetval/Multi-Class Brain Tumor MRI Dataset Glioma, Health/Brain Cancer MRI Dataset/Brain Cancer MRI Dataset/Brain Cancer MRI Dataset/Glioma/12.jpg",glioma,True
"/kaggle/input/datasets/souaadrahmoun/brnetval/Multi-Class Brain Tumor MRI Dataset Glioma, Health/Brain Cancer MRI Dataset/Brain Cancer MRI Dataset/Brain Cancer MRI Dataset/Glioma/120.jpg",glioma,True
"/kaggle/input/datasets/souaadrahmoun/brnetval/Multi-Class Brain Tumor MRI Dataset Glioma, Health/Brain Cancer MRI Dataset/Brain Cancer MRI Dataset/Brain Cancer MRI Dataset/Glioma/121.jpg",glioma,False
"/kaggle/input/datasets/souaadrahmoun/brnetval/Multi-Class Brain Tumor MRI Dataset Glioma, Health/Brain Cancer MRI Dataset/Brain Cancer MRI Dataset/Brain Cancer MRI Dataset/Glioma/122.jpg",glioma,True
"/kaggle/input/datasets/souaadrahmoun/brnetval/Multi-Class Brain Tumor MRI Dataset Glioma, Health/Brain Cancer MRI Dataset/Brain Cancer MRI Dataset/Brain Cancer MRI Dataset/Glioma/123.jpg",glioma,True
"/kaggle/input/datasets/souaadrahmoun/brnetval/Multi-Class Brain Tumor MRI Dataset Glioma, Health/Brain Cancer MRI Dataset/Brain Cancer MRI Dataset/Brain Cancer MRI Dataset/Glioma/124.jpg",glioma,True
"/kaggle/input/datasets/souaadrahmoun/brnetval/Multi-Class Brain Tumor MRI Dataset Glioma, Health/Brain Cancer MRI Dataset/Brain Cancer MRI Dataset/Brain Cancer MRI Dataset/Glioma/125.jpg",glioma,False
"/kaggle/input/datasets/souaadrahmoun/brnetval/Multi-Class Brain Tumor MRI Dataset Glioma, Health/Brain Cancer MRI Dataset/Brain Cancer MRI Dataset/Brain Cancer MRI Dataset/Glioma/126.jpg",glioma,False
"/kaggle/input/datasets/souaadrahmoun/brnetval/Multi-Class Brain Tumor MRI Dataset Glioma, Health/Brain Cancer MRI Dataset/Brain Cancer MRI Dataset/Brain Cancer MRI Dataset/Glioma/127.jpg",glioma,True
"/kaggle/input/datasets/souaadrahmoun/brnetval/Multi-Class Brain Tumor MRI Dataset Glioma, Health/Brain Cancer MRI Dataset/Brain Cancer MRI Dataset/Brain Cancer MRI Dataset/Glioma/128.jpg",glioma,False
"/kaggle/input/datasets/souaadrahmoun/brnetval/Multi-Class Brain Tumor MRI Dataset Glioma, Health/Brain Cancer MRI Dataset/Brain Cancer MRI Dataset/Brain Cancer MRI Dataset/Glioma/129.jpg",glioma,False
"/kaggle/input/datasets/souaadrahmoun/brnetval/Multi-Class Brain Tumor MRI Dataset Glioma, Health/Brain Cancer MRI Dataset/Brain Cancer MRI Dataset/Brain Cancer MRI Dataset/Glioma/13.jpg",glioma,False
"/kaggle/input/datasets/souaadrahmoun/brnetval/Multi-Class Brain Tumor MRI Dataset Glioma, Health/Brain Cancer MRI Dataset/Brain Cancer MRI Dataset/Brain Cancer MRI Dataset/Glioma/130.jpg",glioma,True
"/kaggle/input/datasets/souaadrahmoun/brnetval/Multi-Class Brain Tumor MRI Dataset Glioma, Health/Brain Cancer MRI Dataset/Brain Cancer MRI Dataset/Brain Cancer MRI Dataset/Glioma/131.jpg",glioma,True
"/kaggle/input/datasets/souaadrahmoun/brnetval/Multi-Class Brain Tumor MRI Dataset Glioma, Health/Brain Cancer MRI Dataset/Brain Cancer MRI Dataset/Brain Cancer MRI Dataset/Glioma/132.jpg",glioma,True
"/kaggle/input/datasets/souaadrahmoun/brnetval/Multi-Class Brain Tumor MRI Dataset Glioma, Health/Brain Cancer MRI Dataset/Brain Cancer MRI Dataset/Brain Cancer MRI Dataset/Glioma/133.jpg",glioma,True
"/kaggle/input/datasets/souaadrahmoun/brnetval/Multi-Class Brain Tumor MRI Dataset Glioma, Health/Brain Cancer MRI Dataset/Brain Cancer MRI Dataset/Brain Cancer MRI Dataset/Glioma/134.jpg",glioma,False
"/kaggle/input/datasets/souaadrahmoun/brnetval/Multi-Class Brain Tumor MRI Dataset Glioma, Health/Brain Cancer MRI Dataset/Brain Cancer MRI Dataset/Brain Cancer MRI Dataset/Glioma/135.jpg",glioma,True
"/kaggle/input/datasets/souaadrahmoun/brnetval/Multi-Class Brain Tumor MRI Dataset Glioma, Health/Brain Cancer MRI Dataset/Brain Cancer MRI Dataset/Brain Cancer MRI Dataset/Glioma/136.jpg",glioma,False
"/kaggle/input/datasets/souaadrahmoun/brnetval/Multi-Class Brain Tumor MRI Dataset Glioma, Health/Brain Cancer MRI Dataset/Brain Cancer MRI Dataset/Brain Cancer MRI Dataset/Glioma/137.jpg",glioma,True
"/kaggle/input/datasets/souaadrahmoun/brnetval/Multi-Class Brain Tumor MRI Dataset Glioma, Health/Brain Cancer MRI Dataset/Brain Cancer MRI Dataset/Brain Cancer MRI Dataset/Glioma/138.jpg",glioma,False
"/kaggle/input/datasets/souaadrahmoun/brnetval/Multi-Class Brain Tumor MRI Dataset Glioma, Health/Brain Cancer MRI Dataset/Brain Cancer MRI Dataset/Brain Cancer MRI Dataset/Glioma/139.jpg",glioma,True
"/kaggle/input/datasets/souaadrahmoun/brnetval/Multi-Class Brain Tumor MRI Dataset Glioma, Health/Brain Cancer MRI Dataset/Brain Cancer MRI Dataset/Brain Cancer MRI Dataset/Glioma/14.jpg",glioma,True
"/kaggle/input/datasets/souaadrahmoun/brnetval/Multi-Class Brain Tumor MRI Dataset Glioma, Health/Brain Cancer MRI Dataset/Brain Cancer MRI Dataset/Brain Cancer MRI Dataset/Glioma/140.jpg",glioma,True
"/kaggle/input/datasets/souaadrahmoun/brnetval/Multi-Class Brain Tumor MRI Dataset Glioma, Health/Brain Cancer MRI Dataset/Brain Cancer MRI Dataset/Brain Cancer MRI Dataset/Glioma/141.jpg",glioma,True
"/kaggle/input/datasets/souaadrahmoun/brnetval/Multi-Class Brain Tumor MRI Dataset Glioma, Health/Brain Cancer MRI Dataset/Brain Cancer MRI Dataset/Brain Cancer MRI Dataset/Glioma/142.jpg",glioma,True
"/kaggle/input/datasets/souaadrahmoun/brnetval/Multi-Class Brain Tumor MRI Dataset Glioma, Health/Brain Cancer MRI Dataset/Brain Cancer MRI Dataset/Brain Cancer MRI Dataset/Glioma/143.jpg",glioma,True
"/kaggle/input/datasets/souaadrahmoun/brnetval/Multi-Class Brain Tumor MRI Dataset Glioma, Health/Brain Cancer MRI Dataset/Brain Cancer MRI Dataset/Brain Cancer MRI Dataset/Glioma/144.jpg",glioma,True
"/kaggle/input/datasets/souaadrahmoun/brnetval/Multi-Class Brain Tumor MRI Dataset Glioma, Health/Brain Cancer MRI Dataset/Brain Cancer MRI Dataset/Brain Cancer MRI Dataset/Glioma/145.jpg",glioma,False
"/kaggle/input/datasets/souaadrahmoun/brnetval/Multi-Class Brain Tumor MRI Dataset Glioma, Health/Brain Cancer MRI Dataset/Brain Cancer MRI Dataset/Brain Cancer MRI Dataset/Glioma/146.jpg",glioma,False
"/kaggle/input/datasets/souaadrahmoun/brnetval/Multi-Class Brain Tumor MRI Dataset Glioma, Health/Brain Cancer MRI Dataset/Brain Cancer MRI Dataset/Brain Cancer MRI Dataset/Glioma/147.jpg",glioma,False
"/kaggle/input/datasets/souaadrahmoun/brnetval/Multi-Class Brain Tumor MRI Dataset Glioma, Health/Brain Cancer MRI Dataset/Brain Cancer MRI Dataset/Brain Cancer MRI Dataset/Glioma/148.jpg",glioma,True
"/kaggle/input/datasets/souaadrahmoun/brnetval/Multi-Class Brain Tumor MRI Dataset Glioma, Health/Brain Cancer MRI Dataset/Brain Cancer MRI Dataset/Brain Cancer MRI Dataset/Glioma/149.jpg",glioma,True
"/kaggle/input/datasets/souaadrahmoun/brnetval/Multi-Class Brain Tumor MRI Dataset Glioma, Health/Brain Cancer MRI Dataset/Brain Cancer MRI Dataset/Brain Cancer MRI Dataset/Glioma/15.jpg",glioma,True
"/kaggle/input/datasets/souaadrahmoun/brnetval/Multi-Class Brain Tumor MRI Dataset Glioma, Health/Brain Cancer MRI Dataset/Brain Cancer MRI Dataset/Brain Cancer MRI Dataset/Glioma/150.jpg",glioma,False
"/kaggle/input/datasets/souaadrahmoun/brnetval/Multi-Class Brain Tumor MRI Dataset Glioma, Health/Brain Cancer MRI Dataset/Brain Cancer MRI Dataset/Brain Cancer MRI Dataset/Glioma/151.jpg",glioma,True
"/kaggle/input/datasets/souaadrahmoun/brnetval/Multi-Class Brain Tumor MRI Dataset Glioma, Health/Brain Cancer MRI Dataset/Brain Cancer MRI Dataset/Brain Cancer MRI Dataset/Glioma/152.jpg",glioma,False
"/kaggle/input/datasets/souaadrahmoun/brnetval/Multi-Class Brain Tumor MRI Dataset Glioma, Health/Brain Cancer MRI Dataset/Brain Cancer MRI Dataset/Brain Cancer MRI Dataset/Glioma/153.jpg",glioma,True
"/kaggle/input/datasets/souaadrahmoun/brnetval/Multi-Class Brain Tumor MRI Dataset Glioma, Health/Brain Cancer MRI Dataset/Brain Cancer MRI Dataset/Brain Cancer MRI Dataset/Glioma/154.jpg",glioma,False
"/kaggle/input/datasets/souaadrahmoun/brnetval/Multi-Class Brain Tumor MRI Dataset Glioma, Health/Brain Cancer MRI Dataset/Brain Cancer MRI Dataset/Brain Cancer MRI Dataset/Glioma/155.jpg",glioma,False
"/kaggle/input/datasets/souaadrahmoun/brnetval/Multi-Class Brain Tumor MRI Dataset Glioma, Health/Brain Cancer MRI Dataset/Brain Cancer MRI Dataset/Brain Cancer MRI Dataset/Glioma/156.jpg",glioma,False
"/kaggle/input/datasets/souaadrahmoun/brnetval/Multi-Class Brain Tumor MRI Dataset Glioma, Health/Brain Cancer MRI Dataset/Brain Cancer MRI Dataset/Brain Cancer MRI Dataset/Glioma/157.jpg",glioma,True
"/kaggle/input/datasets/souaadrahmoun/brnetval/Multi-Class Brain Tumor MRI Dataset Glioma, Health/Brain Cancer MRI Dataset/Brain Cancer MRI Dataset/Brain Cancer MRI Dataset/Glioma/158.jpg",glioma,False
"/kaggle/input/datasets/souaadrahmoun/brnetval/Multi-Class Brain Tumor MRI Dataset Glioma, Health/Brain Cancer MRI Dataset/Brain Cancer MRI Dataset/Brain Cancer MRI Dataset/Glioma/159.jpg",glioma,True
"/kaggle/input/datasets/souaadrahmoun/brnetval/Multi-Class Brain Tumor MRI Dataset Glioma, Health/Brain Cancer MRI Dataset/Brain Cancer MRI Dataset/Brain Cancer MRI Dataset/Glioma/16.jpg",glioma,True
"/kaggle/input/datasets/souaadrahmoun/brnetval/Multi-Class Brain Tumor MRI Dataset Glioma, Health/Brain Cancer MRI Dataset/Brain Cancer MRI Dataset/Brain Cancer MRI Dataset/Glioma/160.jpg",glioma,True
"/kaggle/input/datasets/souaadrahmoun/brnetval/Multi-Class Brain Tumor MRI Dataset Glioma, Health/Brain Cancer MRI Dataset/Brain Cancer MRI Dataset/Brain Cancer MRI Dataset/Glioma/161.jpg",glioma,True
"/kaggle/input/datasets/souaadrahmoun/brnetval/Multi-Class Brain Tumor MRI Dataset Glioma, Health/Brain Cancer MRI Dataset/Brain Cancer MRI Dataset/Brain Cancer MRI Dataset/Glioma/162.jpg",glioma,False
"/kaggle/input/datasets/souaadrahmoun/brnetval/Multi-Class Brain Tumor MRI Dataset Glioma, Health/Brain Cancer MRI Dataset/Brain Cancer MRI Dataset/Brain Cancer MRI Dataset/Glioma/163.jpg",glioma,True
"/kaggle/input/datasets/souaadrahmoun/brnetval/Multi-Class Brain Tumor MRI Dataset Glioma, Health/Brain Cancer MRI Dataset/Brain Cancer MRI Dataset/Brain Cancer MRI Dataset/Glioma/164.jpg",glioma,True
"/kaggle/input/datasets/souaadrahmoun/brnetval/Multi-Class Brain Tumor MRI Dataset Glioma, Health/Brain Cancer MRI Dataset/Brain Cancer MRI Dataset/Brain Cancer MRI Dataset/Glioma/165.jpg",glioma,False
"/kaggle/input/datasets/souaadrahmoun/brnetval/Multi-Class Brain Tumor MRI Dataset Glioma, Health/Brain Cancer MRI Dataset/Brain Cancer MRI Dataset/Brain Cancer MRI Dataset/Glioma/166.jpg",glioma,False
"/kaggle/input/datasets/souaadrahmoun/brnetval/Multi-Class Brain Tumor MRI Dataset Glioma, Health/Brain Cancer MRI Dataset/Brain Cancer MRI Dataset/Brain Cancer MRI Dataset/Glioma/167.jpg",glioma,True
"/kaggle/input/datasets/souaadrahmoun/brnetval/Multi-Class Brain Tumor MRI Dataset Glioma, Health/Brain Cancer MRI Dataset/Brain Cancer MRI Dataset/Brain Cancer MRI Dataset/Glioma/168.jpg",glioma,False
"/kaggle/input/datasets/souaadrahmoun/brnetval/Multi-Class Brain Tumor MRI Dataset Glioma, Health/Brain Cancer MRI Dataset/Brain Cancer MRI Dataset/Brain Cancer MRI Dataset/Glioma/169.jpg",glioma,True
"/kaggle/input/datasets/souaadrahmoun/brnetval/Multi-Class Brain Tumor MRI Dataset Glioma, Health/Brain Cancer MRI Dataset/Brain Cancer MRI Dataset/Brain Cancer MRI Dataset/Glioma/17.jpg",glioma,False
"/kaggle/input/datasets/souaadrahmoun/brnetval/Multi-Class Brain Tumor MRI Dataset Glioma, Health/Brain Cancer MRI Dataset/Brain Cancer MRI Dataset/Brain Cancer MRI Dataset/Glioma/170.jpg",glioma,True
"/kaggle/input/datasets/souaadrahmoun/brnetval/Multi-Class Brain Tumor MRI Dataset Glioma, Health/Brain Cancer MRI Dataset/Brain Cancer MRI Dataset/Brain Cancer MRI Dataset/Glioma/171.jpg",glioma,True
"/kaggle/input/datasets/souaadrahmoun/brnetval/Multi-Class Brain Tumor MRI Dataset Glioma, Health/Brain Cancer MRI Dataset/Brain Cancer MRI Dataset/Brain Cancer MRI Dataset/Glioma/172.jpg",glioma,True
"/kaggle/input/datasets/souaadrahmoun/brnetval/Multi-Class Brain Tumor MRI Dataset Glioma, Health/Brain Cancer MRI Dataset/Brain Cancer MRI Dataset/Brain Cancer MRI Dataset/Glioma/173.jpg",glioma,False
"/kaggle/input/datasets/souaadrahmoun/brnetval/Multi-Class Brain Tumor MRI Dataset Glioma, Health/Brain Cancer MRI Dataset/Brain Cancer MRI Dataset/Brain Cancer MRI Dataset/Glioma/174.jpg",glioma,True
"/kaggle/input/datasets/souaadrahmoun/brnetval/Multi-Class Brain Tumor MRI Dataset Glioma, Health/Brain Cancer MRI Dataset/Brain Cancer MRI Dataset/Brain Cancer MRI Dataset/Glioma/175.jpg",glioma,True
"/kaggle/input/datasets/souaadrahmoun/brnetval/Multi-Class Brain Tumor MRI Dataset Glioma, Health/Brain Cancer MRI Dataset/Brain Cancer MRI Dataset/Brain Cancer MRI Dataset/Glioma/176.jpg",glioma,False
"/kaggle/input/datasets/souaadrahmoun/brnetval/Multi-Class Brain Tumor MRI Dataset Glioma, Health/Brain Cancer MRI Dataset/Brain Cancer MRI Dataset/Brain Cancer MRI Dataset/Glioma/177.jpg",glioma,True
"/kaggle/input/datasets/souaadrahmoun/brnetval/Multi-Class Brain Tumor MRI Dataset Glioma, Health/Brain Cancer MRI Dataset/Brain Cancer MRI Dataset/Brain Cancer MRI Dataset/Glioma/178.jpg",glioma,False
"/kaggle/input/datasets/souaadrahmoun/brnetval/Multi-Class Brain Tumor MRI Dataset Glioma, Health/Brain Cancer MRI Dataset/Brain Cancer MRI Dataset/Brain Cancer MRI Dataset/Glioma/179.jpg",glioma,True
"/kaggle/input/datasets/souaadrahmoun/brnetval/Multi-Class Brain Tumor MRI Dataset Glioma, Health/Brain Cancer MRI Dataset/Brain Cancer MRI Dataset/Brain Cancer MRI Dataset/Glioma/18.jpg",glioma,False
"/kaggle/input/datasets/souaadrahmoun/brnetval/Multi-Class Brain Tumor MRI Dataset Glioma, Health/Brain Cancer MRI Dataset/Brain Cancer MRI Dataset/Brain Cancer MRI Dataset/Glioma/180.jpg",glioma,True
"/kaggle/input/datasets/souaadrahmoun/brnetval/Multi-Class Brain Tumor MRI Dataset Glioma, Health/Brain Cancer MRI Dataset/Brain Cancer MRI Dataset/Brain Cancer MRI Dataset/Glioma/181.jpg",glioma,True
"/kaggle/input/datasets/souaadrahmoun/brnetval/Multi-Class Brain Tumor MRI Dataset Glioma, Health/Brain Cancer MRI Dataset/Brain Cancer MRI Dataset/Brain Cancer MRI Dataset/Glioma/182.jpg",glioma,True
"/kaggle/input/datasets/souaadrahmoun/brnetval/Multi-Class Brain Tumor MRI Dataset Glioma, Health/Brain Cancer MRI Dataset/Brain Cancer MRI Dataset/Brain Cancer MRI Dataset/Glioma/183.jpg",glioma,False
"/kaggle/input/datasets/souaadrahmoun/brnetval/Multi-Class Brain Tumor MRI Dataset Glioma, Health/Brain Cancer MRI Dataset/Brain Cancer MRI Dataset/Brain Cancer MRI Dataset/Glioma/184.jpg",glioma,False
"/kaggle/input/datasets/souaadrahmoun/brnetval/Multi-Class Brain Tumor MRI Dataset Glioma, Health/Brain Cancer MRI Dataset/Brain Cancer MRI Dataset/Brain Cancer MRI Dataset/Glioma/185.jpg",glioma,True
"/kaggle/input/datasets/souaadrahmoun/brnetval/Multi-Class Brain Tumor MRI Dataset Glioma, Health/Brain Cancer MRI Dataset/Brain Cancer MRI Dataset/Brain Cancer MRI Dataset/Glioma/186.jpg",glioma,False
"/kaggle/input/datasets/souaadrahmoun/brnetval/Multi-Class Brain Tumor MRI Dataset Glioma, Health/Brain Cancer MRI Dataset/Brain Cancer MRI Dataset/Brain Cancer MRI Dataset/Glioma/187.jpg",glioma,False
"/kaggle/input/datasets/souaadrahmoun/brnetval/Multi-Class Brain Tumor MRI Dataset Glioma, Health/Brain Cancer MRI Dataset/Brain Cancer MRI Dataset/Brain Cancer MRI Dataset/Glioma/188.jpg",glioma,True
"/kaggle/input/datasets/souaadrahmoun/brnetval/Multi-Class Brain Tumor MRI Dataset Glioma, Health/Brain Cancer MRI Dataset/Brain Cancer MRI Dataset/Brain Cancer MRI Dataset/Glioma/189.jpg",glioma,True
"/kaggle/input/datasets/souaadrahmoun/brnetval/Multi-Class Brain Tumor MRI Dataset Glioma, Health/Brain Cancer MRI Dataset/Brain Cancer MRI Dataset/Brain Cancer MRI Dataset/Glioma/19.jpg",glioma,True
"/kaggle/input/datasets/souaadrahmoun/brnetval/Multi-Class Brain Tumor MRI Dataset Glioma, Health/Brain Cancer MRI Dataset/Brain Cancer MRI Dataset/Brain Cancer MRI Dataset/Glioma/190.jpg",glioma,True
"/kaggle/input/datasets/souaadrahmoun/brnetval/Multi-Class Brain Tumor MRI Dataset Glioma, Health/Brain Cancer MRI Dataset/Brain Cancer MRI Dataset/Brain Cancer MRI Dataset/Glioma/191.jpg",glioma,True
"/kaggle/input/datasets/souaadrahmoun/brnetval/Multi-Class Brain Tumor MRI Dataset Glioma, Health/Brain Cancer MRI Dataset/Brain Cancer MRI Dataset/Brain Cancer MRI Dataset/Glioma/192.jpg",glioma,False
"/kaggle/input/datasets/souaadrahmoun/brnetval/Multi-Class Brain Tumor MRI Dataset Glioma, Health/Brain Cancer MRI Dataset/Brain Cancer MRI Dataset/Brain Cancer MRI Dataset/Glioma/193.jpg",glioma,False
"/kaggle/input/datasets/souaadrahmoun/brnetval/Multi-Class Brain Tumor MRI Dataset Glioma, Health/Brain Cancer MRI Dataset/Brain Cancer MRI Dataset/Brain Cancer MRI Dataset/Glioma/194.jpg",glioma,True
"/kaggle/input/datasets/souaadrahmoun/brnetval/Multi-Class Brain Tumor MRI Dataset Glioma, Health/Brain Cancer MRI Dataset/Brain Cancer MRI Dataset/Brain Cancer MRI Dataset/Glioma/195.jpg",glioma,True
"/kaggle/input/datasets/souaadrahmoun/brnetval/Multi-Class Brain Tumor MRI Dataset Glioma, Health/Brain Cancer MRI Dataset/Brain Cancer MRI Dataset/Brain Cancer MRI Dataset/Glioma/196.jpg",glioma,False
"/kaggle/input/datasets/souaadrahmoun/brnetval/Multi-Class Brain Tumor MRI Dataset Glioma, Health/Brain Cancer MRI Dataset/Brain Cancer MRI Dataset/Brain Cancer MRI Dataset/Glioma/197.jpg",glioma,True
"/kaggle/input/datasets/souaadrahmoun/brnetval/Multi-Class Brain Tumor MRI Dataset Glioma, Health/Brain Cancer MRI Dataset/Brain Cancer MRI Dataset/Brain Cancer MRI Dataset/Glioma/198.jpg",glioma,True
"/kaggle/input/datasets/souaadrahmoun/brnetval/Multi-Class Brain Tumor MRI Dataset Glioma, Health/Brain Cancer MRI Dataset/Brain Cancer MRI Dataset/Brain Cancer MRI Dataset/Glioma/199.jpg",glioma,True
"/kaggle/input/datasets/souaadrahmoun/brnetval/Multi-Class Brain Tumor MRI Dataset Glioma, Health/Brain Cancer MRI Dataset/Brain Cancer MRI Dataset/Brain Cancer MRI Dataset/Glioma/2.jpg",glioma,True
"/kaggle/input/datasets/souaadrahmoun/brnetval/Multi-Class Brain Tumor MRI Dataset Glioma, Health/Brain Cancer MRI Dataset/Brain Cancer MRI Dataset/Brain Cancer MRI Dataset/Glioma/20.jpg",glioma,False
"/kaggle/input/datasets/souaadrahmoun/brnetval/Multi-Class Brain Tumor MRI Dataset Glioma, Health/Brain Cancer MRI Dataset/Brain Cancer MRI Dataset/Brain Cancer MRI Dataset/Glioma/200.jpg",glioma,True
"/kaggle/input/datasets/souaadrahmoun/brnetval/Multi-Class Brain Tumor MRI Dataset Glioma, Health/Brain Cancer MRI Dataset/Brain Cancer MRI Dataset/Brain Cancer MRI Dataset/Glioma/201.jpg",glioma,True
"/kaggle/input/datasets/souaadrahmoun/brnetval/Multi-Class Brain Tumor MRI Dataset Glioma, Health/Brain Cancer MRI Dataset/Brain Cancer MRI Dataset/Brain Cancer MRI Dataset/Glioma/202.jpg",glioma,True
"/kaggle/input/datasets/souaadrahmoun/brnetval/Multi-Class Brain Tumor MRI Dataset Glioma, Health/Brain Cancer MRI Dataset/Brain Cancer MRI Dataset/Brain Cancer MRI Dataset/Glioma/203.jpg",glioma,True
"/kaggle/input/datasets/souaadrahmoun/brnetval/Multi-Class Brain Tumor MRI Dataset Glioma, Health/Brain Cancer MRI Dataset/Brain Cancer MRI Dataset/Brain Cancer MRI Dataset/Glioma/204.jpg",glioma,True
"/kaggle/input/datasets/souaadrahmoun/brnetval/Multi-Class Brain Tumor MRI Dataset Glioma, Health/Brain Cancer MRI Dataset/Brain Cancer MRI Dataset/Brain Cancer MRI Dataset/Glioma/205.jpg",glioma,True
"/kaggle/input/datasets/souaadrahmoun/brnetval/Multi-Class Brain Tumor MRI Dataset Glioma, Health/Brain Cancer MRI Dataset/Brain Cancer MRI Dataset/Brain Cancer MRI Dataset/Glioma/206.jpg",glioma,False
"/kaggle/input/datasets/souaadrahmoun/brnetval/Multi-Class Brain Tumor MRI Dataset Glioma, Health/Brain Cancer MRI Dataset/Brain Cancer MRI Dataset/Brain Cancer MRI Dataset/Glioma/208.jpg",glioma,False
"/kaggle/input/datasets/souaadrahmoun/brnetval/Multi-Class Brain Tumor MRI Dataset Glioma, Health/Brain Cancer MRI Dataset/Brain Cancer MRI Dataset/Brain Cancer MRI Dataset/Glioma/209.jpg",glioma,False
"/kaggle/input/datasets/souaadrahmoun/brnetval/Multi-Class Brain Tumor MRI Dataset Glioma, Health/Brain Cancer MRI Dataset/Brain Cancer MRI Dataset/Brain Cancer MRI Dataset/Glioma/21.jpg",glioma,False
"/kaggle/input/datasets/souaadrahmoun/brnetval/Multi-Class Brain Tumor MRI Dataset Glioma, Health/Brain Cancer MRI Dataset/Brain Cancer MRI Dataset/Brain Cancer MRI Dataset/Glioma/210.jpg",glioma,True
"/kaggle/input/datasets/souaadrahmoun/brnetval/Multi-Class Brain Tumor MRI Dataset Glioma, Health/Brain Cancer MRI Dataset/Brain Cancer MRI Dataset/Brain Cancer MRI Dataset/Glioma/211.jpg",glioma,False
"/kaggle/input/datasets/souaadrahmoun/brnetval/Multi-Class Brain Tumor MRI Dataset Glioma, Health/Brain Cancer MRI Dataset/Brain Cancer MRI Dataset/Brain Cancer MRI Dataset/Glioma/212.jpg",glioma,False
"/kaggle/input/datasets/souaadrahmoun/brnetval/Multi-Class Brain Tumor MRI Dataset Glioma, Health/Brain Cancer MRI Dataset/Brain Cancer MRI Dataset/Brain Cancer MRI Dataset/Glioma/213.jpg",glioma,True
"/kaggle/input/datasets/souaadrahmoun/brnetval/Multi-Class Brain Tumor MRI Dataset Glioma, Health/Brain Cancer MRI Dataset/Brain Cancer MRI Dataset/Brain Cancer MRI Dataset/Glioma/214.jpg",glioma,True
"/kaggle/input/datasets/souaadrahmoun/brnetval/Multi-Class Brain Tumor MRI Dataset Glioma, Health/Brain Cancer MRI Dataset/Brain Cancer MRI Dataset/Brain Cancer MRI Dataset/Glioma/215.jpg",glioma,False
"/kaggle/input/datasets/souaadrahmoun/brnetval/Multi-Class Brain Tumor MRI Dataset Glioma, Health/Brain Cancer MRI Dataset/Brain Cancer MRI Dataset/Brain Cancer MRI Dataset/Glioma/216.jpg",glioma,True
"/kaggle/input/datasets/souaadrahmoun/brnetval/Multi-Class Brain Tumor MRI Dataset Glioma, Health/Brain Cancer MRI Dataset/Brain Cancer MRI Dataset/Brain Cancer MRI Dataset/Glioma/217.jpg",glioma,True
"/kaggle/input/datasets/souaadrahmoun/brnetval/Multi-Class Brain Tumor MRI Dataset Glioma, Health/Brain Cancer MRI Dataset/Brain Cancer MRI Dataset/Brain Cancer MRI Dataset/Glioma/218.jpg",glioma,True
"/kaggle/input/datasets/souaadrahmoun/brnetval/Multi-Class Brain Tumor MRI Dataset Glioma, Health/Brain Cancer MRI Dataset/Brain Cancer MRI Dataset/Brain Cancer MRI Dataset/Glioma/219.jpg",glioma,True
"/kaggle/input/datasets/souaadrahmoun/brnetval/Multi-Class Brain Tumor MRI Dataset Glioma, Health/Brain Cancer MRI Dataset/Brain Cancer MRI Dataset/Brain Cancer MRI Dataset/Glioma/22.jpg",glioma,False
"/kaggle/input/datasets/souaadrahmoun/brnetval/Multi-Class Brain Tumor MRI Dataset Glioma, Health/Brain Cancer MRI Dataset/Brain Cancer MRI Dataset/Brain Cancer MRI Dataset/Glioma/220.jpg",glioma,False
"/kaggle/input/datasets/souaadrahmoun/brnetval/Multi-Class Brain Tumor MRI Dataset Glioma, Health/Brain Cancer MRI Dataset/Brain Cancer MRI Dataset/Brain Cancer MRI Dataset/Glioma/221.jpg",glioma,False
"/kaggle/input/datasets/souaadrahmoun/brnetval/Multi-Class Brain Tumor MRI Dataset Glioma, Health/Brain Cancer MRI Dataset/Brain Cancer MRI Dataset/Brain Cancer MRI Dataset/Glioma/222.jpg",glioma,True
"/kaggle/input/datasets/souaadrahmoun/brnetval/Multi-Class Brain Tumor MRI Dataset Glioma, Health/Brain Cancer MRI Dataset/Brain Cancer MRI Dataset/Brain Cancer MRI Dataset/Glioma/223.jpg",glioma,True
"/kaggle/input/datasets/souaadrahmoun/brnetval/Multi-Class Brain Tumor MRI Dataset Glioma, Health/Brain Cancer MRI Dataset/Brain Cancer MRI Dataset/Brain Cancer MRI Dataset/Glioma/224.jpg",glioma,True
"/kaggle/input/datasets/souaadrahmoun/brnetval/Multi-Class Brain Tumor MRI Dataset Glioma, Health/Brain Cancer MRI Dataset/Brain Cancer MRI Dataset/Brain Cancer MRI Dataset/Glioma/225.jpg",glioma,False
"/kaggle/input/datasets/souaadrahmoun/brnetval/Multi-Class Brain Tumor MRI Dataset Glioma, Health/Brain Cancer MRI Dataset/Brain Cancer MRI Dataset/Brain Cancer MRI Dataset/Glioma/226.jpg",glioma,False
"/kaggle/input/datasets/souaadrahmoun/brnetval/Multi-Class Brain Tumor MRI Dataset Glioma, Health/Brain Cancer MRI Dataset/Brain Cancer MRI Dataset/Brain Cancer MRI Dataset/Glioma/227.jpg",glioma,False
"/kaggle/input/datasets/souaadrahmoun/brnetval/Multi-Class Brain Tumor MRI Dataset Glioma, Health/Brain Cancer MRI Dataset/Brain Cancer MRI Dataset/Brain Cancer MRI Dataset/Glioma/228.jpg",glioma,True
"/kaggle/input/datasets/souaadrahmoun/brnetval/Multi-Class Brain Tumor MRI Dataset Glioma, Health/Brain Cancer MRI Dataset/Brain Cancer MRI Dataset/Brain Cancer MRI Dataset/Glioma/229.jpg",glioma,False
"/kaggle/input/datasets/souaadrahmoun/brnetval/Multi-Class Brain Tumor MRI Dataset Glioma, Health/Brain Cancer MRI Dataset/Brain Cancer MRI Dataset/Brain Cancer MRI Dataset/Glioma/23.jpg",glioma,True
"/kaggle/input/datasets/souaadrahmoun/brnetval/Multi-Class Brain Tumor MRI Dataset Glioma, Health/Brain Cancer MRI Dataset/Brain Cancer MRI Dataset/Brain Cancer MRI Dataset/Glioma/230.jpg",glioma,True
"/kaggle/input/datasets/souaadrahmoun/brnetval/Multi-Class Brain Tumor MRI Dataset Glioma, Health/Brain Cancer MRI Dataset/Brain Cancer MRI Dataset/Brain Cancer MRI Dataset/Glioma/231.jpg",glioma,True
"/kaggle/input/datasets/souaadrahmoun/brnetval/Multi-Class Brain Tumor MRI Dataset Glioma, Health/Brain Cancer MRI Dataset/Brain Cancer MRI Dataset/Brain Cancer MRI Dataset/Glioma/232.jpg",glioma,True
"/kaggle/input/datasets/souaadrahmoun/brnetval/Multi-Class Brain Tumor MRI Dataset Glioma, Health/Brain Cancer MRI Dataset/Brain Cancer MRI Dataset/Brain Cancer MRI Dataset/Glioma/233.jpg",glioma,True
"/kaggle/input/datasets/souaadrahmoun/brnetval/Multi-Class Brain Tumor MRI Dataset Glioma, Health/Brain Cancer MRI Dataset/Brain Cancer MRI Dataset/Brain Cancer MRI Dataset/Glioma/234.jpg",glioma,True
"/kaggle/input/datasets/souaadrahmoun/brnetval/Multi-Class Brain Tumor MRI Dataset Glioma, Health/Brain Cancer MRI Dataset/Brain Cancer MRI Dataset/Brain Cancer MRI Dataset/Glioma/235.jpg",glioma,True
"/kaggle/input/datasets/souaadrahmoun/brnetval/Multi-Class Brain Tumor MRI Dataset Glioma, Health/Brain Cancer MRI Dataset/Brain Cancer MRI Dataset/Brain Cancer MRI Dataset/Glioma/236.jpg",glioma,False
"/kaggle/input/datasets/souaadrahmoun/brnetval/Multi-Class Brain Tumor MRI Dataset Glioma, Health/Brain Cancer MRI Dataset/Brain Cancer MRI Dataset/Brain Cancer MRI Dataset/Glioma/237.jpg",glioma,True
"/kaggle/input/datasets/souaadrahmoun/brnetval/Multi-Class Brain Tumor MRI Dataset Glioma, Health/Brain Cancer MRI Dataset/Brain Cancer MRI Dataset/Brain Cancer MRI Dataset/Glioma/238.jpg",glioma,True
"/kaggle/input/datasets/souaadrahmoun/brnetval/Multi-Class Brain Tumor MRI Dataset Glioma, Health/Brain Cancer MRI Dataset/Brain Cancer MRI Dataset/Brain Cancer MRI Dataset/Glioma/239.jpg",glioma,False
"/kaggle/input/datasets/souaadrahmoun/brnetval/Multi-Class Brain Tumor MRI Dataset Glioma, Health/Brain Cancer MRI Dataset/Brain Cancer MRI Dataset/Brain Cancer MRI Dataset/Glioma/24.jpg",glioma,True
"/kaggle/input/datasets/souaadrahmoun/brnetval/Multi-Class Brain Tumor MRI Dataset Glioma, Health/Brain Cancer MRI Dataset/Brain Cancer MRI Dataset/Brain Cancer MRI Dataset/Glioma/240.jpg",glioma,True
"/kaggle/input/datasets/souaadrahmoun/brnetval/Multi-Class Brain Tumor MRI Dataset Glioma, Health/Brain Cancer MRI Dataset/Brain Cancer MRI Dataset/Brain Cancer MRI Dataset/Glioma/241.jpg",glioma,True
"/kaggle/input/datasets/souaadrahmoun/brnetval/Multi-Class Brain Tumor MRI Dataset Glioma, Health/Brain Cancer MRI Dataset/Brain Cancer MRI Dataset/Brain Cancer MRI Dataset/Glioma/242.jpg",glioma,True
"/kaggle/input/datasets/souaadrahmoun/brnetval/Multi-Class Brain Tumor MRI Dataset Glioma, Health/Brain Cancer MRI Dataset/Brain Cancer MRI Dataset/Brain Cancer MRI Dataset/Glioma/243.jpg",glioma,True
"/kaggle/input/datasets/souaadrahmoun/brnetval/Multi-Class Brain Tumor MRI Dataset Glioma, Health/Brain Cancer MRI Dataset/Brain Cancer MRI Dataset/Brain Cancer MRI Dataset/Glioma/244.jpg",glioma,True
"/kaggle/input/datasets/souaadrahmoun/brnetval/Multi-Class Brain Tumor MRI Dataset Glioma, Health/Brain Cancer MRI Dataset/Brain Cancer MRI Dataset/Brain Cancer MRI Dataset/Glioma/245.jpg",glioma,False
"/kaggle/input/datasets/souaadrahmoun/brnetval/Multi-Class Brain Tumor MRI Dataset Glioma, Health/Brain Cancer MRI Dataset/Brain Cancer MRI Dataset/Brain Cancer MRI Dataset/Glioma/246.jpg",glioma,True
"/kaggle/input/datasets/souaadrahmoun/brnetval/Multi-Class Brain Tumor MRI Dataset Glioma, Health/Brain Cancer MRI Dataset/Brain Cancer MRI Dataset/Brain Cancer MRI Dataset/Glioma/247.jpg",glioma,True
"/kaggle/input/datasets/souaadrahmoun/brnetval/Multi-Class Brain Tumor MRI Dataset Glioma, Health/Brain Cancer MRI Dataset/Brain Cancer MRI Dataset/Brain Cancer MRI Dataset/Glioma/248.jpg",glioma,False
"/kaggle/input/datasets/souaadrahmoun/brnetval/Multi-Class Brain Tumor MRI Dataset Glioma, Health/Brain Cancer MRI Dataset/Brain Cancer MRI Dataset/Brain Cancer MRI Dataset/Glioma/249.jpg",glioma,True
"/kaggle/input/datasets/souaadrahmoun/brnetval/Multi-Class Brain Tumor MRI Dataset Glioma, Health/Brain Cancer MRI Dataset/Brain Cancer MRI Dataset/Brain Cancer MRI Dataset/Glioma/25.jpg",glioma,True
"/kaggle/input/datasets/souaadrahmoun/brnetval/Multi-Class Brain Tumor MRI Dataset Glioma, Health/Brain Cancer MRI Dataset/Brain Cancer MRI Dataset/Brain Cancer MRI Dataset/Glioma/250.jpg",glioma,True
"/kaggle/input/datasets/souaadrahmoun/brnetval/Multi-Class Brain Tumor MRI Dataset Glioma, Health/Brain Cancer MRI Dataset/Brain Cancer MRI Dataset/Brain Cancer MRI Dataset/Glioma/251.jpg",glioma,True
"/kaggle/input/datasets/souaadrahmoun/brnetval/Multi-Class Brain Tumor MRI Dataset Glioma, Health/Brain Cancer MRI Dataset/Brain Cancer MRI Dataset/Brain Cancer MRI Dataset/Glioma/252.jpg",glioma,True
"/kaggle/input/datasets/souaadrahmoun/brnetval/Multi-Class Brain Tumor MRI Dataset Glioma, Health/Brain Cancer MRI Dataset/Brain Cancer MRI Dataset/Brain Cancer MRI Dataset/Glioma/253.jpg",glioma,False
"/kaggle/input/datasets/souaadrahmoun/brnetval/Multi-Class Brain Tumor MRI Dataset Glioma, Health/Brain Cancer MRI Dataset/Brain Cancer MRI Dataset/Brain Cancer MRI Dataset/Glioma/254.jpg",glioma,False
"/kaggle/input/datasets/souaadrahmoun/brnetval/Multi-Class Brain Tumor MRI Dataset Glioma, Health/Brain Cancer MRI Dataset/Brain Cancer MRI Dataset/Brain Cancer MRI Dataset/Glioma/255.jpg",glioma,True
"/kaggle/input/datasets/souaadrahmoun/brnetval/Multi-Class Brain Tumor MRI Dataset Glioma, Health/Brain Cancer MRI Dataset/Brain Cancer MRI Dataset/Brain Cancer MRI Dataset/Glioma/256.jpg",glioma,False
"/kaggle/input/datasets/souaadrahmoun/brnetval/Multi-Class Brain Tumor MRI Dataset Glioma, Health/Brain Cancer MRI Dataset/Brain Cancer MRI Dataset/Brain Cancer MRI Dataset/Glioma/257.jpg",glioma,True
"/kaggle/input/datasets/souaadrahmoun/brnetval/Multi-Class Brain Tumor MRI Dataset Glioma, Health/Brain Cancer MRI Dataset/Brain Cancer MRI Dataset/Brain Cancer MRI Dataset/Glioma/258.jpg",glioma,False
"/kaggle/input/datasets/souaadrahmoun/brnetval/Multi-Class Brain Tumor MRI Dataset Glioma, Health/Brain Cancer MRI Dataset/Brain Cancer MRI Dataset/Brain Cancer MRI Dataset/Glioma/259.jpg",glioma,False
"/kaggle/input/datasets/souaadrahmoun/brnetval/Multi-Class Brain Tumor MRI Dataset Glioma, Health/Brain Cancer MRI Dataset/Brain Cancer MRI Dataset/Brain Cancer MRI Dataset/Glioma/26.jpg",glioma,False
"/kaggle/input/datasets/souaadrahmoun/brnetval/Multi-Class Brain Tumor MRI Dataset Glioma, Health/Brain Cancer MRI Dataset/Brain Cancer MRI Dataset/Brain Cancer MRI Dataset/Glioma/260.jpg",glioma,True
"/kaggle/input/datasets/souaadrahmoun/brnetval/Multi-Class Brain Tumor MRI Dataset Glioma, Health/Brain Cancer MRI Dataset/Brain Cancer MRI Dataset/Brain Cancer MRI Dataset/Glioma/261.jpg",glioma,False
"/kaggle/input/datasets/souaadrahmoun/brnetval/Multi-Class Brain Tumor MRI Dataset Glioma, Health/Brain Cancer MRI Dataset/Brain Cancer MRI Dataset/Brain Cancer MRI Dataset/Glioma/263.jpg",glioma,False
"/kaggle/input/datasets/souaadrahmoun/brnetval/Multi-Class Brain Tumor MRI Dataset Glioma, Health/Brain Cancer MRI Dataset/Brain Cancer MRI Dataset/Brain Cancer MRI Dataset/Glioma/264.jpg",glioma,True
"/kaggle/input/datasets/souaadrahmoun/brnetval/Multi-Class Brain Tumor MRI Dataset Glioma, Health/Brain Cancer MRI Dataset/Brain Cancer MRI Dataset/Brain Cancer MRI Dataset/Glioma/265.jpg",glioma,False
"/kaggle/input/datasets/souaadrahmoun/brnetval/Multi-Class Brain Tumor MRI Dataset Glioma, Health/Brain Cancer MRI Dataset/Brain Cancer MRI Dataset/Brain Cancer MRI Dataset/Glioma/266.jpg",glioma,True
"/kaggle/input/datasets/souaadrahmoun/brnetval/Multi-Class Brain Tumor MRI Dataset Glioma, Health/Brain Cancer MRI Dataset/Brain Cancer MRI Dataset/Brain Cancer MRI Dataset/Glioma/267.jpg",glioma,True
"/kaggle/input/datasets/souaadrahmoun/brnetval/Multi-Class Brain Tumor MRI Dataset Glioma, Health/Brain Cancer MRI Dataset/Brain Cancer MRI Dataset/Brain Cancer MRI Dataset/Glioma/268.jpg",glioma,False
"/kaggle/input/datasets/souaadrahmoun/brnetval/Multi-Class Brain Tumor MRI Dataset Glioma, Health/Brain Cancer MRI Dataset/Brain Cancer MRI Dataset/Brain Cancer MRI Dataset/Glioma/269.jpg",glioma,True
"/kaggle/input/datasets/souaadrahmoun/brnetval/Multi-Class Brain Tumor MRI Dataset Glioma, Health/Brain Cancer MRI Dataset/Brain Cancer MRI Dataset/Brain Cancer MRI Dataset/Glioma/27.jpg",glioma,False
"/kaggle/input/datasets/souaadrahmoun/brnetval/Multi-Class Brain Tumor MRI Dataset Glioma, Health/Brain Cancer MRI Dataset/Brain Cancer MRI Dataset/Brain Cancer MRI Dataset/Glioma/270.jpg",glioma,True
"/kaggle/input/datasets/souaadrahmoun/brnetval/Multi-Class Brain Tumor MRI Dataset Glioma, Health/Brain Cancer MRI Dataset/Brain Cancer MRI Dataset/Brain Cancer MRI Dataset/Glioma/271.jpg",glioma,True
"/kaggle/input/datasets/souaadrahmoun/brnetval/Multi-Class Brain Tumor MRI Dataset Glioma, Health/Brain Cancer MRI Dataset/Brain Cancer MRI Dataset/Brain Cancer MRI Dataset/Glioma/272.jpg",glioma,False
"/kaggle/input/datasets/souaadrahmoun/brnetval/Multi-Class Brain Tumor MRI Dataset Glioma, Health/Brain Cancer MRI Dataset/Brain Cancer MRI Dataset/Brain Cancer MRI Dataset/Glioma/273.jpg",glioma,True
"/kaggle/input/datasets/souaadrahmoun/brnetval/Multi-Class Brain Tumor MRI Dataset Glioma, Health/Brain Cancer MRI Dataset/Brain Cancer MRI Dataset/Brain Cancer MRI Dataset/Glioma/274.jpg",glioma,False
"/kaggle/input/datasets/souaadrahmoun/brnetval/Multi-Class Brain Tumor MRI Dataset Glioma, Health/Brain Cancer MRI Dataset/Brain Cancer MRI Dataset/Brain Cancer MRI Dataset/Glioma/275.jpg",glioma,False
"/kaggle/input/datasets/souaadrahmoun/brnetval/Multi-Class Brain Tumor MRI Dataset Glioma, Health/Brain Cancer MRI Dataset/Brain Cancer MRI Dataset/Brain Cancer MRI Dataset/Glioma/276.jpg",glioma,False
"/kaggle/input/datasets/souaadrahmoun/brnetval/Multi-Class Brain Tumor MRI Dataset Glioma, Health/Brain Cancer MRI Dataset/Brain Cancer MRI Dataset/Brain Cancer MRI Dataset/Glioma/277.jpg",glioma,True
"/kaggle/input/datasets/souaadrahmoun/brnetval/Multi-Class Brain Tumor MRI Dataset Glioma, Health/Brain Cancer MRI Dataset/Brain Cancer MRI Dataset/Brain Cancer MRI Dataset/Glioma/278.jpg",glioma,False
"/kaggle/input/datasets/souaadrahmoun/brnetval/Multi-Class Brain Tumor MRI Dataset Glioma, Health/Brain Cancer MRI Dataset/Brain Cancer MRI Dataset/Brain Cancer MRI Dataset/Glioma/279.jpg",glioma,True
"/kaggle/input/datasets/souaadrahmoun/brnetval/Multi-Class Brain Tumor MRI Dataset Glioma, Health/Brain Cancer MRI Dataset/Brain Cancer MRI Dataset/Brain Cancer MRI Dataset/Glioma/28.jpg",glioma,True
"/kaggle/input/datasets/souaadrahmoun/brnetval/Multi-Class Brain Tumor MRI Dataset Glioma, Health/Brain Cancer MRI Dataset/Brain Cancer MRI Dataset/Brain Cancer MRI Dataset/Glioma/280.jpg",glioma,True
"/kaggle/input/datasets/souaadrahmoun/brnetval/Multi-Class Brain Tumor MRI Dataset Glioma, Health/Brain Cancer MRI Dataset/Brain Cancer MRI Dataset/Brain Cancer MRI Dataset/Glioma/281.jpg",glioma,False
"/kaggle/input/datasets/souaadrahmoun/brnetval/Multi-Class Brain Tumor MRI Dataset Glioma, Health/Brain Cancer MRI Dataset/Brain Cancer MRI Dataset/Brain Cancer MRI Dataset/Glioma/282.jpg",glioma,True
"/kaggle/input/datasets/souaadrahmoun/brnetval/Multi-Class Brain Tumor MRI Dataset Glioma, Health/Brain Cancer MRI Dataset/Brain Cancer MRI Dataset/Brain Cancer MRI Dataset/Glioma/283.jpg",glioma,True
"/kaggle/input/datasets/souaadrahmoun/brnetval/Multi-Class Brain Tumor MRI Dataset Glioma, Health/Brain Cancer MRI Dataset/Brain Cancer MRI Dataset/Brain Cancer MRI Dataset/Glioma/284.jpg",glioma,True
"/kaggle/input/datasets/souaadrahmoun/brnetval/Multi-Class Brain Tumor MRI Dataset Glioma, Health/Brain Cancer MRI Dataset/Brain Cancer MRI Dataset/Brain Cancer MRI Dataset/Glioma/285.jpg",glioma,False
"/kaggle/input/datasets/souaadrahmoun/brnetval/Multi-Class Brain Tumor MRI Dataset Glioma, Health/Brain Cancer MRI Dataset/Brain Cancer MRI Dataset/Brain Cancer MRI Dataset/Glioma/286.jpg",glioma,True
"/kaggle/input/datasets/souaadrahmoun/brnetval/Multi-Class Brain Tumor MRI Dataset Glioma, Health/Brain Cancer MRI Dataset/Brain Cancer MRI Dataset/Brain Cancer MRI Dataset/Glioma/287.jpg",glioma,True
"/kaggle/input/datasets/souaadrahmoun/brnetval/Multi-Class Brain Tumor MRI Dataset Glioma, Health/Brain Cancer MRI Dataset/Brain Cancer MRI Dataset/Brain Cancer MRI Dataset/Glioma/288.jpg",glioma,True
"/kaggle/input/datasets/souaadrahmoun/brnetval/Multi-Class Brain Tumor MRI Dataset Glioma, Health/Brain Cancer MRI Dataset/Brain Cancer MRI Dataset/Brain Cancer MRI Dataset/Glioma/289.jpg",glioma,False
"/kaggle/input/datasets/souaadrahmoun/brnetval/Multi-Class Brain Tumor MRI Dataset Glioma, Health/Brain Cancer MRI Dataset/Brain Cancer MRI Dataset/Brain Cancer MRI Dataset/Glioma/29.jpg",glioma,False
"/kaggle/input/datasets/souaadrahmoun/brnetval/Multi-Class Brain Tumor MRI Dataset Glioma, Health/Brain Cancer MRI Dataset/Brain Cancer MRI Dataset/Brain Cancer MRI Dataset/Glioma/290.jpg",glioma,True
"/kaggle/input/datasets/souaadrahmoun/brnetval/Multi-Class Brain Tumor MRI Dataset Glioma, Health/Brain Cancer MRI Dataset/Brain Cancer MRI Dataset/Brain Cancer MRI Dataset/Glioma/291.jpg",glioma,True
"/kaggle/input/datasets/souaadrahmoun/brnetval/Multi-Class Brain Tumor MRI Dataset Glioma, Health/Brain Cancer MRI Dataset/Brain Cancer MRI Dataset/Brain Cancer MRI Dataset/Glioma/292.jpg",glioma,True
"/kaggle/input/datasets/souaadrahmoun/brnetval/Multi-Class Brain Tumor MRI Dataset Glioma, Health/Brain Cancer MRI Dataset/Brain Cancer MRI Dataset/Brain Cancer MRI Dataset/Glioma/293.jpg",glioma,True
"/kaggle/input/datasets/souaadrahmoun/brnetval/Multi-Class Brain Tumor MRI Dataset Glioma, Health/Brain Cancer MRI Dataset/Brain Cancer MRI Dataset/Brain Cancer MRI Dataset/Glioma/294.jpg",glioma,True
"/kaggle/input/datasets/souaadrahmoun/brnetval/Multi-Class Brain Tumor MRI Dataset Glioma, Health/Brain Cancer MRI Dataset/Brain Cancer MRI Dataset/Brain Cancer MRI Dataset/Glioma/295.jpg",glioma,True
"/kaggle/input/datasets/souaadrahmoun/brnetval/Multi-Class Brain Tumor MRI Dataset Glioma, Health/Brain Cancer MRI Dataset/Brain Cancer MRI Dataset/Brain Cancer MRI Dataset/Glioma/296.jpg",glioma,True
"/kaggle/input/datasets/souaadrahmoun/brnetval/Multi-Class Brain Tumor MRI Dataset Glioma, Health/Brain Cancer MRI Dataset/Brain Cancer MRI Dataset/Brain Cancer MRI Dataset/Glioma/297.jpg",glioma,False
"/kaggle/input/datasets/souaadrahmoun/brnetval/Multi-Class Brain Tumor MRI Dataset Glioma, Health/Brain Cancer MRI Dataset/Brain Cancer MRI Dataset/Brain Cancer MRI Dataset/Glioma/298.jpg",glioma,False
"/kaggle/input/datasets/souaadrahmoun/brnetval/Multi-Class Brain Tumor MRI Dataset Glioma, Health/Brain Cancer MRI Dataset/Brain Cancer MRI Dataset/Brain Cancer MRI Dataset/Glioma/299.jpg",glioma,True
"/kaggle/input/datasets/souaadrahmoun/brnetval/Multi-Class Brain Tumor MRI Dataset Glioma, Health/Brain Cancer MRI Dataset/Brain Cancer MRI Dataset/Brain Cancer MRI Dataset/Glioma/3.jpg",glioma,True
"/kaggle/input/datasets/souaadrahmoun/brnetval/Multi-Class Brain Tumor MRI Dataset Glioma, Health/Brain Cancer MRI Dataset/Brain Cancer MRI Dataset/Brain Cancer MRI Dataset/Glioma/30.jpg",glioma,True
"/kaggle/input/datasets/souaadrahmoun/brnetval/Multi-Class Brain Tumor MRI Dataset Glioma, Health/Brain Cancer MRI Dataset/Brain Cancer MRI Dataset/Brain Cancer MRI Dataset/Glioma/300.jpg",glioma,True
"/kaggle/input/datasets/souaadrahmoun/brnetval/Multi-Class Brain Tumor MRI Dataset Glioma, Health/Brain Cancer MRI Dataset/Brain Cancer MRI Dataset/Brain Cancer MRI Dataset/Glioma/31.jpg",glioma,True
"/kaggle/input/datasets/souaadrahmoun/brnetval/Multi-Class Brain Tumor MRI Dataset Glioma, Health/Brain Cancer MRI Dataset/Brain Cancer MRI Dataset/Brain Cancer MRI Dataset/Glioma/32.jpg",glioma,True
"/kaggle/input/datasets/souaadrahmoun/brnetval/Multi-Class Brain Tumor MRI Dataset Glioma, Health/Brain Cancer MRI Dataset/Brain Cancer MRI Dataset/Brain Cancer MRI Dataset/Glioma/33.jpg",glioma,False
"/kaggle/input/datasets/souaadrahmoun/brnetval/Multi-Class Brain Tumor MRI Dataset Glioma, Health/Brain Cancer MRI Dataset/Brain Cancer MRI Dataset/Brain Cancer MRI Dataset/Glioma/34.jpg",glioma,True
"/kaggle/input/datasets/souaadrahmoun/brnetval/Multi-Class Brain Tumor MRI Dataset Glioma, Health/Brain Cancer MRI Dataset/Brain Cancer MRI Dataset/Brain Cancer MRI Dataset/Glioma/35.jpg",glioma,True
"/kaggle/input/datasets/souaadrahmoun/brnetval/Multi-Class Brain Tumor MRI Dataset Glioma, Health/Brain Cancer MRI Dataset/Brain Cancer MRI Dataset/Brain Cancer MRI Dataset/Glioma/36.jpg",glioma,True
"/kaggle/input/datasets/souaadrahmoun/brnetval/Multi-Class Brain Tumor MRI Dataset Glioma, Health/Brain Cancer MRI Dataset/Brain Cancer MRI Dataset/Brain Cancer MRI Dataset/Glioma/37.jpg",glioma,False
"/kaggle/input/datasets/souaadrahmoun/brnetval/Multi-Class Brain Tumor MRI Dataset Glioma, Health/Brain Cancer MRI Dataset/Brain Cancer MRI Dataset/Brain Cancer MRI Dataset/Glioma/38.jpg",glioma,True
"/kaggle/input/datasets/souaadrahmoun/brnetval/Multi-Class Brain Tumor MRI Dataset Glioma, Health/Brain Cancer MRI Dataset/Brain Cancer MRI Dataset/Brain Cancer MRI Dataset/Glioma/39.jpg",glioma,False
"/kaggle/input/datasets/souaadrahmoun/brnetval/Multi-Class Brain Tumor MRI Dataset Glioma, Health/Brain Cancer MRI Dataset/Brain Cancer MRI Dataset/Brain Cancer MRI Dataset/Glioma/4.jpg",glioma,True
"/kaggle/input/datasets/souaadrahmoun/brnetval/Multi-Class Brain Tumor MRI Dataset Glioma, Health/Brain Cancer MRI Dataset/Brain Cancer MRI Dataset/Brain Cancer MRI Dataset/Glioma/40.jpg",glioma,False
"/kaggle/input/datasets/souaadrahmoun/brnetval/Multi-Class Brain Tumor MRI Dataset Glioma, Health/Brain Cancer MRI Dataset/Brain Cancer MRI Dataset/Brain Cancer MRI Dataset/Glioma/41.jpg",glioma,False
"/kaggle/input/datasets/souaadrahmoun/brnetval/Multi-Class Brain Tumor MRI Dataset Glioma, Health/Brain Cancer MRI Dataset/Brain Cancer MRI Dataset/Brain Cancer MRI Dataset/Glioma/42.jpg",glioma,False
"/kaggle/input/datasets/souaadrahmoun/brnetval/Multi-Class Brain Tumor MRI Dataset Glioma, Health/Brain Cancer MRI Dataset/Brain Cancer MRI Dataset/Brain Cancer MRI Dataset/Glioma/43.jpg",glioma,False
"/kaggle/input/datasets/souaadrahmoun/brnetval/Multi-Class Brain Tumor MRI Dataset Glioma, Health/Brain Cancer MRI Dataset/Brain Cancer MRI Dataset/Brain Cancer MRI Dataset/Glioma/44.jpg",glioma,True
"/kaggle/input/datasets/souaadrahmoun/brnetval/Multi-Class Brain Tumor MRI Dataset Glioma, Health/Brain Cancer MRI Dataset/Brain Cancer MRI Dataset/Brain Cancer MRI Dataset/Glioma/46.jpg",glioma,False
"/kaggle/input/datasets/souaadrahmoun/brnetval/Multi-Class Brain Tumor MRI Dataset Glioma, Health/Brain Cancer MRI Dataset/Brain Cancer MRI Dataset/Brain Cancer MRI Dataset/Glioma/47.jpg",glioma,True
"/kaggle/input/datasets/souaadrahmoun/brnetval/Multi-Class Brain Tumor MRI Dataset Glioma, Health/Brain Cancer MRI Dataset/Brain Cancer MRI Dataset/Brain Cancer MRI Dataset/Glioma/48.jpg",glioma,False
"/kaggle/input/datasets/souaadrahmoun/brnetval/Multi-Class Brain Tumor MRI Dataset Glioma, Health/Brain Cancer MRI Dataset/Brain Cancer MRI Dataset/Brain Cancer MRI Dataset/Glioma/49.jpg",glioma,True
"/kaggle/input/datasets/souaadrahmoun/brnetval/Multi-Class Brain Tumor MRI Dataset Glioma, Health/Brain Cancer MRI Dataset/Brain Cancer MRI Dataset/Brain Cancer MRI Dataset/Glioma/5.jpg",glioma,True
"/kaggle/input/datasets/souaadrahmoun/brnetval/Multi-Class Brain Tumor MRI Dataset Glioma, Health/Brain Cancer MRI Dataset/Brain Cancer MRI Dataset/Brain Cancer MRI Dataset/Glioma/50.jpg",glioma,True
"/kaggle/input/datasets/souaadrahmoun/brnetval/Multi-Class Brain Tumor MRI Dataset Glioma, Health/Brain Cancer MRI Dataset/Brain Cancer MRI Dataset/Brain Cancer MRI Dataset/Glioma/51.jpg",glioma,False
"/kaggle/input/datasets/souaadrahmoun/brnetval/Multi-Class Brain Tumor MRI Dataset Glioma, Health/Brain Cancer MRI Dataset/Brain Cancer MRI Dataset/Brain Cancer MRI Dataset/Glioma/52.jpg",glioma,False
"/kaggle/input/datasets/souaadrahmoun/brnetval/Multi-Class Brain Tumor MRI Dataset Glioma, Health/Brain Cancer MRI Dataset/Brain Cancer MRI Dataset/Brain Cancer MRI Dataset/Glioma/53.jpg",glioma,False
"/kaggle/input/datasets/souaadrahmoun/brnetval/Multi-Class Brain Tumor MRI Dataset Glioma, Health/Brain Cancer MRI Dataset/Brain Cancer MRI Dataset/Brain Cancer MRI Dataset/Glioma/54.jpg",glioma,True
"/kaggle/input/datasets/souaadrahmoun/brnetval/Multi-Class Brain Tumor MRI Dataset Glioma, Health/Brain Cancer MRI Dataset/Brain Cancer MRI Dataset/Brain Cancer MRI Dataset/Glioma/55.jpg",glioma,True
"/kaggle/input/datasets/souaadrahmoun/brnetval/Multi-Class Brain Tumor MRI Dataset Glioma, Health/Brain Cancer MRI Dataset/Brain Cancer MRI Dataset/Brain Cancer MRI Dataset/Glioma/56.jpg",glioma,False
"/kaggle/input/datasets/souaadrahmoun/brnetval/Multi-Class Brain Tumor MRI Dataset Glioma, Health/Brain Cancer MRI Dataset/Brain Cancer MRI Dataset/Brain Cancer MRI Dataset/Glioma/57.jpg",glioma,True
"/kaggle/input/datasets/souaadrahmoun/brnetval/Multi-Class Brain Tumor MRI Dataset Glioma, Health/Brain Cancer MRI Dataset/Brain Cancer MRI Dataset/Brain Cancer MRI Dataset/Glioma/58.jpg",glioma,True
"/kaggle/input/datasets/souaadrahmoun/brnetval/Multi-Class Brain Tumor MRI Dataset Glioma, Health/Brain Cancer MRI Dataset/Brain Cancer MRI Dataset/Brain Cancer MRI Dataset/Glioma/59.jpg",glioma,False
"/kaggle/input/datasets/souaadrahmoun/brnetval/Multi-Class Brain Tumor MRI Dataset Glioma, Health/Brain Cancer MRI Dataset/Brain Cancer MRI Dataset/Brain Cancer MRI Dataset/Glioma/6.jpg",glioma,False
"/kaggle/input/datasets/souaadrahmoun/brnetval/Multi-Class Brain Tumor MRI Dataset Glioma, Health/Brain Cancer MRI Dataset/Brain Cancer MRI Dataset/Brain Cancer MRI Dataset/Glioma/60.jpg",glioma,False
"/kaggle/input/datasets/souaadrahmoun/brnetval/Multi-Class Brain Tumor MRI Dataset Glioma, Health/Brain Cancer MRI Dataset/Brain Cancer MRI Dataset/Brain Cancer MRI Dataset/Glioma/61.jpg",glioma,False
"/kaggle/input/datasets/souaadrahmoun/brnetval/Multi-Class Brain Tumor MRI Dataset Glioma, Health/Brain Cancer MRI Dataset/Brain Cancer MRI Dataset/Brain Cancer MRI Dataset/Glioma/62.jpg",glioma,True
"/kaggle/input/datasets/souaadrahmoun/brnetval/Multi-Class Brain Tumor MRI Dataset Glioma, Health/Brain Cancer MRI Dataset/Brain Cancer MRI Dataset/Brain Cancer MRI Dataset/Glioma/63.jpg",glioma,False
"/kaggle/input/datasets/souaadrahmoun/brnetval/Multi-Class Brain Tumor MRI Dataset Glioma, Health/Brain Cancer MRI Dataset/Brain Cancer MRI Dataset/Brain Cancer MRI Dataset/Glioma/64.jpg",glioma,False
"/kaggle/input/datasets/souaadrahmoun/brnetval/Multi-Class Brain Tumor MRI Dataset Glioma, Health/Brain Cancer MRI Dataset/Brain Cancer MRI Dataset/Brain Cancer MRI Dataset/Glioma/65.jpg",glioma,True
"/kaggle/input/datasets/souaadrahmoun/brnetval/Multi-Class Brain Tumor MRI Dataset Glioma, Health/Brain Cancer MRI Dataset/Brain Cancer MRI Dataset/Brain Cancer MRI Dataset/Glioma/66.jpg",glioma,False
"/kaggle/input/datasets/souaadrahmoun/brnetval/Multi-Class Brain Tumor MRI Dataset Glioma, Health/Brain Cancer MRI Dataset/Brain Cancer MRI Dataset/Brain Cancer MRI Dataset/Glioma/67.jpg",glioma,True
"/kaggle/input/datasets/souaadrahmoun/brnetval/Multi-Class Brain Tumor MRI Dataset Glioma, Health/Brain Cancer MRI Dataset/Brain Cancer MRI Dataset/Brain Cancer MRI Dataset/Glioma/68.jpg",glioma,False
"/kaggle/input/datasets/souaadrahmoun/brnetval/Multi-Class Brain Tumor MRI Dataset Glioma, Health/Brain Cancer MRI Dataset/Brain Cancer MRI Dataset/Brain Cancer MRI Dataset/Glioma/69.jpg",glioma,True
"/kaggle/input/datasets/souaadrahmoun/brnetval/Multi-Class Brain Tumor MRI Dataset Glioma, Health/Brain Cancer MRI Dataset/Brain Cancer MRI Dataset/Brain Cancer MRI Dataset/Glioma/7.jpg",glioma,False
"/kaggle/input/datasets/souaadrahmoun/brnetval/Multi-Class Brain Tumor MRI Dataset Glioma, Health/Brain Cancer MRI Dataset/Brain Cancer MRI Dataset/Brain Cancer MRI Dataset/Glioma/70.jpg",glioma,True
"/kaggle/input/datasets/souaadrahmoun/brnetval/Multi-Class Brain Tumor MRI Dataset Glioma, Health/Brain Cancer MRI Dataset/Brain Cancer MRI Dataset/Brain Cancer MRI Dataset/Glioma/71.jpg",glioma,True
"/kaggle/input/datasets/souaadrahmoun/brnetval/Multi-Class Brain Tumor MRI Dataset Glioma, Health/Brain Cancer MRI Dataset/Brain Cancer MRI Dataset/Brain Cancer MRI Dataset/Glioma/72.jpg",glioma,False
"/kaggle/input/datasets/souaadrahmoun/brnetval/Multi-Class Brain Tumor MRI Dataset Glioma, Health/Brain Cancer MRI Dataset/Brain Cancer MRI Dataset/Brain Cancer MRI Dataset/Glioma/73.jpg",glioma,False
"/kaggle/input/datasets/souaadrahmoun/brnetval/Multi-Class Brain Tumor MRI Dataset Glioma, Health/Brain Cancer MRI Dataset/Brain Cancer MRI Dataset/Brain Cancer MRI Dataset/Glioma/74.jpg",glioma,False
"/kaggle/input/datasets/souaadrahmoun/brnetval/Multi-Class Brain Tumor MRI Dataset Glioma, Health/Brain Cancer MRI Dataset/Brain Cancer MRI Dataset/Brain Cancer MRI Dataset/Glioma/75.jpg",glioma,True
"/kaggle/input/datasets/souaadrahmoun/brnetval/Multi-Class Brain Tumor MRI Dataset Glioma, Health/Brain Cancer MRI Dataset/Brain Cancer MRI Dataset/Brain Cancer MRI Dataset/Glioma/76.jpg",glioma,True
"/kaggle/input/datasets/souaadrahmoun/brnetval/Multi-Class Brain Tumor MRI Dataset Glioma, Health/Brain Cancer MRI Dataset/Brain Cancer MRI Dataset/Brain Cancer MRI Dataset/Glioma/77.jpg",glioma,True
"/kaggle/input/datasets/souaadrahmoun/brnetval/Multi-Class Brain Tumor MRI Dataset Glioma, Health/Brain Cancer MRI Dataset/Brain Cancer MRI Dataset/Brain Cancer MRI Dataset/Glioma/78.jpg",glioma,True
"/kaggle/input/datasets/souaadrahmoun/brnetval/Multi-Class Brain Tumor MRI Dataset Glioma, Health/Brain Cancer MRI Dataset/Brain Cancer MRI Dataset/Brain Cancer MRI Dataset/Glioma/79.jpg",glioma,False
"/kaggle/input/datasets/souaadrahmoun/brnetval/Multi-Class Brain Tumor MRI Dataset Glioma, Health/Brain Cancer MRI Dataset/Brain Cancer MRI Dataset/Brain Cancer MRI Dataset/Glioma/8.jpg",glioma,True
"/kaggle/input/datasets/souaadrahmoun/brnetval/Multi-Class Brain Tumor MRI Dataset Glioma, Health/Brain Cancer MRI Dataset/Brain Cancer MRI Dataset/Brain Cancer MRI Dataset/Glioma/80.jpg",glioma,True
"/kaggle/input/datasets/souaadrahmoun/brnetval/Multi-Class Brain Tumor MRI Dataset Glioma, Health/Brain Cancer MRI Dataset/Brain Cancer MRI Dataset/Brain Cancer MRI Dataset/Glioma/81.jpg",glioma,True
"/kaggle/input/datasets/souaadrahmoun/brnetval/Multi-Class Brain Tumor MRI Dataset Glioma, Health/Brain Cancer MRI Dataset/Brain Cancer MRI Dataset/Brain Cancer MRI Dataset/Glioma/82.jpg",glioma,False
"/kaggle/input/datasets/souaadrahmoun/brnetval/Multi-Class Brain Tumor MRI Dataset Glioma, Health/Brain Cancer MRI Dataset/Brain Cancer MRI Dataset/Brain Cancer MRI Dataset/Glioma/83.jpg",glioma,True
"/kaggle/input/datasets/souaadrahmoun/brnetval/Multi-Class Brain Tumor MRI Dataset Glioma, Health/Brain Cancer MRI Dataset/Brain Cancer MRI Dataset/Brain Cancer MRI Dataset/Glioma/84.jpg",glioma,True
"/kaggle/input/datasets/souaadrahmoun/brnetval/Multi-Class Brain Tumor MRI Dataset Glioma, Health/Brain Cancer MRI Dataset/Brain Cancer MRI Dataset/Brain Cancer MRI Dataset/Glioma/85.jpg",glioma,True
"/kaggle/input/datasets/souaadrahmoun/brnetval/Multi-Class Brain Tumor MRI Dataset Glioma, Health/Brain Cancer MRI Dataset/Brain Cancer MRI Dataset/Brain Cancer MRI Dataset/Glioma/86.jpg",glioma,True
"/kaggle/input/datasets/souaadrahmoun/brnetval/Multi-Class Brain Tumor MRI Dataset Glioma, Health/Brain Cancer MRI Dataset/Brain Cancer MRI Dataset/Brain Cancer MRI Dataset/Glioma/87.jpg",glioma,True
"/kaggle/input/datasets/souaadrahmoun/brnetval/Multi-Class Brain Tumor MRI Dataset Glioma, Health/Brain Cancer MRI Dataset/Brain Cancer MRI Dataset/Brain Cancer MRI Dataset/Glioma/88.jpg",glioma,True
"/kaggle/input/datasets/souaadrahmoun/brnetval/Multi-Class Brain Tumor MRI Dataset Glioma, Health/Brain Cancer MRI Dataset/Brain Cancer MRI Dataset/Brain Cancer MRI Dataset/Glioma/89.jpg",glioma,True
"/kaggle/input/datasets/souaadrahmoun/brnetval/Multi-Class Brain Tumor MRI Dataset Glioma, Health/Brain Cancer MRI Dataset/Brain Cancer MRI Dataset/Brain Cancer MRI Dataset/Glioma/9.jpg",glioma,True
"/kaggle/input/datasets/souaadrahmoun/brnetval/Multi-Class Brain Tumor MRI Dataset Glioma, Health/Brain Cancer MRI Dataset/Brain Cancer MRI Dataset/Brain Cancer MRI Dataset/Glioma/90.jpg",glioma,True
"/kaggle/input/datasets/souaadrahmoun/brnetval/Multi-Class Brain Tumor MRI Dataset Glioma, Health/Brain Cancer MRI Dataset/Brain Cancer MRI Dataset/Brain Cancer MRI Dataset/Glioma/91.jpg",glioma,False
"/kaggle/input/datasets/souaadrahmoun/brnetval/Multi-Class Brain Tumor MRI Dataset Glioma, Health/Brain Cancer MRI Dataset/Brain Cancer MRI Dataset/Brain Cancer MRI Dataset/Glioma/92.jpg",glioma,True
"/kaggle/input/datasets/souaadrahmoun/brnetval/Multi-Class Brain Tumor MRI Dataset Glioma, Health/Brain Cancer MRI Dataset/Brain Cancer MRI Dataset/Brain Cancer MRI Dataset/Glioma/93.jpg",glioma,True
"/kaggle/input/datasets/souaadrahmoun/brnetval/Multi-Class Brain Tumor MRI Dataset Glioma, Health/Brain Cancer MRI Dataset/Brain Cancer MRI Dataset/Brain Cancer MRI Dataset/Glioma/94.jpg",glioma,False
"/kaggle/input/datasets/souaadrahmoun/brnetval/Multi-Class Brain Tumor MRI Dataset Glioma, Health/Brain Cancer MRI Dataset/Brain Cancer MRI Dataset/Brain Cancer MRI Dataset/Glioma/95.jpg",glioma,True
"/kaggle/input/datasets/souaadrahmoun/brnetval/Multi-Class Brain Tumor MRI Dataset Glioma, Health/Brain Cancer MRI Dataset/Brain Cancer MRI Dataset/Brain Cancer MRI Dataset/Glioma/96.jpg",glioma,True
"/kaggle/input/datasets/souaadrahmoun/brnetval/Multi-Class Brain Tumor MRI Dataset Glioma, Health/Brain Cancer MRI Dataset/Brain Cancer MRI Dataset/Brain Cancer MRI Dataset/Glioma/97.jpg",glioma,False
"/kaggle/input/datasets/souaadrahmoun/brnetval/Multi-Class Brain Tumor MRI Dataset Glioma, Health/Brain Cancer MRI Dataset/Brain Cancer MRI Dataset/Brain Cancer MRI Dataset/Glioma/98.jpg",glioma,True
"/kaggle/input/datasets/souaadrahmoun/brnetval/Multi-Class Brain Tumor MRI Dataset Glioma, Health/Brain Cancer MRI Dataset/Brain Cancer MRI Dataset/Brain Cancer MRI Dataset/Glioma/99.jpg",glioma,False
"/kaggle/input/datasets/souaadrahmoun/brnetval/Multi-Class Brain Tumor MRI Dataset Glioma, Health/Brain Cancer MRI Dataset/Brain Cancer MRI Dataset/Brain Cancer MRI Dataset/Healthy/1.jpg",healthy,False
"/kaggle/input/datasets/souaadrahmoun/brnetval/Multi-Class Brain Tumor MRI Dataset Glioma, Health/Brain Cancer MRI Dataset/Brain Cancer MRI Dataset/Brain Cancer MRI Dataset/Healthy/10.jpg",healthy,False
"/kaggle/input/datasets/souaadrahmoun/brnetval/Multi-Class Brain Tumor MRI Dataset Glioma, Health/Brain Cancer MRI Dataset/Brain Cancer MRI Dataset/Brain Cancer MRI Dataset/Healthy/100.jpg",healthy,False
"/kaggle/input/datasets/souaadrahmoun/brnetval/Multi-Class Brain Tumor MRI Dataset Glioma, Health/Brain Cancer MRI Dataset/Brain Cancer MRI Dataset/Brain Cancer MRI Dataset/Healthy/101.jpg",healthy,False
"/kaggle/input/datasets/souaadrahmoun/brnetval/Multi-Class Brain Tumor MRI Dataset Glioma, Health/Brain Cancer MRI Dataset/Brain Cancer MRI Dataset/Brain Cancer MRI Dataset/Healthy/102.jpg",healthy,True
"/kaggle/input/datasets/souaadrahmoun/brnetval/Multi-Class Brain Tumor MRI Dataset Glioma, Health/Brain Cancer MRI Dataset/Brain Cancer MRI Dataset/Brain Cancer MRI Dataset/Healthy/103.jpg",healthy,True
"/kaggle/input/datasets/souaadrahmoun/brnetval/Multi-Class Brain Tumor MRI Dataset Glioma, Health/Brain Cancer MRI Dataset/Brain Cancer MRI Dataset/Brain Cancer MRI Dataset/Healthy/104.jpg",healthy,False
"/kaggle/input/datasets/souaadrahmoun/brnetval/Multi-Class Brain Tumor MRI Dataset Glioma, Health/Brain Cancer MRI Dataset/Brain Cancer MRI Dataset/Brain Cancer MRI Dataset/Healthy/105.jpg",healthy,False
"/kaggle/input/datasets/souaadrahmoun/brnetval/Multi-Class Brain Tumor MRI Dataset Glioma, Health/Brain Cancer MRI Dataset/Brain Cancer MRI Dataset/Brain Cancer MRI Dataset/Healthy/106.jpg",healthy,False
"/kaggle/input/datasets/souaadrahmoun/brnetval/Multi-Class Brain Tumor MRI Dataset Glioma, Health/Brain Cancer MRI Dataset/Brain Cancer MRI Dataset/Brain Cancer MRI Dataset/Healthy/107.jpg",healthy,False
"/kaggle/input/datasets/souaadrahmoun/brnetval/Multi-Class Brain Tumor MRI Dataset Glioma, Health/Brain Cancer MRI Dataset/Brain Cancer MRI Dataset/Brain Cancer MRI Dataset/Healthy/108.jpg",healthy,False
"/kaggle/input/datasets/souaadrahmoun/brnetval/Multi-Class Brain Tumor MRI Dataset Glioma, Health/Brain Cancer MRI Dataset/Brain Cancer MRI Dataset/Brain Cancer MRI Dataset/Healthy/109.jpg",healthy,False
"/kaggle/input/datasets/souaadrahmoun/brnetval/Multi-Class Brain Tumor MRI Dataset Glioma, Health/Brain Cancer MRI Dataset/Brain Cancer MRI Dataset/Brain Cancer MRI Dataset/Healthy/11.jpg",healthy,False
"/kaggle/input/datasets/souaadrahmoun/brnetval/Multi-Class Brain Tumor MRI Dataset Glioma, Health/Brain Cancer MRI Dataset/Brain Cancer MRI Dataset/Brain Cancer MRI Dataset/Healthy/110.jpg",healthy,False
"/kaggle/input/datasets/souaadrahmoun/brnetval/Multi-Class Brain Tumor MRI Dataset Glioma, Health/Brain Cancer MRI Dataset/Brain Cancer MRI Dataset/Brain Cancer MRI Dataset/Healthy/111.jpg",healthy,False
"/kaggle/input/datasets/souaadrahmoun/brnetval/Multi-Class Brain Tumor MRI Dataset Glioma, Health/Brain Cancer MRI Dataset/Brain Cancer MRI Dataset/Brain Cancer MRI Dataset/Healthy/112.jpg",healthy,False
"/kaggle/input/datasets/souaadrahmoun/brnetval/Multi-Class Brain Tumor MRI Dataset Glioma, Health/Brain Cancer MRI Dataset/Brain Cancer MRI Dataset/Brain Cancer MRI Dataset/Healthy/113.jpg",healthy,False
"/kaggle/input/datasets/souaadrahmoun/brnetval/Multi-Class Brain Tumor MRI Dataset Glioma, Health/Brain Cancer MRI Dataset/Brain Cancer MRI Dataset/Brain Cancer MRI Dataset/Healthy/114.jpg",healthy,False
"/kaggle/input/datasets/souaadrahmoun/brnetval/Multi-Class Brain Tumor MRI Dataset Glioma, Health/Brain Cancer MRI Dataset/Brain Cancer MRI Dataset/Brain Cancer MRI Dataset/Healthy/115.jpg",healthy,True
"/kaggle/input/datasets/souaadrahmoun/brnetval/Multi-Class Brain Tumor MRI Dataset Glioma, Health/Brain Cancer MRI Dataset/Brain Cancer MRI Dataset/Brain Cancer MRI Dataset/Healthy/116.jpg",healthy,False
"/kaggle/input/datasets/souaadrahmoun/brnetval/Multi-Class Brain Tumor MRI Dataset Glioma, Health/Brain Cancer MRI Dataset/Brain Cancer MRI Dataset/Brain Cancer MRI Dataset/Healthy/117.jpg",healthy,False
"/kaggle/input/datasets/souaadrahmoun/brnetval/Multi-Class Brain Tumor MRI Dataset Glioma, Health/Brain Cancer MRI Dataset/Brain Cancer MRI Dataset/Brain Cancer MRI Dataset/Healthy/118.jpg",healthy,False
"/kaggle/input/datasets/souaadrahmoun/brnetval/Multi-Class Brain Tumor MRI Dataset Glioma, Health/Brain Cancer MRI Dataset/Brain Cancer MRI Dataset/Brain Cancer MRI Dataset/Healthy/119.jpg",healthy,False
"/kaggle/input/datasets/souaadrahmoun/brnetval/Multi-Class Brain Tumor MRI Dataset Glioma, Health/Brain Cancer MRI Dataset/Brain Cancer MRI Dataset/Brain Cancer MRI Dataset/Healthy/12.jpg",healthy,False
"/kaggle/input/datasets/souaadrahmoun/brnetval/Multi-Class Brain Tumor MRI Dataset Glioma, Health/Brain Cancer MRI Dataset/Brain Cancer MRI Dataset/Brain Cancer MRI Dataset/Healthy/120.jpg",healthy,True
"/kaggle/input/datasets/souaadrahmoun/brnetval/Multi-Class Brain Tumor MRI Dataset Glioma, Health/Brain Cancer MRI Dataset/Brain Cancer MRI Dataset/Brain Cancer MRI Dataset/Healthy/121.jpg",healthy,False
"/kaggle/input/datasets/souaadrahmoun/brnetval/Multi-Class Brain Tumor MRI Dataset Glioma, Health/Brain Cancer MRI Dataset/Brain Cancer MRI Dataset/Brain Cancer MRI Dataset/Healthy/122.jpg",healthy,False
"/kaggle/input/datasets/souaadrahmoun/brnetval/Multi-Class Brain Tumor MRI Dataset Glioma, Health/Brain Cancer MRI Dataset/Brain Cancer MRI Dataset/Brain Cancer MRI Dataset/Healthy/123.jpg",healthy,False
"/kaggle/input/datasets/souaadrahmoun/brnetval/Multi-Class Brain Tumor MRI Dataset Glioma, Health/Brain Cancer MRI Dataset/Brain Cancer MRI Dataset/Brain Cancer MRI Dataset/Healthy/124.jpg",healthy,False
"/kaggle/input/datasets/souaadrahmoun/brnetval/Multi-Class Brain Tumor MRI Dataset Glioma, Health/Brain Cancer MRI Dataset/Brain Cancer MRI Dataset/Brain Cancer MRI Dataset/Healthy/125.jpg",healthy,True
"/kaggle/input/datasets/souaadrahmoun/brnetval/Multi-Class Brain Tumor MRI Dataset Glioma, Health/Brain Cancer MRI Dataset/Brain Cancer MRI Dataset/Brain Cancer MRI Dataset/Healthy/126.jpg",healthy,False
"/kaggle/input/datasets/souaadrahmoun/brnetval/Multi-Class Brain Tumor MRI Dataset Glioma, Health/Brain Cancer MRI Dataset/Brain Cancer MRI Dataset/Brain Cancer MRI Dataset/Healthy/127.jpg",healthy,False
"/kaggle/input/datasets/souaadrahmoun/brnetval/Multi-Class Brain Tumor MRI Dataset Glioma, Health/Brain Cancer MRI Dataset/Brain Cancer MRI Dataset/Brain Cancer MRI Dataset/Healthy/128.jpg",healthy,True
"/kaggle/input/datasets/souaadrahmoun/brnetval/Multi-Class Brain Tumor MRI Dataset Glioma, Health/Brain Cancer MRI Dataset/Brain Cancer MRI Dataset/Brain Cancer MRI Dataset/Healthy/129.jpg",healthy,False
"/kaggle/input/datasets/souaadrahmoun/brnetval/Multi-Class Brain Tumor MRI Dataset Glioma, Health/Brain Cancer MRI Dataset/Brain Cancer MRI Dataset/Brain Cancer MRI Dataset/Healthy/13.jpg",healthy,False
"/kaggle/input/datasets/souaadrahmoun/brnetval/Multi-Class Brain Tumor MRI Dataset Glioma, Health/Brain Cancer MRI Dataset/Brain Cancer MRI Dataset/Brain Cancer MRI Dataset/Healthy/130.jpg",healthy,False
"/kaggle/input/datasets/souaadrahmoun/brnetval/Multi-Class Brain Tumor MRI Dataset Glioma, Health/Brain Cancer MRI Dataset/Brain Cancer MRI Dataset/Brain Cancer MRI Dataset/Healthy/131.jpg",healthy,False
"/kaggle/input/datasets/souaadrahmoun/brnetval/Multi-Class Brain Tumor MRI Dataset Glioma, Health/Brain Cancer MRI Dataset/Brain Cancer MRI Dataset/Brain Cancer MRI Dataset/Healthy/132.jpg",healthy,True
"/kaggle/input/datasets/souaadrahmoun/brnetval/Multi-Class Brain Tumor MRI Dataset Glioma, Health/Brain Cancer MRI Dataset/Brain Cancer MRI Dataset/Brain Cancer MRI Dataset/Healthy/133.jpg",healthy,True
"/kaggle/input/datasets/souaadrahmoun/brnetval/Multi-Class Brain Tumor MRI Dataset Glioma, Health/Brain Cancer MRI Dataset/Brain Cancer MRI Dataset/Brain Cancer MRI Dataset/Healthy/134.jpg",healthy,False
"/kaggle/input/datasets/souaadrahmoun/brnetval/Multi-Class Brain Tumor MRI Dataset Glioma, Health/Brain Cancer MRI Dataset/Brain Cancer MRI Dataset/Brain Cancer MRI Dataset/Healthy/135.jpg",healthy,False
"/kaggle/input/datasets/souaadrahmoun/brnetval/Multi-Class Brain Tumor MRI Dataset Glioma, Health/Brain Cancer MRI Dataset/Brain Cancer MRI Dataset/Brain Cancer MRI Dataset/Healthy/136.jpg",healthy,False
"/kaggle/input/datasets/souaadrahmoun/brnetval/Multi-Class Brain Tumor MRI Dataset Glioma, Health/Brain Cancer MRI Dataset/Brain Cancer MRI Dataset/Brain Cancer MRI Dataset/Healthy/137.jpg",healthy,False
"/kaggle/input/datasets/souaadrahmoun/brnetval/Multi-Class Brain Tumor MRI Dataset Glioma, Health/Brain Cancer MRI Dataset/Brain Cancer MRI Dataset/Brain Cancer MRI Dataset/Healthy/138.jpg",healthy,True
"/kaggle/input/datasets/souaadrahmoun/brnetval/Multi-Class Brain Tumor MRI Dataset Glioma, Health/Brain Cancer MRI Dataset/Brain Cancer MRI Dataset/Brain Cancer MRI Dataset/Healthy/139.jpg",healthy,False
"/kaggle/input/datasets/souaadrahmoun/brnetval/Multi-Class Brain Tumor MRI Dataset Glioma, Health/Brain Cancer MRI Dataset/Brain Cancer MRI Dataset/Brain Cancer MRI Dataset/Healthy/14.jpg",healthy,False
"/kaggle/input/datasets/souaadrahmoun/brnetval/Multi-Class Brain Tumor MRI Dataset Glioma, Health/Brain Cancer MRI Dataset/Brain Cancer MRI Dataset/Brain Cancer MRI Dataset/Healthy/140.jpg",healthy,False
"/kaggle/input/datasets/souaadrahmoun/brnetval/Multi-Class Brain Tumor MRI Dataset Glioma, Health/Brain Cancer MRI Dataset/Brain Cancer MRI Dataset/Brain Cancer MRI Dataset/Healthy/141.jpg",healthy,False
"/kaggle/input/datasets/souaadrahmoun/brnetval/Multi-Class Brain Tumor MRI Dataset Glioma, Health/Brain Cancer MRI Dataset/Brain Cancer MRI Dataset/Brain Cancer MRI Dataset/Healthy/142.jpg",healthy,False
"/kaggle/input/datasets/souaadrahmoun/brnetval/Multi-Class Brain Tumor MRI Dataset Glioma, Health/Brain Cancer MRI Dataset/Brain Cancer MRI Dataset/Brain Cancer MRI Dataset/Healthy/143.jpg",healthy,True
"/kaggle/input/datasets/souaadrahmoun/brnetval/Multi-Class Brain Tumor MRI Dataset Glioma, Health/Brain Cancer MRI Dataset/Brain Cancer MRI Dataset/Brain Cancer MRI Dataset/Healthy/144.jpg",healthy,False
"/kaggle/input/datasets/souaadrahmoun/brnetval/Multi-Class Brain Tumor MRI Dataset Glioma, Health/Brain Cancer MRI Dataset/Brain Cancer MRI Dataset/Brain Cancer MRI Dataset/Healthy/145.jpg",healthy,True
"/kaggle/input/datasets/souaadrahmoun/brnetval/Multi-Class Brain Tumor MRI Dataset Glioma, Health/Brain Cancer MRI Dataset/Brain Cancer MRI Dataset/Brain Cancer MRI Dataset/Healthy/146.jpg",healthy,False
"/kaggle/input/datasets/souaadrahmoun/brnetval/Multi-Class Brain Tumor MRI Dataset Glioma, Health/Brain Cancer MRI Dataset/Brain Cancer MRI Dataset/Brain Cancer MRI Dataset/Healthy/147.jpg",healthy,False
"/kaggle/input/datasets/souaadrahmoun/brnetval/Multi-Class Brain Tumor MRI Dataset Glioma, Health/Brain Cancer MRI Dataset/Brain Cancer MRI Dataset/Brain Cancer MRI Dataset/Healthy/148.jpg",healthy,False
"/kaggle/input/datasets/souaadrahmoun/brnetval/Multi-Class Brain Tumor MRI Dataset Glioma, Health/Brain Cancer MRI Dataset/Brain Cancer MRI Dataset/Brain Cancer MRI Dataset/Healthy/149.jpg",healthy,True
"/kaggle/input/datasets/souaadrahmoun/brnetval/Multi-Class Brain Tumor MRI Dataset Glioma, Health/Brain Cancer MRI Dataset/Brain Cancer MRI Dataset/Brain Cancer MRI Dataset/Healthy/15.jpg",healthy,False
"/kaggle/input/datasets/souaadrahmoun/brnetval/Multi-Class Brain Tumor MRI Dataset Glioma, Health/Brain Cancer MRI Dataset/Brain Cancer MRI Dataset/Brain Cancer MRI Dataset/Healthy/150.jpg",healthy,False
"/kaggle/input/datasets/souaadrahmoun/brnetval/Multi-Class Brain Tumor MRI Dataset Glioma, Health/Brain Cancer MRI Dataset/Brain Cancer MRI Dataset/Brain Cancer MRI Dataset/Healthy/151.jpg",healthy,False
"/kaggle/input/datasets/souaadrahmoun/brnetval/Multi-Class Brain Tumor MRI Dataset Glioma, Health/Brain Cancer MRI Dataset/Brain Cancer MRI Dataset/Brain Cancer MRI Dataset/Healthy/152.jpg",healthy,True
"/kaggle/input/datasets/souaadrahmoun/brnetval/Multi-Class Brain Tumor MRI Dataset Glioma, Health/Brain Cancer MRI Dataset/Brain Cancer MRI Dataset/Brain Cancer MRI Dataset/Healthy/153.jpg",healthy,True
"/kaggle/input/datasets/souaadrahmoun/brnetval/Multi-Class Brain Tumor MRI Dataset Glioma, Health/Brain Cancer MRI Dataset/Brain Cancer MRI Dataset/Brain Cancer MRI Dataset/Healthy/154.jpg",healthy,False
"/kaggle/input/datasets/souaadrahmoun/brnetval/Multi-Class Brain Tumor MRI Dataset Glioma, Health/Brain Cancer MRI Dataset/Brain Cancer MRI Dataset/Brain Cancer MRI Dataset/Healthy/155.jpg",healthy,False
"/kaggle/input/datasets/souaadrahmoun/brnetval/Multi-Class Brain Tumor MRI Dataset Glioma, Health/Brain Cancer MRI Dataset/Brain Cancer MRI Dataset/Brain Cancer MRI Dataset/Healthy/156.jpg",healthy,False
"/kaggle/input/datasets/souaadrahmoun/brnetval/Multi-Class Brain Tumor MRI Dataset Glioma, Health/Brain Cancer MRI Dataset/Brain Cancer MRI Dataset/Brain Cancer MRI Dataset/Healthy/157.jpg",healthy,False
"/kaggle/input/datasets/souaadrahmoun/brnetval/Multi-Class Brain Tumor MRI Dataset Glioma, Health/Brain Cancer MRI Dataset/Brain Cancer MRI Dataset/Brain Cancer MRI Dataset/Healthy/158.jpg",healthy,False
"/kaggle/input/datasets/souaadrahmoun/brnetval/Multi-Class Brain Tumor MRI Dataset Glioma, Health/Brain Cancer MRI Dataset/Brain Cancer MRI Dataset/Brain Cancer MRI Dataset/Healthy/159.jpg",healthy,False
"/kaggle/input/datasets/souaadrahmoun/brnetval/Multi-Class Brain Tumor MRI Dataset Glioma, Health/Brain Cancer MRI Dataset/Brain Cancer MRI Dataset/Brain Cancer MRI Dataset/Healthy/16.jpg",healthy,False
"/kaggle/input/datasets/souaadrahmoun/brnetval/Multi-Class Brain Tumor MRI Dataset Glioma, Health/Brain Cancer MRI Dataset/Brain Cancer MRI Dataset/Brain Cancer MRI Dataset/Healthy/160.jpg",healthy,False
"/kaggle/input/datasets/souaadrahmoun/brnetval/Multi-Class Brain Tumor MRI Dataset Glioma, Health/Brain Cancer MRI Dataset/Brain Cancer MRI Dataset/Brain Cancer MRI Dataset/Healthy/161.jpg",healthy,True
"/kaggle/input/datasets/souaadrahmoun/brnetval/Multi-Class Brain Tumor MRI Dataset Glioma, Health/Brain Cancer MRI Dataset/Brain Cancer MRI Dataset/Brain Cancer MRI Dataset/Healthy/162.jpg",healthy,False
"/kaggle/input/datasets/souaadrahmoun/brnetval/Multi-Class Brain Tumor MRI Dataset Glioma, Health/Brain Cancer MRI Dataset/Brain Cancer MRI Dataset/Brain Cancer MRI Dataset/Healthy/163.jpg",healthy,False
"/kaggle/input/datasets/souaadrahmoun/brnetval/Multi-Class Brain Tumor MRI Dataset Glioma, Health/Brain Cancer MRI Dataset/Brain Cancer MRI Dataset/Brain Cancer MRI Dataset/Healthy/164.jpg",healthy,False
"/kaggle/input/datasets/souaadrahmoun/brnetval/Multi-Class Brain Tumor MRI Dataset Glioma, Health/Brain Cancer MRI Dataset/Brain Cancer MRI Dataset/Brain Cancer MRI Dataset/Healthy/165.jpg",healthy,False
"/kaggle/input/datasets/souaadrahmoun/brnetval/Multi-Class Brain Tumor MRI Dataset Glioma, Health/Brain Cancer MRI Dataset/Brain Cancer MRI Dataset/Brain Cancer MRI Dataset/Healthy/166.jpg",healthy,False
"/kaggle/input/datasets/souaadrahmoun/brnetval/Multi-Class Brain Tumor MRI Dataset Glioma, Health/Brain Cancer MRI Dataset/Brain Cancer MRI Dataset/Brain Cancer MRI Dataset/Healthy/167.jpg",healthy,True
"/kaggle/input/datasets/souaadrahmoun/brnetval/Multi-Class Brain Tumor MRI Dataset Glioma, Health/Brain Cancer MRI Dataset/Brain Cancer MRI Dataset/Brain Cancer MRI Dataset/Healthy/168.jpg",healthy,False
"/kaggle/input/datasets/souaadrahmoun/brnetval/Multi-Class Brain Tumor MRI Dataset Glioma, Health/Brain Cancer MRI Dataset/Brain Cancer MRI Dataset/Brain Cancer MRI Dataset/Healthy/169.jpg",healthy,False
"/kaggle/input/datasets/souaadrahmoun/brnetval/Multi-Class Brain Tumor MRI Dataset Glioma, Health/Brain Cancer MRI Dataset/Brain Cancer MRI Dataset/Brain Cancer MRI Dataset/Healthy/17.jpg",healthy,False
"/kaggle/input/datasets/souaadrahmoun/brnetval/Multi-Class Brain Tumor MRI Dataset Glioma, Health/Brain Cancer MRI Dataset/Brain Cancer MRI Dataset/Brain Cancer MRI Dataset/Healthy/170.jpg",healthy,False
"/kaggle/input/datasets/souaadrahmoun/brnetval/Multi-Class Brain Tumor MRI Dataset Glioma, Health/Brain Cancer MRI Dataset/Brain Cancer MRI Dataset/Brain Cancer MRI Dataset/Healthy/171.jpg",healthy,False
"/kaggle/input/datasets/souaadrahmoun/brnetval/Multi-Class Brain Tumor MRI Dataset Glioma, Health/Brain Cancer MRI Dataset/Brain Cancer MRI Dataset/Brain Cancer MRI Dataset/Healthy/172.jpg",healthy,True
"/kaggle/input/datasets/souaadrahmoun/brnetval/Multi-Class Brain Tumor MRI Dataset Glioma, Health/Brain Cancer MRI Dataset/Brain Cancer MRI Dataset/Brain Cancer MRI Dataset/Healthy/173.jpg",healthy,False
"/kaggle/input/datasets/souaadrahmoun/brnetval/Multi-Class Brain Tumor MRI Dataset Glioma, Health/Brain Cancer MRI Dataset/Brain Cancer MRI Dataset/Brain Cancer MRI Dataset/Healthy/174.jpg",healthy,False
"/kaggle/input/datasets/souaadrahmoun/brnetval/Multi-Class Brain Tumor MRI Dataset Glioma, Health/Brain Cancer MRI Dataset/Brain Cancer MRI Dataset/Brain Cancer MRI Dataset/Healthy/175.jpg",healthy,False
"/kaggle/input/datasets/souaadrahmoun/brnetval/Multi-Class Brain Tumor MRI Dataset Glioma, Health/Brain Cancer MRI Dataset/Brain Cancer MRI Dataset/Brain Cancer MRI Dataset/Healthy/176.jpg",healthy,True
"/kaggle/input/datasets/souaadrahmoun/brnetval/Multi-Class Brain Tumor MRI Dataset Glioma, Health/Brain Cancer MRI Dataset/Brain Cancer MRI Dataset/Brain Cancer MRI Dataset/Healthy/177.jpg",healthy,True
"/kaggle/input/datasets/souaadrahmoun/brnetval/Multi-Class Brain Tumor MRI Dataset Glioma, Health/Brain Cancer MRI Dataset/Brain Cancer MRI Dataset/Brain Cancer MRI Dataset/Healthy/178.jpg",healthy,False
"/kaggle/input/datasets/souaadrahmoun/brnetval/Multi-Class Brain Tumor MRI Dataset Glioma, Health/Brain Cancer MRI Dataset/Brain Cancer MRI Dataset/Brain Cancer MRI Dataset/Healthy/179.jpg",healthy,False
"/kaggle/input/datasets/souaadrahmoun/brnetval/Multi-Class Brain Tumor MRI Dataset Glioma, Health/Brain Cancer MRI Dataset/Brain Cancer MRI Dataset/Brain Cancer MRI Dataset/Healthy/18.jpg",healthy,True
"/kaggle/input/datasets/souaadrahmoun/brnetval/Multi-Class Brain Tumor MRI Dataset Glioma, Health/Brain Cancer MRI Dataset/Brain Cancer MRI Dataset/Brain Cancer MRI Dataset/Healthy/180.jpg",healthy,False
"/kaggle/input/datasets/souaadrahmoun/brnetval/Multi-Class Brain Tumor MRI Dataset Glioma, Health/Brain Cancer MRI Dataset/Brain Cancer MRI Dataset/Brain Cancer MRI Dataset/Healthy/181.jpg",healthy,False
"/kaggle/input/datasets/souaadrahmoun/brnetval/Multi-Class Brain Tumor MRI Dataset Glioma, Health/Brain Cancer MRI Dataset/Brain Cancer MRI Dataset/Brain Cancer MRI Dataset/Healthy/182.jpg",healthy,False
"/kaggle/input/datasets/souaadrahmoun/brnetval/Multi-Class Brain Tumor MRI Dataset Glioma, Health/Brain Cancer MRI Dataset/Brain Cancer MRI Dataset/Brain Cancer MRI Dataset/Healthy/183.jpg",healthy,False
"/kaggle/input/datasets/souaadrahmoun/brnetval/Multi-Class Brain Tumor MRI Dataset Glioma, Health/Brain Cancer MRI Dataset/Brain Cancer MRI Dataset/Brain Cancer MRI Dataset/Healthy/184.jpg",healthy,False
"/kaggle/input/datasets/souaadrahmoun/brnetval/Multi-Class Brain Tumor MRI Dataset Glioma, Health/Brain Cancer MRI Dataset/Brain Cancer MRI Dataset/Brain Cancer MRI Dataset/Healthy/185.jpg",healthy,False
"/kaggle/input/datasets/souaadrahmoun/brnetval/Multi-Class Brain Tumor MRI Dataset Glioma, Health/Brain Cancer MRI Dataset/Brain Cancer MRI Dataset/Brain Cancer MRI Dataset/Healthy/186.jpg",healthy,False
"/kaggle/input/datasets/souaadrahmoun/brnetval/Multi-Class Brain Tumor MRI Dataset Glioma, Health/Brain Cancer MRI Dataset/Brain Cancer MRI Dataset/Brain Cancer MRI Dataset/Healthy/187.jpg",healthy,True
"/kaggle/input/datasets/souaadrahmoun/brnetval/Multi-Class Brain Tumor MRI Dataset Glioma, Health/Brain Cancer MRI Dataset/Brain Cancer MRI Dataset/Brain Cancer MRI Dataset/Healthy/188.jpg",healthy,False
"/kaggle/input/datasets/souaadrahmoun/brnetval/Multi-Class Brain Tumor MRI Dataset Glioma, Health/Brain Cancer MRI Dataset/Brain Cancer MRI Dataset/Brain Cancer MRI Dataset/Healthy/189.jpg",healthy,False
"/kaggle/input/datasets/souaadrahmoun/brnetval/Multi-Class Brain Tumor MRI Dataset Glioma, Health/Brain Cancer MRI Dataset/Brain Cancer MRI Dataset/Brain Cancer MRI Dataset/Healthy/19.jpg",healthy,False
"/kaggle/input/datasets/souaadrahmoun/brnetval/Multi-Class Brain Tumor MRI Dataset Glioma, Health/Brain Cancer MRI Dataset/Brain Cancer MRI Dataset/Brain Cancer MRI Dataset/Healthy/191.jpg",healthy,False
"/kaggle/input/datasets/souaadrahmoun/brnetval/Multi-Class Brain Tumor MRI Dataset Glioma, Health/Brain Cancer MRI Dataset/Brain Cancer MRI Dataset/Brain Cancer MRI Dataset/Healthy/193.jpg",healthy,True
"/kaggle/input/datasets/souaadrahmoun/brnetval/Multi-Class Brain Tumor MRI Dataset Glioma, Health/Brain Cancer MRI Dataset/Brain Cancer MRI Dataset/Brain Cancer MRI Dataset/Healthy/194.jpg",healthy,False
"/kaggle/input/datasets/souaadrahmoun/brnetval/Multi-Class Brain Tumor MRI Dataset Glioma, Health/Brain Cancer MRI Dataset/Brain Cancer MRI Dataset/Brain Cancer MRI Dataset/Healthy/195.jpg",healthy,False
"/kaggle/input/datasets/souaadrahmoun/brnetval/Multi-Class Brain Tumor MRI Dataset Glioma, Health/Brain Cancer MRI Dataset/Brain Cancer MRI Dataset/Brain Cancer MRI Dataset/Healthy/196.jpg",healthy,False
"/kaggle/input/datasets/souaadrahmoun/brnetval/Multi-Class Brain Tumor MRI Dataset Glioma, Health/Brain Cancer MRI Dataset/Brain Cancer MRI Dataset/Brain Cancer MRI Dataset/Healthy/197.jpg",healthy,False
"/kaggle/input/datasets/souaadrahmoun/brnetval/Multi-Class Brain Tumor MRI Dataset Glioma, Health/Brain Cancer MRI Dataset/Brain Cancer MRI Dataset/Brain Cancer MRI Dataset/Healthy/198.jpg",healthy,False
"/kaggle/input/datasets/souaadrahmoun/brnetval/Multi-Class Brain Tumor MRI Dataset Glioma, Health/Brain Cancer MRI Dataset/Brain Cancer MRI Dataset/Brain Cancer MRI Dataset/Healthy/199.jpg",healthy,False
"/kaggle/input/datasets/souaadrahmoun/brnetval/Multi-Class Brain Tumor MRI Dataset Glioma, Health/Brain Cancer MRI Dataset/Brain Cancer MRI Dataset/Brain Cancer MRI Dataset/Healthy/2.jpg",healthy,True
"/kaggle/input/datasets/souaadrahmoun/brnetval/Multi-Class Brain Tumor MRI Dataset Glioma, Health/Brain Cancer MRI Dataset/Brain Cancer MRI Dataset/Brain Cancer MRI Dataset/Healthy/20.jpg",healthy,False
"/kaggle/input/datasets/souaadrahmoun/brnetval/Multi-Class Brain Tumor MRI Dataset Glioma, Health/Brain Cancer MRI Dataset/Brain Cancer MRI Dataset/Brain Cancer MRI Dataset/Healthy/200.jpg",healthy,False
"/kaggle/input/datasets/souaadrahmoun/brnetval/Multi-Class Brain Tumor MRI Dataset Glioma, Health/Brain Cancer MRI Dataset/Brain Cancer MRI Dataset/Brain Cancer MRI Dataset/Healthy/201.jpg",healthy,False
"/kaggle/input/datasets/souaadrahmoun/brnetval/Multi-Class Brain Tumor MRI Dataset Glioma, Health/Brain Cancer MRI Dataset/Brain Cancer MRI Dataset/Brain Cancer MRI Dataset/Healthy/202.jpg",healthy,False
"/kaggle/input/datasets/souaadrahmoun/brnetval/Multi-Class Brain Tumor MRI Dataset Glioma, Health/Brain Cancer MRI Dataset/Brain Cancer MRI Dataset/Brain Cancer MRI Dataset/Healthy/203.jpg",healthy,False
"/kaggle/input/datasets/souaadrahmoun/brnetval/Multi-Class Brain Tumor MRI Dataset Glioma, Health/Brain Cancer MRI Dataset/Brain Cancer MRI Dataset/Brain Cancer MRI Dataset/Healthy/204.jpg",healthy,False
"/kaggle/input/datasets/souaadrahmoun/brnetval/Multi-Class Brain Tumor MRI Dataset Glioma, Health/Brain Cancer MRI Dataset/Brain Cancer MRI Dataset/Brain Cancer MRI Dataset/Healthy/205.jpg",healthy,True
"/kaggle/input/datasets/souaadrahmoun/brnetval/Multi-Class Brain Tumor MRI Dataset Glioma, Health/Brain Cancer MRI Dataset/Brain Cancer MRI Dataset/Brain Cancer MRI Dataset/Healthy/206.jpg",healthy,False
"/kaggle/input/datasets/souaadrahmoun/brnetval/Multi-Class Brain Tumor MRI Dataset Glioma, Health/Brain Cancer MRI Dataset/Brain Cancer MRI Dataset/Brain Cancer MRI Dataset/Healthy/207.jpg",healthy,False
"/kaggle/input/datasets/souaadrahmoun/brnetval/Multi-Class Brain Tumor MRI Dataset Glioma, Health/Brain Cancer MRI Dataset/Brain Cancer MRI Dataset/Brain Cancer MRI Dataset/Healthy/208.jpg",healthy,False
"/kaggle/input/datasets/souaadrahmoun/brnetval/Multi-Class Brain Tumor MRI Dataset Glioma, Health/Brain Cancer MRI Dataset/Brain Cancer MRI Dataset/Brain Cancer MRI Dataset/Healthy/209.jpg",healthy,True
"/kaggle/input/datasets/souaadrahmoun/brnetval/Multi-Class Brain Tumor MRI Dataset Glioma, Health/Brain Cancer MRI Dataset/Brain Cancer MRI Dataset/Brain Cancer MRI Dataset/Healthy/21.jpg",healthy,False
"/kaggle/input/datasets/souaadrahmoun/brnetval/Multi-Class Brain Tumor MRI Dataset Glioma, Health/Brain Cancer MRI Dataset/Brain Cancer MRI Dataset/Brain Cancer MRI Dataset/Healthy/210.jpg",healthy,False
"/kaggle/input/datasets/souaadrahmoun/brnetval/Multi-Class Brain Tumor MRI Dataset Glioma, Health/Brain Cancer MRI Dataset/Brain Cancer MRI Dataset/Brain Cancer MRI Dataset/Healthy/212.jpg",healthy,False
"/kaggle/input/datasets/souaadrahmoun/brnetval/Multi-Class Brain Tumor MRI Dataset Glioma, Health/Brain Cancer MRI Dataset/Brain Cancer MRI Dataset/Brain Cancer MRI Dataset/Healthy/213.jpg",healthy,False
"/kaggle/input/datasets/souaadrahmoun/brnetval/Multi-Class Brain Tumor MRI Dataset Glioma, Health/Brain Cancer MRI Dataset/Brain Cancer MRI Dataset/Brain Cancer MRI Dataset/Healthy/214.jpg",healthy,False
"/kaggle/input/datasets/souaadrahmoun/brnetval/Multi-Class Brain Tumor MRI Dataset Glioma, Health/Brain Cancer MRI Dataset/Brain Cancer MRI Dataset/Brain Cancer MRI Dataset/Healthy/215.jpg",healthy,False
"/kaggle/input/datasets/souaadrahmoun/brnetval/Multi-Class Brain Tumor MRI Dataset Glioma, Health/Brain Cancer MRI Dataset/Brain Cancer MRI Dataset/Brain Cancer MRI Dataset/Healthy/216.jpg",healthy,False
"/kaggle/input/datasets/souaadrahmoun/brnetval/Multi-Class Brain Tumor MRI Dataset Glioma, Health/Brain Cancer MRI Dataset/Brain Cancer MRI Dataset/Brain Cancer MRI Dataset/Healthy/217.jpg",healthy,True
"/kaggle/input/datasets/souaadrahmoun/brnetval/Multi-Class Brain Tumor MRI Dataset Glioma, Health/Brain Cancer MRI Dataset/Brain Cancer MRI Dataset/Brain Cancer MRI Dataset/Healthy/218.jpg",healthy,True
"/kaggle/input/datasets/souaadrahmoun/brnetval/Multi-Class Brain Tumor MRI Dataset Glioma, Health/Brain Cancer MRI Dataset/Brain Cancer MRI Dataset/Brain Cancer MRI Dataset/Healthy/219.jpg",healthy,True
"/kaggle/input/datasets/souaadrahmoun/brnetval/Multi-Class Brain Tumor MRI Dataset Glioma, Health/Brain Cancer MRI Dataset/Brain Cancer MRI Dataset/Brain Cancer MRI Dataset/Healthy/22.jpg",healthy,True
"/kaggle/input/datasets/souaadrahmoun/brnetval/Multi-Class Brain Tumor MRI Dataset Glioma, Health/Brain Cancer MRI Dataset/Brain Cancer MRI Dataset/Brain Cancer MRI Dataset/Healthy/220.jpg",healthy,False
"/kaggle/input/datasets/souaadrahmoun/brnetval/Multi-Class Brain Tumor MRI Dataset Glioma, Health/Brain Cancer MRI Dataset/Brain Cancer MRI Dataset/Brain Cancer MRI Dataset/Healthy/221.jpg",healthy,False
"/kaggle/input/datasets/souaadrahmoun/brnetval/Multi-Class Brain Tumor MRI Dataset Glioma, Health/Brain Cancer MRI Dataset/Brain Cancer MRI Dataset/Brain Cancer MRI Dataset/Healthy/222.jpg",healthy,False
"/kaggle/input/datasets/souaadrahmoun/brnetval/Multi-Class Brain Tumor MRI Dataset Glioma, Health/Brain Cancer MRI Dataset/Brain Cancer MRI Dataset/Brain Cancer MRI Dataset/Healthy/223.jpg",healthy,False
"/kaggle/input/datasets/souaadrahmoun/brnetval/Multi-Class Brain Tumor MRI Dataset Glioma, Health/Brain Cancer MRI Dataset/Brain Cancer MRI Dataset/Brain Cancer MRI Dataset/Healthy/224.jpg",healthy,False
"/kaggle/input/datasets/souaadrahmoun/brnetval/Multi-Class Brain Tumor MRI Dataset Glioma, Health/Brain Cancer MRI Dataset/Brain Cancer MRI Dataset/Brain Cancer MRI Dataset/Healthy/225.jpg",healthy,False
"/kaggle/input/datasets/souaadrahmoun/brnetval/Multi-Class Brain Tumor MRI Dataset Glioma, Health/Brain Cancer MRI Dataset/Brain Cancer MRI Dataset/Brain Cancer MRI Dataset/Healthy/226.jpg",healthy,False
"/kaggle/input/datasets/souaadrahmoun/brnetval/Multi-Class Brain Tumor MRI Dataset Glioma, Health/Brain Cancer MRI Dataset/Brain Cancer MRI Dataset/Brain Cancer MRI Dataset/Healthy/227.jpg",healthy,False
"/kaggle/input/datasets/souaadrahmoun/brnetval/Multi-Class Brain Tumor MRI Dataset Glioma, Health/Brain Cancer MRI Dataset/Brain Cancer MRI Dataset/Brain Cancer MRI Dataset/Healthy/228.jpg",healthy,False
"/kaggle/input/datasets/souaadrahmoun/brnetval/Multi-Class Brain Tumor MRI Dataset Glioma, Health/Brain Cancer MRI Dataset/Brain Cancer MRI Dataset/Brain Cancer MRI Dataset/Healthy/229.jpg",healthy,False
"/kaggle/input/datasets/souaadrahmoun/brnetval/Multi-Class Brain Tumor MRI Dataset Glioma, Health/Brain Cancer MRI Dataset/Brain Cancer MRI Dataset/Brain Cancer MRI Dataset/Healthy/23.jpg",healthy,False
"/kaggle/input/datasets/souaadrahmoun/brnetval/Multi-Class Brain Tumor MRI Dataset Glioma, Health/Brain Cancer MRI Dataset/Brain Cancer MRI Dataset/Brain Cancer MRI Dataset/Healthy/230.jpg",healthy,False
"/kaggle/input/datasets/souaadrahmoun/brnetval/Multi-Class Brain Tumor MRI Dataset Glioma, Health/Brain Cancer MRI Dataset/Brain Cancer MRI Dataset/Brain Cancer MRI Dataset/Healthy/231.jpg",healthy,False
"/kaggle/input/datasets/souaadrahmoun/brnetval/Multi-Class Brain Tumor MRI Dataset Glioma, Health/Brain Cancer MRI Dataset/Brain Cancer MRI Dataset/Brain Cancer MRI Dataset/Healthy/233.jpg",healthy,False
"/kaggle/input/datasets/souaadrahmoun/brnetval/Multi-Class Brain Tumor MRI Dataset Glioma, Health/Brain Cancer MRI Dataset/Brain Cancer MRI Dataset/Brain Cancer MRI Dataset/Healthy/235.jpg",healthy,False
"/kaggle/input/datasets/souaadrahmoun/brnetval/Multi-Class Brain Tumor MRI Dataset Glioma, Health/Brain Cancer MRI Dataset/Brain Cancer MRI Dataset/Brain Cancer MRI Dataset/Healthy/237.jpg",healthy,False
"/kaggle/input/datasets/souaadrahmoun/brnetval/Multi-Class Brain Tumor MRI Dataset Glioma, Health/Brain Cancer MRI Dataset/Brain Cancer MRI Dataset/Brain Cancer MRI Dataset/Healthy/238.jpg",healthy,True
"/kaggle/input/datasets/souaadrahmoun/brnetval/Multi-Class Brain Tumor MRI Dataset Glioma, Health/Brain Cancer MRI Dataset/Brain Cancer MRI Dataset/Brain Cancer MRI Dataset/Healthy/239.jpg",healthy,True
"/kaggle/input/datasets/souaadrahmoun/brnetval/Multi-Class Brain Tumor MRI Dataset Glioma, Health/Brain Cancer MRI Dataset/Brain Cancer MRI Dataset/Brain Cancer MRI Dataset/Healthy/24.jpg",healthy,False
"/kaggle/input/datasets/souaadrahmoun/brnetval/Multi-Class Brain Tumor MRI Dataset Glioma, Health/Brain Cancer MRI Dataset/Brain Cancer MRI Dataset/Brain Cancer MRI Dataset/Healthy/240.jpg",healthy,False
"/kaggle/input/datasets/souaadrahmoun/brnetval/Multi-Class Brain Tumor MRI Dataset Glioma, Health/Brain Cancer MRI Dataset/Brain Cancer MRI Dataset/Brain Cancer MRI Dataset/Healthy/241.jpg",healthy,False
"/kaggle/input/datasets/souaadrahmoun/brnetval/Multi-Class Brain Tumor MRI Dataset Glioma, Health/Brain Cancer MRI Dataset/Brain Cancer MRI Dataset/Brain Cancer MRI Dataset/Healthy/242.jpg",healthy,False
"/kaggle/input/datasets/souaadrahmoun/brnetval/Multi-Class Brain Tumor MRI Dataset Glioma, Health/Brain Cancer MRI Dataset/Brain Cancer MRI Dataset/Brain Cancer MRI Dataset/Healthy/243.jpg",healthy,False
"/kaggle/input/datasets/souaadrahmoun/brnetval/Multi-Class Brain Tumor MRI Dataset Glioma, Health/Brain Cancer MRI Dataset/Brain Cancer MRI Dataset/Brain Cancer MRI Dataset/Healthy/244.jpg",healthy,False
"/kaggle/input/datasets/souaadrahmoun/brnetval/Multi-Class Brain Tumor MRI Dataset Glioma, Health/Brain Cancer MRI Dataset/Brain Cancer MRI Dataset/Brain Cancer MRI Dataset/Healthy/245.jpg",healthy,False
"/kaggle/input/datasets/souaadrahmoun/brnetval/Multi-Class Brain Tumor MRI Dataset Glioma, Health/Brain Cancer MRI Dataset/Brain Cancer MRI Dataset/Brain Cancer MRI Dataset/Healthy/246.jpg",healthy,False
"/kaggle/input/datasets/souaadrahmoun/brnetval/Multi-Class Brain Tumor MRI Dataset Glioma, Health/Brain Cancer MRI Dataset/Brain Cancer MRI Dataset/Brain Cancer MRI Dataset/Healthy/247.jpg",healthy,False
"/kaggle/input/datasets/souaadrahmoun/brnetval/Multi-Class Brain Tumor MRI Dataset Glioma, Health/Brain Cancer MRI Dataset/Brain Cancer MRI Dataset/Brain Cancer MRI Dataset/Healthy/248.jpg",healthy,False
"/kaggle/input/datasets/souaadrahmoun/brnetval/Multi-Class Brain Tumor MRI Dataset Glioma, Health/Brain Cancer MRI Dataset/Brain Cancer MRI Dataset/Brain Cancer MRI Dataset/Healthy/249.jpg",healthy,False
"/kaggle/input/datasets/souaadrahmoun/brnetval/Multi-Class Brain Tumor MRI Dataset Glioma, Health/Brain Cancer MRI Dataset/Brain Cancer MRI Dataset/Brain Cancer MRI Dataset/Healthy/25.jpg",healthy,False
"/kaggle/input/datasets/souaadrahmoun/brnetval/Multi-Class Brain Tumor MRI Dataset Glioma, Health/Brain Cancer MRI Dataset/Brain Cancer MRI Dataset/Brain Cancer MRI Dataset/Healthy/250.jpg",healthy,False
"/kaggle/input/datasets/souaadrahmoun/brnetval/Multi-Class Brain Tumor MRI Dataset Glioma, Health/Brain Cancer MRI Dataset/Brain Cancer MRI Dataset/Brain Cancer MRI Dataset/Healthy/251.jpg",healthy,False
"/kaggle/input/datasets/souaadrahmoun/brnetval/Multi-Class Brain Tumor MRI Dataset Glioma, Health/Brain Cancer MRI Dataset/Brain Cancer MRI Dataset/Brain Cancer MRI Dataset/Healthy/252.jpg",healthy,False
"/kaggle/input/datasets/souaadrahmoun/brnetval/Multi-Class Brain Tumor MRI Dataset Glioma, Health/Brain Cancer MRI Dataset/Brain Cancer MRI Dataset/Brain Cancer MRI Dataset/Healthy/253.jpg",healthy,False
"/kaggle/input/datasets/souaadrahmoun/brnetval/Multi-Class Brain Tumor MRI Dataset Glioma, Health/Brain Cancer MRI Dataset/Brain Cancer MRI Dataset/Brain Cancer MRI Dataset/Healthy/254.jpg",healthy,False
"/kaggle/input/datasets/souaadrahmoun/brnetval/Multi-Class Brain Tumor MRI Dataset Glioma, Health/Brain Cancer MRI Dataset/Brain Cancer MRI Dataset/Brain Cancer MRI Dataset/Healthy/255.jpg",healthy,True
"/kaggle/input/datasets/souaadrahmoun/brnetval/Multi-Class Brain Tumor MRI Dataset Glioma, Health/Brain Cancer MRI Dataset/Brain Cancer MRI Dataset/Brain Cancer MRI Dataset/Healthy/256.jpg",healthy,False
"/kaggle/input/datasets/souaadrahmoun/brnetval/Multi-Class Brain Tumor MRI Dataset Glioma, Health/Brain Cancer MRI Dataset/Brain Cancer MRI Dataset/Brain Cancer MRI Dataset/Healthy/257.jpg",healthy,False
"/kaggle/input/datasets/souaadrahmoun/brnetval/Multi-Class Brain Tumor MRI Dataset Glioma, Health/Brain Cancer MRI Dataset/Brain Cancer MRI Dataset/Brain Cancer MRI Dataset/Healthy/258.jpg",healthy,False
"/kaggle/input/datasets/souaadrahmoun/brnetval/Multi-Class Brain Tumor MRI Dataset Glioma, Health/Brain Cancer MRI Dataset/Brain Cancer MRI Dataset/Brain Cancer MRI Dataset/Healthy/259.jpg",healthy,False
"/kaggle/input/datasets/souaadrahmoun/brnetval/Multi-Class Brain Tumor MRI Dataset Glioma, Health/Brain Cancer MRI Dataset/Brain Cancer MRI Dataset/Brain Cancer MRI Dataset/Healthy/26.jpg",healthy,True
"/kaggle/input/datasets/souaadrahmoun/brnetval/Multi-Class Brain Tumor MRI Dataset Glioma, Health/Brain Cancer MRI Dataset/Brain Cancer MRI Dataset/Brain Cancer MRI Dataset/Healthy/260.jpg",healthy,False
"/kaggle/input/datasets/souaadrahmoun/brnetval/Multi-Class Brain Tumor MRI Dataset Glioma, Health/Brain Cancer MRI Dataset/Brain Cancer MRI Dataset/Brain Cancer MRI Dataset/Healthy/261.jpg",healthy,False
"/kaggle/input/datasets/souaadrahmoun/brnetval/Multi-Class Brain Tumor MRI Dataset Glioma, Health/Brain Cancer MRI Dataset/Brain Cancer MRI Dataset/Brain Cancer MRI Dataset/Healthy/262.jpg",healthy,True
"/kaggle/input/datasets/souaadrahmoun/brnetval/Multi-Class Brain Tumor MRI Dataset Glioma, Health/Brain Cancer MRI Dataset/Brain Cancer MRI Dataset/Brain Cancer MRI Dataset/Healthy/263.jpg",healthy,False
"/kaggle/input/datasets/souaadrahmoun/brnetval/Multi-Class Brain Tumor MRI Dataset Glioma, Health/Brain Cancer MRI Dataset/Brain Cancer MRI Dataset/Brain Cancer MRI Dataset/Healthy/264.jpg",healthy,False
"/kaggle/input/datasets/souaadrahmoun/brnetval/Multi-Class Brain Tumor MRI Dataset Glioma, Health/Brain Cancer MRI Dataset/Brain Cancer MRI Dataset/Brain Cancer MRI Dataset/Healthy/265.jpg",healthy,False
"/kaggle/input/datasets/souaadrahmoun/brnetval/Multi-Class Brain Tumor MRI Dataset Glioma, Health/Brain Cancer MRI Dataset/Brain Cancer MRI Dataset/Brain Cancer MRI Dataset/Healthy/266.jpg",healthy,False
"/kaggle/input/datasets/souaadrahmoun/brnetval/Multi-Class Brain Tumor MRI Dataset Glioma, Health/Brain Cancer MRI Dataset/Brain Cancer MRI Dataset/Brain Cancer MRI Dataset/Healthy/267.jpg",healthy,False
"/kaggle/input/datasets/souaadrahmoun/brnetval/Multi-Class Brain Tumor MRI Dataset Glioma, Health/Brain Cancer MRI Dataset/Brain Cancer MRI Dataset/Brain Cancer MRI Dataset/Healthy/268.jpg",healthy,False
"/kaggle/input/datasets/souaadrahmoun/brnetval/Multi-Class Brain Tumor MRI Dataset Glioma, Health/Brain Cancer MRI Dataset/Brain Cancer MRI Dataset/Brain Cancer MRI Dataset/Healthy/269.jpg",healthy,False
"/kaggle/input/datasets/souaadrahmoun/brnetval/Multi-Class Brain Tumor MRI Dataset Glioma, Health/Brain Cancer MRI Dataset/Brain Cancer MRI Dataset/Brain Cancer MRI Dataset/Healthy/27.jpg",healthy,True
"/kaggle/input/datasets/souaadrahmoun/brnetval/Multi-Class Brain Tumor MRI Dataset Glioma, Health/Brain Cancer MRI Dataset/Brain Cancer MRI Dataset/Brain Cancer MRI Dataset/Healthy/270.jpg",healthy,False
"/kaggle/input/datasets/souaadrahmoun/brnetval/Multi-Class Brain Tumor MRI Dataset Glioma, Health/Brain Cancer MRI Dataset/Brain Cancer MRI Dataset/Brain Cancer MRI Dataset/Healthy/271.jpg",healthy,False
"/kaggle/input/datasets/souaadrahmoun/brnetval/Multi-Class Brain Tumor MRI Dataset Glioma, Health/Brain Cancer MRI Dataset/Brain Cancer MRI Dataset/Brain Cancer MRI Dataset/Healthy/272.jpg",healthy,False
"/kaggle/input/datasets/souaadrahmoun/brnetval/Multi-Class Brain Tumor MRI Dataset Glioma, Health/Brain Cancer MRI Dataset/Brain Cancer MRI Dataset/Brain Cancer MRI Dataset/Healthy/273.jpg",healthy,False
"/kaggle/input/datasets/souaadrahmoun/brnetval/Multi-Class Brain Tumor MRI Dataset Glioma, Health/Brain Cancer MRI Dataset/Brain Cancer MRI Dataset/Brain Cancer MRI Dataset/Healthy/274.jpg",healthy,False
"/kaggle/input/datasets/souaadrahmoun/brnetval/Multi-Class Brain Tumor MRI Dataset Glioma, Health/Brain Cancer MRI Dataset/Brain Cancer MRI Dataset/Brain Cancer MRI Dataset/Healthy/275.jpg",healthy,False
"/kaggle/input/datasets/souaadrahmoun/brnetval/Multi-Class Brain Tumor MRI Dataset Glioma, Health/Brain Cancer MRI Dataset/Brain Cancer MRI Dataset/Brain Cancer MRI Dataset/Healthy/276.jpg",healthy,False
"/kaggle/input/datasets/souaadrahmoun/brnetval/Multi-Class Brain Tumor MRI Dataset Glioma, Health/Brain Cancer MRI Dataset/Brain Cancer MRI Dataset/Brain Cancer MRI Dataset/Healthy/277.jpg",healthy,False
"/kaggle/input/datasets/souaadrahmoun/brnetval/Multi-Class Brain Tumor MRI Dataset Glioma, Health/Brain Cancer MRI Dataset/Brain Cancer MRI Dataset/Brain Cancer MRI Dataset/Healthy/278.jpg",healthy,True
"/kaggle/input/datasets/souaadrahmoun/brnetval/Multi-Class Brain Tumor MRI Dataset Glioma, Health/Brain Cancer MRI Dataset/Brain Cancer MRI Dataset/Brain Cancer MRI Dataset/Healthy/28.jpg",healthy,False
"/kaggle/input/datasets/souaadrahmoun/brnetval/Multi-Class Brain Tumor MRI Dataset Glioma, Health/Brain Cancer MRI Dataset/Brain Cancer MRI Dataset/Brain Cancer MRI Dataset/Healthy/280.jpg",healthy,True
"/kaggle/input/datasets/souaadrahmoun/brnetval/Multi-Class Brain Tumor MRI Dataset Glioma, Health/Brain Cancer MRI Dataset/Brain Cancer MRI Dataset/Brain Cancer MRI Dataset/Healthy/281.jpg",healthy,False
"/kaggle/input/datasets/souaadrahmoun/brnetval/Multi-Class Brain Tumor MRI Dataset Glioma, Health/Brain Cancer MRI Dataset/Brain Cancer MRI Dataset/Brain Cancer MRI Dataset/Healthy/282.jpg",healthy,False
"/kaggle/input/datasets/souaadrahmoun/brnetval/Multi-Class Brain Tumor MRI Dataset Glioma, Health/Brain Cancer MRI Dataset/Brain Cancer MRI Dataset/Brain Cancer MRI Dataset/Healthy/283.jpg",healthy,True
"/kaggle/input/datasets/souaadrahmoun/brnetval/Multi-Class Brain Tumor MRI Dataset Glioma, Health/Brain Cancer MRI Dataset/Brain Cancer MRI Dataset/Brain Cancer MRI Dataset/Healthy/284.jpg",healthy,True
"/kaggle/input/datasets/souaadrahmoun/brnetval/Multi-Class Brain Tumor MRI Dataset Glioma, Health/Brain Cancer MRI Dataset/Brain Cancer MRI Dataset/Brain Cancer MRI Dataset/Healthy/285.jpg",healthy,True
"/kaggle/input/datasets/souaadrahmoun/brnetval/Multi-Class Brain Tumor MRI Dataset Glioma, Health/Brain Cancer MRI Dataset/Brain Cancer MRI Dataset/Brain Cancer MRI Dataset/Healthy/286.jpg",healthy,False
"/kaggle/input/datasets/souaadrahmoun/brnetval/Multi-Class Brain Tumor MRI Dataset Glioma, Health/Brain Cancer MRI Dataset/Brain Cancer MRI Dataset/Brain Cancer MRI Dataset/Healthy/287.jpg",healthy,False
"/kaggle/input/datasets/souaadrahmoun/brnetval/Multi-Class Brain Tumor MRI Dataset Glioma, Health/Brain Cancer MRI Dataset/Brain Cancer MRI Dataset/Brain Cancer MRI Dataset/Healthy/288.jpg",healthy,False
"/kaggle/input/datasets/souaadrahmoun/brnetval/Multi-Class Brain Tumor MRI Dataset Glioma, Health/Brain Cancer MRI Dataset/Brain Cancer MRI Dataset/Brain Cancer MRI Dataset/Healthy/289.jpg",healthy,False
"/kaggle/input/datasets/souaadrahmoun/brnetval/Multi-Class Brain Tumor MRI Dataset Glioma, Health/Brain Cancer MRI Dataset/Brain Cancer MRI Dataset/Brain Cancer MRI Dataset/Healthy/29.jpg",healthy,False
"/kaggle/input/datasets/souaadrahmoun/brnetval/Multi-Class Brain Tumor MRI Dataset Glioma, Health/Brain Cancer MRI Dataset/Brain Cancer MRI Dataset/Brain Cancer MRI Dataset/Healthy/290.jpg",healthy,False
"/kaggle/input/datasets/souaadrahmoun/brnetval/Multi-Class Brain Tumor MRI Dataset Glioma, Health/Brain Cancer MRI Dataset/Brain Cancer MRI Dataset/Brain Cancer MRI Dataset/Healthy/291.jpg",healthy,False
"/kaggle/input/datasets/souaadrahmoun/brnetval/Multi-Class Brain Tumor MRI Dataset Glioma, Health/Brain Cancer MRI Dataset/Brain Cancer MRI Dataset/Brain Cancer MRI Dataset/Healthy/292.jpg",healthy,True
"/kaggle/input/datasets/souaadrahmoun/brnetval/Multi-Class Brain Tumor MRI Dataset Glioma, Health/Brain Cancer MRI Dataset/Brain Cancer MRI Dataset/Brain Cancer MRI Dataset/Healthy/293.jpg",healthy,False
"/kaggle/input/datasets/souaadrahmoun/brnetval/Multi-Class Brain Tumor MRI Dataset Glioma, Health/Brain Cancer MRI Dataset/Brain Cancer MRI Dataset/Brain Cancer MRI Dataset/Healthy/294.jpg",healthy,False
"/kaggle/input/datasets/souaadrahmoun/brnetval/Multi-Class Brain Tumor MRI Dataset Glioma, Health/Brain Cancer MRI Dataset/Brain Cancer MRI Dataset/Brain Cancer MRI Dataset/Healthy/295.jpg",healthy,True
"/kaggle/input/datasets/souaadrahmoun/brnetval/Multi-Class Brain Tumor MRI Dataset Glioma, Health/Brain Cancer MRI Dataset/Brain Cancer MRI Dataset/Brain Cancer MRI Dataset/Healthy/296.jpg",healthy,False
"/kaggle/input/datasets/souaadrahmoun/brnetval/Multi-Class Brain Tumor MRI Dataset Glioma, Health/Brain Cancer MRI Dataset/Brain Cancer MRI Dataset/Brain Cancer MRI Dataset/Healthy/297.jpg",healthy,False
"/kaggle/input/datasets/souaadrahmoun/brnetval/Multi-Class Brain Tumor MRI Dataset Glioma, Health/Brain Cancer MRI Dataset/Brain Cancer MRI Dataset/Brain Cancer MRI Dataset/Healthy/298.jpg",healthy,True
"/kaggle/input/datasets/souaadrahmoun/brnetval/Multi-Class Brain Tumor MRI Dataset Glioma, Health/Brain Cancer MRI Dataset/Brain Cancer MRI Dataset/Brain Cancer MRI Dataset/Healthy/299.jpg",healthy,True
"/kaggle/input/datasets/souaadrahmoun/brnetval/Multi-Class Brain Tumor MRI Dataset Glioma, Health/Brain Cancer MRI Dataset/Brain Cancer MRI Dataset/Brain Cancer MRI Dataset/Healthy/3.jpg",healthy,False
"/kaggle/input/datasets/souaadrahmoun/brnetval/Multi-Class Brain Tumor MRI Dataset Glioma, Health/Brain Cancer MRI Dataset/Brain Cancer MRI Dataset/Brain Cancer MRI Dataset/Healthy/30.jpg",healthy,False
"/kaggle/input/datasets/souaadrahmoun/brnetval/Multi-Class Brain Tumor MRI Dataset Glioma, Health/Brain Cancer MRI Dataset/Brain Cancer MRI Dataset/Brain Cancer MRI Dataset/Healthy/300.jpg",healthy,False
"/kaggle/input/datasets/souaadrahmoun/brnetval/Multi-Class Brain Tumor MRI Dataset Glioma, Health/Brain Cancer MRI Dataset/Brain Cancer MRI Dataset/Brain Cancer MRI Dataset/Healthy/31.jpg",healthy,True
"/kaggle/input/datasets/souaadrahmoun/brnetval/Multi-Class Brain Tumor MRI Dataset Glioma, Health/Brain Cancer MRI Dataset/Brain Cancer MRI Dataset/Brain Cancer MRI Dataset/Healthy/32.jpg",healthy,False
"/kaggle/input/datasets/souaadrahmoun/brnetval/Multi-Class Brain Tumor MRI Dataset Glioma, Health/Brain Cancer MRI Dataset/Brain Cancer MRI Dataset/Brain Cancer MRI Dataset/Healthy/33.jpg",healthy,False
"/kaggle/input/datasets/souaadrahmoun/brnetval/Multi-Class Brain Tumor MRI Dataset Glioma, Health/Brain Cancer MRI Dataset/Brain Cancer MRI Dataset/Brain Cancer MRI Dataset/Healthy/35.jpg",healthy,False
"/kaggle/input/datasets/souaadrahmoun/brnetval/Multi-Class Brain Tumor MRI Dataset Glioma, Health/Brain Cancer MRI Dataset/Brain Cancer MRI Dataset/Brain Cancer MRI Dataset/Healthy/36.jpg",healthy,False
"/kaggle/input/datasets/souaadrahmoun/brnetval/Multi-Class Brain Tumor MRI Dataset Glioma, Health/Brain Cancer MRI Dataset/Brain Cancer MRI Dataset/Brain Cancer MRI Dataset/Healthy/37.jpg",healthy,False
"/kaggle/input/datasets/souaadrahmoun/brnetval/Multi-Class Brain Tumor MRI Dataset Glioma, Health/Brain Cancer MRI Dataset/Brain Cancer MRI Dataset/Brain Cancer MRI Dataset/Healthy/38.jpg",healthy,False
"/kaggle/input/datasets/souaadrahmoun/brnetval/Multi-Class Brain Tumor MRI Dataset Glioma, Health/Brain Cancer MRI Dataset/Brain Cancer MRI Dataset/Brain Cancer MRI Dataset/Healthy/39.jpg",healthy,False
"/kaggle/input/datasets/souaadrahmoun/brnetval/Multi-Class Brain Tumor MRI Dataset Glioma, Health/Brain Cancer MRI Dataset/Brain Cancer MRI Dataset/Brain Cancer MRI Dataset/Healthy/4.jpg",healthy,False
"/kaggle/input/datasets/souaadrahmoun/brnetval/Multi-Class Brain Tumor MRI Dataset Glioma, Health/Brain Cancer MRI Dataset/Brain Cancer MRI Dataset/Brain Cancer MRI Dataset/Healthy/40.jpg",healthy,True
"/kaggle/input/datasets/souaadrahmoun/brnetval/Multi-Class Brain Tumor MRI Dataset Glioma, Health/Brain Cancer MRI Dataset/Brain Cancer MRI Dataset/Brain Cancer MRI Dataset/Healthy/41.jpg",healthy,False
"/kaggle/input/datasets/souaadrahmoun/brnetval/Multi-Class Brain Tumor MRI Dataset Glioma, Health/Brain Cancer MRI Dataset/Brain Cancer MRI Dataset/Brain Cancer MRI Dataset/Healthy/42.jpg",healthy,False
"/kaggle/input/datasets/souaadrahmoun/brnetval/Multi-Class Brain Tumor MRI Dataset Glioma, Health/Brain Cancer MRI Dataset/Brain Cancer MRI Dataset/Brain Cancer MRI Dataset/Healthy/43.jpg",healthy,False
"/kaggle/input/datasets/souaadrahmoun/brnetval/Multi-Class Brain Tumor MRI Dataset Glioma, Health/Brain Cancer MRI Dataset/Brain Cancer MRI Dataset/Brain Cancer MRI Dataset/Healthy/44.jpg",healthy,False
"/kaggle/input/datasets/souaadrahmoun/brnetval/Multi-Class Brain Tumor MRI Dataset Glioma, Health/Brain Cancer MRI Dataset/Brain Cancer MRI Dataset/Brain Cancer MRI Dataset/Healthy/45.jpg",healthy,False
"/kaggle/input/datasets/souaadrahmoun/brnetval/Multi-Class Brain Tumor MRI Dataset Glioma, Health/Brain Cancer MRI Dataset/Brain Cancer MRI Dataset/Brain Cancer MRI Dataset/Healthy/46.jpg",healthy,False
"/kaggle/input/datasets/souaadrahmoun/brnetval/Multi-Class Brain Tumor MRI Dataset Glioma, Health/Brain Cancer MRI Dataset/Brain Cancer MRI Dataset/Brain Cancer MRI Dataset/Healthy/47.jpg",healthy,False
"/kaggle/input/datasets/souaadrahmoun/brnetval/Multi-Class Brain Tumor MRI Dataset Glioma, Health/Brain Cancer MRI Dataset/Brain Cancer MRI Dataset/Brain Cancer MRI Dataset/Healthy/48.jpg",healthy,False
"/kaggle/input/datasets/souaadrahmoun/brnetval/Multi-Class Brain Tumor MRI Dataset Glioma, Health/Brain Cancer MRI Dataset/Brain Cancer MRI Dataset/Brain Cancer MRI Dataset/Healthy/49.jpg",healthy,False
"/kaggle/input/datasets/souaadrahmoun/brnetval/Multi-Class Brain Tumor MRI Dataset Glioma, Health/Brain Cancer MRI Dataset/Brain Cancer MRI Dataset/Brain Cancer MRI Dataset/Healthy/5.jpg",healthy,False
"/kaggle/input/datasets/souaadrahmoun/brnetval/Multi-Class Brain Tumor MRI Dataset Glioma, Health/Brain Cancer MRI Dataset/Brain Cancer MRI Dataset/Brain Cancer MRI Dataset/Healthy/50.jpg",healthy,False
"/kaggle/input/datasets/souaadrahmoun/brnetval/Multi-Class Brain Tumor MRI Dataset Glioma, Health/Brain Cancer MRI Dataset/Brain Cancer MRI Dataset/Brain Cancer MRI Dataset/Healthy/51.jpg",healthy,False
"/kaggle/input/datasets/souaadrahmoun/brnetval/Multi-Class Brain Tumor MRI Dataset Glioma, Health/Brain Cancer MRI Dataset/Brain Cancer MRI Dataset/Brain Cancer MRI Dataset/Healthy/52.jpg",healthy,False
"/kaggle/input/datasets/souaadrahmoun/brnetval/Multi-Class Brain Tumor MRI Dataset Glioma, Health/Brain Cancer MRI Dataset/Brain Cancer MRI Dataset/Brain Cancer MRI Dataset/Healthy/53.jpg",healthy,False
"/kaggle/input/datasets/souaadrahmoun/brnetval/Multi-Class Brain Tumor MRI Dataset Glioma, Health/Brain Cancer MRI Dataset/Brain Cancer MRI Dataset/Brain Cancer MRI Dataset/Healthy/54.jpg",healthy,False
"/kaggle/input/datasets/souaadrahmoun/brnetval/Multi-Class Brain Tumor MRI Dataset Glioma, Health/Brain Cancer MRI Dataset/Brain Cancer MRI Dataset/Brain Cancer MRI Dataset/Healthy/55.jpg",healthy,False
"/kaggle/input/datasets/souaadrahmoun/brnetval/Multi-Class Brain Tumor MRI Dataset Glioma, Health/Brain Cancer MRI Dataset/Brain Cancer MRI Dataset/Brain Cancer MRI Dataset/Healthy/56.jpg",healthy,True
"/kaggle/input/datasets/souaadrahmoun/brnetval/Multi-Class Brain Tumor MRI Dataset Glioma, Health/Brain Cancer MRI Dataset/Brain Cancer MRI Dataset/Brain Cancer MRI Dataset/Healthy/57.jpg",healthy,False
"/kaggle/input/datasets/souaadrahmoun/brnetval/Multi-Class Brain Tumor MRI Dataset Glioma, Health/Brain Cancer MRI Dataset/Brain Cancer MRI Dataset/Brain Cancer MRI Dataset/Healthy/58.jpg",healthy,True
"/kaggle/input/datasets/souaadrahmoun/brnetval/Multi-Class Brain Tumor MRI Dataset Glioma, Health/Brain Cancer MRI Dataset/Brain Cancer MRI Dataset/Brain Cancer MRI Dataset/Healthy/59.jpg",healthy,False
"/kaggle/input/datasets/souaadrahmoun/brnetval/Multi-Class Brain Tumor MRI Dataset Glioma, Health/Brain Cancer MRI Dataset/Brain Cancer MRI Dataset/Brain Cancer MRI Dataset/Healthy/6.jpg",healthy,False
"/kaggle/input/datasets/souaadrahmoun/brnetval/Multi-Class Brain Tumor MRI Dataset Glioma, Health/Brain Cancer MRI Dataset/Brain Cancer MRI Dataset/Brain Cancer MRI Dataset/Healthy/60.jpg",healthy,False
"/kaggle/input/datasets/souaadrahmoun/brnetval/Multi-Class Brain Tumor MRI Dataset Glioma, Health/Brain Cancer MRI Dataset/Brain Cancer MRI Dataset/Brain Cancer MRI Dataset/Healthy/61.jpg",healthy,False
"/kaggle/input/datasets/souaadrahmoun/brnetval/Multi-Class Brain Tumor MRI Dataset Glioma, Health/Brain Cancer MRI Dataset/Brain Cancer MRI Dataset/Brain Cancer MRI Dataset/Healthy/62.jpg",healthy,False
"/kaggle/input/datasets/souaadrahmoun/brnetval/Multi-Class Brain Tumor MRI Dataset Glioma, Health/Brain Cancer MRI Dataset/Brain Cancer MRI Dataset/Brain Cancer MRI Dataset/Healthy/63.jpg",healthy,False
"/kaggle/input/datasets/souaadrahmoun/brnetval/Multi-Class Brain Tumor MRI Dataset Glioma, Health/Brain Cancer MRI Dataset/Brain Cancer MRI Dataset/Brain Cancer MRI Dataset/Healthy/64.jpg",healthy,False
"/kaggle/input/datasets/souaadrahmoun/brnetval/Multi-Class Brain Tumor MRI Dataset Glioma, Health/Brain Cancer MRI Dataset/Brain Cancer MRI Dataset/Brain Cancer MRI Dataset/Healthy/65.jpg",healthy,False
"/kaggle/input/datasets/souaadrahmoun/brnetval/Multi-Class Brain Tumor MRI Dataset Glioma, Health/Brain Cancer MRI Dataset/Brain Cancer MRI Dataset/Brain Cancer MRI Dataset/Healthy/66.jpg",healthy,True
"/kaggle/input/datasets/souaadrahmoun/brnetval/Multi-Class Brain Tumor MRI Dataset Glioma, Health/Brain Cancer MRI Dataset/Brain Cancer MRI Dataset/Brain Cancer MRI Dataset/Healthy/67.jpg",healthy,False
"/kaggle/input/datasets/souaadrahmoun/brnetval/Multi-Class Brain Tumor MRI Dataset Glioma, Health/Brain Cancer MRI Dataset/Brain Cancer MRI Dataset/Brain Cancer MRI Dataset/Healthy/68.jpg",healthy,False
"/kaggle/input/datasets/souaadrahmoun/brnetval/Multi-Class Brain Tumor MRI Dataset Glioma, Health/Brain Cancer MRI Dataset/Brain Cancer MRI Dataset/Brain Cancer MRI Dataset/Healthy/69.jpg",healthy,False
"/kaggle/input/datasets/souaadrahmoun/brnetval/Multi-Class Brain Tumor MRI Dataset Glioma, Health/Brain Cancer MRI Dataset/Brain Cancer MRI Dataset/Brain Cancer MRI Dataset/Healthy/7.jpg",healthy,False
"/kaggle/input/datasets/souaadrahmoun/brnetval/Multi-Class Brain Tumor MRI Dataset Glioma, Health/Brain Cancer MRI Dataset/Brain Cancer MRI Dataset/Brain Cancer MRI Dataset/Healthy/70.jpg",healthy,True
"/kaggle/input/datasets/souaadrahmoun/brnetval/Multi-Class Brain Tumor MRI Dataset Glioma, Health/Brain Cancer MRI Dataset/Brain Cancer MRI Dataset/Brain Cancer MRI Dataset/Healthy/71.jpg",healthy,False
"/kaggle/input/datasets/souaadrahmoun/brnetval/Multi-Class Brain Tumor MRI Dataset Glioma, Health/Brain Cancer MRI Dataset/Brain Cancer MRI Dataset/Brain Cancer MRI Dataset/Healthy/72.jpg",healthy,True
"/kaggle/input/datasets/souaadrahmoun/brnetval/Multi-Class Brain Tumor MRI Dataset Glioma, Health/Brain Cancer MRI Dataset/Brain Cancer MRI Dataset/Brain Cancer MRI Dataset/Healthy/73.jpg",healthy,False
"/kaggle/input/datasets/souaadrahmoun/brnetval/Multi-Class Brain Tumor MRI Dataset Glioma, Health/Brain Cancer MRI Dataset/Brain Cancer MRI Dataset/Brain Cancer MRI Dataset/Healthy/74.jpg",healthy,True
"/kaggle/input/datasets/souaadrahmoun/brnetval/Multi-Class Brain Tumor MRI Dataset Glioma, Health/Brain Cancer MRI Dataset/Brain Cancer MRI Dataset/Brain Cancer MRI Dataset/Healthy/75.jpg",healthy,False
"/kaggle/input/datasets/souaadrahmoun/brnetval/Multi-Class Brain Tumor MRI Dataset Glioma, Health/Brain Cancer MRI Dataset/Brain Cancer MRI Dataset/Brain Cancer MRI Dataset/Healthy/76.jpg",healthy,False
"/kaggle/input/datasets/souaadrahmoun/brnetval/Multi-Class Brain Tumor MRI Dataset Glioma, Health/Brain Cancer MRI Dataset/Brain Cancer MRI Dataset/Brain Cancer MRI Dataset/Healthy/77.jpg",healthy,False
"/kaggle/input/datasets/souaadrahmoun/brnetval/Multi-Class Brain Tumor MRI Dataset Glioma, Health/Brain Cancer MRI Dataset/Brain Cancer MRI Dataset/Brain Cancer MRI Dataset/Healthy/78.jpg",healthy,True
"/kaggle/input/datasets/souaadrahmoun/brnetval/Multi-Class Brain Tumor MRI Dataset Glioma, Health/Brain Cancer MRI Dataset/Brain Cancer MRI Dataset/Brain Cancer MRI Dataset/Healthy/79.jpg",healthy,False
"/kaggle/input/datasets/souaadrahmoun/brnetval/Multi-Class Brain Tumor MRI Dataset Glioma, Health/Brain Cancer MRI Dataset/Brain Cancer MRI Dataset/Brain Cancer MRI Dataset/Healthy/8.jpg",healthy,False
"/kaggle/input/datasets/souaadrahmoun/brnetval/Multi-Class Brain Tumor MRI Dataset Glioma, Health/Brain Cancer MRI Dataset/Brain Cancer MRI Dataset/Brain Cancer MRI Dataset/Healthy/80.jpg",healthy,False
"/kaggle/input/datasets/souaadrahmoun/brnetval/Multi-Class Brain Tumor MRI Dataset Glioma, Health/Brain Cancer MRI Dataset/Brain Cancer MRI Dataset/Brain Cancer MRI Dataset/Healthy/81.jpg",healthy,False
"/kaggle/input/datasets/souaadrahmoun/brnetval/Multi-Class Brain Tumor MRI Dataset Glioma, Health/Brain Cancer MRI Dataset/Brain Cancer MRI Dataset/Brain Cancer MRI Dataset/Healthy/82.jpg",healthy,False
"/kaggle/input/datasets/souaadrahmoun/brnetval/Multi-Class Brain Tumor MRI Dataset Glioma, Health/Brain Cancer MRI Dataset/Brain Cancer MRI Dataset/Brain Cancer MRI Dataset/Healthy/83.jpg",healthy,False
"/kaggle/input/datasets/souaadrahmoun/brnetval/Multi-Class Brain Tumor MRI Dataset Glioma, Health/Brain Cancer MRI Dataset/Brain Cancer MRI Dataset/Brain Cancer MRI Dataset/Healthy/84.jpg",healthy,True
"/kaggle/input/datasets/souaadrahmoun/brnetval/Multi-Class Brain Tumor MRI Dataset Glioma, Health/Brain Cancer MRI Dataset/Brain Cancer MRI Dataset/Brain Cancer MRI Dataset/Healthy/85.jpg",healthy,False
"/kaggle/input/datasets/souaadrahmoun/brnetval/Multi-Class Brain Tumor MRI Dataset Glioma, Health/Brain Cancer MRI Dataset/Brain Cancer MRI Dataset/Brain Cancer MRI Dataset/Healthy/86.jpg",healthy,False
"/kaggle/input/datasets/souaadrahmoun/brnetval/Multi-Class Brain Tumor MRI Dataset Glioma, Health/Brain Cancer MRI Dataset/Brain Cancer MRI Dataset/Brain Cancer MRI Dataset/Healthy/87.jpg",healthy,False
"/kaggle/input/datasets/souaadrahmoun/brnetval/Multi-Class Brain Tumor MRI Dataset Glioma, Health/Brain Cancer MRI Dataset/Brain Cancer MRI Dataset/Brain Cancer MRI Dataset/Healthy/88.jpg",healthy,False
"/kaggle/input/datasets/souaadrahmoun/brnetval/Multi-Class Brain Tumor MRI Dataset Glioma, Health/Brain Cancer MRI Dataset/Brain Cancer MRI Dataset/Brain Cancer MRI Dataset/Healthy/9.jpg",healthy,False
"/kaggle/input/datasets/souaadrahmoun/brnetval/Multi-Class Brain Tumor MRI Dataset Glioma, Health/Brain Cancer MRI Dataset/Brain Cancer MRI Dataset/Brain Cancer MRI Dataset/Healthy/90.jpg",healthy,False
"/kaggle/input/datasets/souaadrahmoun/brnetval/Multi-Class Brain Tumor MRI Dataset Glioma, Health/Brain Cancer MRI Dataset/Brain Cancer MRI Dataset/Brain Cancer MRI Dataset/Healthy/91.jpg",healthy,False
"/kaggle/input/datasets/souaadrahmoun/brnetval/Multi-Class Brain Tumor MRI Dataset Glioma, Health/Brain Cancer MRI Dataset/Brain Cancer MRI Dataset/Brain Cancer MRI Dataset/Healthy/92.jpg",healthy,True
"/kaggle/input/datasets/souaadrahmoun/brnetval/Multi-Class Brain Tumor MRI Dataset Glioma, Health/Brain Cancer MRI Dataset/Brain Cancer MRI Dataset/Brain Cancer MRI Dataset/Healthy/93.jpg",healthy,False
"/kaggle/input/datasets/souaadrahmoun/brnetval/Multi-Class Brain Tumor MRI Dataset Glioma, Health/Brain Cancer MRI Dataset/Brain Cancer MRI Dataset/Brain Cancer MRI Dataset/Healthy/94.jpg",healthy,False
"/kaggle/input/datasets/souaadrahmoun/brnetval/Multi-Class Brain Tumor MRI Dataset Glioma, Health/Brain Cancer MRI Dataset/Brain Cancer MRI Dataset/Brain Cancer MRI Dataset/Healthy/95.jpg",healthy,False
"/kaggle/input/datasets/souaadrahmoun/brnetval/Multi-Class Brain Tumor MRI Dataset Glioma, Health/Brain Cancer MRI Dataset/Brain Cancer MRI Dataset/Brain Cancer MRI Dataset/Healthy/96.jpg",healthy,False
"/kaggle/input/datasets/souaadrahmoun/brnetval/Multi-Class Brain Tumor MRI Dataset Glioma, Health/Brain Cancer MRI Dataset/Brain Cancer MRI Dataset/Brain Cancer MRI Dataset/Healthy/97.jpg",healthy,False
"/kaggle/input/datasets/souaadrahmoun/brnetval/Multi-Class Brain Tumor MRI Dataset Glioma, Health/Brain Cancer MRI Dataset/Brain Cancer MRI Dataset/Brain Cancer MRI Dataset/Healthy/98.jpg",healthy,False
"/kaggle/input/datasets/souaadrahmoun/brnetval/Multi-Class Brain Tumor MRI Dataset Glioma, Health/Brain Cancer MRI Dataset/Brain Cancer MRI Dataset/Brain Cancer MRI Dataset/Healthy/99.jpg",healthy,False
"/kaggle/input/datasets/souaadrahmoun/brnetval/Multi-Class Brain Tumor MRI Dataset Glioma, Health/Brain Cancer MRI Dataset/Brain Cancer MRI Dataset/Brain Cancer MRI Dataset/Meningioma/1.jpg",meningioma,True
"/kaggle/input/datasets/souaadrahmoun/brnetval/Multi-Class Brain Tumor MRI Dataset Glioma, Health/Brain Cancer MRI Dataset/Brain Cancer MRI Dataset/Brain Cancer MRI Dataset/Meningioma/10.jpg",meningioma,True
"/kaggle/input/datasets/souaadrahmoun/brnetval/Multi-Class Brain Tumor MRI Dataset Glioma, Health/Brain Cancer MRI Dataset/Brain Cancer MRI Dataset/Brain Cancer MRI Dataset/Meningioma/100.jpg",meningioma,False
"/kaggle/input/datasets/souaadrahmoun/brnetval/Multi-Class Brain Tumor MRI Dataset Glioma, Health/Brain Cancer MRI Dataset/Brain Cancer MRI Dataset/Brain Cancer MRI Dataset/Meningioma/101.jpg",meningioma,True
"/kaggle/input/datasets/souaadrahmoun/brnetval/Multi-Class Brain Tumor MRI Dataset Glioma, Health/Brain Cancer MRI Dataset/Brain Cancer MRI Dataset/Brain Cancer MRI Dataset/Meningioma/102.jpg",meningioma,True
"/kaggle/input/datasets/souaadrahmoun/brnetval/Multi-Class Brain Tumor MRI Dataset Glioma, Health/Brain Cancer MRI Dataset/Brain Cancer MRI Dataset/Brain Cancer MRI Dataset/Meningioma/103.jpg",meningioma,True
"/kaggle/input/datasets/souaadrahmoun/brnetval/Multi-Class Brain Tumor MRI Dataset Glioma, Health/Brain Cancer MRI Dataset/Brain Cancer MRI Dataset/Brain Cancer MRI Dataset/Meningioma/104.jpg",meningioma,True
"/kaggle/input/datasets/souaadrahmoun/brnetval/Multi-Class Brain Tumor MRI Dataset Glioma, Health/Brain Cancer MRI Dataset/Brain Cancer MRI Dataset/Brain Cancer MRI Dataset/Meningioma/105.jpg",meningioma,False
"/kaggle/input/datasets/souaadrahmoun/brnetval/Multi-Class Brain Tumor MRI Dataset Glioma, Health/Brain Cancer MRI Dataset/Brain Cancer MRI Dataset/Brain Cancer MRI Dataset/Meningioma/106.jpg",meningioma,True
"/kaggle/input/datasets/souaadrahmoun/brnetval/Multi-Class Brain Tumor MRI Dataset Glioma, Health/Brain Cancer MRI Dataset/Brain Cancer MRI Dataset/Brain Cancer MRI Dataset/Meningioma/107.jpg",meningioma,False
"/kaggle/input/datasets/souaadrahmoun/brnetval/Multi-Class Brain Tumor MRI Dataset Glioma, Health/Brain Cancer MRI Dataset/Brain Cancer MRI Dataset/Brain Cancer MRI Dataset/Meningioma/108.jpg",meningioma,True
"/kaggle/input/datasets/souaadrahmoun/brnetval/Multi-Class Brain Tumor MRI Dataset Glioma, Health/Brain Cancer MRI Dataset/Brain Cancer MRI Dataset/Brain Cancer MRI Dataset/Meningioma/109.jpg",meningioma,True
"/kaggle/input/datasets/souaadrahmoun/brnetval/Multi-Class Brain Tumor MRI Dataset Glioma, Health/Brain Cancer MRI Dataset/Brain Cancer MRI Dataset/Brain Cancer MRI Dataset/Meningioma/11.jpg",meningioma,False
"/kaggle/input/datasets/souaadrahmoun/brnetval/Multi-Class Brain Tumor MRI Dataset Glioma, Health/Brain Cancer MRI Dataset/Brain Cancer MRI Dataset/Brain Cancer MRI Dataset/Meningioma/110.jpg",meningioma,True
"/kaggle/input/datasets/souaadrahmoun/brnetval/Multi-Class Brain Tumor MRI Dataset Glioma, Health/Brain Cancer MRI Dataset/Brain Cancer MRI Dataset/Brain Cancer MRI Dataset/Meningioma/111.jpg",meningioma,True
"/kaggle/input/datasets/souaadrahmoun/brnetval/Multi-Class Brain Tumor MRI Dataset Glioma, Health/Brain Cancer MRI Dataset/Brain Cancer MRI Dataset/Brain Cancer MRI Dataset/Meningioma/112.jpg",meningioma,True
"/kaggle/input/datasets/souaadrahmoun/brnetval/Multi-Class Brain Tumor MRI Dataset Glioma, Health/Brain Cancer MRI Dataset/Brain Cancer MRI Dataset/Brain Cancer MRI Dataset/Meningioma/113.jpg",meningioma,True
"/kaggle/input/datasets/souaadrahmoun/brnetval/Multi-Class Brain Tumor MRI Dataset Glioma, Health/Brain Cancer MRI Dataset/Brain Cancer MRI Dataset/Brain Cancer MRI Dataset/Meningioma/114.jpg",meningioma,True
"/kaggle/input/datasets/souaadrahmoun/brnetval/Multi-Class Brain Tumor MRI Dataset Glioma, Health/Brain Cancer MRI Dataset/Brain Cancer MRI Dataset/Brain Cancer MRI Dataset/Meningioma/115.jpg",meningioma,True
"/kaggle/input/datasets/souaadrahmoun/brnetval/Multi-Class Brain Tumor MRI Dataset Glioma, Health/Brain Cancer MRI Dataset/Brain Cancer MRI Dataset/Brain Cancer MRI Dataset/Meningioma/116.jpg",meningioma,False
"/kaggle/input/datasets/souaadrahmoun/brnetval/Multi-Class Brain Tumor MRI Dataset Glioma, Health/Brain Cancer MRI Dataset/Brain Cancer MRI Dataset/Brain Cancer MRI Dataset/Meningioma/117.jpg",meningioma,True
"/kaggle/input/datasets/souaadrahmoun/brnetval/Multi-Class Brain Tumor MRI Dataset Glioma, Health/Brain Cancer MRI Dataset/Brain Cancer MRI Dataset/Brain Cancer MRI Dataset/Meningioma/118.jpg",meningioma,False
"/kaggle/input/datasets/souaadrahmoun/brnetval/Multi-Class Brain Tumor MRI Dataset Glioma, Health/Brain Cancer MRI Dataset/Brain Cancer MRI Dataset/Brain Cancer MRI Dataset/Meningioma/119.jpg",meningioma,True
"/kaggle/input/datasets/souaadrahmoun/brnetval/Multi-Class Brain Tumor MRI Dataset Glioma, Health/Brain Cancer MRI Dataset/Brain Cancer MRI Dataset/Brain Cancer MRI Dataset/Meningioma/12.jpg",meningioma,False
"/kaggle/input/datasets/souaadrahmoun/brnetval/Multi-Class Brain Tumor MRI Dataset Glioma, Health/Brain Cancer MRI Dataset/Brain Cancer MRI Dataset/Brain Cancer MRI Dataset/Meningioma/120.jpg",meningioma,False
"/kaggle/input/datasets/souaadrahmoun/brnetval/Multi-Class Brain Tumor MRI Dataset Glioma, Health/Brain Cancer MRI Dataset/Brain Cancer MRI Dataset/Brain Cancer MRI Dataset/Meningioma/121.jpg",meningioma,False
"/kaggle/input/datasets/souaadrahmoun/brnetval/Multi-Class Brain Tumor MRI Dataset Glioma, Health/Brain Cancer MRI Dataset/Brain Cancer MRI Dataset/Brain Cancer MRI Dataset/Meningioma/122.jpg",meningioma,False
"/kaggle/input/datasets/souaadrahmoun/brnetval/Multi-Class Brain Tumor MRI Dataset Glioma, Health/Brain Cancer MRI Dataset/Brain Cancer MRI Dataset/Brain Cancer MRI Dataset/Meningioma/123.jpg",meningioma,True
"/kaggle/input/datasets/souaadrahmoun/brnetval/Multi-Class Brain Tumor MRI Dataset Glioma, Health/Brain Cancer MRI Dataset/Brain Cancer MRI Dataset/Brain Cancer MRI Dataset/Meningioma/124.jpg",meningioma,True
"/kaggle/input/datasets/souaadrahmoun/brnetval/Multi-Class Brain Tumor MRI Dataset Glioma, Health/Brain Cancer MRI Dataset/Brain Cancer MRI Dataset/Brain Cancer MRI Dataset/Meningioma/125.jpg",meningioma,False
"/kaggle/input/datasets/souaadrahmoun/brnetval/Multi-Class Brain Tumor MRI Dataset Glioma, Health/Brain Cancer MRI Dataset/Brain Cancer MRI Dataset/Brain Cancer MRI Dataset/Meningioma/126.jpg",meningioma,True
"/kaggle/input/datasets/souaadrahmoun/brnetval/Multi-Class Brain Tumor MRI Dataset Glioma, Health/Brain Cancer MRI Dataset/Brain Cancer MRI Dataset/Brain Cancer MRI Dataset/Meningioma/127.jpg",meningioma,False
"/kaggle/input/datasets/souaadrahmoun/brnetval/Multi-Class Brain Tumor MRI Dataset Glioma, Health/Brain Cancer MRI Dataset/Brain Cancer MRI Dataset/Brain Cancer MRI Dataset/Meningioma/128.jpg",meningioma,False
"/kaggle/input/datasets/souaadrahmoun/brnetval/Multi-Class Brain Tumor MRI Dataset Glioma, Health/Brain Cancer MRI Dataset/Brain Cancer MRI Dataset/Brain Cancer MRI Dataset/Meningioma/129.jpg",meningioma,False
"/kaggle/input/datasets/souaadrahmoun/brnetval/Multi-Class Brain Tumor MRI Dataset Glioma, Health/Brain Cancer MRI Dataset/Brain Cancer MRI Dataset/Brain Cancer MRI Dataset/Meningioma/13.jpg",meningioma,False
"/kaggle/input/datasets/souaadrahmoun/brnetval/Multi-Class Brain Tumor MRI Dataset Glioma, Health/Brain Cancer MRI Dataset/Brain Cancer MRI Dataset/Brain Cancer MRI Dataset/Meningioma/130.jpg",meningioma,True
"/kaggle/input/datasets/souaadrahmoun/brnetval/Multi-Class Brain Tumor MRI Dataset Glioma, Health/Brain Cancer MRI Dataset/Brain Cancer MRI Dataset/Brain Cancer MRI Dataset/Meningioma/131.jpg",meningioma,True
"/kaggle/input/datasets/souaadrahmoun/brnetval/Multi-Class Brain Tumor MRI Dataset Glioma, Health/Brain Cancer MRI Dataset/Brain Cancer MRI Dataset/Brain Cancer MRI Dataset/Meningioma/132.jpg",meningioma,False
"/kaggle/input/datasets/souaadrahmoun/brnetval/Multi-Class Brain Tumor MRI Dataset Glioma, Health/Brain Cancer MRI Dataset/Brain Cancer MRI Dataset/Brain Cancer MRI Dataset/Meningioma/133.jpg",meningioma,False
"/kaggle/input/datasets/souaadrahmoun/brnetval/Multi-Class Brain Tumor MRI Dataset Glioma, Health/Brain Cancer MRI Dataset/Brain Cancer MRI Dataset/Brain Cancer MRI Dataset/Meningioma/134.jpg",meningioma,True
"/kaggle/input/datasets/souaadrahmoun/brnetval/Multi-Class Brain Tumor MRI Dataset Glioma, Health/Brain Cancer MRI Dataset/Brain Cancer MRI Dataset/Brain Cancer MRI Dataset/Meningioma/135.jpg",meningioma,True
"/kaggle/input/datasets/souaadrahmoun/brnetval/Multi-Class Brain Tumor MRI Dataset Glioma, Health/Brain Cancer MRI Dataset/Brain Cancer MRI Dataset/Brain Cancer MRI Dataset/Meningioma/136.jpg",meningioma,True
"/kaggle/input/datasets/souaadrahmoun/brnetval/Multi-Class Brain Tumor MRI Dataset Glioma, Health/Brain Cancer MRI Dataset/Brain Cancer MRI Dataset/Brain Cancer MRI Dataset/Meningioma/137.jpg",meningioma,True
"/kaggle/input/datasets/souaadrahmoun/brnetval/Multi-Class Brain Tumor MRI Dataset Glioma, Health/Brain Cancer MRI Dataset/Brain Cancer MRI Dataset/Brain Cancer MRI Dataset/Meningioma/138.jpg",meningioma,True
"/kaggle/input/datasets/souaadrahmoun/brnetval/Multi-Class Brain Tumor MRI Dataset Glioma, Health/Brain Cancer MRI Dataset/Brain Cancer MRI Dataset/Brain Cancer MRI Dataset/Meningioma/139.jpg",meningioma,True
"/kaggle/input/datasets/souaadrahmoun/brnetval/Multi-Class Brain Tumor MRI Dataset Glioma, Health/Brain Cancer MRI Dataset/Brain Cancer MRI Dataset/Brain Cancer MRI Dataset/Meningioma/14.jpg",meningioma,True
"/kaggle/input/datasets/souaadrahmoun/brnetval/Multi-Class Brain Tumor MRI Dataset Glioma, Health/Brain Cancer MRI Dataset/Brain Cancer MRI Dataset/Brain Cancer MRI Dataset/Meningioma/140.jpg",meningioma,False
"/kaggle/input/datasets/souaadrahmoun/brnetval/Multi-Class Brain Tumor MRI Dataset Glioma, Health/Brain Cancer MRI Dataset/Brain Cancer MRI Dataset/Brain Cancer MRI Dataset/Meningioma/141.jpg",meningioma,True
"/kaggle/input/datasets/souaadrahmoun/brnetval/Multi-Class Brain Tumor MRI Dataset Glioma, Health/Brain Cancer MRI Dataset/Brain Cancer MRI Dataset/Brain Cancer MRI Dataset/Meningioma/142.jpg",meningioma,False
"/kaggle/input/datasets/souaadrahmoun/brnetval/Multi-Class Brain Tumor MRI Dataset Glioma, Health/Brain Cancer MRI Dataset/Brain Cancer MRI Dataset/Brain Cancer MRI Dataset/Meningioma/143.jpg",meningioma,False
"/kaggle/input/datasets/souaadrahmoun/brnetval/Multi-Class Brain Tumor MRI Dataset Glioma, Health/Brain Cancer MRI Dataset/Brain Cancer MRI Dataset/Brain Cancer MRI Dataset/Meningioma/144.jpg",meningioma,False
"/kaggle/input/datasets/souaadrahmoun/brnetval/Multi-Class Brain Tumor MRI Dataset Glioma, Health/Brain Cancer MRI Dataset/Brain Cancer MRI Dataset/Brain Cancer MRI Dataset/Meningioma/145.jpg",meningioma,True
"/kaggle/input/datasets/souaadrahmoun/brnetval/Multi-Class Brain Tumor MRI Dataset Glioma, Health/Brain Cancer MRI Dataset/Brain Cancer MRI Dataset/Brain Cancer MRI Dataset/Meningioma/146.jpg",meningioma,False
"/kaggle/input/datasets/souaadrahmoun/brnetval/Multi-Class Brain Tumor MRI Dataset Glioma, Health/Brain Cancer MRI Dataset/Brain Cancer MRI Dataset/Brain Cancer MRI Dataset/Meningioma/147.jpg",meningioma,True
"/kaggle/input/datasets/souaadrahmoun/brnetval/Multi-Class Brain Tumor MRI Dataset Glioma, Health/Brain Cancer MRI Dataset/Brain Cancer MRI Dataset/Brain Cancer MRI Dataset/Meningioma/148.jpg",meningioma,True
"/kaggle/input/datasets/souaadrahmoun/brnetval/Multi-Class Brain Tumor MRI Dataset Glioma, Health/Brain Cancer MRI Dataset/Brain Cancer MRI Dataset/Brain Cancer MRI Dataset/Meningioma/149.jpg",meningioma,False
"/kaggle/input/datasets/souaadrahmoun/brnetval/Multi-Class Brain Tumor MRI Dataset Glioma, Health/Brain Cancer MRI Dataset/Brain Cancer MRI Dataset/Brain Cancer MRI Dataset/Meningioma/15.jpg",meningioma,True
"/kaggle/input/datasets/souaadrahmoun/brnetval/Multi-Class Brain Tumor MRI Dataset Glioma, Health/Brain Cancer MRI Dataset/Brain Cancer MRI Dataset/Brain Cancer MRI Dataset/Meningioma/150.jpg",meningioma,False
"/kaggle/input/datasets/souaadrahmoun/brnetval/Multi-Class Brain Tumor MRI Dataset Glioma, Health/Brain Cancer MRI Dataset/Brain Cancer MRI Dataset/Brain Cancer MRI Dataset/Meningioma/151.jpg",meningioma,False
"/kaggle/input/datasets/souaadrahmoun/brnetval/Multi-Class Brain Tumor MRI Dataset Glioma, Health/Brain Cancer MRI Dataset/Brain Cancer MRI Dataset/Brain Cancer MRI Dataset/Meningioma/152.jpg",meningioma,True
"/kaggle/input/datasets/souaadrahmoun/brnetval/Multi-Class Brain Tumor MRI Dataset Glioma, Health/Brain Cancer MRI Dataset/Brain Cancer MRI Dataset/Brain Cancer MRI Dataset/Meningioma/153.jpg",meningioma,False
"/kaggle/input/datasets/souaadrahmoun/brnetval/Multi-Class Brain Tumor MRI Dataset Glioma, Health/Brain Cancer MRI Dataset/Brain Cancer MRI Dataset/Brain Cancer MRI Dataset/Meningioma/154.jpg",meningioma,True
"/kaggle/input/datasets/souaadrahmoun/brnetval/Multi-Class Brain Tumor MRI Dataset Glioma, Health/Brain Cancer MRI Dataset/Brain Cancer MRI Dataset/Brain Cancer MRI Dataset/Meningioma/155.jpg",meningioma,True
"/kaggle/input/datasets/souaadrahmoun/brnetval/Multi-Class Brain Tumor MRI Dataset Glioma, Health/Brain Cancer MRI Dataset/Brain Cancer MRI Dataset/Brain Cancer MRI Dataset/Meningioma/156.jpg",meningioma,True
"/kaggle/input/datasets/souaadrahmoun/brnetval/Multi-Class Brain Tumor MRI Dataset Glioma, Health/Brain Cancer MRI Dataset/Brain Cancer MRI Dataset/Brain Cancer MRI Dataset/Meningioma/157.jpg",meningioma,True
"/kaggle/input/datasets/souaadrahmoun/brnetval/Multi-Class Brain Tumor MRI Dataset Glioma, Health/Brain Cancer MRI Dataset/Brain Cancer MRI Dataset/Brain Cancer MRI Dataset/Meningioma/158.jpg",meningioma,True
"/kaggle/input/datasets/souaadrahmoun/brnetval/Multi-Class Brain Tumor MRI Dataset Glioma, Health/Brain Cancer MRI Dataset/Brain Cancer MRI Dataset/Brain Cancer MRI Dataset/Meningioma/159.jpg",meningioma,True
"/kaggle/input/datasets/souaadrahmoun/brnetval/Multi-Class Brain Tumor MRI Dataset Glioma, Health/Brain Cancer MRI Dataset/Brain Cancer MRI Dataset/Brain Cancer MRI Dataset/Meningioma/16.jpg",meningioma,False
"/kaggle/input/datasets/souaadrahmoun/brnetval/Multi-Class Brain Tumor MRI Dataset Glioma, Health/Brain Cancer MRI Dataset/Brain Cancer MRI Dataset/Brain Cancer MRI Dataset/Meningioma/160.jpg",meningioma,False
"/kaggle/input/datasets/souaadrahmoun/brnetval/Multi-Class Brain Tumor MRI Dataset Glioma, Health/Brain Cancer MRI Dataset/Brain Cancer MRI Dataset/Brain Cancer MRI Dataset/Meningioma/161.jpg",meningioma,True
"/kaggle/input/datasets/souaadrahmoun/brnetval/Multi-Class Brain Tumor MRI Dataset Glioma, Health/Brain Cancer MRI Dataset/Brain Cancer MRI Dataset/Brain Cancer MRI Dataset/Meningioma/162.jpg",meningioma,True
"/kaggle/input/datasets/souaadrahmoun/brnetval/Multi-Class Brain Tumor MRI Dataset Glioma, Health/Brain Cancer MRI Dataset/Brain Cancer MRI Dataset/Brain Cancer MRI Dataset/Meningioma/163.jpg",meningioma,True
"/kaggle/input/datasets/souaadrahmoun/brnetval/Multi-Class Brain Tumor MRI Dataset Glioma, Health/Brain Cancer MRI Dataset/Brain Cancer MRI Dataset/Brain Cancer MRI Dataset/Meningioma/164.jpg",meningioma,True
"/kaggle/input/datasets/souaadrahmoun/brnetval/Multi-Class Brain Tumor MRI Dataset Glioma, Health/Brain Cancer MRI Dataset/Brain Cancer MRI Dataset/Brain Cancer MRI Dataset/Meningioma/165.jpg",meningioma,True
"/kaggle/input/datasets/souaadrahmoun/brnetval/Multi-Class Brain Tumor MRI Dataset Glioma, Health/Brain Cancer MRI Dataset/Brain Cancer MRI Dataset/Brain Cancer MRI Dataset/Meningioma/166.jpg",meningioma,True
"/kaggle/input/datasets/souaadrahmoun/brnetval/Multi-Class Brain Tumor MRI Dataset Glioma, Health/Brain Cancer MRI Dataset/Brain Cancer MRI Dataset/Brain Cancer MRI Dataset/Meningioma/167.jpg",meningioma,False
"/kaggle/input/datasets/souaadrahmoun/brnetval/Multi-Class Brain Tumor MRI Dataset Glioma, Health/Brain Cancer MRI Dataset/Brain Cancer MRI Dataset/Brain Cancer MRI Dataset/Meningioma/168.jpg",meningioma,True
"/kaggle/input/datasets/souaadrahmoun/brnetval/Multi-Class Brain Tumor MRI Dataset Glioma, Health/Brain Cancer MRI Dataset/Brain Cancer MRI Dataset/Brain Cancer MRI Dataset/Meningioma/17.jpg",meningioma,False
"/kaggle/input/datasets/souaadrahmoun/brnetval/Multi-Class Brain Tumor MRI Dataset Glioma, Health/Brain Cancer MRI Dataset/Brain Cancer MRI Dataset/Brain Cancer MRI Dataset/Meningioma/170.jpg",meningioma,True
"/kaggle/input/datasets/souaadrahmoun/brnetval/Multi-Class Brain Tumor MRI Dataset Glioma, Health/Brain Cancer MRI Dataset/Brain Cancer MRI Dataset/Brain Cancer MRI Dataset/Meningioma/171.jpg",meningioma,True
"/kaggle/input/datasets/souaadrahmoun/brnetval/Multi-Class Brain Tumor MRI Dataset Glioma, Health/Brain Cancer MRI Dataset/Brain Cancer MRI Dataset/Brain Cancer MRI Dataset/Meningioma/172.jpg",meningioma,True
"/kaggle/input/datasets/souaadrahmoun/brnetval/Multi-Class Brain Tumor MRI Dataset Glioma, Health/Brain Cancer MRI Dataset/Brain Cancer MRI Dataset/Brain Cancer MRI Dataset/Meningioma/173.jpg",meningioma,True
"/kaggle/input/datasets/souaadrahmoun/brnetval/Multi-Class Brain Tumor MRI Dataset Glioma, Health/Brain Cancer MRI Dataset/Brain Cancer MRI Dataset/Brain Cancer MRI Dataset/Meningioma/174.jpg",meningioma,True
"/kaggle/input/datasets/souaadrahmoun/brnetval/Multi-Class Brain Tumor MRI Dataset Glioma, Health/Brain Cancer MRI Dataset/Brain Cancer MRI Dataset/Brain Cancer MRI Dataset/Meningioma/175.jpg",meningioma,True
"/kaggle/input/datasets/souaadrahmoun/brnetval/Multi-Class Brain Tumor MRI Dataset Glioma, Health/Brain Cancer MRI Dataset/Brain Cancer MRI Dataset/Brain Cancer MRI Dataset/Meningioma/176.jpg",meningioma,True
"/kaggle/input/datasets/souaadrahmoun/brnetval/Multi-Class Brain Tumor MRI Dataset Glioma, Health/Brain Cancer MRI Dataset/Brain Cancer MRI Dataset/Brain Cancer MRI Dataset/Meningioma/178.jpg",meningioma,False
"/kaggle/input/datasets/souaadrahmoun/brnetval/Multi-Class Brain Tumor MRI Dataset Glioma, Health/Brain Cancer MRI Dataset/Brain Cancer MRI Dataset/Brain Cancer MRI Dataset/Meningioma/179.jpg",meningioma,True
"/kaggle/input/datasets/souaadrahmoun/brnetval/Multi-Class Brain Tumor MRI Dataset Glioma, Health/Brain Cancer MRI Dataset/Brain Cancer MRI Dataset/Brain Cancer MRI Dataset/Meningioma/18.jpg",meningioma,False
"/kaggle/input/datasets/souaadrahmoun/brnetval/Multi-Class Brain Tumor MRI Dataset Glioma, Health/Brain Cancer MRI Dataset/Brain Cancer MRI Dataset/Brain Cancer MRI Dataset/Meningioma/180.jpg",meningioma,False
"/kaggle/input/datasets/souaadrahmoun/brnetval/Multi-Class Brain Tumor MRI Dataset Glioma, Health/Brain Cancer MRI Dataset/Brain Cancer MRI Dataset/Brain Cancer MRI Dataset/Meningioma/181.jpg",meningioma,True
"/kaggle/input/datasets/souaadrahmoun/brnetval/Multi-Class Brain Tumor MRI Dataset Glioma, Health/Brain Cancer MRI Dataset/Brain Cancer MRI Dataset/Brain Cancer MRI Dataset/Meningioma/182.jpg",meningioma,False
"/kaggle/input/datasets/souaadrahmoun/brnetval/Multi-Class Brain Tumor MRI Dataset Glioma, Health/Brain Cancer MRI Dataset/Brain Cancer MRI Dataset/Brain Cancer MRI Dataset/Meningioma/183.jpg",meningioma,True
"/kaggle/input/datasets/souaadrahmoun/brnetval/Multi-Class Brain Tumor MRI Dataset Glioma, Health/Brain Cancer MRI Dataset/Brain Cancer MRI Dataset/Brain Cancer MRI Dataset/Meningioma/184.jpg",meningioma,True
"/kaggle/input/datasets/souaadrahmoun/brnetval/Multi-Class Brain Tumor MRI Dataset Glioma, Health/Brain Cancer MRI Dataset/Brain Cancer MRI Dataset/Brain Cancer MRI Dataset/Meningioma/185.jpg",meningioma,True
"/kaggle/input/datasets/souaadrahmoun/brnetval/Multi-Class Brain Tumor MRI Dataset Glioma, Health/Brain Cancer MRI Dataset/Brain Cancer MRI Dataset/Brain Cancer MRI Dataset/Meningioma/186.jpg",meningioma,False
"/kaggle/input/datasets/souaadrahmoun/brnetval/Multi-Class Brain Tumor MRI Dataset Glioma, Health/Brain Cancer MRI Dataset/Brain Cancer MRI Dataset/Brain Cancer MRI Dataset/Meningioma/187.jpg",meningioma,False
"/kaggle/input/datasets/souaadrahmoun/brnetval/Multi-Class Brain Tumor MRI Dataset Glioma, Health/Brain Cancer MRI Dataset/Brain Cancer MRI Dataset/Brain Cancer MRI Dataset/Meningioma/188.jpg",meningioma,True
"/kaggle/input/datasets/souaadrahmoun/brnetval/Multi-Class Brain Tumor MRI Dataset Glioma, Health/Brain Cancer MRI Dataset/Brain Cancer MRI Dataset/Brain Cancer MRI Dataset/Meningioma/189.jpg",meningioma,True
"/kaggle/input/datasets/souaadrahmoun/brnetval/Multi-Class Brain Tumor MRI Dataset Glioma, Health/Brain Cancer MRI Dataset/Brain Cancer MRI Dataset/Brain Cancer MRI Dataset/Meningioma/19.jpg",meningioma,False
"/kaggle/input/datasets/souaadrahmoun/brnetval/Multi-Class Brain Tumor MRI Dataset Glioma, Health/Brain Cancer MRI Dataset/Brain Cancer MRI Dataset/Brain Cancer MRI Dataset/Meningioma/190.jpg",meningioma,True
"/kaggle/input/datasets/souaadrahmoun/brnetval/Multi-Class Brain Tumor MRI Dataset Glioma, Health/Brain Cancer MRI Dataset/Brain Cancer MRI Dataset/Brain Cancer MRI Dataset/Meningioma/191.jpg",meningioma,True
"/kaggle/input/datasets/souaadrahmoun/brnetval/Multi-Class Brain Tumor MRI Dataset Glioma, Health/Brain Cancer MRI Dataset/Brain Cancer MRI Dataset/Brain Cancer MRI Dataset/Meningioma/192.jpg",meningioma,True
"/kaggle/input/datasets/souaadrahmoun/brnetval/Multi-Class Brain Tumor MRI Dataset Glioma, Health/Brain Cancer MRI Dataset/Brain Cancer MRI Dataset/Brain Cancer MRI Dataset/Meningioma/193.jpg",meningioma,True
"/kaggle/input/datasets/souaadrahmoun/brnetval/Multi-Class Brain Tumor MRI Dataset Glioma, Health/Brain Cancer MRI Dataset/Brain Cancer MRI Dataset/Brain Cancer MRI Dataset/Meningioma/194.jpg",meningioma,False
"/kaggle/input/datasets/souaadrahmoun/brnetval/Multi-Class Brain Tumor MRI Dataset Glioma, Health/Brain Cancer MRI Dataset/Brain Cancer MRI Dataset/Brain Cancer MRI Dataset/Meningioma/196.jpg",meningioma,True
"/kaggle/input/datasets/souaadrahmoun/brnetval/Multi-Class Brain Tumor MRI Dataset Glioma, Health/Brain Cancer MRI Dataset/Brain Cancer MRI Dataset/Brain Cancer MRI Dataset/Meningioma/197.jpg",meningioma,True
"/kaggle/input/datasets/souaadrahmoun/brnetval/Multi-Class Brain Tumor MRI Dataset Glioma, Health/Brain Cancer MRI Dataset/Brain Cancer MRI Dataset/Brain Cancer MRI Dataset/Meningioma/198.jpg",meningioma,True
"/kaggle/input/datasets/souaadrahmoun/brnetval/Multi-Class Brain Tumor MRI Dataset Glioma, Health/Brain Cancer MRI Dataset/Brain Cancer MRI Dataset/Brain Cancer MRI Dataset/Meningioma/199.jpg",meningioma,False
"/kaggle/input/datasets/souaadrahmoun/brnetval/Multi-Class Brain Tumor MRI Dataset Glioma, Health/Brain Cancer MRI Dataset/Brain Cancer MRI Dataset/Brain Cancer MRI Dataset/Meningioma/2.jpg",meningioma,False
"/kaggle/input/datasets/souaadrahmoun/brnetval/Multi-Class Brain Tumor MRI Dataset Glioma, Health/Brain Cancer MRI Dataset/Brain Cancer MRI Dataset/Brain Cancer MRI Dataset/Meningioma/20.jpg",meningioma,True
"/kaggle/input/datasets/souaadrahmoun/brnetval/Multi-Class Brain Tumor MRI Dataset Glioma, Health/Brain Cancer MRI Dataset/Brain Cancer MRI Dataset/Brain Cancer MRI Dataset/Meningioma/200.jpg",meningioma,False
"/kaggle/input/datasets/souaadrahmoun/brnetval/Multi-Class Brain Tumor MRI Dataset Glioma, Health/Brain Cancer MRI Dataset/Brain Cancer MRI Dataset/Brain Cancer MRI Dataset/Meningioma/201.jpg",meningioma,True
"/kaggle/input/datasets/souaadrahmoun/brnetval/Multi-Class Brain Tumor MRI Dataset Glioma, Health/Brain Cancer MRI Dataset/Brain Cancer MRI Dataset/Brain Cancer MRI Dataset/Meningioma/202.jpg",meningioma,True
"/kaggle/input/datasets/souaadrahmoun/brnetval/Multi-Class Brain Tumor MRI Dataset Glioma, Health/Brain Cancer MRI Dataset/Brain Cancer MRI Dataset/Brain Cancer MRI Dataset/Meningioma/203.jpg",meningioma,True
"/kaggle/input/datasets/souaadrahmoun/brnetval/Multi-Class Brain Tumor MRI Dataset Glioma, Health/Brain Cancer MRI Dataset/Brain Cancer MRI Dataset/Brain Cancer MRI Dataset/Meningioma/204.jpg",meningioma,True
"/kaggle/input/datasets/souaadrahmoun/brnetval/Multi-Class Brain Tumor MRI Dataset Glioma, Health/Brain Cancer MRI Dataset/Brain Cancer MRI Dataset/Brain Cancer MRI Dataset/Meningioma/205.jpg",meningioma,False
"/kaggle/input/datasets/souaadrahmoun/brnetval/Multi-Class Brain Tumor MRI Dataset Glioma, Health/Brain Cancer MRI Dataset/Brain Cancer MRI Dataset/Brain Cancer MRI Dataset/Meningioma/206.jpg",meningioma,False
"/kaggle/input/datasets/souaadrahmoun/brnetval/Multi-Class Brain Tumor MRI Dataset Glioma, Health/Brain Cancer MRI Dataset/Brain Cancer MRI Dataset/Brain Cancer MRI Dataset/Meningioma/207.jpg",meningioma,False
"/kaggle/input/datasets/souaadrahmoun/brnetval/Multi-Class Brain Tumor MRI Dataset Glioma, Health/Brain Cancer MRI Dataset/Brain Cancer MRI Dataset/Brain Cancer MRI Dataset/Meningioma/208.jpg",meningioma,True
"/kaggle/input/datasets/souaadrahmoun/brnetval/Multi-Class Brain Tumor MRI Dataset Glioma, Health/Brain Cancer MRI Dataset/Brain Cancer MRI Dataset/Brain Cancer MRI Dataset/Meningioma/209.jpg",meningioma,True
"/kaggle/input/datasets/souaadrahmoun/brnetval/Multi-Class Brain Tumor MRI Dataset Glioma, Health/Brain Cancer MRI Dataset/Brain Cancer MRI Dataset/Brain Cancer MRI Dataset/Meningioma/21.jpg",meningioma,False
"/kaggle/input/datasets/souaadrahmoun/brnetval/Multi-Class Brain Tumor MRI Dataset Glioma, Health/Brain Cancer MRI Dataset/Brain Cancer MRI Dataset/Brain Cancer MRI Dataset/Meningioma/210.jpg",meningioma,True
"/kaggle/input/datasets/souaadrahmoun/brnetval/Multi-Class Brain Tumor MRI Dataset Glioma, Health/Brain Cancer MRI Dataset/Brain Cancer MRI Dataset/Brain Cancer MRI Dataset/Meningioma/211.jpg",meningioma,False
"/kaggle/input/datasets/souaadrahmoun/brnetval/Multi-Class Brain Tumor MRI Dataset Glioma, Health/Brain Cancer MRI Dataset/Brain Cancer MRI Dataset/Brain Cancer MRI Dataset/Meningioma/212.jpg",meningioma,True
"/kaggle/input/datasets/souaadrahmoun/brnetval/Multi-Class Brain Tumor MRI Dataset Glioma, Health/Brain Cancer MRI Dataset/Brain Cancer MRI Dataset/Brain Cancer MRI Dataset/Meningioma/213.jpg",meningioma,True
"/kaggle/input/datasets/souaadrahmoun/brnetval/Multi-Class Brain Tumor MRI Dataset Glioma, Health/Brain Cancer MRI Dataset/Brain Cancer MRI Dataset/Brain Cancer MRI Dataset/Meningioma/214.jpg",meningioma,False
"/kaggle/input/datasets/souaadrahmoun/brnetval/Multi-Class Brain Tumor MRI Dataset Glioma, Health/Brain Cancer MRI Dataset/Brain Cancer MRI Dataset/Brain Cancer MRI Dataset/Meningioma/215.jpg",meningioma,True
"/kaggle/input/datasets/souaadrahmoun/brnetval/Multi-Class Brain Tumor MRI Dataset Glioma, Health/Brain Cancer MRI Dataset/Brain Cancer MRI Dataset/Brain Cancer MRI Dataset/Meningioma/216.jpg",meningioma,True
"/kaggle/input/datasets/souaadrahmoun/brnetval/Multi-Class Brain Tumor MRI Dataset Glioma, Health/Brain Cancer MRI Dataset/Brain Cancer MRI Dataset/Brain Cancer MRI Dataset/Meningioma/218.jpg",meningioma,False
"/kaggle/input/datasets/souaadrahmoun/brnetval/Multi-Class Brain Tumor MRI Dataset Glioma, Health/Brain Cancer MRI Dataset/Brain Cancer MRI Dataset/Brain Cancer MRI Dataset/Meningioma/219.jpg",meningioma,False
"/kaggle/input/datasets/souaadrahmoun/brnetval/Multi-Class Brain Tumor MRI Dataset Glioma, Health/Brain Cancer MRI Dataset/Brain Cancer MRI Dataset/Brain Cancer MRI Dataset/Meningioma/22.jpg",meningioma,True
"/kaggle/input/datasets/souaadrahmoun/brnetval/Multi-Class Brain Tumor MRI Dataset Glioma, Health/Brain Cancer MRI Dataset/Brain Cancer MRI Dataset/Brain Cancer MRI Dataset/Meningioma/220.jpg",meningioma,True
"/kaggle/input/datasets/souaadrahmoun/brnetval/Multi-Class Brain Tumor MRI Dataset Glioma, Health/Brain Cancer MRI Dataset/Brain Cancer MRI Dataset/Brain Cancer MRI Dataset/Meningioma/221.jpg",meningioma,True
"/kaggle/input/datasets/souaadrahmoun/brnetval/Multi-Class Brain Tumor MRI Dataset Glioma, Health/Brain Cancer MRI Dataset/Brain Cancer MRI Dataset/Brain Cancer MRI Dataset/Meningioma/222.jpg",meningioma,True
"/kaggle/input/datasets/souaadrahmoun/brnetval/Multi-Class Brain Tumor MRI Dataset Glioma, Health/Brain Cancer MRI Dataset/Brain Cancer MRI Dataset/Brain Cancer MRI Dataset/Meningioma/223.jpg",meningioma,False
"/kaggle/input/datasets/souaadrahmoun/brnetval/Multi-Class Brain Tumor MRI Dataset Glioma, Health/Brain Cancer MRI Dataset/Brain Cancer MRI Dataset/Brain Cancer MRI Dataset/Meningioma/225.jpg",meningioma,True
"/kaggle/input/datasets/souaadrahmoun/brnetval/Multi-Class Brain Tumor MRI Dataset Glioma, Health/Brain Cancer MRI Dataset/Brain Cancer MRI Dataset/Brain Cancer MRI Dataset/Meningioma/227.jpg",meningioma,True
"/kaggle/input/datasets/souaadrahmoun/brnetval/Multi-Class Brain Tumor MRI Dataset Glioma, Health/Brain Cancer MRI Dataset/Brain Cancer MRI Dataset/Brain Cancer MRI Dataset/Meningioma/228.jpg",meningioma,True
"/kaggle/input/datasets/souaadrahmoun/brnetval/Multi-Class Brain Tumor MRI Dataset Glioma, Health/Brain Cancer MRI Dataset/Brain Cancer MRI Dataset/Brain Cancer MRI Dataset/Meningioma/229.jpg",meningioma,True
"/kaggle/input/datasets/souaadrahmoun/brnetval/Multi-Class Brain Tumor MRI Dataset Glioma, Health/Brain Cancer MRI Dataset/Brain Cancer MRI Dataset/Brain Cancer MRI Dataset/Meningioma/23.jpg",meningioma,False
"/kaggle/input/datasets/souaadrahmoun/brnetval/Multi-Class Brain Tumor MRI Dataset Glioma, Health/Brain Cancer MRI Dataset/Brain Cancer MRI Dataset/Brain Cancer MRI Dataset/Meningioma/231.jpg",meningioma,False
"/kaggle/input/datasets/souaadrahmoun/brnetval/Multi-Class Brain Tumor MRI Dataset Glioma, Health/Brain Cancer MRI Dataset/Brain Cancer MRI Dataset/Brain Cancer MRI Dataset/Meningioma/232.jpg",meningioma,True
"/kaggle/input/datasets/souaadrahmoun/brnetval/Multi-Class Brain Tumor MRI Dataset Glioma, Health/Brain Cancer MRI Dataset/Brain Cancer MRI Dataset/Brain Cancer MRI Dataset/Meningioma/233.jpg",meningioma,True
"/kaggle/input/datasets/souaadrahmoun/brnetval/Multi-Class Brain Tumor MRI Dataset Glioma, Health/Brain Cancer MRI Dataset/Brain Cancer MRI Dataset/Brain Cancer MRI Dataset/Meningioma/234.jpg",meningioma,True
"/kaggle/input/datasets/souaadrahmoun/brnetval/Multi-Class Brain Tumor MRI Dataset Glioma, Health/Brain Cancer MRI Dataset/Brain Cancer MRI Dataset/Brain Cancer MRI Dataset/Meningioma/235.jpg",meningioma,True
"/kaggle/input/datasets/souaadrahmoun/brnetval/Multi-Class Brain Tumor MRI Dataset Glioma, Health/Brain Cancer MRI Dataset/Brain Cancer MRI Dataset/Brain Cancer MRI Dataset/Meningioma/236.jpg",meningioma,True
"/kaggle/input/datasets/souaadrahmoun/brnetval/Multi-Class Brain Tumor MRI Dataset Glioma, Health/Brain Cancer MRI Dataset/Brain Cancer MRI Dataset/Brain Cancer MRI Dataset/Meningioma/237.jpg",meningioma,True
"/kaggle/input/datasets/souaadrahmoun/brnetval/Multi-Class Brain Tumor MRI Dataset Glioma, Health/Brain Cancer MRI Dataset/Brain Cancer MRI Dataset/Brain Cancer MRI Dataset/Meningioma/238.jpg",meningioma,False
"/kaggle/input/datasets/souaadrahmoun/brnetval/Multi-Class Brain Tumor MRI Dataset Glioma, Health/Brain Cancer MRI Dataset/Brain Cancer MRI Dataset/Brain Cancer MRI Dataset/Meningioma/239.jpg",meningioma,True
"/kaggle/input/datasets/souaadrahmoun/brnetval/Multi-Class Brain Tumor MRI Dataset Glioma, Health/Brain Cancer MRI Dataset/Brain Cancer MRI Dataset/Brain Cancer MRI Dataset/Meningioma/24.jpg",meningioma,True
"/kaggle/input/datasets/souaadrahmoun/brnetval/Multi-Class Brain Tumor MRI Dataset Glioma, Health/Brain Cancer MRI Dataset/Brain Cancer MRI Dataset/Brain Cancer MRI Dataset/Meningioma/240.jpg",meningioma,True
"/kaggle/input/datasets/souaadrahmoun/brnetval/Multi-Class Brain Tumor MRI Dataset Glioma, Health/Brain Cancer MRI Dataset/Brain Cancer MRI Dataset/Brain Cancer MRI Dataset/Meningioma/241.jpg",meningioma,True
"/kaggle/input/datasets/souaadrahmoun/brnetval/Multi-Class Brain Tumor MRI Dataset Glioma, Health/Brain Cancer MRI Dataset/Brain Cancer MRI Dataset/Brain Cancer MRI Dataset/Meningioma/242.jpg",meningioma,True
"/kaggle/input/datasets/souaadrahmoun/brnetval/Multi-Class Brain Tumor MRI Dataset Glioma, Health/Brain Cancer MRI Dataset/Brain Cancer MRI Dataset/Brain Cancer MRI Dataset/Meningioma/243.jpg",meningioma,True
"/kaggle/input/datasets/souaadrahmoun/brnetval/Multi-Class Brain Tumor MRI Dataset Glioma, Health/Brain Cancer MRI Dataset/Brain Cancer MRI Dataset/Brain Cancer MRI Dataset/Meningioma/244.jpg",meningioma,False
"/kaggle/input/datasets/souaadrahmoun/brnetval/Multi-Class Brain Tumor MRI Dataset Glioma, Health/Brain Cancer MRI Dataset/Brain Cancer MRI Dataset/Brain Cancer MRI Dataset/Meningioma/245.jpg",meningioma,True
"/kaggle/input/datasets/souaadrahmoun/brnetval/Multi-Class Brain Tumor MRI Dataset Glioma, Health/Brain Cancer MRI Dataset/Brain Cancer MRI Dataset/Brain Cancer MRI Dataset/Meningioma/246.jpg",meningioma,False
"/kaggle/input/datasets/souaadrahmoun/brnetval/Multi-Class Brain Tumor MRI Dataset Glioma, Health/Brain Cancer MRI Dataset/Brain Cancer MRI Dataset/Brain Cancer MRI Dataset/Meningioma/247.jpg",meningioma,False
"/kaggle/input/datasets/souaadrahmoun/brnetval/Multi-Class Brain Tumor MRI Dataset Glioma, Health/Brain Cancer MRI Dataset/Brain Cancer MRI Dataset/Brain Cancer MRI Dataset/Meningioma/248.jpg",meningioma,True
"/kaggle/input/datasets/souaadrahmoun/brnetval/Multi-Class Brain Tumor MRI Dataset Glioma, Health/Brain Cancer MRI Dataset/Brain Cancer MRI Dataset/Brain Cancer MRI Dataset/Meningioma/25.jpg",meningioma,True
"/kaggle/input/datasets/souaadrahmoun/brnetval/Multi-Class Brain Tumor MRI Dataset Glioma, Health/Brain Cancer MRI Dataset/Brain Cancer MRI Dataset/Brain Cancer MRI Dataset/Meningioma/250.jpg",meningioma,True
"/kaggle/input/datasets/souaadrahmoun/brnetval/Multi-Class Brain Tumor MRI Dataset Glioma, Health/Brain Cancer MRI Dataset/Brain Cancer MRI Dataset/Brain Cancer MRI Dataset/Meningioma/251.jpg",meningioma,True
"/kaggle/input/datasets/souaadrahmoun/brnetval/Multi-Class Brain Tumor MRI Dataset Glioma, Health/Brain Cancer MRI Dataset/Brain Cancer MRI Dataset/Brain Cancer MRI Dataset/Meningioma/252.jpg",meningioma,True
"/kaggle/input/datasets/souaadrahmoun/brnetval/Multi-Class Brain Tumor MRI Dataset Glioma, Health/Brain Cancer MRI Dataset/Brain Cancer MRI Dataset/Brain Cancer MRI Dataset/Meningioma/253.jpg",meningioma,True
"/kaggle/input/datasets/souaadrahmoun/brnetval/Multi-Class Brain Tumor MRI Dataset Glioma, Health/Brain Cancer MRI Dataset/Brain Cancer MRI Dataset/Brain Cancer MRI Dataset/Meningioma/254.jpg",meningioma,True
"/kaggle/input/datasets/souaadrahmoun/brnetval/Multi-Class Brain Tumor MRI Dataset Glioma, Health/Brain Cancer MRI Dataset/Brain Cancer MRI Dataset/Brain Cancer MRI Dataset/Meningioma/256.jpg",meningioma,True
"/kaggle/input/datasets/souaadrahmoun/brnetval/Multi-Class Brain Tumor MRI Dataset Glioma, Health/Brain Cancer MRI Dataset/Brain Cancer MRI Dataset/Brain Cancer MRI Dataset/Meningioma/257.jpg",meningioma,True
"/kaggle/input/datasets/souaadrahmoun/brnetval/Multi-Class Brain Tumor MRI Dataset Glioma, Health/Brain Cancer MRI Dataset/Brain Cancer MRI Dataset/Brain Cancer MRI Dataset/Meningioma/258.jpg",meningioma,True
"/kaggle/input/datasets/souaadrahmoun/brnetval/Multi-Class Brain Tumor MRI Dataset Glioma, Health/Brain Cancer MRI Dataset/Brain Cancer MRI Dataset/Brain Cancer MRI Dataset/Meningioma/259.jpg",meningioma,False
"/kaggle/input/datasets/souaadrahmoun/brnetval/Multi-Class Brain Tumor MRI Dataset Glioma, Health/Brain Cancer MRI Dataset/Brain Cancer MRI Dataset/Brain Cancer MRI Dataset/Meningioma/260.jpg",meningioma,True
"/kaggle/input/datasets/souaadrahmoun/brnetval/Multi-Class Brain Tumor MRI Dataset Glioma, Health/Brain Cancer MRI Dataset/Brain Cancer MRI Dataset/Brain Cancer MRI Dataset/Meningioma/261.jpg",meningioma,True
"/kaggle/input/datasets/souaadrahmoun/brnetval/Multi-Class Brain Tumor MRI Dataset Glioma, Health/Brain Cancer MRI Dataset/Brain Cancer MRI Dataset/Brain Cancer MRI Dataset/Meningioma/262.jpg",meningioma,False
"/kaggle/input/datasets/souaadrahmoun/brnetval/Multi-Class Brain Tumor MRI Dataset Glioma, Health/Brain Cancer MRI Dataset/Brain Cancer MRI Dataset/Brain Cancer MRI Dataset/Meningioma/263.jpg",meningioma,True
"/kaggle/input/datasets/souaadrahmoun/brnetval/Multi-Class Brain Tumor MRI Dataset Glioma, Health/Brain Cancer MRI Dataset/Brain Cancer MRI Dataset/Brain Cancer MRI Dataset/Meningioma/264.jpg",meningioma,False
"/kaggle/input/datasets/souaadrahmoun/brnetval/Multi-Class Brain Tumor MRI Dataset Glioma, Health/Brain Cancer MRI Dataset/Brain Cancer MRI Dataset/Brain Cancer MRI Dataset/Meningioma/265.jpg",meningioma,False
"/kaggle/input/datasets/souaadrahmoun/brnetval/Multi-Class Brain Tumor MRI Dataset Glioma, Health/Brain Cancer MRI Dataset/Brain Cancer MRI Dataset/Brain Cancer MRI Dataset/Meningioma/266.jpg",meningioma,False
"/kaggle/input/datasets/souaadrahmoun/brnetval/Multi-Class Brain Tumor MRI Dataset Glioma, Health/Brain Cancer MRI Dataset/Brain Cancer MRI Dataset/Brain Cancer MRI Dataset/Meningioma/268.jpg",meningioma,False
"/kaggle/input/datasets/souaadrahmoun/brnetval/Multi-Class Brain Tumor MRI Dataset Glioma, Health/Brain Cancer MRI Dataset/Brain Cancer MRI Dataset/Brain Cancer MRI Dataset/Meningioma/269.jpg",meningioma,False
"/kaggle/input/datasets/souaadrahmoun/brnetval/Multi-Class Brain Tumor MRI Dataset Glioma, Health/Brain Cancer MRI Dataset/Brain Cancer MRI Dataset/Brain Cancer MRI Dataset/Meningioma/27.jpg",meningioma,True
"/kaggle/input/datasets/souaadrahmoun/brnetval/Multi-Class Brain Tumor MRI Dataset Glioma, Health/Brain Cancer MRI Dataset/Brain Cancer MRI Dataset/Brain Cancer MRI Dataset/Meningioma/270.jpg",meningioma,True
"/kaggle/input/datasets/souaadrahmoun/brnetval/Multi-Class Brain Tumor MRI Dataset Glioma, Health/Brain Cancer MRI Dataset/Brain Cancer MRI Dataset/Brain Cancer MRI Dataset/Meningioma/271.jpg",meningioma,True
"/kaggle/input/datasets/souaadrahmoun/brnetval/Multi-Class Brain Tumor MRI Dataset Glioma, Health/Brain Cancer MRI Dataset/Brain Cancer MRI Dataset/Brain Cancer MRI Dataset/Meningioma/272.jpg",meningioma,True
"/kaggle/input/datasets/souaadrahmoun/brnetval/Multi-Class Brain Tumor MRI Dataset Glioma, Health/Brain Cancer MRI Dataset/Brain Cancer MRI Dataset/Brain Cancer MRI Dataset/Meningioma/273.jpg",meningioma,True
"/kaggle/input/datasets/souaadrahmoun/brnetval/Multi-Class Brain Tumor MRI Dataset Glioma, Health/Brain Cancer MRI Dataset/Brain Cancer MRI Dataset/Brain Cancer MRI Dataset/Meningioma/274.jpg",meningioma,True
"/kaggle/input/datasets/souaadrahmoun/brnetval/Multi-Class Brain Tumor MRI Dataset Glioma, Health/Brain Cancer MRI Dataset/Brain Cancer MRI Dataset/Brain Cancer MRI Dataset/Meningioma/275.jpg",meningioma,True
"/kaggle/input/datasets/souaadrahmoun/brnetval/Multi-Class Brain Tumor MRI Dataset Glioma, Health/Brain Cancer MRI Dataset/Brain Cancer MRI Dataset/Brain Cancer MRI Dataset/Meningioma/276.jpg",meningioma,False
"/kaggle/input/datasets/souaadrahmoun/brnetval/Multi-Class Brain Tumor MRI Dataset Glioma, Health/Brain Cancer MRI Dataset/Brain Cancer MRI Dataset/Brain Cancer MRI Dataset/Meningioma/277.jpg",meningioma,True
"/kaggle/input/datasets/souaadrahmoun/brnetval/Multi-Class Brain Tumor MRI Dataset Glioma, Health/Brain Cancer MRI Dataset/Brain Cancer MRI Dataset/Brain Cancer MRI Dataset/Meningioma/278.jpg",meningioma,True
"/kaggle/input/datasets/souaadrahmoun/brnetval/Multi-Class Brain Tumor MRI Dataset Glioma, Health/Brain Cancer MRI Dataset/Brain Cancer MRI Dataset/Brain Cancer MRI Dataset/Meningioma/279.jpg",meningioma,False
"/kaggle/input/datasets/souaadrahmoun/brnetval/Multi-Class Brain Tumor MRI Dataset Glioma, Health/Brain Cancer MRI Dataset/Brain Cancer MRI Dataset/Brain Cancer MRI Dataset/Meningioma/280.jpg",meningioma,False
"/kaggle/input/datasets/souaadrahmoun/brnetval/Multi-Class Brain Tumor MRI Dataset Glioma, Health/Brain Cancer MRI Dataset/Brain Cancer MRI Dataset/Brain Cancer MRI Dataset/Meningioma/281.jpg",meningioma,True
"/kaggle/input/datasets/souaadrahmoun/brnetval/Multi-Class Brain Tumor MRI Dataset Glioma, Health/Brain Cancer MRI Dataset/Brain Cancer MRI Dataset/Brain Cancer MRI Dataset/Meningioma/283.jpg",meningioma,False
"/kaggle/input/datasets/souaadrahmoun/brnetval/Multi-Class Brain Tumor MRI Dataset Glioma, Health/Brain Cancer MRI Dataset/Brain Cancer MRI Dataset/Brain Cancer MRI Dataset/Meningioma/285.jpg",meningioma,False
"/kaggle/input/datasets/souaadrahmoun/brnetval/Multi-Class Brain Tumor MRI Dataset Glioma, Health/Brain Cancer MRI Dataset/Brain Cancer MRI Dataset/Brain Cancer MRI Dataset/Meningioma/286.jpg",meningioma,True
"/kaggle/input/datasets/souaadrahmoun/brnetval/Multi-Class Brain Tumor MRI Dataset Glioma, Health/Brain Cancer MRI Dataset/Brain Cancer MRI Dataset/Brain Cancer MRI Dataset/Meningioma/287.jpg",meningioma,True
"/kaggle/input/datasets/souaadrahmoun/brnetval/Multi-Class Brain Tumor MRI Dataset Glioma, Health/Brain Cancer MRI Dataset/Brain Cancer MRI Dataset/Brain Cancer MRI Dataset/Meningioma/288.jpg",meningioma,True
"/kaggle/input/datasets/souaadrahmoun/brnetval/Multi-Class Brain Tumor MRI Dataset Glioma, Health/Brain Cancer MRI Dataset/Brain Cancer MRI Dataset/Brain Cancer MRI Dataset/Meningioma/289.jpg",meningioma,True
"/kaggle/input/datasets/souaadrahmoun/brnetval/Multi-Class Brain Tumor MRI Dataset Glioma, Health/Brain Cancer MRI Dataset/Brain Cancer MRI Dataset/Brain Cancer MRI Dataset/Meningioma/29.jpg",meningioma,False
"/kaggle/input/datasets/souaadrahmoun/brnetval/Multi-Class Brain Tumor MRI Dataset Glioma, Health/Brain Cancer MRI Dataset/Brain Cancer MRI Dataset/Brain Cancer MRI Dataset/Meningioma/290.jpg",meningioma,False
"/kaggle/input/datasets/souaadrahmoun/brnetval/Multi-Class Brain Tumor MRI Dataset Glioma, Health/Brain Cancer MRI Dataset/Brain Cancer MRI Dataset/Brain Cancer MRI Dataset/Meningioma/291.jpg",meningioma,True
"/kaggle/input/datasets/souaadrahmoun/brnetval/Multi-Class Brain Tumor MRI Dataset Glioma, Health/Brain Cancer MRI Dataset/Brain Cancer MRI Dataset/Brain Cancer MRI Dataset/Meningioma/292.jpg",meningioma,False
"/kaggle/input/datasets/souaadrahmoun/brnetval/Multi-Class Brain Tumor MRI Dataset Glioma, Health/Brain Cancer MRI Dataset/Brain Cancer MRI Dataset/Brain Cancer MRI Dataset/Meningioma/293.jpg",meningioma,True
"/kaggle/input/datasets/souaadrahmoun/brnetval/Multi-Class Brain Tumor MRI Dataset Glioma, Health/Brain Cancer MRI Dataset/Brain Cancer MRI Dataset/Brain Cancer MRI Dataset/Meningioma/294.jpg",meningioma,False
"/kaggle/input/datasets/souaadrahmoun/brnetval/Multi-Class Brain Tumor MRI Dataset Glioma, Health/Brain Cancer MRI Dataset/Brain Cancer MRI Dataset/Brain Cancer MRI Dataset/Meningioma/295.jpg",meningioma,True
"/kaggle/input/datasets/souaadrahmoun/brnetval/Multi-Class Brain Tumor MRI Dataset Glioma, Health/Brain Cancer MRI Dataset/Brain Cancer MRI Dataset/Brain Cancer MRI Dataset/Meningioma/296.jpg",meningioma,True
"/kaggle/input/datasets/souaadrahmoun/brnetval/Multi-Class Brain Tumor MRI Dataset Glioma, Health/Brain Cancer MRI Dataset/Brain Cancer MRI Dataset/Brain Cancer MRI Dataset/Meningioma/297.jpg",meningioma,True
"/kaggle/input/datasets/souaadrahmoun/brnetval/Multi-Class Brain Tumor MRI Dataset Glioma, Health/Brain Cancer MRI Dataset/Brain Cancer MRI Dataset/Brain Cancer MRI Dataset/Meningioma/299.jpg",meningioma,True
"/kaggle/input/datasets/souaadrahmoun/brnetval/Multi-Class Brain Tumor MRI Dataset Glioma, Health/Brain Cancer MRI Dataset/Brain Cancer MRI Dataset/Brain Cancer MRI Dataset/Meningioma/3.jpg",meningioma,True
"/kaggle/input/datasets/souaadrahmoun/brnetval/Multi-Class Brain Tumor MRI Dataset Glioma, Health/Brain Cancer MRI Dataset/Brain Cancer MRI Dataset/Brain Cancer MRI Dataset/Meningioma/30.jpg",meningioma,False
"/kaggle/input/datasets/souaadrahmoun/brnetval/Multi-Class Brain Tumor MRI Dataset Glioma, Health/Brain Cancer MRI Dataset/Brain Cancer MRI Dataset/Brain Cancer MRI Dataset/Meningioma/300.jpg",meningioma,True
"/kaggle/input/datasets/souaadrahmoun/brnetval/Multi-Class Brain Tumor MRI Dataset Glioma, Health/Brain Cancer MRI Dataset/Brain Cancer MRI Dataset/Brain Cancer MRI Dataset/Meningioma/31.jpg",meningioma,True
"/kaggle/input/datasets/souaadrahmoun/brnetval/Multi-Class Brain Tumor MRI Dataset Glioma, Health/Brain Cancer MRI Dataset/Brain Cancer MRI Dataset/Brain Cancer MRI Dataset/Meningioma/32.jpg",meningioma,True
"/kaggle/input/datasets/souaadrahmoun/brnetval/Multi-Class Brain Tumor MRI Dataset Glioma, Health/Brain Cancer MRI Dataset/Brain Cancer MRI Dataset/Brain Cancer MRI Dataset/Meningioma/33.jpg",meningioma,True
"/kaggle/input/datasets/souaadrahmoun/brnetval/Multi-Class Brain Tumor MRI Dataset Glioma, Health/Brain Cancer MRI Dataset/Brain Cancer MRI Dataset/Brain Cancer MRI Dataset/Meningioma/34.jpg",meningioma,True
"/kaggle/input/datasets/souaadrahmoun/brnetval/Multi-Class Brain Tumor MRI Dataset Glioma, Health/Brain Cancer MRI Dataset/Brain Cancer MRI Dataset/Brain Cancer MRI Dataset/Meningioma/36.jpg",meningioma,True
"/kaggle/input/datasets/souaadrahmoun/brnetval/Multi-Class Brain Tumor MRI Dataset Glioma, Health/Brain Cancer MRI Dataset/Brain Cancer MRI Dataset/Brain Cancer MRI Dataset/Meningioma/37.jpg",meningioma,True
"/kaggle/input/datasets/souaadrahmoun/brnetval/Multi-Class Brain Tumor MRI Dataset Glioma, Health/Brain Cancer MRI Dataset/Brain Cancer MRI Dataset/Brain Cancer MRI Dataset/Meningioma/39.jpg",meningioma,True
"/kaggle/input/datasets/souaadrahmoun/brnetval/Multi-Class Brain Tumor MRI Dataset Glioma, Health/Brain Cancer MRI Dataset/Brain Cancer MRI Dataset/Brain Cancer MRI Dataset/Meningioma/4.jpg",meningioma,True
"/kaggle/input/datasets/souaadrahmoun/brnetval/Multi-Class Brain Tumor MRI Dataset Glioma, Health/Brain Cancer MRI Dataset/Brain Cancer MRI Dataset/Brain Cancer MRI Dataset/Meningioma/40.jpg",meningioma,True
"/kaggle/input/datasets/souaadrahmoun/brnetval/Multi-Class Brain Tumor MRI Dataset Glioma, Health/Brain Cancer MRI Dataset/Brain Cancer MRI Dataset/Brain Cancer MRI Dataset/Meningioma/41.jpg",meningioma,True
"/kaggle/input/datasets/souaadrahmoun/brnetval/Multi-Class Brain Tumor MRI Dataset Glioma, Health/Brain Cancer MRI Dataset/Brain Cancer MRI Dataset/Brain Cancer MRI Dataset/Meningioma/42.jpg",meningioma,False
"/kaggle/input/datasets/souaadrahmoun/brnetval/Multi-Class Brain Tumor MRI Dataset Glioma, Health/Brain Cancer MRI Dataset/Brain Cancer MRI Dataset/Brain Cancer MRI Dataset/Meningioma/43.jpg",meningioma,False
"/kaggle/input/datasets/souaadrahmoun/brnetval/Multi-Class Brain Tumor MRI Dataset Glioma, Health/Brain Cancer MRI Dataset/Brain Cancer MRI Dataset/Brain Cancer MRI Dataset/Meningioma/45.jpg",meningioma,True
"/kaggle/input/datasets/souaadrahmoun/brnetval/Multi-Class Brain Tumor MRI Dataset Glioma, Health/Brain Cancer MRI Dataset/Brain Cancer MRI Dataset/Brain Cancer MRI Dataset/Meningioma/46.jpg",meningioma,True
"/kaggle/input/datasets/souaadrahmoun/brnetval/Multi-Class Brain Tumor MRI Dataset Glioma, Health/Brain Cancer MRI Dataset/Brain Cancer MRI Dataset/Brain Cancer MRI Dataset/Meningioma/47.jpg",meningioma,False
"/kaggle/input/datasets/souaadrahmoun/brnetval/Multi-Class Brain Tumor MRI Dataset Glioma, Health/Brain Cancer MRI Dataset/Brain Cancer MRI Dataset/Brain Cancer MRI Dataset/Meningioma/48.jpg",meningioma,True
"/kaggle/input/datasets/souaadrahmoun/brnetval/Multi-Class Brain Tumor MRI Dataset Glioma, Health/Brain Cancer MRI Dataset/Brain Cancer MRI Dataset/Brain Cancer MRI Dataset/Meningioma/49.jpg",meningioma,False
"/kaggle/input/datasets/souaadrahmoun/brnetval/Multi-Class Brain Tumor MRI Dataset Glioma, Health/Brain Cancer MRI Dataset/Brain Cancer MRI Dataset/Brain Cancer MRI Dataset/Meningioma/5.jpg",meningioma,True
"/kaggle/input/datasets/souaadrahmoun/brnetval/Multi-Class Brain Tumor MRI Dataset Glioma, Health/Brain Cancer MRI Dataset/Brain Cancer MRI Dataset/Brain Cancer MRI Dataset/Meningioma/50.jpg",meningioma,True
"/kaggle/input/datasets/souaadrahmoun/brnetval/Multi-Class Brain Tumor MRI Dataset Glioma, Health/Brain Cancer MRI Dataset/Brain Cancer MRI Dataset/Brain Cancer MRI Dataset/Meningioma/52.jpg",meningioma,False
"/kaggle/input/datasets/souaadrahmoun/brnetval/Multi-Class Brain Tumor MRI Dataset Glioma, Health/Brain Cancer MRI Dataset/Brain Cancer MRI Dataset/Brain Cancer MRI Dataset/Meningioma/53.jpg",meningioma,True
"/kaggle/input/datasets/souaadrahmoun/brnetval/Multi-Class Brain Tumor MRI Dataset Glioma, Health/Brain Cancer MRI Dataset/Brain Cancer MRI Dataset/Brain Cancer MRI Dataset/Meningioma/54.jpg",meningioma,True
"/kaggle/input/datasets/souaadrahmoun/brnetval/Multi-Class Brain Tumor MRI Dataset Glioma, Health/Brain Cancer MRI Dataset/Brain Cancer MRI Dataset/Brain Cancer MRI Dataset/Meningioma/55.jpg",meningioma,True
"/kaggle/input/datasets/souaadrahmoun/brnetval/Multi-Class Brain Tumor MRI Dataset Glioma, Health/Brain Cancer MRI Dataset/Brain Cancer MRI Dataset/Brain Cancer MRI Dataset/Meningioma/56.jpg",meningioma,True
"/kaggle/input/datasets/souaadrahmoun/brnetval/Multi-Class Brain Tumor MRI Dataset Glioma, Health/Brain Cancer MRI Dataset/Brain Cancer MRI Dataset/Brain Cancer MRI Dataset/Meningioma/57.jpg",meningioma,False
"/kaggle/input/datasets/souaadrahmoun/brnetval/Multi-Class Brain Tumor MRI Dataset Glioma, Health/Brain Cancer MRI Dataset/Brain Cancer MRI Dataset/Brain Cancer MRI Dataset/Meningioma/58.jpg",meningioma,True
"/kaggle/input/datasets/souaadrahmoun/brnetval/Multi-Class Brain Tumor MRI Dataset Glioma, Health/Brain Cancer MRI Dataset/Brain Cancer MRI Dataset/Brain Cancer MRI Dataset/Meningioma/59.jpg",meningioma,True
"/kaggle/input/datasets/souaadrahmoun/brnetval/Multi-Class Brain Tumor MRI Dataset Glioma, Health/Brain Cancer MRI Dataset/Brain Cancer MRI Dataset/Brain Cancer MRI Dataset/Meningioma/6.jpg",meningioma,True
"/kaggle/input/datasets/souaadrahmoun/brnetval/Multi-Class Brain Tumor MRI Dataset Glioma, Health/Brain Cancer MRI Dataset/Brain Cancer MRI Dataset/Brain Cancer MRI Dataset/Meningioma/60.jpg",meningioma,False
"/kaggle/input/datasets/souaadrahmoun/brnetval/Multi-Class Brain Tumor MRI Dataset Glioma, Health/Brain Cancer MRI Dataset/Brain Cancer MRI Dataset/Brain Cancer MRI Dataset/Meningioma/61.jpg",meningioma,True
"/kaggle/input/datasets/souaadrahmoun/brnetval/Multi-Class Brain Tumor MRI Dataset Glioma, Health/Brain Cancer MRI Dataset/Brain Cancer MRI Dataset/Brain Cancer MRI Dataset/Meningioma/62.jpg",meningioma,True
"/kaggle/input/datasets/souaadrahmoun/brnetval/Multi-Class Brain Tumor MRI Dataset Glioma, Health/Brain Cancer MRI Dataset/Brain Cancer MRI Dataset/Brain Cancer MRI Dataset/Meningioma/63.jpg",meningioma,False
"/kaggle/input/datasets/souaadrahmoun/brnetval/Multi-Class Brain Tumor MRI Dataset Glioma, Health/Brain Cancer MRI Dataset/Brain Cancer MRI Dataset/Brain Cancer MRI Dataset/Meningioma/64.jpg",meningioma,True
"/kaggle/input/datasets/souaadrahmoun/brnetval/Multi-Class Brain Tumor MRI Dataset Glioma, Health/Brain Cancer MRI Dataset/Brain Cancer MRI Dataset/Brain Cancer MRI Dataset/Meningioma/65.jpg",meningioma,True
"/kaggle/input/datasets/souaadrahmoun/brnetval/Multi-Class Brain Tumor MRI Dataset Glioma, Health/Brain Cancer MRI Dataset/Brain Cancer MRI Dataset/Brain Cancer MRI Dataset/Meningioma/66.jpg",meningioma,False
"/kaggle/input/datasets/souaadrahmoun/brnetval/Multi-Class Brain Tumor MRI Dataset Glioma, Health/Brain Cancer MRI Dataset/Brain Cancer MRI Dataset/Brain Cancer MRI Dataset/Meningioma/67.jpg",meningioma,False
"/kaggle/input/datasets/souaadrahmoun/brnetval/Multi-Class Brain Tumor MRI Dataset Glioma, Health/Brain Cancer MRI Dataset/Brain Cancer MRI Dataset/Brain Cancer MRI Dataset/Meningioma/68.jpg",meningioma,True
"/kaggle/input/datasets/souaadrahmoun/brnetval/Multi-Class Brain Tumor MRI Dataset Glioma, Health/Brain Cancer MRI Dataset/Brain Cancer MRI Dataset/Brain Cancer MRI Dataset/Meningioma/69.jpg",meningioma,True
"/kaggle/input/datasets/souaadrahmoun/brnetval/Multi-Class Brain Tumor MRI Dataset Glioma, Health/Brain Cancer MRI Dataset/Brain Cancer MRI Dataset/Brain Cancer MRI Dataset/Meningioma/7.jpg",meningioma,True
"/kaggle/input/datasets/souaadrahmoun/brnetval/Multi-Class Brain Tumor MRI Dataset Glioma, Health/Brain Cancer MRI Dataset/Brain Cancer MRI Dataset/Brain Cancer MRI Dataset/Meningioma/70.jpg",meningioma,True
"/kaggle/input/datasets/souaadrahmoun/brnetval/Multi-Class Brain Tumor MRI Dataset Glioma, Health/Brain Cancer MRI Dataset/Brain Cancer MRI Dataset/Brain Cancer MRI Dataset/Meningioma/71.jpg",meningioma,False
"/kaggle/input/datasets/souaadrahmoun/brnetval/Multi-Class Brain Tumor MRI Dataset Glioma, Health/Brain Cancer MRI Dataset/Brain Cancer MRI Dataset/Brain Cancer MRI Dataset/Meningioma/72.jpg",meningioma,True
"/kaggle/input/datasets/souaadrahmoun/brnetval/Multi-Class Brain Tumor MRI Dataset Glioma, Health/Brain Cancer MRI Dataset/Brain Cancer MRI Dataset/Brain Cancer MRI Dataset/Meningioma/73.jpg",meningioma,True
"/kaggle/input/datasets/souaadrahmoun/brnetval/Multi-Class Brain Tumor MRI Dataset Glioma, Health/Brain Cancer MRI Dataset/Brain Cancer MRI Dataset/Brain Cancer MRI Dataset/Meningioma/74.jpg",meningioma,False
"/kaggle/input/datasets/souaadrahmoun/brnetval/Multi-Class Brain Tumor MRI Dataset Glioma, Health/Brain Cancer MRI Dataset/Brain Cancer MRI Dataset/Brain Cancer MRI Dataset/Meningioma/75.jpg",meningioma,False
"/kaggle/input/datasets/souaadrahmoun/brnetval/Multi-Class Brain Tumor MRI Dataset Glioma, Health/Brain Cancer MRI Dataset/Brain Cancer MRI Dataset/Brain Cancer MRI Dataset/Meningioma/76.jpg",meningioma,True
"/kaggle/input/datasets/souaadrahmoun/brnetval/Multi-Class Brain Tumor MRI Dataset Glioma, Health/Brain Cancer MRI Dataset/Brain Cancer MRI Dataset/Brain Cancer MRI Dataset/Meningioma/77.jpg",meningioma,False
"/kaggle/input/datasets/souaadrahmoun/brnetval/Multi-Class Brain Tumor MRI Dataset Glioma, Health/Brain Cancer MRI Dataset/Brain Cancer MRI Dataset/Brain Cancer MRI Dataset/Meningioma/78.jpg",meningioma,False
"/kaggle/input/datasets/souaadrahmoun/brnetval/Multi-Class Brain Tumor MRI Dataset Glioma, Health/Brain Cancer MRI Dataset/Brain Cancer MRI Dataset/Brain Cancer MRI Dataset/Meningioma/79.jpg",meningioma,True
"/kaggle/input/datasets/souaadrahmoun/brnetval/Multi-Class Brain Tumor MRI Dataset Glioma, Health/Brain Cancer MRI Dataset/Brain Cancer MRI Dataset/Brain Cancer MRI Dataset/Meningioma/8.jpg",meningioma,True
"/kaggle/input/datasets/souaadrahmoun/brnetval/Multi-Class Brain Tumor MRI Dataset Glioma, Health/Brain Cancer MRI Dataset/Brain Cancer MRI Dataset/Brain Cancer MRI Dataset/Meningioma/81.jpg",meningioma,False
"/kaggle/input/datasets/souaadrahmoun/brnetval/Multi-Class Brain Tumor MRI Dataset Glioma, Health/Brain Cancer MRI Dataset/Brain Cancer MRI Dataset/Brain Cancer MRI Dataset/Meningioma/83.jpg",meningioma,True
"/kaggle/input/datasets/souaadrahmoun/brnetval/Multi-Class Brain Tumor MRI Dataset Glioma, Health/Brain Cancer MRI Dataset/Brain Cancer MRI Dataset/Brain Cancer MRI Dataset/Meningioma/84.jpg",meningioma,False
"/kaggle/input/datasets/souaadrahmoun/brnetval/Multi-Class Brain Tumor MRI Dataset Glioma, Health/Brain Cancer MRI Dataset/Brain Cancer MRI Dataset/Brain Cancer MRI Dataset/Meningioma/85.jpg",meningioma,False
"/kaggle/input/datasets/souaadrahmoun/brnetval/Multi-Class Brain Tumor MRI Dataset Glioma, Health/Brain Cancer MRI Dataset/Brain Cancer MRI Dataset/Brain Cancer MRI Dataset/Meningioma/86.jpg",meningioma,False
"/kaggle/input/datasets/souaadrahmoun/brnetval/Multi-Class Brain Tumor MRI Dataset Glioma, Health/Brain Cancer MRI Dataset/Brain Cancer MRI Dataset/Brain Cancer MRI Dataset/Meningioma/87.jpg",meningioma,True
"/kaggle/input/datasets/souaadrahmoun/brnetval/Multi-Class Brain Tumor MRI Dataset Glioma, Health/Brain Cancer MRI Dataset/Brain Cancer MRI Dataset/Brain Cancer MRI Dataset/Meningioma/88.jpg",meningioma,False
"/kaggle/input/datasets/souaadrahmoun/brnetval/Multi-Class Brain Tumor MRI Dataset Glioma, Health/Brain Cancer MRI Dataset/Brain Cancer MRI Dataset/Brain Cancer MRI Dataset/Meningioma/89.jpg",meningioma,True
"/kaggle/input/datasets/souaadrahmoun/brnetval/Multi-Class Brain Tumor MRI Dataset Glioma, Health/Brain Cancer MRI Dataset/Brain Cancer MRI Dataset/Brain Cancer MRI Dataset/Meningioma/9.jpg",meningioma,False
"/kaggle/input/datasets/souaadrahmoun/brnetval/Multi-Class Brain Tumor MRI Dataset Glioma, Health/Brain Cancer MRI Dataset/Brain Cancer MRI Dataset/Brain Cancer MRI Dataset/Meningioma/91.jpg",meningioma,True
"/kaggle/input/datasets/souaadrahmoun/brnetval/Multi-Class Brain Tumor MRI Dataset Glioma, Health/Brain Cancer MRI Dataset/Brain Cancer MRI Dataset/Brain Cancer MRI Dataset/Meningioma/92.jpg",meningioma,False
"/kaggle/input/datasets/souaadrahmoun/brnetval/Multi-Class Brain Tumor MRI Dataset Glioma, Health/Brain Cancer MRI Dataset/Brain Cancer MRI Dataset/Brain Cancer MRI Dataset/Meningioma/93.jpg",meningioma,True
"/kaggle/input/datasets/souaadrahmoun/brnetval/Multi-Class Brain Tumor MRI Dataset Glioma, Health/Brain Cancer MRI Dataset/Brain Cancer MRI Dataset/Brain Cancer MRI Dataset/Meningioma/95.jpg",meningioma,True
"/kaggle/input/datasets/souaadrahmoun/brnetval/Multi-Class Brain Tumor MRI Dataset Glioma, Health/Brain Cancer MRI Dataset/Brain Cancer MRI Dataset/Brain Cancer MRI Dataset/Meningioma/96.jpg",meningioma,False
"/kaggle/input/datasets/souaadrahmoun/brnetval/Multi-Class Brain Tumor MRI Dataset Glioma, Health/Brain Cancer MRI Dataset/Brain Cancer MRI Dataset/Brain Cancer MRI Dataset/Meningioma/97.jpg",meningioma,True
"/kaggle/input/datasets/souaadrahmoun/brnetval/Multi-Class Brain Tumor MRI Dataset Glioma, Health/Brain Cancer MRI Dataset/Brain Cancer MRI Dataset/Brain Cancer MRI Dataset/Meningioma/98.jpg",meningioma,False
"/kaggle/input/datasets/souaadrahmoun/brnetval/Multi-Class Brain Tumor MRI Dataset Glioma, Health/Brain Cancer MRI Dataset/Brain Cancer MRI Dataset/Brain Cancer MRI Dataset/Meningioma/99.jpg",meningioma,False
"/kaggle/input/datasets/souaadrahmoun/brnetval/Multi-Class Brain Tumor MRI Dataset Glioma, Health/Brain Cancer MRI Dataset/Brain Cancer MRI Dataset/Brain Cancer MRI Dataset/Pituitary Macroadenoma/1.jpg",pituitary,True
"/kaggle/input/datasets/souaadrahmoun/brnetval/Multi-Class Brain Tumor MRI Dataset Glioma, Health/Brain Cancer MRI Dataset/Brain Cancer MRI Dataset/Brain Cancer MRI Dataset/Pituitary Macroadenoma/10.jpg",pituitary,True
"/kaggle/input/datasets/souaadrahmoun/brnetval/Multi-Class Brain Tumor MRI Dataset Glioma, Health/Brain Cancer MRI Dataset/Brain Cancer MRI Dataset/Brain Cancer MRI Dataset/Pituitary Macroadenoma/100.jpg",pituitary,True
"/kaggle/input/datasets/souaadrahmoun/brnetval/Multi-Class Brain Tumor MRI Dataset Glioma, Health/Brain Cancer MRI Dataset/Brain Cancer MRI Dataset/Brain Cancer MRI Dataset/Pituitary Macroadenoma/101.jpg",pituitary,True
"/kaggle/input/datasets/souaadrahmoun/brnetval/Multi-Class Brain Tumor MRI Dataset Glioma, Health/Brain Cancer MRI Dataset/Brain Cancer MRI Dataset/Brain Cancer MRI Dataset/Pituitary Macroadenoma/103.jpg",pituitary,True
"/kaggle/input/datasets/souaadrahmoun/brnetval/Multi-Class Brain Tumor MRI Dataset Glioma, Health/Brain Cancer MRI Dataset/Brain Cancer MRI Dataset/Brain Cancer MRI Dataset/Pituitary Macroadenoma/105.jpg",pituitary,True
"/kaggle/input/datasets/souaadrahmoun/brnetval/Multi-Class Brain Tumor MRI Dataset Glioma, Health/Brain Cancer MRI Dataset/Brain Cancer MRI Dataset/Brain Cancer MRI Dataset/Pituitary Macroadenoma/106.jpg",pituitary,True
"/kaggle/input/datasets/souaadrahmoun/brnetval/Multi-Class Brain Tumor MRI Dataset Glioma, Health/Brain Cancer MRI Dataset/Brain Cancer MRI Dataset/Brain Cancer MRI Dataset/Pituitary Macroadenoma/107.jpg",pituitary,True
"/kaggle/input/datasets/souaadrahmoun/brnetval/Multi-Class Brain Tumor MRI Dataset Glioma, Health/Brain Cancer MRI Dataset/Brain Cancer MRI Dataset/Brain Cancer MRI Dataset/Pituitary Macroadenoma/108.jpg",pituitary,True
"/kaggle/input/datasets/souaadrahmoun/brnetval/Multi-Class Brain Tumor MRI Dataset Glioma, Health/Brain Cancer MRI Dataset/Brain Cancer MRI Dataset/Brain Cancer MRI Dataset/Pituitary Macroadenoma/109.jpg",pituitary,True
"/kaggle/input/datasets/souaadrahmoun/brnetval/Multi-Class Brain Tumor MRI Dataset Glioma, Health/Brain Cancer MRI Dataset/Brain Cancer MRI Dataset/Brain Cancer MRI Dataset/Pituitary Macroadenoma/11.jpg",pituitary,True
"/kaggle/input/datasets/souaadrahmoun/brnetval/Multi-Class Brain Tumor MRI Dataset Glioma, Health/Brain Cancer MRI Dataset/Brain Cancer MRI Dataset/Brain Cancer MRI Dataset/Pituitary Macroadenoma/110.jpg",pituitary,True
"/kaggle/input/datasets/souaadrahmoun/brnetval/Multi-Class Brain Tumor MRI Dataset Glioma, Health/Brain Cancer MRI Dataset/Brain Cancer MRI Dataset/Brain Cancer MRI Dataset/Pituitary Macroadenoma/111.jpg",pituitary,True
"/kaggle/input/datasets/souaadrahmoun/brnetval/Multi-Class Brain Tumor MRI Dataset Glioma, Health/Brain Cancer MRI Dataset/Brain Cancer MRI Dataset/Brain Cancer MRI Dataset/Pituitary Macroadenoma/112.jpg",pituitary,True
"/kaggle/input/datasets/souaadrahmoun/brnetval/Multi-Class Brain Tumor MRI Dataset Glioma, Health/Brain Cancer MRI Dataset/Brain Cancer MRI Dataset/Brain Cancer MRI Dataset/Pituitary Macroadenoma/113.jpg",pituitary,True
"/kaggle/input/datasets/souaadrahmoun/brnetval/Multi-Class Brain Tumor MRI Dataset Glioma, Health/Brain Cancer MRI Dataset/Brain Cancer MRI Dataset/Brain Cancer MRI Dataset/Pituitary Macroadenoma/114.jpg",pituitary,True
"/kaggle/input/datasets/souaadrahmoun/brnetval/Multi-Class Brain Tumor MRI Dataset Glioma, Health/Brain Cancer MRI Dataset/Brain Cancer MRI Dataset/Brain Cancer MRI Dataset/Pituitary Macroadenoma/115.jpg",pituitary,True
"/kaggle/input/datasets/souaadrahmoun/brnetval/Multi-Class Brain Tumor MRI Dataset Glioma, Health/Brain Cancer MRI Dataset/Brain Cancer MRI Dataset/Brain Cancer MRI Dataset/Pituitary Macroadenoma/117.jpg",pituitary,False
"/kaggle/input/datasets/souaadrahmoun/brnetval/Multi-Class Brain Tumor MRI Dataset Glioma, Health/Brain Cancer MRI Dataset/Brain Cancer MRI Dataset/Brain Cancer MRI Dataset/Pituitary Macroadenoma/118.jpg",pituitary,True
"/kaggle/input/datasets/souaadrahmoun/brnetval/Multi-Class Brain Tumor MRI Dataset Glioma, Health/Brain Cancer MRI Dataset/Brain Cancer MRI Dataset/Brain Cancer MRI Dataset/Pituitary Macroadenoma/119.jpg",pituitary,True
"/kaggle/input/datasets/souaadrahmoun/brnetval/Multi-Class Brain Tumor MRI Dataset Glioma, Health/Brain Cancer MRI Dataset/Brain Cancer MRI Dataset/Brain Cancer MRI Dataset/Pituitary Macroadenoma/12.jpg",pituitary,True
"/kaggle/input/datasets/souaadrahmoun/brnetval/Multi-Class Brain Tumor MRI Dataset Glioma, Health/Brain Cancer MRI Dataset/Brain Cancer MRI Dataset/Brain Cancer MRI Dataset/Pituitary Macroadenoma/120.jpg",pituitary,True
"/kaggle/input/datasets/souaadrahmoun/brnetval/Multi-Class Brain Tumor MRI Dataset Glioma, Health/Brain Cancer MRI Dataset/Brain Cancer MRI Dataset/Brain Cancer MRI Dataset/Pituitary Macroadenoma/121.jpg",pituitary,True
"/kaggle/input/datasets/souaadrahmoun/brnetval/Multi-Class Brain Tumor MRI Dataset Glioma, Health/Brain Cancer MRI Dataset/Brain Cancer MRI Dataset/Brain Cancer MRI Dataset/Pituitary Macroadenoma/122.jpg",pituitary,True
"/kaggle/input/datasets/souaadrahmoun/brnetval/Multi-Class Brain Tumor MRI Dataset Glioma, Health/Brain Cancer MRI Dataset/Brain Cancer MRI Dataset/Brain Cancer MRI Dataset/Pituitary Macroadenoma/123.jpg",pituitary,True
"/kaggle/input/datasets/souaadrahmoun/brnetval/Multi-Class Brain Tumor MRI Dataset Glioma, Health/Brain Cancer MRI Dataset/Brain Cancer MRI Dataset/Brain Cancer MRI Dataset/Pituitary Macroadenoma/124.jpg",pituitary,True
"/kaggle/input/datasets/souaadrahmoun/brnetval/Multi-Class Brain Tumor MRI Dataset Glioma, Health/Brain Cancer MRI Dataset/Brain Cancer MRI Dataset/Brain Cancer MRI Dataset/Pituitary Macroadenoma/125.jpg",pituitary,True
"/kaggle/input/datasets/souaadrahmoun/brnetval/Multi-Class Brain Tumor MRI Dataset Glioma, Health/Brain Cancer MRI Dataset/Brain Cancer MRI Dataset/Brain Cancer MRI Dataset/Pituitary Macroadenoma/127.jpg",pituitary,True
"/kaggle/input/datasets/souaadrahmoun/brnetval/Multi-Class Brain Tumor MRI Dataset Glioma, Health/Brain Cancer MRI Dataset/Brain Cancer MRI Dataset/Brain Cancer MRI Dataset/Pituitary Macroadenoma/128.jpg",pituitary,True
"/kaggle/input/datasets/souaadrahmoun/brnetval/Multi-Class Brain Tumor MRI Dataset Glioma, Health/Brain Cancer MRI Dataset/Brain Cancer MRI Dataset/Brain Cancer MRI Dataset/Pituitary Macroadenoma/129.jpg",pituitary,True
"/kaggle/input/datasets/souaadrahmoun/brnetval/Multi-Class Brain Tumor MRI Dataset Glioma, Health/Brain Cancer MRI Dataset/Brain Cancer MRI Dataset/Brain Cancer MRI Dataset/Pituitary Macroadenoma/13.jpg",pituitary,True
"/kaggle/input/datasets/souaadrahmoun/brnetval/Multi-Class Brain Tumor MRI Dataset Glioma, Health/Brain Cancer MRI Dataset/Brain Cancer MRI Dataset/Brain Cancer MRI Dataset/Pituitary Macroadenoma/130.jpg",pituitary,True
"/kaggle/input/datasets/souaadrahmoun/brnetval/Multi-Class Brain Tumor MRI Dataset Glioma, Health/Brain Cancer MRI Dataset/Brain Cancer MRI Dataset/Brain Cancer MRI Dataset/Pituitary Macroadenoma/131.jpg",pituitary,True
"/kaggle/input/datasets/souaadrahmoun/brnetval/Multi-Class Brain Tumor MRI Dataset Glioma, Health/Brain Cancer MRI Dataset/Brain Cancer MRI Dataset/Brain Cancer MRI Dataset/Pituitary Macroadenoma/132.jpg",pituitary,True
"/kaggle/input/datasets/souaadrahmoun/brnetval/Multi-Class Brain Tumor MRI Dataset Glioma, Health/Brain Cancer MRI Dataset/Brain Cancer MRI Dataset/Brain Cancer MRI Dataset/Pituitary Macroadenoma/134.jpg",pituitary,True
"/kaggle/input/datasets/souaadrahmoun/brnetval/Multi-Class Brain Tumor MRI Dataset Glioma, Health/Brain Cancer MRI Dataset/Brain Cancer MRI Dataset/Brain Cancer MRI Dataset/Pituitary Macroadenoma/135.jpg",pituitary,True
"/kaggle/input/datasets/souaadrahmoun/brnetval/Multi-Class Brain Tumor MRI Dataset Glioma, Health/Brain Cancer MRI Dataset/Brain Cancer MRI Dataset/Brain Cancer MRI Dataset/Pituitary Macroadenoma/136.jpg",pituitary,True
"/kaggle/input/datasets/souaadrahmoun/brnetval/Multi-Class Brain Tumor MRI Dataset Glioma, Health/Brain Cancer MRI Dataset/Brain Cancer MRI Dataset/Brain Cancer MRI Dataset/Pituitary Macroadenoma/137.jpg",pituitary,True
"/kaggle/input/datasets/souaadrahmoun/brnetval/Multi-Class Brain Tumor MRI Dataset Glioma, Health/Brain Cancer MRI Dataset/Brain Cancer MRI Dataset/Brain Cancer MRI Dataset/Pituitary Macroadenoma/138.jpg",pituitary,True
"/kaggle/input/datasets/souaadrahmoun/brnetval/Multi-Class Brain Tumor MRI Dataset Glioma, Health/Brain Cancer MRI Dataset/Brain Cancer MRI Dataset/Brain Cancer MRI Dataset/Pituitary Macroadenoma/139.jpg",pituitary,True
"/kaggle/input/datasets/souaadrahmoun/brnetval/Multi-Class Brain Tumor MRI Dataset Glioma, Health/Brain Cancer MRI Dataset/Brain Cancer MRI Dataset/Brain Cancer MRI Dataset/Pituitary Macroadenoma/140.jpg",pituitary,True
"/kaggle/input/datasets/souaadrahmoun/brnetval/Multi-Class Brain Tumor MRI Dataset Glioma, Health/Brain Cancer MRI Dataset/Brain Cancer MRI Dataset/Brain Cancer MRI Dataset/Pituitary Macroadenoma/141.jpg",pituitary,True
"/kaggle/input/datasets/souaadrahmoun/brnetval/Multi-Class Brain Tumor MRI Dataset Glioma, Health/Brain Cancer MRI Dataset/Brain Cancer MRI Dataset/Brain Cancer MRI Dataset/Pituitary Macroadenoma/142.jpg",pituitary,True
"/kaggle/input/datasets/souaadrahmoun/brnetval/Multi-Class Brain Tumor MRI Dataset Glioma, Health/Brain Cancer MRI Dataset/Brain Cancer MRI Dataset/Brain Cancer MRI Dataset/Pituitary Macroadenoma/143.jpg",pituitary,True
"/kaggle/input/datasets/souaadrahmoun/brnetval/Multi-Class Brain Tumor MRI Dataset Glioma, Health/Brain Cancer MRI Dataset/Brain Cancer MRI Dataset/Brain Cancer MRI Dataset/Pituitary Macroadenoma/144.jpg",pituitary,True
"/kaggle/input/datasets/souaadrahmoun/brnetval/Multi-Class Brain Tumor MRI Dataset Glioma, Health/Brain Cancer MRI Dataset/Brain Cancer MRI Dataset/Brain Cancer MRI Dataset/Pituitary Macroadenoma/146.jpg",pituitary,True
"/kaggle/input/datasets/souaadrahmoun/brnetval/Multi-Class Brain Tumor MRI Dataset Glioma, Health/Brain Cancer MRI Dataset/Brain Cancer MRI Dataset/Brain Cancer MRI Dataset/Pituitary Macroadenoma/147.jpg",pituitary,True
"/kaggle/input/datasets/souaadrahmoun/brnetval/Multi-Class Brain Tumor MRI Dataset Glioma, Health/Brain Cancer MRI Dataset/Brain Cancer MRI Dataset/Brain Cancer MRI Dataset/Pituitary Macroadenoma/148.jpg",pituitary,True
"/kaggle/input/datasets/souaadrahmoun/brnetval/Multi-Class Brain Tumor MRI Dataset Glioma, Health/Brain Cancer MRI Dataset/Brain Cancer MRI Dataset/Brain Cancer MRI Dataset/Pituitary Macroadenoma/149.jpg",pituitary,True
"/kaggle/input/datasets/souaadrahmoun/brnetval/Multi-Class Brain Tumor MRI Dataset Glioma, Health/Brain Cancer MRI Dataset/Brain Cancer MRI Dataset/Brain Cancer MRI Dataset/Pituitary Macroadenoma/15.jpg",pituitary,True
"/kaggle/input/datasets/souaadrahmoun/brnetval/Multi-Class Brain Tumor MRI Dataset Glioma, Health/Brain Cancer MRI Dataset/Brain Cancer MRI Dataset/Brain Cancer MRI Dataset/Pituitary Macroadenoma/150.jpg",pituitary,True
"/kaggle/input/datasets/souaadrahmoun/brnetval/Multi-Class Brain Tumor MRI Dataset Glioma, Health/Brain Cancer MRI Dataset/Brain Cancer MRI Dataset/Brain Cancer MRI Dataset/Pituitary Macroadenoma/151.jpg",pituitary,True
"/kaggle/input/datasets/souaadrahmoun/brnetval/Multi-Class Brain Tumor MRI Dataset Glioma, Health/Brain Cancer MRI Dataset/Brain Cancer MRI Dataset/Brain Cancer MRI Dataset/Pituitary Macroadenoma/152.jpg",pituitary,True
"/kaggle/input/datasets/souaadrahmoun/brnetval/Multi-Class Brain Tumor MRI Dataset Glioma, Health/Brain Cancer MRI Dataset/Brain Cancer MRI Dataset/Brain Cancer MRI Dataset/Pituitary Macroadenoma/153.jpg",pituitary,True
"/kaggle/input/datasets/souaadrahmoun/brnetval/Multi-Class Brain Tumor MRI Dataset Glioma, Health/Brain Cancer MRI Dataset/Brain Cancer MRI Dataset/Brain Cancer MRI Dataset/Pituitary Macroadenoma/154.jpg",pituitary,True
"/kaggle/input/datasets/souaadrahmoun/brnetval/Multi-Class Brain Tumor MRI Dataset Glioma, Health/Brain Cancer MRI Dataset/Brain Cancer MRI Dataset/Brain Cancer MRI Dataset/Pituitary Macroadenoma/155.jpg",pituitary,False
"/kaggle/input/datasets/souaadrahmoun/brnetval/Multi-Class Brain Tumor MRI Dataset Glioma, Health/Brain Cancer MRI Dataset/Brain Cancer MRI Dataset/Brain Cancer MRI Dataset/Pituitary Macroadenoma/156.jpg",pituitary,True
"/kaggle/input/datasets/souaadrahmoun/brnetval/Multi-Class Brain Tumor MRI Dataset Glioma, Health/Brain Cancer MRI Dataset/Brain Cancer MRI Dataset/Brain Cancer MRI Dataset/Pituitary Macroadenoma/157.jpg",pituitary,True
"/kaggle/input/datasets/souaadrahmoun/brnetval/Multi-Class Brain Tumor MRI Dataset Glioma, Health/Brain Cancer MRI Dataset/Brain Cancer MRI Dataset/Brain Cancer MRI Dataset/Pituitary Macroadenoma/159.jpg",pituitary,True
"/kaggle/input/datasets/souaadrahmoun/brnetval/Multi-Class Brain Tumor MRI Dataset Glioma, Health/Brain Cancer MRI Dataset/Brain Cancer MRI Dataset/Brain Cancer MRI Dataset/Pituitary Macroadenoma/16.jpg",pituitary,True
"/kaggle/input/datasets/souaadrahmoun/brnetval/Multi-Class Brain Tumor MRI Dataset Glioma, Health/Brain Cancer MRI Dataset/Brain Cancer MRI Dataset/Brain Cancer MRI Dataset/Pituitary Macroadenoma/160.jpg",pituitary,True
"/kaggle/input/datasets/souaadrahmoun/brnetval/Multi-Class Brain Tumor MRI Dataset Glioma, Health/Brain Cancer MRI Dataset/Brain Cancer MRI Dataset/Brain Cancer MRI Dataset/Pituitary Macroadenoma/161.jpg",pituitary,True
"/kaggle/input/datasets/souaadrahmoun/brnetval/Multi-Class Brain Tumor MRI Dataset Glioma, Health/Brain Cancer MRI Dataset/Brain Cancer MRI Dataset/Brain Cancer MRI Dataset/Pituitary Macroadenoma/162.jpg",pituitary,True
"/kaggle/input/datasets/souaadrahmoun/brnetval/Multi-Class Brain Tumor MRI Dataset Glioma, Health/Brain Cancer MRI Dataset/Brain Cancer MRI Dataset/Brain Cancer MRI Dataset/Pituitary Macroadenoma/163.jpg",pituitary,True
"/kaggle/input/datasets/souaadrahmoun/brnetval/Multi-Class Brain Tumor MRI Dataset Glioma, Health/Brain Cancer MRI Dataset/Brain Cancer MRI Dataset/Brain Cancer MRI Dataset/Pituitary Macroadenoma/164.jpg",pituitary,True
"/kaggle/input/datasets/souaadrahmoun/brnetval/Multi-Class Brain Tumor MRI Dataset Glioma, Health/Brain Cancer MRI Dataset/Brain Cancer MRI Dataset/Brain Cancer MRI Dataset/Pituitary Macroadenoma/165.jpg",pituitary,True
"/kaggle/input/datasets/souaadrahmoun/brnetval/Multi-Class Brain Tumor MRI Dataset Glioma, Health/Brain Cancer MRI Dataset/Brain Cancer MRI Dataset/Brain Cancer MRI Dataset/Pituitary Macroadenoma/166.jpg",pituitary,True
"/kaggle/input/datasets/souaadrahmoun/brnetval/Multi-Class Brain Tumor MRI Dataset Glioma, Health/Brain Cancer MRI Dataset/Brain Cancer MRI Dataset/Brain Cancer MRI Dataset/Pituitary Macroadenoma/167.jpg",pituitary,True
"/kaggle/input/datasets/souaadrahmoun/brnetval/Multi-Class Brain Tumor MRI Dataset Glioma, Health/Brain Cancer MRI Dataset/Brain Cancer MRI Dataset/Brain Cancer MRI Dataset/Pituitary Macroadenoma/168.jpg",pituitary,True
"/kaggle/input/datasets/souaadrahmoun/brnetval/Multi-Class Brain Tumor MRI Dataset Glioma, Health/Brain Cancer MRI Dataset/Brain Cancer MRI Dataset/Brain Cancer MRI Dataset/Pituitary Macroadenoma/169.jpg",pituitary,True
"/kaggle/input/datasets/souaadrahmoun/brnetval/Multi-Class Brain Tumor MRI Dataset Glioma, Health/Brain Cancer MRI Dataset/Brain Cancer MRI Dataset/Brain Cancer MRI Dataset/Pituitary Macroadenoma/170.jpg",pituitary,True
"/kaggle/input/datasets/souaadrahmoun/brnetval/Multi-Class Brain Tumor MRI Dataset Glioma, Health/Brain Cancer MRI Dataset/Brain Cancer MRI Dataset/Brain Cancer MRI Dataset/Pituitary Macroadenoma/171.jpg",pituitary,True
"/kaggle/input/datasets/souaadrahmoun/brnetval/Multi-Class Brain Tumor MRI Dataset Glioma, Health/Brain Cancer MRI Dataset/Brain Cancer MRI Dataset/Brain Cancer MRI Dataset/Pituitary Macroadenoma/172.jpg",pituitary,True
"/kaggle/input/datasets/souaadrahmoun/brnetval/Multi-Class Brain Tumor MRI Dataset Glioma, Health/Brain Cancer MRI Dataset/Brain Cancer MRI Dataset/Brain Cancer MRI Dataset/Pituitary Macroadenoma/173.jpg",pituitary,True
"/kaggle/input/datasets/souaadrahmoun/brnetval/Multi-Class Brain Tumor MRI Dataset Glioma, Health/Brain Cancer MRI Dataset/Brain Cancer MRI Dataset/Brain Cancer MRI Dataset/Pituitary Macroadenoma/174.jpg",pituitary,True
"/kaggle/input/datasets/souaadrahmoun/brnetval/Multi-Class Brain Tumor MRI Dataset Glioma, Health/Brain Cancer MRI Dataset/Brain Cancer MRI Dataset/Brain Cancer MRI Dataset/Pituitary Macroadenoma/175.jpg",pituitary,True
"/kaggle/input/datasets/souaadrahmoun/brnetval/Multi-Class Brain Tumor MRI Dataset Glioma, Health/Brain Cancer MRI Dataset/Brain Cancer MRI Dataset/Brain Cancer MRI Dataset/Pituitary Macroadenoma/176.jpg",pituitary,True
"/kaggle/input/datasets/souaadrahmoun/brnetval/Multi-Class Brain Tumor MRI Dataset Glioma, Health/Brain Cancer MRI Dataset/Brain Cancer MRI Dataset/Brain Cancer MRI Dataset/Pituitary Macroadenoma/177.jpg",pituitary,True
"/kaggle/input/datasets/souaadrahmoun/brnetval/Multi-Class Brain Tumor MRI Dataset Glioma, Health/Brain Cancer MRI Dataset/Brain Cancer MRI Dataset/Brain Cancer MRI Dataset/Pituitary Macroadenoma/179.jpg",pituitary,True
"/kaggle/input/datasets/souaadrahmoun/brnetval/Multi-Class Brain Tumor MRI Dataset Glioma, Health/Brain Cancer MRI Dataset/Brain Cancer MRI Dataset/Brain Cancer MRI Dataset/Pituitary Macroadenoma/18.jpg",pituitary,True
"/kaggle/input/datasets/souaadrahmoun/brnetval/Multi-Class Brain Tumor MRI Dataset Glioma, Health/Brain Cancer MRI Dataset/Brain Cancer MRI Dataset/Brain Cancer MRI Dataset/Pituitary Macroadenoma/180.jpg",pituitary,True
"/kaggle/input/datasets/souaadrahmoun/brnetval/Multi-Class Brain Tumor MRI Dataset Glioma, Health/Brain Cancer MRI Dataset/Brain Cancer MRI Dataset/Brain Cancer MRI Dataset/Pituitary Macroadenoma/181.jpg",pituitary,True
"/kaggle/input/datasets/souaadrahmoun/brnetval/Multi-Class Brain Tumor MRI Dataset Glioma, Health/Brain Cancer MRI Dataset/Brain Cancer MRI Dataset/Brain Cancer MRI Dataset/Pituitary Macroadenoma/182.jpg",pituitary,True
"/kaggle/input/datasets/souaadrahmoun/brnetval/Multi-Class Brain Tumor MRI Dataset Glioma, Health/Brain Cancer MRI Dataset/Brain Cancer MRI Dataset/Brain Cancer MRI Dataset/Pituitary Macroadenoma/183.jpg",pituitary,True
"/kaggle/input/datasets/souaadrahmoun/brnetval/Multi-Class Brain Tumor MRI Dataset Glioma, Health/Brain Cancer MRI Dataset/Brain Cancer MRI Dataset/Brain Cancer MRI Dataset/Pituitary Macroadenoma/185.jpg",pituitary,True
"/kaggle/input/datasets/souaadrahmoun/brnetval/Multi-Class Brain Tumor MRI Dataset Glioma, Health/Brain Cancer MRI Dataset/Brain Cancer MRI Dataset/Brain Cancer MRI Dataset/Pituitary Macroadenoma/186.jpg",pituitary,True
"/kaggle/input/datasets/souaadrahmoun/brnetval/Multi-Class Brain Tumor MRI Dataset Glioma, Health/Brain Cancer MRI Dataset/Brain Cancer MRI Dataset/Brain Cancer MRI Dataset/Pituitary Macroadenoma/187.jpg",pituitary,True
"/kaggle/input/datasets/souaadrahmoun/brnetval/Multi-Class Brain Tumor MRI Dataset Glioma, Health/Brain Cancer MRI Dataset/Brain Cancer MRI Dataset/Brain Cancer MRI Dataset/Pituitary Macroadenoma/188.jpg",pituitary,True
"/kaggle/input/datasets/souaadrahmoun/brnetval/Multi-Class Brain Tumor MRI Dataset Glioma, Health/Brain Cancer MRI Dataset/Brain Cancer MRI Dataset/Brain Cancer MRI Dataset/Pituitary Macroadenoma/189.jpg",pituitary,True
"/kaggle/input/datasets/souaadrahmoun/brnetval/Multi-Class Brain Tumor MRI Dataset Glioma, Health/Brain Cancer MRI Dataset/Brain Cancer MRI Dataset/Brain Cancer MRI Dataset/Pituitary Macroadenoma/19.jpg",pituitary,True
"/kaggle/input/datasets/souaadrahmoun/brnetval/Multi-Class Brain Tumor MRI Dataset Glioma, Health/Brain Cancer MRI Dataset/Brain Cancer MRI Dataset/Brain Cancer MRI Dataset/Pituitary Macroadenoma/190.jpg",pituitary,True
"/kaggle/input/datasets/souaadrahmoun/brnetval/Multi-Class Brain Tumor MRI Dataset Glioma, Health/Brain Cancer MRI Dataset/Brain Cancer MRI Dataset/Brain Cancer MRI Dataset/Pituitary Macroadenoma/191.jpg",pituitary,True
"/kaggle/input/datasets/souaadrahmoun/brnetval/Multi-Class Brain Tumor MRI Dataset Glioma, Health/Brain Cancer MRI Dataset/Brain Cancer MRI Dataset/Brain Cancer MRI Dataset/Pituitary Macroadenoma/192.jpg",pituitary,True
"/kaggle/input/datasets/souaadrahmoun/brnetval/Multi-Class Brain Tumor MRI Dataset Glioma, Health/Brain Cancer MRI Dataset/Brain Cancer MRI Dataset/Brain Cancer MRI Dataset/Pituitary Macroadenoma/194.jpg",pituitary,True
"/kaggle/input/datasets/souaadrahmoun/brnetval/Multi-Class Brain Tumor MRI Dataset Glioma, Health/Brain Cancer MRI Dataset/Brain Cancer MRI Dataset/Brain Cancer MRI Dataset/Pituitary Macroadenoma/195.jpg",pituitary,True
"/kaggle/input/datasets/souaadrahmoun/brnetval/Multi-Class Brain Tumor MRI Dataset Glioma, Health/Brain Cancer MRI Dataset/Brain Cancer MRI Dataset/Brain Cancer MRI Dataset/Pituitary Macroadenoma/196.jpg",pituitary,True
"/kaggle/input/datasets/souaadrahmoun/brnetval/Multi-Class Brain Tumor MRI Dataset Glioma, Health/Brain Cancer MRI Dataset/Brain Cancer MRI Dataset/Brain Cancer MRI Dataset/Pituitary Macroadenoma/197.jpg",pituitary,True
"/kaggle/input/datasets/souaadrahmoun/brnetval/Multi-Class Brain Tumor MRI Dataset Glioma, Health/Brain Cancer MRI Dataset/Brain Cancer MRI Dataset/Brain Cancer MRI Dataset/Pituitary Macroadenoma/198.jpg",pituitary,True
"/kaggle/input/datasets/souaadrahmoun/brnetval/Multi-Class Brain Tumor MRI Dataset Glioma, Health/Brain Cancer MRI Dataset/Brain Cancer MRI Dataset/Brain Cancer MRI Dataset/Pituitary Macroadenoma/199.jpg",pituitary,True
"/kaggle/input/datasets/souaadrahmoun/brnetval/Multi-Class Brain Tumor MRI Dataset Glioma, Health/Brain Cancer MRI Dataset/Brain Cancer MRI Dataset/Brain Cancer MRI Dataset/Pituitary Macroadenoma/2.jpg",pituitary,True
"/kaggle/input/datasets/souaadrahmoun/brnetval/Multi-Class Brain Tumor MRI Dataset Glioma, Health/Brain Cancer MRI Dataset/Brain Cancer MRI Dataset/Brain Cancer MRI Dataset/Pituitary Macroadenoma/201.jpg",pituitary,True
"/kaggle/input/datasets/souaadrahmoun/brnetval/Multi-Class Brain Tumor MRI Dataset Glioma, Health/Brain Cancer MRI Dataset/Brain Cancer MRI Dataset/Brain Cancer MRI Dataset/Pituitary Macroadenoma/202.jpg",pituitary,True
"/kaggle/input/datasets/souaadrahmoun/brnetval/Multi-Class Brain Tumor MRI Dataset Glioma, Health/Brain Cancer MRI Dataset/Brain Cancer MRI Dataset/Brain Cancer MRI Dataset/Pituitary Macroadenoma/204.jpg",pituitary,True
"/kaggle/input/datasets/souaadrahmoun/brnetval/Multi-Class Brain Tumor MRI Dataset Glioma, Health/Brain Cancer MRI Dataset/Brain Cancer MRI Dataset/Brain Cancer MRI Dataset/Pituitary Macroadenoma/205.jpg",pituitary,True
"/kaggle/input/datasets/souaadrahmoun/brnetval/Multi-Class Brain Tumor MRI Dataset Glioma, Health/Brain Cancer MRI Dataset/Brain Cancer MRI Dataset/Brain Cancer MRI Dataset/Pituitary Macroadenoma/206.jpg",pituitary,True
"/kaggle/input/datasets/souaadrahmoun/brnetval/Multi-Class Brain Tumor MRI Dataset Glioma, Health/Brain Cancer MRI Dataset/Brain Cancer MRI Dataset/Brain Cancer MRI Dataset/Pituitary Macroadenoma/207.jpg",pituitary,True
"/kaggle/input/datasets/souaadrahmoun/brnetval/Multi-Class Brain Tumor MRI Dataset Glioma, Health/Brain Cancer MRI Dataset/Brain Cancer MRI Dataset/Brain Cancer MRI Dataset/Pituitary Macroadenoma/208.jpg",pituitary,True
"/kaggle/input/datasets/souaadrahmoun/brnetval/Multi-Class Brain Tumor MRI Dataset Glioma, Health/Brain Cancer MRI Dataset/Brain Cancer MRI Dataset/Brain Cancer MRI Dataset/Pituitary Macroadenoma/209.jpg",pituitary,True
"/kaggle/input/datasets/souaadrahmoun/brnetval/Multi-Class Brain Tumor MRI Dataset Glioma, Health/Brain Cancer MRI Dataset/Brain Cancer MRI Dataset/Brain Cancer MRI Dataset/Pituitary Macroadenoma/21.jpg",pituitary,True
"/kaggle/input/datasets/souaadrahmoun/brnetval/Multi-Class Brain Tumor MRI Dataset Glioma, Health/Brain Cancer MRI Dataset/Brain Cancer MRI Dataset/Brain Cancer MRI Dataset/Pituitary Macroadenoma/210.jpg",pituitary,True
"/kaggle/input/datasets/souaadrahmoun/brnetval/Multi-Class Brain Tumor MRI Dataset Glioma, Health/Brain Cancer MRI Dataset/Brain Cancer MRI Dataset/Brain Cancer MRI Dataset/Pituitary Macroadenoma/211.jpg",pituitary,True
"/kaggle/input/datasets/souaadrahmoun/brnetval/Multi-Class Brain Tumor MRI Dataset Glioma, Health/Brain Cancer MRI Dataset/Brain Cancer MRI Dataset/Brain Cancer MRI Dataset/Pituitary Macroadenoma/212.jpg",pituitary,True
"/kaggle/input/datasets/souaadrahmoun/brnetval/Multi-Class Brain Tumor MRI Dataset Glioma, Health/Brain Cancer MRI Dataset/Brain Cancer MRI Dataset/Brain Cancer MRI Dataset/Pituitary Macroadenoma/213.jpg",pituitary,True
"/kaggle/input/datasets/souaadrahmoun/brnetval/Multi-Class Brain Tumor MRI Dataset Glioma, Health/Brain Cancer MRI Dataset/Brain Cancer MRI Dataset/Brain Cancer MRI Dataset/Pituitary Macroadenoma/215.jpg",pituitary,True
"/kaggle/input/datasets/souaadrahmoun/brnetval/Multi-Class Brain Tumor MRI Dataset Glioma, Health/Brain Cancer MRI Dataset/Brain Cancer MRI Dataset/Brain Cancer MRI Dataset/Pituitary Macroadenoma/216.jpg",pituitary,True
"/kaggle/input/datasets/souaadrahmoun/brnetval/Multi-Class Brain Tumor MRI Dataset Glioma, Health/Brain Cancer MRI Dataset/Brain Cancer MRI Dataset/Brain Cancer MRI Dataset/Pituitary Macroadenoma/217.jpg",pituitary,True
"/kaggle/input/datasets/souaadrahmoun/brnetval/Multi-Class Brain Tumor MRI Dataset Glioma, Health/Brain Cancer MRI Dataset/Brain Cancer MRI Dataset/Brain Cancer MRI Dataset/Pituitary Macroadenoma/218.jpg",pituitary,True
"/kaggle/input/datasets/souaadrahmoun/brnetval/Multi-Class Brain Tumor MRI Dataset Glioma, Health/Brain Cancer MRI Dataset/Brain Cancer MRI Dataset/Brain Cancer MRI Dataset/Pituitary Macroadenoma/219.jpg",pituitary,True
"/kaggle/input/datasets/souaadrahmoun/brnetval/Multi-Class Brain Tumor MRI Dataset Glioma, Health/Brain Cancer MRI Dataset/Brain Cancer MRI Dataset/Brain Cancer MRI Dataset/Pituitary Macroadenoma/22.jpg",pituitary,True
"/kaggle/input/datasets/souaadrahmoun/brnetval/Multi-Class Brain Tumor MRI Dataset Glioma, Health/Brain Cancer MRI Dataset/Brain Cancer MRI Dataset/Brain Cancer MRI Dataset/Pituitary Macroadenoma/220.jpg",pituitary,True
"/kaggle/input/datasets/souaadrahmoun/brnetval/Multi-Class Brain Tumor MRI Dataset Glioma, Health/Brain Cancer MRI Dataset/Brain Cancer MRI Dataset/Brain Cancer MRI Dataset/Pituitary Macroadenoma/221.jpg",pituitary,True
"/kaggle/input/datasets/souaadrahmoun/brnetval/Multi-Class Brain Tumor MRI Dataset Glioma, Health/Brain Cancer MRI Dataset/Brain Cancer MRI Dataset/Brain Cancer MRI Dataset/Pituitary Macroadenoma/222.jpg",pituitary,True
"/kaggle/input/datasets/souaadrahmoun/brnetval/Multi-Class Brain Tumor MRI Dataset Glioma, Health/Brain Cancer MRI Dataset/Brain Cancer MRI Dataset/Brain Cancer MRI Dataset/Pituitary Macroadenoma/223.jpg",pituitary,True
"/kaggle/input/datasets/souaadrahmoun/brnetval/Multi-Class Brain Tumor MRI Dataset Glioma, Health/Brain Cancer MRI Dataset/Brain Cancer MRI Dataset/Brain Cancer MRI Dataset/Pituitary Macroadenoma/224.jpg",pituitary,True
"/kaggle/input/datasets/souaadrahmoun/brnetval/Multi-Class Brain Tumor MRI Dataset Glioma, Health/Brain Cancer MRI Dataset/Brain Cancer MRI Dataset/Brain Cancer MRI Dataset/Pituitary Macroadenoma/225.jpg",pituitary,True
"/kaggle/input/datasets/souaadrahmoun/brnetval/Multi-Class Brain Tumor MRI Dataset Glioma, Health/Brain Cancer MRI Dataset/Brain Cancer MRI Dataset/Brain Cancer MRI Dataset/Pituitary Macroadenoma/227.jpg",pituitary,True
"/kaggle/input/datasets/souaadrahmoun/brnetval/Multi-Class Brain Tumor MRI Dataset Glioma, Health/Brain Cancer MRI Dataset/Brain Cancer MRI Dataset/Brain Cancer MRI Dataset/Pituitary Macroadenoma/228.jpg",pituitary,True
"/kaggle/input/datasets/souaadrahmoun/brnetval/Multi-Class Brain Tumor MRI Dataset Glioma, Health/Brain Cancer MRI Dataset/Brain Cancer MRI Dataset/Brain Cancer MRI Dataset/Pituitary Macroadenoma/229.jpg",pituitary,True
"/kaggle/input/datasets/souaadrahmoun/brnetval/Multi-Class Brain Tumor MRI Dataset Glioma, Health/Brain Cancer MRI Dataset/Brain Cancer MRI Dataset/Brain Cancer MRI Dataset/Pituitary Macroadenoma/23.jpg",pituitary,True
"/kaggle/input/datasets/souaadrahmoun/brnetval/Multi-Class Brain Tumor MRI Dataset Glioma, Health/Brain Cancer MRI Dataset/Brain Cancer MRI Dataset/Brain Cancer MRI Dataset/Pituitary Macroadenoma/230.jpg",pituitary,True
"/kaggle/input/datasets/souaadrahmoun/brnetval/Multi-Class Brain Tumor MRI Dataset Glioma, Health/Brain Cancer MRI Dataset/Brain Cancer MRI Dataset/Brain Cancer MRI Dataset/Pituitary Macroadenoma/231.jpg",pituitary,True
"/kaggle/input/datasets/souaadrahmoun/brnetval/Multi-Class Brain Tumor MRI Dataset Glioma, Health/Brain Cancer MRI Dataset/Brain Cancer MRI Dataset/Brain Cancer MRI Dataset/Pituitary Macroadenoma/232.jpg",pituitary,True
"/kaggle/input/datasets/souaadrahmoun/brnetval/Multi-Class Brain Tumor MRI Dataset Glioma, Health/Brain Cancer MRI Dataset/Brain Cancer MRI Dataset/Brain Cancer MRI Dataset/Pituitary Macroadenoma/233.jpg",pituitary,True
"/kaggle/input/datasets/souaadrahmoun/brnetval/Multi-Class Brain Tumor MRI Dataset Glioma, Health/Brain Cancer MRI Dataset/Brain Cancer MRI Dataset/Brain Cancer MRI Dataset/Pituitary Macroadenoma/234.jpg",pituitary,True
"/kaggle/input/datasets/souaadrahmoun/brnetval/Multi-Class Brain Tumor MRI Dataset Glioma, Health/Brain Cancer MRI Dataset/Brain Cancer MRI Dataset/Brain Cancer MRI Dataset/Pituitary Macroadenoma/235.jpg",pituitary,True
"/kaggle/input/datasets/souaadrahmoun/brnetval/Multi-Class Brain Tumor MRI Dataset Glioma, Health/Brain Cancer MRI Dataset/Brain Cancer MRI Dataset/Brain Cancer MRI Dataset/Pituitary Macroadenoma/236.jpg",pituitary,True
"/kaggle/input/datasets/souaadrahmoun/brnetval/Multi-Class Brain Tumor MRI Dataset Glioma, Health/Brain Cancer MRI Dataset/Brain Cancer MRI Dataset/Brain Cancer MRI Dataset/Pituitary Macroadenoma/237.jpg",pituitary,True
"/kaggle/input/datasets/souaadrahmoun/brnetval/Multi-Class Brain Tumor MRI Dataset Glioma, Health/Brain Cancer MRI Dataset/Brain Cancer MRI Dataset/Brain Cancer MRI Dataset/Pituitary Macroadenoma/238.jpg",pituitary,True
"/kaggle/input/datasets/souaadrahmoun/brnetval/Multi-Class Brain Tumor MRI Dataset Glioma, Health/Brain Cancer MRI Dataset/Brain Cancer MRI Dataset/Brain Cancer MRI Dataset/Pituitary Macroadenoma/239.jpg",pituitary,True
"/kaggle/input/datasets/souaadrahmoun/brnetval/Multi-Class Brain Tumor MRI Dataset Glioma, Health/Brain Cancer MRI Dataset/Brain Cancer MRI Dataset/Brain Cancer MRI Dataset/Pituitary Macroadenoma/24.jpg",pituitary,True
"/kaggle/input/datasets/souaadrahmoun/brnetval/Multi-Class Brain Tumor MRI Dataset Glioma, Health/Brain Cancer MRI Dataset/Brain Cancer MRI Dataset/Brain Cancer MRI Dataset/Pituitary Macroadenoma/240.jpg",pituitary,True
"/kaggle/input/datasets/souaadrahmoun/brnetval/Multi-Class Brain Tumor MRI Dataset Glioma, Health/Brain Cancer MRI Dataset/Brain Cancer MRI Dataset/Brain Cancer MRI Dataset/Pituitary Macroadenoma/241.jpg",pituitary,True
"/kaggle/input/datasets/souaadrahmoun/brnetval/Multi-Class Brain Tumor MRI Dataset Glioma, Health/Brain Cancer MRI Dataset/Brain Cancer MRI Dataset/Brain Cancer MRI Dataset/Pituitary Macroadenoma/242.jpg",pituitary,True
"/kaggle/input/datasets/souaadrahmoun/brnetval/Multi-Class Brain Tumor MRI Dataset Glioma, Health/Brain Cancer MRI Dataset/Brain Cancer MRI Dataset/Brain Cancer MRI Dataset/Pituitary Macroadenoma/243.jpg",pituitary,True
"/kaggle/input/datasets/souaadrahmoun/brnetval/Multi-Class Brain Tumor MRI Dataset Glioma, Health/Brain Cancer MRI Dataset/Brain Cancer MRI Dataset/Brain Cancer MRI Dataset/Pituitary Macroadenoma/244.jpg",pituitary,True
"/kaggle/input/datasets/souaadrahmoun/brnetval/Multi-Class Brain Tumor MRI Dataset Glioma, Health/Brain Cancer MRI Dataset/Brain Cancer MRI Dataset/Brain Cancer MRI Dataset/Pituitary Macroadenoma/245.jpg",pituitary,True
"/kaggle/input/datasets/souaadrahmoun/brnetval/Multi-Class Brain Tumor MRI Dataset Glioma, Health/Brain Cancer MRI Dataset/Brain Cancer MRI Dataset/Brain Cancer MRI Dataset/Pituitary Macroadenoma/246.jpg",pituitary,True
"/kaggle/input/datasets/souaadrahmoun/brnetval/Multi-Class Brain Tumor MRI Dataset Glioma, Health/Brain Cancer MRI Dataset/Brain Cancer MRI Dataset/Brain Cancer MRI Dataset/Pituitary Macroadenoma/247.jpg",pituitary,True
"/kaggle/input/datasets/souaadrahmoun/brnetval/Multi-Class Brain Tumor MRI Dataset Glioma, Health/Brain Cancer MRI Dataset/Brain Cancer MRI Dataset/Brain Cancer MRI Dataset/Pituitary Macroadenoma/248.jpg",pituitary,True
"/kaggle/input/datasets/souaadrahmoun/brnetval/Multi-Class Brain Tumor MRI Dataset Glioma, Health/Brain Cancer MRI Dataset/Brain Cancer MRI Dataset/Brain Cancer MRI Dataset/Pituitary Macroadenoma/249.jpg",pituitary,True
"/kaggle/input/datasets/souaadrahmoun/brnetval/Multi-Class Brain Tumor MRI Dataset Glioma, Health/Brain Cancer MRI Dataset/Brain Cancer MRI Dataset/Brain Cancer MRI Dataset/Pituitary Macroadenoma/25.jpg",pituitary,True
"/kaggle/input/datasets/souaadrahmoun/brnetval/Multi-Class Brain Tumor MRI Dataset Glioma, Health/Brain Cancer MRI Dataset/Brain Cancer MRI Dataset/Brain Cancer MRI Dataset/Pituitary Macroadenoma/250.jpg",pituitary,True
"/kaggle/input/datasets/souaadrahmoun/brnetval/Multi-Class Brain Tumor MRI Dataset Glioma, Health/Brain Cancer MRI Dataset/Brain Cancer MRI Dataset/Brain Cancer MRI Dataset/Pituitary Macroadenoma/251.jpg",pituitary,True
"/kaggle/input/datasets/souaadrahmoun/brnetval/Multi-Class Brain Tumor MRI Dataset Glioma, Health/Brain Cancer MRI Dataset/Brain Cancer MRI Dataset/Brain Cancer MRI Dataset/Pituitary Macroadenoma/252.jpg",pituitary,True
"/kaggle/input/datasets/souaadrahmoun/brnetval/Multi-Class Brain Tumor MRI Dataset Glioma, Health/Brain Cancer MRI Dataset/Brain Cancer MRI Dataset/Brain Cancer MRI Dataset/Pituitary Macroadenoma/253.jpg",pituitary,True
"/kaggle/input/datasets/souaadrahmoun/brnetval/Multi-Class Brain Tumor MRI Dataset Glioma, Health/Brain Cancer MRI Dataset/Brain Cancer MRI Dataset/Brain Cancer MRI Dataset/Pituitary Macroadenoma/254.jpg",pituitary,True
"/kaggle/input/datasets/souaadrahmoun/brnetval/Multi-Class Brain Tumor MRI Dataset Glioma, Health/Brain Cancer MRI Dataset/Brain Cancer MRI Dataset/Brain Cancer MRI Dataset/Pituitary Macroadenoma/256.jpg",pituitary,True
"/kaggle/input/datasets/souaadrahmoun/brnetval/Multi-Class Brain Tumor MRI Dataset Glioma, Health/Brain Cancer MRI Dataset/Brain Cancer MRI Dataset/Brain Cancer MRI Dataset/Pituitary Macroadenoma/258.jpg",pituitary,True
"/kaggle/input/datasets/souaadrahmoun/brnetval/Multi-Class Brain Tumor MRI Dataset Glioma, Health/Brain Cancer MRI Dataset/Brain Cancer MRI Dataset/Brain Cancer MRI Dataset/Pituitary Macroadenoma/259.jpg",pituitary,True
"/kaggle/input/datasets/souaadrahmoun/brnetval/Multi-Class Brain Tumor MRI Dataset Glioma, Health/Brain Cancer MRI Dataset/Brain Cancer MRI Dataset/Brain Cancer MRI Dataset/Pituitary Macroadenoma/260.jpg",pituitary,False
"/kaggle/input/datasets/souaadrahmoun/brnetval/Multi-Class Brain Tumor MRI Dataset Glioma, Health/Brain Cancer MRI Dataset/Brain Cancer MRI Dataset/Brain Cancer MRI Dataset/Pituitary Macroadenoma/261.jpg",pituitary,True
"/kaggle/input/datasets/souaadrahmoun/brnetval/Multi-Class Brain Tumor MRI Dataset Glioma, Health/Brain Cancer MRI Dataset/Brain Cancer MRI Dataset/Brain Cancer MRI Dataset/Pituitary Macroadenoma/262.jpg",pituitary,True
"/kaggle/input/datasets/souaadrahmoun/brnetval/Multi-Class Brain Tumor MRI Dataset Glioma, Health/Brain Cancer MRI Dataset/Brain Cancer MRI Dataset/Brain Cancer MRI Dataset/Pituitary Macroadenoma/263.jpg",pituitary,True
"/kaggle/input/datasets/souaadrahmoun/brnetval/Multi-Class Brain Tumor MRI Dataset Glioma, Health/Brain Cancer MRI Dataset/Brain Cancer MRI Dataset/Brain Cancer MRI Dataset/Pituitary Macroadenoma/264.jpg",pituitary,True
"/kaggle/input/datasets/souaadrahmoun/brnetval/Multi-Class Brain Tumor MRI Dataset Glioma, Health/Brain Cancer MRI Dataset/Brain Cancer MRI Dataset/Brain Cancer MRI Dataset/Pituitary Macroadenoma/265.jpg",pituitary,True
"/kaggle/input/datasets/souaadrahmoun/brnetval/Multi-Class Brain Tumor MRI Dataset Glioma, Health/Brain Cancer MRI Dataset/Brain Cancer MRI Dataset/Brain Cancer MRI Dataset/Pituitary Macroadenoma/266.jpg",pituitary,True
"/kaggle/input/datasets/souaadrahmoun/brnetval/Multi-Class Brain Tumor MRI Dataset Glioma, Health/Brain Cancer MRI Dataset/Brain Cancer MRI Dataset/Brain Cancer MRI Dataset/Pituitary Macroadenoma/267.jpg",pituitary,True
"/kaggle/input/datasets/souaadrahmoun/brnetval/Multi-Class Brain Tumor MRI Dataset Glioma, Health/Brain Cancer MRI Dataset/Brain Cancer MRI Dataset/Brain Cancer MRI Dataset/Pituitary Macroadenoma/268.jpg",pituitary,True
"/kaggle/input/datasets/souaadrahmoun/brnetval/Multi-Class Brain Tumor MRI Dataset Glioma, Health/Brain Cancer MRI Dataset/Brain Cancer MRI Dataset/Brain Cancer MRI Dataset/Pituitary Macroadenoma/269.jpg",pituitary,True
"/kaggle/input/datasets/souaadrahmoun/brnetval/Multi-Class Brain Tumor MRI Dataset Glioma, Health/Brain Cancer MRI Dataset/Brain Cancer MRI Dataset/Brain Cancer MRI Dataset/Pituitary Macroadenoma/27.jpg",pituitary,True
"/kaggle/input/datasets/souaadrahmoun/brnetval/Multi-Class Brain Tumor MRI Dataset Glioma, Health/Brain Cancer MRI Dataset/Brain Cancer MRI Dataset/Brain Cancer MRI Dataset/Pituitary Macroadenoma/270.jpg",pituitary,True
"/kaggle/input/datasets/souaadrahmoun/brnetval/Multi-Class Brain Tumor MRI Dataset Glioma, Health/Brain Cancer MRI Dataset/Brain Cancer MRI Dataset/Brain Cancer MRI Dataset/Pituitary Macroadenoma/271.jpg",pituitary,True
"/kaggle/input/datasets/souaadrahmoun/brnetval/Multi-Class Brain Tumor MRI Dataset Glioma, Health/Brain Cancer MRI Dataset/Brain Cancer MRI Dataset/Brain Cancer MRI Dataset/Pituitary Macroadenoma/272.jpg",pituitary,True
"/kaggle/input/datasets/souaadrahmoun/brnetval/Multi-Class Brain Tumor MRI Dataset Glioma, Health/Brain Cancer MRI Dataset/Brain Cancer MRI Dataset/Brain Cancer MRI Dataset/Pituitary Macroadenoma/274.jpg",pituitary,True
"/kaggle/input/datasets/souaadrahmoun/brnetval/Multi-Class Brain Tumor MRI Dataset Glioma, Health/Brain Cancer MRI Dataset/Brain Cancer MRI Dataset/Brain Cancer MRI Dataset/Pituitary Macroadenoma/275.jpg",pituitary,True
"/kaggle/input/datasets/souaadrahmoun/brnetval/Multi-Class Brain Tumor MRI Dataset Glioma, Health/Brain Cancer MRI Dataset/Brain Cancer MRI Dataset/Brain Cancer MRI Dataset/Pituitary Macroadenoma/276.jpg",pituitary,True
"/kaggle/input/datasets/souaadrahmoun/brnetval/Multi-Class Brain Tumor MRI Dataset Glioma, Health/Brain Cancer MRI Dataset/Brain Cancer MRI Dataset/Brain Cancer MRI Dataset/Pituitary Macroadenoma/277.jpg",pituitary,True
"/kaggle/input/datasets/souaadrahmoun/brnetval/Multi-Class Brain Tumor MRI Dataset Glioma, Health/Brain Cancer MRI Dataset/Brain Cancer MRI Dataset/Brain Cancer MRI Dataset/Pituitary Macroadenoma/278.jpg",pituitary,True
"/kaggle/input/datasets/souaadrahmoun/brnetval/Multi-Class Brain Tumor MRI Dataset Glioma, Health/Brain Cancer MRI Dataset/Brain Cancer MRI Dataset/Brain Cancer MRI Dataset/Pituitary Macroadenoma/279.jpg",pituitary,True
"/kaggle/input/datasets/souaadrahmoun/brnetval/Multi-Class Brain Tumor MRI Dataset Glioma, Health/Brain Cancer MRI Dataset/Brain Cancer MRI Dataset/Brain Cancer MRI Dataset/Pituitary Macroadenoma/28.jpg",pituitary,True
"/kaggle/input/datasets/souaadrahmoun/brnetval/Multi-Class Brain Tumor MRI Dataset Glioma, Health/Brain Cancer MRI Dataset/Brain Cancer MRI Dataset/Brain Cancer MRI Dataset/Pituitary Macroadenoma/280.jpg",pituitary,True
"/kaggle/input/datasets/souaadrahmoun/brnetval/Multi-Class Brain Tumor MRI Dataset Glioma, Health/Brain Cancer MRI Dataset/Brain Cancer MRI Dataset/Brain Cancer MRI Dataset/Pituitary Macroadenoma/281.jpg",pituitary,True
"/kaggle/input/datasets/souaadrahmoun/brnetval/Multi-Class Brain Tumor MRI Dataset Glioma, Health/Brain Cancer MRI Dataset/Brain Cancer MRI Dataset/Brain Cancer MRI Dataset/Pituitary Macroadenoma/282.jpg",pituitary,True
"/kaggle/input/datasets/souaadrahmoun/brnetval/Multi-Class Brain Tumor MRI Dataset Glioma, Health/Brain Cancer MRI Dataset/Brain Cancer MRI Dataset/Brain Cancer MRI Dataset/Pituitary Macroadenoma/283.jpg",pituitary,False
"/kaggle/input/datasets/souaadrahmoun/brnetval/Multi-Class Brain Tumor MRI Dataset Glioma, Health/Brain Cancer MRI Dataset/Brain Cancer MRI Dataset/Brain Cancer MRI Dataset/Pituitary Macroadenoma/284.jpg",pituitary,True
"/kaggle/input/datasets/souaadrahmoun/brnetval/Multi-Class Brain Tumor MRI Dataset Glioma, Health/Brain Cancer MRI Dataset/Brain Cancer MRI Dataset/Brain Cancer MRI Dataset/Pituitary Macroadenoma/285.jpg",pituitary,True
"/kaggle/input/datasets/souaadrahmoun/brnetval/Multi-Class Brain Tumor MRI Dataset Glioma, Health/Brain Cancer MRI Dataset/Brain Cancer MRI Dataset/Brain Cancer MRI Dataset/Pituitary Macroadenoma/286.jpg",pituitary,True
"/kaggle/input/datasets/souaadrahmoun/brnetval/Multi-Class Brain Tumor MRI Dataset Glioma, Health/Brain Cancer MRI Dataset/Brain Cancer MRI Dataset/Brain Cancer MRI Dataset/Pituitary Macroadenoma/287.jpg",pituitary,True
"/kaggle/input/datasets/souaadrahmoun/brnetval/Multi-Class Brain Tumor MRI Dataset Glioma, Health/Brain Cancer MRI Dataset/Brain Cancer MRI Dataset/Brain Cancer MRI Dataset/Pituitary Macroadenoma/288.jpg",pituitary,True
"/kaggle/input/datasets/souaadrahmoun/brnetval/Multi-Class Brain Tumor MRI Dataset Glioma, Health/Brain Cancer MRI Dataset/Brain Cancer MRI Dataset/Brain Cancer MRI Dataset/Pituitary Macroadenoma/29.jpg",pituitary,True
"/kaggle/input/datasets/souaadrahmoun/brnetval/Multi-Class Brain Tumor MRI Dataset Glioma, Health/Brain Cancer MRI Dataset/Brain Cancer MRI Dataset/Brain Cancer MRI Dataset/Pituitary Macroadenoma/290.jpg",pituitary,True
"/kaggle/input/datasets/souaadrahmoun/brnetval/Multi-Class Brain Tumor MRI Dataset Glioma, Health/Brain Cancer MRI Dataset/Brain Cancer MRI Dataset/Brain Cancer MRI Dataset/Pituitary Macroadenoma/291.jpg",pituitary,True
"/kaggle/input/datasets/souaadrahmoun/brnetval/Multi-Class Brain Tumor MRI Dataset Glioma, Health/Brain Cancer MRI Dataset/Brain Cancer MRI Dataset/Brain Cancer MRI Dataset/Pituitary Macroadenoma/292.jpg",pituitary,True
"/kaggle/input/datasets/souaadrahmoun/brnetval/Multi-Class Brain Tumor MRI Dataset Glioma, Health/Brain Cancer MRI Dataset/Brain Cancer MRI Dataset/Brain Cancer MRI Dataset/Pituitary Macroadenoma/294.jpg",pituitary,True
"/kaggle/input/datasets/souaadrahmoun/brnetval/Multi-Class Brain Tumor MRI Dataset Glioma, Health/Brain Cancer MRI Dataset/Brain Cancer MRI Dataset/Brain Cancer MRI Dataset/Pituitary Macroadenoma/295.jpg",pituitary,True
"/kaggle/input/datasets/souaadrahmoun/brnetval/Multi-Class Brain Tumor MRI Dataset Glioma, Health/Brain Cancer MRI Dataset/Brain Cancer MRI Dataset/Brain Cancer MRI Dataset/Pituitary Macroadenoma/296.jpg",pituitary,True
"/kaggle/input/datasets/souaadrahmoun/brnetval/Multi-Class Brain Tumor MRI Dataset Glioma, Health/Brain Cancer MRI Dataset/Brain Cancer MRI Dataset/Brain Cancer MRI Dataset/Pituitary Macroadenoma/297.jpg",pituitary,True
"/kaggle/input/datasets/souaadrahmoun/brnetval/Multi-Class Brain Tumor MRI Dataset Glioma, Health/Brain Cancer MRI Dataset/Brain Cancer MRI Dataset/Brain Cancer MRI Dataset/Pituitary Macroadenoma/298.jpg",pituitary,True
"/kaggle/input/datasets/souaadrahmoun/brnetval/Multi-Class Brain Tumor MRI Dataset Glioma, Health/Brain Cancer MRI Dataset/Brain Cancer MRI Dataset/Brain Cancer MRI Dataset/Pituitary Macroadenoma/299.jpg",pituitary,True
"/kaggle/input/datasets/souaadrahmoun/brnetval/Multi-Class Brain Tumor MRI Dataset Glioma, Health/Brain Cancer MRI Dataset/Brain Cancer MRI Dataset/Brain Cancer MRI Dataset/Pituitary Macroadenoma/3.jpg",pituitary,True
"/kaggle/input/datasets/souaadrahmoun/brnetval/Multi-Class Brain Tumor MRI Dataset Glioma, Health/Brain Cancer MRI Dataset/Brain Cancer MRI Dataset/Brain Cancer MRI Dataset/Pituitary Macroadenoma/30.jpg",pituitary,True
"/kaggle/input/datasets/souaadrahmoun/brnetval/Multi-Class Brain Tumor MRI Dataset Glioma, Health/Brain Cancer MRI Dataset/Brain Cancer MRI Dataset/Brain Cancer MRI Dataset/Pituitary Macroadenoma/300.jpg",pituitary,True
"/kaggle/input/datasets/souaadrahmoun/brnetval/Multi-Class Brain Tumor MRI Dataset Glioma, Health/Brain Cancer MRI Dataset/Brain Cancer MRI Dataset/Brain Cancer MRI Dataset/Pituitary Macroadenoma/31.jpg",pituitary,True
"/kaggle/input/datasets/souaadrahmoun/brnetval/Multi-Class Brain Tumor MRI Dataset Glioma, Health/Brain Cancer MRI Dataset/Brain Cancer MRI Dataset/Brain Cancer MRI Dataset/Pituitary Macroadenoma/32.jpg",pituitary,True
"/kaggle/input/datasets/souaadrahmoun/brnetval/Multi-Class Brain Tumor MRI Dataset Glioma, Health/Brain Cancer MRI Dataset/Brain Cancer MRI Dataset/Brain Cancer MRI Dataset/Pituitary Macroadenoma/33.jpg",pituitary,True
"/kaggle/input/datasets/souaadrahmoun/brnetval/Multi-Class Brain Tumor MRI Dataset Glioma, Health/Brain Cancer MRI Dataset/Brain Cancer MRI Dataset/Brain Cancer MRI Dataset/Pituitary Macroadenoma/34.jpg",pituitary,True
"/kaggle/input/datasets/souaadrahmoun/brnetval/Multi-Class Brain Tumor MRI Dataset Glioma, Health/Brain Cancer MRI Dataset/Brain Cancer MRI Dataset/Brain Cancer MRI Dataset/Pituitary Macroadenoma/35.jpg",pituitary,True
"/kaggle/input/datasets/souaadrahmoun/brnetval/Multi-Class Brain Tumor MRI Dataset Glioma, Health/Brain Cancer MRI Dataset/Brain Cancer MRI Dataset/Brain Cancer MRI Dataset/Pituitary Macroadenoma/36.jpg",pituitary,True
"/kaggle/input/datasets/souaadrahmoun/brnetval/Multi-Class Brain Tumor MRI Dataset Glioma, Health/Brain Cancer MRI Dataset/Brain Cancer MRI Dataset/Brain Cancer MRI Dataset/Pituitary Macroadenoma/37.jpg",pituitary,True
"/kaggle/input/datasets/souaadrahmoun/brnetval/Multi-Class Brain Tumor MRI Dataset Glioma, Health/Brain Cancer MRI Dataset/Brain Cancer MRI Dataset/Brain Cancer MRI Dataset/Pituitary Macroadenoma/38.jpg",pituitary,True
"/kaggle/input/datasets/souaadrahmoun/brnetval/Multi-Class Brain Tumor MRI Dataset Glioma, Health/Brain Cancer MRI Dataset/Brain Cancer MRI Dataset/Brain Cancer MRI Dataset/Pituitary Macroadenoma/39.jpg",pituitary,True
"/kaggle/input/datasets/souaadrahmoun/brnetval/Multi-Class Brain Tumor MRI Dataset Glioma, Health/Brain Cancer MRI Dataset/Brain Cancer MRI Dataset/Brain Cancer MRI Dataset/Pituitary Macroadenoma/4.jpg",pituitary,True
"/kaggle/input/datasets/souaadrahmoun/brnetval/Multi-Class Brain Tumor MRI Dataset Glioma, Health/Brain Cancer MRI Dataset/Brain Cancer MRI Dataset/Brain Cancer MRI Dataset/Pituitary Macroadenoma/40.jpg",pituitary,True
"/kaggle/input/datasets/souaadrahmoun/brnetval/Multi-Class Brain Tumor MRI Dataset Glioma, Health/Brain Cancer MRI Dataset/Brain Cancer MRI Dataset/Brain Cancer MRI Dataset/Pituitary Macroadenoma/41.jpg",pituitary,True
"/kaggle/input/datasets/souaadrahmoun/brnetval/Multi-Class Brain Tumor MRI Dataset Glioma, Health/Brain Cancer MRI Dataset/Brain Cancer MRI Dataset/Brain Cancer MRI Dataset/Pituitary Macroadenoma/42.jpg",pituitary,True
"/kaggle/input/datasets/souaadrahmoun/brnetval/Multi-Class Brain Tumor MRI Dataset Glioma, Health/Brain Cancer MRI Dataset/Brain Cancer MRI Dataset/Brain Cancer MRI Dataset/Pituitary Macroadenoma/43.jpg",pituitary,True
"/kaggle/input/datasets/souaadrahmoun/brnetval/Multi-Class Brain Tumor MRI Dataset Glioma, Health/Brain Cancer MRI Dataset/Brain Cancer MRI Dataset/Brain Cancer MRI Dataset/Pituitary Macroadenoma/44.jpg",pituitary,True
"/kaggle/input/datasets/souaadrahmoun/brnetval/Multi-Class Brain Tumor MRI Dataset Glioma, Health/Brain Cancer MRI Dataset/Brain Cancer MRI Dataset/Brain Cancer MRI Dataset/Pituitary Macroadenoma/45.jpg",pituitary,True
"/kaggle/input/datasets/souaadrahmoun/brnetval/Multi-Class Brain Tumor MRI Dataset Glioma, Health/Brain Cancer MRI Dataset/Brain Cancer MRI Dataset/Brain Cancer MRI Dataset/Pituitary Macroadenoma/46.jpg",pituitary,True
"/kaggle/input/datasets/souaadrahmoun/brnetval/Multi-Class Brain Tumor MRI Dataset Glioma, Health/Brain Cancer MRI Dataset/Brain Cancer MRI Dataset/Brain Cancer MRI Dataset/Pituitary Macroadenoma/47.jpg",pituitary,True
"/kaggle/input/datasets/souaadrahmoun/brnetval/Multi-Class Brain Tumor MRI Dataset Glioma, Health/Brain Cancer MRI Dataset/Brain Cancer MRI Dataset/Brain Cancer MRI Dataset/Pituitary Macroadenoma/48.jpg",pituitary,True
"/kaggle/input/datasets/souaadrahmoun/brnetval/Multi-Class Brain Tumor MRI Dataset Glioma, Health/Brain Cancer MRI Dataset/Brain Cancer MRI Dataset/Brain Cancer MRI Dataset/Pituitary Macroadenoma/49.jpg",pituitary,True
"/kaggle/input/datasets/souaadrahmoun/brnetval/Multi-Class Brain Tumor MRI Dataset Glioma, Health/Brain Cancer MRI Dataset/Brain Cancer MRI Dataset/Brain Cancer MRI Dataset/Pituitary Macroadenoma/50.jpg",pituitary,True
"/kaggle/input/datasets/souaadrahmoun/brnetval/Multi-Class Brain Tumor MRI Dataset Glioma, Health/Brain Cancer MRI Dataset/Brain Cancer MRI Dataset/Brain Cancer MRI Dataset/Pituitary Macroadenoma/51.jpg",pituitary,True
"/kaggle/input/datasets/souaadrahmoun/brnetval/Multi-Class Brain Tumor MRI Dataset Glioma, Health/Brain Cancer MRI Dataset/Brain Cancer MRI Dataset/Brain Cancer MRI Dataset/Pituitary Macroadenoma/52.jpg",pituitary,True
"/kaggle/input/datasets/souaadrahmoun/brnetval/Multi-Class Brain Tumor MRI Dataset Glioma, Health/Brain Cancer MRI Dataset/Brain Cancer MRI Dataset/Brain Cancer MRI Dataset/Pituitary Macroadenoma/53.jpg",pituitary,True
"/kaggle/input/datasets/souaadrahmoun/brnetval/Multi-Class Brain Tumor MRI Dataset Glioma, Health/Brain Cancer MRI Dataset/Brain Cancer MRI Dataset/Brain Cancer MRI Dataset/Pituitary Macroadenoma/54.jpg",pituitary,True
"/kaggle/input/datasets/souaadrahmoun/brnetval/Multi-Class Brain Tumor MRI Dataset Glioma, Health/Brain Cancer MRI Dataset/Brain Cancer MRI Dataset/Brain Cancer MRI Dataset/Pituitary Macroadenoma/55.jpg",pituitary,True
"/kaggle/input/datasets/souaadrahmoun/brnetval/Multi-Class Brain Tumor MRI Dataset Glioma, Health/Brain Cancer MRI Dataset/Brain Cancer MRI Dataset/Brain Cancer MRI Dataset/Pituitary Macroadenoma/56.jpg",pituitary,True
"/kaggle/input/datasets/souaadrahmoun/brnetval/Multi-Class Brain Tumor MRI Dataset Glioma, Health/Brain Cancer MRI Dataset/Brain Cancer MRI Dataset/Brain Cancer MRI Dataset/Pituitary Macroadenoma/57.jpg",pituitary,True
"/kaggle/input/datasets/souaadrahmoun/brnetval/Multi-Class Brain Tumor MRI Dataset Glioma, Health/Brain Cancer MRI Dataset/Brain Cancer MRI Dataset/Brain Cancer MRI Dataset/Pituitary Macroadenoma/58.jpg",pituitary,True
"/kaggle/input/datasets/souaadrahmoun/brnetval/Multi-Class Brain Tumor MRI Dataset Glioma, Health/Brain Cancer MRI Dataset/Brain Cancer MRI Dataset/Brain Cancer MRI Dataset/Pituitary Macroadenoma/59.jpg",pituitary,True
"/kaggle/input/datasets/souaadrahmoun/brnetval/Multi-Class Brain Tumor MRI Dataset Glioma, Health/Brain Cancer MRI Dataset/Brain Cancer MRI Dataset/Brain Cancer MRI Dataset/Pituitary Macroadenoma/6.jpg",pituitary,True
"/kaggle/input/datasets/souaadrahmoun/brnetval/Multi-Class Brain Tumor MRI Dataset Glioma, Health/Brain Cancer MRI Dataset/Brain Cancer MRI Dataset/Brain Cancer MRI Dataset/Pituitary Macroadenoma/60.jpg",pituitary,True
"/kaggle/input/datasets/souaadrahmoun/brnetval/Multi-Class Brain Tumor MRI Dataset Glioma, Health/Brain Cancer MRI Dataset/Brain Cancer MRI Dataset/Brain Cancer MRI Dataset/Pituitary Macroadenoma/61.jpg",pituitary,True
"/kaggle/input/datasets/souaadrahmoun/brnetval/Multi-Class Brain Tumor MRI Dataset Glioma, Health/Brain Cancer MRI Dataset/Brain Cancer MRI Dataset/Brain Cancer MRI Dataset/Pituitary Macroadenoma/62.jpg",pituitary,True
"/kaggle/input/datasets/souaadrahmoun/brnetval/Multi-Class Brain Tumor MRI Dataset Glioma, Health/Brain Cancer MRI Dataset/Brain Cancer MRI Dataset/Brain Cancer MRI Dataset/Pituitary Macroadenoma/63.jpg",pituitary,True
"/kaggle/input/datasets/souaadrahmoun/brnetval/Multi-Class Brain Tumor MRI Dataset Glioma, Health/Brain Cancer MRI Dataset/Brain Cancer MRI Dataset/Brain Cancer MRI Dataset/Pituitary Macroadenoma/64.jpg",pituitary,True
"/kaggle/input/datasets/souaadrahmoun/brnetval/Multi-Class Brain Tumor MRI Dataset Glioma, Health/Brain Cancer MRI Dataset/Brain Cancer MRI Dataset/Brain Cancer MRI Dataset/Pituitary Macroadenoma/65.jpg",pituitary,True
"/kaggle/input/datasets/souaadrahmoun/brnetval/Multi-Class Brain Tumor MRI Dataset Glioma, Health/Brain Cancer MRI Dataset/Brain Cancer MRI Dataset/Brain Cancer MRI Dataset/Pituitary Macroadenoma/66.jpg",pituitary,True
"/kaggle/input/datasets/souaadrahmoun/brnetval/Multi-Class Brain Tumor MRI Dataset Glioma, Health/Brain Cancer MRI Dataset/Brain Cancer MRI Dataset/Brain Cancer MRI Dataset/Pituitary Macroadenoma/67.jpg",pituitary,False
"/kaggle/input/datasets/souaadrahmoun/brnetval/Multi-Class Brain Tumor MRI Dataset Glioma, Health/Brain Cancer MRI Dataset/Brain Cancer MRI Dataset/Brain Cancer MRI Dataset/Pituitary Macroadenoma/69.jpg",pituitary,True
"/kaggle/input/datasets/souaadrahmoun/brnetval/Multi-Class Brain Tumor MRI Dataset Glioma, Health/Brain Cancer MRI Dataset/Brain Cancer MRI Dataset/Brain Cancer MRI Dataset/Pituitary Macroadenoma/7.jpg",pituitary,True
"/kaggle/input/datasets/souaadrahmoun/brnetval/Multi-Class Brain Tumor MRI Dataset Glioma, Health/Brain Cancer MRI Dataset/Brain Cancer MRI Dataset/Brain Cancer MRI Dataset/Pituitary Macroadenoma/70.jpg",pituitary,True
"/kaggle/input/datasets/souaadrahmoun/brnetval/Multi-Class Brain Tumor MRI Dataset Glioma, Health/Brain Cancer MRI Dataset/Brain Cancer MRI Dataset/Brain Cancer MRI Dataset/Pituitary Macroadenoma/71.jpg",pituitary,True
"/kaggle/input/datasets/souaadrahmoun/brnetval/Multi-Class Brain Tumor MRI Dataset Glioma, Health/Brain Cancer MRI Dataset/Brain Cancer MRI Dataset/Brain Cancer MRI Dataset/Pituitary Macroadenoma/72.jpg",pituitary,True
"/kaggle/input/datasets/souaadrahmoun/brnetval/Multi-Class Brain Tumor MRI Dataset Glioma, Health/Brain Cancer MRI Dataset/Brain Cancer MRI Dataset/Brain Cancer MRI Dataset/Pituitary Macroadenoma/73.jpg",pituitary,True
"/kaggle/input/datasets/souaadrahmoun/brnetval/Multi-Class Brain Tumor MRI Dataset Glioma, Health/Brain Cancer MRI Dataset/Brain Cancer MRI Dataset/Brain Cancer MRI Dataset/Pituitary Macroadenoma/74.jpg",pituitary,True
"/kaggle/input/datasets/souaadrahmoun/brnetval/Multi-Class Brain Tumor MRI Dataset Glioma, Health/Brain Cancer MRI Dataset/Brain Cancer MRI Dataset/Brain Cancer MRI Dataset/Pituitary Macroadenoma/75.jpg",pituitary,True
"/kaggle/input/datasets/souaadrahmoun/brnetval/Multi-Class Brain Tumor MRI Dataset Glioma, Health/Brain Cancer MRI Dataset/Brain Cancer MRI Dataset/Brain Cancer MRI Dataset/Pituitary Macroadenoma/76.jpg",pituitary,True
"/kaggle/input/datasets/souaadrahmoun/brnetval/Multi-Class Brain Tumor MRI Dataset Glioma, Health/Brain Cancer MRI Dataset/Brain Cancer MRI Dataset/Brain Cancer MRI Dataset/Pituitary Macroadenoma/77.jpg",pituitary,True
"/kaggle/input/datasets/souaadrahmoun/brnetval/Multi-Class Brain Tumor MRI Dataset Glioma, Health/Brain Cancer MRI Dataset/Brain Cancer MRI Dataset/Brain Cancer MRI Dataset/Pituitary Macroadenoma/78.jpg",pituitary,True
"/kaggle/input/datasets/souaadrahmoun/brnetval/Multi-Class Brain Tumor MRI Dataset Glioma, Health/Brain Cancer MRI Dataset/Brain Cancer MRI Dataset/Brain Cancer MRI Dataset/Pituitary Macroadenoma/79.jpg",pituitary,True
"/kaggle/input/datasets/souaadrahmoun/brnetval/Multi-Class Brain Tumor MRI Dataset Glioma, Health/Brain Cancer MRI Dataset/Brain Cancer MRI Dataset/Brain Cancer MRI Dataset/Pituitary Macroadenoma/8.jpg",pituitary,True
"/kaggle/input/datasets/souaadrahmoun/brnetval/Multi-Class Brain Tumor MRI Dataset Glioma, Health/Brain Cancer MRI Dataset/Brain Cancer MRI Dataset/Brain Cancer MRI Dataset/Pituitary Macroadenoma/80.jpg",pituitary,True
"/kaggle/input/datasets/souaadrahmoun/brnetval/Multi-Class Brain Tumor MRI Dataset Glioma, Health/Brain Cancer MRI Dataset/Brain Cancer MRI Dataset/Brain Cancer MRI Dataset/Pituitary Macroadenoma/81.jpg",pituitary,True
"/kaggle/input/datasets/souaadrahmoun/brnetval/Multi-Class Brain Tumor MRI Dataset Glioma, Health/Brain Cancer MRI Dataset/Brain Cancer MRI Dataset/Brain Cancer MRI Dataset/Pituitary Macroadenoma/82.jpg",pituitary,True
"/kaggle/input/datasets/souaadrahmoun/brnetval/Multi-Class Brain Tumor MRI Dataset Glioma, Health/Brain Cancer MRI Dataset/Brain Cancer MRI Dataset/Brain Cancer MRI Dataset/Pituitary Macroadenoma/83.jpg",pituitary,True
"/kaggle/input/datasets/souaadrahmoun/brnetval/Multi-Class Brain Tumor MRI Dataset Glioma, Health/Brain Cancer MRI Dataset/Brain Cancer MRI Dataset/Brain Cancer MRI Dataset/Pituitary Macroadenoma/84.jpg",pituitary,True
"/kaggle/input/datasets/souaadrahmoun/brnetval/Multi-Class Brain Tumor MRI Dataset Glioma, Health/Brain Cancer MRI Dataset/Brain Cancer MRI Dataset/Brain Cancer MRI Dataset/Pituitary Macroadenoma/85.jpg",pituitary,True
"/kaggle/input/datasets/souaadrahmoun/brnetval/Multi-Class Brain Tumor MRI Dataset Glioma, Health/Brain Cancer MRI Dataset/Brain Cancer MRI Dataset/Brain Cancer MRI Dataset/Pituitary Macroadenoma/86.jpg",pituitary,True
"/kaggle/input/datasets/souaadrahmoun/brnetval/Multi-Class Brain Tumor MRI Dataset Glioma, Health/Brain Cancer MRI Dataset/Brain Cancer MRI Dataset/Brain Cancer MRI Dataset/Pituitary Macroadenoma/88.jpg",pituitary,True
"/kaggle/input/datasets/souaadrahmoun/brnetval/Multi-Class Brain Tumor MRI Dataset Glioma, Health/Brain Cancer MRI Dataset/Brain Cancer MRI Dataset/Brain Cancer MRI Dataset/Pituitary Macroadenoma/89.jpg",pituitary,True
"/kaggle/input/datasets/souaadrahmoun/brnetval/Multi-Class Brain Tumor MRI Dataset Glioma, Health/Brain Cancer MRI Dataset/Brain Cancer MRI Dataset/Brain Cancer MRI Dataset/Pituitary Macroadenoma/9.jpg",pituitary,True
"/kaggle/input/datasets/souaadrahmoun/brnetval/Multi-Class Brain Tumor MRI Dataset Glioma, Health/Brain Cancer MRI Dataset/Brain Cancer MRI Dataset/Brain Cancer MRI Dataset/Pituitary Macroadenoma/90.jpg",pituitary,True
"/kaggle/input/datasets/souaadrahmoun/brnetval/Multi-Class Brain Tumor MRI Dataset Glioma, Health/Brain Cancer MRI Dataset/Brain Cancer MRI Dataset/Brain Cancer MRI Dataset/Pituitary Macroadenoma/91.jpg",pituitary,True
"/kaggle/input/datasets/souaadrahmoun/brnetval/Multi-Class Brain Tumor MRI Dataset Glioma, Health/Brain Cancer MRI Dataset/Brain Cancer MRI Dataset/Brain Cancer MRI Dataset/Pituitary Macroadenoma/92.jpg",pituitary,True
"/kaggle/input/datasets/souaadrahmoun/brnetval/Multi-Class Brain Tumor MRI Dataset Glioma, Health/Brain Cancer MRI Dataset/Brain Cancer MRI Dataset/Brain Cancer MRI Dataset/Pituitary Macroadenoma/93.jpg",pituitary,True
"/kaggle/input/datasets/souaadrahmoun/brnetval/Multi-Class Brain Tumor MRI Dataset Glioma, Health/Brain Cancer MRI Dataset/Brain Cancer MRI Dataset/Brain Cancer MRI Dataset/Pituitary Macroadenoma/94.jpg",pituitary,True
"/kaggle/input/datasets/souaadrahmoun/brnetval/Multi-Class Brain Tumor MRI Dataset Glioma, Health/Brain Cancer MRI Dataset/Brain Cancer MRI Dataset/Brain Cancer MRI Dataset/Pituitary Macroadenoma/95.jpg",pituitary,True
"/kaggle/input/datasets/souaadrahmoun/brnetval/Multi-Class Brain Tumor MRI Dataset Glioma, Health/Brain Cancer MRI Dataset/Brain Cancer MRI Dataset/Brain Cancer MRI Dataset/Pituitary Macroadenoma/96.jpg",pituitary,True
"/kaggle/input/datasets/souaadrahmoun/brnetval/Multi-Class Brain Tumor MRI Dataset Glioma, Health/Brain Cancer MRI Dataset/Brain Cancer MRI Dataset/Brain Cancer MRI Dataset/Pituitary Macroadenoma/97.jpg",pituitary,True
"/kaggle/input/datasets/souaadrahmoun/brnetval/Multi-Class Brain Tumor MRI Dataset Glioma, Health/Brain Cancer MRI Dataset/Brain Cancer MRI Dataset/Brain Cancer MRI Dataset/Pituitary Macroadenoma/98.jpg",pituitary,True
"/kaggle/input/datasets/souaadrahmoun/brnetval/Multi-Class Brain Tumor MRI Dataset Glioma, Health/Brain Cancer MRI Dataset/Brain Cancer MRI Dataset/Brain Cancer MRI Dataset/Pituitary Macroadenoma/99.jpg",pituitary,True
