image_idx,patient_id,fold,class,pred_orig,pred_tumor_masked,pred_matched_masked,delta_prob_tumor,delta_prob_matched,changed_tumor,changed_matched
3,"[[49]
 [49]
 [50]
 [54]
 [52]
 [57]]",0,pituitary,2,2,2.0,-0.0010871291,-0.0003414154052734375,False,False
4,"[[49]
 [49]
 [50]
 [54]
 [52]
 [57]]",0,pituitary,2,2,2.0,0.028135538,-0.00035250186920166016,False,False
5,"[[49]
 [49]
 [50]
 [54]
 [52]
 [57]]",0,pituitary,2,2,2.0,0.0697425,0.0002034306526184082,False,False
87,"[[49]
 [48]
 [57]
 [52]
 [55]
 [49]]",0,pituitary,2,2,2.0,0.009852946,0.0010402202606201172,False,False
88,"[[49]
 [48]
 [57]
 [52]
 [55]
 [49]]",0,pituitary,2,2,2.0,0.016354918,-0.001338958740234375,False,False
89,"[[49]
 [48]
 [57]
 [52]
 [55]
 [49]]",0,pituitary,2,2,2.0,0.014403701,-0.002781808376312256,False,False
91,"[[49]
 [48]
 [57]
 [52]
 [55]
 [49]]",0,pituitary,2,2,2.0,0.028665483,0.017423570156097412,False,False
92,"[[49]
 [48]
 [57]
 [52]
 [55]
 [49]]",0,pituitary,2,2,2.0,0.0052892566,0.0027294158935546875,False,False
93,"[[49]
 [48]
 [57]
 [52]
 [55]
 [49]]",0,pituitary,2,2,2.0,0.014593363,-0.0009663105010986328,False,False
114,"[[49]
 [49]
 [48]
 [53]
 [51]
 [55]]",0,pituitary,2,2,2.0,0.11032313,0.0020221471786499023,False,False
115,"[[49]
 [49]
 [48]
 [53]
 [51]
 [55]]",0,pituitary,2,2,2.0,0.05519831,1.5497207641601562e-06,False,False
116,"[[49]
 [49]
 [48]
 [53]
 [51]
 [55]]",0,pituitary,2,2,2.0,0.04066372,-0.0017342567443847656,False,False
117,"[[49]
 [49]
 [48]
 [53]
 [51]
 [55]]",0,pituitary,2,2,2.0,0.039088726,0.008825421333312988,False,False
118,"[[49]
 [49]
 [48]
 [53]
 [51]
 [55]]",0,pituitary,2,2,2.0,0.012559772,-0.0021733641624450684,False,False
119,"[[49]
 [49]
 [48]
 [53]
 [51]
 [55]]",0,pituitary,2,2,2.0,-0.0034015775,-0.005419015884399414,False,False
120,"[[49]
 [49]
 [48]
 [53]
 [51]
 [55]]",0,pituitary,2,2,2.0,-0.025241613,0.014026761054992676,False,False
124,"[[49]
 [48]
 [56]
 [53]
 [53]
 [48]]",0,meningioma,0,0,0.0,0.0020451546,0.0060269832611083984,False,False
127,"[[49]
 [49]
 [49]
 [48]
 [55]
 [53]]",0,pituitary,2,2,2.0,0.0019696057,0.013236284255981445,False,False
128,"[[49]
 [49]
 [49]
 [48]
 [55]
 [53]]",0,pituitary,2,2,2.0,0.0207448,-0.010833144187927246,False,False
129,"[[49]
 [49]
 [49]
 [48]
 [55]
 [53]]",0,pituitary,2,2,2.0,-0.004452288,0.009041190147399902,False,False
130,"[[49]
 [49]
 [49]
 [48]
 [55]
 [53]]",0,pituitary,2,2,2.0,-0.010716379,-0.0002676844596862793,False,False
131,"[[49]
 [49]
 [49]
 [48]
 [55]
 [53]]",0,pituitary,2,2,2.0,0.02023834,0.0007963180541992188,False,False
132,"[[49]
 [49]
 [49]
 [48]
 [55]
 [53]]",0,pituitary,2,2,2.0,0.035487235,-0.0018039345741271973,False,False
135,"[[49]
 [48]
 [56]
 [53]
 [53]
 [48]]",0,meningioma,0,0,0.0,0.032655,0.0018773078918457031,False,False
140,"[[49]
 [49]
 [49]
 [55]
 [56]
 [53]]",0,pituitary,2,2,2.0,0.09951916,0.006056845188140869,False,False
141,"[[49]
 [49]
 [49]
 [55]
 [56]
 [53]]",0,pituitary,2,2,2.0,0.04514289,0.0007573366165161133,False,False
142,"[[49]
 [49]
 [49]
 [55]
 [56]
 [53]]",0,pituitary,2,2,2.0,0.078654826,0.001501321792602539,False,False
143,"[[49]
 [49]
 [49]
 [55]
 [56]
 [53]]",0,pituitary,2,2,2.0,0.16637701,-0.011392354965209961,False,False
144,"[[49]
 [49]
 [49]
 [55]
 [56]
 [53]]",0,pituitary,2,2,2.0,0.14958036,-0.0027907490730285645,False,False
152,"[[49]
 [49]
 [50]
 [54]
 [52]
 [57]]",0,pituitary,2,1,2.0,0.12875462,-0.0022829771041870117,True,False
153,"[[49]
 [49]
 [50]
 [54]
 [52]
 [57]]",0,pituitary,2,2,2.0,0.06284189,-0.0009366273880004883,False,False
154,"[[49]
 [49]
 [50]
 [54]
 [52]
 [57]]",0,pituitary,2,2,2.0,0.099846244,0.00021797418594360352,False,False
155,"[[49]
 [49]
 [50]
 [54]
 [52]
 [57]]",0,pituitary,2,2,2.0,0.12801373,-0.0017453432083129883,False,False
156,"[[49]
 [49]
 [50]
 [54]
 [52]
 [57]]",0,pituitary,2,2,2.0,0.16352278,0.0002104043960571289,False,False
233,"[[49]
 [48]
 [57]
 [52]
 [55]
 [49]]",0,pituitary,2,2,2.0,-0.0005838275,4.9948692321777344e-05,False,False
234,"[[49]
 [48]
 [57]
 [52]
 [55]
 [49]]",0,pituitary,2,2,2.0,-0.00351727,-0.00022488832473754883,False,False
236,"[[49]
 [48]
 [57]
 [52]
 [55]
 [49]]",0,pituitary,2,2,2.0,0.007343173,0.0013965368270874023,False,False
237,"[[49]
 [48]
 [57]
 [52]
 [55]
 [49]]",0,pituitary,2,2,2.0,-0.0022265315,-0.0009047389030456543,False,False
238,"[[49]
 [48]
 [57]
 [52]
 [55]
 [49]]",0,pituitary,2,2,2.0,-0.0075784326,-0.0004611015319824219,False,False
239,"[[49]
 [48]
 [57]
 [52]
 [55]
 [49]]",0,pituitary,2,2,2.0,-0.016456127,-0.0008323192596435547,False,False
253,"[[49]
 [49]
 [48]
 [53]
 [51]
 [55]]",0,pituitary,2,2,2.0,0.047584713,6.55055046081543e-05,False,False
254,"[[49]
 [49]
 [48]
 [53]
 [51]
 [55]]",0,pituitary,2,2,2.0,0.08218992,-0.0009216666221618652,False,False
255,"[[49]
 [49]
 [48]
 [53]
 [51]
 [55]]",0,pituitary,2,2,2.0,0.014733136,0.00020629167556762695,False,False
256,"[[49]
 [49]
 [48]
 [53]
 [51]
 [55]]",0,pituitary,2,2,2.0,0.0045642853,0.00035953521728515625,False,False
261,"[[49]
 [49]
 [49]
 [48]
 [55]
 [53]]",0,pituitary,2,2,2.0,0.014217317,-0.0019605159759521484,False,False
262,"[[49]
 [49]
 [49]
 [48]
 [55]
 [53]]",0,pituitary,2,2,2.0,0.011099577,0.001338362693786621,False,False
263,"[[49]
 [49]
 [49]
 [48]
 [55]
 [53]]",0,pituitary,2,2,2.0,0.012859225,0.004026830196380615,False,False
264,"[[49]
 [49]
 [49]
 [48]
 [55]
 [53]]",0,pituitary,2,2,2.0,0.018050075,0.0001385211944580078,False,False
265,"[[49]
 [49]
 [49]
 [48]
 [55]
 [53]]",0,pituitary,2,2,2.0,0.031041682,-0.0006093382835388184,False,False
271,"[[49]
 [49]
 [49]
 [55]
 [56]
 [53]]",0,pituitary,2,2,2.0,0.031545877,-0.00011676549911499023,False,False
272,"[[49]
 [49]
 [49]
 [55]
 [56]
 [53]]",0,pituitary,2,2,2.0,0.04619521,0.005030035972595215,False,False
273,"[[49]
 [49]
 [49]
 [55]
 [56]
 [53]]",0,pituitary,2,2,2.0,0.046348035,-0.001791834831237793,False,False
274,"[[49]
 [49]
 [49]
 [55]
 [56]
 [53]]",0,pituitary,2,2,2.0,0.07324076,0.000830531120300293,False,False
281,"[[49]
 [49]
 [50]
 [54]
 [52]
 [57]]",0,pituitary,2,2,2.0,0.018104315,-0.0001958608627319336,False,False
282,"[[49]
 [49]
 [50]
 [54]
 [52]
 [57]]",0,pituitary,2,2,2.0,0.037564397,-7.224082946777344e-05,False,False
283,"[[49]
 [49]
 [50]
 [54]
 [52]
 [57]]",0,pituitary,2,2,2.0,0.114494264,0.0012767314910888672,False,False
284,"[[49]
 [49]
 [50]
 [54]
 [52]
 [57]]",0,pituitary,2,2,2.0,0.05886841,-0.0005014538764953613,False,False
285,"[[49]
 [49]
 [50]
 [54]
 [52]
 [57]]",0,pituitary,2,2,2.0,0.030584276,-0.0019987821578979492,False,False
323,"[[49]
 [49]
 [49]
 [51]
 [54]
 [54]]",0,meningioma,0,0,0.0,0.008265018,0.0028790831565856934,False,False
327,"[[49]
 [48]
 [49]
 [55]
 [50]
 [52]]",0,pituitary,2,2,2.0,0.0070785284,0.0005115270614624023,False,False
328,"[[49]
 [48]
 [49]
 [55]
 [50]
 [52]]",0,pituitary,2,2,2.0,0.014659107,-0.0003140568733215332,False,False
333,"[[49]
 [48]
 [50]
 [54]
 [52]
 [56]]",0,pituitary,2,2,2.0,-0.011900306,0.0008346736431121826,False,False
336,"[[49]
 [48]
 [50]
 [54]
 [52]
 [56]]",0,pituitary,2,2,2.0,-0.005735159,0.0033047497272491455,False,False
337,"[[49]
 [48]
 [51]
 [48]
 [52]
 [54]]",0,pituitary,2,2,2.0,3.749132e-05,-0.0006935000419616699,False,False
338,"[[49]
 [48]
 [51]
 [48]
 [52]
 [54]]",0,pituitary,2,2,2.0,0.0019894838,-4.291534423828125e-06,False,False
339,"[[49]
 [48]
 [51]
 [48]
 [52]
 [54]]",0,pituitary,2,2,2.0,0.003264606,-0.0001537799835205078,False,False
364,"[[49]
 [48]
 [51]
 [54]
 [55]
 [49]]",0,pituitary,2,0,2.0,0.08573219,-0.0010096728801727295,True,False
365,"[[49]
 [48]
 [51]
 [54]
 [55]
 [49]]",0,pituitary,2,2,2.0,0.046297967,4.172325134277344e-06,False,False
366,"[[49]
 [48]
 [51]
 [54]
 [55]
 [49]]",0,pituitary,2,2,2.0,0.050845772,-0.0017704963684082031,False,False
367,"[[49]
 [48]
 [51]
 [54]
 [55]
 [49]]",0,pituitary,2,2,2.0,0.050786138,-0.0042785704135894775,False,False
380,"[[49]
 [48]
 [51]
 [56]
 [51]
 [55]]",0,pituitary,2,2,2.0,0.001964748,6.508827209472656e-05,False,False
381,"[[49]
 [48]
 [51]
 [56]
 [51]
 [55]]",0,pituitary,2,2,2.0,0.0026644468,-0.0031752586364746094,False,False
382,"[[49]
 [48]
 [51]
 [56]
 [51]
 [55]]",0,pituitary,2,2,2.0,-0.0061540008,-0.0009595155715942383,False,False
383,"[[49]
 [48]
 [51]
 [56]
 [51]
 [55]]",0,pituitary,2,2,2.0,-0.0042162538,-0.002477884292602539,False,False
384,"[[49]
 [48]
 [51]
 [56]
 [51]
 [55]]",0,pituitary,2,2,2.0,-0.005398035,-0.000882267951965332,False,False
385,"[[49]
 [48]
 [51]
 [56]
 [51]
 [55]]",0,pituitary,2,2,2.0,-0.004794359,-0.0004509091377258301,False,False
386,"[[49]
 [48]
 [51]
 [56]
 [51]
 [55]]",0,pituitary,2,2,2.0,-0.0022301674,-0.00084686279296875,False,False
387,"[[49]
 [48]
 [51]
 [56]
 [51]
 [55]]",0,pituitary,2,2,2.0,-0.0004067421,-0.0006586909294128418,False,False
393,"[[49]
 [48]
 [52]
 [53]
 [53]
 [56]]",0,pituitary,2,2,2.0,0.0033756495,0.0012360811233520508,False,False
394,"[[49]
 [48]
 [52]
 [53]
 [53]
 [56]]",0,pituitary,2,2,2.0,-0.0014909506,0.0003662705421447754,False,False
395,"[[49]
 [48]
 [52]
 [53]
 [53]
 [56]]",0,pituitary,2,2,2.0,-0.008823156,9.143352508544922e-05,False,False
396,"[[49]
 [48]
 [52]
 [53]
 [53]
 [56]]",0,pituitary,2,2,2.0,-0.0067576766,0.0008969306945800781,False,False
397,"[[49]
 [48]
 [52]
 [53]
 [53]
 [56]]",0,pituitary,2,2,2.0,0.01668781,-0.009470701217651367,False,False
398,"[[49]
 [48]
 [52]
 [53]
 [53]
 [56]]",0,pituitary,2,2,2.0,0.006721258,-0.0015740394592285156,False,False
399,"[[49]
 [48]
 [52]
 [53]
 [53]
 [56]]",0,pituitary,2,2,2.0,-0.0111064315,-0.0033363699913024902,False,False
400,"[[49]
 [48]
 [52]
 [53]
 [53]
 [56]]",0,pituitary,2,2,2.0,-0.015683234,0.0007336139678955078,False,False
417,"[[49]
 [48]
 [53]
 [49]
 [56]
 [55]]",0,pituitary,2,2,2.0,-0.009366393,-0.0010973215103149414,False,False
418,"[[49]
 [48]
 [53]
 [49]
 [56]
 [55]]",0,pituitary,2,2,2.0,-0.012517929,0.00010347366333007812,False,False
419,"[[49]
 [48]
 [53]
 [49]
 [56]
 [55]]",0,pituitary,2,2,2.0,-0.00681144,-0.00043082237243652344,False,False
420,"[[49]
 [48]
 [53]
 [49]
 [56]
 [55]]",0,pituitary,2,2,2.0,-0.008118331,0.00024241209030151367,False,False
440,"[[57]
 [55]
 [52]
 [54]
 [49]]",0,pituitary,2,2,2.0,0.0028198957,-0.00022104382514953613,False,False
441,"[[57]
 [55]
 [52]
 [54]
 [49]]",0,pituitary,2,2,2.0,-0.0054404438,-0.003048807382583618,False,False
442,"[[57]
 [55]
 [52]
 [54]
 [49]]",0,pituitary,2,2,2.0,0.036551535,0.0003063082695007324,False,False
443,"[[57]
 [55]
 [52]
 [54]
 [49]]",0,pituitary,2,2,2.0,0.026889324,-0.0032019615173339844,False,False
444,"[[57]
 [55]
 [52]
 [54]
 [49]]",0,pituitary,2,2,2.0,0.016222954,2.8252601623535156e-05,False,False
447,"[[57]
 [55]
 [52]
 [54]
 [49]]",0,pituitary,2,2,2.0,0.021416187,-0.003577113151550293,False,False
448,"[[57]
 [55]
 [52]
 [54]
 [49]]",0,pituitary,2,2,2.0,0.022004962,-0.0016886591911315918,False,False
449,"[[57]
 [55]
 [52]
 [54]
 [49]]",0,pituitary,2,2,2.0,0.008760631,-0.0009169578552246094,False,False
450,"[[57]
 [55]
 [52]
 [54]
 [49]]",0,pituitary,2,2,2.0,0.0033179522,0.00020188093185424805,False,False
451,"[[57]
 [55]
 [52]
 [56]
 [49]]",0,pituitary,2,0,2.0,0.026283473,-0.0018290579319000244,True,False
452,"[[57]
 [55]
 [52]
 [56]
 [49]]",0,pituitary,2,1,2.0,0.046068907,-0.0011373162269592285,True,False
453,"[[57]
 [55]
 [52]
 [56]
 [49]]",0,pituitary,2,2,2.0,0.044858992,0.000629723072052002,False,False
454,"[[57]
 [55]
 [52]
 [56]
 [49]]",0,pituitary,2,2,2.0,0.02589354,-0.001372992992401123,False,False
500,"[[57]
 [57]
 [50]
 [50]
 [51]]",0,pituitary,2,2,2.0,-0.0030301213,0.005910396575927734,False,False
503,"[[57]
 [57]
 [50]
 [50]
 [51]]",0,pituitary,2,2,2.0,-0.0019948483,-0.001777946949005127,False,False
504,"[[57]
 [57]
 [50]
 [50]
 [51]]",0,pituitary,2,2,2.0,0.010360539,-0.002489030361175537,False,False
505,"[[57]
 [57]
 [50]
 [50]
 [51]]",0,pituitary,2,2,2.0,-0.00011473894,-0.00015425682067871094,False,False
506,"[[57]
 [57]
 [50]
 [50]
 [51]]",0,pituitary,2,2,2.0,0.0032539964,-0.0008646249771118164,False,False
507,"[[57]
 [57]
 [50]
 [50]
 [51]]",0,pituitary,2,2,2.0,0.0060950518,-0.0015788674354553223,False,False
535,"[[49]
 [48]
 [49]
 [55]
 [50]
 [52]]",0,pituitary,2,2,2.0,0.028711438,0.001260995864868164,False,False
536,"[[49]
 [48]
 [49]
 [55]
 [50]
 [52]]",0,pituitary,2,2,2.0,0.011905313,0.0002835988998413086,False,False
537,"[[49]
 [48]
 [49]
 [55]
 [50]
 [52]]",0,pituitary,2,2,2.0,0.00090414286,-0.00018864870071411133,False,False
538,"[[49]
 [48]
 [50]
 [54]
 [52]
 [56]]",0,pituitary,2,2,2.0,0.0038616657,7.027387619018555e-05,False,False
539,"[[49]
 [48]
 [50]
 [54]
 [52]
 [56]]",0,pituitary,2,2,2.0,0.020784378,-0.0002117156982421875,False,False
540,"[[49]
 [48]
 [50]
 [54]
 [52]
 [56]]",0,pituitary,2,2,2.0,0.024777174,-0.00012826919555664062,False,False
541,"[[49]
 [48]
 [50]
 [54]
 [52]
 [56]]",0,pituitary,2,2,2.0,-0.0034801364,0.0015011429786682129,False,False
544,"[[49]
 [48]
 [51]
 [48]
 [52]
 [54]]",0,pituitary,2,2,2.0,0.009395242,-0.0038857460021972656,False,False
546,"[[49]
 [48]
 [51]
 [48]
 [52]
 [54]]",0,pituitary,2,2,2.0,0.01970458,-0.003285825252532959,False,False
547,"[[49]
 [48]
 [51]
 [48]
 [52]
 [54]]",0,pituitary,2,2,2.0,0.020883918,-0.0005374550819396973,False,False
548,"[[49]
 [48]
 [51]
 [48]
 [52]
 [54]]",0,pituitary,2,2,2.0,0.013329864,-0.00015437602996826172,False,False
568,"[[49]
 [49]
 [50]
 [54]
 [52]
 [56]]",0,meningioma,0,0,0.0,-0.0165295,-0.009120404720306396,False,False
574,"[[49]
 [48]
 [51]
 [54]
 [55]
 [49]]",0,pituitary,2,2,2.0,0.0144200325,-0.0008236169815063477,False,False
575,"[[49]
 [48]
 [51]
 [54]
 [55]
 [49]]",0,pituitary,2,2,2.0,0.0007531047,0.0036339759826660156,False,False
576,"[[49]
 [48]
 [51]
 [54]
 [55]
 [49]]",0,pituitary,2,2,2.0,-0.0062167645,-0.0013033151626586914,False,False
577,"[[49]
 [48]
 [51]
 [54]
 [55]
 [49]]",0,pituitary,2,2,2.0,-0.0004235506,0.0024043917655944824,False,False
578,"[[49]
 [48]
 [51]
 [54]
 [55]
 [49]]",0,pituitary,2,2,2.0,-0.003947735,-0.0008499026298522949,False,False
579,"[[49]
 [49]
 [50]
 [54]
 [52]
 [56]]",0,meningioma,0,0,0.0,-0.009839952,-0.003091156482696533,False,False
580,"[[49]
 [48]
 [51]
 [54]
 [55]
 [49]]",0,pituitary,2,2,2.0,0.0047772527,0.00046688318252563477,False,False
589,"[[49]
 [48]
 [51]
 [56]
 [51]
 [55]]",0,pituitary,2,2,2.0,0.11174151,-0.00409466028213501,False,False
590,"[[49]
 [49]
 [50]
 [54]
 [52]
 [56]]",0,meningioma,0,0,0.0,0.0078012645,-0.0011044740676879883,False,False
591,"[[49]
 [48]
 [51]
 [56]
 [51]
 [55]]",0,pituitary,2,2,2.0,0.1625646,-0.006403863430023193,False,False
592,"[[49]
 [48]
 [51]
 [56]
 [51]
 [55]]",0,pituitary,2,2,2.0,0.16261956,-0.0026752352714538574,False,False
593,"[[49]
 [48]
 [51]
 [56]
 [51]
 [55]]",0,pituitary,2,2,2.0,0.12323052,-0.006456136703491211,False,False
599,"[[49]
 [48]
 [52]
 [53]
 [53]
 [56]]",0,pituitary,2,2,2.0,0.05796045,-0.007013916969299316,False,False
600,"[[49]
 [48]
 [52]
 [53]
 [53]
 [56]]",0,pituitary,2,2,2.0,0.042594433,0.013072848320007324,False,False
602,"[[49]
 [48]
 [52]
 [53]
 [53]
 [56]]",0,pituitary,2,2,2.0,0.021782637,0.004335284233093262,False,False
603,"[[49]
 [48]
 [52]
 [53]
 [53]
 [56]]",0,pituitary,2,2,2.0,0.0050230026,0.048467934131622314,False,False
604,"[[49]
 [48]
 [52]
 [53]
 [53]
 [56]]",0,pituitary,2,2,2.0,0.013717592,0.0002231001853942871,False,False
605,"[[49]
 [48]
 [52]
 [53]
 [53]
 [56]]",0,pituitary,2,2,2.0,0.029130697,0.0012091398239135742,False,False
606,"[[49]
 [48]
 [52]
 [53]
 [53]
 [56]]",0,pituitary,2,2,2.0,0.03653264,0.0011200308799743652,False,False
620,"[[49]
 [48]
 [53]
 [49]
 [56]
 [55]]",0,pituitary,2,2,2.0,0.003289342,-0.00015425682067871094,False,False
621,"[[49]
 [48]
 [53]
 [49]
 [56]
 [55]]",0,pituitary,2,2,2.0,0.0067970157,-6.377696990966797e-06,False,False
622,"[[49]
 [48]
 [53]
 [49]
 [56]
 [55]]",0,pituitary,2,2,2.0,0.0092663765,-0.0013804435729980469,False,False
624,"[[49]
 [48]
 [53]
 [49]
 [56]
 [55]]",0,pituitary,2,2,2.0,0.009151578,-5.543231964111328e-06,False,False
625,"[[49]
 [48]
 [53]
 [49]
 [56]
 [55]]",0,pituitary,2,2,2.0,0.006538391,0.00015121698379516602,False,False
626,"[[49]
 [48]
 [53]
 [49]
 [56]
 [55]]",0,pituitary,2,2,2.0,0.007923603,2.8073787689208984e-05,False,False
647,"[[57]
 [55]
 [52]
 [54]
 [49]]",0,pituitary,2,2,2.0,0.002776444,0.01168900728225708,False,False
648,"[[57]
 [55]
 [52]
 [54]
 [49]]",0,pituitary,2,2,2.0,-0.000931859,-0.0028704404830932617,False,False
649,"[[57]
 [55]
 [52]
 [54]
 [49]]",0,pituitary,2,2,2.0,0.00047636032,-0.0017851591110229492,False,False
650,"[[57]
 [55]
 [52]
 [54]
 [49]]",0,pituitary,2,2,2.0,-0.00013440847,-0.0014464855194091797,False,False
651,"[[57]
 [55]
 [52]
 [54]
 [49]]",0,pituitary,2,2,2.0,-0.0007119179,0.01986873149871826,False,False
652,"[[57]
 [55]
 [52]
 [54]
 [49]]",0,pituitary,2,2,2.0,0.005678296,0.022339940071105957,False,False
653,"[[57]
 [55]
 [52]
 [54]
 [49]]",0,pituitary,2,2,2.0,-0.010624468,0.0004032254219055176,False,False
654,"[[57]
 [55]
 [52]
 [54]
 [49]]",0,pituitary,2,2,2.0,-0.019321859,-0.0003814101219177246,False,False
655,"[[57]
 [55]
 [52]
 [56]
 [49]]",0,pituitary,2,2,2.0,-0.05096686,0.0025960206985473633,False,False
657,"[[57]
 [55]
 [52]
 [56]
 [49]]",0,pituitary,2,2,2.0,-0.043284237,-0.001490175724029541,False,False
658,"[[57]
 [55]
 [52]
 [56]
 [49]]",0,pituitary,2,2,2.0,-0.03977871,-0.010750770568847656,False,False
659,"[[57]
 [55]
 [52]
 [56]
 [49]]",0,pituitary,2,2,2.0,-0.024061382,0.0028648972511291504,False,False
660,"[[57]
 [55]
 [52]
 [56]
 [49]]",0,pituitary,2,2,2.0,-0.014062166,0.008371829986572266,False,False
706,"[[57]
 [57]
 [50]
 [50]
 [51]]",0,pituitary,2,2,2.0,0.010765672,7.194280624389648e-05,False,False
707,"[[57]
 [57]
 [50]
 [50]
 [51]]",0,pituitary,2,2,2.0,0.020581007,-0.0024138689041137695,False,False
708,"[[57]
 [57]
 [50]
 [50]
 [51]]",0,pituitary,2,2,2.0,0.0032727718,0.0002040863037109375,False,False
709,"[[57]
 [57]
 [50]
 [50]
 [51]]",0,pituitary,2,2,2.0,0.01818192,0.0021777749061584473,False,False
710,"[[57]
 [57]
 [50]
 [50]
 [51]]",0,pituitary,2,2,2.0,0.022954464,-0.002477884292602539,False,False
711,"[[57]
 [57]
 [50]
 [50]
 [51]]",0,pituitary,2,2,2.0,-0.0017749667,-0.01044154167175293,False,False
733,"[[49]
 [48]
 [49]
 [55]
 [50]
 [52]]",0,pituitary,2,2,2.0,-0.018055856,0.00011324882507324219,False,False
735,"[[49]
 [48]
 [49]
 [55]
 [50]
 [52]]",0,pituitary,2,2,2.0,-0.017384648,-9.655952453613281e-05,False,False
736,"[[49]
 [48]
 [49]
 [55]
 [50]
 [52]]",0,pituitary,2,2,2.0,-0.032414556,0.007603764533996582,False,False
737,"[[49]
 [48]
 [49]
 [55]
 [50]
 [52]]",0,pituitary,2,2,2.0,-0.0032295287,-0.00042945146560668945,False,False
738,"[[49]
 [48]
 [49]
 [55]
 [50]
 [52]]",0,pituitary,2,2,2.0,-0.012744427,0.0003472566604614258,False,False
739,"[[49]
 [48]
 [49]
 [55]
 [50]
 [52]]",0,pituitary,2,2,2.0,-0.008348703,0.016795456409454346,False,False
740,"[[49]
 [48]
 [50]
 [54]
 [52]
 [56]]",0,pituitary,2,2,2.0,0.10180682,-0.0011894702911376953,False,False
741,"[[49]
 [48]
 [50]
 [54]
 [52]
 [56]]",0,pituitary,2,2,2.0,0.06822413,-0.0019652843475341797,False,False
742,"[[49]
 [48]
 [50]
 [54]
 [52]
 [56]]",0,pituitary,2,2,2.0,0.11580646,0.00018292665481567383,False,False
743,"[[49]
 [48]
 [50]
 [54]
 [52]
 [56]]",0,pituitary,2,2,2.0,0.12273604,-0.0030953288078308105,False,False
744,"[[49]
 [48]
 [50]
 [54]
 [52]
 [56]]",0,pituitary,2,2,2.0,0.055776358,-0.00023055076599121094,False,False
746,"[[49]
 [48]
 [50]
 [54]
 [52]
 [56]]",0,pituitary,2,2,2.0,0.07046682,-0.0003363490104675293,False,False
747,"[[49]
 [48]
 [50]
 [54]
 [52]
 [56]]",0,pituitary,2,2,2.0,0.031612992,-0.0022716522216796875,False,False
749,"[[49]
 [48]
 [51]
 [48]
 [52]
 [54]]",0,pituitary,2,2,2.0,-0.0016635656,0.0005064606666564941,False,False
750,"[[49]
 [48]
 [51]
 [48]
 [52]
 [54]]",0,pituitary,2,2,2.0,-0.0017760992,-0.0004203319549560547,False,False
751,"[[49]
 [48]
 [51]
 [48]
 [52]
 [54]]",0,pituitary,2,2,2.0,-0.0020413399,0.0007379651069641113,False,False
752,"[[49]
 [48]
 [51]
 [48]
 [52]
 [54]]",0,pituitary,2,2,2.0,-0.0025653243,3.737211227416992e-05,False,False
784,"[[49]
 [48]
 [51]
 [54]
 [55]
 [49]]",0,pituitary,2,2,2.0,-0.0031480193,-0.0007662773132324219,False,False
785,"[[49]
 [48]
 [51]
 [54]
 [55]
 [49]]",0,pituitary,2,2,2.0,-0.0018941164,-0.0001304149627685547,False,False
786,"[[49]
 [48]
 [51]
 [54]
 [55]
 [49]]",0,pituitary,2,2,2.0,0.011000335,0.00016444921493530273,False,False
787,"[[49]
 [48]
 [51]
 [54]
 [55]
 [49]]",0,pituitary,2,2,2.0,0.007404089,-0.00036025047302246094,False,False
788,"[[49]
 [48]
 [51]
 [54]
 [55]
 [49]]",0,pituitary,2,2,2.0,0.0033643842,0.0010327696800231934,False,False
795,"[[49]
 [48]
 [51]
 [56]
 [51]
 [55]]",0,pituitary,2,2,2.0,0.00452137,-0.0004278421401977539,False,False
796,"[[49]
 [48]
 [51]
 [56]
 [51]
 [55]]",0,pituitary,2,2,2.0,0.024879336,0.005515992641448975,False,False
797,"[[49]
 [48]
 [51]
 [56]
 [51]
 [55]]",0,pituitary,2,2,2.0,0.014527559,-0.0021796822547912598,False,False
798,"[[49]
 [48]
 [51]
 [56]
 [51]
 [55]]",0,pituitary,2,2,2.0,0.012620449,0.0003033876419067383,False,False
799,"[[49]
 [48]
 [51]
 [56]
 [51]
 [55]]",0,pituitary,2,2,2.0,0.025066078,0.001323103904724121,False,False
800,"[[49]
 [48]
 [51]
 [56]
 [51]
 [55]]",0,pituitary,2,2,2.0,0.010298789,0.0009697675704956055,False,False
802,"[[49]
 [48]
 [51]
 [56]
 [51]
 [55]]",0,pituitary,2,2,2.0,0.0070501566,-7.158517837524414e-05,False,False
807,"[[49]
 [48]
 [52]
 [53]
 [53]
 [56]]",0,pituitary,2,2,2.0,0.024815798,0.0018479228019714355,False,False
808,"[[49]
 [48]
 [52]
 [53]
 [53]
 [56]]",0,pituitary,2,2,2.0,0.0093896985,-0.0002090930938720703,False,False
809,"[[49]
 [48]
 [52]
 [53]
 [53]
 [56]]",0,pituitary,2,2,2.0,0.0033434033,0.0039421916007995605,False,False
810,"[[49]
 [48]
 [52]
 [53]
 [53]
 [56]]",0,pituitary,2,2,2.0,0.011820793,-6.401538848876953e-05,False,False
811,"[[49]
 [48]
 [52]
 [53]
 [53]
 [56]]",0,pituitary,2,2,2.0,0.00462842,-0.0017759203910827637,False,False
813,"[[49]
 [48]
 [52]
 [53]
 [53]
 [56]]",0,pituitary,2,2,2.0,0.0012810826,0.002930939197540283,False,False
814,"[[49]
 [48]
 [52]
 [53]
 [53]
 [56]]",0,pituitary,2,2,2.0,0.00061422586,6.437301635742188e-05,False,False
815,"[[49]
 [48]
 [52]
 [53]
 [53]
 [56]]",0,pituitary,2,2,2.0,0.0069229603,-8.475780487060547e-05,False,False
816,"[[49]
 [48]
 [52]
 [53]
 [53]
 [56]]",0,pituitary,2,2,2.0,0.0130239725,0.0010390281677246094,False,False
832,"[[49]
 [48]
 [53]
 [49]
 [56]
 [55]]",0,pituitary,2,2,2.0,0.0027968287,-0.003961026668548584,False,False
833,"[[49]
 [48]
 [53]
 [49]
 [56]
 [55]]",0,pituitary,2,2,2.0,0.0052993298,-0.000280916690826416,False,False
835,"[[49]
 [48]
 [53]
 [49]
 [56]
 [55]]",0,pituitary,2,2,2.0,0.0055656433,2.5033950805664062e-05,False,False
836,"[[49]
 [48]
 [53]
 [49]
 [56]
 [55]]",0,pituitary,2,2,2.0,0.0068635345,0.0023352503776550293,False,False
837,"[[49]
 [48]
 [53]
 [49]
 [56]
 [55]]",0,pituitary,2,2,2.0,0.0075918436,-0.00014591217041015625,False,False
838,"[[49]
 [48]
 [53]
 [49]
 [56]
 [55]]",0,pituitary,2,2,2.0,0.00528723,-0.00010967254638671875,False,False
860,"[[57]
 [55]
 [52]
 [54]
 [49]]",0,pituitary,2,2,2.0,-0.024635375,-0.0015888810157775879,False,False
861,"[[57]
 [55]
 [52]
 [54]
 [49]]",0,pituitary,2,2,2.0,0.0039100647,-0.0016860365867614746,False,False
862,"[[57]
 [55]
 [52]
 [54]
 [49]]",0,pituitary,2,2,2.0,-0.005347073,-0.0013998746871948242,False,False
863,"[[57]
 [55]
 [52]
 [54]
 [49]]",0,pituitary,2,2,2.0,0.0062529445,0.0003381967544555664,False,False
864,"[[57]
 [55]
 [52]
 [54]
 [49]]",0,pituitary,2,2,2.0,0.009667933,-0.0035130977630615234,False,False
865,"[[57]
 [55]
 [52]
 [54]
 [49]]",0,pituitary,2,2,2.0,-0.0012913942,-2.1457672119140625e-06,False,False
866,"[[57]
 [55]
 [52]
 [54]
 [49]]",0,pituitary,2,2,2.0,0.0020644069,0.0016055107116699219,False,False
868,"[[57]
 [55]
 [52]
 [54]
 [49]]",0,pituitary,2,2,2.0,-0.019574046,-0.00013375282287597656,False,False
869,"[[57]
 [55]
 [52]
 [56]
 [49]]",0,pituitary,2,2,2.0,-0.005189717,-1.4543533325195312e-05,False,False
870,"[[57]
 [55]
 [52]
 [56]
 [49]]",0,pituitary,2,2,2.0,-0.005495429,-9.340047836303711e-05,False,False
871,"[[57]
 [55]
 [52]
 [56]
 [49]]",0,pituitary,2,2,2.0,-0.006206453,0.002664625644683838,False,False
872,"[[57]
 [55]
 [52]
 [56]
 [49]]",0,pituitary,2,2,2.0,-0.0070135593,-0.002192258834838867,False,False
873,"[[57]
 [55]
 [52]
 [56]
 [49]]",0,pituitary,2,2,2.0,-0.0045155287,-0.0001710057258605957,False,False
929,"[[57]
 [57]
 [50]
 [50]
 [51]]",0,pituitary,2,2,2.0,-0.005563915,-0.0005003809928894043,False,False
930,"[[57]
 [57]
 [50]
 [50]
 [51]]",0,pituitary,2,2,2.0,-0.014487028,8.320808410644531e-05,False,False
931,"[[57]
 [57]
 [50]
 [50]
 [51]]",0,pituitary,2,2,2.0,-0.03686148,-0.0017985701560974121,False,False
932,"[[57]
 [57]
 [50]
 [50]
 [51]]",0,pituitary,2,2,2.0,-0.032893956,-0.004945278167724609,False,False
933,"[[57]
 [57]
 [50]
 [50]
 [51]]",0,pituitary,2,2,2.0,-0.01542443,0.0003401637077331543,False,False
935,"[[57]
 [57]
 [50]
 [50]
 [51]]",0,pituitary,2,2,2.0,-0.013079762,0.00021457672119140625,False,False
936,"[[77]
 [82]
 [48]
 [52]
 [56]
 [50]
 [57]
 [52]]",0,glioma,1,1,1.0,-0.0007292032,-0.0021342039108276367,False,False
937,"[[77]
 [82]
 [48]
 [52]
 [56]
 [50]
 [57]
 [52]]",0,glioma,1,1,1.0,0.011650801,-0.0009504556655883789,False,False
938,"[[77]
 [82]
 [48]
 [52]
 [56]
 [50]
 [57]
 [52]]",0,glioma,1,1,1.0,0.012419045,0.00030350685119628906,False,False
939,"[[77]
 [82]
 [48]
 [52]
 [56]
 [50]
 [57]
 [52]]",0,glioma,1,1,1.0,-0.0019307137,8.958578109741211e-05,False,False
940,"[[77]
 [82]
 [48]
 [52]
 [56]
 [50]
 [57]
 [52]]",0,glioma,1,1,1.0,-0.0012657642,-0.0016388297080993652,False,False
941,"[[77]
 [82]
 [48]
 [52]
 [56]
 [50]
 [57]
 [52]]",0,glioma,1,1,1.0,-0.0008881688,-0.0015425682067871094,False,False
942,"[[77]
 [82]
 [48]
 [52]
 [56]
 [50]
 [57]
 [52]]",0,glioma,1,1,1.0,0.0024858713,0.0004394054412841797,False,False
943,"[[77]
 [82]
 [48]
 [52]
 [56]
 [50]
 [57]
 [52]]",0,glioma,1,1,1.0,0.00254488,-0.006454944610595703,False,False
950,"[[77]
 [82]
 [48]
 [52]
 [56]
 [54]
 [50]
 [49]
 [66]]",0,glioma,1,1,1.0,0.009890139,-0.0006009340286254883,False,False
951,"[[77]
 [82]
 [48]
 [52]
 [56]
 [54]
 [50]
 [49]
 [66]]",0,glioma,1,1,1.0,0.01603806,-0.02444314956665039,False,False
952,"[[77]
 [82]
 [48]
 [52]
 [56]
 [54]
 [50]
 [49]
 [66]]",0,glioma,1,1,1.0,0.00477165,-0.004463911056518555,False,False
953,"[[77]
 [82]
 [48]
 [52]
 [56]
 [54]
 [50]
 [49]
 [66]]",0,glioma,1,1,1.0,0.010665059,-0.005006670951843262,False,False
954,"[[77]
 [82]
 [48]
 [52]
 [56]
 [54]
 [50]
 [49]
 [66]]",0,glioma,1,1,,0.014601588,,False,
955,"[[77]
 [82]
 [48]
 [52]
 [56]
 [54]
 [50]
 [49]
 [66]]",0,glioma,1,1,,0.0141611695,,False,
957,"[[77]
 [82]
 [48]
 [52]
 [56]
 [54]
 [50]
 [49]
 [66]]",0,glioma,1,1,1.0,0.010848939,0.0003981590270996094,False,False
958,"[[77]
 [82]
 [48]
 [52]
 [56]
 [54]
 [50]
 [49]
 [66]]",0,glioma,1,1,1.0,0.00576818,-0.015263676643371582,False,False
1054,"[[77]
 [82]
 [48]
 [52]
 [56]
 [54]
 [50]
 [49]
 [66]]",0,glioma,1,1,1.0,0.009114921,0.001524209976196289,False,False
1089,"[[57]
 [57]
 [48]
 [49]
 [55]]",0,meningioma,0,0,0.0,0.028550863,-0.0030643343925476074,False,False
1124,"[[57]
 [57]
 [48]
 [56]
 [57]]",0,meningioma,0,0,0.0,0.021104753,0.011551618576049805,False,False
1135,"[[57]
 [57]
 [48]
 [56]
 [57]]",0,meningioma,0,0,0.0,0.021142125,0.006652474403381348,False,False
1163,"[[77]
 [82]
 [48]
 [53]
 [49]
 [54]
 [53]
 [49]
 [66]]",0,glioma,1,1,1.0,0.0077064037,-0.0035062432289123535,False,False
1164,"[[77]
 [82]
 [48]
 [53]
 [49]
 [54]
 [53]
 [49]
 [66]]",0,glioma,1,1,1.0,0.004072964,-0.007648169994354248,False,False
1165,"[[77]
 [82]
 [48]
 [53]
 [49]
 [54]
 [53]
 [49]
 [66]]",0,glioma,1,1,1.0,0.010050297,-0.001972198486328125,False,False
1166,"[[77]
 [82]
 [48]
 [53]
 [49]
 [54]
 [53]
 [49]
 [66]]",0,glioma,1,1,1.0,0.0038061142,-0.001587212085723877,False,False
1167,"[[77]
 [82]
 [48]
 [53]
 [49]
 [54]
 [53]
 [49]
 [66]]",0,glioma,1,1,1.0,-0.0019512177,-0.0024963021278381348,False,False
1169,"[[77]
 [82]
 [48]
 [53]
 [49]
 [54]
 [53]
 [49]
 [66]]",0,glioma,1,1,1.0,0.0019698143,-0.009702026844024658,False,False
1181,"[[77]
 [82]
 [48]
 [53]
 [50]
 [53]
 [53]
 [48]]",0,glioma,1,1,1.0,-0.0102697015,0.0014270544052124023,False,False
1182,"[[77]
 [82]
 [48]
 [53]
 [50]
 [53]
 [53]
 [48]]",0,glioma,1,1,1.0,-0.001627624,-0.002638578414916992,False,False
1183,"[[77]
 [82]
 [48]
 [53]
 [50]
 [53]
 [53]
 [48]]",0,glioma,1,1,1.0,-0.020840347,-0.0019196867942810059,False,False
1184,"[[77]
 [82]
 [48]
 [53]
 [50]
 [53]
 [53]
 [48]]",0,glioma,1,1,1.0,-0.011015415,0.0005191564559936523,False,False
1225,"[[77]
 [82]
 [48]
 [53]
 [52]
 [56]
 [55]
 [53]]",0,glioma,1,1,1.0,-0.0018086433,7.37905502319336e-05,False,False
1226,"[[77]
 [82]
 [48]
 [53]
 [52]
 [56]
 [55]
 [53]]",0,glioma,1,1,1.0,-0.0019788742,-0.00034624338150024414,False,False
1227,"[[77]
 [82]
 [48]
 [53]
 [52]
 [56]
 [55]
 [53]]",0,glioma,1,1,1.0,0.0009940863,-0.0034518837928771973,False,False
1228,"[[77]
 [82]
 [48]
 [53]
 [52]
 [56]
 [55]
 [53]]",0,glioma,1,1,1.0,-4.118681e-05,-4.2438507080078125e-05,False,False
1238,"[[77]
 [82]
 [48]
 [51]
 [52]
 [57]
 [57]
 [55]]",0,glioma,1,1,1.0,-0.00073599815,-0.00023406744003295898,False,False
1239,"[[77]
 [82]
 [48]
 [51]
 [52]
 [57]
 [57]
 [55]]",0,glioma,1,1,1.0,-0.0034751296,-0.0011385679244995117,False,False
1240,"[[77]
 [82]
 [48]
 [51]
 [52]
 [57]
 [57]
 [55]]",0,glioma,1,1,1.0,-0.0093746185,2.4437904357910156e-06,False,False
1241,"[[77]
 [82]
 [48]
 [51]
 [52]
 [57]
 [57]
 [55]]",0,glioma,1,1,1.0,-0.008944035,-0.00011527538299560547,False,False
1242,"[[77]
 [82]
 [48]
 [51]
 [52]
 [57]
 [57]
 [55]]",0,glioma,1,1,1.0,-0.0081425905,0.0004475712776184082,False,False
1243,"[[77]
 [82]
 [48]
 [51]
 [52]
 [57]
 [57]
 [55]]",0,glioma,1,1,1.0,-0.0058689713,0.0003243684768676758,False,False
1244,"[[77]
 [82]
 [48]
 [51]
 [52]
 [57]
 [57]
 [55]]",0,glioma,1,1,1.0,-0.0022408366,7.319450378417969e-05,False,False
1262,"[[77]
 [82]
 [48]
 [52]
 [57]
 [48]
 [49]
 [57]
 [71]]",0,glioma,1,1,1.0,-0.00094109774,0.0006732940673828125,False,False
1263,"[[77]
 [82]
 [48]
 [52]
 [57]
 [48]
 [49]
 [57]
 [71]]",0,glioma,1,1,1.0,-0.0011804104,-0.0019050240516662598,False,False
1264,"[[77]
 [82]
 [48]
 [52]
 [57]
 [48]
 [49]
 [57]
 [71]]",0,glioma,1,1,1.0,-0.0017359257,0.0008376836776733398,False,False
1265,"[[77]
 [82]
 [48]
 [52]
 [57]
 [48]
 [49]
 [57]
 [71]]",0,glioma,1,1,1.0,-0.0025792122,-5.513429641723633e-05,False,False
1266,"[[77]
 [82]
 [48]
 [52]
 [57]
 [48]
 [49]
 [57]
 [71]]",0,glioma,1,1,1.0,0.0017766953,-0.0036677122116088867,False,False
1267,"[[77]
 [82]
 [48]
 [52]
 [57]
 [48]
 [49]
 [57]
 [71]]",0,glioma,1,1,1.0,0.0009409189,-0.002105712890625,False,False
1269,"[[77]
 [82]
 [48]
 [52]
 [57]
 [48]
 [49]
 [57]
 [71]]",0,glioma,1,1,1.0,-0.00014716387,0.0046710968017578125,False,False
1283,"[[77]
 [82]
 [48]
 [51]
 [50]
 [51]
 [50]
 [50]
 [67]]",0,glioma,1,1,1.0,0.00019836426,-0.001123189926147461,False,False
1284,"[[77]
 [82]
 [48]
 [51]
 [50]
 [51]
 [50]
 [50]
 [67]]",0,glioma,1,1,1.0,-0.00022852421,-4.9948692321777344e-05,False,False
1285,"[[77]
 [82]
 [48]
 [51]
 [50]
 [51]
 [50]
 [50]
 [67]]",0,glioma,1,1,1.0,0.00038564205,9.649991989135742e-05,False,False
1286,"[[77]
 [82]
 [48]
 [51]
 [50]
 [51]
 [50]
 [50]
 [67]]",0,glioma,1,1,1.0,0.008823514,-0.00546032190322876,False,False
1287,"[[77]
 [82]
 [48]
 [51]
 [50]
 [51]
 [50]
 [50]
 [67]]",0,glioma,1,1,1.0,0.0034403205,-0.0009053349494934082,False,False
1288,"[[77]
 [82]
 [48]
 [51]
 [50]
 [51]
 [50]
 [50]
 [67]]",0,glioma,1,1,1.0,0.0005826354,-0.0003775358200073242,False,False
1289,"[[77]
 [82]
 [48]
 [51]
 [50]
 [51]
 [50]
 [50]
 [67]]",0,glioma,1,1,1.0,-0.0038412213,-0.0005145072937011719,False,False
1291,"[[77]
 [82]
 [48]
 [51]
 [50]
 [51]
 [50]
 [50]
 [67]]",0,glioma,1,1,1.0,-0.0022824407,0.004883110523223877,False,False
1292,"[[77]
 [82]
 [48]
 [51]
 [50]
 [51]
 [50]
 [50]
 [67]]",0,glioma,1,1,1.0,-2.4318695e-05,0.012755513191223145,False,False
1293,"[[77]
 [82]
 [48]
 [51]
 [50]
 [51]
 [50]
 [50]
 [67]]",0,glioma,1,1,1.0,0.0054303408,0.013068437576293945,False,False
1294,"[[77]
 [82]
 [48]
 [51]
 [50]
 [51]
 [50]
 [50]
 [67]]",0,glioma,1,1,1.0,0.0032197237,0.0029352903366088867,False,False
1295,"[[77]
 [82]
 [48]
 [51]
 [50]
 [51]
 [50]
 [50]
 [67]]",0,glioma,1,1,1.0,0.010155678,-0.011219203472137451,False,False
1296,"[[77]
 [82]
 [48]
 [51]
 [50]
 [51]
 [50]
 [50]
 [67]]",0,glioma,1,1,1.0,0.013699412,0.0024170279502868652,False,False
1311,"[[77]
 [82]
 [48]
 [51]
 [57]
 [52]
 [55]
 [51]
 [66]]",0,glioma,1,1,,0.0015672445,,False,
1313,"[[77]
 [82]
 [48]
 [51]
 [57]
 [52]
 [55]
 [51]
 [66]]",0,glioma,1,1,1.0,0.017037153,0.018653452396392822,False,False
1314,"[[77]
 [82]
 [48]
 [51]
 [57]
 [52]
 [55]
 [51]
 [66]]",0,glioma,1,1,1.0,-0.0006445646,-0.0019290447235107422,False,False
1315,"[[77]
 [82]
 [48]
 [51]
 [57]
 [52]
 [55]
 [51]
 [66]]",0,glioma,1,1,1.0,-0.008435607,0.0005748867988586426,False,False
1316,"[[77]
 [82]
 [48]
 [51]
 [57]
 [52]
 [55]
 [51]
 [66]]",0,glioma,1,1,1.0,-0.019373834,-0.0005832314491271973,False,False
1317,"[[77]
 [82]
 [48]
 [51]
 [57]
 [52]
 [55]
 [51]
 [66]]",0,glioma,1,1,1.0,-0.020764112,-0.00235903263092041,False,False
1318,"[[77]
 [82]
 [48]
 [51]
 [57]
 [52]
 [55]
 [51]
 [66]]",0,glioma,1,1,1.0,0.00033921003,-0.00016313791275024414,False,False
1369,"[[77]
 [82]
 [48]
 [51]
 [51]
 [52]
 [50]
 [48]]",0,glioma,1,1,1.0,-0.00012397766,0.014825522899627686,False,False
1370,"[[77]
 [82]
 [48]
 [51]
 [51]
 [52]
 [50]
 [48]]",0,glioma,1,1,1.0,-0.0029818416,0.01819026470184326,False,False
1371,"[[77]
 [82]
 [48]
 [51]
 [51]
 [52]
 [50]
 [48]]",0,glioma,1,1,1.0,-0.006445527,-0.0001856684684753418,False,False
1372,"[[77]
 [82]
 [48]
 [51]
 [51]
 [52]
 [50]
 [48]]",0,glioma,1,1,1.0,0.012701929,0.0022261738777160645,False,False
1373,"[[77]
 [82]
 [48]
 [51]
 [51]
 [52]
 [50]
 [48]]",0,glioma,1,1,1.0,0.004007578,-0.0007824897766113281,False,False
1374,"[[77]
 [82]
 [48]
 [51]
 [51]
 [52]
 [50]
 [48]]",0,glioma,1,1,1.0,-2.0086765e-05,-0.00015729665756225586,False,False
1375,"[[77]
 [82]
 [48]
 [51]
 [51]
 [52]
 [50]
 [48]]",0,glioma,1,1,1.0,-0.00030499697,-0.0023398399353027344,False,False
1376,"[[77]
 [82]
 [48]
 [50]
 [52]
 [55]
 [56]
 [48]
 [66]]",0,glioma,1,1,1.0,-0.0023306608,-0.0015500187873840332,False,False
1377,"[[77]
 [82]
 [48]
 [50]
 [52]
 [55]
 [56]
 [48]
 [66]]",0,glioma,1,1,1.0,-0.002756834,0.0003027915954589844,False,False
1378,"[[77]
 [82]
 [48]
 [50]
 [52]
 [55]
 [56]
 [48]
 [66]]",0,glioma,1,1,1.0,-0.0032048821,6.937980651855469e-05,False,False
1380,"[[77]
 [82]
 [48]
 [50]
 [52]
 [55]
 [56]
 [48]
 [66]]",0,glioma,1,1,1.0,0.0021554232,-0.0004242062568664551,False,False
1523,"[[49]
 [48]
 [50]
 [52]
 [50]
 [48]]",0,meningioma,0,1,0.0,0.040944606,0.002335786819458008,True,False
1561,"[[77]
 [82]
 [48]
 [52]
 [56]
 [50]
 [57]
 [52]]",0,glioma,1,1,1.0,-0.0032573342,-0.00011396408081054688,False,False
1562,"[[77]
 [82]
 [48]
 [52]
 [56]
 [50]
 [57]
 [52]]",0,glioma,1,1,1.0,-0.01058656,0.00015729665756225586,False,False
1563,"[[77]
 [82]
 [48]
 [52]
 [56]
 [50]
 [57]
 [52]]",0,glioma,1,1,1.0,-0.008940935,0.004378557205200195,False,False
1564,"[[77]
 [82]
 [48]
 [52]
 [56]
 [50]
 [57]
 [52]]",0,glioma,1,1,1.0,-0.007731378,0.00046139955520629883,False,False
1565,"[[77]
 [82]
 [48]
 [52]
 [56]
 [50]
 [57]
 [52]]",0,glioma,1,1,1.0,-0.0037754774,-0.0017693042755126953,False,False
1566,"[[77]
 [82]
 [48]
 [52]
 [56]
 [50]
 [57]
 [52]]",0,glioma,1,1,1.0,0.001062274,-0.001570284366607666,False,False
1567,"[[77]
 [82]
 [48]
 [52]
 [56]
 [50]
 [57]
 [52]]",0,glioma,1,1,1.0,0.0042771697,-0.005262911319732666,False,False
1580,"[[77]
 [82]
 [48]
 [52]
 [56]
 [54]
 [50]
 [49]
 [66]]",0,glioma,1,1,1.0,0.0053465366,-0.004325270652770996,False,False
1581,"[[77]
 [82]
 [48]
 [52]
 [56]
 [54]
 [50]
 [49]
 [66]]",0,glioma,1,1,1.0,0.01961422,-0.005673408508300781,False,False
1582,"[[77]
 [82]
 [48]
 [52]
 [56]
 [54]
 [50]
 [49]
 [66]]",0,glioma,1,1,1.0,0.018611908,0.0020467042922973633,False,False
1583,"[[77]
 [82]
 [48]
 [52]
 [56]
 [54]
 [50]
 [49]
 [66]]",0,glioma,1,1,1.0,0.02938062,-0.0035272836685180664,False,False
1584,"[[77]
 [82]
 [48]
 [52]
 [56]
 [54]
 [50]
 [49]
 [66]]",0,glioma,1,1,1.0,0.0032689571,-0.005144000053405762,False,False
1585,"[[77]
 [82]
 [48]
 [52]
 [56]
 [54]
 [50]
 [49]
 [66]]",0,glioma,1,1,1.0,-0.00035464764,-0.0016478300094604492,False,False
1641,"[[77]
 [82]
 [48]
 [51]
 [51]
 [52]
 [50]
 [48]]",0,glioma,1,1,1.0,-0.0122413635,-0.0009626150131225586,False,False
1642,"[[77]
 [82]
 [48]
 [51]
 [51]
 [52]
 [50]
 [48]]",0,glioma,1,1,1.0,-0.04303366,-0.019055604934692383,False,False
1643,"[[77]
 [82]
 [48]
 [51]
 [51]
 [52]
 [50]
 [48]]",0,glioma,1,1,1.0,0.0054107904,-0.0005820393562316895,False,False
1644,"[[77]
 [82]
 [48]
 [51]
 [51]
 [52]
 [50]
 [48]]",0,glioma,1,1,1.0,-0.011665225,4.4345855712890625e-05,False,False
1646,"[[77]
 [82]
 [48]
 [51]
 [51]
 [52]
 [50]
 [48]]",0,glioma,1,1,1.0,-0.013286591,0.0019849538803100586,False,False
1647,"[[77]
 [82]
 [48]
 [51]
 [51]
 [52]
 [50]
 [48]]",0,glioma,1,1,1.0,-0.016082227,-0.0008844733238220215,False,False
1648,"[[77]
 [82]
 [48]
 [51]
 [51]
 [52]
 [50]
 [48]]",0,glioma,1,1,1.0,-0.010983229,0.0005820393562316895,False,False
1649,"[[77]
 [82]
 [48]
 [51]
 [51]
 [52]
 [50]
 [48]]",0,glioma,1,1,1.0,-0.010568619,-0.00037407875061035156,False,False
1650,"[[77]
 [82]
 [48]
 [51]
 [51]
 [52]
 [50]
 [48]]",0,glioma,1,1,1.0,-0.006223917,-0.0012704730033874512,False,False
1651,"[[77]
 [82]
 [48]
 [51]
 [51]
 [52]
 [50]
 [48]]",0,glioma,1,1,1.0,0.0064299703,0.00625157356262207,False,False
1652,"[[77]
 [82]
 [48]
 [51]
 [51]
 [52]
 [50]
 [48]]",0,glioma,1,1,1.0,0.013969421,0.00816500186920166,False,False
1667,"[[49]
 [48]
 [50]
 [52]
 [50]
 [48]]",0,meningioma,0,0,0.0,0.016803265,-0.0005953311920166016,False,False
1690,"[[49]
 [48]
 [50]
 [57]
 [51]
 [53]]",0,meningioma,0,1,1.0,0.0020671487,0.0028586387634277344,True,True
1714,"[[77]
 [82]
 [48]
 [52]
 [56]
 [50]
 [57]
 [52]]",0,glioma,1,1,1.0,-0.005148113,-0.000485837459564209,False,False
1755,"[[77]
 [82]
 [48]
 [53]
 [49]
 [54]
 [53]
 [49]
 [66]]",0,glioma,1,1,1.0,-0.009534895,-0.009231090545654297,False,False
1757,"[[77]
 [82]
 [48]
 [53]
 [49]
 [54]
 [53]
 [49]
 [66]]",0,glioma,1,1,1.0,0.0006106496,-0.004108786582946777,False,False
1758,"[[77]
 [82]
 [48]
 [53]
 [49]
 [54]
 [53]
 [49]
 [66]]",0,glioma,1,1,1.0,0.0006053448,-0.004578888416290283,False,False
1759,"[[77]
 [82]
 [48]
 [53]
 [49]
 [54]
 [53]
 [49]
 [66]]",0,glioma,1,1,1.0,0.0028041601,-0.0022729039192199707,False,False
1760,"[[77]
 [82]
 [48]
 [53]
 [49]
 [54]
 [53]
 [49]
 [66]]",0,glioma,1,1,1.0,0.00023239851,-0.0014480948448181152,False,False
1761,"[[77]
 [82]
 [48]
 [53]
 [49]
 [54]
 [53]
 [49]
 [66]]",0,glioma,1,1,1.0,-0.00046730042,-0.0030228495597839355,False,False
1762,"[[77]
 [82]
 [48]
 [53]
 [49]
 [54]
 [53]
 [49]
 [66]]",0,glioma,1,1,1.0,0.0025755763,-0.0015060901641845703,False,False
1766,"[[77]
 [82]
 [48]
 [53]
 [50]
 [53]
 [53]
 [48]]",0,glioma,1,1,1.0,-0.0013644099,-0.002299964427947998,False,False
1768,"[[77]
 [82]
 [48]
 [53]
 [50]
 [53]
 [53]
 [48]]",0,glioma,1,1,1.0,-0.0010928512,-0.0002067089080810547,False,False
1769,"[[77]
 [82]
 [48]
 [53]
 [50]
 [53]
 [53]
 [48]]",0,glioma,1,1,1.0,-0.0019445419,-0.0008143782615661621,False,False
1770,"[[77]
 [82]
 [48]
 [53]
 [50]
 [53]
 [53]
 [48]]",0,glioma,1,1,1.0,-0.0027467608,-0.0010378360748291016,False,False
1771,"[[77]
 [82]
 [48]
 [53]
 [50]
 [53]
 [53]
 [48]]",0,glioma,1,1,1.0,-0.0026760101,-0.00016707181930541992,False,False
1772,"[[77]
 [82]
 [48]
 [53]
 [50]
 [53]
 [53]
 [48]]",0,glioma,1,1,1.0,-0.005343497,-0.00026988983154296875,False,False
1825,"[[77]
 [82]
 [48]
 [52]
 [57]
 [50]
 [52]
 [50]
 [67]]",0,glioma,1,1,1.0,-5.8710575e-05,-0.0004951953887939453,False,False
1826,"[[77]
 [82]
 [48]
 [52]
 [57]
 [50]
 [52]
 [50]
 [67]]",0,glioma,1,1,1.0,-8.863211e-05,-0.0008736848831176758,False,False
1827,"[[77]
 [82]
 [48]
 [52]
 [57]
 [50]
 [52]
 [50]
 [67]]",0,glioma,1,1,1.0,-4.351139e-06,-3.129243850708008e-05,False,False
1828,"[[77]
 [82]
 [48]
 [52]
 [57]
 [50]
 [52]
 [50]
 [67]]",0,glioma,1,1,1.0,-0.00011920929,0.0007565617561340332,False,False
1829,"[[77]
 [82]
 [48]
 [52]
 [57]
 [50]
 [52]
 [50]
 [67]]",0,glioma,1,1,1.0,-0.00031799078,0.0003058910369873047,False,False
1830,"[[77]
 [82]
 [48]
 [53]
 [51]
 [50]
 [52]
 [49]
 [67]]",0,glioma,1,1,1.0,-3.59416e-05,-0.00011396408081054688,False,False
1831,"[[77]
 [82]
 [48]
 [53]
 [51]
 [50]
 [52]
 [49]
 [67]]",0,glioma,1,1,1.0,7.1525574e-06,6.794929504394531e-06,False,False
1832,"[[77]
 [82]
 [48]
 [53]
 [51]
 [50]
 [52]
 [49]
 [67]]",0,glioma,1,1,1.0,1.0669231e-05,0.001332700252532959,False,False
1833,"[[77]
 [82]
 [48]
 [53]
 [51]
 [50]
 [52]
 [49]
 [67]]",0,glioma,1,1,1.0,3.2901764e-05,-6.389617919921875e-05,False,False
1835,"[[77]
 [82]
 [48]
 [51]
 [52]
 [57]
 [57]
 [55]]",0,glioma,1,1,1.0,-0.020562649,-0.005570828914642334,False,False
1836,"[[77]
 [82]
 [48]
 [51]
 [52]
 [57]
 [57]
 [55]]",0,glioma,1,1,1.0,-0.011796713,-0.00035899877548217773,False,False
1837,"[[77]
 [82]
 [48]
 [51]
 [52]
 [57]
 [57]
 [55]]",0,glioma,1,1,1.0,-0.034098446,0.0007298588752746582,False,False
1838,"[[77]
 [82]
 [48]
 [51]
 [52]
 [57]
 [57]
 [55]]",0,glioma,1,1,1.0,-0.019191027,-0.00031745433807373047,False,False
1839,"[[77]
 [82]
 [48]
 [51]
 [52]
 [57]
 [57]
 [55]]",0,glioma,1,1,1.0,-0.062618494,-0.0033625364303588867,False,False
1840,"[[77]
 [82]
 [48]
 [51]
 [52]
 [57]
 [57]
 [55]]",0,glioma,1,1,1.0,-0.009679794,-0.0018575787544250488,False,False
1841,"[[77]
 [82]
 [48]
 [51]
 [52]
 [57]
 [57]
 [55]]",0,glioma,1,1,1.0,-0.0025393963,-0.005495786666870117,False,False
1862,"[[77]
 [82]
 [48]
 [52]
 [57]
 [48]
 [49]
 [57]
 [71]]",0,glioma,1,1,1.0,-0.0062742233,0.00039392709732055664,False,False
1863,"[[77]
 [82]
 [48]
 [52]
 [57]
 [48]
 [49]
 [57]
 [71]]",0,glioma,1,1,1.0,-0.008219361,-0.0005041956901550293,False,False
1864,"[[77]
 [82]
 [48]
 [52]
 [57]
 [48]
 [49]
 [57]
 [71]]",0,glioma,1,1,1.0,-0.003933072,-0.0010083317756652832,False,False
1876,"[[77]
 [82]
 [48]
 [51]
 [50]
 [51]
 [50]
 [50]
 [67]]",0,glioma,1,1,1.0,-0.0009009838,0.00027751922607421875,False,False
1877,"[[77]
 [82]
 [48]
 [51]
 [50]
 [51]
 [50]
 [50]
 [67]]",0,glioma,1,1,1.0,0.0019921064,-0.0019078254699707031,False,False
1879,"[[77]
 [82]
 [48]
 [51]
 [50]
 [51]
 [50]
 [50]
 [67]]",0,glioma,1,1,1.0,0.000179708,-0.005920290946960449,False,False
1880,"[[77]
 [82]
 [48]
 [51]
 [50]
 [51]
 [50]
 [50]
 [67]]",0,glioma,1,1,1.0,0.0002348423,-0.0015531182289123535,False,False
1881,"[[77]
 [82]
 [48]
 [51]
 [50]
 [51]
 [50]
 [50]
 [67]]",0,glioma,1,1,1.0,0.001377523,-0.0020164847373962402,False,False
1882,"[[77]
 [82]
 [48]
 [51]
 [50]
 [51]
 [50]
 [50]
 [67]]",0,glioma,1,1,1.0,0.0017339587,-0.0002506375312805176,False,False
1883,"[[77]
 [82]
 [48]
 [51]
 [50]
 [51]
 [50]
 [50]
 [67]]",0,glioma,1,1,1.0,0.0067821145,-0.006024539470672607,False,False
1884,"[[77]
 [82]
 [48]
 [51]
 [50]
 [51]
 [50]
 [50]
 [67]]",0,glioma,1,1,1.0,0.0027253032,0.015143275260925293,False,False
1885,"[[77]
 [82]
 [48]
 [51]
 [50]
 [51]
 [50]
 [50]
 [67]]",0,glioma,1,1,1.0,-0.005473733,0.0042784810066223145,False,False
1886,"[[77]
 [82]
 [48]
 [51]
 [50]
 [51]
 [50]
 [50]
 [67]]",0,glioma,1,1,1.0,0.0013611913,-0.0023382902145385742,False,False
1887,"[[77]
 [82]
 [48]
 [51]
 [50]
 [51]
 [50]
 [50]
 [67]]",0,glioma,1,1,1.0,0.007179916,0.0028374195098876953,False,False
1888,"[[77]
 [82]
 [48]
 [51]
 [50]
 [51]
 [50]
 [50]
 [67]]",0,glioma,1,1,1.0,-0.0127635,-0.004861116409301758,False,False
1891,"[[77]
 [82]
 [48]
 [51]
 [50]
 [51]
 [50]
 [50]
 [67]]",0,glioma,1,1,1.0,0.00079131126,-0.013991475105285645,False,False
1892,"[[77]
 [82]
 [48]
 [51]
 [50]
 [51]
 [50]
 [50]
 [67]]",0,glioma,1,1,1.0,0.004435003,0.0004838705062866211,False,False
1906,"[[77]
 [82]
 [48]
 [51]
 [57]
 [52]
 [55]
 [51]
 [66]]",0,glioma,1,1,1.0,-0.00055891275,-0.00426030158996582,False,False
1907,"[[77]
 [82]
 [48]
 [51]
 [57]
 [52]
 [55]
 [51]
 [66]]",0,glioma,1,1,1.0,-0.0006428361,-0.0034427642822265625,False,False
1908,"[[77]
 [82]
 [48]
 [51]
 [57]
 [52]
 [55]
 [51]
 [66]]",0,glioma,1,1,1.0,0.00074219704,-0.003560364246368408,False,False
1909,"[[77]
 [82]
 [48]
 [51]
 [57]
 [52]
 [55]
 [51]
 [66]]",0,glioma,1,1,1.0,-0.00064229965,-0.00014317035675048828,False,False
1910,"[[77]
 [82]
 [48]
 [51]
 [57]
 [52]
 [55]
 [51]
 [66]]",0,glioma,1,1,1.0,-0.011093259,0.000989079475402832,False,False
1911,"[[77]
 [82]
 [48]
 [51]
 [57]
 [52]
 [55]
 [51]
 [66]]",0,glioma,1,1,1.0,-0.008317411,-0.005297720432281494,False,False
1913,"[[77]
 [82]
 [48]
 [51]
 [57]
 [52]
 [55]
 [51]
 [66]]",0,glioma,1,1,1.0,-0.06735206,-0.01983821392059326,False,False
1914,"[[77]
 [82]
 [48]
 [51]
 [57]
 [52]
 [55]
 [51]
 [66]]",0,glioma,1,1,1.0,-0.06816691,-0.008961617946624756,False,False
1915,"[[77]
 [82]
 [48]
 [51]
 [57]
 [52]
 [55]
 [51]
 [66]]",0,glioma,1,1,1.0,-0.052265048,0.005667984485626221,False,False
1938,"[[77]
 [82]
 [48]
 [52]
 [57]
 [48]
 [49]
 [57]
 [71]]",0,glioma,1,1,1.0,0.0013072193,0.006247013807296753,False,False
1939,"[[77]
 [82]
 [48]
 [52]
 [57]
 [48]
 [49]
 [57]
 [71]]",0,glioma,1,1,1.0,0.009468049,-0.004458904266357422,False,False
1940,"[[77]
 [82]
 [48]
 [52]
 [57]
 [48]
 [49]
 [57]
 [71]]",0,glioma,1,1,1.0,0.036909044,0.00276947021484375,False,False
1957,"[[77]
 [82]
 [48]
 [51]
 [50]
 [51]
 [50]
 [50]
 [67]]",0,glioma,1,1,1.0,0.0017751455,5.53131103515625e-05,False,False
1958,"[[77]
 [82]
 [48]
 [51]
 [50]
 [51]
 [50]
 [50]
 [67]]",0,glioma,1,0,,0.037344605,,True,
1960,"[[77]
 [82]
 [48]
 [51]
 [50]
 [51]
 [50]
 [50]
 [67]]",0,glioma,1,1,,0.022485405,,False,
1979,"[[77]
 [82]
 [48]
 [51]
 [57]
 [52]
 [55]
 [51]
 [66]]",0,glioma,1,1,1.0,0.00033837557,-0.0017008781433105469,False,False
1980,"[[77]
 [82]
 [48]
 [51]
 [57]
 [52]
 [55]
 [51]
 [66]]",0,glioma,1,1,1.0,0.004208356,-0.0006500184535980225,False,False
1983,"[[77]
 [82]
 [48]
 [51]
 [57]
 [52]
 [55]
 [51]
 [66]]",0,glioma,1,1,1.0,-0.0037212968,0.0006458759307861328,False,False
2015,"[[77]
 [82]
 [48]
 [51]
 [51]
 [52]
 [50]
 [48]]",0,glioma,1,1,1.0,-0.0037646294,-0.016522079706192017,False,False
2016,"[[77]
 [82]
 [48]
 [51]
 [51]
 [52]
 [50]
 [48]]",0,glioma,1,1,,0.04919505,,False,
2017,"[[77]
 [82]
 [48]
 [51]
 [51]
 [52]
 [50]
 [48]]",0,glioma,1,1,1.0,0.03493172,-0.01058882474899292,False,False
2018,"[[77]
 [82]
 [48]
 [51]
 [51]
 [52]
 [50]
 [48]]",0,glioma,1,1,,0.08493653,,False,
2019,"[[77]
 [82]
 [48]
 [51]
 [51]
 [52]
 [50]
 [48]]",0,glioma,1,1,1.0,0.011553526,-0.00039565563201904297,False,False
2024,"[[77]
 [82]
 [48]
 [50]
 [52]
 [55]
 [56]
 [48]
 [66]]",0,glioma,1,1,1.0,-0.00503397,-0.0005948543548583984,False,False
2026,"[[77]
 [82]
 [48]
 [52]
 [56]
 [50]
 [57]
 [52]]",0,glioma,1,1,1.0,-0.020645618,-0.00013113021850585938,False,False
2197,"[[77]
 [82]
 [48]
 [53]
 [50]
 [53]
 [53]
 [48]]",0,glioma,1,1,1.0,-0.001969099,0.031560540199279785,False,False
2198,"[[77]
 [82]
 [48]
 [53]
 [50]
 [53]
 [53]
 [48]]",0,glioma,1,1,1.0,0.0043943524,0.0057888031005859375,False,False
2199,"[[77]
 [82]
 [48]
 [53]
 [50]
 [53]
 [53]
 [48]]",0,glioma,1,1,1.0,-0.0010604262,-0.0001240372657775879,False,False
2201,"[[77]
 [82]
 [48]
 [53]
 [50]
 [53]
 [53]
 [48]]",0,glioma,1,1,1.0,0.00047785044,-0.0040236711502075195,False,False
2202,"[[77]
 [82]
 [48]
 [53]
 [50]
 [53]
 [53]
 [48]]",0,glioma,1,1,1.0,0.0038300753,0.00022518634796142578,False,False
2203,"[[77]
 [82]
 [48]
 [53]
 [50]
 [53]
 [53]
 [48]]",0,glioma,1,1,1.0,-0.0010814667,0.00043910741806030273,False,False
2237,"[[77]
 [82]
 [48]
 [53]
 [52]
 [56]
 [55]
 [53]]",0,glioma,1,1,1.0,-0.0005222559,6.80088996887207e-05,False,False
2310,"[[49]
 [48]
 [50]
 [57]
 [50]
 [57]]",0,meningioma,0,0,0.0,0.07615888,-0.003989756107330322,False,False
2321,"[[49]
 [48]
 [50]
 [57]
 [50]
 [57]]",0,meningioma,0,0,0.0,0.028873205,-7.545948028564453e-05,False,False
2324,"[[49]
 [48]
 [56]
 [53]
 [53]
 [48]]",0,meningioma,0,0,0.0,0.0046061873,0.0007592439651489258,False,False
2325,"[[49]
 [48]
 [56]
 [53]
 [53]
 [48]]",0,meningioma,0,0,0.0,-0.0061820745,0.0012049674987792969,False,False
2332,"[[49]
 [48]
 [50]
 [57]
 [51]
 [53]]",0,meningioma,0,0,0.0,0.001794219,0.00014668703079223633,False,False
2347,"[[49]
 [49]
 [49]
 [51]
 [54]
 [54]]",0,meningioma,0,0,0.0,0.006326139,0.0013580322265625,False,False
2348,"[[49]
 [49]
 [49]
 [51]
 [54]
 [54]]",0,meningioma,0,0,0.0,0.015740275,0.0006213784217834473,False,False
2349,"[[49]
 [49]
 [49]
 [51]
 [54]
 [54]]",0,meningioma,0,0,0.0,0.025290728,0.0008268952369689941,False,False
2377,"[[49]
 [49]
 [50]
 [54]
 [52]
 [56]]",0,meningioma,0,0,0.0,-0.0059362054,0.0018794536590576172,False,False
2378,"[[49]
 [49]
 [50]
 [54]
 [52]
 [56]]",0,meningioma,0,0,0.0,-0.018533379,-0.001992732286453247,False,False
2433,"[[57]
 [57]
 [48]
 [49]
 [55]]",0,meningioma,0,0,0.0,0.04416412,-6.216764450073242e-05,False,False
2434,"[[57]
 [57]
 [48]
 [49]
 [55]]",0,meningioma,0,0,0.0,0.015095472,0.0008685588836669922,False,False
2435,"[[57]
 [57]
 [48]
 [56]
 [57]]",0,meningioma,0,0,0.0,0.0034922361,0.004497528076171875,False,False
2439,"[[57]
 [57]
 [48]
 [56]
 [57]]",0,meningioma,0,0,0.0,-0.0077116787,0.00020176172256469727,False,False
2455,"[[49]
 [48]
 [48]
 [54]
 [51]
 [57]]",0,meningioma,0,0,0.0,0.0047852397,0.006999969482421875,False,False
2456,"[[49]
 [48]
 [48]
 [54]
 [51]
 [57]]",0,meningioma,0,0,0.0,0.0060791373,-7.849931716918945e-05,False,False
2481,"[[49]
 [48]
 [50]
 [52]
 [50]
 [48]]",0,meningioma,0,0,0.0,0.03636965,0.0008246898651123047,False,False
2482,"[[49]
 [48]
 [50]
 [52]
 [50]
 [48]]",0,meningioma,0,0,0.0,0.01991415,-0.0031931400299072266,False,False
2493,"[[49]
 [48]
 [50]
 [56]
 [49]
 [56]]",0,meningioma,0,0,0.0,0.024330616,-0.005313277244567871,False,False
2494,"[[49]
 [48]
 [50]
 [56]
 [49]
 [56]]",0,meningioma,0,0,0.0,0.0273273,0.001183241605758667,False,False
2497,"[[49]
 [48]
 [50]
 [57]
 [51]
 [53]]",0,meningioma,0,0,0.0,0.004995972,0.0015755891799926758,False,False
2577,"[[49]
 [48]
 [55]
 [57]
 [52]
 [54]]",0,meningioma,0,0,0.0,0.040114462,0.016479671001434326,False,False
2578,"[[49]
 [48]
 [55]
 [57]
 [52]
 [54]]",0,meningioma,0,0,0.0,0.07012826,0.012460470199584961,False,False
2579,"[[49]
 [48]
 [55]
 [57]
 [52]
 [54]]",0,meningioma,0,0,0.0,0.045467317,-0.0005133748054504395,False,False
2580,"[[49]
 [48]
 [55]
 [57]
 [52]
 [54]]",0,meningioma,0,0,0.0,0.030366957,0.010084986686706543,False,False
2586,"[[49]
 [48]
 [56]
 [53]
 [53]
 [48]]",0,meningioma,0,0,0.0,-0.0032739043,0.000440448522567749,False,False
2588,"[[49]
 [48]
 [56]
 [53]
 [53]
 [48]]",0,meningioma,0,0,0.0,0.0060913563,0.0026012063026428223,False,False
2595,"[[49]
 [48]
 [57]
 [51]
 [53]
 [48]]",0,meningioma,0,0,0.0,0.00166893,0.00034302473068237305,False,False
2596,"[[49]
 [48]
 [57]
 [51]
 [53]
 [48]]",0,meningioma,0,0,0.0,0.0031474829,-0.0006096363067626953,False,False
2612,"[[49]
 [49]
 [49]
 [51]
 [54]
 [54]]",0,meningioma,0,0,0.0,0.018655002,0.0006223320960998535,False,False
2638,"[[49]
 [49]
 [50]
 [54]
 [52]
 [56]]",0,meningioma,0,0,0.0,0.016504526,0.001631617546081543,False,False
2639,"[[49]
 [49]
 [50]
 [54]
 [52]
 [56]]",0,meningioma,0,0,0.0,0.023873687,0.00044226646423339844,False,False
2640,"[[49]
 [49]
 [50]
 [54]
 [52]
 [56]]",0,meningioma,0,0,0.0,0.046953022,0.0009731054306030273,False,False
2641,"[[49]
 [49]
 [50]
 [54]
 [52]
 [56]]",0,meningioma,0,0,0.0,0.03731531,-0.00850147008895874,False,False
2642,"[[49]
 [49]
 [50]
 [54]
 [53]
 [48]]",0,meningioma,0,0,0.0,0.037059426,0.0030365586280822754,False,False
2644,"[[49]
 [49]
 [50]
 [54]
 [53]
 [48]]",0,meningioma,0,0,0.0,0.032661676,0.009540021419525146,False,False
2656,"[[49]
 [49]
 [51]
 [53]
 [53]
 [52]]",0,meningioma,0,0,0.0,0.03739369,0.0010896921157836914,False,False
2657,"[[49]
 [49]
 [51]
 [53]
 [53]
 [52]]",0,meningioma,0,0,0.0,0.078045845,0.00010097026824951172,False,False
2658,"[[49]
 [49]
 [51]
 [53]
 [53]
 [52]]",0,meningioma,0,0,0.0,0.078268975,-0.00041103363037109375,False,False
2659,"[[49]
 [49]
 [51]
 [53]
 [53]
 [52]]",0,meningioma,0,0,0.0,0.06778395,-0.00011056661605834961,False,False
2716,"[[57]
 [57]
 [48]
 [49]
 [55]]",0,meningioma,0,0,0.0,0.018173039,0.00016677379608154297,False,False
2717,"[[57]
 [57]
 [48]
 [49]
 [55]]",0,meningioma,0,0,0.0,0.031230241,0.0005280971527099609,False,False
2718,"[[57]
 [57]
 [48]
 [56]
 [57]]",0,meningioma,0,0,0.0,0.009605169,0.0011143684387207031,False,False
2719,"[[57]
 [57]
 [48]
 [56]
 [57]]",0,meningioma,0,0,0.0,0.01504612,0.0015836358070373535,False,False
2721,"[[57]
 [57]
 [48]
 [56]
 [57]]",0,meningioma,0,0,0.0,0.01751113,0.0034592747688293457,False,False
2722,"[[57]
 [57]
 [48]
 [56]
 [57]]",0,meningioma,0,0,0.0,0.013397098,0.010226130485534668,False,False
2723,"[[57]
 [57]
 [48]
 [56]
 [57]]",0,meningioma,0,0,0.0,0.008294821,0.002617955207824707,False,False
2724,"[[57]
 [57]
 [49]
 [54]
 [50]]",0,meningioma,0,0,0.0,0.018723935,0.0011996626853942871,False,False
2725,"[[57]
 [57]
 [49]
 [54]
 [50]]",0,meningioma,0,0,0.0,0.042124122,0.002999544143676758,False,False
2726,"[[57]
 [57]
 [49]
 [54]
 [50]]",0,meningioma,0,0,0.0,0.013730109,0.003928244113922119,False,False
2834,"[[56]
 [56]
 [54]
 [55]
 [48]]",0,glioma,1,1,1.0,0.0066173077,-0.005103409290313721,False,False
2840,"[[56]
 [56]
 [54]
 [55]
 [48]]",0,glioma,1,1,1.0,0.0007414818,-0.0033074617385864258,False,False
3018,"[[49]
 [48]
 [57]
 [52]
 [55]
 [49]]",0,pituitary,2,2,2.0,-0.0050479174,0.003710627555847168,False,False
3019,"[[49]
 [48]
 [57]
 [52]
 [55]
 [49]]",0,pituitary,2,2,2.0,0.008480668,0.0017710328102111816,False,False
3021,"[[49]
 [48]
 [57]
 [52]
 [55]
 [49]]",0,pituitary,2,2,2.0,-0.0034117699,0.0005925893783569336,False,False
3022,"[[49]
 [48]
 [57]
 [52]
 [55]
 [49]]",0,pituitary,2,2,2.0,0.005531311,-0.00017893314361572266,False,False
3036,"[[49]
 [49]
 [48]
 [53]
 [51]
 [55]]",0,pituitary,2,2,2.0,-0.003332436,3.546476364135742e-05,False,False
3037,"[[49]
 [49]
 [48]
 [53]
 [51]
 [55]]",0,pituitary,2,2,2.0,0.062321544,-0.020821452140808105,False,False
3043,"[[49]
 [49]
 [49]
 [48]
 [55]
 [53]]",0,pituitary,2,2,2.0,0.006062031,0.0022529959678649902,False,False
3044,"[[49]
 [49]
 [49]
 [48]
 [55]
 [53]]",0,pituitary,2,2,2.0,0.00028532743,-0.0011535286903381348,False,False
3045,"[[49]
 [49]
 [49]
 [48]
 [55]
 [53]]",0,pituitary,2,2,2.0,0.0009133816,0.0019295811653137207,False,False
3046,"[[49]
 [49]
 [49]
 [48]
 [55]
 [53]]",0,pituitary,2,2,2.0,0.0040407777,-0.0004519224166870117,False,False
3047,"[[49]
 [49]
 [49]
 [48]
 [55]
 [53]]",0,pituitary,2,2,2.0,0.002784431,-0.00017440319061279297,False,False
3048,"[[49]
 [49]
 [49]
 [48]
 [55]
 [53]]",0,pituitary,2,2,2.0,0.0015729666,-0.0004786252975463867,False,False
3054,"[[49]
 [49]
 [49]
 [55]
 [56]
 [53]]",0,pituitary,2,2,2.0,0.004927516,-0.00011527538299560547,False,False
3055,"[[49]
 [49]
 [49]
 [55]
 [56]
 [53]]",0,pituitary,2,2,2.0,0.0038170815,-0.0002002120018005371,False,False
3056,"[[49]
 [49]
 [49]
 [55]
 [56]
 [53]]",0,pituitary,2,2,2.0,0.0070769787,0.00023442506790161133,False,False
3057,"[[49]
 [49]
 [49]
 [55]
 [56]
 [53]]",0,pituitary,2,2,2.0,0.012536705,-0.0001423954963684082,False,False
3062,"[[49]
 [49]
 [50]
 [54]
 [52]
 [57]]",0,pituitary,2,2,2.0,0.014494598,-0.000534355640411377,False,False
3063,"[[49]
 [49]
 [50]
 [54]
 [52]
 [57]]",0,pituitary,2,2,2.0,-0.0011175871,-0.002086818218231201,False,False
1,"[[49]
 [48]
 [49]
 [48]
 [49]
 [54]]",1,meningioma,0,1,0.0,0.80037254,0.0016322135925292969,True,False
19,"[[49]
 [49]
 [52]
 [48]
 [52]
 [48]]",1,pituitary,2,2,2.0,0.00047135353,-0.00033909082412719727,False,False
20,"[[49]
 [49]
 [52]
 [48]
 [52]
 [48]]",1,pituitary,2,2,2.0,0.0002399683,0.000508427619934082,False,False
21,"[[49]
 [49]
 [52]
 [48]
 [52]
 [48]]",1,pituitary,2,2,2.0,-0.00141716,0.00039714574813842773,False,False
22,"[[49]
 [49]
 [52]
 [51]
 [54]
 [49]]",1,pituitary,2,2,2.0,-0.026795208,0.00034683942794799805,False,False
23,"[[49]
 [49]
 [52]
 [51]
 [54]
 [49]]",1,pituitary,2,2,2.0,-0.08689356,-0.010042071342468262,False,False
25,"[[49]
 [49]
 [52]
 [51]
 [54]
 [49]]",1,pituitary,2,2,2.0,-0.04539776,0.0029841065406799316,False,False
26,"[[49]
 [49]
 [52]
 [48]
 [57]
 [52]]",1,pituitary,2,2,2.0,-0.0062617064,-0.00035858154296875,False,False
27,"[[49]
 [49]
 [52]
 [48]
 [57]
 [52]]",1,pituitary,2,2,2.0,-0.0034143925,0.00020450353622436523,False,False
28,"[[49]
 [49]
 [52]
 [48]
 [57]
 [52]]",1,pituitary,2,2,2.0,-0.0046243668,0.0020810961723327637,False,False
29,"[[49]
 [49]
 [52]
 [48]
 [57]
 [52]]",1,pituitary,2,2,2.0,-0.0028841496,-9.894371032714844e-06,False,False
35,"[[49]
 [48]
 [55]
 [52]
 [57]
 [52]]",1,meningioma,0,2,0.0,0.4484726,-0.0028491318225860596,True,False
40,"[[49]
 [48]
 [53]
 [57]
 [51]
 [54]]",1,pituitary,2,2,2.0,-0.0047361255,-0.0014436841011047363,False,False
99,"[[49]
 [48]
 [57]
 [56]
 [57]
 [56]]",1,pituitary,2,2,2.0,0.07387155,-0.0009549260139465332,False,False
100,"[[49]
 [48]
 [57]
 [56]
 [57]
 [56]]",1,pituitary,2,2,2.0,-0.00022643805,0.00018674135208129883,False,False
102,"[[49]
 [48]
 [57]
 [56]
 [57]
 [56]]",1,pituitary,2,2,2.0,-0.002642095,0.0007269978523254395,False,False
103,"[[49]
 [48]
 [57]
 [56]
 [57]
 [56]]",1,pituitary,2,2,2.0,-0.0005224347,-0.00020581483840942383,False,False
104,"[[49]
 [48]
 [57]
 [56]
 [57]
 [56]]",1,pituitary,2,2,2.0,-0.0021281242,0.0007418394088745117,False,False
105,"[[49]
 [48]
 [57]
 [56]
 [57]
 [56]]",1,pituitary,2,2,2.0,-0.0011013746,-0.002384960651397705,False,False
112,"[[49]
 [48]
 [49]
 [48]
 [49]
 [54]]",1,meningioma,0,1,0.0,0.86725855,1.2576580047607422e-05,True,False
121,"[[49]
 [49]
 [48]
 [57]
 [57]
 [51]]",1,pituitary,2,2,2.0,0.00014603138,1.1324882507324219e-06,False,False
122,"[[49]
 [49]
 [48]
 [57]
 [57]
 [51]]",1,pituitary,2,2,2.0,0.0003296137,0.0,False,False
123,"[[49]
 [49]
 [48]
 [57]
 [57]
 [51]]",1,pituitary,2,2,2.0,3.4987926e-05,1.8775463104248047e-05,False,False
125,"[[49]
 [49]
 [48]
 [57]
 [57]
 [51]]",1,pituitary,2,2,2.0,-8.422136e-05,-2.8192996978759766e-05,False,False
126,"[[49]
 [49]
 [48]
 [57]
 [57]
 [51]]",1,pituitary,2,2,2.0,-0.00021076202,-7.867813110351562e-05,False,False
146,"[[49]
 [48]
 [56]
 [53]
 [57]
 [48]]",1,meningioma,0,0,0.0,0.23630863,0.00021147727966308594,False,False
157,"[[49]
 [48]
 [56]
 [53]
 [57]
 [48]]",1,meningioma,0,0,0.0,0.1272977,0.0012401938438415527,False,False
173,"[[49]
 [49]
 [52]
 [48]
 [52]
 [48]]",1,pituitary,2,2,2.0,0.004594624,-0.00012069940567016602,False,False
174,"[[49]
 [49]
 [52]
 [48]
 [52]
 [48]]",1,pituitary,2,2,2.0,-0.0063459873,-0.006070077419281006,False,False
175,"[[49]
 [49]
 [52]
 [48]
 [52]
 [48]]",1,pituitary,2,2,2.0,0.31191933,0.0002880692481994629,False,False
176,"[[49]
 [49]
 [52]
 [51]
 [54]
 [49]]",1,pituitary,2,2,2.0,0.07720864,0.0015690326690673828,False,False
177,"[[49]
 [49]
 [52]
 [51]
 [54]
 [49]]",1,pituitary,2,2,2.0,0.014719188,-0.0008739829063415527,False,False
178,"[[49]
 [49]
 [52]
 [51]
 [54]
 [49]]",1,pituitary,2,2,2.0,-0.0043420196,-0.0017385482788085938,False,False
180,"[[49]
 [49]
 [52]
 [51]
 [54]
 [49]]",1,pituitary,2,2,2.0,0.015079975,3.254413604736328e-05,False,False
181,"[[49]
 [49]
 [52]
 [48]
 [57]
 [52]]",1,pituitary,2,2,2.0,-0.0061956644,-0.0011020302772521973,False,False
182,"[[49]
 [49]
 [52]
 [48]
 [57]
 [52]]",1,pituitary,2,2,2.0,-0.0668211,0.05000811815261841,False,False
183,"[[49]
 [49]
 [52]
 [48]
 [57]
 [52]]",1,pituitary,2,2,2.0,-0.002662301,-0.001008152961730957,False,False
184,"[[49]
 [49]
 [52]
 [48]
 [57]
 [52]]",1,pituitary,2,2,2.0,-0.0005695224,-5.6743621826171875e-05,False,False
185,"[[49]
 [49]
 [52]
 [48]
 [57]
 [52]]",1,pituitary,2,2,2.0,-0.00065118074,0.0003407597541809082,False,False
186,"[[49]
 [48]
 [53]
 [57]
 [51]
 [54]]",1,pituitary,2,2,2.0,-1.3709068e-06,-1.1920928955078125e-07,False,False
187,"[[49]
 [48]
 [53]
 [57]
 [51]
 [54]]",1,pituitary,2,2,2.0,-1.5437603e-05,2.0265579223632812e-06,False,False
188,"[[49]
 [48]
 [53]
 [57]
 [51]
 [54]]",1,pituitary,2,2,2.0,-0.00053054094,4.279613494873047e-05,False,False
223,"[[49]
 [48]
 [49]
 [48]
 [49]
 [54]]",1,meningioma,0,1,0.0,0.6993109,0.00023788213729858398,True,False
245,"[[49]
 [48]
 [57]
 [56]
 [57]
 [56]]",1,pituitary,2,2,2.0,-0.014754832,-0.0009368062019348145,False,False
247,"[[49]
 [48]
 [57]
 [56]
 [57]
 [56]]",1,pituitary,2,2,2.0,-0.00072193146,-0.0003402829170227051,False,False
248,"[[49]
 [48]
 [57]
 [56]
 [57]
 [56]]",1,pituitary,2,2,2.0,-0.0032752752,0.002552032470703125,False,False
258,"[[49]
 [49]
 [48]
 [57]
 [57]
 [51]]",1,pituitary,2,2,2.0,-2.503395e-06,0.0,False,False
259,"[[49]
 [49]
 [48]
 [57]
 [57]
 [51]]",1,pituitary,2,2,2.0,-9.775162e-06,-8.344650268554688e-07,False,False
260,"[[49]
 [49]
 [48]
 [57]
 [57]
 [51]]",1,pituitary,2,2,2.0,-6.2584877e-06,1.7881393432617188e-07,False,False
305,"[[49]
 [49]
 [52]
 [48]
 [52]
 [48]]",1,pituitary,2,2,2.0,-7.9870224e-05,-1.3113021850585938e-06,False,False
306,"[[49]
 [49]
 [52]
 [48]
 [52]
 [48]]",1,pituitary,2,2,2.0,-0.00041604042,3.170967102050781e-05,False,False
307,"[[49]
 [49]
 [52]
 [48]
 [52]
 [48]]",1,pituitary,2,2,2.0,-0.0009085536,2.0265579223632812e-06,False,False
308,"[[49]
 [49]
 [52]
 [51]
 [54]
 [49]]",1,pituitary,2,2,2.0,-0.001727879,0.000970005989074707,False,False
309,"[[49]
 [49]
 [52]
 [51]
 [54]
 [49]]",1,pituitary,2,2,2.0,-0.014083505,-0.0002357959747314453,False,False
310,"[[49]
 [49]
 [52]
 [51]
 [54]
 [49]]",1,pituitary,2,2,2.0,-0.0027219057,-0.0005249977111816406,False,False
311,"[[49]
 [49]
 [52]
 [48]
 [57]
 [52]]",1,pituitary,2,2,2.0,0.006149471,-0.02596980333328247,False,False
313,"[[49]
 [49]
 [52]
 [48]
 [57]
 [52]]",1,pituitary,2,2,2.0,0.05255127,-0.007593035697937012,False,False
314,"[[49]
 [49]
 [52]
 [48]
 [57]
 [52]]",1,pituitary,2,2,2.0,-0.0031443238,0.0004055500030517578,False,False
322,"[[49]
 [48]
 [49]
 [51]
 [48]
 [53]]",1,pituitary,2,2,2.0,-0.00026673079,-9.047985076904297e-05,False,False
324,"[[49]
 [48]
 [49]
 [51]
 [48]
 [53]]",1,pituitary,2,2,2.0,-0.0007880926,8.344650268554688e-06,False,False
325,"[[49]
 [48]
 [49]
 [51]
 [48]
 [53]]",1,pituitary,2,2,2.0,-9.661913e-05,3.2782554626464844e-06,False,False
326,"[[49]
 [48]
 [49]
 [51]
 [48]
 [53]]",1,pituitary,2,2,2.0,-8.3982944e-05,1.8477439880371094e-06,False,False
334,"[[49]
 [48]
 [49]
 [48]
 [49]
 [54]]",1,meningioma,0,1,0.0,0.49641913,-0.0022339224815368652,True,False
340,"[[49]
 [48]
 [51]
 [50]
 [53]
 [55]]",1,pituitary,2,2,2.0,-0.0007959008,-0.0003806948661804199,False,False
341,"[[49]
 [48]
 [51]
 [50]
 [53]
 [55]]",1,pituitary,2,2,2.0,-4.3153763e-05,5.7220458984375e-06,False,False
342,"[[49]
 [48]
 [51]
 [50]
 [53]
 [55]]",1,pituitary,2,2,2.0,-0.00021088123,-1.728534698486328e-05,False,False
343,"[[49]
 [48]
 [51]
 [50]
 [53]
 [55]]",1,pituitary,2,2,2.0,-0.000580132,2.9265880584716797e-05,False,False
344,"[[49]
 [48]
 [51]
 [50]
 [53]
 [55]]",1,pituitary,2,2,2.0,-0.0012705922,1.895427703857422e-05,False,False
345,"[[49]
 [48]
 [51]
 [50]
 [53]
 [55]]",1,pituitary,2,2,2.0,-0.06620711,0.06113457679748535,False,False
361,"[[49]
 [48]
 [51]
 [54]
 [55]
 [48]]",1,pituitary,2,2,2.0,-0.00045752525,2.586841583251953e-05,False,False
362,"[[49]
 [48]
 [51]
 [54]
 [55]
 [48]]",1,pituitary,2,2,2.0,-0.00082206726,5.602836608886719e-05,False,False
363,"[[49]
 [48]
 [51]
 [54]
 [55]
 [48]]",1,pituitary,2,2,2.0,-0.00072449446,1.3709068298339844e-06,False,False
369,"[[49]
 [48]
 [51]
 [55]
 [51]
 [49]]",1,pituitary,2,2,2.0,-0.021306992,-0.001024007797241211,False,False
370,"[[49]
 [48]
 [51]
 [55]
 [51]
 [49]]",1,pituitary,2,2,2.0,-0.013258696,-0.002522110939025879,False,False
371,"[[49]
 [48]
 [51]
 [55]
 [51]
 [49]]",1,pituitary,2,2,2.0,-0.020900667,-0.0005249381065368652,False,False
372,"[[49]
 [48]
 [51]
 [55]
 [51]
 [49]]",1,pituitary,2,2,2.0,-0.009236813,6.490945816040039e-05,False,False
373,"[[49]
 [48]
 [51]
 [55]
 [51]
 [49]]",1,pituitary,2,2,2.0,-0.005511999,-0.0004266500473022461,False,False
374,"[[49]
 [48]
 [51]
 [55]
 [51]
 [49]]",1,pituitary,2,2,2.0,-0.04085636,0.0037857890129089355,False,False
375,"[[49]
 [48]
 [51]
 [55]
 [51]
 [49]]",1,pituitary,2,2,2.0,-0.1149652,0.010806560516357422,False,False
376,"[[49]
 [48]
 [51]
 [55]
 [51]
 [49]]",1,pituitary,2,2,2.0,-0.2763629,-0.0002225637435913086,False,False
388,"[[49]
 [48]
 [52]
 [48]
 [49]
 [57]]",1,pituitary,2,2,2.0,0.0035617352,0.001453101634979248,False,False
389,"[[49]
 [48]
 [52]
 [48]
 [49]
 [57]]",1,pituitary,2,2,2.0,-0.0010521412,-0.00025963783264160156,False,False
391,"[[49]
 [48]
 [52]
 [48]
 [49]
 [57]]",1,pituitary,2,2,2.0,-0.00066912174,-8.940696716308594e-06,False,False
392,"[[49]
 [48]
 [52]
 [48]
 [49]
 [57]]",1,pituitary,2,2,2.0,0.005939007,-0.00012928247451782227,False,False
445,"[[49]
 [48]
 [49]
 [48]
 [49]
 [54]]",1,meningioma,0,1,0.0,0.86078334,0.0006024837493896484,True,False
462,"[[57]
 [56]
 [52]
 [55]
 [50]]",1,pituitary,2,2,2.0,-0.0006737709,1.1324882507324219e-05,False,False
463,"[[57]
 [56]
 [52]
 [55]
 [50]]",1,pituitary,2,2,2.0,-0.0044171214,-6.198883056640625e-06,False,False
464,"[[57]
 [56]
 [52]
 [55]
 [50]]",1,pituitary,2,2,2.0,-0.0010687113,-0.0002065896987915039,False,False
465,"[[57]
 [56]
 [52]
 [55]
 [50]]",1,pituitary,2,2,2.0,-0.010780692,0.0004259347915649414,False,False
466,"[[57]
 [56]
 [52]
 [55]
 [50]]",1,pituitary,2,2,2.0,-0.12510973,0.0008330345153808594,False,False
467,"[[57]
 [56]
 [52]
 [55]
 [50]]",1,pituitary,2,2,2.0,-0.32659537,-0.014130175113677979,False,False
469,"[[57]
 [56]
 [52]
 [55]
 [50]]",1,pituitary,2,2,2.0,-0.009218216,-7.802248001098633e-05,False,False
493,"[[57]
 [56]
 [57]
 [57]
 [53]]",1,pituitary,2,2,2.0,-7.033348e-06,-1.1920928955078125e-07,False,False
494,"[[57]
 [56]
 [57]
 [57]
 [53]]",1,pituitary,2,2,2.0,-3.7372112e-05,-5.900859832763672e-06,False,False
495,"[[57]
 [56]
 [57]
 [57]
 [53]]",1,pituitary,2,2,2.0,-2.8312206e-05,1.728534698486328e-05,False,False
496,"[[57]
 [56]
 [57]
 [57]
 [53]]",1,pituitary,2,2,2.0,-0.041781723,0.005963504314422607,False,False
497,"[[57]
 [56]
 [57]
 [57]
 [53]]",1,pituitary,2,2,2.0,-0.14015949,5.340576171875e-05,False,False
526,"[[49]
 [48]
 [49]
 [51]
 [48]
 [53]]",1,pituitary,2,2,2.0,1.2099743e-05,-2.384185791015625e-06,False,False
527,"[[49]
 [48]
 [49]
 [51]
 [48]
 [53]]",1,pituitary,2,2,2.0,-0.00039851665,0.0024871826171875,False,False
528,"[[49]
 [48]
 [49]
 [51]
 [48]
 [53]]",1,pituitary,2,2,2.0,0.0,3.993511199951172e-06,False,False
529,"[[49]
 [48]
 [49]
 [51]
 [48]
 [53]]",1,pituitary,2,2,2.0,1.9967556e-05,-2.384185791015625e-06,False,False
532,"[[49]
 [48]
 [49]
 [51]
 [48]
 [53]]",1,pituitary,2,2,2.0,0.095072,0.013512015342712402,False,False
533,"[[49]
 [48]
 [49]
 [51]
 [48]
 [53]]",1,pituitary,2,2,2.0,0.018871129,0.0014217495918273926,False,False
542,"[[49]
 [48]
 [50]
 [54]
 [54]
 [57]]",1,pituitary,2,2,2.0,-0.023869216,-0.0009663105010986328,False,False
543,"[[49]
 [48]
 [50]
 [54]
 [54]
 [57]]",1,pituitary,2,2,2.0,-0.052455604,-0.00023096799850463867,False,False
549,"[[49]
 [48]
 [51]
 [50]
 [53]
 [55]]",1,pituitary,2,2,2.0,6.556511e-07,0.0,False,False
550,"[[49]
 [48]
 [51]
 [50]
 [53]
 [55]]",1,pituitary,2,2,2.0,0.0,0.0,False,False
551,"[[49]
 [48]
 [51]
 [50]
 [53]
 [55]]",1,pituitary,2,2,2.0,-8.34465e-07,2.384185791015625e-07,False,False
552,"[[49]
 [48]
 [51]
 [50]
 [53]
 [55]]",1,pituitary,2,2,2.0,-1.1920929e-07,0.0,False,False
553,"[[49]
 [48]
 [51]
 [50]
 [53]
 [55]]",1,pituitary,2,2,2.0,0.0,0.0,False,False
556,"[[49]
 [48]
 [49]
 [48]
 [49]
 [54]]",1,meningioma,0,1,0.0,0.5827917,-0.02165234088897705,True,False
570,"[[49]
 [48]
 [51]
 [54]
 [55]
 [48]]",1,pituitary,2,2,2.0,3.4570694e-06,-1.7881393432617188e-07,False,False
571,"[[49]
 [48]
 [51]
 [54]
 [55]
 [48]]",1,pituitary,2,2,2.0,-5.6684017e-05,-8.165836334228516e-06,False,False
572,"[[49]
 [48]
 [51]
 [54]
 [55]
 [48]]",1,pituitary,2,2,2.0,-0.0013194084,9.41157341003418e-05,False,False
573,"[[49]
 [48]
 [51]
 [54]
 [55]
 [48]]",1,pituitary,2,2,2.0,0.0008136034,7.164478302001953e-05,False,False
581,"[[49]
 [48]
 [51]
 [55]
 [51]
 [49]]",1,pituitary,2,2,2.0,0.034156978,0.0009770393371582031,False,False
582,"[[49]
 [48]
 [51]
 [55]
 [51]
 [49]]",1,pituitary,2,2,2.0,0.07073492,0.0018145442008972168,False,False
583,"[[49]
 [48]
 [51]
 [55]
 [51]
 [49]]",1,pituitary,2,2,2.0,0.0035976768,-0.0002751946449279785,False,False
584,"[[49]
 [48]
 [51]
 [55]
 [51]
 [49]]",1,pituitary,2,2,2.0,0.0018675923,-0.0003210902214050293,False,False
585,"[[49]
 [48]
 [51]
 [55]
 [51]
 [49]]",1,pituitary,2,2,2.0,0.0049778223,0.00041997432708740234,False,False
586,"[[49]
 [48]
 [51]
 [55]
 [51]
 [49]]",1,pituitary,2,2,2.0,-0.069928885,-0.009204983711242676,False,False
587,"[[49]
 [48]
 [51]
 [55]
 [51]
 [49]]",1,pituitary,2,2,2.0,-0.046782315,-0.007557988166809082,False,False
594,"[[49]
 [48]
 [52]
 [48]
 [49]
 [57]]",1,pituitary,2,2,2.0,0.0061439276,-3.361701965332031e-05,False,False
595,"[[49]
 [48]
 [52]
 [48]
 [49]
 [57]]",1,pituitary,2,2,2.0,0.02169013,0.0004929900169372559,False,False
596,"[[49]
 [48]
 [52]
 [48]
 [49]
 [57]]",1,pituitary,2,2,2.0,-0.008096635,-0.006974518299102783,False,False
597,"[[49]
 [48]
 [52]
 [48]
 [49]
 [57]]",1,pituitary,2,2,2.0,-5.7160854e-05,0.0014470219612121582,False,False
598,"[[49]
 [48]
 [52]
 [48]
 [49]
 [57]]",1,pituitary,2,2,2.0,-0.011211157,-0.012738943099975586,False,False
601,"[[49]
 [49]
 [51]
 [52]
 [51]
 [53]]",1,meningioma,0,0,0.0,0.14776528,0.05198186635971069,False,False
612,"[[49]
 [49]
 [51]
 [52]
 [51]
 [53]]",1,meningioma,0,0,,0.13432187,,False,
623,"[[49]
 [49]
 [51]
 [52]
 [51]
 [53]]",1,meningioma,0,0,0.0,0.1414879,-0.016349613666534424,False,False
634,"[[49]
 [49]
 [51]
 [52]
 [51]
 [53]]",1,meningioma,0,0,0.0,0.22826993,0.07701432704925537,False,False
645,"[[49]
 [49]
 [51]
 [52]
 [51]
 [53]]",1,meningioma,0,0,0.0,0.27402014,0.05146491527557373,False,False
656,"[[49]
 [49]
 [51]
 [52]
 [51]
 [53]]",1,meningioma,0,0,0.0,0.002657473,-0.04905754327774048,False,False
667,"[[49]
 [48]
 [49]
 [49]
 [50]
 [55]]",1,meningioma,0,0,0.0,0.025729299,-0.00022482872009277344,False,False
669,"[[57]
 [56]
 [52]
 [55]
 [50]]",1,pituitary,2,2,2.0,6.8604946e-05,1.4007091522216797e-05,False,False
670,"[[57]
 [56]
 [52]
 [55]
 [50]]",1,pituitary,2,2,2.0,0.00033539534,9.417533874511719e-06,False,False
671,"[[57]
 [56]
 [52]
 [55]
 [50]]",1,pituitary,2,2,2.0,-0.0004994869,-5.53131103515625e-05,False,False
672,"[[57]
 [56]
 [52]
 [55]
 [50]]",1,pituitary,2,2,2.0,-0.00014811754,1.33514404296875e-05,False,False
673,"[[57]
 [56]
 [52]
 [55]
 [50]]",1,pituitary,2,2,2.0,0.0011554956,-0.00029975175857543945,False,False
699,"[[57]
 [56]
 [57]
 [57]
 [53]]",1,pituitary,2,2,2.0,0.0023155212,-9.059906005859375e-06,False,False
700,"[[57]
 [56]
 [57]
 [57]
 [53]]",1,pituitary,2,2,2.0,0.00026613474,-0.00011992454528808594,False,False
702,"[[57]
 [56]
 [57]
 [57]
 [53]]",1,pituitary,2,2,2.0,-0.00064086914,0.0003910064697265625,False,False
703,"[[57]
 [56]
 [57]
 [57]
 [53]]",1,pituitary,2,2,2.0,-0.0043749213,0.000779271125793457,False,False
704,"[[57]
 [56]
 [57]
 [57]
 [53]]",1,pituitary,2,2,2.0,-0.0126232505,0.004263937473297119,False,False
705,"[[57]
 [56]
 [57]
 [57]
 [53]]",1,pituitary,2,2,2.0,-0.013279259,-0.0014991164207458496,False,False
729,"[[49]
 [48]
 [49]
 [51]
 [48]
 [53]]",1,pituitary,2,2,2.0,0.0005634427,5.716085433959961e-05,False,False
730,"[[49]
 [48]
 [49]
 [51]
 [48]
 [53]]",1,pituitary,2,2,2.0,-0.0008690953,0.0002484917640686035,False,False
731,"[[49]
 [48]
 [49]
 [51]
 [48]
 [53]]",1,pituitary,2,2,2.0,-0.00237751,0.0009307861328125,False,False
732,"[[49]
 [48]
 [49]
 [51]
 [48]
 [53]]",1,pituitary,2,2,2.0,0.00051546097,-7.748603820800781e-06,False,False
748,"[[49]
 [48]
 [50]
 [54]
 [54]
 [57]]",1,pituitary,2,2,2.0,-0.00025171041,-5.882978439331055e-05,False,False
753,"[[49]
 [48]
 [51]
 [50]
 [53]
 [55]]",1,pituitary,2,2,2.0,-5.4895878e-05,2.5033950805664062e-06,False,False
754,"[[49]
 [48]
 [51]
 [50]
 [53]
 [55]]",1,pituitary,2,2,2.0,-1.4901161e-06,-1.7881393432617188e-07,False,False
755,"[[49]
 [48]
 [51]
 [50]
 [53]
 [55]]",1,pituitary,2,2,2.0,-2.0086765e-05,1.2516975402832031e-06,False,False
757,"[[49]
 [48]
 [51]
 [50]
 [53]
 [55]]",1,pituitary,2,2,2.0,-0.00015854836,-2.6226043701171875e-06,False,False
758,"[[49]
 [48]
 [51]
 [50]
 [53]
 [55]]",1,pituitary,2,2,2.0,-4.5835972e-05,0.0,False,False
759,"[[49]
 [48]
 [51]
 [50]
 [53]
 [55]]",1,pituitary,2,2,2.0,-5.841255e-06,8.344650268554688e-07,False,False
760,"[[49]
 [48]
 [51]
 [50]
 [53]
 [55]]",1,pituitary,2,2,2.0,9.059906e-06,-4.947185516357422e-06,False,False
778,"[[49]
 [48]
 [49]
 [49]
 [50]
 [55]]",1,meningioma,0,0,0.0,0.5348748,-0.004075765609741211,False,False
780,"[[49]
 [48]
 [51]
 [54]
 [55]
 [48]]",1,pituitary,2,2,2.0,-4.887581e-06,1.6093254089355469e-06,False,False
781,"[[49]
 [48]
 [51]
 [54]
 [55]
 [48]]",1,pituitary,2,2,2.0,-5.2452087e-06,0.0,False,False
782,"[[49]
 [48]
 [51]
 [54]
 [55]
 [48]]",1,pituitary,2,2,2.0,-1.5497208e-06,0.0,False,False
783,"[[49]
 [48]
 [51]
 [54]
 [55]
 [48]]",1,pituitary,2,2,2.0,-5.185604e-06,5.960464477539063e-08,False,False
789,"[[49]
 [48]
 [51]
 [55]
 [51]
 [49]]",1,pituitary,2,2,2.0,3.516674e-06,-1.430511474609375e-06,False,False
791,"[[49]
 [48]
 [51]
 [55]
 [51]
 [49]]",1,pituitary,2,2,2.0,-9.149313e-05,2.0384788513183594e-05,False,False
792,"[[49]
 [48]
 [51]
 [55]
 [51]
 [49]]",1,pituitary,2,2,2.0,0.00077843666,7.581710815429688e-05,False,False
793,"[[49]
 [48]
 [51]
 [55]
 [51]
 [49]]",1,pituitary,2,2,2.0,-3.2305717e-05,-4.112720489501953e-06,False,False
794,"[[49]
 [48]
 [51]
 [55]
 [51]
 [49]]",1,pituitary,2,2,2.0,-3.027916e-05,5.841255187988281e-06,False,False
803,"[[49]
 [48]
 [52]
 [48]
 [49]
 [57]]",1,pituitary,2,2,2.0,-0.0017091632,2.9206275939941406e-06,False,False
804,"[[49]
 [48]
 [52]
 [48]
 [49]
 [57]]",1,pituitary,2,2,2.0,-0.0004504919,3.337860107421875e-06,False,False
805,"[[49]
 [48]
 [52]
 [48]
 [49]
 [57]]",1,pituitary,2,2,2.0,0.002131462,0.0003514885902404785,False,False
806,"[[49]
 [48]
 [52]
 [48]
 [49]
 [57]]",1,pituitary,2,2,2.0,0.0015563369,-0.00018137693405151367,False,False
884,"[[57]
 [56]
 [52]
 [55]
 [50]]",1,pituitary,2,2,2.0,1.5735626e-05,1.9788742065429688e-05,False,False
885,"[[57]
 [56]
 [52]
 [55]
 [50]]",1,pituitary,2,2,2.0,-0.0084453225,-0.0006009936332702637,False,False
886,"[[57]
 [56]
 [52]
 [55]
 [50]]",1,pituitary,2,2,2.0,-0.04980588,0.012315988540649414,False,False
887,"[[57]
 [56]
 [52]
 [55]
 [50]]",1,pituitary,2,2,2.0,-0.006059885,0.0010750293731689453,False,False
888,"[[57]
 [56]
 [52]
 [55]
 [50]]",1,pituitary,2,2,2.0,-0.0028685331,0.0011496543884277344,False,False
889,"[[49]
 [48]
 [49]
 [49]
 [50]
 [55]]",1,meningioma,0,1,0.0,0.5167098,0.0007198452949523926,True,False
890,"[[57]
 [55]
 [55]
 [51]
 [55]]",1,meningioma,0,0,0.0,0.06995767,-8.416175842285156e-05,False,False
891,"[[57]
 [56]
 [52]
 [55]
 [50]]",1,pituitary,2,2,2.0,-0.00020855665,-3.5762786865234375e-06,False,False
901,"[[57]
 [55]
 [55]
 [51]
 [55]]",1,meningioma,0,0,0.0,0.16668606,0.00018203258514404297,False,False
912,"[[57]
 [55]
 [55]
 [51]
 [55]]",1,meningioma,0,0,0.0,0.054344893,0.0007883906364440918,False,False
923,"[[57]
 [55]
 [55]
 [51]
 [55]]",1,meningioma,0,0,0.0,0.26014864,-0.016570448875427246,False,False
924,"[[57]
 [56]
 [57]
 [57]
 [53]]",1,pituitary,2,2,2.0,8.815527e-05,1.239776611328125e-05,False,False
925,"[[57]
 [56]
 [57]
 [57]
 [53]]",1,pituitary,2,2,2.0,-0.0040501356,-0.0004222393035888672,False,False
926,"[[57]
 [56]
 [57]
 [57]
 [53]]",1,pituitary,2,2,2.0,-0.042533875,0.007071018218994141,False,False
927,"[[57]
 [56]
 [57]
 [57]
 [53]]",1,pituitary,2,2,2.0,-0.0035784245,0.0008079409599304199,False,False
928,"[[57]
 [56]
 [57]
 [57]
 [53]]",1,pituitary,2,2,2.0,0.0013107657,2.3305416107177734e-05,False,False
967,"[[57]
 [55]
 [57]
 [52]
 [51]]",1,meningioma,0,0,0.0,0.036229014,0.0028517842292785645,False,False
968,"[[77]
 [82]
 [48]
 [52]
 [56]
 [57]
 [57]
 [52]]",1,glioma,1,1,1.0,0.0055118203,-0.004708290100097656,False,False
969,"[[77]
 [82]
 [48]
 [52]
 [56]
 [57]
 [57]
 [52]]",1,glioma,1,1,1.0,0.020528197,-0.0001328587532043457,False,False
970,"[[77]
 [82]
 [48]
 [52]
 [56]
 [57]
 [57]
 [52]]",1,glioma,1,1,1.0,0.019312978,0.016543567180633545,False,False
971,"[[77]
 [82]
 [48]
 [52]
 [56]
 [57]
 [57]
 [52]]",1,glioma,1,1,1.0,0.00887686,-0.0034299492835998535,False,False
972,"[[77]
 [82]
 [48]
 [52]
 [56]
 [57]
 [57]
 [52]]",1,glioma,1,1,1.0,-0.08669531,0.001326918601989746,False,False
973,"[[77]
 [82]
 [48]
 [52]
 [56]
 [57]
 [57]
 [52]]",1,glioma,1,1,1.0,-0.00052785873,-0.05001413822174072,False,False
974,"[[77]
 [82]
 [48]
 [52]
 [56]
 [57]
 [57]
 [52]]",1,glioma,1,1,1.0,0.0066807866,0.010575354099273682,False,False
978,"[[57]
 [55]
 [57]
 [52]
 [51]]",1,meningioma,0,1,0.0,0.31371418,0.010173678398132324,True,False
993,"[[77]
 [82]
 [48]
 [52]
 [56]
 [57]
 [52]
 [52]
 [66]]",1,glioma,1,1,1.0,1.013279e-06,7.68899917602539e-06,False,False
994,"[[77]
 [82]
 [48]
 [52]
 [56]
 [57]
 [52]
 [52]
 [66]]",1,glioma,1,1,1.0,-0.0018696785,0.00013679265975952148,False,False
995,"[[77]
 [82]
 [48]
 [52]
 [56]
 [57]
 [52]
 [52]
 [66]]",1,glioma,1,1,1.0,0.0014755726,0.0007017850875854492,False,False
996,"[[77]
 [82]
 [48]
 [52]
 [56]
 [57]
 [52]
 [52]
 [66]]",1,glioma,1,1,1.0,0.012340546,0.00010669231414794922,False,False
997,"[[77]
 [82]
 [48]
 [52]
 [56]
 [57]
 [52]
 [52]
 [66]]",1,glioma,1,1,1.0,0.019534886,0.0002060532569885254,False,False
998,"[[77]
 [82]
 [48]
 [52]
 [56]
 [57]
 [52]
 [52]
 [66]]",1,glioma,1,1,1.0,-0.0031580925,-0.0009744167327880859,False,False
1017,"[[77]
 [82]
 [48]
 [52]
 [57]
 [52]
 [53]
 [51]]",1,glioma,1,1,1.0,2.9802322e-07,1.7881393432617188e-07,False,False
1018,"[[77]
 [82]
 [48]
 [52]
 [57]
 [52]
 [53]
 [51]]",1,glioma,1,1,1.0,2.3841858e-07,-1.1920928955078125e-07,False,False
1019,"[[77]
 [82]
 [48]
 [52]
 [57]
 [52]
 [53]
 [51]]",1,glioma,1,1,1.0,-5.9604645e-07,1.1920928955078125e-07,False,False
1020,"[[77]
 [82]
 [48]
 [52]
 [57]
 [52]
 [53]
 [51]]",1,glioma,1,1,1.0,-1.1920929e-06,8.940696716308594e-07,False,False
1021,"[[77]
 [82]
 [48]
 [52]
 [57]
 [52]
 [53]
 [51]]",1,glioma,1,1,1.0,9.596348e-06,-9.5367431640625e-07,False,False
1022,"[[77]
 [82]
 [48]
 [52]
 [57]
 [52]
 [53]
 [51]]",1,glioma,1,1,1.0,0.0003618598,3.814697265625e-06,False,False
1024,"[[77]
 [82]
 [48]
 [52]
 [57]
 [52]
 [53]
 [51]]",1,glioma,1,1,1.0,3.33786e-06,8.285045623779297e-06,False,False
1045,"[[57]
 [56]
 [50]
 [52]
 [49]]",1,meningioma,0,0,0.0,0.16707665,0.01225423812866211,False,False
1056,"[[57]
 [56]
 [50]
 [52]
 [49]]",1,meningioma,0,0,0.0,0.30096918,-0.012913644313812256,False,False
1067,"[[57]
 [56]
 [50]
 [52]
 [49]]",1,meningioma,0,0,0.0,0.45899445,0.007313251495361328,False,False
1078,"[[57]
 [56]
 [50]
 [52]
 [49]]",1,meningioma,0,0,0.0,-0.016804218,-0.08941078186035156,False,False
1119,"[[77]
 [82]
 [48]
 [53]
 [49]
 [53]
 [56]
 [54]]",1,glioma,1,1,1.0,-6.556511e-07,5.960464477539063e-08,False,False
1120,"[[77]
 [82]
 [48]
 [53]
 [49]
 [53]
 [56]
 [54]]",1,glioma,1,1,1.0,-1.7881393e-07,1.7881393432617188e-07,False,False
1121,"[[77]
 [82]
 [48]
 [53]
 [49]
 [53]
 [56]
 [54]]",1,glioma,1,1,1.0,-1.6093254e-06,4.172325134277344e-07,False,False
1122,"[[77]
 [82]
 [48]
 [53]
 [49]
 [53]
 [56]
 [54]]",1,glioma,1,1,1.0,-2.8729439e-05,-1.633167266845703e-05,False,False
1123,"[[77]
 [82]
 [48]
 [53]
 [49]
 [53]
 [56]
 [54]]",1,glioma,1,1,1.0,-3.0398369e-06,-2.384185791015625e-06,False,False
1125,"[[77]
 [82]
 [48]
 [53]
 [49]
 [53]
 [56]
 [54]]",1,glioma,1,1,1.0,3.5762787e-07,-6.556510925292969e-07,False,False
1126,"[[77]
 [82]
 [48]
 [53]
 [49]
 [53]
 [56]
 [54]]",1,glioma,1,1,1.0,1.0967255e-05,1.2516975402832031e-06,False,False
1127,"[[77]
 [82]
 [48]
 [53]
 [49]
 [52]
 [54]
 [49]
 [66]]",1,glioma,1,1,1.0,0.00054115057,-5.060434341430664e-05,False,False
1128,"[[77]
 [82]
 [48]
 [53]
 [49]
 [52]
 [54]
 [49]
 [66]]",1,glioma,1,1,1.0,0.0013290644,-0.0002034306526184082,False,False
1129,"[[77]
 [82]
 [48]
 [53]
 [49]
 [52]
 [54]
 [49]
 [66]]",1,glioma,1,1,1.0,0.00033771992,-0.0007078647613525391,False,False
1130,"[[77]
 [82]
 [48]
 [53]
 [49]
 [52]
 [54]
 [49]
 [66]]",1,glioma,1,1,1.0,0.00015729666,-0.0018355250358581543,False,False
1131,"[[77]
 [82]
 [48]
 [53]
 [49]
 [52]
 [54]
 [49]
 [66]]",1,glioma,1,1,1.0,0.03534931,0.003856658935546875,False,False
1132,"[[77]
 [82]
 [48]
 [53]
 [49]
 [54]
 [52]
 [52]]",1,glioma,1,1,1.0,0.011908054,0.010998368263244629,False,False
1133,"[[77]
 [82]
 [48]
 [53]
 [49]
 [54]
 [52]
 [52]]",1,glioma,1,1,1.0,-0.005925119,0.002826988697052002,False,False
1134,"[[77]
 [82]
 [48]
 [53]
 [49]
 [54]
 [52]
 [52]]",1,glioma,1,1,1.0,0.059877872,-0.0002777576446533203,False,False
1136,"[[77]
 [82]
 [48]
 [53]
 [49]
 [54]
 [52]
 [52]]",1,glioma,1,1,1.0,0.11515802,0.01948714256286621,False,False
1137,"[[77]
 [82]
 [48]
 [53]
 [49]
 [54]
 [52]
 [52]]",1,glioma,1,1,1.0,0.038375378,-0.0045244693756103516,False,False
1138,"[[77]
 [82]
 [48]
 [53]
 [49]
 [54]
 [52]
 [52]]",1,glioma,1,1,1.0,-0.14892566,0.004441618919372559,False,False
1140,"[[77]
 [82]
 [48]
 [53]
 [49]
 [54]
 [52]
 [52]]",1,glioma,1,1,1.0,0.052390933,0.003566265106201172,False,False
1142,"[[77]
 [82]
 [48]
 [53]
 [49]
 [54]
 [52]
 [52]]",1,glioma,1,1,1.0,0.03486216,0.007684171199798584,False,False
1143,"[[77]
 [82]
 [48]
 [53]
 [49]
 [54]
 [52]
 [52]]",1,glioma,1,1,1.0,-0.047618866,0.007919073104858398,False,False
1144,"[[77]
 [82]
 [48]
 [53]
 [49]
 [54]
 [52]
 [52]]",1,glioma,1,1,1.0,3.7670135e-05,-0.0003796219825744629,False,False
1145,"[[77]
 [82]
 [48]
 [53]
 [49]
 [54]
 [52]
 [52]]",1,glioma,1,1,1.0,-0.0044767857,-0.004314601421356201,False,False
1146,"[[57]
 [57]
 [50]
 [56]
 [56]]",1,meningioma,0,0,0.0,0.0015103221,-0.002306520938873291,False,False
1147,"[[77]
 [82]
 [48]
 [53]
 [49]
 [54]
 [52]
 [52]]",1,glioma,1,1,1.0,-8.517504e-05,-0.00015044212341308594,False,False
1148,"[[77]
 [82]
 [48]
 [53]
 [49]
 [54]
 [52]
 [52]]",1,glioma,1,1,,0.09644598,,False,
1202,"[[77]
 [82]
 [48]
 [53]
 [50]
 [53]
 [56]
 [53]
 [66]]",1,glioma,1,1,1.0,-1.6450882e-05,-1.5556812286376953e-05,False,False
1203,"[[77]
 [82]
 [48]
 [53]
 [50]
 [53]
 [56]
 [53]
 [66]]",1,glioma,1,1,1.0,3.2424927e-05,-4.1484832763671875e-05,False,False
1204,"[[77]
 [82]
 [48]
 [53]
 [50]
 [53]
 [56]
 [53]
 [66]]",1,glioma,1,1,1.0,-2.2053719e-06,1.6093254089355469e-06,False,False
1229,"[[77]
 [82]
 [48]
 [53]
 [48]
 [54]
 [56]
 [55]
 [67]]",1,glioma,1,1,1.0,0.02612859,-0.00995779037475586,False,False
1230,"[[77]
 [82]
 [48]
 [53]
 [48]
 [54]
 [56]
 [55]
 [67]]",1,glioma,1,1,1.0,0.012065232,-8.857250213623047e-05,False,False
1231,"[[77]
 [82]
 [48]
 [53]
 [48]
 [54]
 [56]
 [55]
 [67]]",1,glioma,1,1,1.0,-0.001904726,-0.001587510108947754,False,False
1232,"[[77]
 [82]
 [48]
 [53]
 [48]
 [54]
 [56]
 [55]
 [67]]",1,glioma,1,1,1.0,-0.00024986267,-0.0004642009735107422,False,False
1233,"[[77]
 [82]
 [48]
 [53]
 [48]
 [54]
 [56]
 [55]
 [67]]",1,glioma,1,1,1.0,-9.8109245e-05,0.0005764961242675781,False,False
1234,"[[77]
 [82]
 [48]
 [53]
 [54]
 [49]
 [52]
 [52]]",1,glioma,1,1,1.0,-6.41346e-05,3.0934810638427734e-05,False,False
1236,"[[77]
 [82]
 [48]
 [53]
 [54]
 [49]
 [52]
 [52]]",1,glioma,1,1,1.0,-8.3744526e-05,-0.00013893842697143555,False,False
1237,"[[77]
 [82]
 [48]
 [53]
 [54]
 [49]
 [52]
 [52]]",1,glioma,1,1,1.0,-0.00013750792,1.4126300811767578e-05,False,False
1346,"[[49]
 [48]
 [49]
 [48]
 [49]
 [54]]",1,meningioma,0,1,0.0,0.80359775,0.035841166973114014,True,False
1353,"[[77]
 [82]
 [48]
 [50]
 [57]
 [50]
 [48]
 [57]
 [71]]",1,glioma,1,1,1.0,-1.1920929e-07,1.1920928955078125e-07,False,False
1354,"[[77]
 [82]
 [48]
 [50]
 [57]
 [50]
 [48]
 [57]
 [71]]",1,glioma,1,1,1.0,2.6404858e-05,-6.198883056640625e-06,False,False
1355,"[[77]
 [82]
 [48]
 [50]
 [57]
 [50]
 [48]
 [57]
 [71]]",1,glioma,1,1,1.0,-3.761053e-05,1.7642974853515625e-05,False,False
1356,"[[77]
 [82]
 [48]
 [50]
 [57]
 [50]
 [48]
 [57]
 [71]]",1,glioma,1,1,1.0,-4.4703484e-06,0.00038123130798339844,False,False
1357,"[[49]
 [48]
 [49]
 [48]
 [49]
 [54]]",1,meningioma,0,1,0.0,0.79974496,0.0038549304008483887,True,False
1358,"[[77]
 [82]
 [48]
 [50]
 [57]
 [50]
 [48]
 [57]
 [71]]",1,glioma,1,1,1.0,-1.2934208e-05,5.424022674560547e-05,False,False
1359,"[[77]
 [82]
 [48]
 [50]
 [57]
 [50]
 [48]
 [57]
 [71]]",1,glioma,1,1,1.0,0.0007650852,0.0033941268920898438,False,False
1360,"[[77]
 [82]
 [48]
 [50]
 [57]
 [50]
 [48]
 [57]
 [71]]",1,glioma,1,1,1.0,-7.158518e-05,0.0005742907524108887,False,False
1361,"[[77]
 [82]
 [48]
 [50]
 [57]
 [50]
 [48]
 [57]
 [71]]",1,glioma,1,1,1.0,0.0068860054,0.005563139915466309,False,False
1368,"[[49]
 [48]
 [49]
 [48]
 [49]
 [54]]",1,meningioma,0,1,0.0,0.7064494,0.041409850120544434,True,False
1379,"[[49]
 [48]
 [49]
 [48]
 [49]
 [54]]",1,meningioma,0,1,0.0,0.7300883,-0.008862078189849854,True,False
1382,"[[77]
 [82]
 [48]
 [52]
 [56]
 [57]
 [57]
 [52]]",1,glioma,1,1,1.0,0.023165405,-0.001930832862854004,False,False
1383,"[[77]
 [82]
 [48]
 [52]
 [56]
 [57]
 [57]
 [52]]",1,glioma,1,1,1.0,0.07678366,-0.01804649829864502,False,False
1390,"[[49]
 [48]
 [49]
 [48]
 [49]
 [54]]",1,meningioma,0,1,0.0,0.6249945,0.012200713157653809,True,False
1395,"[[77]
 [82]
 [48]
 [52]
 [56]
 [57]
 [52]
 [52]
 [66]]",1,glioma,1,1,1.0,0.0059676766,-9.298324584960938e-05,False,False
1396,"[[77]
 [82]
 [48]
 [52]
 [56]
 [57]
 [52]
 [52]
 [66]]",1,glioma,1,1,1.0,0.001916647,0.00010073184967041016,False,False
1397,"[[77]
 [82]
 [48]
 [52]
 [56]
 [57]
 [52]
 [52]
 [66]]",1,glioma,1,1,1.0,8.034706e-05,-7.748603820800781e-07,False,False
1398,"[[77]
 [82]
 [48]
 [52]
 [56]
 [57]
 [52]
 [52]
 [66]]",1,glioma,1,1,1.0,6.020069e-06,1.7881393432617188e-07,False,False
1399,"[[77]
 [82]
 [48]
 [52]
 [56]
 [57]
 [52]
 [52]
 [66]]",1,glioma,1,1,1.0,0.00016611814,0.00014007091522216797,False,False
1400,"[[77]
 [82]
 [48]
 [52]
 [56]
 [57]
 [52]
 [52]
 [66]]",1,glioma,1,1,1.0,0.0001410842,-1.4781951904296875e-05,False,False
1401,"[[49]
 [48]
 [49]
 [48]
 [49]
 [54]]",1,meningioma,0,1,0.0,0.64060086,0.08360147476196289,True,False
1402,"[[77]
 [82]
 [48]
 [52]
 [56]
 [57]
 [52]
 [52]
 [66]]",1,glioma,1,1,1.0,0.0041227937,-1.9073486328125e-06,False,False
1412,"[[49]
 [48]
 [49]
 [49]
 [50]
 [55]]",1,meningioma,0,1,0.0,0.31570056,0.01567673683166504,True,False
1413,"[[77]
 [82]
 [48]
 [52]
 [57]
 [52]
 [53]
 [51]]",1,glioma,1,1,1.0,-1.1324883e-06,5.900859832763672e-06,False,False
1414,"[[77]
 [82]
 [48]
 [52]
 [57]
 [52]
 [53]
 [51]]",1,glioma,1,1,1.0,0.00020343065,7.992982864379883e-05,False,False
1415,"[[77]
 [82]
 [48]
 [52]
 [57]
 [52]
 [53]
 [51]]",1,glioma,1,1,1.0,0.00015944242,0.0012669563293457031,False,False
1416,"[[77]
 [82]
 [48]
 [52]
 [57]
 [52]
 [53]
 [51]]",1,glioma,1,1,1.0,0.00021189451,-0.0002828836441040039,False,False
1417,"[[77]
 [82]
 [48]
 [52]
 [57]
 [52]
 [53]
 [51]]",1,glioma,1,1,1.0,0.00025510788,-3.355741500854492e-05,False,False
1418,"[[77]
 [82]
 [48]
 [52]
 [57]
 [52]
 [53]
 [51]]",1,glioma,1,1,1.0,0.00025236607,-4.8279762268066406e-05,False,False
1419,"[[77]
 [82]
 [48]
 [52]
 [57]
 [52]
 [53]
 [51]]",1,glioma,1,1,1.0,2.9206276e-06,2.9206275939941406e-06,False,False
1420,"[[77]
 [82]
 [48]
 [52]
 [57]
 [52]
 [53]
 [51]]",1,glioma,1,1,1.0,0.0013445616,0.0015034079551696777,False,False
1421,"[[77]
 [82]
 [48]
 [52]
 [57]
 [52]
 [53]
 [51]]",1,glioma,1,1,1.0,0.000228405,2.0265579223632812e-06,False,False
1423,"[[49]
 [48]
 [49]
 [49]
 [50]
 [55]]",1,meningioma,0,1,0.0,0.20435113,-0.0060585737228393555,True,False
1493,"[[77]
 [82]
 [48]
 [53]
 [49]
 [53]
 [56]
 [54]]",1,glioma,1,1,1.0,-0.0010625124,-0.0018415451049804688,False,False
1494,"[[77]
 [82]
 [48]
 [53]
 [49]
 [53]
 [56]
 [54]]",1,glioma,1,1,1.0,-0.00029945374,0.0009336471557617188,False,False
1500,"[[77]
 [82]
 [48]
 [50]
 [52]
 [55]
 [56]
 [48]
 [69]]",1,glioma,1,1,1.0,6.020069e-06,0.0,False,False
1539,"[[77]
 [82]
 [48]
 [49]
 [55]
 [50]
 [54]
 [48]
 [70]]",1,glioma,1,1,1.0,-0.00027513504,-0.0002790689468383789,False,False
1540,"[[77]
 [82]
 [48]
 [49]
 [55]
 [50]
 [54]
 [48]
 [70]]",1,glioma,1,1,1.0,-1.2516975e-06,-2.384185791015625e-07,False,False
1541,"[[77]
 [82]
 [48]
 [49]
 [55]
 [50]
 [54]
 [48]
 [70]]",1,glioma,1,1,1.0,-1.2516975e-06,-4.112720489501953e-06,False,False
1542,"[[77]
 [82]
 [48]
 [49]
 [55]
 [50]
 [54]
 [48]
 [70]]",1,glioma,1,1,1.0,-4.7683716e-07,7.748603820800781e-07,False,False
1543,"[[77]
 [82]
 [48]
 [49]
 [55]
 [50]
 [54]
 [48]
 [70]]",1,glioma,1,1,1.0,-5.364418e-07,1.4543533325195312e-05,False,False
1544,"[[77]
 [82]
 [48]
 [49]
 [55]
 [50]
 [54]
 [48]
 [70]]",1,glioma,1,1,1.0,-1.4305115e-06,7.152557373046875e-06,False,False
1546,"[[77]
 [82]
 [48]
 [49]
 [55]
 [50]
 [54]
 [48]
 [70]]",1,glioma,1,1,1.0,-9.834766e-06,-2.682209014892578e-06,False,False
1547,"[[77]
 [82]
 [48]
 [49]
 [55]
 [50]
 [54]
 [48]
 [70]]",1,glioma,1,1,1.0,-7.098913e-05,7.861852645874023e-05,False,False
1548,"[[77]
 [82]
 [48]
 [49]
 [55]
 [50]
 [54]
 [48]
 [70]]",1,glioma,1,1,1.0,-0.00011384487,-2.7418136596679688e-06,False,False
1549,"[[77]
 [82]
 [48]
 [49]
 [55]
 [50]
 [54]
 [48]
 [70]]",1,glioma,1,1,1.0,-2.3841858e-05,0.0009277462959289551,False,False
1596,"[[77]
 [82]
 [48]
 [52]
 [56]
 [57]
 [57]
 [52]]",1,glioma,1,1,1.0,0.019021988,-0.002512812614440918,False,False
1597,"[[77]
 [82]
 [48]
 [52]
 [56]
 [57]
 [57]
 [52]]",1,glioma,1,1,1.0,0.08506036,-0.026814699172973633,False,False
1598,"[[77]
 [82]
 [48]
 [52]
 [56]
 [57]
 [57]
 [52]]",1,glioma,1,1,1.0,0.0064549446,0.0007520318031311035,False,False
1599,"[[77]
 [82]
 [48]
 [52]
 [56]
 [57]
 [57]
 [52]]",1,glioma,1,1,1.0,0.04256171,0.0015498995780944824,False,False
1600,"[[77]
 [82]
 [48]
 [52]
 [56]
 [57]
 [57]
 [52]]",1,glioma,1,1,1.0,0.09991455,-0.006980240345001221,False,False
1602,"[[77]
 [82]
 [48]
 [52]
 [56]
 [57]
 [57]
 [52]]",1,glioma,1,1,1.0,0.10647243,-0.03689384460449219,False,False
1603,"[[77]
 [82]
 [48]
 [52]
 [56]
 [57]
 [57]
 [52]]",1,glioma,1,1,1.0,0.07103872,-0.00327301025390625,False,False
1627,"[[77]
 [82]
 [48]
 [50]
 [57]
 [50]
 [48]
 [57]
 [71]]",1,glioma,1,1,1.0,-2.5451183e-05,-1.5974044799804688e-05,False,False
1628,"[[77]
 [82]
 [48]
 [50]
 [57]
 [50]
 [48]
 [57]
 [71]]",1,glioma,1,1,1.0,-0.0078071356,-0.002690732479095459,False,False
1629,"[[77]
 [82]
 [48]
 [50]
 [57]
 [50]
 [48]
 [57]
 [71]]",1,glioma,1,1,1.0,-0.00023597479,4.696846008300781e-05,False,False
1630,"[[77]
 [82]
 [48]
 [50]
 [57]
 [50]
 [48]
 [57]
 [71]]",1,glioma,1,1,1.0,-6.735325e-06,1.7881393432617188e-07,False,False
1631,"[[77]
 [82]
 [48]
 [50]
 [57]
 [50]
 [48]
 [57]
 [71]]",1,glioma,1,1,1.0,-1.3053417e-05,2.8371810913085938e-05,False,False
1632,"[[77]
 [82]
 [48]
 [50]
 [57]
 [50]
 [48]
 [57]
 [71]]",1,glioma,1,1,1.0,-0.0005155206,-4.3451786041259766e-05,False,False
1633,"[[77]
 [82]
 [48]
 [50]
 [57]
 [50]
 [48]
 [57]
 [71]]",1,glioma,1,1,1.0,-7.1525574e-06,-7.808208465576172e-06,False,False
1663,"[[77]
 [82]
 [48]
 [50]
 [52]
 [55]
 [56]
 [48]
 [69]]",1,glioma,1,1,1.0,0.00034600496,1.1861324310302734e-05,False,False
1664,"[[77]
 [82]
 [48]
 [50]
 [52]
 [55]
 [56]
 [48]
 [69]]",1,glioma,1,1,1.0,2.9802322e-07,-1.7881393432617188e-07,False,False
1665,"[[77]
 [82]
 [48]
 [50]
 [52]
 [55]
 [56]
 [48]
 [69]]",1,glioma,1,1,1.0,1.9073486e-06,0.0,False,False
1695,"[[77]
 [82]
 [48]
 [49]
 [55]
 [50]
 [54]
 [48]
 [70]]",1,glioma,1,1,1.0,-6.020069e-06,-2.562999725341797e-06,False,False
1696,"[[77]
 [82]
 [48]
 [49]
 [55]
 [50]
 [54]
 [48]
 [70]]",1,glioma,1,1,,0.004049778,,False,
1697,"[[77]
 [82]
 [48]
 [49]
 [55]
 [50]
 [54]
 [48]
 [70]]",1,glioma,1,1,,-0.056410372,,False,
1698,"[[77]
 [82]
 [48]
 [49]
 [55]
 [50]
 [54]
 [48]
 [70]]",1,glioma,1,1,,-0.011897743,,False,
1699,"[[77]
 [82]
 [48]
 [49]
 [55]
 [50]
 [54]
 [48]
 [70]]",1,glioma,1,1,1.0,-0.009956658,0.0023431777954101562,False,False
1700,"[[77]
 [82]
 [48]
 [49]
 [55]
 [50]
 [54]
 [48]
 [70]]",1,glioma,1,1,,-0.016441584,,False,
1719,"[[77]
 [82]
 [48]
 [53]
 [49]
 [53]
 [56]
 [54]]",1,glioma,1,1,1.0,-0.023661017,0.054827094078063965,False,False
1720,"[[77]
 [82]
 [48]
 [53]
 [49]
 [53]
 [56]
 [54]]",1,glioma,1,1,,0.00024032593,,False,
1721,"[[77]
 [82]
 [48]
 [53]
 [49]
 [53]
 [56]
 [54]]",1,glioma,1,1,1.0,0.007357359,-0.048241376876831055,False,False
1722,"[[77]
 [82]
 [48]
 [53]
 [49]
 [53]
 [56]
 [54]]",1,glioma,1,1,1.0,0.00045597553,6.67572021484375e-06,False,False
1724,"[[77]
 [82]
 [48]
 [53]
 [49]
 [52]
 [54]
 [49]
 [66]]",1,glioma,1,1,1.0,0.049378574,0.011095702648162842,False,False
1725,"[[77]
 [82]
 [48]
 [53]
 [49]
 [52]
 [54]
 [49]
 [66]]",1,glioma,1,1,1.0,-0.016397536,-0.006964683532714844,False,False
1726,"[[77]
 [82]
 [48]
 [53]
 [49]
 [52]
 [54]
 [49]
 [66]]",1,glioma,1,1,1.0,-0.008103013,0.0002727508544921875,False,False
1727,"[[77]
 [82]
 [48]
 [53]
 [49]
 [52]
 [54]
 [49]
 [66]]",1,glioma,1,1,1.0,-0.021884322,0.004597187042236328,False,False
1728,"[[77]
 [82]
 [48]
 [53]
 [49]
 [54]
 [52]
 [52]]",1,glioma,1,1,1.0,-1.7881393e-07,0.0,False,False
1729,"[[77]
 [82]
 [48]
 [53]
 [49]
 [54]
 [52]
 [52]]",1,glioma,1,1,1.0,-6.854534e-06,-2.0503997802734375e-05,False,False
1730,"[[77]
 [82]
 [48]
 [53]
 [49]
 [54]
 [52]
 [52]]",1,glioma,1,1,1.0,-2.4437904e-06,0.0011463165283203125,False,False
1731,"[[77]
 [82]
 [48]
 [53]
 [49]
 [54]
 [52]
 [52]]",1,glioma,1,1,1.0,-3.2424927e-05,-1.239776611328125e-05,False,False
1732,"[[77]
 [82]
 [48]
 [53]
 [49]
 [54]
 [52]
 [52]]",1,glioma,1,1,1.0,6.5624714e-05,-3.4570693969726562e-06,False,False
1733,"[[77]
 [82]
 [48]
 [53]
 [49]
 [54]
 [52]
 [52]]",1,glioma,1,1,,-4.9591064e-05,,False,
1735,"[[77]
 [82]
 [48]
 [53]
 [49]
 [54]
 [52]
 [52]]",1,glioma,1,1,1.0,0.0061620474,0.01732182502746582,False,False
1736,"[[77]
 [82]
 [48]
 [53]
 [49]
 [54]
 [52]
 [52]]",1,glioma,1,1,1.0,0.025449932,-0.010830879211425781,False,False
1737,"[[77]
 [82]
 [48]
 [53]
 [49]
 [54]
 [52]
 [52]]",1,glioma,1,1,1.0,-0.0039054155,0.01634657382965088,False,False
1738,"[[77]
 [82]
 [48]
 [53]
 [49]
 [54]
 [52]
 [52]]",1,glioma,1,1,1.0,-0.00052183867,0.0030139684677124023,False,False
1739,"[[77]
 [82]
 [48]
 [53]
 [49]
 [54]
 [52]
 [52]]",1,glioma,1,1,,-2.5629997e-05,,False,
1740,"[[77]
 [82]
 [48]
 [53]
 [49]
 [54]
 [52]
 [52]]",1,glioma,1,1,,0.014480531,,False,
1790,"[[49]
 [48]
 [51]
 [57]
 [50]
 [53]]",1,meningioma,0,0,0.0,0.085430086,-0.00016319751739501953,False,False
1801,"[[49]
 [48]
 [51]
 [57]
 [50]
 [53]]",1,meningioma,0,0,0.0,0.23938382,0.0001481771469116211,False,False
1812,"[[49]
 [48]
 [51]
 [57]
 [50]
 [53]]",1,meningioma,0,0,0.0,0.32994092,0.004564225673675537,False,False
1817,"[[77]
 [82]
 [48]
 [53]
 [48]
 [54]
 [56]
 [55]
 [67]]",1,glioma,1,1,1.0,0.00036031008,0.00013762712478637695,False,False
1818,"[[77]
 [82]
 [48]
 [53]
 [48]
 [54]
 [56]
 [55]
 [67]]",1,glioma,1,1,1.0,0.00042110682,-0.00021702051162719727,False,False
1819,"[[77]
 [82]
 [48]
 [53]
 [48]
 [54]
 [56]
 [55]
 [67]]",1,glioma,1,1,1.0,-4.3809414e-05,0.00016427040100097656,False,False
1820,"[[77]
 [82]
 [48]
 [53]
 [48]
 [54]
 [56]
 [55]
 [67]]",1,glioma,1,1,1.0,-0.0004002452,-0.00023508071899414062,False,False
1821,"[[77]
 [82]
 [48]
 [53]
 [48]
 [54]
 [56]
 [55]
 [67]]",1,glioma,1,1,1.0,0.00069117546,0.0008032917976379395,False,False
1822,"[[77]
 [82]
 [48]
 [53]
 [48]
 [54]
 [56]
 [55]
 [67]]",1,glioma,1,1,1.0,0.00037521124,0.0005188584327697754,False,False
1823,"[[49]
 [48]
 [51]
 [57]
 [50]
 [53]]",1,meningioma,0,2,0.0,0.53775954,-0.001956045627593994,True,False
1824,"[[77]
 [82]
 [48]
 [53]
 [48]
 [54]
 [56]
 [55]
 [67]]",1,glioma,1,1,1.0,3.2782555e-06,3.4570693969726562e-06,False,False
1834,"[[49]
 [48]
 [51]
 [57]
 [50]
 [53]]",1,meningioma,0,0,0.0,0.45492417,0.006681501865386963,False,False
1845,"[[49]
 [48]
 [51]
 [57]
 [50]
 [53]]",1,meningioma,0,2,0.0,0.49975172,-0.017561912536621094,True,False
1856,"[[49]
 [48]
 [51]
 [57]
 [50]
 [53]]",1,meningioma,0,0,0.0,0.31989264,0.0019230842590332031,False,False
1867,"[[49]
 [48]
 [51]
 [57]
 [50]
 [53]]",1,meningioma,0,0,0.0,0.031820774,-0.018149137496948242,False,False
2002,"[[77]
 [82]
 [48]
 [50]
 [57]
 [50]
 [48]
 [57]
 [71]]",1,glioma,1,1,1.0,0.053310394,0.014013409614562988,False,False
2003,"[[77]
 [82]
 [48]
 [50]
 [57]
 [50]
 [48]
 [57]
 [71]]",1,glioma,1,0,1.0,0.36548996,0.02759838104248047,True,False
2004,"[[77]
 [82]
 [48]
 [50]
 [57]
 [50]
 [48]
 [57]
 [71]]",1,glioma,1,1,1.0,0.046611667,0.01832646131515503,False,False
2005,"[[77]
 [82]
 [48]
 [50]
 [57]
 [50]
 [48]
 [57]
 [71]]",1,glioma,1,1,1.0,0.006920874,6.824731826782227e-05,False,False
2006,"[[77]
 [82]
 [48]
 [50]
 [57]
 [50]
 [48]
 [57]
 [71]]",1,glioma,1,1,1.0,-0.00065624714,0.004807174205780029,False,False
2052,"[[77]
 [82]
 [48]
 [52]
 [56]
 [57]
 [57]
 [52]]",1,glioma,1,1,1.0,0.0411852,0.00015562772750854492,False,False
2053,"[[77]
 [82]
 [48]
 [52]
 [56]
 [57]
 [57]
 [52]]",1,glioma,1,1,1.0,0.12163347,-0.05658608675003052,False,False
2085,"[[77]
 [82]
 [48]
 [52]
 [57]
 [52]
 [53]
 [51]]",1,glioma,1,1,1.0,5.722046e-06,0.00024574995040893555,False,False
2087,"[[77]
 [82]
 [48]
 [52]
 [57]
 [52]
 [53]
 [51]]",1,glioma,1,1,1.0,0.04378438,0.002248704433441162,False,False
2088,"[[77]
 [82]
 [48]
 [52]
 [57]
 [52]
 [53]
 [51]]",1,glioma,1,1,1.0,0.016224205,0.00045990943908691406,False,False
2090,"[[77]
 [82]
 [48]
 [52]
 [57]
 [52]
 [53]
 [51]]",1,glioma,1,1,1.0,0.0011564493,0.00013142824172973633,False,False
2091,"[[77]
 [82]
 [48]
 [52]
 [57]
 [52]
 [53]
 [51]]",1,glioma,1,1,1.0,0.017959595,-5.692243576049805e-05,False,False
2092,"[[77]
 [82]
 [48]
 [52]
 [57]
 [52]
 [53]
 [51]]",1,glioma,1,1,1.0,0.009132385,0.04370903968811035,False,False
2093,"[[77]
 [82]
 [48]
 [52]
 [57]
 [52]
 [53]
 [51]]",1,glioma,1,1,1.0,0.0035858154,-0.00017505884170532227,False,False
2094,"[[77]
 [82]
 [48]
 [52]
 [57]
 [52]
 [53]
 [51]]",1,glioma,1,1,1.0,-1.9192696e-05,-0.00042879581451416016,False,False
2140,"[[77]
 [82]
 [48]
 [53]
 [49]
 [53]
 [56]
 [54]]",1,glioma,1,1,1.0,0.078665316,0.00017452239990234375,False,False
2141,"[[77]
 [82]
 [48]
 [53]
 [49]
 [53]
 [56]
 [54]]",1,glioma,1,1,1.0,-0.011231124,0.002532064914703369,False,False
2142,"[[77]
 [82]
 [48]
 [53]
 [49]
 [53]
 [56]
 [54]]",1,glioma,1,1,1.0,-0.028894305,-0.010143697261810303,False,False
2143,"[[77]
 [82]
 [48]
 [53]
 [49]
 [53]
 [56]
 [54]]",1,glioma,1,1,1.0,-0.009836376,0.03213632106781006,False,False
2144,"[[77]
 [82]
 [48]
 [53]
 [49]
 [53]
 [56]
 [54]]",1,glioma,1,1,1.0,-0.02477181,-0.031746745109558105,False,False
2146,"[[77]
 [82]
 [48]
 [53]
 [49]
 [53]
 [56]
 [54]]",1,glioma,1,1,1.0,0.24594474,-0.03057682514190674,False,False
2147,"[[77]
 [82]
 [48]
 [53]
 [49]
 [53]
 [56]
 [54]]",1,glioma,1,1,1.0,0.24347061,0.0038886666297912598,False,False
2148,"[[77]
 [82]
 [48]
 [53]
 [49]
 [53]
 [56]
 [54]]",1,glioma,1,1,1.0,0.03082031,0.0022777915000915527,False,False
2149,"[[77]
 [82]
 [48]
 [53]
 [49]
 [53]
 [56]
 [54]]",1,glioma,1,1,1.0,0.03445375,-0.002254486083984375,False,False
2150,"[[77]
 [82]
 [48]
 [53]
 [49]
 [54]
 [52]
 [52]]",1,glioma,1,1,1.0,-0.043030024,0.03215914964675903,False,False
2151,"[[77]
 [82]
 [48]
 [53]
 [49]
 [54]
 [52]
 [52]]",1,glioma,1,1,1.0,-0.08119655,0.061034202575683594,False,False
2152,"[[77]
 [82]
 [48]
 [53]
 [49]
 [54]
 [52]
 [52]]",1,glioma,1,1,1.0,-0.0008339882,0.00047588348388671875,False,False
2153,"[[77]
 [82]
 [48]
 [53]
 [49]
 [54]
 [52]
 [52]]",1,glioma,1,1,1.0,-0.019096673,0.008041322231292725,False,False
2154,"[[77]
 [82]
 [48]
 [53]
 [49]
 [54]
 [52]
 [52]]",1,glioma,1,1,,-0.04565209,,False,
2155,"[[77]
 [82]
 [48]
 [53]
 [49]
 [54]
 [52]
 [52]]",1,glioma,1,1,,0.018215537,,False,
2157,"[[77]
 [82]
 [48]
 [53]
 [49]
 [54]
 [52]
 [52]]",1,glioma,1,1,,0.087999046,,False,
2158,"[[77]
 [82]
 [48]
 [53]
 [49]
 [54]
 [52]
 [52]]",1,glioma,1,1,1.0,0.16814554,0.006605029106140137,False,False
2159,"[[77]
 [82]
 [48]
 [53]
 [49]
 [54]
 [52]
 [52]]",1,glioma,1,1,1.0,0.03340298,0.010025084018707275,False,False
2160,"[[77]
 [82]
 [48]
 [53]
 [49]
 [54]
 [52]
 [52]]",1,glioma,1,1,1.0,0.048369408,-0.013524055480957031,False,False
2211,"[[49]
 [48]
 [54]
 [54]
 [54]
 [53]]",1,meningioma,0,0,0.0,0.3798493,-0.06963664293289185,False,False
2218,"[[77]
 [82]
 [48]
 [53]
 [50]
 [53]
 [56]
 [53]
 [66]]",1,glioma,1,1,1.0,0.033070445,0.000714421272277832,False,False
2219,"[[77]
 [82]
 [48]
 [53]
 [50]
 [53]
 [56]
 [53]
 [66]]",1,glioma,1,1,1.0,-0.02878648,0.00047326087951660156,False,False
2220,"[[77]
 [82]
 [48]
 [53]
 [50]
 [53]
 [56]
 [53]
 [66]]",1,glioma,1,1,1.0,-0.00014865398,0.0003262758255004883,False,False
2224,"[[49]
 [48]
 [54]
 [54]
 [54]
 [53]]",1,meningioma,0,0,0.0,0.33633888,0.00022679567337036133,False,False
2235,"[[49]
 [48]
 [54]
 [54]
 [54]
 [53]]",1,meningioma,0,1,0.0,0.37865576,0.008945643901824951,True,False
2240,"[[77]
 [82]
 [48]
 [53]
 [48]
 [54]
 [56]
 [55]
 [67]]",1,glioma,1,1,1.0,-0.0017918348,-0.0016849040985107422,False,False
2241,"[[77]
 [82]
 [48]
 [53]
 [48]
 [54]
 [56]
 [55]
 [67]]",1,glioma,1,1,1.0,-0.008286297,0.0010133981704711914,False,False
2242,"[[77]
 [82]
 [48]
 [53]
 [48]
 [54]
 [56]
 [55]
 [67]]",1,glioma,1,1,1.0,-0.1655829,0.03504723310470581,False,False
2243,"[[77]
 [82]
 [48]
 [53]
 [48]
 [54]
 [56]
 [55]
 [67]]",1,glioma,1,0,0.0,0.088499695,0.028424054384231567,True,True
2244,"[[77]
 [82]
 [48]
 [53]
 [48]
 [54]
 [56]
 [55]
 [67]]",1,glioma,1,1,1.0,0.019017518,-0.0007530450820922852,False,False
2245,"[[77]
 [82]
 [48]
 [53]
 [48]
 [54]
 [56]
 [55]
 [67]]",1,glioma,1,1,1.0,0.00015318394,0.00016939640045166016,False,False
2246,"[[49]
 [48]
 [54]
 [54]
 [54]
 [53]]",1,meningioma,0,1,0.0,0.2847826,-0.03264743089675903,True,False
2247,"[[77]
 [82]
 [48]
 [53]
 [54]
 [49]
 [52]
 [52]]",1,glioma,1,1,1.0,0.01224041,0.015307903289794922,False,False
2248,"[[77]
 [82]
 [48]
 [53]
 [54]
 [49]
 [52]
 [52]]",1,glioma,1,1,1.0,0.00416106,-0.0005192756652832031,False,False
2257,"[[49]
 [48]
 [54]
 [54]
 [54]
 [53]]",1,meningioma,0,1,0.0,0.3205261,-0.007139146327972412,True,False
2267,"[[77]
 [82]
 [48]
 [50]
 [52]
 [55]
 [56]
 [48]
 [69]]",1,glioma,1,1,1.0,0.010226965,-0.001840353012084961,False,False
2269,"[[77]
 [82]
 [48]
 [50]
 [52]
 [55]
 [56]
 [48]
 [69]]",1,glioma,1,1,1.0,0.009674549,-1.6748905181884766e-05,False,False
2270,"[[77]
 [82]
 [48]
 [50]
 [52]
 [55]
 [56]
 [48]
 [69]]",1,glioma,1,1,1.0,0.0046922565,-0.00022399425506591797,False,False
2278,"[[77]
 [82]
 [48]
 [49]
 [55]
 [50]
 [54]
 [48]
 [70]]",1,glioma,1,1,1.0,0.0015212893,0.0017674565315246582,False,False
2282,"[[77]
 [82]
 [48]
 [49]
 [55]
 [50]
 [54]
 [48]
 [70]]",1,glioma,1,1,1.0,0.11694652,0.22296243906021118,False,False
2283,"[[77]
 [82]
 [48]
 [49]
 [55]
 [50]
 [54]
 [48]
 [70]]",1,glioma,1,1,1.0,0.00036096573,-0.0021666884422302246,False,False
2284,"[[77]
 [82]
 [48]
 [49]
 [55]
 [50]
 [54]
 [48]
 [70]]",1,glioma,1,1,1.0,-0.0036244392,0.022683382034301758,False,False
2285,"[[77]
 [82]
 [48]
 [49]
 [55]
 [50]
 [54]
 [48]
 [70]]",1,glioma,1,1,,-0.00058698654,,False,
2295,"[[56]
 [56]
 [53]
 [49]
 [48]]",1,meningioma,0,0,0.0,0.033915877,0.005881905555725098,False,False
2314,"[[49]
 [48]
 [55]
 [52]
 [57]
 [52]]",1,meningioma,0,0,0.0,0.1577797,0.014827728271484375,False,False
2315,"[[49]
 [48]
 [55]
 [52]
 [57]
 [52]]",1,meningioma,0,1,0.0,0.19656357,0.00819087028503418,True,False
2316,"[[49]
 [48]
 [55]
 [52]
 [57]
 [52]]",1,meningioma,0,0,0.0,0.14186734,-0.007054328918457031,False,False
2326,"[[49]
 [48]
 [56]
 [53]
 [57]
 [48]]",1,meningioma,0,0,0.0,0.12547332,0.000859379768371582,False,False
2327,"[[49]
 [48]
 [56]
 [53]
 [57]
 [48]]",1,meningioma,0,0,0.0,0.059044182,-0.0011894702911376953,False,False
2380,"[[49]
 [49]
 [51]
 [52]
 [51]
 [53]]",1,meningioma,0,1,0.0,0.49117532,-0.016823172569274902,True,False
2381,"[[49]
 [49]
 [51]
 [52]
 [51]
 [53]]",1,meningioma,0,1,0.0,0.39442068,0.0008317232131958008,True,False
2385,"[[49]
 [49]
 [51]
 [52]
 [51]
 [53]]",1,meningioma,0,1,0.0,0.44007066,0.15074479579925537,True,False
2386,"[[49]
 [49]
 [51]
 [52]
 [51]
 [53]]",1,meningioma,0,1,0.0,0.3402421,-0.00040400028228759766,True,False
2408,"[[57]
 [55]
 [55]
 [51]
 [55]]",1,meningioma,0,0,0.0,0.14947253,0.008622169494628906,False,False
2409,"[[57]
 [55]
 [55]
 [51]
 [55]]",1,meningioma,0,0,0.0,0.14837545,0.04140639305114746,False,False
2411,"[[57]
 [55]
 [55]
 [51]
 [55]]",1,meningioma,0,0,0.0,0.11335355,0.011643171310424805,False,False
2412,"[[57]
 [55]
 [55]
 [51]
 [55]]",1,meningioma,0,0,0.0,0.23122942,0.014741182327270508,False,False
2413,"[[57]
 [55]
 [55]
 [51]
 [55]]",1,meningioma,0,0,0.0,0.07536143,0.030454397201538086,False,False
2414,"[[57]
 [55]
 [55]
 [51]
 [55]]",1,meningioma,0,0,0.0,0.03608322,0.0037279725074768066,False,False
2419,"[[57]
 [55]
 [57]
 [52]
 [51]]",1,meningioma,0,0,0.0,0.28057688,0.005503535270690918,False,False
2420,"[[57]
 [55]
 [57]
 [52]
 [51]]",1,meningioma,0,0,0.0,0.26225144,0.0008826255798339844,False,False
2422,"[[57]
 [55]
 [57]
 [52]
 [51]]",1,meningioma,0,0,0.0,0.2946105,0.001473069190979004,False,False
2423,"[[57]
 [55]
 [57]
 [52]
 [51]]",1,meningioma,0,0,0.0,0.12163895,0.0013027191162109375,False,False
2424,"[[57]
 [55]
 [57]
 [52]
 [51]]",1,meningioma,0,0,0.0,0.023230433,-0.09022033214569092,False,False
2428,"[[57]
 [56]
 [50]
 [52]
 [49]]",1,meningioma,0,1,0.0,0.07469377,-0.050597190856933594,True,False
2429,"[[57]
 [56]
 [50]
 [52]
 [49]]",1,meningioma,0,0,0.0,0.071965575,0.006941437721252441,False,False
2430,"[[57]
 [56]
 [50]
 [52]
 [49]]",1,meningioma,0,0,0.0,0.085386395,0.032146453857421875,False,False
2431,"[[57]
 [56]
 [50]
 [52]
 [49]]",1,meningioma,0,0,0.0,0.082953334,0.002500474452972412,False,False
2440,"[[57]
 [57]
 [50]
 [56]
 [56]]",1,meningioma,0,0,0.0,0.046805143,-0.0034922361373901367,False,False
2460,"[[49]
 [48]
 [49]
 [48]
 [49]
 [54]]",1,meningioma,0,1,0.0,0.7195162,0.007364749908447266,True,False
2461,"[[49]
 [48]
 [49]
 [48]
 [49]
 [54]]",1,meningioma,0,1,0.0,0.7050169,-0.009290158748626709,True,False
2462,"[[49]
 [48]
 [49]
 [48]
 [49]
 [54]]",1,meningioma,0,1,0.0,0.6432257,0.01671755313873291,True,False
2464,"[[49]
 [48]
 [49]
 [48]
 [56]
 [50]]",1,meningioma,0,0,0.0,-0.1123122,0.014868617057800293,False,False
2466,"[[49]
 [48]
 [49]
 [48]
 [56]
 [50]]",1,meningioma,0,0,0.0,-0.05104351,-0.010797977447509766,False,False
2467,"[[49]
 [48]
 [49]
 [49]
 [50]
 [55]]",1,meningioma,0,0,0.0,0.26544636,0.0016453862190246582,False,False
2468,"[[49]
 [48]
 [49]
 [49]
 [50]
 [55]]",1,meningioma,0,1,0.0,0.6190586,0.000830531120300293,True,False
2469,"[[49]
 [48]
 [49]
 [49]
 [50]
 [55]]",1,meningioma,0,0,0.0,0.13941175,0.001130819320678711,False,False
2470,"[[49]
 [48]
 [49]
 [49]
 [50]
 [55]]",1,meningioma,0,1,0.0,0.42374352,-0.000882267951965332,True,False
2501,"[[49]
 [48]
 [50]
 [57]
 [54]
 [48]]",1,meningioma,0,0,0.0,0.19643068,-0.014627218246459961,False,False
2502,"[[49]
 [48]
 [50]
 [57]
 [54]
 [48]]",1,meningioma,0,1,0.0,0.42574522,0.008789539337158203,True,False
2513,"[[49]
 [48]
 [51]
 [57]
 [50]
 [53]]",1,meningioma,0,2,0.0,0.4537144,-0.012293756008148193,True,False
2514,"[[49]
 [48]
 [51]
 [57]
 [50]
 [53]]",1,meningioma,0,0,0.0,0.44852364,0.020453035831451416,False,False
2515,"[[49]
 [48]
 [51]
 [57]
 [50]
 [53]]",1,meningioma,0,0,0.0,0.23822206,0.014955699443817139,False,False
2547,"[[49]
 [48]
 [54]
 [54]
 [54]
 [53]]",1,meningioma,0,1,1.0,0.18148705,0.10000285506248474,True,True
2548,"[[49]
 [48]
 [54]
 [54]
 [54]
 [53]]",1,meningioma,0,1,1.0,0.06952703,0.0628136694431305,True,True
2550,"[[49]
 [48]
 [54]
 [54]
 [54]
 [53]]",1,meningioma,0,1,0.0,0.28429452,-0.03932201862335205,True,False
2551,"[[49]
 [48]
 [54]
 [54]
 [54]
 [53]]",1,meningioma,0,0,0.0,0.32406902,0.008639097213745117,False,False
2552,"[[49]
 [48]
 [54]
 [54]
 [54]
 [53]]",1,meningioma,0,0,0.0,0.18165171,-0.007093846797943115,False,False
2553,"[[49]
 [48]
 [54]
 [54]
 [54]
 [53]]",1,meningioma,0,0,0.0,0.36302602,0.008902132511138916,False,False
2572,"[[49]
 [48]
 [55]
 [52]
 [57]
 [52]]",1,meningioma,0,0,0.0,0.018877149,-8.654594421386719e-05,False,False
2573,"[[49]
 [48]
 [55]
 [52]
 [57]
 [52]]",1,meningioma,0,0,0.0,0.1278503,0.0004776120185852051,False,False
2574,"[[49]
 [48]
 [55]
 [52]
 [57]
 [52]]",1,meningioma,0,0,0.0,0.121496916,-0.0019651055335998535,False,False
2575,"[[49]
 [48]
 [55]
 [52]
 [57]
 [52]]",1,meningioma,0,0,0.0,0.0052322745,0.0023670196533203125,False,False
2589,"[[49]
 [48]
 [56]
 [53]
 [57]
 [48]]",1,meningioma,0,0,0.0,0.026166677,-0.001736760139465332,False,False
2590,"[[49]
 [48]
 [56]
 [53]
 [57]
 [48]]",1,meningioma,0,0,0.0,0.05704117,0.019523143768310547,False,False
2616,"[[49]
 [49]
 [49]
 [54]
 [57]
 [54]]",1,meningioma,0,0,0.0,-0.0037235618,0.005946934223175049,False,False
2617,"[[49]
 [49]
 [49]
 [55]
 [49]
 [48]]",1,meningioma,0,0,0.0,-0.021888137,-0.006123661994934082,False,False
2618,"[[49]
 [49]
 [49]
 [55]
 [49]
 [48]]",1,meningioma,0,0,0.0,0.0041154027,0.0002415180206298828,False,False
2650,"[[49]
 [49]
 [51]
 [52]
 [51]
 [53]]",1,meningioma,0,1,0.0,0.37213802,0.042042672634124756,True,False
2652,"[[49]
 [49]
 [51]
 [52]
 [51]
 [53]]",1,meningioma,0,1,1.0,0.23191139,0.05761963129043579,True,True
2653,"[[49]
 [49]
 [51]
 [52]
 [51]
 [53]]",1,meningioma,0,1,1.0,0.15536416,0.04922637343406677,True,True
2655,"[[49]
 [49]
 [51]
 [52]
 [51]
 [53]]",1,meningioma,0,1,0.0,0.08164257,0.028133630752563477,True,False
2662,"[[49]
 [49]
 [51]
 [54]
 [49]
 [52]]",1,meningioma,0,1,0.0,0.40468648,0.027289271354675293,True,False
2663,"[[49]
 [49]
 [51]
 [54]
 [49]
 [52]]",1,meningioma,0,0,0.0,0.02889067,0.04984360933303833,False,False
2700,"[[57]
 [55]
 [55]
 [51]
 [55]]",1,meningioma,0,0,0.0,-0.04511714,0.00870448350906372,False,False
2701,"[[57]
 [55]
 [55]
 [51]
 [55]]",1,meningioma,0,0,0.0,-0.04344815,0.062185823917388916,False,False
2704,"[[57]
 [55]
 [57]
 [52]
 [51]]",1,meningioma,0,0,0.0,0.21816349,0.007867157459259033,False,False
2705,"[[57]
 [55]
 [57]
 [52]
 [51]]",1,meningioma,0,1,0.0,0.34017426,0.015691399574279785,True,False
2706,"[[57]
 [55]
 [57]
 [52]
 [51]]",1,meningioma,0,0,0.0,0.14582747,0.0007278919219970703,False,False
2707,"[[57]
 [55]
 [57]
 [52]
 [51]]",1,meningioma,0,0,0.0,0.18955153,0.006921887397766113,False,False
2708,"[[57]
 [55]
 [57]
 [52]
 [51]]",1,meningioma,0,0,0.0,0.033750772,-0.0068503618240356445,False,False
2727,"[[57]
 [57]
 [50]
 [56]
 [56]]",1,meningioma,0,0,0.0,0.041053653,0.001981079578399658,False,False
2742,"[[49]
 [48]
 [53]
 [57]
 [51]
 [54]]",1,pituitary,2,2,2.0,-8.881092e-06,3.5762786865234375e-06,False,False
2744,"[[49]
 [48]
 [53]
 [57]
 [51]
 [54]]",1,pituitary,2,2,2.0,-2.8014183e-06,5.960464477539063e-08,False,False
2745,"[[49]
 [48]
 [53]
 [57]
 [51]
 [54]]",1,pituitary,2,2,2.0,-1.66893e-06,1.9550323486328125e-05,False,False
2759,"[[49]
 [48]
 [50]
 [48]
 [55]
 [53]]",1,glioma,1,1,1.0,-0.030005455,-0.004404902458190918,False,False
2765,"[[49]
 [48]
 [54]
 [54]
 [54]
 [53]]",1,meningioma,0,0,0.0,-0.16763207,0.037745118141174316,False,False
2776,"[[49]
 [48]
 [54]
 [54]
 [54]
 [53]]",1,meningioma,0,0,,-0.048787355,,False,
2779,"[[49]
 [49]
 [50]
 [49]
 [48]
 [53]]",1,glioma,1,2,,0.46535233,,True,
2780,"[[49]
 [49]
 [50]
 [49]
 [48]
 [53]]",1,glioma,1,2,,0.23980063,,True,
2781,"[[49]
 [49]
 [50]
 [49]
 [48]
 [53]]",1,glioma,1,1,,0.0076032877,,False,
2782,"[[49]
 [49]
 [50]
 [49]
 [48]
 [53]]",1,glioma,1,1,,-0.0346286,,False,
2783,"[[49]
 [49]
 [50]
 [49]
 [48]
 [53]]",1,glioma,1,1,,-0.021212459,,False,
2787,"[[49]
 [48]
 [54]
 [54]
 [54]
 [53]]",1,meningioma,0,0,0.0,-0.033465803,0.001484692096710205,False,False
2798,"[[49]
 [48]
 [54]
 [54]
 [54]
 [53]]",1,meningioma,0,0,0.0,0.08849102,0.010928094387054443,False,False
2800,"[[49]
 [48]
 [50]
 [48]
 [55]
 [53]]",1,glioma,1,1,1.0,0.00010240078,-0.008236825466156006,False,False
2801,"[[49]
 [48]
 [50]
 [48]
 [55]
 [53]]",1,glioma,1,1,1.0,0.015866935,-0.001987159252166748,False,False
2809,"[[49]
 [48]
 [54]
 [54]
 [54]
 [53]]",1,meningioma,0,0,0.0,0.2742874,0.00826120376586914,False,False
2820,"[[49]
 [48]
 [54]
 [54]
 [54]
 [53]]",1,meningioma,0,0,0.0,0.05396402,0.003461778163909912,False,False
2823,"[[49]
 [49]
 [50]
 [49]
 [48]
 [53]]",1,glioma,1,1,1.0,0.13675249,-0.04729682207107544,False,False
2824,"[[49]
 [49]
 [50]
 [49]
 [48]
 [53]]",1,glioma,1,1,1.0,-0.004750371,-0.09360170364379883,False,False
2825,"[[49]
 [49]
 [50]
 [49]
 [48]
 [53]]",1,glioma,1,0,,0.19099173,,True,
2826,"[[49]
 [49]
 [50]
 [49]
 [48]
 [53]]",1,glioma,1,0,,0.19426784,,True,
2827,"[[49]
 [49]
 [50]
 [49]
 [48]
 [53]]",1,glioma,1,0,1.0,0.15646294,-0.016974985599517822,True,False
2829,"[[49]
 [49]
 [50]
 [49]
 [48]
 [53]]",1,glioma,1,1,,0.013629556,,False,
2830,"[[49]
 [49]
 [50]
 [49]
 [48]
 [53]]",1,glioma,1,1,1.0,0.13068902,-0.03784656524658203,False,False
2831,"[[49]
 [48]
 [54]
 [54]
 [54]
 [53]]",1,meningioma,0,0,0.0,0.0415411,0.03591442108154297,False,False
2832,"[[49]
 [49]
 [50]
 [49]
 [48]
 [53]]",1,glioma,1,1,1.0,0.2128194,-0.039097487926483154,False,False
2833,"[[49]
 [49]
 [50]
 [49]
 [48]
 [53]]",1,glioma,1,1,1.0,0.03489828,0.11430001258850098,False,False
2856,"[[57]
 [51]
 [56]
 [50]
 [53]]",1,glioma,1,1,1.0,0.032585323,-0.043781280517578125,False,False
2863,"[[49]
 [48]
 [48]
 [52]
 [49]
 [54]]",1,glioma,1,1,1.0,0.058904648,-0.0003343820571899414,False,False
2864,"[[49]
 [48]
 [48]
 [52]
 [49]
 [54]]",1,glioma,1,1,1.0,0.10181475,-0.0045972466468811035,False,False
2866,"[[49]
 [48]
 [48]
 [52]
 [49]
 [54]]",1,glioma,1,1,1.0,0.1342504,-0.015439987182617188,False,False
2867,"[[49]
 [48]
 [48]
 [52]
 [49]
 [54]]",1,glioma,1,1,1.0,0.20791036,-0.010069847106933594,False,False
2884,"[[49]
 [48]
 [50]
 [48]
 [55]
 [53]]",1,glioma,1,1,1.0,0.0031072497,0.011203408241271973,False,False
2885,"[[49]
 [48]
 [50]
 [48]
 [55]
 [53]]",1,glioma,1,1,1.0,0.024617076,0.021983861923217773,False,False
2886,"[[49]
 [48]
 [50]
 [48]
 [55]
 [53]]",1,glioma,1,1,1.0,0.094243705,0.006886482238769531,False,False
2908,"[[49]
 [49]
 [50]
 [49]
 [48]
 [53]]",1,glioma,1,0,1.0,0.26835242,-0.060554683208465576,True,False
2913,"[[49]
 [49]
 [50]
 [49]
 [48]
 [53]]",1,glioma,1,1,,5.340576e-05,,False,
2914,"[[49]
 [49]
 [50]
 [49]
 [48]
 [53]]",1,glioma,1,1,,-0.13334346,,False,
2943,"[[57]
 [51]
 [56]
 [50]
 [53]]",1,glioma,1,1,1.0,0.0072135925,-0.0013654232025146484,False,False
2944,"[[57]
 [51]
 [56]
 [50]
 [53]]",1,glioma,1,1,1.0,0.03436017,-0.009896814823150635,False,False
2974,"[[49]
 [48]
 [53]
 [57]
 [51]
 [54]]",1,pituitary,2,2,2.0,3.9875507e-05,1.7344951629638672e-05,False,False
2975,"[[49]
 [48]
 [53]
 [57]
 [51]
 [54]]",1,pituitary,2,2,2.0,5.4061413e-05,-1.2218952178955078e-05,False,False
2977,"[[49]
 [48]
 [53]
 [57]
 [51]
 [54]]",1,pituitary,2,2,2.0,8.761883e-05,-3.141164779663086e-05,False,False
2978,"[[49]
 [48]
 [53]
 [57]
 [51]
 [54]]",1,pituitary,2,2,2.0,-4.1484833e-05,-3.0159950256347656e-05,False,False
3027,"[[49]
 [48]
 [57]
 [56]
 [57]
 [56]]",1,pituitary,2,2,2.0,-0.0009557009,0.0002828836441040039,False,False
3028,"[[49]
 [48]
 [57]
 [56]
 [57]
 [56]]",1,pituitary,2,2,2.0,-0.00057411194,-1.9252300262451172e-05,False,False
3029,"[[49]
 [48]
 [57]
 [56]
 [57]
 [56]]",1,pituitary,2,2,2.0,-0.0008497834,-2.7954578399658203e-05,False,False
3030,"[[49]
 [48]
 [57]
 [56]
 [57]
 [56]]",1,pituitary,2,2,2.0,-0.0013176203,-2.3245811462402344e-06,False,False
3032,"[[49]
 [48]
 [57]
 [56]
 [57]
 [56]]",1,pituitary,2,2,2.0,-0.0005469322,1.2099742889404297e-05,False,False
3033,"[[49]
 [48]
 [57]
 [56]
 [57]
 [56]]",1,pituitary,2,2,2.0,-0.0002555251,2.0265579223632812e-05,False,False
3038,"[[49]
 [49]
 [48]
 [57]
 [57]
 [51]]",1,pituitary,2,2,2.0,0.25077242,0.004641711711883545,False,False
3039,"[[49]
 [49]
 [48]
 [57]
 [57]
 [51]]",1,pituitary,2,2,2.0,0.0030085444,0.0005678534507751465,False,False
3040,"[[49]
 [49]
 [48]
 [57]
 [57]
 [51]]",1,pituitary,2,2,2.0,-0.0014933944,-0.0001672506332397461,False,False
3041,"[[49]
 [49]
 [48]
 [57]
 [57]
 [51]]",1,pituitary,2,2,2.0,-0.00013238192,-4.172325134277344e-06,False,False
3053,"[[49]
 [48]
 [55]
 [52]
 [57]
 [52]]",1,meningioma,0,2,0.0,0.4152694,-0.08349019289016724,True,False
0,"[[49]
 [48]
 [48]
 [51]
 [54]
 [48]]",2,meningioma,0,0,0.0,0.33426887,-0.0021729469299316406,False,False
6,"[[49]
 [49]
 [50]
 [55]
 [52]
 [54]]",2,pituitary,2,2,2.0,-0.043599546,0.002224266529083252,False,False
7,"[[49]
 [49]
 [50]
 [55]
 [52]
 [54]]",2,pituitary,2,2,2.0,0.031525195,0.03957092761993408,False,False
8,"[[49]
 [49]
 [50]
 [55]
 [52]
 [54]]",2,pituitary,2,2,2.0,0.04322076,0.01013118028640747,False,False
30,"[[49]
 [48]
 [49]
 [48]
 [49]
 [55]]",2,pituitary,2,2,2.0,-6.556511e-07,5.960464477539063e-08,False,False
31,"[[49]
 [48]
 [49]
 [48]
 [49]
 [55]]",2,pituitary,2,2,2.0,1.1324883e-06,-7.748603820800781e-07,False,False
32,"[[49]
 [48]
 [49]
 [48]
 [49]
 [55]]",2,pituitary,2,2,2.0,7.1525574e-06,8.463859558105469e-06,False,False
33,"[[49]
 [48]
 [49]
 [48]
 [49]
 [55]]",2,pituitary,2,2,2.0,8.4638596e-05,1.7881393432617188e-07,False,False
34,"[[49]
 [48]
 [49]
 [48]
 [49]
 [55]]",2,pituitary,2,2,2.0,3.6358833e-06,-1.2516975402832031e-06,False,False
36,"[[49]
 [48]
 [49]
 [48]
 [50]
 [57]]",2,pituitary,2,2,2.0,-0.006637931,-0.03006899356842041,False,False
37,"[[49]
 [48]
 [49]
 [48]
 [50]
 [57]]",2,pituitary,2,2,2.0,0.00044679642,-0.0004984140396118164,False,False
38,"[[49]
 [48]
 [49]
 [48]
 [50]
 [57]]",2,pituitary,2,2,2.0,0.0012221932,0.0006579756736755371,False,False
39,"[[49]
 [48]
 [49]
 [48]
 [50]
 [57]]",2,pituitary,2,2,2.0,0.0016772747,-0.00018155574798583984,False,False
41,"[[49]
 [48]
 [54]
 [48]
 [54]
 [50]]",2,pituitary,2,2,2.0,0.065571785,-0.0014542341232299805,False,False
42,"[[49]
 [48]
 [54]
 [48]
 [54]
 [50]]",2,pituitary,2,2,2.0,0.06410962,-0.0073868632316589355,False,False
43,"[[49]
 [48]
 [54]
 [48]
 [54]
 [50]]",2,pituitary,2,2,2.0,0.05194509,0.03533768653869629,False,False
44,"[[49]
 [48]
 [54]
 [48]
 [54]
 [50]]",2,pituitary,2,2,2.0,0.012254655,0.014043271541595459,False,False
45,"[[49]
 [48]
 [54]
 [48]
 [54]
 [50]]",2,pituitary,2,2,2.0,0.023762882,-0.007180750370025635,False,False
46,"[[49]
 [48]
 [56]
 [53]
 [49]
 [52]]",2,meningioma,0,0,0.0,-0.07537413,-0.02300119400024414,False,False
47,"[[49]
 [48]
 [54]
 [48]
 [54]
 [50]]",2,pituitary,2,2,2.0,0.05883795,-0.005900859832763672,False,False
48,"[[49]
 [48]
 [54]
 [48]
 [54]
 [50]]",2,pituitary,2,2,2.0,0.14534223,0.009504914283752441,False,False
57,"[[49]
 [48]
 [56]
 [53]
 [49]
 [52]]",2,meningioma,0,0,0.0,0.050646067,-0.021515846252441406,False,False
62,"[[49]
 [48]
 [55]
 [53]
 [48]
 [53]]",2,pituitary,2,2,2.0,-0.012483478,0.002969205379486084,False,False
63,"[[49]
 [48]
 [55]
 [53]
 [48]
 [53]]",2,pituitary,2,2,2.0,0.00029563904,-1.1265277862548828e-05,False,False
64,"[[49]
 [48]
 [55]
 [53]
 [48]
 [53]]",2,pituitary,2,2,2.0,-0.0019581318,-0.0004382133483886719,False,False
65,"[[49]
 [48]
 [55]
 [53]
 [48]
 [53]]",2,pituitary,2,2,2.0,-0.06900388,0.013131856918334961,False,False
67,"[[49]
 [48]
 [55]
 [55]
 [52]
 [51]]",2,pituitary,2,2,2.0,0.07259506,0.009924650192260742,False,False
68,"[[49]
 [48]
 [56]
 [53]
 [49]
 [52]]",2,meningioma,0,0,0.0,0.13504392,0.03902316093444824,False,False
69,"[[49]
 [48]
 [55]
 [55]
 [52]
 [51]]",2,pituitary,2,2,2.0,0.017490208,0.003446221351623535,False,False
70,"[[49]
 [48]
 [55]
 [55]
 [52]
 [51]]",2,pituitary,2,2,2.0,0.0017344952,2.6464462280273438e-05,False,False
71,"[[49]
 [48]
 [55]
 [55]
 [52]
 [51]]",2,pituitary,2,2,2.0,0.003494382,2.8908252716064453e-05,False,False
72,"[[49]
 [48]
 [55]
 [55]
 [52]
 [51]]",2,pituitary,2,2,2.0,0.034483433,-0.001998722553253174,False,False
73,"[[49]
 [48]
 [55]
 [55]
 [52]
 [51]]",2,pituitary,2,2,2.0,0.010627091,0.0001850724220275879,False,False
74,"[[49]
 [48]
 [56]
 [56]
 [53]
 [56]]",2,pituitary,2,2,2.0,0.035475254,0.0017821788787841797,False,False
75,"[[49]
 [48]
 [56]
 [56]
 [53]
 [56]]",2,pituitary,2,2,2.0,0.080474794,0.00666499137878418,False,False
76,"[[49]
 [48]
 [56]
 [56]
 [53]
 [56]]",2,pituitary,2,2,2.0,0.07089019,-0.06835615634918213,False,False
77,"[[49]
 [48]
 [56]
 [56]
 [53]
 [56]]",2,pituitary,2,2,2.0,0.03037393,-0.003179311752319336,False,False
78,"[[49]
 [48]
 [56]
 [56]
 [53]
 [56]]",2,pituitary,2,2,2.0,-0.043070734,0.002049267292022705,False,False
79,"[[49]
 [48]
 [56]
 [53]
 [49]
 [52]]",2,meningioma,0,0,0.0,0.0363847,0.0025770068168640137,False,False
90,"[[49]
 [48]
 [56]
 [53]
 [49]
 [52]]",2,meningioma,0,0,0.0,0.13397127,0.016991615295410156,False,False
101,"[[49]
 [48]
 [56]
 [53]
 [49]
 [52]]",2,meningioma,0,0,0.0,0.017698467,-0.010408580303192139,False,False
113,"[[49]
 [48]
 [56]
 [53]
 [49]
 [52]]",2,meningioma,0,0,0.0,-0.0046312213,-0.017908751964569092,False,False
158,"[[49]
 [49]
 [50]
 [55]
 [52]
 [54]]",2,pituitary,2,2,2.0,0.00045919418,-1.055002212524414e-05,False,False
159,"[[49]
 [49]
 [50]
 [55]
 [52]
 [54]]",2,pituitary,2,2,2.0,-0.00013792515,6.401538848876953e-05,False,False
160,"[[49]
 [49]
 [50]
 [55]
 [52]
 [54]]",2,pituitary,2,2,2.0,-0.00016409159,-4.649162292480469e-06,False,False
161,"[[49]
 [49]
 [50]
 [55]
 [52]
 [54]]",2,pituitary,2,2,2.0,6.151199e-05,6.377696990966797e-06,False,False
189,"[[49]
 [48]
 [54]
 [48]
 [54]
 [50]]",2,pituitary,2,2,2.0,-0.00037175417,8.600950241088867e-05,False,False
191,"[[49]
 [48]
 [54]
 [48]
 [54]
 [50]]",2,pituitary,2,2,2.0,-0.0009737015,0.00013744831085205078,False,False
192,"[[49]
 [48]
 [54]
 [48]
 [54]
 [50]]",2,pituitary,2,2,2.0,-0.0029249787,-1.2695789337158203e-05,False,False
193,"[[49]
 [48]
 [54]
 [48]
 [54]
 [50]]",2,pituitary,2,2,2.0,-0.0033791065,0.0022513866424560547,False,False
194,"[[49]
 [48]
 [54]
 [48]
 [54]
 [50]]",2,pituitary,2,2,2.0,-0.001319766,-0.0003923177719116211,False,False
195,"[[49]
 [48]
 [54]
 [48]
 [54]
 [50]]",2,pituitary,2,2,2.0,-0.0016896725,0.000987231731414795,False,False
196,"[[49]
 [48]
 [54]
 [48]
 [54]
 [50]]",2,pituitary,2,2,2.0,-0.0035070777,-0.0002917647361755371,False,False
211,"[[49]
 [48]
 [55]
 [53]
 [48]
 [53]]",2,pituitary,2,2,2.0,-0.0015686154,3.2842159271240234e-05,False,False
212,"[[49]
 [48]
 [57]
 [52]
 [49]
 [49]]",2,meningioma,0,0,0.0,0.033707142,-0.0010131001472473145,False,False
213,"[[49]
 [48]
 [55]
 [53]
 [48]
 [53]]",2,pituitary,2,2,2.0,-0.002963245,0.00016421079635620117,False,False
214,"[[49]
 [48]
 [55]
 [53]
 [48]
 [53]]",2,pituitary,2,2,2.0,-0.006830573,-0.00023239850997924805,False,False
215,"[[49]
 [48]
 [55]
 [53]
 [48]
 [53]]",2,pituitary,2,2,2.0,-0.0020427704,0.00013905763626098633,False,False
216,"[[49]
 [48]
 [55]
 [53]
 [48]
 [53]]",2,pituitary,2,2,2.0,-0.0020300746,0.00014144182205200195,False,False
217,"[[49]
 [48]
 [55]
 [55]
 [52]
 [51]]",2,pituitary,2,2,2.0,-0.0018490553,2.0742416381835938e-05,False,False
218,"[[49]
 [48]
 [55]
 [55]
 [52]
 [51]]",2,pituitary,2,2,2.0,-0.00053811073,1.6391277313232422e-05,False,False
219,"[[49]
 [48]
 [55]
 [55]
 [52]
 [51]]",2,pituitary,2,2,2.0,-0.00031870604,7.748603820800781e-06,False,False
220,"[[49]
 [48]
 [55]
 [55]
 [52]
 [51]]",2,pituitary,2,2,2.0,-4.4107437e-05,-2.199411392211914e-05,False,False
221,"[[49]
 [48]
 [56]
 [56]
 [53]
 [56]]",2,pituitary,2,2,2.0,-0.00010806322,4.279613494873047e-05,False,False
222,"[[49]
 [48]
 [56]
 [56]
 [53]
 [56]]",2,pituitary,2,2,2.0,4.285574e-05,9.244680404663086e-05,False,False
224,"[[49]
 [48]
 [57]
 [57]
 [54]
 [56]]",2,meningioma,0,0,0.0,0.033120513,0.027224183082580566,False,False
225,"[[49]
 [48]
 [56]
 [56]
 [53]
 [56]]",2,pituitary,2,2,2.0,0.0010027885,-1.9669532775878906e-06,False,False
226,"[[49]
 [48]
 [56]
 [56]
 [53]
 [56]]",2,pituitary,2,2,2.0,0.0010146499,0.00033587217330932617,False,False
227,"[[49]
 [48]
 [56]
 [56]
 [53]
 [56]]",2,pituitary,2,2,2.0,-0.0030092597,0.00412440299987793,False,False
257,"[[49]
 [48]
 [57]
 [57]
 [54]
 [56]]",2,meningioma,0,1,0.0,0.15411654,0.06818801164627075,True,False
286,"[[49]
 [49]
 [50]
 [55]
 [52]
 [54]]",2,pituitary,2,2,2.0,-0.00081825256,-1.3768672943115234e-05,False,False
287,"[[49]
 [49]
 [50]
 [55]
 [52]
 [54]]",2,pituitary,2,2,2.0,-0.011338949,0.001637101173400879,False,False
288,"[[49]
 [49]
 [50]
 [55]
 [52]
 [54]]",2,pituitary,2,2,2.0,-0.0025274158,9.238719940185547e-06,False,False
289,"[[49]
 [49]
 [50]
 [55]
 [52]
 [54]]",2,pituitary,2,2,2.0,-0.00092738867,-7.289648056030273e-05,False,False
291,"[[49]
 [49]
 [50]
 [55]
 [52]
 [54]]",2,pituitary,2,2,2.0,-0.0015417337,1.430511474609375e-06,False,False
316,"[[49]
 [48]
 [49]
 [48]
 [50]
 [57]]",2,pituitary,2,2,2.0,-0.006987691,0.00018262863159179688,False,False
317,"[[49]
 [48]
 [49]
 [48]
 [50]
 [57]]",2,pituitary,2,2,2.0,-0.00095301867,0.0001412034034729004,False,False
347,"[[49]
 [48]
 [51]
 [52]
 [55]
 [56]]",2,pituitary,2,2,2.0,-0.036580443,-0.0048479437828063965,False,False
348,"[[49]
 [48]
 [51]
 [52]
 [55]
 [56]]",2,pituitary,2,2,2.0,-0.012275457,0.011420845985412598,False,False
349,"[[49]
 [48]
 [51]
 [52]
 [55]
 [56]]",2,pituitary,2,2,2.0,-0.010873616,-0.0018358230590820312,False,False
350,"[[49]
 [48]
 [51]
 [52]
 [55]
 [56]]",2,pituitary,2,2,2.0,-0.04061848,0.0001240372657775879,False,False
351,"[[49]
 [48]
 [51]
 [52]
 [55]
 [56]]",2,pituitary,2,2,2.0,-0.11213207,0.002102971076965332,False,False
352,"[[49]
 [48]
 [51]
 [52]
 [55]
 [56]]",2,pituitary,2,2,2.0,-0.13170373,-0.0074037909507751465,False,False
353,"[[49]
 [48]
 [51]
 [52]
 [55]
 [56]]",2,pituitary,2,2,2.0,-0.011542559,-0.0001717209815979004,False,False
411,"[[49]
 [48]
 [52]
 [57]
 [49]
 [50]]",2,pituitary,2,2,2.0,-0.00031614304,2.7418136596679688e-05,False,False
413,"[[49]
 [48]
 [52]
 [57]
 [49]
 [50]]",2,pituitary,2,2,2.0,-0.00036871433,-2.384185791015625e-06,False,False
414,"[[49]
 [48]
 [52]
 [57]
 [49]
 [50]]",2,pituitary,2,2,2.0,-0.0013101697,6.0617923736572266e-05,False,False
415,"[[49]
 [48]
 [52]
 [57]
 [49]
 [50]]",2,pituitary,2,2,2.0,-0.00641042,-0.000436246395111084,False,False
416,"[[49]
 [48]
 [52]
 [57]
 [49]
 [50]]",2,pituitary,2,2,2.0,-0.028286278,-3.743171691894531e-05,False,False
430,"[[57]
 [55]
 [52]
 [49]
 [54]]",2,pituitary,2,2,2.0,-0.0057768226,-0.0003210902214050293,False,False
431,"[[57]
 [55]
 [52]
 [49]
 [54]]",2,pituitary,2,2,2.0,0.025895417,0.000902712345123291,False,False
432,"[[57]
 [55]
 [52]
 [49]
 [54]]",2,pituitary,2,2,2.0,-0.0054548383,0.0005064010620117188,False,False
433,"[[57]
 [55]
 [52]
 [49]
 [54]]",2,pituitary,2,2,2.0,-0.011321425,-0.00047522783279418945,False,False
435,"[[57]
 [55]
 [52]
 [49]
 [54]]",2,pituitary,2,2,2.0,-0.01302135,-0.0003120899200439453,False,False
436,"[[57]
 [55]
 [52]
 [49]
 [54]]",2,pituitary,2,2,2.0,-0.035337567,-0.021048128604888916,False,False
437,"[[57]
 [55]
 [52]
 [49]
 [54]]",2,pituitary,2,2,2.0,-0.03936428,-0.0008780956268310547,False,False
438,"[[57]
 [55]
 [52]
 [49]
 [54]]",2,pituitary,2,2,2.0,-0.0136393905,-0.0019820332527160645,False,False
439,"[[57]
 [55]
 [52]
 [49]
 [54]]",2,pituitary,2,2,2.0,-0.0022199154,-2.282857894897461e-05,False,False
473,"[[57]
 [56]
 [56]
 [55]
 [49]]",2,pituitary,2,2,2.0,-8.21352e-05,-2.1398067474365234e-05,False,False
474,"[[57]
 [56]
 [56]
 [55]
 [49]]",2,pituitary,2,2,2.0,-0.0019922256,-0.00023418664932250977,False,False
475,"[[57]
 [56]
 [56]
 [55]
 [49]]",2,pituitary,2,2,2.0,-0.0016312599,0.0006580352783203125,False,False
476,"[[57]
 [56]
 [56]
 [55]
 [49]]",2,pituitary,2,2,2.0,-0.024698138,-0.00042575597763061523,False,False
477,"[[57]
 [56]
 [56]
 [55]
 [49]]",2,pituitary,2,2,2.0,-0.008359551,-0.001331329345703125,False,False
478,"[[57]
 [56]
 [56]
 [55]
 [49]]",2,pituitary,2,2,2.0,-0.0037073493,0.004830658435821533,False,False
485,"[[57]
 [56]
 [57]
 [57]
 [50]]",2,pituitary,2,2,2.0,-0.01766318,0.017508983612060547,False,False
486,"[[57]
 [56]
 [57]
 [57]
 [50]]",2,pituitary,2,2,2.0,-0.07236707,0.0007017850875854492,False,False
487,"[[57]
 [56]
 [57]
 [57]
 [50]]",2,pituitary,2,2,2.0,-0.070405364,0.012640535831451416,False,False
488,"[[57]
 [56]
 [57]
 [57]
 [50]]",2,pituitary,2,2,2.0,-0.21542382,-0.03551340103149414,False,False
489,"[[57]
 [56]
 [57]
 [57]
 [50]]",2,pituitary,2,2,2.0,-0.026023269,0.002338111400604248,False,False
491,"[[57]
 [56]
 [57]
 [57]
 [50]]",2,pituitary,2,2,2.0,-0.027858138,0.008394002914428711,False,False
492,"[[57]
 [56]
 [57]
 [57]
 [50]]",2,pituitary,2,2,2.0,0.00299114,0.0013880729675292969,False,False
508,"[[49]
 [48]
 [49]
 [48]
 [49]
 [55]]",2,pituitary,2,2,2.0,0.0028520226,0.0007063746452331543,False,False
509,"[[49]
 [48]
 [49]
 [48]
 [49]
 [55]]",2,pituitary,2,2,2.0,0.034284294,0.0032476186752319336,False,False
510,"[[49]
 [48]
 [49]
 [48]
 [49]
 [55]]",2,pituitary,2,2,2.0,0.015364289,-0.002913177013397217,False,False
511,"[[49]
 [48]
 [49]
 [48]
 [49]
 [55]]",2,pituitary,2,2,2.0,0.00022596121,0.0003560781478881836,False,False
513,"[[49]
 [48]
 [49]
 [48]
 [49]
 [55]]",2,pituitary,2,2,2.0,0.00067567825,-4.57763671875e-05,False,False
514,"[[49]
 [48]
 [49]
 [48]
 [49]
 [55]]",2,pituitary,2,2,2.0,-0.019055307,-0.005029439926147461,False,False
515,"[[49]
 [48]
 [49]
 [48]
 [50]
 [57]]",2,pituitary,2,2,2.0,-0.0060135126,0.0009322166442871094,False,False
516,"[[49]
 [48]
 [49]
 [48]
 [50]
 [57]]",2,pituitary,2,2,2.0,0.026934028,-0.002742290496826172,False,False
517,"[[49]
 [48]
 [49]
 [48]
 [50]
 [57]]",2,pituitary,2,2,2.0,0.013566732,-0.0021770596504211426,False,False
518,"[[49]
 [48]
 [49]
 [48]
 [50]
 [57]]",2,pituitary,2,2,2.0,0.14770997,0.005035221576690674,False,False
519,"[[49]
 [48]
 [49]
 [48]
 [50]
 [57]]",2,pituitary,2,2,2.0,0.00923723,-0.00039005279541015625,False,False
520,"[[49]
 [48]
 [49]
 [48]
 [50]
 [57]]",2,pituitary,2,2,2.0,0.005829096,0.0022522807121276855,False,False
554,"[[49]
 [48]
 [51]
 [52]
 [55]
 [56]]",2,pituitary,2,2,2.0,0.0030973554,0.0017687678337097168,False,False
555,"[[49]
 [48]
 [51]
 [52]
 [55]
 [56]]",2,pituitary,2,2,2.0,-0.009562314,0.0003063082695007324,False,False
558,"[[49]
 [48]
 [51]
 [52]
 [55]
 [56]]",2,pituitary,2,2,2.0,-0.02571249,-0.0023201704025268555,False,False
559,"[[49]
 [48]
 [51]
 [52]
 [55]
 [56]]",2,pituitary,2,2,2.0,-0.0044479966,-0.0023912787437438965,False,False
560,"[[49]
 [48]
 [51]
 [52]
 [55]
 [56]]",2,pituitary,2,2,2.0,-0.00033062696,-5.304813385009766e-06,False,False
561,"[[49]
 [48]
 [51]
 [52]
 [55]
 [56]]",2,pituitary,2,2,2.0,0.00016242266,-5.662441253662109e-06,False,False
562,"[[49]
 [48]
 [51]
 [52]
 [55]
 [56]]",2,pituitary,2,2,2.0,-0.00015044212,0.00023514032363891602,False,False
563,"[[49]
 [48]
 [51]
 [52]
 [55]
 [56]]",2,pituitary,2,2,2.0,0.0008329749,0.00013369321823120117,False,False
616,"[[49]
 [48]
 [52]
 [57]
 [49]
 [50]]",2,pituitary,2,2,2.0,0.0044952035,0.002416372299194336,False,False
617,"[[49]
 [48]
 [52]
 [57]
 [49]
 [50]]",2,pituitary,2,2,2.0,-0.016410708,0.008307814598083496,False,False
618,"[[49]
 [48]
 [52]
 [57]
 [49]
 [50]]",2,pituitary,2,2,2.0,-0.0055618286,0.0001474618911743164,False,False
619,"[[49]
 [48]
 [52]
 [57]
 [49]
 [50]]",2,pituitary,2,2,2.0,0.0012028813,-0.0012943148612976074,False,False
638,"[[57]
 [55]
 [52]
 [49]
 [54]]",2,pituitary,2,2,2.0,0.011026144,-0.00162428617477417,False,False
639,"[[57]
 [55]
 [52]
 [49]
 [54]]",2,pituitary,2,2,2.0,0.07068789,-0.00794607400894165,False,False
640,"[[57]
 [55]
 [52]
 [49]
 [54]]",2,pituitary,2,2,2.0,0.024251163,-0.002324819564819336,False,False
641,"[[57]
 [55]
 [52]
 [49]
 [54]]",2,pituitary,2,2,2.0,0.04968846,0.003320038318634033,False,False
642,"[[57]
 [55]
 [52]
 [49]
 [54]]",2,pituitary,2,2,2.0,-0.00094902515,-0.0004987716674804688,False,False
643,"[[57]
 [55]
 [52]
 [49]
 [54]]",2,pituitary,2,2,2.0,-0.0012373924,-0.00018548965454101562,False,False
644,"[[57]
 [55]
 [52]
 [49]
 [54]]",2,pituitary,2,2,2.0,-0.0010380149,0.00038802623748779297,False,False
646,"[[57]
 [55]
 [52]
 [49]
 [54]]",2,pituitary,2,2,2.0,-0.0001733303,-2.3663043975830078e-05,False,False
661,"[[57]
 [55]
 [53]
 [57]
 [57]]",2,pituitary,2,2,2.0,-2.3722649e-05,2.086162567138672e-06,False,False
662,"[[57]
 [55]
 [53]
 [57]
 [57]]",2,pituitary,2,2,2.0,1.5556812e-05,-1.7881393432617188e-07,False,False
678,"[[57]
 [56]
 [56]
 [55]
 [49]]",2,pituitary,2,2,2.0,-2.9563904e-05,4.410743713378906e-06,False,False
680,"[[57]
 [56]
 [56]
 [55]
 [49]]",2,pituitary,2,2,2.0,-0.00049602985,-1.9669532775878906e-05,False,False
681,"[[57]
 [56]
 [56]
 [55]
 [49]]",2,pituitary,2,2,2.0,-0.0010823011,0.00016862154006958008,False,False
682,"[[57]
 [56]
 [56]
 [55]
 [49]]",2,pituitary,2,2,2.0,-0.00088626146,0.0005758404731750488,False,False
683,"[[57]
 [56]
 [56]
 [55]
 [49]]",2,pituitary,2,2,2.0,-0.00031262636,0.0004124641418457031,False,False
684,"[[57]
 [56]
 [56]
 [55]
 [49]]",2,pituitary,2,2,2.0,-6.318092e-05,-9.28640365600586e-05,False,False
685,"[[57]
 [56]
 [56]
 [55]
 [49]]",2,pituitary,2,2,2.0,-0.0034086704,-0.0005050301551818848,False,False
692,"[[57]
 [56]
 [57]
 [57]
 [50]]",2,pituitary,2,2,2.0,0.0018876791,0.0027588605880737305,False,False
693,"[[57]
 [56]
 [57]
 [57]
 [50]]",2,pituitary,2,2,2.0,0.13686538,0.004059493541717529,False,False
694,"[[57]
 [56]
 [57]
 [57]
 [50]]",2,pituitary,2,2,2.0,0.013987303,0.0027230381965637207,False,False
695,"[[57]
 [56]
 [57]
 [57]
 [50]]",2,pituitary,2,2,2.0,-0.0029088259,0.0025053024291992188,False,False
696,"[[57]
 [56]
 [57]
 [57]
 [50]]",2,pituitary,2,2,2.0,-0.020606518,-0.017073392868041992,False,False
697,"[[57]
 [56]
 [57]
 [57]
 [50]]",2,pituitary,2,2,2.0,-0.011994779,0.003577113151550293,False,False
698,"[[57]
 [56]
 [57]
 [57]
 [50]]",2,pituitary,2,2,2.0,0.002929747,0.0011571049690246582,False,False
713,"[[49]
 [48]
 [49]
 [48]
 [49]
 [55]]",2,pituitary,2,2,2.0,9.1433525e-05,5.7220458984375e-06,False,False
714,"[[49]
 [48]
 [49]
 [48]
 [49]
 [55]]",2,pituitary,2,2,2.0,0.0010390878,-4.00543212890625e-05,False,False
715,"[[49]
 [48]
 [49]
 [48]
 [49]
 [55]]",2,pituitary,2,2,2.0,0.00045114756,-3.993511199951172e-06,False,False
716,"[[49]
 [48]
 [49]
 [48]
 [49]
 [55]]",2,pituitary,2,2,2.0,-0.0027707815,-0.0016167163848876953,False,False
717,"[[49]
 [48]
 [49]
 [48]
 [50]
 [57]]",2,pituitary,2,2,2.0,-0.00052404404,-3.808736801147461e-05,False,False
718,"[[49]
 [48]
 [49]
 [48]
 [50]
 [57]]",2,pituitary,2,2,2.0,-0.0002746582,4.947185516357422e-06,False,False
719,"[[49]
 [48]
 [49]
 [48]
 [50]
 [57]]",2,pituitary,2,2,2.0,-4.386902e-05,-5.9604644775390625e-06,False,False
720,"[[49]
 [48]
 [49]
 [48]
 [50]
 [57]]",2,pituitary,2,2,2.0,-0.00040590763,-3.4332275390625e-05,False,False
721,"[[49]
 [48]
 [49]
 [48]
 [50]
 [57]]",2,pituitary,2,2,2.0,-0.00031846762,-2.9325485229492188e-05,False,False
722,"[[49]
 [48]
 [49]
 [48]
 [50]
 [57]]",2,pituitary,2,2,2.0,-0.00019407272,-4.976987838745117e-05,False,False
724,"[[49]
 [48]
 [49]
 [48]
 [50]
 [57]]",2,pituitary,2,2,2.0,-0.00011587143,-1.996755599975586e-05,False,False
761,"[[49]
 [48]
 [51]
 [52]
 [55]
 [56]]",2,pituitary,2,2,2.0,-0.0040970445,-8.875131607055664e-05,False,False
762,"[[49]
 [48]
 [51]
 [52]
 [55]
 [56]]",2,pituitary,2,2,2.0,-0.0025798082,-0.00010085105895996094,False,False
763,"[[49]
 [48]
 [51]
 [52]
 [55]
 [56]]",2,pituitary,2,2,2.0,-0.0035859942,6.181001663208008e-05,False,False
764,"[[49]
 [48]
 [51]
 [52]
 [55]
 [56]]",2,pituitary,2,2,2.0,-0.015922964,-0.0025703907012939453,False,False
765,"[[49]
 [48]
 [51]
 [52]
 [55]
 [56]]",2,pituitary,2,2,2.0,-0.009393215,0.003077387809753418,False,False
766,"[[49]
 [48]
 [51]
 [52]
 [55]
 [56]]",2,pituitary,2,2,2.0,-0.009878337,-9.5367431640625e-06,False,False
768,"[[49]
 [48]
 [51]
 [52]
 [55]
 [56]]",2,pituitary,2,2,2.0,-0.00030708313,5.906820297241211e-05,False,False
769,"[[49]
 [48]
 [51]
 [52]
 [55]
 [56]]",2,pituitary,2,2,2.0,-0.0038660169,-0.0002327561378479004,False,False
825,"[[49]
 [48]
 [52]
 [57]
 [49]
 [50]]",2,pituitary,2,2,2.0,0.004484892,-0.00010728836059570312,False,False
826,"[[49]
 [48]
 [52]
 [57]
 [49]
 [50]]",2,pituitary,2,2,2.0,0.0059859157,0.0027118921279907227,False,False
827,"[[49]
 [48]
 [52]
 [57]
 [49]
 [50]]",2,pituitary,2,2,2.0,-0.053792298,-0.002837657928466797,False,False
828,"[[49]
 [48]
 [52]
 [57]
 [49]
 [50]]",2,pituitary,2,2,2.0,-0.0058365464,-0.001187145709991455,False,False
829,"[[49]
 [48]
 [52]
 [57]
 [49]
 [50]]",2,pituitary,2,2,2.0,-0.0066099167,-7.450580596923828e-06,False,False
830,"[[49]
 [48]
 [52]
 [57]
 [49]
 [50]]",2,pituitary,2,2,2.0,-0.0009781718,-0.0012418627738952637,False,False
831,"[[49]
 [48]
 [52]
 [57]
 [49]
 [50]]",2,pituitary,2,2,2.0,0.033828735,0.002540409564971924,False,False
834,"[[57]
 [55]
 [54]
 [48]
 [55]]",2,meningioma,0,0,0.0,0.2544799,0.0018808841705322266,False,False
845,"[[57]
 [55]
 [54]
 [48]
 [55]]",2,meningioma,0,0,0.0,0.27230996,0.0009441375732421875,False,False
852,"[[57]
 [55]
 [52]
 [49]
 [54]]",2,pituitary,2,2,2.0,-0.038131565,0.016602754592895508,False,False
854,"[[57]
 [55]
 [52]
 [49]
 [54]]",2,pituitary,2,2,2.0,-0.0522089,-0.018441855907440186,False,False
855,"[[57]
 [55]
 [52]
 [49]
 [54]]",2,pituitary,2,2,2.0,-0.091323614,0.0065076351165771484,False,False
856,"[[57]
 [55]
 [54]
 [48]
 [55]]",2,meningioma,0,0,0.0,0.30714238,0.008187294006347656,False,False
857,"[[57]
 [55]
 [52]
 [49]
 [54]]",2,pituitary,2,2,2.0,-0.019878209,0.0031456947326660156,False,False
858,"[[57]
 [55]
 [52]
 [49]
 [54]]",2,pituitary,2,2,2.0,-0.03516102,-0.0030367374420166016,False,False
859,"[[57]
 [55]
 [52]
 [49]
 [54]]",2,pituitary,2,2,2.0,-0.064453304,0.004718363285064697,False,False
867,"[[57]
 [55]
 [54]
 [48]
 [55]]",2,meningioma,0,0,0.0,0.26178265,-0.015105843544006348,False,False
874,"[[57]
 [55]
 [53]
 [57]
 [57]]",2,pituitary,2,2,2.0,-0.0062451363,0.00011974573135375977,False,False
875,"[[57]
 [55]
 [53]
 [57]
 [57]]",2,pituitary,2,2,2.0,-0.008783221,0.00012296438217163086,False,False
876,"[[57]
 [55]
 [53]
 [57]
 [57]]",2,pituitary,2,2,2.0,-0.0062796474,-0.0006735324859619141,False,False
878,"[[57]
 [55]
 [54]
 [48]
 [55]]",2,meningioma,0,0,0.0,0.14084059,-0.01344519853591919,False,False
897,"[[57]
 [56]
 [56]
 [55]
 [49]]",2,pituitary,2,2,2.0,-0.020164967,-0.029157638549804688,False,False
898,"[[57]
 [56]
 [56]
 [55]
 [49]]",2,pituitary,2,2,2.0,-0.0129829645,5.3822994232177734e-05,False,False
899,"[[57]
 [56]
 [56]
 [55]
 [49]]",2,pituitary,2,2,2.0,-0.012372911,7.50422477722168e-05,False,False
900,"[[57]
 [56]
 [56]
 [55]
 [49]]",2,pituitary,2,2,2.0,-0.01753205,-0.006141960620880127,False,False
902,"[[57]
 [56]
 [56]
 [55]
 [49]]",2,pituitary,2,2,2.0,-0.12981367,0.0013158917427062988,False,False
903,"[[57]
 [56]
 [56]
 [55]
 [49]]",2,pituitary,2,2,2.0,-0.009234309,0.0038601160049438477,False,False
904,"[[57]
 [56]
 [56]
 [55]
 [49]]",2,pituitary,2,2,2.0,-0.0148944855,-0.0002586245536804199,False,False
911,"[[57]
 [56]
 [57]
 [57]
 [50]]",2,pituitary,2,2,2.0,-0.16288179,0.018669813871383667,False,False
913,"[[57]
 [56]
 [57]
 [57]
 [50]]",2,pituitary,2,2,2.0,-0.16610026,-0.012715458869934082,False,False
914,"[[57]
 [56]
 [57]
 [57]
 [50]]",2,pituitary,2,2,2.0,-0.057352483,0.0009784698486328125,False,False
915,"[[57]
 [56]
 [57]
 [57]
 [50]]",2,pituitary,2,2,2.0,-0.19448054,0.06478554010391235,False,False
916,"[[57]
 [56]
 [57]
 [57]
 [50]]",2,pituitary,2,2,2.0,-0.1011436,0.0005764961242675781,False,False
917,"[[57]
 [56]
 [57]
 [57]
 [50]]",2,pituitary,2,2,2.0,-0.08321625,-0.0025948286056518555,False,False
918,"[[57]
 [56]
 [57]
 [57]
 [50]]",2,pituitary,2,2,2.0,-0.07332724,-0.0046669840812683105,False,False
919,"[[57]
 [56]
 [57]
 [57]
 [50]]",2,pituitary,2,2,2.0,-0.3141171,-0.08298888802528381,False,False
920,"[[57]
 [56]
 [57]
 [57]
 [50]]",2,pituitary,2,2,2.0,-0.33888435,-0.0005523562431335449,False,False
921,"[[57]
 [56]
 [57]
 [57]
 [50]]",2,pituitary,2,2,2.0,-0.2897849,0.0062329769134521484,False,False
922,"[[57]
 [56]
 [57]
 [57]
 [50]]",2,pituitary,2,2,2.0,-0.14710402,0.003565549850463867,False,False
980,"[[77]
 [82]
 [48]
 [52]
 [57]
 [49]
 [52]
 [50]]",2,glioma,1,1,1.0,0.0005121231,0.005978286266326904,False,False
981,"[[77]
 [82]
 [48]
 [52]
 [57]
 [49]
 [52]
 [50]]",2,glioma,1,1,1.0,-0.0022568703,-0.03116661310195923,False,False
982,"[[77]
 [82]
 [48]
 [52]
 [57]
 [49]
 [52]
 [50]]",2,glioma,1,1,1.0,-0.008662045,-0.030750393867492676,False,False
983,"[[77]
 [82]
 [48]
 [52]
 [57]
 [49]
 [52]
 [50]]",2,glioma,1,1,1.0,0.004537225,0.005341827869415283,False,False
999,"[[77]
 [82]
 [48]
 [52]
 [57]
 [51]
 [53]
 [56]]",2,glioma,1,1,1.0,-0.002950251,0.006596863269805908,False,False
1002,"[[77]
 [82]
 [48]
 [52]
 [57]
 [51]
 [53]
 [56]]",2,glioma,1,1,1.0,0.0009863377,-0.0013680458068847656,False,False
1003,"[[77]
 [82]
 [48]
 [52]
 [57]
 [51]
 [53]
 [56]]",2,glioma,1,1,1.0,0.0023878217,0.0017531514167785645,False,False
1004,"[[77]
 [82]
 [48]
 [52]
 [57]
 [51]
 [53]
 [56]]",2,glioma,1,1,1.0,0.005739689,0.0002758502960205078,False,False
1005,"[[77]
 [82]
 [48]
 [52]
 [57]
 [51]
 [53]
 [56]]",2,glioma,1,1,1.0,0.0012180209,-0.00012236833572387695,False,False
1006,"[[77]
 [82]
 [48]
 [52]
 [57]
 [51]
 [53]
 [56]]",2,glioma,1,1,1.0,0.0004338622,0.00046700239181518555,False,False
1007,"[[77]
 [82]
 [48]
 [52]
 [57]
 [51]
 [53]
 [56]]",2,glioma,1,1,1.0,0.0019609332,-1.621246337890625e-05,False,False
1008,"[[77]
 [82]
 [48]
 [52]
 [57]
 [51]
 [53]
 [56]]",2,glioma,1,1,1.0,0.0003617406,0.0004912614822387695,False,False
1009,"[[77]
 [82]
 [48]
 [52]
 [57]
 [51]
 [53]
 [56]]",2,glioma,1,1,1.0,0.00014096498,1.531839370727539e-05,False,False
1010,"[[77]
 [82]
 [48]
 [52]
 [57]
 [51]
 [53]
 [56]]",2,glioma,1,1,1.0,0.00046682358,-0.0001824498176574707,False,False
1042,"[[77]
 [82]
 [48]
 [52]
 [57]
 [52]
 [53]
 [51]
 [66]]",2,glioma,1,1,1.0,-0.00020837784,0.0002944469451904297,False,False
1043,"[[77]
 [82]
 [48]
 [52]
 [57]
 [52]
 [53]
 [51]
 [66]]",2,glioma,1,1,1.0,-0.0001693964,-0.0007135272026062012,False,False
1044,"[[77]
 [82]
 [48]
 [52]
 [57]
 [52]
 [53]
 [51]
 [66]]",2,glioma,1,1,1.0,-0.00020009279,-5.614757537841797e-05,False,False
1046,"[[77]
 [82]
 [48]
 [52]
 [57]
 [52]
 [53]
 [51]
 [66]]",2,glioma,1,1,1.0,-0.00068867207,-4.690885543823242e-05,False,False
1047,"[[77]
 [82]
 [48]
 [52]
 [57]
 [52]
 [53]
 [51]
 [66]]",2,glioma,1,1,1.0,-0.0011842251,0.006226658821105957,False,False
1048,"[[77]
 [82]
 [48]
 [52]
 [57]
 [52]
 [53]
 [51]
 [66]]",2,glioma,1,1,1.0,-0.00042134523,-0.0010626912117004395,False,False
1049,"[[77]
 [82]
 [48]
 [52]
 [57]
 [52]
 [53]
 [51]
 [66]]",2,glioma,1,1,1.0,-5.608797e-05,5.310773849487305e-05,False,False
1050,"[[77]
 [82]
 [48]
 [52]
 [57]
 [52]
 [53]
 [51]
 [66]]",2,glioma,1,1,1.0,0.0014463663,-0.0001195669174194336,False,False
1109,"[[77]
 [82]
 [48]
 [53]
 [49]
 [52]
 [54]
 [49]]",2,glioma,1,1,1.0,-9.179115e-06,-3.7550926208496094e-06,False,False
1110,"[[77]
 [82]
 [48]
 [53]
 [49]
 [52]
 [54]
 [49]]",2,glioma,1,1,1.0,-7.0929527e-06,-5.960464477539062e-07,False,False
1111,"[[49]
 [48]
 [48]
 [51]
 [54]
 [48]]",2,meningioma,0,1,0.0,0.37750426,-0.0007638335227966309,True,False
1114,"[[77]
 [82]
 [48]
 [53]
 [49]
 [52]
 [54]
 [49]]",2,glioma,1,1,1.0,-1.1146069e-05,-1.9550323486328125e-05,False,False
1115,"[[77]
 [82]
 [48]
 [53]
 [49]
 [52]
 [54]
 [49]]",2,glioma,1,1,1.0,-3.874302e-06,-4.708766937255859e-06,False,False
1116,"[[77]
 [82]
 [48]
 [53]
 [49]
 [52]
 [54]
 [49]]",2,glioma,1,1,1.0,-1.66893e-06,-3.5762786865234375e-07,False,False
1117,"[[77]
 [82]
 [48]
 [53]
 [49]
 [52]
 [54]
 [49]]",2,glioma,1,1,1.0,4.1365623e-05,-1.4662742614746094e-05,False,False
1118,"[[77]
 [82]
 [48]
 [53]
 [49]
 [52]
 [54]
 [49]]",2,glioma,1,1,1.0,9.2208385e-05,-2.0205974578857422e-05,False,False
1149,"[[77]
 [82]
 [48]
 [53]
 [49]
 [54]
 [53]
 [49]]",2,glioma,1,1,1.0,0.013505161,-0.007145047187805176,False,False
1150,"[[77]
 [82]
 [48]
 [53]
 [49]
 [54]
 [53]
 [49]]",2,glioma,1,1,1.0,0.04246694,0.009397506713867188,False,False
1151,"[[77]
 [82]
 [48]
 [53]
 [49]
 [54]
 [53]
 [49]]",2,glioma,1,1,1.0,0.05575466,-0.010363340377807617,False,False
1152,"[[77]
 [82]
 [48]
 [53]
 [49]
 [54]
 [53]
 [49]]",2,glioma,1,1,1.0,0.2457186,-0.023862898349761963,False,False
1153,"[[77]
 [82]
 [48]
 [53]
 [49]
 [54]
 [53]
 [49]]",2,glioma,1,0,1.0,0.20562452,0.03965878486633301,True,False
1154,"[[77]
 [82]
 [48]
 [53]
 [49]
 [54]
 [53]
 [49]]",2,glioma,1,0,1.0,0.15619722,-0.025873005390167236,True,False
1170,"[[77]
 [82]
 [48]
 [53]
 [49]
 [54]
 [52]
 [52]
 [66]]",2,glioma,1,1,,-6.4730644e-05,,False,
1171,"[[77]
 [82]
 [48]
 [53]
 [49]
 [54]
 [52]
 [52]
 [66]]",2,glioma,1,1,1.0,1.9073486e-05,7.50422477722168e-05,False,False
1172,"[[77]
 [82]
 [48]
 [53]
 [49]
 [54]
 [52]
 [52]
 [66]]",2,glioma,1,1,,0.00011396408,,False,
1173,"[[77]
 [82]
 [48]
 [53]
 [49]
 [54]
 [52]
 [52]
 [66]]",2,glioma,1,1,,-5.6684017e-05,,False,
1174,"[[77]
 [82]
 [48]
 [53]
 [49]
 [54]
 [52]
 [52]
 [66]]",2,glioma,1,1,1.0,1.6152859e-05,1.1920928955078125e-06,False,False
1175,"[[77]
 [82]
 [48]
 [53]
 [49]
 [54]
 [52]
 [52]
 [66]]",2,glioma,1,1,1.0,0.00096172094,7.152557373046875e-06,False,False
1176,"[[77]
 [82]
 [48]
 [53]
 [49]
 [54]
 [52]
 [52]
 [66]]",2,glioma,1,1,1.0,0.0002861619,7.271766662597656e-06,False,False
1185,"[[77]
 [82]
 [48]
 [53]
 [49]
 [54]
 [52]
 [52]
 [67]]",2,glioma,1,1,1.0,-0.0026975274,-0.0005208849906921387,False,False
1186,"[[77]
 [82]
 [48]
 [53]
 [49]
 [54]
 [52]
 [52]
 [67]]",2,glioma,1,1,1.0,-0.00032311678,-0.0002084970474243164,False,False
1187,"[[77]
 [82]
 [48]
 [53]
 [49]
 [54]
 [52]
 [52]
 [67]]",2,glioma,1,1,1.0,-7.289648e-05,-4.172325134277344e-07,False,False
1188,"[[77]
 [82]
 [48]
 [53]
 [49]
 [54]
 [52]
 [52]
 [67]]",2,glioma,1,1,1.0,-1.4305115e-05,-6.556510925292969e-07,False,False
1189,"[[77]
 [82]
 [48]
 [53]
 [49]
 [54]
 [52]
 [52]
 [67]]",2,glioma,1,1,1.0,-0.00024914742,-4.708766937255859e-06,False,False
1191,"[[77]
 [82]
 [48]
 [53]
 [49]
 [54]
 [52]
 [52]
 [67]]",2,glioma,1,1,1.0,0.00015985966,-7.152557373046875e-06,False,False
1192,"[[77]
 [82]
 [48]
 [53]
 [49]
 [54]
 [52]
 [52]
 [67]]",2,glioma,1,1,1.0,2.6285648e-05,0.00010025501251220703,False,False
1193,"[[77]
 [82]
 [48]
 [53]
 [49]
 [54]
 [52]
 [52]
 [67]]",2,glioma,1,1,1.0,3.272295e-05,-3.516674041748047e-06,False,False
1194,"[[77]
 [82]
 [48]
 [53]
 [49]
 [54]
 [52]
 [52]
 [67]]",2,glioma,1,1,1.0,0.00015097857,0.00011599063873291016,False,False
1195,"[[77]
 [82]
 [48]
 [53]
 [49]
 [54]
 [52]
 [52]
 [67]]",2,glioma,1,1,1.0,-2.3245811e-05,2.5093555450439453e-05,False,False
1196,"[[77]
 [82]
 [48]
 [53]
 [49]
 [54]
 [52]
 [52]
 [67]]",2,glioma,1,1,,-1.4483929e-05,,False,
1197,"[[77]
 [82]
 [48]
 [53]
 [49]
 [54]
 [52]
 [52]
 [67]]",2,glioma,1,1,1.0,-7.83205e-05,-6.937980651855469e-05,False,False
1205,"[[77]
 [82]
 [48]
 [52]
 [55]
 [57]
 [53]
 [51]
 [67]]",2,glioma,1,1,1.0,-0.0010063648,-0.0014200806617736816,False,False
1206,"[[77]
 [82]
 [48]
 [52]
 [55]
 [57]
 [53]
 [51]
 [67]]",2,glioma,1,1,1.0,-0.0019735098,-0.0012074112892150879,False,False
1207,"[[77]
 [82]
 [48]
 [52]
 [55]
 [57]
 [53]
 [51]
 [67]]",2,glioma,1,1,1.0,-6.0796738e-05,-1.0848045349121094e-05,False,False
1208,"[[77]
 [82]
 [48]
 [52]
 [55]
 [57]
 [53]
 [51]
 [67]]",2,glioma,1,1,1.0,-1.4543533e-05,0.00016021728515625,False,False
1216,"[[77]
 [82]
 [48]
 [51]
 [52]
 [54]
 [57]
 [52]]",2,glioma,1,1,1.0,0.000105679035,1.2934207916259766e-05,False,False
1217,"[[77]
 [82]
 [48]
 [51]
 [52]
 [54]
 [57]
 [52]]",2,glioma,1,1,1.0,7.1525574e-06,6.496906280517578e-06,False,False
1218,"[[77]
 [82]
 [48]
 [51]
 [52]
 [54]
 [57]
 [52]]",2,glioma,1,1,1.0,-6.854534e-06,3.713369369506836e-05,False,False
1219,"[[77]
 [82]
 [48]
 [51]
 [52]
 [54]
 [57]
 [52]]",2,glioma,1,1,1.0,-1.1563301e-05,3.528594970703125e-05,False,False
1235,"[[49]
 [48]
 [48]
 [51]
 [54]
 [48]]",2,meningioma,0,1,0.0,0.35830384,-0.044136881828308105,True,False
1246,"[[49]
 [48]
 [48]
 [51]
 [54]
 [48]]",2,meningioma,0,0,0.0,0.29476464,-0.003107607364654541,False,False
1257,"[[49]
 [48]
 [48]
 [51]
 [54]
 [48]]",2,meningioma,0,0,0.0,0.21051538,0.06785011291503906,False,False
1268,"[[49]
 [48]
 [48]
 [51]
 [54]
 [48]]",2,meningioma,0,1,0.0,0.40345222,-0.011856794357299805,True,False
1279,"[[49]
 [48]
 [48]
 [51]
 [54]
 [48]]",2,meningioma,0,1,0.0,0.4070062,-0.032034993171691895,True,False
1290,"[[49]
 [48]
 [48]
 [51]
 [54]
 [48]]",2,meningioma,0,1,0.0,0.3549085,-0.006074368953704834,True,False
1301,"[[49]
 [48]
 [48]
 [51]
 [54]
 [48]]",2,meningioma,0,1,0.0,0.18068516,-0.016483545303344727,True,False
1306,"[[77]
 [82]
 [48]
 [51]
 [57]
 [52]
 [55]
 [51]]",2,glioma,1,1,1.0,-1.1980534e-05,-8.285045623779297e-06,False,False
1307,"[[77]
 [82]
 [48]
 [51]
 [57]
 [52]
 [55]
 [51]]",2,glioma,1,1,1.0,-1.0728836e-06,-1.6093254089355469e-06,False,False
1308,"[[77]
 [82]
 [48]
 [51]
 [57]
 [52]
 [55]
 [51]]",2,glioma,1,1,1.0,-2.3841858e-07,-5.960464477539063e-08,False,False
1309,"[[77]
 [82]
 [48]
 [51]
 [57]
 [52]
 [55]
 [51]]",2,glioma,1,1,1.0,-8.34465e-07,-4.76837158203125e-07,False,False
1310,"[[77]
 [82]
 [48]
 [51]
 [57]
 [52]
 [55]
 [51]]",2,glioma,1,1,1.0,-6.556511e-07,-2.384185791015625e-07,False,False
1319,"[[77]
 [82]
 [48]
 [51]
 [55]
 [52]
 [53]
 [56]
 [67]]",2,glioma,1,1,1.0,-0.020943046,-0.009936273097991943,False,False
1320,"[[77]
 [82]
 [48]
 [51]
 [55]
 [52]
 [53]
 [56]
 [67]]",2,glioma,1,1,1.0,-0.0012412667,-7.039308547973633e-05,False,False
1321,"[[77]
 [82]
 [48]
 [51]
 [55]
 [52]
 [53]
 [56]
 [67]]",2,glioma,1,1,1.0,0.0061246753,0.0011796951293945312,False,False
1322,"[[77]
 [82]
 [48]
 [51]
 [55]
 [52]
 [53]
 [56]
 [67]]",2,glioma,1,1,1.0,0.00026839972,-6.347894668579102e-05,False,False
1324,"[[77]
 [82]
 [48]
 [51]
 [55]
 [52]
 [53]
 [56]
 [67]]",2,glioma,1,1,1.0,-0.0012071133,0.0016318559646606445,False,False
1325,"[[77]
 [82]
 [48]
 [51]
 [55]
 [52]
 [53]
 [56]
 [67]]",2,glioma,1,1,1.0,5.3346157e-05,4.7147274017333984e-05,False,False
1326,"[[77]
 [82]
 [48]
 [51]
 [55]
 [52]
 [53]
 [56]
 [67]]",2,glioma,1,1,1.0,-0.018929005,0.024399518966674805,False,False
1327,"[[77]
 [82]
 [48]
 [51]
 [55]
 [52]
 [53]
 [56]
 [67]]",2,glioma,1,1,1.0,0.00016564131,3.4689903259277344e-05,False,False
1328,"[[77]
 [82]
 [48]
 [51]
 [55]
 [52]
 [53]
 [56]
 [67]]",2,glioma,1,1,1.0,-0.010095,0.0015971660614013672,False,False
1329,"[[77]
 [82]
 [48]
 [51]
 [55]
 [52]
 [53]
 [56]
 [67]]",2,glioma,1,1,1.0,4.351139e-06,4.76837158203125e-07,False,False
1387,"[[77]
 [82]
 [48]
 [52]
 [57]
 [49]
 [52]
 [50]]",2,glioma,1,1,1.0,0.0026800036,0.01461780071258545,False,False
1388,"[[77]
 [82]
 [48]
 [52]
 [57]
 [49]
 [52]
 [50]]",2,glioma,1,1,1.0,-0.008315325,0.0176507830619812,False,False
1389,"[[77]
 [82]
 [48]
 [52]
 [57]
 [49]
 [52]
 [50]]",2,glioma,1,1,1.0,0.01926732,-0.011508464813232422,False,False
1403,"[[77]
 [82]
 [48]
 [52]
 [57]
 [51]
 [53]
 [56]]",2,glioma,1,1,1.0,0.00010418892,-3.159046173095703e-06,False,False
1404,"[[77]
 [82]
 [48]
 [52]
 [57]
 [51]
 [53]
 [56]]",2,glioma,1,1,1.0,0.00021725893,2.0682811737060547e-05,False,False
1405,"[[77]
 [82]
 [48]
 [52]
 [57]
 [51]
 [53]
 [56]]",2,glioma,1,1,1.0,0.0012544394,0.004837393760681152,False,False
1406,"[[77]
 [82]
 [48]
 [52]
 [57]
 [51]
 [53]
 [56]]",2,glioma,1,1,1.0,0.0011393428,0.00037366151809692383,False,False
1407,"[[77]
 [82]
 [48]
 [52]
 [57]
 [51]
 [53]
 [56]]",2,glioma,1,1,1.0,0.0018184781,-0.0009833574295043945,False,False
1408,"[[77]
 [82]
 [48]
 [52]
 [57]
 [51]
 [53]
 [56]]",2,glioma,1,1,1.0,0.0027076006,0.002895355224609375,False,False
1409,"[[77]
 [82]
 [48]
 [52]
 [57]
 [51]
 [53]
 [56]]",2,glioma,1,1,1.0,-0.00075882673,-0.0007534027099609375,False,False
1410,"[[77]
 [82]
 [48]
 [52]
 [57]
 [51]
 [53]
 [56]]",2,glioma,1,1,1.0,-0.004501164,-0.0031241774559020996,False,False
1411,"[[77]
 [82]
 [48]
 [52]
 [57]
 [51]
 [53]
 [56]]",2,glioma,1,1,1.0,-0.0044102073,-0.005241572856903076,False,False
1430,"[[77]
 [82]
 [48]
 [52]
 [57]
 [52]
 [53]
 [51]
 [66]]",2,glioma,1,1,1.0,0.0,0.0,False,False
1431,"[[77]
 [82]
 [48]
 [52]
 [57]
 [52]
 [53]
 [51]
 [66]]",2,glioma,1,1,1.0,-2.3841858e-07,5.960464477539063e-08,False,False
1432,"[[77]
 [82]
 [48]
 [52]
 [57]
 [52]
 [53]
 [51]
 [66]]",2,glioma,1,1,1.0,-0.0046229362,0.01801168918609619,False,False
1433,"[[77]
 [82]
 [48]
 [52]
 [57]
 [52]
 [53]
 [51]
 [66]]",2,glioma,1,1,1.0,-0.011719644,0.010730564594268799,False,False
1435,"[[77]
 [82]
 [48]
 [52]
 [57]
 [52]
 [53]
 [51]
 [66]]",2,glioma,1,1,1.0,-0.0039597154,0.021476387977600098,False,False
1436,"[[77]
 [82]
 [48]
 [52]
 [57]
 [52]
 [53]
 [51]
 [66]]",2,glioma,1,1,1.0,-0.06763452,0.005439043045043945,False,False
1437,"[[77]
 [82]
 [48]
 [52]
 [57]
 [52]
 [53]
 [51]
 [66]]",2,glioma,1,1,1.0,2.3245811e-06,4.172325134277344e-07,False,False
1438,"[[77]
 [82]
 [48]
 [52]
 [57]
 [52]
 [53]
 [51]
 [66]]",2,glioma,1,1,1.0,-4.7683716e-07,2.205371856689453e-05,False,False
1439,"[[77]
 [82]
 [48]
 [52]
 [57]
 [52]
 [53]
 [51]
 [66]]",2,glioma,1,1,1.0,-3.5762787e-07,-1.0728836059570312e-06,False,False
1440,"[[77]
 [82]
 [48]
 [52]
 [57]
 [52]
 [53]
 [51]
 [66]]",2,glioma,1,1,1.0,-5.2928925e-05,3.123283386230469e-05,False,False
1441,"[[77]
 [82]
 [48]
 [52]
 [57]
 [52]
 [53]
 [51]
 [66]]",2,glioma,1,1,1.0,-5.3286552e-05,-1.2874603271484375e-05,False,False
1442,"[[77]
 [82]
 [48]
 [52]
 [57]
 [52]
 [53]
 [51]
 [66]]",2,glioma,1,1,1.0,5.3226948e-05,0.0002015233039855957,False,False
1443,"[[77]
 [82]
 [48]
 [52]
 [57]
 [52]
 [53]
 [51]
 [66]]",2,glioma,1,1,1.0,-0.00030380487,-0.0010409355163574219,False,False
1444,"[[77]
 [82]
 [48]
 [52]
 [57]
 [52]
 [53]
 [51]
 [66]]",2,glioma,1,1,1.0,3.7133694e-05,-0.0012131333351135254,False,False
1483,"[[77]
 [82]
 [48]
 [53]
 [49]
 [52]
 [54]
 [49]]",2,glioma,1,1,1.0,-2.1636486e-05,-2.378225326538086e-05,False,False
1484,"[[77]
 [82]
 [48]
 [53]
 [49]
 [52]
 [54]
 [49]]",2,glioma,1,1,1.0,-9.590387e-05,-3.045797348022461e-05,False,False
1485,"[[77]
 [82]
 [48]
 [53]
 [49]
 [52]
 [54]
 [49]]",2,glioma,1,1,1.0,-0.0009217262,0.0009843707084655762,False,False
1486,"[[77]
 [82]
 [48]
 [53]
 [49]
 [52]
 [54]
 [49]]",2,glioma,1,1,1.0,-0.0016393065,-0.00030940771102905273,False,False
1487,"[[77]
 [82]
 [48]
 [53]
 [49]
 [52]
 [54]
 [49]]",2,glioma,1,1,1.0,-0.0020059943,-0.0006669163703918457,False,False
1488,"[[77]
 [82]
 [48]
 [53]
 [49]
 [52]
 [54]
 [49]]",2,glioma,1,1,1.0,-0.00093346834,-6.753206253051758e-05,False,False
1489,"[[77]
 [82]
 [48]
 [53]
 [49]
 [52]
 [54]
 [49]]",2,glioma,1,1,1.0,-0.00091457367,-0.00016516447067260742,False,False
1491,"[[77]
 [82]
 [48]
 [53]
 [49]
 [52]
 [54]
 [49]]",2,glioma,1,1,1.0,-3.6001205e-05,0.00013506412506103516,False,False
1492,"[[77]
 [82]
 [48]
 [53]
 [49]
 [52]
 [54]
 [49]]",2,glioma,1,1,1.0,-3.5762787e-06,4.458427429199219e-05,False,False
1557,"[[49]
 [48]
 [50]
 [54]
 [55]
 [53]]",2,meningioma,0,0,0.0,-0.034796834,0.05993509292602539,False,False
1568,"[[49]
 [48]
 [50]
 [54]
 [55]
 [53]]",2,meningioma,0,0,0.0,-0.0025161505,0.007994413375854492,False,False
1604,"[[77]
 [82]
 [48]
 [51]
 [55]
 [52]
 [53]
 [56]
 [67]]",2,glioma,1,1,1.0,6.6936016e-05,8.827447891235352e-05,False,False
1741,"[[77]
 [82]
 [48]
 [53]
 [49]
 [54]
 [53]
 [49]]",2,glioma,1,1,1.0,1.1920929e-07,-5.960464477539063e-08,False,False
1742,"[[77]
 [82]
 [48]
 [53]
 [49]
 [54]
 [53]
 [49]]",2,glioma,1,1,1.0,4.7683716e-07,5.364418029785156e-07,False,False
1743,"[[77]
 [82]
 [48]
 [53]
 [49]
 [54]
 [53]
 [49]]",2,glioma,1,1,1.0,2.6226044e-06,4.470348358154297e-06,False,False
1744,"[[77]
 [82]
 [48]
 [53]
 [49]
 [54]
 [53]
 [49]]",2,glioma,1,1,1.0,9.357929e-06,1.537799835205078e-05,False,False
1746,"[[77]
 [82]
 [48]
 [53]
 [49]
 [54]
 [53]
 [49]]",2,glioma,1,1,1.0,-5.9604645e-07,-4.172325134277344e-06,False,False
1747,"[[77]
 [82]
 [48]
 [53]
 [49]
 [54]
 [53]
 [49]]",2,glioma,1,1,1.0,0.009097397,-0.0063285231590271,False,False
1748,"[[77]
 [82]
 [48]
 [53]
 [49]
 [54]
 [53]
 [49]]",2,glioma,1,1,1.0,-0.00076031685,0.0004431605339050293,False,False
1773,"[[77]
 [82]
 [48]
 [53]
 [49]
 [54]
 [52]
 [52]
 [67]]",2,glioma,1,1,1.0,7.1525574e-07,-3.0994415283203125e-06,False,False
1774,"[[77]
 [82]
 [48]
 [53]
 [49]
 [54]
 [52]
 [52]
 [67]]",2,glioma,1,1,1.0,7.1525574e-07,-9.417533874511719e-06,False,False
1775,"[[77]
 [82]
 [48]
 [53]
 [49]
 [54]
 [52]
 [52]
 [67]]",2,glioma,1,1,1.0,0.00027930737,-4.2438507080078125e-05,False,False
1776,"[[77]
 [82]
 [48]
 [53]
 [49]
 [54]
 [52]
 [52]
 [67]]",2,glioma,1,1,1.0,0.00026595592,-0.0009759664535522461,False,False
1777,"[[77]
 [82]
 [48]
 [53]
 [49]
 [54]
 [52]
 [52]
 [67]]",2,glioma,1,1,1.0,0.0004568696,-0.00011986494064331055,False,False
1780,"[[77]
 [82]
 [48]
 [53]
 [49]
 [54]
 [52]
 [52]
 [67]]",2,glioma,1,1,,0.00010085106,,False,
1781,"[[77]
 [82]
 [48]
 [53]
 [49]
 [54]
 [52]
 [52]
 [67]]",2,glioma,1,1,,7.7307224e-05,,False,
1782,"[[77]
 [82]
 [48]
 [53]
 [49]
 [54]
 [52]
 [52]
 [67]]",2,glioma,1,1,1.0,0.0002975464,1.2516975402832031e-06,False,False
1783,"[[77]
 [82]
 [48]
 [53]
 [49]
 [54]
 [52]
 [52]
 [67]]",2,glioma,1,1,1.0,0.0001810193,2.4557113647460938e-05,False,False
1784,"[[77]
 [82]
 [48]
 [53]
 [49]
 [54]
 [52]
 [52]
 [67]]",2,glioma,1,1,,0.00052958727,,False,
1785,"[[77]
 [82]
 [48]
 [53]
 [49]
 [54]
 [52]
 [52]
 [67]]",2,glioma,1,1,1.0,0.000112593174,2.294778823852539e-05,False,False
1786,"[[77]
 [82]
 [48]
 [53]
 [49]
 [54]
 [52]
 [52]
 [67]]",2,glioma,1,1,,-0.0007416606,,False,
1787,"[[77]
 [82]
 [48]
 [53]
 [49]
 [54]
 [52]
 [52]
 [67]]",2,glioma,1,1,,4.7683716e-06,,False,
1793,"[[77]
 [82]
 [48]
 [52]
 [55]
 [57]
 [53]
 [51]
 [67]]",2,glioma,1,1,1.0,-1.7881393e-07,-1.7881393432617188e-07,False,False
1794,"[[77]
 [82]
 [48]
 [52]
 [55]
 [57]
 [53]
 [51]
 [67]]",2,glioma,1,1,1.0,-8.34465e-07,9.5367431640625e-07,False,False
1795,"[[77]
 [82]
 [48]
 [52]
 [55]
 [57]
 [53]
 [51]
 [67]]",2,glioma,1,1,1.0,-4.23193e-06,1.7881393432617188e-07,False,False
1796,"[[77]
 [82]
 [48]
 [52]
 [55]
 [57]
 [53]
 [51]
 [67]]",2,glioma,1,1,1.0,-8.404255e-06,5.364418029785156e-07,False,False
1797,"[[77]
 [82]
 [48]
 [52]
 [55]
 [57]
 [53]
 [51]
 [67]]",2,glioma,1,1,1.0,-1.3053417e-05,-3.635883331298828e-06,False,False
1806,"[[77]
 [82]
 [48]
 [51]
 [52]
 [54]
 [57]
 [52]]",2,glioma,1,1,1.0,-0.0001296997,3.218650817871094e-05,False,False
1807,"[[77]
 [82]
 [48]
 [51]
 [52]
 [54]
 [57]
 [52]]",2,glioma,1,1,1.0,0.0015046,-0.0001544356346130371,False,False
1808,"[[77]
 [82]
 [48]
 [51]
 [52]
 [54]
 [57]
 [52]]",2,glioma,1,1,1.0,0.00020354986,1.9073486328125e-06,False,False
1809,"[[77]
 [82]
 [48]
 [51]
 [52]
 [54]
 [57]
 [52]]",2,glioma,1,1,1.0,-1.0848045e-05,5.555152893066406e-05,False,False
1810,"[[77]
 [82]
 [48]
 [51]
 [52]
 [54]
 [57]
 [52]]",2,glioma,1,1,1.0,2.014637e-05,-3.4809112548828125e-05,False,False
1811,"[[77]
 [82]
 [48]
 [51]
 [52]
 [54]
 [57]
 [52]]",2,glioma,1,1,1.0,-7.033348e-06,2.2649765014648438e-06,False,False
1813,"[[77]
 [82]
 [48]
 [51]
 [52]
 [54]
 [57]
 [52]]",2,glioma,1,1,1.0,7.2717667e-06,3.3974647521972656e-06,False,False
1889,"[[49]
 [48]
 [50]
 [54]
 [55]
 [53]]",2,meningioma,0,0,0.0,-0.0026496649,-0.00034493207931518555,False,False
1902,"[[77]
 [82]
 [48]
 [51]
 [57]
 [52]
 [55]
 [51]]",2,glioma,1,1,1.0,-4.4703484e-06,-9.834766387939453e-06,False,False
1903,"[[77]
 [82]
 [48]
 [51]
 [57]
 [52]
 [55]
 [51]]",2,glioma,1,1,1.0,-2.5629997e-06,7.927417755126953e-06,False,False
1904,"[[77]
 [82]
 [48]
 [51]
 [57]
 [52]
 [55]
 [51]]",2,glioma,1,1,1.0,1.66893e-06,1.049041748046875e-05,False,False
1905,"[[77]
 [82]
 [48]
 [51]
 [57]
 [52]
 [55]
 [51]]",2,glioma,1,1,1.0,0.000521183,0.0003141164779663086,False,False
1916,"[[77]
 [82]
 [48]
 [51]
 [55]
 [52]
 [53]
 [56]
 [67]]",2,glioma,1,1,1.0,0.00020003319,3.039836883544922e-06,False,False
1917,"[[77]
 [82]
 [48]
 [51]
 [55]
 [52]
 [53]
 [56]
 [67]]",2,glioma,1,1,1.0,-0.0011730194,0.0014252662658691406,False,False
1918,"[[77]
 [82]
 [48]
 [51]
 [55]
 [52]
 [53]
 [56]
 [67]]",2,glioma,1,1,1.0,-0.014060736,-0.0007975101470947266,False,False
1919,"[[77]
 [82]
 [48]
 [51]
 [55]
 [52]
 [53]
 [56]
 [67]]",2,glioma,1,1,1.0,-0.0029953718,0.000981450080871582,False,False
1920,"[[77]
 [82]
 [48]
 [51]
 [55]
 [52]
 [53]
 [56]
 [67]]",2,glioma,1,1,1.0,0.0032902956,-0.0024368762969970703,False,False
1921,"[[77]
 [82]
 [48]
 [51]
 [55]
 [52]
 [53]
 [56]
 [67]]",2,glioma,1,1,1.0,0.00015062094,0.010533750057220459,False,False
1922,"[[77]
 [82]
 [48]
 [51]
 [55]
 [52]
 [53]
 [56]
 [67]]",2,glioma,1,1,1.0,-0.010872602,-0.0061737895011901855,False,False
1924,"[[77]
 [82]
 [48]
 [51]
 [55]
 [52]
 [53]
 [56]
 [67]]",2,glioma,1,1,1.0,-0.000852108,0.0016055107116699219,False,False
1972,"[[77]
 [82]
 [48]
 [51]
 [57]
 [52]
 [55]
 [51]]",2,glioma,1,1,1.0,0.12655973,-0.008685886859893799,False,False
1973,"[[77]
 [82]
 [48]
 [51]
 [57]
 [52]
 [55]
 [51]]",2,glioma,1,1,1.0,0.00391227,0.004300177097320557,False,False
1974,"[[77]
 [82]
 [48]
 [51]
 [57]
 [52]
 [55]
 [51]]",2,glioma,1,1,1.0,0.021303415,-0.014854669570922852,False,False
1975,"[[77]
 [82]
 [48]
 [51]
 [57]
 [52]
 [55]
 [51]]",2,glioma,1,1,1.0,0.045384586,0.0023813843727111816,False,False
1976,"[[77]
 [82]
 [48]
 [51]
 [57]
 [52]
 [55]
 [51]]",2,glioma,1,1,1.0,0.005684018,-0.017658710479736328,False,False
1977,"[[77]
 [82]
 [48]
 [51]
 [57]
 [52]
 [55]
 [51]]",2,glioma,1,1,1.0,-0.0007081032,0.10990011692047119,False,False
2066,"[[77]
 [82]
 [48]
 [52]
 [57]
 [49]
 [52]
 [50]]",2,glioma,1,1,1.0,0.008386791,0.0003342628479003906,False,False
2067,"[[49]
 [48]
 [53]
 [57]
 [51]
 [55]]",2,meningioma,0,0,0.0,0.022174954,-0.02390456199645996,False,False
2068,"[[77]
 [82]
 [48]
 [52]
 [57]
 [49]
 [52]
 [50]]",2,glioma,1,1,1.0,0.0046551228,0.0008560419082641602,False,False
2075,"[[77]
 [82]
 [48]
 [52]
 [57]
 [51]
 [53]
 [56]]",2,glioma,1,1,1.0,0.03800702,0.01969754695892334,False,False
2076,"[[77]
 [82]
 [48]
 [52]
 [57]
 [51]
 [53]
 [56]]",2,glioma,1,1,1.0,0.020964086,0.0013239383697509766,False,False
2077,"[[77]
 [82]
 [48]
 [52]
 [57]
 [51]
 [53]
 [56]]",2,glioma,1,2,1.0,0.32615662,0.07510828971862793,True,False
2078,"[[49]
 [48]
 [53]
 [57]
 [51]
 [55]]",2,meningioma,0,0,0.0,0.012955844,0.038701534271240234,False,False
2079,"[[77]
 [82]
 [48]
 [52]
 [57]
 [51]
 [53]
 [56]]",2,glioma,1,1,1.0,0.33096552,0.029889225959777832,False,False
2080,"[[77]
 [82]
 [48]
 [52]
 [57]
 [51]
 [53]
 [56]]",2,glioma,1,1,1.0,0.065087676,0.004545688629150391,False,False
2081,"[[77]
 [82]
 [48]
 [52]
 [57]
 [51]
 [53]
 [56]]",2,glioma,1,1,1.0,0.046623826,0.08181917667388916,False,False
2112,"[[49]
 [48]
 [54]
 [50]
 [56]
 [52]]",2,meningioma,0,0,0.0,0.19258279,0.020972728729248047,False,False
2123,"[[49]
 [48]
 [54]
 [50]
 [56]
 [52]]",2,meningioma,0,0,0.0,0.17075479,-0.00180816650390625,False,False
2132,"[[77]
 [82]
 [48]
 [53]
 [49]
 [52]
 [54]
 [49]]",2,glioma,1,1,1.0,0.010497391,-0.016026020050048828,False,False
2133,"[[77]
 [82]
 [48]
 [53]
 [49]
 [52]
 [54]
 [49]]",2,glioma,1,1,1.0,0.0044072866,0.0045206546783447266,False,False
2134,"[[49]
 [48]
 [54]
 [50]
 [56]
 [52]]",2,meningioma,0,0,0.0,0.040780067,0.00800025463104248,False,False
2135,"[[77]
 [82]
 [48]
 [53]
 [49]
 [52]
 [54]
 [49]]",2,glioma,1,1,1.0,-0.014908135,-0.006228625774383545,False,False
2136,"[[77]
 [82]
 [48]
 [53]
 [49]
 [52]
 [54]
 [49]]",2,glioma,1,1,1.0,-0.010321081,0.03689455986022949,False,False
2137,"[[77]
 [82]
 [48]
 [53]
 [49]
 [52]
 [54]
 [49]]",2,glioma,1,1,1.0,-0.0152314305,0.01309436559677124,False,False
2138,"[[77]
 [82]
 [48]
 [53]
 [49]
 [52]
 [54]
 [49]]",2,glioma,1,1,1.0,-0.020353556,0.05816245079040527,False,False
2139,"[[77]
 [82]
 [48]
 [53]
 [49]
 [52]
 [54]
 [49]]",2,glioma,1,1,1.0,-0.0039593577,-0.004900991916656494,False,False
2145,"[[49]
 [48]
 [54]
 [50]
 [56]
 [52]]",2,meningioma,0,0,0.0,0.2674769,-0.014166116714477539,False,False
2156,"[[49]
 [48]
 [54]
 [52]
 [52]
 [50]]",2,meningioma,0,0,0.0,0.19341362,-0.001708686351776123,False,False
2161,"[[77]
 [82]
 [48]
 [53]
 [49]
 [54]
 [53]
 [49]]",2,glioma,1,1,1.0,-0.00069999695,-9.614229202270508e-05,False,False
2162,"[[77]
 [82]
 [48]
 [53]
 [49]
 [54]
 [53]
 [49]]",2,glioma,1,1,1.0,-0.0011779666,0.0007717609405517578,False,False
2163,"[[77]
 [82]
 [48]
 [53]
 [49]
 [54]
 [53]
 [49]]",2,glioma,1,1,1.0,-0.0073934197,-0.004012048244476318,False,False
2164,"[[77]
 [82]
 [48]
 [53]
 [49]
 [54]
 [53]
 [49]]",2,glioma,1,1,1.0,-0.001868248,0.012222647666931152,False,False
2167,"[[49]
 [48]
 [54]
 [52]
 [52]
 [50]]",2,meningioma,0,1,0.0,0.5252603,-0.026639461517333984,True,False
2178,"[[49]
 [48]
 [54]
 [52]
 [52]
 [50]]",2,meningioma,0,1,0.0,0.4954584,0.017838120460510254,True,False
2186,"[[77]
 [82]
 [48]
 [53]
 [49]
 [54]
 [52]
 [52]
 [66]]",2,glioma,1,2,1.0,0.45355764,0.004673004150390625,True,False
2187,"[[77]
 [82]
 [48]
 [53]
 [49]
 [54]
 [52]
 [52]
 [66]]",2,glioma,1,2,1.0,0.59896606,-0.0029688477516174316,True,False
2204,"[[77]
 [82]
 [48]
 [53]
 [49]
 [54]
 [52]
 [52]
 [67]]",2,glioma,1,1,1.0,0.012135327,0.004070281982421875,False,False
2205,"[[77]
 [82]
 [48]
 [53]
 [49]
 [54]
 [52]
 [52]
 [67]]",2,glioma,1,1,1.0,0.016673863,0.0010616779327392578,False,False
2206,"[[77]
 [82]
 [48]
 [53]
 [49]
 [54]
 [52]
 [52]
 [67]]",2,glioma,1,1,1.0,0.037361205,0.0474734902381897,False,False
2207,"[[77]
 [82]
 [48]
 [53]
 [49]
 [54]
 [52]
 [52]
 [67]]",2,glioma,1,1,1.0,0.0054852962,0.03641688823699951,False,False
2208,"[[77]
 [82]
 [48]
 [53]
 [49]
 [54]
 [52]
 [52]
 [67]]",2,glioma,1,1,,0.032406807,,False,
2209,"[[77]
 [82]
 [48]
 [53]
 [49]
 [54]
 [52]
 [52]
 [67]]",2,glioma,1,1,,0.1046896,,False,
2210,"[[77]
 [82]
 [48]
 [53]
 [49]
 [54]
 [52]
 [52]
 [67]]",2,glioma,1,1,,0.033358157,,False,
2212,"[[77]
 [82]
 [48]
 [53]
 [49]
 [54]
 [52]
 [52]
 [67]]",2,glioma,1,1,1.0,0.007191658,-0.001876235008239746,False,False
2213,"[[77]
 [82]
 [48]
 [53]
 [49]
 [54]
 [52]
 [52]
 [67]]",2,glioma,1,1,,0.011789739,,False,
2214,"[[77]
 [82]
 [48]
 [53]
 [49]
 [54]
 [52]
 [52]
 [67]]",2,glioma,1,1,1.0,-0.000649333,-0.0001379251480102539,False,False
2222,"[[49]
 [48]
 [48]
 [51]
 [54]
 [48]]",2,meningioma,0,0,0.0,0.32297313,-0.001768946647644043,False,False
2230,"[[77]
 [82]
 [48]
 [51]
 [52]
 [54]
 [57]
 [52]]",2,glioma,1,1,1.0,0.15226692,-0.0008947849273681641,False,False
2231,"[[77]
 [82]
 [48]
 [51]
 [52]
 [54]
 [57]
 [52]]",2,glioma,1,2,1.0,0.5445528,0.044538021087646484,True,False
2232,"[[77]
 [82]
 [48]
 [51]
 [52]
 [54]
 [57]
 [52]]",2,glioma,1,1,1.0,0.06618333,0.00018668174743652344,False,False
2233,"[[77]
 [82]
 [48]
 [51]
 [52]
 [54]
 [57]
 [52]]",2,glioma,1,1,1.0,0.032790244,-0.0035189390182495117,False,False
2258,"[[53]
 [51]
 [54]
 [54]
 [57]]",2,meningioma,0,0,0.0,0.19483554,0.09872961044311523,False,False
2317,"[[49]
 [48]
 [56]
 [53]
 [49]
 [52]]",2,meningioma,0,0,0.0,0.07092786,-0.05511653423309326,False,False
2318,"[[49]
 [48]
 [56]
 [53]
 [49]
 [52]]",2,meningioma,0,1,0.0,0.19526729,0.03164553642272949,True,False
2319,"[[49]
 [48]
 [56]
 [53]
 [49]
 [52]]",2,meningioma,0,0,0.0,0.012937546,0.007665693759918213,False,False
2320,"[[49]
 [48]
 [56]
 [53]
 [49]
 [52]]",2,meningioma,0,0,0.0,0.09936422,-0.07329553365707397,False,False
2322,"[[49]
 [48]
 [56]
 [53]
 [49]
 [52]]",2,meningioma,0,0,0.0,0.004938662,-0.014020204544067383,False,False
2323,"[[49]
 [48]
 [56]
 [53]
 [49]
 [52]]",2,meningioma,0,0,0.0,0.03854704,-0.010828971862792969,False,False
2333,"[[49]
 [48]
 [57]
 [52]
 [49]
 [49]]",2,meningioma,0,0,0.0,-0.019241452,0.0013608932495117188,False,False
2334,"[[49]
 [48]
 [57]
 [57]
 [54]
 [56]]",2,meningioma,0,1,0.0,0.16541299,0.0029886364936828613,True,False
2335,"[[49]
 [48]
 [57]
 [57]
 [54]
 [56]]",2,meningioma,0,0,0.0,0.08513987,-0.00986635684967041,False,False
2336,"[[49]
 [48]
 [57]
 [57]
 [54]
 [56]]",2,meningioma,0,0,0.0,0.103693545,0.011960864067077637,False,False
2337,"[[49]
 [48]
 [57]
 [57]
 [54]
 [56]]",2,meningioma,0,0,0.0,0.11133039,0.00745546817779541,False,False
2398,"[[49]
 [48]
 [48]
 [51]
 [54]
 [48]]",2,meningioma,0,1,0.0,0.41714075,-0.004801154136657715,True,False
2405,"[[57]
 [55]
 [54]
 [48]
 [55]]",2,meningioma,0,0,0.0,0.332421,0.005492210388183594,False,False
2406,"[[57]
 [55]
 [54]
 [48]
 [55]]",2,meningioma,0,1,0.0,0.34967405,-0.02277207374572754,True,False
2407,"[[57]
 [55]
 [54]
 [48]
 [55]]",2,meningioma,0,1,0.0,0.38339695,-0.016655027866363525,True,False
2446,"[[49]
 [48]
 [48]
 [51]
 [54]
 [48]]",2,meningioma,0,0,0.0,0.2515422,0.011129796504974365,False,False
2457,"[[49]
 [48]
 [48]
 [57]
 [50]
 [48]]",2,meningioma,0,0,0.0,0.0589059,-0.0005835890769958496,False,False
2458,"[[49]
 [48]
 [48]
 [57]
 [50]
 [48]]",2,meningioma,0,0,0.0,0.04309106,-0.0018327832221984863,False,False
2459,"[[49]
 [48]
 [48]
 [57]
 [50]
 [48]]",2,meningioma,0,0,0.0,0.037266195,-0.01916903257369995,False,False
2485,"[[49]
 [48]
 [50]
 [54]
 [55]
 [53]]",2,meningioma,0,0,0.0,-0.021489263,0.0006282925605773926,False,False
2509,"[[49]
 [48]
 [48]
 [51]
 [54]
 [48]]",2,meningioma,0,1,0.0,0.46960667,0.0006949305534362793,True,False
2533,"[[49]
 [48]
 [53]
 [57]
 [51]
 [55]]",2,meningioma,0,0,0.0,0.013021231,-0.023708224296569824,False,False
2534,"[[49]
 [48]
 [53]
 [57]
 [51]
 [55]]",2,meningioma,0,0,0.0,0.011823893,0.003039240837097168,False,False
2535,"[[49]
 [48]
 [53]
 [57]
 [51]
 [55]]",2,meningioma,0,0,0.0,0.073337495,0.0008384585380554199,False,False
2542,"[[49]
 [48]
 [54]
 [52]
 [52]
 [50]]",2,meningioma,0,0,0.0,0.0545972,-0.0346703827381134,False,False
2566,"[[49]
 [48]
 [55]
 [49]
 [57]
 [48]]",2,meningioma,0,0,0.0,-0.002380073,0.006155669689178467,False,False
2583,"[[49]
 [48]
 [56]
 [53]
 [49]
 [52]]",2,meningioma,0,1,0.0,0.5234325,-0.019417285919189453,True,False
2584,"[[49]
 [48]
 [56]
 [53]
 [49]
 [52]]",2,meningioma,0,1,0.0,0.56460464,-0.005390822887420654,True,False
2585,"[[49]
 [48]
 [56]
 [53]
 [49]
 [52]]",2,meningioma,0,1,0.0,0.34529093,0.006452322006225586,True,False
2599,"[[49]
 [48]
 [57]
 [57]
 [54]
 [56]]",2,meningioma,0,0,0.0,0.05726075,0.0025310516357421875,False,False
2600,"[[49]
 [48]
 [57]
 [57]
 [54]
 [56]]",2,meningioma,0,0,0.0,0.09171075,0.029930591583251953,False,False
2601,"[[49]
 [48]
 [57]
 [57]
 [54]
 [56]]",2,meningioma,0,0,0.0,0.09648329,-0.008638083934783936,False,False
2602,"[[49]
 [48]
 [57]
 [57]
 [54]
 [56]]",2,meningioma,0,0,0.0,0.2563709,0.01351696252822876,False,False
2621,"[[49]
 [48]
 [53]
 [57]
 [51]
 [55]]",2,meningioma,0,0,0.0,0.034100473,-0.0012497901916503906,False,False
2632,"[[49]
 [48]
 [53]
 [57]
 [51]
 [55]]",2,meningioma,0,0,0.0,0.06747472,6.902217864990234e-05,False,False
2643,"[[49]
 [48]
 [54]
 [50]
 [56]
 [52]]",2,meningioma,0,1,0.0,0.52686435,-0.006446480751037598,True,False
2648,"[[49]
 [49]
 [51]
 [48]
 [57]
 [56]]",2,meningioma,0,0,0.0,0.019195676,-0.04511934518814087,False,False
2654,"[[49]
 [48]
 [54]
 [50]
 [56]
 [52]]",2,meningioma,0,0,0.0,0.42593202,0.004695892333984375,False,False
2665,"[[49]
 [48]
 [54]
 [50]
 [56]
 [52]]",2,meningioma,0,0,0.0,0.3463831,0.014435172080993652,False,False
2676,"[[49]
 [48]
 [54]
 [50]
 [56]
 [52]]",2,meningioma,0,1,0.0,0.5346618,-0.006373405456542969,True,False
2687,"[[49]
 [48]
 [54]
 [50]
 [56]
 [52]]",2,meningioma,0,1,0.0,0.63866645,0.010753929615020752,True,False
2692,"[[57]
 [55]
 [54]
 [48]
 [55]]",2,meningioma,0,1,0.0,0.30729902,-0.0161171555519104,True,False
2693,"[[57]
 [55]
 [54]
 [48]
 [55]]",2,meningioma,0,1,0.0,0.3039344,-0.031404852867126465,True,False
2694,"[[57]
 [55]
 [54]
 [48]
 [55]]",2,meningioma,0,0,0.0,0.08745432,0.041801512241363525,False,False
2695,"[[57]
 [55]
 [54]
 [48]
 [55]]",2,meningioma,0,0,0.0,0.041496873,0.00043702125549316406,False,False
2709,"[[49]
 [48]
 [54]
 [52]
 [52]
 [50]]",2,meningioma,0,0,0.0,0.12643564,0.0015014410018920898,False,False
2736,"[[57]
 [57]
 [56]
 [49]
 [53]]",2,meningioma,0,1,0.0,0.2005567,0.05860096216201782,True,False
2738,"[[57]
 [57]
 [56]
 [49]
 [53]]",2,meningioma,0,1,1.0,0.36248142,0.18728682398796082,True,True
2740,"[[57]
 [57]
 [56]
 [49]
 [53]]",2,meningioma,0,1,0.0,0.7197483,0.01817697286605835,True,False
2741,"[[57]
 [57]
 [56]
 [49]
 [53]]",2,meningioma,0,1,0.0,0.6659172,-0.016338229179382324,True,False
2746,"[[49]
 [48]
 [54]
 [48]
 [54]
 [50]]",2,pituitary,2,2,2.0,0.0002824068,-1.329183578491211e-05,False,False
2747,"[[49]
 [48]
 [54]
 [48]
 [54]
 [50]]",2,pituitary,2,2,2.0,-0.0014284253,6.878376007080078e-05,False,False
2748,"[[49]
 [48]
 [54]
 [48]
 [54]
 [50]]",2,pituitary,2,2,2.0,-0.004032731,0.002229034900665283,False,False
2760,"[[49]
 [48]
 [51]
 [49]
 [52]
 [56]]",2,glioma,1,1,1.0,0.0054808855,0.010483622550964355,False,False
2761,"[[49]
 [48]
 [51]
 [49]
 [52]
 [56]]",2,glioma,1,1,1.0,-0.0048906207,0.02504497766494751,False,False
2762,"[[49]
 [48]
 [51]
 [49]
 [52]
 [56]]",2,glioma,1,1,1.0,0.05150056,-0.018445372581481934,False,False
2763,"[[49]
 [48]
 [51]
 [49]
 [52]
 [56]]",2,glioma,1,1,,0.051871777,,False,
2805,"[[49]
 [48]
 [51]
 [49]
 [52]
 [56]]",2,glioma,1,1,1.0,0.08646977,0.02227717638015747,False,False
2806,"[[49]
 [48]
 [51]
 [49]
 [52]
 [56]]",2,glioma,1,1,1.0,-0.010818362,-0.0026657581329345703,False,False
2857,"[[57]
 [55]
 [54]
 [48]
 [57]]",2,glioma,1,1,,-0.0009716749,,False,
2858,"[[57]
 [55]
 [54]
 [48]
 [57]]",2,glioma,1,1,,0.007631421,,False,
2859,"[[57]
 [55]
 [54]
 [48]
 [57]]",2,glioma,1,1,,0.03685975,,False,
2860,"[[57]
 [55]
 [54]
 [48]
 [57]]",2,glioma,1,0,,0.058547348,,True,
2861,"[[57]
 [55]
 [54]
 [48]
 [57]]",2,glioma,1,1,,-0.031617165,,False,
2862,"[[57]
 [55]
 [54]
 [48]
 [57]]",2,glioma,1,1,1.0,-0.03369659,0.06989729404449463,False,False
2888,"[[49]
 [48]
 [51]
 [49]
 [52]
 [56]]",2,glioma,1,1,1.0,0.10960662,0.004403829574584961,False,False
2889,"[[49]
 [48]
 [51]
 [49]
 [52]
 [56]]",2,glioma,1,0,1.0,0.1239914,0.021687746047973633,True,False
2890,"[[49]
 [48]
 [51]
 [49]
 [52]
 [56]]",2,glioma,1,0,1.0,0.12833163,-0.06297051906585693,True,False
2963,"[[57]
 [55]
 [54]
 [48]
 [57]]",2,glioma,1,1,,0.041803837,,False,
2964,"[[57]
 [55]
 [54]
 [48]
 [57]]",2,glioma,1,1,,-0.062301874,,False,
2965,"[[49]
 [48]
 [55]
 [49]
 [57]
 [48]]",2,meningioma,0,0,0.0,0.0059666634,-0.0007284879684448242,False,False
2976,"[[49]
 [48]
 [55]
 [49]
 [57]
 [48]]",2,meningioma,0,0,0.0,0.0012225509,1.6689300537109375e-05,False,False
2979,"[[49]
 [48]
 [54]
 [48]
 [54]
 [50]]",2,pituitary,2,2,2.0,-0.036376953,-0.0069904327392578125,False,False
2980,"[[49]
 [48]
 [54]
 [48]
 [54]
 [50]]",2,pituitary,2,2,2.0,-0.03180951,-0.006890773773193359,False,False
2981,"[[49]
 [48]
 [54]
 [48]
 [54]
 [50]]",2,pituitary,2,2,2.0,-0.11051643,0.0013695359230041504,False,False
2982,"[[49]
 [48]
 [54]
 [48]
 [54]
 [50]]",2,pituitary,2,2,2.0,-0.051221192,0.00012576580047607422,False,False
2997,"[[49]
 [48]
 [55]
 [53]
 [48]
 [53]]",2,pituitary,2,2,2.0,-0.0018312931,-0.0007978081703186035,False,False
2999,"[[49]
 [48]
 [55]
 [53]
 [48]
 [53]]",2,pituitary,2,2,2.0,-0.0041850805,0.006547391414642334,False,False
3000,"[[49]
 [48]
 [55]
 [53]
 [48]
 [53]]",2,pituitary,2,2,2.0,-0.0023313165,0.0010077953338623047,False,False
3001,"[[49]
 [48]
 [55]
 [53]
 [48]
 [53]]",2,pituitary,2,2,2.0,-0.011986434,0.0019912123680114746,False,False
3002,"[[49]
 [48]
 [55]
 [53]
 [48]
 [53]]",2,pituitary,2,2,2.0,0.012495756,-0.0005269050598144531,False,False
3003,"[[49]
 [48]
 [55]
 [53]
 [48]
 [53]]",2,pituitary,2,2,2.0,0.0010522604,0.00014543533325195312,False,False
3004,"[[49]
 [48]
 [55]
 [53]
 [48]
 [53]]",2,pituitary,2,2,2.0,-0.026954532,-0.00347977876663208,False,False
3005,"[[49]
 [48]
 [55]
 [55]
 [52]
 [51]]",2,pituitary,2,2,2.0,7.271767e-05,0.00025707483291625977,False,False
3006,"[[49]
 [48]
 [55]
 [55]
 [52]
 [51]]",2,pituitary,2,2,2.0,-1.4305115e-05,5.7220458984375e-06,False,False
3007,"[[49]
 [48]
 [55]
 [55]
 [52]
 [51]]",2,pituitary,2,2,2.0,-1.8537045e-05,-1.1205673217773438e-05,False,False
3008,"[[49]
 [48]
 [55]
 [55]
 [52]
 [51]]",2,pituitary,2,2,2.0,6.914139e-06,-9.119510650634766e-06,False,False
3010,"[[49]
 [48]
 [56]
 [56]
 [53]
 [56]]",2,pituitary,2,2,2.0,-0.00057542324,-0.000896751880645752,False,False
3011,"[[49]
 [48]
 [56]
 [56]
 [53]
 [56]]",2,pituitary,2,2,2.0,0.014059365,-0.0027750730514526367,False,False
3012,"[[49]
 [48]
 [56]
 [56]
 [53]
 [56]]",2,pituitary,2,2,2.0,-0.021572232,0.00038188695907592773,False,False
3013,"[[49]
 [48]
 [56]
 [56]
 [53]
 [56]]",2,pituitary,2,2,2.0,-0.023923635,0.0008137226104736328,False,False
3014,"[[49]
 [48]
 [56]
 [56]
 [53]
 [56]]",2,pituitary,2,2,2.0,0.023018599,4.4405460357666016e-05,False,False
17,"[[49]
 [49]
 [51]
 [55]
 [52]
 [49]]",3,pituitary,2,2,2.0,-1.090765e-05,-1.8477439880371094e-06,False,False
18,"[[49]
 [49]
 [51]
 [55]
 [52]
 [49]]",3,pituitary,2,2,2.0,-5.066395e-06,4.76837158203125e-07,False,False
49,"[[49]
 [48]
 [55]
 [52]
 [57]
 [53]]",3,pituitary,2,2,2.0,-4.2676926e-05,-1.800060272216797e-05,False,False
50,"[[49]
 [48]
 [55]
 [52]
 [57]
 [53]]",3,pituitary,2,2,2.0,-0.00490731,-3.993511199951172e-06,False,False
51,"[[49]
 [48]
 [55]
 [52]
 [57]
 [53]]",3,pituitary,2,2,2.0,-4.4465065e-05,1.3828277587890625e-05,False,False
52,"[[49]
 [48]
 [55]
 [52]
 [57]
 [53]]",3,pituitary,2,2,2.0,-0.00023680925,-6.341934204101562e-05,False,False
53,"[[49]
 [48]
 [55]
 [52]
 [57]
 [53]]",3,pituitary,2,2,2.0,-0.003630817,-0.0015304088592529297,False,False
54,"[[49]
 [48]
 [55]
 [52]
 [50]
 [57]]",3,pituitary,2,2,2.0,0.08777648,-0.0012946128845214844,False,False
55,"[[49]
 [48]
 [55]
 [52]
 [50]
 [57]]",3,pituitary,2,2,2.0,0.0012686253,-0.006489574909210205,False,False
56,"[[49]
 [48]
 [55]
 [52]
 [50]
 [57]]",3,pituitary,2,2,2.0,-0.033019543,0.005749702453613281,False,False
58,"[[49]
 [48]
 [55]
 [52]
 [50]
 [57]]",3,pituitary,2,2,2.0,-0.08759683,0.006148159503936768,False,False
59,"[[49]
 [48]
 [55]
 [52]
 [50]
 [57]]",3,pituitary,2,2,2.0,-0.08794546,0.0011689066886901855,False,False
60,"[[49]
 [48]
 [55]
 [52]
 [50]
 [57]]",3,pituitary,2,2,2.0,0.0949921,-0.0024271607398986816,False,False
61,"[[49]
 [48]
 [55]
 [52]
 [50]
 [57]]",3,pituitary,2,2,2.0,-0.07645267,0.002372562885284424,False,False
94,"[[49]
 [48]
 [57]
 [55]
 [54]
 [57]]",3,pituitary,2,2,2.0,-0.00012356043,-1.1920928955078125e-06,False,False
95,"[[49]
 [48]
 [57]
 [55]
 [54]
 [57]]",3,pituitary,2,2,2.0,-3.7372112e-05,-1.1324882507324219e-05,False,False
96,"[[49]
 [48]
 [57]
 [55]
 [54]
 [57]]",3,pituitary,2,2,2.0,-0.0009186864,1.2218952178955078e-05,False,False
97,"[[49]
 [48]
 [57]
 [55]
 [54]
 [57]]",3,pituitary,2,2,2.0,-0.0039307475,0.002200305461883545,False,False
98,"[[49]
 [48]
 [57]
 [55]
 [54]
 [57]]",3,pituitary,2,2,2.0,-0.057226658,0.012381970882415771,False,False
133,"[[49]
 [49]
 [49]
 [49]
 [50]
 [53]]",3,pituitary,2,2,2.0,-0.00012248755,-0.00011134147644042969,False,False
134,"[[49]
 [49]
 [49]
 [49]
 [50]
 [53]]",3,pituitary,2,2,2.0,-0.0072229505,0.0004024505615234375,False,False
136,"[[49]
 [49]
 [49]
 [49]
 [50]
 [53]]",3,pituitary,2,2,2.0,-0.010791481,0.00033909082412719727,False,False
137,"[[49]
 [49]
 [49]
 [49]
 [50]
 [53]]",3,pituitary,2,2,2.0,0.0075588822,-0.0019500255584716797,False,False
138,"[[49]
 [49]
 [49]
 [49]
 [50]
 [53]]",3,pituitary,2,2,2.0,-0.14554566,-0.00568777322769165,False,False
139,"[[49]
 [49]
 [49]
 [49]
 [50]
 [53]]",3,pituitary,2,2,2.0,-0.062416375,0.00026702880859375,False,False
168,"[[49]
 [48]
 [56]
 [57]
 [52]
 [53]]",3,meningioma,0,0,0.0,0.44094238,0.002590358257293701,False,False
170,"[[49]
 [49]
 [51]
 [55]
 [52]
 [49]]",3,pituitary,2,2,2.0,-0.0009544492,-9.834766387939453e-06,False,False
171,"[[49]
 [49]
 [51]
 [55]
 [52]
 [49]]",3,pituitary,2,2,2.0,-0.012536585,0.000742793083190918,False,False
172,"[[49]
 [49]
 [51]
 [55]
 [52]
 [49]]",3,pituitary,2,2,2.0,-0.009068549,0.0015805363655090332,False,False
179,"[[49]
 [48]
 [56]
 [57]
 [52]
 [53]]",3,meningioma,0,0,0.0,0.31777138,-0.0021149516105651855,False,False
190,"[[49]
 [48]
 [56]
 [57]
 [52]
 [53]]",3,meningioma,0,0,0.0,0.23384643,0.00337827205657959,False,False
197,"[[49]
 [48]
 [55]
 [52]
 [57]
 [53]]",3,pituitary,2,2,2.0,0.00035500526,4.231929779052734e-06,False,False
198,"[[49]
 [48]
 [55]
 [52]
 [57]
 [53]]",3,pituitary,2,2,2.0,0.011569858,-0.0009952783584594727,False,False
199,"[[49]
 [48]
 [55]
 [52]
 [57]
 [53]]",3,pituitary,2,2,2.0,0.014784396,-0.00030815601348876953,False,False
200,"[[49]
 [48]
 [55]
 [52]
 [57]
 [53]]",3,pituitary,2,2,2.0,0.008226395,-0.00030291080474853516,False,False
201,"[[49]
 [48]
 [56]
 [57]
 [52]
 [53]]",3,meningioma,0,0,0.0,0.03715545,-0.0008065104484558105,False,False
202,"[[49]
 [48]
 [55]
 [52]
 [57]
 [53]]",3,pituitary,2,2,2.0,0.0073227286,-0.002106189727783203,False,False
203,"[[49]
 [48]
 [55]
 [52]
 [57]
 [53]]",3,pituitary,2,2,2.0,0.06896156,5.173683166503906e-05,False,False
204,"[[49]
 [48]
 [55]
 [52]
 [50]
 [57]]",3,pituitary,2,2,2.0,0.37502596,0.002071559429168701,False,False
205,"[[49]
 [48]
 [55]
 [52]
 [50]
 [57]]",3,pituitary,2,2,2.0,-0.036994994,0.01046609878540039,False,False
206,"[[49]
 [48]
 [55]
 [52]
 [50]
 [57]]",3,pituitary,2,2,2.0,-0.105597794,0.020736873149871826,False,False
207,"[[49]
 [48]
 [55]
 [52]
 [50]
 [57]]",3,pituitary,2,2,2.0,-0.06885946,0.019892573356628418,False,False
208,"[[49]
 [48]
 [55]
 [52]
 [50]
 [57]]",3,pituitary,2,2,2.0,-0.14330268,0.03495454788208008,False,False
209,"[[49]
 [48]
 [55]
 [52]
 [50]
 [57]]",3,pituitary,2,2,2.0,-0.15267038,-0.03720921277999878,False,False
210,"[[49]
 [48]
 [55]
 [52]
 [50]
 [57]]",3,pituitary,2,2,2.0,-0.08596468,-0.020686805248260498,False,False
240,"[[49]
 [48]
 [57]
 [55]
 [54]
 [57]]",3,pituitary,2,2,2.0,-0.00035136938,-1.6629695892333984e-05,False,False
241,"[[49]
 [48]
 [57]
 [55]
 [54]
 [57]]",3,pituitary,2,2,2.0,-0.0004633665,-0.00017207860946655273,False,False
242,"[[49]
 [48]
 [57]
 [55]
 [54]
 [57]]",3,pituitary,2,2,2.0,0.0009844303,0.00029224157333374023,False,False
243,"[[49]
 [48]
 [57]
 [55]
 [54]
 [57]]",3,pituitary,2,2,2.0,0.00059485435,-0.00027698278427124023,False,False
244,"[[49]
 [48]
 [57]
 [55]
 [54]
 [57]]",3,pituitary,2,2,2.0,0.00061297417,1.6808509826660156e-05,False,False
266,"[[49]
 [49]
 [49]
 [49]
 [50]
 [53]]",3,pituitary,2,2,2.0,-4.0650368e-05,-2.9802322387695312e-06,False,False
267,"[[49]
 [49]
 [49]
 [49]
 [50]
 [53]]",3,pituitary,2,2,2.0,0.0001425147,-6.4373016357421875e-06,False,False
269,"[[49]
 [49]
 [49]
 [49]
 [50]
 [53]]",3,pituitary,2,2,2.0,0.0001257062,1.519918441772461e-05,False,False
270,"[[49]
 [49]
 [49]
 [49]
 [50]
 [53]]",3,pituitary,2,2,2.0,0.00084096193,-0.0002549886703491211,False,False
279,"[[49]
 [49]
 [49]
 [48]
 [55]
 [55]]",3,meningioma,0,0,0.0,0.045123458,-0.006609737873077393,False,False
290,"[[49]
 [49]
 [49]
 [48]
 [55]
 [55]]",3,meningioma,0,0,0.0,0.013646185,0.0009276270866394043,False,False
301,"[[49]
 [49]
 [49]
 [48]
 [55]
 [55]]",3,meningioma,0,0,0.0,0.0060634017,0.004437625408172607,False,False
302,"[[49]
 [49]
 [51]
 [55]
 [52]
 [49]]",3,pituitary,2,2,2.0,-2.9742718e-05,-3.039836883544922e-06,False,False
303,"[[49]
 [49]
 [51]
 [55]
 [52]
 [49]]",3,pituitary,2,2,2.0,-3.4809113e-05,-5.424022674560547e-06,False,False
304,"[[49]
 [49]
 [51]
 [55]
 [52]
 [49]]",3,pituitary,2,2,2.0,-0.0002991557,8.344650268554688e-07,False,False
318,"[[49]
 [48]
 [49]
 [49]
 [52]
 [53]]",3,pituitary,2,2,2.0,0.00043570995,2.0444393157958984e-05,False,False
319,"[[49]
 [48]
 [49]
 [49]
 [52]
 [53]]",3,pituitary,2,2,2.0,0.0014092922,9.202957153320312e-05,False,False
320,"[[49]
 [48]
 [49]
 [49]
 [52]
 [53]]",3,pituitary,2,2,2.0,0.02301246,-0.00033855438232421875,False,False
321,"[[49]
 [48]
 [49]
 [49]
 [52]
 [53]]",3,pituitary,2,2,2.0,0.024587512,0.000972747802734375,False,False
390,"[[49]
 [49]
 [50]
 [48]
 [48]
 [50]]",3,meningioma,0,0,0.0,0.027697027,-0.0005081295967102051,False,False
401,"[[49]
 [49]
 [50]
 [48]
 [48]
 [50]]",3,meningioma,0,0,0.0,-0.10295975,0.003260672092437744,False,False
402,"[[49]
 [48]
 [52]
 [54]
 [56]
 [52]]",3,pituitary,2,2,2.0,7.861853e-05,0.002028942108154297,False,False
403,"[[49]
 [48]
 [52]
 [54]
 [56]
 [52]]",3,pituitary,2,2,2.0,-0.0018746853,-0.00012969970703125,False,False
404,"[[49]
 [48]
 [52]
 [54]
 [56]
 [52]]",3,pituitary,2,2,2.0,-0.0006079078,-4.9054622650146484e-05,False,False
405,"[[49]
 [48]
 [52]
 [54]
 [56]
 [52]]",3,pituitary,2,2,2.0,-0.0004156232,-3.236532211303711e-05,False,False
406,"[[49]
 [48]
 [52]
 [54]
 [56]
 [52]]",3,pituitary,2,2,2.0,-0.0013703704,-9.185075759887695e-05,False,False
407,"[[49]
 [48]
 [52]
 [54]
 [56]
 [52]]",3,pituitary,2,2,2.0,-0.0066048503,-0.0048389434814453125,False,False
408,"[[49]
 [48]
 [52]
 [54]
 [56]
 [52]]",3,pituitary,2,2,2.0,-0.0063917637,-0.0017555952072143555,False,False
409,"[[49]
 [48]
 [52]
 [54]
 [56]
 [52]]",3,pituitary,2,2,2.0,0.11135942,-0.009878337383270264,False,False
410,"[[49]
 [48]
 [52]
 [54]
 [56]
 [52]]",3,pituitary,2,2,2.0,0.04442829,0.04173433780670166,False,False
412,"[[49]
 [49]
 [50]
 [48]
 [48]
 [50]]",3,meningioma,0,0,0.0,-0.04049331,-0.02985692024230957,False,False
421,"[[49]
 [48]
 [53]
 [52]
 [55]
 [53]]",3,pituitary,2,2,2.0,0.03574121,9.942054748535156e-05,False,False
422,"[[49]
 [48]
 [53]
 [52]
 [55]
 [53]]",3,pituitary,2,2,2.0,0.1760326,0.00011563301086425781,False,False
423,"[[49]
 [49]
 [50]
 [48]
 [48]
 [50]]",3,meningioma,0,0,0.0,0.012522221,0.002318739891052246,False,False
427,"[[49]
 [48]
 [53]
 [54]
 [51]
 [56]]",3,pituitary,2,2,2.0,-4.7922134e-05,-4.649162292480469e-05,False,False
428,"[[49]
 [48]
 [53]
 [54]
 [51]
 [56]]",3,pituitary,2,2,2.0,-0.0008248687,-5.513429641723633e-05,False,False
429,"[[49]
 [48]
 [53]
 [54]
 [51]
 [56]]",3,pituitary,2,2,2.0,-0.000520885,-8.285045623779297e-06,False,False
470,"[[57]
 [56]
 [54]
 [53]
 [50]]",3,pituitary,2,2,2.0,-1.2099743e-05,-9.953975677490234e-06,False,False
471,"[[57]
 [56]
 [54]
 [53]
 [50]]",3,pituitary,2,2,2.0,-5.4836273e-05,3.5762786865234375e-07,False,False
472,"[[57]
 [56]
 [54]
 [53]
 [50]]",3,pituitary,2,2,2.0,-2.2888184e-05,-1.0311603546142578e-05,False,False
480,"[[57]
 [56]
 [56]
 [55]
 [52]]",3,pituitary,2,2,2.0,-0.0013635159,0.0005009174346923828,False,False
481,"[[57]
 [56]
 [56]
 [55]
 [52]]",3,pituitary,2,2,2.0,0.012225449,-3.719329833984375e-05,False,False
482,"[[57]
 [56]
 [56]
 [55]
 [52]]",3,pituitary,2,2,2.0,-0.020169258,0.0004259943962097168,False,False
483,"[[57]
 [56]
 [56]
 [55]
 [52]]",3,pituitary,2,2,2.0,-0.01572615,-0.0028650760650634766,False,False
484,"[[57]
 [56]
 [56]
 [55]
 [52]]",3,pituitary,2,2,2.0,-0.012882292,0.003817141056060791,False,False
521,"[[49]
 [48]
 [49]
 [49]
 [52]
 [53]]",3,pituitary,2,2,2.0,0.053187132,-0.06581681966781616,False,False
522,"[[49]
 [48]
 [49]
 [49]
 [52]
 [53]]",3,pituitary,2,2,2.0,0.020765126,-0.0007789731025695801,False,False
524,"[[49]
 [48]
 [49]
 [49]
 [52]
 [53]]",3,pituitary,2,2,2.0,0.0086628795,-0.0010773539543151855,False,False
525,"[[49]
 [48]
 [49]
 [49]
 [52]
 [53]]",3,pituitary,2,2,2.0,-0.00071156025,-2.3365020751953125e-05,False,False
607,"[[49]
 [48]
 [52]
 [54]
 [56]
 [52]]",3,pituitary,2,2,2.0,0.19951504,-0.00022614002227783203,False,False
608,"[[49]
 [48]
 [52]
 [54]
 [56]
 [52]]",3,pituitary,2,2,2.0,0.037795663,0.0006378889083862305,False,False
609,"[[49]
 [48]
 [52]
 [54]
 [56]
 [52]]",3,pituitary,2,2,2.0,0.1046831,-0.0003374814987182617,False,False
610,"[[49]
 [48]
 [52]
 [54]
 [56]
 [52]]",3,pituitary,2,2,2.0,0.01007396,-7.82012939453125e-05,False,False
611,"[[49]
 [48]
 [52]
 [54]
 [56]
 [52]]",3,pituitary,2,2,2.0,0.006806135,-0.0010744929313659668,False,False
613,"[[49]
 [48]
 [52]
 [54]
 [56]
 [52]]",3,pituitary,2,2,2.0,-0.015133679,0.0006994009017944336,False,False
614,"[[49]
 [48]
 [52]
 [54]
 [56]
 [52]]",3,pituitary,2,2,2.0,0.034824967,-0.007967770099639893,False,False
627,"[[49]
 [48]
 [53]
 [52]
 [55]
 [53]]",3,pituitary,2,2,2.0,-0.0011332035,-5.2094459533691406e-05,False,False
628,"[[49]
 [48]
 [53]
 [52]
 [55]
 [53]]",3,pituitary,2,2,2.0,-0.007373631,0.0027152299880981445,False,False
629,"[[49]
 [48]
 [53]
 [52]
 [55]
 [53]]",3,pituitary,2,2,2.0,-0.0024577975,4.1484832763671875e-05,False,False
632,"[[49]
 [48]
 [53]
 [54]
 [51]
 [56]]",3,pituitary,2,2,2.0,0.07577902,0.00129777193069458,False,False
633,"[[49]
 [48]
 [53]
 [54]
 [51]
 [56]]",3,pituitary,2,2,2.0,0.012150824,0.0007105469703674316,False,False
635,"[[49]
 [48]
 [53]
 [54]
 [51]
 [56]]",3,pituitary,2,2,2.0,0.024840772,-8.821487426757812e-06,False,False
636,"[[49]
 [48]
 [53]
 [54]
 [51]
 [56]]",3,pituitary,2,2,2.0,-0.00019288063,0.0009676814079284668,False,False
637,"[[49]
 [48]
 [53]
 [54]
 [51]
 [56]]",3,pituitary,2,2,2.0,-0.012863636,0.005632340908050537,False,False
674,"[[57]
 [56]
 [54]
 [53]
 [50]]",3,pituitary,2,2,2.0,-0.00014996529,0.00011968612670898438,False,False
675,"[[57]
 [56]
 [54]
 [53]
 [50]]",3,pituitary,2,2,2.0,-0.00065231323,8.344650268554688e-07,False,False
676,"[[57]
 [56]
 [54]
 [53]
 [50]]",3,pituitary,2,2,2.0,0.0020977259,8.660554885864258e-05,False,False
677,"[[57]
 [56]
 [54]
 [53]
 [50]]",3,pituitary,2,2,2.0,-0.026517987,0.004027664661407471,False,False
687,"[[57]
 [56]
 [56]
 [55]
 [52]]",3,pituitary,2,0,2.0,0.14303413,-0.008774161338806152,True,False
688,"[[57]
 [56]
 [56]
 [55]
 [52]]",3,pituitary,2,2,2.0,0.3171755,-0.006365954875946045,False,False
689,"[[57]
 [56]
 [56]
 [55]
 [52]]",3,pituitary,2,2,2.0,0.29907888,0.020341217517852783,False,False
691,"[[57]
 [56]
 [56]
 [55]
 [52]]",3,pituitary,2,2,2.0,0.11778206,-0.010745763778686523,False,False
701,"[[49]
 [49]
 [51]
 [56]
 [48]
 [53]]",3,meningioma,0,0,0.0,-0.020321429,-0.0034792423248291016,False,False
725,"[[49]
 [48]
 [49]
 [49]
 [52]
 [53]]",3,pituitary,2,2,2.0,0.024071693,0.005643069744110107,False,False
726,"[[49]
 [48]
 [49]
 [49]
 [52]
 [53]]",3,pituitary,2,2,2.0,-0.019949019,0.024338185787200928,False,False
728,"[[49]
 [48]
 [49]
 [49]
 [52]
 [53]]",3,pituitary,2,2,2.0,-0.0031737685,-0.00043457746505737305,False,False
801,"[[49]
 [49]
 [52]
 [51]
 [53]
 [57]]",3,meningioma,0,0,0.0,0.0071851015,0.003222048282623291,False,False
812,"[[49]
 [49]
 [52]
 [51]
 [53]
 [57]]",3,meningioma,0,0,0.0,0.050476372,0.043573081493377686,False,False
817,"[[49]
 [48]
 [52]
 [54]
 [56]
 [52]]",3,pituitary,2,2,2.0,-3.105402e-05,-7.748603820800781e-07,False,False
818,"[[49]
 [48]
 [52]
 [54]
 [56]
 [52]]",3,pituitary,2,2,2.0,1.8894672e-05,-3.516674041748047e-06,False,False
819,"[[49]
 [48]
 [52]
 [54]
 [56]
 [52]]",3,pituitary,2,2,2.0,0.0015233159,0.00011795759201049805,False,False
820,"[[49]
 [48]
 [52]
 [54]
 [56]
 [52]]",3,pituitary,2,2,2.0,0.0010262728,-0.0001289844512939453,False,False
821,"[[49]
 [48]
 [52]
 [54]
 [56]
 [52]]",3,pituitary,2,2,2.0,2.3841858e-06,1.3709068298339844e-06,False,False
822,"[[49]
 [48]
 [52]
 [54]
 [56]
 [52]]",3,pituitary,2,2,2.0,-1.2040138e-05,2.3245811462402344e-06,False,False
823,"[[49]
 [49]
 [52]
 [51]
 [53]
 [57]]",3,meningioma,0,0,0.0,0.050185323,-0.004656076431274414,False,False
824,"[[49]
 [48]
 [52]
 [54]
 [56]
 [52]]",3,pituitary,2,2,2.0,-6.7949295e-05,-1.0907649993896484e-05,False,False
839,"[[49]
 [48]
 [53]
 [52]
 [55]
 [53]]",3,pituitary,2,2,2.0,-0.12508035,0.0016813278198242188,False,False
840,"[[49]
 [48]
 [53]
 [52]
 [55]
 [53]]",3,pituitary,2,2,2.0,-0.14673442,-0.00020247697830200195,False,False
841,"[[49]
 [48]
 [53]
 [52]
 [55]
 [53]]",3,pituitary,2,2,2.0,-0.12344664,-0.0006021857261657715,False,False
842,"[[49]
 [48]
 [53]
 [52]
 [55]
 [53]]",3,pituitary,2,2,2.0,-0.07789689,0.00022542476654052734,False,False
843,"[[49]
 [48]
 [53]
 [52]
 [55]
 [53]]",3,pituitary,2,2,2.0,-0.08682728,0.00939643383026123,False,False
847,"[[49]
 [48]
 [53]
 [54]
 [51]
 [56]]",3,pituitary,2,2,2.0,-0.011644363,0.00013130903244018555,False,False
848,"[[49]
 [48]
 [53]
 [54]
 [51]
 [56]]",3,pituitary,2,2,2.0,-0.0029802322,-0.0008646249771118164,False,False
849,"[[49]
 [48]
 [53]
 [54]
 [51]
 [56]]",3,pituitary,2,2,2.0,0.01777041,-0.004270315170288086,False,False
850,"[[49]
 [48]
 [53]
 [54]
 [51]
 [56]]",3,pituitary,2,2,2.0,0.009038925,-0.0003032684326171875,False,False
851,"[[49]
 [48]
 [53]
 [54]
 [51]
 [56]]",3,pituitary,2,2,2.0,-0.00047671795,-2.9981136322021484e-05,False,False
892,"[[57]
 [56]
 [54]
 [53]
 [50]]",3,pituitary,2,2,2.0,0.0021758676,-0.0013561248779296875,False,False
893,"[[57]
 [56]
 [54]
 [53]
 [50]]",3,pituitary,2,2,2.0,0.021506548,0.011586189270019531,False,False
894,"[[57]
 [56]
 [54]
 [53]
 [50]]",3,pituitary,2,2,2.0,0.064727426,0.0004971027374267578,False,False
895,"[[57]
 [56]
 [54]
 [53]
 [50]]",3,pituitary,2,2,2.0,0.01678729,3.1054019927978516e-05,False,False
896,"[[57]
 [56]
 [54]
 [53]
 [50]]",3,pituitary,2,2,2.0,0.02963829,6.175041198730469e-05,False,False
905,"[[57]
 [56]
 [56]
 [55]
 [52]]",3,pituitary,2,2,2.0,-0.020218432,0.017785727977752686,False,False
906,"[[57]
 [56]
 [56]
 [55]
 [52]]",3,pituitary,2,2,2.0,0.00088995695,0.0017348527908325195,False,False
907,"[[57]
 [56]
 [56]
 [55]
 [52]]",3,pituitary,2,2,2.0,-0.061595023,-0.006711006164550781,False,False
908,"[[57]
 [56]
 [56]
 [55]
 [52]]",3,pituitary,2,2,2.0,-0.2873265,-0.0018241405487060547,False,False
909,"[[57]
 [56]
 [56]
 [55]
 [52]]",3,pituitary,2,2,2.0,-0.049121857,-0.0026702284812927246,False,False
910,"[[57]
 [56]
 [56]
 [55]
 [52]]",3,pituitary,2,2,2.0,-0.043175757,0.009653985500335693,False,False
934,"[[57]
 [55]
 [56]
 [55]
 [53]]",3,meningioma,0,0,0.0,0.07056159,-0.0005133152008056641,False,False
945,"[[57]
 [55]
 [56]
 [55]
 [53]]",3,meningioma,0,0,0.0,0.12188029,-0.00609511137008667,False,False
956,"[[57]
 [55]
 [56]
 [55]
 [53]]",3,meningioma,0,0,0.0,0.007139683,-0.00021255016326904297,False,False
977,"[[77]
 [82]
 [48]
 [52]
 [57]
 [49]
 [48]
 [52]]",3,glioma,1,1,1.0,-0.00032424927,4.124641418457031e-05,False,False
979,"[[77]
 [82]
 [48]
 [52]
 [57]
 [49]
 [48]
 [52]]",3,glioma,1,1,1.0,8.356571e-05,2.7418136596679688e-06,False,False
984,"[[77]
 [82]
 [48]
 [52]
 [56]
 [57]
 [57]
 [52]
 [66]]",3,glioma,1,1,1.0,-9.834766e-06,-2.980232238769531e-07,False,False
985,"[[77]
 [82]
 [48]
 [52]
 [56]
 [57]
 [57]
 [52]
 [66]]",3,glioma,1,1,1.0,-9.5009804e-05,-6.973743438720703e-06,False,False
986,"[[77]
 [82]
 [48]
 [52]
 [56]
 [57]
 [57]
 [52]
 [66]]",3,glioma,1,1,1.0,3.5703182e-05,-1.5497207641601562e-06,False,False
987,"[[77]
 [82]
 [48]
 [52]
 [56]
 [57]
 [57]
 [52]
 [66]]",3,glioma,1,1,1.0,-0.0008420348,0.0021556615829467773,False,False
988,"[[77]
 [82]
 [48]
 [52]
 [56]
 [57]
 [57]
 [52]
 [66]]",3,glioma,1,1,1.0,0.11684811,-0.0035781264305114746,False,False
990,"[[77]
 [82]
 [48]
 [52]
 [56]
 [57]
 [57]
 [52]
 [66]]",3,glioma,1,1,1.0,0.19287753,-0.0005644559860229492,False,False
991,"[[77]
 [82]
 [48]
 [52]
 [56]
 [57]
 [57]
 [52]
 [66]]",3,glioma,1,1,1.0,0.003703177,0.0005952119827270508,False,False
992,"[[77]
 [82]
 [48]
 [52]
 [56]
 [57]
 [57]
 [52]
 [66]]",3,glioma,1,1,1.0,0.07202864,0.0168302059173584,False,False
1057,"[[77]
 [82]
 [48]
 [53]
 [48]
 [49]
 [51]
 [53]
 [66]]",3,glioma,1,1,1.0,-0.045679748,0.0016255378723144531,False,False
1058,"[[77]
 [82]
 [48]
 [53]
 [48]
 [49]
 [51]
 [53]
 [66]]",3,glioma,1,1,1.0,-0.0036211014,-0.0002124309539794922,False,False
1059,"[[77]
 [82]
 [48]
 [53]
 [48]
 [49]
 [51]
 [53]
 [66]]",3,glioma,1,1,1.0,0.00020611286,-5.960464477539063e-08,False,False
1060,"[[77]
 [82]
 [48]
 [53]
 [48]
 [49]
 [51]
 [53]
 [66]]",3,glioma,1,1,1.0,0.00025892258,7.748603820800781e-07,False,False
1061,"[[77]
 [82]
 [48]
 [53]
 [48]
 [49]
 [51]
 [53]
 [66]]",3,glioma,1,1,1.0,0.0010932088,0.00010716915130615234,False,False
1062,"[[77]
 [82]
 [48]
 [53]
 [48]
 [49]
 [51]
 [53]
 [66]]",3,glioma,1,1,1.0,1.92523e-05,3.039836883544922e-06,False,False
1063,"[[77]
 [82]
 [48]
 [53]
 [48]
 [49]
 [51]
 [53]
 [66]]",3,glioma,1,1,1.0,-0.0015960336,-0.000985562801361084,False,False
1064,"[[77]
 [82]
 [48]
 [53]
 [48]
 [49]
 [51]
 [53]
 [66]]",3,glioma,1,1,1.0,-0.0019879937,-4.094839096069336e-05,False,False
1065,"[[77]
 [82]
 [48]
 [53]
 [48]
 [49]
 [51]
 [53]
 [66]]",3,glioma,1,1,1.0,-0.00034165382,4.649162292480469e-05,False,False
1066,"[[77]
 [82]
 [48]
 [53]
 [48]
 [49]
 [51]
 [53]
 [66]]",3,glioma,1,1,1.0,-1.2397766e-05,5.066394805908203e-06,False,False
1068,"[[77]
 [82]
 [48]
 [53]
 [48]
 [49]
 [51]
 [53]
 [66]]",3,glioma,1,1,1.0,-1.1920929e-07,5.841255187988281e-06,False,False
1069,"[[77]
 [82]
 [48]
 [53]
 [48]
 [49]
 [51]
 [53]
 [66]]",3,glioma,1,1,1.0,-5.64456e-05,-0.0002701878547668457,False,False
1070,"[[77]
 [82]
 [48]
 [53]
 [48]
 [49]
 [51]
 [53]
 [66]]",3,glioma,1,1,1.0,8.714199e-05,-3.1948089599609375e-05,False,False
1071,"[[77]
 [82]
 [48]
 [53]
 [48]
 [49]
 [51]
 [53]
 [66]]",3,glioma,1,1,1.0,7.259846e-05,-1.1324882507324219e-06,False,False
1073,"[[77]
 [82]
 [48]
 [53]
 [48]
 [54]
 [56]
 [55]]",3,glioma,1,1,1.0,-0.114813685,-0.06272166967391968,False,False
1074,"[[77]
 [82]
 [48]
 [53]
 [48]
 [54]
 [56]
 [55]]",3,glioma,1,1,1.0,-0.0015246272,-0.01754993200302124,False,False
1075,"[[77]
 [82]
 [48]
 [53]
 [48]
 [54]
 [56]
 [55]]",3,glioma,1,1,1.0,-0.006667495,-0.002426624298095703,False,False
1076,"[[77]
 [82]
 [48]
 [53]
 [48]
 [54]
 [56]
 [55]]",3,glioma,1,1,1.0,-0.0024741292,-0.00022011995315551758,False,False
1077,"[[77]
 [82]
 [48]
 [53]
 [48]
 [54]
 [56]
 [55]]",3,glioma,1,1,1.0,-0.00053191185,-6.16312026977539e-05,False,False
1079,"[[77]
 [82]
 [48]
 [53]
 [48]
 [54]
 [56]
 [55]]",3,glioma,1,1,1.0,0.00057446957,-0.0010547637939453125,False,False
1080,"[[77]
 [82]
 [48]
 [53]
 [48]
 [54]
 [56]
 [55]]",3,glioma,1,1,1.0,-0.014910102,0.0021157264709472656,False,False
1081,"[[77]
 [82]
 [48]
 [53]
 [48]
 [54]
 [56]
 [55]]",3,glioma,1,1,1.0,0.009393513,-0.009702324867248535,False,False
1082,"[[77]
 [82]
 [48]
 [53]
 [48]
 [54]
 [56]
 [55]]",3,glioma,1,1,1.0,0.0037629008,-0.0036306381225585938,False,False
1112,"[[49]
 [48]
 [49]
 [55]
 [57]
 [55]]",3,meningioma,0,1,1.0,0.5060487,0.050581008195877075,True,True
1157,"[[57]
 [57]
 [51]
 [48]
 [56]]",3,meningioma,0,0,0.0,0.10448253,0.00021648406982421875,False,False
1168,"[[57]
 [57]
 [51]
 [48]
 [56]]",3,meningioma,0,0,0.0,0.029212713,0.004167616367340088,False,False
1179,"[[57]
 [57]
 [51]
 [48]
 [56]]",3,meningioma,0,0,0.0,-0.099579096,-0.014359533786773682,False,False
1190,"[[57]
 [57]
 [51]
 [48]
 [56]]",3,meningioma,0,0,0.0,-0.0045277476,-0.023765265941619873,False,False
1198,"[[77]
 [82]
 [48]
 [52]
 [57]
 [57]
 [52]
 [50]
 [66]]",3,glioma,1,1,1.0,-0.00013715029,2.956390380859375e-05,False,False
1199,"[[77]
 [82]
 [48]
 [52]
 [57]
 [57]
 [52]
 [50]
 [66]]",3,glioma,1,1,1.0,6.234646e-05,5.930662155151367e-05,False,False
1200,"[[77]
 [82]
 [48]
 [52]
 [57]
 [57]
 [52]
 [50]
 [66]]",3,glioma,1,1,1.0,3.761053e-05,9.000301361083984e-06,False,False
1201,"[[57]
 [57]
 [51]
 [48]
 [56]]",3,meningioma,0,0,0.0,-0.0019618869,-0.008460462093353271,False,False
1209,"[[77]
 [82]
 [48]
 [53]
 [51]
 [49]
 [49]
 [48]
 [66]]",3,glioma,1,1,1.0,-0.00015449524,6.407499313354492e-05,False,False
1210,"[[77]
 [82]
 [48]
 [53]
 [51]
 [49]
 [49]
 [48]
 [66]]",3,glioma,1,1,1.0,-1.0788441e-05,-1.2695789337158203e-05,False,False
1211,"[[77]
 [82]
 [48]
 [53]
 [51]
 [49]
 [49]
 [48]
 [66]]",3,glioma,1,1,1.0,-3.5762787e-07,-2.980232238769531e-07,False,False
1213,"[[77]
 [82]
 [48]
 [53]
 [51]
 [49]
 [49]
 [48]
 [66]]",3,glioma,1,1,1.0,0.0,-5.960464477539063e-08,False,False
1214,"[[77]
 [82]
 [48]
 [53]
 [51]
 [49]
 [49]
 [48]
 [66]]",3,glioma,1,1,1.0,0.0,6.556510925292969e-07,False,False
1215,"[[77]
 [82]
 [48]
 [53]
 [51]
 [49]
 [49]
 [48]
 [66]]",3,glioma,1,1,1.0,0.0,-1.1920928955078125e-07,False,False
1220,"[[77]
 [82]
 [48]
 [53]
 [52]
 [54]
 [56]
 [51]]",3,glioma,1,1,1.0,-3.516674e-05,2.753734588623047e-05,False,False
1221,"[[77]
 [82]
 [48]
 [53]
 [52]
 [54]
 [56]
 [51]]",3,glioma,1,1,1.0,8.702278e-06,-0.00020307302474975586,False,False
1222,"[[77]
 [82]
 [48]
 [53]
 [52]
 [54]
 [56]
 [51]]",3,glioma,1,1,1.0,0.0,-2.980232238769531e-07,False,False
1223,"[[49]
 [48]
 [49]
 [55]
 [57]
 [55]]",3,meningioma,0,1,0.0,0.42351967,0.015072464942932129,True,False
1255,"[[77]
 [82]
 [48]
 [53]
 [51]
 [49]
 [49]
 [48]
 [69]]",3,glioma,1,1,1.0,0.0005348921,-0.00019228458404541016,False,False
1256,"[[77]
 [82]
 [48]
 [53]
 [51]
 [49]
 [49]
 [48]
 [69]]",3,glioma,1,1,1.0,-0.01718235,-0.002608954906463623,False,False
1258,"[[77]
 [82]
 [48]
 [53]
 [51]
 [49]
 [49]
 [48]
 [69]]",3,glioma,1,1,1.0,0.001958847,-0.0009000301361083984,False,False
1259,"[[77]
 [82]
 [48]
 [53]
 [51]
 [49]
 [49]
 [48]
 [69]]",3,glioma,1,1,1.0,4.3213367e-05,-4.482269287109375e-05,False,False
1260,"[[77]
 [82]
 [48]
 [53]
 [51]
 [49]
 [49]
 [48]
 [69]]",3,glioma,1,1,1.0,9.840727e-05,-1.8656253814697266e-05,False,False
1261,"[[77]
 [82]
 [48]
 [53]
 [51]
 [49]
 [49]
 [48]
 [69]]",3,glioma,1,1,1.0,2.527237e-05,-3.600120544433594e-05,False,False
1270,"[[77]
 [82]
 [48]
 [51]
 [49]
 [52]
 [48]
 [57]
 [66]]",3,glioma,1,1,1.0,0.0,0.0,False,False
1271,"[[77]
 [82]
 [48]
 [51]
 [49]
 [52]
 [48]
 [57]
 [66]]",3,glioma,1,1,1.0,0.0,0.0,False,False
1272,"[[77]
 [82]
 [48]
 [51]
 [49]
 [52]
 [48]
 [57]
 [66]]",3,glioma,1,1,1.0,0.0003374219,0.0019561052322387695,False,False
1297,"[[77]
 [82]
 [48]
 [51]
 [55]
 [52]
 [53]
 [56]
 [66]]",3,glioma,1,1,1.0,0.026052535,0.013731420040130615,False,False
1298,"[[77]
 [82]
 [48]
 [51]
 [55]
 [52]
 [53]
 [56]
 [66]]",3,glioma,1,1,1.0,-0.00038331747,0.028424561023712158,False,False
1299,"[[77]
 [82]
 [48]
 [51]
 [55]
 [52]
 [53]
 [56]
 [66]]",3,glioma,1,1,1.0,0.06195593,-0.013216257095336914,False,False
1300,"[[77]
 [82]
 [48]
 [51]
 [55]
 [52]
 [53]
 [56]
 [66]]",3,glioma,1,1,1.0,-0.035151422,-0.0026497244834899902,False,False
1302,"[[77]
 [82]
 [48]
 [51]
 [55]
 [52]
 [53]
 [56]
 [66]]",3,glioma,1,1,1.0,0.038466692,0.008998751640319824,False,False
1303,"[[77]
 [82]
 [48]
 [51]
 [55]
 [52]
 [53]
 [56]
 [66]]",3,glioma,1,1,1.0,-0.063091576,-0.046234190464019775,False,False
1304,"[[77]
 [82]
 [48]
 [51]
 [55]
 [52]
 [53]
 [56]
 [66]]",3,glioma,1,1,1.0,0.06973064,-0.0194053053855896,False,False
1305,"[[77]
 [82]
 [48]
 [51]
 [55]
 [52]
 [53]
 [56]
 [66]]",3,glioma,1,1,1.0,-0.0023843646,-0.007773220539093018,False,False
1330,"[[77]
 [82]
 [48]
 [52]
 [48]
 [50]
 [52]
 [48]]",3,glioma,1,1,1.0,-0.056542456,-0.004602670669555664,False,False
1331,"[[77]
 [82]
 [48]
 [52]
 [48]
 [50]
 [52]
 [48]]",3,glioma,1,1,1.0,-0.006025195,-0.00016820430755615234,False,False
1332,"[[77]
 [82]
 [48]
 [52]
 [48]
 [50]
 [52]
 [48]]",3,glioma,1,1,1.0,0.0014547706,-3.1948089599609375e-05,False,False
1333,"[[77]
 [82]
 [48]
 [52]
 [48]
 [50]
 [52]
 [48]]",3,glioma,1,1,1.0,0.0004066229,-9.5367431640625e-06,False,False
1334,"[[49]
 [48]
 [49]
 [55]
 [57]
 [55]]",3,meningioma,0,0,0.0,0.07799995,-0.0005713701248168945,False,False
1336,"[[77]
 [82]
 [48]
 [52]
 [48]
 [50]
 [52]
 [48]]",3,glioma,1,1,1.0,-0.00059884787,1.7940998077392578e-05,False,False
1337,"[[77]
 [82]
 [48]
 [52]
 [48]
 [50]
 [52]
 [48]]",3,glioma,1,1,1.0,-3.9339066e-06,-2.384185791015625e-07,False,False
1338,"[[77]
 [82]
 [48]
 [52]
 [48]
 [50]
 [52]
 [48]]",3,glioma,1,1,1.0,-1.7881393e-07,5.936622619628906e-05,False,False
1339,"[[77]
 [82]
 [48]
 [52]
 [48]
 [50]
 [52]
 [48]]",3,glioma,1,1,1.0,-5.7935715e-05,-6.9141387939453125e-06,False,False
1340,"[[77]
 [82]
 [48]
 [52]
 [48]
 [50]
 [52]
 [48]]",3,glioma,1,1,1.0,-0.00053054094,-3.7789344787597656e-05,False,False
1341,"[[77]
 [82]
 [48]
 [52]
 [48]
 [50]
 [52]
 [48]]",3,glioma,1,1,1.0,-3.9756298e-05,4.470348358154297e-05,False,False
1342,"[[77]
 [82]
 [48]
 [52]
 [48]
 [50]
 [52]
 [48]
 [66]]",3,glioma,1,1,1.0,-0.037989557,0.03474688529968262,False,False
1343,"[[77]
 [82]
 [48]
 [52]
 [48]
 [50]
 [52]
 [48]
 [66]]",3,glioma,1,1,1.0,-0.011107206,-0.0032149553298950195,False,False
1344,"[[77]
 [82]
 [48]
 [52]
 [48]
 [50]
 [52]
 [48]
 [66]]",3,glioma,1,1,1.0,-8.201599e-05,6.091594696044922e-05,False,False
1345,"[[77]
 [82]
 [48]
 [52]
 [48]
 [50]
 [52]
 [48]
 [66]]",3,glioma,1,1,1.0,-2.6762486e-05,-3.5762786865234375e-07,False,False
1347,"[[77]
 [82]
 [48]
 [52]
 [48]
 [50]
 [52]
 [48]
 [66]]",3,glioma,1,1,,-1.7642975e-05,,False,
1348,"[[77]
 [82]
 [48]
 [52]
 [48]
 [50]
 [52]
 [48]
 [66]]",3,glioma,1,1,1.0,5.90086e-06,2.7418136596679688e-06,False,False
1349,"[[77]
 [82]
 [48]
 [52]
 [48]
 [50]
 [52]
 [48]
 [66]]",3,glioma,1,1,1.0,-8.940697e-07,2.199411392211914e-05,False,False
1350,"[[77]
 [82]
 [48]
 [52]
 [48]
 [50]
 [52]
 [48]
 [66]]",3,glioma,1,1,1.0,-4.7683716e-07,5.960464477539063e-08,False,False
1351,"[[77]
 [82]
 [48]
 [52]
 [48]
 [50]
 [52]
 [48]
 [66]]",3,glioma,1,1,1.0,-2.9206276e-06,-7.748603820800781e-07,False,False
1352,"[[77]
 [82]
 [48]
 [52]
 [48]
 [50]
 [52]
 [48]
 [66]]",3,glioma,1,1,1.0,-4.7683716e-07,-1.1920928955078125e-07,False,False
1381,"[[77]
 [82]
 [48]
 [51]
 [51]
 [51]
 [56]
 [57]
 [66]]",3,glioma,1,1,1.0,3.451109e-05,2.6106834411621094e-05,False,False
1384,"[[77]
 [82]
 [48]
 [52]
 [57]
 [49]
 [48]
 [52]]",3,glioma,1,1,1.0,3.0994415e-06,-1.1920928955078125e-07,False,False
1385,"[[77]
 [82]
 [48]
 [52]
 [57]
 [49]
 [48]
 [52]]",3,glioma,1,1,1.0,4.172325e-06,9.298324584960938e-06,False,False
1386,"[[77]
 [82]
 [48]
 [52]
 [57]
 [49]
 [48]
 [52]]",3,glioma,1,1,1.0,0.00036209822,5.835294723510742e-05,False,False
1391,"[[77]
 [82]
 [48]
 [52]
 [56]
 [57]
 [57]
 [52]
 [66]]",3,glioma,1,1,1.0,6.92606e-05,-4.7326087951660156e-05,False,False
1392,"[[77]
 [82]
 [48]
 [52]
 [56]
 [57]
 [57]
 [52]
 [66]]",3,glioma,1,1,1.0,0.0,-4.649162292480469e-05,False,False
1393,"[[77]
 [82]
 [48]
 [52]
 [56]
 [57]
 [57]
 [52]
 [66]]",3,glioma,1,1,1.0,-0.00078731775,-0.0008003711700439453,False,False
1394,"[[77]
 [82]
 [48]
 [52]
 [56]
 [57]
 [57]
 [52]
 [66]]",3,glioma,1,1,1.0,-0.0011157393,0.0011671185493469238,False,False
1445,"[[49]
 [48]
 [49]
 [55]
 [57]
 [55]]",3,meningioma,0,0,0.0,0.041515708,0.001099228858947754,False,False
1447,"[[77]
 [82]
 [48]
 [53]
 [48]
 [49]
 [51]
 [53]
 [66]]",3,glioma,1,1,1.0,0.015536606,0.006499588489532471,False,False
1448,"[[77]
 [82]
 [48]
 [53]
 [48]
 [49]
 [51]
 [53]
 [66]]",3,glioma,1,1,1.0,0.002197504,0.0018142461776733398,False,False
1449,"[[77]
 [82]
 [48]
 [53]
 [48]
 [49]
 [51]
 [53]
 [66]]",3,glioma,1,1,1.0,-6.198883e-06,0.0001380443572998047,False,False
1450,"[[77]
 [82]
 [48]
 [53]
 [48]
 [49]
 [51]
 [53]
 [66]]",3,glioma,1,1,1.0,5.030632e-05,-5.9485435485839844e-05,False,False
1451,"[[77]
 [82]
 [48]
 [53]
 [48]
 [49]
 [51]
 [53]
 [66]]",3,glioma,1,1,1.0,0.00025725365,8.100271224975586e-05,False,False
1452,"[[77]
 [82]
 [48]
 [53]
 [48]
 [49]
 [51]
 [53]
 [66]]",3,glioma,1,1,1.0,0.0071340203,0.0008220672607421875,False,False
1453,"[[77]
 [82]
 [48]
 [53]
 [48]
 [49]
 [51]
 [53]
 [66]]",3,glioma,1,1,1.0,0.0035011172,0.001523435115814209,False,False
1454,"[[77]
 [82]
 [48]
 [53]
 [48]
 [49]
 [51]
 [53]
 [66]]",3,glioma,1,1,1.0,-0.26265943,-0.02237093448638916,False,False
1455,"[[77]
 [82]
 [48]
 [53]
 [48]
 [49]
 [51]
 [53]
 [66]]",3,glioma,1,1,1.0,-0.07232022,0.02262789011001587,False,False
1456,"[[77]
 [82]
 [48]
 [53]
 [48]
 [49]
 [51]
 [53]
 [66]]",3,glioma,1,1,1.0,-0.017407835,-0.001895606517791748,False,False
1457,"[[49]
 [48]
 [49]
 [55]
 [57]
 [55]]",3,meningioma,0,0,0.0,0.17039937,0.006898164749145508,False,False
1458,"[[77]
 [82]
 [48]
 [53]
 [48]
 [49]
 [51]
 [53]
 [66]]",3,glioma,1,1,1.0,-0.070102215,-0.00913858413696289,False,False
1459,"[[77]
 [82]
 [48]
 [53]
 [48]
 [54]
 [56]
 [55]]",3,glioma,1,1,1.0,-0.0090510845,-0.00514906644821167,False,False
1460,"[[77]
 [82]
 [48]
 [53]
 [48]
 [54]
 [56]
 [55]]",3,glioma,1,1,1.0,-0.008899927,-0.005213141441345215,False,False
1461,"[[77]
 [82]
 [48]
 [53]
 [48]
 [54]
 [56]
 [55]]",3,glioma,1,1,1.0,-0.015044868,0.002088785171508789,False,False
1462,"[[77]
 [82]
 [48]
 [53]
 [48]
 [54]
 [56]
 [55]]",3,glioma,1,1,1.0,-0.26449442,0.017590999603271484,False,False
1463,"[[77]
 [82]
 [48]
 [53]
 [48]
 [54]
 [56]
 [55]]",3,glioma,1,1,1.0,-0.31725758,0.005565643310546875,False,False
1464,"[[77]
 [82]
 [48]
 [53]
 [48]
 [54]
 [56]
 [55]]",3,glioma,1,1,1.0,-8.559227e-05,0.00017017126083374023,False,False
1468,"[[49]
 [48]
 [49]
 [55]
 [57]
 [55]]",3,meningioma,0,0,0.0,0.11560744,0.0004947781562805176,False,False
1479,"[[49]
 [48]
 [49]
 [55]
 [57]
 [55]]",3,meningioma,0,1,0.0,0.43140474,0.05319929122924805,True,False
1490,"[[49]
 [48]
 [49]
 [55]
 [57]
 [55]]",3,meningioma,0,1,0.0,0.63415664,-0.002202451229095459,True,False
1495,"[[77]
 [82]
 [48]
 [51]
 [51]
 [51]
 [56]
 [57]
 [66]]",3,glioma,1,1,1.0,0.033967197,-0.00041598081588745117,False,False
1496,"[[77]
 [82]
 [48]
 [51]
 [51]
 [51]
 [56]
 [57]
 [66]]",3,glioma,1,1,1.0,8.606911e-05,3.814697265625e-06,False,False
1497,"[[77]
 [82]
 [48]
 [51]
 [51]
 [51]
 [56]
 [57]
 [66]]",3,glioma,1,1,1.0,0.105533004,-3.844499588012695e-05,False,False
1498,"[[77]
 [82]
 [48]
 [51]
 [51]
 [51]
 [56]
 [57]
 [66]]",3,glioma,1,1,1.0,-3.6358833e-06,-6.556510925292969e-07,False,False
1499,"[[77]
 [82]
 [48]
 [51]
 [51]
 [51]
 [56]
 [57]
 [66]]",3,glioma,1,1,1.0,0.0004312992,0.00018036365509033203,False,False
1501,"[[49]
 [48]
 [49]
 [55]
 [57]
 [55]]",3,meningioma,0,0,0.0,0.28445303,0.006707251071929932,False,False
1605,"[[77]
 [82]
 [48]
 [52]
 [48]
 [50]
 [52]
 [48]]",3,glioma,1,1,,-0.00032806396,,False,
1606,"[[77]
 [82]
 [48]
 [52]
 [48]
 [50]
 [52]
 [48]]",3,glioma,1,1,,0.03998375,,False,
1607,"[[77]
 [82]
 [48]
 [52]
 [48]
 [50]
 [52]
 [48]]",3,glioma,1,1,,0.0017976761,,False,
1608,"[[77]
 [82]
 [48]
 [52]
 [48]
 [50]
 [52]
 [48]]",3,glioma,1,1,,0.006749749,,False,
1609,"[[77]
 [82]
 [48]
 [52]
 [48]
 [50]
 [52]
 [48]]",3,glioma,1,1,1.0,0.00012934208,-1.5616416931152344e-05,False,False
1610,"[[77]
 [82]
 [48]
 [52]
 [48]
 [50]
 [52]
 [48]]",3,glioma,1,1,1.0,-0.001085937,-8.696317672729492e-05,False,False
1611,"[[77]
 [82]
 [48]
 [52]
 [48]
 [50]
 [52]
 [48]]",3,glioma,1,1,1.0,-0.00034046173,-2.7418136596679688e-06,False,False
1613,"[[77]
 [82]
 [48]
 [52]
 [48]
 [50]
 [52]
 [48]]",3,glioma,1,1,1.0,-0.0002681613,0.0003974437713623047,False,False
1614,"[[77]
 [82]
 [48]
 [52]
 [48]
 [50]
 [52]
 [48]]",3,glioma,1,1,1.0,3.0398369e-06,1.3649463653564453e-05,False,False
1615,"[[77]
 [82]
 [48]
 [52]
 [48]
 [50]
 [52]
 [48]]",3,glioma,1,1,1.0,-2.682209e-06,-1.8477439880371094e-06,False,False
1616,"[[77]
 [82]
 [48]
 [52]
 [48]
 [50]
 [52]
 [48]
 [66]]",3,glioma,1,1,,-7.05719e-05,,False,
1617,"[[77]
 [82]
 [48]
 [52]
 [48]
 [50]
 [52]
 [48]
 [66]]",3,glioma,1,1,,0.001339078,,False,
1618,"[[77]
 [82]
 [48]
 [52]
 [48]
 [50]
 [52]
 [48]
 [66]]",3,glioma,1,1,,0.015932977,,False,
1619,"[[77]
 [82]
 [48]
 [52]
 [48]
 [50]
 [52]
 [48]
 [66]]",3,glioma,1,1,,0.0034522414,,False,
1620,"[[77]
 [82]
 [48]
 [52]
 [48]
 [50]
 [52]
 [48]
 [66]]",3,glioma,1,1,,0.09506345,,False,
1621,"[[77]
 [82]
 [48]
 [52]
 [48]
 [50]
 [52]
 [48]
 [66]]",3,glioma,1,1,,0.06024486,,False,
1622,"[[77]
 [82]
 [48]
 [52]
 [48]
 [50]
 [52]
 [48]
 [66]]",3,glioma,1,1,,0.10892683,,False,
1624,"[[77]
 [82]
 [48]
 [52]
 [48]
 [50]
 [52]
 [48]
 [66]]",3,glioma,1,1,,0.003484249,,False,
1625,"[[77]
 [82]
 [48]
 [52]
 [48]
 [50]
 [52]
 [48]
 [66]]",3,glioma,1,1,1.0,8.2969666e-05,2.9206275939941406e-06,False,False
1626,"[[77]
 [82]
 [48]
 [52]
 [48]
 [50]
 [52]
 [48]
 [66]]",3,glioma,1,1,1.0,-1.6093254e-06,-8.463859558105469e-06,False,False
1653,"[[77]
 [82]
 [48]
 [51]
 [51]
 [51]
 [56]
 [57]
 [66]]",3,glioma,1,1,1.0,2.9146671e-05,-3.0994415283203125e-06,False,False
1654,"[[77]
 [82]
 [48]
 [51]
 [51]
 [51]
 [56]
 [57]
 [66]]",3,glioma,1,1,1.0,-1.66893e-06,-2.682209014892578e-06,False,False
1655,"[[77]
 [82]
 [48]
 [51]
 [51]
 [51]
 [56]
 [57]
 [66]]",3,glioma,1,1,1.0,3.540516e-05,0.0023296475410461426,False,False
1657,"[[77]
 [82]
 [48]
 [51]
 [51]
 [51]
 [56]
 [57]
 [66]]",3,glioma,1,1,1.0,0.009668767,0.09169632196426392,False,False
1658,"[[77]
 [82]
 [48]
 [51]
 [51]
 [51]
 [56]
 [57]
 [66]]",3,glioma,1,1,1.0,6.0498714e-05,6.645917892456055e-05,False,False
1659,"[[77]
 [82]
 [48]
 [51]
 [51]
 [51]
 [56]
 [57]
 [66]]",3,glioma,1,1,1.0,0.0017098188,0.10400354862213135,False,False
1660,"[[77]
 [82]
 [48]
 [51]
 [51]
 [51]
 [56]
 [57]
 [66]]",3,glioma,1,1,1.0,0.0007186532,0.0015876293182373047,False,False
1661,"[[77]
 [82]
 [48]
 [51]
 [51]
 [51]
 [56]
 [57]
 [66]]",3,glioma,1,1,1.0,0.0001654625,0.0003733634948730469,False,False
1662,"[[77]
 [82]
 [48]
 [51]
 [51]
 [51]
 [56]
 [57]
 [66]]",3,glioma,1,1,1.0,2.3841858e-06,1.1444091796875e-05,False,False
1701,"[[49]
 [48]
 [50]
 [57]
 [56]
 [53]]",3,meningioma,0,0,0.0,-0.13504803,-0.00033843517303466797,False,False
1788,"[[77]
 [82]
 [48]
 [52]
 [57]
 [57]
 [52]
 [50]
 [66]]",3,glioma,1,1,1.0,1.3828278e-05,6.753206253051758e-05,False,False
1789,"[[77]
 [82]
 [48]
 [52]
 [57]
 [57]
 [52]
 [50]
 [66]]",3,glioma,1,1,1.0,-5.066395e-06,0.0004763603210449219,False,False
1791,"[[77]
 [82]
 [48]
 [52]
 [57]
 [57]
 [52]
 [50]
 [66]]",3,glioma,1,1,1.0,6.9499016e-05,0.0007171034812927246,False,False
1792,"[[77]
 [82]
 [48]
 [52]
 [57]
 [57]
 [52]
 [50]
 [66]]",3,glioma,1,1,1.0,-2.2649765e-05,4.708766937255859e-06,False,False
1798,"[[77]
 [82]
 [48]
 [53]
 [51]
 [49]
 [49]
 [48]
 [66]]",3,glioma,1,1,1.0,0.00016283989,8.165836334228516e-06,False,False
1799,"[[77]
 [82]
 [48]
 [53]
 [51]
 [49]
 [49]
 [48]
 [66]]",3,glioma,1,1,1.0,2.4914742e-05,0.0012421607971191406,False,False
1800,"[[77]
 [82]
 [48]
 [53]
 [51]
 [49]
 [49]
 [48]
 [66]]",3,glioma,1,1,1.0,-0.0028233528,-0.000568091869354248,False,False
1802,"[[77]
 [82]
 [48]
 [53]
 [51]
 [49]
 [49]
 [48]
 [66]]",3,glioma,1,1,1.0,-0.0050649643,0.015747904777526855,False,False
1803,"[[77]
 [82]
 [48]
 [53]
 [51]
 [49]
 [49]
 [48]
 [66]]",3,glioma,1,1,1.0,0.0031290054,0.005832850933074951,False,False
1804,"[[77]
 [82]
 [48]
 [53]
 [51]
 [49]
 [49]
 [48]
 [66]]",3,glioma,1,1,1.0,6.2167645e-05,5.835294723510742e-05,False,False
1805,"[[77]
 [82]
 [48]
 [53]
 [51]
 [49]
 [49]
 [48]
 [66]]",3,glioma,1,1,1.0,0.00024694204,0.00010752677917480469,False,False
1814,"[[77]
 [82]
 [48]
 [53]
 [52]
 [54]
 [56]
 [51]]",3,glioma,1,1,1.0,-1.7881393e-06,1.7881393432617188e-07,False,False
1815,"[[77]
 [82]
 [48]
 [53]
 [52]
 [54]
 [56]
 [51]]",3,glioma,1,1,1.0,-4.172325e-06,0.0,False,False
1816,"[[77]
 [82]
 [48]
 [53]
 [52]
 [54]
 [56]
 [51]]",3,glioma,1,1,1.0,-1.1920929e-07,0.0,False,False
1850,"[[77]
 [82]
 [48]
 [53]
 [51]
 [49]
 [49]
 [48]
 [69]]",3,glioma,1,1,1.0,-8.165836e-06,-1.7642974853515625e-05,False,False
1851,"[[77]
 [82]
 [48]
 [53]
 [51]
 [49]
 [49]
 [48]
 [69]]",3,glioma,1,1,1.0,-8.4102154e-05,-0.00011563301086425781,False,False
1852,"[[77]
 [82]
 [48]
 [53]
 [51]
 [49]
 [49]
 [48]
 [69]]",3,glioma,1,1,1.0,-0.000341177,3.49879264831543e-05,False,False
1853,"[[77]
 [82]
 [48]
 [53]
 [51]
 [49]
 [49]
 [48]
 [69]]",3,glioma,1,1,1.0,-0.00015443563,-0.00013774633407592773,False,False
1854,"[[77]
 [82]
 [48]
 [53]
 [51]
 [49]
 [49]
 [48]
 [69]]",3,glioma,1,1,1.0,-0.01832354,0.025884032249450684,False,False
1855,"[[77]
 [82]
 [48]
 [53]
 [51]
 [49]
 [49]
 [48]
 [69]]",3,glioma,1,1,1.0,0.007733345,-0.007685363292694092,False,False
1857,"[[77]
 [82]
 [48]
 [53]
 [51]
 [49]
 [49]
 [48]
 [69]]",3,glioma,1,1,1.0,0.07919723,0.00168609619140625,False,False
1858,"[[77]
 [82]
 [48]
 [53]
 [51]
 [49]
 [49]
 [48]
 [69]]",3,glioma,1,1,1.0,0.0005502105,4.965066909790039e-05,False,False
1859,"[[77]
 [82]
 [48]
 [53]
 [51]
 [49]
 [49]
 [48]
 [69]]",3,glioma,1,1,,-1.8894672e-05,,False,
1860,"[[77]
 [82]
 [48]
 [53]
 [51]
 [49]
 [49]
 [48]
 [69]]",3,glioma,1,1,1.0,-5.4597855e-05,-7.838010787963867e-05,False,False
1861,"[[77]
 [82]
 [48]
 [53]
 [51]
 [49]
 [49]
 [48]
 [69]]",3,glioma,1,1,1.0,0.00014770031,-3.147125244140625e-05,False,False
1865,"[[77]
 [82]
 [48]
 [51]
 [49]
 [52]
 [48]
 [57]
 [66]]",3,glioma,1,1,1.0,-6.556511e-07,3.5762786865234375e-07,False,False
1866,"[[77]
 [82]
 [48]
 [51]
 [49]
 [52]
 [48]
 [57]
 [66]]",3,glioma,1,1,1.0,-1.6093254e-06,-5.960464477539063e-08,False,False
1893,"[[77]
 [82]
 [48]
 [51]
 [55]
 [52]
 [53]
 [56]
 [66]]",3,glioma,1,1,1.0,0.070180774,0.00216066837310791,False,False
1894,"[[77]
 [82]
 [48]
 [51]
 [55]
 [52]
 [53]
 [56]
 [66]]",3,glioma,1,1,1.0,0.12495422,-0.0026380419731140137,False,False
1895,"[[77]
 [82]
 [48]
 [51]
 [55]
 [52]
 [53]
 [56]
 [66]]",3,glioma,1,1,1.0,-0.00958693,-0.013343572616577148,False,False
1896,"[[77]
 [82]
 [48]
 [51]
 [55]
 [52]
 [53]
 [56]
 [66]]",3,glioma,1,1,1.0,-0.007389009,0.001519918441772461,False,False
1897,"[[77]
 [82]
 [48]
 [51]
 [55]
 [52]
 [53]
 [56]
 [66]]",3,glioma,1,1,1.0,-0.06179726,-0.000415802001953125,False,False
1898,"[[77]
 [82]
 [48]
 [51]
 [55]
 [52]
 [53]
 [56]
 [66]]",3,glioma,1,1,1.0,-0.016767919,-0.007883131504058838,False,False
1899,"[[77]
 [82]
 [48]
 [51]
 [55]
 [52]
 [53]
 [56]
 [66]]",3,glioma,1,1,1.0,-0.020441651,-0.012897014617919922,False,False
1900,"[[77]
 [82]
 [48]
 [51]
 [55]
 [52]
 [53]
 [56]
 [66]]",3,glioma,1,1,1.0,-0.0032147765,-0.0007750988006591797,False,False
1932,"[[77]
 [82]
 [48]
 [53]
 [51]
 [49]
 [49]
 [48]
 [69]]",3,glioma,1,1,1.0,0.0049442053,4.941225051879883e-05,False,False
1933,"[[77]
 [82]
 [48]
 [53]
 [51]
 [49]
 [49]
 [48]
 [69]]",3,glioma,1,1,1.0,0.008921206,0.0009712576866149902,False,False
1935,"[[77]
 [82]
 [48]
 [53]
 [51]
 [49]
 [49]
 [48]
 [69]]",3,glioma,1,1,1.0,0.011864185,0.0003693103790283203,False,False
1936,"[[77]
 [82]
 [48]
 [53]
 [51]
 [49]
 [49]
 [48]
 [69]]",3,glioma,1,1,1.0,0.037187338,0.00700831413269043,False,False
1937,"[[77]
 [82]
 [48]
 [53]
 [51]
 [49]
 [49]
 [48]
 [69]]",3,glioma,1,1,1.0,-1.2218952e-05,0.004690110683441162,False,False
1943,"[[77]
 [82]
 [48]
 [51]
 [49]
 [52]
 [48]
 [57]
 [66]]",3,glioma,1,1,1.0,-8.46386e-06,6.9141387939453125e-06,False,False
1944,"[[77]
 [82]
 [48]
 [51]
 [49]
 [52]
 [48]
 [57]
 [66]]",3,glioma,1,1,1.0,6.753206e-05,1.2099742889404297e-05,False,False
1945,"[[49]
 [48]
 [52]
 [50]
 [56]
 [49]]",3,meningioma,0,0,0.0,0.17797989,0.007136344909667969,False,False
1956,"[[49]
 [48]
 [52]
 [50]
 [56]
 [49]]",3,meningioma,0,0,0.0,0.17910552,-0.028021931648254395,False,False
1966,"[[77]
 [82]
 [48]
 [51]
 [55]
 [52]
 [53]
 [56]
 [66]]",3,glioma,1,1,1.0,-0.0358544,0.033264338970184326,False,False
1967,"[[49]
 [48]
 [52]
 [50]
 [56]
 [49]]",3,meningioma,0,0,0.0,0.15480119,0.014987707138061523,False,False
1968,"[[77]
 [82]
 [48]
 [51]
 [55]
 [52]
 [53]
 [56]
 [66]]",3,glioma,1,1,1.0,-0.34351516,-0.02086871862411499,False,False
1969,"[[77]
 [82]
 [48]
 [51]
 [55]
 [52]
 [53]
 [56]
 [66]]",3,glioma,1,1,1.0,-0.048793137,-0.032498955726623535,False,False
1970,"[[77]
 [82]
 [48]
 [51]
 [55]
 [52]
 [53]
 [56]
 [66]]",3,glioma,1,1,1.0,-0.103551865,-0.04320979118347168,False,False
1978,"[[49]
 [48]
 [52]
 [50]
 [56]
 [49]]",3,meningioma,0,0,0.0,0.24628782,0.011727452278137207,False,False
1986,"[[77]
 [82]
 [48]
 [52]
 [48]
 [50]
 [52]
 [48]]",3,glioma,1,1,1.0,0.19287437,0.011934041976928711,False,False
1987,"[[77]
 [82]
 [48]
 [52]
 [48]
 [50]
 [52]
 [48]]",3,glioma,1,1,1.0,-0.026478231,-0.008795440196990967,False,False
1988,"[[77]
 [82]
 [48]
 [52]
 [48]
 [50]
 [52]
 [48]]",3,glioma,1,1,,-0.0020310879,,False,
1989,"[[49]
 [48]
 [52]
 [50]
 [56]
 [49]]",3,meningioma,0,0,0.0,0.09492111,0.002790510654449463,False,False
1990,"[[77]
 [82]
 [48]
 [52]
 [48]
 [50]
 [52]
 [48]]",3,glioma,1,1,,-0.09740466,,False,
1991,"[[77]
 [82]
 [48]
 [52]
 [48]
 [50]
 [52]
 [48]]",3,glioma,1,1,1.0,-0.034731746,0.017055869102478027,False,False
1992,"[[77]
 [82]
 [48]
 [52]
 [48]
 [50]
 [52]
 [48]]",3,glioma,1,1,1.0,-0.019266844,-0.0021881461143493652,False,False
1993,"[[77]
 [82]
 [48]
 [52]
 [48]
 [50]
 [52]
 [48]]",3,glioma,1,1,1.0,-0.062842846,-0.007108151912689209,False,False
1994,"[[77]
 [82]
 [48]
 [52]
 [48]
 [50]
 [52]
 [48]]",3,glioma,1,1,1.0,0.10718614,0.07212042808532715,False,False
1995,"[[77]
 [82]
 [48]
 [52]
 [48]
 [50]
 [52]
 [48]
 [66]]",3,glioma,1,1,,0.017198086,,False,
1996,"[[77]
 [82]
 [48]
 [52]
 [48]
 [50]
 [52]
 [48]
 [66]]",3,glioma,1,1,,0.086951315,,False,
1997,"[[77]
 [82]
 [48]
 [52]
 [48]
 [50]
 [52]
 [48]
 [66]]",3,glioma,1,1,1.0,0.00067579746,0.0003228187561035156,False,False
1998,"[[77]
 [82]
 [48]
 [52]
 [48]
 [50]
 [52]
 [48]
 [66]]",3,glioma,1,1,1.0,0.0018328428,0.0006150007247924805,False,False
1999,"[[77]
 [82]
 [48]
 [52]
 [48]
 [50]
 [52]
 [48]
 [66]]",3,glioma,1,1,1.0,-0.0028836727,-5.5670738220214844e-05,False,False
2001,"[[49]
 [48]
 [52]
 [50]
 [56]
 [49]]",3,meningioma,0,0,0.0,0.040144265,-0.0008869767189025879,False,False
2012,"[[49]
 [48]
 [53]
 [51]
 [55]
 [52]]",3,meningioma,0,0,0.0,0.21770847,0.0013831853866577148,False,False
2023,"[[49]
 [48]
 [53]
 [51]
 [55]
 [52]]",3,meningioma,0,0,0.0,0.072105646,0.004554152488708496,False,False
2025,"[[77]
 [82]
 [48]
 [51]
 [51]
 [51]
 [56]
 [57]
 [66]]",3,glioma,1,1,1.0,0.009225726,0.004831254482269287,False,False
2061,"[[77]
 [82]
 [48]
 [52]
 [57]
 [49]
 [48]
 [52]]",3,glioma,1,1,1.0,0.06632584,-0.00011217594146728516,False,False
2062,"[[77]
 [82]
 [48]
 [52]
 [57]
 [49]
 [48]
 [52]]",3,glioma,1,1,1.0,0.0072493553,-0.00020617246627807617,False,False
2063,"[[77]
 [82]
 [48]
 [52]
 [57]
 [49]
 [48]
 [52]]",3,glioma,1,1,1.0,0.07361734,0.0051833391189575195,False,False
2064,"[[77]
 [82]
 [48]
 [52]
 [57]
 [49]
 [48]
 [52]]",3,glioma,1,1,1.0,-3.5762787e-06,2.384185791015625e-07,False,False
2069,"[[77]
 [82]
 [48]
 [52]
 [56]
 [57]
 [57]
 [52]
 [66]]",3,glioma,1,1,1.0,-3.8146973e-06,-6.973743438720703e-06,False,False
2070,"[[77]
 [82]
 [48]
 [52]
 [56]
 [57]
 [57]
 [52]
 [66]]",3,glioma,1,1,1.0,-0.0006789565,0.002379477024078369,False,False
2071,"[[77]
 [82]
 [48]
 [52]
 [56]
 [57]
 [57]
 [52]
 [66]]",3,glioma,1,1,1.0,0.0010595322,0.001273810863494873,False,False
2072,"[[77]
 [82]
 [48]
 [52]
 [56]
 [57]
 [57]
 [52]
 [66]]",3,glioma,1,1,1.0,0.00029611588,-2.9981136322021484e-05,False,False
2073,"[[77]
 [82]
 [48]
 [52]
 [56]
 [57]
 [57]
 [52]
 [66]]",3,glioma,1,1,1.0,-0.007234156,0.012461364269256592,False,False
2102,"[[77]
 [82]
 [48]
 [53]
 [48]
 [49]
 [51]
 [53]
 [66]]",3,glioma,1,1,1.0,0.0055584908,0.0003795623779296875,False,False
2103,"[[77]
 [82]
 [48]
 [53]
 [48]
 [49]
 [51]
 [53]
 [66]]",3,glioma,1,1,1.0,0.076993644,-0.0010045170783996582,False,False
2104,"[[77]
 [82]
 [48]
 [53]
 [48]
 [49]
 [51]
 [53]
 [66]]",3,glioma,1,1,1.0,0.010817885,4.57763671875e-05,False,False
2105,"[[77]
 [82]
 [48]
 [53]
 [48]
 [49]
 [51]
 [53]
 [66]]",3,glioma,1,1,1.0,0.0022435188,0.0003744959831237793,False,False
2106,"[[77]
 [82]
 [48]
 [53]
 [48]
 [49]
 [51]
 [53]
 [66]]",3,glioma,1,1,1.0,-0.000109016895,-9.5367431640625e-07,False,False
2107,"[[77]
 [82]
 [48]
 [53]
 [48]
 [49]
 [51]
 [53]
 [66]]",3,glioma,1,1,1.0,-0.002319336,-6.693601608276367e-05,False,False
2108,"[[77]
 [82]
 [48]
 [53]
 [48]
 [49]
 [51]
 [53]
 [66]]",3,glioma,1,1,1.0,0.057107985,0.0071569085121154785,False,False
2109,"[[77]
 [82]
 [48]
 [53]
 [48]
 [49]
 [51]
 [53]
 [66]]",3,glioma,1,1,1.0,-0.0005232096,0.00040984153747558594,False,False
2110,"[[77]
 [82]
 [48]
 [53]
 [48]
 [49]
 [51]
 [53]
 [66]]",3,glioma,1,1,1.0,-0.0026183128,0.02107936143875122,False,False
2113,"[[77]
 [82]
 [48]
 [53]
 [48]
 [54]
 [56]
 [55]]",3,glioma,1,1,1.0,-0.0005876422,0.0018312931060791016,False,False
2114,"[[77]
 [82]
 [48]
 [53]
 [48]
 [54]
 [56]
 [55]]",3,glioma,1,1,1.0,-1.6450882e-05,4.172325134277344e-07,False,False
2115,"[[77]
 [82]
 [48]
 [53]
 [48]
 [54]
 [56]
 [55]]",3,glioma,1,1,1.0,-0.0019973516,-0.00017374753952026367,False,False
2116,"[[77]
 [82]
 [48]
 [53]
 [48]
 [54]
 [56]
 [55]]",3,glioma,1,1,1.0,-0.018699944,0.0005797147750854492,False,False
2117,"[[77]
 [82]
 [48]
 [53]
 [48]
 [54]
 [56]
 [55]]",3,glioma,1,1,1.0,-0.022669077,0.0021157264709472656,False,False
2118,"[[77]
 [82]
 [48]
 [53]
 [48]
 [54]
 [56]
 [55]]",3,glioma,1,1,1.0,-0.06067109,0.00042945146560668945,False,False
2189,"[[49]
 [48]
 [54]
 [53]
 [51]
 [52]]",3,meningioma,0,0,0.0,-0.0021715164,-0.0006173849105834961,False,False
2200,"[[49]
 [48]
 [54]
 [53]
 [51]
 [52]]",3,meningioma,0,0,0.0,-0.06370634,0.02518218755722046,False,False
2215,"[[77]
 [82]
 [48]
 [52]
 [57]
 [57]
 [52]
 [50]
 [66]]",3,glioma,1,1,1.0,-0.00026512146,0.000578761100769043,False,False
2216,"[[77]
 [82]
 [48]
 [52]
 [57]
 [57]
 [52]
 [50]
 [66]]",3,glioma,1,1,1.0,-0.0077011585,0.016417980194091797,False,False
2217,"[[77]
 [82]
 [48]
 [52]
 [57]
 [57]
 [52]
 [50]
 [66]]",3,glioma,1,1,1.0,0.00027424097,1.8417835235595703e-05,False,False
2221,"[[77]
 [82]
 [48]
 [53]
 [51]
 [49]
 [49]
 [48]
 [66]]",3,glioma,1,1,1.0,0.0004887581,-0.00041556358337402344,False,False
2225,"[[77]
 [82]
 [48]
 [53]
 [51]
 [49]
 [49]
 [48]
 [66]]",3,glioma,1,1,1.0,-0.00043863058,-0.00032263994216918945,False,False
2226,"[[77]
 [82]
 [48]
 [53]
 [51]
 [49]
 [49]
 [48]
 [66]]",3,glioma,1,1,1.0,0.0027824044,0.0017672181129455566,False,False
2227,"[[77]
 [82]
 [48]
 [53]
 [51]
 [49]
 [49]
 [48]
 [66]]",3,glioma,1,1,1.0,0.022824109,0.005943477153778076,False,False
2228,"[[77]
 [82]
 [48]
 [53]
 [51]
 [49]
 [49]
 [48]
 [66]]",3,glioma,1,1,1.0,0.012607098,0.01754683256149292,False,False
2229,"[[77]
 [82]
 [48]
 [53]
 [51]
 [49]
 [49]
 [48]
 [66]]",3,glioma,1,1,1.0,0.00022411346,-0.004139602184295654,False,False
2259,"[[77]
 [82]
 [48]
 [51]
 [51]
 [51]
 [56]
 [57]
 [66]]",3,glioma,1,1,1.0,0.02255249,0.0020052194595336914,False,False
2260,"[[77]
 [82]
 [48]
 [51]
 [51]
 [51]
 [56]
 [57]
 [66]]",3,glioma,1,1,1.0,0.009260833,0.00011199712753295898,False,False
2261,"[[77]
 [82]
 [48]
 [51]
 [51]
 [51]
 [56]
 [57]
 [66]]",3,glioma,1,1,1.0,0.0926258,0.001816391944885254,False,False
2262,"[[77]
 [82]
 [48]
 [51]
 [51]
 [51]
 [56]
 [57]
 [66]]",3,glioma,1,2,1.0,0.67466205,0.004169940948486328,True,False
2264,"[[77]
 [82]
 [48]
 [51]
 [51]
 [51]
 [56]
 [57]
 [66]]",3,glioma,1,1,1.0,-0.010415852,-0.010898411273956299,False,False
2265,"[[77]
 [82]
 [48]
 [51]
 [51]
 [51]
 [56]
 [57]
 [66]]",3,glioma,1,1,1.0,0.04422164,0.002013564109802246,False,False
2266,"[[77]
 [82]
 [48]
 [51]
 [51]
 [51]
 [56]
 [57]
 [66]]",3,glioma,1,1,1.0,-0.0031966567,0.0002453923225402832,False,False
2301,"[[49]
 [48]
 [54]
 [57]
 [49]
 [52]]",3,meningioma,0,0,0.0,0.17010635,-0.004593968391418457,False,False
2302,"[[49]
 [48]
 [54]
 [57]
 [49]
 [52]]",3,meningioma,0,0,0.0,0.08396608,-0.0002951622009277344,False,False
2303,"[[49]
 [48]
 [54]
 [57]
 [49]
 [52]]",3,meningioma,0,0,0.0,0.059312582,0.0005882382392883301,False,False
2304,"[[49]
 [48]
 [54]
 [57]
 [49]
 [52]]",3,meningioma,0,0,0.0,0.019781828,0.00675356388092041,False,False
2328,"[[49]
 [48]
 [56]
 [57]
 [52]
 [53]]",3,meningioma,0,0,0.0,0.048837483,0.017481327056884766,False,False
2329,"[[49]
 [48]
 [56]
 [57]
 [52]
 [53]]",3,meningioma,0,0,0.0,0.11320478,0.03325468301773071,False,False
2330,"[[49]
 [48]
 [56]
 [57]
 [52]
 [53]]",3,meningioma,0,0,0.0,0.17910832,-0.0351489782333374,False,False
2331,"[[49]
 [48]
 [56]
 [57]
 [52]
 [53]]",3,meningioma,0,0,0.0,0.08611113,0.01987898349761963,False,False
2342,"[[49]
 [49]
 [49]
 [48]
 [55]
 [55]]",3,meningioma,0,0,0.0,0.083928704,-0.0004024505615234375,False,False
2343,"[[49]
 [48]
 [50]
 [57]
 [56]
 [53]]",3,meningioma,0,0,0.0,-0.116337836,0.0029166340827941895,False,False
2344,"[[49]
 [49]
 [49]
 [48]
 [55]
 [55]]",3,meningioma,0,0,0.0,0.15313816,-0.003428936004638672,False,False
2345,"[[49]
 [49]
 [49]
 [48]
 [55]
 [55]]",3,meningioma,0,0,0.0,0.067275286,0.0072716474533081055,False,False
2346,"[[49]
 [49]
 [49]
 [48]
 [55]
 [55]]",3,meningioma,0,0,0.0,0.041728973,0.00020396709442138672,False,False
2357,"[[49]
 [49]
 [50]
 [48]
 [48]
 [50]]",3,meningioma,0,0,0.0,-0.0002616048,-0.012844085693359375,False,False
2358,"[[49]
 [49]
 [50]
 [48]
 [48]
 [50]]",3,meningioma,0,0,0.0,-0.0058944225,-0.018997490406036377,False,False
2359,"[[49]
 [49]
 [50]
 [48]
 [48]
 [50]]",3,meningioma,0,0,0.0,-0.19252998,0.059818148612976074,False,False
2360,"[[49]
 [49]
 [50]
 [48]
 [48]
 [50]]",3,meningioma,0,0,0.0,0.024850368,-0.015483558177947998,False,False
2392,"[[49]
 [49]
 [51]
 [56]
 [48]
 [53]]",3,meningioma,0,0,0.0,0.018970013,-0.005245864391326904,False,False
2401,"[[49]
 [49]
 [52]
 [51]
 [53]
 [57]]",3,meningioma,0,0,0.0,-0.028002024,0.016948223114013672,False,False
2402,"[[49]
 [49]
 [52]
 [51]
 [53]
 [57]]",3,meningioma,0,0,0.0,-0.036868036,0.00666046142578125,False,False
2403,"[[49]
 [49]
 [52]
 [51]
 [53]
 [57]]",3,meningioma,0,0,0.0,0.15582871,0.0059105753898620605,False,False
2415,"[[57]
 [55]
 [56]
 [55]
 [53]]",3,meningioma,0,0,0.0,-0.020899653,0.0009237527847290039,False,False
2416,"[[57]
 [55]
 [56]
 [55]
 [53]]",3,meningioma,0,0,0.0,-0.02286309,0.004350423812866211,False,False
2417,"[[57]
 [55]
 [56]
 [55]
 [53]]",3,meningioma,0,0,0.0,-0.006567359,0.0002760887145996094,False,False
2418,"[[57]
 [55]
 [56]
 [55]
 [53]]",3,meningioma,0,0,0.0,-0.016285777,0.001212775707244873,False,False
2442,"[[57]
 [57]
 [51]
 [48]
 [56]]",3,meningioma,0,1,0.0,0.11141685,-0.009471416473388672,True,False
2444,"[[57]
 [57]
 [51]
 [48]
 [56]]",3,meningioma,0,0,0.0,0.033474445,-0.011073112487792969,False,False
2445,"[[57]
 [57]
 [51]
 [48]
 [56]]",3,meningioma,0,0,0.0,0.09530628,0.027087807655334473,False,False
2471,"[[49]
 [48]
 [49]
 [55]
 [57]
 [55]]",3,meningioma,0,1,0.0,0.4274348,0.034807801246643066,True,False
2472,"[[49]
 [48]
 [49]
 [55]
 [57]
 [55]]",3,meningioma,0,1,0.0,0.43060675,0.022439539432525635,True,False
2477,"[[49]
 [48]
 [49]
 [55]
 [57]
 [55]]",3,meningioma,0,0,0.0,-0.056613922,0.006594061851501465,False,False
2478,"[[49]
 [48]
 [49]
 [56]
 [48]
 [49]]",3,meningioma,0,0,0.0,-0.021241486,0.01783221960067749,False,False
2479,"[[49]
 [48]
 [49]
 [56]
 [48]
 [49]]",3,meningioma,0,1,0.0,0.31609815,0.00504755973815918,True,False
2480,"[[49]
 [48]
 [49]
 [56]
 [48]
 [49]]",3,meningioma,0,0,0.0,0.0027821064,-0.011176466941833496,False,False
2510,"[[49]
 [48]
 [52]
 [50]
 [56]
 [49]]",3,meningioma,0,0,0.0,0.20093197,0.04670602083206177,False,False
2521,"[[49]
 [48]
 [52]
 [50]
 [56]
 [49]]",3,meningioma,0,0,0.0,0.11911577,0.002748548984527588,False,False
2523,"[[49]
 [48]
 [52]
 [50]
 [56]
 [49]]",3,meningioma,0,1,0.0,0.36820284,0.032729387283325195,True,False
2524,"[[49]
 [48]
 [52]
 [50]
 [56]
 [49]]",3,meningioma,0,1,0.0,0.42218208,-0.1405106782913208,True,False
2525,"[[49]
 [48]
 [52]
 [50]
 [56]
 [49]]",3,meningioma,0,0,0.0,0.38515043,0.028831124305725098,False,False
2529,"[[49]
 [48]
 [53]
 [51]
 [55]
 [52]]",3,meningioma,0,0,0.0,0.04381448,-0.001377403736114502,False,False
2532,"[[49]
 [48]
 [52]
 [50]
 [56]
 [49]]",3,meningioma,0,0,0.0,0.06107682,-0.010982513427734375,False,False
2543,"[[49]
 [48]
 [52]
 [50]
 [56]
 [49]]",3,meningioma,0,0,0.0,0.010098696,0.007096469402313232,False,False
2544,"[[49]
 [48]
 [54]
 [53]
 [51]
 [52]]",3,meningioma,0,0,0.0,-0.01611209,-0.0016892552375793457,False,False
2545,"[[49]
 [48]
 [54]
 [53]
 [51]
 [52]]",3,meningioma,0,0,0.0,-0.0054627657,0.0074672698974609375,False,False
2554,"[[49]
 [48]
 [52]
 [50]
 [56]
 [49]]",3,meningioma,0,0,0.0,-0.0119121075,0.005132079124450684,False,False
2558,"[[49]
 [48]
 [54]
 [57]
 [49]
 [52]]",3,meningioma,0,0,0.0,0.028317153,0.0008001327514648438,False,False
2559,"[[49]
 [48]
 [54]
 [57]
 [49]
 [52]]",3,meningioma,0,0,0.0,0.03259045,-0.0034848451614379883,False,False
2560,"[[49]
 [48]
 [54]
 [57]
 [49]
 [52]]",3,meningioma,0,0,0.0,0.1946969,0.005646824836730957,False,False
2561,"[[49]
 [48]
 [54]
 [57]
 [49]
 [52]]",3,meningioma,0,0,0.0,0.36805773,0.0027909278869628906,False,False
2562,"[[49]
 [48]
 [54]
 [57]
 [49]
 [52]]",3,meningioma,0,1,0.0,0.53411126,0.0459405779838562,True,False
2563,"[[49]
 [48]
 [54]
 [57]
 [49]
 [52]]",3,meningioma,0,1,0.0,0.3693427,0.0206148624420166,True,False
2565,"[[49]
 [48]
 [52]
 [50]
 [56]
 [49]]",3,meningioma,0,0,0.0,-0.0153743625,-0.00029468536376953125,False,False
2576,"[[49]
 [48]
 [53]
 [51]
 [55]
 [52]]",3,meningioma,0,0,0.0,-0.009423852,0.0016388893127441406,False,False
2587,"[[49]
 [48]
 [53]
 [51]
 [55]
 [52]]",3,meningioma,0,0,0.0,-0.014342368,0.014815986156463623,False,False
2591,"[[49]
 [48]
 [56]
 [57]
 [52]
 [53]]",3,meningioma,0,0,0.0,0.08455616,0.043536603450775146,False,False
2593,"[[49]
 [48]
 [56]
 [57]
 [52]
 [53]]",3,meningioma,0,0,0.0,0.05833578,-0.0005820393562316895,False,False
2594,"[[49]
 [48]
 [56]
 [57]
 [52]
 [53]]",3,meningioma,0,0,0.0,0.13732845,-0.0037120580673217773,False,False
2605,"[[49]
 [49]
 [49]
 [48]
 [55]
 [55]]",3,meningioma,0,1,0.0,0.25406948,-0.015621602535247803,True,False
2607,"[[49]
 [49]
 [49]
 [48]
 [55]
 [55]]",3,meningioma,0,1,0.0,0.2562984,0.023533105850219727,True,False
2674,"[[49]
 [49]
 [52]
 [51]
 [53]
 [57]]",3,meningioma,0,0,0.0,0.11957896,0.037602782249450684,False,False
2675,"[[49]
 [49]
 [52]
 [51]
 [53]
 [57]]",3,meningioma,0,0,0.0,0.09680796,0.004951655864715576,False,False
2677,"[[49]
 [49]
 [52]
 [51]
 [53]
 [57]]",3,meningioma,0,1,0.0,0.11178124,-0.007236838340759277,True,False
2683,"[[49]
 [49]
 [52]
 [52]
 [49]
 [55]]",3,meningioma,0,1,0.0,0.35760158,0.00249481201171875,True,False
2686,"[[57]
 [55]
 [51]
 [55]
 [52]]",3,meningioma,0,0,0.0,0.19275272,0.008532583713531494,False,False
2688,"[[57]
 [55]
 [51]
 [55]
 [52]]",3,meningioma,0,0,0.0,0.14175129,0.006001949310302734,False,False
2689,"[[57]
 [55]
 [51]
 [55]
 [52]]",3,meningioma,0,1,0.0,0.30969754,-0.011578619480133057,True,False
2690,"[[57]
 [55]
 [51]
 [55]
 [52]]",3,meningioma,0,1,0.0,0.26905468,-0.012240052223205566,True,False
2691,"[[57]
 [55]
 [51]
 [55]
 [52]]",3,meningioma,0,1,0.0,0.36083257,-0.008744776248931885,True,False
2702,"[[57]
 [55]
 [55]
 [57]
 [51]]",3,meningioma,0,0,0.0,0.08008969,-0.006952106952667236,False,False
2703,"[[57]
 [55]
 [56]
 [55]
 [53]]",3,meningioma,0,1,0.0,0.3198858,0.012517571449279785,True,False
2728,"[[57]
 [57]
 [51]
 [48]
 [56]]",3,meningioma,0,1,0.0,0.046286404,-0.03252232074737549,True,False
2734,"[[57]
 [57]
 [51]
 [48]
 [56]]",3,meningioma,0,1,1.0,0.19087669,0.03272309899330139,True,True
2743,"[[49]
 [48]
 [54]
 [53]
 [51]
 [52]]",3,meningioma,0,0,0.0,-0.0009813905,0.002355039119720459,False,False
2751,"[[49]
 [48]
 [48]
 [56]
 [50]
 [48]]",3,glioma,1,0,1.0,0.07129216,0.016926109790802002,True,False
2754,"[[49]
 [48]
 [54]
 [53]
 [51]
 [52]]",3,meningioma,0,0,0.0,-0.0019557476,0.0035660862922668457,False,False
2766,"[[49]
 [48]
 [54]
 [52]
 [57]
 [52]]",3,glioma,1,1,1.0,0.11481506,-0.01616978645324707,False,False
2767,"[[49]
 [48]
 [54]
 [52]
 [57]
 [52]]",3,glioma,1,0,1.0,0.15578574,-0.004291653633117676,True,False
2768,"[[49]
 [48]
 [54]
 [52]
 [57]
 [52]]",3,glioma,1,1,1.0,0.19168723,-0.05845165252685547,False,False
2810,"[[49]
 [48]
 [54]
 [52]
 [57]
 [52]]",3,glioma,1,1,1.0,0.053649068,0.026267826557159424,False,False
2814,"[[49]
 [48]
 [55]
 [55]
 [52]
 [55]]",3,glioma,1,1,1.0,0.030378163,-0.0012717247009277344,False,False
2815,"[[49]
 [48]
 [55]
 [55]
 [52]
 [55]]",3,glioma,1,1,1.0,0.37797016,-0.019232869148254395,False,False
2816,"[[49]
 [48]
 [55]
 [55]
 [52]
 [55]]",3,glioma,1,0,1.0,0.24890834,-0.0064945220947265625,True,False
2817,"[[49]
 [48]
 [55]
 [55]
 [52]
 [55]]",3,glioma,1,1,1.0,0.0025684237,-0.07271468639373779,False,False
2894,"[[49]
 [48]
 [54]
 [52]
 [57]
 [52]]",3,glioma,1,1,1.0,0.049144387,0.0019091963768005371,False,False
2895,"[[49]
 [48]
 [54]
 [52]
 [57]
 [52]]",3,glioma,1,0,1.0,0.23687252,0.08643817901611328,True,False
2896,"[[49]
 [48]
 [54]
 [52]
 [57]
 [52]]",3,glioma,1,1,1.0,0.32488298,-0.010180830955505371,False,False
2897,"[[49]
 [48]
 [54]
 [52]
 [57]
 [52]]",3,glioma,1,1,1.0,0.14932871,0.036410748958587646,False,False
2899,"[[49]
 [48]
 [54]
 [52]
 [57]
 [52]]",3,glioma,1,0,1.0,0.18863699,-0.03542804718017578,True,False
2907,"[[49]
 [48]
 [56]
 [52]
 [55]
 [57]]",3,glioma,1,1,1.0,-0.0058047175,0.07712793350219727,False,False
2920,"[[49]
 [48]
 [54]
 [57]
 [49]
 [52]]",3,meningioma,0,0,0.0,0.26560545,-0.01071178913116455,False,False
2931,"[[49]
 [48]
 [54]
 [57]
 [49]
 [52]]",3,meningioma,0,0,0.0,0.28102696,-0.0007665157318115234,False,False
2942,"[[49]
 [48]
 [54]
 [57]
 [49]
 [52]]",3,meningioma,0,0,0.0,0.22601539,0.004700422286987305,False,False
2954,"[[49]
 [48]
 [54]
 [57]
 [49]
 [52]]",3,meningioma,0,0,0.0,0.14764857,0.00809091329574585,False,False
2983,"[[49]
 [48]
 [55]
 [52]
 [57]
 [53]]",3,pituitary,2,2,2.0,-0.00014656782,8.404254913330078e-06,False,False
2984,"[[49]
 [48]
 [55]
 [52]
 [57]
 [53]]",3,pituitary,2,2,2.0,-9.357929e-06,0.0,False,False
2985,"[[49]
 [48]
 [55]
 [52]
 [57]
 [53]]",3,pituitary,2,2,2.0,-0.0009415746,2.3245811462402344e-05,False,False
2986,"[[49]
 [48]
 [55]
 [52]
 [57]
 [53]]",3,pituitary,2,2,2.0,-0.00096821785,-6.973743438720703e-06,False,False
2988,"[[49]
 [48]
 [55]
 [52]
 [57]
 [53]]",3,pituitary,2,2,2.0,-0.041966558,-0.0016943812370300293,False,False
2989,"[[49]
 [48]
 [55]
 [52]
 [57]
 [53]]",3,pituitary,2,2,2.0,-0.021836877,0.00016796588897705078,False,False
2990,"[[49]
 [48]
 [55]
 [52]
 [57]
 [53]]",3,pituitary,2,2,2.0,-0.0046985745,0.00011301040649414062,False,False
2991,"[[49]
 [48]
 [55]
 [52]
 [50]
 [57]]",3,pituitary,2,2,2.0,0.16063249,0.0024778246879577637,False,False
2992,"[[49]
 [48]
 [55]
 [52]
 [50]
 [57]]",3,pituitary,2,2,2.0,0.08106309,0.02561575174331665,False,False
2993,"[[49]
 [48]
 [55]
 [52]
 [50]
 [57]]",3,pituitary,2,2,2.0,0.041571677,0.0008082985877990723,False,False
2994,"[[49]
 [48]
 [55]
 [52]
 [50]
 [57]]",3,pituitary,2,2,2.0,0.058694363,-0.0020865201950073242,False,False
2995,"[[49]
 [48]
 [55]
 [52]
 [50]
 [57]]",3,pituitary,2,2,2.0,-0.031724155,-0.012859880924224854,False,False
2996,"[[49]
 [48]
 [55]
 [52]
 [50]
 [57]]",3,pituitary,2,2,2.0,-0.0035681725,0.0011659860610961914,False,False
3023,"[[49]
 [48]
 [57]
 [55]
 [54]
 [57]]",3,pituitary,2,2,2.0,-0.0002272129,2.7179718017578125e-05,False,False
3024,"[[49]
 [48]
 [57]
 [55]
 [54]
 [57]]",3,pituitary,2,2,2.0,9.059906e-05,-1.4603137969970703e-05,False,False
3025,"[[49]
 [48]
 [57]
 [55]
 [54]
 [57]]",3,pituitary,2,2,2.0,-0.00061899424,-0.00010251998901367188,False,False
3026,"[[49]
 [48]
 [57]
 [55]
 [54]
 [57]]",3,pituitary,2,2,2.0,0.00017786026,-3.0517578125e-05,False,False
3049,"[[49]
 [49]
 [49]
 [49]
 [50]
 [53]]",3,pituitary,2,2,2.0,-0.0049241185,0.003702878952026367,False,False
3050,"[[49]
 [49]
 [49]
 [49]
 [50]
 [53]]",3,pituitary,2,2,2.0,6.377697e-05,-0.00022101402282714844,False,False
3051,"[[49]
 [49]
 [49]
 [49]
 [50]
 [53]]",3,pituitary,2,2,2.0,0.0015969276,-0.0022823214530944824,False,False
3052,"[[49]
 [49]
 [49]
 [49]
 [50]
 [53]]",3,pituitary,2,2,2.0,-0.0053227544,0.00030285120010375977,False,False
9,"[[49]
 [49]
 [50]
 [56]
 [52]
 [55]]",4,pituitary,2,2,2.0,-0.0083673,0.0002282857894897461,False,False
10,"[[49]
 [49]
 [50]
 [56]
 [52]
 [55]]",4,pituitary,2,2,2.0,-0.0051894784,6.389617919921875e-05,False,False
11,"[[49]
 [49]
 [50]
 [56]
 [52]
 [55]]",4,pituitary,2,2,2.0,-0.0058326125,0.0011948943138122559,False,False
12,"[[49]
 [49]
 [50]
 [56]
 [52]
 [55]]",4,pituitary,2,2,2.0,-0.006614089,0.0015602707862854004,False,False
14,"[[49]
 [49]
 [51]
 [50]
 [55]
 [52]]",4,pituitary,2,2,2.0,0.0010243058,-0.0003701448440551758,False,False
15,"[[49]
 [49]
 [51]
 [50]
 [55]
 [52]]",4,pituitary,2,2,2.0,0.0007286668,-7.492303848266602e-05,False,False
16,"[[49]
 [49]
 [51]
 [50]
 [55]
 [52]]",4,pituitary,2,2,2.0,-0.00046235323,-7.748603820800781e-05,False,False
80,"[[49]
 [48]
 [56]
 [57]
 [51]
 [49]]",4,pituitary,2,2,2.0,-0.16921705,0.0013898611068725586,False,False
81,"[[49]
 [48]
 [56]
 [57]
 [51]
 [49]]",4,pituitary,2,2,2.0,-0.21990407,0.0011110305786132812,False,False
82,"[[49]
 [48]
 [56]
 [57]
 [51]
 [49]]",4,pituitary,2,2,2.0,-0.27164853,0.0003038644790649414,False,False
83,"[[49]
 [48]
 [56]
 [57]
 [51]
 [49]]",4,pituitary,2,2,2.0,-0.16958845,-0.0003167390823364258,False,False
86,"[[49]
 [48]
 [56]
 [57]
 [51]
 [49]]",4,pituitary,2,2,2.0,-0.039065182,-0.01592642068862915,False,False
106,"[[49]
 [49]
 [48]
 [53]
 [49]
 [56]]",4,pituitary,2,2,2.0,4.2796135e-05,-9.5367431640625e-07,False,False
107,"[[49]
 [49]
 [48]
 [53]
 [49]
 [56]]",4,pituitary,2,2,2.0,8.523464e-06,-1.6510486602783203e-05,False,False
108,"[[49]
 [49]
 [48]
 [53]
 [49]
 [56]]",4,pituitary,2,2,2.0,-9.23872e-06,2.2411346435546875e-05,False,False
109,"[[49]
 [49]
 [48]
 [53]
 [49]
 [56]]",4,pituitary,2,2,2.0,-4.23193e-06,2.384185791015625e-07,False,False
110,"[[49]
 [49]
 [48]
 [53]
 [49]
 [56]]",4,pituitary,2,2,2.0,-4.7683716e-07,1.1920928955078125e-07,False,False
111,"[[49]
 [49]
 [48]
 [53]
 [49]
 [56]]",4,pituitary,2,2,2.0,-7.748604e-07,2.384185791015625e-07,False,False
162,"[[49]
 [49]
 [50]
 [56]
 [52]
 [55]]",4,pituitary,2,2,2.0,-0.026837587,-0.0027055740356445312,False,False
163,"[[49]
 [49]
 [50]
 [56]
 [52]
 [55]]",4,pituitary,2,2,2.0,-0.046157837,0.002480804920196533,False,False
164,"[[49]
 [49]
 [50]
 [56]
 [52]
 [55]]",4,pituitary,2,2,2.0,-0.05296409,0.0004029273986816406,False,False
165,"[[49]
 [49]
 [50]
 [56]
 [52]
 [55]]",4,pituitary,2,2,2.0,-0.00096321106,-0.00014066696166992188,False,False
166,"[[49]
 [49]
 [51]
 [50]
 [55]
 [52]]",4,pituitary,2,2,2.0,-1.9788742e-05,5.960464477539062e-07,False,False
167,"[[49]
 [49]
 [51]
 [50]
 [55]
 [52]]",4,pituitary,2,2,2.0,-4.6491623e-06,1.049041748046875e-05,False,False
169,"[[49]
 [49]
 [51]
 [50]
 [55]
 [52]]",4,pituitary,2,2,2.0,-4.798174e-05,-2.8014183044433594e-06,False,False
228,"[[49]
 [48]
 [56]
 [57]
 [51]
 [49]]",4,pituitary,2,2,2.0,3.5762787e-07,5.960464477539063e-08,False,False
229,"[[49]
 [48]
 [56]
 [57]
 [51]
 [49]]",4,pituitary,2,2,2.0,-0.00022995472,-4.3451786041259766e-05,False,False
230,"[[49]
 [48]
 [56]
 [57]
 [51]
 [49]]",4,pituitary,2,2,2.0,3.528595e-05,7.152557373046875e-06,False,False
231,"[[49]
 [48]
 [56]
 [57]
 [51]
 [49]]",4,pituitary,2,2,2.0,0.0007472038,-8.863210678100586e-05,False,False
232,"[[49]
 [48]
 [56]
 [57]
 [51]
 [49]]",4,pituitary,2,2,2.0,0.0011813641,-1.3232231140136719e-05,False,False
249,"[[49]
 [49]
 [48]
 [53]
 [49]
 [56]]",4,pituitary,2,2,2.0,0.0035595298,-9.715557098388672e-06,False,False
250,"[[49]
 [49]
 [48]
 [53]
 [49]
 [56]]",4,pituitary,2,2,2.0,-0.00024348497,1.3053417205810547e-05,False,False
251,"[[49]
 [49]
 [48]
 [53]
 [49]
 [56]]",4,pituitary,2,2,2.0,-0.00055873394,-1.245737075805664e-05,False,False
252,"[[49]
 [49]
 [48]
 [53]
 [49]
 [56]]",4,pituitary,2,2,2.0,-0.0025324821,5.233287811279297e-05,False,False
292,"[[49]
 [49]
 [50]
 [56]
 [52]
 [55]]",4,pituitary,2,2,2.0,-0.0077169538,0.0009117722511291504,False,False
293,"[[49]
 [49]
 [50]
 [56]
 [52]
 [55]]",4,pituitary,2,2,2.0,-0.015142202,-0.003105759620666504,False,False
294,"[[49]
 [49]
 [50]
 [56]
 [52]
 [55]]",4,pituitary,2,2,2.0,-0.02902329,-0.0072060227394104,False,False
295,"[[49]
 [49]
 [50]
 [56]
 [52]
 [55]]",4,pituitary,2,2,2.0,-0.0023911595,-1.8894672393798828e-05,False,False
296,"[[49]
 [49]
 [50]
 [56]
 [52]
 [55]]",4,pituitary,2,2,2.0,-0.0031442642,-0.00045734643936157227,False,False
300,"[[49]
 [49]
 [51]
 [50]
 [55]
 [52]]",4,pituitary,2,2,2.0,-0.018307477,-0.00019752979278564453,False,False
354,"[[49]
 [48]
 [51]
 [53]
 [56]
 [50]]",4,pituitary,2,2,2.0,0.15229449,0.028596341609954834,False,False
355,"[[49]
 [48]
 [51]
 [53]
 [56]
 [50]]",4,pituitary,2,2,2.0,0.15817147,0.002977430820465088,False,False
356,"[[49]
 [48]
 [51]
 [53]
 [56]
 [50]]",4,pituitary,2,2,2.0,0.2703834,0.0109480619430542,False,False
357,"[[49]
 [49]
 [49]
 [53]
 [51]
 [50]]",4,meningioma,0,1,0.0,0.44041917,0.01782327890396118,True,False
358,"[[49]
 [48]
 [51]
 [53]
 [56]
 [50]]",4,pituitary,2,2,2.0,0.06207946,-0.0070612430572509766,False,False
368,"[[49]
 [49]
 [49]
 [53]
 [51]
 [50]]",4,meningioma,0,0,0.0,0.037911654,0.0038611292839050293,False,False
379,"[[49]
 [49]
 [49]
 [53]
 [51]
 [50]]",4,meningioma,0,0,0.0,-0.011109889,-0.005126774311065674,False,False
434,"[[49]
 [49]
 [50]
 [48]
 [54]
 [50]]",4,meningioma,0,0,0.0,0.16896868,-0.010451972484588623,False,False
446,"[[49]
 [49]
 [50]
 [48]
 [54]
 [50]]",4,meningioma,0,0,0.0,0.011724532,0.02617800235748291,False,False
457,"[[49]
 [49]
 [50]
 [48]
 [54]
 [50]]",4,meningioma,0,0,0.0,0.015389681,0.0011172294616699219,False,False
458,"[[57]
 [55]
 [56]
 [57]
 [48]]",4,pituitary,2,2,2.0,0.020797253,-0.00012940168380737305,False,False
459,"[[57]
 [55]
 [56]
 [57]
 [48]]",4,pituitary,2,2,2.0,-0.0038954616,-0.0006348490715026855,False,False
460,"[[57]
 [55]
 [56]
 [57]
 [48]]",4,pituitary,2,2,2.0,-0.006033361,-7.730722427368164e-05,False,False
461,"[[57]
 [55]
 [56]
 [57]
 [48]]",4,pituitary,2,2,2.0,0.003148675,1.2278556823730469e-05,False,False
468,"[[49]
 [49]
 [50]
 [50]
 [53]
 [50]]",4,meningioma,0,0,0.0,-0.018661082,-0.0020487308502197266,False,False
479,"[[49]
 [49]
 [50]
 [50]
 [53]
 [50]]",4,meningioma,0,0,0.0,-0.0070214868,0.023194849491119385,False,False
490,"[[49]
 [49]
 [50]
 [53]
 [53]
 [50]]",4,meningioma,0,0,0.0,0.16481328,0.0004615187644958496,False,False
501,"[[49]
 [49]
 [50]
 [53]
 [53]
 [50]]",4,meningioma,0,0,0.0,0.14965183,-0.021110713481903076,False,False
512,"[[49]
 [49]
 [50]
 [53]
 [53]
 [50]]",4,meningioma,0,0,0.0,0.15665495,-0.00493466854095459,False,False
523,"[[49]
 [49]
 [50]
 [53]
 [53]
 [50]]",4,meningioma,0,0,0.0,0.18933725,-0.04408431053161621,False,False
534,"[[49]
 [49]
 [50]
 [53]
 [53]
 [50]]",4,meningioma,0,0,0.0,0.035663307,-0.004393339157104492,False,False
545,"[[49]
 [49]
 [50]
 [53]
 [53]
 [50]]",4,meningioma,0,0,0.0,0.17144382,-0.036555469036102295,False,False
557,"[[49]
 [49]
 [50]
 [53]
 [53]
 [50]]",4,meningioma,0,0,0.0,-0.012114763,-0.027147293090820312,False,False
565,"[[49]
 [48]
 [51]
 [53]
 [56]
 [50]]",4,pituitary,2,2,2.0,-0.0333156,-0.007940709590911865,False,False
566,"[[49]
 [48]
 [51]
 [53]
 [56]
 [50]]",4,pituitary,2,2,2.0,-0.028402507,-0.00526118278503418,False,False
567,"[[49]
 [48]
 [51]
 [53]
 [56]
 [50]]",4,pituitary,2,2,2.0,-0.23886871,0.05464237928390503,False,False
569,"[[49]
 [48]
 [51]
 [53]
 [56]
 [50]]",4,pituitary,2,2,2.0,-0.14039898,0.005076885223388672,False,False
663,"[[57]
 [55]
 [56]
 [57]
 [48]]",4,pituitary,2,2,2.0,-0.0017665029,-0.00016236305236816406,False,False
664,"[[57]
 [55]
 [56]
 [57]
 [48]]",4,pituitary,2,2,2.0,-0.0027483702,4.8995018005371094e-05,False,False
665,"[[57]
 [55]
 [56]
 [57]
 [48]]",4,pituitary,2,2,2.0,-0.00048583746,1.7642974853515625e-05,False,False
666,"[[57]
 [55]
 [56]
 [57]
 [48]]",4,pituitary,2,2,2.0,-0.0028584003,0.00014209747314453125,False,False
770,"[[49]
 [48]
 [51]
 [53]
 [56]
 [50]]",4,pituitary,2,2,2.0,7.021427e-05,0.0001785755157470703,False,False
771,"[[49]
 [48]
 [51]
 [53]
 [56]
 [50]]",4,pituitary,2,2,2.0,-0.0018510818,-0.0027688145637512207,False,False
772,"[[49]
 [48]
 [51]
 [53]
 [56]
 [50]]",4,pituitary,2,2,2.0,0.026384532,0.01020115613937378,False,False
773,"[[49]
 [48]
 [51]
 [53]
 [56]
 [50]]",4,pituitary,2,1,2.0,0.26861984,-0.005459010601043701,True,False
774,"[[49]
 [48]
 [51]
 [53]
 [56]
 [50]]",4,pituitary,2,2,2.0,0.07114959,0.0040757060050964355,False,False
775,"[[49]
 [48]
 [51]
 [53]
 [56]
 [50]]",4,pituitary,2,2,2.0,0.0025353432,-8.922815322875977e-05,False,False
776,"[[49]
 [48]
 [51]
 [53]
 [56]
 [50]]",4,pituitary,2,2,2.0,0.00056540966,-8.821487426757812e-06,False,False
777,"[[49]
 [48]
 [51]
 [53]
 [56]
 [50]]",4,pituitary,2,2,2.0,-0.00043946505,0.00023037195205688477,False,False
877,"[[57]
 [55]
 [56]
 [57]
 [48]]",4,pituitary,2,2,2.0,-4.017353e-05,5.245208740234375e-06,False,False
879,"[[57]
 [55]
 [56]
 [57]
 [48]]",4,pituitary,2,2,2.0,-0.0014056563,-3.933906555175781e-06,False,False
880,"[[57]
 [55]
 [56]
 [57]
 [48]]",4,pituitary,2,2,2.0,-0.0009739995,-2.4080276489257812e-05,False,False
882,"[[57]
 [55]
 [56]
 [57]
 [48]]",4,pituitary,2,2,2.0,-0.053302467,0.023039817810058594,False,False
883,"[[57]
 [55]
 [56]
 [57]
 [48]]",4,pituitary,2,2,2.0,-0.0004863739,-8.463859558105469e-06,False,False
944,"[[77]
 [82]
 [48]
 [52]
 [56]
 [50]
 [57]
 [55]]",4,glioma,1,1,1.0,7.748604e-07,0.0,False,False
946,"[[77]
 [82]
 [48]
 [52]
 [56]
 [50]
 [57]
 [55]]",4,glioma,1,1,1.0,2.3841858e-06,5.960464477539063e-08,False,False
947,"[[77]
 [82]
 [48]
 [52]
 [56]
 [50]
 [57]
 [55]]",4,glioma,1,1,1.0,1.3709068e-06,0.0,False,False
948,"[[77]
 [82]
 [48]
 [52]
 [56]
 [50]
 [57]
 [55]]",4,glioma,1,1,1.0,7.1525574e-07,0.0,False,False
949,"[[77]
 [82]
 [48]
 [52]
 [56]
 [50]
 [57]
 [52]
 [66]]",4,glioma,1,1,1.0,0.0021050572,-0.00023889541625976562,False,False
959,"[[77]
 [82]
 [48]
 [52]
 [56]
 [57]
 [52]
 [52]]",4,glioma,1,1,1.0,0.035938263,0.0006237030029296875,False,False
960,"[[77]
 [82]
 [48]
 [52]
 [56]
 [57]
 [52]
 [52]]",4,glioma,1,1,1.0,0.17912799,0.0046926140785217285,False,False
961,"[[77]
 [82]
 [48]
 [52]
 [56]
 [57]
 [52]
 [52]]",4,glioma,1,1,1.0,0.12118417,-0.008965730667114258,False,False
962,"[[77]
 [82]
 [48]
 [52]
 [56]
 [57]
 [52]
 [52]]",4,glioma,1,1,1.0,0.18737644,-0.032826244831085205,False,False
963,"[[77]
 [82]
 [48]
 [52]
 [56]
 [57]
 [52]
 [52]]",4,glioma,1,1,1.0,0.10856432,-0.03490561246871948,False,False
964,"[[77]
 [82]
 [48]
 [52]
 [56]
 [57]
 [52]
 [52]]",4,glioma,1,1,1.0,-0.021199822,0.0031620264053344727,False,False
965,"[[77]
 [82]
 [48]
 [52]
 [56]
 [57]
 [52]
 [52]]",4,glioma,1,1,1.0,-0.023324966,-0.02895939350128174,False,False
966,"[[77]
 [82]
 [48]
 [52]
 [56]
 [57]
 [52]
 [52]]",4,glioma,1,1,1.0,0.03141308,-0.012831032276153564,False,False
1011,"[[77]
 [82]
 [48]
 [52]
 [57]
 [49]
 [48]
 [52]
 [66]]",4,glioma,1,1,1.0,0.0016434789,-0.0014579296112060547,False,False
1013,"[[77]
 [82]
 [48]
 [52]
 [57]
 [49]
 [48]
 [52]
 [66]]",4,glioma,1,1,1.0,0.014713287,-0.00014388561248779297,False,False
1014,"[[77]
 [82]
 [48]
 [52]
 [57]
 [49]
 [48]
 [52]
 [66]]",4,glioma,1,1,1.0,0.0007404685,-1.7464160919189453e-05,False,False
1015,"[[77]
 [82]
 [48]
 [52]
 [57]
 [49]
 [48]
 [52]
 [66]]",4,glioma,1,1,1.0,-0.00080931187,-0.0003669261932373047,False,False
1016,"[[77]
 [82]
 [48]
 [52]
 [57]
 [49]
 [48]
 [52]
 [66]]",4,glioma,1,1,1.0,-0.00012934208,-4.6193599700927734e-05,False,False
1025,"[[77]
 [82]
 [48]
 [50]
 [52]
 [55]
 [56]
 [48]
 [71]]",4,glioma,1,1,1.0,-0.029316187,-0.00345611572265625,False,False
1026,"[[77]
 [82]
 [48]
 [50]
 [52]
 [55]
 [56]
 [48]
 [71]]",4,glioma,1,1,1.0,-0.0055844784,-0.0037277936935424805,False,False
1027,"[[77]
 [82]
 [48]
 [50]
 [52]
 [55]
 [56]
 [48]
 [71]]",4,glioma,1,1,1.0,1.1920929e-06,-3.7550926208496094e-06,False,False
1028,"[[77]
 [82]
 [48]
 [50]
 [52]
 [55]
 [56]
 [48]
 [71]]",4,glioma,1,1,1.0,2.503395e-06,-1.1920928955078125e-07,False,False
1029,"[[77]
 [82]
 [48]
 [50]
 [52]
 [55]
 [56]
 [48]
 [71]]",4,glioma,1,1,1.0,0.00042277575,4.291534423828125e-06,False,False
1030,"[[77]
 [82]
 [48]
 [50]
 [52]
 [55]
 [56]
 [48]
 [71]]",4,glioma,1,1,1.0,2.7894974e-05,-4.351139068603516e-06,False,False
1031,"[[77]
 [82]
 [48]
 [50]
 [52]
 [55]
 [56]
 [48]
 [71]]",4,glioma,1,1,1.0,6.9737434e-06,-3.5762786865234375e-07,False,False
1032,"[[77]
 [82]
 [48]
 [50]
 [52]
 [55]
 [56]
 [48]
 [71]]",4,glioma,1,1,1.0,8.106232e-05,1.4901161193847656e-06,False,False
1033,"[[77]
 [82]
 [48]
 [50]
 [52]
 [55]
 [56]
 [48]
 [71]]",4,glioma,1,1,1.0,0.0008507967,-0.0005841255187988281,False,False
1035,"[[77]
 [82]
 [48]
 [50]
 [52]
 [55]
 [56]
 [48]
 [71]]",4,glioma,1,1,1.0,-0.000344038,-0.0004769563674926758,False,False
1036,"[[77]
 [82]
 [48]
 [50]
 [52]
 [55]
 [56]
 [48]
 [71]]",4,glioma,1,1,1.0,-6.735325e-06,-3.933906555175781e-06,False,False
1037,"[[77]
 [82]
 [48]
 [50]
 [52]
 [55]
 [56]
 [48]
 [71]]",4,glioma,1,1,1.0,-2.6226044e-05,-2.956390380859375e-05,False,False
1038,"[[77]
 [82]
 [48]
 [50]
 [52]
 [55]
 [56]
 [48]
 [71]]",4,glioma,1,1,1.0,-1.7642975e-05,-9.119510650634766e-06,False,False
1039,"[[77]
 [82]
 [48]
 [50]
 [52]
 [55]
 [56]
 [48]
 [71]]",4,glioma,1,1,1.0,-1.1444092e-05,8.821487426757812e-06,False,False
1040,"[[77]
 [82]
 [48]
 [50]
 [52]
 [55]
 [56]
 [48]
 [71]]",4,glioma,1,1,1.0,0.00014257431,-2.8789043426513672e-05,False,False
1041,"[[77]
 [82]
 [48]
 [50]
 [52]
 [55]
 [56]
 [48]
 [71]]",4,glioma,1,1,1.0,1.9788742e-05,-4.3451786041259766e-05,False,False
1051,"[[77]
 [82]
 [48]
 [52]
 [56]
 [50]
 [57]
 [52]
 [66]]",4,glioma,1,1,1.0,-0.00020647049,-5.602836608886719e-05,False,False
1052,"[[77]
 [82]
 [48]
 [52]
 [56]
 [50]
 [57]
 [52]
 [66]]",4,glioma,1,1,1.0,0.00073099136,-0.0003701448440551758,False,False
1053,"[[77]
 [82]
 [48]
 [52]
 [56]
 [50]
 [57]
 [52]
 [66]]",4,glioma,1,1,1.0,-6.920099e-05,-0.0001494884490966797,False,False
1083,"[[77]
 [82]
 [48]
 [53]
 [48]
 [55]
 [57]
 [49]
 [66]]",4,glioma,1,1,1.0,0.00029665232,-0.001262664794921875,False,False
1084,"[[77]
 [82]
 [48]
 [53]
 [48]
 [55]
 [57]
 [49]
 [66]]",4,glioma,1,1,1.0,-0.0001320839,0.00017750263214111328,False,False
1085,"[[77]
 [82]
 [48]
 [53]
 [48]
 [55]
 [57]
 [49]
 [66]]",4,glioma,1,1,1.0,-0.00014841557,0.0005551576614379883,False,False
1086,"[[77]
 [82]
 [48]
 [53]
 [48]
 [55]
 [57]
 [49]
 [66]]",4,glioma,1,1,1.0,-0.00032931566,-0.00047707557678222656,False,False
1087,"[[77]
 [82]
 [48]
 [53]
 [48]
 [55]
 [57]
 [49]
 [66]]",4,glioma,1,1,1.0,0.0056991577,0.011023342609405518,False,False
1088,"[[77]
 [82]
 [48]
 [53]
 [48]
 [55]
 [57]
 [49]
 [66]]",4,glioma,1,1,1.0,-0.0038104653,0.010292470455169678,False,False
1090,"[[77]
 [82]
 [48]
 [53]
 [48]
 [55]
 [57]
 [49]
 [66]]",4,glioma,1,1,1.0,0.01645261,-0.004432260990142822,False,False
1091,"[[77]
 [82]
 [48]
 [53]
 [48]
 [55]
 [57]
 [49]
 [66]]",4,glioma,1,1,1.0,0.0065158606,0.009559273719787598,False,False
1092,"[[77]
 [82]
 [48]
 [53]
 [48]
 [55]
 [57]
 [49]
 [66]]",4,glioma,1,1,1.0,0.06373739,0.04469352960586548,False,False
1093,"[[77]
 [82]
 [48]
 [53]
 [48]
 [55]
 [57]
 [49]
 [66]]",4,glioma,1,1,1.0,0.04687035,-0.001774430274963379,False,False
1094,"[[77]
 [82]
 [48]
 [52]
 [57]
 [48]
 [49]
 [57]
 [67]]",4,glioma,1,1,1.0,2.7418137e-06,-1.430511474609375e-05,False,False
1095,"[[77]
 [82]
 [48]
 [52]
 [57]
 [48]
 [49]
 [57]
 [67]]",4,glioma,1,1,1.0,-0.00024014711,-2.3186206817626953e-05,False,False
1096,"[[77]
 [82]
 [48]
 [52]
 [57]
 [48]
 [49]
 [57]
 [67]]",4,glioma,1,1,1.0,0.0018492937,0.00018322467803955078,False,False
1097,"[[77]
 [82]
 [48]
 [50]
 [54]
 [49]
 [55]
 [53]
 [67]]",4,glioma,1,1,1.0,-0.001552403,-0.0014208555221557617,False,False
1098,"[[77]
 [82]
 [48]
 [50]
 [54]
 [49]
 [55]
 [53]
 [67]]",4,glioma,1,1,1.0,-0.001398623,-0.0009070038795471191,False,False
1099,"[[77]
 [82]
 [48]
 [50]
 [54]
 [49]
 [55]
 [53]
 [67]]",4,glioma,1,1,1.0,-7.748604e-07,-2.384185791015625e-07,False,False
1101,"[[77]
 [82]
 [48]
 [50]
 [54]
 [49]
 [55]
 [53]
 [67]]",4,glioma,1,1,1.0,4.607439e-05,-0.00033921003341674805,False,False
1102,"[[77]
 [82]
 [48]
 [50]
 [54]
 [49]
 [55]
 [53]
 [67]]",4,glioma,1,1,1.0,-0.000113129616,-0.00013810396194458008,False,False
1103,"[[77]
 [82]
 [48]
 [50]
 [54]
 [49]
 [55]
 [53]
 [67]]",4,glioma,1,1,1.0,-2.0205975e-05,-9.5367431640625e-06,False,False
1104,"[[77]
 [82]
 [48]
 [50]
 [54]
 [49]
 [55]
 [53]
 [67]]",4,glioma,1,1,1.0,-0.00010102987,2.8014183044433594e-05,False,False
1105,"[[77]
 [82]
 [48]
 [50]
 [54]
 [49]
 [55]
 [53]
 [67]]",4,glioma,1,1,1.0,-1.3709068e-05,-4.1961669921875e-05,False,False
1106,"[[77]
 [82]
 [48]
 [50]
 [54]
 [49]
 [55]
 [53]
 [67]]",4,glioma,1,1,1.0,-2.2649765e-05,-0.0001251697540283203,False,False
1107,"[[77]
 [82]
 [48]
 [50]
 [54]
 [49]
 [55]
 [53]
 [67]]",4,glioma,1,1,1.0,-1.92523e-05,-1.71661376953125e-05,False,False
1108,"[[77]
 [82]
 [48]
 [50]
 [54]
 [49]
 [55]
 [53]
 [67]]",4,glioma,1,1,1.0,-3.516674e-06,-9.5367431640625e-07,False,False
1155,"[[77]
 [82]
 [48]
 [53]
 [49]
 [55]
 [57]
 [54]]",4,glioma,1,1,1.0,-4.4703484e-06,-4.76837158203125e-06,False,False
1156,"[[77]
 [82]
 [48]
 [53]
 [49]
 [55]
 [57]
 [54]]",4,glioma,1,1,1.0,-2.8014183e-06,-5.960464477539062e-07,False,False
1158,"[[77]
 [82]
 [48]
 [53]
 [49]
 [55]
 [57]
 [54]]",4,glioma,1,1,1.0,-2.1636486e-05,6.639957427978516e-05,False,False
1159,"[[77]
 [82]
 [48]
 [53]
 [49]
 [55]
 [57]
 [54]]",4,glioma,1,1,1.0,-2.6226044e-05,3.5762786865234375e-07,False,False
1160,"[[77]
 [82]
 [48]
 [53]
 [49]
 [55]
 [57]
 [54]]",4,glioma,1,1,1.0,0.009928346,0.0003663301467895508,False,False
1161,"[[77]
 [82]
 [48]
 [53]
 [49]
 [55]
 [57]
 [54]]",4,glioma,1,1,1.0,0.003996074,0.0002472400665283203,False,False
1162,"[[77]
 [82]
 [48]
 [53]
 [49]
 [55]
 [57]
 [54]]",4,glioma,1,0,1.0,0.17132646,0.010039150714874268,True,False
1177,"[[77]
 [82]
 [48]
 [53]
 [49]
 [55]
 [57]
 [54]
 [66]]",4,glioma,1,1,1.0,1.4483929e-05,-4.76837158203125e-06,False,False
1178,"[[77]
 [82]
 [48]
 [53]
 [49]
 [55]
 [57]
 [54]
 [66]]",4,glioma,1,1,1.0,-2.425909e-05,-3.337860107421875e-06,False,False
1180,"[[77]
 [82]
 [48]
 [53]
 [49]
 [55]
 [57]
 [54]
 [66]]",4,glioma,1,1,1.0,-6.377697e-06,-5.960464477539062e-07,False,False
1245,"[[77]
 [82]
 [48]
 [50]
 [57]
 [50]
 [48]
 [57]
 [69]]",4,glioma,1,1,1.0,-1.6093254e-06,1.7881393432617188e-07,False,False
1247,"[[77]
 [82]
 [48]
 [50]
 [57]
 [50]
 [48]
 [57]
 [69]]",4,glioma,1,1,1.0,-2.9802322e-07,-2.384185791015625e-07,False,False
1248,"[[77]
 [82]
 [48]
 [50]
 [57]
 [50]
 [48]
 [57]
 [69]]",4,glioma,1,1,1.0,-8.34465e-07,0.0,False,False
1249,"[[77]
 [82]
 [48]
 [50]
 [57]
 [50]
 [48]
 [57]
 [69]]",4,glioma,1,1,1.0,-1.7166138e-05,1.537799835205078e-05,False,False
1250,"[[77]
 [82]
 [48]
 [50]
 [57]
 [50]
 [48]
 [57]
 [69]]",4,glioma,1,1,1.0,-1.1146069e-05,-7.331371307373047e-06,False,False
1251,"[[77]
 [82]
 [48]
 [50]
 [57]
 [50]
 [48]
 [57]
 [69]]",4,glioma,1,1,1.0,-1.001358e-05,-1.0728836059570312e-06,False,False
1252,"[[77]
 [82]
 [48]
 [50]
 [57]
 [50]
 [48]
 [57]
 [69]]",4,glioma,1,1,1.0,-2.3841858e-07,-5.960464477539063e-08,False,False
1253,"[[77]
 [82]
 [48]
 [50]
 [57]
 [50]
 [48]
 [57]
 [69]]",4,glioma,1,1,1.0,-1.1920929e-07,-5.960464477539063e-08,False,False
1254,"[[77]
 [82]
 [48]
 [50]
 [57]
 [50]
 [48]
 [57]
 [69]]",4,glioma,1,1,1.0,-2.336502e-05,4.0531158447265625e-05,False,False
1273,"[[77]
 [82]
 [48]
 [50]
 [52]
 [55]
 [56]
 [48]
 [68]]",4,glioma,1,1,1.0,-2.3841858e-07,-1.1920928955078125e-07,False,False
1274,"[[77]
 [82]
 [48]
 [50]
 [52]
 [55]
 [56]
 [48]
 [68]]",4,glioma,1,1,1.0,0.0,-1.1920928955078125e-07,False,False
1275,"[[77]
 [82]
 [48]
 [51]
 [56]
 [52]
 [54]
 [57]]",4,glioma,1,1,1.0,-1.5497208e-06,-9.47713851928711e-06,False,False
1276,"[[77]
 [82]
 [48]
 [51]
 [56]
 [52]
 [54]
 [57]]",4,glioma,1,1,1.0,-4.1127205e-06,9.179115295410156e-06,False,False
1277,"[[77]
 [82]
 [48]
 [51]
 [56]
 [52]
 [54]
 [57]]",4,glioma,1,1,1.0,1.3232231e-05,-5.0067901611328125e-06,False,False
1278,"[[77]
 [82]
 [48]
 [51]
 [56]
 [52]
 [54]
 [57]]",4,glioma,1,1,1.0,6.556511e-07,0.0,False,False
1280,"[[77]
 [82]
 [48]
 [51]
 [56]
 [52]
 [54]
 [57]]",4,glioma,1,1,1.0,-1.9073486e-06,0.0,False,False
1281,"[[77]
 [82]
 [48]
 [51]
 [56]
 [52]
 [54]
 [57]]",4,glioma,1,1,1.0,-1.7881393e-07,-1.7881393432617188e-07,False,False
1282,"[[77]
 [82]
 [48]
 [51]
 [56]
 [52]
 [54]
 [57]]",4,glioma,1,1,1.0,-3.5762787e-07,-1.1920928955078125e-07,False,False
1335,"[[49]
 [48]
 [48]
 [53]
 [55]
 [50]]",4,meningioma,0,2,0.0,0.056785494,-0.012388050556182861,True,False
1362,"[[77]
 [82]
 [48]
 [51]
 [54]
 [52]
 [57]
 [54]
 [66]]",4,glioma,1,1,1.0,5.9604645e-08,0.0,False,False
1363,"[[77]
 [82]
 [48]
 [51]
 [54]
 [52]
 [57]
 [54]
 [66]]",4,glioma,1,1,1.0,2.9802322e-07,-8.344650268554688e-07,False,False
1364,"[[77]
 [82]
 [48]
 [51]
 [54]
 [52]
 [57]
 [54]
 [66]]",4,glioma,1,1,1.0,0.0,0.0,False,False
1365,"[[77]
 [82]
 [48]
 [51]
 [54]
 [52]
 [57]
 [54]
 [66]]",4,glioma,1,1,1.0,-3.8146973e-06,3.0040740966796875e-05,False,False
1366,"[[77]
 [82]
 [48]
 [51]
 [54]
 [52]
 [57]
 [54]
 [66]]",4,glioma,1,1,1.0,4.529953e-06,3.5762786865234375e-07,False,False
1367,"[[77]
 [82]
 [48]
 [51]
 [54]
 [52]
 [57]
 [54]
 [66]]",4,glioma,1,1,1.0,0.00041902065,0.00022047758102416992,False,False
1422,"[[77]
 [82]
 [48]
 [50]
 [52]
 [55]
 [56]
 [48]
 [71]]",4,glioma,1,1,1.0,-0.00022244453,-0.0003528594970703125,False,False
1424,"[[77]
 [82]
 [48]
 [50]
 [52]
 [55]
 [56]
 [48]
 [71]]",4,glioma,1,1,1.0,-2.2411346e-05,0.00028121471405029297,False,False
1425,"[[77]
 [82]
 [48]
 [50]
 [52]
 [55]
 [56]
 [48]
 [71]]",4,glioma,1,1,1.0,-2.360344e-05,-1.430511474609375e-06,False,False
1426,"[[77]
 [82]
 [48]
 [50]
 [52]
 [55]
 [56]
 [48]
 [71]]",4,glioma,1,1,1.0,-4.6372414e-05,-8.881092071533203e-06,False,False
1427,"[[77]
 [82]
 [48]
 [50]
 [52]
 [55]
 [56]
 [48]
 [71]]",4,glioma,1,1,1.0,-5.2154064e-05,-4.649162292480469e-06,False,False
1428,"[[77]
 [82]
 [48]
 [50]
 [52]
 [55]
 [56]
 [48]
 [71]]",4,glioma,1,1,1.0,-2.0742416e-05,-2.944469451904297e-05,False,False
1429,"[[77]
 [82]
 [48]
 [50]
 [52]
 [55]
 [56]
 [48]
 [71]]",4,glioma,1,1,1.0,3.2782555e-06,6.884336471557617e-05,False,False
1465,"[[77]
 [82]
 [48]
 [53]
 [48]
 [55]
 [57]
 [49]
 [66]]",4,glioma,1,1,1.0,-0.057596445,0.03480720520019531,False,False
1466,"[[77]
 [82]
 [48]
 [53]
 [48]
 [55]
 [57]
 [49]
 [66]]",4,glioma,1,1,1.0,-0.10900211,-0.033332765102386475,False,False
1467,"[[77]
 [82]
 [48]
 [53]
 [48]
 [55]
 [57]
 [49]
 [66]]",4,glioma,1,1,,-0.044540226,,False,
1469,"[[77]
 [82]
 [48]
 [53]
 [48]
 [55]
 [57]
 [49]
 [66]]",4,glioma,1,1,1.0,-0.02323395,-0.01122283935546875,False,False
1470,"[[77]
 [82]
 [48]
 [52]
 [57]
 [48]
 [49]
 [57]
 [67]]",4,glioma,1,1,1.0,4.6491623e-05,6.735324859619141e-06,False,False
1471,"[[77]
 [82]
 [48]
 [52]
 [57]
 [48]
 [49]
 [57]
 [67]]",4,glioma,1,1,1.0,-2.5689602e-05,-1.049041748046875e-05,False,False
1472,"[[77]
 [82]
 [48]
 [52]
 [57]
 [48]
 [49]
 [57]
 [67]]",4,glioma,1,1,1.0,-2.2232533e-05,-4.017353057861328e-05,False,False
1473,"[[77]
 [82]
 [48]
 [52]
 [57]
 [48]
 [49]
 [57]
 [67]]",4,glioma,1,1,1.0,-4.6491623e-06,-1.2516975402832031e-05,False,False
1474,"[[77]
 [82]
 [48]
 [52]
 [57]
 [48]
 [49]
 [57]
 [67]]",4,glioma,1,1,1.0,-9.536743e-07,7.152557373046875e-07,False,False
1475,"[[77]
 [82]
 [48]
 [50]
 [54]
 [49]
 [55]
 [53]
 [67]]",4,glioma,1,1,1.0,0.0,1.7881393432617188e-07,False,False
1476,"[[77]
 [82]
 [48]
 [50]
 [54]
 [49]
 [55]
 [53]
 [67]]",4,glioma,1,1,1.0,-1.7881393e-07,1.049041748046875e-05,False,False
1477,"[[77]
 [82]
 [48]
 [50]
 [54]
 [49]
 [55]
 [53]
 [67]]",4,glioma,1,1,1.0,-2.026558e-06,0.0,False,False
1478,"[[77]
 [82]
 [48]
 [50]
 [54]
 [49]
 [55]
 [53]
 [67]]",4,glioma,1,1,1.0,-7.3313713e-06,-3.993511199951172e-06,False,False
1480,"[[77]
 [82]
 [48]
 [50]
 [54]
 [49]
 [55]
 [53]
 [67]]",4,glioma,1,1,1.0,-8.940697e-06,-1.329183578491211e-05,False,False
1481,"[[77]
 [82]
 [48]
 [50]
 [54]
 [49]
 [55]
 [53]
 [67]]",4,glioma,1,1,1.0,-5.0663948e-05,-2.5331974029541016e-05,False,False
1482,"[[77]
 [82]
 [48]
 [50]
 [54]
 [49]
 [55]
 [53]
 [67]]",4,glioma,1,1,1.0,-7.8082085e-06,-5.316734313964844e-05,False,False
1502,"[[77]
 [82]
 [48]
 [50]
 [54]
 [49]
 [55]
 [53]
 [69]]",4,glioma,1,1,1.0,-0.0012649894,-0.002012193202972412,False,False
1503,"[[77]
 [82]
 [48]
 [50]
 [54]
 [49]
 [55]
 [53]
 [69]]",4,glioma,1,1,1.0,-0.0012039542,-5.346536636352539e-05,False,False
1504,"[[77]
 [82]
 [48]
 [50]
 [54]
 [49]
 [55]
 [53]
 [69]]",4,glioma,1,1,1.0,0.0,-2.384185791015625e-07,False,False
1505,"[[77]
 [82]
 [48]
 [50]
 [54]
 [49]
 [55]
 [53]
 [69]]",4,glioma,1,1,1.0,3.2663345e-05,1.2695789337158203e-05,False,False
1506,"[[77]
 [82]
 [48]
 [50]
 [54]
 [49]
 [55]
 [53]
 [69]]",4,glioma,1,1,1.0,-8.881092e-05,0.0001532435417175293,False,False
1507,"[[77]
 [82]
 [48]
 [50]
 [54]
 [49]
 [55]
 [53]
 [69]]",4,glioma,1,1,1.0,1.0669231e-05,8.887052536010742e-05,False,False
1508,"[[77]
 [82]
 [48]
 [50]
 [54]
 [49]
 [55]
 [53]
 [69]]",4,glioma,1,1,1.0,-7.8082085e-06,-1.5974044799804688e-05,False,False
1509,"[[77]
 [82]
 [48]
 [50]
 [54]
 [49]
 [55]
 [53]
 [69]]",4,glioma,1,1,1.0,-7.6293945e-06,-1.919269561767578e-05,False,False
1510,"[[77]
 [82]
 [48]
 [50]
 [54]
 [49]
 [55]
 [53]
 [69]]",4,glioma,1,1,1.0,-0.00022757053,-0.0009459257125854492,False,False
1511,"[[77]
 [82]
 [48]
 [50]
 [54]
 [49]
 [55]
 [53]
 [69]]",4,glioma,1,1,1.0,-6.93202e-05,-0.0002599358558654785,False,False
1513,"[[77]
 [82]
 [48]
 [50]
 [54]
 [49]
 [55]
 [53]
 [69]]",4,glioma,1,1,1.0,-2.7239323e-05,-3.2961368560791016e-05,False,False
1514,"[[77]
 [82]
 [48]
 [50]
 [54]
 [49]
 [55]
 [53]
 [69]]",4,glioma,1,1,1.0,-2.1457672e-06,-5.960464477539062e-07,False,False
1515,"[[77]
 [82]
 [48]
 [52]
 [48]
 [50]
 [52]
 [48]
 [67]]",4,glioma,1,1,1.0,-0.0003490448,0.006691694259643555,False,False
1516,"[[77]
 [82]
 [48]
 [52]
 [48]
 [50]
 [52]
 [48]
 [67]]",4,glioma,1,1,1.0,5.3048134e-06,-4.76837158203125e-07,False,False
1517,"[[77]
 [82]
 [48]
 [52]
 [48]
 [50]
 [52]
 [48]
 [67]]",4,glioma,1,1,1.0,0.00010919571,-3.463029861450195e-05,False,False
1518,"[[77]
 [82]
 [48]
 [52]
 [48]
 [50]
 [52]
 [48]
 [67]]",4,glioma,1,1,1.0,0.00013709068,-0.0004177689552307129,False,False
1519,"[[77]
 [82]
 [48]
 [52]
 [48]
 [50]
 [52]
 [48]
 [67]]",4,glioma,1,1,1.0,-0.00011152029,0.0005038976669311523,False,False
1520,"[[77]
 [82]
 [48]
 [52]
 [48]
 [50]
 [52]
 [48]
 [67]]",4,glioma,1,1,,-0.00027942657,,False,
1521,"[[77]
 [82]
 [48]
 [52]
 [48]
 [50]
 [52]
 [48]
 [67]]",4,glioma,1,1,,0.00028431416,,False,
1522,"[[77]
 [82]
 [48]
 [52]
 [48]
 [50]
 [52]
 [48]
 [67]]",4,glioma,1,1,1.0,-0.0008132458,-0.0019091367721557617,False,False
1524,"[[77]
 [82]
 [48]
 [52]
 [48]
 [50]
 [52]
 [48]
 [67]]",4,glioma,1,1,,6.8068504e-05,,False,
1525,"[[77]
 [82]
 [48]
 [52]
 [48]
 [50]
 [52]
 [48]
 [67]]",4,glioma,1,1,,-0.0041260123,,False,
1526,"[[77]
 [82]
 [48]
 [52]
 [48]
 [50]
 [52]
 [48]
 [67]]",4,glioma,1,1,1.0,-0.00045406818,-0.00011324882507324219,False,False
1527,"[[77]
 [82]
 [48]
 [52]
 [48]
 [50]
 [52]
 [48]
 [68]]",4,glioma,1,1,1.0,-0.00028383732,-0.00011831521987915039,False,False
1528,"[[77]
 [82]
 [48]
 [52]
 [48]
 [50]
 [52]
 [48]
 [68]]",4,glioma,1,1,1.0,-2.4855137e-05,4.118680953979492e-05,False,False
1529,"[[77]
 [82]
 [48]
 [52]
 [48]
 [50]
 [52]
 [48]
 [68]]",4,glioma,1,1,1.0,0.0,0.0,False,False
1530,"[[77]
 [82]
 [48]
 [52]
 [48]
 [50]
 [52]
 [48]
 [68]]",4,glioma,1,1,,-0.0001039505,,False,
1531,"[[77]
 [82]
 [48]
 [52]
 [48]
 [50]
 [52]
 [48]
 [68]]",4,glioma,1,1,1.0,-9.530783e-05,-6.669759750366211e-05,False,False
1532,"[[77]
 [82]
 [48]
 [52]
 [48]
 [50]
 [52]
 [48]
 [68]]",4,glioma,1,1,1.0,-0.00030761957,8.821487426757812e-05,False,False
1533,"[[77]
 [82]
 [48]
 [52]
 [48]
 [50]
 [52]
 [48]
 [68]]",4,glioma,1,1,,-1.66893e-05,,False,
1535,"[[77]
 [82]
 [48]
 [52]
 [48]
 [50]
 [52]
 [48]
 [68]]",4,glioma,1,1,,-7.1942806e-05,,False,
1536,"[[77]
 [82]
 [48]
 [52]
 [48]
 [50]
 [52]
 [48]
 [68]]",4,glioma,1,1,,-5.1617622e-05,,False,
1537,"[[77]
 [82]
 [48]
 [52]
 [48]
 [50]
 [52]
 [48]
 [68]]",4,glioma,1,1,,-5.7399273e-05,,False,
1538,"[[77]
 [82]
 [48]
 [52]
 [48]
 [50]
 [52]
 [48]
 [68]]",4,glioma,1,1,1.0,1.0728836e-06,-5.960464477539063e-08,False,False
1545,"[[49]
 [48]
 [50]
 [52]
 [52]
 [54]]",4,meningioma,0,0,0.0,-0.0027998686,-0.0001710653305053711,False,False
1550,"[[77]
 [82]
 [48]
 [50]
 [57]
 [50]
 [48]
 [57]
 [73]]",4,glioma,1,1,1.0,-1.7285347e-06,-1.7285346984863281e-06,False,False
1551,"[[77]
 [82]
 [48]
 [50]
 [57]
 [50]
 [48]
 [57]
 [73]]",4,glioma,1,1,1.0,-6.1392784e-06,-5.960464477539063e-08,False,False
1552,"[[77]
 [82]
 [48]
 [50]
 [57]
 [50]
 [48]
 [57]
 [73]]",4,glioma,1,1,1.0,-1.8179417e-05,-1.2636184692382812e-05,False,False
1553,"[[77]
 [82]
 [48]
 [50]
 [57]
 [50]
 [48]
 [57]
 [73]]",4,glioma,1,1,1.0,3.993511e-06,-3.5762786865234375e-06,False,False
1554,"[[77]
 [82]
 [48]
 [50]
 [57]
 [50]
 [48]
 [57]
 [73]]",4,glioma,1,1,1.0,3.1590462e-06,-9.5367431640625e-07,False,False
1555,"[[77]
 [82]
 [48]
 [50]
 [57]
 [50]
 [48]
 [57]
 [73]]",4,glioma,1,1,1.0,-9.536743e-07,-3.5762786865234375e-07,False,False
1558,"[[77]
 [82]
 [48]
 [50]
 [57]
 [50]
 [48]
 [57]
 [73]]",4,glioma,1,1,1.0,2.3245811e-06,-8.344650268554688e-07,False,False
1559,"[[77]
 [82]
 [48]
 [50]
 [57]
 [50]
 [48]
 [57]
 [73]]",4,glioma,1,1,1.0,0.00017416477,8.577108383178711e-05,False,False
1560,"[[77]
 [82]
 [48]
 [50]
 [57]
 [50]
 [48]
 [57]
 [73]]",4,glioma,1,1,1.0,0.018420577,0.04809212684631348,False,False
1569,"[[77]
 [82]
 [48]
 [52]
 [56]
 [50]
 [57]
 [55]]",4,glioma,1,1,1.0,3.4034252e-05,-2.384185791015625e-06,False,False
1570,"[[77]
 [82]
 [48]
 [52]
 [56]
 [50]
 [57]
 [55]]",4,glioma,1,1,1.0,6.020069e-06,0.0,False,False
1571,"[[77]
 [82]
 [48]
 [52]
 [56]
 [50]
 [57]
 [55]]",4,glioma,1,1,1.0,0.00030088425,-1.430511474609375e-06,False,False
1572,"[[77]
 [82]
 [48]
 [52]
 [56]
 [50]
 [57]
 [55]]",4,glioma,1,1,1.0,0.0002566576,0.00017690658569335938,False,False
1573,"[[77]
 [82]
 [48]
 [52]
 [56]
 [50]
 [57]
 [55]]",4,glioma,1,1,1.0,0.00012844801,-1.5497207641601562e-06,False,False
1574,"[[77]
 [82]
 [48]
 [52]
 [56]
 [50]
 [57]
 [52]
 [66]]",4,glioma,1,1,1.0,0.00022763014,-0.00032597780227661133,False,False
1575,"[[77]
 [82]
 [48]
 [52]
 [56]
 [50]
 [57]
 [52]
 [66]]",4,glioma,1,1,1.0,0.018476784,0.002155900001525879,False,False
1576,"[[77]
 [82]
 [48]
 [52]
 [56]
 [50]
 [57]
 [52]
 [66]]",4,glioma,1,1,1.0,0.00073480606,-6.35981559753418e-05,False,False
1577,"[[77]
 [82]
 [48]
 [52]
 [56]
 [50]
 [57]
 [52]
 [66]]",4,glioma,1,1,1.0,6.055832e-05,1.430511474609375e-06,False,False
1578,"[[77]
 [82]
 [48]
 [52]
 [56]
 [50]
 [57]
 [52]
 [66]]",4,glioma,1,1,1.0,1.4305115e-06,-1.1324882507324219e-06,False,False
1579,"[[49]
 [48]
 [50]
 [55]
 [49]
 [52]]",4,meningioma,0,1,0.0,0.09490302,0.003388047218322754,True,False
1586,"[[77]
 [82]
 [48]
 [52]
 [56]
 [57]
 [52]
 [52]]",4,glioma,1,1,1.0,3.9756298e-05,-1.2516975402832031e-06,False,False
1587,"[[77]
 [82]
 [48]
 [52]
 [56]
 [57]
 [52]
 [52]]",4,glioma,1,1,1.0,-3.6358833e-06,0.0,False,False
1588,"[[77]
 [82]
 [48]
 [52]
 [56]
 [57]
 [52]
 [52]]",4,glioma,1,1,1.0,-2.1457672e-06,-5.960464477539063e-08,False,False
1589,"[[77]
 [82]
 [48]
 [52]
 [56]
 [57]
 [52]
 [52]]",4,glioma,1,1,1.0,-4.172325e-06,-1.6689300537109375e-06,False,False
1590,"[[49]
 [48]
 [50]
 [55]
 [49]
 [52]]",4,meningioma,0,0,0.0,-0.05883956,0.015218973159790039,False,False
1591,"[[77]
 [82]
 [48]
 [52]
 [56]
 [57]
 [52]
 [52]]",4,glioma,1,1,1.0,7.2717667e-06,-8.344650268554688e-07,False,False
1592,"[[77]
 [82]
 [48]
 [52]
 [56]
 [57]
 [52]
 [52]]",4,glioma,1,1,1.0,1.2516975e-06,-1.7881393432617188e-07,False,False
1593,"[[77]
 [82]
 [48]
 [52]
 [56]
 [57]
 [52]
 [52]]",4,glioma,1,1,1.0,2.4437904e-06,1.9073486328125e-06,False,False
1594,"[[77]
 [82]
 [48]
 [52]
 [56]
 [57]
 [52]
 [52]]",4,glioma,1,1,1.0,0.0,5.960464477539063e-08,False,False
1595,"[[77]
 [82]
 [48]
 [52]
 [56]
 [57]
 [52]
 [52]]",4,glioma,1,1,1.0,-5.9604645e-08,-5.960464477539063e-08,False,False
1601,"[[49]
 [48]
 [50]
 [55]
 [49]
 [52]]",4,meningioma,0,1,0.0,0.43403083,0.03357475996017456,True,False
1635,"[[77]
 [82]
 [48]
 [51]
 [54]
 [52]
 [57]
 [54]
 [66]]",4,glioma,1,1,1.0,-5.9604645e-08,-3.5762786865234375e-06,False,False
1636,"[[77]
 [82]
 [48]
 [51]
 [54]
 [52]
 [57]
 [54]
 [66]]",4,glioma,1,1,1.0,1.6093254e-06,1.049041748046875e-05,False,False
1637,"[[77]
 [82]
 [48]
 [51]
 [54]
 [52]
 [57]
 [54]
 [66]]",4,glioma,1,1,1.0,8.761883e-06,0.0,False,False
1638,"[[77]
 [82]
 [48]
 [51]
 [54]
 [52]
 [57]
 [54]
 [66]]",4,glioma,1,1,1.0,5.2452087e-06,1.5497207641601562e-06,False,False
1639,"[[77]
 [82]
 [48]
 [51]
 [54]
 [52]
 [57]
 [54]
 [66]]",4,glioma,1,1,1.0,-3.695488e-06,3.314018249511719e-05,False,False
1640,"[[77]
 [82]
 [48]
 [51]
 [54]
 [52]
 [57]
 [54]
 [66]]",4,glioma,1,1,1.0,-2.3841858e-07,-1.1920928955078125e-07,False,False
1666,"[[77]
 [82]
 [48]
 [50]
 [54]
 [49]
 [55]
 [53]
 [69]]",4,glioma,1,1,1.0,-5.9604645e-08,0.0,False,False
1669,"[[77]
 [82]
 [48]
 [50]
 [54]
 [49]
 [55]
 [53]
 [69]]",4,glioma,1,1,1.0,0.0,0.0,False,False
1670,"[[77]
 [82]
 [48]
 [50]
 [54]
 [49]
 [55]
 [53]
 [69]]",4,glioma,1,1,1.0,0.0,0.0,False,False
1671,"[[77]
 [82]
 [48]
 [50]
 [54]
 [49]
 [55]
 [53]
 [69]]",4,glioma,1,1,1.0,-5.9604645e-08,0.0,False,False
1672,"[[77]
 [82]
 [48]
 [50]
 [54]
 [49]
 [55]
 [53]
 [69]]",4,glioma,1,1,1.0,-1.7881393e-07,2.980232238769531e-07,False,False
1673,"[[77]
 [82]
 [48]
 [50]
 [54]
 [49]
 [55]
 [53]
 [69]]",4,glioma,1,1,1.0,-4.7683716e-07,5.960464477539063e-08,False,False
1674,"[[77]
 [82]
 [48]
 [50]
 [54]
 [49]
 [55]
 [53]
 [69]]",4,glioma,1,1,1.0,-1.66893e-06,-1.7285346984863281e-06,False,False
1675,"[[77]
 [82]
 [48]
 [50]
 [54]
 [49]
 [55]
 [53]
 [69]]",4,glioma,1,1,1.0,-5.9604645e-08,-2.384185791015625e-07,False,False
1676,"[[77]
 [82]
 [48]
 [50]
 [54]
 [49]
 [55]
 [53]
 [69]]",4,glioma,1,1,1.0,-5.3048134e-06,-5.960464477539062e-07,False,False
1677,"[[77]
 [82]
 [48]
 [50]
 [54]
 [49]
 [55]
 [53]
 [69]]",4,glioma,1,1,1.0,-5.9604645e-08,-5.960464477539063e-08,False,False
1678,"[[77]
 [82]
 [48]
 [52]
 [48]
 [50]
 [52]
 [48]
 [67]]",4,glioma,1,1,1.0,3.4570694e-06,0.0,False,False
1680,"[[77]
 [82]
 [48]
 [52]
 [48]
 [50]
 [52]
 [48]
 [67]]",4,glioma,1,1,1.0,1.847744e-06,-5.960464477539062e-07,False,False
1681,"[[77]
 [82]
 [48]
 [52]
 [48]
 [50]
 [52]
 [48]
 [67]]",4,glioma,1,1,1.0,5.4061413e-05,-2.0265579223632812e-06,False,False
1682,"[[77]
 [82]
 [48]
 [52]
 [48]
 [50]
 [52]
 [48]
 [67]]",4,glioma,1,1,1.0,0.00016862154,-9.715557098388672e-06,False,False
1683,"[[77]
 [82]
 [48]
 [52]
 [48]
 [50]
 [52]
 [48]
 [67]]",4,glioma,1,1,1.0,0.0,0.0,False,False
1684,"[[77]
 [82]
 [48]
 [52]
 [48]
 [50]
 [52]
 [48]
 [67]]",4,glioma,1,1,1.0,0.0,0.0,False,False
1685,"[[77]
 [82]
 [48]
 [52]
 [48]
 [50]
 [52]
 [48]
 [67]]",4,glioma,1,1,1.0,0.0,0.0,False,False
1686,"[[77]
 [82]
 [48]
 [52]
 [48]
 [50]
 [52]
 [48]
 [67]]",4,glioma,1,1,,-1.1920929e-07,,False,
1687,"[[77]
 [82]
 [48]
 [52]
 [48]
 [50]
 [52]
 [48]
 [67]]",4,glioma,1,1,,3.0994415e-06,,False,
1688,"[[77]
 [82]
 [48]
 [52]
 [48]
 [50]
 [52]
 [48]
 [67]]",4,glioma,1,1,1.0,0.0,1.2516975402832031e-06,False,False
1689,"[[77]
 [82]
 [48]
 [52]
 [48]
 [50]
 [52]
 [48]
 [67]]",4,glioma,1,1,1.0,-9.536743e-07,-2.980232238769531e-07,False,False
1691,"[[77]
 [82]
 [48]
 [52]
 [48]
 [50]
 [52]
 [48]
 [67]]",4,glioma,1,1,,1.1920929e-07,,False,
1692,"[[77]
 [82]
 [48]
 [52]
 [48]
 [50]
 [52]
 [48]
 [67]]",4,glioma,1,1,1.0,1.1324883e-06,1.7881393432617188e-07,False,False
1693,"[[77]
 [82]
 [48]
 [52]
 [48]
 [50]
 [52]
 [48]
 [67]]",4,glioma,1,1,1.0,-1.7881393e-07,0.0,False,False
1694,"[[77]
 [82]
 [48]
 [52]
 [48]
 [50]
 [52]
 [48]
 [67]]",4,glioma,1,1,1.0,-5.9604645e-08,5.960464477539063e-08,False,False
1702,"[[77]
 [82]
 [48]
 [50]
 [57]
 [50]
 [48]
 [57]
 [73]]",4,glioma,1,1,1.0,1.4305115e-06,4.76837158203125e-07,False,False
1703,"[[77]
 [82]
 [48]
 [50]
 [57]
 [50]
 [48]
 [57]
 [73]]",4,glioma,1,1,1.0,6.020069e-06,-4.5299530029296875e-06,False,False
1704,"[[77]
 [82]
 [48]
 [50]
 [57]
 [50]
 [48]
 [57]
 [73]]",4,glioma,1,1,1.0,-2.6583672e-05,-4.553794860839844e-05,False,False
1705,"[[77]
 [82]
 [48]
 [50]
 [57]
 [50]
 [48]
 [57]
 [73]]",4,glioma,1,1,1.0,3.2007694e-05,-2.0444393157958984e-05,False,False
1706,"[[77]
 [82]
 [48]
 [50]
 [57]
 [50]
 [48]
 [57]
 [73]]",4,glioma,1,1,1.0,3.5762787e-06,-0.00011026859283447266,False,False
1707,"[[77]
 [82]
 [48]
 [50]
 [57]
 [50]
 [48]
 [57]
 [73]]",4,glioma,1,1,1.0,3.9339066e-06,1.7881393432617188e-06,False,False
1708,"[[77]
 [82]
 [48]
 [50]
 [57]
 [50]
 [48]
 [57]
 [73]]",4,glioma,1,1,1.0,4.7683716e-07,2.980232238769531e-07,False,False
1709,"[[77]
 [82]
 [48]
 [50]
 [57]
 [50]
 [48]
 [57]
 [73]]",4,glioma,1,1,1.0,6.979704e-05,0.0020796656608581543,False,False
1710,"[[77]
 [82]
 [48]
 [50]
 [57]
 [50]
 [48]
 [57]
 [73]]",4,glioma,1,1,1.0,0.000103235245,0.00026792287826538086,False,False
1711,"[[77]
 [82]
 [48]
 [50]
 [57]
 [50]
 [48]
 [57]
 [73]]",4,glioma,1,1,1.0,0.0,4.76837158203125e-07,False,False
1749,"[[77]
 [82]
 [48]
 [53]
 [49]
 [55]
 [57]
 [54]]",4,glioma,1,1,1.0,-0.013015509,-0.05002331733703613,False,False
1750,"[[77]
 [82]
 [48]
 [53]
 [49]
 [55]
 [57]
 [54]]",4,glioma,1,1,1.0,0.04668629,0.0423315167427063,False,False
1751,"[[77]
 [82]
 [48]
 [53]
 [49]
 [55]
 [57]
 [54]]",4,glioma,1,1,1.0,-0.00024491549,0.0008282065391540527,False,False
1752,"[[77]
 [82]
 [48]
 [53]
 [49]
 [55]
 [57]
 [54]]",4,glioma,1,1,1.0,0.04222107,-0.002952098846435547,False,False
1753,"[[77]
 [82]
 [48]
 [53]
 [49]
 [55]
 [57]
 [54]]",4,glioma,1,1,1.0,-4.1484833e-05,-0.00011271238327026367,False,False
1754,"[[77]
 [82]
 [48]
 [53]
 [49]
 [55]
 [57]
 [54]]",4,glioma,1,1,1.0,-1.0788441e-05,-2.2649765014648438e-06,False,False
1763,"[[77]
 [82]
 [48]
 [53]
 [49]
 [55]
 [57]
 [54]
 [66]]",4,glioma,1,1,1.0,0.000115931034,-1.4543533325195312e-05,False,False
1764,"[[77]
 [82]
 [48]
 [53]
 [49]
 [55]
 [57]
 [54]
 [66]]",4,glioma,1,1,1.0,0.00088846684,-0.00020301342010498047,False,False
1765,"[[77]
 [82]
 [48]
 [53]
 [49]
 [55]
 [57]
 [54]
 [66]]",4,glioma,1,1,1.0,-0.0003349185,-0.0009372234344482422,False,False
1842,"[[77]
 [82]
 [48]
 [50]
 [57]
 [50]
 [48]
 [57]
 [69]]",4,glioma,1,1,1.0,8.881092e-06,1.4841556549072266e-05,False,False
1843,"[[77]
 [82]
 [48]
 [50]
 [57]
 [50]
 [48]
 [57]
 [69]]",4,glioma,1,1,1.0,1.758337e-05,2.4437904357910156e-06,False,False
1844,"[[77]
 [82]
 [48]
 [50]
 [57]
 [50]
 [48]
 [57]
 [69]]",4,glioma,1,1,1.0,4.7683716e-07,1.5497207641601562e-06,False,False
1846,"[[77]
 [82]
 [48]
 [50]
 [57]
 [50]
 [48]
 [57]
 [69]]",4,glioma,1,1,1.0,4.172325e-07,-2.980232238769531e-07,False,False
1847,"[[77]
 [82]
 [48]
 [50]
 [57]
 [50]
 [48]
 [57]
 [69]]",4,glioma,1,1,1.0,-1.3709068e-06,3.635883331298828e-06,False,False
1848,"[[77]
 [82]
 [48]
 [50]
 [57]
 [50]
 [48]
 [57]
 [69]]",4,glioma,1,1,1.0,1.4305115e-06,7.748603820800781e-07,False,False
1849,"[[77]
 [82]
 [48]
 [50]
 [57]
 [50]
 [48]
 [57]
 [69]]",4,glioma,1,1,1.0,0.0,0.0,False,False
1868,"[[77]
 [82]
 [48]
 [50]
 [52]
 [55]
 [56]
 [48]
 [68]]",4,glioma,1,1,1.0,1.1920929e-06,-2.980232238769531e-07,False,False
1869,"[[77]
 [82]
 [48]
 [50]
 [52]
 [55]
 [56]
 [48]
 [68]]",4,glioma,1,1,1.0,0.0,0.0,False,False
1870,"[[77]
 [82]
 [48]
 [51]
 [56]
 [52]
 [54]
 [57]]",4,glioma,1,1,1.0,-7.122755e-05,6.318092346191406e-06,False,False
1871,"[[77]
 [82]
 [48]
 [51]
 [56]
 [52]
 [54]
 [57]]",4,glioma,1,1,1.0,-7.56979e-06,9.5367431640625e-07,False,False
1872,"[[77]
 [82]
 [48]
 [51]
 [56]
 [52]
 [54]
 [57]]",4,glioma,1,1,1.0,-1.7285347e-05,-3.5762786865234375e-07,False,False
1873,"[[77]
 [82]
 [48]
 [51]
 [56]
 [52]
 [54]
 [57]]",4,glioma,1,1,1.0,-2.8908253e-05,0.0002402663230895996,False,False
1874,"[[77]
 [82]
 [48]
 [51]
 [56]
 [52]
 [54]
 [57]]",4,glioma,1,1,1.0,2.861023e-06,-1.0371208190917969e-05,False,False
1875,"[[77]
 [82]
 [48]
 [51]
 [56]
 [52]
 [54]
 [57]]",4,glioma,1,1,1.0,-4.827976e-06,-1.6093254089355469e-06,False,False
1878,"[[49]
 [48]
 [52]
 [49]
 [54]
 [55]]",4,meningioma,0,0,0.0,-0.006783426,-0.022523343563079834,False,False
1890,"[[49]
 [48]
 [52]
 [49]
 [54]
 [55]]",4,meningioma,0,0,0.0,-0.01485008,0.033327460289001465,False,False
1901,"[[49]
 [48]
 [52]
 [49]
 [54]
 [55]]",4,meningioma,0,0,0.0,0.026038885,-0.05479443073272705,False,False
1912,"[[49]
 [48]
 [52]
 [49]
 [54]
 [55]]",4,meningioma,0,0,0.0,-0.016048133,0.005175113677978516,False,False
1923,"[[49]
 [48]
 [52]
 [49]
 [54]
 [55]]",4,meningioma,0,0,0.0,-0.050461113,0.02512305974960327,False,False
1925,"[[77]
 [82]
 [48]
 [50]
 [57]
 [50]
 [48]
 [57]
 [69]]",4,glioma,1,1,1.0,-0.008761644,0.019985735416412354,False,False
1926,"[[77]
 [82]
 [48]
 [50]
 [57]
 [50]
 [48]
 [57]
 [69]]",4,glioma,1,1,1.0,0.0009801388,0.0001817941665649414,False,False
1927,"[[77]
 [82]
 [48]
 [50]
 [57]
 [50]
 [48]
 [57]
 [69]]",4,glioma,1,1,1.0,0.08240837,-0.01964801549911499,False,False
1928,"[[77]
 [82]
 [48]
 [50]
 [57]
 [50]
 [48]
 [57]
 [69]]",4,glioma,1,0,1.0,0.19766733,-0.04585760831832886,True,False
1929,"[[77]
 [82]
 [48]
 [50]
 [57]
 [50]
 [48]
 [57]
 [69]]",4,glioma,1,1,1.0,0.07277304,0.019464612007141113,False,False
1930,"[[77]
 [82]
 [48]
 [50]
 [57]
 [50]
 [48]
 [57]
 [69]]",4,glioma,1,1,1.0,0.036541462,0.0012177824974060059,False,False
1931,"[[77]
 [82]
 [48]
 [50]
 [57]
 [50]
 [48]
 [57]
 [69]]",4,glioma,1,1,1.0,-4.2915344e-06,-9.530782699584961e-05,False,False
1946,"[[77]
 [82]
 [48]
 [50]
 [52]
 [55]
 [56]
 [48]
 [68]]",4,glioma,1,1,1.0,0.072669804,-0.0012842416763305664,False,False
1947,"[[77]
 [82]
 [48]
 [50]
 [52]
 [55]
 [56]
 [48]
 [68]]",4,glioma,1,1,1.0,0.00035852194,-9.655952453613281e-05,False,False
1948,"[[77]
 [82]
 [48]
 [50]
 [52]
 [55]
 [56]
 [48]
 [68]]",4,glioma,1,1,1.0,0.0008061528,6.961822509765625e-05,False,False
1949,"[[77]
 [82]
 [48]
 [51]
 [56]
 [52]
 [54]
 [57]]",4,glioma,1,1,1.0,0.0008790493,2.467632293701172e-05,False,False
1950,"[[77]
 [82]
 [48]
 [51]
 [56]
 [52]
 [54]
 [57]]",4,glioma,1,1,1.0,0.0047154427,-1.9073486328125e-05,False,False
1951,"[[77]
 [82]
 [48]
 [51]
 [56]
 [52]
 [54]
 [57]]",4,glioma,1,1,1.0,0.0015602112,8.940696716308594e-06,False,False
1952,"[[77]
 [82]
 [48]
 [51]
 [56]
 [52]
 [54]
 [57]]",4,glioma,1,1,1.0,0.0006445646,-5.9485435485839844e-05,False,False
1953,"[[77]
 [82]
 [48]
 [51]
 [56]
 [52]
 [54]
 [57]]",4,glioma,1,1,1.0,-0.00010043383,-7.152557373046875e-06,False,False
2000,"[[49]
 [48]
 [50]
 [55]
 [49]
 [52]]",4,meningioma,0,0,0.0,0.28661114,0.012784361839294434,False,False
2007,"[[77]
 [82]
 [48]
 [51]
 [54]
 [52]
 [57]
 [54]
 [66]]",4,glioma,1,1,1.0,0.0027873516,-0.0002834796905517578,False,False
2008,"[[77]
 [82]
 [48]
 [51]
 [54]
 [52]
 [57]
 [54]
 [66]]",4,glioma,1,1,1.0,0.08842951,0.09905636310577393,False,False
2009,"[[77]
 [82]
 [48]
 [51]
 [54]
 [52]
 [57]
 [54]
 [66]]",4,glioma,1,1,1.0,-0.06206423,0.023681581020355225,False,False
2010,"[[77]
 [82]
 [48]
 [51]
 [54]
 [52]
 [57]
 [54]
 [66]]",4,glioma,1,1,1.0,-0.022382557,-0.0013065934181213379,False,False
2027,"[[77]
 [82]
 [48]
 [52]
 [56]
 [50]
 [57]
 [55]]",4,glioma,1,1,1.0,0.0010096431,0.00020188093185424805,False,False
2028,"[[77]
 [82]
 [48]
 [52]
 [56]
 [50]
 [57]
 [55]]",4,glioma,1,1,1.0,-2.682209e-06,0.0,False,False
2029,"[[77]
 [82]
 [48]
 [52]
 [56]
 [50]
 [57]
 [55]]",4,glioma,1,1,1.0,-0.0077800155,0.0017309188842773438,False,False
2030,"[[77]
 [82]
 [48]
 [52]
 [56]
 [50]
 [57]
 [55]]",4,glioma,1,1,1.0,-0.0033199787,1.2576580047607422e-05,False,False
2032,"[[77]
 [82]
 [48]
 [52]
 [56]
 [50]
 [57]
 [55]]",4,glioma,1,1,1.0,-0.16732526,-0.01655900478363037,False,False
2033,"[[77]
 [82]
 [48]
 [52]
 [56]
 [50]
 [57]
 [55]]",4,glioma,1,1,0.0,-0.4626376,0.01965746283531189,False,True
2035,"[[77]
 [82]
 [48]
 [52]
 [56]
 [50]
 [57]
 [55]]",4,glioma,1,1,1.0,0.00024545193,-1.7642974853515625e-05,False,False
2037,"[[77]
 [82]
 [48]
 [52]
 [56]
 [50]
 [57]
 [52]
 [66]]",4,glioma,1,1,1.0,-0.0020316243,0.0014589428901672363,False,False
2038,"[[77]
 [82]
 [48]
 [52]
 [56]
 [50]
 [57]
 [52]
 [66]]",4,glioma,1,1,1.0,0.10806769,0.029726505279541016,False,False
2039,"[[77]
 [82]
 [48]
 [52]
 [56]
 [50]
 [57]
 [52]
 [66]]",4,glioma,1,1,1.0,0.039560318,0.1855083703994751,False,False
2040,"[[77]
 [82]
 [48]
 [52]
 [56]
 [50]
 [57]
 [52]
 [66]]",4,glioma,1,1,1.0,0.0011820197,3.641843795776367e-05,False,False
2041,"[[77]
 [82]
 [48]
 [52]
 [56]
 [50]
 [57]
 [52]
 [66]]",4,glioma,1,1,1.0,0.20286876,0.0002461671829223633,False,False
2046,"[[77]
 [82]
 [48]
 [52]
 [56]
 [57]
 [52]
 [52]]",4,glioma,1,1,1.0,0.004523754,-0.0006195306777954102,False,False
2047,"[[77]
 [82]
 [48]
 [52]
 [56]
 [57]
 [52]
 [52]]",4,glioma,1,1,1.0,0.085228324,0.0019522905349731445,False,False
2048,"[[77]
 [82]
 [48]
 [52]
 [56]
 [57]
 [52]
 [52]]",4,glioma,1,1,1.0,0.0009793639,0.00032848119735717773,False,False
2049,"[[77]
 [82]
 [48]
 [52]
 [56]
 [57]
 [52]
 [52]]",4,glioma,1,1,1.0,-0.0016850829,0.00024306774139404297,False,False
2050,"[[77]
 [82]
 [48]
 [52]
 [56]
 [57]
 [52]
 [52]]",4,glioma,1,1,1.0,-0.002986908,-0.0003600120544433594,False,False
2051,"[[77]
 [82]
 [48]
 [52]
 [56]
 [57]
 [52]
 [52]]",4,glioma,1,1,1.0,-0.00011014938,-8.225440979003906e-06,False,False
2082,"[[77]
 [82]
 [48]
 [52]
 [57]
 [49]
 [48]
 [52]
 [66]]",4,glioma,1,1,1.0,-7.498264e-05,-3.3974647521972656e-06,False,False
2083,"[[77]
 [82]
 [48]
 [52]
 [57]
 [49]
 [48]
 [52]
 [66]]",4,glioma,1,1,1.0,0.003654778,0.045645296573638916,False,False
2084,"[[77]
 [82]
 [48]
 [52]
 [57]
 [49]
 [48]
 [52]
 [66]]",4,glioma,1,1,1.0,-0.02773285,0.004186749458312988,False,False
2095,"[[77]
 [82]
 [48]
 [50]
 [52]
 [55]
 [56]
 [48]
 [71]]",4,glioma,1,1,1.0,0.0018428564,0.0005110502243041992,False,False
2096,"[[77]
 [82]
 [48]
 [50]
 [52]
 [55]
 [56]
 [48]
 [71]]",4,glioma,1,1,1.0,-0.0019210577,0.0002982616424560547,False,False
2097,"[[77]
 [82]
 [48]
 [50]
 [52]
 [55]
 [56]
 [48]
 [71]]",4,glioma,1,1,1.0,0.007771969,0.004363536834716797,False,False
2098,"[[77]
 [82]
 [48]
 [50]
 [52]
 [55]
 [56]
 [48]
 [71]]",4,glioma,1,1,1.0,0.016109705,0.02030569314956665,False,False
2099,"[[77]
 [82]
 [48]
 [50]
 [52]
 [55]
 [56]
 [48]
 [71]]",4,glioma,1,1,1.0,0.012453496,0.09856504201889038,False,False
2101,"[[77]
 [82]
 [48]
 [50]
 [52]
 [55]
 [56]
 [48]
 [71]]",4,glioma,1,0,1.0,0.532437,0.004817366600036621,True,False
2111,"[[49]
 [48]
 [50]
 [55]
 [49]
 [52]]",4,meningioma,0,2,0.0,0.5961429,-0.004483640193939209,True,False
2119,"[[77]
 [82]
 [48]
 [53]
 [48]
 [55]
 [57]
 [49]
 [66]]",4,glioma,1,1,1.0,0.14734304,0.004855811595916748,False,False
2120,"[[77]
 [82]
 [48]
 [53]
 [48]
 [55]
 [57]
 [49]
 [66]]",4,glioma,1,0,1.0,0.29150617,0.03035980463027954,True,False
2127,"[[77]
 [82]
 [48]
 [53]
 [48]
 [55]
 [57]
 [49]
 [66]]",4,glioma,1,1,1.0,-0.009055138,5.143880844116211e-05,False,False
2128,"[[77]
 [82]
 [48]
 [52]
 [57]
 [48]
 [49]
 [57]
 [67]]",4,glioma,1,1,1.0,-7.1525574e-07,5.328655242919922e-05,False,False
2129,"[[77]
 [82]
 [48]
 [52]
 [57]
 [48]
 [49]
 [57]
 [67]]",4,glioma,1,1,1.0,-3.8146973e-06,1.1265277862548828e-05,False,False
2130,"[[77]
 [82]
 [48]
 [52]
 [57]
 [48]
 [49]
 [57]
 [67]]",4,glioma,1,1,1.0,-6.67572e-06,2.086162567138672e-06,False,False
2131,"[[77]
 [82]
 [48]
 [52]
 [57]
 [48]
 [49]
 [57]
 [67]]",4,glioma,1,1,1.0,-0.00015699863,0.0004608035087585449,False,False
2168,"[[77]
 [82]
 [48]
 [53]
 [49]
 [55]
 [57]
 [54]]",4,glioma,1,1,1.0,0.0015093088,0.0028597116470336914,False,False
2169,"[[77]
 [82]
 [48]
 [53]
 [49]
 [55]
 [57]
 [54]]",4,glioma,1,1,1.0,0.0020534992,0.004544496536254883,False,False
2170,"[[77]
 [82]
 [48]
 [53]
 [49]
 [55]
 [57]
 [54]]",4,glioma,1,1,1.0,0.027640343,0.09128427505493164,False,False
2171,"[[77]
 [82]
 [48]
 [53]
 [49]
 [55]
 [57]
 [54]]",4,glioma,1,1,1.0,-0.005904615,-0.012190699577331543,False,False
2172,"[[77]
 [82]
 [48]
 [53]
 [49]
 [55]
 [57]
 [54]]",4,glioma,1,1,1.0,0.0036441088,-0.0030855536460876465,False,False
2190,"[[77]
 [82]
 [48]
 [53]
 [49]
 [55]
 [57]
 [54]
 [66]]",4,glioma,1,1,1.0,0.0007196665,0.00015145540237426758,False,False
2191,"[[77]
 [82]
 [48]
 [53]
 [49]
 [55]
 [57]
 [54]
 [66]]",4,glioma,1,1,1.0,5.096197e-05,-0.003721773624420166,False,False
2192,"[[77]
 [82]
 [48]
 [53]
 [49]
 [55]
 [57]
 [54]
 [66]]",4,glioma,1,1,1.0,-5.8233738e-05,-0.0020540356636047363,False,False
2193,"[[77]
 [82]
 [48]
 [53]
 [49]
 [55]
 [57]
 [54]
 [66]]",4,glioma,1,1,1.0,0.001921773,0.0007508993148803711,False,False
2194,"[[77]
 [82]
 [48]
 [53]
 [49]
 [55]
 [57]
 [54]
 [66]]",4,glioma,1,1,1.0,0.094165385,0.004963278770446777,False,False
2223,"[[49]
 [48]
 [50]
 [55]
 [49]
 [52]]",4,meningioma,0,0,0.0,0.25230438,0.004228770732879639,False,False
2256,"[[77]
 [82]
 [48]
 [50]
 [57]
 [50]
 [48]
 [57]
 [69]]",4,glioma,1,1,1.0,-0.1385535,-0.06178015470504761,False,False
2271,"[[77]
 [82]
 [48]
 [52]
 [48]
 [50]
 [52]
 [48]
 [67]]",4,glioma,1,1,1.0,1.1205673e-05,0.00012093782424926758,False,False
2272,"[[77]
 [82]
 [48]
 [52]
 [48]
 [50]
 [52]
 [48]
 [67]]",4,glioma,1,1,1.0,0.00011116266,-4.857778549194336e-05,False,False
2273,"[[77]
 [82]
 [48]
 [52]
 [48]
 [50]
 [52]
 [48]
 [67]]",4,glioma,1,1,1.0,2.503395e-06,-9.5367431640625e-07,False,False
2274,"[[77]
 [82]
 [48]
 [52]
 [48]
 [50]
 [52]
 [48]
 [67]]",4,glioma,1,1,1.0,1.9013882e-05,-1.8477439880371094e-06,False,False
2275,"[[77]
 [82]
 [48]
 [52]
 [48]
 [50]
 [52]
 [48]
 [67]]",4,glioma,1,1,1.0,1.04904175e-05,-1.9073486328125e-06,False,False
2276,"[[77]
 [82]
 [48]
 [52]
 [48]
 [50]
 [52]
 [48]
 [68]]",4,glioma,1,1,1.0,0.044253588,8.445978164672852e-05,False,False
2277,"[[77]
 [82]
 [48]
 [52]
 [48]
 [50]
 [52]
 [48]
 [68]]",4,glioma,1,1,1.0,0.08780259,-7.742643356323242e-05,False,False
2286,"[[77]
 [82]
 [48]
 [50]
 [57]
 [50]
 [48]
 [57]
 [73]]",4,glioma,1,1,1.0,-0.0073010325,-0.019151687622070312,False,False
2287,"[[77]
 [82]
 [48]
 [50]
 [57]
 [50]
 [48]
 [57]
 [73]]",4,glioma,1,1,1.0,-0.008204639,-0.01238316297531128,False,False
2288,"[[77]
 [82]
 [48]
 [50]
 [57]
 [50]
 [48]
 [57]
 [73]]",4,glioma,1,1,1.0,-0.007782817,0.07372128963470459,False,False
2291,"[[77]
 [82]
 [48]
 [50]
 [57]
 [50]
 [48]
 [57]
 [73]]",4,glioma,1,1,1.0,0.01449573,0.0015764832496643066,False,False
2292,"[[77]
 [82]
 [48]
 [50]
 [57]
 [50]
 [48]
 [57]
 [73]]",4,glioma,1,1,1.0,0.00018584728,-1.9073486328125e-06,False,False
2293,"[[77]
 [82]
 [48]
 [50]
 [57]
 [50]
 [48]
 [57]
 [73]]",4,glioma,1,1,1.0,1.7881393e-07,-4.76837158203125e-07,False,False
2299,"[[49]
 [48]
 [50]
 [55]
 [49]
 [52]]",4,meningioma,0,0,0.0,0.17390317,-0.00012445449829101562,False,False
2306,"[[49]
 [48]
 [55]
 [50]
 [52]
 [56]]",4,meningioma,0,2,0.0,0.7770761,-0.00010776519775390625,True,False
2308,"[[49]
 [48]
 [55]
 [50]
 [52]
 [56]]",4,meningioma,0,2,0.0,0.59882057,-0.0058446526527404785,True,False
2351,"[[49]
 [49]
 [49]
 [53]
 [51]
 [50]]",4,meningioma,0,0,0.0,0.018707454,-0.00206679105758667,False,False
2352,"[[49]
 [49]
 [49]
 [53]
 [51]
 [50]]",4,meningioma,0,0,0.0,0.13009536,0.017345845699310303,False,False
2353,"[[49]
 [49]
 [49]
 [53]
 [51]
 [50]]",4,meningioma,0,0,0.0,0.091801524,0.006561279296875,False,False
2361,"[[49]
 [49]
 [50]
 [48]
 [54]
 [50]]",4,meningioma,0,0,0.0,0.016337574,0.011059165000915527,False,False
2362,"[[49]
 [49]
 [50]
 [48]
 [54]
 [50]]",4,meningioma,0,1,1.0,0.100913346,0.015377819538116455,True,True
2364,"[[49]
 [49]
 [50]
 [48]
 [54]
 [50]]",4,meningioma,0,0,0.0,0.011623204,0.001676321029663086,False,False
2366,"[[49]
 [49]
 [50]
 [50]
 [53]
 [50]]",4,meningioma,0,0,0.0,0.04017949,0.020103812217712402,False,False
2369,"[[49]
 [49]
 [50]
 [53]
 [53]
 [50]]",4,meningioma,0,0,0.0,0.32380873,-0.010672330856323242,False,False
2371,"[[49]
 [49]
 [50]
 [53]
 [53]
 [50]]",4,meningioma,0,1,0.0,0.39154166,-0.028158366680145264,True,False
2373,"[[49]
 [49]
 [50]
 [53]
 [53]
 [50]]",4,meningioma,0,1,0.0,0.15123984,-0.05952399969100952,True,False
2374,"[[49]
 [49]
 [50]
 [53]
 [53]
 [50]]",4,meningioma,0,0,0.0,0.14225763,-0.03297942876815796,False,False
2454,"[[49]
 [48]
 [52]
 [49]
 [54]
 [55]]",4,meningioma,0,0,0.0,0.08319014,-0.009265422821044922,False,False
2465,"[[49]
 [48]
 [52]
 [49]
 [54]
 [55]]",4,meningioma,0,0,0.0,0.006864667,0.012275934219360352,False,False
2476,"[[49]
 [48]
 [52]
 [49]
 [54]
 [55]]",4,meningioma,0,0,0.0,-0.0419451,-0.06194871664047241,False,False
2483,"[[49]
 [48]
 [50]
 [52]
 [52]
 [54]]",4,meningioma,0,0,0.0,0.03716618,-0.0003566741943359375,False,False
2484,"[[49]
 [48]
 [50]
 [52]
 [52]
 [54]]",4,meningioma,0,0,0.0,-0.0025427938,0.011341333389282227,False,False
2487,"[[49]
 [48]
 [52]
 [49]
 [54]
 [55]]",4,meningioma,0,0,0.0,-0.069797635,-0.06017160415649414,False,False
2489,"[[49]
 [48]
 [50]
 [55]
 [49]
 [52]]",4,meningioma,0,1,0.0,0.09946638,0.0022238492965698242,True,False
2490,"[[49]
 [48]
 [50]
 [55]
 [49]
 [52]]",4,meningioma,0,1,0.0,0.2402924,0.02079153060913086,True,False
2526,"[[49]
 [48]
 [52]
 [54]
 [57]
 [53]]",4,meningioma,0,0,0.0,0.3116138,0.0048364996910095215,False,False
2527,"[[49]
 [48]
 [52]
 [54]
 [57]
 [53]]",4,meningioma,0,0,0.0,0.30217123,-0.03946441411972046,False,False
2528,"[[49]
 [48]
 [52]
 [54]
 [57]
 [53]]",4,meningioma,0,0,0.0,0.2347132,-0.007816791534423828,False,False
2555,"[[49]
 [48]
 [54]
 [55]
 [50]
 [48]]",4,meningioma,0,0,,0.027801216,,False,
2556,"[[49]
 [48]
 [54]
 [55]
 [50]
 [48]]",4,meningioma,0,1,0.0,0.83607167,0.058093905448913574,True,False
2557,"[[49]
 [48]
 [54]
 [55]
 [50]
 [48]]",4,meningioma,0,1,0.0,0.703923,0.0094224214553833,True,False
2567,"[[49]
 [48]
 [55]
 [50]
 [52]
 [56]]",4,meningioma,0,2,0.0,0.71488816,-0.0015568137168884277,True,False
2568,"[[49]
 [48]
 [55]
 [50]
 [52]
 [56]]",4,meningioma,0,2,0.0,0.8725501,0.04023236036300659,True,False
2569,"[[49]
 [48]
 [55]
 [50]
 [52]
 [56]]",4,meningioma,0,2,0.0,0.9325582,0.015537738800048828,True,False
2570,"[[49]
 [48]
 [55]
 [50]
 [52]
 [56]]",4,meningioma,0,2,0.0,0.472336,-0.02806788682937622,True,False
2571,"[[49]
 [48]
 [55]
 [50]
 [52]
 [56]]",4,meningioma,0,2,0.0,0.6038189,-0.002344369888305664,True,False
2609,"[[53]
 [56]
 [51]
 [57]
 [50]]",4,pituitary,2,2,2.0,-0.0028387308,-8.553266525268555e-05,False,False
2613,"[[49]
 [49]
 [49]
 [53]
 [51]
 [50]]",4,meningioma,0,0,0.0,0.0055422187,-0.009052157402038574,False,False
2614,"[[49]
 [49]
 [49]
 [53]
 [51]
 [50]]",4,meningioma,0,0,0.0,-0.008980572,0.05170339345932007,False,False
2615,"[[49]
 [49]
 [49]
 [53]
 [51]
 [50]]",4,meningioma,0,0,0.0,0.00790292,0.0007427334785461426,False,False
2625,"[[49]
 [49]
 [50]
 [48]
 [54]
 [50]]",4,meningioma,0,0,0.0,-0.030353129,0.009573519229888916,False,False
2626,"[[49]
 [49]
 [50]
 [48]
 [54]
 [50]]",4,meningioma,0,0,0.0,-0.04461074,-0.005460500717163086,False,False
2628,"[[49]
 [49]
 [50]
 [50]
 [53]
 [50]]",4,meningioma,0,0,0.0,0.005271077,-0.019826650619506836,False,False
2634,"[[49]
 [49]
 [50]
 [53]
 [53]
 [50]]",4,meningioma,0,1,0.0,0.3752562,0.12958359718322754,True,False
2637,"[[49]
 [49]
 [50]
 [53]
 [53]
 [50]]",4,meningioma,0,0,0.0,-0.03819239,-0.02159494161605835,False,False
2797,"[[49]
 [48]
 [49]
 [48]
 [50]
 [48]]",4,glioma,1,1,1.0,0.033053994,-0.012056469917297363,False,False
2841,"[[57]
 [48]
 [50]
 [56]
 [52]]",4,glioma,1,1,1.0,-0.022720933,0.0012014508247375488,False,False
2844,"[[57]
 [48]
 [50]
 [56]
 [52]]",4,glioma,1,1,1.0,0.02251476,-0.0019722580909729004,False,False
2845,"[[57]
 [48]
 [50]
 [56]
 [52]]",4,glioma,1,1,1.0,0.051595867,-0.00396496057510376,False,False
2846,"[[57]
 [48]
 [50]
 [56]
 [52]]",4,glioma,1,2,1.0,0.30483526,0.006772041320800781,True,False
2847,"[[57]
 [48]
 [50]
 [56]
 [52]]",4,glioma,1,0,1.0,0.23327266,0.04728037118911743,True,False
2849,"[[57]
 [48]
 [50]
 [56]
 [52]]",4,glioma,1,1,1.0,0.12576118,0.0022453665733337402,False,False
2850,"[[57]
 [48]
 [50]
 [56]
 [52]]",4,glioma,1,1,1.0,0.07728344,-0.05369752645492554,False,False
2865,"[[49]
 [48]
 [54]
 [55]
 [50]
 [48]]",4,meningioma,0,1,0.0,0.27291033,-0.012934267520904541,True,False
2876,"[[49]
 [48]
 [54]
 [55]
 [50]
 [48]]",4,meningioma,0,1,0.0,0.28606302,-0.011724233627319336,True,False
2880,"[[49]
 [48]
 [49]
 [48]
 [50]
 [48]]",4,glioma,1,1,1.0,-0.02973497,0.00046569108963012695,False,False
2883,"[[49]
 [48]
 [49]
 [51]
 [56]
 [52]]",4,glioma,1,1,1.0,0.03872943,0.00044143199920654297,False,False
2887,"[[49]
 [48]
 [54]
 [55]
 [50]
 [48]]",4,meningioma,0,1,0.0,0.21096349,0.07359737157821655,True,False
2898,"[[49]
 [48]
 [54]
 [55]
 [50]
 [48]]",4,meningioma,0,1,0.0,0.30584154,-0.1626717448234558,True,False
2909,"[[49]
 [48]
 [54]
 [55]
 [50]
 [48]]",4,meningioma,0,0,0.0,0.05330676,0.0036652088165283203,False,False
2921,"[[57]
 [48]
 [50]
 [56]
 [52]]",4,glioma,1,1,1.0,0.06031704,0.056648313999176025,False,False
2923,"[[57]
 [48]
 [50]
 [56]
 [52]]",4,glioma,1,1,1.0,0.024167359,0.0009140372276306152,False,False
2924,"[[57]
 [48]
 [50]
 [56]
 [52]]",4,glioma,1,2,1.0,0.43696722,0.034968554973602295,True,False
2925,"[[57]
 [48]
 [50]
 [56]
 [52]]",4,glioma,1,2,1.0,0.5694765,0.01766306161880493,True,False
2928,"[[57]
 [48]
 [50]
 [56]
 [52]]",4,glioma,1,1,1.0,0.42863345,-0.012248992919921875,False,False
2929,"[[57]
 [48]
 [50]
 [56]
 [52]]",4,glioma,1,1,1.0,0.033047855,0.0012404918670654297,False,False
2930,"[[57]
 [48]
 [50]
 [56]
 [52]]",4,glioma,1,2,1.0,0.44137388,0.005236029624938965,True,False
2932,"[[57]
 [48]
 [50]
 [56]
 [52]]",4,glioma,1,2,1.0,0.18125156,-0.0002671480178833008,True,False
2933,"[[57]
 [50]
 [56]
 [57]
 [55]]",4,glioma,1,1,1.0,-0.010839939,-0.014404356479644775,False,False
2934,"[[57]
 [50]
 [56]
 [57]
 [55]]",4,glioma,1,1,1.0,-0.030145407,-0.007417917251586914,False,False
2935,"[[57]
 [51]
 [51]
 [50]
 [57]]",4,glioma,1,1,1.0,0.013624549,0.013280510902404785,False,False
2936,"[[57]
 [51]
 [51]
 [50]
 [57]]",4,glioma,1,1,1.0,0.028463244,-0.000462949275970459,False,False
2937,"[[57]
 [51]
 [51]
 [50]
 [57]]",4,glioma,1,1,1.0,0.06426382,-0.02212125062942505,False,False
2938,"[[57]
 [51]
 [51]
 [50]
 [57]]",4,glioma,1,1,1.0,0.04464096,0.00137251615524292,False,False
2939,"[[57]
 [51]
 [51]
 [50]
 [57]]",4,glioma,1,1,1.0,-0.0029389262,-0.01844179630279541,False,False
2945,"[[57]
 [52]
 [55]
 [51]
 [49]]",4,glioma,1,1,1.0,0.052417338,-0.003263533115386963,False,False
2946,"[[57]
 [52]
 [55]
 [51]
 [49]]",4,glioma,1,1,1.0,0.02077967,0.004116415977478027,False,False
2947,"[[57]
 [52]
 [55]
 [51]
 [49]]",4,glioma,1,1,1.0,-0.029837787,0.00854039192199707,False,False
2952,"[[57]
 [53]
 [49]
 [52]
 [50]]",4,glioma,1,2,1.0,0.40866888,0.06774455308914185,True,False
2955,"[[57]
 [53]
 [49]
 [52]
 [50]]",4,glioma,1,1,,0.0935151,,False,
2956,"[[57]
 [53]
 [49]
 [52]
 [50]]",4,glioma,1,1,1.0,0.046580672,-0.012599349021911621,False,False
2957,"[[57]
 [53]
 [49]
 [52]
 [50]]",4,glioma,1,1,1.0,0.027816534,0.08737838268280029,False,False
2958,"[[57]
 [53]
 [49]
 [52]
 [50]]",4,glioma,1,1,1.0,0.017438233,0.0009363293647766113,False,False
2968,"[[57]
 [56]
 [56]
 [56]
 [57]]",4,glioma,1,1,1.0,0.032133758,-0.01088017225265503,False,False
2969,"[[57]
 [56]
 [56]
 [56]
 [57]]",4,glioma,1,1,1.0,-1.090765e-05,-0.00028580427169799805,False,False
2970,"[[57]
 [56]
 [56]
 [56]
 [57]]",4,glioma,1,1,1.0,0.059161007,0.0025908946990966797,False,False
2971,"[[57]
 [56]
 [56]
 [56]
 [57]]",4,glioma,1,1,1.0,0.08717346,-0.005549013614654541,False,False
2972,"[[57]
 [56]
 [56]
 [56]
 [57]]",4,glioma,1,1,1.0,0.0657801,-0.0014061331748962402,False,False
2973,"[[57]
 [56]
 [56]
 [56]
 [57]]",4,glioma,1,1,1.0,0.016349137,0.010775744915008545,False,False
2987,"[[49]
 [48]
 [55]
 [50]
 [52]
 [56]]",4,meningioma,0,0,0.0,-0.0124053955,-0.030342400074005127,False,False
3015,"[[49]
 [48]
 [56]
 [57]
 [51]
 [49]]",4,pituitary,2,2,2.0,-0.014603734,0.002591252326965332,False,False
3016,"[[49]
 [48]
 [56]
 [57]
 [51]
 [49]]",4,pituitary,2,2,2.0,-0.008786917,0.0008386373519897461,False,False
3017,"[[49]
 [48]
 [56]
 [57]
 [51]
 [49]]",4,pituitary,2,2,2.0,-0.021369457,-0.0009199976921081543,False,False
3031,"[[49]
 [48]
 [55]
 [50]
 [52]
 [56]]",4,meningioma,0,2,0.0,0.48433647,0.0014634132385253906,True,False
