image_id,label,height,width,channels,dtype,raw_sha256,canonical_sha256,patient_id,mask_available
Brain Cancer MRI Dataset/Brain Cancer MRI Dataset/Glioma/1.jpg,glioma,224,224,3,uint8,36a38b536aa348515e8d236aa7f1d3eebbced5e8f0b00f6ac95ad02a2958b95e,7069f1ad93e53d57bf01795d05e73f22e0d90b0c76feee37147f8b0123ff548a,,False
Brain Cancer MRI Dataset/Brain Cancer MRI Dataset/Glioma/100.jpg,glioma,224,224,3,uint8,433d50b5d219773987b8f8b96a8e7c475280cc93891a96753c8cb99e3435b262,6af3fb84dce70419a7ba3e9b5d8203579aaefcd4af79a94cc71e05c0d3e6f522,,False
Brain Cancer MRI Dataset/Brain Cancer MRI Dataset/Glioma/102.jpg,glioma,224,224,1,uint8,db1fcf24ada0be9767760ef42795d21445f137b3fa62cffd2b499e675203f084,fdda5dc5192819d34df0ff9e3534d41cf1eca82929d7448eb60deef225b944a9,,False
Brain Cancer MRI Dataset/Brain Cancer MRI Dataset/Glioma/103.jpg,glioma,224,224,3,uint8,92c1c48c85bac3111d508d86450ffb3e2dd610b99714ace8b418e041ce89ae1a,0bd42e03371874854da0b8a969e33781fb89a8cb2efd4f38dd3bf3c975fdfe7b,,False
Brain Cancer MRI Dataset/Brain Cancer MRI Dataset/Glioma/104.jpg,glioma,224,224,1,uint8,12cde8e33dfcaab1dd21ad493b18c7351514317baf3d16061f109820097da68e,147801d8962665ecdc3e2fd94f1034379b0e77392ff23fce6acf127852df1073,,False
Brain Cancer MRI Dataset/Brain Cancer MRI Dataset/Glioma/105.jpg,glioma,224,224,3,uint8,bff83e41b5fc8c7e4a7f2373f31ac5931459eb2a869c6818758c9658c9afd62c,cffc16827806d878e1fb6a6c7bf76428a354f955237d0c44fa9599a34269c516,,False
Brain Cancer MRI Dataset/Brain Cancer MRI Dataset/Glioma/106.jpg,glioma,224,224,3,uint8,5b5c7a887c8c66d6342a317acea046d4b1bff4198d3deb1d5ea319b5f877d8f3,105c1fe94a72a9996212c766772b6b64b972251ed5f35bd9de1eb9e202578d0b,,False
Brain Cancer MRI Dataset/Brain Cancer MRI Dataset/Glioma/107.jpg,glioma,224,224,3,uint8,2c94a3f41e2ab50aa762966e7dfdc5badb872c2b8860ac30af08ae032b7658b8,97a5d49d877e5adc5da4f33dea601c0e9b8b4aec11edfa61d0cf3a2da0f00104,,False
Brain Cancer MRI Dataset/Brain Cancer MRI Dataset/Glioma/108.jpg,glioma,224,224,3,uint8,bb8d85fec4895024425ee3896a24cc8c0055b9886e974d1c82188bc7e54465c7,64b649380fd2758da14e1c2b84f498e515478cc50d70b5334b9481849f4785b7,,False
Brain Cancer MRI Dataset/Brain Cancer MRI Dataset/Glioma/109.jpg,glioma,224,224,3,uint8,c887ad597fcb6a984b8fb9c731a1990b07da52d4e4a4f19fa80cc2413cd0872d,2e4fd84f30e55d8e6e7109e0316f958a5cad5f1596ebfca64d9bbc3461f6a8a7,,False
Brain Cancer MRI Dataset/Brain Cancer MRI Dataset/Glioma/11.jpg,glioma,224,224,3,uint8,8be2892d59a093e01cd15476d5989b959fd0f652373f043b5f225f428ab6fae6,6e9338004098ba0d471400d392e30b34d3509fe908c9a606287827bea91d6e03,,False
Brain Cancer MRI Dataset/Brain Cancer MRI Dataset/Glioma/110.jpg,glioma,224,224,3,uint8,421b22a26f21a87ad8d38fd532db21a5cc42e38b00a027773f083b184816bccf,a6e5eabf5aca561def9ec24d264367ef9d5f5656d568873c026d07bcec666a7e,,False
Brain Cancer MRI Dataset/Brain Cancer MRI Dataset/Glioma/111.jpg,glioma,224,224,3,uint8,6835500fe544dbeda6c572497d96fcbfb75862c31c3f0ad63204c773a40d827c,86e12b51afdad94d4e1805debfeb9bfda4daf37ac1432280fc5b06782886f8c2,,False
Brain Cancer MRI Dataset/Brain Cancer MRI Dataset/Glioma/112.jpg,glioma,224,224,3,uint8,ec15b76f9f27a9c66a2611b0ae7f8bc93178d0f474cea2fc0c41ef82c793e40c,3790e92498579891ca41aea1361ebf4fbcaddad03c691e9ecc43d90a87e1b5cf,,False
Brain Cancer MRI Dataset/Brain Cancer MRI Dataset/Glioma/113.jpg,glioma,224,224,3,uint8,99ad10ea6536ff3a42ba68bf36fc9215690d4e7b03dbf78979ced6563068463c,082cf96fdc5cc34bec01f9c40d221a707797ae2080afd3e3b0b044afe1a6d4d6,,False
Brain Cancer MRI Dataset/Brain Cancer MRI Dataset/Glioma/114.jpg,glioma,224,224,3,uint8,96875504a8a48246b2198fae5e46d6f110ceab71f4f43b27a63c1dab7a7e5397,38d4a3956ab8a13d4479b74a4cd4c30eec9a3473f5b30bd4548ad7720bd5a8b1,,False
Brain Cancer MRI Dataset/Brain Cancer MRI Dataset/Glioma/115.jpg,glioma,224,224,3,uint8,b07be249d54b9b0028dbc5f07b08ebfaea5bad23c8529bffc445f258167dd438,fe6c74b2beeba5e5a3c3076ba7af4a4a01b14d013289be05a0d5d040bf915e82,,False
Brain Cancer MRI Dataset/Brain Cancer MRI Dataset/Glioma/116.jpg,glioma,224,224,3,uint8,7fdb63df8aff951bdb4313a8f7a6d491946381980af2f48a1a02ccb3b8bb48c7,8e5c52262f082e2adb69571b5ff03b7ecd8f046d8943f802e5abc30cc95bbbac,,False
Brain Cancer MRI Dataset/Brain Cancer MRI Dataset/Glioma/117.jpg,glioma,224,224,3,uint8,d874a2ac2fe914a9f2786c0be5c3069098ecfcf1608656048a64f51d2ddaf57b,517306da831d9f9f9ece3499707c9547f8617de664bbe6f4b5f7f9b79d9b436b,,False
Brain Cancer MRI Dataset/Brain Cancer MRI Dataset/Glioma/118.jpg,glioma,224,224,3,uint8,314a96a7284fd7cd04ec737d9318b94f3f230c43e85ec2c98562f630b53ade47,fa5f234200a6399a9be4603e9bf274f7280b4965e92735d0f2c63b36c45f22f9,,False
Brain Cancer MRI Dataset/Brain Cancer MRI Dataset/Glioma/119.jpg,glioma,224,224,3,uint8,49b7a4e158a690ec05a9de9169f158368ce60e9919ac69cd5223490c59281fd8,d3af44668c34c4868d92bd633854638b4008f658ef363381c8d9aa31191048fe,,False
Brain Cancer MRI Dataset/Brain Cancer MRI Dataset/Glioma/12.jpg,glioma,224,224,3,uint8,974a50b253fefd21e180bd8c898aaddad1edc1b1a7335751dbdaf44cb920fb28,f113e3f5c6e150b3c39f6da426019385902b65c8e91206b4c01ef7182cc065cf,,False
Brain Cancer MRI Dataset/Brain Cancer MRI Dataset/Glioma/120.jpg,glioma,224,224,3,uint8,4be07ec99d49973f4e773a11096726c52d0b762dd61e6ca488876f103ae7db89,420c5443187aa7fdcc70426f3195a794f27264210a8e8ca66e02531244512fcf,,False
Brain Cancer MRI Dataset/Brain Cancer MRI Dataset/Glioma/121.jpg,glioma,224,224,3,uint8,f7277c33e66f8c763c48a5a3d9f1a49fa276e1605c28aca55be9a9e1e763dff3,f91f5d3c7cd4fbbe0f6c8b01d40bca807b4d4cde18f2dcd9e215fad8b2ca2ab8,,False
Brain Cancer MRI Dataset/Brain Cancer MRI Dataset/Glioma/122.jpg,glioma,224,224,3,uint8,8a140e0d6869cde25de48b88c057ef189c8dbc03a89bc568288b2582c31cf654,8e3b3737bfd66efedaa00ddc8fbfeecb202f8586ee2e54eac5230406033de46d,,False
Brain Cancer MRI Dataset/Brain Cancer MRI Dataset/Glioma/123.jpg,glioma,224,224,3,uint8,28897d394878cd37e8826346ba347a46769b169f357e41603c58f4dd235422a5,db4e9b62f7b5462a798aeb4f419b06c1413f695a2aec38debdab00972981009f,,False
Brain Cancer MRI Dataset/Brain Cancer MRI Dataset/Glioma/124.jpg,glioma,224,224,3,uint8,a9f3c370f639263dcb0c854a4e40645172fc78a0cb2a38e61cbbcf40b21fd028,806d51a808d0585ec285f01c770bed00dd5335d8b34f2b3bb5ac272b51e83067,,False
Brain Cancer MRI Dataset/Brain Cancer MRI Dataset/Glioma/125.jpg,glioma,224,224,3,uint8,46534acc7879f37c5895f690b8ddb48f09339e8ba56e924f7bc59093c1b6ca74,22b7f4bd33da9d56c2bc86402dcc433f2142de09fe3306a13dda0e038dbbb8f6,,False
Brain Cancer MRI Dataset/Brain Cancer MRI Dataset/Glioma/126.jpg,glioma,224,224,3,uint8,3e2916ab75734b499b42fadf6c0d6b57352394fabc99538bdd13d18c8976256b,8307f8efceeef238e871bbf6f8fdab918aa81b82ad125eb7cd4708dbb8c6e6ab,,False
Brain Cancer MRI Dataset/Brain Cancer MRI Dataset/Glioma/127.jpg,glioma,224,224,3,uint8,696d6cf835433a021768575b0ab0afe6dc4ee5172ec29afba95ac23d5bd602cb,5cea4d058b8db81fe3579efe3fc50c49d472d9896fc5b683195efbc5c312991b,,False
Brain Cancer MRI Dataset/Brain Cancer MRI Dataset/Glioma/128.jpg,glioma,224,224,3,uint8,b165195eac1f6ea265e5a4ede47f2ce612e0cdca3372b17ccc321db66c172520,72d4ea1dc49823ca9168055896e19106dbb22590f78f3ea4358af75862c881cb,,False
Brain Cancer MRI Dataset/Brain Cancer MRI Dataset/Glioma/129.jpg,glioma,224,224,3,uint8,5eb56dcc64d7a0b0a3db0cf9a7d3329f91cbfd3f4a62a4b1278209d588657560,b768c3e8817d9dc3aacbaf0a3d40c8865deb24a0554a97823b689417525619e5,,False
Brain Cancer MRI Dataset/Brain Cancer MRI Dataset/Glioma/13.jpg,glioma,224,224,3,uint8,4227b7f409e9b7793823f624a2e9726c97d07853aec48190fa982e691ca53827,9b1542ef86611d3e7957f05ec21f72f911cee599351c196c11f7b0f08861f5b6,,False
Brain Cancer MRI Dataset/Brain Cancer MRI Dataset/Glioma/130.jpg,glioma,224,224,3,uint8,c8a9106fbcf201a1e6e7888d3889a7e701f0eee2f612b0527a6878487090c1ad,77d916f47aebb770a5fd0caf56f428c5e271ff6b476a249d84b6219c64da9872,,False
Brain Cancer MRI Dataset/Brain Cancer MRI Dataset/Glioma/131.jpg,glioma,224,224,3,uint8,a4da250000e1adfa7f5aa448c0f3631832f50b8dbd7aacea8a547561bbae67cc,3e77329b9c09c7fc5ebb7583d9e8ea8a61816e1c09310f81d28b0b39c6bfa4f5,,False
Brain Cancer MRI Dataset/Brain Cancer MRI Dataset/Glioma/132.jpg,glioma,224,224,3,uint8,62033b9eeb4c5188aac9e04046c43784642ba634aef91f227fcd7b8ae18eac58,9ddcdf181796b5e52fced154239a7fa8b328b77d2490a38c9b082101b6f11738,,False
Brain Cancer MRI Dataset/Brain Cancer MRI Dataset/Glioma/133.jpg,glioma,224,224,3,uint8,3733b844ba89403befab7c37e496688460d73ef96383a27fe62446ea9cf10151,186b5edcf4fac400e771b79738ce151fde274b7b9188dddca7826a81dac620db,,False
Brain Cancer MRI Dataset/Brain Cancer MRI Dataset/Glioma/134.jpg,glioma,224,224,1,uint8,d3683f3cc5ce00b9691cb26d40a4733d4398c8806ed391910c096d2e90a52b22,491339d049b5b290a37068d11ad5f8a6641d3f9faef320ad6401f443d8ab112e,,False
Brain Cancer MRI Dataset/Brain Cancer MRI Dataset/Glioma/135.jpg,glioma,224,224,3,uint8,9628ed13fa2f26858fa44fb049715d17da1e678ed79b669eca962ea159f4e1b0,62ac3145a82355811ff3475ede49850a5385994c08bf7452bda1c32878c4506e,,False
Brain Cancer MRI Dataset/Brain Cancer MRI Dataset/Glioma/136.jpg,glioma,224,224,3,uint8,efc2cd111031f3df9bb3d2af9dcb69e08a03495d9fc25af24d7e400993e9f31c,f3e405ec3c25c1bc103d8f9a8f55ae356d28a50bd62760fa1c5ab2fc56a1229d,,False
Brain Cancer MRI Dataset/Brain Cancer MRI Dataset/Glioma/137.jpg,glioma,224,224,3,uint8,60d2f059afb753822762fb3866e708408399d5e76de29520af9e5b7e3fa69443,4eca94c3b1fd10188c012fd179120cf43feb315c45cb6b4072b88fb13a178f08,,False
Brain Cancer MRI Dataset/Brain Cancer MRI Dataset/Glioma/138.jpg,glioma,224,224,3,uint8,fa976cb16721cc8cc0c5d391a359e050b9b17db02e2bc655098868ad813f5945,b718673beb8e980ba8d14d2b16e585a4b95e071ce2888c2a7f3d066735002b8e,,False
Brain Cancer MRI Dataset/Brain Cancer MRI Dataset/Glioma/139.jpg,glioma,224,224,3,uint8,9f04f0331e79e9aeb47f9411abb2ea9577e3e1836d0ce580e9d7c59364af0437,5b9156569a1c5ca1c4e678e5c42f5e1ae62a4e7bdfc72c5d282323ac49303d10,,False
Brain Cancer MRI Dataset/Brain Cancer MRI Dataset/Glioma/14.jpg,glioma,224,224,3,uint8,f26a106940b6a86302ebc7b7f69339c39e2439e7a9a4976f0c6d9d94832d29bc,07dad070d4a40e9461be09ea92df2e0f37565be7ef6756a6d8271479739ba820,,False
Brain Cancer MRI Dataset/Brain Cancer MRI Dataset/Glioma/140.jpg,glioma,224,224,3,uint8,937aa8cf4c723dcf54195b42738169bfff1f4194793b15b14acb6f5cc6f95236,b1cdcb22ac3fa8c0b847926e24dc836b2d477a75e8969acc5d081b4fc7cc8a5a,,False
Brain Cancer MRI Dataset/Brain Cancer MRI Dataset/Glioma/141.jpg,glioma,224,224,3,uint8,c07ee2befcdcf51501caa46e3129e0ec85a4038c61a3086fd2d68d73c24fb18a,360af565468c9e28ca0c2d0e7f970bde16ce5a3dbf1eb7ddd53564e6cf33a925,,False
Brain Cancer MRI Dataset/Brain Cancer MRI Dataset/Glioma/142.jpg,glioma,224,224,3,uint8,56380552c0a94c783e0fb3c6d745b255a8effeac73b9368c06a607ae6de45d09,18b8f6a2518c6d1d6acbf092ada8a6b45d991f456a92e73853fa2dfd8047412c,,False
Brain Cancer MRI Dataset/Brain Cancer MRI Dataset/Glioma/143.jpg,glioma,224,224,3,uint8,e2afadd52fe463d22156b1e11668ba45a7485b7ef296492ecbd73987d3ef0499,86ffee09d6c9d38f5a894c3485080821fad6c2b0cebf539410a9029df0e5f98d,,False
Brain Cancer MRI Dataset/Brain Cancer MRI Dataset/Glioma/144.jpg,glioma,224,224,3,uint8,876101f28b0fbc83b79b3e1bbf0c10edbacc400f1a2feabb8eb6bd7cfb68de9b,6d2adfb684e25687b17990b6ac24e5aa6b3a32674931b547ea48ffa9fa084ad2,,False
Brain Cancer MRI Dataset/Brain Cancer MRI Dataset/Glioma/145.jpg,glioma,224,224,3,uint8,e9593a3f027f76c050367cfb324e262ca7510cebb9b962388ed189892fe4ad0f,ea520f9ecfd61c58dc78fd1fbb4ee10b83a74bb1e7e78bad038eabd7b8da9f8a,,False
Brain Cancer MRI Dataset/Brain Cancer MRI Dataset/Glioma/146.jpg,glioma,224,224,3,uint8,eb1e0887bcf84302bb364b384a2757fe7eb19a897d2cfa07443fe52fd3be58e3,b6b21ad31b8c8e6afc95c2fa9d6e2a32b952f1a3318cae9a948202c657a84f66,,False
Brain Cancer MRI Dataset/Brain Cancer MRI Dataset/Glioma/147.jpg,glioma,224,224,3,uint8,45dae269d3d4f75f0bbe46457d7a69933123c44f3f004844e2dd73282104811b,bc225b586cb3bbd237f0842b936aa410060be30303ef09b015159f3d4824aba0,,False
Brain Cancer MRI Dataset/Brain Cancer MRI Dataset/Glioma/148.jpg,glioma,224,224,3,uint8,b7f89ba450898fb5b576a81f8a17422e93c14e18677e3e07fbaffb384efa1051,15a441e7f7b17ae8841f7e81c65765caceecb56ed7090e967c87ff7c74d6b9a5,,False
Brain Cancer MRI Dataset/Brain Cancer MRI Dataset/Glioma/149.jpg,glioma,224,224,3,uint8,809edd064dc230ebe2f6a4f15dc43a3f365f231c67402f2448d8a975658baeb7,e2a65594094bcc82006d5e4748e89e3a02e3f3faec53d21462dca6dff51bc3f3,,False
Brain Cancer MRI Dataset/Brain Cancer MRI Dataset/Glioma/15.jpg,glioma,224,224,3,uint8,ca50007072faa4d228808e589840bfcaeba10707c10de53591e3e617b72cca2c,190adf3a7e401d4d307cd50971df454b70eb2d38ab25f83ac0d04983d0038ee3,,False
Brain Cancer MRI Dataset/Brain Cancer MRI Dataset/Glioma/150.jpg,glioma,224,224,3,uint8,431c7842dd7f98742af0197f85251cb2d15ff312ffc1a16ea43ac554431f7a09,ff4108558559f11054338ce7d4c84983240112e399569f6b4cc84b85c3aa748f,,False
Brain Cancer MRI Dataset/Brain Cancer MRI Dataset/Glioma/151.jpg,glioma,224,224,3,uint8,0d8a960ac7a4f6852dd8041818f3be6e7eef6c7b53de1d8d7f50c396910d4780,86c237fc45ff5cd395ab7ba52a7d7c9087cdb297c34878a8aade365ccfc71b09,,False
Brain Cancer MRI Dataset/Brain Cancer MRI Dataset/Glioma/152.jpg,glioma,224,224,3,uint8,653fca01cd8c8917182d920830cbae64f613bc556b05e17e25560f9ddf1d45c9,a5ef1862f40d885c4a64bd6c5c1264c7dc990a1e580f1218aeaa14d16f293db5,,False
Brain Cancer MRI Dataset/Brain Cancer MRI Dataset/Glioma/153.jpg,glioma,224,224,3,uint8,21cc20a7c237477230a552aea611ae5339288dca3934257915c4e7960964ba04,5ef4907cc84f62296baadfc64b9420be6269ac374be880d59da96e3afda2aaa2,,False
Brain Cancer MRI Dataset/Brain Cancer MRI Dataset/Glioma/154.jpg,glioma,224,224,3,uint8,37f8c580f37676c115bfc0a6a9d450a189e1e7f74cb7cd35f24bc9a4b30f32da,445a014e6079003c3fc877af3cfc7661200ce61e705a83404da48449718a4796,,False
Brain Cancer MRI Dataset/Brain Cancer MRI Dataset/Glioma/155.jpg,glioma,224,224,3,uint8,a06dc0db31146ccfd12bc7667de092b4385443a1a5d7effe1d424d31857272bf,a9a998855dc0a72bfe6699c88777ee0b053144fdbd93f9106329d7580cfa94f3,,False
Brain Cancer MRI Dataset/Brain Cancer MRI Dataset/Glioma/156.jpg,glioma,224,224,3,uint8,fa5b156d163b4884bca5714144b8f43563b78e27772e886d618171c51a499b4f,931772431ea588e0224b7aa54786eb705d34916e2b5783b47a4c4d976143e26f,,False
Brain Cancer MRI Dataset/Brain Cancer MRI Dataset/Glioma/157.jpg,glioma,224,224,3,uint8,dadea487452075880b71485d00d9ba56dfff40741d1a1b15a87ec1bce550d9fc,bd6b2fe066363ab6819a80c8735b8ef343a142a4853751fe8b5d020460d49549,,False
Brain Cancer MRI Dataset/Brain Cancer MRI Dataset/Glioma/158.jpg,glioma,224,224,3,uint8,4c2b8ba5c55f8a5b37bae6394d7acc26ca0870f071d0e215087401ed71465374,ce45ca3f52d69687e77032e616a023475de4bd22ff47b42392ae4a66547de27a,,False
Brain Cancer MRI Dataset/Brain Cancer MRI Dataset/Glioma/159.jpg,glioma,224,224,3,uint8,52e10ef9e598f1e15de5766f016a7d68b1d07d98ee4b1978e643ba1146ac3a11,85b0a56497a68e59a33b8e7c71b1a77b7d6ccba42cfe9fda0212e4f2eee2a4ee,,False
Brain Cancer MRI Dataset/Brain Cancer MRI Dataset/Glioma/16.jpg,glioma,224,224,3,uint8,5e8f2aee550fb48878c43b582405f62bcf97eba3c96d197382bd4097abadbbf0,63327b5cd43735c720408756eda2477bb0914c1fe75bc0d1b13a2c0f6158bf9a,,False
Brain Cancer MRI Dataset/Brain Cancer MRI Dataset/Glioma/160.jpg,glioma,224,224,3,uint8,c53473e1340e85abc45d7d99d7283829a73c73592fe09c6585fa3e8e382a9c9a,d97b0f682c63f97771b93d26a73273e8ea07403f48b86d617fece3d5ce966cd9,,False
Brain Cancer MRI Dataset/Brain Cancer MRI Dataset/Glioma/161.jpg,glioma,224,224,3,uint8,e57da9cc4367814b23c2b99eada7312c2da74f116e0dbc39ae98b108b969434c,a63ec305e0e9a1e1dc378124f0731bbdd6c4a0b481aa0a30bf7f3b03395322ef,,False
Brain Cancer MRI Dataset/Brain Cancer MRI Dataset/Glioma/162.jpg,glioma,224,224,3,uint8,4787d32da07bdf385650d7b1e2c55f71e2672579e4eb594ad7854406fb39a61c,4920fe6e471e7a43c38584a8179616b2b2f35d5f2f39d103bf9da738ed6e3e4a,,False
Brain Cancer MRI Dataset/Brain Cancer MRI Dataset/Glioma/163.jpg,glioma,224,224,3,uint8,a83e46e0a06bf758d049b6e80a28e97342feeab2688c5b640b7e4533fe1ac9d1,e8a0afb84ab6940f42713f204c6c7d920a137adfb8a775363b3a7f2cf22a115b,,False
Brain Cancer MRI Dataset/Brain Cancer MRI Dataset/Glioma/164.jpg,glioma,224,224,3,uint8,cf1f9c6f993a55342f36c2f8c97bff03fce4cc479ab89e956377ef34b813ba96,362f982e8de5c43f4fa662079e578d5c17dcb28c305412f8594582ff2db62f68,,False
Brain Cancer MRI Dataset/Brain Cancer MRI Dataset/Glioma/165.jpg,glioma,224,224,3,uint8,c81f0d2bb198c94dad24e610561e3bf4cb1e87f265f2948e31929398bc35666a,3467f5ad89d93d68ad794c1b699a5cb8be8251f6b8bfddba068347a2fa229b3f,,False
Brain Cancer MRI Dataset/Brain Cancer MRI Dataset/Glioma/166.jpg,glioma,224,224,1,uint8,3d9ca7702d7567c691f11c0b9ad9861ebedbcc6f25422fc24ca1afbd928e79ed,78ba76efb9f3ee43b5ff58504c3a502ac478b8e2bcfae95364dcfd9079b48eb4,,False
Brain Cancer MRI Dataset/Brain Cancer MRI Dataset/Glioma/167.jpg,glioma,224,224,3,uint8,46d316c707287d49ac0c051eeb48b2f9c240424f13ef16b66f927185f8c04478,8ac84dd6fd01114f209e0963fc829b2753fac2cebcfbcf1a74e495feee43c84b,,False
Brain Cancer MRI Dataset/Brain Cancer MRI Dataset/Glioma/168.jpg,glioma,224,224,3,uint8,09b7aab3381cd42e3b39e58432880c01e6015e96ea2eae96b56ee5c27b6db036,37c7350b63c90be59eb7a480e9f5fafc7c3b7b319d941a7315f09ae484785cb1,,False
Brain Cancer MRI Dataset/Brain Cancer MRI Dataset/Glioma/169.jpg,glioma,224,224,3,uint8,3a8c463b1b8bc501e7ac789dd7bf3cabc93372284fcf5c95931bd21c0198f22c,3fc7b25807d626f81ce633fcf9c2beed76d347158ddb3ca3236c614c22e532e5,,False
Brain Cancer MRI Dataset/Brain Cancer MRI Dataset/Glioma/17.jpg,glioma,224,224,1,uint8,0ceba9f020797ae7c66ad101052368f77e60c9985432a6947e5532fd15d9b948,7fb0552fc7a1651ebfe0c2d45c266ead5215ee1a8d376c259a9d8602da686f3a,,False
Brain Cancer MRI Dataset/Brain Cancer MRI Dataset/Glioma/170.jpg,glioma,224,224,3,uint8,e5b2c42043b46d7fc1960bbfa564be696fa65d9c3415e70daa03246c1ea187fb,e35dbb57cf9a2f25c66902b6e8c8653b90e141d234757213914938458cadfeb6,,False
Brain Cancer MRI Dataset/Brain Cancer MRI Dataset/Glioma/171.jpg,glioma,224,224,3,uint8,3554541a3e554a42b39599772c6e7d1c44899bf28591087234282bcbf99de796,e1d5e4baef5d1094187c0287add4432cac0afd43d8d30b3c9e637716c38097dd,,False
Brain Cancer MRI Dataset/Brain Cancer MRI Dataset/Glioma/172.jpg,glioma,224,224,3,uint8,315b5c59472f39dd9082afa376736a16cc79e555c575a7ca939282a1bc77b347,993ea6efc0256e11a9e51755480fdedbb0801ff77e12ecab331e5a44ecf922d6,,False
Brain Cancer MRI Dataset/Brain Cancer MRI Dataset/Glioma/173.jpg,glioma,224,224,3,uint8,c2a752386cf447a1956b3359d22f2f395337f6eb1f0425d77452170e7dbf1ae7,cb9c7b9608fd15efb7ef7097b2c3348dc8e54fb120772e8804d5be2998f5817d,,False
Brain Cancer MRI Dataset/Brain Cancer MRI Dataset/Glioma/174.jpg,glioma,224,224,3,uint8,d60ee0845247d753509f3b0871b7c49db5301ae6704d2cf1ab5387179efac071,6e247eb83a9b7c44ea49f23f015648a728059513d2c658504871c85b3555b60d,,False
Brain Cancer MRI Dataset/Brain Cancer MRI Dataset/Glioma/175.jpg,glioma,224,224,3,uint8,7ed7a33fea62711f370927e523a0343263247241e7070b6f61539b6ed4b34c10,f296fb64261e8cc9d00388216facd7d084c8c753c85c6ac71ace7de8593a0431,,False
Brain Cancer MRI Dataset/Brain Cancer MRI Dataset/Glioma/176.jpg,glioma,224,224,3,uint8,0c7ef217a37c7b646c1dfbb22340c9727b3fa7fd439f4166f61dcc9d2296f5ce,a04d2a42245b29ab36219d3d8bf67868b3e63844d29a72d0f087b2bc7df163a7,,False
Brain Cancer MRI Dataset/Brain Cancer MRI Dataset/Glioma/177.jpg,glioma,224,224,3,uint8,89dddb958f03ee04680b238fbb9384507554e50f613b29ff31c14815fadcbb07,068b8c61c1bc863f607f78e3f9536f9fb1dd4a8ff9efa846129b925a146e2738,,False
Brain Cancer MRI Dataset/Brain Cancer MRI Dataset/Glioma/178.jpg,glioma,224,224,3,uint8,478391ea04e181961edd59ab1c6415880062ca941fa44a63a4322aacf9b3d1c0,7c1c6cb8bf5081498cafa9f7fd17030f33ed64cb5fe63162ca8fb30e39e91559,,False
Brain Cancer MRI Dataset/Brain Cancer MRI Dataset/Glioma/179.jpg,glioma,224,224,3,uint8,a4676a11509e1e6c7d80cca5ff10cc7272e44c038e1980be8997f36e7c93e9a9,2155a5b6a7f4f3d4b453fa86401f1368700fb9fd3d9229d921907c0d28714370,,False
Brain Cancer MRI Dataset/Brain Cancer MRI Dataset/Glioma/18.jpg,glioma,224,224,3,uint8,3e85ecc5db20a65d45377a4ef0cc0d37908b18b9f2adfe430d7016013f801ad8,01d7f50852aace33b1eabdf0975b56d7cd6db0fcbed6506883914e4a080b1b36,,False
Brain Cancer MRI Dataset/Brain Cancer MRI Dataset/Glioma/180.jpg,glioma,224,224,3,uint8,b9b3fc441596292048dc0c2105a6357dc543882fe115ae04316b54cc8aefed1a,bca633bb627303ba72ba82b2325819019eeb4dadfbc9ac978f93809208732985,,False
Brain Cancer MRI Dataset/Brain Cancer MRI Dataset/Glioma/181.jpg,glioma,224,224,3,uint8,9a98c4c60f4ff9214758219d5d78ef252cc5efd024381a258079a3bb1d7bdae0,d6e9f46c51e4afb12e929e6f78237eeedf59a911fea0f14ed020f8cc7e8b52c5,,False
Brain Cancer MRI Dataset/Brain Cancer MRI Dataset/Glioma/182.jpg,glioma,224,224,3,uint8,04f3762c23dc3d7d54687980dc134c7e817c5612fabbdd9968925480bea63e46,0d1f34d66e319aee8c0cdf2a5de518884c2911c11f85176a9b9e97d3a1489537,,False
Brain Cancer MRI Dataset/Brain Cancer MRI Dataset/Glioma/183.jpg,glioma,224,224,3,uint8,584d36ee45bfecc0832addef5946f8650174eaeb991c471142fbb75b699c38b7,050bb794e38f58fb0cea88e90f14cb66510377a30aa5ec6774882ee615d2319d,,False
Brain Cancer MRI Dataset/Brain Cancer MRI Dataset/Glioma/184.jpg,glioma,224,224,3,uint8,8decc605e371f1cdd61355e8c065279a96edcd97265f817ff63a7a194ea84999,2ac77eeafec64421d0e044e32e4c3259f0c273f80f751fda6cce34f8c1fe6699,,False
Brain Cancer MRI Dataset/Brain Cancer MRI Dataset/Glioma/185.jpg,glioma,224,224,3,uint8,8d6f3ca07b0dd4f31c637bb02e3d2d49e28a16968f900885146ba68807079e41,9989c2434cf5080d766ece263f57526aba7f308ffeebd825e9d4768b163ffabd,,False
Brain Cancer MRI Dataset/Brain Cancer MRI Dataset/Glioma/186.jpg,glioma,224,224,1,uint8,b3e6a7f992b2d5dfada9b7fc5c67b523f5e0d2a49fb99781a47c8892f1946dd0,dce87c368f7e96ccb50db65840a7d341664c13b1946c0d9993780a10faf7cc76,,False
Brain Cancer MRI Dataset/Brain Cancer MRI Dataset/Glioma/187.jpg,glioma,224,224,3,uint8,ca1096be262aa41f9a20938798720b9a7d4c8305b8a2785147ab6a7e4d233e9b,e2b761527ab4c09acec4f91b82c5121e5dcbe034e915b5cf69473911674c72ba,,False
Brain Cancer MRI Dataset/Brain Cancer MRI Dataset/Glioma/188.jpg,glioma,224,224,3,uint8,bb0db78481e98fc6d0cd60055d079a4f36bbfbb1edb9716bbcbbf1c456f72bfa,8b94ca5f21c4badba5fd43ae2b530de58383b26d6d641a6703952b86681210db,,False
Brain Cancer MRI Dataset/Brain Cancer MRI Dataset/Glioma/189.jpg,glioma,224,224,3,uint8,31c2af28762f1f2b04020db9ce8db91a74a15ed043b3c2e9918a5b0423b0d71e,b9c0d6aa6b1945f9d56139e43514eb0647749434613fc5be6879527131c38795,,False
Brain Cancer MRI Dataset/Brain Cancer MRI Dataset/Glioma/19.jpg,glioma,224,224,3,uint8,d51e7bd041247c17ae8f6f9feecf11f6085fe86dbc3eb15dd3c3d1e95662a1cb,93b0f62a6068589ea28fe4242103850964b92c70b019f1fcbfbb2aedadbef45d,,False
Brain Cancer MRI Dataset/Brain Cancer MRI Dataset/Glioma/190.jpg,glioma,224,224,3,uint8,0464398d2ccecd334b12c0237773aaab34ded7da9312996e0b7a109733e08bb5,bf41fe127410571011cd8b3ec295a892dd35a83df1b1627a01116d24a46b30d9,,False
Brain Cancer MRI Dataset/Brain Cancer MRI Dataset/Glioma/191.jpg,glioma,224,224,3,uint8,6ccb5be1fd016303ec633018b0ed9e53267abe8b890d198b70fb7be775ec549d,29e880aa2593c72bd60f163b3c097e245fc997bd8132072bcce6b4f04eea6345,,False
Brain Cancer MRI Dataset/Brain Cancer MRI Dataset/Glioma/192.jpg,glioma,224,224,1,uint8,20a25f11ed2fd93f0560148b97b54adc89f1427561b9fe1e51972f65f5f4db42,31848e424afb39b2bda8a1b57befae9c6e26c751ea12599dfacbdcaeb39f7a07,,False
Brain Cancer MRI Dataset/Brain Cancer MRI Dataset/Glioma/193.jpg,glioma,224,224,1,uint8,6730071cab196b7fd40bcb93194ad875e8d8530c3e33508a6c66a351940259ea,a8a9da63e3b5bc1156f7c1c2fab98a19279ca14cbf16718f1a6ec9dec6341169,,False
Brain Cancer MRI Dataset/Brain Cancer MRI Dataset/Glioma/194.jpg,glioma,224,224,3,uint8,8f508af27c235955913582776ac4bf93bc36393256cb2f98e7d4dd0dfab87dea,7cc0078eeff78c80a76c953aaa6464c6c94dd3b2dce5dce817b21392bfa1ef94,,False
Brain Cancer MRI Dataset/Brain Cancer MRI Dataset/Glioma/195.jpg,glioma,224,224,3,uint8,941f53659e649c8b6eddbb93e0bd7c66e9ca008c6d4800a8f37bfcf7353a25dd,81e3d815089dcf8103af0a36fa65c41eefc1bb71f9352615719b8278c2cc6ec5,,False
Brain Cancer MRI Dataset/Brain Cancer MRI Dataset/Glioma/196.jpg,glioma,224,224,3,uint8,7a45b6784529d458f3eef3f45acef4ca5676e87a87ce0492ccc23cbc9df228af,fd4b5848341ec58bb9a9c0bd75b2ae7aeaf869884bebe474fe1dc55dafe6b88a,,False
Brain Cancer MRI Dataset/Brain Cancer MRI Dataset/Glioma/197.jpg,glioma,224,224,3,uint8,186c2b46d14877218a6e245d24d594769b0f3e3485fcad2252caebafba8a25e7,995a73fcdc9a4eb04e8698f0334142e0604a337ddf049609f36b4228ac2cbf3d,,False
Brain Cancer MRI Dataset/Brain Cancer MRI Dataset/Glioma/198.jpg,glioma,224,224,3,uint8,be2133db19976da9ede5d92eacc9b25fe60160d7c69defab06a6968cfbe35ef4,483a37b76825c9248e2a3a1a0876b03dfd29ce66d10eae49600d4a81e2df3b4a,,False
Brain Cancer MRI Dataset/Brain Cancer MRI Dataset/Glioma/199.jpg,glioma,224,224,3,uint8,37adfea5427717ffddd04c42e83a6c227f5659ee110355b42521085fc3253b0a,29b38eee4697966aa6bc9afe5bba87049845daa62c20d83368aa871d532b61a7,,False
Brain Cancer MRI Dataset/Brain Cancer MRI Dataset/Glioma/2.jpg,glioma,224,224,3,uint8,c9f2f2594a877545971d066826ba5b6587dc0ed950edbe78a7045963058c09a2,319ef8c3400cce19db89dac9b67a6feead8ae3a4848ab1ce0cf600864092ad3d,,False
Brain Cancer MRI Dataset/Brain Cancer MRI Dataset/Glioma/20.jpg,glioma,224,224,3,uint8,2ed92d11f82321e77572f5fe0eeecb18a80c819cf90623dd5bb117c7f8b1d954,97cc482c72204b655d9eb6fc25a51a437474af944552b7b1d1537b224b38d7fa,,False
Brain Cancer MRI Dataset/Brain Cancer MRI Dataset/Glioma/200.jpg,glioma,224,224,3,uint8,919c6c1f6ee6555f98563c95e054a606b2c3a2c2162b3065876fbdef264fd477,502e4f7bdeb7e5ba743d33670f9a3e68132a1c097b8781625f17b3cea6d00ab2,,False
Brain Cancer MRI Dataset/Brain Cancer MRI Dataset/Glioma/201.jpg,glioma,224,224,3,uint8,a55940fdbf77f36f9a5929842e08fec89799dd92f4cbe5439a35c1bd32b718aa,139157476ff2dded1e18df77171dcfdbf929511de7d1bf899a1458147b1553c9,,False
Brain Cancer MRI Dataset/Brain Cancer MRI Dataset/Glioma/202.jpg,glioma,224,224,3,uint8,ac43b29d30a2f66ea19192bde01d4ac8ad67d9a555789314c6c7a63f8ee96f7a,97781f30023b865b068c7cc1d977bc53798c5837f877f8866968f13d99b53104,,False
Brain Cancer MRI Dataset/Brain Cancer MRI Dataset/Glioma/203.jpg,glioma,224,224,3,uint8,c2b70cccd3e1037fbf53cef383b7ec05f82dc3fe1213e881bee5ef182e0db020,6c5d484072a1bd82dc47d42b89f1d00e425e451ccc0f30d6cca972d439d032de,,False
Brain Cancer MRI Dataset/Brain Cancer MRI Dataset/Glioma/204.jpg,glioma,224,224,3,uint8,3eb9b1372fd3bc08edd540394bca5881c05ddee0f41838ff0a4b57bcdf34d969,3cd5cff5384144c0f9402ccc8ce1e50dab85cf949f37f115d3dbede6460ff1e5,,False
Brain Cancer MRI Dataset/Brain Cancer MRI Dataset/Glioma/205.jpg,glioma,224,224,3,uint8,f2895678844f587c60c91c4919ad1f6f1deb21ebcc3897723b3595a8234a4d3c,6bcfe2404615ba2c90a44ad754fc67dd41fb75e39f69791a9e00a777bd7e0780,,False
Brain Cancer MRI Dataset/Brain Cancer MRI Dataset/Glioma/206.jpg,glioma,224,224,3,uint8,859ef374b83fc88f4879430917462100a8dc285c813555849f58cb9e84c82090,b01487d3fdf35b5d37385ac4688ef2b7a78536eff86f565374655959036e2f1c,,False
Brain Cancer MRI Dataset/Brain Cancer MRI Dataset/Glioma/208.jpg,glioma,224,224,3,uint8,adcc25ddab0593c21b79ae1feebaae7ef776ac9e48663dce3dfea3b8d658630b,5e45e1359959ad2d4224204f2c5eca90b15f65047ccb161da1f977da33bed904,,False
Brain Cancer MRI Dataset/Brain Cancer MRI Dataset/Glioma/209.jpg,glioma,224,224,3,uint8,b0c878808613fb615dd1ad7515372dc3d1fc23c3992f1df99e63916a43391b11,7e1d6c717d704742a9858dc66c35bae51c46aabdc2aa0e650e003d745461ae7a,,False
Brain Cancer MRI Dataset/Brain Cancer MRI Dataset/Glioma/21.jpg,glioma,224,224,3,uint8,cfb58872e1868cc700f00821d9b481ea9b1d2b0d2e46a48d96a904df0ce0caba,c202ad75d77a7e4becc6c1a329ec43acbfed428b866948ad28eb1103e3e9880c,,False
Brain Cancer MRI Dataset/Brain Cancer MRI Dataset/Glioma/210.jpg,glioma,224,224,3,uint8,02a8b5fee81451aad88fe9fef71ebfa805ee028afb4d06bb2475ccf10f74b296,65f831958f3b2d0916f052a722d3167b7d8a342a84b860452cd58606d92d4d16,,False
Brain Cancer MRI Dataset/Brain Cancer MRI Dataset/Glioma/211.jpg,glioma,224,224,3,uint8,00d761ecb168f0f94d1f59a4d166fcc8fa0987c7d4d9dd3a13e1e36ac342ace4,d77601d3d00f396c1c178499965002742b4907ffbf398bb592b7e1b0fe67c7ba,,False
Brain Cancer MRI Dataset/Brain Cancer MRI Dataset/Glioma/212.jpg,glioma,224,224,3,uint8,3c29ba0d0dee0fa8605556681b812b245f1400e4ae5df95be6feb696458d3a1c,ab04f8765d7ca62916b0c305a23074e1b94089cf62d7349bfa96c6fa27b14f73,,False
Brain Cancer MRI Dataset/Brain Cancer MRI Dataset/Glioma/213.jpg,glioma,224,224,3,uint8,f605e8705bf5561379b89c1a9abf7b995deca0a17e615bce82831138ebd3cc2d,221ed4809df4cee63ba328ce5a41367ec0c5a5d6bbd2157d31aa508ae8a7d2ba,,False
Brain Cancer MRI Dataset/Brain Cancer MRI Dataset/Glioma/214.jpg,glioma,224,224,3,uint8,ad3709bae5ce716584dfc887f66d1cb8cba8483a377409562ab68e1ded3886b5,d702c6d736badd7e33b93299c3bfe4b01e2dd590bfb348376bde75ff755afd97,,False
Brain Cancer MRI Dataset/Brain Cancer MRI Dataset/Glioma/215.jpg,glioma,224,224,3,uint8,2ddbe7bbd1d7c1d1164d8de9d897be4c1b07f271edc2b3b43a5718dc545f5354,e0c1e6f78748c09cb77888533f6c286cb2e5d3318bcc7491048d5feda7b328f0,,False
Brain Cancer MRI Dataset/Brain Cancer MRI Dataset/Glioma/216.jpg,glioma,224,224,3,uint8,7658bb8693d0dd09a573bfcd6a9e82508697c52f553debd031902c6f48e4b0a4,b032d84f08f8deadb82ee6eb1e2b7329313e1c690c96631d80f589206b3ee9dc,,False
Brain Cancer MRI Dataset/Brain Cancer MRI Dataset/Glioma/217.jpg,glioma,224,224,3,uint8,14fed1c7c6ddcca024289171142f88772047584d8dc2cbcd181e899153622ef8,ad1355c7fdcd2774cedadde246d54e5bb6e98e09c02260ef43da93992dde39f5,,False
Brain Cancer MRI Dataset/Brain Cancer MRI Dataset/Glioma/218.jpg,glioma,224,224,3,uint8,e6e8670cb0a5a2d7d3c0c7704af75db0e0ec29695134ae9717aa1ad1d54c31e8,16e2a8e47e8c3f66212d5697a2806fc87f4d7ba46082ef603cd520ae6117d60a,,False
Brain Cancer MRI Dataset/Brain Cancer MRI Dataset/Glioma/219.jpg,glioma,224,224,3,uint8,c826561bab32a7d0489ee344ca696ee4326141a1de76d58e82d0b8aa010a266d,5a99478c3a0f4ec1df39a41a7652dfc81deb4b736ea71d6422630fb6ee0a0b2e,,False
Brain Cancer MRI Dataset/Brain Cancer MRI Dataset/Glioma/22.jpg,glioma,224,224,3,uint8,6711e1fa2d5865a13a9c810ab428be7682751fccb5bce1bc6ce31910335dc211,46ab341b3d9648674535619634677f911bec906a30d9b441eccb1263c1b5eadb,,False
Brain Cancer MRI Dataset/Brain Cancer MRI Dataset/Glioma/220.jpg,glioma,224,224,3,uint8,4c3557b8a3eefea3192a2952739e48c3faab4ebd43ae0c7b2f4e8133cf918365,948d12f2df1d09edfff611951fc63dc04b698abac12ca0e29cf003294b824d3b,,False
Brain Cancer MRI Dataset/Brain Cancer MRI Dataset/Glioma/221.jpg,glioma,224,224,3,uint8,1319debd7033044f54e84e19941e55aca0277864aa2c06bdfab2f03e232f601d,4c5e9be68c83a578a723882a492740770eb47b94b1ab3da7741c0481fb133458,,False
Brain Cancer MRI Dataset/Brain Cancer MRI Dataset/Glioma/222.jpg,glioma,224,224,3,uint8,471ed61368e84c6cbdc437428b744d26b127745f94f5426e3fa37500a3273b7e,f0b65f6ca8d140d0ce1ad3eeb17ae703f2755ecc69ed18d64a68efd8bb167549,,False
Brain Cancer MRI Dataset/Brain Cancer MRI Dataset/Glioma/223.jpg,glioma,224,224,3,uint8,164f226f7bf1c840ae4e9f5f79c5e69188752ddf0685f2507f59895e53ca7fb3,f290495b0ef70622874a1ebea017b2a8acb1d4a9b1712d3804d57550804f96f9,,False
Brain Cancer MRI Dataset/Brain Cancer MRI Dataset/Glioma/224.jpg,glioma,224,224,3,uint8,af22d0753b36c8ae911627e0f25550c5ed24177c6c2cce9e1f8c8e2af0927cd7,e17caf94fb2260b0822bf6c5cb9be39970b468a45f0d19e186eef4949797ff29,,False
Brain Cancer MRI Dataset/Brain Cancer MRI Dataset/Glioma/225.jpg,glioma,224,224,3,uint8,33516813c746035e57be86087759d713a7827c9d1f4592195bcf3e0b8e0a7c99,490de21d9844b56cf59fa545545182eef6a82714ee16ea14baeecf379e338bb2,,False
Brain Cancer MRI Dataset/Brain Cancer MRI Dataset/Glioma/226.jpg,glioma,224,224,3,uint8,f3bbe0d7e42f5f76c0dc33a4ff84b38e1e67f44a9a4c22ef4e8ea41a6ac55fd1,0c99e5d209d304f05a89f92f15f8d627bc31e58f0e4a00dbe037af5521f3268f,,False
Brain Cancer MRI Dataset/Brain Cancer MRI Dataset/Glioma/227.jpg,glioma,224,224,1,uint8,2872bf09625337707f6502f4bed496df26d80f08252ecadec89f5fa6bd52a824,6cf4080691fe73e784a935d3ad2dbb5ffd19fbd333d4e045b9313c2c4f9fcc84,,False
Brain Cancer MRI Dataset/Brain Cancer MRI Dataset/Glioma/228.jpg,glioma,224,224,3,uint8,7d76dc830fbcd8abc05a42d4edba40070c27324c9f89ea81185d668a87e4bfc0,2b3ba8163ff9584267238fa1bd9645b55ff3cf02f2e25f72da53d0dacd07554b,,False
Brain Cancer MRI Dataset/Brain Cancer MRI Dataset/Glioma/229.jpg,glioma,224,224,3,uint8,7e1b03b977fee2d2119c8a8776e9cd2d3f99e2bcdc920f19d157a797e4a56a9d,ac6cc92789ed939a2a6bb6ecdca5e5c96ae95f548638e8f2a0cbcf4d3a9c7e1a,,False
Brain Cancer MRI Dataset/Brain Cancer MRI Dataset/Glioma/23.jpg,glioma,224,224,3,uint8,df987f46e583adfd217dca80c4fc017c60c02144c6ecad9897ec006c035d9ece,aac14ed9a9331fa971fd220fa20ae126a29c3216d9fab9534741da87bb662963,,False
Brain Cancer MRI Dataset/Brain Cancer MRI Dataset/Glioma/230.jpg,glioma,224,224,3,uint8,122efd5653dbdb26312e7cec462e5f5748a1630d95f53a75965d744c05ca3dee,916cf26563a3f86f72060c4bb198acb70a58398762b9c090517a0b8c7c90ae56,,False
Brain Cancer MRI Dataset/Brain Cancer MRI Dataset/Glioma/231.jpg,glioma,224,224,3,uint8,244797b2f92b6dfa63c64191def895655fb203f678aba34a293f5a758ad8137b,0e28435967c9ccfd0c06f8bdc11bd8851498782fa0be178bad74525ae424b19d,,False
Brain Cancer MRI Dataset/Brain Cancer MRI Dataset/Glioma/232.jpg,glioma,224,224,3,uint8,6cb2b8d127d3475936cec6aec885c8ec4bde3d83ed3274b4ad948248cc025f08,1d2f26b4aaa62dda2299313f58ef4fb2dce45b6bf54e4f058fd089d2000be78e,,False
Brain Cancer MRI Dataset/Brain Cancer MRI Dataset/Glioma/233.jpg,glioma,224,224,3,uint8,7e156cf374f7784d59d5e91dfb0867722084d5273b120c18b3af7e38e3f57241,350b596035a5b7a4a8114d4182064f1ec6338a2c4ed10efbe10f5d890d3a56ba,,False
Brain Cancer MRI Dataset/Brain Cancer MRI Dataset/Glioma/234.jpg,glioma,224,224,3,uint8,45b3f417fafd7bd805476bd551a5940962adc70f6d724efecca3e57795cb2b97,96e04139ab118fd5ff6b2a1c903c3450814a7f8689fe8b107bad851301032e8f,,False
Brain Cancer MRI Dataset/Brain Cancer MRI Dataset/Glioma/235.jpg,glioma,224,224,3,uint8,241b81f7094ef26a8f1a740d7521b260436c50e4053db068c5847ac411dcfaef,13bee1b87ce394ad01b4fa8d0590a1e89a5281a8e010d490e3121395aca3074b,,False
Brain Cancer MRI Dataset/Brain Cancer MRI Dataset/Glioma/236.jpg,glioma,224,224,1,uint8,2b54bcfb3733a2b07a2a4b3ff652d478e74c9672543bcab6c60c7667fd183f58,50cf80421d9150cabce497f4a9f33c452a291e57d9776e6a1e577995fa84d08b,,False
Brain Cancer MRI Dataset/Brain Cancer MRI Dataset/Glioma/237.jpg,glioma,224,224,3,uint8,59f250846720ce3ce955cb534553ae5fffe003b7d3e84fa42019173ca0438754,934e047592ae40d868ebc9b2f183fce80788142c4870409b4b77b72766b7077d,,False
Brain Cancer MRI Dataset/Brain Cancer MRI Dataset/Glioma/238.jpg,glioma,224,224,3,uint8,204a651bfc24e12b3fc4f610e99ee1037561921c8fcd9bbd3d3d18f7783dd9c5,b73a14df2612d63ee734f670c5686e931453ff793612b3daca66c1a0e8d5fa8c,,False
Brain Cancer MRI Dataset/Brain Cancer MRI Dataset/Glioma/239.jpg,glioma,224,224,3,uint8,cc9e1e2408de53c523eba5fdc72898ccfada53dfa9207010de3672924dbe6411,3d8fe07b8269db2df05b1cf87bd361d90facf9d0de2fa0dfa5c4d845f3ce125e,,False
Brain Cancer MRI Dataset/Brain Cancer MRI Dataset/Glioma/24.jpg,glioma,224,224,3,uint8,0a2620343809726172a0f299b59e95ae48fb52affd98ac0d149bfac844052f91,0dc99b19cc48f6781a08daaf96098a9c6603e75abffb82824baba434fdb97e77,,False
Brain Cancer MRI Dataset/Brain Cancer MRI Dataset/Glioma/240.jpg,glioma,224,224,3,uint8,4eecbe68640b5fec0e99b5873a0cac9a33d1e314b583d30624cf9c7311e53ced,f96d59892785196e1f401593c8e748246f27546352457e84626f84bff86984e2,,False
Brain Cancer MRI Dataset/Brain Cancer MRI Dataset/Glioma/241.jpg,glioma,224,224,3,uint8,f42ac1b0c83fcf5550d1485f1661f4c44362e12b0be3b8e4e0a159de4bbe7907,92b74e1a9f3decf5e3aa1ef0d74887ff2b620ab03a06feb1f5fd3914700c7c51,,False
Brain Cancer MRI Dataset/Brain Cancer MRI Dataset/Glioma/242.jpg,glioma,224,224,3,uint8,16ce35a5dddffcf1839e97c23b5600cef8bf384cdae31072d48d3bc27f8f3b9b,c6543914ed17feb46f173a38e7faf73ec8bbf16e5ad68b5b27a4afffa3095655,,False
Brain Cancer MRI Dataset/Brain Cancer MRI Dataset/Glioma/243.jpg,glioma,224,224,3,uint8,9ac6e858785e4b9fada8864527a85be5756ad9a6645400b0b5723e6a036b943e,60c3d6aab06c511df679f8c6ce3386fba3989cb9c94ca624921381df0c23abfb,,False
Brain Cancer MRI Dataset/Brain Cancer MRI Dataset/Glioma/244.jpg,glioma,224,224,3,uint8,11fbc652bd7f54fbd93b6ea8288efabcdae084b1d20e6200b14a6a66923b4479,efa020d0588332961791e014a8336faddc5b7a945bb0a55205675651bec0d4e8,,False
Brain Cancer MRI Dataset/Brain Cancer MRI Dataset/Glioma/245.jpg,glioma,224,224,3,uint8,005214456d8ea2808e71469a941b9e1e49b59d94705ee37ac07e2823bae35885,a91cd8548bfe88d64cf3248aa3cd706b83b65292dcb5d16d872912d95ea21e5b,,False
Brain Cancer MRI Dataset/Brain Cancer MRI Dataset/Glioma/246.jpg,glioma,224,224,3,uint8,45fa8df90a1624a20a8e1d53f8e8a013add5f6c5c9b0e4d4ee4faa1287793373,dc4cc52ab91dda5f84deda065f477f1e5d007dcbcf31d3e3cc162ce117bd9abf,,False
Brain Cancer MRI Dataset/Brain Cancer MRI Dataset/Glioma/247.jpg,glioma,224,224,3,uint8,05856988e231abe471cc11da619169d640771e7cc6466e509f854fd6c2481506,9f5fa314e6572fd6b4a6c6a085f78cd7edc00cdbcec0a6e5267bf344dec2bdfb,,False
Brain Cancer MRI Dataset/Brain Cancer MRI Dataset/Glioma/248.jpg,glioma,224,224,3,uint8,4fd49de66bfd81aceb237c463af21e192ccb3f3eb4487055ab20525c6f72505e,fcf4ced69e6eaf7888eadb91007ab8dc9641134fc41ce7eeaf3ec4a9d26453e0,,False
Brain Cancer MRI Dataset/Brain Cancer MRI Dataset/Glioma/249.jpg,glioma,224,224,3,uint8,b4d8459afa6460aa758ea9125ff40ba703f59c584c557086d6428a82d06dba69,d7fffbdde69db18be6eaaeead2e6fdde9ab0bb88348561c6a852ec7c287f2b3b,,False
Brain Cancer MRI Dataset/Brain Cancer MRI Dataset/Glioma/25.jpg,glioma,224,224,3,uint8,d6800afc13589febd590cbfc5add016c821ca70aab34ef5bac26945ab5d64650,6e2b500d2f94a85278e4c60f9f9b24a420e87a73e3b4747892f1b23347e34e79,,False
Brain Cancer MRI Dataset/Brain Cancer MRI Dataset/Glioma/250.jpg,glioma,224,224,3,uint8,64c214bec2396622671d410f1cc3fc1c74cc552c3e05e2835cd406da979bd3a9,455776220ce08d437dc5dbd7327f9e8937d34b1345ad188d2fd2fac32c2ab49b,,False
Brain Cancer MRI Dataset/Brain Cancer MRI Dataset/Glioma/251.jpg,glioma,224,224,3,uint8,2ab9cb5e86d76392077d3d50e84a023a2092ebf88f62d2a65e02c26e9efbb530,8791bc2486e2d133004fbccbe26af11b60d2c43d0b270b15e90c81c1a18c2b99,,False
Brain Cancer MRI Dataset/Brain Cancer MRI Dataset/Glioma/252.jpg,glioma,224,224,3,uint8,6c68d4de50540436cbd15f8c7f6e5a927834d5d3a74a5bb45480129aaef6f45d,0e954ee948e3673c86c53b23421f6d90615f34758f598361286198d91982c0b5,,False
Brain Cancer MRI Dataset/Brain Cancer MRI Dataset/Glioma/253.jpg,glioma,224,224,3,uint8,968c35eb809e175dc07e35e1c291305c7814eaff4cf323ce4d3fe63e470c4727,8c3827945c8e0c2aeadf7b95feba10fa745271a5b800c5480409feda8267b1c4,,False
Brain Cancer MRI Dataset/Brain Cancer MRI Dataset/Glioma/254.jpg,glioma,224,224,3,uint8,9f35d2893091ba8b7b6065c0048bad66175a5ef436c7152c3b45479dec70df7f,dc78e02fd3fa40422438a7d3296052ca3580d8fedfb876be3e8cd14d8c2dbc32,,False
Brain Cancer MRI Dataset/Brain Cancer MRI Dataset/Glioma/255.jpg,glioma,224,224,3,uint8,dfe4f22f2b981b59be2ec6ea61e19bf6eda9b41680dd85a87829738847e630de,e51493447db9435f555e404e314a71ab791c6f91c840d7528da0cb8723055f5f,,False
Brain Cancer MRI Dataset/Brain Cancer MRI Dataset/Glioma/256.jpg,glioma,224,224,3,uint8,52d3e03685a73eb9aae949f432e0efb92ad24a3633fc77a9623e655ad7b5b972,dd8d955538b332ec30fb1daf6f1c549c2c429cb0dbd8194b436c4f0016093a4b,,False
Brain Cancer MRI Dataset/Brain Cancer MRI Dataset/Glioma/257.jpg,glioma,224,224,3,uint8,ecc325b864adc8b866e4e28ca88b10759f7ad5a7875bd8f8df9355bf25caba6a,6c4789108cfa112032b9bf111eb9b5e938e0f3653206718f4549804cf4265d4a,,False
Brain Cancer MRI Dataset/Brain Cancer MRI Dataset/Glioma/258.jpg,glioma,224,224,1,uint8,f5201378c2df9ff1a179e93d15c626decbae44f015b7b7cec572d5db34b81bc1,48893fbfed18e332042b35526c6919a28bbf30bdd3134506a31fe95927598911,,False
Brain Cancer MRI Dataset/Brain Cancer MRI Dataset/Glioma/259.jpg,glioma,224,224,1,uint8,7bc8907af7f81213a87bdca056320eab44fb8899cea827754f0f7d95d8af72fc,7adc5d154b84690467be17d29a969703a005b9390b676659ebc24806938928bb,,False
Brain Cancer MRI Dataset/Brain Cancer MRI Dataset/Glioma/26.jpg,glioma,224,224,3,uint8,29b9b30f36f55ca997d2e5973ac255fad96342cd72cd0cec4b650a71ff8cafa8,68f555a6ce684fe63732e6601b88c313743562c8a2e60e3c9aef59be961156af,,False
Brain Cancer MRI Dataset/Brain Cancer MRI Dataset/Glioma/260.jpg,glioma,224,224,3,uint8,c590b21f703cdf042a056936524c4a21a30aeb7f2aeec4b1588eac17216b1eb1,d4ab585c9b35dcd6f5914d540a22c1ef0dd3b5bac6e2e0acf40da39c0ffa350d,,False
Brain Cancer MRI Dataset/Brain Cancer MRI Dataset/Glioma/261.jpg,glioma,224,224,1,uint8,adb0778c2f2ef59dcb75a53d25e220325477ddd973315016a1d6c52b63952bef,e079de2ef4e8c8b8a6ae38f6ac3321a62c0ef1e38a52e53427197a5a3bbaa829,,False
Brain Cancer MRI Dataset/Brain Cancer MRI Dataset/Glioma/263.jpg,glioma,224,224,3,uint8,1e56996bb7f59f68fa177fe1ef4d4998905320bf3f0faa713b509921ac7828a3,876737639c1503cdb2cbf66a1e04d5f497658247a3d30f822aef393bed254656,,False
Brain Cancer MRI Dataset/Brain Cancer MRI Dataset/Glioma/264.jpg,glioma,224,224,3,uint8,3539220011c184693740cb50fd106d0914042fe46ab20905bc0f66df90e72460,1151a602f47860857cd6eb044e47af875c059277e7d909a3517539e3a8b27565,,False
Brain Cancer MRI Dataset/Brain Cancer MRI Dataset/Glioma/265.jpg,glioma,224,224,3,uint8,783fb918064629376fefd94e491841c66abffc0a96cdb4695685515aaa5b7aa1,72a16bd592224a55502ca0c2541ada094002aa98698634ae2dc912f2f26c7b8e,,False
Brain Cancer MRI Dataset/Brain Cancer MRI Dataset/Glioma/266.jpg,glioma,224,224,3,uint8,86720e913acac99d01872ed940a3cdffae9d54d6f3882d602d3436810c79ecb1,2374c24ca19f120882538992e9cb3037515e7d3d13d64d32fedc470b4dfe3c3e,,False
Brain Cancer MRI Dataset/Brain Cancer MRI Dataset/Glioma/267.jpg,glioma,224,224,3,uint8,569fb057e65d76bccc1140c03cd300c2c980a1e9d156b8d110882c39e3dc30ef,729f5f392cb9f739733cec947e946e08d333f1492e12dc7b9ee5feb3724e687e,,False
Brain Cancer MRI Dataset/Brain Cancer MRI Dataset/Glioma/268.jpg,glioma,224,224,3,uint8,995691e5ac84ca9fdab21a6b23e5330ae27ab096c695d3d4b7e99c5b43249b04,063d6df377240da250b13d4b6a313c7e64c229e756dea0f6107c859c3ed7712a,,False
Brain Cancer MRI Dataset/Brain Cancer MRI Dataset/Glioma/269.jpg,glioma,224,224,3,uint8,911f5ef492158c6c5faa23c9785e91f267569ae0e08b282081fe9b21073e8392,d6b1a438694781cdd7aea10647ff4e6e42a7df42e39057434b8637e373a38a7e,,False
Brain Cancer MRI Dataset/Brain Cancer MRI Dataset/Glioma/27.jpg,glioma,224,224,3,uint8,82cb76fd31c3c5bded628e86ed15da385d27e3e9f2a691ed8370082b48c298d7,8be473c3ea5ca5c6b83807ec96bbd4ae0ba422be8e01e6abc96cddaec4f82c4e,,False
Brain Cancer MRI Dataset/Brain Cancer MRI Dataset/Glioma/270.jpg,glioma,224,224,3,uint8,fab2ece478831a895f2cf5691c909912dfd07711fd1651bbe10eb6263ca2c879,94963d9d3c41cc630b557c4eb7e9677f1bf2abd5d9fd07c8e9d304e78d157810,,False
Brain Cancer MRI Dataset/Brain Cancer MRI Dataset/Glioma/271.jpg,glioma,224,224,3,uint8,eb989c459bfe0e87be39f6b07baf208c733915dfa7dde9b9185efca97ca169dc,6abf8da34fd15d3fe31426c75dcbd3b3f2151376e512908804f66c9dce8f8112,,False
Brain Cancer MRI Dataset/Brain Cancer MRI Dataset/Glioma/272.jpg,glioma,224,224,3,uint8,b65258e91550c6b9133f60b41eaf00bff358e52c7a62e75f63fb9a6ff5c187d3,35294a92aaa44f7f26a35d3d900e621108c0663c6e7b0e2e14ccf134c2781ba1,,False
Brain Cancer MRI Dataset/Brain Cancer MRI Dataset/Glioma/273.jpg,glioma,224,224,3,uint8,3a5ff26bdbe347a4caee07f264f974add2b244d897012b318c5349d5cdf26e13,221096eef248f439ab3e2154f79adf2fab194124e17f557ed6718edabbcb4eb9,,False
Brain Cancer MRI Dataset/Brain Cancer MRI Dataset/Glioma/274.jpg,glioma,224,224,3,uint8,b4d5578de7587ccb4f021dd6d27989b0b72f19bb3c40b49c8deffb8696c17ec2,2bdce06662f4bdb8fa2a5695844e65cf44b1611ace554667bbbf56f497434d8a,,False
Brain Cancer MRI Dataset/Brain Cancer MRI Dataset/Glioma/275.jpg,glioma,224,224,1,uint8,04df7dbce850bc403980e381ffa31752dd26c72e02a780a8d1424d469d3a1a64,ce420c45fc396d3595f8a66e83907084e51d439e8546c637f8efc066d1acc149,,False
Brain Cancer MRI Dataset/Brain Cancer MRI Dataset/Glioma/276.jpg,glioma,224,224,3,uint8,ce2729fa4bffe15a7af8430911466d64b0c2b0fbbc72dc22aa99e22c626811a0,efb06dcd2740dc7af24d8bd95063ed860f66c1c20ce1c4f871bac4aebfbf042e,,False
Brain Cancer MRI Dataset/Brain Cancer MRI Dataset/Glioma/277.jpg,glioma,224,224,3,uint8,7ddbc55d47c226ad2a45688626333eeea2312feb0bb5e0eb6a533e4e0e77d408,13c9185ad7f8180b6f01dd02b19f990239731be84ced2093bd2d6cb8ff045939,,False
Brain Cancer MRI Dataset/Brain Cancer MRI Dataset/Glioma/278.jpg,glioma,224,224,1,uint8,c7fd8fa78e0a9ac3d05dd77df5ca60398eb9db3cc0484956786b8770eee2f024,f2f37142ccba48a847acda619d2913430e8612648f10df8e7fd53c945d01aa71,,False
Brain Cancer MRI Dataset/Brain Cancer MRI Dataset/Glioma/279.jpg,glioma,224,224,3,uint8,07d1bc7b4296d73b4de4d3ab77b2a2222c0a46cc7eabbf2094a359ab7a6e76d2,9afc0b20932aae929ad22830ad13668145af83f460c5388946d4d535be38e83f,,False
Brain Cancer MRI Dataset/Brain Cancer MRI Dataset/Glioma/28.jpg,glioma,224,224,3,uint8,ad06991ffc0b2fe6cf408582b6c29c433ddd5fd6a9353d1a2e1441c5580d7254,144f5573c3d920117354816d7f08a2d660c557cd3b5ec7f2d08d93e8113a4859,,False
Brain Cancer MRI Dataset/Brain Cancer MRI Dataset/Glioma/280.jpg,glioma,224,224,3,uint8,027b69e00777955163a7731d1294af04ede8d9fd286b301085de0698446ec82a,0203b99fc0e9afc9967c056d4c9237d854bd8530fd679d1ed9d23bbd607eab15,,False
Brain Cancer MRI Dataset/Brain Cancer MRI Dataset/Glioma/281.jpg,glioma,224,224,3,uint8,278cfe50b371b15136cfcfcbe6d1d3bc38adb14144f99cf116113f9368523b6e,b53c12fef125d112ce7afa0fdef5a165185812d27a08192126a47d4765be3449,,False
Brain Cancer MRI Dataset/Brain Cancer MRI Dataset/Glioma/282.jpg,glioma,224,224,3,uint8,2c352c99c75e38a39af122279f33ff142dbc9e61d444b0faffe4bf243d5836d3,126fb5c08b1f68bddf1e4f0f614baf42320c7268375d802a1e684df3b3c9e4b0,,False
Brain Cancer MRI Dataset/Brain Cancer MRI Dataset/Glioma/283.jpg,glioma,224,224,3,uint8,cdb2e2f7fb805efd33e0323439dfbd1bfa80cdbe647652229a4c0a13a4075656,784d191be87963d6434954bf171a1bb546c53a4c3a50a29d93fa813e908daeb3,,False
Brain Cancer MRI Dataset/Brain Cancer MRI Dataset/Glioma/284.jpg,glioma,224,224,3,uint8,63e75d534517a344528e73a8f004c9cc7e03f55d4d385e845a1ee546da48483f,7ef74958afa1d177038c285e2f22ea014921055fa141a3ce4a38ae244b1b786e,,False
Brain Cancer MRI Dataset/Brain Cancer MRI Dataset/Glioma/285.jpg,glioma,224,224,3,uint8,4e0eb16b9de6aa7ec91dfe3befad9ff59bb0f7ecd56d44c8bde126fefe735c96,e618b62792a4ec331297225a418e0a4ed30a20f22988fed44bea8c044d2ae6db,,False
Brain Cancer MRI Dataset/Brain Cancer MRI Dataset/Glioma/286.jpg,glioma,224,224,3,uint8,9c5b1d55e7aafef242fd51886abeb0e35515abb474ff0cd702fa6a8b9416b5c8,d603f95570c70b4069381979d5715a89a276daafca63c99b49e038ac9e8d905d,,False
Brain Cancer MRI Dataset/Brain Cancer MRI Dataset/Glioma/287.jpg,glioma,224,224,3,uint8,c49ebd4149f1963a398579211f51daaa14dd4a001200de8c67d7c20a93643200,cf29a8ad6d237b6d48becd69d751f036df5f1ba6a57aa7afbe86ef1716b9fd94,,False
Brain Cancer MRI Dataset/Brain Cancer MRI Dataset/Glioma/288.jpg,glioma,224,224,3,uint8,6777e00725d99261b286808a583ce59c2e4e5118d0884d0739b5d8f049aa7dd2,a457e2943acb3f0b62d8c9915ea6c646817a71dce66ef4633a38525c0d2e317d,,False
Brain Cancer MRI Dataset/Brain Cancer MRI Dataset/Glioma/289.jpg,glioma,224,224,3,uint8,5478722c82d1d591faf34a0f20bcfec411f7d6e6ce4e5eb010de8fe6de9d2ded,7fde919977bd6686be70b20a00583aecd486f92bfaa7dcb95f299aed807e87b7,,False
Brain Cancer MRI Dataset/Brain Cancer MRI Dataset/Glioma/29.jpg,glioma,224,224,3,uint8,d9c018d1ed6ad1b88462c21878f6b46158fa92726f8de561e06315e9d53efbfd,39fb67965b5bb9269932af8e66dddcd1bfe3e097986d047336ab0192d9feb285,,False
Brain Cancer MRI Dataset/Brain Cancer MRI Dataset/Glioma/290.jpg,glioma,224,224,3,uint8,5132839aaf339e6d58f74251bad6285d9cf6eab912d138dac303409945f9f025,b8435a21178172e0ba4c87945528c6d1d1b0a8f3869bf1d27381e6b869e1bfd7,,False
Brain Cancer MRI Dataset/Brain Cancer MRI Dataset/Glioma/291.jpg,glioma,224,224,3,uint8,33d42e65a5c4c305e92c6796c4fbc78aa2de2d82a07bf6464d75953bdbbd7a47,ca7c4a6ccc727cce8cfff4f2489aad9fb1da5ce50c485886ed3ee00aeb4c59e9,,False
Brain Cancer MRI Dataset/Brain Cancer MRI Dataset/Glioma/292.jpg,glioma,224,224,3,uint8,30f0c611f58d5df59e87ae4d3092a7b598ba8c7af3ce8b58d7db6a6b709474e5,10a97846a21009febcb59fb562c236fef0bf30847e544ef420816d64799eb618,,False
Brain Cancer MRI Dataset/Brain Cancer MRI Dataset/Glioma/293.jpg,glioma,224,224,3,uint8,10a5a029cc2de6ddfb61d51481c737f56ac3d4c3914b4d270acc103f5908a49c,f83d4b941d590049a0f53331c2ae7734036004ce4291dfab868012ab52b39fcf,,False
Brain Cancer MRI Dataset/Brain Cancer MRI Dataset/Glioma/294.jpg,glioma,224,224,3,uint8,334a3b24ca734e79fde119614d33f326bbb56666cb5cad4c6f90573e2f28a7ab,d8de8a9c92a76d77fe374d613bdcd7f97bf564839cfdb316ef1cf1c604647532,,False
Brain Cancer MRI Dataset/Brain Cancer MRI Dataset/Glioma/295.jpg,glioma,224,224,3,uint8,fb55a58c964ca833a5e2ea07d516d314f2c000471a05738c759758c550386e0d,2fa0d978cc50fbd4a1d57cc856af246adef4aa6e78b11f4ccbd34f1ed9b5ccfd,,False
Brain Cancer MRI Dataset/Brain Cancer MRI Dataset/Glioma/296.jpg,glioma,224,224,3,uint8,19a6243a3460e88a0ba97a6c3d577830e413fcd9291888c88764d375c49b2183,c8267759c6ff6ce148daf245f20dfa58453a75425117eb5bc20ae9df6d9e1d37,,False
Brain Cancer MRI Dataset/Brain Cancer MRI Dataset/Glioma/297.jpg,glioma,224,224,3,uint8,c89ee18b0c2f57357212f9365d299a7c02a7fdaf8d60f08736a6e715154c4dd9,3f9c4fc5796c75f3efe6638a28377199eb16a45b302de85f25ca585109d9237d,,False
Brain Cancer MRI Dataset/Brain Cancer MRI Dataset/Glioma/298.jpg,glioma,224,224,3,uint8,2f03a857bcc0ee530f56c222f48da63870326b00f9ccca363a88584485b8a2bf,e685beed086419a5f922f7da39337a51be8dc2984988b012c143a9dcbfd8fde7,,False
Brain Cancer MRI Dataset/Brain Cancer MRI Dataset/Glioma/299.jpg,glioma,224,224,3,uint8,c1fe4b6f56290b38879f5b0e707ff4b34dba2fabdc609a8df330f216f8a3be08,bf7407fd096e72f2b5b1e63ae5b487b4404397d34b6a364e9ee7f0d6e23f6b7e,,False
Brain Cancer MRI Dataset/Brain Cancer MRI Dataset/Glioma/3.jpg,glioma,224,224,3,uint8,b2835e782f1eee4032852fe1fe7cc79ad9ac4edcf4cee9becc0c0a08de51e9b7,5316c5709d1e131e70805591b728d78bf39ca979a54866da2d0dfa4823eebfcd,,False
Brain Cancer MRI Dataset/Brain Cancer MRI Dataset/Glioma/30.jpg,glioma,224,224,3,uint8,ed64c7904ea52b682164d3ea6ce862e5d70c900a19af140dea7e7c8114c5e762,558394eb6a201d8482e3ce356ddda124e4e5d5513f6264713f496d6ebc3e8e3f,,False
Brain Cancer MRI Dataset/Brain Cancer MRI Dataset/Glioma/300.jpg,glioma,224,224,3,uint8,e78564e62dc45cd53674b6d8eea2a90038117668ee50fa970ae8f36b78d06cb2,1bfae8e3977259fa5c056cd4532fb77dbdf5adf889a19c6f89b06828550e738f,,False
Brain Cancer MRI Dataset/Brain Cancer MRI Dataset/Glioma/31.jpg,glioma,224,224,3,uint8,40bda023c9366ea20c39455def740440237524f32046010b43226ca8f0c176c2,4596c099478f401c9fe7ced102dcc326ac631df3795086fcad4e23abd52c3240,,False
Brain Cancer MRI Dataset/Brain Cancer MRI Dataset/Glioma/32.jpg,glioma,224,224,3,uint8,aac477cff815c32086026b75a32757bef4ae38dfeee16513f5552c4c98ce5bd3,a4f25681c28d49d6e02cf763471da8d50b807633894511c9f326ff2fef64172c,,False
Brain Cancer MRI Dataset/Brain Cancer MRI Dataset/Glioma/33.jpg,glioma,224,224,1,uint8,02a3682003cba9257cf899aea866d46bb4500a53ae5e801b15c5ecdedd2ab8d2,a5bb7dc87891103a4b6bb2994a8b72f567ae9a8558696f37c08ca7aafd4fe653,,False
Brain Cancer MRI Dataset/Brain Cancer MRI Dataset/Glioma/34.jpg,glioma,224,224,3,uint8,bf9fc672104b6799f904aa3c0956e8b66d9efea4eb372bcfe6b72e7d497fa79a,27b4a3bda9ed1cf6711904764dbd0fd62f1b8c3dcc102357c052e255f22d9ef2,,False
Brain Cancer MRI Dataset/Brain Cancer MRI Dataset/Glioma/35.jpg,glioma,224,224,3,uint8,fdae9425634768a5fc8b139addf229fbee2399089f0ec03b1418fcc869eac27f,9e8317d05149c6074802df55007d1c2d671decc38e1814e7bfd8ec46c920a40d,,False
Brain Cancer MRI Dataset/Brain Cancer MRI Dataset/Glioma/36.jpg,glioma,224,224,3,uint8,53a324788a64daa9bf99864a5add1b96000147ed132e70fdec0505799f642450,3e93e1a09d7210a56c7234741bf01b074e9a59bc9e6d153e93b22595968a8674,,False
Brain Cancer MRI Dataset/Brain Cancer MRI Dataset/Glioma/37.jpg,glioma,224,224,3,uint8,b646bce5238abe4838537acf1db10e3f912a9294e63a03cdf3b46a6309fc258f,f288b330b6bd4b1b8981042dec8fd18469f4576473578d32064cebfb5a3055c6,,False
Brain Cancer MRI Dataset/Brain Cancer MRI Dataset/Glioma/38.jpg,glioma,224,224,3,uint8,83843125ca1adb982f1f836afc248bcda5eadcb293ff1bf651e887c4ee847963,508cbdf6a723f35748e1cd68068ca96e66aff1aa283bba2259a3380d8ac8d96c,,False
Brain Cancer MRI Dataset/Brain Cancer MRI Dataset/Glioma/39.jpg,glioma,224,224,3,uint8,fe05496aabb3fe06449ba61fc430706bd9ba6063b6f59505bb16c7b94d287919,d173f1c93533a3b1539285c861b8a82734bb2453faf3aa05d240dc4e8bd455a7,,False
Brain Cancer MRI Dataset/Brain Cancer MRI Dataset/Glioma/4.jpg,glioma,224,224,3,uint8,8704fbdcb5a63fea9d36366f96e46985d32e60974382e8f316b35d938ecec391,07e93eb7151cea6469ed39ffd8b1f4d7d47ffbf75e4fc983ab6e4c31edbee7e1,,False
Brain Cancer MRI Dataset/Brain Cancer MRI Dataset/Glioma/40.jpg,glioma,224,224,3,uint8,d267293e21066553beaceb8552615dedc4d7b09954a69fa74aa759e60c8fb7ab,9053ed3d93d4e44c87e4b24db88c8e4ff5af42a8a1ebff04919e2a9466179d0d,,False
Brain Cancer MRI Dataset/Brain Cancer MRI Dataset/Glioma/41.jpg,glioma,224,224,3,uint8,9937739d9052acffd9dd5736a68f4b891a222da0ec62e8f2d9b0af41e4aa67ed,b8ecf4f62f2688aad43c466298f1a8e5bd1a2c0a46479f72fc266651a4781aa9,,False
Brain Cancer MRI Dataset/Brain Cancer MRI Dataset/Glioma/42.jpg,glioma,224,224,3,uint8,d5b65edec9ea8412d3026850bff8d7d06703e08469bfa5c2caa51f5796e38e0f,b69bdd03355071bcabb43f41560b754e60176bc5e93444ed01f86d14daf7c3c8,,False
Brain Cancer MRI Dataset/Brain Cancer MRI Dataset/Glioma/43.jpg,glioma,224,224,3,uint8,c80b2edfe5865e66e4b146bf9f338d62e30bbe199eff760dc0318611af02b366,a6a540fbb9f49fbbaf0454ec6bcc926f34077ecbfcff341603fa25923d6c4e12,,False
Brain Cancer MRI Dataset/Brain Cancer MRI Dataset/Glioma/44.jpg,glioma,224,224,3,uint8,9adb46c288d888fd136ca7003df4669396020a72f7b3be8d7fd78a0cb02d5438,8595be842a07d00463c8be2e58ad0e61fbf61320e1efd12992e5f854bba06d9c,,False
Brain Cancer MRI Dataset/Brain Cancer MRI Dataset/Glioma/46.jpg,glioma,224,224,3,uint8,5a57d3e8c37d84b0c6a77fa0c54667614c599cd4cdda25dff02baa2f603b0ff2,510e7e56d6c56692a8de032a02b1cd788902455d3b0dca26b6906b2503009377,,False
Brain Cancer MRI Dataset/Brain Cancer MRI Dataset/Glioma/47.jpg,glioma,224,224,3,uint8,74f7bcac99c0dfc226debfa6c20fd26752c73fc2f847919b6aa24493d5447091,f21d94bb87786e42b5ea8dbc6df03560830801fcea44bf09c0045e59ff86ac43,,False
Brain Cancer MRI Dataset/Brain Cancer MRI Dataset/Glioma/48.jpg,glioma,224,224,1,uint8,a43642cd2ef3acf7f2fac069241938bee0155ce3ef2f145848aa348bb368da21,111ea210946a53f13b4afb3f1f0eb98c6ea2f45d764c7f8f3af5a9403d5d0ec7,,False
Brain Cancer MRI Dataset/Brain Cancer MRI Dataset/Glioma/49.jpg,glioma,224,224,3,uint8,d903aa7390740ff5648511f120d03445924ec976a7d71c8dd093451b8a8b4a2a,bdd9b5b257070eb5c5d10698bddcf8278796c599fdb60b00b839ec97f0884465,,False
Brain Cancer MRI Dataset/Brain Cancer MRI Dataset/Glioma/5.jpg,glioma,224,224,3,uint8,5ca0a592ff8438508edeaba78199c17245bc94e0d2627ff2f3ce0901d2a05a66,0bc3e66d04bdcfc6492c4a0ed2979f23083d1b4d06378fd2036010af8a694f77,,False
Brain Cancer MRI Dataset/Brain Cancer MRI Dataset/Glioma/50.jpg,glioma,224,224,3,uint8,54c132e39c14db124179028971385710636fc8fc8dacfcb9c768fbcfd921c0e9,0afaa0f14e4e36458408220782d26df80672204fb1ee52ea7a6b868e9a08efe0,,False
Brain Cancer MRI Dataset/Brain Cancer MRI Dataset/Glioma/51.jpg,glioma,224,224,3,uint8,ab85ee136f227fe5c605ab364dba035c1a7a4de132062d3663bebb54d5e1252f,41584f938ae6f110ca55caf1976dc1695470792db50dabd6c168a8dedeb93347,,False
Brain Cancer MRI Dataset/Brain Cancer MRI Dataset/Glioma/52.jpg,glioma,224,224,3,uint8,b67e77cb58c6a289cc1ad519565accd56e634447dbf24ac63c490b905431ef29,a251d50c639d2bfe43ddfbc5d31ff853d6a4106a4f4ba4adc6a8e5e840700304,,False
Brain Cancer MRI Dataset/Brain Cancer MRI Dataset/Glioma/53.jpg,glioma,224,224,3,uint8,a11bc67620a0d8a541f24e1588411b813a72af8d07d005a92a017b0ff33a2640,00e24c1b983daddb8ef16b71f957c6335e1d49393d23c60b6854c353ecc25357,,False
Brain Cancer MRI Dataset/Brain Cancer MRI Dataset/Glioma/54.jpg,glioma,224,224,3,uint8,73965e0833b1df34510b701508fe5035553e48bcba4ec7db839a55ee82129e45,97d3a5e8e8b9f05b35cb55c5f8b328de58ff928d6640a725c9f17face19de5f3,,False
Brain Cancer MRI Dataset/Brain Cancer MRI Dataset/Glioma/55.jpg,glioma,224,224,3,uint8,4b283bc028c669bca5a46a46ccb9988fb61d3c7de09af00510cc1e4517692f5b,d1e222d32ded3fef9a1daaf0df4c464883bfc2b7da19fd017208fcf6948fbd64,,False
Brain Cancer MRI Dataset/Brain Cancer MRI Dataset/Glioma/56.jpg,glioma,224,224,3,uint8,b68b067ab61aa4fefd7adde24257c7604c93356fd94c2814cf34c6e3be82c49e,e72a43857c17e89d3510eb3ad357335b3797a20ffc3911a43b7918e457fe5298,,False
Brain Cancer MRI Dataset/Brain Cancer MRI Dataset/Glioma/57.jpg,glioma,224,224,3,uint8,4597b03acd492d47e6cb6b10e9289933088e2747f8dc226f69880e8e77164868,fbc5169dd320d8776eb5aa05904aacfa1f04d72069b42be920d0a2488490ced0,,False
Brain Cancer MRI Dataset/Brain Cancer MRI Dataset/Glioma/58.jpg,glioma,224,224,3,uint8,0f988e1cca93dfef55be9d58eb80bd8144787faefe43d9b106abbecd65d35704,0fc167dc36794d707c8d9e2e513f435f5f1a876c7cd07b99e63689467d4d3824,,False
Brain Cancer MRI Dataset/Brain Cancer MRI Dataset/Glioma/59.jpg,glioma,224,224,3,uint8,e4c83b5654b71dfad37efc59ed05c703dd341cd69d6c12ca8a78ef60167571e1,78b6b3f19fd8de423e3b9f96461712cce65dbe2ddd8b1b32e220820fdd277581,,False
Brain Cancer MRI Dataset/Brain Cancer MRI Dataset/Glioma/6.jpg,glioma,224,224,3,uint8,6a0ab9e14b1db2704d6ddcbdd8616ccfb689756ef346b47897bf9de4708a0684,8dbf32cc782cd29346bee1f7bf567419d7462444cf02d4024e5a232b7b5c9de8,,False
Brain Cancer MRI Dataset/Brain Cancer MRI Dataset/Glioma/60.jpg,glioma,224,224,3,uint8,e60a91bb3c98250f639a48e08e38d93a9fe412d321ea381b5d75581a08552218,4f19f22c82e7122e6bd8c2457a08d75c08ace7bcd0481cb22ddfa0a6139c7c60,,False
Brain Cancer MRI Dataset/Brain Cancer MRI Dataset/Glioma/61.jpg,glioma,224,224,3,uint8,81d577ed9ef87a84c8e5c7d16ffcd34551be743214f2703b592ddb6e62d0e06c,70561d00cb653725f46dc7ab00f129c65b48c16c672d8bb6b6606d1cfb40dc84,,False
Brain Cancer MRI Dataset/Brain Cancer MRI Dataset/Glioma/62.jpg,glioma,224,224,3,uint8,64835753c9a06caff03faebba6ad9c6935ff37ed10abe26c090de685a441b23c,9510ff449336242b233b713c5d32ecaa6f2bcb647baf6729f332f22961bae8ef,,False
Brain Cancer MRI Dataset/Brain Cancer MRI Dataset/Glioma/63.jpg,glioma,224,224,3,uint8,8bca0d26bce4af6b2dc68c7d52d8cb03fbb1c8eda91c9dc861525122caa212a2,14858a3658846b3e2b9f08d3308004b7e4da5b3f721e8515d86d09eb7cf212c2,,False
Brain Cancer MRI Dataset/Brain Cancer MRI Dataset/Glioma/64.jpg,glioma,224,224,3,uint8,70cd2c98038141a15dcfa782c2892e27dec983d14b11280c863360d457068da2,7287b7500f03b6d844576393ca088aa9d110c0d427d963f82fc94e327d5106aa,,False
Brain Cancer MRI Dataset/Brain Cancer MRI Dataset/Glioma/65.jpg,glioma,224,224,3,uint8,6345ad969b669047bf9264d26eb1c4b91a8c97cc096a9d2b626513ce9b54a561,6f7a079aa67fc500ed40b46fb339767ea0b9fa321d9ab6a26d6956a037d88d41,,False
Brain Cancer MRI Dataset/Brain Cancer MRI Dataset/Glioma/66.jpg,glioma,224,224,3,uint8,6a88fb6f98da2f418c1b9c75c9baed0e6c0494cbdccf3813fc967a2100b1aae8,73c4ad912c5d7c69a6e40aa930104a968a01e9cbbcad627cd81bd90c7ba10689,,False
Brain Cancer MRI Dataset/Brain Cancer MRI Dataset/Glioma/67.jpg,glioma,224,224,3,uint8,8f6e545859bea2e1680186233b516e576e9cb57cde697f6cf33a80b415ed96b9,de08f0fd39b26d52e120a931c72a6aa5805038ea7c0ac885504f6476eebe1a96,,False
Brain Cancer MRI Dataset/Brain Cancer MRI Dataset/Glioma/68.jpg,glioma,224,224,1,uint8,ebc0d39d7f4e64dd50d773256ccadee48e18220008f2115a7546d1ba8d47e89a,de629a856035344e50310b9bbe73e96bc63f73d739a10a43480ffca7af48bd2e,,False
Brain Cancer MRI Dataset/Brain Cancer MRI Dataset/Glioma/69.jpg,glioma,224,224,3,uint8,eb014fbf246b792393539f3941fee881d6a884a2f111f29b0e6619983ce2bcd8,8939756c98c76379cb4bbea5b00fa7b8d5a769556ff3e50e7bd0cceeea89acfc,,False
Brain Cancer MRI Dataset/Brain Cancer MRI Dataset/Glioma/7.jpg,glioma,224,224,3,uint8,2a771542224bfe78ed5d24d87ae36e6ac37d8ad674cefe977332adef6e7ea172,325c362bfec746828cbb1420d41a57430ddcbd1d5c51c723f2e29bb7abb2b674,,False
Brain Cancer MRI Dataset/Brain Cancer MRI Dataset/Glioma/70.jpg,glioma,224,224,3,uint8,e77a4ed9209e8ee21fc330377d9f3d0175ee07fdb7a793ff5a96e61bfc98000b,c49b34b6037930b42d2464580f06d1483829b7e538c745d4cd965bf46da91c05,,False
Brain Cancer MRI Dataset/Brain Cancer MRI Dataset/Glioma/71.jpg,glioma,224,224,3,uint8,44febfead932ca83d9626d7585faf8dce12bb3e7a5ca106cc18661e850dcc8ac,9fce6560ed86acf85b52057d589469c38ce659bf5a1998f6d422b9ebce0f45ca,,False
Brain Cancer MRI Dataset/Brain Cancer MRI Dataset/Glioma/72.jpg,glioma,224,224,3,uint8,e93171b36aff5e537bd20859f41513efaf6a16b799f220bd9e3f4151bfc2c9e1,e53b11ceee17fcc262c26043508dbb78b0d8f50f1fee7fc4cf6ff7b8b5ecc2bb,,False
Brain Cancer MRI Dataset/Brain Cancer MRI Dataset/Glioma/73.jpg,glioma,224,224,3,uint8,d24c603c9db8748229df17381df0229285c9ef3fcdd73b9795a5165369f95e36,e8175001455692fe04e469191fa104df0920a1f446aa7955d540afe4fcf1a228,,False
Brain Cancer MRI Dataset/Brain Cancer MRI Dataset/Glioma/74.jpg,glioma,224,224,1,uint8,6d17ca5639c568f07569eb82518dd43a06b9f4568f100c2ed8095d53eae7c153,12c1a148711f52e0844c107e3a0ea2ffbb7a5a45925b2fc2c0d52ba1f195776e,,False
Brain Cancer MRI Dataset/Brain Cancer MRI Dataset/Glioma/75.jpg,glioma,224,224,3,uint8,08c2055d48f03ad2d4547ec30a764b8c3a342fda6b6d016721a2e21af2a818df,bb26b2a7cd42e195d55d6a225eab0925688415cfe976c4a2a9a2ebdfe11dcfb2,,False
Brain Cancer MRI Dataset/Brain Cancer MRI Dataset/Glioma/76.jpg,glioma,224,224,3,uint8,6bac1099a46f55799a8ea7e2fc60dc33041d6260ad0954a917325bf85dd845ec,b5ef1a3610d14a5176cdf69e379c49c421930723e44ddd229b78415e0ff61ea3,,False
Brain Cancer MRI Dataset/Brain Cancer MRI Dataset/Glioma/77.jpg,glioma,224,224,3,uint8,0a73edc058418b5bed33843a6728c0620f14edbb1f13aea6468196d0979de3ba,31e16b50ac3a63822ad848725b4645581df1ea54d1a2551f9a076e6e93a510c7,,False
Brain Cancer MRI Dataset/Brain Cancer MRI Dataset/Glioma/78.jpg,glioma,224,224,3,uint8,64f342d788a676d82e47455bcc3c8541f41123d21317f482e04289d1d9b7b763,8669c1452fb9e4f221185dc1c1de5cadacda123525e84b7a48713c4265e599ef,,False
Brain Cancer MRI Dataset/Brain Cancer MRI Dataset/Glioma/79.jpg,glioma,224,224,3,uint8,74e5cc53a5a82f0c975f1629d44b33c2273294d93d94a3642733705aedda32bc,0b50d6507ec8440766df2e18dead06437cbec980af3be570ce61d8efe6f11249,,False
Brain Cancer MRI Dataset/Brain Cancer MRI Dataset/Glioma/8.jpg,glioma,224,224,3,uint8,fb2a42b8b1067fa655c590b41d6f1ad9d2dfadb585ba495781190717fbec9346,185c3ad4530c511558e26cd2cdb13f86b5bc183a1437a92fb5e7943dc8796193,,False
Brain Cancer MRI Dataset/Brain Cancer MRI Dataset/Glioma/80.jpg,glioma,224,224,3,uint8,f33497cc93b6a85d50e0b5df2dcf03127231c36bb5b472c9f84312c6fd0488e7,d2539654ea6de5297d131bfe132d53320ca7d368413dc3f63d3db902dce38788,,False
Brain Cancer MRI Dataset/Brain Cancer MRI Dataset/Glioma/81.jpg,glioma,224,224,3,uint8,65714f1c802af90ebd04c843cb1061659d489e92f11de1d34963de14e1566e63,9098ea38a857d2f6223172275534b85055b3c6a125ae19748a630a611643e222,,False
Brain Cancer MRI Dataset/Brain Cancer MRI Dataset/Glioma/82.jpg,glioma,224,224,1,uint8,b22c11abee00c544f28f5cdec48d34850d1c659c03fde9910bc28bea3b9f1381,7854ab3dfa3f14e5ef65f23709a208886ec156b474d423a3df781cd45f85a398,,False
Brain Cancer MRI Dataset/Brain Cancer MRI Dataset/Glioma/83.jpg,glioma,224,224,3,uint8,b387e057e672f54720c0bd8bd158a13ee4ffff6b075d5db394540f7a2c09f410,4f9bc2d9c8ac692f8cd69a55867971f3d61ae1eaf941824d5f6b363c7e741b78,,False
Brain Cancer MRI Dataset/Brain Cancer MRI Dataset/Glioma/84.jpg,glioma,224,224,3,uint8,53dbd53e95ba87cbc40a12af63806987bfc9167a01b64be93bc57b528331c810,7c1b77fa11e574055d5ebcbe170d51e5250a4a92480ace1cac744f8871962c32,,False
Brain Cancer MRI Dataset/Brain Cancer MRI Dataset/Glioma/85.jpg,glioma,224,224,3,uint8,14317d7cfd9a3f610cde6e25122a7fa66afdf28176e19d6bec14f60f51fef97d,0264c7248a717663fad69fd24994ddf5d42c3ffb136280487c3a6c151e8f835d,,False
Brain Cancer MRI Dataset/Brain Cancer MRI Dataset/Glioma/86.jpg,glioma,224,224,3,uint8,7984ca5330f1fa7fae3ca05094807bf91de36431d5e20fd3d1a29d80a0abc433,a068c39d77f84fc58bac351b0b1bf9fba20754db80efea231db74563adfac019,,False
Brain Cancer MRI Dataset/Brain Cancer MRI Dataset/Glioma/87.jpg,glioma,224,224,3,uint8,77cff3bad1f06bf9219ee8707c1dd499ce5cc1969776627259114931d6a51987,eb88cebc611a41cd39a3abe7e492179a567a1e3f861b8e0436aa095e532d0bc8,,False
Brain Cancer MRI Dataset/Brain Cancer MRI Dataset/Glioma/88.jpg,glioma,224,224,3,uint8,a13624e39b4bdc0b6b6409c225cca52adabecc7928a6d784f5960a5d9de7a2b7,60ea05ed6aa7bb396e13a03bdcb5a1a5a70bd1bb673eaf50de3bccb0c10d934d,,False
Brain Cancer MRI Dataset/Brain Cancer MRI Dataset/Glioma/89.jpg,glioma,224,224,3,uint8,7de004c1ed84bdd40528e961608828ed0d5ad2673661c0393c70a933d1a4c283,886ce44d304cb6142d04bd5b138a596be34ac342e37f79145093181bef632a3a,,False
Brain Cancer MRI Dataset/Brain Cancer MRI Dataset/Glioma/9.jpg,glioma,224,224,3,uint8,65316b8e50e7223964a9ee25a18666ac16eb9dbd4ed6b3da825007e4135bc95a,a80443128bffb03d5a19c7f08d8589e1ff5eff182d5089279f441a0ac9223f7e,,False
Brain Cancer MRI Dataset/Brain Cancer MRI Dataset/Glioma/90.jpg,glioma,224,224,3,uint8,8d79b53ec3010a7f960a1f536c650500214e64de7212e312bfb82eb08b972f40,907cc69ad89faee0c7fbb252483489856d2f1a4d478ea1cb0732a78c65345a0a,,False
Brain Cancer MRI Dataset/Brain Cancer MRI Dataset/Glioma/91.jpg,glioma,224,224,3,uint8,5fe99b6b91cd277e45c83f766fc930ae653d06ec07e5399ef1e778f6ac2fd6ea,2d6c6c59ff59680434c0f409ad76180fab2fa0799759b82642728d24ca551203,,False
Brain Cancer MRI Dataset/Brain Cancer MRI Dataset/Glioma/92.jpg,glioma,224,224,3,uint8,c47907b23cdbff9ce876e003951c69e18ea5342a477380caa1e005662cd2f0e2,efc10de465ce93c35f4700fe367778263732a25fdbbc755f5981c260225759c3,,False
Brain Cancer MRI Dataset/Brain Cancer MRI Dataset/Glioma/93.jpg,glioma,224,224,3,uint8,1eea21d44fea0a99979256f16db0f6f40476c4324c6574a17e2d581301d5c348,4d45d21c27c94c8afc627da0a46a5d99ef3c9c7557bd0a8708b375f9424b5b6c,,False
Brain Cancer MRI Dataset/Brain Cancer MRI Dataset/Glioma/94.jpg,glioma,224,224,1,uint8,3bae5ef083724d7000c4bff9bc1ab98650d3b6d591bac410ea5f8a1b7016bb23,96ef8351b907bc3d1598dd3e9be3ff650e871e32e018d7436a359f011e8831aa,,False
Brain Cancer MRI Dataset/Brain Cancer MRI Dataset/Glioma/95.jpg,glioma,224,224,3,uint8,a5addad41f2a7d3f75b1beced8d218309d284319103151d8a6f4c8514c94c5ce,0d3db0ed79be55942fe972e46c335fc9f719d8eb2fe72dbd217692d0fdc2bbee,,False
Brain Cancer MRI Dataset/Brain Cancer MRI Dataset/Glioma/96.jpg,glioma,224,224,3,uint8,84786fd9a4d4910bb87d876a68dcb87cacc85e35660a25744447c77d3d23b112,40de88b549975880d629e9e5ba98b4617444756bd602aa01a6d5d9cac9f12469,,False
Brain Cancer MRI Dataset/Brain Cancer MRI Dataset/Glioma/97.jpg,glioma,224,224,1,uint8,5ca71fd1b242a2fdb57103e3e2b11dec40bc3ed27a8bd265f0ca5e23a5a0c05d,f542baa9b0b3dd62ed65e48ced8f99e8615223c1556a0a789de4cd7613135bd5,,False
Brain Cancer MRI Dataset/Brain Cancer MRI Dataset/Glioma/98.jpg,glioma,224,224,3,uint8,c1a01eb691e084af766a97dc6c441b72230f0fb739e0118667d0e0bd4c066bf1,9f3e588e9695b4d1327b1471f3b8f289e05b4b6e53fcb4afe1f9ae4dc2de9544,,False
Brain Cancer MRI Dataset/Brain Cancer MRI Dataset/Glioma/99.jpg,glioma,224,224,3,uint8,b9d33c4eb6cc1640acf05206bd973b847da5c988347ced813128aad17456a0ca,ea1c62df75a006da6ffddb9632896430f8a757473a620536c10b9f16cb1d4eba,,False
Brain Cancer MRI Dataset/Brain Cancer MRI Dataset/Healthy/1.jpg,healthy,224,224,1,uint8,92811e00706981b6b4aa55e3c313aa103ac649ec1ae9cd98600aa8e1300d31fb,648fcd0d8ee3a3e44a69de707e7e9689aadb6003722cb48c9274f9d43657bef4,,False
Brain Cancer MRI Dataset/Brain Cancer MRI Dataset/Healthy/10.jpg,healthy,224,224,1,uint8,70a792369069a5ae4af64d6ff2a7d87bf9d88245a08418cf313500e63d88a4fb,b56ba266fa4b41c57b0dcf4fae1d669e16b89e9e285eaecd2b67cc1536228197,,False
Brain Cancer MRI Dataset/Brain Cancer MRI Dataset/Healthy/100.jpg,healthy,224,224,1,uint8,c4d283cd426ed85a5fefea5c96ea0d6889345c3a4ab44e806f98b6048efb9152,94426d8390aa006ba1502f0d3ffee70fbd91a138cc52fdb3425c5432be3c96b7,,False
Brain Cancer MRI Dataset/Brain Cancer MRI Dataset/Healthy/101.jpg,healthy,224,224,1,uint8,10b2ba0a5b9926db53c445586731fd9672ba910e2dfcd26f87f7b8e4e8f3d5bf,ead469b65b90bf9010ae919ed625dd6a256298f056bd08ff054aa3e27f73261a,,False
Brain Cancer MRI Dataset/Brain Cancer MRI Dataset/Healthy/102.jpg,healthy,224,224,3,uint8,89eeb2bf76369ff3bb3701d14124db253d360a28689188de5a5fb0f6555cb7f5,e223ba59047c5d48e6dc415b74324eeda2eb8e3c412680410fd8d9f0450252b9,,False
Brain Cancer MRI Dataset/Brain Cancer MRI Dataset/Healthy/103.jpg,healthy,224,224,3,uint8,85b1b534aa8307f3394b16269c498b745f55fd15ac26306e17e5e9708b9cf041,41e6e2ecdab8288a8ce4d6f75275864592f06a3deab6b88fa70c5df955f92499,,False
Brain Cancer MRI Dataset/Brain Cancer MRI Dataset/Healthy/104.jpg,healthy,224,224,1,uint8,511e51053131f97ecb395dfa53c782be899421ae6a623df4ade2ff1cecedeaf8,1243ce5c7dc51b68316765d67042cb9dcf1d1e74bada461c8faf2c0251647371,,False
Brain Cancer MRI Dataset/Brain Cancer MRI Dataset/Healthy/105.jpg,healthy,224,224,1,uint8,eb7e943c863b6298fc96496d7638030879c892db0d87709ba56fabeda3f5d4bc,0f7dbd36d3813ab34e7527074fcd6077ba07825650af5cab003ea0dd0b65e39a,,False
Brain Cancer MRI Dataset/Brain Cancer MRI Dataset/Healthy/106.jpg,healthy,224,224,1,uint8,945e00c263070a48feac033f1581db6c4b8307efacc7c7bdecd939276c10b76d,bc3870f6e6fcfa1c7310e94e016d308b606f085bcf6fc00a27a738e916436775,,False
Brain Cancer MRI Dataset/Brain Cancer MRI Dataset/Healthy/107.jpg,healthy,224,224,1,uint8,d4656778eb2c0d74b8337e517fa9c980957c73b8b39309eaf64dd4d6b841944c,9199a72900f91f4b32d346e1dd6495c65e80a38287c65e517fbdaa5dd2a8ca19,,False
Brain Cancer MRI Dataset/Brain Cancer MRI Dataset/Healthy/108.jpg,healthy,224,224,1,uint8,98c28123b54db5a5f9bdda67026543a554dd7429d5ce056793b75f86b2da65a8,96f613213b9eff18505c4997b8194132bda74281e679b73348996c5c8f780ef3,,False
Brain Cancer MRI Dataset/Brain Cancer MRI Dataset/Healthy/109.jpg,healthy,224,224,3,uint8,63c0dc884c232cb0cb91541d3eeda3a0ab9a88a711ee7a23061709af7a861e69,f333d3b3716762377492dc65d6bb75d3b2f35775a5ff2c6e5d3f6079687cb050,,False
Brain Cancer MRI Dataset/Brain Cancer MRI Dataset/Healthy/11.jpg,healthy,224,224,1,uint8,e7e57e3801ad0f52e0504de105bbb2d18ccb357ad1deae3069236932bd2b2991,9530586eb09369cab4805af5c93c24897d7942b751a618a0f07198945efa68ff,,False
Brain Cancer MRI Dataset/Brain Cancer MRI Dataset/Healthy/110.jpg,healthy,224,224,1,uint8,a589cf52d64bba6ec08865f1c5c8442c8ef2928aeba1c6190a4449a83cd291d7,df01882c60180096e62154a2d47e512c63f3dc3aa04429149511e259122a275f,,False
Brain Cancer MRI Dataset/Brain Cancer MRI Dataset/Healthy/111.jpg,healthy,224,224,1,uint8,afda1841ca205dbb33932bab8aeabb95efe34da0ad3adabce618ffca5fc162c9,31c8ba79fcb27693eb7dfc592dd768923e2e964f963e200662f69616750b608d,,False
Brain Cancer MRI Dataset/Brain Cancer MRI Dataset/Healthy/112.jpg,healthy,224,224,3,uint8,52d8f50c02fea7f1896ce005ed386e007666df67ea551c0fa29eb947a48aca16,09f493999451bee6eec3537b2ebb43116e01daf63c60a66b23685f6943a784ce,,False
Brain Cancer MRI Dataset/Brain Cancer MRI Dataset/Healthy/113.jpg,healthy,224,224,1,uint8,e052881d100023d0184f6905f023756dd41d20804c9529e236bacd93c82f6a06,7fbc18098ff900c779d37d76ba9194c568f3d10af34544ff7143dca29b592bed,,False
Brain Cancer MRI Dataset/Brain Cancer MRI Dataset/Healthy/114.jpg,healthy,224,224,1,uint8,1dee45392858a61698584b81d948e2595753abe6a6299e5c82dfcdf21eea68eb,ea96e986645b7a18e6925acf0e350b7a149bb4615b3328ecff90343fb23e5b14,,False
Brain Cancer MRI Dataset/Brain Cancer MRI Dataset/Healthy/115.jpg,healthy,224,224,3,uint8,52071d5a6ba6a52f504772b038d7841adc58b2cbe259fabfdd5067e871e125bd,e96ee5b634895557510f10d74887344237129679f8bca535e20b50ceb7ede2e7,,False
Brain Cancer MRI Dataset/Brain Cancer MRI Dataset/Healthy/116.jpg,healthy,224,224,1,uint8,2d19825e677863950b01aeea6b538af5640e57fff49752fc666a452c2d53e7b9,17c7981b0e47de6ac1b3fc86737f70356e0e7bff71779cf0d5bfab862b6fc640,,False
Brain Cancer MRI Dataset/Brain Cancer MRI Dataset/Healthy/117.jpg,healthy,224,224,1,uint8,64a82bde84cef4ef490c513dd618a969892e2ce0e12842aabec541a55ac9951b,0285e1204f3d6c65ca5fe5e73019fae0ac5052a62027a4beb27454e14520252a,,False
Brain Cancer MRI Dataset/Brain Cancer MRI Dataset/Healthy/118.jpg,healthy,224,224,3,uint8,4c6f1a9adb1ac4ac07603041540f772f3b55f6c3856dd587648fdd2ba2a03c6f,8cc6b9eb4f4606e3d00bf26e479b6ebc24fa8181210a7fcdd5fed87a8411dadb,,False
Brain Cancer MRI Dataset/Brain Cancer MRI Dataset/Healthy/119.jpg,healthy,224,224,1,uint8,d9d317082273e37a699e329f6b1696574b2ff9248466fc28b670337392c98078,19f3a635e5cdee821cb29bd2eabbe0c6e180c115d1b00654bffd95a674a5b96f,,False
Brain Cancer MRI Dataset/Brain Cancer MRI Dataset/Healthy/12.jpg,healthy,224,224,3,uint8,88d90b14c2743eb57d40cb84323ba8f08682c898bddcbe32c42a016b5a3c9866,1e5178acdce43c480171ce76bea2def85c4d3934c2c045d6bd9777956e0c3b93,,False
Brain Cancer MRI Dataset/Brain Cancer MRI Dataset/Healthy/120.jpg,healthy,224,224,3,uint8,d006194a32c4ffd76c463da91fcf508a764542752a8cdd9d68bb74a0c368e1b6,07f9edfac5d9b3ee7a4966e8839e7622309ded7d62c78d25ae29a68ac29696ca,,False
Brain Cancer MRI Dataset/Brain Cancer MRI Dataset/Healthy/121.jpg,healthy,224,224,1,uint8,99c50c4bf604151a1a8c59b1185c7609b7ffecbc917710f9d0359eab1bcac8e2,b842ab1d0bd35b9b71b45daca01bf3b0fb0e8a8f469ca0cb9222a1d599153a32,,False
Brain Cancer MRI Dataset/Brain Cancer MRI Dataset/Healthy/122.jpg,healthy,224,224,3,uint8,4fdf0318031aaebb7ceeaad82ac861e53c98ab23f93ba728e08aa58914a337e2,0b5ae4c99d1d2822fa23e0e4913c8197c7fcfc8ad3caf1caff15371f081399e4,,False
Brain Cancer MRI Dataset/Brain Cancer MRI Dataset/Healthy/123.jpg,healthy,224,224,1,uint8,155829ba0088d335653ef61e115d8b3b48ced193f93ec78b8f389a6878d29591,f9ff3fa7a6c5f00decb56b4a220d897b0882b54291f25096034fde63339900f0,,False
Brain Cancer MRI Dataset/Brain Cancer MRI Dataset/Healthy/124.jpg,healthy,224,224,1,uint8,662416fb312eef23990f4fc79dd9020a4ca15e2b2922a3e3c827d8f9d158032e,1f270c819c02b8bff0aa923ab330e18c30b55b53a3facc33be4a6bc3d2b8042a,,False
Brain Cancer MRI Dataset/Brain Cancer MRI Dataset/Healthy/125.jpg,healthy,224,224,3,uint8,3e658dff4157f89c76df50219662c0e3f3b955a73c62a185c45b31c7fdfb0ab0,9a450ade9678e26051b0121c76ad478517cf7c9f62ba081f330657e5acd2a2b0,,False
Brain Cancer MRI Dataset/Brain Cancer MRI Dataset/Healthy/126.jpg,healthy,224,224,1,uint8,d75b78f85974a8b8c488f49948d8465f4a82efd4dc16bcdcf9542fa7b7fd21f2,e38b5ca48b5336231e9f5d66f0f89493e019c5ad20d56d7bd11a7260b0f14ca8,,False
Brain Cancer MRI Dataset/Brain Cancer MRI Dataset/Healthy/127.jpg,healthy,224,224,3,uint8,926340312b721fa0d667e5194ad7f59f1b9e95df47e713da0bd490b0a5239f9c,6f4924247dc3d30758fb64bb920b9f345dec240cd4d2ed20b848c1eb699d3878,,False
Brain Cancer MRI Dataset/Brain Cancer MRI Dataset/Healthy/128.jpg,healthy,224,224,3,uint8,bc594e091f0728c6171e89c18bcbd17b9cdde85b9d294faacb74af0cfb7eff9b,3d6a142b1db6f6eea31eb8f7e39347f64709cada963ea154b517948345386298,,False
Brain Cancer MRI Dataset/Brain Cancer MRI Dataset/Healthy/129.jpg,healthy,224,224,1,uint8,3d9715395ebf900e4ec5ffed38529b734a95cf1184a0cd6a9659ebbfd5d5ce9a,902b040486592d8dbbc9526062866ad0a1e84d589c5ecebca4793c6485b85bb6,,False
Brain Cancer MRI Dataset/Brain Cancer MRI Dataset/Healthy/13.jpg,healthy,224,224,1,uint8,ec7149228fec6548a789f66218c582b81323e6dd454ce6866f03dea09cf0a62d,6bcd9a75851e98dfc7e80781132bb45aa384448d6aed1fcb306f7dd44282105b,,False
Brain Cancer MRI Dataset/Brain Cancer MRI Dataset/Healthy/130.jpg,healthy,224,224,1,uint8,e6aa1695865ae670481a3ea1ae19f5cc755d9e374616fd10d2c1fa97ff3bac5c,10c90d2d5c479c39b22496999fb871e7b0a68fa1c945cd2ff835113903cceffa,,False
Brain Cancer MRI Dataset/Brain Cancer MRI Dataset/Healthy/131.jpg,healthy,224,224,3,uint8,e658daa4347879b63391c9f937b70c26f07c50e69dd463198f431a3ee366fadc,af7aa552169308464c038d09c9ce35dbf9e9bedf99d4dcf886de22987c5fa7df,,False
Brain Cancer MRI Dataset/Brain Cancer MRI Dataset/Healthy/132.jpg,healthy,224,224,3,uint8,5be80e0b36c69a05a3ebfd0b4f6b873f73e71992c15072e7e5a454c57e435379,f0cf1faa6b095d69a2fc22e1810c0421f37f95d35b03436c3b4641dea49bb69d,,False
Brain Cancer MRI Dataset/Brain Cancer MRI Dataset/Healthy/133.jpg,healthy,224,224,3,uint8,86b8b67b6d0be0a5683a5266e4d92dfddd2ee958853158d668fde2e6774ec260,44676cd7677d2f53ddafa2c3ffe6d91bb895c6fd98ef68a79b0c06e335cd0820,,False
Brain Cancer MRI Dataset/Brain Cancer MRI Dataset/Healthy/134.jpg,healthy,224,224,1,uint8,c83ccda6f16042c95defbe8e75c2c06563890647a749f174451e1c41845b8aac,0fbdbf3370c8aef8f25dad7286eabb78ea25d03452a7e1ab60064d9e98b26c40,,False
Brain Cancer MRI Dataset/Brain Cancer MRI Dataset/Healthy/135.jpg,healthy,224,224,3,uint8,05678e4ccabf4b7a0061e51e013c5ca09f9b060cce350c479501f425fc8577e8,10ac533702ac3990879c945cbada204f37918abadd88f0b4dc03b2e7f7b0a935,,False
Brain Cancer MRI Dataset/Brain Cancer MRI Dataset/Healthy/136.jpg,healthy,224,224,1,uint8,7ecde3d80885fad3bcfadf42f0711c8c2a25a5ddafb6ce37a2608c84eea507fd,1bc6735ebe48f051ffbeffd31ae2c1514b6cd010014ce2d4c4b172c1417ca4f8,,False
Brain Cancer MRI Dataset/Brain Cancer MRI Dataset/Healthy/137.jpg,healthy,224,224,1,uint8,cbef07fdd326973b1d04a4601cbcf1ab41ae894a00fec63ea3d7f65ae9ad7e6b,d954255ef1a5e1b842d4468b76847bced5fe5e072ccd5e335711d763baf7f8ce,,False
Brain Cancer MRI Dataset/Brain Cancer MRI Dataset/Healthy/138.jpg,healthy,224,224,3,uint8,d25a373a82ad59f87b18348cec8905cde7c88df947c07b3da906ff8311567129,ac24bb45cf3f8eb9e6f425e79ea8f7fa18016b896927c6edf1c0b654a8dbfe9e,,False
Brain Cancer MRI Dataset/Brain Cancer MRI Dataset/Healthy/139.jpg,healthy,224,224,1,uint8,ac5054f8c982a60e26fbbc101650bbb9111f8adbcd23d6c124c6f4d7ba3d1c07,5643af9c665ba8c02ed4b12d7b6d8d19f69f62a36fc76a4801cee2559deccef2,,False
Brain Cancer MRI Dataset/Brain Cancer MRI Dataset/Healthy/14.jpg,healthy,224,224,3,uint8,290f75584d94de086e02711808d7bf657207af748e29d3eff2a8f7bea5764b6f,c9c5e0571209eb1477307da26efc8516a42c027f65895c0b8363a92faaf3c103,,False
Brain Cancer MRI Dataset/Brain Cancer MRI Dataset/Healthy/140.jpg,healthy,224,224,1,uint8,0aabab7482a30348dce2493ca9f315adb0e3907356a58e0c30ecb640124ecf0f,677385c6ce8ad0909455024f77883f45f781c902ad39fcbbb695a462ef776143,,False
Brain Cancer MRI Dataset/Brain Cancer MRI Dataset/Healthy/141.jpg,healthy,224,224,1,uint8,35302f0b88178638c2151095a8d36177b3b0e79834ec36f994292cdff53cac2d,6b04018b6327117186f1bef7e276ff03b96e4cce29aeac6afdefae6f8842531b,,False
Brain Cancer MRI Dataset/Brain Cancer MRI Dataset/Healthy/142.jpg,healthy,224,224,1,uint8,4b96aa1cf43234b1b3f263d7e60d41ff359a264ac04eb90be9d5e93674a5f50d,3e0ef2b111888c9bf1db940581a4c4b27079f4c7a6166eb12bb7d427c828c5bc,,False
Brain Cancer MRI Dataset/Brain Cancer MRI Dataset/Healthy/143.jpg,healthy,224,224,3,uint8,8841c56896d16f467a46d7e3c85441fff75dc9f1edbc903ba408e1dc6e5febc8,6f21009fbfcbe04ff1f8631fd06f49a205c258308d3f12e0ea67402874aa8278,,False
Brain Cancer MRI Dataset/Brain Cancer MRI Dataset/Healthy/144.jpg,healthy,224,224,1,uint8,476c898f01a52de7b12526546868f6ca50e5c7af7917fee07fad854cd7d473d9,cba13e119c2aee6e42c407cfe66c0d0db3ec0e0c16012759540de0f37d7b776f,,False
Brain Cancer MRI Dataset/Brain Cancer MRI Dataset/Healthy/145.jpg,healthy,224,224,3,uint8,cd2cbc6ac0ce7958ff9d4c87d14c4d237463908dc98deb7be8cfaeaf1e21a242,3a38d97497b4040e235df52bbe642734d037ac7d15348d61792fa006a070b314,,False
Brain Cancer MRI Dataset/Brain Cancer MRI Dataset/Healthy/146.jpg,healthy,224,224,1,uint8,11187df3c2c4d7fa17334a4e801fbd67ce8de146afa7f2ef6f7fbc5b775243ac,155c2bb982d5cd8b2c206dccc2763888e2b21de448159a3be8503b9c0723f069,,False
Brain Cancer MRI Dataset/Brain Cancer MRI Dataset/Healthy/147.jpg,healthy,224,224,1,uint8,d15091f3d7dbc897078ce595b2f2bea18f79cd71173df2852e497d316fa4cec4,c15f9e7f9b6fc7748fe685c4a9e7ba20e23d9261477254a74d521e1cc0a9ed93,,False
Brain Cancer MRI Dataset/Brain Cancer MRI Dataset/Healthy/148.jpg,healthy,224,224,1,uint8,75761a2c1d1be79a972eb2e9fca4a061d0e2f96dac8a28a8aecc2a681ff82a18,bf84637bbbb03bfe892aba0acfc1d667c6bcdb89e442ae68a60fe1ff1ec92e3f,,False
Brain Cancer MRI Dataset/Brain Cancer MRI Dataset/Healthy/149.jpg,healthy,224,224,3,uint8,e1c81053863884c5b61e82d59165ff19ba50e63af5080868ca2f9ca068e41add,ab219cf3fc564ffd6bf5065aec6b23fda8ef057806042c6cf5d2843686b1593c,,False
Brain Cancer MRI Dataset/Brain Cancer MRI Dataset/Healthy/15.jpg,healthy,224,224,1,uint8,58d5a2b04d89ca6b6e7165a0ccf015444a5d86d1b0ce6c6c62d9f04fe8076cf4,f8d428d385be871c7d4c7df6b3bcaf75d024815d2c98c32e2ad135a55d9f46cd,,False
Brain Cancer MRI Dataset/Brain Cancer MRI Dataset/Healthy/150.jpg,healthy,224,224,1,uint8,47c5ed7f613274fe6e3e7710559fca610a57ba9c1b0e7d50f9ee3adb47aa81d6,e1cb960601e6131e65a641505012eeb17773e0374eb3aa91819cf3ef36af6703,,False
Brain Cancer MRI Dataset/Brain Cancer MRI Dataset/Healthy/151.jpg,healthy,224,224,1,uint8,a74bc012f9bd841dd722ccc1f17aebb227ac4ae2d4f43b76849c9c5b55d0a499,44f4c199587bbd7997b438843053afdb8c1d9cc1390d260ead7484687b7d6232,,False
Brain Cancer MRI Dataset/Brain Cancer MRI Dataset/Healthy/152.jpg,healthy,224,224,3,uint8,1aac855131c72063d2b6e72a5e738baca02da980dfb00e7f3872b9716ff92bd3,d6dfc476067f332a7796206d427783f8737984d4e6bc5072391c97afe80a6b7e,,False
Brain Cancer MRI Dataset/Brain Cancer MRI Dataset/Healthy/153.jpg,healthy,224,224,3,uint8,f14d2ad5e0d4f6caaaa11ade0bc4253837321787dc567f717e279efe9dec3204,b954d8fb4261c1b1006476971ac886cb6ec160adf405531cfd1727412301f33f,,False
Brain Cancer MRI Dataset/Brain Cancer MRI Dataset/Healthy/154.jpg,healthy,224,224,3,uint8,4f2300ec6cdb6aa32d9e1cc075680ff06f19f55ec71e0e9ad9066bead720bc17,cf957534b92d9ffa95d4839bb48e42d0998f1e58e66bf61c1168b0b366fb8a7e,,False
Brain Cancer MRI Dataset/Brain Cancer MRI Dataset/Healthy/155.jpg,healthy,224,224,3,uint8,91d1768528f2fe6aabfbc388c3519b6780aa3de6b32edfc104e51406caaebbb5,2f37bd90e1783a43e4568d558db1e467bb0d0479a08f8df214169c8f45e246b7,,False
Brain Cancer MRI Dataset/Brain Cancer MRI Dataset/Healthy/156.jpg,healthy,224,224,1,uint8,b515b4cc99ee0535d7245009bc20dad61e09def93f0bd77753eb687d563a23c1,117634b4a93d9feec7883bc281a6e8ad7e4422f0cca68af2633c0610126c1d0b,,False
Brain Cancer MRI Dataset/Brain Cancer MRI Dataset/Healthy/157.jpg,healthy,224,224,1,uint8,85d867943199a8d04c2af39acdd73be57b0109faf59ac93b84823ed93e83fe3c,ea559f2f1c9a5b25f78b08961d7a6468d448e1a372aadc9272f0772488516a14,,False
Brain Cancer MRI Dataset/Brain Cancer MRI Dataset/Healthy/158.jpg,healthy,224,224,1,uint8,4f002941b77eabe0e6df3d365884ec3fd5a473c6e238b88b79f426c6d814fb43,cddfac7b52abc19e2ebbb185f94207d1fc9be4ecefa29d2d0f5d2f7ef872f771,,False
Brain Cancer MRI Dataset/Brain Cancer MRI Dataset/Healthy/159.jpg,healthy,224,224,1,uint8,22e84c68a8544617559c99e7dd43153829d30de9ad01102f04cea2c1043ab542,1f139cb9ba93796f09b1514e7a45668ed4eb8a985817757d55d87b4a9c756e62,,False
Brain Cancer MRI Dataset/Brain Cancer MRI Dataset/Healthy/16.jpg,healthy,224,224,1,uint8,0994ed8f34ecb691279f52f4e4a624ae56fd868f96653ab0c25f907fd0ddc780,e4c3dabfa33bf2742cf9c5d2a2b9f9c3ea9e7c2579323e12706a4c9649f678f3,,False
Brain Cancer MRI Dataset/Brain Cancer MRI Dataset/Healthy/160.jpg,healthy,224,224,1,uint8,9fd350a21a6a1c2a29b163edfff97b42f441dfddbfe37a3abd37ffc585fe3a2d,4b41b62a4ed3eb2807123bf97025210de8b4da7a25878b6e3e7a4657a726438a,,False
Brain Cancer MRI Dataset/Brain Cancer MRI Dataset/Healthy/161.jpg,healthy,224,224,3,uint8,060885374d9d2e0a81a76a03f77e69a9b2d78c66f7912b749f9db252d16cd4de,7a777a2edb89c31630a655431fc5620f1f3b098c5a83cb0294ee001c57efb476,,False
Brain Cancer MRI Dataset/Brain Cancer MRI Dataset/Healthy/162.jpg,healthy,224,224,1,uint8,cf6f7d2b27b852b5f2360b988557b01c9d655ac6553a0927c626654fb467dcb6,6b2aace8e661c8b37367e98a75366a6082e1320320dbe54ac0db42f6c2ed7868,,False
Brain Cancer MRI Dataset/Brain Cancer MRI Dataset/Healthy/163.jpg,healthy,224,224,3,uint8,4fc8563ec89128db5e4943b38caeab1b46ce66a216248cb1acf90fe7cd9b8edd,80c3b741ab173cdc9de42caa3613c44c5bdb17fe4a74bfdd1e5582ebb4fac678,,False
Brain Cancer MRI Dataset/Brain Cancer MRI Dataset/Healthy/164.jpg,healthy,224,224,1,uint8,00f2e252d2d464523d756f6b429e33e9b2ba2578e80e861b8fca47c86e56dcb1,6183cb3ad4db815146ed651119ca18d759ddc918b608cd0629b1b08e1558a623,,False
Brain Cancer MRI Dataset/Brain Cancer MRI Dataset/Healthy/165.jpg,healthy,224,224,1,uint8,e51108e107446144f7aca09fb544adb0b945d012fd11641f0aa8933524fdc411,fc436de93adeacf9269f2a976ebc273e7183fcf24a51810a635dd3d7c97c7bc4,,False
Brain Cancer MRI Dataset/Brain Cancer MRI Dataset/Healthy/166.jpg,healthy,224,224,3,uint8,accb38c59d48cc6c85a905f8db21f088813482b3c9f5a3168ec5f74c58310838,5c09b585d86e9e12467d025b8539eaf0d2d6f4fe218a08b90aeecd4223f154e9,,False
Brain Cancer MRI Dataset/Brain Cancer MRI Dataset/Healthy/167.jpg,healthy,224,224,3,uint8,dbe27e6d4e58a57ece964fac8469033d8e76a04a907af53671a5ea09f8d914f4,eee7d93201c63b353bfea7f5917f407fcd7ed2c89b13f9e0282cbdaff06f170b,,False
Brain Cancer MRI Dataset/Brain Cancer MRI Dataset/Healthy/168.jpg,healthy,224,224,1,uint8,d920891aa30fab71a42a4202899d22a49a5d2e4ad50ec92bf47d85f36f4ad645,da33ab543d31b0633c679855d983641ca67de12c66678a9f206ac79eefb2e179,,False
Brain Cancer MRI Dataset/Brain Cancer MRI Dataset/Healthy/169.jpg,healthy,224,224,3,uint8,ba31be6251ec6449aeefd600da179dfcb407eaedb08600433ee806db5ae806bc,15cf39613323583f26957a86178f2390b8312fb142cc85272e4ffb2861019ec7,,False
Brain Cancer MRI Dataset/Brain Cancer MRI Dataset/Healthy/17.jpg,healthy,224,224,1,uint8,25873cbb6621ad8fd29a702b539ec2f2c940326d2ac64b8d644ca134ea15d062,5c42ae23f460e81548c57a97b87286b6499733906d76e0332db03ad016ead644,,False
Brain Cancer MRI Dataset/Brain Cancer MRI Dataset/Healthy/170.jpg,healthy,224,224,1,uint8,a782d3aa07ace7406d2d2742820f04118e42e92836aeb0ecfedb186954c40848,e8b54a186f2b970bd446368c3a8a4d89f10dff140bdd13ac163b149783927f3e,,False
Brain Cancer MRI Dataset/Brain Cancer MRI Dataset/Healthy/171.jpg,healthy,224,224,3,uint8,3299e9510f0e54e6ecd13a85b13da39397236b5928e33b6814ecbd7ababcf8b3,58795f42ebbe4749b79ec8b6490bb82d6cff513f30608fa15b4932b6945a255e,,False
Brain Cancer MRI Dataset/Brain Cancer MRI Dataset/Healthy/172.jpg,healthy,224,224,3,uint8,d99fb54e70f8ffbe23eddfff4ef5b91ba402e8b169ef243d77b6637d0996df0d,a57e2a6e83b985aa82ca574421886f51ab2d3ec40a91305a2d8c0d216a28b6eb,,False
Brain Cancer MRI Dataset/Brain Cancer MRI Dataset/Healthy/173.jpg,healthy,224,224,1,uint8,dffe01c3e1a04a8b1c8e9051b501fcab42e328238a6bcaf7b0e59fa4b3f63f52,63be155c58115da062b68d0ce63b676dc4cb5c649345bba37d1454728a0530cc,,False
Brain Cancer MRI Dataset/Brain Cancer MRI Dataset/Healthy/174.jpg,healthy,224,224,1,uint8,0024e7cc2f8feadbaa2207ecbbbaf87bc3299c0b78dbf3eddc159e5121d2fca5,66c3cef7bb1ee608253be186f720fc9b4075a8b9ed2e04d4dac692a478328fb0,,False
Brain Cancer MRI Dataset/Brain Cancer MRI Dataset/Healthy/175.jpg,healthy,224,224,1,uint8,29174bc4ad7932f143d62944bb6b1ed3ff3d307a3488d3065baec4ebf2ede33a,6420294add36586e8b8e14b6c190aa84596fa50fd616397977bfc40d539678b2,,False
Brain Cancer MRI Dataset/Brain Cancer MRI Dataset/Healthy/176.jpg,healthy,224,224,3,uint8,2be691a0d00fa7e78763865537195d9faaadeae99538fd0fa4f32d90cb67c272,648321e6db38dfd998b44cae7ea6084bfa055ab66002b2fe9bab4f9e885f237a,,False
Brain Cancer MRI Dataset/Brain Cancer MRI Dataset/Healthy/177.jpg,healthy,224,224,3,uint8,5ccbcceb8c74ddaf97828979109563738836f6f3bbe81d8e5cc37f759fd6238b,c60f42801523fde34439226de3a47a6f92a2a60bc6c1fd238a16451e050c64d1,,False
Brain Cancer MRI Dataset/Brain Cancer MRI Dataset/Healthy/178.jpg,healthy,224,224,1,uint8,fe3adebe4e7750061c7fecbf50abf6e85e91c317102ef93e7f8d125a652a9a95,a42418c9167400c68b9eed3986e8c00d8d1b02abe771b6490bd32cd2f99bf30f,,False
Brain Cancer MRI Dataset/Brain Cancer MRI Dataset/Healthy/179.jpg,healthy,224,224,1,uint8,7e405204cba21561c4b7b7c4335c5d9d466e63f741e177183b909e9bfa82ac24,3ef6abc4a0ce4d2490970eefea25c892df1dd087d9a8492f05f4e3e66b5be742,,False
Brain Cancer MRI Dataset/Brain Cancer MRI Dataset/Healthy/18.jpg,healthy,224,224,3,uint8,2cbc81881de3a5e6d8b7d0560a266a905a22e2bbfc0bbe1fd29ea07830571fc6,c8f72dc153488a99ece494ce1e95f4dce358251ba5384429d9a5419a758f45ad,,False
Brain Cancer MRI Dataset/Brain Cancer MRI Dataset/Healthy/180.jpg,healthy,224,224,3,uint8,50e2f20cca3c74695b301ade0c1784074e779574ca908392c234f0a769eb3b14,2c2022662cbd843a2cbd41978a96cecb8abda4294212df29c5018445f80f70df,,False
Brain Cancer MRI Dataset/Brain Cancer MRI Dataset/Healthy/181.jpg,healthy,224,224,1,uint8,c1c4a29534788a63f2c78bcfc5ac2dcfa91a1ddb486524b5ee784aa1839f7f6a,e95de9894d8e6df55972232db888a3eefbf01dad273c8382e20917e9010937d9,,False
Brain Cancer MRI Dataset/Brain Cancer MRI Dataset/Healthy/182.jpg,healthy,224,224,3,uint8,cf538b558ed6e84329c6d7bd85fd4f6dff959201e168a446acd4a505e9bc9396,456cd808df09ed02af25ab9a08086ea52d5c61c8073d19460ad5c7786ae78672,,False
Brain Cancer MRI Dataset/Brain Cancer MRI Dataset/Healthy/183.jpg,healthy,224,224,1,uint8,7e12b5cb671e9979b675d7ff216d99dc072468cece53f2c41620b64fa990aac2,2b2c8a84a7ffc539f0f14b686ef74c490bf29886d1ce1bc48ff84befec1b9405,,False
Brain Cancer MRI Dataset/Brain Cancer MRI Dataset/Healthy/184.jpg,healthy,224,224,3,uint8,5dd2293151009d52911ff3588270ad9bbe303a3a44d685860ce9ddc5a7a6b47c,55a0c4333cab21262f81a7d8c9a035a52f5720d1cdad623626f0f1f75b98b462,,False
Brain Cancer MRI Dataset/Brain Cancer MRI Dataset/Healthy/185.jpg,healthy,224,224,1,uint8,ed6deec8bd95a40c17ef29b7fdebd2f0109bf0aced2f5f85e6f98b789fb43b70,69261a8a7daeee52184d8c71331f7e215a2b296583142666b9c8e517a9d9cdfc,,False
Brain Cancer MRI Dataset/Brain Cancer MRI Dataset/Healthy/186.jpg,healthy,224,224,1,uint8,d1bf166e3ab7e12a015ea13b357ee4d350b7f084f65da3ce6c9f0b8c986a8fc6,bc27efb6d02198a7b064bfda6114798f04a2f9904eb15d07eb9b2a3f300a3451,,False
Brain Cancer MRI Dataset/Brain Cancer MRI Dataset/Healthy/187.jpg,healthy,224,224,3,uint8,bddab0195bb5e4841f4c188c132b92ca918049be6849d814c0d662fda60500cc,2509a8d342fa9ecbb76c2565b10bc5eaeab489b8ad26fb0821e41ed6cb186365,,False
Brain Cancer MRI Dataset/Brain Cancer MRI Dataset/Healthy/188.jpg,healthy,224,224,1,uint8,418cffc0238b175127c40923c2812bf48bd3a97a46c858eb77140629f74b5b1f,92b9f2ec0afea859fc538f27010011cb9da4d1572f461d0cbbfec5f9ef1b53cb,,False
Brain Cancer MRI Dataset/Brain Cancer MRI Dataset/Healthy/189.jpg,healthy,224,224,1,uint8,8facc803756bc19023b81f996a65f7f5aa65a9f2acd3fa53e0e843ec91f63705,13fa41db668028cbd836a3285563f31522b6fa79cb4180eccc7f515bd36fadf7,,False
Brain Cancer MRI Dataset/Brain Cancer MRI Dataset/Healthy/19.jpg,healthy,224,224,3,uint8,2dea8b3de334ca642a9561fbada9b18a75e35fbd75c07910351013c8b591d337,3f0aeb80e1bc6b9aff6cec37528c2e619d38021d5a9c45f16afa3e7afb9ba467,,False
Brain Cancer MRI Dataset/Brain Cancer MRI Dataset/Healthy/191.jpg,healthy,224,224,1,uint8,e0efbf434a928deb143712c8610dac6017ad34e66e548e81932e79cd33104811,ef5dd03ff04890325187615bd97cce7d16bd3841ec8c5f553a27cb8e40895a73,,False
Brain Cancer MRI Dataset/Brain Cancer MRI Dataset/Healthy/193.jpg,healthy,224,224,3,uint8,927548af961fd6b6fc2f66bc4db0af1b698330eb2bc8cf61510c461d7b76ff79,99ef4fab28e2faf8658e964e34ed28f6cde6e1745e0a1816e459e8c035ece885,,False
Brain Cancer MRI Dataset/Brain Cancer MRI Dataset/Healthy/194.jpg,healthy,224,224,1,uint8,7cd8894d0243a9eeffaab41c63895cb27b79cd7fd6fda24ee5a359c336349449,7acf8258c6f85c1aa90c0e55f4dce865aa6ac35f84c2bbc46adc8dd35c788538,,False
Brain Cancer MRI Dataset/Brain Cancer MRI Dataset/Healthy/195.jpg,healthy,224,224,1,uint8,86f90a4a9a4f5a94f164bb571d8ff589d80357ee36a35574fb1ebecf8d4005c1,1eb7355d1e3281f78fe866e8aa3d866ce2b8e07d0227d57c439b370eeab534fb,,False
Brain Cancer MRI Dataset/Brain Cancer MRI Dataset/Healthy/196.jpg,healthy,224,224,1,uint8,57ab00aeb9efaab916e4878a7424c286fc73d6483e65a23d18917cb5b130daa6,5890e5b87f3f97a6802c55db16e2a4a06b9c7c97fde413c769e69c43e3ae2ea3,,False
Brain Cancer MRI Dataset/Brain Cancer MRI Dataset/Healthy/197.jpg,healthy,224,224,3,uint8,e082f8f1469b09612c4b07e140f5aa44b9649b753a9797583584a72bf99193eb,1396ea116fb81d61269200c6db609d99e06737b675b41c578a1331c3808bca48,,False
Brain Cancer MRI Dataset/Brain Cancer MRI Dataset/Healthy/198.jpg,healthy,224,224,1,uint8,7a50e6a538875b4cf56c8548bd907aa57873d30bf759af11e36806568c653037,2b563f7ba2c9ac5b73d925e1430b7905d78f2e7a8c8d25543754dd1ad11629fe,,False
Brain Cancer MRI Dataset/Brain Cancer MRI Dataset/Healthy/199.jpg,healthy,224,224,3,uint8,865d4febb19c874cc9e32e98b14631006eb6a3780417b002d320f7a4d97f93bc,39bb155ae5a272b9efce933c18980a57f9556bba994bb9107985483c75517765,,False
Brain Cancer MRI Dataset/Brain Cancer MRI Dataset/Healthy/2.jpg,healthy,224,224,3,uint8,68f6736119be60e40becca39dce0f218aaccc78960d31cb3f20ea0adf0a85ba4,ab3074daea09ab14ef85f99c6f3a5bb5ed59ec96e90046fdaff4f09dd9a4c7d1,,False
Brain Cancer MRI Dataset/Brain Cancer MRI Dataset/Healthy/20.jpg,healthy,224,224,1,uint8,427d8ebffa6ac217154f4fe76e41adee7ea8e8f776f702f4c2645adc2ee59cc4,f5de1e0ac6dc692a30c4a6e6de805979d96fbc5f83537ce7f83acbd8f000b8f4,,False
Brain Cancer MRI Dataset/Brain Cancer MRI Dataset/Healthy/200.jpg,healthy,224,224,3,uint8,c230d69bbf815570e9b54fc39d7ea76b7f372a8434358b0e3cad09105b164bfd,7c1ba3db81e3ba3ccafc7cc4eb2e61d1a4a4b6bd49dad9b12f51a104120327b1,,False
Brain Cancer MRI Dataset/Brain Cancer MRI Dataset/Healthy/201.jpg,healthy,224,224,3,uint8,ace4740c3696091cd6b7afadbe7c1e207153fdc6c9679f7063d5ecdbce2bc404,4bc4540100ceccd39f9f574052a3860b8a29318f5a94bb9f2593452cf1e4628c,,False
Brain Cancer MRI Dataset/Brain Cancer MRI Dataset/Healthy/202.jpg,healthy,224,224,1,uint8,c9ce8170a8a4b836fb934ab9eab27b5073ba30c71def1296b9c02bf885d287c0,c676193c4bfd913fbf966278e3b0c08e460d2a7f027152d757c3d90e173dcefd,,False
Brain Cancer MRI Dataset/Brain Cancer MRI Dataset/Healthy/203.jpg,healthy,224,224,1,uint8,b9accf485596d1d8d024ac392b7d4e0cc66e33bd5f7b0df558c4cd190eabeb02,81b759ba06bd6a19c64266c86b0bc8bcb722ea7166716a20bdf5dde94c2e728b,,False
Brain Cancer MRI Dataset/Brain Cancer MRI Dataset/Healthy/204.jpg,healthy,224,224,1,uint8,1929fc3f6c6acb97aa74f9db275db62957435d36bff6d568c260d3b6f8a8fb5b,ff20e282b20f4350c16cf6ffbba656eaf41f4d753467735b388cd5dfb1f54b9d,,False
Brain Cancer MRI Dataset/Brain Cancer MRI Dataset/Healthy/205.jpg,healthy,224,224,3,uint8,8bcc27e30ae20a4264ecf83172a125bfdbb46317e341d72f7b5f117ccbbe6623,df3d6c6326301b7f6920034c12c7ff7d356b1e87d617941188c6142aff020da5,,False
Brain Cancer MRI Dataset/Brain Cancer MRI Dataset/Healthy/206.jpg,healthy,224,224,3,uint8,29fe5df38661afbec04315a9c80e8be5711d56effbe597068667d42c1db5ad0d,48a81c1313b262d250a7418cdfb5b9c490f61ee66eb51c4e0b788c87de457842,,False
Brain Cancer MRI Dataset/Brain Cancer MRI Dataset/Healthy/207.jpg,healthy,224,224,1,uint8,dc8c8f43db9a458fa78be3aadac3eb1bbbeec42a61ce3a2e57aa4d7fa233dce4,2e9934d8605ca15189f578d6f94326efbc56b4c481a01bc95fb8a7cd82d04e56,,False
Brain Cancer MRI Dataset/Brain Cancer MRI Dataset/Healthy/208.jpg,healthy,224,224,3,uint8,d2679c06715fd63513757417333b7fead9f77c4617df9bcaefe0cc7bbd02e791,6ad1ec23caafed6aac1dc8e292b9b7f1f9b9c9bac81b1fececa9dea0f6eae00a,,False
Brain Cancer MRI Dataset/Brain Cancer MRI Dataset/Healthy/209.jpg,healthy,224,224,3,uint8,000cd70c159bc9d97b83ada5f478ee211772f060f146806a4f26f4ade7d6d3f4,52e3c25e99d9a46459d8e7192536d8f9a425092a3b259b632da6102dcae7312d,,False
Brain Cancer MRI Dataset/Brain Cancer MRI Dataset/Healthy/21.jpg,healthy,224,224,1,uint8,c8d20521cf2c68efe2185a8616a3fd4c74e043a8196e005e39bd07856453851c,52cc1ea6833158fe0534f50ff44fbba8fbe7792d835805b6ecc3e6c3e5e6926f,,False
Brain Cancer MRI Dataset/Brain Cancer MRI Dataset/Healthy/210.jpg,healthy,224,224,1,uint8,b9a8f705e7ce2057e0c1a6143c146c4e7c9c971eed00c812f5bc9873f752382e,697302c04fa1b391347035a08727f41757b4f9cb5b71592b5c5c8119dcb29d13,,False
Brain Cancer MRI Dataset/Brain Cancer MRI Dataset/Healthy/212.jpg,healthy,224,224,1,uint8,982e8a418cc51a9c25f7fb66f752d2f170322c19b8dd8d7747afa382f90665cd,a138b326a705d75a271ebb03fd731ca912d7b500b2db91aad358bc5c44544db1,,False
Brain Cancer MRI Dataset/Brain Cancer MRI Dataset/Healthy/213.jpg,healthy,224,224,1,uint8,8cea56a66dfeef828f22e889f1b94d1109a6a792cadeac668d648b0f541291a0,83caf2dfdebf6ffc338cfed73e249b5403961a42a20924ed6a4dcf7c593e468c,,False
Brain Cancer MRI Dataset/Brain Cancer MRI Dataset/Healthy/214.jpg,healthy,224,224,1,uint8,e6f4ad1806a91b2a0ef51df4e2b7bb250f6a5d13e44a0c35c3c4933f6e2f045b,ff543184067bff7fa321eeda016eafa7590113cc8b1e8486f6ab41280a060de9,,False
Brain Cancer MRI Dataset/Brain Cancer MRI Dataset/Healthy/215.jpg,healthy,224,224,1,uint8,f41478c18a1b50835cff7ee5638ef498f05abda8ce4e97539b8da13f7c2813e0,3a3e6d87f19e718372478f2617d286e31680bd8216812f54f6395bd8b2b247aa,,False
Brain Cancer MRI Dataset/Brain Cancer MRI Dataset/Healthy/216.jpg,healthy,224,224,1,uint8,41d47cf729f6e305b6218a93210236c8cf937d516c7dd87f8b85ec2cc8284a96,edad50f67acba90fc9afe4c5d13e74f9cd619abbfbf43ee4c53f703eaec7b458,,False
Brain Cancer MRI Dataset/Brain Cancer MRI Dataset/Healthy/217.jpg,healthy,224,224,3,uint8,d7a434fb15c0e3938e8eddc0961f44c79946db6b760729ef56998393ddfbb670,8f59498c787f9a2206d517ae72798d5b958ef1c63a0f83f0fe9fc18cc4d879fd,,False
Brain Cancer MRI Dataset/Brain Cancer MRI Dataset/Healthy/218.jpg,healthy,224,224,3,uint8,f4b18fd678b58373bdad5e8b1757dac31144af28466bf7f2f5efde45ef4456cf,068178599b15c1761c59d2c7233d834a3c8efd4963eacaa72d0fd887da59592a,,False
Brain Cancer MRI Dataset/Brain Cancer MRI Dataset/Healthy/219.jpg,healthy,224,224,3,uint8,8b7cab4457b690ecabd0acfc7c8b2ded5ba1b118ecacc33c2ab46255c5a53bd8,77ab47377b6129fed40885a157fce311757902076c28d9c22bc57c5d9c46db98,,False
Brain Cancer MRI Dataset/Brain Cancer MRI Dataset/Healthy/22.jpg,healthy,224,224,3,uint8,a02d86b1e4bf3b634211cef74bfc0e7ec05eb0bb3421a62ad07af01e92296912,d6abe3c70553d0dbb5e58e8b406c08c38784d05d500d84947ec8a34f8593de61,,False
Brain Cancer MRI Dataset/Brain Cancer MRI Dataset/Healthy/220.jpg,healthy,224,224,3,uint8,28f486a96f48008cfb756991e70f09e605b7eeda822e602069a6bbe728cd5037,394d1ba9ce63e2eeec31eaf721267f1d36a35ce4ab81f4ff32270e94d468aa7c,,False
Brain Cancer MRI Dataset/Brain Cancer MRI Dataset/Healthy/221.jpg,healthy,224,224,1,uint8,81aeb2b606b9aef08d6a2b0d35fbad0a64e882bc6665631d6b285e0dcc58615c,e1ae75778889ecda732596f7739111617d373fb36559e1c729b64abbc44b28a6,,False
Brain Cancer MRI Dataset/Brain Cancer MRI Dataset/Healthy/222.jpg,healthy,224,224,1,uint8,524a84ee8a8ce71bf453af5a238f20680f3f3b1ab5def57bb39963b2472b8171,5d6ae30dcc1e11cb5e7095d41537e03b52281c4ef46d59759d51d8ba2a8bcf75,,False
Brain Cancer MRI Dataset/Brain Cancer MRI Dataset/Healthy/223.jpg,healthy,224,224,1,uint8,98d80278ee25b8da78f4a287bd6e7c51c2db52b6cca489903528dca614e88cc7,132c04925bc02194141f476e56942814579891155a820207b0be205ef0663644,,False
Brain Cancer MRI Dataset/Brain Cancer MRI Dataset/Healthy/224.jpg,healthy,224,224,3,uint8,7ea3809cdffbc9c1047d49013ce80af6a1cba46ab23c6bc9443ac1b202955551,910b9355d5541c2eaba4d8370cdfece6c3eea62ea043c7557da392447d414321,,False
Brain Cancer MRI Dataset/Brain Cancer MRI Dataset/Healthy/225.jpg,healthy,224,224,1,uint8,c8b8e579c73ac2f3fa577f5bc8878e90719d093dd6e9366f99886e11880bfb87,7f0ba822d2b7a79f5bef95d8998e746d287d6f710fb0d58fe018a66256229db8,,False
Brain Cancer MRI Dataset/Brain Cancer MRI Dataset/Healthy/226.jpg,healthy,224,224,1,uint8,fb8e04638ff07ac3da46fbe94f9a805cc9f6312bae615254f6a2e7cdb77c2285,13ce5125d29d9acffcd0f9e8b669c83ced4e1295992aea3dea2b29f5c8cb12bd,,False
Brain Cancer MRI Dataset/Brain Cancer MRI Dataset/Healthy/227.jpg,healthy,224,224,1,uint8,00fb6c94c91813ce52917db2817a2aad2e9172084827735e65958a69e1b0a4bf,5ac10d993952df935151c83e7ce1759ca1ea00dfa6e1c7cb71ed02a63fc8a92e,,False
Brain Cancer MRI Dataset/Brain Cancer MRI Dataset/Healthy/228.jpg,healthy,224,224,1,uint8,06b82a43ff8e9828bb2e9e9a42ceb6b56c14edee404d02fc1e789d787026c0ec,11cd3dd832671de76292d5017cc0f05ff3c55e2ab6a0d5320102091387c5a243,,False
Brain Cancer MRI Dataset/Brain Cancer MRI Dataset/Healthy/229.jpg,healthy,224,224,3,uint8,bc2a6efc17d40b1ecb4dece77a97593418e42c26fb285c25f653daae39e9b159,fc395b59889e8df2e65556f933d20a2af2bb8c8253adc66edc7fd4c40a5cc3e3,,False
Brain Cancer MRI Dataset/Brain Cancer MRI Dataset/Healthy/23.jpg,healthy,224,224,3,uint8,dd85008caacd8c3e81ffaf98fd579b607fe6b28061a8607954a688307054902d,cb3083c683b315778aff19feea18ffc4842d0c3d9d05e6a6802804d7ae5fcf4c,,False
Brain Cancer MRI Dataset/Brain Cancer MRI Dataset/Healthy/230.jpg,healthy,224,224,1,uint8,8cbe6a13a6100f42b24707e21da25f9d391fa985151b2bc4ae7972b280510562,5f5333857cc386698df066ff616375c2726794714f26719b63cee7c1f644d1cc,,False
Brain Cancer MRI Dataset/Brain Cancer MRI Dataset/Healthy/231.jpg,healthy,224,224,1,uint8,00ba46299b1c74ad50e230bca4c12b5624985c79a538019be991cd1e87c4a3c6,012f642b0d92e943e1c92d1821fbf6ddff3a3115730597bc6dad620c0240ab6d,,False
Brain Cancer MRI Dataset/Brain Cancer MRI Dataset/Healthy/233.jpg,healthy,224,224,1,uint8,cd502e2c9f5bcea1e63731653b955dde169afe693ba55c30b329084462843c9a,934baf5b047a6118ddd027d7cbb4940673de37a27e067cae05673c001ec026af,,False
Brain Cancer MRI Dataset/Brain Cancer MRI Dataset/Healthy/235.jpg,healthy,224,224,1,uint8,a289b85982132221323e86236cc01acaa663d27d9e43b3739113a0d509c26694,a5da5c376c3518cdc6aabd3a40dcddb47b6e76cd6178f1bc2eafebc3ba14aab8,,False
Brain Cancer MRI Dataset/Brain Cancer MRI Dataset/Healthy/237.jpg,healthy,224,224,1,uint8,639f74dbf34d07f81119c4444a91f98e0bb45d69e6e15d644804bb7335d70ce0,23efcdc2ada6053574b61b4218fd8a4bc2cb2b34c45d5a2434da58e839e471ba,,False
Brain Cancer MRI Dataset/Brain Cancer MRI Dataset/Healthy/238.jpg,healthy,224,224,3,uint8,178b6bae4fa4dbbf38c17372e1659b856065adce511b9b2ff0cd2c6578b853a4,616d448e860c0cf0f71941f9d75e9763bdb15884037ba5fd391518b36db917f2,,False
Brain Cancer MRI Dataset/Brain Cancer MRI Dataset/Healthy/239.jpg,healthy,224,224,3,uint8,8dffeb8cd371146836a81d181e750e419f25016aa79b33969c17164bd3109184,3657c2d815181fc2e21f2c859c9ddcd36ce70cd36d29c01cce7ff7ba469b4aa7,,False
Brain Cancer MRI Dataset/Brain Cancer MRI Dataset/Healthy/24.jpg,healthy,224,224,1,uint8,e5cc28867195a04b6d90cfef6b89294e3dd77382ff50c22633a3f12d9d4f233d,1ca16f49a076e89222c57b4c41b1b1c3f60d581b56e4e51913ff0ac5df1e6550,,False
Brain Cancer MRI Dataset/Brain Cancer MRI Dataset/Healthy/240.jpg,healthy,224,224,1,uint8,3ef8e96f0b78049d66d35bd997aca73593c5debc455a8011b7287ee4071f873f,59e9d5c3be3673d992af43e3ca2074395004799c9c57cb5a47501f0f84fcb677,,False
Brain Cancer MRI Dataset/Brain Cancer MRI Dataset/Healthy/241.jpg,healthy,224,224,3,uint8,2e6b23b0ec8fadcc634fb72430d9a5e53ace60ef880d97e2caf9b6416644d114,9e570e3bb40ecadf4eaacdc81ee56148ddba4bafd5b1530bfb0ca2a29ce92ce1,,False
Brain Cancer MRI Dataset/Brain Cancer MRI Dataset/Healthy/242.jpg,healthy,224,224,1,uint8,15fe7b855f407452508c0de77b41a5d7b5be3c96a2b17f7c17697e8c5ed9eae5,19a2d7c5d4034c09678504ecb7fff54d01071564fd6cd9c3ebd8a3f80dda2366,,False
Brain Cancer MRI Dataset/Brain Cancer MRI Dataset/Healthy/243.jpg,healthy,224,224,1,uint8,8c611337aacc0f348dbc8cec198d602686a6b8c7d8224370946c2d3e66ef6bf6,bd9e8c1ac9da5566b61ca8d4642dd3431228ac36ddf7c636be5cf464f0efb80a,,False
Brain Cancer MRI Dataset/Brain Cancer MRI Dataset/Healthy/244.jpg,healthy,224,224,1,uint8,1d1c3f239edd17e5365b2215a48e93f073fc2814a2f50738dfb72fec96743088,b1e8cb80dd14ed04a75d2f9ed27a63540458c352edd6e2e6ebff9ce0d525c757,,False
Brain Cancer MRI Dataset/Brain Cancer MRI Dataset/Healthy/245.jpg,healthy,224,224,1,uint8,ad48e2fcf9f090e9cb452d88b27ae9931f0c6360927a063c228034e1dd90abb7,ac20be9c129c5a23b2df0262078997a6616038ddb7a3aeb7f3d44b17056c0c28,,False
Brain Cancer MRI Dataset/Brain Cancer MRI Dataset/Healthy/246.jpg,healthy,224,224,1,uint8,d58ef65f06d00b30bae2465b92eb341b368371beac1f457de9aa7337db16b97f,ded7ce92434834cafa197956b540c5f0307668dd85f889dfeabc84ecc630e9e8,,False
Brain Cancer MRI Dataset/Brain Cancer MRI Dataset/Healthy/247.jpg,healthy,224,224,1,uint8,df560e021c5d929d27eb0106d060d70ff55c2fd16f75c06529145ff889c0aef6,5467048c5d26f25007d4d6b9b154084d4deab5ff2a5f947b2ebcf1a2dbadb025,,False
Brain Cancer MRI Dataset/Brain Cancer MRI Dataset/Healthy/248.jpg,healthy,224,224,1,uint8,6e14657f251a7e2ca6fe66404c9bf7097b15ad8a023c4f31b02f79759b4cab63,88fe20ce13338dfe18b1264cf109d76ea9c29a22da5ed75db563cce4b3cee147,,False
Brain Cancer MRI Dataset/Brain Cancer MRI Dataset/Healthy/249.jpg,healthy,224,224,1,uint8,b3f0b557b9a752a09ae0009ad9d06456ad480cfb3862e7a9507a93000e4f6e9c,a17e81a4728f67e7339b2c2c4442532f58476214aa9ed89999dbcce86dc67512,,False
Brain Cancer MRI Dataset/Brain Cancer MRI Dataset/Healthy/25.jpg,healthy,224,224,1,uint8,a03e1611e947d10aa73d7ade726008a8f02d2351d6e76c836199df6153ea33f8,0063ff5a6b9e6afbd1b8377c58b35f7f2d36f27e143b276c20f64d2c7e71536a,,False
Brain Cancer MRI Dataset/Brain Cancer MRI Dataset/Healthy/250.jpg,healthy,224,224,3,uint8,079ab8a11770315dbe3856c8671f443ea0d3f7616dbf08d47a0609515da49587,fa9e20ddd5c021fa6bca1faec8120e46461f460410dc7c3de25f78f59bf46e8b,,False
Brain Cancer MRI Dataset/Brain Cancer MRI Dataset/Healthy/251.jpg,healthy,224,224,1,uint8,8ee4975515b2aeed482536e1a5bba2c6dbf1c60cf3bde47be9762732d2886335,1a3d132958a8c4779d651273c17bfbfa3cdb33b658d826152269531caa26276d,,False
Brain Cancer MRI Dataset/Brain Cancer MRI Dataset/Healthy/252.jpg,healthy,224,224,1,uint8,e740dc0b5eb7bedf407c882ace5f793d372f96ba181afeee02a3a20fdf7ca7d2,926cfe92186c17ee8191fa52a437216c9a33b937c6cbb3d909ef57924c7fdf4a,,False
Brain Cancer MRI Dataset/Brain Cancer MRI Dataset/Healthy/253.jpg,healthy,224,224,1,uint8,d84362eb6b7140963ff2179c2c3ebdfcdbac243ff9c319d3fce087d9f4cb4b88,8ff39ab5a6f04d7c50d24908585ae28f0acf62a8f8a6aaf8d7b77ec96a0c5661,,False
Brain Cancer MRI Dataset/Brain Cancer MRI Dataset/Healthy/254.jpg,healthy,224,224,1,uint8,bd97a473fa0af42978f5f5fc876563b65459e297959eda8e15e4446734321021,030cb74bc9daeaf5a93692b1b748d3b83f70871c31d0210db27f32f714341767,,False
Brain Cancer MRI Dataset/Brain Cancer MRI Dataset/Healthy/255.jpg,healthy,224,224,3,uint8,eda07e37d0298689bc5713017a4e9fbe7903271c4a36698f5a3e253fc2d3e764,4cfc1b23804f3ae5cc181c0d63c6b4ed55eebc3aed97a9d338bb441408955cb1,,False
Brain Cancer MRI Dataset/Brain Cancer MRI Dataset/Healthy/256.jpg,healthy,224,224,1,uint8,01ff5c9721f174515c6bc59859e7b89e76e8cd912a8bfc580a29c59593a547af,2ee2fa75f1e21f89bb0c13cc53473409c875dbb10e0aca085db68cfc5be1996b,,False
Brain Cancer MRI Dataset/Brain Cancer MRI Dataset/Healthy/257.jpg,healthy,224,224,3,uint8,fe34cbf1b5636992b3c25306640cb34fef7350c4d692b8d93a12ee4df7e16d9d,f252a06edbbc0034c77e01280649a7e82ac74ab24d63f474ef15972d1425f8f4,,False
Brain Cancer MRI Dataset/Brain Cancer MRI Dataset/Healthy/258.jpg,healthy,224,224,3,uint8,0212d0f56703df977c01e67546df3510b1951281b02dc234b9fd7eafd561f7cc,734a6b786cc62fdc9e728dd7fee4edfe21eb2d21f3e1dd63fb1b44c5010a92f0,,False
Brain Cancer MRI Dataset/Brain Cancer MRI Dataset/Healthy/259.jpg,healthy,224,224,1,uint8,8fdfbfbb788483ca1fa3a064b130d79c96d454eba694a0da1071f8664bd2b3a3,c7620e216e1cad81747c653b5f12e46861192b7bee58ffdefd868878bbdee935,,False
Brain Cancer MRI Dataset/Brain Cancer MRI Dataset/Healthy/26.jpg,healthy,224,224,3,uint8,ee13bf2ed3e1e9b9cd5afaea57e05b00d536f84b74f602015798d7ccd6932b16,0fe3e2146b540e1009421720e773d78b03a2020272ca28ddd1e2cb8a04140617,,False
Brain Cancer MRI Dataset/Brain Cancer MRI Dataset/Healthy/260.jpg,healthy,224,224,1,uint8,c764edb83f8ba62881e2bf321aaf4713a0988d76e92e2639eed8c66cb5c7e42e,3052e3e56725d27a99a3031b0994f921b4f164eb6df36ce500cac8d0b9a790a2,,False
Brain Cancer MRI Dataset/Brain Cancer MRI Dataset/Healthy/261.jpg,healthy,224,224,1,uint8,339dee9876293d7fbe0238939acaf37c772d1f28962fe4dd7aa9717390b1b500,908199b9a318bbf6d8f1da1ccc8906fd5a8460e7dd1d6b0a23f054a6f5bf46ab,,False
Brain Cancer MRI Dataset/Brain Cancer MRI Dataset/Healthy/262.jpg,healthy,224,224,3,uint8,3a4aba2123950eb44dc6992f238354001c9aead41b34347702f5f0d81228f0d9,2363a7789a9d9449486e08e2d2b3dbbd3507512e907408408e5e1f1ce13152c4,,False
Brain Cancer MRI Dataset/Brain Cancer MRI Dataset/Healthy/263.jpg,healthy,224,224,3,uint8,8c10e06b841eb650451fad89154ccb20322f053c75cdf1e04ecfdeb8b3f31a6e,2bd9ab80fef975e62633d4559cd7e64d973b90e79e0b9d4475b03582e44c1d39,,False
Brain Cancer MRI Dataset/Brain Cancer MRI Dataset/Healthy/264.jpg,healthy,224,224,1,uint8,1cf0772876d0b75e624df950b62696a3d6a056d92402713ee5bc9bf63a5d57aa,a69b7c959925b6f6b86bb618428edbe45b1b751c00a1ebd89ed95732e1a4d484,,False
Brain Cancer MRI Dataset/Brain Cancer MRI Dataset/Healthy/265.jpg,healthy,224,224,1,uint8,196e4eb28482ec1b33bd7c183ae7af56b89daf579e748c5f4019ac52377806e1,c8abeffef4267fcaef08cc18ac7d79375343e9377b270fb5e2195bf853bb8df1,,False
Brain Cancer MRI Dataset/Brain Cancer MRI Dataset/Healthy/266.jpg,healthy,224,224,3,uint8,9b49ae73a7f30d1104eda29f47fffd9288416347c4e4228b97c12bbe0b55d632,e5b0facc74602b77b05c4c681e09c64081e95c81fdb0b0ac5a52f9a63a5e3ec5,,False
Brain Cancer MRI Dataset/Brain Cancer MRI Dataset/Healthy/267.jpg,healthy,224,224,1,uint8,5a232d01bf653931ec01269c178cb800b3f9a999518fce972c5f4df6d868d7f8,4608b1b0b6b366c38de4e7c90cb7b34f78e4c8129f32d46d8b6ea53c6809f5a5,,False
Brain Cancer MRI Dataset/Brain Cancer MRI Dataset/Healthy/268.jpg,healthy,224,224,1,uint8,2dbea5477a4507b2932db284a7313fe8cb8d9558e801c35d254be77ab5d1e1a9,9378344f425a9a21730348a6257472814d858e7f9033387e63704b1d5d3ba473,,False
Brain Cancer MRI Dataset/Brain Cancer MRI Dataset/Healthy/269.jpg,healthy,224,224,1,uint8,9ef1a45063d71f344d116521cb9d0d1076ba4226330115885cea97a2c3e8758e,35b0c5d1523844926d39217055f0113d6b342d06df23765039ad9c1c1958f61e,,False
Brain Cancer MRI Dataset/Brain Cancer MRI Dataset/Healthy/27.jpg,healthy,224,224,3,uint8,7cf0528be8b0d8e9b784d206824eaead1e256e9b6d81bb2aedc41183dbcf4b8e,9829a3a0b49cd18508e36e3be46b2e426de87362fa031fdd0863d9fc2f391cde,,False
Brain Cancer MRI Dataset/Brain Cancer MRI Dataset/Healthy/270.jpg,healthy,224,224,3,uint8,5cc740d8dc1bcf88dd9741d9bb5de2e1bb0ef27f529f90e46d38a9e51dc8c095,94e6f3ca1100d388f11d159c8c2f18433b2b9b3f448e571bc97072ee70dd1fa1,,False
Brain Cancer MRI Dataset/Brain Cancer MRI Dataset/Healthy/271.jpg,healthy,224,224,1,uint8,9024acafed0b1b928b994fa58659515d579d1a3ef853efb15cfc1a13a71e92cf,1b86b2bae1e99f0d99c11ce4469e2ff82aafc75d898de846c7d03d1131391fc4,,False
Brain Cancer MRI Dataset/Brain Cancer MRI Dataset/Healthy/272.jpg,healthy,224,224,1,uint8,061e11522553144b3589706ee5ef5c7825b3e19a759f53ee8094d4bbf732d086,30429b5d6fd04289b2d39d246f596460f60c63d8c23b73526a720d538a87239a,,False
Brain Cancer MRI Dataset/Brain Cancer MRI Dataset/Healthy/273.jpg,healthy,224,224,1,uint8,d145752571de7c877c14a0b203265f314db36050bd66e27291b4896c12d3904a,6bb9d1cdc2e7c6832adda94f3fa645d257f3d5c710ad1473fe057b93f29fe887,,False
Brain Cancer MRI Dataset/Brain Cancer MRI Dataset/Healthy/274.jpg,healthy,224,224,1,uint8,f84c4df6d58080eb06e183df6ea8ce00772b10227dc74495914a74e9a0308911,98df30a9919a70ab3ebcc455b6ae22f0c81b145d867ab33f75b039c3cd2affb1,,False
Brain Cancer MRI Dataset/Brain Cancer MRI Dataset/Healthy/275.jpg,healthy,224,224,3,uint8,2686bf7772aceefe892e9d813f8778dc29b2fbc86d78feefb3d7f2795edda383,293dbb12ed4a538bc3973c53db964209ae92254d5805b764db4a9dbaa662ced9,,False
Brain Cancer MRI Dataset/Brain Cancer MRI Dataset/Healthy/276.jpg,healthy,224,224,1,uint8,fda985188c6cdab4752ad07d814c661bc542e6d0120f431623606c0373e875cf,72dbd2aef012f31327401e65acd8ae20f090dbc3f9b5ff245c0e0d0299ba05ae,,False
Brain Cancer MRI Dataset/Brain Cancer MRI Dataset/Healthy/277.jpg,healthy,224,224,1,uint8,9c36ac77319c75272a902ffb7c1212e0021d097a7fcd6c25e5501b9567d487ab,5a1691512a2d2678cf8e7e39d14edbb54a79c2c41f2096be67a73e4bb1b9bd72,,False
Brain Cancer MRI Dataset/Brain Cancer MRI Dataset/Healthy/278.jpg,healthy,224,224,3,uint8,43b9601056841044b71d4ee7b8bca58920a91e976ebcd036f165b0b2cd210a4f,968ef2e16db425dcd764a074d78bf8a32511ea1970ea50fb1b2650578dfa34c5,,False
Brain Cancer MRI Dataset/Brain Cancer MRI Dataset/Healthy/28.jpg,healthy,224,224,3,uint8,ef0fcbc9619d999c613b9e1e46fe2591036ab9d4dd69142cb29f484107d29984,24113688e00bd0870c5bbb4feda20633cd4ef25e858a0cff2904f1b2c914509f,,False
Brain Cancer MRI Dataset/Brain Cancer MRI Dataset/Healthy/280.jpg,healthy,224,224,3,uint8,46bb83a5b202da105fd959a9b1ca03edaddebad48216b4713589cdf88c4e791e,1f17d27e3dbf4fea7c93d24a92c53124a160e67107b1be603b751f979d926a7d,,False
Brain Cancer MRI Dataset/Brain Cancer MRI Dataset/Healthy/281.jpg,healthy,224,224,3,uint8,f244b138a47b35f581aac12cb864b7c3cc4feb19b1aa9dbfa1d8bc88eeea1021,e8f1043e830b6771bb01884e7771866a5a0b630630dbbe0ebef6fb362ba17d90,,False
Brain Cancer MRI Dataset/Brain Cancer MRI Dataset/Healthy/282.jpg,healthy,224,224,1,uint8,9e19fe7df9557436dab93fc08cbc6004b7dca80c623ca3249cf2a73d3e71c0f9,0c2a1493afb531f3c13c3a9cd83681860816b54d471ee8107b582aabd5e63544,,False
Brain Cancer MRI Dataset/Brain Cancer MRI Dataset/Healthy/283.jpg,healthy,224,224,3,uint8,d56a0f078c06a075011d7a2fd556c82c936dad5788c031d22b4d07ed2b35f1f6,7e645a2588d74b3ccf170b402a44d7d9353fca15f59e649ccd9bea25e283265c,,False
Brain Cancer MRI Dataset/Brain Cancer MRI Dataset/Healthy/284.jpg,healthy,224,224,3,uint8,f2445da36491badf420aa93b8abba6286ee727578ff09e8cc3f1ffdcd24af7e8,ad77d905e39ac8cdaa829d411e22500159831e1783cca54e25db1cf34e313966,,False
Brain Cancer MRI Dataset/Brain Cancer MRI Dataset/Healthy/285.jpg,healthy,224,224,3,uint8,6b66153bf778e45cb929e5bd51caba27948c5d6cae3755962bf1b6c86c101eec,429ad429369708d363d7dcd1f50f22a96b079682c5b9e285b8757d882f69f5a7,,False
Brain Cancer MRI Dataset/Brain Cancer MRI Dataset/Healthy/286.jpg,healthy,224,224,1,uint8,628ea61d1638e3dac449533986ab3f6b7a3bea81defe087976118b05e7b6ab77,7a5fd16790bfb6a3818bb5c608830296292b0cbd96b6677be7124d5e360bcb56,,False
Brain Cancer MRI Dataset/Brain Cancer MRI Dataset/Healthy/287.jpg,healthy,224,224,1,uint8,b2d349acf2af5327a4f226e010ce8183b1ee926ba2ead07c09d98553486661ed,1da18d2f341ca96c4a9334bbb8655835e704522d6d375feb74b32a0312731d8f,,False
Brain Cancer MRI Dataset/Brain Cancer MRI Dataset/Healthy/288.jpg,healthy,224,224,3,uint8,3b227b97f9c40bd7c588b0fdc60474c4fae49740cbaf91a57c03e088bec74d3b,6c0bfc14e49d431cb5fd049fc9b94ccc621b3c8077bfdc320d9bcba10eb869ca,,False
Brain Cancer MRI Dataset/Brain Cancer MRI Dataset/Healthy/289.jpg,healthy,224,224,1,uint8,c3ae3307496982b11eabec881f0ffd3c5d8d5e6a39401ac7d36dde22b42a4767,018e74510014ae9d122ee2dd46c83edfad1cdd86b4124d6e7fe9d90bd6c64065,,False
Brain Cancer MRI Dataset/Brain Cancer MRI Dataset/Healthy/29.jpg,healthy,224,224,1,uint8,947d30bd07c9d1ca4f0f34dd7ab67fb77940cd6dac031da6419422c544d70ec4,9280a09999145f9f3ab12d1f02ab8398d29657475c71eed91c5f6e490a750f5a,,False
Brain Cancer MRI Dataset/Brain Cancer MRI Dataset/Healthy/290.jpg,healthy,224,224,1,uint8,ece5cc7fb35527cdaf2577937af6f85aeeba7dc06868ef979daf425c936975a9,adab1d453db035d729b1f94acabbc02835445acb328a462cca4529dbb974f071,,False
Brain Cancer MRI Dataset/Brain Cancer MRI Dataset/Healthy/291.jpg,healthy,224,224,3,uint8,f2013c2e0351b0e9acbe5998ba5eeea493bab044aa6a1f47ac9a660fbaaa86e5,d9e5af0455678b12c308a503eabf89913494d7d509b22bfafc361beb4a2196de,,False
Brain Cancer MRI Dataset/Brain Cancer MRI Dataset/Healthy/292.jpg,healthy,224,224,3,uint8,050a0adc005d2f2c501e243e0a2a808a31ce40cd8ab35b00db5d1efffb3f88fb,68d38c8b32ef705b5f5729de0b1ee6e356e93edf2d356e1c736d3d0e10c151d7,,False
Brain Cancer MRI Dataset/Brain Cancer MRI Dataset/Healthy/293.jpg,healthy,224,224,1,uint8,7212d138e278ae3d03a26f99dcb735bfe3930b49a8e5ac4b6e537324c8e789d0,bf351456f2bd676dce225f6beb15075b8d43350280ee8a0fcc85e72f55403383,,False
Brain Cancer MRI Dataset/Brain Cancer MRI Dataset/Healthy/294.jpg,healthy,224,224,1,uint8,89a80d0da8c102a4a128a68de3199022e42c3b12ca5f50bf42552cfafe97c1b2,7be0b8821709ab31fe7495d2919619426f4836c5109f92c0871e17353e75e66b,,False
Brain Cancer MRI Dataset/Brain Cancer MRI Dataset/Healthy/295.jpg,healthy,224,224,3,uint8,99fb6bb6dad93eab22d60f41e501d2dac43f54482c42d08663da2138b28faf38,ed07da9d4f76cb9a2acda182d29b407a0dae18dfa1ee5cb4418276c105717aef,,False
Brain Cancer MRI Dataset/Brain Cancer MRI Dataset/Healthy/296.jpg,healthy,224,224,3,uint8,8f5685928d473edaf61d7a223aca4f9e18d749bf27181497695530d20c01a3f5,e8928fdfad96efbb48a471dfb9e134bad95c40c9b037be915ce7f62a56691a33,,False
Brain Cancer MRI Dataset/Brain Cancer MRI Dataset/Healthy/297.jpg,healthy,224,224,1,uint8,7f3032e078f0d1e96f471a9d2f23961c8afbc1286da24d74580b670712d2d3fa,0f24871e52b4eb8cf27f596601daaf535982ab8cc763ebfde11c471cf4306a4e,,False
Brain Cancer MRI Dataset/Brain Cancer MRI Dataset/Healthy/298.jpg,healthy,224,224,3,uint8,36d29256b60065ac9e22aeaa805db292c931e76b2487d15ea2eaac4c00273ecf,d249f9f542f94890241db38e68e5044913a5bc2e393db8f942c838b6b6073314,,False
Brain Cancer MRI Dataset/Brain Cancer MRI Dataset/Healthy/299.jpg,healthy,224,224,3,uint8,5fa57471ffc7150cd531c7db7038cd20ad8dc875b5312101756067391177b4d8,7643e9f909794c4ecd9fffb3590ca576ba8d1b19b0ed127da0b103945100e193,,False
Brain Cancer MRI Dataset/Brain Cancer MRI Dataset/Healthy/3.jpg,healthy,224,224,1,uint8,8f1c2b2364bb2f4b92635b5feb5e59eed9c73a00e7dba6a4a2ffd70b20b9e47b,ae55b8624de0f8dc8d3c244a31d22ad2ec877528fb15e329d00641b68e84a835,,False
Brain Cancer MRI Dataset/Brain Cancer MRI Dataset/Healthy/30.jpg,healthy,224,224,1,uint8,a115e3852961a9524e8cf61eb137e97342dccdf80eb3cfa9006a7718712751d9,1d5e3616bbcc27be0f101b44da37f3d2f90c4dd0de616ea1b65dbccefe61531b,,False
Brain Cancer MRI Dataset/Brain Cancer MRI Dataset/Healthy/300.jpg,healthy,224,224,3,uint8,e1b1e4467eb6bbec71bae02df65eca2d3a07e9efd2fefe598e5ceb1cbf5d9579,ca01c66d3f27c45d777a44dd2758821a0d2b72f6c65ea81f672e110f36a4746c,,False
Brain Cancer MRI Dataset/Brain Cancer MRI Dataset/Healthy/31.jpg,healthy,224,224,3,uint8,634959b092f237853b68ced2bf457287662bbf98f1d59e9b63b417c593f80584,6bddfedd1e57a456ce70ae86228bd9b00b75c48be51d1ce16adc8900eb724ade,,False
Brain Cancer MRI Dataset/Brain Cancer MRI Dataset/Healthy/32.jpg,healthy,224,224,1,uint8,bcff4de8fbd5ab4603a02df28300b89c0b8525af180a1b0e7eb7d61fa2abe9c9,6a5f3f99c8760335de717069ed266479c08e849a675512f2d50e8569d5b52305,,False
Brain Cancer MRI Dataset/Brain Cancer MRI Dataset/Healthy/33.jpg,healthy,224,224,3,uint8,ff58e318733a148298d3349391c64c67636944ac1671a36e0604397904927a21,37d8b7348ff263e7209e21b7af8cb52ad3dade2e87e03bce7b79ab735986ce6f,,False
Brain Cancer MRI Dataset/Brain Cancer MRI Dataset/Healthy/35.jpg,healthy,224,224,1,uint8,4e40845eab6b4abea8a16569acbaed99c53a25a6c421bedbe5017383b09d0017,115b3d336fc661e5a57e3a2ad4589d9d9fc60c5032cb6acf4b2e1086995206cd,,False
Brain Cancer MRI Dataset/Brain Cancer MRI Dataset/Healthy/36.jpg,healthy,224,224,1,uint8,d2ecad8109cc4e085845103b372642585e293af1f3e849f211499bce3aba88db,eaa684ef7d60e51554e061950b8a3e8be004366d87c73cf4c7310324fed93010,,False
Brain Cancer MRI Dataset/Brain Cancer MRI Dataset/Healthy/37.jpg,healthy,224,224,1,uint8,170f03917d80f0401a8902f41919c047f578b5922581970c5603e345d3452740,96d8da14249334061b5ea979269967f7d23e92d025f218ae78ccbbb8292b0e3c,,False
Brain Cancer MRI Dataset/Brain Cancer MRI Dataset/Healthy/38.jpg,healthy,224,224,1,uint8,da72f81f0614c7bd4817858618f3e92220fcb41bb8f66d5757b7ff19a955e0c0,852b2c33d277a4a3bd8e4ce04862bf76950650231b729d0b080209ca8fa4bbcf,,False
Brain Cancer MRI Dataset/Brain Cancer MRI Dataset/Healthy/39.jpg,healthy,224,224,1,uint8,94df4e4de0ce43ff042c59ad8fdf7883dcf90ae00e1179a5eab7e8e695890f8d,bb9f3f0a5522f2b6c7094f4ad33c6fe15ee17a1f8d861aae1c094a5c605d7bd9,,False
Brain Cancer MRI Dataset/Brain Cancer MRI Dataset/Healthy/4.jpg,healthy,224,224,3,uint8,ef1a6068710f4a73abadba7c841ccb572fdf21ad284c1d6836929a7742c35eca,1930dbca72f6eaa0f45637ce6d48888101798c211f8d8484365ad2aaef2ec171,,False
Brain Cancer MRI Dataset/Brain Cancer MRI Dataset/Healthy/40.jpg,healthy,224,224,3,uint8,933479ad950b8b3c0ca25235fb8e464eb6df900aabd263e9094c97a3fa35f1d5,beea1b7201711c8ed3fc8c2eb51d69831200b3ac52e320f67cb4316a9707a77d,,False
Brain Cancer MRI Dataset/Brain Cancer MRI Dataset/Healthy/41.jpg,healthy,224,224,1,uint8,9eff8332e13569230539acaedf13176a40435b6a2deb614f55391deadc832d88,e8ec13047c6006fb8c300721e5ad8c9147a1adb36ab9325c30dd1e5d52c22f48,,False
Brain Cancer MRI Dataset/Brain Cancer MRI Dataset/Healthy/42.jpg,healthy,224,224,3,uint8,21f27e21f72adf6e1d5d6ff2ffab3a5eac571c1e2843486fbfa23e1fe90f8903,36cb1727a2a56033a0a8add7d24a761a01e4df4578e16015865a99edd0876b8f,,False
Brain Cancer MRI Dataset/Brain Cancer MRI Dataset/Healthy/43.jpg,healthy,224,224,1,uint8,3971eb4685804bd34d69b6f46d03ae1bf08e2d450e33cd563c08a64eeb73a980,2cd226db34064e484d02965a39b39e607af4aaf08995b853d2599e5faa15d208,,False
Brain Cancer MRI Dataset/Brain Cancer MRI Dataset/Healthy/44.jpg,healthy,224,224,1,uint8,9cb33eaa1d0a3631a716ac3d4a695c00f7c51b4830f8df865e70f1c11c6acb83,091722d0d8250ec18ea04158f240306971e5d0074ecc447425d1e01cd8cf9d5c,,False
Brain Cancer MRI Dataset/Brain Cancer MRI Dataset/Healthy/45.jpg,healthy,224,224,1,uint8,67a664ef3541ddb4913b1a2c4ba576b97ceae83019c5ef35093d992ebea2cf75,e5bd4a67a8b2e92f1df62da1684a614ea232fabb81ece473b26b31e7f2222df8,,False
Brain Cancer MRI Dataset/Brain Cancer MRI Dataset/Healthy/46.jpg,healthy,224,224,1,uint8,1133d5a730affb762aafee1cae249e94e9683353e44902f08cae36b6d1c6d40c,aa19393e0cb007eb286700529493625a91a1bf9dbbcc73df9b21635983880f39,,False
Brain Cancer MRI Dataset/Brain Cancer MRI Dataset/Healthy/47.jpg,healthy,224,224,1,uint8,553eb337ef74d5d220be2148256423d24399f367d84f750d51fd030f2ce306e3,b573c3777421297b3f8bd0859960285f5b616bf885cdc31b5faafe6a67fecae0,,False
Brain Cancer MRI Dataset/Brain Cancer MRI Dataset/Healthy/48.jpg,healthy,224,224,3,uint8,60c0706d0bc73dbae963cb05b19be5a3ce8ba610ec63cc95efbc3f03e59ccb8e,9fe356b6b53e9ab87fd9acc48706e1648dbe06d5f8960eae8b299ed6999986f3,,False
Brain Cancer MRI Dataset/Brain Cancer MRI Dataset/Healthy/49.jpg,healthy,224,224,3,uint8,54fff80e29941637bceedb0d0d93a3b097fc4c2c1eb8e80c4090b9218e63833b,e9e8dd452247bad550c66ddc03a1c198d1acf697261e2999776fff483c4ad750,,False
Brain Cancer MRI Dataset/Brain Cancer MRI Dataset/Healthy/5.jpg,healthy,224,224,1,uint8,559e72b4f5dffaf730ba6c07cc7de09c2587ce879543bd1f5990762fda55a692,ef6d09523a3be3bbe77738d02d8f332c5c65604c774a1886fe5483284361761e,,False
Brain Cancer MRI Dataset/Brain Cancer MRI Dataset/Healthy/50.jpg,healthy,224,224,1,uint8,2425d0bef4a45523b1e8f3f3039bab8461e26e9c08682be0012cbcaf0b09d5f8,c125bae21eebb86ea51b7c3aac0a0f9ef0dce691652f0a046cb1a4b2e74d9aba,,False
Brain Cancer MRI Dataset/Brain Cancer MRI Dataset/Healthy/51.jpg,healthy,224,224,3,uint8,958a8ce52a2dfcefdc694f1217303789587c938107fba80bc53eb7d70cfe5981,b78d299dba7519c9c81fe8b3c14ed53c6aa98eba0444218a1bc7aa846ea86b5e,,False
Brain Cancer MRI Dataset/Brain Cancer MRI Dataset/Healthy/52.jpg,healthy,224,224,1,uint8,2a457b61fba7fd233b30a462eb5fb0190119016a686ad052affca7a987e8db8b,9e49e1754d1d3242dcb81f0eddf0b6a17f750b066795201cfb7ac442f9fb8aeb,,False
Brain Cancer MRI Dataset/Brain Cancer MRI Dataset/Healthy/53.jpg,healthy,224,224,1,uint8,e71fb58928e6b8b73beb60d20a859ad46cf8b6a4fb9dc4a6f0a213e2f5d82f33,4a32d0aa35ef79710ccb8b58b62b9c5d50131cadcfcd0937a3b19ab02f7a2b68,,False
Brain Cancer MRI Dataset/Brain Cancer MRI Dataset/Healthy/54.jpg,healthy,224,224,1,uint8,2efd030fbd4397c5878fea55d5d6032111c157c6dec927a7b1b04ed3773b83ae,ba41d7dcf4ce1b73312787c76d56a67e87b57008d081b8c78084473e09f51218,,False
Brain Cancer MRI Dataset/Brain Cancer MRI Dataset/Healthy/55.jpg,healthy,224,224,1,uint8,f3ee6bc396aa13dbf100a0e3e207995cafa3e03c94314a7f8973f0c96f79854c,b6a8bc9f4ffbc6f65d3c9d36440436dc2ddeea1cd178e2dfa3f20cc005f123e5,,False
Brain Cancer MRI Dataset/Brain Cancer MRI Dataset/Healthy/56.jpg,healthy,224,224,3,uint8,0998f0ddb17fca2b9d2aa058eebca41a1f492ff499a25f2c50286d900262b2ed,8b5943a5e6c49923260cd518a2c54f4e31abc327c6347c680db12d0b8e1f6694,,False
Brain Cancer MRI Dataset/Brain Cancer MRI Dataset/Healthy/57.jpg,healthy,224,224,1,uint8,a0d4d8c26c41c1275e742bfde464c0ec60c73c900bcc5ec8d8666e3705e29db9,8a2db089666a16c5d3096958c4d723cd646e62399f193b628404119041a58fde,,False
Brain Cancer MRI Dataset/Brain Cancer MRI Dataset/Healthy/58.jpg,healthy,224,224,3,uint8,260886ad6246063bd8ed66bf971a497d70bd6c9acb41cc4fe710e4e1f3097af1,046ad3eebd4a76c52cba952b0fadcc2ffde42a01d1c50047124af819c15e8eb3,,False
Brain Cancer MRI Dataset/Brain Cancer MRI Dataset/Healthy/59.jpg,healthy,224,224,1,uint8,7671fdc17642a26083a628c8d180c0ae74c8b324380cc94bfc0f0b46c51b48fd,5cd11014c18ecf3f882d1f5724761f55b8dcb3c70a4cda29e8406e978086d912,,False
Brain Cancer MRI Dataset/Brain Cancer MRI Dataset/Healthy/6.jpg,healthy,224,224,1,uint8,15bdf5bba1a897f3a47c94b6530637c9f3e968131e90cce39fd751468fa0c85c,33473766a3a27f797d3a11de1784f1e935a4c6baf0cfbe7f29d5ad5b4cadba8b,,False
Brain Cancer MRI Dataset/Brain Cancer MRI Dataset/Healthy/60.jpg,healthy,224,224,1,uint8,9c8b23487f3cdfba971ef68495605d92edd6e5763a04b1fbfb915a63ce623085,b6070dbb51938099d71a42d1b667256683aa275345061e3f7c6be67084b1464d,,False
Brain Cancer MRI Dataset/Brain Cancer MRI Dataset/Healthy/61.jpg,healthy,224,224,1,uint8,3262367f36439ad6e7e7ab5190cb231ae6caa1f75fc7448ec652dd94bf279ff6,0f09dffd4f67e2be50caa9a0bd1cfdeb4a0e1782c73b50784d04506170e15a18,,False
Brain Cancer MRI Dataset/Brain Cancer MRI Dataset/Healthy/62.jpg,healthy,224,224,3,uint8,c914fead60df56786aee3ac91684f3f40b83876c1e35940852ad9d019ec5a817,afdb58bf1533e9d50acd52de0ca288e29cb5e64a3cc39345408d159446fcb2fb,,False
Brain Cancer MRI Dataset/Brain Cancer MRI Dataset/Healthy/63.jpg,healthy,224,224,1,uint8,4552a08cb4013c6507acbee62216b05daf6e75e5f26557b24eb8451b620a4c44,8c6caf5fa37dac9e98efc62218de8b510dbe0a31e970523dbc54be0653736f04,,False
Brain Cancer MRI Dataset/Brain Cancer MRI Dataset/Healthy/64.jpg,healthy,224,224,1,uint8,f3a83bfa81c6e7373f85f7dd2af716a67c5f79a3e936925574406aeb68ec69c1,35f8368bb7cf9cbadde0640c581512e536b7be23f57fe21e6df900580d40c541,,False
Brain Cancer MRI Dataset/Brain Cancer MRI Dataset/Healthy/65.jpg,healthy,224,224,1,uint8,bc21d089582aac81225ec31d354fbe8777f3d0c97bbf6d63c1c8207619b8bd3f,daa40a542d6f28a17dd48849e1622e9f624c460908412930a7cc0e6da9df54aa,,False
Brain Cancer MRI Dataset/Brain Cancer MRI Dataset/Healthy/66.jpg,healthy,224,224,3,uint8,04efe40efb9f8d1918ef81323db16a354f0f2756daa17d208fc641c1418ac5c9,f6acc0277787c8926e0a75bc5cff7b75cd92570046d5a3b789b4bc1aaea45b6e,,False
Brain Cancer MRI Dataset/Brain Cancer MRI Dataset/Healthy/67.jpg,healthy,224,224,3,uint8,6bbc8c19d6eb0a02706f8b68883135f8c1872a901375bec9de4434a9576011cb,87bdc76f99c27486a405bd574a990c2fabbdabbe6a0560ce77d8f080e4d421fc,,False
Brain Cancer MRI Dataset/Brain Cancer MRI Dataset/Healthy/68.jpg,healthy,224,224,3,uint8,ce6aea0b4714b5d86574fce348408665cde529921f3ff301eee3eb10a29fed9e,e60aa51ae1578ebd215507849496333984520cc2cd1242060ebcaf02f8519606,,False
Brain Cancer MRI Dataset/Brain Cancer MRI Dataset/Healthy/69.jpg,healthy,224,224,1,uint8,f7e9bf6281bb9ae7a580b24e213c9d73a06df84c29724f83091067613801cd2d,8a88567d0529563d94920cc13e7fa5afbde5c728968e57a16eed91c2810e2bde,,False
Brain Cancer MRI Dataset/Brain Cancer MRI Dataset/Healthy/7.jpg,healthy,224,224,1,uint8,42f12a974840f60b7dd099da6c6c7efd096cb603e381c138b8262e5a9ec35277,69e87c7e316f5732ffcf59490ea65dd2a9e25176ac92b66f2cace811d6fcc048,,False
Brain Cancer MRI Dataset/Brain Cancer MRI Dataset/Healthy/70.jpg,healthy,224,224,3,uint8,efe0a8efc4be55834c34a24ab7f04580b5f344c593d111ebcebe7b30eea92695,877e0303cb79ced220d23e30cc6720ed9d142abae1e48c24ccd3364f55f00146,,False
Brain Cancer MRI Dataset/Brain Cancer MRI Dataset/Healthy/71.jpg,healthy,224,224,3,uint8,5318536f0666fcfb24ac9a9b2f4df75433eaaa2b03205ccb29f2ab0845ed9c4b,4b105df3f6713c5d6e5a159f481d02899ab674cd5ac428d7d196985a98e3c47d,,False
Brain Cancer MRI Dataset/Brain Cancer MRI Dataset/Healthy/72.jpg,healthy,224,224,3,uint8,bae1ad8f9951257d2bc9225bf956c0611046c1081075fbaf2b5b5ef199754104,bba8aeef9b688d64687cfb2976e66412afdf86319e2bfe072c5d665b1716f127,,False
Brain Cancer MRI Dataset/Brain Cancer MRI Dataset/Healthy/73.jpg,healthy,224,224,1,uint8,02d51f602f2d8f4603c92d96d0bda9e476fb8dc8914862667c62e7bc7e8b74a8,21e595356e9d17935c349d26fbabf33b421c825db450c142a649d275932344f8,,False
Brain Cancer MRI Dataset/Brain Cancer MRI Dataset/Healthy/74.jpg,healthy,224,224,3,uint8,b3113e59184dfa7610376df00b8222a1f99d2eab8223a982feb7a230f0ff2fa8,c2932fa61469011b4069216d559e0eaf73c12dd7d0522b0a1c9779d9f9f84855,,False
Brain Cancer MRI Dataset/Brain Cancer MRI Dataset/Healthy/75.jpg,healthy,224,224,1,uint8,3fad12dbc75fee434430299c4024ce07d16276122fb5f41844a7fecef2d2d5e6,e9fb83f36742bbb10402ac4ceeeb9ed79a457acf4cf511e2f41eb73a13f3998a,,False
Brain Cancer MRI Dataset/Brain Cancer MRI Dataset/Healthy/76.jpg,healthy,224,224,1,uint8,459f3897f0584bdafe23fd4a1cfe2f82c09b09d16fb8a1d9860742bb8a1ad9f2,d76f0d29c199983a38bbd362c820a52d7d8c4c1b437fe6c1ce615160119b0183,,False
Brain Cancer MRI Dataset/Brain Cancer MRI Dataset/Healthy/77.jpg,healthy,224,224,3,uint8,72f3c451dabd106d3eb96d6156b9824f4c11c453efe2254edf3cb85688a097cb,25c75fb6b03ea9704c59ecf04009cbbd91921adfc96a5d0706bc6df5f7f87ebc,,False
Brain Cancer MRI Dataset/Brain Cancer MRI Dataset/Healthy/78.jpg,healthy,224,224,3,uint8,1d4136682425265b4048decfda7a122edb66cf3eaec07961d6a9789381f769f4,d8a8ec90d222c37ade1a598d087984150b6883482fb1163563de210e6fd3be81,,False
Brain Cancer MRI Dataset/Brain Cancer MRI Dataset/Healthy/79.jpg,healthy,224,224,1,uint8,b8eb0591f47590fe8753f3684a2fc59bebd058fe96b240f08cbfee41b28ee271,7dd441c33e2ebca4926e747ae783b18b1152a61c8fc21dc397c5cb7829bc00a6,,False
Brain Cancer MRI Dataset/Brain Cancer MRI Dataset/Healthy/8.jpg,healthy,224,224,1,uint8,8f51d6358fb661350b5b8b58a384a82eb1f0de10fefd809ce907aa42d1ccacb2,846f2af76cdd09857ddd9e2852d59fb51c08ce84672ffd4ea0b9127b2abefef3,,False
Brain Cancer MRI Dataset/Brain Cancer MRI Dataset/Healthy/80.jpg,healthy,224,224,3,uint8,9e4e2c8ed74891d190b074cd2cb92c4c6ff24d0fb406c225a0cab33144a80402,8f57c982ab178d774ff8f4c6de5280c94ac4cd0510e89699e0ff81c123c42d6e,,False
Brain Cancer MRI Dataset/Brain Cancer MRI Dataset/Healthy/81.jpg,healthy,224,224,1,uint8,cc490e43696c9f08249761c8f5c03b3178c7381e6920267388395f6a3ca058db,ad5f752d5a1b7e48bc81f4c53d66473c4ad4d091e6f0ea21a8bca94a191d22f9,,False
Brain Cancer MRI Dataset/Brain Cancer MRI Dataset/Healthy/82.jpg,healthy,224,224,1,uint8,c54d9ca8c9c74b64be703e34800e7a94a93cf5ef01a59a2dc9a4832ba3086a2c,86abc15c0afceeaf4d744a83038607843c6e9cfea41f9ec7de2a832b956c9830,,False
Brain Cancer MRI Dataset/Brain Cancer MRI Dataset/Healthy/83.jpg,healthy,224,224,1,uint8,ffbabe307aa991ab902d22176d3322ad7f813cce8f5a66e4d7fadbc09406414e,610d0d2e3e79b9cb8ebfbb2f784a81a66444d4bb17ae57a3b0d0d6abcfa8c989,,False
Brain Cancer MRI Dataset/Brain Cancer MRI Dataset/Healthy/84.jpg,healthy,224,224,3,uint8,ecfd7764addb523e9714650654f103dc04cc060f771a50c55c29ed9a840705e9,0dac4db5ecb2fe7c3314455c982258719686a89910e98cb5f570fd57d70692b3,,False
Brain Cancer MRI Dataset/Brain Cancer MRI Dataset/Healthy/85.jpg,healthy,224,224,1,uint8,921c79b09c8ad81ffd81722096c7fe5433df9196067c86b087cfef8dd5dfa678,952f8338736093d9621a3c5dcccb63b843aab9ba4bf2941dd2cc67179134aca4,,False
Brain Cancer MRI Dataset/Brain Cancer MRI Dataset/Healthy/86.jpg,healthy,224,224,1,uint8,052478225f8b5030236bfaf887b014a049f6976bdbd5ec558d1a7f01b4b77b84,7dffde75cb662d7b913459de0098e7d19a4fabaf7c6485e3ae9cd1d58337aa3c,,False
Brain Cancer MRI Dataset/Brain Cancer MRI Dataset/Healthy/87.jpg,healthy,224,224,3,uint8,ffc6e7282028f1e1623e01d5e5012fe10c25660bd9d02104d97fbe9261878edf,18e56b4b57fac7e03624fea4278fe69b4ffafe537349f9fc1a735ff2e208acc0,,False
Brain Cancer MRI Dataset/Brain Cancer MRI Dataset/Healthy/88.jpg,healthy,224,224,1,uint8,dc0298fdf053221726bf76b37b35f7fae569869e70c100f8cc5f4cf760106bec,4d9fc1f34e92a6f00b7519e33fff9d3e85637d74f514f82ba7ba226d646e2fbb,,False
Brain Cancer MRI Dataset/Brain Cancer MRI Dataset/Healthy/9.jpg,healthy,224,224,1,uint8,c6782e3b1aee8d6323dde635fad16bfb4e23b1b9d8c42b49503213a9404e2859,be241e87b8b731568a2bc2783c2195748c733eac17731cac41b034f37290a093,,False
Brain Cancer MRI Dataset/Brain Cancer MRI Dataset/Healthy/90.jpg,healthy,224,224,1,uint8,846864c36cf763c08f2a6fa2d6ed7373b32f7fd716d7edfcac693e275d79da45,d84bf6bac997366c8eb97ee95b59de10b6bede72b43e3e5f96da2d0132918777,,False
Brain Cancer MRI Dataset/Brain Cancer MRI Dataset/Healthy/91.jpg,healthy,224,224,1,uint8,f6c2a1dab1770eecf3163b265c7b2aa1346f0a33c9fd6f7b9f2586cb79a00e33,8636e2c1fb021f905efe3df9a3292f6f39b58162d7564d471a884f730b973ef3,,False
Brain Cancer MRI Dataset/Brain Cancer MRI Dataset/Healthy/92.jpg,healthy,224,224,3,uint8,044a44b8a49aa673d5e396d2a6a9587e49d7bceb55ce90d0982ccbcf5ebd7c94,963daa47f128f77f318a9fe427f813164209d17d67fb7b692c34a3c880613a66,,False
Brain Cancer MRI Dataset/Brain Cancer MRI Dataset/Healthy/93.jpg,healthy,224,224,1,uint8,511d1a70fec636e08c9b4a966cb6808804291687df73eafef9d00f732b5267c6,b7ceb76dfaf07f72b0d64e3d4123370d179d72f2d440dc350928a6ff0602eb6a,,False
Brain Cancer MRI Dataset/Brain Cancer MRI Dataset/Healthy/94.jpg,healthy,224,224,1,uint8,8dc113b8a31168683768dc749bd29b4feba542cf5fe5f19f08e34bbf513025a1,f0c7672464097672794c6da773c9a46efae819e00f3e6cccfc20f938ecb4c239,,False
Brain Cancer MRI Dataset/Brain Cancer MRI Dataset/Healthy/95.jpg,healthy,224,224,1,uint8,d151dab6bdf32586d66c7c803f3ced2a447aa489ab7a9c80263b5f55afb8d186,5839705bed8b3b1439db4eb2d2a5284f0e06285328d9512b230e59363a0d94a8,,False
Brain Cancer MRI Dataset/Brain Cancer MRI Dataset/Healthy/96.jpg,healthy,224,224,1,uint8,740163e9fe2c61f0f2e875cc1d42acb3c74caf31feed159fd7cc4b9b9b2f2a38,7e5916fc8499a29d8058506b7b7383e11441e37a3a28fefcd52580a819eb8e31,,False
Brain Cancer MRI Dataset/Brain Cancer MRI Dataset/Healthy/97.jpg,healthy,224,224,3,uint8,5d3506ea7b16f1d728525bf1d575f3f4c962e224bfbf4b586e0fedb1f711bd97,7af05dc0d00c28c8ee435868928c54a0b066397ad1040f5cd228c86eec588a99,,False
Brain Cancer MRI Dataset/Brain Cancer MRI Dataset/Healthy/98.jpg,healthy,224,224,1,uint8,08cc8106d32eb7378a2f9bf6f3316939de90e9d36f48d5875332e71ca2b66a90,79c2356467871c5a18eee70203247dd58e3b8ddec9c9c0ceac5101fbf5abb40c,,False
Brain Cancer MRI Dataset/Brain Cancer MRI Dataset/Healthy/99.jpg,healthy,224,224,1,uint8,65fb6ab776086577cdad4280f6bb8cb6aaa9b103f3fccd9d7d944e5d99deb2a0,ee83d3f80a86af73872c0c0744833215c2c8409961dea62c09735bbe3f7790e7,,False
Brain Cancer MRI Dataset/Brain Cancer MRI Dataset/Meningioma/1.jpg,meningioma,224,224,3,uint8,54a33ca2be2d37c7842c74bf13c46ce357a7b3eb2fd2280a0c842d6609cd0b88,74d02da5fbd2207c462008039e13a1246322a585874f2c919809943ffd2fc239,,False
Brain Cancer MRI Dataset/Brain Cancer MRI Dataset/Meningioma/10.jpg,meningioma,224,224,3,uint8,673247447ffe25be21ded5f1f0342e07cf6380634d33e7be495c96292b07c790,f91dd484ac59336ed9c2ad6f994bc37d732c87ae0a2f2d9af7614d005f1ffa8c,,False
Brain Cancer MRI Dataset/Brain Cancer MRI Dataset/Meningioma/100.jpg,meningioma,224,224,3,uint8,47d577c52280aaf4e812b140d52d95aa891fc8ea45c5db75c1c36dfcfda86924,b6006c171fa12ac0efd24cf9f7ee06236ecf9d7e115f1cc4b492afbfc1c7cbcd,,False
Brain Cancer MRI Dataset/Brain Cancer MRI Dataset/Meningioma/101.jpg,meningioma,224,224,3,uint8,ccf4efaf8b5425fe84cd74c8706d137258a8ae62209d55e9c0b18d26013c3e53,b3cbd275c7c9063a581bbac13ce7bab4b0b792e584a988fe8af76a8b3e589aae,,False
Brain Cancer MRI Dataset/Brain Cancer MRI Dataset/Meningioma/102.jpg,meningioma,224,224,3,uint8,0acc269843368d31c0302080d2690123ce38621cadf770b5aeed7c1a209880b1,d3fdffcf69ca3fea88d033e108f818ae5e6228a30c1ba0bc0118e0bc79dbc8db,,False
Brain Cancer MRI Dataset/Brain Cancer MRI Dataset/Meningioma/103.jpg,meningioma,224,224,3,uint8,d93b55e9e35bb164f4cc1232a414bbdd9dd6be007eddc554b14a7d0fff679c58,12ad7b0d7b4c7fff26e0c62b65d51e58ce6913a05cc44df8ef308d4d6076b115,,False
Brain Cancer MRI Dataset/Brain Cancer MRI Dataset/Meningioma/104.jpg,meningioma,224,224,3,uint8,2c66e625995bc95bc93cfecd3c34d0c1f30a31c0b19b8446cd823d301eca826c,16837ce2dbab7d11e2327efe92ca8888f897b8c5a27fef65b9d629d9ccd3bdc7,,False
Brain Cancer MRI Dataset/Brain Cancer MRI Dataset/Meningioma/105.jpg,meningioma,224,224,3,uint8,a476b891da3e6ef6308bb6af4224b20663016111c9b8ffc4da0c851519d56b77,531f5feb80db9c7a08286880f9e66e4d1dee8cf32ea7ff1ddc3554c9adcd0c80,,False
Brain Cancer MRI Dataset/Brain Cancer MRI Dataset/Meningioma/106.jpg,meningioma,224,224,3,uint8,631657a7e51722cb1fbbbba922342a2f6a897bec0040a79d3241328e05ebd217,bef77621258767b8586b6aef965f9882f7157178910bec06db63e01f6d815dd7,,False
Brain Cancer MRI Dataset/Brain Cancer MRI Dataset/Meningioma/107.jpg,meningioma,224,224,3,uint8,2648c337366fbafef6c2426a1636c0ad2270ca1dd93597e66875a5d33fa5764a,a0272601effa12a465c7adc8cad7d4f85571a73146576a0be0fce9874fa545d3,,False
Brain Cancer MRI Dataset/Brain Cancer MRI Dataset/Meningioma/108.jpg,meningioma,224,224,3,uint8,f5cc09ea0119822d0c0c41857a711b6ad4608682b53dcdefd776ad32cd5229ed,92e41c2469a1a392aaf08ea80c025e73450f344327206160e533ec413e14644e,,False
Brain Cancer MRI Dataset/Brain Cancer MRI Dataset/Meningioma/109.jpg,meningioma,224,224,3,uint8,c70b27fd1de4e5b3d9e70c4333f7edbeffb62fb750af8a3d506083d82cb04ef9,7e566d811e52a40eaa611ea1eb1fd5cbf659cdf46dec67ab81f44c422f49f4d8,,False
Brain Cancer MRI Dataset/Brain Cancer MRI Dataset/Meningioma/11.jpg,meningioma,224,224,3,uint8,45d1390a9905e3cd93af4dc94b079eec2e7aecb231f91bbebf9992f66f55af99,914fb2dc3cf2a449c3f12ee385aac00ea5f52ae8be575b9b447e5ee2043e5bd9,,False
Brain Cancer MRI Dataset/Brain Cancer MRI Dataset/Meningioma/110.jpg,meningioma,224,224,3,uint8,1dd2c77c2c77cf2865407ecb720e972361fe1845495f0248459d78d1cce5e8c2,5fe02e47442140e0f92b22f7e627bde219783b9919559a173f6b6b5f831db267,,False
Brain Cancer MRI Dataset/Brain Cancer MRI Dataset/Meningioma/111.jpg,meningioma,224,224,3,uint8,ad9a3d0c87878c3dd1337953ec35d315f08a1910b4745eef2b9b2cf2b7895115,b3189750658cc81fb2514ece3675a4b740315d7dfcd7d8a1eabac1a553d2b84d,,False
Brain Cancer MRI Dataset/Brain Cancer MRI Dataset/Meningioma/112.jpg,meningioma,224,224,3,uint8,0e64b3b9b127caf7fe2ab87927750c6a03f60281b0f6af9e5a2054bd59ce1aaa,4492bbd0dfef93bde7d8ead9bd13d56b9d896ae137bda1a3dca875790b260efe,,False
Brain Cancer MRI Dataset/Brain Cancer MRI Dataset/Meningioma/113.jpg,meningioma,224,224,3,uint8,3939486a8a7039e2a8059331648d1276e275b1523a6d82b446300ea4a7481dea,17bef38feaf974ea3e181c4d1f5668892b8de1a6a88e37140783885dbd5904e0,,False
Brain Cancer MRI Dataset/Brain Cancer MRI Dataset/Meningioma/114.jpg,meningioma,224,224,3,uint8,79b64dd75545985d2c41046c788719ccfb17aae1aad28cc0bde4c0abd84b29c8,5777cd255514523da39b0d12d6a825a215721f4dce45aed40da4680896712524,,False
Brain Cancer MRI Dataset/Brain Cancer MRI Dataset/Meningioma/115.jpg,meningioma,224,224,3,uint8,39a61fd486bf18c1cdad76158f3700094fc4315244de3fce4e130c26eb89b3ff,308864e7ccc9b5382d161d760ed8abb9920f6a378ed76e7323346f3d33b41881,,False
Brain Cancer MRI Dataset/Brain Cancer MRI Dataset/Meningioma/116.jpg,meningioma,224,224,3,uint8,0572df9f1910ebfe8ea1b4ff391e07bc7af6a68d2e258a3e04c1af640ba961ae,61708c53c7c121a90bb508784f513843028ac717b6d77d5e65486f9d100dd486,,False
Brain Cancer MRI Dataset/Brain Cancer MRI Dataset/Meningioma/117.jpg,meningioma,224,224,3,uint8,fdbf34dfe62b74bba0c91d2ed5161979b4173eb08e055fe779e5e078fa33ef0d,e792fc9366d5a8c449183cfd5eb8f050620cf1f2d05c8ae1863fd54ac8aad235,,False
Brain Cancer MRI Dataset/Brain Cancer MRI Dataset/Meningioma/118.jpg,meningioma,224,224,3,uint8,270aca5a1297239af91b45c814883a836741b44909b6db61f305147f1610c258,470a113faf56a69ac1c2ad8e5d9c9ced0ec42662b625e47dac3dae09c20ee157,,False
Brain Cancer MRI Dataset/Brain Cancer MRI Dataset/Meningioma/119.jpg,meningioma,224,224,3,uint8,913831d12ff2be1bb485a7d798e8c019629b0c632f1ff315af336f40d417317b,62087d949ab2bd1b84eb3ea7bb70a945a2d900477eba7abe30eb2ebe260ca0bd,,False
Brain Cancer MRI Dataset/Brain Cancer MRI Dataset/Meningioma/12.jpg,meningioma,224,224,3,uint8,f6c2fd7df07773bfce4c6d196f34075fe07029cc4230557c1fe8169e54f5ae72,43cba6263a38e20fee3968fc4368d076b8d2ed7f0ee5f35d882259dee14ca333,,False
Brain Cancer MRI Dataset/Brain Cancer MRI Dataset/Meningioma/120.jpg,meningioma,224,224,3,uint8,20d2638fedb8b9c3c5c01ef5abc381db3f78d4e86a3aadaae5f51c86baae7d73,ad3a57c1fd0469d4abc288612b8a0a3c324ea2bbbc753538ebb231ae63135762,,False
Brain Cancer MRI Dataset/Brain Cancer MRI Dataset/Meningioma/121.jpg,meningioma,224,224,3,uint8,93e7517ed7568d097bfec652109c67708800f4f2cbe39fe8eb424a161f2c5b00,b2be297d310282e467df8a3168f8efd6d59b447bc171b2e51e126502580be3ff,,False
Brain Cancer MRI Dataset/Brain Cancer MRI Dataset/Meningioma/122.jpg,meningioma,224,224,3,uint8,ce2ccb01ba4785d9d856a0fa609e6c6daa426430e0af1d34a9f2f7e1911f7d98,fb4e461a13733f8f1994b6bbde05c5d21a3732677598ec254aa9be0d0d03aa0b,,False
Brain Cancer MRI Dataset/Brain Cancer MRI Dataset/Meningioma/123.jpg,meningioma,224,224,3,uint8,61e64682c3c127e62acf8f5941b82c6cd192d37a15bb2eb9a45fa3784b89a6c0,7495e805d5ee803f856eda5867e7c391f31af85e6def7ce9563ef1476aa6690c,,False
Brain Cancer MRI Dataset/Brain Cancer MRI Dataset/Meningioma/124.jpg,meningioma,224,224,3,uint8,613d7fe202c793db4377fa5b4135bab73dd972c04f981575c80f8fe0d4067bd6,38c293b9a0d4e73d06f2be048aaa34abba8ac903a5d72789eddec7fe501b8784,,False
Brain Cancer MRI Dataset/Brain Cancer MRI Dataset/Meningioma/125.jpg,meningioma,224,224,3,uint8,5eec6bd3152ae332dc6efed65962e369908aea498ef2d90709a3d586de302362,74048071eccf6f2364ea2566fff87bf0816ea0520d8ab0c739f5cd2d8344084f,,False
Brain Cancer MRI Dataset/Brain Cancer MRI Dataset/Meningioma/126.jpg,meningioma,224,224,3,uint8,9b9287195782785ff74dd33aff6fe5e821a3f05be0c453ef3e9e8345192529f7,e8201849181c5291d7a1dd2ab0c0923741af56eea97713f9acd9e6a5922bd71a,,False
Brain Cancer MRI Dataset/Brain Cancer MRI Dataset/Meningioma/127.jpg,meningioma,224,224,3,uint8,0e488849ef7ae979dcbc08a012473c68fdc2612a870619ced25fc2b1805df778,04a0c7ab73b8d2df482b3f939547d9f2e2a2ecc93cbad6b39de2fe764eb3e3c3,,False
Brain Cancer MRI Dataset/Brain Cancer MRI Dataset/Meningioma/128.jpg,meningioma,224,224,3,uint8,1b98ea52d0609131a0dceb981d43ca75c5c1a76493a89d7340d42eb8696369ea,3a2211d9cd8968a15dbf6377c42f8414590402a9f4df71fecf00afc2184f2d5d,,False
Brain Cancer MRI Dataset/Brain Cancer MRI Dataset/Meningioma/129.jpg,meningioma,224,224,3,uint8,fada75fd870a46dd28cc64a396e77ddc25b219541c9846c9245450807fd8293e,56110924d7c219b46ea1e27b173c27027a33ca11866c58367d0abb49933aa1c4,,False
Brain Cancer MRI Dataset/Brain Cancer MRI Dataset/Meningioma/13.jpg,meningioma,224,224,3,uint8,27aab8508dc4b0f3744a3fd0b35dd10e8874d359dcf4fb39ee1faee477291e8b,d8e15446e8156677dfc298f627fafec2cbd3f200d866c29aaef8634932349041,,False
Brain Cancer MRI Dataset/Brain Cancer MRI Dataset/Meningioma/130.jpg,meningioma,224,224,3,uint8,b7a0c14a96151d4aa5af95786292db418868082b978487519953b3900d4ff0f2,1902b52c23d53eaa6154e9cbce2c244cb3956b748a6994e24901d22dc9e5b825,,False
Brain Cancer MRI Dataset/Brain Cancer MRI Dataset/Meningioma/131.jpg,meningioma,224,224,3,uint8,8611eaa2c31abcd0c0d7b31e8149b1213b9145a0367dda9fa8f7419d98edb28d,3e43e7a33dbf51dad94e70779e014a8abe2fab0bd01c72e4ffa92435a985f3e2,,False
Brain Cancer MRI Dataset/Brain Cancer MRI Dataset/Meningioma/132.jpg,meningioma,224,224,3,uint8,88eab05fd0b3a427443ed68bd8035e1d67e305c44545843883a2d6483c5af2ad,b4bc281203bd506621e16f5160f3b8afa194a3c568bfdacdb9aaa13743d6db73,,False
Brain Cancer MRI Dataset/Brain Cancer MRI Dataset/Meningioma/133.jpg,meningioma,224,224,3,uint8,2a2368690ae822b3998aef17e05a264a027ef227ef5f136ed9b6afca17c32a81,ef74d9c2c60be21c368276819ee3b2bc5df8d049209a7bd07f56fd5d8e41aa2b,,False
Brain Cancer MRI Dataset/Brain Cancer MRI Dataset/Meningioma/134.jpg,meningioma,224,224,3,uint8,83a9dc8a290c1432cb14cbd29eaa4389a7517083bd72c748ecf04b355a5683b0,2a14a09748d0b17d63fed9d14887b8b6286d4ca89a8b164620904a2f802da0c6,,False
Brain Cancer MRI Dataset/Brain Cancer MRI Dataset/Meningioma/135.jpg,meningioma,224,224,3,uint8,7d4473b92d726afc2c92475f473313836acaed5d1874e3531ec3be853d3e03e2,cda2fb94c1432ee602bb860ff629fd827166f9276ce3a714565e2a6c42622154,,False
Brain Cancer MRI Dataset/Brain Cancer MRI Dataset/Meningioma/136.jpg,meningioma,224,224,3,uint8,a4a3a4f17a9126426ae4df8e6d0964347f6f8144aa8a0aaef996370d9ed7f1d6,2217656fb89375c4069ee0b4fb4749e5786c681375e5f8696f8f57f80a5e9e1f,,False
Brain Cancer MRI Dataset/Brain Cancer MRI Dataset/Meningioma/137.jpg,meningioma,224,224,3,uint8,4f0bd00ed51c626c2aa32a1f5fdcfa52c4999a0f5585fbb5b5efca7f35648ad4,e12ffb370af7c063b193780c6f18c7725253f2d92401951977800701c938b75e,,False
Brain Cancer MRI Dataset/Brain Cancer MRI Dataset/Meningioma/138.jpg,meningioma,224,224,3,uint8,5b8edc890b5f68a77d1f04efe6b0a6a5f75876a34002dff99e3253e0898091c3,95e64abd1a69a1816054bcefeb6c9d87282542e12675ad10fac0bde3bad0a50e,,False
Brain Cancer MRI Dataset/Brain Cancer MRI Dataset/Meningioma/139.jpg,meningioma,224,224,3,uint8,5c1a60b3d130191bb293cab888a4c7c05a0cd9d460f490a63788083569597494,911dda1ad4b80fa16fa9e7272a41ba04f6ec2b93c3a8359eb88d8baa5e8dc440,,False
Brain Cancer MRI Dataset/Brain Cancer MRI Dataset/Meningioma/14.jpg,meningioma,224,224,3,uint8,c249f248dc1316f66ce810e7cc55936694ac758b9d9a1882578564e66aa9a478,2e316b7931258c8e3d537519bbd613ccbc4488c89e840cd27b16eec976c1aa58,,False
Brain Cancer MRI Dataset/Brain Cancer MRI Dataset/Meningioma/140.jpg,meningioma,224,224,3,uint8,4fa578e2a09b3444a6d5ab06566ce2c3049a3660e169a0bd8bb9c5656c9c9161,ed1678a3a7bfa49250db0fd491e0c96c4ec22438544714e6f5bf125e84bc3635,,False
Brain Cancer MRI Dataset/Brain Cancer MRI Dataset/Meningioma/141.jpg,meningioma,224,224,3,uint8,98259b60c0645032ba40183fcb9f69890ac5c52ec6f0960fd4d21622a010dfd5,9205290221e23e63a50c36f6aa4510d4c8d8ede07fe8eb7ab9d621ac5fac53b5,,False
Brain Cancer MRI Dataset/Brain Cancer MRI Dataset/Meningioma/142.jpg,meningioma,224,224,3,uint8,e813930fd9682e5631481d518596e2b4ebe1c93bd423fbabe9cae781572d68df,3c87f766777ec419042dc1998ae1955855c16859f5c50732beac8a8ece875112,,False
Brain Cancer MRI Dataset/Brain Cancer MRI Dataset/Meningioma/143.jpg,meningioma,224,224,3,uint8,f5a65be9fce81bb3d2afe4a7b879cccbbb01bd4f1f19d992411c2ac563909e4d,963a9d8f55599417a744efe53dde6a95b1890f9dc30c961499edf9d8bbba8092,,False
Brain Cancer MRI Dataset/Brain Cancer MRI Dataset/Meningioma/144.jpg,meningioma,224,224,3,uint8,93c2def762a1c79b7c81722cc97baddf12a096466311b4fd2f3e01ec5b554a9f,931a114ca09cfb5fb27d64c33127efda52456ce78c7fa3a72958551cd9795ed9,,False
Brain Cancer MRI Dataset/Brain Cancer MRI Dataset/Meningioma/145.jpg,meningioma,224,224,3,uint8,9d130626fbcb82e0d7135fd85b842388aafa80a84fe7b4895ed6b7fe6ec8b866,90ff5280b9a3a3d1c43c5b61fd76d0be9eebb2793baa5ec485ef9328436d57f9,,False
Brain Cancer MRI Dataset/Brain Cancer MRI Dataset/Meningioma/146.jpg,meningioma,224,224,1,uint8,0f85cc629e35eedb7a85192e0a2bc887a0d15497e007d2de05376a10ff158267,590b14790d1e6e1147599671303d6d755f661a076444c8253bc7f862607ab2af,,False
Brain Cancer MRI Dataset/Brain Cancer MRI Dataset/Meningioma/147.jpg,meningioma,224,224,3,uint8,6ec0313363ad12c0ff9cbb1a6df17c73e9841fcca1d72ed49814f281c2ce17b3,350bcd222b9550cc0a8b6b5452f0c836d4fe445c576b443f3566271a8da0875f,,False
Brain Cancer MRI Dataset/Brain Cancer MRI Dataset/Meningioma/148.jpg,meningioma,224,224,3,uint8,5b659c36b32dae0d2b414693849d15d74f9c079bb526dbfadbd93297f98563f0,ab19bfaa7c943f3b1d8346a15a3f855fb1609075fbc392fa824836f44d1bbeb9,,False
Brain Cancer MRI Dataset/Brain Cancer MRI Dataset/Meningioma/149.jpg,meningioma,224,224,3,uint8,e4824831f2403eda4a806b107cc2c1fc58d1445c3ffad8a9fa3a95e54d6e30ce,1dee5b036851563ac48e1c3dfb756044e327dfe1004ce360ff6dd13d8e0ea845,,False
Brain Cancer MRI Dataset/Brain Cancer MRI Dataset/Meningioma/15.jpg,meningioma,224,224,3,uint8,b492d68f6b0ce85e4c47872ffb05682f939ebf7b8bc7b3c2097cdfc66badab2d,f4b026813176441c530f30b84b29adc653dcbce4bc9909d151d87b0d8eb69554,,False
Brain Cancer MRI Dataset/Brain Cancer MRI Dataset/Meningioma/150.jpg,meningioma,224,224,3,uint8,59d4d133add9fbe253862f15256d5122276f3dd1862c2cfc5c4d83a9d35f1d6f,4abccc4912c7235808443839c431b1eaed32e9c719406ca4bf1f01ddb064b6b9,,False
Brain Cancer MRI Dataset/Brain Cancer MRI Dataset/Meningioma/151.jpg,meningioma,224,224,3,uint8,66e405e5f01b42d07d45c7d6f5a7e7f1486f7ad2be459b02ac1a1e60a998d3fe,4de6b110ac9849db31e95e1b05fbe9c06a195d4204c2900ff12f50eac853ed3b,,False
Brain Cancer MRI Dataset/Brain Cancer MRI Dataset/Meningioma/152.jpg,meningioma,224,224,3,uint8,960422be1fa7a7f9368df2f851c15532693885bcfa297bda89c70af1a6b4d46c,c65a20ddcb5acc87c78769cfe352b90a45e9a06af260643caaf5fe6ffb7c9ad6,,False
Brain Cancer MRI Dataset/Brain Cancer MRI Dataset/Meningioma/153.jpg,meningioma,224,224,3,uint8,7b5f8f648959a99eb7886ec4e4640c13c50349abc7bd696567bf32a844299e5e,ac4d57b9ee3c919a56af1d118cc8522b306c09b30dce48d8d7ce27af7b1c7f1d,,False
Brain Cancer MRI Dataset/Brain Cancer MRI Dataset/Meningioma/154.jpg,meningioma,224,224,3,uint8,e70cdee8e05a27a82568f3c994671cf73a6900e2c18edff85f692a1896a86cf8,2ec8b197e4f9be1a6258b773d5151b8e11e79736b6eb8f155202e08d77dd59ff,,False
Brain Cancer MRI Dataset/Brain Cancer MRI Dataset/Meningioma/155.jpg,meningioma,224,224,3,uint8,1ccdab0d56cd1d8805ac1f26dae4f45ecb6b7af2bea350ff99d7dddbd66bd4c8,2d437e94d9116f1d57ad4810b3c4dcab1fa880ffbc962e473ce5ad88a310b7b5,,False
Brain Cancer MRI Dataset/Brain Cancer MRI Dataset/Meningioma/156.jpg,meningioma,224,224,3,uint8,8868a722cf6009c80ab67ccd4706971cf63105eaf53f7c4250f8937305cfb5a8,cebc66f5b8e7ea81a3fef645abc5b1f06762f8a5634f20d9e98c2fa5aa1f77b9,,False
Brain Cancer MRI Dataset/Brain Cancer MRI Dataset/Meningioma/157.jpg,meningioma,224,224,3,uint8,dd76d0914cfd8f7c4108d8737a72f72ce2c6552bc4f82bb8119833918537e295,4b681a23b3f6c431cd8f193e4c9365959a3b775d42e4f0c937ceb2769ab0273e,,False
Brain Cancer MRI Dataset/Brain Cancer MRI Dataset/Meningioma/158.jpg,meningioma,224,224,3,uint8,2be2e8eed3fc5d6fe6913142525aae1abbc9a03ac4a7a304a7c9afdc332e4c57,4eb20aef5a9ec287ae6fe0f5178a139e85c20a6220a5afaba04d2436ca677c53,,False
Brain Cancer MRI Dataset/Brain Cancer MRI Dataset/Meningioma/159.jpg,meningioma,224,224,3,uint8,bfc3904bb483d0e0bdf95de0647f5da494a907ea2b623e2817442d316b1d41b1,a99c21617ec3e35875b20923ec19a29255addbb20b1acc5407f21261838e1708,,False
Brain Cancer MRI Dataset/Brain Cancer MRI Dataset/Meningioma/16.jpg,meningioma,224,224,3,uint8,fdf98cad685b789d5e2463dfd37cc1399d11b35b9627b0f6c6e040a71dd1cf0f,7c63807c347adcb8b153cb41caa74f600a701fb9b207804eee6aca9d96a93077,,False
Brain Cancer MRI Dataset/Brain Cancer MRI Dataset/Meningioma/160.jpg,meningioma,224,224,3,uint8,a87b92981b842e8901c33bf023dd8e1dcf61dd99cbfe01a6fff0d4e7eeeb95c3,96f68618d1b4481c53089541da4bf5b287cf7a617f6de6f124ac501dff5be237,,False
Brain Cancer MRI Dataset/Brain Cancer MRI Dataset/Meningioma/161.jpg,meningioma,224,224,3,uint8,23906b9ab22e68d111048c80acc6f07e5f59537cead186ba8cfb4634cfc0049f,110e87d5b9779d87d371dbe2f25336d2812fbe3ac50b6dd22add52a8aad180b2,,False
Brain Cancer MRI Dataset/Brain Cancer MRI Dataset/Meningioma/162.jpg,meningioma,224,224,3,uint8,940b98d04f7f164ca0d518666cc08738cfb4fa35ca0074a4a820f5ac206a472f,45ae28c8b0bd4ff466d6097f0bcb27854c5debf9470cf2533e72fcebbeb05dbe,,False
Brain Cancer MRI Dataset/Brain Cancer MRI Dataset/Meningioma/163.jpg,meningioma,224,224,3,uint8,87cb08fd1c960ec0240586dd0db781530504a924b86cc1edb401bf07f5e6eb46,cd0c0662cf4d6644b48e1120f74f419f929716190ffa142795450b8e5fbb1975,,False
Brain Cancer MRI Dataset/Brain Cancer MRI Dataset/Meningioma/164.jpg,meningioma,224,224,3,uint8,b30f4e1d416dec19f8f4c738f315ba7e155d69de2efad3cca5fd21a3aa0fc8ab,bc70e752f8fd49340d35755b2a69577abeaa2b4bcdd19c23f26af845d77caa3b,,False
Brain Cancer MRI Dataset/Brain Cancer MRI Dataset/Meningioma/165.jpg,meningioma,224,224,3,uint8,fb838d59ba29c0d626839638ecbadf7a11e98f743de7dfdba075be5715666a5a,f111868dd3960a57f4d0f0d5e2f6a123a7dac9506892fe81b6ea88c62b6b5b28,,False
Brain Cancer MRI Dataset/Brain Cancer MRI Dataset/Meningioma/166.jpg,meningioma,224,224,3,uint8,8564d1cffbe2acba8dd19c522d98ea2fdae6393ef622c640af975e2c9aca7127,7da5296051a777b9a6aeed1cb39d123df30d6796760d51f612a413d89a6b3733,,False
Brain Cancer MRI Dataset/Brain Cancer MRI Dataset/Meningioma/167.jpg,meningioma,224,224,1,uint8,50dbcd75c07b985613c58e35cd5e2f1cd6e3ac0604bed7c1b89a3c74ff1aaa5c,13412ed39163fdcce59c09d4c9c819c0331250c733a9e710a64a8412fb76ecad,,False
Brain Cancer MRI Dataset/Brain Cancer MRI Dataset/Meningioma/168.jpg,meningioma,224,224,3,uint8,556aa0a1522f3ddeea7239d59149e3acc6a56c7b88bc7be994211d2b93e665be,dbf2d7b33b4de7a0a174642ab99a7c4b217c2ac48358257e837a793b713a9554,,False
Brain Cancer MRI Dataset/Brain Cancer MRI Dataset/Meningioma/17.jpg,meningioma,224,224,3,uint8,0aec49a15cbee6d1352f809efcf2f3b373254f4862f690f92fd0041b10fccf67,a510696e380dab3b042f302b58043ff8f9eb62b280d8a0e5e0a1f9c258f13d12,,False
Brain Cancer MRI Dataset/Brain Cancer MRI Dataset/Meningioma/170.jpg,meningioma,224,224,3,uint8,27ef1a527d75c9071fcdb88c827c7519be235b3711d9dca29039a44bbeb95dd4,2b86fc2566ad24f79d1d562bb35727cb2f43d12d7bc90b9cd2bca96dd4aefeff,,False
Brain Cancer MRI Dataset/Brain Cancer MRI Dataset/Meningioma/171.jpg,meningioma,224,224,3,uint8,17c0f740e909378a4c9714cdecb36c67781af5a01b44f3dbd56eb6c806cda9bf,a9517883942e7a63c9331b637a8540f846bd340fbcb4f6c28042460ffb768c93,,False
Brain Cancer MRI Dataset/Brain Cancer MRI Dataset/Meningioma/172.jpg,meningioma,224,224,3,uint8,9a6f1e62f8e233b3fbb09eb0ce92f67e69bff309fd5537c313b7c724450763e4,107f73a63001592f200445893dc80f57d73afaae8e918a19c40e9d63da62ad28,,False
Brain Cancer MRI Dataset/Brain Cancer MRI Dataset/Meningioma/173.jpg,meningioma,224,224,3,uint8,4f1292a969f1de7629bf03fd427bc61d3a503bde1dcaaf28228f3184d229bd0b,b6223df7d878c310e2560cf8f1af80c153510b4f4ad8869a22837d88f773a100,,False
Brain Cancer MRI Dataset/Brain Cancer MRI Dataset/Meningioma/174.jpg,meningioma,224,224,3,uint8,659ecc501b792b8e43b389c51bd7c0a9ce3f2aeab20df81ad13db1aa2b7ce45a,fc2b02c92d4b93f2f4087fe105c36e3e5bd841e9de0da60baf05f9ecfe76e156,,False
Brain Cancer MRI Dataset/Brain Cancer MRI Dataset/Meningioma/175.jpg,meningioma,224,224,3,uint8,90b8ac3224a9b4788dc57d943b63eef80d89c97f4cd7b67b69d3f5dfe94edd14,42c78e7cc1ab92ecf1c9152d6508e18df9d0bf11e93b2853b6369fef41bec38a,,False
Brain Cancer MRI Dataset/Brain Cancer MRI Dataset/Meningioma/176.jpg,meningioma,224,224,3,uint8,807eb0978653c0fa93dee7dc09580d7368546fff21de8be11c5ca0952672924c,1de51ad640c3a3ed7fca26a397b19e8368ab8da861970bc6f9b4e744509be804,,False
Brain Cancer MRI Dataset/Brain Cancer MRI Dataset/Meningioma/178.jpg,meningioma,224,224,3,uint8,778f3d8f1d2223d3436eeef9206badc1f40b53c77e8d018b4386d8e468ac1dbc,58a95312fd01d384a5ccee50e15cbcef925cab060ef5cf03341b82b87616025c,,False
Brain Cancer MRI Dataset/Brain Cancer MRI Dataset/Meningioma/179.jpg,meningioma,224,224,3,uint8,86049c3fc8f7c2c436627cd222e7bae85b702db98e18fdd928df3d5d58bb55b8,5a64df9b0581264dbc1dddf8210ab2296d51f3e72fbf8b752153ff3622f73c82,,False
Brain Cancer MRI Dataset/Brain Cancer MRI Dataset/Meningioma/18.jpg,meningioma,224,224,3,uint8,750b3c22d0ac4d4901d465b10ac3b4a1302207cca9f7bd4ef14a282f96a42540,bd4c8488423877e6270c7ac23061bd20c106837c8b2b2ca2c38f21d3abe0bb67,,False
Brain Cancer MRI Dataset/Brain Cancer MRI Dataset/Meningioma/180.jpg,meningioma,224,224,3,uint8,d539060119a80d53064937322ef5d89eaee8182e5562d707685295bc6ed68917,bff8c38db02e1ab6f0a1b6fff8305a5186e87d9c52a92d18a9b6bcad65066765,,False
Brain Cancer MRI Dataset/Brain Cancer MRI Dataset/Meningioma/181.jpg,meningioma,224,224,3,uint8,83d71ef5cfa3e079e582ddfc39d00b826c403318241db4f01f3f35fd90fd44a3,2513c4a8aa0464a47abbade6a1bca8cba7fe32e7b56b9675761604a47d5031e2,,False
Brain Cancer MRI Dataset/Brain Cancer MRI Dataset/Meningioma/182.jpg,meningioma,224,224,3,uint8,806fbf2f862c581379c03ddc3fcdcd6e8a01ca95cd31b50eff97631a0a734702,9085a2393e34dc58ebd8b04375032ab7ac4f669402fc57703b529deda75fe601,,False
Brain Cancer MRI Dataset/Brain Cancer MRI Dataset/Meningioma/183.jpg,meningioma,224,224,3,uint8,bb61ed1cb228ef6a6551343ca9723e093a68643df0dba86daa58f7a44f4041af,d602436ed095c2589857371d4bdfe4367b1180e9a84510972ebf20d81fac6940,,False
Brain Cancer MRI Dataset/Brain Cancer MRI Dataset/Meningioma/184.jpg,meningioma,224,224,3,uint8,63ab53d648b7b0527753fa6326b9e1f9fa6eb22a14a24ff003ad894516f6501d,96a165d9e20a2d38ce126067d306b10e4bf7eb489138b3acd551fe7260379565,,False
Brain Cancer MRI Dataset/Brain Cancer MRI Dataset/Meningioma/185.jpg,meningioma,224,224,3,uint8,2a520136dbb09c452c9cfc0b64f1c1e74dcdebfe3f66ac1ce9fd46cd1f3bf307,2305c5478474b5c85795a9ca5083ad5b1dae7b4c9004739e8cc975df87f89357,,False
Brain Cancer MRI Dataset/Brain Cancer MRI Dataset/Meningioma/186.jpg,meningioma,224,224,3,uint8,b239183d7c22c0cfde30563fcc6b2cafcd18395db9c2d671c822698a29f16e5f,8057543ac9b9ca67d4529d21e1050e3cd039d9fa8a4913d9512bf30c5f9b222a,,False
Brain Cancer MRI Dataset/Brain Cancer MRI Dataset/Meningioma/187.jpg,meningioma,224,224,3,uint8,d29bcff954118c8bc77d2803a8a05584f639e1bef0ed6bb09f304125d95f1a18,0891c532892ea5dd726dca4abe03cfcd66e75e5e503970d33f96576aaf0feab9,,False
Brain Cancer MRI Dataset/Brain Cancer MRI Dataset/Meningioma/188.jpg,meningioma,224,224,3,uint8,017e2d62b3040f265ddb4104f9c4cb37c882226ebce66fbcd52aef2833d6b7f3,c4e5c09f45a3563ae8397408ec380ca937a3a47539d116cae097bc176a43581a,,False
Brain Cancer MRI Dataset/Brain Cancer MRI Dataset/Meningioma/189.jpg,meningioma,224,224,3,uint8,c30ed1cf84d9d69c45d8c8a5c736e7a906c8b8ee8b67b65e0ba6bc25cc63f136,295ce24509b44fe517ac6a5525ae12461b31b72d6b86fa178eae350a8f05d678,,False
Brain Cancer MRI Dataset/Brain Cancer MRI Dataset/Meningioma/19.jpg,meningioma,224,224,3,uint8,4ffdb1aa0dc6b88ab3a963ce756b2fe47415226dcbee1979e969d60dbf5ad7c8,9e35f3c295c4cafecc93b0bf70116e65a151a59182af792cf67876dc95eeb986,,False
Brain Cancer MRI Dataset/Brain Cancer MRI Dataset/Meningioma/190.jpg,meningioma,224,224,3,uint8,aa32e17aeb8abce5a359cddd7c9974cc79d12d0e782194816aa62f1bd35fa8bf,d793e137791953c2b7274994524f1e494362d65898f58790858bd3dec42aba0a,,False
Brain Cancer MRI Dataset/Brain Cancer MRI Dataset/Meningioma/191.jpg,meningioma,224,224,3,uint8,6407386301b5cf51dff97e892fa2509883d8668aa99993726b8be37cfe7d5c52,6802349255152cdb1a7b94f34d5e00ae6afc1e05ce0956e56706b93eb08d1c2b,,False
Brain Cancer MRI Dataset/Brain Cancer MRI Dataset/Meningioma/192.jpg,meningioma,224,224,3,uint8,84da8bb4ffc489378b716f94627f78fe4746334c20192844e68133fa4f261fad,7fd82e615b565b2d77cbe6e61ba2cc65c4d3b7df3183a7e6ac5aabab098789bb,,False
Brain Cancer MRI Dataset/Brain Cancer MRI Dataset/Meningioma/193.jpg,meningioma,224,224,3,uint8,8910d9786d220b2ecdf6ad120807ad032a9d8eb7cec20eb3bdc28df7d6464588,e50d0338fe34fad64c7337dedd30ef76a597d2c5e06c6867fd341f7eec81b01b,,False
Brain Cancer MRI Dataset/Brain Cancer MRI Dataset/Meningioma/194.jpg,meningioma,224,224,3,uint8,b3b4b3bdbadc47303a663a7f4aac116ffc0de771a6141374663651baa7d22562,2ec6d54a5f1fc738606987a7e4578ba04c6085ff45813fe921236d6865bbe2ed,,False
Brain Cancer MRI Dataset/Brain Cancer MRI Dataset/Meningioma/196.jpg,meningioma,224,224,3,uint8,0e907547e62ff373035395b16f43daf72e894a994db04da5f0173e093a48cae3,58bd57c780d64bb9789c7b5ffb72a88bbf0f0df8ef8d17274823cf9af25edb4d,,False
Brain Cancer MRI Dataset/Brain Cancer MRI Dataset/Meningioma/197.jpg,meningioma,224,224,3,uint8,93d400e74aff7d572f7b1fcf2ddd1349affc6b8a6d00b87507dc4ef38d852d15,af7d5a6290d3712480dd48a117d510fb8b58c7909c305410ace00e79cd9679f8,,False
Brain Cancer MRI Dataset/Brain Cancer MRI Dataset/Meningioma/198.jpg,meningioma,224,224,3,uint8,25728abe044c4ae76f24e3a8ea377b872110bae6e0a239d19a28e82717bc2e9b,f1be09ff6a567be79f3784596754fcb2027e356345cba3839702095bd164e673,,False
Brain Cancer MRI Dataset/Brain Cancer MRI Dataset/Meningioma/199.jpg,meningioma,224,224,3,uint8,084c0712b38799dc6502c38944970cd6a1438c60a1aca33dc199ceb2dda1c300,8d6ae6cd019edcb455a1cb10c33d997b054d8a93c2f47983f2337eb9e4166769,,False
Brain Cancer MRI Dataset/Brain Cancer MRI Dataset/Meningioma/2.jpg,meningioma,224,224,3,uint8,312efe76a53af698f5817d2757a00562a3030d7d6c3d97c35acd82ddf6d2951b,623353d06845cc322786fe4d80f1df738918442c16b04fc5042bee669a7b7801,,False
Brain Cancer MRI Dataset/Brain Cancer MRI Dataset/Meningioma/20.jpg,meningioma,224,224,3,uint8,58dc122d3f984752b6fb8f8de868d0bd4924ed2e0b59d59d7b16634d4ba1cdcc,31ee2e4f0070c5cbe260b18dd11b866c839c2f24a9494b78fea3e5382707b630,,False
Brain Cancer MRI Dataset/Brain Cancer MRI Dataset/Meningioma/200.jpg,meningioma,224,224,3,uint8,524faa7ea6d2ea53dac5aaeea8eb89aea9526e224775bae2dd6dcd39c7f548dd,875ec08f58336f60588d81b5c1dbe5e9b5ed6c19390b58bf7b6e72c89919d8c0,,False
Brain Cancer MRI Dataset/Brain Cancer MRI Dataset/Meningioma/201.jpg,meningioma,224,224,3,uint8,998284b369f649dae8f074e061c74d6d0006f80d11d79c3b620d81707b32b3da,8a34642b8c2dcaae671f93a33a3a5be911d4a17859afbc75f3913c553a6440e3,,False
Brain Cancer MRI Dataset/Brain Cancer MRI Dataset/Meningioma/202.jpg,meningioma,224,224,3,uint8,f742e92ea9f1c7b6a02526815f18242a8831f7cddf02dbbe756dbf690905d090,257a0b74de8749ea86998c41c858af40a90a5c51d6b7d67bdeaf85dc140f147d,,False
Brain Cancer MRI Dataset/Brain Cancer MRI Dataset/Meningioma/203.jpg,meningioma,224,224,3,uint8,0fa51fc75bdfa3a30ddb0a5552c4c8e08dffc36ffdac23f0ff3a0ab5a3668d67,847638ccb8316002227fe3d86e26268c638968c434cecd60d1aca73685c8ad61,,False
Brain Cancer MRI Dataset/Brain Cancer MRI Dataset/Meningioma/204.jpg,meningioma,224,224,3,uint8,573e69a5b57c10ab7be1e332b62d06ac7fc8668ea19ec2ee14461213b83f45e4,52f0354df4a1aec88d42b73ce460eb7710877641d7ec3669dc1a4158de76b1c1,,False
Brain Cancer MRI Dataset/Brain Cancer MRI Dataset/Meningioma/205.jpg,meningioma,224,224,3,uint8,1c693e37aa90a2ed4613db92504817edaf4607b8a4b3ec904d8b8cc6c780029b,a7a7607d70ccea3519469f990f44e2ff46ef0e3b3a86e0fc60f5690f4b1ba925,,False
Brain Cancer MRI Dataset/Brain Cancer MRI Dataset/Meningioma/206.jpg,meningioma,224,224,3,uint8,e3aa697ab7792889ff38ec274968a7e108255739f1a57abdf7ce325b51735049,b1800c327f54a6a949a3ff74867f92a9a78304784ed675a68031a40d8b9d1a19,,False
Brain Cancer MRI Dataset/Brain Cancer MRI Dataset/Meningioma/207.jpg,meningioma,224,224,3,uint8,b4de15f0d48b46ab61da5198e86294d78a561cc2f378da5b97885cccf336adce,7ce79837d7865c2daa47203d7e53d7542f941e6f3ca969caf1006dc0347a7cac,,False
Brain Cancer MRI Dataset/Brain Cancer MRI Dataset/Meningioma/208.jpg,meningioma,224,224,3,uint8,168812a7b57631e507e1d93f586ed86652b6000d0db4916f1c361b89752f8bfb,5aed8752cff747f3b86e81780fe5d201636eaf12b461acfcb25b548a23ac0df9,,False
Brain Cancer MRI Dataset/Brain Cancer MRI Dataset/Meningioma/209.jpg,meningioma,224,224,3,uint8,a9f29f4adc5866102b691a41be8bf468186446c855063a8c05f71f7be2430cc3,b7871b8414116ee57ac986fa816fa449918ee42adfc3be53280dadcfcf46841a,,False
Brain Cancer MRI Dataset/Brain Cancer MRI Dataset/Meningioma/21.jpg,meningioma,224,224,3,uint8,9e9d51b5e1523743eeafdda71268363378234bf16628cb7054bfe16a213354a7,f47f5fa4edc48233a8606bfc2428b8cd0524be0472aeda6da75e839587460493,,False
Brain Cancer MRI Dataset/Brain Cancer MRI Dataset/Meningioma/210.jpg,meningioma,224,224,3,uint8,4545fcab7b3b0b9cd5c2936d42ce6db58f67edb031124ac373edab61e6e53a00,66eb65d9262d2ddfa9e94e0801ae3e63738b2fcf3ce25d185255b2ab5e6ac61d,,False
Brain Cancer MRI Dataset/Brain Cancer MRI Dataset/Meningioma/211.jpg,meningioma,224,224,3,uint8,6c02912c4950913e33ab6f3f6d1b764150a9ec624bf08757458740436a2c0609,7c4c0b94bc9b8278904137e5e30c7f15b3094528d6912848aecc614bb8cd1adc,,False
Brain Cancer MRI Dataset/Brain Cancer MRI Dataset/Meningioma/212.jpg,meningioma,224,224,3,uint8,542bed1701d340832932d08048b7d5cbaa93670381ce3ec30f4d4b562da1140f,76cd0cd523ddfc9cd2dfd8d7193c9b0dedf3fadb7bf486e63a50b9d80e432b93,,False
Brain Cancer MRI Dataset/Brain Cancer MRI Dataset/Meningioma/213.jpg,meningioma,224,224,3,uint8,a1dfa9a8ab53c0e937d62511d71abb6dde8f053123e8f4799545be997ad4a40c,ac9cb1588b978c61dc28e5e09609d3f46027985b7afba5801c7d450c876d3756,,False
Brain Cancer MRI Dataset/Brain Cancer MRI Dataset/Meningioma/214.jpg,meningioma,224,224,3,uint8,1945b220bc9464f368914d5d71fddb3066151147179eef0342e34bc7aaf7fa5f,5d2f49faf3b44e05332a93057c164a7aa05f7181815ffef5901918a3b96224ed,,False
Brain Cancer MRI Dataset/Brain Cancer MRI Dataset/Meningioma/215.jpg,meningioma,224,224,3,uint8,50271ff9e1383881ba67467b9f4622334851e23ea602a06582860fed1e2c6674,5d78889a435eeeca9733b627ed67b6afafd823d191988c912e56251de7aeeccd,,False
Brain Cancer MRI Dataset/Brain Cancer MRI Dataset/Meningioma/216.jpg,meningioma,224,224,3,uint8,8a057000b212b0d78339b0de3519db6c6238f70b5214d431a0c5c98bf45c07f4,cbda4f16f9196927ec024ca2ab5cea1e81be33c48b5ba8cfa208c98f46758d0b,,False
Brain Cancer MRI Dataset/Brain Cancer MRI Dataset/Meningioma/218.jpg,meningioma,224,224,3,uint8,8df776b8cc7241880ce4920f1dfba8a0c75d0e661ed691a4a514524539f4a83d,26b3d25bbe42a940d678694723263a58d5c0e1cdd67cb8132757447ec8f7dba5,,False
Brain Cancer MRI Dataset/Brain Cancer MRI Dataset/Meningioma/219.jpg,meningioma,224,224,3,uint8,f258308aab24a79ea526efb3aa32cbc7d77117fc1c6cf1712efea69ba6220b1e,8a4c24c0db59b147fcc328a6a9337ae1ac1c8ce335d0c711fea473adbda6b630,,False
Brain Cancer MRI Dataset/Brain Cancer MRI Dataset/Meningioma/22.jpg,meningioma,224,224,3,uint8,6067f4ebc4367934c93ff8350a7bbf65d64caff29dc11f373a0134e6f27cbaf9,8b145eefb4b3e927816058ae27a47c5c4ceade341bb4153e0885d58a501a4c59,,False
Brain Cancer MRI Dataset/Brain Cancer MRI Dataset/Meningioma/220.jpg,meningioma,224,224,3,uint8,3294d4f5602f9cfd92fed81cb68e3799936956f7e6228b1e5ba653423583d0e4,515d54f33205ede1e8a346d859c55d3566449a9be3e7848cf7a080aacd1701d7,,False
Brain Cancer MRI Dataset/Brain Cancer MRI Dataset/Meningioma/221.jpg,meningioma,224,224,3,uint8,a5b7396afedbf78ac338da1204be444e40e6a19675f90dcc5766d9da32676c88,eeff6573a7f2025ea46f1f375bc5813651cbe46f1434b0d8890422a6a28883af,,False
Brain Cancer MRI Dataset/Brain Cancer MRI Dataset/Meningioma/222.jpg,meningioma,224,224,3,uint8,c378e0b498d5b6db3fc6cbf71d6a11d86a69646685b50682afcc38a22209e2c3,872fc618111cf99e69ee53b93dcfb9ab76914f5f136d8a2e40dedf67d0fca66c,,False
Brain Cancer MRI Dataset/Brain Cancer MRI Dataset/Meningioma/223.jpg,meningioma,224,224,3,uint8,d470a3e68c2917535cb25365c0e97e4681a464bd35cf2d35b936f41ff022e846,039e6d794fe9dbee1bbb6285ca1c8d7dc24401cee0f1e6d59ee9d10e1475442e,,False
Brain Cancer MRI Dataset/Brain Cancer MRI Dataset/Meningioma/225.jpg,meningioma,224,224,3,uint8,4882112afab1ed34b49b3e5c67d8a568f67fa30b8e42740a827a73994f526f7c,0ce051de5a4b6e1f8e9fc9f2a7d9c844e3571f51fd85883cd2bf001393e568ba,,False
Brain Cancer MRI Dataset/Brain Cancer MRI Dataset/Meningioma/227.jpg,meningioma,224,224,3,uint8,0e7da398cdb0481d7b06021a3cf5c18360ba23350d7a7328a5aa8a18694136df,386735a390571f365ac28f6d2b56f7a910fcb0ad899eaeeee23341b2ad282d9c,,False
Brain Cancer MRI Dataset/Brain Cancer MRI Dataset/Meningioma/228.jpg,meningioma,224,224,3,uint8,4c7807bd643d9dd177709db73dc5fe68f21f5f6e812e45e0ee6ae7e2ff7dc284,bc4bbcc902ffb94be1ff3f92b445433d99a7e465e003d458635326ef46db1ed7,,False
Brain Cancer MRI Dataset/Brain Cancer MRI Dataset/Meningioma/229.jpg,meningioma,224,224,3,uint8,521f41b6ffc56375454d83bc014df2b263ddff60ca6a98fd2f801daaf7ebe4a7,cd8adea365e42f9898932023832e8d9747a0564490b04625f77c35aa0d5b4f1e,,False
Brain Cancer MRI Dataset/Brain Cancer MRI Dataset/Meningioma/23.jpg,meningioma,224,224,3,uint8,8db588899ac4fc6cde00777c8381ccecf11224a9d5d972a17e37350dba0bd2ea,bd8c91c72143be65371c954a2aba68f6d12b37b7f67e41f3095d0db2ff57e839,,False
Brain Cancer MRI Dataset/Brain Cancer MRI Dataset/Meningioma/231.jpg,meningioma,224,224,3,uint8,aa230f36822d343e2eca8da4345d1bed12e042ccf14ea4d5c41ba7beb91052c8,f0538ac4174ae10ceacf0cc54705bf99410b3b6c5cf95f6604a6d01990633c54,,False
Brain Cancer MRI Dataset/Brain Cancer MRI Dataset/Meningioma/232.jpg,meningioma,224,224,3,uint8,1eb4234d4b08da31a6815f51d5fe178a420ed1c046f56269b83d0dfb0594f398,7508e59429abb28db9cc9404440cff25d78660affb81781b063283a3be48c672,,False
Brain Cancer MRI Dataset/Brain Cancer MRI Dataset/Meningioma/233.jpg,meningioma,224,224,3,uint8,c880d36db4f8f781c13c71eed9d5fa48bd29feae52b5637f004402f5149d2121,f3a26aa4638e71847571f414e81d84dd2a5875d27f01f057c88c2c9197580dc0,,False
Brain Cancer MRI Dataset/Brain Cancer MRI Dataset/Meningioma/234.jpg,meningioma,224,224,3,uint8,1827903c3d861df620b76001263ebce8b8ec59899a4af5de315a4a2ccfa892d5,851a343a8a87899e7be6fefec42a95c6fd596ea33d80a3d2108b11d08746f488,,False
Brain Cancer MRI Dataset/Brain Cancer MRI Dataset/Meningioma/235.jpg,meningioma,224,224,3,uint8,b5ca8d2d858185354235ad39ddade90da2a647bcad5e3b2dc2a806244dbbb0da,b4b2d725cb65b9a27979985689baf9dc163d3bfa360e78bcef654cfe942cebc2,,False
Brain Cancer MRI Dataset/Brain Cancer MRI Dataset/Meningioma/236.jpg,meningioma,224,224,3,uint8,6b775fab496e0c20c8394cd99a9e34d7effc2fba138bad6975bd21547521c5ec,e0916bb81b9c6780e2adf8cd8c89806dd942cdae9db4cfb4cdb89733dc7f5962,,False
Brain Cancer MRI Dataset/Brain Cancer MRI Dataset/Meningioma/237.jpg,meningioma,224,224,3,uint8,ea7aa888d5a20ab3880b2bb7f37c3be1c74ddc15783c0fa95473a595e982016d,24134694672acaa46afafb8e1bc89320226a5248ddcb795ae3135d8fee9d3ed3,,False
Brain Cancer MRI Dataset/Brain Cancer MRI Dataset/Meningioma/238.jpg,meningioma,224,224,3,uint8,322592a37eea380428d28edf6d9703188608d610fdee48f4c0146372e2fbcd7e,295aee0e5f4f111953cbfd486e6ca8d384c915c5e8051575763ee3b4283308bc,,False
Brain Cancer MRI Dataset/Brain Cancer MRI Dataset/Meningioma/239.jpg,meningioma,224,224,3,uint8,a3c64133daf323b4e0e46b6cc37d3535203e8beb377851e5d058ffedb2ec3352,4ec9a4ac46af57c011d60c449de01bf01cdc62799219211c982ea1f22a4ff525,,False
Brain Cancer MRI Dataset/Brain Cancer MRI Dataset/Meningioma/24.jpg,meningioma,224,224,3,uint8,cb9deb2512f3ac0e4adb6dd223f4d290839dd0476f9051d4425ceb91e7e96804,0596daa7f4bdd7a143f5d4df5c0526fc88dd3efc339f00e8b27bd5406e5ace6d,,False
Brain Cancer MRI Dataset/Brain Cancer MRI Dataset/Meningioma/240.jpg,meningioma,224,224,3,uint8,ed6f285cdea9b0cb6c3bc119f5cca7bb84ea6d3f118a4b17b7ef36a17f10405d,d9cbbe638eb522a40be8e2b244d858a024a4678f43241efb0910085bef708c0b,,False
Brain Cancer MRI Dataset/Brain Cancer MRI Dataset/Meningioma/241.jpg,meningioma,224,224,3,uint8,3e400f7e2c61251064c6f91a2fa53b5413fb09bfea3193db833c33a48624e501,3d33c28f4afa0f2b978af9139d0600951c184650028c6cfb4833ff5fb20dfe46,,False
Brain Cancer MRI Dataset/Brain Cancer MRI Dataset/Meningioma/242.jpg,meningioma,224,224,3,uint8,221b1f892b57717e3b649eabc0e5e6b9037f544587be4b02120924378a923c11,578c4aac3d63b09778b56fb37bd66104c61525446e7a758eab886f47d5c8b470,,False
Brain Cancer MRI Dataset/Brain Cancer MRI Dataset/Meningioma/243.jpg,meningioma,224,224,3,uint8,8e0123f9d3b59e9051afd43aa7517a27e177a6f5958071974f940336e12dae9e,9859163266e38e36b6994094ac1cfbd26a26cf142075a9ffcbfd32edb0038362,,False
Brain Cancer MRI Dataset/Brain Cancer MRI Dataset/Meningioma/244.jpg,meningioma,224,224,3,uint8,e1216f287322d18f8cb6354825cc8b524c24a1a2bc150b21627bf76b5d80665c,d934853aadbcca65e8ad675703d191263138dfbbcedbc2bc0f830cd5e290ff9e,,False
Brain Cancer MRI Dataset/Brain Cancer MRI Dataset/Meningioma/245.jpg,meningioma,224,224,3,uint8,113862da7b93f986ab42125e7e968232597f093e4bb0f082eeb71a00f3f1b95a,2a8d65df89ad7ef7ae403508f0b22144c442004b54f3bdc99adaf8edd694ab11,,False
Brain Cancer MRI Dataset/Brain Cancer MRI Dataset/Meningioma/246.jpg,meningioma,224,224,3,uint8,11a5f62c09ad94c24d3ea5bc6de473785430bbffd38cf1405d89fa57db777a53,22b6adc84d9425d136cdcbe22deb98c75de878c3696beaaec9286cd06f0be698,,False
Brain Cancer MRI Dataset/Brain Cancer MRI Dataset/Meningioma/247.jpg,meningioma,224,224,1,uint8,d72f153fa2c45a86d7018bfac000650ceab42ed5b17f83ed42230b8cc9a8f480,ee2b4241b7bc84ba2d5be12ad1faf4358eae7b9dd72a559d3865f23cc05cebe0,,False
Brain Cancer MRI Dataset/Brain Cancer MRI Dataset/Meningioma/248.jpg,meningioma,224,224,3,uint8,093f4861c223b10f1fd8e3c30a1ac295b2c438f7c06f0216e98f0935728abc94,ece87c30af404624db81b6ff12a54b222b129d53f9fdf25aa11e078396cf703b,,False
Brain Cancer MRI Dataset/Brain Cancer MRI Dataset/Meningioma/25.jpg,meningioma,224,224,3,uint8,9afbd338e8e1642a3374e84b9bb7bdbd03de1b6131222ece0d1cb7afbb0e8e34,10af2ddc69fbf343147318043866ee7561d7a0d19d34c22f4514759ab79d8616,,False
Brain Cancer MRI Dataset/Brain Cancer MRI Dataset/Meningioma/250.jpg,meningioma,224,224,3,uint8,b28d8d1a738a4a0035f718b4a9f117baf21f3b6a392190f4e80bc42839db4c5d,10dd0729ef56b471da33db1c83afb7c7ed692b7a52f5ec868e58928e94c6c68a,,False
Brain Cancer MRI Dataset/Brain Cancer MRI Dataset/Meningioma/251.jpg,meningioma,224,224,3,uint8,1fe132b96150c5308065af2428f83543019fc3c2bc3874440f00a1f07a3a4404,81fc16c3132f3e30d78567386d3f9f0143c5e1faca5de196494180e3e92d7f13,,False
Brain Cancer MRI Dataset/Brain Cancer MRI Dataset/Meningioma/252.jpg,meningioma,224,224,3,uint8,1c1e81faa12f44a7791b5c01f7fad4eb139d2798cbae29ad8bee0f3536ecb2e8,e0ab11677d6dcb1a47e3a9ece6651c1fff4977fd098492a8e43da36e23c78fc4,,False
Brain Cancer MRI Dataset/Brain Cancer MRI Dataset/Meningioma/253.jpg,meningioma,224,224,3,uint8,947469ba53c5d9ae07df9c59fca7beac4243ac205cc16d77dea7af7437800081,42cb7154cf70a84f7487674ab329c6379387f390f5216d240c0548ab75480022,,False
Brain Cancer MRI Dataset/Brain Cancer MRI Dataset/Meningioma/254.jpg,meningioma,224,224,3,uint8,86f18ca7ca85ce3cadc1be0a775dc8ddb39e3c2de4f7109073c6d82b12b58f0d,6a55e44c64c962b6af3488f93ed5fe69522c6f7d5ecb6a114a3c377e28a3b1c5,,False
Brain Cancer MRI Dataset/Brain Cancer MRI Dataset/Meningioma/256.jpg,meningioma,224,224,3,uint8,1712470e33a4198f5e583e34f31ae01493cb9a4395b612bcb56737fafa13d094,96f10aeb1f3edf4fdd7e49ee15e5dc7a1652b55a48345f825341aebc5062b72e,,False
Brain Cancer MRI Dataset/Brain Cancer MRI Dataset/Meningioma/257.jpg,meningioma,224,224,3,uint8,7c7166aec6284458d9617a7285b909d5d493a75d28588b4b8a59a63c09de943a,033f48a64c8f93b01d87c61663012c04feb9083778a7842a107c0035dd7409e4,,False
Brain Cancer MRI Dataset/Brain Cancer MRI Dataset/Meningioma/258.jpg,meningioma,224,224,3,uint8,1ca8cfab755d0ed7cb44628974fd06f6d21f42f718c692451ec5d3e59180cef8,b8b98db175375aab1c283e371acf678109323dd10788bc81589ff6efcb242655,,False
Brain Cancer MRI Dataset/Brain Cancer MRI Dataset/Meningioma/259.jpg,meningioma,224,224,3,uint8,b008bdd6d67cec6810aeb027de168012c1d2c1cbd56aa05f342865b5627f2d5c,e1c933b0db289d9e0cc03b95f76b11710d67bd3311cc64eda1dc67cf23986d34,,False
Brain Cancer MRI Dataset/Brain Cancer MRI Dataset/Meningioma/260.jpg,meningioma,224,224,3,uint8,5908eb7b1778d76b973592e44bda9b5ff8f5aba0616a244c60f5db922fe9eac1,4590cf165b95c0244c88496b2a2db2625ae9b0e956b2a3d6383c88dff88d4dd6,,False
Brain Cancer MRI Dataset/Brain Cancer MRI Dataset/Meningioma/261.jpg,meningioma,224,224,3,uint8,2f43f23648475b6e77520e6c2bd9796396ca3b26295e24a3928cb999e29e9f7d,ae0515e0b329cc90418f1d026721e2b6d7e0eeda1e085c4ce1f59dd5c020f05d,,False
Brain Cancer MRI Dataset/Brain Cancer MRI Dataset/Meningioma/262.jpg,meningioma,224,224,3,uint8,d69d55bd676e41bdb269fbe599a2694edb987ab8ffdb36d86f37e20faa1e22a3,a627c7d567080eb001bbd567c932f337538d8b1653d824d1f7d8e8baa6aa1368,,False
Brain Cancer MRI Dataset/Brain Cancer MRI Dataset/Meningioma/263.jpg,meningioma,224,224,3,uint8,b3ad4d283db4a913f1f86ba4903328e900e77ee09bf4262b67aebf46a8bae42b,f3b1c11dff9451794507b386bd8f5a28310173f763269b9244866214332181f4,,False
Brain Cancer MRI Dataset/Brain Cancer MRI Dataset/Meningioma/264.jpg,meningioma,224,224,3,uint8,11a9195514b27b62781edd16384f441a68a93674c78532119675b631e09ef471,212762ae83898a26ad6aa64319a5f66e2dc7c389a1b3508906117ac08eb77454,,False
Brain Cancer MRI Dataset/Brain Cancer MRI Dataset/Meningioma/265.jpg,meningioma,224,224,3,uint8,5988c4d0bbd29375e860ee3821b5128887e5dd64463114263bf7046e16b9fbcc,2c7c796ed94448a073ae9d77358c948de59335fb8f4ef643626e323e35f6911f,,False
Brain Cancer MRI Dataset/Brain Cancer MRI Dataset/Meningioma/266.jpg,meningioma,224,224,3,uint8,9565bbc30a757ce8cf332bc03c8f5b494ac644052e42ae0a1abfcbcb118449ac,8abfeac5a90e977542f4edd7869d36469d1e0b98412df93d673186614a5b8cb1,,False
Brain Cancer MRI Dataset/Brain Cancer MRI Dataset/Meningioma/268.jpg,meningioma,224,224,3,uint8,e8fa74a9f1972b9c43ecc353061ca9d7d9ba21e1d7d1702e4b112d48007dc431,e77e5eba8e741979a4dedeb1cb88ebef1ed11cbdda71d6411f239a75f1be73b4,,False
Brain Cancer MRI Dataset/Brain Cancer MRI Dataset/Meningioma/269.jpg,meningioma,224,224,3,uint8,80d53c2632fcc9c2ab2e1343bab3fa5d84b9f6ce1c0d6e472e193fb36dceab74,a9f2d1ed6161dd2fc5969eb03b20636f1b154370471bd3983e32e6ddefcd7e3e,,False
Brain Cancer MRI Dataset/Brain Cancer MRI Dataset/Meningioma/27.jpg,meningioma,224,224,3,uint8,301c7a0889826eab3e5fc5956c98282e80f70b6bf4ad45f236c8717dc0cb4f82,3e18723f16bb9b6c4107065f4db766fcb0dbfa632895f4cd301f88256e776102,,False
Brain Cancer MRI Dataset/Brain Cancer MRI Dataset/Meningioma/270.jpg,meningioma,224,224,3,uint8,c69cd2e07e00c2ed2da63e2c3ecd5ed17ef7d26e2835e8eb587648d6e3b39823,cb337e627fc62037287d49b269c2b8177fac2d9c084054a51901e9084f3bcf75,,False
Brain Cancer MRI Dataset/Brain Cancer MRI Dataset/Meningioma/271.jpg,meningioma,224,224,3,uint8,3bf241cb27acaf288e886dc14f1f6450ad9abe67ce5596ef3899fae74f6be798,aaed5a12073fcc393924f64b64db01ba53781063b8b05a319e84776bb27f1904,,False
Brain Cancer MRI Dataset/Brain Cancer MRI Dataset/Meningioma/272.jpg,meningioma,224,224,3,uint8,2e58465d0862d9be7bfdf5a6831c238b7fdc75b3fd56f7e3a90babd8d75a073d,077c875e9e867cbae0ac046a159a8711c5da4f1eac587037e4d508dda73f4583,,False
Brain Cancer MRI Dataset/Brain Cancer MRI Dataset/Meningioma/273.jpg,meningioma,224,224,3,uint8,f0d535e235284999ba9e409a87f921985627098deb1a99635dcd40b5d84aede9,7d8c8fc30a8e6f866db3b3de5985024c16334e61e19bebd0b3a1ecce76b22696,,False
Brain Cancer MRI Dataset/Brain Cancer MRI Dataset/Meningioma/274.jpg,meningioma,224,224,3,uint8,d4b6f9f51189a7b90a8c8f396e9763faf36c19c0f33f61bb83e387c291f6199b,44432df1aa2a076ca933ea3391d31765bde3faef80ab3517cd8625f20062176c,,False
Brain Cancer MRI Dataset/Brain Cancer MRI Dataset/Meningioma/275.jpg,meningioma,224,224,3,uint8,300c793717887fbf802e1ce7272f342b43c5779fbd03f5e7b52d3dbf4795946f,3ce3959e53b81a0e510bce886440461129d45300cf32340df044556c8d1c3dad,,False
Brain Cancer MRI Dataset/Brain Cancer MRI Dataset/Meningioma/276.jpg,meningioma,224,224,3,uint8,b0cb4cd4a28eb60246c8ad92237afc812880454241932f5d4a5bc157b57a0461,221538ff5a06f089961fbfda9b8620d0158fcdf790248c706a1b03745b867d88,,False
Brain Cancer MRI Dataset/Brain Cancer MRI Dataset/Meningioma/277.jpg,meningioma,224,224,3,uint8,615454ef76c7e481afb731807b76aa2ab5c372e8ee8ccff8f9823ab83f06bcf1,d8aa1c66b0efe1979898ab74c9b4131c719045bde549c2aa20d0f5eee343799e,,False
Brain Cancer MRI Dataset/Brain Cancer MRI Dataset/Meningioma/278.jpg,meningioma,224,224,3,uint8,bd4fbc4d6849094aa5431843627362783d970ac6e6b6e1678531172b428385d6,e54e30035b54f6fbd83e600f2d42404e17b518a7ff787466dadb99ffa10e5a61,,False
Brain Cancer MRI Dataset/Brain Cancer MRI Dataset/Meningioma/279.jpg,meningioma,224,224,3,uint8,495bd559280a330b1b72748cfb24750ae0997a20e71e8f43794b4dcb6d54bf6a,bdb5ee248d899db7206e89debef87780313dcb0c99411b0b2127c2b4b958c26e,,False
Brain Cancer MRI Dataset/Brain Cancer MRI Dataset/Meningioma/280.jpg,meningioma,224,224,3,uint8,76639a250d0826d3f85cc8ccd44bddfdb4b273117d2e13f9185b2dc31d4425c1,7506cd96644f3971eeef80a06ac86e66a572e446327df53b22c7bea7e04b0dd6,,False
Brain Cancer MRI Dataset/Brain Cancer MRI Dataset/Meningioma/281.jpg,meningioma,224,224,3,uint8,6cf019644f1e5d34f5f328cb90eba8681d9ddda6d02c3305c3d976aed0575602,67a690baa8edfcc5c5eae20d92c387ea4daf3e848e05df59cfb91007bb01c29d,,False
Brain Cancer MRI Dataset/Brain Cancer MRI Dataset/Meningioma/283.jpg,meningioma,224,224,3,uint8,53a290cdc96db40b5ab5cfe3895dd8f85f986cd971033881c6760751e1e3a326,a6586ba051a18f1ffce53804f976ce7b1e21694a88e80c2ac8dd57f2cbbdd539,,False
Brain Cancer MRI Dataset/Brain Cancer MRI Dataset/Meningioma/285.jpg,meningioma,224,224,3,uint8,ed68a41a2c7382f2b4210bd02c4720c695a857c7512820d0e0831f39d7ca6379,ab4e10f6eb9948e7d06b4f9dfc099cb7cf8b8b867735954f56c38b7f7a28c51e,,False
Brain Cancer MRI Dataset/Brain Cancer MRI Dataset/Meningioma/286.jpg,meningioma,224,224,3,uint8,07b11cc5a661df9ab9d055c37d253fd14cb526603d978f15f35aaceb474f13af,a260e522053f4cd60dd2f8bd59fc1bbdfde7e48eda6e7359f0cebb8f308de204,,False
Brain Cancer MRI Dataset/Brain Cancer MRI Dataset/Meningioma/287.jpg,meningioma,224,224,3,uint8,9adf6b28cf57483cecc67f8baa9b1a36197c41e28e89b42579abf24e5e5104df,bebc702ed6b5eb7cf2c52d9a782fa95d179efb13b55c92f0882c177cff9eff91,,False
Brain Cancer MRI Dataset/Brain Cancer MRI Dataset/Meningioma/288.jpg,meningioma,224,224,3,uint8,fbdb284833ae5e3db762052750626dc6d97c9d188d366c21c1f596427006b72f,b51609321230c44fb76aa194eb3c9aab052eeb0a5e9170141f3cde8f416b1944,,False
Brain Cancer MRI Dataset/Brain Cancer MRI Dataset/Meningioma/289.jpg,meningioma,224,224,3,uint8,e7e270656780027a8d44365697c38ca3afc6b975d98f47023d78436132a69db5,67776324f6e1f013a6690d49997e830e8592b12241d1578b96aae944cc5d898b,,False
Brain Cancer MRI Dataset/Brain Cancer MRI Dataset/Meningioma/29.jpg,meningioma,224,224,3,uint8,260428f647c20759d2460588fdab5be890ba93d3402792779078027394477c8a,e28cf7567b4078c45ad5690d095c73c5e1630464bb7e5b3dddaa550a7a1478c4,,False
Brain Cancer MRI Dataset/Brain Cancer MRI Dataset/Meningioma/290.jpg,meningioma,224,224,3,uint8,f5580da346dabba4c730bbfbf050cf7135058d3d70d6d7f20d1516cc646788f4,a0e78d702c94d470c5cd846228823bc655477e30f7e7dbfda3f6176b72733e9f,,False
Brain Cancer MRI Dataset/Brain Cancer MRI Dataset/Meningioma/291.jpg,meningioma,224,224,3,uint8,55c60aed05effb9a49f3eb939ed1e10e2132caac885505d5e8480238cf91e66b,c8b0451d7db1e70c991dd7a503312cafdf9dc3493754029383a5222c2fbe8208,,False
Brain Cancer MRI Dataset/Brain Cancer MRI Dataset/Meningioma/292.jpg,meningioma,224,224,3,uint8,f54670262cacc4e3be098e37d8cc27d9f6609cfa6e8d00b2cd6389c48a040399,339ce6fb3b432b7d0c190185edc9e500814b4af0a92c3078e3e20e70d2a11122,,False
Brain Cancer MRI Dataset/Brain Cancer MRI Dataset/Meningioma/293.jpg,meningioma,224,224,3,uint8,c0f612d95ddc8745e7d6244f41cd3ab56f34bf6936513759745806625fe8206d,7f4aba4f16e25adf270032873de410bb709c1dc483218beab0f371716d71ea07,,False
Brain Cancer MRI Dataset/Brain Cancer MRI Dataset/Meningioma/294.jpg,meningioma,224,224,3,uint8,02ea21c4319aa784e1a147a944b8a0c65a2d2944e377a7ee6fafea0a74fb9f7f,877460fcf082361d95345983f6bb2c395961dd99eda865ed29d548cb5c7292c8,,False
Brain Cancer MRI Dataset/Brain Cancer MRI Dataset/Meningioma/295.jpg,meningioma,224,224,3,uint8,8c91e1898179c94240a185f521d0c0baaeeb0cb230b1a583e7d9e5cfe015d086,5bdef0a8c776ae4d6b392d7ea1ca7447fff7dfedb5197aa75c77529f022ebf9e,,False
Brain Cancer MRI Dataset/Brain Cancer MRI Dataset/Meningioma/296.jpg,meningioma,224,224,3,uint8,66ab42e63d31696dd9bdeadb59579a49109c8e4e60f0d56250f5dbf3f5f269dd,61fee1e568c9812415c684a036e802631beceeb15ac2afeb7a4745b9dcd0ca68,,False
Brain Cancer MRI Dataset/Brain Cancer MRI Dataset/Meningioma/297.jpg,meningioma,224,224,3,uint8,e938ab5dfd183d889aff4a95ac7f80d8972cbe79540cb82d53910a576988cc71,f75dc9419c89b2d4096c01a34b90ac0f9f92d5a2f14c01e4df0822523e4a0a3a,,False
Brain Cancer MRI Dataset/Brain Cancer MRI Dataset/Meningioma/299.jpg,meningioma,224,224,3,uint8,92d7fd6b26e0dcdc7f10d420f8b73790cf30b57c0a9b2495911eb8355b25f145,3aab517f9e839f9eec5b4c3c5cb79f8312f109fb5f40c8380be6cfe66bb68c98,,False
Brain Cancer MRI Dataset/Brain Cancer MRI Dataset/Meningioma/3.jpg,meningioma,224,224,3,uint8,9dcebf94e3609351d79e98aaf41b8bf993a606e4b0d3940ac533bcaa1461c449,9fa0ba356f7d7ec6e1e13a2ef9486f4e4392c50a18c6427f4133e8ea3673aaa7,,False
Brain Cancer MRI Dataset/Brain Cancer MRI Dataset/Meningioma/30.jpg,meningioma,224,224,3,uint8,37fc2334d57211e5c7774cfaaa901b04a900beefb7503453ce8f6b39eee7d580,79ce2a2e4c5ac608c8c1c4e2c61ebd11ae8a13a7266bea49510291e98f1ee131,,False
Brain Cancer MRI Dataset/Brain Cancer MRI Dataset/Meningioma/300.jpg,meningioma,224,224,3,uint8,a12d7d62c6dbeb669c9588fc0b9ee360de1015240d6f2adb8b2a86d0c3b74ce8,3dbaad6682360a701b1302360bd3293adf80b64c6a7fe74ea9fe1b1842f29625,,False
Brain Cancer MRI Dataset/Brain Cancer MRI Dataset/Meningioma/31.jpg,meningioma,224,224,3,uint8,cd19375e0c82085d2e7423393ab02745c734e56cf5ef8f341f7816e061395904,19d5ba36d28acabdf135b72def88416cdd49ef70150a114fe4f98fd50c5ba405,,False
Brain Cancer MRI Dataset/Brain Cancer MRI Dataset/Meningioma/32.jpg,meningioma,224,224,3,uint8,ff8ae84bd0a693e016b0ebf8b7dbbb4204c4554fa924810869630fd280926ae0,c9fb2b19793699ff0423028d325c0d0c355f403b4056688f134f4848d13cb614,,False
Brain Cancer MRI Dataset/Brain Cancer MRI Dataset/Meningioma/33.jpg,meningioma,224,224,3,uint8,b5d37a789990350af43f17c03117fec8ef828434162fda128468fe3a0f60fd00,c6bfb68fd306a89590f515e20dd5f4d189c4528501f32c83d9077ff72e820b64,,False
Brain Cancer MRI Dataset/Brain Cancer MRI Dataset/Meningioma/34.jpg,meningioma,224,224,3,uint8,e2a575a5703c676e0c2e075458d47cd35b173e7ad6dab9b7a6877aed0f178ee4,60dcfbc19c9026187cd944654f57a8e4ea9b9ab7e88f0c749da0fdb9ba98b8d6,,False
Brain Cancer MRI Dataset/Brain Cancer MRI Dataset/Meningioma/36.jpg,meningioma,224,224,3,uint8,3e96fc8fc70f752ff7bab551e7849963b54ff93dc355419799e3f3b1c92db581,2d266edfa1d2d7bf9b4673f697198d8e38915ed3633f97075f15d20f12bff8ef,,False
Brain Cancer MRI Dataset/Brain Cancer MRI Dataset/Meningioma/37.jpg,meningioma,224,224,3,uint8,ed8904c55f7f78c8af9c80eab1c1e34e5292c85e0fc4d0ce855dc0fdd197d062,838c7d77be828d34e19d1f3e9a34e4a250eb5305d047b2ab625452f738fb31c1,,False
Brain Cancer MRI Dataset/Brain Cancer MRI Dataset/Meningioma/39.jpg,meningioma,224,224,3,uint8,6b4187ce092eeac806f7b5dd2b9dfbafa682d5f0164018c6c834d824d5c1a615,51aae67795e3ece17260d81fd6b8369c1fb9d438230d755db4313d6055171acc,,False
Brain Cancer MRI Dataset/Brain Cancer MRI Dataset/Meningioma/4.jpg,meningioma,224,224,3,uint8,7e8725f9cc0c25841a48825de080b61c7d64b5796da1e8503c907800861fb664,a8430e657afdec255b0b1efca8d172dd9457e75a62c39af90772ee20f759fd5b,,False
Brain Cancer MRI Dataset/Brain Cancer MRI Dataset/Meningioma/40.jpg,meningioma,224,224,3,uint8,27fa9802d8a6fa18318a6156056c3c315caee087e6f509e9418516445535c52e,f9b12f155a4c539934c258a831872472cd6aa6d2734d9ca10e37efc802bd8b24,,False
Brain Cancer MRI Dataset/Brain Cancer MRI Dataset/Meningioma/41.jpg,meningioma,224,224,3,uint8,f7727c5093628da351c36fbd8c500c3e9d467fc5e451d44ca448c5604c4a06dc,ac0c22f45d41519719d608bf2f2314e5f35f0324725f7ae7a5cfa1a9b9c2224c,,False
Brain Cancer MRI Dataset/Brain Cancer MRI Dataset/Meningioma/42.jpg,meningioma,224,224,3,uint8,aea791e983e437f0cfe44a368d2ba63f78e1d99fca67da193da3b9fae6ec87d2,01deedf951b8907c78a8e312b90764f70b9aa6b148d36a30fc361ab033e321a2,,False
Brain Cancer MRI Dataset/Brain Cancer MRI Dataset/Meningioma/43.jpg,meningioma,224,224,3,uint8,5b2a7697fc7b35ac77ca31d0fea4acd6917f41b468cb949ffb018765be635752,d8770c67ec5052ea16f4b7a0f08774de6c08210b4e5a1f63f33445660eb1c628,,False
Brain Cancer MRI Dataset/Brain Cancer MRI Dataset/Meningioma/45.jpg,meningioma,224,224,3,uint8,a1f6a322ce76afbb124a9a306b0d79405dd9ecbc1d61787ee2f2b311a5aa1522,c1ef565a2d3ea269bf6e9026fa85ad39a453cdac2cae77b337aad240b46e9c1a,,False
Brain Cancer MRI Dataset/Brain Cancer MRI Dataset/Meningioma/46.jpg,meningioma,224,224,3,uint8,9dd6b989c3ee1f6724f1e1d947c73b87ebf144ba8536d732d0e8027d31ecb5c0,67f38aaccad803eff6587361be58dbce6ed15a7da68288ebfe0a794048b7da0a,,False
Brain Cancer MRI Dataset/Brain Cancer MRI Dataset/Meningioma/47.jpg,meningioma,224,224,3,uint8,67e5cbfb8c849c76ff898477985f48c0b7e9d9b1d439f0bd0ab823ee66596c8f,0ad84cbd37701f3800c6854058a4f7aa1b2fec6c9a9f1d0b7359e477a64bbd05,,False
Brain Cancer MRI Dataset/Brain Cancer MRI Dataset/Meningioma/48.jpg,meningioma,224,224,3,uint8,7c065d5c989ba4e2b57f8b79589652d17641de39df23861560d6b99c22e1338f,a77d7fb683ee2762ba7785d1409687417f96b7e66f89e6944ad94f6962cdf649,,False
Brain Cancer MRI Dataset/Brain Cancer MRI Dataset/Meningioma/49.jpg,meningioma,224,224,1,uint8,f4082d7ef0aaff055f0af0605f86550d951d5bda711408fa84f1f2062ef11a1b,c1ca4f349a957d092c11253dd70509c3e78bccfd8cd697fd53db3a61f3bda0d1,,False
Brain Cancer MRI Dataset/Brain Cancer MRI Dataset/Meningioma/5.jpg,meningioma,224,224,3,uint8,1eeefa525de00b82c096b1c195b5c9836d5de830a6ed0e0f93ebb7a4bdba8951,e11822132c53555d8b7d93334eccfd79ad5c4c708dfb38805585e1a5d05d2e2e,,False
Brain Cancer MRI Dataset/Brain Cancer MRI Dataset/Meningioma/50.jpg,meningioma,224,224,3,uint8,3d732fe07f81d71825dc358b821c6802e1f143655bc1c05683f081b76aaafa87,5276a1d3296c7d90fffed8addf9d0659ad10ab9254fd00d77af65d91e5b5a644,,False
Brain Cancer MRI Dataset/Brain Cancer MRI Dataset/Meningioma/52.jpg,meningioma,224,224,3,uint8,b0df0daf5057e5e93d83d6f281c0dab9955af1b97be05570685e46e32842c00d,0de16c347bd5b5e80d5d4c5131de28e5324c4e343914b291259fafb1524a66db,,False
Brain Cancer MRI Dataset/Brain Cancer MRI Dataset/Meningioma/53.jpg,meningioma,224,224,3,uint8,81526ddf652874ff7f266bb209e66ad4ddd164015ea1c72faee67721f049933f,a121f21259b00af1178f3490c1b823aa37513cdc3a47f4e4564028601a773916,,False
Brain Cancer MRI Dataset/Brain Cancer MRI Dataset/Meningioma/54.jpg,meningioma,224,224,3,uint8,52768dea4291513d8a70152b73aee6eec649d8b9c7442cc8ee90019e163d087e,3a71940e686648f62872a8676cb623dff8bf903794600ff75e4e16ea822c7ca1,,False
Brain Cancer MRI Dataset/Brain Cancer MRI Dataset/Meningioma/55.jpg,meningioma,224,224,3,uint8,9139ed70d850f656201c9ef1d2dd817aef64ba52dc6e760ee38ccc09a3c5bdf9,f4a8266396ac89005dd5e75c4e68268d5130402ee3c38df2e5aec505b32cba8b,,False
Brain Cancer MRI Dataset/Brain Cancer MRI Dataset/Meningioma/56.jpg,meningioma,224,224,3,uint8,139d5de4cb8c23f240415d2240de5dc0897497a39c20014543c1508c90ad31de,372c483410bc21d7eb8d9c2058c6ec1f21d114c12e2f48f179f167320e100217,,False
Brain Cancer MRI Dataset/Brain Cancer MRI Dataset/Meningioma/57.jpg,meningioma,224,224,3,uint8,5d0c5c2af8b0e12d0e1e8838d1ecaaeb198a310754791d19dec534f2f69c5a9b,3a978f479c5dcdbcf26a28883c2639869075a39fadf9cdc05fe5a641562a1511,,False
Brain Cancer MRI Dataset/Brain Cancer MRI Dataset/Meningioma/58.jpg,meningioma,224,224,3,uint8,97028a5b2ad08d1052db82d20988ea61dcf0be3f0eecf288b2d64bf283373fde,7683cd994cd1f6658c2bd49ae57b17fdba9105700a9f0fc68527e68a33bb06f0,,False
Brain Cancer MRI Dataset/Brain Cancer MRI Dataset/Meningioma/59.jpg,meningioma,224,224,3,uint8,4a5c7561157f596e902ad3249f08287738da797bbba0423a6b933a87c62d6c53,793fbf7c9fb2252be58f43e77bf107224b25251e9bca1d8efab2c7ed592bd742,,False
Brain Cancer MRI Dataset/Brain Cancer MRI Dataset/Meningioma/6.jpg,meningioma,224,224,3,uint8,c58832577a9c404e6fb1198e90afced1cd84b6b4badf4fa9475d337bc85c2911,41ef4c62efd9a2708d3f3cf1f256f07a62eb5956a4f4a973f1337485ee5d8399,,False
Brain Cancer MRI Dataset/Brain Cancer MRI Dataset/Meningioma/60.jpg,meningioma,224,224,3,uint8,13b936e438a20296a7f94cec664eb81530b3b2acac540cd7f78ba66b374e16d8,af055e8999dfaca917c0039878f1925929ec72c8deb0be8e00c01e85a48f97fa,,False
Brain Cancer MRI Dataset/Brain Cancer MRI Dataset/Meningioma/61.jpg,meningioma,224,224,3,uint8,f49e8d4339d83c3387a52cc13079ab72bf5dc9321ad34a08615bbe1b41a3c390,a2f98ec5f5b11c8a83e437492f005c72226fcd3f0eb844e4ec0e450633f920a3,,False
Brain Cancer MRI Dataset/Brain Cancer MRI Dataset/Meningioma/62.jpg,meningioma,224,224,3,uint8,bda1baaf870a80cf845dac0259491a851810f903955197eea5a3cf72ea249eb1,37175d83c05f86199e87a1a9c33489981d72492761910a7c02ff68ce278a83b1,,False
Brain Cancer MRI Dataset/Brain Cancer MRI Dataset/Meningioma/63.jpg,meningioma,224,224,3,uint8,c3ced31d8a2b57eb6036eedc092d92af461094a3af07e788feb10371eb951435,0718e5f7b71fc24ee866c6b92dc8ed722f0be540d22b7ab72d52047eb9bb0d30,,False
Brain Cancer MRI Dataset/Brain Cancer MRI Dataset/Meningioma/64.jpg,meningioma,224,224,3,uint8,56f2e3a2fad901d45b4b34210420fe9d068d3aacd8ecbcbc8eeef40093c89864,c0d82570e99bf1632ac0e4d0473932bda7e8d5a7c23d7d3e68d704b46501071c,,False
Brain Cancer MRI Dataset/Brain Cancer MRI Dataset/Meningioma/65.jpg,meningioma,224,224,3,uint8,d85a9ca4f0c65df2b5c29e9356639298fdba60357227161cfe5d1808940a577a,293951f0d6876405f187f9091e481b8c61085381f48c31480a997841b4559f27,,False
Brain Cancer MRI Dataset/Brain Cancer MRI Dataset/Meningioma/66.jpg,meningioma,224,224,1,uint8,276d39b71464e0ca88a037d8c4050f538fc732878daa02d797d1a91f4802781d,5e5e6b532af2b5de98819490e029a030f4cc46b68be268fc5548e502e3f00edd,,False
Brain Cancer MRI Dataset/Brain Cancer MRI Dataset/Meningioma/67.jpg,meningioma,224,224,3,uint8,a819174471b38ac943cea26c1a6e053591fa1bc448a7be2780706df04c28d8b1,36a6b6fb06c79da3af4c6efd572bde63f7c931add2151eca950c92624e933460,,False
Brain Cancer MRI Dataset/Brain Cancer MRI Dataset/Meningioma/68.jpg,meningioma,224,224,3,uint8,81e903b434b7efce522aacf34decdccd2bf4fe3f38a98ed77b158ab1ac773c8d,350bfbc129a1877e13f7c249852f00769e9bac777d2b6b447ae4fc962e61853a,,False
Brain Cancer MRI Dataset/Brain Cancer MRI Dataset/Meningioma/69.jpg,meningioma,224,224,3,uint8,1338d5be34aa94c9b26bfade2f558c17680e7c37decbd008674ce70aaf663645,9e75b4769654eaab218b62a966ec7fe267e3a0b37e5ee38de29c4e9529a5871b,,False
Brain Cancer MRI Dataset/Brain Cancer MRI Dataset/Meningioma/7.jpg,meningioma,224,224,3,uint8,72e274def06bcd27662dabc9d3cd9ce8288efe7af3ff79466f84e05f85b122e3,8521793f13071bf7d866c663576437718661032ad7cb103c256318256b14c2b0,,False
Brain Cancer MRI Dataset/Brain Cancer MRI Dataset/Meningioma/70.jpg,meningioma,224,224,3,uint8,f6fd9e0c877432d2bf2b02445b7b15eb18d4188a3debe02d7630e3eb531fd780,d192f204926085edcf02106f59ee20e8d72b75f0d9ee6360f3a6ebb555898817,,False
Brain Cancer MRI Dataset/Brain Cancer MRI Dataset/Meningioma/71.jpg,meningioma,224,224,3,uint8,134b9dca24669452f3bb05d1a19e69c5fe88e4c4a4dd4cacad5b35b7c904e0b0,e6afde518f4e1156bc96d5c55f305b588c4f0a5c50d3e1746a772286906aa35d,,False
Brain Cancer MRI Dataset/Brain Cancer MRI Dataset/Meningioma/72.jpg,meningioma,224,224,3,uint8,45f0322296ea8638c96fd95acd34b658d3f93826690bfadc5eba5d98d1ae8192,16c6c68a4b8151ae3430fb705fa460743c83b3578ca6543afefebfbe9408ae94,,False
Brain Cancer MRI Dataset/Brain Cancer MRI Dataset/Meningioma/73.jpg,meningioma,224,224,3,uint8,2a3083b9df4fc357c13d006c81e96fb68738284b300ad4c69c08777d6904d216,30193d1badef349400ad8ca79b5df026d1d1f8578332d6138b5ad58048315819,,False
Brain Cancer MRI Dataset/Brain Cancer MRI Dataset/Meningioma/74.jpg,meningioma,224,224,3,uint8,7e4929eb2a0e26e66fb0882f3060602477a545a34f8f1bc3906b7f22f5f1b26f,eae79e418f18f0689fdd7c2eef227859dc52e258132dbf1c23182eb194424a9f,,False
Brain Cancer MRI Dataset/Brain Cancer MRI Dataset/Meningioma/75.jpg,meningioma,224,224,3,uint8,0ce3f24ec7485bea941d114d8370480a6ff7020556bea0f746fc599d70d0ad7b,3f9053033ca3d036320d8f65ebf166367ed0ad30b95ce7ffbaae945e0eb9fc41,,False
Brain Cancer MRI Dataset/Brain Cancer MRI Dataset/Meningioma/76.jpg,meningioma,224,224,3,uint8,1cf05082d66ab82eaa4de29a359734fb432aa57d7b38544a1e2015504b07855f,00907656ddf91de3d190064b190f36997b6998fbaf3a82f975464c0d61893764,,False
Brain Cancer MRI Dataset/Brain Cancer MRI Dataset/Meningioma/77.jpg,meningioma,224,224,3,uint8,f1e3d62681511b1ee3cee00dfc3dadc227ae27a325aded2118e367d163b10f9c,c5a0bca04997bb45666d9c3ab40da012056063e9b91ed2d50209a65ddb3e1067,,False
Brain Cancer MRI Dataset/Brain Cancer MRI Dataset/Meningioma/78.jpg,meningioma,224,224,1,uint8,91e7f8edee3f281fb0b30972461b9e7ec1f6f71b059ef64f411b0860563b849a,c8690db1adb0508f2d2578f5ae212bc0382b028a0ea235943978b3af2e486270,,False
Brain Cancer MRI Dataset/Brain Cancer MRI Dataset/Meningioma/79.jpg,meningioma,224,224,3,uint8,9f7584202a77e97fd3913dde78aa5619c5e84737006d0c7b94664b66c2273a9a,79284d9e5cbfd4eeeeea45a82602b1baf489dd6f54dd1ca5417135b4a055e870,,False
Brain Cancer MRI Dataset/Brain Cancer MRI Dataset/Meningioma/8.jpg,meningioma,224,224,3,uint8,3f09b2e15e7b0fac866a9c7b8ad527d9ed37449bd2c75b270bc9f69f85359d6f,36e6f83449dd3f8db253b04f8c22cf291febae335b2792ca8bd7bd696c5f2c68,,False
Brain Cancer MRI Dataset/Brain Cancer MRI Dataset/Meningioma/81.jpg,meningioma,224,224,3,uint8,7df2ce6055d91985259c6e8bec54e864c04cf96c7a2d1c3bacf74ca53b16b21a,4c8e8f0dcfed97aac1a6091f971908dffdc416ada6d82beca3b89abf1d7d0de4,,False
Brain Cancer MRI Dataset/Brain Cancer MRI Dataset/Meningioma/83.jpg,meningioma,224,224,3,uint8,10c21a6580f232355a99d4cb57e799a45e8e7467a0ef7e9ae8087955cc5940aa,f9ecd11ec177ac44b5c470bb501d2562485b37cda5af9549edc5824e96b3b868,,False
Brain Cancer MRI Dataset/Brain Cancer MRI Dataset/Meningioma/84.jpg,meningioma,224,224,3,uint8,c25f8a932bfce058fbae00089136df3f784ad30b308e94912c7668dc6093514c,5390d2ca30d2d96584ecb49e2e9bbcee23ea1b00088351dd1cd345c7b5fca88a,,False
Brain Cancer MRI Dataset/Brain Cancer MRI Dataset/Meningioma/85.jpg,meningioma,224,224,3,uint8,f1efca3228dcbe2b9e49b6bc7b5e346ed6d9e79b689a2fd233fe8c7301b5668f,1dc33e1c95984bc427a16f4bc51cfb8b2ce32edddf345d96cd0372e5ddd5d256,,False
Brain Cancer MRI Dataset/Brain Cancer MRI Dataset/Meningioma/86.jpg,meningioma,224,224,3,uint8,c2e90906e1cab2f659b004c980660dc44dc5a12d6110aa21bf1e96ec28dbbab0,d99163f17d7285216e97bd1fcb7c8239d021ac82eee81033d0a8230b536fa1ee,,False
Brain Cancer MRI Dataset/Brain Cancer MRI Dataset/Meningioma/87.jpg,meningioma,224,224,3,uint8,b3e7293be90348b5837824574bc958c91295849f4efa6a813bfc6c958de86fbd,8ec4f5c8ee4abbd46fd270487d75fea8021c5ec54d75eb9d1fb740ac1a04da8c,,False
Brain Cancer MRI Dataset/Brain Cancer MRI Dataset/Meningioma/88.jpg,meningioma,224,224,3,uint8,1a6d2a47c05c9ca6bf7345cff4cc2009448dfa57235bf19a784bffdd5a5d6c2c,c2378e05b08ea2848525bc2f356455fbf4d6bae1cb64a00270c8c581779d153e,,False
Brain Cancer MRI Dataset/Brain Cancer MRI Dataset/Meningioma/89.jpg,meningioma,224,224,3,uint8,0cd3b6233d3f15981fedb0f6872a3990bcab4775fbbad0e69de0e7a51204bfdd,72e9f2413b210dd3516afe7d32589097675bac4392021af6e03f10c719616929,,False
Brain Cancer MRI Dataset/Brain Cancer MRI Dataset/Meningioma/9.jpg,meningioma,224,224,3,uint8,ba966c803c6e54fd44b0ab9001f79e0f89ecd1c1c7c7769cc3160d6c29fd72d8,06d6116d5ffb9e7a7577448a3349d8e1d58fa540fea9ce619b992acb68a41155,,False
Brain Cancer MRI Dataset/Brain Cancer MRI Dataset/Meningioma/91.jpg,meningioma,224,224,3,uint8,cd96468b22e190c22dc12385d5d26fb3acbd540052591e67854bdbe127531a60,8619096758b8846feb25fd0711d998b86d13690eef758e7ae4f4f7d32e28f585,,False
Brain Cancer MRI Dataset/Brain Cancer MRI Dataset/Meningioma/92.jpg,meningioma,224,224,3,uint8,54421acc98d926ec3e0038b9ea924910c28623c189dfd8fb6a13a0384962a364,912085fc3e468e3de841fe7ef47b6d8c829001fa6e58dafa7e2df811ca387e57,,False
Brain Cancer MRI Dataset/Brain Cancer MRI Dataset/Meningioma/93.jpg,meningioma,224,224,3,uint8,4cc68f3a791863c33ebcbcda1715fc162199308d8b4f2bfcf014d0f4afc88bc0,7e2c35cca9589a0bcd96124d7b88cc4e23a99aac05eed82a2537a3711f0305fe,,False
Brain Cancer MRI Dataset/Brain Cancer MRI Dataset/Meningioma/95.jpg,meningioma,224,224,3,uint8,fe5a046b1d735961162849cc5b51f8225709863cd9f5491c87669fb694ec5af3,552b616850341592f307f79df09bb0818cd68bfbb7ae59301da657bd69299ca1,,False
Brain Cancer MRI Dataset/Brain Cancer MRI Dataset/Meningioma/96.jpg,meningioma,224,224,3,uint8,8e3d4ae03be9028f53c4ac6d140dd9753334236367c86ce1a9db1679c0acd195,81821ae63e025b721f35827410f40fc6572d64a8be9382816a6e30fcb408c5fb,,False
Brain Cancer MRI Dataset/Brain Cancer MRI Dataset/Meningioma/97.jpg,meningioma,224,224,3,uint8,df69667c043a11f76dee2bd5b0fcc399ad3f2af1288f23edb4987e90ee0a1410,0e84e76bb7a994438db50929656f39dd2c5548ca97db7d973ce710eb100c56df,,False
Brain Cancer MRI Dataset/Brain Cancer MRI Dataset/Meningioma/98.jpg,meningioma,224,224,3,uint8,1f947ca81f6e02ec9485fd9c80e93a3cbca7daa7adc161cf78af9502343c5b74,8ea751bc6556d8b5e8586d084758297fedff3c493050bde27eff2eadf0bdaa02,,False
Brain Cancer MRI Dataset/Brain Cancer MRI Dataset/Meningioma/99.jpg,meningioma,224,224,3,uint8,ba3d905ef3d038ed372a5b7a3715a891701a6573709f4eb8b636e3133caaae39,cd19260121437929c2aa0f0e6628702873e2a1ec2870377d6a012d7b3fac48c2,,False
Brain Cancer MRI Dataset/Brain Cancer MRI Dataset/Pituitary Macroadenoma/1.jpg,pituitary,224,224,3,uint8,f04eb1fbc676a38e34ac0596fc0e5e92f2e9fa287976b9a9aa063241e881b081,30aac85a4f990d776d0dc5e3858b4cc385e98f8b39f55d1268d6833f1b43947f,,False
Brain Cancer MRI Dataset/Brain Cancer MRI Dataset/Pituitary Macroadenoma/10.jpg,pituitary,224,224,3,uint8,69624881d03883a5983df4ec13c32b7d91a444a88aeb6a7c67e1974994e81e9a,705a373972181b00c9a942b6da0c5fddf0012bd90648274d6830f69751116a4c,,False
Brain Cancer MRI Dataset/Brain Cancer MRI Dataset/Pituitary Macroadenoma/100.jpg,pituitary,224,224,3,uint8,46e92afbe1939d177d4fcfe1dd63891bdfcadbab7ea9390fc87ce517814b8dde,86c3c8600c84f15a69e46d0e79d0c3bdc60d2e91fdb520121808aaf26efe09ae,,False
Brain Cancer MRI Dataset/Brain Cancer MRI Dataset/Pituitary Macroadenoma/101.jpg,pituitary,224,224,3,uint8,b48e02333e7913f11a8f36454b61d78507e683d008c3ffc40a2edf62274221da,723fa82390c5dd398be4d4e54c10b25fe492f83189fbe8200fad8820a577b6e1,,False
Brain Cancer MRI Dataset/Brain Cancer MRI Dataset/Pituitary Macroadenoma/103.jpg,pituitary,224,224,3,uint8,bfa36193a34da29deb845d5392c6f07b7bebf738138978317436f10ef788793d,6d539479bf2c3ab8fc7a51e0142bb421d93c5038fa06ce78044c1d4a66fd4b07,,False
Brain Cancer MRI Dataset/Brain Cancer MRI Dataset/Pituitary Macroadenoma/105.jpg,pituitary,224,224,3,uint8,bf02d1253e298560a352e0b647f003914b7092dd6329170b39ea0a6a64a5ecfc,6324e3f32e34c54fbdf9b1f0f80eb2471d21d5952c3b9fb4d42c5357556bed7d,,False
Brain Cancer MRI Dataset/Brain Cancer MRI Dataset/Pituitary Macroadenoma/106.jpg,pituitary,224,224,3,uint8,f344e22770718cc453cf5275638e6c3d5c23d115b6ca6c7cdd38cea480858e63,e6957393711a2c3b71cf1d249cf6524fd77b90d9a91e70792bdddd8f504394cd,,False
Brain Cancer MRI Dataset/Brain Cancer MRI Dataset/Pituitary Macroadenoma/107.jpg,pituitary,224,224,3,uint8,351f95c2b8976c5d5815953b78f8bbff62442abdd10c0ee14bac3071d3d54b42,89826e526da10be4c58db860b04c24db4bd4e811a52b8fe6a4ec42b2cba69597,,False
Brain Cancer MRI Dataset/Brain Cancer MRI Dataset/Pituitary Macroadenoma/108.jpg,pituitary,224,224,3,uint8,af0ec96dbf13c98f0ae1002682ab8bc78d96dc0dc81589895b050ea0e1fcbe01,dbc773b5677b412b932a1111d1213bf4bd2b000f8370c376952bff96294380cd,,False
Brain Cancer MRI Dataset/Brain Cancer MRI Dataset/Pituitary Macroadenoma/109.jpg,pituitary,224,224,3,uint8,9a2bd42f522a87322a6be9f1e7b82857abc30f28bf360f156c6246375e0e03f2,663bc960e4f6cb6c40dd16b1893759ec18506d44ada0b08b6689420d9d817f01,,False
Brain Cancer MRI Dataset/Brain Cancer MRI Dataset/Pituitary Macroadenoma/11.jpg,pituitary,224,224,3,uint8,778071a6e221ae81e966f50dac292f98442dd1e6d4d424a1ef8dd1b43087700c,2a0bed2798bf89635331da5b6ec8450a470c2a4e113fd7e2b651200266da2c41,,False
Brain Cancer MRI Dataset/Brain Cancer MRI Dataset/Pituitary Macroadenoma/110.jpg,pituitary,224,224,3,uint8,eb0803f94995b705d73d19f5467b201b13a0bea6f2c182debd0c31385eb82fc9,c65208bc9ee54185fbf92c4be9ef6b9dc991dbc519e54f1c9ed5abe6104fd0fa,,False
Brain Cancer MRI Dataset/Brain Cancer MRI Dataset/Pituitary Macroadenoma/111.jpg,pituitary,224,224,3,uint8,4628e20c0f22d1da25a271af458e1915a3598a793972cde1560c5f035dc4f881,6ce4d9e95568c61b41b8e30c6d483491efe20ff6a633d9090077c0cb8dc59c87,,False
Brain Cancer MRI Dataset/Brain Cancer MRI Dataset/Pituitary Macroadenoma/112.jpg,pituitary,224,224,3,uint8,e38d2837056024f655b4029ced1b28c010869a6a68d35823aff1158ce5ed3e2a,b1deea146a01602ff04127e58346bbd6c5370370efc2eded16eb3e808f387b5e,,False
Brain Cancer MRI Dataset/Brain Cancer MRI Dataset/Pituitary Macroadenoma/113.jpg,pituitary,224,224,3,uint8,f7c901327e7e56ddc62ebcf73f7e93030da0bceae944ad3214507ceebdeedc72,47e5741d20fbacf69ec0745cba5f9e20810dea49703d80986e1682624de1bf61,,False
Brain Cancer MRI Dataset/Brain Cancer MRI Dataset/Pituitary Macroadenoma/114.jpg,pituitary,224,224,3,uint8,7805fc07cc47d0bcdc15de80120dc971ddeacbf96ea499d131dd8f35793444f1,1bc0b515422602fbe33bf5aa4a68cecd1adc51c1d4d7b56f5e9ec1703985306b,,False
Brain Cancer MRI Dataset/Brain Cancer MRI Dataset/Pituitary Macroadenoma/115.jpg,pituitary,224,224,3,uint8,df685d540999b23389a72eb7e9199f432b9b51adceaf0239c9e05d938eff9968,810c3a4022ef7480c0b24f7ea92254458f8eae37543363262b320efd62193db2,,False
Brain Cancer MRI Dataset/Brain Cancer MRI Dataset/Pituitary Macroadenoma/117.jpg,pituitary,224,224,3,uint8,6f1ba6150030053a8718036eaede424921a18c659fcb4384adbb5dd8a4319312,99c6a9ceac03bef039d24bcb3281611ef2e390dbea7eeb353589cf70e396010a,,False
Brain Cancer MRI Dataset/Brain Cancer MRI Dataset/Pituitary Macroadenoma/118.jpg,pituitary,224,224,3,uint8,58896ff5d2053829a3032c77e03d6e84b469f851ac5374b92054e0f23c0d1b17,32c46b341371c1fea6c2b49edb3ba766b66afa6f33a1b8ecb1128f2b63c82a12,,False
Brain Cancer MRI Dataset/Brain Cancer MRI Dataset/Pituitary Macroadenoma/119.jpg,pituitary,224,224,3,uint8,d100237c29e2166e4ef0075edb1798fe35045650810db533f756e440e43b4013,9b0348823755c4b581453d2d1190a92510af933da9de17ac02da411b0e402792,,False
Brain Cancer MRI Dataset/Brain Cancer MRI Dataset/Pituitary Macroadenoma/12.jpg,pituitary,224,224,3,uint8,4da2f4057b368e32b93bad9773b865c033c5956a2b5b3db88ca3a6bc8e649562,c530740bc927f524847471d291b9d56a098acb06b22a8c5f0ea4ae1db90013ed,,False
Brain Cancer MRI Dataset/Brain Cancer MRI Dataset/Pituitary Macroadenoma/120.jpg,pituitary,224,224,3,uint8,e2523526d3bb2edf99e81c5fa91e6e0edffae2b604143c08f153f31f2f09b13e,6d86948e1426f30a678e3c0e9c584fa50afaf5fd2e7412c3ec98e83066cb429c,,False
Brain Cancer MRI Dataset/Brain Cancer MRI Dataset/Pituitary Macroadenoma/121.jpg,pituitary,224,224,3,uint8,05394bc986f98fa0d951e414778dd079a99939d4386f62b945c6ca67e1b8e597,d4d1c0a263c7c0b9134ff896a39bfe6c5ba6f4501f99a3c7a6add37b28404985,,False
Brain Cancer MRI Dataset/Brain Cancer MRI Dataset/Pituitary Macroadenoma/122.jpg,pituitary,224,224,3,uint8,8a2fa0fbb8295d35a8f815b39f76d62565334e1f5bd597b3d1931f54f15c051e,1e1274065db62ee0c391c8a7931c47d0726e2d49bd4f0f5da1a18187900ffbd5,,False
Brain Cancer MRI Dataset/Brain Cancer MRI Dataset/Pituitary Macroadenoma/123.jpg,pituitary,224,224,3,uint8,1368a64a97a585683a04f7ed4003adc44e04446863d7b47e9c1267f22e8ef8c9,5796df78785fc89825205ee4a98e5c032af90e597b8272cd43273a49828348d8,,False
Brain Cancer MRI Dataset/Brain Cancer MRI Dataset/Pituitary Macroadenoma/124.jpg,pituitary,224,224,3,uint8,dcbf490dda3732fbcc42f87f76a95e3b6e778c0d65f090e29607e00f2f9a5fc2,5b37f2fef0dfee8c31b890a9633352c793934528f63f55efa155119afe2fde3b,,False
Brain Cancer MRI Dataset/Brain Cancer MRI Dataset/Pituitary Macroadenoma/125.jpg,pituitary,224,224,3,uint8,4e8ede8fd75509bbedacf4e5d6f33952d7ebcce20ad4a676a6e129b46f336842,c2a6006c024f740415dc41660b5c228658bdfc220a5eb8f08a39da12ce43db74,,False
Brain Cancer MRI Dataset/Brain Cancer MRI Dataset/Pituitary Macroadenoma/127.jpg,pituitary,224,224,3,uint8,85bce0916cbccaf091f6606efdbee8368f029c7a317bcf0dfcca4b7b32513952,c2091f5f77bdf882ddc38a0bccb91fcf746bcda56e7c6d467bbea9da80a73492,,False
Brain Cancer MRI Dataset/Brain Cancer MRI Dataset/Pituitary Macroadenoma/128.jpg,pituitary,224,224,3,uint8,c35caddacc796476a6bd1b3299c4ce21cb8f6b5b316286b2d906c0977e6716b2,a2ab76ad468040279e86b610df2c37ecf665391b3a744750419126c43d84d1e7,,False
Brain Cancer MRI Dataset/Brain Cancer MRI Dataset/Pituitary Macroadenoma/129.jpg,pituitary,224,224,3,uint8,ce0ee9216b52db7a5f2960404c8ce10eb779359019882e9b0e3f576560b4e6ff,2b58607ce4262bee7d56210415469fab8c39d26c6f8f49ecd26d9274a9d95c5d,,False
Brain Cancer MRI Dataset/Brain Cancer MRI Dataset/Pituitary Macroadenoma/13.jpg,pituitary,224,224,3,uint8,b473bb01fe16422a88cdd9af2702f4a43da6ece5baf40aa6f9f5f5cce7f7c8f0,a1f9a798317b59b0443b60217c46f9fc6f30e92a4c49f65fdaaf9d824d1a9b6f,,False
Brain Cancer MRI Dataset/Brain Cancer MRI Dataset/Pituitary Macroadenoma/130.jpg,pituitary,224,224,3,uint8,b716eaa92554fcb788c4fe145ebebbd7895b69c4b18f60a0239feb92cd027f40,9fb410a7a91601beb978c85c4e03482cc922865a1f197da33b82e322b37be495,,False
Brain Cancer MRI Dataset/Brain Cancer MRI Dataset/Pituitary Macroadenoma/131.jpg,pituitary,224,224,3,uint8,20f0247980dfd570c8819b4a824d84b648f4a7e52366483b62b03496bbcb65ec,693719c836bd7f60e13c5c081b5201f0fe9ecbe70d862fc9ab12b751b7bd74c1,,False
Brain Cancer MRI Dataset/Brain Cancer MRI Dataset/Pituitary Macroadenoma/132.jpg,pituitary,224,224,3,uint8,4bdcd1b4a1c45d02bed097d75d7124c99468aa7fd6e4af296cd712ee2af27528,f92374388fff98492b6b9aa665098902f87084f56340408cbd2a509d25f788d2,,False
Brain Cancer MRI Dataset/Brain Cancer MRI Dataset/Pituitary Macroadenoma/134.jpg,pituitary,224,224,3,uint8,bf7687faa1fa86323c53596cd0de323dcc9614dd37aaecb4e36f6ac21e09910e,e319f815c3dfdb56f3a5fe1aaf1797b2d1528a57f4b2031a8fe20542c5a2d0a6,,False
Brain Cancer MRI Dataset/Brain Cancer MRI Dataset/Pituitary Macroadenoma/135.jpg,pituitary,224,224,3,uint8,601437b68d2cd893f21e7e77f0286a31830764c52737404b3a8edad4e0069034,4cc87148e43c5d42f257f6f4ede8bad2362aba0d2203daa3ee73c5784d5a7552,,False
Brain Cancer MRI Dataset/Brain Cancer MRI Dataset/Pituitary Macroadenoma/136.jpg,pituitary,224,224,3,uint8,322ff306829fcc180d955bd36b9e66b28193a9a29511ac2e269efc67c0d2a5e2,d2685f4f512b186f8492be744dd1d619f4c1c060182e7b9b779ac1eefc30590c,,False
Brain Cancer MRI Dataset/Brain Cancer MRI Dataset/Pituitary Macroadenoma/137.jpg,pituitary,224,224,3,uint8,a23d3d9a2486244a54d3d88cec80ad435d5097627d035c213bd97af56dba4f5d,512ac3ee050f845578a24ae9d0193fad5ed649da3ce7b6ea77e42a9b4b401038,,False
Brain Cancer MRI Dataset/Brain Cancer MRI Dataset/Pituitary Macroadenoma/138.jpg,pituitary,224,224,3,uint8,c4c490bab3edf75257e5a42248f8628ea927078246f968ce14c28f90ef14168a,8e40e91790474777ac2e7788c33a9f6268a06eeb6c718ec0a083066a784ef899,,False
Brain Cancer MRI Dataset/Brain Cancer MRI Dataset/Pituitary Macroadenoma/139.jpg,pituitary,224,224,3,uint8,bb5e97ea9a98edeb7af6922ccd55125abc1b59ae9e15052a05bd9189cd09c245,18e825fdac96c0f46e3c95bce37f10ce7e7835b1e98c0f4e2395142dfd7be0c7,,False
Brain Cancer MRI Dataset/Brain Cancer MRI Dataset/Pituitary Macroadenoma/140.jpg,pituitary,224,224,3,uint8,6c62a7e55d9ab019c8d95d75784fae85a2d46779d12dd735cad6051037f01881,3160c1532a3b95fc89e0ea47334e115e908d0ff2d3e2e227262ecec519f24fa8,,False
Brain Cancer MRI Dataset/Brain Cancer MRI Dataset/Pituitary Macroadenoma/141.jpg,pituitary,224,224,3,uint8,0f0131f31d99c059b917d1f1ed706f06698b93cac0ead88a59f13773f6094bc3,70bb5c229eba6acc3cec97d8b050681b3e9fbb7181b694e61644a01692a1f654,,False
Brain Cancer MRI Dataset/Brain Cancer MRI Dataset/Pituitary Macroadenoma/142.jpg,pituitary,224,224,3,uint8,22d761c55ee0e0f31e4234015d6f9f678c51a5cd46e94182c3b9a90f399dccb5,cd56a37796e34ecfb6f652dee0dfd163861b1e5956e3ba3cc3a4a8c9dfd5b189,,False
Brain Cancer MRI Dataset/Brain Cancer MRI Dataset/Pituitary Macroadenoma/143.jpg,pituitary,224,224,3,uint8,6f127cf096887baee0549102bdd8a141a756bea124af6809b0031728b903b5e4,4c67a29fc1da296c90088fca32f4946b8f7355c520f66b4610ab1112ae2f6e47,,False
Brain Cancer MRI Dataset/Brain Cancer MRI Dataset/Pituitary Macroadenoma/144.jpg,pituitary,224,224,3,uint8,86a35ed35dc51ae25dff254cc630f523c3899d83a6460f8b13d656046b1ad06d,65ea40e479c3682a92cec0e4fbc324f43a7635905604d9615a1800b643535b50,,False
Brain Cancer MRI Dataset/Brain Cancer MRI Dataset/Pituitary Macroadenoma/146.jpg,pituitary,224,224,3,uint8,9c0e84dd3c04154e8e28716edb7415a18f318c6de6bda765049c599dbed6edc7,41d8ed6a92e70ac6700db73a84dbc4e89f5b3ccce7ad4f3dbdfb1d28d6af2217,,False
Brain Cancer MRI Dataset/Brain Cancer MRI Dataset/Pituitary Macroadenoma/147.jpg,pituitary,224,224,3,uint8,84fe9d151399bafdca59f6191965ff359ee8493d6a3f6c282e20808c4df71e71,b3fa9b168cfcf08f7f2acddb45475c95f754141794e110486f366d883b369439,,False
Brain Cancer MRI Dataset/Brain Cancer MRI Dataset/Pituitary Macroadenoma/148.jpg,pituitary,224,224,3,uint8,5f0374987861ae4d23d57ac3757850fa2f421e7015d190ccdb6716b6f476e442,bedd3060326f099cdefa13fe98b403cac57c5a87b572cddd37835f8b258afb63,,False
Brain Cancer MRI Dataset/Brain Cancer MRI Dataset/Pituitary Macroadenoma/149.jpg,pituitary,224,224,3,uint8,5effd4a2c5ff48f58c7ffa927ac7ec5ecf8c713d9636db5e1168f5021f0bbe76,aa675bd362c73a4a3f28d98e020ee493afa3b245c652e1cb0cee02e36d72e195,,False
Brain Cancer MRI Dataset/Brain Cancer MRI Dataset/Pituitary Macroadenoma/15.jpg,pituitary,224,224,3,uint8,8ee7171e71f0e19a7fd8515a7d6becda6c025ba8022b8db8dcf915696f4ccf5e,f2defba5d4c35ee885b6470c46ac87fb19c6a8af2df9e6db878b2a64d80f3eb9,,False
Brain Cancer MRI Dataset/Brain Cancer MRI Dataset/Pituitary Macroadenoma/150.jpg,pituitary,224,224,3,uint8,e1e037b86b5b98fa6b10d0c820be61e76e52c4fe8b592b56ac0520173261b9f7,f0bee84aabf234c20aa3be57f8aeec14cfe01f8291e924bce3c6161e2267f967,,False
Brain Cancer MRI Dataset/Brain Cancer MRI Dataset/Pituitary Macroadenoma/151.jpg,pituitary,224,224,3,uint8,0d3c8a62536529700effec071830170baea5e267d95d3abab9dfc50d2d3fff78,b596b24c26228b978f94681c4f513e33bc6c0cdc6081cca5578c8a0859d89b5d,,False
Brain Cancer MRI Dataset/Brain Cancer MRI Dataset/Pituitary Macroadenoma/152.jpg,pituitary,224,224,3,uint8,08efc4f08a0f22a15a958b512ce9481e4aa40136932a3a640f1a42bf6e0fe68b,a3d1001f46eee722867f904f15b817777cd10e87e4592775e9748c2918274e9c,,False
Brain Cancer MRI Dataset/Brain Cancer MRI Dataset/Pituitary Macroadenoma/153.jpg,pituitary,224,224,3,uint8,2949041116a0d712a60d6b98f4c33050c24b7061da89f0782f2343c9d52b06c2,8da3106179e973f9d78d6de5210452c1a07042018e8478a3678796488d2f8d7b,,False
Brain Cancer MRI Dataset/Brain Cancer MRI Dataset/Pituitary Macroadenoma/154.jpg,pituitary,224,224,3,uint8,cd8f72c21c0c81e6137bef52db2cf84f42efe4d1be3155b9205475ed305a9033,cc582fcce6338a86b811e2539edd81dfdf38ecef4e329ba1612b75e770d7e523,,False
Brain Cancer MRI Dataset/Brain Cancer MRI Dataset/Pituitary Macroadenoma/155.jpg,pituitary,224,224,3,uint8,829d8c88f19f85450c93283565c4ed55660640019899713a810e476cf8e3f4b1,cffc2f1ea6763b0ba966b642d2f3266128e73392bd4a861c1b096c6cfebd1627,,False
Brain Cancer MRI Dataset/Brain Cancer MRI Dataset/Pituitary Macroadenoma/156.jpg,pituitary,224,224,3,uint8,57dbde6c249f0c110017ea14b70d1d77908d0e70b85a000bf0d6faa170b625fa,bf79c8da1a5abc3a2acce38cc91682fd25f07b61e2d3a46ef9dc8ed6be15365d,,False
Brain Cancer MRI Dataset/Brain Cancer MRI Dataset/Pituitary Macroadenoma/157.jpg,pituitary,224,224,3,uint8,2a2058a3f6b6187c6ed491b67e6265d4332fa8db7290c12e465f20d4712eba24,c4f920ab9c7b92b6d943fe617eef2a4274301107cd8974141471a83f93d34287,,False
Brain Cancer MRI Dataset/Brain Cancer MRI Dataset/Pituitary Macroadenoma/159.jpg,pituitary,224,224,3,uint8,697787ff4d7198f08138d799fc8f1a6465cb37210ff1328d67123115033f57c2,6d2eebb54720c426ebcea56a134dab5f2c3985cb42b69589a3b0e7a7fb524b41,,False
Brain Cancer MRI Dataset/Brain Cancer MRI Dataset/Pituitary Macroadenoma/16.jpg,pituitary,224,224,3,uint8,449dcdf300af836cca7429541483a052b084d883805ca485d02d10d5df9c687c,f4d9eed4bfa9b951ab81e02d548a9360fd5a72d8d4c656b9768d2c7291375395,,False
Brain Cancer MRI Dataset/Brain Cancer MRI Dataset/Pituitary Macroadenoma/160.jpg,pituitary,224,224,3,uint8,4a7dd5386a940baaa4aeb3fb419f53b2a14a705a801a05ef8594f8d7c253daa8,caeadcfa920c1556aa3b37c71b1d0ad682907a6f5e2204e6bd59d72301201af4,,False
Brain Cancer MRI Dataset/Brain Cancer MRI Dataset/Pituitary Macroadenoma/161.jpg,pituitary,224,224,3,uint8,184f12bd50907d09cc6ea918fb323fdcd99d81ef2da8497c18eeacecbf51d80e,7e2b05c4e3bec8b492d629ce28d62007a18ccd16889931ac4967a9326951e39e,,False
Brain Cancer MRI Dataset/Brain Cancer MRI Dataset/Pituitary Macroadenoma/162.jpg,pituitary,224,224,3,uint8,08b93563ea44a4e892da5527aa20519d083972739c94dada4d76a52f1cfd9249,0c0eeb8311ae341df9c540c7151e2bc6a3c3724ada8f28eca13b562107625774,,False
Brain Cancer MRI Dataset/Brain Cancer MRI Dataset/Pituitary Macroadenoma/163.jpg,pituitary,224,224,3,uint8,65927337c3cb8a01c76c96b5a3b32cb4ca9508f067a263f2d21ca118de410d6b,525bcd43ef2ce10819e5bd7e9b361b169af9dcde34803769e8cb75254f27c7e3,,False
Brain Cancer MRI Dataset/Brain Cancer MRI Dataset/Pituitary Macroadenoma/164.jpg,pituitary,224,224,3,uint8,2e4f3b59591da479c2ec5fa032cb56244f3c4f1b2fc494307fad1bbe89a02a27,796cd9f6a6c7a10f1554d8096d806d6a007e0857768655bbbea9d3222234e200,,False
Brain Cancer MRI Dataset/Brain Cancer MRI Dataset/Pituitary Macroadenoma/165.jpg,pituitary,224,224,3,uint8,f3310c5ecd711eeeed4501f666de15fae2797108158e7471a8f8e75d51d40438,4f0248b89e8e5f2b870ade46593bb55ea0c5d8fe4bb85027cf5b891d4ae49cfc,,False
Brain Cancer MRI Dataset/Brain Cancer MRI Dataset/Pituitary Macroadenoma/166.jpg,pituitary,224,224,3,uint8,c30188e697f55808c49ba9fd24c7cc131cf625493bcbc956370eed0805b50e52,cf1f30c21b4491f83111f50e366bfb2207016c287c6e0b7d7c00d19461563484,,False
Brain Cancer MRI Dataset/Brain Cancer MRI Dataset/Pituitary Macroadenoma/167.jpg,pituitary,224,224,3,uint8,15272c79c50d1597526dd8cab4822e64ed95566d1669d89e1041f04f482f4dfd,9f6c50e95a231dca630a6dbab4763a6ed141a0268db6e0fd635357012c5e7932,,False
Brain Cancer MRI Dataset/Brain Cancer MRI Dataset/Pituitary Macroadenoma/168.jpg,pituitary,224,224,3,uint8,315ecff7ad40546cc476c2f7b3462bc12be47bb48e032fd9fe2f86361d655761,d49bf08bd0d638dd25436f7ee960b6e16c6caaed17c4d58775f91a05be2a6b7b,,False
Brain Cancer MRI Dataset/Brain Cancer MRI Dataset/Pituitary Macroadenoma/169.jpg,pituitary,224,224,3,uint8,92faada00bce3e7f3773913c6802845a1881cc7924f7d0508e3dc1dcb4347f26,1a105c65566c26e0f0ca26e330ada7338e96a350934c089903cb47b266bc2d1b,,False
Brain Cancer MRI Dataset/Brain Cancer MRI Dataset/Pituitary Macroadenoma/170.jpg,pituitary,224,224,3,uint8,cd11691186921abd6c72db48d3bf5e00460ed8b02a9dd9d0bb18f772c72d818d,352c60d5f33fa0b4863ae6137a3e17074489220c49628b65050d55e09fdc536b,,False
Brain Cancer MRI Dataset/Brain Cancer MRI Dataset/Pituitary Macroadenoma/171.jpg,pituitary,224,224,3,uint8,fb2dc4a120773f8a6f992c226e5d3bfc6af6337acea74e489e8968ae7d79c1d8,fa19178720870b2ff1e55b5a6fddf344c355d7107bac011017fea2f24161a6b7,,False
Brain Cancer MRI Dataset/Brain Cancer MRI Dataset/Pituitary Macroadenoma/172.jpg,pituitary,224,224,3,uint8,cbfd49876c3dd5c7c12a38658199791f6312de23968d5c0f9c2dbb4e52c0f20d,81e1469d6a8490cf9c58f7044e0415398789c6609a63e4890cf6f37484110eec,,False
Brain Cancer MRI Dataset/Brain Cancer MRI Dataset/Pituitary Macroadenoma/173.jpg,pituitary,224,224,3,uint8,13d3e2ba1b3d13ce27b893b38602e313543b893028056ca77b0b2862c15d5d15,887c9f857498e041225fac34fd6af2114117c2e234aa801262dd6e1a8f8025c4,,False
Brain Cancer MRI Dataset/Brain Cancer MRI Dataset/Pituitary Macroadenoma/174.jpg,pituitary,224,224,3,uint8,62464dcc9b4380af1c622bf69c15b2c0bb8da9a07967e53445041857ba4e2e98,2bdfd4aa67b42c43fdd48bccb3926e92237ff67d4c974a54b49660e9a5aaa306,,False
Brain Cancer MRI Dataset/Brain Cancer MRI Dataset/Pituitary Macroadenoma/175.jpg,pituitary,224,224,3,uint8,96ff819581bf7c3c97be5604862b0466af3521c66fb1490570efb4cf631cc122,32ed9701f8ede254b44688098a65796762995b01b06a6609f6c7834075b2d8cd,,False
Brain Cancer MRI Dataset/Brain Cancer MRI Dataset/Pituitary Macroadenoma/176.jpg,pituitary,224,224,3,uint8,c1d2b7100d91d2328c7264ecca6d9ceda6905105811534400eda2bc2916e8557,3eef441c15020ea32677e3b121059d05329db5ef1a3cc001637fa14fba1623e8,,False
Brain Cancer MRI Dataset/Brain Cancer MRI Dataset/Pituitary Macroadenoma/177.jpg,pituitary,224,224,3,uint8,901ba30727062a461fbe332a2a25152324f02c40670b590bd310e3fa5dfc5548,dad76f25df7c2251c7e76fc13b27ab92f05832f2b2a323b8d6dbf83837aa08d6,,False
Brain Cancer MRI Dataset/Brain Cancer MRI Dataset/Pituitary Macroadenoma/179.jpg,pituitary,224,224,3,uint8,ad3065b5040576385bd50e91b9504b6ba4efd5dd9c11a493bcbba0ceaf68469b,9efd69ab201689feb3c9fabfbd7f125b7b9ec8db26f46aa861c8e2e6b4c75855,,False
Brain Cancer MRI Dataset/Brain Cancer MRI Dataset/Pituitary Macroadenoma/18.jpg,pituitary,224,224,3,uint8,a1436e63cd92e28dad4572dc8b8f502118a599c0a417db90e971dfc1efe273e2,c5db3a1157f561dfad88c6337ccefa0e275c58a0801bff0c2e7dcf21f12e15da,,False
Brain Cancer MRI Dataset/Brain Cancer MRI Dataset/Pituitary Macroadenoma/180.jpg,pituitary,224,224,3,uint8,f5553ed87e61d82b01e730f637efb438dbbb0018d2cce326ce5f036f624703c5,1ee5de5590080ed05c3f70681319b3d44915b2fd233addc38c86ec293466dcd3,,False
Brain Cancer MRI Dataset/Brain Cancer MRI Dataset/Pituitary Macroadenoma/181.jpg,pituitary,224,224,3,uint8,52fe6662b99aec4292051653a7b6ae8124003e8424f37f23b0e1d44c36a2a791,1d0ab0d26e9546eec0ff98465b16bd2faec6a0b82545cba47c59be5e856c260d,,False
Brain Cancer MRI Dataset/Brain Cancer MRI Dataset/Pituitary Macroadenoma/182.jpg,pituitary,224,224,3,uint8,81b2d79c9b89f3ab777aa22389081d86733672c03c7920a0959f8bf9f67b6861,f79a5a784f8b456a507f66cf64bffb7a81d9745545041e37cca9969bc6731118,,False
Brain Cancer MRI Dataset/Brain Cancer MRI Dataset/Pituitary Macroadenoma/183.jpg,pituitary,224,224,3,uint8,ae9b766a4bdc1142987db37676b0ee616eb81a4c10610836c4627974c7364358,9ee15c6765e139d1875e185a939ee2985b4ac1b2a2e55b13a77089c1cf145157,,False
Brain Cancer MRI Dataset/Brain Cancer MRI Dataset/Pituitary Macroadenoma/185.jpg,pituitary,224,224,3,uint8,9db89e9bab53e9e11ea49ac04cb796da1091177e444cbfa09afcccf32b9caa40,175481aa3e47b6d49bbc03ca367b998bc5189897a133f8de655cf4e6d5fbdb1a,,False
Brain Cancer MRI Dataset/Brain Cancer MRI Dataset/Pituitary Macroadenoma/186.jpg,pituitary,224,224,3,uint8,f46e969d58542bc06a652b2198d6ed70c313e6393f93857c93086c2ff534a865,64887e7604577d7fb93288a8abb5fceda319df19e829ebae4686fd3a36e6f9be,,False
Brain Cancer MRI Dataset/Brain Cancer MRI Dataset/Pituitary Macroadenoma/187.jpg,pituitary,224,224,3,uint8,c3d90698f1284fbe069e260fa19badafa316e5bbc9cd728f900d8a0067c2c209,8f76f3b0bcf686d45b6163ad921bf472da7690a3aafba979c90e082dcb36b9bd,,False
Brain Cancer MRI Dataset/Brain Cancer MRI Dataset/Pituitary Macroadenoma/188.jpg,pituitary,224,224,3,uint8,00e357a69536a4d72395b436c749d63866521d5dedd4988d9c556c33bfd0ea7c,7b0a0662a0ed312b87ff31c1f79102aa2cc6aa0e5e9e54e8805d45b5332d0399,,False
Brain Cancer MRI Dataset/Brain Cancer MRI Dataset/Pituitary Macroadenoma/189.jpg,pituitary,224,224,3,uint8,a8397aaeb14762c863070831eafaf30595cc829320205fd622adabe374ed2e37,e1a329939f2a60ec6571e2b4d018d75c18652e15eb410083967bcb43fbb94d7f,,False
Brain Cancer MRI Dataset/Brain Cancer MRI Dataset/Pituitary Macroadenoma/19.jpg,pituitary,224,224,3,uint8,02631f919cdf761a5926bc8bbcc82e257197306d2d06d1d294395db3cbb32f07,1149c3b8a74306fdbe44d0a300794ca4d33d1d29b2c67519ef1dec45035fcf8e,,False
Brain Cancer MRI Dataset/Brain Cancer MRI Dataset/Pituitary Macroadenoma/190.jpg,pituitary,224,224,3,uint8,08dbb8151409eb498ebe4b4e9b790a04e273998b527c8231489e81e2792c4e5f,67d21b79509f4d620e2e0ed8f05fbfee7291718c66a91e74c627c2ddfcd2948e,,False
Brain Cancer MRI Dataset/Brain Cancer MRI Dataset/Pituitary Macroadenoma/191.jpg,pituitary,224,224,3,uint8,63c4def14bffd42a059e5075a9d53cdf3d5189707fd5347b08cf8ca3c48c673e,f43c5fa3770b6e20d1029b708e01fdf52440d7d50c76a4b148de11abb4556a59,,False
Brain Cancer MRI Dataset/Brain Cancer MRI Dataset/Pituitary Macroadenoma/192.jpg,pituitary,224,224,3,uint8,c79180184087dce05aad5ff1059f93dc5bae5c94bf9e79ff4381ec63128a5f8d,2777ad2e8b57649729bf23fafb1d28837b18d134910629a75a493823751ee2f8,,False
Brain Cancer MRI Dataset/Brain Cancer MRI Dataset/Pituitary Macroadenoma/194.jpg,pituitary,224,224,3,uint8,85baa81f85705610312e8c368871123e4df478b916bad3ecee1ee68e5cd22b81,53b8d5ca4e5763b0c66b22f8d13e049fa301b61f9969bc6046495a4d00d682c1,,False
Brain Cancer MRI Dataset/Brain Cancer MRI Dataset/Pituitary Macroadenoma/195.jpg,pituitary,224,224,3,uint8,68eab0cf43afac2633ffa722dba2cd6ddfc82465a08951dad4c0ee95ef29163b,6c0715189ddc10f9989763df48cfe428002e95189d4b42e66f6b933d199ec81b,,False
Brain Cancer MRI Dataset/Brain Cancer MRI Dataset/Pituitary Macroadenoma/196.jpg,pituitary,224,224,3,uint8,2a531ab5058faddcdc39cf7f8cb45366e825ade8df310a9c9144436e3fe3b039,804443a4d2ab9fe88db6356e975feddec628797c8b15589c52c74d628d13effa,,False
Brain Cancer MRI Dataset/Brain Cancer MRI Dataset/Pituitary Macroadenoma/197.jpg,pituitary,224,224,3,uint8,250f02d67d0e2a0e1fffc9638e870d8a3c87835cda55c9c306b87dc44df1dc0a,c38707dbe619e81248852419512ef2728eb90c552ef9bec4787c0a405bc25680,,False
Brain Cancer MRI Dataset/Brain Cancer MRI Dataset/Pituitary Macroadenoma/198.jpg,pituitary,224,224,3,uint8,e91621de829d10d081174c5bff851b9fd6a8d77aba9565d9e5312e69aba8f54b,a3e1698e39bbe3945cfb597e5250a2c076d47d3c59cc95866356f5bf83920645,,False
Brain Cancer MRI Dataset/Brain Cancer MRI Dataset/Pituitary Macroadenoma/199.jpg,pituitary,224,224,3,uint8,fec513a09f2651bb99bf6ac741d7b2fa27c93b7891b6164d756325a8d8c0cb98,ac2c7102accc6742d813b07b0880d81364fa2944a743a7f31cbf7f2d177ff3b0,,False
Brain Cancer MRI Dataset/Brain Cancer MRI Dataset/Pituitary Macroadenoma/2.jpg,pituitary,224,224,3,uint8,afc4c96d0b61e34837e54b95f534ba86f335bb7b92c58e1c78b94829fc934fdc,05e550a280eb8fb6e3cea81fe6a2ae0c5395cfc2ac19f0f4b380601dda4972db,,False
Brain Cancer MRI Dataset/Brain Cancer MRI Dataset/Pituitary Macroadenoma/201.jpg,pituitary,224,224,3,uint8,ad052d84360e9f018752dad991ce157427988d574796c03e43633fc1c1c57acd,a552a4fa505644a3a7976c6b6268661d473d95724aae362b03873bebb38d209e,,False
Brain Cancer MRI Dataset/Brain Cancer MRI Dataset/Pituitary Macroadenoma/202.jpg,pituitary,224,224,3,uint8,9918aca5b0f4a11000a2e1c6414197e1f3e1e53a286339a004805f21ea972d52,b192baec6582a78882dee3f43cff651b5a8551768c9b557916569eaf9fecd17e,,False
Brain Cancer MRI Dataset/Brain Cancer MRI Dataset/Pituitary Macroadenoma/204.jpg,pituitary,224,224,3,uint8,8e152f45968e642953d57bbf755111aef1fd005e3491f1ffcb1a1a876391eb11,c2341fb2ac8e65f90cae6367360b8ddd05de8c19ce86cbd2bc4646c3703d2f70,,False
Brain Cancer MRI Dataset/Brain Cancer MRI Dataset/Pituitary Macroadenoma/205.jpg,pituitary,224,224,3,uint8,68732551e276ee39a96fc448a4b3d9fd73e93d42f6680d13ab23a54de751be61,acb3e086638a1fee52337ba85dd070ab82d7c71122ae2ebd59c5427edd179c7a,,False
Brain Cancer MRI Dataset/Brain Cancer MRI Dataset/Pituitary Macroadenoma/206.jpg,pituitary,224,224,3,uint8,a3e949996e49d6f5300435b38d375ef6709ffee87c0d472c030b816ee877f6bc,f0539eb51be4b7217e328c0e780f02fe7588dc4ed70d6467d9c9accff330487b,,False
Brain Cancer MRI Dataset/Brain Cancer MRI Dataset/Pituitary Macroadenoma/207.jpg,pituitary,224,224,3,uint8,c63e94ad965240a9d13fa750f1ebf72b374baebf4264682df3b4545ec27c3a81,86a3eaf7fee8d2a11dd17b55b681d532300f1ffdaa72931b6db6cb394a0cc03c,,False
Brain Cancer MRI Dataset/Brain Cancer MRI Dataset/Pituitary Macroadenoma/208.jpg,pituitary,224,224,3,uint8,2f166284e24d2a04e12185a6622af631ad54513531450418a9f7e593e02741e2,befc8e291220f5328d78144af7ac5fe463c93e9e70f5e42bd8db1e67bddca7bc,,False
Brain Cancer MRI Dataset/Brain Cancer MRI Dataset/Pituitary Macroadenoma/209.jpg,pituitary,224,224,3,uint8,6ef6a76ecce155bc90c5f5ae2c54615f0684e3b8eea05fb66d8bddb07deea7de,5ab8a6adb2ab4d740361c9ddeb346da570e6e7870f4f1c001986bb922d323bee,,False
Brain Cancer MRI Dataset/Brain Cancer MRI Dataset/Pituitary Macroadenoma/21.jpg,pituitary,224,224,3,uint8,aabb9f9a48dcc60c0c6f110ead1cfadceda3d8943c5a2ba1e4daf1266f7cccb3,d01ca32d6ddfc8773b140525e6aab55a0d50c8cfc766c9e30432f5e871afbf2e,,False
Brain Cancer MRI Dataset/Brain Cancer MRI Dataset/Pituitary Macroadenoma/210.jpg,pituitary,224,224,3,uint8,d137ec572188909e07273cc3b38cbe8b1e64d1ec5e9b949df4b124948207b3da,a3b6fe060a3f01b81032b771a234d2b5ff5a2d834188d09bd8b0172d30501f41,,False
Brain Cancer MRI Dataset/Brain Cancer MRI Dataset/Pituitary Macroadenoma/211.jpg,pituitary,224,224,3,uint8,6fcb0164737fd4012a83c6f9324e9bcbdc65605b50896e74115a2ee47ba0f697,f071f1f5d29a17dd8dcd5e57802ad50fe8e23b7c47cbe92df8aaac920144f0b9,,False
Brain Cancer MRI Dataset/Brain Cancer MRI Dataset/Pituitary Macroadenoma/212.jpg,pituitary,224,224,3,uint8,ed3ce5a3fa24e1aa4fa386be1cbd9aeb9d2773d2c17ee767cd557acb15b0c78c,7270629fe9e489957706529645e6abcec338b6b9ce40bd408b7515e03205e2b3,,False
Brain Cancer MRI Dataset/Brain Cancer MRI Dataset/Pituitary Macroadenoma/213.jpg,pituitary,224,224,3,uint8,1b7dfb54cf3cdaa64a058e51e91a60c7cde3681378ee8a95b0fab71a3b725acc,1f0c8b140bccace0fefaf8bfe7a362bd094ff6a7080c7f0a738c5ea252f958f7,,False
Brain Cancer MRI Dataset/Brain Cancer MRI Dataset/Pituitary Macroadenoma/215.jpg,pituitary,224,224,3,uint8,6a71a84e9883fe4da05ca2b45a72b8d908405e6439b080956102eae458fe7294,e5f6cdef1793b135c54177592ddfb847cabe651ab19424fea75d553260692cb8,,False
Brain Cancer MRI Dataset/Brain Cancer MRI Dataset/Pituitary Macroadenoma/216.jpg,pituitary,224,224,3,uint8,0d8d335b12490c0eccfada0493548b376bff508c27a217867f2ab762b5e6f788,49972a77acbb5961e806f93b7068b42fd3321baf15ceefa48fb984e28ab2eec8,,False
Brain Cancer MRI Dataset/Brain Cancer MRI Dataset/Pituitary Macroadenoma/217.jpg,pituitary,224,224,3,uint8,b7bfe8ed3ac342ae3eef7e72b2d8d68c7db4221a04cb4fae4bfc9d2a634046e7,7089cd137ef666500ca02c1c9a664e74eb29ce4181e5df1ad224774dbebfe3e5,,False
Brain Cancer MRI Dataset/Brain Cancer MRI Dataset/Pituitary Macroadenoma/218.jpg,pituitary,224,224,3,uint8,37b70694deda995d2803db581f5709796f0998d9ffb6c8cfcbcdaf563bf194d6,45da04375c23c60a10bd606f44004ad0593a9f04650cc5cf9363de969ad7cc64,,False
Brain Cancer MRI Dataset/Brain Cancer MRI Dataset/Pituitary Macroadenoma/219.jpg,pituitary,224,224,3,uint8,4e03b91e544152c79ee14c36ede633ece658bdee2786470f96d8e49374978bae,fd1315e6417304c6d884953616b7cfd18e7ee55dd224b8339822997aa5392329,,False
Brain Cancer MRI Dataset/Brain Cancer MRI Dataset/Pituitary Macroadenoma/22.jpg,pituitary,224,224,3,uint8,cdc8d020564f8c2787e2b519e8bc6a7139ec586eccee60c13b75759191b7d29a,2026b6b60cf4d2b09615405370d9945005c1fc08b9913ad1652493c224ebf43e,,False
Brain Cancer MRI Dataset/Brain Cancer MRI Dataset/Pituitary Macroadenoma/220.jpg,pituitary,224,224,3,uint8,e14e427d158bd1f80fe7457eca088979956962c70f1c0bbcdcc07d8a0300f057,9982655d984cbf5582bae41078b4191243007f5efdd2f5a1f145ee962630db4e,,False
Brain Cancer MRI Dataset/Brain Cancer MRI Dataset/Pituitary Macroadenoma/221.jpg,pituitary,224,224,3,uint8,f6bc2b07f946bd59c9a868c4d0f82697bed7e902364a56fcec94303c2b46c54e,fd4d20a0050aebdc0187471c28b722771be1194e6a10956aa0f7e51d43814d2f,,False
Brain Cancer MRI Dataset/Brain Cancer MRI Dataset/Pituitary Macroadenoma/222.jpg,pituitary,224,224,3,uint8,de150d57efa93b6ccba7087de4105e390ad2b7a600fa312b66098e90fb464a1b,388f1a8332c3e7825bb94cc14a5b63ccf271df5404fc33c3fcb13574530f519f,,False
Brain Cancer MRI Dataset/Brain Cancer MRI Dataset/Pituitary Macroadenoma/223.jpg,pituitary,224,224,3,uint8,ffa954cc1ad9d0abe9f18483e093f149bec7acff704603ca206378aa94a0d0bd,dc57029abb47e08a735e1b1d1694e006fa9853f8f73eb31068ce02853c178ac3,,False
Brain Cancer MRI Dataset/Brain Cancer MRI Dataset/Pituitary Macroadenoma/224.jpg,pituitary,224,224,3,uint8,6dc4f87ff348836668170bcc1cf116adb3345cbdc90aae9f27e21e976c2b028e,9975083f4e6239b364816f96bbe01028a341ce6d110c13992ae990e991ea89b4,,False
Brain Cancer MRI Dataset/Brain Cancer MRI Dataset/Pituitary Macroadenoma/225.jpg,pituitary,224,224,3,uint8,d26d3fe0b7dad95b8cc7ae3a2d1c140d7b0b728405f98e491428ea8f8ebd149f,39d1438a9fbc9f3d5e030492ece0785bb32ce21ce904106c2e91bb203e366a16,,False
Brain Cancer MRI Dataset/Brain Cancer MRI Dataset/Pituitary Macroadenoma/227.jpg,pituitary,224,224,3,uint8,feaf01559d95781fc00656d0441c915626f7e8925d5e963fed3c86fab2384f2b,327cfe7e06aab893c8bf74a050215ed0b33ae8998613da5f3661d94556bf9f58,,False
Brain Cancer MRI Dataset/Brain Cancer MRI Dataset/Pituitary Macroadenoma/228.jpg,pituitary,224,224,3,uint8,4080d05a2389930908f05dd397a69768bfa12a3dda95057ce82f29e67f7c8036,558752466fe5e9d165fe8b6331553c6a9d0650dd1e7c4805523f683d5d4b9c7f,,False
Brain Cancer MRI Dataset/Brain Cancer MRI Dataset/Pituitary Macroadenoma/229.jpg,pituitary,224,224,3,uint8,0fa9b9f4a9dcf5e5d1beccb3a187e334cccb516f2aeae4eba623d13049fee032,c6b5ad8f5333b25452b615ceaf458089557530d03321f79f15b658d14f690e5c,,False
Brain Cancer MRI Dataset/Brain Cancer MRI Dataset/Pituitary Macroadenoma/23.jpg,pituitary,224,224,3,uint8,81fe65e00fd731be4a25f38a40f8540d0b62eadff05d0901626281eb7963a967,dd1c57db585d375cfb09d5c7e8f96e402baaf2959a93ae3c70242863b6e103a9,,False
Brain Cancer MRI Dataset/Brain Cancer MRI Dataset/Pituitary Macroadenoma/230.jpg,pituitary,224,224,3,uint8,e345eaaba7339752d5666573fcf4fb2416d40df58a81ce52d957464d7b92efb2,a7aadc9161418bc0b1271c5ea95a478bbf3f51ac88e8b3eacfc3be7f9125557a,,False
Brain Cancer MRI Dataset/Brain Cancer MRI Dataset/Pituitary Macroadenoma/231.jpg,pituitary,224,224,3,uint8,31ba4cc442d97ee4294cb8b40b682e255a454b1b2f12b04c7f045949af287ab8,e9fcbaf7784280e764f0ae7ac56ee62d09869eaec483489597b372c7601161ce,,False
Brain Cancer MRI Dataset/Brain Cancer MRI Dataset/Pituitary Macroadenoma/232.jpg,pituitary,224,224,3,uint8,2186e3c1fbd06c51471cf84ffcb10b16ee359bd2368834d68462a10339062a1b,cb3a9a9c45f63ec64c663728c80a362a5cb1e3501f191cd24a7eedfdf95d62f6,,False
Brain Cancer MRI Dataset/Brain Cancer MRI Dataset/Pituitary Macroadenoma/233.jpg,pituitary,224,224,3,uint8,4f48fab7ca566ba1b919e139fa368bc38cb36b51b6dc2c1f4d98b38906a560eb,6253a8d75a322073e5fe912eb23261d67be2c5cf3f0a5d9f0a567be1d6ca8b27,,False
Brain Cancer MRI Dataset/Brain Cancer MRI Dataset/Pituitary Macroadenoma/234.jpg,pituitary,224,224,3,uint8,e11876a777b9a4d21c8bfba139122518ee952cf0969058b6e0d0c664dc843f01,345402df2779b4a4ce1eedbea032b179ee84643b57292fe69fdfa44687200061,,False
Brain Cancer MRI Dataset/Brain Cancer MRI Dataset/Pituitary Macroadenoma/235.jpg,pituitary,224,224,3,uint8,049dbb4bee4fc24922593302aff8c13a9c3c96b722b8d2a743720e1aa15e70e2,8e7ded81414471cc61d97f88620a4ed9929533aa0e8d5dc930626c16a2296221,,False
Brain Cancer MRI Dataset/Brain Cancer MRI Dataset/Pituitary Macroadenoma/236.jpg,pituitary,224,224,3,uint8,847dc2fbe59c835dc492dde94419b985e9e6f0994524c2e105a15e903190b0c8,e1eaefa767ebda04a5ccb27d760d43e8d7417a0b0d3060200c2d90cc9eadcc85,,False
Brain Cancer MRI Dataset/Brain Cancer MRI Dataset/Pituitary Macroadenoma/237.jpg,pituitary,224,224,3,uint8,7b6264726a4e448e18025397204c57bffb99d44f7023323f912b5bd2c7ca2b28,a992907896fe8895ea79094a8e2405843590b1ffcecbfeb7e091cdcda061a6ad,,False
Brain Cancer MRI Dataset/Brain Cancer MRI Dataset/Pituitary Macroadenoma/238.jpg,pituitary,224,224,3,uint8,bee0b48513ad080190b25d83854fb191bcb3e48495b4fa05c07fef2ffb354290,7ac6fb6b4686f9f98a997ba43e2e8bf96b15ea7fe35b2aab25f343797ed77a5e,,False
Brain Cancer MRI Dataset/Brain Cancer MRI Dataset/Pituitary Macroadenoma/239.jpg,pituitary,224,224,3,uint8,a53185ba683627b23caf138292ae01653b099c93c6a9b1b97dc1727b3dfc40be,8029e1fdf4be1798b5f5ccd35a68aa33e3e7d33c2444b0e51aecb8ef3553bad5,,False
Brain Cancer MRI Dataset/Brain Cancer MRI Dataset/Pituitary Macroadenoma/24.jpg,pituitary,224,224,3,uint8,d935dd9bece58ee97e848c1840a61f004bde9c876b212cd75f1052d58aadee35,72a9fa8749a723e42c39349a89540e2c9330e4058a28ed297a29aa07f6be9802,,False
Brain Cancer MRI Dataset/Brain Cancer MRI Dataset/Pituitary Macroadenoma/240.jpg,pituitary,224,224,3,uint8,c43230c1c30eb88a184f5a30902f3b9764b9c6fac8cf29f2d2152c8674bde31f,59a4af1d3080f69bd8614da8a19a8495484ea8ca7a7a3aee052c1d8cd9cd99f6,,False
Brain Cancer MRI Dataset/Brain Cancer MRI Dataset/Pituitary Macroadenoma/241.jpg,pituitary,224,224,3,uint8,34faf25aff8fed36b9f19302783f38cfa88e750d86cda90c4810772d319c96a3,0e86bfb43d5c12cf522b0359d858991829bc354f87f920ab38490c94ceb141eb,,False
Brain Cancer MRI Dataset/Brain Cancer MRI Dataset/Pituitary Macroadenoma/242.jpg,pituitary,224,224,3,uint8,e0643a44198e14f071ec0112994dd4bfdd20be428d80355f027c05b9d87b693a,64fde84ba5d6b4529ed5895c6874c685344c896937cb32444cafc7feee654386,,False
Brain Cancer MRI Dataset/Brain Cancer MRI Dataset/Pituitary Macroadenoma/243.jpg,pituitary,224,224,3,uint8,3f8696ad4707eef354cae1fefe844e5bb72365577e510c131a26fee7a24102cc,0613542f747107d995c21933cf65638ac26d28d930cbcb44c5b3c4be98fbcbc6,,False
Brain Cancer MRI Dataset/Brain Cancer MRI Dataset/Pituitary Macroadenoma/244.jpg,pituitary,224,224,3,uint8,c4bd12e018458724dea7bb9ae2668bdd3bc3aecf846cb99b99cd28dde149abea,1515e79bb8ea4fd26569a49eeb204221e84af3c81e5bd7217456ab25249aa9b0,,False
Brain Cancer MRI Dataset/Brain Cancer MRI Dataset/Pituitary Macroadenoma/245.jpg,pituitary,224,224,3,uint8,4e7dc09aaf7392b8ae5c3ea636858c902aa440981bce820e0514887fb0093bb5,b842fb1f73fd21f48d4804c152fa9e42870b9d6146624c4f3736cc3220d3d4ae,,False
Brain Cancer MRI Dataset/Brain Cancer MRI Dataset/Pituitary Macroadenoma/246.jpg,pituitary,224,224,3,uint8,7b9485c772a2fbd77b43b8da80b623214ee38f1dc2cdc4747dff276a61b6fa3c,2ee4450e2548fd835078adc3a67a48fbb3c032c28a2254951a8efc6a2ace5a92,,False
Brain Cancer MRI Dataset/Brain Cancer MRI Dataset/Pituitary Macroadenoma/247.jpg,pituitary,224,224,3,uint8,804c8f6999d668781617d7233e3f88b47078e7303239332464dad8a3353d9446,b4fddb86a0ef847be337c8efb3c10ed45a12238813104c4bf021ffde09732def,,False
Brain Cancer MRI Dataset/Brain Cancer MRI Dataset/Pituitary Macroadenoma/248.jpg,pituitary,224,224,3,uint8,0cbdaa4eecbbe41c8e3e47dd6493aaadcfedeb77a9981fd5cbb52150d0121e31,451d96e89300977853f53e3dea23d3155c70d21135d5683f824ff2aaf7927b85,,False
Brain Cancer MRI Dataset/Brain Cancer MRI Dataset/Pituitary Macroadenoma/249.jpg,pituitary,224,224,3,uint8,d13accc0aa2bd12e92d936215a00f307d38fe56f9df5e13928ede2ebfe6d718c,9625c78797236f967532c9975e1461f8b6fb7079f3f7357f2b6898269e1ed063,,False
Brain Cancer MRI Dataset/Brain Cancer MRI Dataset/Pituitary Macroadenoma/25.jpg,pituitary,224,224,3,uint8,25417d9e5dac47fa2215260d31b3d1cf2fde598c4377f36c678d91aff50b611b,3c2eae132eafa3a748259eae1fb10b6c4f828895eee5343f52335d5568cd542c,,False
Brain Cancer MRI Dataset/Brain Cancer MRI Dataset/Pituitary Macroadenoma/250.jpg,pituitary,224,224,3,uint8,e56d062dc0a2e3b2442603566dbcd6bbbaaf97bdd2b8f2becf334c6722a24a06,320c5df467851c530ad86a3cd39c71913b51670a45ce81a7a505988b3527d772,,False
Brain Cancer MRI Dataset/Brain Cancer MRI Dataset/Pituitary Macroadenoma/251.jpg,pituitary,224,224,3,uint8,5972a9c3defa8e73a6e7c43d44c1e38065d042980c44600ce771ba744281965f,a21431ec12e434c8662d6204118fcd8b46d482198760631fd38ae4b817d749f6,,False
Brain Cancer MRI Dataset/Brain Cancer MRI Dataset/Pituitary Macroadenoma/252.jpg,pituitary,224,224,3,uint8,49aecf2745422a4410184b41d08823cf8840ed3a50d216db7e92fd4239e80b81,6c34696cf09eb6863d72c4cef0ac87e0b79ef5b04f57b12b107f99caf40e9b75,,False
Brain Cancer MRI Dataset/Brain Cancer MRI Dataset/Pituitary Macroadenoma/253.jpg,pituitary,224,224,3,uint8,2153d0c15989ad6464229cd5a10579227a9d6f4fd3489118c4e38fe947ab3b4f,69135107711262044bb2164e14d5054a40f2c0038756f5f7086198209de23807,,False
Brain Cancer MRI Dataset/Brain Cancer MRI Dataset/Pituitary Macroadenoma/254.jpg,pituitary,224,224,3,uint8,83936523434d1a54ee077b5f54415d959670b3ed15916c6a9352f31c10a93f72,e4e59e24b2f19d75b2fa741abd6ff2cc20677c0bad5b12376f1cbf55d17f4d9c,,False
Brain Cancer MRI Dataset/Brain Cancer MRI Dataset/Pituitary Macroadenoma/256.jpg,pituitary,224,224,3,uint8,25d15d76343a002d6d36e53b0ca6db0a2e16cfb43cd387f9becf4db2276d4449,17acd5b3c1bd5a0042c3a8c6b491179798df401dd106ef9f5aa8129c9e5c1f1e,,False
Brain Cancer MRI Dataset/Brain Cancer MRI Dataset/Pituitary Macroadenoma/258.jpg,pituitary,224,224,3,uint8,716a24b74e4763cdca3a124c84022b1c827fd477eea2a8c1a975c99e39b06997,c63f90c7064b66681fe0d2ad3b2f6294e175c94067c30816716b75a23ebe0ed8,,False
Brain Cancer MRI Dataset/Brain Cancer MRI Dataset/Pituitary Macroadenoma/259.jpg,pituitary,224,224,3,uint8,026584096f88e889c3f82258d867ba62e176aeb5eb36a132d095c8b714f4e658,00ec338dd396fc769f138da879105d4fb019125dc5b9f46e31481bbb3db093d3,,False
Brain Cancer MRI Dataset/Brain Cancer MRI Dataset/Pituitary Macroadenoma/260.jpg,pituitary,224,224,3,uint8,de25555f97a940e9091dd316861d4a522566ff610f4d99200a6ba17fdc9d7e3d,829630361460e4aa2c3cd9ef85f606cee25a216aec4f55c89c2d0c97e2589cb3,,False
Brain Cancer MRI Dataset/Brain Cancer MRI Dataset/Pituitary Macroadenoma/261.jpg,pituitary,224,224,3,uint8,be7ef213495aa657ebc84eac81b9a4507431ac78cc9bc7eee6f1141f8d5242e2,a968c6241309f07b6f26cf1c85668609cbd289617843dd1b81ac84be5469fc5d,,False
Brain Cancer MRI Dataset/Brain Cancer MRI Dataset/Pituitary Macroadenoma/262.jpg,pituitary,224,224,3,uint8,4ded2b104cd9621e3bd2e45cb5cc5a678390e0a4086b695f4838f99eddcdaf30,14902cabf03bba886e2ed876cd730e4ddf989a3210839fe743547f9cd095a81a,,False
Brain Cancer MRI Dataset/Brain Cancer MRI Dataset/Pituitary Macroadenoma/263.jpg,pituitary,224,224,3,uint8,9f5ed8e1844e4630935883bc080f26190f0c45cd407570d92799d3e1440d064c,3566a15edd8a6fdab1c2b4a99d9cf2977215bab9a67c93981d819c1db4bf530b,,False
Brain Cancer MRI Dataset/Brain Cancer MRI Dataset/Pituitary Macroadenoma/264.jpg,pituitary,224,224,3,uint8,987026c6c9570bb18c9a26da11860b31aecd645273da91710ba0b273cb593bff,7b7ce0f6cfefd5a8aad6bfefefae598cfb4a19cd7a503f7202e046242a389193,,False
Brain Cancer MRI Dataset/Brain Cancer MRI Dataset/Pituitary Macroadenoma/265.jpg,pituitary,224,224,3,uint8,1937504f8c3b6844a2ef4782ee4dc45f166e84c89f582703ea41058f065c4b81,2eca9ba6f3257a5b256a4a004dc3da8bd1c7bc94242e9d1aa8ad450ce6f3860f,,False
Brain Cancer MRI Dataset/Brain Cancer MRI Dataset/Pituitary Macroadenoma/266.jpg,pituitary,224,224,3,uint8,dc76e9fb71e29ea497f5b136430cb5feb961b464af2ca05c25bc71e02d067f00,45d0c784e14fd7c427f183f9ca6e7c32439454b3efb6ac42639f0de9fbe04e90,,False
Brain Cancer MRI Dataset/Brain Cancer MRI Dataset/Pituitary Macroadenoma/267.jpg,pituitary,224,224,3,uint8,a3edd1c429833d5947af6d6c527bb1640b336c321732fbe61784554b23233dbe,7b428923aa1e27e4c0aaca0b39b8819a306dc4ea7c93d7e3589405c1be898d10,,False
Brain Cancer MRI Dataset/Brain Cancer MRI Dataset/Pituitary Macroadenoma/268.jpg,pituitary,224,224,3,uint8,1a8e4653adfa564d0f5851a0940a17e4aa7572afb882da12babe94250ddcc474,4167687b8d5941b8a09191d882844d5ab4eae22cf51e4cf801792e89e0825ed7,,False
Brain Cancer MRI Dataset/Brain Cancer MRI Dataset/Pituitary Macroadenoma/269.jpg,pituitary,224,224,3,uint8,9feb4aaa1deb3b5302aa56fc861705ed09ae37868f2f9ede61537a4b4c270508,6dc6d6c7fba91a57f8eebbb09f3c712500afb7b8563d8b34b05630b61319b8b5,,False
Brain Cancer MRI Dataset/Brain Cancer MRI Dataset/Pituitary Macroadenoma/27.jpg,pituitary,224,224,3,uint8,becd57d636a17c877431e40527150fd96e82fc22f224ec965df86337a34e90ff,33e8f95b3669c711024d4bcf11fe071f643640dc83e8455e03814942c62ee858,,False
Brain Cancer MRI Dataset/Brain Cancer MRI Dataset/Pituitary Macroadenoma/270.jpg,pituitary,224,224,3,uint8,c55d111fe32fa73e07428e7375fdae92d0406e97cc3055159b5bc2e4d3035f0e,b0212f4ebf00b239b8ad22fa4f905ff9d3d22b19a38b527826131af8fb26d775,,False
Brain Cancer MRI Dataset/Brain Cancer MRI Dataset/Pituitary Macroadenoma/271.jpg,pituitary,224,224,3,uint8,ca68a5d4933c8e6278524be038d66d6ff8454498d8f67206c7f036cc1fe91502,aff86fb3164e49ce98b1c5c9c771542e0ba445f206414a4bc11f30205cfe83b0,,False
Brain Cancer MRI Dataset/Brain Cancer MRI Dataset/Pituitary Macroadenoma/272.jpg,pituitary,224,224,3,uint8,662dd002e53e265ced9c07542b4a4614fd79d6bfe517a3d8430f84c44599d372,9e1b738488b1a4f34da702465f70e6f0e419d3b13a0e674ec6bad6d4a2f3ba6d,,False
Brain Cancer MRI Dataset/Brain Cancer MRI Dataset/Pituitary Macroadenoma/274.jpg,pituitary,224,224,3,uint8,760b69e4a8ab07dfd037f06d246606fbd5e0096079fedc3d9e66c3869bd81161,e67291b58086b6544ebc8efc105fa37f5d40566133cf8c2f8daa67b432248d0d,,False
Brain Cancer MRI Dataset/Brain Cancer MRI Dataset/Pituitary Macroadenoma/275.jpg,pituitary,224,224,3,uint8,7537b6ef0b712c9050cafc23085833f62f42e5073527dced0bf1e3eaf0cbcc0f,1ddf04f7acbc979337c5119803122b34dce39c287a8da730f06063d96fe33c0d,,False
Brain Cancer MRI Dataset/Brain Cancer MRI Dataset/Pituitary Macroadenoma/276.jpg,pituitary,224,224,3,uint8,10b8410da8804b636941eb3e30d7443260c7a9c9ab9aa2284a4328312cb32744,48db5fe35ddf2ed8455cae0b5b86ec6174c9bb7de8694638a99a2d29e5a73d08,,False
Brain Cancer MRI Dataset/Brain Cancer MRI Dataset/Pituitary Macroadenoma/277.jpg,pituitary,224,224,3,uint8,e90734e6a1817cd600cd2871b5aa426d519146f62d9e50a5f30ccaccf9301cdc,2bd853e22969a0a259e9bbbdf124834ae4efad3412ccdcaada8de0d03101e966,,False
Brain Cancer MRI Dataset/Brain Cancer MRI Dataset/Pituitary Macroadenoma/278.jpg,pituitary,224,224,3,uint8,8ef26ac78bda2c1db7d197b6ce29d822510a171798b848155ca3dce26d537ea5,13914916b09b8b0a1fe0656537c5bdfce7fe065299a41fad3a6fb6ae17b25fd4,,False
Brain Cancer MRI Dataset/Brain Cancer MRI Dataset/Pituitary Macroadenoma/279.jpg,pituitary,224,224,3,uint8,061c77d743b6827704bf6760425b1694d75d948a97b53df33044dd077c89436e,b787a63242b1149a2bb8569814f916ad644dda455195b19bb3ed6cb3a2812368,,False
Brain Cancer MRI Dataset/Brain Cancer MRI Dataset/Pituitary Macroadenoma/28.jpg,pituitary,224,224,3,uint8,ee835c972cc02e9141bfb0cff94f38a13e97f3af5282f12216758a5f3a64ae53,e89117ab7e06afc8abfddec9f66c76620ee2306505237fbefa964ecb79d0c61c,,False
Brain Cancer MRI Dataset/Brain Cancer MRI Dataset/Pituitary Macroadenoma/280.jpg,pituitary,224,224,3,uint8,31a1e461ae4f96fb5afb4d1a3939014f166f4e0b92ee3ef2e2cbc7368b997903,e74a9e18341fff7b6ecc33ee6ffa68b1f1e1067072e324abcba92ede8d856738,,False
Brain Cancer MRI Dataset/Brain Cancer MRI Dataset/Pituitary Macroadenoma/281.jpg,pituitary,224,224,3,uint8,c935af8a00bd8c2175e19789e8feae6d0885533995614f9e531fe15be3a70ce0,905edfcffc6423bc9f9012f56ff8949d428d4f51e28aa1ee261dc0d8f28bc71b,,False
Brain Cancer MRI Dataset/Brain Cancer MRI Dataset/Pituitary Macroadenoma/282.jpg,pituitary,224,224,3,uint8,9c66588f89611b82a0b03c0924efd075eaef428f65f89e318e1fef50be46a14e,a3a430ef4df83a2e7402bcb54bdd10205616a0092eae7fdae350ae267098f0cf,,False
Brain Cancer MRI Dataset/Brain Cancer MRI Dataset/Pituitary Macroadenoma/283.jpg,pituitary,224,224,3,uint8,d247e063346acc2fdc6b953f18330e9cfd9dbc62b5fc604fa1018449e805ac0c,b7fa3abe5bfa3b84c711d16573ecf5a2592aa8a5cabc9e525c77ee32bafbd4dc,,False
Brain Cancer MRI Dataset/Brain Cancer MRI Dataset/Pituitary Macroadenoma/284.jpg,pituitary,224,224,3,uint8,4d41be6570c06b4b6b7a1612d1eb81d629eaff6ad22e9da94de92c4f8e02afe3,ce3e6b577c1b4d1e60b835402076513a90d6b2310805500ab84dd709ed45abca,,False
Brain Cancer MRI Dataset/Brain Cancer MRI Dataset/Pituitary Macroadenoma/285.jpg,pituitary,224,224,3,uint8,8405a2230ff8c44b0bd3688194c1475f3812e8d368172ea316f34bee484610ee,535c50482c41af4222a018444770e7950c0085dc6c117e19ef26c57dc426c295,,False
Brain Cancer MRI Dataset/Brain Cancer MRI Dataset/Pituitary Macroadenoma/286.jpg,pituitary,224,224,3,uint8,4e5e2cb8d824dd78f42f8ef9a1238b1e4331c065613d070113462dbb63684513,0cc60ea178d787670ff71db762eea18efc144dfe57248541dc32c0e5cf717c96,,False
Brain Cancer MRI Dataset/Brain Cancer MRI Dataset/Pituitary Macroadenoma/287.jpg,pituitary,224,224,3,uint8,92f6c9757b28413b0828552e7d68a7dd40a1f416409252dbe6e244316815ea6f,15189e653e55aa9fa2f1a80a66e56bd1546ebca10331c0ebc4477718e51085cf,,False
Brain Cancer MRI Dataset/Brain Cancer MRI Dataset/Pituitary Macroadenoma/288.jpg,pituitary,224,224,3,uint8,bb4d2aecf8e07978c96e4926a48c9b1c905adda3066fc74d7347a1eff2206654,68478cf2ff09743ff9ae1d17d50520e0813ac8e35da795ecb56d3056845698bc,,False
Brain Cancer MRI Dataset/Brain Cancer MRI Dataset/Pituitary Macroadenoma/29.jpg,pituitary,224,224,3,uint8,d2cea7d7092bfede40ef94520703f75c984763261f34e4c4fa16c5ac33456790,c0b48e0e35b5ad9caf7ed285acc4237349042075200d22f05f88224dbf18c4f8,,False
Brain Cancer MRI Dataset/Brain Cancer MRI Dataset/Pituitary Macroadenoma/290.jpg,pituitary,224,224,3,uint8,5e74c2675f1135408bf8e96e42fec9e2379e695f86742a4fbc019bc00ffb3161,d9386183432f41342851a9e5c30ba2fe1c213bb69dd4e05f6fdef7b26a1661be,,False
Brain Cancer MRI Dataset/Brain Cancer MRI Dataset/Pituitary Macroadenoma/291.jpg,pituitary,224,224,3,uint8,1a2ec2ef3bbd027eaf49ff0b47f534eac1455dbdcd07311bf51b84b3c4d8dcf5,2fd9f27d427250ba924d6cbf050f9c70560859ac0eeddf6ac97a1ccb0320de3c,,False
Brain Cancer MRI Dataset/Brain Cancer MRI Dataset/Pituitary Macroadenoma/292.jpg,pituitary,224,224,3,uint8,19c7fbeaf8a37179973bdecaab332308f9278b36ffd0bbccfc6d0d632b1e4888,4ede7877f8fe28593780e93d747a4c4eea19d8e4765497f574f7a1d0d87796e9,,False
Brain Cancer MRI Dataset/Brain Cancer MRI Dataset/Pituitary Macroadenoma/294.jpg,pituitary,224,224,3,uint8,d57c87e6bdd2335bc32980969c6cfdf641c062aa4ed4083f73b97446ca8af5b0,b8f6846ad465cff2fa3854232a09058992cf1594f4c4d51f5df57a6c49422770,,False
Brain Cancer MRI Dataset/Brain Cancer MRI Dataset/Pituitary Macroadenoma/295.jpg,pituitary,224,224,3,uint8,aa31f1f0200c89dbc37c7efc4ee813e3a962c93f9fbe9812002484cb6cc37321,b39075aceb7c062d7d4444b3c1796fc0ac1d6306fcd7d7c15f310c0b25cf7f60,,False
Brain Cancer MRI Dataset/Brain Cancer MRI Dataset/Pituitary Macroadenoma/296.jpg,pituitary,224,224,3,uint8,a729d51efb3e27e999cdd304d4b43ed85d93f959f3e08030ccd9047c33b92db5,ce0fa4b0c92b4bf0abdd19fdf9406b608111fe0853ef7bcf8aac65282291d2d2,,False
Brain Cancer MRI Dataset/Brain Cancer MRI Dataset/Pituitary Macroadenoma/297.jpg,pituitary,224,224,3,uint8,41116de2c5881c2af22399245df8f69eaef3e2fcd03f288f17298ef254fa6add,08a301da37064cee1795b0f0ab5ebe83bd92ff4781be7a07cb6eec04c1df99bd,,False
Brain Cancer MRI Dataset/Brain Cancer MRI Dataset/Pituitary Macroadenoma/298.jpg,pituitary,224,224,3,uint8,429b17c127388ffb5cd0ce9caff050e6f77b72d30a5d1322655733fd283afea7,985044b298106dacfebc2a2b1dc1803566aebd5b8e01552eee0dc9a6571a083b,,False
Brain Cancer MRI Dataset/Brain Cancer MRI Dataset/Pituitary Macroadenoma/299.jpg,pituitary,224,224,3,uint8,b8eb3e863058f4576030dd076492629b9b2f2a30d3412b0e0dd5a3820fd2ecb2,ae2377fb0d3c81a55eab3fbc355addb82a01735af209f48c81d6e814311d2dd5,,False
Brain Cancer MRI Dataset/Brain Cancer MRI Dataset/Pituitary Macroadenoma/3.jpg,pituitary,224,224,3,uint8,9dc4ab4e0baae5819bd0d29038ea827bdfccd42eb4b34771b773b3facbcd049a,7528fab9611897b22eb2dd6dd9ab794448f5a0c520b8f2f005e030538d46bbda,,False
Brain Cancer MRI Dataset/Brain Cancer MRI Dataset/Pituitary Macroadenoma/30.jpg,pituitary,224,224,3,uint8,dee5b34eae38c067a02ae86c130ea84d8a34ad912972d9165ae7286ca60264c7,a5e69ecb5c5cc55a1397de69d3b2858ddc8f7461fc605845fe7cf1063d0cfd0b,,False
Brain Cancer MRI Dataset/Brain Cancer MRI Dataset/Pituitary Macroadenoma/300.jpg,pituitary,224,224,3,uint8,43f0e8509972b5dc21a9e90f7b2abb66647955459c455e206d1b903cb9cf0897,0ec6429c5ca8e69566ed076051d9f435d48105a96ebe493024b424cb2de3b5c7,,False
Brain Cancer MRI Dataset/Brain Cancer MRI Dataset/Pituitary Macroadenoma/31.jpg,pituitary,224,224,3,uint8,33e5560781048e1731db6d72f2c4926ab1366f914e7cd3cbaf27f6a7aeef2a60,45be9953b683a268fba927e32f4fc8f5aab5b711f9ab46f342e4c17739b7509c,,False
Brain Cancer MRI Dataset/Brain Cancer MRI Dataset/Pituitary Macroadenoma/32.jpg,pituitary,224,224,3,uint8,a38fcd92e46f4697d25244bff99b6e7ed5f12b44fb473c10bbe618b34254511c,2b448aea4eb950be5cb003653110e95e13883b27a9b75c1139b14c0cddb2c08c,,False
Brain Cancer MRI Dataset/Brain Cancer MRI Dataset/Pituitary Macroadenoma/33.jpg,pituitary,224,224,3,uint8,ffa1b85c87914e88a0c721dcb65283c59840802ba185b08bbe249ccae92d0fb0,502d2be482b050311b5921df3c85d58bc213be24593a5ca6a63e7befbb4ec90c,,False
Brain Cancer MRI Dataset/Brain Cancer MRI Dataset/Pituitary Macroadenoma/34.jpg,pituitary,224,224,3,uint8,dcab9c541c31835d51798c4edc47e6e80fd7ad52aecfe77e647c32443b312f3b,cbbdaae1777bc209e410caef82f88eb406a057a009bb91aa4037299daa2a700b,,False
Brain Cancer MRI Dataset/Brain Cancer MRI Dataset/Pituitary Macroadenoma/35.jpg,pituitary,224,224,3,uint8,af95db3a670947b444ef33cb7f9bf85e4c61ab3da713a98d2aa62fed95b27c33,deb6489ebb9a86936309713cef20c435aa06d42f07be21726facf9b33f55874f,,False
Brain Cancer MRI Dataset/Brain Cancer MRI Dataset/Pituitary Macroadenoma/36.jpg,pituitary,224,224,3,uint8,1af89ad9e66a57eba88309e3266a472d1c0a282065c1cf0812a19bb1a65112ee,33e7bcb3a3efeafe33ce4be593d6c4c6a998e05e0c4d4403d09f2924d8aff0a8,,False
Brain Cancer MRI Dataset/Brain Cancer MRI Dataset/Pituitary Macroadenoma/37.jpg,pituitary,224,224,3,uint8,3485ea5bab91bfc81a6260590d95230c6a40a4a95112561874c2f066e2b13182,8ea3294a785ee4d9fa09898894230cdf88c1faba3915e2858096c3da35495d65,,False
Brain Cancer MRI Dataset/Brain Cancer MRI Dataset/Pituitary Macroadenoma/38.jpg,pituitary,224,224,3,uint8,9b11978427ed96f59fd33ee96343778c1f911bbb383b3a4628262e5f736124f3,6b104fb87842d480e13ce2997fce0e3c398559d0156f6bd00eed82915c4e00b5,,False
Brain Cancer MRI Dataset/Brain Cancer MRI Dataset/Pituitary Macroadenoma/39.jpg,pituitary,224,224,3,uint8,88ac1e843c1591890a7ccb82b59d192f2b43140b5c84094f69205f46c2418bdf,c8319c95f842ce37f79a3fc9c324ce77d9e7dfda103a1eb7b898386e48776472,,False
Brain Cancer MRI Dataset/Brain Cancer MRI Dataset/Pituitary Macroadenoma/4.jpg,pituitary,224,224,3,uint8,1bca86990d20a1a1739da1a2a5ba1b49be25b1e7f535a8012e06536abb6ed7f6,7794cc5dfe6140dbabc210540e8304b165e38b513a17184e5e32db0de90792d2,,False
Brain Cancer MRI Dataset/Brain Cancer MRI Dataset/Pituitary Macroadenoma/40.jpg,pituitary,224,224,3,uint8,4351b4f6d22619c9e84b7c1e801c2d0094984d6cd22328c8343800bc9d28fed9,2b203e0247d3a5a447c285d805527c3dea6bf7deaf3cbb3cf2791c7f94fc234c,,False
Brain Cancer MRI Dataset/Brain Cancer MRI Dataset/Pituitary Macroadenoma/41.jpg,pituitary,224,224,3,uint8,071cdfcb6af9d746d9544737eeb9846df3353887fcd2cebc8854c9856955a35f,ea8c84a52ed247a1b882af5424ad3cf5a57ae3c390fc403f69b90d2282d318a1,,False
Brain Cancer MRI Dataset/Brain Cancer MRI Dataset/Pituitary Macroadenoma/42.jpg,pituitary,224,224,3,uint8,784b9e37eb6b57a072f5e96e4551f9c458856bbefe8df73b33488afa24d47bbe,d2015a5ef1e8bb7b5bf2fcafb3e8123412e4265f83cf88ee43fb381993ba4c76,,False
Brain Cancer MRI Dataset/Brain Cancer MRI Dataset/Pituitary Macroadenoma/43.jpg,pituitary,224,224,3,uint8,a066852c9e0cdd46ce355b84b3dc7bb16134cdf32f86c3943e04fbcd536e3434,be53a5413c02a5eefaba51fe8a76a58d5e8c62ab7cc2b1958e04511fd9c63903,,False
Brain Cancer MRI Dataset/Brain Cancer MRI Dataset/Pituitary Macroadenoma/44.jpg,pituitary,224,224,3,uint8,c99d6f41cea879b5db3d4d2fc2171266ea1881bd8031703a1a465da693c2f703,0a3ed41de3d60c7c1b95afc2def1036c9270460bd22d460e611fe382c04a405f,,False
Brain Cancer MRI Dataset/Brain Cancer MRI Dataset/Pituitary Macroadenoma/45.jpg,pituitary,224,224,3,uint8,26caef5f701f70eca4b554eb4864a9d7b1814e61b0be9b26b14fdc8a8273429b,6e238a596ef4c85adb2007cf452c2e0a04e6593cd32f1171f8873cb338087f3f,,False
Brain Cancer MRI Dataset/Brain Cancer MRI Dataset/Pituitary Macroadenoma/46.jpg,pituitary,224,224,3,uint8,1de3fb7a374ff7f965cf6cf7e2083b4597e9ddb18ee04d10030820ae466db200,12214c72a7b9b8a85cc4e9d79189beb9c96248c57f64eb87ae09b78508f1f267,,False
Brain Cancer MRI Dataset/Brain Cancer MRI Dataset/Pituitary Macroadenoma/47.jpg,pituitary,224,224,3,uint8,1bccd4651600941c64f7ff40668128d0fe547c60062b05eb0f2a049ccae779fd,7f5fec2cdbda703de372a33c61e2a9fbe7a8537371b09fcd77604d71cdf2d475,,False
Brain Cancer MRI Dataset/Brain Cancer MRI Dataset/Pituitary Macroadenoma/48.jpg,pituitary,224,224,3,uint8,c25ae287e9b832c09098d0dc3857e21063c5d2f26e8e2bb66824378f2d909306,add13785aafd9f3c9888b995c538d2fc5c67d09a72b926c2b04251d78546488d,,False
Brain Cancer MRI Dataset/Brain Cancer MRI Dataset/Pituitary Macroadenoma/49.jpg,pituitary,224,224,3,uint8,454df510b41403b95aae0850176a5d8f74481a0a35c20fb02e6ef04349d5f892,cad438aad1a5d85984fbc530bd96b16017587bb91cc5a44dfd98cd4999905c90,,False
Brain Cancer MRI Dataset/Brain Cancer MRI Dataset/Pituitary Macroadenoma/50.jpg,pituitary,224,224,3,uint8,0574d4c93894752174edd9428f4416d480dc20e53b8f7c41d2783422d8b271a8,0190d27f15889b816401743e30ef142217906742e00455acfa5368f94ba760dd,,False
Brain Cancer MRI Dataset/Brain Cancer MRI Dataset/Pituitary Macroadenoma/51.jpg,pituitary,224,224,3,uint8,d197df817f6ed3e193bfdf4dd0b8bfbd52f78915cec982d4ef57af5d8a556db8,65c0a8e87044807c035b221778f4ffd6ed62068906f8994acc7e073e9daccd2f,,False
Brain Cancer MRI Dataset/Brain Cancer MRI Dataset/Pituitary Macroadenoma/52.jpg,pituitary,224,224,3,uint8,97c81478dab592179f9eb026cdc8a1587aad7e4bc5d6ccf484e51cf2ad9d0d58,b9b39ca3b31e2eab837ae88317fcb1cc94efa392278b76c7cb892e61f0face9f,,False
Brain Cancer MRI Dataset/Brain Cancer MRI Dataset/Pituitary Macroadenoma/53.jpg,pituitary,224,224,3,uint8,dd21ed3a13985f4acd2079ae03e0a97382c59c60d1c2c42b5abae522c19b8519,4b98eb57781ee0e971dbdd289979a09a71a71a206b3e9e975f2a93b443f8e6c1,,False
Brain Cancer MRI Dataset/Brain Cancer MRI Dataset/Pituitary Macroadenoma/54.jpg,pituitary,224,224,3,uint8,3acefc0f55c7487922053dc95dea48f85b79b4502e823b6c745db68f135b0e1d,af1229ae812247c1da105cbaa2b50353d5f121ccb1e39b7fbca07cc1fa824f68,,False
Brain Cancer MRI Dataset/Brain Cancer MRI Dataset/Pituitary Macroadenoma/55.jpg,pituitary,224,224,3,uint8,6e3d04683c478ab7317613de68eeba14752018a952a80edc9ded16af9c4f3309,6522f04eff5e246d7ef25877e3b463bf735387a3880ea0670193e6fa9b65b751,,False
Brain Cancer MRI Dataset/Brain Cancer MRI Dataset/Pituitary Macroadenoma/56.jpg,pituitary,224,224,3,uint8,3eded1bb621d2d73f35947c9008d3b02deec4e92aad221183930e4415ac9b0a9,67f8bacb05f896f220b8c5f55f4b6821ec7f06a859add6853753f7555670b6d4,,False
Brain Cancer MRI Dataset/Brain Cancer MRI Dataset/Pituitary Macroadenoma/57.jpg,pituitary,224,224,3,uint8,4f4ba0648825a7b6cb13fed7682e39e42b87fe43b105314b8b3c645a1dffc5c7,c9fd6766ec6a98ecca4b82ca7608275c9cbd6f393e665da7b147cf85d533c203,,False
Brain Cancer MRI Dataset/Brain Cancer MRI Dataset/Pituitary Macroadenoma/58.jpg,pituitary,224,224,3,uint8,631a47acd41d5aecbc16e1d28731410a6bbabae91594e267442ff206bc6b11c4,6fab693a8e153b26da1e6b0647d867e3ae359469438e6101e2fe16123f70a486,,False
Brain Cancer MRI Dataset/Brain Cancer MRI Dataset/Pituitary Macroadenoma/59.jpg,pituitary,224,224,3,uint8,b237877eaf37ea6cbd385d9c29f60ddee6d445ab206e3afe42d76552762dee3f,67b91620286cfcbeaa35ad1e8c6b4ac1f720690d0c49affbaa4438d287c1ef0c,,False
Brain Cancer MRI Dataset/Brain Cancer MRI Dataset/Pituitary Macroadenoma/6.jpg,pituitary,224,224,3,uint8,72677a3d85f2b75cedf39e5b1d6c7ba20c426170d270c14c98cc8d93bd3732f1,9c9de99ad7208aeee80994b47449df9c6828e92946aae239304166c60a5266c9,,False
Brain Cancer MRI Dataset/Brain Cancer MRI Dataset/Pituitary Macroadenoma/60.jpg,pituitary,224,224,3,uint8,664f0e74d90d6bb180772d3b43406d1b4d8cd92dfd2ca0fdc2c5ccf4ecfc9325,68d8252ce0e91bcf23839498ddc28c0ed45d69f564d671e9c79e80033deecc17,,False
Brain Cancer MRI Dataset/Brain Cancer MRI Dataset/Pituitary Macroadenoma/61.jpg,pituitary,224,224,3,uint8,ce2d48ba4397c7eb58260fd034d9f6902ba722994b64454630f6ebd5c0542b58,7e5d2ae9e7ae07a7d16d13439c1021859ce888eff2a4b4d42fd70d3fe0f8c07c,,False
Brain Cancer MRI Dataset/Brain Cancer MRI Dataset/Pituitary Macroadenoma/62.jpg,pituitary,224,224,3,uint8,173e34521e71218f60f186710895adcb14b71662da6d589ba3e98c1443ded1fc,78c298ab91676afbff790f648fd23657eb7852a533b9f2d70839d4c7d88bf35d,,False
Brain Cancer MRI Dataset/Brain Cancer MRI Dataset/Pituitary Macroadenoma/63.jpg,pituitary,224,224,3,uint8,60f4c86b11b65452c78f9c4fd929007a8a94888fd12f8eb029e0ab8e81ce2748,48be2e54a7abbe049643b2b055c5a6e6a2e100b83f5fdc32829b19298f5f6cca,,False
Brain Cancer MRI Dataset/Brain Cancer MRI Dataset/Pituitary Macroadenoma/64.jpg,pituitary,224,224,3,uint8,91696cb59b04af1c845bf27c6304e7b8a526ab812a0cac53d34dc4fe8837d426,91a00fd5674b944b6f1d9c81d0b58797f22296704418ca3f989cba805b406342,,False
Brain Cancer MRI Dataset/Brain Cancer MRI Dataset/Pituitary Macroadenoma/65.jpg,pituitary,224,224,3,uint8,266a2b3092fe44be25b695b8664c9f0a5cd3ae922e7e3e3040b7bfe027536606,3484687feece25c8126bbd53d3f71901afbcb4368432ede8c1dbe096a7d71d71,,False
Brain Cancer MRI Dataset/Brain Cancer MRI Dataset/Pituitary Macroadenoma/66.jpg,pituitary,224,224,3,uint8,7992a163ebea30d9191eccb355d1ed8e28064f5bd72ea08766defec482ae5cf8,5079ec3c139d8682c3f1bf7cab2101c9edb8eced3dfc496e82a85df2862ddc16,,False
Brain Cancer MRI Dataset/Brain Cancer MRI Dataset/Pituitary Macroadenoma/67.jpg,pituitary,224,224,3,uint8,7fc5f85959fc9ed70bb6c0a1d447e619fab330be8e1d9a5ca6e7b549fd56252f,d1e7b3e1749d07d1ec1184ed31e3aeffa07846b3ba8253ec16cfc6f6e86e057f,,False
Brain Cancer MRI Dataset/Brain Cancer MRI Dataset/Pituitary Macroadenoma/69.jpg,pituitary,224,224,3,uint8,f95d637e8435888ae8847fd3225c43096db6ec17c24b68b4cbf2bbb72c1d4c6f,46c7a46983617ed734a0927657650d087648befeef96f5a1dac6e582017609a7,,False
Brain Cancer MRI Dataset/Brain Cancer MRI Dataset/Pituitary Macroadenoma/7.jpg,pituitary,224,224,3,uint8,99d2537a3a47fe77264fda2da3010090c0cda3e68e6f33c68a77895578c3253d,1389c00eeedd8993e5383c39ed1a8bd34269131fc634c7af861037d02b28b0cb,,False
Brain Cancer MRI Dataset/Brain Cancer MRI Dataset/Pituitary Macroadenoma/70.jpg,pituitary,224,224,3,uint8,325dce9ad9cfc0c69e0ed6b83bcdaaa6a1918680e345c6d4e2427c9ea07a3774,54fbf33c4dfdc77c1e3ecb685d0a601473985183473dc7f7c228c45819e97a0f,,False
Brain Cancer MRI Dataset/Brain Cancer MRI Dataset/Pituitary Macroadenoma/71.jpg,pituitary,224,224,3,uint8,e012341879d87189853398138b30e3b5d85d3c8456435ffb9a045dca7f1edf7e,93065290f736eefbcf414754f669ce8b1424d9922e796daaea638f2d5e3139f7,,False
Brain Cancer MRI Dataset/Brain Cancer MRI Dataset/Pituitary Macroadenoma/72.jpg,pituitary,224,224,3,uint8,ffa9a68fbe65ef2d3e767aa76c2cb6eec7d00b924094f3cbf547a7d492a6aa75,883da533036ca3c68203360517385044664105a24d2b32e791fe262605aa59a1,,False
Brain Cancer MRI Dataset/Brain Cancer MRI Dataset/Pituitary Macroadenoma/73.jpg,pituitary,224,224,3,uint8,83adcec2fa32ec0b1561dfc5b2937f14f5ab8d746f97736147722995edb8e086,da04bb5e5b31beebb620e75a0c75e4788caa8c66de35cb6e9d11504f7e4dd007,,False
Brain Cancer MRI Dataset/Brain Cancer MRI Dataset/Pituitary Macroadenoma/74.jpg,pituitary,224,224,3,uint8,c517f310522a2330dbac4937e7982497cbe9a3a89b858323e0c61bbb722c94e7,ad616b99a1715b3fa46933ce5dbc55fdd375438a18ccd3c5f02c4242f8272fd1,,False
Brain Cancer MRI Dataset/Brain Cancer MRI Dataset/Pituitary Macroadenoma/75.jpg,pituitary,224,224,3,uint8,db0f8aa4037bf2f30492c3e09995da33885c96008954c9dae20dced781d53e4c,63686c886488002874f4597fb77b6b6392f0044613e554a16e15269c07f201df,,False
Brain Cancer MRI Dataset/Brain Cancer MRI Dataset/Pituitary Macroadenoma/76.jpg,pituitary,224,224,3,uint8,deecb95ae567421cc2440b2f6bc48806a2c47153b532856abb7a6c48425fe61b,7fd2ad64c071591569d87c2ea1c5878364609ab009840096294597f0f78832ad,,False
Brain Cancer MRI Dataset/Brain Cancer MRI Dataset/Pituitary Macroadenoma/77.jpg,pituitary,224,224,3,uint8,66acb8d75e21ac18df0ce48d037c8250227bfccd074bef59dabcf397926676a1,a3a8a864868e70d690f268515a94e29197ae0ce103cd7b08f718b32059161b78,,False
Brain Cancer MRI Dataset/Brain Cancer MRI Dataset/Pituitary Macroadenoma/78.jpg,pituitary,224,224,3,uint8,31faaaeffceab1107e9c05d47a8a3abfe5cf24b499c67de81bd3eb540af8648f,cd63b30d519ac7a623c623f829a08e8ffc1d47ccc72041a47d3dd14c6f0c8bd4,,False
Brain Cancer MRI Dataset/Brain Cancer MRI Dataset/Pituitary Macroadenoma/79.jpg,pituitary,224,224,3,uint8,656bd82890f4eae5a98e846de02b543977d955380dd9a42c8a5ab430ec3c6b7d,c0c8c328aadb240eacfbe6aa41b9f4f083f5c9beeb09a33c3a2d37f0f14719bb,,False
Brain Cancer MRI Dataset/Brain Cancer MRI Dataset/Pituitary Macroadenoma/8.jpg,pituitary,224,224,3,uint8,087cc9f1f66f1ab9a23c751c13c10b4cb4ab6c06148527ba88e875631541129a,953a03988205728ae88163eac94f3d51978f59be52f27e9b48e0e78d0388035f,,False
Brain Cancer MRI Dataset/Brain Cancer MRI Dataset/Pituitary Macroadenoma/80.jpg,pituitary,224,224,3,uint8,e74379234ef6ef6ce9e5907a265692d5b138ad814cce9ec6b3e1ac8ae04df603,f52c00126720d580b8b7161033f21aac2cadb7330ecff16a4d2ca9739f1f4c99,,False
Brain Cancer MRI Dataset/Brain Cancer MRI Dataset/Pituitary Macroadenoma/81.jpg,pituitary,224,224,3,uint8,9a6428ca7daf699091735caede00219ac0db3db64157b518bfe6633631c13230,8998bc99dc8f42739c5fa099d386a00ccc6a4c01b00c50b43e0c12443821fe6f,,False
Brain Cancer MRI Dataset/Brain Cancer MRI Dataset/Pituitary Macroadenoma/82.jpg,pituitary,224,224,3,uint8,ce0efb17fbd8a401d17980fdf3d0e9c8194409397314b2b54f90bd390f1c17bd,37ce11797d8b12b9eb3a4ada46f9e5873fd71be6597ea8689d4822acfc21edcc,,False
Brain Cancer MRI Dataset/Brain Cancer MRI Dataset/Pituitary Macroadenoma/83.jpg,pituitary,224,224,3,uint8,ab99bf2ce42206292a2906f36d8c3795ba48aafa273de170f13f1df50d77afb2,004eaa1b3911287a3668007cfbfcfa4db213d8bbbb219bf374ab2ceeca2f87de,,False
Brain Cancer MRI Dataset/Brain Cancer MRI Dataset/Pituitary Macroadenoma/84.jpg,pituitary,224,224,3,uint8,65a8715dd90da93eb0b1209e9ddc1d5f2903649e7a6e2f7bdd2fc1deaff411c7,f4bac404580f440f2770c75baee7ae72be33aa496f4b1fe73ed54c4a295a18bf,,False
Brain Cancer MRI Dataset/Brain Cancer MRI Dataset/Pituitary Macroadenoma/85.jpg,pituitary,224,224,3,uint8,cb33d74f6165632b1eebe440ad6723607b9e5cfcd7d35aa6ab9d50aabb509586,c400e11692f197096efa355f4c39b37ffda147a380e15ec6d1494084026cc1f7,,False
Brain Cancer MRI Dataset/Brain Cancer MRI Dataset/Pituitary Macroadenoma/86.jpg,pituitary,224,224,3,uint8,f77a2f61b5c0c025ce0e7dd0b9e5c003d80403bbfeb4e4d26c675bb6a0cf860c,ffffc0d3975950e97490fc32a3f04e84d31ced6378957c088007178d449dc594,,False
Brain Cancer MRI Dataset/Brain Cancer MRI Dataset/Pituitary Macroadenoma/88.jpg,pituitary,224,224,3,uint8,ec6e446cc4dd2003451cf74ce27a6181b13759f74315ffcccb5d561b63f59b43,b722226b911055d6951855938c723e35bc24d3b2c9faa8836426f27618ef8b89,,False
Brain Cancer MRI Dataset/Brain Cancer MRI Dataset/Pituitary Macroadenoma/89.jpg,pituitary,224,224,3,uint8,b973722637f59a93e9258a7df14f3a4c1d72455c9f0056418395bbb919b790aa,b80c9010814206cbd1011740754de9dd5f9adb98f8770d3cb96ae7265c86bdf4,,False
Brain Cancer MRI Dataset/Brain Cancer MRI Dataset/Pituitary Macroadenoma/9.jpg,pituitary,224,224,3,uint8,aa6585751082b9cf15d0cfd8ad99bd192544dffaf2e6dcbf316b9ef89de624ef,049d43afe0a8a665011598edee26f3e0909205be2ad2af5e7fe3fce9665586f5,,False
Brain Cancer MRI Dataset/Brain Cancer MRI Dataset/Pituitary Macroadenoma/90.jpg,pituitary,224,224,3,uint8,c2a278dd2cf54318b507d4fa011a310025349a96a933df0dba5ade5d4ebe055e,91f43c0348647cec5b402f5732f48200fcd0dd368946bd419cb0cd4718295bb6,,False
Brain Cancer MRI Dataset/Brain Cancer MRI Dataset/Pituitary Macroadenoma/91.jpg,pituitary,224,224,3,uint8,a1b7feb134b88227018301261f88b82713eb810f50a4813a8e3dcaebdfe74de1,96cf334715bef1f6c79ed456003681dc47d636966bc3396df4ba4017bd6070be,,False
Brain Cancer MRI Dataset/Brain Cancer MRI Dataset/Pituitary Macroadenoma/92.jpg,pituitary,224,224,3,uint8,1982cbd960a4693dc19656d5fc018426c3782a8204a005dcfa5f8036d2f99186,bc4e6062b556ec35d941b2a9ffcfe884e9415419082f13fc5f4ca3ad057466da,,False
Brain Cancer MRI Dataset/Brain Cancer MRI Dataset/Pituitary Macroadenoma/93.jpg,pituitary,224,224,3,uint8,b01b46ca53b011548941fbb008df10559cfe4af79bdbe4e879f12c857a30a96c,adfb62b91e94daa7c9227765b45de492069b515584a75cf5f0d503880013f92c,,False
Brain Cancer MRI Dataset/Brain Cancer MRI Dataset/Pituitary Macroadenoma/94.jpg,pituitary,224,224,3,uint8,a644cd6006a0e04d64a0a26e920d695eda9a1e7ff7ff2021caed049cfa9e7c88,fafdeec16c483167696d9c9b5aa890b02d52e077a5528b728ac0140cfc95b670,,False
Brain Cancer MRI Dataset/Brain Cancer MRI Dataset/Pituitary Macroadenoma/95.jpg,pituitary,224,224,3,uint8,f88ddcec4a49c9127a5e3b37747f51182496267968a81c23c1d97ee57cd50aeb,5b1e0004aa29f1e6715be44db5a64f6270cb4f3d04c7929ee6e5fe3e35b8fa2d,,False
Brain Cancer MRI Dataset/Brain Cancer MRI Dataset/Pituitary Macroadenoma/96.jpg,pituitary,224,224,3,uint8,39096e040ae7d542f3d77cc71eb506c66e39a13f08f70f04d8b25b27516e619e,6926a6af63102810b01a5a9eff8457bef69dd966dab1463349e32cd4f91bb32b,,False
Brain Cancer MRI Dataset/Brain Cancer MRI Dataset/Pituitary Macroadenoma/97.jpg,pituitary,224,224,3,uint8,b86cbec8343f61166280e2502a1e4284637bfad59be58b91f1dd68656b072a72,91a779c3902312110efe0c342ccf5b6ce0c7469d87e5894eea3bdfd37c4bb78e,,False
Brain Cancer MRI Dataset/Brain Cancer MRI Dataset/Pituitary Macroadenoma/98.jpg,pituitary,224,224,3,uint8,ca682b7f1a0f5504681cb1579b94d8bf4b6bb2d2a9dd510a405169222fa33697,057ba20050d53c4f616d48653ef2a2cf0ff3ca29c65fa2fe0fc86ad177c39ca2,,False
Brain Cancer MRI Dataset/Brain Cancer MRI Dataset/Pituitary Macroadenoma/99.jpg,pituitary,224,224,3,uint8,b49a8f86cd33869dd6c5a6d2bfbb6b687794abbe71371b10335471e25cc59f14,72ac037d7871d1c0c603911d595c351d5ea2dc53b680ffc12de859319ce9864d,,False
